ActivityStartDate,CharacteristicName,ResultMeasureValue,ResultMeasure/MeasureUnitCode,ResultDepthHeightMeasure/MeasureUnitCode,MonitoringLocationIdentifier,_name,_dist_km,ResultDetectionConditionText,ResultStatusIdentifier,ResultCommentText,source
2019-02-01,Turbidity,3.7,NTRU,,USGS-05331580,"MISSISSIPPI RIVER BELOW L&D 2 AT HASTINGS, MN",3.6232393983022417,,Accepted,,original
2019-02-01,Nitrogen,0.047,mg/l,,USGS-05331580,"MISSISSIPPI RIVER BELOW L&D 2 AT HASTINGS, MN",3.6232393983022417,,Accepted,,original
2019-02-01,Phosphorus,0.04,mg/l as P,,USGS-05331580,"MISSISSIPPI RIVER BELOW L&D 2 AT HASTINGS, MN",3.6232393983022417,,Accepted,,original
2019-02-01,Phosphorus,0.04,mg/l as P,,USGS-05331580,"MISSISSIPPI RIVER BELOW L&D 2 AT HASTINGS, MN",3.6232393983022417,,Accepted,,original
2019-02-11,Turbidity,3.2,NTRU,,USGS-05331580,"MISSISSIPPI RIVER BELOW L&D 2 AT HASTINGS, MN",3.6232393983022417,,Accepted,,original
2019-02-11,Nitrogen,,,,USGS-05331580,"MISSISSIPPI RIVER BELOW L&D 2 AT HASTINGS, MN",3.6232393983022417,Not Detected,Accepted,,original
2019-02-11,Phosphorus,0.04,mg/l as P,,USGS-05331580,"MISSISSIPPI RIVER BELOW L&D 2 AT HASTINGS, MN",3.6232393983022417,,Accepted,,original
2019-02-11,Phosphorus,0.06,mg/l as P,,USGS-05331580,"MISSISSIPPI RIVER BELOW L&D 2 AT HASTINGS, MN",3.6232393983022417,,Accepted,,original
2019-03-20,Phosphorus,0.19,mg/l as P,,USGS-05331580,"MISSISSIPPI RIVER BELOW L&D 2 AT HASTINGS, MN",3.6232393983022417,,Accepted,,original
2019-03-20,Turbidity,33.0,NTRU,,USGS-05331580,"MISSISSIPPI RIVER BELOW L&D 2 AT HASTINGS, MN",3.6232393983022417,,Accepted,,original
2019-03-20,Phosphorus,0.26,mg/l as P,,USGS-05331580,"MISSISSIPPI RIVER BELOW L&D 2 AT HASTINGS, MN",3.6232393983022417,,Accepted,,original
2019-03-20,Nitrogen,0.273,mg/l,,USGS-05331580,"MISSISSIPPI RIVER BELOW L&D 2 AT HASTINGS, MN",3.6232393983022417,,Accepted,,original
2019-04-16,Turbidity,24.0,NTRU,,USGS-05331580,"MISSISSIPPI RIVER BELOW L&D 2 AT HASTINGS, MN",3.6232393983022417,,Accepted,,original
2019-04-16,Phosphorus,0.14,mg/l as P,,USGS-05331580,"MISSISSIPPI RIVER BELOW L&D 2 AT HASTINGS, MN",3.6232393983022417,,Accepted,,original
2019-04-16,Nitrogen,0.26,mg/l,,USGS-05331580,"MISSISSIPPI RIVER BELOW L&D 2 AT HASTINGS, MN",3.6232393983022417,,Accepted,,original
2019-04-16,Phosphorus,0.24,mg/l as P,,USGS-05331580,"MISSISSIPPI RIVER BELOW L&D 2 AT HASTINGS, MN",3.6232393983022417,,Accepted,,original
2019-04-24,Phosphorus,0.21,mg/l as P,,USGS-05331580,"MISSISSIPPI RIVER BELOW L&D 2 AT HASTINGS, MN",3.6232393983022417,,Accepted,,original
2019-04-24,Phosphorus,0.11,mg/l as P,,USGS-05331580,"MISSISSIPPI RIVER BELOW L&D 2 AT HASTINGS, MN",3.6232393983022417,,Accepted,,original
2019-04-24,Nitrogen,0.268,mg/l,,USGS-05331580,"MISSISSIPPI RIVER BELOW L&D 2 AT HASTINGS, MN",3.6232393983022417,,Accepted,,original
2019-04-24,Turbidity,56.0,NTRU,,USGS-05331580,"MISSISSIPPI RIVER BELOW L&D 2 AT HASTINGS, MN",3.6232393983022417,,Accepted,,original
2019-05-20,Turbidity,17.0,NTRU,,USGS-05331580,"MISSISSIPPI RIVER BELOW L&D 2 AT HASTINGS, MN",3.6232393983022417,,Accepted,,original
2019-05-20,Nitrogen,0.312,mg/l,,USGS-05331580,"MISSISSIPPI RIVER BELOW L&D 2 AT HASTINGS, MN",3.6232393983022417,,Accepted,,original
2019-05-20,Phosphorus,,,,USGS-05331580,"MISSISSIPPI RIVER BELOW L&D 2 AT HASTINGS, MN",3.6232393983022417,Not Detected,Accepted,,original
2019-05-20,Phosphorus,0.09,mg/l as P,,USGS-05331580,"MISSISSIPPI RIVER BELOW L&D 2 AT HASTINGS, MN",3.6232393983022417,,Accepted,,original
2019-05-29,Turbidity,12.0,NTRU,,USGS-05331580,"MISSISSIPPI RIVER BELOW L&D 2 AT HASTINGS, MN",3.6232393983022417,,Accepted,,original
2019-05-29,Phosphorus,0.1,mg/l as P,,USGS-05331580,"MISSISSIPPI RIVER BELOW L&D 2 AT HASTINGS, MN",3.6232393983022417,,Accepted,,original
2019-05-29,Phosphorus,0.03,mg/l as P,,USGS-05331580,"MISSISSIPPI RIVER BELOW L&D 2 AT HASTINGS, MN",3.6232393983022417,,Accepted,,original
2019-05-29,Nitrogen,0.159,mg/l,,USGS-05331580,"MISSISSIPPI RIVER BELOW L&D 2 AT HASTINGS, MN",3.6232393983022417,,Accepted,,original
2019-06-18,Chlorophyll a,20.2,ug/l,,USGS-05331580,"MISSISSIPPI RIVER BELOW L&D 2 AT HASTINGS, MN",3.6232393983022417,,Accepted,,original
2019-06-18,Turbidity,22.0,NTRU,,USGS-05331580,"MISSISSIPPI RIVER BELOW L&D 2 AT HASTINGS, MN",3.6232393983022417,,Accepted,The holding time for the processing of this sample has been exceeded,original
2019-06-18,Nitrogen,0.193,mg/l,,USGS-05331580,"MISSISSIPPI RIVER BELOW L&D 2 AT HASTINGS, MN",3.6232393983022417,,Accepted,,original
2019-06-18,Phosphorus,0.07,mg/l as P,,USGS-05331580,"MISSISSIPPI RIVER BELOW L&D 2 AT HASTINGS, MN",3.6232393983022417,,Accepted,,original
2019-06-18,Phosphorus,0.12,mg/l as P,,USGS-05331580,"MISSISSIPPI RIVER BELOW L&D 2 AT HASTINGS, MN",3.6232393983022417,,Accepted,,original
2019-06-25,Nitrogen,0.265,mg/l,,USGS-05331580,"MISSISSIPPI RIVER BELOW L&D 2 AT HASTINGS, MN",3.6232393983022417,,Accepted,,original
2019-06-25,Phosphorus,0.16,mg/l as P,,USGS-05331580,"MISSISSIPPI RIVER BELOW L&D 2 AT HASTINGS, MN",3.6232393983022417,,Accepted,,original
2019-06-25,Turbidity,34.0,NTRU,,USGS-05331580,"MISSISSIPPI RIVER BELOW L&D 2 AT HASTINGS, MN",3.6232393983022417,,Accepted,The holding time for the processing of this sample has been exceeded,original
2019-06-25,Chlorophyll a,13.2,ug/l,,USGS-05331580,"MISSISSIPPI RIVER BELOW L&D 2 AT HASTINGS, MN",3.6232393983022417,,Accepted,,original
2019-06-25,Phosphorus,0.09,mg/l as P,,USGS-05331580,"MISSISSIPPI RIVER BELOW L&D 2 AT HASTINGS, MN",3.6232393983022417,,Accepted,,original
2019-07-17,Phosphorus,0.19,mg/l as P,,USGS-05331580,"MISSISSIPPI RIVER BELOW L&D 2 AT HASTINGS, MN",3.6232393983022417,,Accepted,,original
2019-07-17,Phosphorus,0.11,mg/l as P,,USGS-05331580,"MISSISSIPPI RIVER BELOW L&D 2 AT HASTINGS, MN",3.6232393983022417,,Accepted,,original
2019-07-17,Nitrogen,0.356,mg/l,,USGS-05331580,"MISSISSIPPI RIVER BELOW L&D 2 AT HASTINGS, MN",3.6232393983022417,,Accepted,,original
2019-07-17,Turbidity,31.0,NTRU,,USGS-05331580,"MISSISSIPPI RIVER BELOW L&D 2 AT HASTINGS, MN",3.6232393983022417,,Accepted,,original
2019-07-17,Chlorophyll a,16.0,ug/l,,USGS-05331580,"MISSISSIPPI RIVER BELOW L&D 2 AT HASTINGS, MN",3.6232393983022417,,Accepted,,original
2019-07-24,Phosphorus,0.13,mg/l as P,,USGS-05331580,"MISSISSIPPI RIVER BELOW L&D 2 AT HASTINGS, MN",3.6232393983022417,,Accepted,,original
2019-07-24,Nitrogen,0.243,mg/l,,USGS-05331580,"MISSISSIPPI RIVER BELOW L&D 2 AT HASTINGS, MN",3.6232393983022417,,Accepted,,original
2019-07-24,Turbidity,36.0,NTRU,,USGS-05331580,"MISSISSIPPI RIVER BELOW L&D 2 AT HASTINGS, MN",3.6232393983022417,,Accepted,,original
2019-07-24,Phosphorus,0.22,mg/l as P,,USGS-05331580,"MISSISSIPPI RIVER BELOW L&D 2 AT HASTINGS, MN",3.6232393983022417,,Accepted,,original
2019-07-24,Chlorophyll a,12.6,ug/l,,USGS-05331580,"MISSISSIPPI RIVER BELOW L&D 2 AT HASTINGS, MN",3.6232393983022417,,Accepted,,original
2019-08-06,Phosphorus,0.16,mg/l as P,,USGS-05331580,"MISSISSIPPI RIVER BELOW L&D 2 AT HASTINGS, MN",3.6232393983022417,,Accepted,,original
2019-08-06,Phosphorus,0.07,mg/l as P,,USGS-05331580,"MISSISSIPPI RIVER BELOW L&D 2 AT HASTINGS, MN",3.6232393983022417,,Accepted,,original
2019-08-06,Nitrogen,0.327,mg/l,,USGS-05331580,"MISSISSIPPI RIVER BELOW L&D 2 AT HASTINGS, MN",3.6232393983022417,,Accepted,,original
2019-08-06,Turbidity,23.0,NTRU,,USGS-05331580,"MISSISSIPPI RIVER BELOW L&D 2 AT HASTINGS, MN",3.6232393983022417,,Accepted,,original
2019-08-06,Chlorophyll a,5.9,ug/l,,USGS-05331580,"MISSISSIPPI RIVER BELOW L&D 2 AT HASTINGS, MN",3.6232393983022417,,Accepted,,original
2019-10-23,Chlorophyll a,10.3,ug/l,,USGS-05331580,"MISSISSIPPI RIVER BELOW L&D 2 AT HASTINGS, MN",3.6232393983022417,,Accepted,,original
2019-10-23,Turbidity,17.0,NTRU,,USGS-05331580,"MISSISSIPPI RIVER BELOW L&D 2 AT HASTINGS, MN",3.6232393983022417,,Accepted,,original
2019-10-23,Nitrogen,0.19,mg/l,,USGS-05331580,"MISSISSIPPI RIVER BELOW L&D 2 AT HASTINGS, MN",3.6232393983022417,,Accepted,,original
2019-10-23,Phosphorus,0.05,mg/l as P,,USGS-05331580,"MISSISSIPPI RIVER BELOW L&D 2 AT HASTINGS, MN",3.6232393983022417,,Accepted,,original
2019-10-23,Phosphorus,0.09,mg/l as P,,USGS-05331580,"MISSISSIPPI RIVER BELOW L&D 2 AT HASTINGS, MN",3.6232393983022417,,Accepted,,original
2019-11-25,Turbidity,8.4,NTRU,,USGS-05331580,"MISSISSIPPI RIVER BELOW L&D 2 AT HASTINGS, MN",3.6232393983022417,,Accepted,,original
2019-11-25,Nitrogen,0.119,mg/l,,USGS-05331580,"MISSISSIPPI RIVER BELOW L&D 2 AT HASTINGS, MN",3.6232393983022417,,Accepted,,original
2019-11-25,Phosphorus,,,,USGS-05331580,"MISSISSIPPI RIVER BELOW L&D 2 AT HASTINGS, MN",3.6232393983022417,Not Detected,Accepted,,original
2019-11-25,Phosphorus,0.05,mg/l as P,,USGS-05331580,"MISSISSIPPI RIVER BELOW L&D 2 AT HASTINGS, MN",3.6232393983022417,,Accepted,The holding time for the processing of this sample has been exceeded,original
2019-12-05,Phosphorus,0.04,mg/l as P,,USGS-05331580,"MISSISSIPPI RIVER BELOW L&D 2 AT HASTINGS, MN",3.6232393983022417,,Accepted,,original
2019-12-05,Phosphorus,,,,USGS-05331580,"MISSISSIPPI RIVER BELOW L&D 2 AT HASTINGS, MN",3.6232393983022417,Not Detected,Accepted,,original
2019-12-05,Nitrogen,0.09,mg/l,,USGS-05331580,"MISSISSIPPI RIVER BELOW L&D 2 AT HASTINGS, MN",3.6232393983022417,,Accepted,,original
2019-12-05,Turbidity,5.5,NTRU,,USGS-05331580,"MISSISSIPPI RIVER BELOW L&D 2 AT HASTINGS, MN",3.6232393983022417,,Accepted,,original
2020-01-13,Turbidity,3.5,NTRU,,USGS-05331580,"MISSISSIPPI RIVER BELOW L&D 2 AT HASTINGS, MN",3.6232393983022417,,Accepted,,original
2020-01-13,Nitrogen,0.032,mg/l,,USGS-05331580,"MISSISSIPPI RIVER BELOW L&D 2 AT HASTINGS, MN",3.6232393983022417,,Accepted,,original
2020-01-13,Phosphorus,0.04,mg/l as P,,USGS-05331580,"MISSISSIPPI RIVER BELOW L&D 2 AT HASTINGS, MN",3.6232393983022417,,Accepted,,original
2020-01-13,Phosphorus,0.03,mg/l as P,,USGS-05331580,"MISSISSIPPI RIVER BELOW L&D 2 AT HASTINGS, MN",3.6232393983022417,,Accepted,,original
2020-02-21,Phosphorus,0.03,mg/l as P,,USGS-05331580,"MISSISSIPPI RIVER BELOW L&D 2 AT HASTINGS, MN",3.6232393983022417,,Accepted,,original
2020-02-21,Nitrogen,0.041,mg/l,,USGS-05331580,"MISSISSIPPI RIVER BELOW L&D 2 AT HASTINGS, MN",3.6232393983022417,,Accepted,,original
2020-02-21,Turbidity,2.5,NTRU,,USGS-05331580,"MISSISSIPPI RIVER BELOW L&D 2 AT HASTINGS, MN",3.6232393983022417,,Accepted,,original
2020-02-21,Phosphorus,0.04,mg/l as P,,USGS-05331580,"MISSISSIPPI RIVER BELOW L&D 2 AT HASTINGS, MN",3.6232393983022417,,Accepted,,original
2020-03-06,Phosphorus,0.12,mg/l as P,,USGS-05331580,"MISSISSIPPI RIVER BELOW L&D 2 AT HASTINGS, MN",3.6232393983022417,,Accepted,,original
2020-03-06,Phosphorus,0.08,mg/l as P,,USGS-05331580,"MISSISSIPPI RIVER BELOW L&D 2 AT HASTINGS, MN",3.6232393983022417,,Accepted,,original
2020-03-06,Nitrogen,0.103,mg/l,,USGS-05331580,"MISSISSIPPI RIVER BELOW L&D 2 AT HASTINGS, MN",3.6232393983022417,,Accepted,"Sample submitted on 47mm filter,  subsampled filter for analysis, sample volume based on weight ratio.  For questions, contact: labhelp@usgs.gov or: Armin Burdick 303-236-3238 aburdick@usgs.gov",original
2020-03-06,Turbidity,5.6,NTRU,,USGS-05331580,"MISSISSIPPI RIVER BELOW L&D 2 AT HASTINGS, MN",3.6232393983022417,,Accepted,,original
2020-04-23,Phosphorus,0.05,mg/l as P,,USGS-05331580,"MISSISSIPPI RIVER BELOW L&D 2 AT HASTINGS, MN",3.6232393983022417,,Accepted,,original
2020-04-23,Phosphorus,,,,USGS-05331580,"MISSISSIPPI RIVER BELOW L&D 2 AT HASTINGS, MN",3.6232393983022417,Not Detected,Accepted,,original
2020-04-23,Nitrogen,0.207,mg/l,,USGS-05331580,"MISSISSIPPI RIVER BELOW L&D 2 AT HASTINGS, MN",3.6232393983022417,,Accepted,,original
2020-04-23,Turbidity,11.0,NTRU,,USGS-05331580,"MISSISSIPPI RIVER BELOW L&D 2 AT HASTINGS, MN",3.6232393983022417,,Accepted,,original
2020-04-30,Phosphorus,,,,USGS-05331580,"MISSISSIPPI RIVER BELOW L&D 2 AT HASTINGS, MN",3.6232393983022417,Not Detected,Accepted,,original
2020-04-30,Phosphorus,0.06,mg/l as P,,USGS-05331580,"MISSISSIPPI RIVER BELOW L&D 2 AT HASTINGS, MN",3.6232393983022417,,Accepted,,original
2020-04-30,Turbidity,12.0,NTRU,,USGS-05331580,"MISSISSIPPI RIVER BELOW L&D 2 AT HASTINGS, MN",3.6232393983022417,,Accepted,,original
2020-04-30,Nitrogen,0.285,mg/l,,USGS-05331580,"MISSISSIPPI RIVER BELOW L&D 2 AT HASTINGS, MN",3.6232393983022417,,Accepted,,original
2020-05-07,Phosphorus,,,,USGS-05331580,"MISSISSIPPI RIVER BELOW L&D 2 AT HASTINGS, MN",3.6232393983022417,Not Detected,Accepted,,original
2020-05-07,Phosphorus,0.05,mg/l as P,,USGS-05331580,"MISSISSIPPI RIVER BELOW L&D 2 AT HASTINGS, MN",3.6232393983022417,,Accepted,,original
2020-05-07,Nitrogen,0.376,mg/l,,USGS-05331580,"MISSISSIPPI RIVER BELOW L&D 2 AT HASTINGS, MN",3.6232393983022417,,Preliminary,,original
2020-05-07,Turbidity,15.0,NTRU,,USGS-05331580,"MISSISSIPPI RIVER BELOW L&D 2 AT HASTINGS, MN",3.6232393983022417,,Accepted,,original
2020-06-02,Nitrogen,0.45,mg/l,,USGS-05331580,"MISSISSIPPI RIVER BELOW L&D 2 AT HASTINGS, MN",3.6232393983022417,,Accepted,,original
2020-06-02,Phosphorus,0.04,mg/l as P,,USGS-05331580,"MISSISSIPPI RIVER BELOW L&D 2 AT HASTINGS, MN",3.6232393983022417,,Accepted,,original
2020-06-02,Phosphorus,0.14,mg/l as P,,USGS-05331580,"MISSISSIPPI RIVER BELOW L&D 2 AT HASTINGS, MN",3.6232393983022417,,Accepted,,original
2020-06-02,Turbidity,38.0,NTRU,,USGS-05331580,"MISSISSIPPI RIVER BELOW L&D 2 AT HASTINGS, MN",3.6232393983022417,,Accepted,,original
2020-06-17,Turbidity,27.0,NTRU,,USGS-05331580,"MISSISSIPPI RIVER BELOW L&D 2 AT HASTINGS, MN",3.6232393983022417,,Accepted,,original
2020-06-17,Nitrogen,0.478,mg/l,,USGS-05331580,"MISSISSIPPI RIVER BELOW L&D 2 AT HASTINGS, MN",3.6232393983022417,,Accepted,,original
2020-06-17,Phosphorus,,,,USGS-05331580,"MISSISSIPPI RIVER BELOW L&D 2 AT HASTINGS, MN",3.6232393983022417,Not Detected,Accepted,,original
2020-06-17,Phosphorus,0.11,mg/l as P,,USGS-05331580,"MISSISSIPPI RIVER BELOW L&D 2 AT HASTINGS, MN",3.6232393983022417,,Accepted,,original
2020-06-24,Turbidity,36.0,NTRU,,USGS-05331580,"MISSISSIPPI RIVER BELOW L&D 2 AT HASTINGS, MN",3.6232393983022417,,Accepted,,original
2020-06-24,Nitrogen,0.679,mg/l,,USGS-05331580,"MISSISSIPPI RIVER BELOW L&D 2 AT HASTINGS, MN",3.6232393983022417,,Accepted,,original
2020-06-24,Phosphorus,,,,USGS-05331580,"MISSISSIPPI RIVER BELOW L&D 2 AT HASTINGS, MN",3.6232393983022417,Not Detected,Accepted,,original
2020-06-24,Phosphorus,0.13,mg/l as P,,USGS-05331580,"MISSISSIPPI RIVER BELOW L&D 2 AT HASTINGS, MN",3.6232393983022417,,Accepted,,original
2020-07-17,Nitrogen,0.329,mg/l,,USGS-05331580,"MISSISSIPPI RIVER BELOW L&D 2 AT HASTINGS, MN",3.6232393983022417,,Accepted,,original
2020-07-17,Turbidity,22.0,NTRU,,USGS-05331580,"MISSISSIPPI RIVER BELOW L&D 2 AT HASTINGS, MN",3.6232393983022417,,Accepted,,original
2020-07-17,Phosphorus,0.05,mg/l as P,,USGS-05331580,"MISSISSIPPI RIVER BELOW L&D 2 AT HASTINGS, MN",3.6232393983022417,,Accepted,,original
2020-07-17,Phosphorus,0.11,mg/l as P,,USGS-05331580,"MISSISSIPPI RIVER BELOW L&D 2 AT HASTINGS, MN",3.6232393983022417,,Accepted,,original
2020-07-31,Nitrogen,0.293,mg/l,,USGS-05331580,"MISSISSIPPI RIVER BELOW L&D 2 AT HASTINGS, MN",3.6232393983022417,,Accepted,,original
2020-07-31,Phosphorus,0.1,mg/l as P,,USGS-05331580,"MISSISSIPPI RIVER BELOW L&D 2 AT HASTINGS, MN",3.6232393983022417,,Accepted,Hold time parameters were exceeded during the collection to analysis phase of sample processing.,original
2020-07-31,Phosphorus,0.21,mg/l as P,,USGS-05331580,"MISSISSIPPI RIVER BELOW L&D 2 AT HASTINGS, MN",3.6232393983022417,,Accepted,,original
2020-07-31,Turbidity,67.0,NTRU,,USGS-05331580,"MISSISSIPPI RIVER BELOW L&D 2 AT HASTINGS, MN",3.6232393983022417,,Accepted,,original
2020-08-11,Phosphorus,0.09,mg/l as P,,USGS-05331580,"MISSISSIPPI RIVER BELOW L&D 2 AT HASTINGS, MN",3.6232393983022417,,Accepted,,original
2020-08-11,Phosphorus,0.03,mg/l as P,,USGS-05331580,"MISSISSIPPI RIVER BELOW L&D 2 AT HASTINGS, MN",3.6232393983022417,,Accepted,,original
2020-08-11,Turbidity,16.0,NTRU,,USGS-05331580,"MISSISSIPPI RIVER BELOW L&D 2 AT HASTINGS, MN",3.6232393983022417,,Accepted,,original
2020-08-11,Nitrogen,0.391,mg/l,,USGS-05331580,"MISSISSIPPI RIVER BELOW L&D 2 AT HASTINGS, MN",3.6232393983022417,,Accepted,,original
2020-10-28,Turbidity,6.3,NTRU,,USGS-05331580,"MISSISSIPPI RIVER BELOW L&D 2 AT HASTINGS, MN",3.6232393983022417,,Accepted,,original
2020-10-28,Nitrogen,0.18,mg/l,,USGS-05331580,"MISSISSIPPI RIVER BELOW L&D 2 AT HASTINGS, MN",3.6232393983022417,,Accepted,,original
2020-10-28,Phosphorus,0.02,mg/l as P,,USGS-05331580,"MISSISSIPPI RIVER BELOW L&D 2 AT HASTINGS, MN",3.6232393983022417,,Accepted,,original
2020-10-28,Phosphorus,0.05,mg/l as P,,USGS-05331580,"MISSISSIPPI RIVER BELOW L&D 2 AT HASTINGS, MN",3.6232393983022417,,Accepted,,original
2020-12-08,Turbidity,3.4,NTRU,,USGS-05331580,"MISSISSIPPI RIVER BELOW L&D 2 AT HASTINGS, MN",3.6232393983022417,,Accepted,,original
2020-12-08,Nitrogen,0.165,mg/l,,USGS-05331580,"MISSISSIPPI RIVER BELOW L&D 2 AT HASTINGS, MN",3.6232393983022417,,Accepted,,original
2020-12-08,Phosphorus,,,,USGS-05331580,"MISSISSIPPI RIVER BELOW L&D 2 AT HASTINGS, MN",3.6232393983022417,Not Detected,Accepted,,original
2020-12-08,Phosphorus,0.04,mg/l as P,,USGS-05331580,"MISSISSIPPI RIVER BELOW L&D 2 AT HASTINGS, MN",3.6232393983022417,,Accepted,,original
2021-01-11,Turbidity,,,,USGS-05331580,"MISSISSIPPI RIVER BELOW L&D 2 AT HASTINGS, MN",3.6232393983022417,Not Detected,Accepted,,original
2021-01-11,Nitrogen,0.035,mg/l,,USGS-05331580,"MISSISSIPPI RIVER BELOW L&D 2 AT HASTINGS, MN",3.6232393983022417,,Accepted,,original
2021-01-11,Phosphorus,0.03,mg/l as P,,USGS-05331580,"MISSISSIPPI RIVER BELOW L&D 2 AT HASTINGS, MN",3.6232393983022417,,Accepted,,original
2021-01-11,Phosphorus,,,,USGS-05331580,"MISSISSIPPI RIVER BELOW L&D 2 AT HASTINGS, MN",3.6232393983022417,Not Detected,Accepted,,original
2021-02-26,Nitrogen,,,,USGS-05331580,"MISSISSIPPI RIVER BELOW L&D 2 AT HASTINGS, MN",3.6232393983022417,Not Detected,Accepted,,original
2021-02-26,Phosphorus,0.02,mg/l as P,,USGS-05331580,"MISSISSIPPI RIVER BELOW L&D 2 AT HASTINGS, MN",3.6232393983022417,,Accepted,,original
2021-02-26,Phosphorus,0.04,mg/l as P,,USGS-05331580,"MISSISSIPPI RIVER BELOW L&D 2 AT HASTINGS, MN",3.6232393983022417,,Accepted,,original
2021-02-26,Turbidity,2.1,NTRU,,USGS-05331580,"MISSISSIPPI RIVER BELOW L&D 2 AT HASTINGS, MN",3.6232393983022417,,Accepted,,original
2021-03-26,Turbidity,10.0,NTRU,,USGS-05331580,"MISSISSIPPI RIVER BELOW L&D 2 AT HASTINGS, MN",3.6232393983022417,,Accepted,,original
2021-03-26,Nitrogen,0.048,mg/l,,USGS-05331580,"MISSISSIPPI RIVER BELOW L&D 2 AT HASTINGS, MN",3.6232393983022417,,Accepted,,original
2021-03-26,Phosphorus,0.03,mg/l as P,,USGS-05331580,"MISSISSIPPI RIVER BELOW L&D 2 AT HASTINGS, MN",3.6232393983022417,,Accepted,,original
2021-03-26,Phosphorus,0.09,mg/l as P,,USGS-05331580,"MISSISSIPPI RIVER BELOW L&D 2 AT HASTINGS, MN",3.6232393983022417,,Accepted,,original
2021-04-21,Phosphorus,0.08,mg/l as P,,USGS-05331580,"MISSISSIPPI RIVER BELOW L&D 2 AT HASTINGS, MN",3.6232393983022417,,Accepted,,original
2021-04-21,Phosphorus,,,,USGS-05331580,"MISSISSIPPI RIVER BELOW L&D 2 AT HASTINGS, MN",3.6232393983022417,Not Detected,Accepted,,original
2021-04-21,Nitrogen,0.191,mg/l,,USGS-05331580,"MISSISSIPPI RIVER BELOW L&D 2 AT HASTINGS, MN",3.6232393983022417,,Accepted,,original
2021-04-21,Turbidity,17.0,NTRU,,USGS-05331580,"MISSISSIPPI RIVER BELOW L&D 2 AT HASTINGS, MN",3.6232393983022417,,Accepted,,original
2021-04-28,Dissolved oxygen (DO),12.38,mg/L,,MNPCA-S006-524,"MISSISSIPPI RIVER DOWNSTREAM OF THE US-61 BRIDGE IN HASTINGS, MN",3.8442140212284737,,Final,stream field measurements,original
2021-04-30,Turbidity,13.0,NTRU,,USGS-05331580,"MISSISSIPPI RIVER BELOW L&D 2 AT HASTINGS, MN",3.6232393983022417,,Accepted,,original
2021-04-30,Phosphorus,0.05,mg/l as P,,USGS-05331580,"MISSISSIPPI RIVER BELOW L&D 2 AT HASTINGS, MN",3.6232393983022417,,Accepted,,original
2021-04-30,Phosphorus,,,,USGS-05331580,"MISSISSIPPI RIVER BELOW L&D 2 AT HASTINGS, MN",3.6232393983022417,Not Detected,Accepted,,original
2021-04-30,Nitrogen,0.253,mg/l,,USGS-05331580,"MISSISSIPPI RIVER BELOW L&D 2 AT HASTINGS, MN",3.6232393983022417,,Accepted,,original
2021-05-12,Phosphorus,,,,USGS-05331580,"MISSISSIPPI RIVER BELOW L&D 2 AT HASTINGS, MN",3.6232393983022417,Not Detected,Accepted,,original
2021-05-12,Nitrogen,0.458,mg/l,,USGS-05331580,"MISSISSIPPI RIVER BELOW L&D 2 AT HASTINGS, MN",3.6232393983022417,,Accepted,,original
2021-05-12,Phosphorus,0.06,mg/l as P,,USGS-05331580,"MISSISSIPPI RIVER BELOW L&D 2 AT HASTINGS, MN",3.6232393983022417,,Accepted,,original
2021-05-12,Turbidity,15.0,NTRU,,USGS-05331580,"MISSISSIPPI RIVER BELOW L&D 2 AT HASTINGS, MN",3.6232393983022417,,Accepted,,original
2021-05-26,Turbidity,29.0,NTRU,,USGS-05331580,"MISSISSIPPI RIVER BELOW L&D 2 AT HASTINGS, MN",3.6232393983022417,,Accepted,,original
2021-05-26,Phosphorus,,,,USGS-05331580,"MISSISSIPPI RIVER BELOW L&D 2 AT HASTINGS, MN",3.6232393983022417,Not Detected,Accepted,,original
2021-05-26,Nitrogen,0.574,mg/l,,USGS-05331580,"MISSISSIPPI RIVER BELOW L&D 2 AT HASTINGS, MN",3.6232393983022417,,Accepted,,original
2021-05-26,Phosphorus,0.11,mg/l as P,,USGS-05331580,"MISSISSIPPI RIVER BELOW L&D 2 AT HASTINGS, MN",3.6232393983022417,,Accepted,,original
2021-06-21,Phosphorus,0.05,mg/l as P,,USGS-05331580,"MISSISSIPPI RIVER BELOW L&D 2 AT HASTINGS, MN",3.6232393983022417,,Accepted,,original
2021-06-21,Phosphorus,0.12,mg/l as P,,USGS-05331580,"MISSISSIPPI RIVER BELOW L&D 2 AT HASTINGS, MN",3.6232393983022417,,Accepted,,original
2021-06-21,Nitrogen,0.542,mg/l,,USGS-05331580,"MISSISSIPPI RIVER BELOW L&D 2 AT HASTINGS, MN",3.6232393983022417,,Accepted,,original
2021-06-21,Turbidity,38.0,NTRU,,USGS-05331580,"MISSISSIPPI RIVER BELOW L&D 2 AT HASTINGS, MN",3.6232393983022417,,Accepted,,original
2021-06-28,Nitrogen,0.458,mg/l,,USGS-05331580,"MISSISSIPPI RIVER BELOW L&D 2 AT HASTINGS, MN",3.6232393983022417,,Accepted,Hold time parameters were exceeded during the collection to analysis phase of sample processing.,original
2021-06-28,Phosphorus,,,,USGS-05331580,"MISSISSIPPI RIVER BELOW L&D 2 AT HASTINGS, MN",3.6232393983022417,Not Detected,Accepted,,original
2021-06-28,Phosphorus,0.11,mg/l as P,,USGS-05331580,"MISSISSIPPI RIVER BELOW L&D 2 AT HASTINGS, MN",3.6232393983022417,,Accepted,,original
2021-06-28,Turbidity,18.0,NTRU,,USGS-05331580,"MISSISSIPPI RIVER BELOW L&D 2 AT HASTINGS, MN",3.6232393983022417,,Accepted,,original
2021-07-01,Dissolved oxygen (DO),7.18,mg/L,,MNPCA-S006-524,"MISSISSIPPI RIVER DOWNSTREAM OF THE US-61 BRIDGE IN HASTINGS, MN",3.8442140212284737,,Final,stream field measurements,original
2021-07-21,Phosphorus,0.09,mg/l as P,,USGS-05331580,"MISSISSIPPI RIVER BELOW L&D 2 AT HASTINGS, MN",3.6232393983022417,,Accepted,,original
2021-07-21,Phosphorus,,,,USGS-05331580,"MISSISSIPPI RIVER BELOW L&D 2 AT HASTINGS, MN",3.6232393983022417,Not Detected,Accepted,,original
2021-07-21,Nitrogen,0.461,mg/l,,USGS-05331580,"MISSISSIPPI RIVER BELOW L&D 2 AT HASTINGS, MN",3.6232393983022417,,Accepted,,original
2021-07-21,Turbidity,19.0,NTRU,,USGS-05331580,"MISSISSIPPI RIVER BELOW L&D 2 AT HASTINGS, MN",3.6232393983022417,,Accepted,,original
2021-07-30,Phosphorus,0.14,mg/l as P,,USGS-05331580,"MISSISSIPPI RIVER BELOW L&D 2 AT HASTINGS, MN",3.6232393983022417,,Accepted,,original
2021-07-30,Turbidity,16.0,NTRU,,USGS-05331580,"MISSISSIPPI RIVER BELOW L&D 2 AT HASTINGS, MN",3.6232393983022417,,Accepted,,original
2021-07-30,Phosphorus,0.07,mg/l as P,,USGS-05331580,"MISSISSIPPI RIVER BELOW L&D 2 AT HASTINGS, MN",3.6232393983022417,,Accepted,,original
2021-07-30,Nitrogen,0.331,mg/l,,USGS-05331580,"MISSISSIPPI RIVER BELOW L&D 2 AT HASTINGS, MN",3.6232393983022417,,Accepted,Hold time parameters were exceeded during the collection to analysis phase of sample processing.,original
2021-08-23,Phosphorus,0.07,mg/l as P,,USGS-05331580,"MISSISSIPPI RIVER BELOW L&D 2 AT HASTINGS, MN",3.6232393983022417,,Accepted,,original
2021-08-23,Phosphorus,0.11,mg/l as P,,USGS-05331580,"MISSISSIPPI RIVER BELOW L&D 2 AT HASTINGS, MN",3.6232393983022417,,Accepted,,original
2021-08-23,Nitrogen,0.468,mg/l,,USGS-05331580,"MISSISSIPPI RIVER BELOW L&D 2 AT HASTINGS, MN",3.6232393983022417,,Accepted,Hold time parameters were exceeded during the collection to analysis phase of sample processing.,original
2021-08-23,Turbidity,19.0,NTRU,,USGS-05331580,"MISSISSIPPI RIVER BELOW L&D 2 AT HASTINGS, MN",3.6232393983022417,,Accepted,,original
2021-10-27,Dissolved oxygen (DO),9.87,mg/L,,MNPCA-S006-524,"MISSISSIPPI RIVER DOWNSTREAM OF THE US-61 BRIDGE IN HASTINGS, MN",3.8442140212284737,,Final,,original
2021-10-29,Phosphorus,0.03,mg/l as P,,USGS-05331580,"MISSISSIPPI RIVER BELOW L&D 2 AT HASTINGS, MN",3.6232393983022417,,Accepted,,original
2021-10-29,Phosphorus,0.06,mg/l as P,,USGS-05331580,"MISSISSIPPI RIVER BELOW L&D 2 AT HASTINGS, MN",3.6232393983022417,,Accepted,,original
2021-10-29,Turbidity,11.0,NTRU,,USGS-05331580,"MISSISSIPPI RIVER BELOW L&D 2 AT HASTINGS, MN",3.6232393983022417,,Accepted,,original
2021-10-29,Nitrogen,0.199,mg/l,,USGS-05331580,"MISSISSIPPI RIVER BELOW L&D 2 AT HASTINGS, MN",3.6232393983022417,,Accepted,Hold time parameters were exceeded during the collection to analysis phase of sample processing.,original
2021-12-14,Nitrogen,0.191,mg/l,,USGS-05331580,"MISSISSIPPI RIVER BELOW L&D 2 AT HASTINGS, MN",3.6232393983022417,,Accepted,,original
2021-12-14,Turbidity,2.8,NTRU,,USGS-05331580,"MISSISSIPPI RIVER BELOW L&D 2 AT HASTINGS, MN",3.6232393983022417,,Accepted,Hold time parameters were exceeded during the collection to analysis phase of sample processing.,original
2021-12-14,Phosphorus,0.04,mg/l as P,,USGS-05331580,"MISSISSIPPI RIVER BELOW L&D 2 AT HASTINGS, MN",3.6232393983022417,,Accepted,,original
2021-12-14,Phosphorus,0.05,mg/l as P,,USGS-05331580,"MISSISSIPPI RIVER BELOW L&D 2 AT HASTINGS, MN",3.6232393983022417,,Accepted,,original
2022-01-04,Turbidity,2.5,NTRU,,USGS-05331580,"MISSISSIPPI RIVER BELOW L&D 2 AT HASTINGS, MN",3.6232393983022417,,Accepted,,original
2022-01-04,Phosphorus,,,,USGS-05331580,"MISSISSIPPI RIVER BELOW L&D 2 AT HASTINGS, MN",3.6232393983022417,Not Detected,Accepted,,original
2022-01-04,Phosphorus,0.04,mg/l as P,,USGS-05331580,"MISSISSIPPI RIVER BELOW L&D 2 AT HASTINGS, MN",3.6232393983022417,,Accepted,,original
2022-01-04,Nitrogen,0.09,mg/l,,USGS-05331580,"MISSISSIPPI RIVER BELOW L&D 2 AT HASTINGS, MN",3.6232393983022417,,Accepted,,original
2022-02-28,Phosphorus,,,,USGS-05331580,"MISSISSIPPI RIVER BELOW L&D 2 AT HASTINGS, MN",3.6232393983022417,Not Detected,Accepted,Hold time parameters were exceeded during the collection to analysis phase of sample processing.,original
2022-02-28,Phosphorus,,,,USGS-05331580,"MISSISSIPPI RIVER BELOW L&D 2 AT HASTINGS, MN",3.6232393983022417,Not Detected,Accepted,Hold time parameters were exceeded during the collection to analysis phase of sample processing.,original
2022-02-28,Turbidity,2.0,NTRU,,USGS-05331580,"MISSISSIPPI RIVER BELOW L&D 2 AT HASTINGS, MN",3.6232393983022417,,Accepted,Hold time parameters were exceeded during the collection to analysis phase of sample processing.,original
2022-03-24,Turbidity,11.0,NTRU,,USGS-05331580,"MISSISSIPPI RIVER BELOW L&D 2 AT HASTINGS, MN",3.6232393983022417,,Accepted,Hold time parameters were exceeded during the collection to analysis phase of sample processing.,original
2022-03-24,Nitrogen,0.211,mg/l,,USGS-05331580,"MISSISSIPPI RIVER BELOW L&D 2 AT HASTINGS, MN",3.6232393983022417,,Accepted,,original
2022-03-24,Phosphorus,0.14,mg/l as P,,USGS-05331580,"MISSISSIPPI RIVER BELOW L&D 2 AT HASTINGS, MN",3.6232393983022417,,Accepted,Hold time parameters were exceeded during the collection to analysis phase of sample processing.,original
2022-03-24,Phosphorus,0.18,mg/l as P,,USGS-05331580,"MISSISSIPPI RIVER BELOW L&D 2 AT HASTINGS, MN",3.6232393983022417,,Accepted,Hold time parameters were exceeded during the collection to analysis phase of sample processing.,original
2022-04-11,Turbidity,16.0,NTRU,,USGS-05331580,"MISSISSIPPI RIVER BELOW L&D 2 AT HASTINGS, MN",3.6232393983022417,,Accepted,,original
2022-04-11,Phosphorus,0.14,mg/l as P,,USGS-05331580,"MISSISSIPPI RIVER BELOW L&D 2 AT HASTINGS, MN",3.6232393983022417,,Accepted,Hold time parameters were exceeded during the collection to analysis phase of sample processing.,original
2022-04-11,Phosphorus,0.11,mg/l as P,,USGS-05331580,"MISSISSIPPI RIVER BELOW L&D 2 AT HASTINGS, MN",3.6232393983022417,,Accepted,Hold time parameters were exceeded during the collection to analysis phase of sample processing.,original
2022-04-11,Nitrogen,0.317,mg/l,,USGS-05331580,"MISSISSIPPI RIVER BELOW L&D 2 AT HASTINGS, MN",3.6232393983022417,,Accepted,,original
2022-04-21,Phosphorus,0.12,mg/l as P,,USGS-05331580,"MISSISSIPPI RIVER BELOW L&D 2 AT HASTINGS, MN",3.6232393983022417,,Accepted,Hold time parameters were exceeded during the collection to analysis phase of sample processing.,original
2022-04-21,Phosphorus,0.04,mg/l as P,,USGS-05331580,"MISSISSIPPI RIVER BELOW L&D 2 AT HASTINGS, MN",3.6232393983022417,,Accepted,Hold time parameters were exceeded during the collection to analysis phase of sample processing.,original
2022-04-21,Nitrogen,0.208,mg/l,,USGS-05331580,"MISSISSIPPI RIVER BELOW L&D 2 AT HASTINGS, MN",3.6232393983022417,,Accepted,,original
2022-04-21,Turbidity,21.0,NTRU,,USGS-05331580,"MISSISSIPPI RIVER BELOW L&D 2 AT HASTINGS, MN",3.6232393983022417,,Accepted,Hold time parameters were exceeded during the collection to analysis phase of sample processing.,original
2022-05-06,Phosphorus,,,,USGS-05331580,"MISSISSIPPI RIVER BELOW L&D 2 AT HASTINGS, MN",3.6232393983022417,Not Detected,Accepted,Hold time parameters were exceeded during the collection to analysis phase of sample processing.,original
2022-05-06,Phosphorus,0.13,mg/l as P,,USGS-05331580,"MISSISSIPPI RIVER BELOW L&D 2 AT HASTINGS, MN",3.6232393983022417,,Accepted,Hold time parameters were exceeded during the collection to analysis phase of sample processing.,original
2022-05-06,Nitrogen,0.264,mg/l,,USGS-05331580,"MISSISSIPPI RIVER BELOW L&D 2 AT HASTINGS, MN",3.6232393983022417,,Accepted,,original
2022-05-06,Turbidity,31.0,NTRU,,USGS-05331580,"MISSISSIPPI RIVER BELOW L&D 2 AT HASTINGS, MN",3.6232393983022417,,Accepted,,original
2022-05-23,Phosphorus,0.17,mg/l as P,,USGS-05331580,"MISSISSIPPI RIVER BELOW L&D 2 AT HASTINGS, MN",3.6232393983022417,,Accepted,Hold time parameters were exceeded during the collection to analysis phase of sample processing.,original
2022-05-23,Phosphorus,0.06,mg/l as P,,USGS-05331580,"MISSISSIPPI RIVER BELOW L&D 2 AT HASTINGS, MN",3.6232393983022417,,Accepted,Hold time parameters were exceeded during the collection to analysis phase of sample processing.,original
2022-05-23,Nitrogen,0.259,mg/l,,USGS-05331580,"MISSISSIPPI RIVER BELOW L&D 2 AT HASTINGS, MN",3.6232393983022417,,Accepted,,original
2022-05-23,Turbidity,31.0,NTRU,,USGS-05331580,"MISSISSIPPI RIVER BELOW L&D 2 AT HASTINGS, MN",3.6232393983022417,,Accepted,,original
2022-06-17,Turbidity,28.0,NTRU,,USGS-05331580,"MISSISSIPPI RIVER BELOW L&D 2 AT HASTINGS, MN",3.6232393983022417,,Accepted,,original
2022-06-17,Nitrogen,0.245,mg/l,,USGS-05331580,"MISSISSIPPI RIVER BELOW L&D 2 AT HASTINGS, MN",3.6232393983022417,,Accepted,,original
2022-06-17,Phosphorus,0.06,mg/l as P,,USGS-05331580,"MISSISSIPPI RIVER BELOW L&D 2 AT HASTINGS, MN",3.6232393983022417,,Accepted,Hold time parameters were exceeded during the collection to analysis phase of sample processing.,original
2022-06-17,Phosphorus,0.16,mg/l as P,,USGS-05331580,"MISSISSIPPI RIVER BELOW L&D 2 AT HASTINGS, MN",3.6232393983022417,,Accepted,Hold time parameters were exceeded during the collection to analysis phase of sample processing.,original
2022-06-27,Phosphorus,0.13,mg/l as P,,USGS-05331580,"MISSISSIPPI RIVER BELOW L&D 2 AT HASTINGS, MN",3.6232393983022417,,Accepted,Hold time parameters were exceeded during the collection to analysis phase of sample processing.,original
2022-06-27,Phosphorus,0.08,mg/l as P,,USGS-05331580,"MISSISSIPPI RIVER BELOW L&D 2 AT HASTINGS, MN",3.6232393983022417,,Accepted,Hold time parameters were exceeded during the collection to analysis phase of sample processing.,original
2022-06-27,Nitrogen,0.286,mg/l,,USGS-05331580,"MISSISSIPPI RIVER BELOW L&D 2 AT HASTINGS, MN",3.6232393983022417,,Accepted,,original
2022-06-27,Turbidity,23.0,NTRU,,USGS-05331580,"MISSISSIPPI RIVER BELOW L&D 2 AT HASTINGS, MN",3.6232393983022417,,Accepted,,original
2022-07-13,Phosphorus,0.12,mg/l as P,,USGS-05331580,"MISSISSIPPI RIVER BELOW L&D 2 AT HASTINGS, MN",3.6232393983022417,,Accepted,Hold time parameters were exceeded during the collection to analysis phase of sample processing.,original
2022-07-13,Phosphorus,0.16,mg/l as P,,USGS-05331580,"MISSISSIPPI RIVER BELOW L&D 2 AT HASTINGS, MN",3.6232393983022417,,Accepted,Hold time parameters were exceeded during the collection to analysis phase of sample processing.,original
2022-07-13,Nitrogen,0.251,mg/l,,USGS-05331580,"MISSISSIPPI RIVER BELOW L&D 2 AT HASTINGS, MN",3.6232393983022417,,Accepted,,original
2022-07-13,Turbidity,29.0,NTRU,,USGS-05331580,"MISSISSIPPI RIVER BELOW L&D 2 AT HASTINGS, MN",3.6232393983022417,,Accepted,,original
2022-07-29,Phosphorus,0.03,mg/l as P,,USGS-05331580,"MISSISSIPPI RIVER BELOW L&D 2 AT HASTINGS, MN",3.6232393983022417,,Accepted,Hold time parameters were exceeded during the collection to analysis phase of sample processing.,original
2022-07-29,Phosphorus,0.12,mg/l as P,,USGS-05331580,"MISSISSIPPI RIVER BELOW L&D 2 AT HASTINGS, MN",3.6232393983022417,,Accepted,Hold time parameters were exceeded during the collection to analysis phase of sample processing.,original
2022-07-29,Turbidity,20.0,NTRU,,USGS-05331580,"MISSISSIPPI RIVER BELOW L&D 2 AT HASTINGS, MN",3.6232393983022417,,Accepted,,original
2022-07-29,Nitrogen,0.317,mg/l,,USGS-05331580,"MISSISSIPPI RIVER BELOW L&D 2 AT HASTINGS, MN",3.6232393983022417,,Accepted,,original
2022-08-31,Turbidity,19.0,NTRU,,USGS-05331580,"MISSISSIPPI RIVER BELOW L&D 2 AT HASTINGS, MN",3.6232393983022417,,Accepted,Hold time parameters were exceeded during the collection to analysis phase of sample processing.,original
2022-08-31,Nitrogen,0.411,mg/l,,USGS-05331580,"MISSISSIPPI RIVER BELOW L&D 2 AT HASTINGS, MN",3.6232393983022417,,Accepted,,original
2022-08-31,Phosphorus,,,,USGS-05331580,"MISSISSIPPI RIVER BELOW L&D 2 AT HASTINGS, MN",3.6232393983022417,Not Detected,Accepted,Hold time parameters were exceeded during the collection to analysis phase of sample processing.,original
2022-08-31,Phosphorus,0.1,mg/l as P,,USGS-05331580,"MISSISSIPPI RIVER BELOW L&D 2 AT HASTINGS, MN",3.6232393983022417,,Accepted,Hold time parameters were exceeded during the collection to analysis phase of sample processing.,original
2022-10-28,Phosphorus,,,,USGS-05331580,"MISSISSIPPI RIVER BELOW L&D 2 AT HASTINGS, MN",3.6232393983022417,Not Detected,Accepted,Hold time parameters were exceeded during the collection to analysis phase of sample processing.,original
2022-10-28,Phosphorus,0.06,mg/l as P,,USGS-05331580,"MISSISSIPPI RIVER BELOW L&D 2 AT HASTINGS, MN",3.6232393983022417,,Accepted,Hold time parameters were exceeded during the collection to analysis phase of sample processing.,original
2022-10-28,Turbidity,13.0,NTRU,,USGS-05331580,"MISSISSIPPI RIVER BELOW L&D 2 AT HASTINGS, MN",3.6232393983022417,,Accepted,,original
2022-10-28,Nitrogen,0.16,mg/l,,USGS-05331580,"MISSISSIPPI RIVER BELOW L&D 2 AT HASTINGS, MN",3.6232393983022417,,Accepted,,original
2022-12-09,Turbidity,3.6,NTRU,,USGS-05331580,"MISSISSIPPI RIVER BELOW L&D 2 AT HASTINGS, MN",3.6232393983022417,,Accepted,,original
2022-12-09,Phosphorus,0.06,mg/l as P,,USGS-05331580,"MISSISSIPPI RIVER BELOW L&D 2 AT HASTINGS, MN",3.6232393983022417,,Accepted,Hold time parameters were exceeded during the collection to analysis phase of sample processing.,original
2022-12-09,Phosphorus,,,,USGS-05331580,"MISSISSIPPI RIVER BELOW L&D 2 AT HASTINGS, MN",3.6232393983022417,Not Detected,Accepted,,original
2022-12-09,Nitrogen,0.211,mg/l,,USGS-05331580,"MISSISSIPPI RIVER BELOW L&D 2 AT HASTINGS, MN",3.6232393983022417,,Accepted,,original
2023-01-23,Turbidity,2.8,NTRU,,USGS-05331580,"MISSISSIPPI RIVER BELOW L&D 2 AT HASTINGS, MN",3.6232393983022417,,Accepted,,original
2023-01-23,Nitrogen,0.07,mg/l,,USGS-05331580,"MISSISSIPPI RIVER BELOW L&D 2 AT HASTINGS, MN",3.6232393983022417,,Accepted,,original
2023-01-23,Phosphorus,,,,USGS-05331580,"MISSISSIPPI RIVER BELOW L&D 2 AT HASTINGS, MN",3.6232393983022417,Not Detected,Accepted,,original
2023-01-23,Phosphorus,0.03,mg/l as P,,USGS-05331580,"MISSISSIPPI RIVER BELOW L&D 2 AT HASTINGS, MN",3.6232393983022417,,Accepted,,original
2023-02-21,Phosphorus,0.03,mg/l as P,,USGS-05331580,"MISSISSIPPI RIVER BELOW L&D 2 AT HASTINGS, MN",3.6232393983022417,,Accepted,,original
2023-02-21,Phosphorus,0.03,mg/l as P,,USGS-05331580,"MISSISSIPPI RIVER BELOW L&D 2 AT HASTINGS, MN",3.6232393983022417,,Accepted,,original
2023-02-21,Nitrogen,0.074,mg/l,,USGS-05331580,"MISSISSIPPI RIVER BELOW L&D 2 AT HASTINGS, MN",3.6232393983022417,,Accepted,,original
2023-02-21,Turbidity,3.6,NTRU,,USGS-05331580,"MISSISSIPPI RIVER BELOW L&D 2 AT HASTINGS, MN",3.6232393983022417,,Accepted,Hold time parameters were exceeded during the collection to analysis phase of sample processing.,original
2023-03-20,Turbidity,7.1,NTRU,,USGS-05331580,"MISSISSIPPI RIVER BELOW L&D 2 AT HASTINGS, MN",3.6232393983022417,,Accepted,,original
2023-03-20,Nitrogen,0.07,mg/l,,USGS-05331580,"MISSISSIPPI RIVER BELOW L&D 2 AT HASTINGS, MN",3.6232393983022417,,Accepted,,original
2023-03-20,Phosphorus,0.08,mg/l as P,,USGS-05331580,"MISSISSIPPI RIVER BELOW L&D 2 AT HASTINGS, MN",3.6232393983022417,,Accepted,,original
2023-03-20,Phosphorus,0.13,mg/l as P,,USGS-05331580,"MISSISSIPPI RIVER BELOW L&D 2 AT HASTINGS, MN",3.6232393983022417,,Accepted,,original
2023-04-03,Phosphorus,0.12,mg/l as P,,USGS-05331580,"MISSISSIPPI RIVER BELOW L&D 2 AT HASTINGS, MN",3.6232393983022417,,Accepted,,original
2023-04-03,Nitrogen,0.102,mg/l,,USGS-05331580,"MISSISSIPPI RIVER BELOW L&D 2 AT HASTINGS, MN",3.6232393983022417,,Accepted,,original
2023-04-03,Phosphorus,0.98,mg/l as P,,USGS-05331580,"MISSISSIPPI RIVER BELOW L&D 2 AT HASTINGS, MN",3.6232393983022417,,Accepted,,original
2023-04-03,Turbidity,22.0,NTRU,,USGS-05331580,"MISSISSIPPI RIVER BELOW L&D 2 AT HASTINGS, MN",3.6232393983022417,,Accepted,,original
2023-04-18,Nitrogen,0.297,mg/l,,USGS-05331580,"MISSISSIPPI RIVER BELOW L&D 2 AT HASTINGS, MN",3.6232393983022417,,Accepted,,original
2023-04-18,Phosphorus,0.22,mg/l as P,,USGS-05331580,"MISSISSIPPI RIVER BELOW L&D 2 AT HASTINGS, MN",3.6232393983022417,,Accepted,,original
2023-04-18,Phosphorus,0.18,mg/l as P,,USGS-05331580,"MISSISSIPPI RIVER BELOW L&D 2 AT HASTINGS, MN",3.6232393983022417,,Accepted,,original
2023-04-18,Turbidity,37.0,NTRU,,USGS-05331580,"MISSISSIPPI RIVER BELOW L&D 2 AT HASTINGS, MN",3.6232393983022417,,Accepted,,original
2023-05-09,Nitrogen,0.277,mg/l,,USGS-05331580,"MISSISSIPPI RIVER BELOW L&D 2 AT HASTINGS, MN",3.6232393983022417,,Accepted,,original
2023-05-09,Phosphorus,0.04,mg/l as P,,USGS-05331580,"MISSISSIPPI RIVER BELOW L&D 2 AT HASTINGS, MN",3.6232393983022417,,Accepted,,original
2023-05-09,Turbidity,23.0,NTRU,,USGS-05331580,"MISSISSIPPI RIVER BELOW L&D 2 AT HASTINGS, MN",3.6232393983022417,,Accepted,,original
2023-05-09,Phosphorus,0.12,mg/l as P,,USGS-05331580,"MISSISSIPPI RIVER BELOW L&D 2 AT HASTINGS, MN",3.6232393983022417,,Accepted,,original
2023-05-23,Turbidity,44.0,NTRU,,USGS-05331580,"MISSISSIPPI RIVER BELOW L&D 2 AT HASTINGS, MN",3.6232393983022417,,Accepted,,original
2023-05-23,Nitrogen,0.152,mg/l,,USGS-05331580,"MISSISSIPPI RIVER BELOW L&D 2 AT HASTINGS, MN",3.6232393983022417,,Accepted,,original
2023-06-14,Dissolved oxygen (DO),7.88,mg/L,,MNPCA-S001-238,MISSISSIPPI R DNST OF HASTINGS RR BR,2.1984468911258066,,Final,,original
2023-06-20,Phosphorus,0.13,mg/l as P,,USGS-05331580,"MISSISSIPPI RIVER BELOW L&D 2 AT HASTINGS, MN",3.6232393983022417,,Accepted,,original
2023-06-20,Phosphorus,0.07,mg/l as P,,USGS-05331580,"MISSISSIPPI RIVER BELOW L&D 2 AT HASTINGS, MN",3.6232393983022417,,Accepted,,original
2023-06-20,Nitrogen,0.242,mg/l,,USGS-05331580,"MISSISSIPPI RIVER BELOW L&D 2 AT HASTINGS, MN",3.6232393983022417,,Accepted,,original
2023-06-20,Turbidity,22.0,NTRU,,USGS-05331580,"MISSISSIPPI RIVER BELOW L&D 2 AT HASTINGS, MN",3.6232393983022417,,Accepted,,original
2023-06-27,Phosphorus,0.13,mg/l as P,,USGS-05331580,"MISSISSIPPI RIVER BELOW L&D 2 AT HASTINGS, MN",3.6232393983022417,,Accepted,,original
2023-06-27,Phosphorus,0.05,mg/l as P,,USGS-05331580,"MISSISSIPPI RIVER BELOW L&D 2 AT HASTINGS, MN",3.6232393983022417,,Accepted,,original
2023-06-27,Nitrogen,0.273,mg/l,,USGS-05331580,"MISSISSIPPI RIVER BELOW L&D 2 AT HASTINGS, MN",3.6232393983022417,,Accepted,,original
2023-06-27,Turbidity,24.0,NTRU,,USGS-05331580,"MISSISSIPPI RIVER BELOW L&D 2 AT HASTINGS, MN",3.6232393983022417,,Accepted,,original
2023-07-10,Nitrogen,0.249,mg/l,,USGS-05331580,"MISSISSIPPI RIVER BELOW L&D 2 AT HASTINGS, MN",3.6232393983022417,,Accepted,,original
2023-07-10,Turbidity,15.0,NTRU,,USGS-05331580,"MISSISSIPPI RIVER BELOW L&D 2 AT HASTINGS, MN",3.6232393983022417,,Accepted,,original
2023-07-12,Dissolved oxygen (DO),7.38,mg/L,,MNPCA-S001-238,MISSISSIPPI R DNST OF HASTINGS RR BR,2.1984468911258066,,Final,,original
2023-07-24,Turbidity,12.0,NTRU,,USGS-05331580,"MISSISSIPPI RIVER BELOW L&D 2 AT HASTINGS, MN",3.6232393983022417,,Accepted,,original
2023-07-24,Nitrogen,0.332,mg/l,,USGS-05331580,"MISSISSIPPI RIVER BELOW L&D 2 AT HASTINGS, MN",3.6232393983022417,,Accepted,,original
2023-07-24,Phosphorus,0.08,mg/l as P,,USGS-05331580,"MISSISSIPPI RIVER BELOW L&D 2 AT HASTINGS, MN",3.6232393983022417,,Accepted,,original
2023-07-24,Phosphorus,,,,USGS-05331580,"MISSISSIPPI RIVER BELOW L&D 2 AT HASTINGS, MN",3.6232393983022417,Not Detected,Accepted,,original
2023-08-15,Turbidity,17.0,NTRU,,USGS-05331580,"MISSISSIPPI RIVER BELOW L&D 2 AT HASTINGS, MN",3.6232393983022417,,Accepted,,original
2023-08-15,Nitrogen,0.324,mg/l,,USGS-05331580,"MISSISSIPPI RIVER BELOW L&D 2 AT HASTINGS, MN",3.6232393983022417,,Accepted,,original
2023-08-15,Phosphorus,0.06,mg/l as P,,USGS-05331580,"MISSISSIPPI RIVER BELOW L&D 2 AT HASTINGS, MN",3.6232393983022417,,Preliminary,Hold time parameters were exceeded during the collection to analysis phase of sample processing.,original
2023-08-15,Phosphorus,0.11,mg/l as P,,USGS-05331580,"MISSISSIPPI RIVER BELOW L&D 2 AT HASTINGS, MN",3.6232393983022417,,Preliminary,,original
2023-08-23,Dissolved oxygen (DO),7.14,mg/L,,MNPCA-S001-238,MISSISSIPPI R DNST OF HASTINGS RR BR,2.1984468911258066,,Final,"Sunny, 3 mph SW wind",original
2023-09-13,Dissolved oxygen (DO),8.98,mg/L,,MNPCA-S001-238,MISSISSIPPI R DNST OF HASTINGS RR BR,2.1984468911258066,,Final,"Sunny, 3 mph E wind",original
2023-10-05,Dissolved oxygen (DO),6.7,mg/L,,MNPCA-S001-238,MISSISSIPPI R DNST OF HASTINGS RR BR,2.1984468911258066,,Final,,original
2023-10-17,Nitrogen,0.255,mg/l,,USGS-05331580,"MISSISSIPPI RIVER BELOW L&D 2 AT HASTINGS, MN",3.6232393983022417,,Accepted,,original
2023-10-17,Turbidity,14.0,NTRU,,USGS-05331580,"MISSISSIPPI RIVER BELOW L&D 2 AT HASTINGS, MN",3.6232393983022417,,Accepted,,original
2024-05-14,Dissolved oxygen (DO),8.91,mg/L,,MNPCA-S016-671,"MISSISSIPPI R, 0.5 MI W OF PRESCOTT, WI",1.0095526662633745,,Final,,original
2024-07-10,Dissolved oxygen (DO),6.61,mg/L,,MNPCA-S016-671,"MISSISSIPPI R, 0.5 MI W OF PRESCOTT, WI",1.0095526662633745,,Final,High water,original
2024-08-13,Dissolved oxygen (DO),8.51,mg/L,,MNPCA-S016-671,"MISSISSIPPI R, 0.5 MI W OF PRESCOTT, WI",1.0095526662633745,,Final,,original
2019-01-30,Turbidity,4.9982,NTRU,,USGS-05331580,"MISSISSIPPI RIVER BELOW L&D 2 AT HASTINGS, MN",3.6232393983022417,,Accepted,,augmented_copy1_jitter-2d
2019-01-29,Turbidity,3.5791,NTRU,,USGS-05331580,"MISSISSIPPI RIVER BELOW L&D 2 AT HASTINGS, MN",3.6232393983022417,,Accepted,,augmented_copy2_jitter-3d
2019-02-03,Turbidity,3.5981,NTRU,,USGS-05331580,"MISSISSIPPI RIVER BELOW L&D 2 AT HASTINGS, MN",3.6232393983022417,,Accepted,,augmented_copy3_jitter2d
2019-01-30,Nitrogen,0.0517,mg/l,,USGS-05331580,"MISSISSIPPI RIVER BELOW L&D 2 AT HASTINGS, MN",3.6232393983022417,,Accepted,,augmented_copy1_jitter-2d
2019-01-29,Nitrogen,0.0393,mg/l,,USGS-05331580,"MISSISSIPPI RIVER BELOW L&D 2 AT HASTINGS, MN",3.6232393983022417,,Accepted,,augmented_copy2_jitter-3d
2019-02-03,Nitrogen,0.0413,mg/l,,USGS-05331580,"MISSISSIPPI RIVER BELOW L&D 2 AT HASTINGS, MN",3.6232393983022417,,Accepted,,augmented_copy3_jitter2d
2019-01-29,Phosphorus,0.0391,mg/l as P,,USGS-05331580,"MISSISSIPPI RIVER BELOW L&D 2 AT HASTINGS, MN",3.6232393983022417,,Accepted,,augmented_copy1_jitter-3d
2019-01-30,Phosphorus,0.0356,mg/l as P,,USGS-05331580,"MISSISSIPPI RIVER BELOW L&D 2 AT HASTINGS, MN",3.6232393983022417,,Accepted,,augmented_copy2_jitter-2d
2019-01-29,Phosphorus,0.0394,mg/l as P,,USGS-05331580,"MISSISSIPPI RIVER BELOW L&D 2 AT HASTINGS, MN",3.6232393983022417,,Accepted,,augmented_copy3_jitter-3d
2019-02-04,Phosphorus,0.0359,mg/l as P,,USGS-05331580,"MISSISSIPPI RIVER BELOW L&D 2 AT HASTINGS, MN",3.6232393983022417,,Accepted,,augmented_copy1_jitter3d
2019-01-31,Phosphorus,0.0349,mg/l as P,,USGS-05331580,"MISSISSIPPI RIVER BELOW L&D 2 AT HASTINGS, MN",3.6232393983022417,,Accepted,,augmented_copy2_jitter-1d
2019-02-03,Phosphorus,0.0308,mg/l as P,,USGS-05331580,"MISSISSIPPI RIVER BELOW L&D 2 AT HASTINGS, MN",3.6232393983022417,,Accepted,,augmented_copy3_jitter2d
2019-02-08,Turbidity,3.0086,NTRU,,USGS-05331580,"MISSISSIPPI RIVER BELOW L&D 2 AT HASTINGS, MN",3.6232393983022417,,Accepted,,augmented_copy1_jitter-3d
2019-02-12,Turbidity,2.0656,NTRU,,USGS-05331580,"MISSISSIPPI RIVER BELOW L&D 2 AT HASTINGS, MN",3.6232393983022417,,Accepted,,augmented_copy2_jitter1d
2019-02-14,Turbidity,2.9733,NTRU,,USGS-05331580,"MISSISSIPPI RIVER BELOW L&D 2 AT HASTINGS, MN",3.6232393983022417,,Accepted,,augmented_copy3_jitter3d
2019-02-09,Nitrogen,,,,USGS-05331580,"MISSISSIPPI RIVER BELOW L&D 2 AT HASTINGS, MN",3.6232393983022417,Not Detected,Accepted,,augmented_copy1_jitter-2d
2019-02-12,Nitrogen,,,,USGS-05331580,"MISSISSIPPI RIVER BELOW L&D 2 AT HASTINGS, MN",3.6232393983022417,Not Detected,Accepted,,augmented_copy2_jitter1d
2019-02-10,Nitrogen,,,,USGS-05331580,"MISSISSIPPI RIVER BELOW L&D 2 AT HASTINGS, MN",3.6232393983022417,Not Detected,Accepted,,augmented_copy3_jitter-1d
2019-02-08,Phosphorus,0.0428,mg/l as P,,USGS-05331580,"MISSISSIPPI RIVER BELOW L&D 2 AT HASTINGS, MN",3.6232393983022417,,Accepted,,augmented_copy1_jitter-3d
2019-02-13,Phosphorus,0.0374,mg/l as P,,USGS-05331580,"MISSISSIPPI RIVER BELOW L&D 2 AT HASTINGS, MN",3.6232393983022417,,Accepted,,augmented_copy2_jitter2d
2019-02-09,Phosphorus,0.0434,mg/l as P,,USGS-05331580,"MISSISSIPPI RIVER BELOW L&D 2 AT HASTINGS, MN",3.6232393983022417,,Accepted,,augmented_copy3_jitter-2d
2019-02-09,Phosphorus,0.0603,mg/l as P,,USGS-05331580,"MISSISSIPPI RIVER BELOW L&D 2 AT HASTINGS, MN",3.6232393983022417,,Accepted,,augmented_copy1_jitter-2d
2019-02-08,Phosphorus,0.054,mg/l as P,,USGS-05331580,"MISSISSIPPI RIVER BELOW L&D 2 AT HASTINGS, MN",3.6232393983022417,,Accepted,,augmented_copy2_jitter-3d
2019-02-10,Phosphorus,0.0537,mg/l as P,,USGS-05331580,"MISSISSIPPI RIVER BELOW L&D 2 AT HASTINGS, MN",3.6232393983022417,,Accepted,,augmented_copy3_jitter-1d
2019-03-23,Phosphorus,0.1915,mg/l as P,,USGS-05331580,"MISSISSIPPI RIVER BELOW L&D 2 AT HASTINGS, MN",3.6232393983022417,,Accepted,,augmented_copy1_jitter3d
2019-03-22,Phosphorus,0.1957,mg/l as P,,USGS-05331580,"MISSISSIPPI RIVER BELOW L&D 2 AT HASTINGS, MN",3.6232393983022417,,Accepted,,augmented_copy2_jitter2d
2019-03-23,Phosphorus,0.1844,mg/l as P,,USGS-05331580,"MISSISSIPPI RIVER BELOW L&D 2 AT HASTINGS, MN",3.6232393983022417,,Accepted,,augmented_copy3_jitter3d
2019-03-22,Turbidity,33.0678,NTRU,,USGS-05331580,"MISSISSIPPI RIVER BELOW L&D 2 AT HASTINGS, MN",3.6232393983022417,,Accepted,,augmented_copy1_jitter2d
2019-03-18,Turbidity,33.8668,NTRU,,USGS-05331580,"MISSISSIPPI RIVER BELOW L&D 2 AT HASTINGS, MN",3.6232393983022417,,Accepted,,augmented_copy2_jitter-2d
2019-03-19,Turbidity,33.2302,NTRU,,USGS-05331580,"MISSISSIPPI RIVER BELOW L&D 2 AT HASTINGS, MN",3.6232393983022417,,Accepted,,augmented_copy3_jitter-1d
2019-03-21,Phosphorus,0.2629,mg/l as P,,USGS-05331580,"MISSISSIPPI RIVER BELOW L&D 2 AT HASTINGS, MN",3.6232393983022417,,Accepted,,augmented_copy1_jitter1d
2019-03-19,Phosphorus,0.2527,mg/l as P,,USGS-05331580,"MISSISSIPPI RIVER BELOW L&D 2 AT HASTINGS, MN",3.6232393983022417,,Accepted,,augmented_copy2_jitter-1d
2019-03-18,Phosphorus,0.262,mg/l as P,,USGS-05331580,"MISSISSIPPI RIVER BELOW L&D 2 AT HASTINGS, MN",3.6232393983022417,,Accepted,,augmented_copy3_jitter-2d
2019-03-23,Nitrogen,0.2636,mg/l,,USGS-05331580,"MISSISSIPPI RIVER BELOW L&D 2 AT HASTINGS, MN",3.6232393983022417,,Accepted,,augmented_copy1_jitter3d
2019-03-19,Nitrogen,0.2665,mg/l,,USGS-05331580,"MISSISSIPPI RIVER BELOW L&D 2 AT HASTINGS, MN",3.6232393983022417,,Accepted,,augmented_copy2_jitter-1d
2019-03-23,Nitrogen,0.2828,mg/l,,USGS-05331580,"MISSISSIPPI RIVER BELOW L&D 2 AT HASTINGS, MN",3.6232393983022417,,Accepted,,augmented_copy3_jitter3d
2019-04-18,Turbidity,23.8388,NTRU,,USGS-05331580,"MISSISSIPPI RIVER BELOW L&D 2 AT HASTINGS, MN",3.6232393983022417,,Accepted,,augmented_copy1_jitter2d
2019-04-19,Turbidity,24.5694,NTRU,,USGS-05331580,"MISSISSIPPI RIVER BELOW L&D 2 AT HASTINGS, MN",3.6232393983022417,,Accepted,,augmented_copy2_jitter3d
2019-04-18,Turbidity,24.3239,NTRU,,USGS-05331580,"MISSISSIPPI RIVER BELOW L&D 2 AT HASTINGS, MN",3.6232393983022417,,Accepted,,augmented_copy3_jitter2d
2019-04-19,Phosphorus,0.1357,mg/l as P,,USGS-05331580,"MISSISSIPPI RIVER BELOW L&D 2 AT HASTINGS, MN",3.6232393983022417,,Accepted,,augmented_copy1_jitter3d
2019-04-13,Phosphorus,0.1349,mg/l as P,,USGS-05331580,"MISSISSIPPI RIVER BELOW L&D 2 AT HASTINGS, MN",3.6232393983022417,,Accepted,,augmented_copy2_jitter-3d
2019-04-17,Phosphorus,0.1362,mg/l as P,,USGS-05331580,"MISSISSIPPI RIVER BELOW L&D 2 AT HASTINGS, MN",3.6232393983022417,,Accepted,,augmented_copy3_jitter1d
2019-04-14,Nitrogen,0.257,mg/l,,USGS-05331580,"MISSISSIPPI RIVER BELOW L&D 2 AT HASTINGS, MN",3.6232393983022417,,Accepted,,augmented_copy1_jitter-2d
2019-04-13,Nitrogen,0.2568,mg/l,,USGS-05331580,"MISSISSIPPI RIVER BELOW L&D 2 AT HASTINGS, MN",3.6232393983022417,,Accepted,,augmented_copy2_jitter-3d
2019-04-17,Nitrogen,0.2643,mg/l,,USGS-05331580,"MISSISSIPPI RIVER BELOW L&D 2 AT HASTINGS, MN",3.6232393983022417,,Accepted,,augmented_copy3_jitter1d
2019-04-17,Phosphorus,0.2411,mg/l as P,,USGS-05331580,"MISSISSIPPI RIVER BELOW L&D 2 AT HASTINGS, MN",3.6232393983022417,,Accepted,,augmented_copy1_jitter1d
2019-04-13,Phosphorus,0.2424,mg/l as P,,USGS-05331580,"MISSISSIPPI RIVER BELOW L&D 2 AT HASTINGS, MN",3.6232393983022417,,Accepted,,augmented_copy2_jitter-3d
2019-04-13,Phosphorus,0.2338,mg/l as P,,USGS-05331580,"MISSISSIPPI RIVER BELOW L&D 2 AT HASTINGS, MN",3.6232393983022417,,Accepted,,augmented_copy3_jitter-3d
2019-04-23,Phosphorus,0.2141,mg/l as P,,USGS-05331580,"MISSISSIPPI RIVER BELOW L&D 2 AT HASTINGS, MN",3.6232393983022417,,Accepted,,augmented_copy1_jitter-1d
2019-04-23,Phosphorus,0.2194,mg/l as P,,USGS-05331580,"MISSISSIPPI RIVER BELOW L&D 2 AT HASTINGS, MN",3.6232393983022417,,Accepted,,augmented_copy2_jitter-1d
2019-04-21,Phosphorus,0.2102,mg/l as P,,USGS-05331580,"MISSISSIPPI RIVER BELOW L&D 2 AT HASTINGS, MN",3.6232393983022417,,Accepted,,augmented_copy3_jitter-3d
2019-04-27,Phosphorus,0.1163,mg/l as P,,USGS-05331580,"MISSISSIPPI RIVER BELOW L&D 2 AT HASTINGS, MN",3.6232393983022417,,Accepted,,augmented_copy1_jitter3d
2019-04-23,Phosphorus,0.1188,mg/l as P,,USGS-05331580,"MISSISSIPPI RIVER BELOW L&D 2 AT HASTINGS, MN",3.6232393983022417,,Accepted,,augmented_copy2_jitter-1d
2019-04-21,Phosphorus,0.1108,mg/l as P,,USGS-05331580,"MISSISSIPPI RIVER BELOW L&D 2 AT HASTINGS, MN",3.6232393983022417,,Accepted,,augmented_copy3_jitter-3d
2019-04-26,Nitrogen,0.2638,mg/l,,USGS-05331580,"MISSISSIPPI RIVER BELOW L&D 2 AT HASTINGS, MN",3.6232393983022417,,Accepted,,augmented_copy1_jitter2d
2019-04-25,Nitrogen,0.2753,mg/l,,USGS-05331580,"MISSISSIPPI RIVER BELOW L&D 2 AT HASTINGS, MN",3.6232393983022417,,Accepted,,augmented_copy2_jitter1d
2019-04-27,Nitrogen,0.2824,mg/l,,USGS-05331580,"MISSISSIPPI RIVER BELOW L&D 2 AT HASTINGS, MN",3.6232393983022417,,Accepted,,augmented_copy3_jitter3d
2019-04-26,Turbidity,56.8131,NTRU,,USGS-05331580,"MISSISSIPPI RIVER BELOW L&D 2 AT HASTINGS, MN",3.6232393983022417,,Accepted,,augmented_copy1_jitter2d
2019-04-25,Turbidity,55.9775,NTRU,,USGS-05331580,"MISSISSIPPI RIVER BELOW L&D 2 AT HASTINGS, MN",3.6232393983022417,,Accepted,,augmented_copy2_jitter1d
2019-04-25,Turbidity,55.9086,NTRU,,USGS-05331580,"MISSISSIPPI RIVER BELOW L&D 2 AT HASTINGS, MN",3.6232393983022417,,Accepted,,augmented_copy3_jitter1d
2019-05-19,Turbidity,16.6652,NTRU,,USGS-05331580,"MISSISSIPPI RIVER BELOW L&D 2 AT HASTINGS, MN",3.6232393983022417,,Accepted,,augmented_copy1_jitter-1d
2019-05-19,Turbidity,15.7844,NTRU,,USGS-05331580,"MISSISSIPPI RIVER BELOW L&D 2 AT HASTINGS, MN",3.6232393983022417,,Accepted,,augmented_copy2_jitter-1d
2019-05-18,Turbidity,16.706,NTRU,,USGS-05331580,"MISSISSIPPI RIVER BELOW L&D 2 AT HASTINGS, MN",3.6232393983022417,,Accepted,,augmented_copy3_jitter-2d
2019-05-19,Nitrogen,0.3159,mg/l,,USGS-05331580,"MISSISSIPPI RIVER BELOW L&D 2 AT HASTINGS, MN",3.6232393983022417,,Accepted,,augmented_copy1_jitter-1d
2019-05-23,Nitrogen,0.3111,mg/l,,USGS-05331580,"MISSISSIPPI RIVER BELOW L&D 2 AT HASTINGS, MN",3.6232393983022417,,Accepted,,augmented_copy2_jitter3d
2019-05-19,Nitrogen,0.3074,mg/l,,USGS-05331580,"MISSISSIPPI RIVER BELOW L&D 2 AT HASTINGS, MN",3.6232393983022417,,Accepted,,augmented_copy3_jitter-1d
2019-05-18,Phosphorus,,,,USGS-05331580,"MISSISSIPPI RIVER BELOW L&D 2 AT HASTINGS, MN",3.6232393983022417,Not Detected,Accepted,,augmented_copy1_jitter-2d
2019-05-21,Phosphorus,,,,USGS-05331580,"MISSISSIPPI RIVER BELOW L&D 2 AT HASTINGS, MN",3.6232393983022417,Not Detected,Accepted,,augmented_copy2_jitter1d
2019-05-18,Phosphorus,,,,USGS-05331580,"MISSISSIPPI RIVER BELOW L&D 2 AT HASTINGS, MN",3.6232393983022417,Not Detected,Accepted,,augmented_copy3_jitter-2d
2019-05-17,Phosphorus,0.1029,mg/l as P,,USGS-05331580,"MISSISSIPPI RIVER BELOW L&D 2 AT HASTINGS, MN",3.6232393983022417,,Accepted,,augmented_copy1_jitter-3d
2019-05-23,Phosphorus,0.0908,mg/l as P,,USGS-05331580,"MISSISSIPPI RIVER BELOW L&D 2 AT HASTINGS, MN",3.6232393983022417,,Accepted,,augmented_copy2_jitter3d
2019-05-18,Phosphorus,0.0809,mg/l as P,,USGS-05331580,"MISSISSIPPI RIVER BELOW L&D 2 AT HASTINGS, MN",3.6232393983022417,,Accepted,,augmented_copy3_jitter-2d
2019-06-01,Turbidity,12.9797,NTRU,,USGS-05331580,"MISSISSIPPI RIVER BELOW L&D 2 AT HASTINGS, MN",3.6232393983022417,,Accepted,,augmented_copy1_jitter3d
2019-05-26,Turbidity,12.8952,NTRU,,USGS-05331580,"MISSISSIPPI RIVER BELOW L&D 2 AT HASTINGS, MN",3.6232393983022417,,Accepted,,augmented_copy2_jitter-3d
2019-05-28,Turbidity,12.3992,NTRU,,USGS-05331580,"MISSISSIPPI RIVER BELOW L&D 2 AT HASTINGS, MN",3.6232393983022417,,Accepted,,augmented_copy3_jitter-1d
2019-05-26,Phosphorus,0.0967,mg/l as P,,USGS-05331580,"MISSISSIPPI RIVER BELOW L&D 2 AT HASTINGS, MN",3.6232393983022417,,Accepted,,augmented_copy1_jitter-3d
2019-05-26,Phosphorus,0.1142,mg/l as P,,USGS-05331580,"MISSISSIPPI RIVER BELOW L&D 2 AT HASTINGS, MN",3.6232393983022417,,Accepted,,augmented_copy2_jitter-3d
2019-05-28,Phosphorus,0.0907,mg/l as P,,USGS-05331580,"MISSISSIPPI RIVER BELOW L&D 2 AT HASTINGS, MN",3.6232393983022417,,Accepted,,augmented_copy3_jitter-1d
2019-05-30,Phosphorus,0.029,mg/l as P,,USGS-05331580,"MISSISSIPPI RIVER BELOW L&D 2 AT HASTINGS, MN",3.6232393983022417,,Accepted,,augmented_copy1_jitter1d
2019-05-30,Phosphorus,0.0322,mg/l as P,,USGS-05331580,"MISSISSIPPI RIVER BELOW L&D 2 AT HASTINGS, MN",3.6232393983022417,,Accepted,,augmented_copy2_jitter1d
2019-06-01,Phosphorus,0.0318,mg/l as P,,USGS-05331580,"MISSISSIPPI RIVER BELOW L&D 2 AT HASTINGS, MN",3.6232393983022417,,Accepted,,augmented_copy3_jitter3d
2019-05-31,Nitrogen,0.1553,mg/l,,USGS-05331580,"MISSISSIPPI RIVER BELOW L&D 2 AT HASTINGS, MN",3.6232393983022417,,Accepted,,augmented_copy1_jitter2d
2019-05-27,Nitrogen,0.1574,mg/l,,USGS-05331580,"MISSISSIPPI RIVER BELOW L&D 2 AT HASTINGS, MN",3.6232393983022417,,Accepted,,augmented_copy2_jitter-2d
2019-06-01,Nitrogen,0.1592,mg/l,,USGS-05331580,"MISSISSIPPI RIVER BELOW L&D 2 AT HASTINGS, MN",3.6232393983022417,,Accepted,,augmented_copy3_jitter3d
2019-06-17,Chlorophyll a,20.149,ug/l,,USGS-05331580,"MISSISSIPPI RIVER BELOW L&D 2 AT HASTINGS, MN",3.6232393983022417,,Accepted,,augmented_copy1_jitter-1d
2019-06-19,Chlorophyll a,20.5102,ug/l,,USGS-05331580,"MISSISSIPPI RIVER BELOW L&D 2 AT HASTINGS, MN",3.6232393983022417,,Accepted,,augmented_copy2_jitter1d
2019-06-20,Chlorophyll a,20.0459,ug/l,,USGS-05331580,"MISSISSIPPI RIVER BELOW L&D 2 AT HASTINGS, MN",3.6232393983022417,,Accepted,,augmented_copy3_jitter2d
2019-06-20,Turbidity,22.1436,NTRU,,USGS-05331580,"MISSISSIPPI RIVER BELOW L&D 2 AT HASTINGS, MN",3.6232393983022417,,Accepted,The holding time for the processing of this sample has been exceeded,augmented_copy1_jitter2d
2019-06-20,Turbidity,22.0425,NTRU,,USGS-05331580,"MISSISSIPPI RIVER BELOW L&D 2 AT HASTINGS, MN",3.6232393983022417,,Accepted,The holding time for the processing of this sample has been exceeded,augmented_copy2_jitter2d
2019-06-16,Turbidity,22.8358,NTRU,,USGS-05331580,"MISSISSIPPI RIVER BELOW L&D 2 AT HASTINGS, MN",3.6232393983022417,,Accepted,The holding time for the processing of this sample has been exceeded,augmented_copy3_jitter-2d
2019-06-20,Nitrogen,0.1974,mg/l,,USGS-05331580,"MISSISSIPPI RIVER BELOW L&D 2 AT HASTINGS, MN",3.6232393983022417,,Accepted,,augmented_copy1_jitter2d
2019-06-20,Nitrogen,0.1899,mg/l,,USGS-05331580,"MISSISSIPPI RIVER BELOW L&D 2 AT HASTINGS, MN",3.6232393983022417,,Accepted,,augmented_copy2_jitter2d
2019-06-17,Nitrogen,0.1987,mg/l,,USGS-05331580,"MISSISSIPPI RIVER BELOW L&D 2 AT HASTINGS, MN",3.6232393983022417,,Accepted,,augmented_copy3_jitter-1d
2019-06-15,Phosphorus,0.0597,mg/l as P,,USGS-05331580,"MISSISSIPPI RIVER BELOW L&D 2 AT HASTINGS, MN",3.6232393983022417,,Accepted,,augmented_copy1_jitter-3d
2019-06-16,Phosphorus,0.0614,mg/l as P,,USGS-05331580,"MISSISSIPPI RIVER BELOW L&D 2 AT HASTINGS, MN",3.6232393983022417,,Accepted,,augmented_copy2_jitter-2d
2019-06-16,Phosphorus,0.0678,mg/l as P,,USGS-05331580,"MISSISSIPPI RIVER BELOW L&D 2 AT HASTINGS, MN",3.6232393983022417,,Accepted,,augmented_copy3_jitter-2d
2019-06-16,Phosphorus,0.1169,mg/l as P,,USGS-05331580,"MISSISSIPPI RIVER BELOW L&D 2 AT HASTINGS, MN",3.6232393983022417,,Accepted,,augmented_copy1_jitter-2d
2019-06-16,Phosphorus,0.133,mg/l as P,,USGS-05331580,"MISSISSIPPI RIVER BELOW L&D 2 AT HASTINGS, MN",3.6232393983022417,,Accepted,,augmented_copy2_jitter-2d
2019-06-19,Phosphorus,0.131,mg/l as P,,USGS-05331580,"MISSISSIPPI RIVER BELOW L&D 2 AT HASTINGS, MN",3.6232393983022417,,Accepted,,augmented_copy3_jitter1d
2019-06-26,Nitrogen,0.2659,mg/l,,USGS-05331580,"MISSISSIPPI RIVER BELOW L&D 2 AT HASTINGS, MN",3.6232393983022417,,Accepted,,augmented_copy1_jitter1d
2019-06-27,Nitrogen,0.262,mg/l,,USGS-05331580,"MISSISSIPPI RIVER BELOW L&D 2 AT HASTINGS, MN",3.6232393983022417,,Accepted,,augmented_copy2_jitter2d
2019-06-28,Nitrogen,0.2665,mg/l,,USGS-05331580,"MISSISSIPPI RIVER BELOW L&D 2 AT HASTINGS, MN",3.6232393983022417,,Accepted,,augmented_copy3_jitter3d
2019-06-24,Phosphorus,0.1596,mg/l as P,,USGS-05331580,"MISSISSIPPI RIVER BELOW L&D 2 AT HASTINGS, MN",3.6232393983022417,,Accepted,,augmented_copy1_jitter-1d
2019-06-24,Phosphorus,0.1669,mg/l as P,,USGS-05331580,"MISSISSIPPI RIVER BELOW L&D 2 AT HASTINGS, MN",3.6232393983022417,,Accepted,,augmented_copy2_jitter-1d
2019-06-22,Phosphorus,0.1554,mg/l as P,,USGS-05331580,"MISSISSIPPI RIVER BELOW L&D 2 AT HASTINGS, MN",3.6232393983022417,,Accepted,,augmented_copy3_jitter-3d
2019-06-28,Turbidity,33.5697,NTRU,,USGS-05331580,"MISSISSIPPI RIVER BELOW L&D 2 AT HASTINGS, MN",3.6232393983022417,,Accepted,The holding time for the processing of this sample has been exceeded,augmented_copy1_jitter3d
2019-06-26,Turbidity,33.1087,NTRU,,USGS-05331580,"MISSISSIPPI RIVER BELOW L&D 2 AT HASTINGS, MN",3.6232393983022417,,Accepted,The holding time for the processing of this sample has been exceeded,augmented_copy2_jitter1d
2019-06-22,Turbidity,34.9952,NTRU,,USGS-05331580,"MISSISSIPPI RIVER BELOW L&D 2 AT HASTINGS, MN",3.6232393983022417,,Accepted,The holding time for the processing of this sample has been exceeded,augmented_copy3_jitter-3d
2019-06-27,Chlorophyll a,13.0009,ug/l,,USGS-05331580,"MISSISSIPPI RIVER BELOW L&D 2 AT HASTINGS, MN",3.6232393983022417,,Accepted,,augmented_copy1_jitter2d
2019-06-28,Chlorophyll a,13.0474,ug/l,,USGS-05331580,"MISSISSIPPI RIVER BELOW L&D 2 AT HASTINGS, MN",3.6232393983022417,,Accepted,,augmented_copy2_jitter3d
2019-06-23,Chlorophyll a,12.8522,ug/l,,USGS-05331580,"MISSISSIPPI RIVER BELOW L&D 2 AT HASTINGS, MN",3.6232393983022417,,Accepted,,augmented_copy3_jitter-2d
2019-06-24,Phosphorus,0.0915,mg/l as P,,USGS-05331580,"MISSISSIPPI RIVER BELOW L&D 2 AT HASTINGS, MN",3.6232393983022417,,Accepted,,augmented_copy1_jitter-1d
2019-06-23,Phosphorus,0.0924,mg/l as P,,USGS-05331580,"MISSISSIPPI RIVER BELOW L&D 2 AT HASTINGS, MN",3.6232393983022417,,Accepted,,augmented_copy2_jitter-2d
2019-06-24,Phosphorus,0.0918,mg/l as P,,USGS-05331580,"MISSISSIPPI RIVER BELOW L&D 2 AT HASTINGS, MN",3.6232393983022417,,Accepted,,augmented_copy3_jitter-1d
2019-07-15,Phosphorus,0.184,mg/l as P,,USGS-05331580,"MISSISSIPPI RIVER BELOW L&D 2 AT HASTINGS, MN",3.6232393983022417,,Accepted,,augmented_copy1_jitter-2d
2019-07-19,Phosphorus,0.1969,mg/l as P,,USGS-05331580,"MISSISSIPPI RIVER BELOW L&D 2 AT HASTINGS, MN",3.6232393983022417,,Accepted,,augmented_copy2_jitter2d
2019-07-15,Phosphorus,0.1898,mg/l as P,,USGS-05331580,"MISSISSIPPI RIVER BELOW L&D 2 AT HASTINGS, MN",3.6232393983022417,,Accepted,,augmented_copy3_jitter-2d
2019-07-15,Phosphorus,0.0969,mg/l as P,,USGS-05331580,"MISSISSIPPI RIVER BELOW L&D 2 AT HASTINGS, MN",3.6232393983022417,,Accepted,,augmented_copy1_jitter-2d
2019-07-16,Phosphorus,0.1037,mg/l as P,,USGS-05331580,"MISSISSIPPI RIVER BELOW L&D 2 AT HASTINGS, MN",3.6232393983022417,,Accepted,,augmented_copy2_jitter-1d
2019-07-15,Phosphorus,0.1033,mg/l as P,,USGS-05331580,"MISSISSIPPI RIVER BELOW L&D 2 AT HASTINGS, MN",3.6232393983022417,,Accepted,,augmented_copy3_jitter-2d
2019-07-19,Nitrogen,0.3625,mg/l,,USGS-05331580,"MISSISSIPPI RIVER BELOW L&D 2 AT HASTINGS, MN",3.6232393983022417,,Accepted,,augmented_copy1_jitter2d
2019-07-15,Nitrogen,0.3522,mg/l,,USGS-05331580,"MISSISSIPPI RIVER BELOW L&D 2 AT HASTINGS, MN",3.6232393983022417,,Accepted,,augmented_copy2_jitter-2d
2019-07-18,Nitrogen,0.3516,mg/l,,USGS-05331580,"MISSISSIPPI RIVER BELOW L&D 2 AT HASTINGS, MN",3.6232393983022417,,Accepted,,augmented_copy3_jitter1d
2019-07-20,Turbidity,30.8825,NTRU,,USGS-05331580,"MISSISSIPPI RIVER BELOW L&D 2 AT HASTINGS, MN",3.6232393983022417,,Accepted,,augmented_copy1_jitter3d
2019-07-14,Turbidity,31.7775,NTRU,,USGS-05331580,"MISSISSIPPI RIVER BELOW L&D 2 AT HASTINGS, MN",3.6232393983022417,,Accepted,,augmented_copy2_jitter-3d
2019-07-14,Turbidity,31.145,NTRU,,USGS-05331580,"MISSISSIPPI RIVER BELOW L&D 2 AT HASTINGS, MN",3.6232393983022417,,Accepted,,augmented_copy3_jitter-3d
2019-07-19,Chlorophyll a,16.0415,ug/l,,USGS-05331580,"MISSISSIPPI RIVER BELOW L&D 2 AT HASTINGS, MN",3.6232393983022417,,Accepted,,augmented_copy1_jitter2d
2019-07-20,Chlorophyll a,16.0116,ug/l,,USGS-05331580,"MISSISSIPPI RIVER BELOW L&D 2 AT HASTINGS, MN",3.6232393983022417,,Accepted,,augmented_copy2_jitter3d
2019-07-14,Chlorophyll a,15.9751,ug/l,,USGS-05331580,"MISSISSIPPI RIVER BELOW L&D 2 AT HASTINGS, MN",3.6232393983022417,,Accepted,,augmented_copy3_jitter-3d
2019-07-27,Phosphorus,0.1213,mg/l as P,,USGS-05331580,"MISSISSIPPI RIVER BELOW L&D 2 AT HASTINGS, MN",3.6232393983022417,,Accepted,,augmented_copy1_jitter3d
2019-07-26,Phosphorus,0.1286,mg/l as P,,USGS-05331580,"MISSISSIPPI RIVER BELOW L&D 2 AT HASTINGS, MN",3.6232393983022417,,Accepted,,augmented_copy2_jitter2d
2019-07-21,Phosphorus,0.1338,mg/l as P,,USGS-05331580,"MISSISSIPPI RIVER BELOW L&D 2 AT HASTINGS, MN",3.6232393983022417,,Accepted,,augmented_copy3_jitter-3d
2019-07-27,Nitrogen,0.2367,mg/l,,USGS-05331580,"MISSISSIPPI RIVER BELOW L&D 2 AT HASTINGS, MN",3.6232393983022417,,Accepted,,augmented_copy1_jitter3d
2019-07-27,Nitrogen,0.2425,mg/l,,USGS-05331580,"MISSISSIPPI RIVER BELOW L&D 2 AT HASTINGS, MN",3.6232393983022417,,Accepted,,augmented_copy2_jitter3d
2019-07-22,Nitrogen,0.2344,mg/l,,USGS-05331580,"MISSISSIPPI RIVER BELOW L&D 2 AT HASTINGS, MN",3.6232393983022417,,Accepted,,augmented_copy3_jitter-2d
2019-07-27,Turbidity,34.6421,NTRU,,USGS-05331580,"MISSISSIPPI RIVER BELOW L&D 2 AT HASTINGS, MN",3.6232393983022417,,Accepted,,augmented_copy1_jitter3d
2019-07-22,Turbidity,36.0209,NTRU,,USGS-05331580,"MISSISSIPPI RIVER BELOW L&D 2 AT HASTINGS, MN",3.6232393983022417,,Accepted,,augmented_copy2_jitter-2d
2019-07-26,Turbidity,35.6955,NTRU,,USGS-05331580,"MISSISSIPPI RIVER BELOW L&D 2 AT HASTINGS, MN",3.6232393983022417,,Accepted,,augmented_copy3_jitter2d
2019-07-27,Phosphorus,0.2124,mg/l as P,,USGS-05331580,"MISSISSIPPI RIVER BELOW L&D 2 AT HASTINGS, MN",3.6232393983022417,,Accepted,,augmented_copy1_jitter3d
2019-07-25,Phosphorus,0.2255,mg/l as P,,USGS-05331580,"MISSISSIPPI RIVER BELOW L&D 2 AT HASTINGS, MN",3.6232393983022417,,Accepted,,augmented_copy2_jitter1d
2019-07-22,Phosphorus,0.2091,mg/l as P,,USGS-05331580,"MISSISSIPPI RIVER BELOW L&D 2 AT HASTINGS, MN",3.6232393983022417,,Accepted,,augmented_copy3_jitter-2d
2019-07-22,Chlorophyll a,12.5391,ug/l,,USGS-05331580,"MISSISSIPPI RIVER BELOW L&D 2 AT HASTINGS, MN",3.6232393983022417,,Accepted,,augmented_copy1_jitter-2d
2019-07-27,Chlorophyll a,12.5747,ug/l,,USGS-05331580,"MISSISSIPPI RIVER BELOW L&D 2 AT HASTINGS, MN",3.6232393983022417,,Accepted,,augmented_copy2_jitter3d
2019-07-22,Chlorophyll a,12.8587,ug/l,,USGS-05331580,"MISSISSIPPI RIVER BELOW L&D 2 AT HASTINGS, MN",3.6232393983022417,,Accepted,,augmented_copy3_jitter-2d
2019-08-05,Phosphorus,0.1526,mg/l as P,,USGS-05331580,"MISSISSIPPI RIVER BELOW L&D 2 AT HASTINGS, MN",3.6232393983022417,,Accepted,,augmented_copy1_jitter-1d
2019-08-04,Phosphorus,0.1489,mg/l as P,,USGS-05331580,"MISSISSIPPI RIVER BELOW L&D 2 AT HASTINGS, MN",3.6232393983022417,,Accepted,,augmented_copy2_jitter-2d
2019-08-09,Phosphorus,0.1533,mg/l as P,,USGS-05331580,"MISSISSIPPI RIVER BELOW L&D 2 AT HASTINGS, MN",3.6232393983022417,,Accepted,,augmented_copy3_jitter3d
2019-08-08,Phosphorus,0.0694,mg/l as P,,USGS-05331580,"MISSISSIPPI RIVER BELOW L&D 2 AT HASTINGS, MN",3.6232393983022417,,Accepted,,augmented_copy1_jitter2d
2019-08-04,Phosphorus,0.0743,mg/l as P,,USGS-05331580,"MISSISSIPPI RIVER BELOW L&D 2 AT HASTINGS, MN",3.6232393983022417,,Accepted,,augmented_copy2_jitter-2d
2019-08-04,Phosphorus,0.0625,mg/l as P,,USGS-05331580,"MISSISSIPPI RIVER BELOW L&D 2 AT HASTINGS, MN",3.6232393983022417,,Accepted,,augmented_copy3_jitter-2d
2019-08-07,Nitrogen,0.3281,mg/l,,USGS-05331580,"MISSISSIPPI RIVER BELOW L&D 2 AT HASTINGS, MN",3.6232393983022417,,Accepted,,augmented_copy1_jitter1d
2019-08-09,Nitrogen,0.3232,mg/l,,USGS-05331580,"MISSISSIPPI RIVER BELOW L&D 2 AT HASTINGS, MN",3.6232393983022417,,Accepted,,augmented_copy2_jitter3d
2019-08-08,Nitrogen,0.3292,mg/l,,USGS-05331580,"MISSISSIPPI RIVER BELOW L&D 2 AT HASTINGS, MN",3.6232393983022417,,Accepted,,augmented_copy3_jitter2d
2019-08-08,Turbidity,23.2404,NTRU,,USGS-05331580,"MISSISSIPPI RIVER BELOW L&D 2 AT HASTINGS, MN",3.6232393983022417,,Accepted,,augmented_copy1_jitter2d
2019-08-05,Turbidity,22.4439,NTRU,,USGS-05331580,"MISSISSIPPI RIVER BELOW L&D 2 AT HASTINGS, MN",3.6232393983022417,,Accepted,,augmented_copy2_jitter-1d
2019-08-05,Turbidity,24.1208,NTRU,,USGS-05331580,"MISSISSIPPI RIVER BELOW L&D 2 AT HASTINGS, MN",3.6232393983022417,,Accepted,,augmented_copy3_jitter-1d
2019-08-09,Chlorophyll a,5.8284,ug/l,,USGS-05331580,"MISSISSIPPI RIVER BELOW L&D 2 AT HASTINGS, MN",3.6232393983022417,,Accepted,,augmented_copy1_jitter3d
2019-08-09,Chlorophyll a,6.0341,ug/l,,USGS-05331580,"MISSISSIPPI RIVER BELOW L&D 2 AT HASTINGS, MN",3.6232393983022417,,Accepted,,augmented_copy2_jitter3d
2019-08-07,Chlorophyll a,5.9461,ug/l,,USGS-05331580,"MISSISSIPPI RIVER BELOW L&D 2 AT HASTINGS, MN",3.6232393983022417,,Accepted,,augmented_copy3_jitter1d
2019-10-21,Chlorophyll a,10.2869,ug/l,,USGS-05331580,"MISSISSIPPI RIVER BELOW L&D 2 AT HASTINGS, MN",3.6232393983022417,,Accepted,,augmented_copy1_jitter-2d
2019-10-21,Chlorophyll a,10.2526,ug/l,,USGS-05331580,"MISSISSIPPI RIVER BELOW L&D 2 AT HASTINGS, MN",3.6232393983022417,,Accepted,,augmented_copy2_jitter-2d
2019-10-26,Chlorophyll a,10.3023,ug/l,,USGS-05331580,"MISSISSIPPI RIVER BELOW L&D 2 AT HASTINGS, MN",3.6232393983022417,,Accepted,,augmented_copy3_jitter3d
2019-10-22,Turbidity,17.4557,NTRU,,USGS-05331580,"MISSISSIPPI RIVER BELOW L&D 2 AT HASTINGS, MN",3.6232393983022417,,Accepted,,augmented_copy1_jitter-1d
2019-10-22,Turbidity,17.5829,NTRU,,USGS-05331580,"MISSISSIPPI RIVER BELOW L&D 2 AT HASTINGS, MN",3.6232393983022417,,Accepted,,augmented_copy2_jitter-1d
2019-10-26,Turbidity,15.4037,NTRU,,USGS-05331580,"MISSISSIPPI RIVER BELOW L&D 2 AT HASTINGS, MN",3.6232393983022417,,Accepted,,augmented_copy3_jitter3d
2019-10-20,Nitrogen,0.192,mg/l,,USGS-05331580,"MISSISSIPPI RIVER BELOW L&D 2 AT HASTINGS, MN",3.6232393983022417,,Accepted,,augmented_copy1_jitter-3d
2019-10-22,Nitrogen,0.1915,mg/l,,USGS-05331580,"MISSISSIPPI RIVER BELOW L&D 2 AT HASTINGS, MN",3.6232393983022417,,Accepted,,augmented_copy2_jitter-1d
2019-10-21,Nitrogen,0.1822,mg/l,,USGS-05331580,"MISSISSIPPI RIVER BELOW L&D 2 AT HASTINGS, MN",3.6232393983022417,,Accepted,,augmented_copy3_jitter-2d
2019-10-22,Phosphorus,0.0476,mg/l as P,,USGS-05331580,"MISSISSIPPI RIVER BELOW L&D 2 AT HASTINGS, MN",3.6232393983022417,,Accepted,,augmented_copy1_jitter-1d
2019-10-22,Phosphorus,0.0491,mg/l as P,,USGS-05331580,"MISSISSIPPI RIVER BELOW L&D 2 AT HASTINGS, MN",3.6232393983022417,,Accepted,,augmented_copy2_jitter-1d
2019-10-25,Phosphorus,0.0424,mg/l as P,,USGS-05331580,"MISSISSIPPI RIVER BELOW L&D 2 AT HASTINGS, MN",3.6232393983022417,,Accepted,,augmented_copy3_jitter2d
2019-10-24,Phosphorus,0.0855,mg/l as P,,USGS-05331580,"MISSISSIPPI RIVER BELOW L&D 2 AT HASTINGS, MN",3.6232393983022417,,Accepted,,augmented_copy1_jitter1d
2019-10-26,Phosphorus,0.0868,mg/l as P,,USGS-05331580,"MISSISSIPPI RIVER BELOW L&D 2 AT HASTINGS, MN",3.6232393983022417,,Accepted,,augmented_copy2_jitter3d
2019-10-25,Phosphorus,0.0851,mg/l as P,,USGS-05331580,"MISSISSIPPI RIVER BELOW L&D 2 AT HASTINGS, MN",3.6232393983022417,,Accepted,,augmented_copy3_jitter2d
2019-11-26,Turbidity,7.7546,NTRU,,USGS-05331580,"MISSISSIPPI RIVER BELOW L&D 2 AT HASTINGS, MN",3.6232393983022417,,Accepted,,augmented_copy1_jitter1d
2019-11-26,Turbidity,8.9249,NTRU,,USGS-05331580,"MISSISSIPPI RIVER BELOW L&D 2 AT HASTINGS, MN",3.6232393983022417,,Accepted,,augmented_copy2_jitter1d
2019-11-28,Turbidity,8.9212,NTRU,,USGS-05331580,"MISSISSIPPI RIVER BELOW L&D 2 AT HASTINGS, MN",3.6232393983022417,,Accepted,,augmented_copy3_jitter3d
2019-11-27,Nitrogen,0.1211,mg/l,,USGS-05331580,"MISSISSIPPI RIVER BELOW L&D 2 AT HASTINGS, MN",3.6232393983022417,,Accepted,,augmented_copy1_jitter2d
2019-11-28,Nitrogen,0.1156,mg/l,,USGS-05331580,"MISSISSIPPI RIVER BELOW L&D 2 AT HASTINGS, MN",3.6232393983022417,,Accepted,,augmented_copy2_jitter3d
2019-11-23,Nitrogen,0.1162,mg/l,,USGS-05331580,"MISSISSIPPI RIVER BELOW L&D 2 AT HASTINGS, MN",3.6232393983022417,,Accepted,,augmented_copy3_jitter-2d
2019-11-26,Phosphorus,,,,USGS-05331580,"MISSISSIPPI RIVER BELOW L&D 2 AT HASTINGS, MN",3.6232393983022417,Not Detected,Accepted,,augmented_copy1_jitter1d
2019-11-22,Phosphorus,,,,USGS-05331580,"MISSISSIPPI RIVER BELOW L&D 2 AT HASTINGS, MN",3.6232393983022417,Not Detected,Accepted,,augmented_copy2_jitter-3d
2019-11-22,Phosphorus,,,,USGS-05331580,"MISSISSIPPI RIVER BELOW L&D 2 AT HASTINGS, MN",3.6232393983022417,Not Detected,Accepted,,augmented_copy3_jitter-3d
2019-11-28,Phosphorus,0.0554,mg/l as P,,USGS-05331580,"MISSISSIPPI RIVER BELOW L&D 2 AT HASTINGS, MN",3.6232393983022417,,Accepted,The holding time for the processing of this sample has been exceeded,augmented_copy1_jitter3d
2019-11-23,Phosphorus,0.0489,mg/l as P,,USGS-05331580,"MISSISSIPPI RIVER BELOW L&D 2 AT HASTINGS, MN",3.6232393983022417,,Accepted,The holding time for the processing of this sample has been exceeded,augmented_copy2_jitter-2d
2019-11-27,Phosphorus,0.0417,mg/l as P,,USGS-05331580,"MISSISSIPPI RIVER BELOW L&D 2 AT HASTINGS, MN",3.6232393983022417,,Accepted,The holding time for the processing of this sample has been exceeded,augmented_copy3_jitter2d
2019-12-06,Phosphorus,0.0404,mg/l as P,,USGS-05331580,"MISSISSIPPI RIVER BELOW L&D 2 AT HASTINGS, MN",3.6232393983022417,,Accepted,,augmented_copy1_jitter1d
2019-12-04,Phosphorus,0.0401,mg/l as P,,USGS-05331580,"MISSISSIPPI RIVER BELOW L&D 2 AT HASTINGS, MN",3.6232393983022417,,Accepted,,augmented_copy2_jitter-1d
2019-12-03,Phosphorus,0.0358,mg/l as P,,USGS-05331580,"MISSISSIPPI RIVER BELOW L&D 2 AT HASTINGS, MN",3.6232393983022417,,Accepted,,augmented_copy3_jitter-2d
2019-12-07,Phosphorus,,,,USGS-05331580,"MISSISSIPPI RIVER BELOW L&D 2 AT HASTINGS, MN",3.6232393983022417,Not Detected,Accepted,,augmented_copy1_jitter2d
2019-12-03,Phosphorus,,,,USGS-05331580,"MISSISSIPPI RIVER BELOW L&D 2 AT HASTINGS, MN",3.6232393983022417,Not Detected,Accepted,,augmented_copy2_jitter-2d
2019-12-07,Phosphorus,,,,USGS-05331580,"MISSISSIPPI RIVER BELOW L&D 2 AT HASTINGS, MN",3.6232393983022417,Not Detected,Accepted,,augmented_copy3_jitter2d
2019-12-08,Nitrogen,0.0842,mg/l,,USGS-05331580,"MISSISSIPPI RIVER BELOW L&D 2 AT HASTINGS, MN",3.6232393983022417,,Accepted,,augmented_copy1_jitter3d
2019-12-02,Nitrogen,0.0873,mg/l,,USGS-05331580,"MISSISSIPPI RIVER BELOW L&D 2 AT HASTINGS, MN",3.6232393983022417,,Accepted,,augmented_copy2_jitter-3d
2019-12-08,Nitrogen,0.0831,mg/l,,USGS-05331580,"MISSISSIPPI RIVER BELOW L&D 2 AT HASTINGS, MN",3.6232393983022417,,Accepted,,augmented_copy3_jitter3d
2019-12-06,Turbidity,6.1103,NTRU,,USGS-05331580,"MISSISSIPPI RIVER BELOW L&D 2 AT HASTINGS, MN",3.6232393983022417,,Accepted,,augmented_copy1_jitter1d
2019-12-08,Turbidity,5.8122,NTRU,,USGS-05331580,"MISSISSIPPI RIVER BELOW L&D 2 AT HASTINGS, MN",3.6232393983022417,,Accepted,,augmented_copy2_jitter3d
2019-12-04,Turbidity,6.415,NTRU,,USGS-05331580,"MISSISSIPPI RIVER BELOW L&D 2 AT HASTINGS, MN",3.6232393983022417,,Accepted,,augmented_copy3_jitter-1d
2020-01-14,Turbidity,2.1267,NTRU,,USGS-05331580,"MISSISSIPPI RIVER BELOW L&D 2 AT HASTINGS, MN",3.6232393983022417,,Accepted,,augmented_copy1_jitter1d
2020-01-12,Turbidity,3.9845,NTRU,,USGS-05331580,"MISSISSIPPI RIVER BELOW L&D 2 AT HASTINGS, MN",3.6232393983022417,,Accepted,,augmented_copy2_jitter-1d
2020-01-16,Turbidity,3.3977,NTRU,,USGS-05331580,"MISSISSIPPI RIVER BELOW L&D 2 AT HASTINGS, MN",3.6232393983022417,,Accepted,,augmented_copy3_jitter3d
2020-01-11,Nitrogen,0.0378,mg/l,,USGS-05331580,"MISSISSIPPI RIVER BELOW L&D 2 AT HASTINGS, MN",3.6232393983022417,,Accepted,,augmented_copy1_jitter-2d
2020-01-14,Nitrogen,0.0372,mg/l,,USGS-05331580,"MISSISSIPPI RIVER BELOW L&D 2 AT HASTINGS, MN",3.6232393983022417,,Accepted,,augmented_copy2_jitter1d
2020-01-11,Nitrogen,0.0487,mg/l,,USGS-05331580,"MISSISSIPPI RIVER BELOW L&D 2 AT HASTINGS, MN",3.6232393983022417,,Accepted,,augmented_copy3_jitter-2d
2020-01-11,Phosphorus,0.0392,mg/l as P,,USGS-05331580,"MISSISSIPPI RIVER BELOW L&D 2 AT HASTINGS, MN",3.6232393983022417,,Accepted,,augmented_copy1_jitter-2d
2020-01-16,Phosphorus,0.0363,mg/l as P,,USGS-05331580,"MISSISSIPPI RIVER BELOW L&D 2 AT HASTINGS, MN",3.6232393983022417,,Accepted,,augmented_copy2_jitter3d
2020-01-12,Phosphorus,0.0435,mg/l as P,,USGS-05331580,"MISSISSIPPI RIVER BELOW L&D 2 AT HASTINGS, MN",3.6232393983022417,,Accepted,,augmented_copy3_jitter-1d
2020-01-11,Phosphorus,0.0307,mg/l as P,,USGS-05331580,"MISSISSIPPI RIVER BELOW L&D 2 AT HASTINGS, MN",3.6232393983022417,,Accepted,,augmented_copy1_jitter-2d
2020-01-15,Phosphorus,0.0229,mg/l as P,,USGS-05331580,"MISSISSIPPI RIVER BELOW L&D 2 AT HASTINGS, MN",3.6232393983022417,,Accepted,,augmented_copy2_jitter2d
2020-01-15,Phosphorus,0.0282,mg/l as P,,USGS-05331580,"MISSISSIPPI RIVER BELOW L&D 2 AT HASTINGS, MN",3.6232393983022417,,Accepted,,augmented_copy3_jitter2d
2020-02-19,Phosphorus,0.0275,mg/l as P,,USGS-05331580,"MISSISSIPPI RIVER BELOW L&D 2 AT HASTINGS, MN",3.6232393983022417,,Accepted,,augmented_copy1_jitter-2d
2020-02-19,Phosphorus,0.0302,mg/l as P,,USGS-05331580,"MISSISSIPPI RIVER BELOW L&D 2 AT HASTINGS, MN",3.6232393983022417,,Accepted,,augmented_copy2_jitter-2d
2020-02-23,Phosphorus,0.0367,mg/l as P,,USGS-05331580,"MISSISSIPPI RIVER BELOW L&D 2 AT HASTINGS, MN",3.6232393983022417,,Accepted,,augmented_copy3_jitter2d
2020-02-20,Nitrogen,0.0489,mg/l,,USGS-05331580,"MISSISSIPPI RIVER BELOW L&D 2 AT HASTINGS, MN",3.6232393983022417,,Accepted,,augmented_copy1_jitter-1d
2020-02-20,Nitrogen,0.0254,mg/l,,USGS-05331580,"MISSISSIPPI RIVER BELOW L&D 2 AT HASTINGS, MN",3.6232393983022417,,Accepted,,augmented_copy2_jitter-1d
2020-02-24,Nitrogen,0.0448,mg/l,,USGS-05331580,"MISSISSIPPI RIVER BELOW L&D 2 AT HASTINGS, MN",3.6232393983022417,,Accepted,,augmented_copy3_jitter3d
2020-02-23,Turbidity,1.3973,NTRU,,USGS-05331580,"MISSISSIPPI RIVER BELOW L&D 2 AT HASTINGS, MN",3.6232393983022417,,Accepted,,augmented_copy1_jitter2d
2020-02-24,Turbidity,2.7299,NTRU,,USGS-05331580,"MISSISSIPPI RIVER BELOW L&D 2 AT HASTINGS, MN",3.6232393983022417,,Accepted,,augmented_copy2_jitter3d
2020-02-18,Turbidity,3.6283,NTRU,,USGS-05331580,"MISSISSIPPI RIVER BELOW L&D 2 AT HASTINGS, MN",3.6232393983022417,,Accepted,,augmented_copy3_jitter-3d
2020-02-23,Phosphorus,0.0473,mg/l as P,,USGS-05331580,"MISSISSIPPI RIVER BELOW L&D 2 AT HASTINGS, MN",3.6232393983022417,,Accepted,,augmented_copy1_jitter2d
2020-02-19,Phosphorus,0.0417,mg/l as P,,USGS-05331580,"MISSISSIPPI RIVER BELOW L&D 2 AT HASTINGS, MN",3.6232393983022417,,Accepted,,augmented_copy2_jitter-2d
2020-02-23,Phosphorus,0.0387,mg/l as P,,USGS-05331580,"MISSISSIPPI RIVER BELOW L&D 2 AT HASTINGS, MN",3.6232393983022417,,Accepted,,augmented_copy3_jitter2d
2020-03-07,Phosphorus,0.123,mg/l as P,,USGS-05331580,"MISSISSIPPI RIVER BELOW L&D 2 AT HASTINGS, MN",3.6232393983022417,,Accepted,,augmented_copy1_jitter1d
2020-03-05,Phosphorus,0.1159,mg/l as P,,USGS-05331580,"MISSISSIPPI RIVER BELOW L&D 2 AT HASTINGS, MN",3.6232393983022417,,Accepted,,augmented_copy2_jitter-1d
2020-03-09,Phosphorus,0.1181,mg/l as P,,USGS-05331580,"MISSISSIPPI RIVER BELOW L&D 2 AT HASTINGS, MN",3.6232393983022417,,Accepted,,augmented_copy3_jitter3d
2020-03-03,Phosphorus,0.0844,mg/l as P,,USGS-05331580,"MISSISSIPPI RIVER BELOW L&D 2 AT HASTINGS, MN",3.6232393983022417,,Accepted,,augmented_copy1_jitter-3d
2020-03-05,Phosphorus,0.0722,mg/l as P,,USGS-05331580,"MISSISSIPPI RIVER BELOW L&D 2 AT HASTINGS, MN",3.6232393983022417,,Accepted,,augmented_copy2_jitter-1d
2020-03-03,Phosphorus,0.0804,mg/l as P,,USGS-05331580,"MISSISSIPPI RIVER BELOW L&D 2 AT HASTINGS, MN",3.6232393983022417,,Accepted,,augmented_copy3_jitter-3d
2020-03-07,Nitrogen,0.1022,mg/l,,USGS-05331580,"MISSISSIPPI RIVER BELOW L&D 2 AT HASTINGS, MN",3.6232393983022417,,Accepted,"Sample submitted on 47mm filter,  subsampled filter for analysis, sample volume based on weight ratio.  For questions, contact: labhelp@usgs.gov or: Armin Burdick 303-236-3238 aburdick@usgs.gov",augmented_copy1_jitter1d
2020-03-04,Nitrogen,0.1163,mg/l,,USGS-05331580,"MISSISSIPPI RIVER BELOW L&D 2 AT HASTINGS, MN",3.6232393983022417,,Accepted,"Sample submitted on 47mm filter,  subsampled filter for analysis, sample volume based on weight ratio.  For questions, contact: labhelp@usgs.gov or: Armin Burdick 303-236-3238 aburdick@usgs.gov",augmented_copy2_jitter-2d
2020-03-09,Nitrogen,0.0941,mg/l,,USGS-05331580,"MISSISSIPPI RIVER BELOW L&D 2 AT HASTINGS, MN",3.6232393983022417,,Accepted,"Sample submitted on 47mm filter,  subsampled filter for analysis, sample volume based on weight ratio.  For questions, contact: labhelp@usgs.gov or: Armin Burdick 303-236-3238 aburdick@usgs.gov",augmented_copy3_jitter3d
2020-03-09,Turbidity,4.79,NTRU,,USGS-05331580,"MISSISSIPPI RIVER BELOW L&D 2 AT HASTINGS, MN",3.6232393983022417,,Accepted,,augmented_copy1_jitter3d
2020-03-04,Turbidity,5.2834,NTRU,,USGS-05331580,"MISSISSIPPI RIVER BELOW L&D 2 AT HASTINGS, MN",3.6232393983022417,,Accepted,,augmented_copy2_jitter-2d
2020-03-03,Turbidity,6.4815,NTRU,,USGS-05331580,"MISSISSIPPI RIVER BELOW L&D 2 AT HASTINGS, MN",3.6232393983022417,,Accepted,,augmented_copy3_jitter-3d
2020-04-21,Phosphorus,0.0459,mg/l as P,,USGS-05331580,"MISSISSIPPI RIVER BELOW L&D 2 AT HASTINGS, MN",3.6232393983022417,,Accepted,,augmented_copy1_jitter-2d
2020-04-24,Phosphorus,0.0474,mg/l as P,,USGS-05331580,"MISSISSIPPI RIVER BELOW L&D 2 AT HASTINGS, MN",3.6232393983022417,,Accepted,,augmented_copy2_jitter1d
2020-04-24,Phosphorus,0.046,mg/l as P,,USGS-05331580,"MISSISSIPPI RIVER BELOW L&D 2 AT HASTINGS, MN",3.6232393983022417,,Accepted,,augmented_copy3_jitter1d
2020-04-26,Phosphorus,,,,USGS-05331580,"MISSISSIPPI RIVER BELOW L&D 2 AT HASTINGS, MN",3.6232393983022417,Not Detected,Accepted,,augmented_copy1_jitter3d
2020-04-22,Phosphorus,,,,USGS-05331580,"MISSISSIPPI RIVER BELOW L&D 2 AT HASTINGS, MN",3.6232393983022417,Not Detected,Accepted,,augmented_copy2_jitter-1d
2020-04-21,Phosphorus,,,,USGS-05331580,"MISSISSIPPI RIVER BELOW L&D 2 AT HASTINGS, MN",3.6232393983022417,Not Detected,Accepted,,augmented_copy3_jitter-2d
2020-04-21,Nitrogen,0.2036,mg/l,,USGS-05331580,"MISSISSIPPI RIVER BELOW L&D 2 AT HASTINGS, MN",3.6232393983022417,,Accepted,,augmented_copy1_jitter-2d
2020-04-20,Nitrogen,0.2015,mg/l,,USGS-05331580,"MISSISSIPPI RIVER BELOW L&D 2 AT HASTINGS, MN",3.6232393983022417,,Accepted,,augmented_copy2_jitter-3d
2020-04-20,Nitrogen,0.1986,mg/l,,USGS-05331580,"MISSISSIPPI RIVER BELOW L&D 2 AT HASTINGS, MN",3.6232393983022417,,Accepted,,augmented_copy3_jitter-3d
2020-04-24,Turbidity,10.3411,NTRU,,USGS-05331580,"MISSISSIPPI RIVER BELOW L&D 2 AT HASTINGS, MN",3.6232393983022417,,Accepted,,augmented_copy1_jitter1d
2020-04-24,Turbidity,11.0392,NTRU,,USGS-05331580,"MISSISSIPPI RIVER BELOW L&D 2 AT HASTINGS, MN",3.6232393983022417,,Accepted,,augmented_copy2_jitter1d
2020-04-24,Turbidity,12.9005,NTRU,,USGS-05331580,"MISSISSIPPI RIVER BELOW L&D 2 AT HASTINGS, MN",3.6232393983022417,,Accepted,,augmented_copy3_jitter1d
2020-04-28,Phosphorus,,,,USGS-05331580,"MISSISSIPPI RIVER BELOW L&D 2 AT HASTINGS, MN",3.6232393983022417,Not Detected,Accepted,,augmented_copy1_jitter-2d
2020-05-01,Phosphorus,,,,USGS-05331580,"MISSISSIPPI RIVER BELOW L&D 2 AT HASTINGS, MN",3.6232393983022417,Not Detected,Accepted,,augmented_copy2_jitter1d
2020-05-03,Phosphorus,,,,USGS-05331580,"MISSISSIPPI RIVER BELOW L&D 2 AT HASTINGS, MN",3.6232393983022417,Not Detected,Accepted,,augmented_copy3_jitter3d
2020-04-28,Phosphorus,0.0666,mg/l as P,,USGS-05331580,"MISSISSIPPI RIVER BELOW L&D 2 AT HASTINGS, MN",3.6232393983022417,,Accepted,,augmented_copy1_jitter-2d
2020-05-02,Phosphorus,0.0663,mg/l as P,,USGS-05331580,"MISSISSIPPI RIVER BELOW L&D 2 AT HASTINGS, MN",3.6232393983022417,,Accepted,,augmented_copy2_jitter2d
2020-04-29,Phosphorus,0.062,mg/l as P,,USGS-05331580,"MISSISSIPPI RIVER BELOW L&D 2 AT HASTINGS, MN",3.6232393983022417,,Accepted,,augmented_copy3_jitter-1d
2020-04-28,Turbidity,11.2952,NTRU,,USGS-05331580,"MISSISSIPPI RIVER BELOW L&D 2 AT HASTINGS, MN",3.6232393983022417,,Accepted,,augmented_copy1_jitter-2d
2020-04-29,Turbidity,11.7715,NTRU,,USGS-05331580,"MISSISSIPPI RIVER BELOW L&D 2 AT HASTINGS, MN",3.6232393983022417,,Accepted,,augmented_copy2_jitter-1d
2020-05-01,Turbidity,13.6993,NTRU,,USGS-05331580,"MISSISSIPPI RIVER BELOW L&D 2 AT HASTINGS, MN",3.6232393983022417,,Accepted,,augmented_copy3_jitter1d
2020-05-03,Nitrogen,0.2957,mg/l,,USGS-05331580,"MISSISSIPPI RIVER BELOW L&D 2 AT HASTINGS, MN",3.6232393983022417,,Accepted,,augmented_copy1_jitter3d
2020-05-01,Nitrogen,0.2868,mg/l,,USGS-05331580,"MISSISSIPPI RIVER BELOW L&D 2 AT HASTINGS, MN",3.6232393983022417,,Accepted,,augmented_copy2_jitter1d
2020-05-01,Nitrogen,0.2768,mg/l,,USGS-05331580,"MISSISSIPPI RIVER BELOW L&D 2 AT HASTINGS, MN",3.6232393983022417,,Accepted,,augmented_copy3_jitter1d
2020-05-08,Phosphorus,,,,USGS-05331580,"MISSISSIPPI RIVER BELOW L&D 2 AT HASTINGS, MN",3.6232393983022417,Not Detected,Accepted,,augmented_copy1_jitter1d
2020-05-05,Phosphorus,,,,USGS-05331580,"MISSISSIPPI RIVER BELOW L&D 2 AT HASTINGS, MN",3.6232393983022417,Not Detected,Accepted,,augmented_copy2_jitter-2d
2020-05-06,Phosphorus,,,,USGS-05331580,"MISSISSIPPI RIVER BELOW L&D 2 AT HASTINGS, MN",3.6232393983022417,Not Detected,Accepted,,augmented_copy3_jitter-1d
2020-05-09,Phosphorus,0.0516,mg/l as P,,USGS-05331580,"MISSISSIPPI RIVER BELOW L&D 2 AT HASTINGS, MN",3.6232393983022417,,Accepted,,augmented_copy1_jitter2d
2020-05-09,Phosphorus,0.0502,mg/l as P,,USGS-05331580,"MISSISSIPPI RIVER BELOW L&D 2 AT HASTINGS, MN",3.6232393983022417,,Accepted,,augmented_copy2_jitter2d
2020-05-08,Phosphorus,0.0471,mg/l as P,,USGS-05331580,"MISSISSIPPI RIVER BELOW L&D 2 AT HASTINGS, MN",3.6232393983022417,,Accepted,,augmented_copy3_jitter1d
2020-05-04,Nitrogen,0.3738,mg/l,,USGS-05331580,"MISSISSIPPI RIVER BELOW L&D 2 AT HASTINGS, MN",3.6232393983022417,,Preliminary,,augmented_copy1_jitter-3d
2020-05-09,Nitrogen,0.3735,mg/l,,USGS-05331580,"MISSISSIPPI RIVER BELOW L&D 2 AT HASTINGS, MN",3.6232393983022417,,Preliminary,,augmented_copy2_jitter2d
2020-05-04,Nitrogen,0.378,mg/l,,USGS-05331580,"MISSISSIPPI RIVER BELOW L&D 2 AT HASTINGS, MN",3.6232393983022417,,Preliminary,,augmented_copy3_jitter-3d
2020-05-05,Turbidity,14.8793,NTRU,,USGS-05331580,"MISSISSIPPI RIVER BELOW L&D 2 AT HASTINGS, MN",3.6232393983022417,,Accepted,,augmented_copy1_jitter-2d
2020-05-05,Turbidity,14.6748,NTRU,,USGS-05331580,"MISSISSIPPI RIVER BELOW L&D 2 AT HASTINGS, MN",3.6232393983022417,,Accepted,,augmented_copy2_jitter-2d
2020-05-04,Turbidity,15.3127,NTRU,,USGS-05331580,"MISSISSIPPI RIVER BELOW L&D 2 AT HASTINGS, MN",3.6232393983022417,,Accepted,,augmented_copy3_jitter-3d
2020-06-01,Nitrogen,0.441,mg/l,,USGS-05331580,"MISSISSIPPI RIVER BELOW L&D 2 AT HASTINGS, MN",3.6232393983022417,,Accepted,,augmented_copy1_jitter-1d
2020-06-05,Nitrogen,0.4557,mg/l,,USGS-05331580,"MISSISSIPPI RIVER BELOW L&D 2 AT HASTINGS, MN",3.6232393983022417,,Accepted,,augmented_copy2_jitter3d
2020-06-01,Nitrogen,0.4586,mg/l,,USGS-05331580,"MISSISSIPPI RIVER BELOW L&D 2 AT HASTINGS, MN",3.6232393983022417,,Accepted,,augmented_copy3_jitter-1d
2020-06-04,Phosphorus,0.0301,mg/l as P,,USGS-05331580,"MISSISSIPPI RIVER BELOW L&D 2 AT HASTINGS, MN",3.6232393983022417,,Accepted,,augmented_copy1_jitter2d
2020-05-31,Phosphorus,0.0369,mg/l as P,,USGS-05331580,"MISSISSIPPI RIVER BELOW L&D 2 AT HASTINGS, MN",3.6232393983022417,,Accepted,,augmented_copy2_jitter-2d
2020-05-31,Phosphorus,0.0419,mg/l as P,,USGS-05331580,"MISSISSIPPI RIVER BELOW L&D 2 AT HASTINGS, MN",3.6232393983022417,,Accepted,,augmented_copy3_jitter-2d
2020-05-30,Phosphorus,0.1417,mg/l as P,,USGS-05331580,"MISSISSIPPI RIVER BELOW L&D 2 AT HASTINGS, MN",3.6232393983022417,,Accepted,,augmented_copy1_jitter-3d
2020-05-31,Phosphorus,0.1368,mg/l as P,,USGS-05331580,"MISSISSIPPI RIVER BELOW L&D 2 AT HASTINGS, MN",3.6232393983022417,,Accepted,,augmented_copy2_jitter-2d
2020-06-03,Phosphorus,0.1379,mg/l as P,,USGS-05331580,"MISSISSIPPI RIVER BELOW L&D 2 AT HASTINGS, MN",3.6232393983022417,,Accepted,,augmented_copy3_jitter1d
2020-05-31,Turbidity,38.2548,NTRU,,USGS-05331580,"MISSISSIPPI RIVER BELOW L&D 2 AT HASTINGS, MN",3.6232393983022417,,Accepted,,augmented_copy1_jitter-2d
2020-06-03,Turbidity,38.6224,NTRU,,USGS-05331580,"MISSISSIPPI RIVER BELOW L&D 2 AT HASTINGS, MN",3.6232393983022417,,Accepted,,augmented_copy2_jitter1d
2020-06-04,Turbidity,37.2483,NTRU,,USGS-05331580,"MISSISSIPPI RIVER BELOW L&D 2 AT HASTINGS, MN",3.6232393983022417,,Accepted,,augmented_copy3_jitter2d
2020-06-14,Turbidity,26.3552,NTRU,,USGS-05331580,"MISSISSIPPI RIVER BELOW L&D 2 AT HASTINGS, MN",3.6232393983022417,,Accepted,,augmented_copy1_jitter-3d
2020-06-14,Turbidity,26.4072,NTRU,,USGS-05331580,"MISSISSIPPI RIVER BELOW L&D 2 AT HASTINGS, MN",3.6232393983022417,,Accepted,,augmented_copy2_jitter-3d
2020-06-18,Turbidity,27.6181,NTRU,,USGS-05331580,"MISSISSIPPI RIVER BELOW L&D 2 AT HASTINGS, MN",3.6232393983022417,,Accepted,,augmented_copy3_jitter1d
2020-06-15,Nitrogen,0.4688,mg/l,,USGS-05331580,"MISSISSIPPI RIVER BELOW L&D 2 AT HASTINGS, MN",3.6232393983022417,,Accepted,,augmented_copy1_jitter-2d
2020-06-18,Nitrogen,0.4885,mg/l,,USGS-05331580,"MISSISSIPPI RIVER BELOW L&D 2 AT HASTINGS, MN",3.6232393983022417,,Accepted,,augmented_copy2_jitter1d
2020-06-15,Nitrogen,0.4728,mg/l,,USGS-05331580,"MISSISSIPPI RIVER BELOW L&D 2 AT HASTINGS, MN",3.6232393983022417,,Accepted,,augmented_copy3_jitter-2d
2020-06-16,Phosphorus,,,,USGS-05331580,"MISSISSIPPI RIVER BELOW L&D 2 AT HASTINGS, MN",3.6232393983022417,Not Detected,Accepted,,augmented_copy1_jitter-1d
2020-06-18,Phosphorus,,,,USGS-05331580,"MISSISSIPPI RIVER BELOW L&D 2 AT HASTINGS, MN",3.6232393983022417,Not Detected,Accepted,,augmented_copy2_jitter1d
2020-06-20,Phosphorus,,,,USGS-05331580,"MISSISSIPPI RIVER BELOW L&D 2 AT HASTINGS, MN",3.6232393983022417,Not Detected,Accepted,,augmented_copy3_jitter3d
2020-06-20,Phosphorus,0.1096,mg/l as P,,USGS-05331580,"MISSISSIPPI RIVER BELOW L&D 2 AT HASTINGS, MN",3.6232393983022417,,Accepted,,augmented_copy1_jitter3d
2020-06-19,Phosphorus,0.1065,mg/l as P,,USGS-05331580,"MISSISSIPPI RIVER BELOW L&D 2 AT HASTINGS, MN",3.6232393983022417,,Accepted,,augmented_copy2_jitter2d
2020-06-16,Phosphorus,0.1068,mg/l as P,,USGS-05331580,"MISSISSIPPI RIVER BELOW L&D 2 AT HASTINGS, MN",3.6232393983022417,,Accepted,,augmented_copy3_jitter-1d
2020-06-21,Turbidity,35.0901,NTRU,,USGS-05331580,"MISSISSIPPI RIVER BELOW L&D 2 AT HASTINGS, MN",3.6232393983022417,,Accepted,,augmented_copy1_jitter-3d
2020-06-21,Turbidity,36.1351,NTRU,,USGS-05331580,"MISSISSIPPI RIVER BELOW L&D 2 AT HASTINGS, MN",3.6232393983022417,,Accepted,,augmented_copy2_jitter-3d
2020-06-23,Turbidity,35.6333,NTRU,,USGS-05331580,"MISSISSIPPI RIVER BELOW L&D 2 AT HASTINGS, MN",3.6232393983022417,,Accepted,,augmented_copy3_jitter-1d
2020-06-23,Nitrogen,0.686,mg/l,,USGS-05331580,"MISSISSIPPI RIVER BELOW L&D 2 AT HASTINGS, MN",3.6232393983022417,,Accepted,,augmented_copy1_jitter-1d
2020-06-23,Nitrogen,0.6738,mg/l,,USGS-05331580,"MISSISSIPPI RIVER BELOW L&D 2 AT HASTINGS, MN",3.6232393983022417,,Accepted,,augmented_copy2_jitter-1d
2020-06-27,Nitrogen,0.678,mg/l,,USGS-05331580,"MISSISSIPPI RIVER BELOW L&D 2 AT HASTINGS, MN",3.6232393983022417,,Accepted,,augmented_copy3_jitter3d
2020-06-25,Phosphorus,,,,USGS-05331580,"MISSISSIPPI RIVER BELOW L&D 2 AT HASTINGS, MN",3.6232393983022417,Not Detected,Accepted,,augmented_copy1_jitter1d
2020-06-26,Phosphorus,,,,USGS-05331580,"MISSISSIPPI RIVER BELOW L&D 2 AT HASTINGS, MN",3.6232393983022417,Not Detected,Accepted,,augmented_copy2_jitter2d
2020-06-21,Phosphorus,,,,USGS-05331580,"MISSISSIPPI RIVER BELOW L&D 2 AT HASTINGS, MN",3.6232393983022417,Not Detected,Accepted,,augmented_copy3_jitter-3d
2020-06-26,Phosphorus,0.1303,mg/l as P,,USGS-05331580,"MISSISSIPPI RIVER BELOW L&D 2 AT HASTINGS, MN",3.6232393983022417,,Accepted,,augmented_copy1_jitter2d
2020-06-21,Phosphorus,0.1376,mg/l as P,,USGS-05331580,"MISSISSIPPI RIVER BELOW L&D 2 AT HASTINGS, MN",3.6232393983022417,,Accepted,,augmented_copy2_jitter-3d
2020-06-22,Phosphorus,0.1312,mg/l as P,,USGS-05331580,"MISSISSIPPI RIVER BELOW L&D 2 AT HASTINGS, MN",3.6232393983022417,,Accepted,,augmented_copy3_jitter-2d
2020-07-14,Nitrogen,0.3302,mg/l,,USGS-05331580,"MISSISSIPPI RIVER BELOW L&D 2 AT HASTINGS, MN",3.6232393983022417,,Accepted,,augmented_copy1_jitter-3d
2020-07-15,Nitrogen,0.3241,mg/l,,USGS-05331580,"MISSISSIPPI RIVER BELOW L&D 2 AT HASTINGS, MN",3.6232393983022417,,Accepted,,augmented_copy2_jitter-2d
2020-07-18,Nitrogen,0.3307,mg/l,,USGS-05331580,"MISSISSIPPI RIVER BELOW L&D 2 AT HASTINGS, MN",3.6232393983022417,,Accepted,,augmented_copy3_jitter1d
2020-07-16,Turbidity,21.0023,NTRU,,USGS-05331580,"MISSISSIPPI RIVER BELOW L&D 2 AT HASTINGS, MN",3.6232393983022417,,Accepted,,augmented_copy1_jitter-1d
2020-07-16,Turbidity,22.2566,NTRU,,USGS-05331580,"MISSISSIPPI RIVER BELOW L&D 2 AT HASTINGS, MN",3.6232393983022417,,Accepted,,augmented_copy2_jitter-1d
2020-07-18,Turbidity,21.2668,NTRU,,USGS-05331580,"MISSISSIPPI RIVER BELOW L&D 2 AT HASTINGS, MN",3.6232393983022417,,Accepted,,augmented_copy3_jitter1d
2020-07-18,Phosphorus,0.0526,mg/l as P,,USGS-05331580,"MISSISSIPPI RIVER BELOW L&D 2 AT HASTINGS, MN",3.6232393983022417,,Accepted,,augmented_copy1_jitter1d
2020-07-14,Phosphorus,0.0408,mg/l as P,,USGS-05331580,"MISSISSIPPI RIVER BELOW L&D 2 AT HASTINGS, MN",3.6232393983022417,,Accepted,,augmented_copy2_jitter-3d
2020-07-16,Phosphorus,0.0524,mg/l as P,,USGS-05331580,"MISSISSIPPI RIVER BELOW L&D 2 AT HASTINGS, MN",3.6232393983022417,,Accepted,,augmented_copy3_jitter-1d
2020-07-18,Phosphorus,0.111,mg/l as P,,USGS-05331580,"MISSISSIPPI RIVER BELOW L&D 2 AT HASTINGS, MN",3.6232393983022417,,Accepted,,augmented_copy1_jitter1d
2020-07-14,Phosphorus,0.1027,mg/l as P,,USGS-05331580,"MISSISSIPPI RIVER BELOW L&D 2 AT HASTINGS, MN",3.6232393983022417,,Accepted,,augmented_copy2_jitter-3d
2020-07-19,Phosphorus,0.1105,mg/l as P,,USGS-05331580,"MISSISSIPPI RIVER BELOW L&D 2 AT HASTINGS, MN",3.6232393983022417,,Accepted,,augmented_copy3_jitter2d
2020-07-28,Nitrogen,0.3031,mg/l,,USGS-05331580,"MISSISSIPPI RIVER BELOW L&D 2 AT HASTINGS, MN",3.6232393983022417,,Accepted,,augmented_copy1_jitter-3d
2020-07-30,Nitrogen,0.3001,mg/l,,USGS-05331580,"MISSISSIPPI RIVER BELOW L&D 2 AT HASTINGS, MN",3.6232393983022417,,Accepted,,augmented_copy2_jitter-1d
2020-08-03,Nitrogen,0.295,mg/l,,USGS-05331580,"MISSISSIPPI RIVER BELOW L&D 2 AT HASTINGS, MN",3.6232393983022417,,Accepted,,augmented_copy3_jitter3d
2020-08-03,Phosphorus,0.099,mg/l as P,,USGS-05331580,"MISSISSIPPI RIVER BELOW L&D 2 AT HASTINGS, MN",3.6232393983022417,,Accepted,Hold time parameters were exceeded during the collection to analysis phase of sample processing.,augmented_copy1_jitter3d
2020-07-30,Phosphorus,0.0947,mg/l as P,,USGS-05331580,"MISSISSIPPI RIVER BELOW L&D 2 AT HASTINGS, MN",3.6232393983022417,,Accepted,Hold time parameters were exceeded during the collection to analysis phase of sample processing.,augmented_copy2_jitter-1d
2020-07-29,Phosphorus,0.098,mg/l as P,,USGS-05331580,"MISSISSIPPI RIVER BELOW L&D 2 AT HASTINGS, MN",3.6232393983022417,,Accepted,Hold time parameters were exceeded during the collection to analysis phase of sample processing.,augmented_copy3_jitter-2d
2020-07-29,Phosphorus,0.2175,mg/l as P,,USGS-05331580,"MISSISSIPPI RIVER BELOW L&D 2 AT HASTINGS, MN",3.6232393983022417,,Accepted,,augmented_copy1_jitter-2d
2020-08-02,Phosphorus,0.199,mg/l as P,,USGS-05331580,"MISSISSIPPI RIVER BELOW L&D 2 AT HASTINGS, MN",3.6232393983022417,,Accepted,,augmented_copy2_jitter2d
2020-07-30,Phosphorus,0.212,mg/l as P,,USGS-05331580,"MISSISSIPPI RIVER BELOW L&D 2 AT HASTINGS, MN",3.6232393983022417,,Accepted,,augmented_copy3_jitter-1d
2020-07-28,Turbidity,66.2165,NTRU,,USGS-05331580,"MISSISSIPPI RIVER BELOW L&D 2 AT HASTINGS, MN",3.6232393983022417,,Accepted,,augmented_copy1_jitter-3d
2020-07-29,Turbidity,66.3976,NTRU,,USGS-05331580,"MISSISSIPPI RIVER BELOW L&D 2 AT HASTINGS, MN",3.6232393983022417,,Accepted,,augmented_copy2_jitter-2d
2020-07-30,Turbidity,67.5096,NTRU,,USGS-05331580,"MISSISSIPPI RIVER BELOW L&D 2 AT HASTINGS, MN",3.6232393983022417,,Accepted,,augmented_copy3_jitter-1d
2020-08-09,Phosphorus,0.0919,mg/l as P,,USGS-05331580,"MISSISSIPPI RIVER BELOW L&D 2 AT HASTINGS, MN",3.6232393983022417,,Accepted,,augmented_copy1_jitter-2d
2020-08-08,Phosphorus,0.098,mg/l as P,,USGS-05331580,"MISSISSIPPI RIVER BELOW L&D 2 AT HASTINGS, MN",3.6232393983022417,,Accepted,,augmented_copy2_jitter-3d
2020-08-13,Phosphorus,0.0945,mg/l as P,,USGS-05331580,"MISSISSIPPI RIVER BELOW L&D 2 AT HASTINGS, MN",3.6232393983022417,,Accepted,,augmented_copy3_jitter2d
2020-08-13,Phosphorus,0.0273,mg/l as P,,USGS-05331580,"MISSISSIPPI RIVER BELOW L&D 2 AT HASTINGS, MN",3.6232393983022417,,Accepted,,augmented_copy1_jitter2d
2020-08-14,Phosphorus,0.0299,mg/l as P,,USGS-05331580,"MISSISSIPPI RIVER BELOW L&D 2 AT HASTINGS, MN",3.6232393983022417,,Accepted,,augmented_copy2_jitter3d
2020-08-14,Phosphorus,0.0305,mg/l as P,,USGS-05331580,"MISSISSIPPI RIVER BELOW L&D 2 AT HASTINGS, MN",3.6232393983022417,,Accepted,,augmented_copy3_jitter3d
2020-08-08,Turbidity,16.237,NTRU,,USGS-05331580,"MISSISSIPPI RIVER BELOW L&D 2 AT HASTINGS, MN",3.6232393983022417,,Accepted,,augmented_copy1_jitter-3d
2020-08-08,Turbidity,16.1101,NTRU,,USGS-05331580,"MISSISSIPPI RIVER BELOW L&D 2 AT HASTINGS, MN",3.6232393983022417,,Accepted,,augmented_copy2_jitter-3d
2020-08-14,Turbidity,15.7061,NTRU,,USGS-05331580,"MISSISSIPPI RIVER BELOW L&D 2 AT HASTINGS, MN",3.6232393983022417,,Accepted,,augmented_copy3_jitter3d
2020-08-13,Nitrogen,0.3873,mg/l,,USGS-05331580,"MISSISSIPPI RIVER BELOW L&D 2 AT HASTINGS, MN",3.6232393983022417,,Accepted,,augmented_copy1_jitter2d
2020-08-13,Nitrogen,0.3789,mg/l,,USGS-05331580,"MISSISSIPPI RIVER BELOW L&D 2 AT HASTINGS, MN",3.6232393983022417,,Accepted,,augmented_copy2_jitter2d
2020-08-10,Nitrogen,0.3933,mg/l,,USGS-05331580,"MISSISSIPPI RIVER BELOW L&D 2 AT HASTINGS, MN",3.6232393983022417,,Accepted,,augmented_copy3_jitter-1d
2020-10-30,Turbidity,6.1426,NTRU,,USGS-05331580,"MISSISSIPPI RIVER BELOW L&D 2 AT HASTINGS, MN",3.6232393983022417,,Accepted,,augmented_copy1_jitter2d
2020-10-31,Turbidity,7.1245,NTRU,,USGS-05331580,"MISSISSIPPI RIVER BELOW L&D 2 AT HASTINGS, MN",3.6232393983022417,,Accepted,,augmented_copy2_jitter3d
2020-10-31,Turbidity,6.4205,NTRU,,USGS-05331580,"MISSISSIPPI RIVER BELOW L&D 2 AT HASTINGS, MN",3.6232393983022417,,Accepted,,augmented_copy3_jitter3d
2020-10-30,Nitrogen,0.1912,mg/l,,USGS-05331580,"MISSISSIPPI RIVER BELOW L&D 2 AT HASTINGS, MN",3.6232393983022417,,Accepted,,augmented_copy1_jitter2d
2020-10-29,Nitrogen,0.1837,mg/l,,USGS-05331580,"MISSISSIPPI RIVER BELOW L&D 2 AT HASTINGS, MN",3.6232393983022417,,Accepted,,augmented_copy2_jitter1d
2020-10-30,Nitrogen,0.1854,mg/l,,USGS-05331580,"MISSISSIPPI RIVER BELOW L&D 2 AT HASTINGS, MN",3.6232393983022417,,Accepted,,augmented_copy3_jitter2d
2020-10-27,Phosphorus,0.0151,mg/l as P,,USGS-05331580,"MISSISSIPPI RIVER BELOW L&D 2 AT HASTINGS, MN",3.6232393983022417,,Accepted,,augmented_copy1_jitter-1d
2020-10-29,Phosphorus,0.014,mg/l as P,,USGS-05331580,"MISSISSIPPI RIVER BELOW L&D 2 AT HASTINGS, MN",3.6232393983022417,,Accepted,,augmented_copy2_jitter1d
2020-10-27,Phosphorus,0.0288,mg/l as P,,USGS-05331580,"MISSISSIPPI RIVER BELOW L&D 2 AT HASTINGS, MN",3.6232393983022417,,Accepted,,augmented_copy3_jitter-1d
2020-10-31,Phosphorus,0.0542,mg/l as P,,USGS-05331580,"MISSISSIPPI RIVER BELOW L&D 2 AT HASTINGS, MN",3.6232393983022417,,Accepted,,augmented_copy1_jitter3d
2020-10-31,Phosphorus,0.0421,mg/l as P,,USGS-05331580,"MISSISSIPPI RIVER BELOW L&D 2 AT HASTINGS, MN",3.6232393983022417,,Accepted,,augmented_copy2_jitter3d
2020-10-25,Phosphorus,0.0557,mg/l as P,,USGS-05331580,"MISSISSIPPI RIVER BELOW L&D 2 AT HASTINGS, MN",3.6232393983022417,,Accepted,,augmented_copy3_jitter-3d
2020-12-10,Turbidity,3.013,NTRU,,USGS-05331580,"MISSISSIPPI RIVER BELOW L&D 2 AT HASTINGS, MN",3.6232393983022417,,Accepted,,augmented_copy1_jitter2d
2020-12-09,Turbidity,4.3749,NTRU,,USGS-05331580,"MISSISSIPPI RIVER BELOW L&D 2 AT HASTINGS, MN",3.6232393983022417,,Accepted,,augmented_copy2_jitter1d
2020-12-09,Turbidity,4.6629,NTRU,,USGS-05331580,"MISSISSIPPI RIVER BELOW L&D 2 AT HASTINGS, MN",3.6232393983022417,,Accepted,,augmented_copy3_jitter1d
2020-12-06,Nitrogen,0.1582,mg/l,,USGS-05331580,"MISSISSIPPI RIVER BELOW L&D 2 AT HASTINGS, MN",3.6232393983022417,,Accepted,,augmented_copy1_jitter-2d
2020-12-11,Nitrogen,0.1526,mg/l,,USGS-05331580,"MISSISSIPPI RIVER BELOW L&D 2 AT HASTINGS, MN",3.6232393983022417,,Accepted,,augmented_copy2_jitter3d
2020-12-09,Nitrogen,0.162,mg/l,,USGS-05331580,"MISSISSIPPI RIVER BELOW L&D 2 AT HASTINGS, MN",3.6232393983022417,,Accepted,,augmented_copy3_jitter1d
2020-12-07,Phosphorus,,,,USGS-05331580,"MISSISSIPPI RIVER BELOW L&D 2 AT HASTINGS, MN",3.6232393983022417,Not Detected,Accepted,,augmented_copy1_jitter-1d
2020-12-05,Phosphorus,,,,USGS-05331580,"MISSISSIPPI RIVER BELOW L&D 2 AT HASTINGS, MN",3.6232393983022417,Not Detected,Accepted,,augmented_copy2_jitter-3d
2020-12-06,Phosphorus,,,,USGS-05331580,"MISSISSIPPI RIVER BELOW L&D 2 AT HASTINGS, MN",3.6232393983022417,Not Detected,Accepted,,augmented_copy3_jitter-2d
2020-12-06,Phosphorus,0.0383,mg/l as P,,USGS-05331580,"MISSISSIPPI RIVER BELOW L&D 2 AT HASTINGS, MN",3.6232393983022417,,Accepted,,augmented_copy1_jitter-2d
2020-12-07,Phosphorus,0.0396,mg/l as P,,USGS-05331580,"MISSISSIPPI RIVER BELOW L&D 2 AT HASTINGS, MN",3.6232393983022417,,Accepted,,augmented_copy2_jitter-1d
2020-12-09,Phosphorus,0.0352,mg/l as P,,USGS-05331580,"MISSISSIPPI RIVER BELOW L&D 2 AT HASTINGS, MN",3.6232393983022417,,Accepted,,augmented_copy3_jitter1d
2021-01-08,Turbidity,,,,USGS-05331580,"MISSISSIPPI RIVER BELOW L&D 2 AT HASTINGS, MN",3.6232393983022417,Not Detected,Accepted,,augmented_copy1_jitter-3d
2021-01-12,Turbidity,,,,USGS-05331580,"MISSISSIPPI RIVER BELOW L&D 2 AT HASTINGS, MN",3.6232393983022417,Not Detected,Accepted,,augmented_copy2_jitter1d
2021-01-14,Turbidity,,,,USGS-05331580,"MISSISSIPPI RIVER BELOW L&D 2 AT HASTINGS, MN",3.6232393983022417,Not Detected,Accepted,,augmented_copy3_jitter3d
2021-01-12,Nitrogen,0.0332,mg/l,,USGS-05331580,"MISSISSIPPI RIVER BELOW L&D 2 AT HASTINGS, MN",3.6232393983022417,,Accepted,,augmented_copy1_jitter1d
2021-01-10,Nitrogen,0.0396,mg/l,,USGS-05331580,"MISSISSIPPI RIVER BELOW L&D 2 AT HASTINGS, MN",3.6232393983022417,,Accepted,,augmented_copy2_jitter-1d
2021-01-12,Nitrogen,0.0394,mg/l,,USGS-05331580,"MISSISSIPPI RIVER BELOW L&D 2 AT HASTINGS, MN",3.6232393983022417,,Accepted,,augmented_copy3_jitter1d
2021-01-10,Phosphorus,0.0302,mg/l as P,,USGS-05331580,"MISSISSIPPI RIVER BELOW L&D 2 AT HASTINGS, MN",3.6232393983022417,,Accepted,,augmented_copy1_jitter-1d
2021-01-12,Phosphorus,0.0279,mg/l as P,,USGS-05331580,"MISSISSIPPI RIVER BELOW L&D 2 AT HASTINGS, MN",3.6232393983022417,,Accepted,,augmented_copy2_jitter1d
2021-01-08,Phosphorus,0.0248,mg/l as P,,USGS-05331580,"MISSISSIPPI RIVER BELOW L&D 2 AT HASTINGS, MN",3.6232393983022417,,Accepted,,augmented_copy3_jitter-3d
2021-01-12,Phosphorus,,,,USGS-05331580,"MISSISSIPPI RIVER BELOW L&D 2 AT HASTINGS, MN",3.6232393983022417,Not Detected,Accepted,,augmented_copy1_jitter1d
2021-01-08,Phosphorus,,,,USGS-05331580,"MISSISSIPPI RIVER BELOW L&D 2 AT HASTINGS, MN",3.6232393983022417,Not Detected,Accepted,,augmented_copy2_jitter-3d
2021-01-09,Phosphorus,,,,USGS-05331580,"MISSISSIPPI RIVER BELOW L&D 2 AT HASTINGS, MN",3.6232393983022417,Not Detected,Accepted,,augmented_copy3_jitter-2d
2021-02-23,Nitrogen,,,,USGS-05331580,"MISSISSIPPI RIVER BELOW L&D 2 AT HASTINGS, MN",3.6232393983022417,Not Detected,Accepted,,augmented_copy1_jitter-3d
2021-03-01,Nitrogen,,,,USGS-05331580,"MISSISSIPPI RIVER BELOW L&D 2 AT HASTINGS, MN",3.6232393983022417,Not Detected,Accepted,,augmented_copy2_jitter3d
2021-02-25,Nitrogen,,,,USGS-05331580,"MISSISSIPPI RIVER BELOW L&D 2 AT HASTINGS, MN",3.6232393983022417,Not Detected,Accepted,,augmented_copy3_jitter-1d
2021-02-28,Phosphorus,0.0287,mg/l as P,,USGS-05331580,"MISSISSIPPI RIVER BELOW L&D 2 AT HASTINGS, MN",3.6232393983022417,,Accepted,,augmented_copy1_jitter2d
2021-02-25,Phosphorus,0.012,mg/l as P,,USGS-05331580,"MISSISSIPPI RIVER BELOW L&D 2 AT HASTINGS, MN",3.6232393983022417,,Accepted,,augmented_copy2_jitter-1d
2021-02-23,Phosphorus,0.0209,mg/l as P,,USGS-05331580,"MISSISSIPPI RIVER BELOW L&D 2 AT HASTINGS, MN",3.6232393983022417,,Accepted,,augmented_copy3_jitter-3d
2021-02-24,Phosphorus,0.0318,mg/l as P,,USGS-05331580,"MISSISSIPPI RIVER BELOW L&D 2 AT HASTINGS, MN",3.6232393983022417,,Accepted,,augmented_copy1_jitter-2d
2021-02-23,Phosphorus,0.0423,mg/l as P,,USGS-05331580,"MISSISSIPPI RIVER BELOW L&D 2 AT HASTINGS, MN",3.6232393983022417,,Accepted,,augmented_copy2_jitter-3d
2021-02-28,Phosphorus,0.0344,mg/l as P,,USGS-05331580,"MISSISSIPPI RIVER BELOW L&D 2 AT HASTINGS, MN",3.6232393983022417,,Accepted,,augmented_copy3_jitter2d
2021-02-28,Turbidity,1.8203,NTRU,,USGS-05331580,"MISSISSIPPI RIVER BELOW L&D 2 AT HASTINGS, MN",3.6232393983022417,,Accepted,,augmented_copy1_jitter2d
2021-02-27,Turbidity,2.3689,NTRU,,USGS-05331580,"MISSISSIPPI RIVER BELOW L&D 2 AT HASTINGS, MN",3.6232393983022417,,Accepted,,augmented_copy2_jitter1d
2021-02-27,Turbidity,2.7212,NTRU,,USGS-05331580,"MISSISSIPPI RIVER BELOW L&D 2 AT HASTINGS, MN",3.6232393983022417,,Accepted,,augmented_copy3_jitter1d
2021-03-29,Turbidity,9.0978,NTRU,,USGS-05331580,"MISSISSIPPI RIVER BELOW L&D 2 AT HASTINGS, MN",3.6232393983022417,,Accepted,,augmented_copy1_jitter3d
2021-03-25,Turbidity,8.8256,NTRU,,USGS-05331580,"MISSISSIPPI RIVER BELOW L&D 2 AT HASTINGS, MN",3.6232393983022417,,Accepted,,augmented_copy2_jitter-1d
2021-03-24,Turbidity,9.4954,NTRU,,USGS-05331580,"MISSISSIPPI RIVER BELOW L&D 2 AT HASTINGS, MN",3.6232393983022417,,Accepted,,augmented_copy3_jitter-2d
2021-03-29,Nitrogen,0.0463,mg/l,,USGS-05331580,"MISSISSIPPI RIVER BELOW L&D 2 AT HASTINGS, MN",3.6232393983022417,,Accepted,,augmented_copy1_jitter3d
2021-03-23,Nitrogen,0.0428,mg/l,,USGS-05331580,"MISSISSIPPI RIVER BELOW L&D 2 AT HASTINGS, MN",3.6232393983022417,,Accepted,,augmented_copy2_jitter-3d
2021-03-28,Nitrogen,0.0539,mg/l,,USGS-05331580,"MISSISSIPPI RIVER BELOW L&D 2 AT HASTINGS, MN",3.6232393983022417,,Accepted,,augmented_copy3_jitter2d
2021-03-29,Phosphorus,0.0302,mg/l as P,,USGS-05331580,"MISSISSIPPI RIVER BELOW L&D 2 AT HASTINGS, MN",3.6232393983022417,,Accepted,,augmented_copy1_jitter3d
2021-03-27,Phosphorus,0.0201,mg/l as P,,USGS-05331580,"MISSISSIPPI RIVER BELOW L&D 2 AT HASTINGS, MN",3.6232393983022417,,Accepted,,augmented_copy2_jitter1d
2021-03-27,Phosphorus,0.0284,mg/l as P,,USGS-05331580,"MISSISSIPPI RIVER BELOW L&D 2 AT HASTINGS, MN",3.6232393983022417,,Accepted,,augmented_copy3_jitter1d
2021-03-23,Phosphorus,0.0879,mg/l as P,,USGS-05331580,"MISSISSIPPI RIVER BELOW L&D 2 AT HASTINGS, MN",3.6232393983022417,,Accepted,,augmented_copy1_jitter-3d
2021-03-27,Phosphorus,0.0872,mg/l as P,,USGS-05331580,"MISSISSIPPI RIVER BELOW L&D 2 AT HASTINGS, MN",3.6232393983022417,,Accepted,,augmented_copy2_jitter1d
2021-03-25,Phosphorus,0.089,mg/l as P,,USGS-05331580,"MISSISSIPPI RIVER BELOW L&D 2 AT HASTINGS, MN",3.6232393983022417,,Accepted,,augmented_copy3_jitter-1d
2021-04-18,Phosphorus,0.0821,mg/l as P,,USGS-05331580,"MISSISSIPPI RIVER BELOW L&D 2 AT HASTINGS, MN",3.6232393983022417,,Accepted,,augmented_copy1_jitter-3d
2021-04-24,Phosphorus,0.0761,mg/l as P,,USGS-05331580,"MISSISSIPPI RIVER BELOW L&D 2 AT HASTINGS, MN",3.6232393983022417,,Accepted,,augmented_copy2_jitter3d
2021-04-23,Phosphorus,0.0844,mg/l as P,,USGS-05331580,"MISSISSIPPI RIVER BELOW L&D 2 AT HASTINGS, MN",3.6232393983022417,,Accepted,,augmented_copy3_jitter2d
2021-04-18,Phosphorus,,,,USGS-05331580,"MISSISSIPPI RIVER BELOW L&D 2 AT HASTINGS, MN",3.6232393983022417,Not Detected,Accepted,,augmented_copy1_jitter-3d
2021-04-19,Phosphorus,,,,USGS-05331580,"MISSISSIPPI RIVER BELOW L&D 2 AT HASTINGS, MN",3.6232393983022417,Not Detected,Accepted,,augmented_copy2_jitter-2d
2021-04-22,Phosphorus,,,,USGS-05331580,"MISSISSIPPI RIVER BELOW L&D 2 AT HASTINGS, MN",3.6232393983022417,Not Detected,Accepted,,augmented_copy3_jitter1d
2021-04-18,Nitrogen,0.1789,mg/l,,USGS-05331580,"MISSISSIPPI RIVER BELOW L&D 2 AT HASTINGS, MN",3.6232393983022417,,Accepted,,augmented_copy1_jitter-3d
2021-04-24,Nitrogen,0.2005,mg/l,,USGS-05331580,"MISSISSIPPI RIVER BELOW L&D 2 AT HASTINGS, MN",3.6232393983022417,,Accepted,,augmented_copy2_jitter3d
2021-04-22,Nitrogen,0.1839,mg/l,,USGS-05331580,"MISSISSIPPI RIVER BELOW L&D 2 AT HASTINGS, MN",3.6232393983022417,,Accepted,,augmented_copy3_jitter1d
2021-04-18,Turbidity,17.3003,NTRU,,USGS-05331580,"MISSISSIPPI RIVER BELOW L&D 2 AT HASTINGS, MN",3.6232393983022417,,Accepted,,augmented_copy1_jitter-3d
2021-04-19,Turbidity,16.099,NTRU,,USGS-05331580,"MISSISSIPPI RIVER BELOW L&D 2 AT HASTINGS, MN",3.6232393983022417,,Accepted,,augmented_copy2_jitter-2d
2021-04-18,Turbidity,17.1493,NTRU,,USGS-05331580,"MISSISSIPPI RIVER BELOW L&D 2 AT HASTINGS, MN",3.6232393983022417,,Accepted,,augmented_copy3_jitter-3d
2021-05-01,Dissolved oxygen (DO),12.4262,mg/L,,MNPCA-S006-524,"MISSISSIPPI RIVER DOWNSTREAM OF THE US-61 BRIDGE IN HASTINGS, MN",3.8442140212284737,,Final,stream field measurements,augmented_copy1_jitter3d
2021-04-25,Dissolved oxygen (DO),12.265,mg/L,,MNPCA-S006-524,"MISSISSIPPI RIVER DOWNSTREAM OF THE US-61 BRIDGE IN HASTINGS, MN",3.8442140212284737,,Final,stream field measurements,augmented_copy2_jitter-3d
2021-04-25,Dissolved oxygen (DO),12.4684,mg/L,,MNPCA-S006-524,"MISSISSIPPI RIVER DOWNSTREAM OF THE US-61 BRIDGE IN HASTINGS, MN",3.8442140212284737,,Final,stream field measurements,augmented_copy3_jitter-3d
2021-04-29,Turbidity,12.2785,NTRU,,USGS-05331580,"MISSISSIPPI RIVER BELOW L&D 2 AT HASTINGS, MN",3.6232393983022417,,Accepted,,augmented_copy1_jitter-1d
2021-04-29,Turbidity,12.6665,NTRU,,USGS-05331580,"MISSISSIPPI RIVER BELOW L&D 2 AT HASTINGS, MN",3.6232393983022417,,Accepted,,augmented_copy2_jitter-1d
2021-04-29,Turbidity,14.0389,NTRU,,USGS-05331580,"MISSISSIPPI RIVER BELOW L&D 2 AT HASTINGS, MN",3.6232393983022417,,Accepted,,augmented_copy3_jitter-1d
2021-05-01,Phosphorus,0.0425,mg/l as P,,USGS-05331580,"MISSISSIPPI RIVER BELOW L&D 2 AT HASTINGS, MN",3.6232393983022417,,Accepted,,augmented_copy1_jitter1d
2021-04-28,Phosphorus,0.0512,mg/l as P,,USGS-05331580,"MISSISSIPPI RIVER BELOW L&D 2 AT HASTINGS, MN",3.6232393983022417,,Accepted,,augmented_copy2_jitter-2d
2021-04-27,Phosphorus,0.0499,mg/l as P,,USGS-05331580,"MISSISSIPPI RIVER BELOW L&D 2 AT HASTINGS, MN",3.6232393983022417,,Accepted,,augmented_copy3_jitter-3d
2021-05-01,Phosphorus,,,,USGS-05331580,"MISSISSIPPI RIVER BELOW L&D 2 AT HASTINGS, MN",3.6232393983022417,Not Detected,Accepted,,augmented_copy1_jitter1d
2021-04-27,Phosphorus,,,,USGS-05331580,"MISSISSIPPI RIVER BELOW L&D 2 AT HASTINGS, MN",3.6232393983022417,Not Detected,Accepted,,augmented_copy2_jitter-3d
2021-04-27,Phosphorus,,,,USGS-05331580,"MISSISSIPPI RIVER BELOW L&D 2 AT HASTINGS, MN",3.6232393983022417,Not Detected,Accepted,,augmented_copy3_jitter-3d
2021-05-01,Nitrogen,0.2519,mg/l,,USGS-05331580,"MISSISSIPPI RIVER BELOW L&D 2 AT HASTINGS, MN",3.6232393983022417,,Accepted,,augmented_copy1_jitter1d
2021-04-27,Nitrogen,0.2585,mg/l,,USGS-05331580,"MISSISSIPPI RIVER BELOW L&D 2 AT HASTINGS, MN",3.6232393983022417,,Accepted,,augmented_copy2_jitter-3d
2021-04-29,Nitrogen,0.2564,mg/l,,USGS-05331580,"MISSISSIPPI RIVER BELOW L&D 2 AT HASTINGS, MN",3.6232393983022417,,Accepted,,augmented_copy3_jitter-1d
2021-05-09,Phosphorus,,,,USGS-05331580,"MISSISSIPPI RIVER BELOW L&D 2 AT HASTINGS, MN",3.6232393983022417,Not Detected,Accepted,,augmented_copy1_jitter-3d
2021-05-09,Phosphorus,,,,USGS-05331580,"MISSISSIPPI RIVER BELOW L&D 2 AT HASTINGS, MN",3.6232393983022417,Not Detected,Accepted,,augmented_copy2_jitter-3d
2021-05-14,Phosphorus,,,,USGS-05331580,"MISSISSIPPI RIVER BELOW L&D 2 AT HASTINGS, MN",3.6232393983022417,Not Detected,Accepted,,augmented_copy3_jitter2d
2021-05-13,Nitrogen,0.4588,mg/l,,USGS-05331580,"MISSISSIPPI RIVER BELOW L&D 2 AT HASTINGS, MN",3.6232393983022417,,Accepted,,augmented_copy1_jitter1d
2021-05-09,Nitrogen,0.4643,mg/l,,USGS-05331580,"MISSISSIPPI RIVER BELOW L&D 2 AT HASTINGS, MN",3.6232393983022417,,Accepted,,augmented_copy2_jitter-3d
2021-05-09,Nitrogen,0.4546,mg/l,,USGS-05331580,"MISSISSIPPI RIVER BELOW L&D 2 AT HASTINGS, MN",3.6232393983022417,,Accepted,,augmented_copy3_jitter-3d
2021-05-11,Phosphorus,0.0586,mg/l as P,,USGS-05331580,"MISSISSIPPI RIVER BELOW L&D 2 AT HASTINGS, MN",3.6232393983022417,,Accepted,,augmented_copy1_jitter-1d
2021-05-13,Phosphorus,0.066,mg/l as P,,USGS-05331580,"MISSISSIPPI RIVER BELOW L&D 2 AT HASTINGS, MN",3.6232393983022417,,Accepted,,augmented_copy2_jitter1d
2021-05-10,Phosphorus,0.0622,mg/l as P,,USGS-05331580,"MISSISSIPPI RIVER BELOW L&D 2 AT HASTINGS, MN",3.6232393983022417,,Accepted,,augmented_copy3_jitter-2d
2021-05-11,Turbidity,16.185,NTRU,,USGS-05331580,"MISSISSIPPI RIVER BELOW L&D 2 AT HASTINGS, MN",3.6232393983022417,,Accepted,,augmented_copy1_jitter-1d
2021-05-15,Turbidity,15.8915,NTRU,,USGS-05331580,"MISSISSIPPI RIVER BELOW L&D 2 AT HASTINGS, MN",3.6232393983022417,,Accepted,,augmented_copy2_jitter3d
2021-05-14,Turbidity,15.1965,NTRU,,USGS-05331580,"MISSISSIPPI RIVER BELOW L&D 2 AT HASTINGS, MN",3.6232393983022417,,Accepted,,augmented_copy3_jitter2d
2021-05-28,Turbidity,29.2088,NTRU,,USGS-05331580,"MISSISSIPPI RIVER BELOW L&D 2 AT HASTINGS, MN",3.6232393983022417,,Accepted,,augmented_copy1_jitter2d
2021-05-28,Turbidity,28.2925,NTRU,,USGS-05331580,"MISSISSIPPI RIVER BELOW L&D 2 AT HASTINGS, MN",3.6232393983022417,,Accepted,,augmented_copy2_jitter2d
2021-05-25,Turbidity,29.9979,NTRU,,USGS-05331580,"MISSISSIPPI RIVER BELOW L&D 2 AT HASTINGS, MN",3.6232393983022417,,Accepted,,augmented_copy3_jitter-1d
2021-05-29,Phosphorus,,,,USGS-05331580,"MISSISSIPPI RIVER BELOW L&D 2 AT HASTINGS, MN",3.6232393983022417,Not Detected,Accepted,,augmented_copy1_jitter3d
2021-05-28,Phosphorus,,,,USGS-05331580,"MISSISSIPPI RIVER BELOW L&D 2 AT HASTINGS, MN",3.6232393983022417,Not Detected,Accepted,,augmented_copy2_jitter2d
2021-05-23,Phosphorus,,,,USGS-05331580,"MISSISSIPPI RIVER BELOW L&D 2 AT HASTINGS, MN",3.6232393983022417,Not Detected,Accepted,,augmented_copy3_jitter-3d
2021-05-25,Nitrogen,0.5743,mg/l,,USGS-05331580,"MISSISSIPPI RIVER BELOW L&D 2 AT HASTINGS, MN",3.6232393983022417,,Accepted,,augmented_copy1_jitter-1d
2021-05-28,Nitrogen,0.5735,mg/l,,USGS-05331580,"MISSISSIPPI RIVER BELOW L&D 2 AT HASTINGS, MN",3.6232393983022417,,Accepted,,augmented_copy2_jitter2d
2021-05-28,Nitrogen,0.5791,mg/l,,USGS-05331580,"MISSISSIPPI RIVER BELOW L&D 2 AT HASTINGS, MN",3.6232393983022417,,Accepted,,augmented_copy3_jitter2d
2021-05-29,Phosphorus,0.1109,mg/l as P,,USGS-05331580,"MISSISSIPPI RIVER BELOW L&D 2 AT HASTINGS, MN",3.6232393983022417,,Accepted,,augmented_copy1_jitter3d
2021-05-23,Phosphorus,0.1088,mg/l as P,,USGS-05331580,"MISSISSIPPI RIVER BELOW L&D 2 AT HASTINGS, MN",3.6232393983022417,,Accepted,,augmented_copy2_jitter-3d
2021-05-27,Phosphorus,0.1037,mg/l as P,,USGS-05331580,"MISSISSIPPI RIVER BELOW L&D 2 AT HASTINGS, MN",3.6232393983022417,,Accepted,,augmented_copy3_jitter1d
2021-06-23,Phosphorus,0.0535,mg/l as P,,USGS-05331580,"MISSISSIPPI RIVER BELOW L&D 2 AT HASTINGS, MN",3.6232393983022417,,Accepted,,augmented_copy1_jitter2d
2021-06-23,Phosphorus,0.0481,mg/l as P,,USGS-05331580,"MISSISSIPPI RIVER BELOW L&D 2 AT HASTINGS, MN",3.6232393983022417,,Accepted,,augmented_copy2_jitter2d
2021-06-20,Phosphorus,0.0398,mg/l as P,,USGS-05331580,"MISSISSIPPI RIVER BELOW L&D 2 AT HASTINGS, MN",3.6232393983022417,,Accepted,,augmented_copy3_jitter-1d
2021-06-24,Phosphorus,0.1199,mg/l as P,,USGS-05331580,"MISSISSIPPI RIVER BELOW L&D 2 AT HASTINGS, MN",3.6232393983022417,,Accepted,,augmented_copy1_jitter3d
2021-06-18,Phosphorus,0.1219,mg/l as P,,USGS-05331580,"MISSISSIPPI RIVER BELOW L&D 2 AT HASTINGS, MN",3.6232393983022417,,Accepted,,augmented_copy2_jitter-3d
2021-06-18,Phosphorus,0.1152,mg/l as P,,USGS-05331580,"MISSISSIPPI RIVER BELOW L&D 2 AT HASTINGS, MN",3.6232393983022417,,Accepted,,augmented_copy3_jitter-3d
2021-06-18,Nitrogen,0.544,mg/l,,USGS-05331580,"MISSISSIPPI RIVER BELOW L&D 2 AT HASTINGS, MN",3.6232393983022417,,Accepted,,augmented_copy1_jitter-3d
2021-06-23,Nitrogen,0.5538,mg/l,,USGS-05331580,"MISSISSIPPI RIVER BELOW L&D 2 AT HASTINGS, MN",3.6232393983022417,,Accepted,,augmented_copy2_jitter2d
2021-06-24,Nitrogen,0.5501,mg/l,,USGS-05331580,"MISSISSIPPI RIVER BELOW L&D 2 AT HASTINGS, MN",3.6232393983022417,,Accepted,,augmented_copy3_jitter3d
2021-06-19,Turbidity,39.1646,NTRU,,USGS-05331580,"MISSISSIPPI RIVER BELOW L&D 2 AT HASTINGS, MN",3.6232393983022417,,Accepted,,augmented_copy1_jitter-2d
2021-06-19,Turbidity,38.9627,NTRU,,USGS-05331580,"MISSISSIPPI RIVER BELOW L&D 2 AT HASTINGS, MN",3.6232393983022417,,Accepted,,augmented_copy2_jitter-2d
2021-06-20,Turbidity,37.376,NTRU,,USGS-05331580,"MISSISSIPPI RIVER BELOW L&D 2 AT HASTINGS, MN",3.6232393983022417,,Accepted,,augmented_copy3_jitter-1d
2021-06-25,Nitrogen,0.4517,mg/l,,USGS-05331580,"MISSISSIPPI RIVER BELOW L&D 2 AT HASTINGS, MN",3.6232393983022417,,Accepted,Hold time parameters were exceeded during the collection to analysis phase of sample processing.,augmented_copy1_jitter-3d
2021-06-30,Nitrogen,0.4586,mg/l,,USGS-05331580,"MISSISSIPPI RIVER BELOW L&D 2 AT HASTINGS, MN",3.6232393983022417,,Accepted,Hold time parameters were exceeded during the collection to analysis phase of sample processing.,augmented_copy2_jitter2d
2021-06-27,Nitrogen,0.4505,mg/l,,USGS-05331580,"MISSISSIPPI RIVER BELOW L&D 2 AT HASTINGS, MN",3.6232393983022417,,Accepted,Hold time parameters were exceeded during the collection to analysis phase of sample processing.,augmented_copy3_jitter-1d
2021-06-29,Phosphorus,,,,USGS-05331580,"MISSISSIPPI RIVER BELOW L&D 2 AT HASTINGS, MN",3.6232393983022417,Not Detected,Accepted,,augmented_copy1_jitter1d
2021-06-29,Phosphorus,,,,USGS-05331580,"MISSISSIPPI RIVER BELOW L&D 2 AT HASTINGS, MN",3.6232393983022417,Not Detected,Accepted,,augmented_copy2_jitter1d
2021-06-27,Phosphorus,,,,USGS-05331580,"MISSISSIPPI RIVER BELOW L&D 2 AT HASTINGS, MN",3.6232393983022417,Not Detected,Accepted,,augmented_copy3_jitter-1d
2021-06-29,Phosphorus,0.1108,mg/l as P,,USGS-05331580,"MISSISSIPPI RIVER BELOW L&D 2 AT HASTINGS, MN",3.6232393983022417,,Accepted,,augmented_copy1_jitter1d
2021-06-25,Phosphorus,0.1124,mg/l as P,,USGS-05331580,"MISSISSIPPI RIVER BELOW L&D 2 AT HASTINGS, MN",3.6232393983022417,,Accepted,,augmented_copy2_jitter-3d
2021-06-26,Phosphorus,0.105,mg/l as P,,USGS-05331580,"MISSISSIPPI RIVER BELOW L&D 2 AT HASTINGS, MN",3.6232393983022417,,Accepted,,augmented_copy3_jitter-2d
2021-07-01,Turbidity,18.6297,NTRU,,USGS-05331580,"MISSISSIPPI RIVER BELOW L&D 2 AT HASTINGS, MN",3.6232393983022417,,Accepted,,augmented_copy1_jitter3d
2021-06-29,Turbidity,18.2453,NTRU,,USGS-05331580,"MISSISSIPPI RIVER BELOW L&D 2 AT HASTINGS, MN",3.6232393983022417,,Accepted,,augmented_copy2_jitter1d
2021-06-25,Turbidity,17.3755,NTRU,,USGS-05331580,"MISSISSIPPI RIVER BELOW L&D 2 AT HASTINGS, MN",3.6232393983022417,,Accepted,,augmented_copy3_jitter-3d
2021-07-04,Dissolved oxygen (DO),7.2142,mg/L,,MNPCA-S006-524,"MISSISSIPPI RIVER DOWNSTREAM OF THE US-61 BRIDGE IN HASTINGS, MN",3.8442140212284737,,Final,stream field measurements,augmented_copy1_jitter3d
2021-07-02,Dissolved oxygen (DO),7.0747,mg/L,,MNPCA-S006-524,"MISSISSIPPI RIVER DOWNSTREAM OF THE US-61 BRIDGE IN HASTINGS, MN",3.8442140212284737,,Final,stream field measurements,augmented_copy2_jitter1d
2021-06-29,Dissolved oxygen (DO),7.0366,mg/L,,MNPCA-S006-524,"MISSISSIPPI RIVER DOWNSTREAM OF THE US-61 BRIDGE IN HASTINGS, MN",3.8442140212284737,,Final,stream field measurements,augmented_copy3_jitter-2d
2021-07-23,Phosphorus,0.0888,mg/l as P,,USGS-05331580,"MISSISSIPPI RIVER BELOW L&D 2 AT HASTINGS, MN",3.6232393983022417,,Accepted,,augmented_copy1_jitter2d
2021-07-23,Phosphorus,0.0884,mg/l as P,,USGS-05331580,"MISSISSIPPI RIVER BELOW L&D 2 AT HASTINGS, MN",3.6232393983022417,,Accepted,,augmented_copy2_jitter2d
2021-07-22,Phosphorus,0.0939,mg/l as P,,USGS-05331580,"MISSISSIPPI RIVER BELOW L&D 2 AT HASTINGS, MN",3.6232393983022417,,Accepted,,augmented_copy3_jitter1d
2021-07-18,Phosphorus,,,,USGS-05331580,"MISSISSIPPI RIVER BELOW L&D 2 AT HASTINGS, MN",3.6232393983022417,Not Detected,Accepted,,augmented_copy1_jitter-3d
2021-07-20,Phosphorus,,,,USGS-05331580,"MISSISSIPPI RIVER BELOW L&D 2 AT HASTINGS, MN",3.6232393983022417,Not Detected,Accepted,,augmented_copy2_jitter-1d
2021-07-18,Phosphorus,,,,USGS-05331580,"MISSISSIPPI RIVER BELOW L&D 2 AT HASTINGS, MN",3.6232393983022417,Not Detected,Accepted,,augmented_copy3_jitter-3d
2021-07-23,Nitrogen,0.4624,mg/l,,USGS-05331580,"MISSISSIPPI RIVER BELOW L&D 2 AT HASTINGS, MN",3.6232393983022417,,Accepted,,augmented_copy1_jitter2d
2021-07-24,Nitrogen,0.4605,mg/l,,USGS-05331580,"MISSISSIPPI RIVER BELOW L&D 2 AT HASTINGS, MN",3.6232393983022417,,Accepted,,augmented_copy2_jitter3d
2021-07-20,Nitrogen,0.4521,mg/l,,USGS-05331580,"MISSISSIPPI RIVER BELOW L&D 2 AT HASTINGS, MN",3.6232393983022417,,Accepted,,augmented_copy3_jitter-1d
2021-07-19,Turbidity,18.6986,NTRU,,USGS-05331580,"MISSISSIPPI RIVER BELOW L&D 2 AT HASTINGS, MN",3.6232393983022417,,Accepted,,augmented_copy1_jitter-2d
2021-07-22,Turbidity,18.8556,NTRU,,USGS-05331580,"MISSISSIPPI RIVER BELOW L&D 2 AT HASTINGS, MN",3.6232393983022417,,Accepted,,augmented_copy2_jitter1d
2021-07-23,Turbidity,18.3196,NTRU,,USGS-05331580,"MISSISSIPPI RIVER BELOW L&D 2 AT HASTINGS, MN",3.6232393983022417,,Accepted,,augmented_copy3_jitter2d
2021-08-01,Phosphorus,0.1432,mg/l as P,,USGS-05331580,"MISSISSIPPI RIVER BELOW L&D 2 AT HASTINGS, MN",3.6232393983022417,,Accepted,,augmented_copy1_jitter2d
2021-07-28,Phosphorus,0.1406,mg/l as P,,USGS-05331580,"MISSISSIPPI RIVER BELOW L&D 2 AT HASTINGS, MN",3.6232393983022417,,Accepted,,augmented_copy2_jitter-2d
2021-07-29,Phosphorus,0.1402,mg/l as P,,USGS-05331580,"MISSISSIPPI RIVER BELOW L&D 2 AT HASTINGS, MN",3.6232393983022417,,Accepted,,augmented_copy3_jitter-1d
2021-07-29,Turbidity,15.7128,NTRU,,USGS-05331580,"MISSISSIPPI RIVER BELOW L&D 2 AT HASTINGS, MN",3.6232393983022417,,Accepted,,augmented_copy1_jitter-1d
2021-08-02,Turbidity,16.2072,NTRU,,USGS-05331580,"MISSISSIPPI RIVER BELOW L&D 2 AT HASTINGS, MN",3.6232393983022417,,Accepted,,augmented_copy2_jitter3d
2021-08-01,Turbidity,16.8626,NTRU,,USGS-05331580,"MISSISSIPPI RIVER BELOW L&D 2 AT HASTINGS, MN",3.6232393983022417,,Accepted,,augmented_copy3_jitter2d
2021-07-27,Phosphorus,0.0759,mg/l as P,,USGS-05331580,"MISSISSIPPI RIVER BELOW L&D 2 AT HASTINGS, MN",3.6232393983022417,,Accepted,,augmented_copy1_jitter-3d
2021-07-31,Phosphorus,0.07,mg/l as P,,USGS-05331580,"MISSISSIPPI RIVER BELOW L&D 2 AT HASTINGS, MN",3.6232393983022417,,Accepted,,augmented_copy2_jitter1d
2021-08-01,Phosphorus,0.068,mg/l as P,,USGS-05331580,"MISSISSIPPI RIVER BELOW L&D 2 AT HASTINGS, MN",3.6232393983022417,,Accepted,,augmented_copy3_jitter2d
2021-07-27,Nitrogen,0.3351,mg/l,,USGS-05331580,"MISSISSIPPI RIVER BELOW L&D 2 AT HASTINGS, MN",3.6232393983022417,,Accepted,Hold time parameters were exceeded during the collection to analysis phase of sample processing.,augmented_copy1_jitter-3d
2021-07-31,Nitrogen,0.3473,mg/l,,USGS-05331580,"MISSISSIPPI RIVER BELOW L&D 2 AT HASTINGS, MN",3.6232393983022417,,Accepted,Hold time parameters were exceeded during the collection to analysis phase of sample processing.,augmented_copy2_jitter1d
2021-07-28,Nitrogen,0.3282,mg/l,,USGS-05331580,"MISSISSIPPI RIVER BELOW L&D 2 AT HASTINGS, MN",3.6232393983022417,,Accepted,Hold time parameters were exceeded during the collection to analysis phase of sample processing.,augmented_copy3_jitter-2d
2021-08-25,Phosphorus,0.0721,mg/l as P,,USGS-05331580,"MISSISSIPPI RIVER BELOW L&D 2 AT HASTINGS, MN",3.6232393983022417,,Accepted,,augmented_copy1_jitter2d
2021-08-22,Phosphorus,0.0622,mg/l as P,,USGS-05331580,"MISSISSIPPI RIVER BELOW L&D 2 AT HASTINGS, MN",3.6232393983022417,,Accepted,,augmented_copy2_jitter-1d
2021-08-21,Phosphorus,0.0719,mg/l as P,,USGS-05331580,"MISSISSIPPI RIVER BELOW L&D 2 AT HASTINGS, MN",3.6232393983022417,,Accepted,,augmented_copy3_jitter-2d
2021-08-24,Phosphorus,0.1043,mg/l as P,,USGS-05331580,"MISSISSIPPI RIVER BELOW L&D 2 AT HASTINGS, MN",3.6232393983022417,,Accepted,,augmented_copy1_jitter1d
2021-08-24,Phosphorus,0.1055,mg/l as P,,USGS-05331580,"MISSISSIPPI RIVER BELOW L&D 2 AT HASTINGS, MN",3.6232393983022417,,Accepted,,augmented_copy2_jitter1d
2021-08-21,Phosphorus,0.1166,mg/l as P,,USGS-05331580,"MISSISSIPPI RIVER BELOW L&D 2 AT HASTINGS, MN",3.6232393983022417,,Accepted,,augmented_copy3_jitter-2d
2021-08-22,Nitrogen,0.4667,mg/l,,USGS-05331580,"MISSISSIPPI RIVER BELOW L&D 2 AT HASTINGS, MN",3.6232393983022417,,Accepted,Hold time parameters were exceeded during the collection to analysis phase of sample processing.,augmented_copy1_jitter-1d
2021-08-25,Nitrogen,0.4515,mg/l,,USGS-05331580,"MISSISSIPPI RIVER BELOW L&D 2 AT HASTINGS, MN",3.6232393983022417,,Accepted,Hold time parameters were exceeded during the collection to analysis phase of sample processing.,augmented_copy2_jitter2d
2021-08-24,Nitrogen,0.4724,mg/l,,USGS-05331580,"MISSISSIPPI RIVER BELOW L&D 2 AT HASTINGS, MN",3.6232393983022417,,Accepted,Hold time parameters were exceeded during the collection to analysis phase of sample processing.,augmented_copy3_jitter1d
2021-08-24,Turbidity,20.1712,NTRU,,USGS-05331580,"MISSISSIPPI RIVER BELOW L&D 2 AT HASTINGS, MN",3.6232393983022417,,Accepted,,augmented_copy1_jitter1d
2021-08-20,Turbidity,18.7086,NTRU,,USGS-05331580,"MISSISSIPPI RIVER BELOW L&D 2 AT HASTINGS, MN",3.6232393983022417,,Accepted,,augmented_copy2_jitter-3d
2021-08-25,Turbidity,18.1648,NTRU,,USGS-05331580,"MISSISSIPPI RIVER BELOW L&D 2 AT HASTINGS, MN",3.6232393983022417,,Accepted,,augmented_copy3_jitter2d
2021-10-28,Dissolved oxygen (DO),9.811,mg/L,,MNPCA-S006-524,"MISSISSIPPI RIVER DOWNSTREAM OF THE US-61 BRIDGE IN HASTINGS, MN",3.8442140212284737,,Final,,augmented_copy1_jitter1d
2021-10-28,Dissolved oxygen (DO),9.9624,mg/L,,MNPCA-S006-524,"MISSISSIPPI RIVER DOWNSTREAM OF THE US-61 BRIDGE IN HASTINGS, MN",3.8442140212284737,,Final,,augmented_copy2_jitter1d
2021-10-30,Dissolved oxygen (DO),9.8444,mg/L,,MNPCA-S006-524,"MISSISSIPPI RIVER DOWNSTREAM OF THE US-61 BRIDGE IN HASTINGS, MN",3.8442140212284737,,Final,,augmented_copy3_jitter3d
2021-10-28,Phosphorus,0.0282,mg/l as P,,USGS-05331580,"MISSISSIPPI RIVER BELOW L&D 2 AT HASTINGS, MN",3.6232393983022417,,Accepted,,augmented_copy1_jitter-1d
2021-10-26,Phosphorus,0.0343,mg/l as P,,USGS-05331580,"MISSISSIPPI RIVER BELOW L&D 2 AT HASTINGS, MN",3.6232393983022417,,Accepted,,augmented_copy2_jitter-3d
2021-10-30,Phosphorus,0.0277,mg/l as P,,USGS-05331580,"MISSISSIPPI RIVER BELOW L&D 2 AT HASTINGS, MN",3.6232393983022417,,Accepted,,augmented_copy3_jitter1d
2021-10-31,Phosphorus,0.0546,mg/l as P,,USGS-05331580,"MISSISSIPPI RIVER BELOW L&D 2 AT HASTINGS, MN",3.6232393983022417,,Accepted,,augmented_copy1_jitter2d
2021-10-30,Phosphorus,0.0536,mg/l as P,,USGS-05331580,"MISSISSIPPI RIVER BELOW L&D 2 AT HASTINGS, MN",3.6232393983022417,,Accepted,,augmented_copy2_jitter1d
2021-10-27,Phosphorus,0.0607,mg/l as P,,USGS-05331580,"MISSISSIPPI RIVER BELOW L&D 2 AT HASTINGS, MN",3.6232393983022417,,Accepted,,augmented_copy3_jitter-2d
2021-10-31,Turbidity,12.3962,NTRU,,USGS-05331580,"MISSISSIPPI RIVER BELOW L&D 2 AT HASTINGS, MN",3.6232393983022417,,Accepted,,augmented_copy1_jitter2d
2021-10-27,Turbidity,11.2827,NTRU,,USGS-05331580,"MISSISSIPPI RIVER BELOW L&D 2 AT HASTINGS, MN",3.6232393983022417,,Accepted,,augmented_copy2_jitter-2d
2021-10-31,Turbidity,10.8564,NTRU,,USGS-05331580,"MISSISSIPPI RIVER BELOW L&D 2 AT HASTINGS, MN",3.6232393983022417,,Accepted,,augmented_copy3_jitter2d
2021-10-27,Nitrogen,0.18,mg/l,,USGS-05331580,"MISSISSIPPI RIVER BELOW L&D 2 AT HASTINGS, MN",3.6232393983022417,,Accepted,Hold time parameters were exceeded during the collection to analysis phase of sample processing.,augmented_copy1_jitter-2d
2021-10-28,Nitrogen,0.1969,mg/l,,USGS-05331580,"MISSISSIPPI RIVER BELOW L&D 2 AT HASTINGS, MN",3.6232393983022417,,Accepted,Hold time parameters were exceeded during the collection to analysis phase of sample processing.,augmented_copy2_jitter-1d
2021-10-31,Nitrogen,0.1967,mg/l,,USGS-05331580,"MISSISSIPPI RIVER BELOW L&D 2 AT HASTINGS, MN",3.6232393983022417,,Accepted,Hold time parameters were exceeded during the collection to analysis phase of sample processing.,augmented_copy3_jitter2d
2021-12-17,Nitrogen,0.1897,mg/l,,USGS-05331580,"MISSISSIPPI RIVER BELOW L&D 2 AT HASTINGS, MN",3.6232393983022417,,Accepted,,augmented_copy1_jitter3d
2021-12-17,Nitrogen,0.1873,mg/l,,USGS-05331580,"MISSISSIPPI RIVER BELOW L&D 2 AT HASTINGS, MN",3.6232393983022417,,Accepted,,augmented_copy2_jitter3d
2021-12-17,Nitrogen,0.1891,mg/l,,USGS-05331580,"MISSISSIPPI RIVER BELOW L&D 2 AT HASTINGS, MN",3.6232393983022417,,Accepted,,augmented_copy3_jitter3d
2021-12-12,Turbidity,2.0874,NTRU,,USGS-05331580,"MISSISSIPPI RIVER BELOW L&D 2 AT HASTINGS, MN",3.6232393983022417,,Accepted,Hold time parameters were exceeded during the collection to analysis phase of sample processing.,augmented_copy1_jitter-2d
2021-12-11,Turbidity,1.7408,NTRU,,USGS-05331580,"MISSISSIPPI RIVER BELOW L&D 2 AT HASTINGS, MN",3.6232393983022417,,Accepted,Hold time parameters were exceeded during the collection to analysis phase of sample processing.,augmented_copy2_jitter-3d
2021-12-12,Turbidity,3.556,NTRU,,USGS-05331580,"MISSISSIPPI RIVER BELOW L&D 2 AT HASTINGS, MN",3.6232393983022417,,Accepted,Hold time parameters were exceeded during the collection to analysis phase of sample processing.,augmented_copy3_jitter-2d
2021-12-15,Phosphorus,0.0406,mg/l as P,,USGS-05331580,"MISSISSIPPI RIVER BELOW L&D 2 AT HASTINGS, MN",3.6232393983022417,,Accepted,,augmented_copy1_jitter1d
2021-12-12,Phosphorus,0.047,mg/l as P,,USGS-05331580,"MISSISSIPPI RIVER BELOW L&D 2 AT HASTINGS, MN",3.6232393983022417,,Accepted,,augmented_copy2_jitter-2d
2021-12-13,Phosphorus,0.046,mg/l as P,,USGS-05331580,"MISSISSIPPI RIVER BELOW L&D 2 AT HASTINGS, MN",3.6232393983022417,,Accepted,,augmented_copy3_jitter-1d
2021-12-16,Phosphorus,0.0534,mg/l as P,,USGS-05331580,"MISSISSIPPI RIVER BELOW L&D 2 AT HASTINGS, MN",3.6232393983022417,,Accepted,,augmented_copy1_jitter2d
2021-12-12,Phosphorus,0.0561,mg/l as P,,USGS-05331580,"MISSISSIPPI RIVER BELOW L&D 2 AT HASTINGS, MN",3.6232393983022417,,Accepted,,augmented_copy2_jitter-2d
2021-12-15,Phosphorus,0.0451,mg/l as P,,USGS-05331580,"MISSISSIPPI RIVER BELOW L&D 2 AT HASTINGS, MN",3.6232393983022417,,Accepted,,augmented_copy3_jitter1d
2022-01-06,Turbidity,1.8481,NTRU,,USGS-05331580,"MISSISSIPPI RIVER BELOW L&D 2 AT HASTINGS, MN",3.6232393983022417,,Accepted,,augmented_copy1_jitter2d
2022-01-03,Turbidity,2.535,NTRU,,USGS-05331580,"MISSISSIPPI RIVER BELOW L&D 2 AT HASTINGS, MN",3.6232393983022417,,Accepted,,augmented_copy2_jitter-1d
2022-01-06,Turbidity,2.9216,NTRU,,USGS-05331580,"MISSISSIPPI RIVER BELOW L&D 2 AT HASTINGS, MN",3.6232393983022417,,Accepted,,augmented_copy3_jitter2d
2022-01-01,Phosphorus,,,,USGS-05331580,"MISSISSIPPI RIVER BELOW L&D 2 AT HASTINGS, MN",3.6232393983022417,Not Detected,Accepted,,augmented_copy1_jitter-3d
2022-01-02,Phosphorus,,,,USGS-05331580,"MISSISSIPPI RIVER BELOW L&D 2 AT HASTINGS, MN",3.6232393983022417,Not Detected,Accepted,,augmented_copy2_jitter-2d
2022-01-02,Phosphorus,,,,USGS-05331580,"MISSISSIPPI RIVER BELOW L&D 2 AT HASTINGS, MN",3.6232393983022417,Not Detected,Accepted,,augmented_copy3_jitter-2d
2022-01-03,Phosphorus,0.0348,mg/l as P,,USGS-05331580,"MISSISSIPPI RIVER BELOW L&D 2 AT HASTINGS, MN",3.6232393983022417,,Accepted,,augmented_copy1_jitter-1d
2022-01-06,Phosphorus,0.0366,mg/l as P,,USGS-05331580,"MISSISSIPPI RIVER BELOW L&D 2 AT HASTINGS, MN",3.6232393983022417,,Accepted,,augmented_copy2_jitter2d
2022-01-07,Phosphorus,0.035,mg/l as P,,USGS-05331580,"MISSISSIPPI RIVER BELOW L&D 2 AT HASTINGS, MN",3.6232393983022417,,Accepted,,augmented_copy3_jitter3d
2022-01-06,Nitrogen,0.1,mg/l,,USGS-05331580,"MISSISSIPPI RIVER BELOW L&D 2 AT HASTINGS, MN",3.6232393983022417,,Accepted,,augmented_copy1_jitter2d
2022-01-06,Nitrogen,0.0861,mg/l,,USGS-05331580,"MISSISSIPPI RIVER BELOW L&D 2 AT HASTINGS, MN",3.6232393983022417,,Accepted,,augmented_copy2_jitter2d
2022-01-03,Nitrogen,0.0893,mg/l,,USGS-05331580,"MISSISSIPPI RIVER BELOW L&D 2 AT HASTINGS, MN",3.6232393983022417,,Accepted,,augmented_copy3_jitter-1d
2022-02-27,Phosphorus,,,,USGS-05331580,"MISSISSIPPI RIVER BELOW L&D 2 AT HASTINGS, MN",3.6232393983022417,Not Detected,Accepted,Hold time parameters were exceeded during the collection to analysis phase of sample processing.,augmented_copy1_jitter-1d
2022-03-03,Phosphorus,,,,USGS-05331580,"MISSISSIPPI RIVER BELOW L&D 2 AT HASTINGS, MN",3.6232393983022417,Not Detected,Accepted,Hold time parameters were exceeded during the collection to analysis phase of sample processing.,augmented_copy2_jitter3d
2022-03-02,Phosphorus,,,,USGS-05331580,"MISSISSIPPI RIVER BELOW L&D 2 AT HASTINGS, MN",3.6232393983022417,Not Detected,Accepted,Hold time parameters were exceeded during the collection to analysis phase of sample processing.,augmented_copy3_jitter2d
2022-02-25,Phosphorus,,,,USGS-05331580,"MISSISSIPPI RIVER BELOW L&D 2 AT HASTINGS, MN",3.6232393983022417,Not Detected,Accepted,Hold time parameters were exceeded during the collection to analysis phase of sample processing.,augmented_copy1_jitter-3d
2022-02-25,Phosphorus,,,,USGS-05331580,"MISSISSIPPI RIVER BELOW L&D 2 AT HASTINGS, MN",3.6232393983022417,Not Detected,Accepted,Hold time parameters were exceeded during the collection to analysis phase of sample processing.,augmented_copy2_jitter-3d
2022-03-02,Phosphorus,,,,USGS-05331580,"MISSISSIPPI RIVER BELOW L&D 2 AT HASTINGS, MN",3.6232393983022417,Not Detected,Accepted,Hold time parameters were exceeded during the collection to analysis phase of sample processing.,augmented_copy3_jitter2d
2022-03-02,Turbidity,1.8628,NTRU,,USGS-05331580,"MISSISSIPPI RIVER BELOW L&D 2 AT HASTINGS, MN",3.6232393983022417,,Accepted,Hold time parameters were exceeded during the collection to analysis phase of sample processing.,augmented_copy1_jitter2d
2022-02-25,Turbidity,2.3657,NTRU,,USGS-05331580,"MISSISSIPPI RIVER BELOW L&D 2 AT HASTINGS, MN",3.6232393983022417,,Accepted,Hold time parameters were exceeded during the collection to analysis phase of sample processing.,augmented_copy2_jitter-3d
2022-02-27,Turbidity,2.9054,NTRU,,USGS-05331580,"MISSISSIPPI RIVER BELOW L&D 2 AT HASTINGS, MN",3.6232393983022417,,Accepted,Hold time parameters were exceeded during the collection to analysis phase of sample processing.,augmented_copy3_jitter-1d
2022-03-23,Turbidity,10.8386,NTRU,,USGS-05331580,"MISSISSIPPI RIVER BELOW L&D 2 AT HASTINGS, MN",3.6232393983022417,,Accepted,Hold time parameters were exceeded during the collection to analysis phase of sample processing.,augmented_copy1_jitter-1d
2022-03-22,Turbidity,11.9497,NTRU,,USGS-05331580,"MISSISSIPPI RIVER BELOW L&D 2 AT HASTINGS, MN",3.6232393983022417,,Accepted,Hold time parameters were exceeded during the collection to analysis phase of sample processing.,augmented_copy2_jitter-2d
2022-03-25,Turbidity,11.6371,NTRU,,USGS-05331580,"MISSISSIPPI RIVER BELOW L&D 2 AT HASTINGS, MN",3.6232393983022417,,Accepted,Hold time parameters were exceeded during the collection to analysis phase of sample processing.,augmented_copy3_jitter1d
2022-03-21,Nitrogen,0.2141,mg/l,,USGS-05331580,"MISSISSIPPI RIVER BELOW L&D 2 AT HASTINGS, MN",3.6232393983022417,,Accepted,,augmented_copy1_jitter-3d
2022-03-26,Nitrogen,0.2115,mg/l,,USGS-05331580,"MISSISSIPPI RIVER BELOW L&D 2 AT HASTINGS, MN",3.6232393983022417,,Accepted,,augmented_copy2_jitter2d
2022-03-26,Nitrogen,0.1941,mg/l,,USGS-05331580,"MISSISSIPPI RIVER BELOW L&D 2 AT HASTINGS, MN",3.6232393983022417,,Accepted,,augmented_copy3_jitter2d
2022-03-27,Phosphorus,0.145,mg/l as P,,USGS-05331580,"MISSISSIPPI RIVER BELOW L&D 2 AT HASTINGS, MN",3.6232393983022417,,Accepted,Hold time parameters were exceeded during the collection to analysis phase of sample processing.,augmented_copy1_jitter3d
2022-03-27,Phosphorus,0.142,mg/l as P,,USGS-05331580,"MISSISSIPPI RIVER BELOW L&D 2 AT HASTINGS, MN",3.6232393983022417,,Accepted,Hold time parameters were exceeded during the collection to analysis phase of sample processing.,augmented_copy2_jitter3d
2022-03-27,Phosphorus,0.1345,mg/l as P,,USGS-05331580,"MISSISSIPPI RIVER BELOW L&D 2 AT HASTINGS, MN",3.6232393983022417,,Accepted,Hold time parameters were exceeded during the collection to analysis phase of sample processing.,augmented_copy3_jitter3d
2022-03-21,Phosphorus,0.1784,mg/l as P,,USGS-05331580,"MISSISSIPPI RIVER BELOW L&D 2 AT HASTINGS, MN",3.6232393983022417,,Accepted,Hold time parameters were exceeded during the collection to analysis phase of sample processing.,augmented_copy1_jitter-3d
2022-03-22,Phosphorus,0.1862,mg/l as P,,USGS-05331580,"MISSISSIPPI RIVER BELOW L&D 2 AT HASTINGS, MN",3.6232393983022417,,Accepted,Hold time parameters were exceeded during the collection to analysis phase of sample processing.,augmented_copy2_jitter-2d
2022-03-25,Phosphorus,0.1752,mg/l as P,,USGS-05331580,"MISSISSIPPI RIVER BELOW L&D 2 AT HASTINGS, MN",3.6232393983022417,,Accepted,Hold time parameters were exceeded during the collection to analysis phase of sample processing.,augmented_copy3_jitter1d
2022-04-13,Turbidity,16.1422,NTRU,,USGS-05331580,"MISSISSIPPI RIVER BELOW L&D 2 AT HASTINGS, MN",3.6232393983022417,,Accepted,,augmented_copy1_jitter2d
2022-04-08,Turbidity,14.308,NTRU,,USGS-05331580,"MISSISSIPPI RIVER BELOW L&D 2 AT HASTINGS, MN",3.6232393983022417,,Accepted,,augmented_copy2_jitter-3d
2022-04-08,Turbidity,15.6754,NTRU,,USGS-05331580,"MISSISSIPPI RIVER BELOW L&D 2 AT HASTINGS, MN",3.6232393983022417,,Accepted,,augmented_copy3_jitter-3d
2022-04-10,Phosphorus,0.1429,mg/l as P,,USGS-05331580,"MISSISSIPPI RIVER BELOW L&D 2 AT HASTINGS, MN",3.6232393983022417,,Accepted,Hold time parameters were exceeded during the collection to analysis phase of sample processing.,augmented_copy1_jitter-1d
2022-04-09,Phosphorus,0.1337,mg/l as P,,USGS-05331580,"MISSISSIPPI RIVER BELOW L&D 2 AT HASTINGS, MN",3.6232393983022417,,Accepted,Hold time parameters were exceeded during the collection to analysis phase of sample processing.,augmented_copy2_jitter-2d
2022-04-09,Phosphorus,0.147,mg/l as P,,USGS-05331580,"MISSISSIPPI RIVER BELOW L&D 2 AT HASTINGS, MN",3.6232393983022417,,Accepted,Hold time parameters were exceeded during the collection to analysis phase of sample processing.,augmented_copy3_jitter-2d
2022-04-14,Phosphorus,0.1057,mg/l as P,,USGS-05331580,"MISSISSIPPI RIVER BELOW L&D 2 AT HASTINGS, MN",3.6232393983022417,,Accepted,Hold time parameters were exceeded during the collection to analysis phase of sample processing.,augmented_copy1_jitter3d
2022-04-13,Phosphorus,0.1139,mg/l as P,,USGS-05331580,"MISSISSIPPI RIVER BELOW L&D 2 AT HASTINGS, MN",3.6232393983022417,,Accepted,Hold time parameters were exceeded during the collection to analysis phase of sample processing.,augmented_copy2_jitter2d
2022-04-08,Phosphorus,0.1092,mg/l as P,,USGS-05331580,"MISSISSIPPI RIVER BELOW L&D 2 AT HASTINGS, MN",3.6232393983022417,,Accepted,Hold time parameters were exceeded during the collection to analysis phase of sample processing.,augmented_copy3_jitter-3d
2022-04-14,Nitrogen,0.3151,mg/l,,USGS-05331580,"MISSISSIPPI RIVER BELOW L&D 2 AT HASTINGS, MN",3.6232393983022417,,Accepted,,augmented_copy1_jitter3d
2022-04-09,Nitrogen,0.3302,mg/l,,USGS-05331580,"MISSISSIPPI RIVER BELOW L&D 2 AT HASTINGS, MN",3.6232393983022417,,Accepted,,augmented_copy2_jitter-2d
2022-04-12,Nitrogen,0.316,mg/l,,USGS-05331580,"MISSISSIPPI RIVER BELOW L&D 2 AT HASTINGS, MN",3.6232393983022417,,Accepted,,augmented_copy3_jitter1d
2022-04-19,Phosphorus,0.1254,mg/l as P,,USGS-05331580,"MISSISSIPPI RIVER BELOW L&D 2 AT HASTINGS, MN",3.6232393983022417,,Accepted,Hold time parameters were exceeded during the collection to analysis phase of sample processing.,augmented_copy1_jitter-2d
2022-04-24,Phosphorus,0.1221,mg/l as P,,USGS-05331580,"MISSISSIPPI RIVER BELOW L&D 2 AT HASTINGS, MN",3.6232393983022417,,Accepted,Hold time parameters were exceeded during the collection to analysis phase of sample processing.,augmented_copy2_jitter3d
2022-04-23,Phosphorus,0.1129,mg/l as P,,USGS-05331580,"MISSISSIPPI RIVER BELOW L&D 2 AT HASTINGS, MN",3.6232393983022417,,Accepted,Hold time parameters were exceeded during the collection to analysis phase of sample processing.,augmented_copy3_jitter2d
2022-04-24,Phosphorus,0.0375,mg/l as P,,USGS-05331580,"MISSISSIPPI RIVER BELOW L&D 2 AT HASTINGS, MN",3.6232393983022417,,Accepted,Hold time parameters were exceeded during the collection to analysis phase of sample processing.,augmented_copy1_jitter3d
2022-04-20,Phosphorus,0.0419,mg/l as P,,USGS-05331580,"MISSISSIPPI RIVER BELOW L&D 2 AT HASTINGS, MN",3.6232393983022417,,Accepted,Hold time parameters were exceeded during the collection to analysis phase of sample processing.,augmented_copy2_jitter-1d
2022-04-20,Phosphorus,0.0418,mg/l as P,,USGS-05331580,"MISSISSIPPI RIVER BELOW L&D 2 AT HASTINGS, MN",3.6232393983022417,,Accepted,Hold time parameters were exceeded during the collection to analysis phase of sample processing.,augmented_copy3_jitter-1d
2022-04-24,Nitrogen,0.2272,mg/l,,USGS-05331580,"MISSISSIPPI RIVER BELOW L&D 2 AT HASTINGS, MN",3.6232393983022417,,Accepted,,augmented_copy1_jitter3d
2022-04-22,Nitrogen,0.2067,mg/l,,USGS-05331580,"MISSISSIPPI RIVER BELOW L&D 2 AT HASTINGS, MN",3.6232393983022417,,Accepted,,augmented_copy2_jitter1d
2022-04-20,Nitrogen,0.2072,mg/l,,USGS-05331580,"MISSISSIPPI RIVER BELOW L&D 2 AT HASTINGS, MN",3.6232393983022417,,Accepted,,augmented_copy3_jitter-1d
2022-04-23,Turbidity,21.0022,NTRU,,USGS-05331580,"MISSISSIPPI RIVER BELOW L&D 2 AT HASTINGS, MN",3.6232393983022417,,Accepted,Hold time parameters were exceeded during the collection to analysis phase of sample processing.,augmented_copy1_jitter2d
2022-04-18,Turbidity,21.0814,NTRU,,USGS-05331580,"MISSISSIPPI RIVER BELOW L&D 2 AT HASTINGS, MN",3.6232393983022417,,Accepted,Hold time parameters were exceeded during the collection to analysis phase of sample processing.,augmented_copy2_jitter-3d
2022-04-22,Turbidity,20.2736,NTRU,,USGS-05331580,"MISSISSIPPI RIVER BELOW L&D 2 AT HASTINGS, MN",3.6232393983022417,,Accepted,Hold time parameters were exceeded during the collection to analysis phase of sample processing.,augmented_copy3_jitter1d
2022-05-07,Phosphorus,,,,USGS-05331580,"MISSISSIPPI RIVER BELOW L&D 2 AT HASTINGS, MN",3.6232393983022417,Not Detected,Accepted,Hold time parameters were exceeded during the collection to analysis phase of sample processing.,augmented_copy1_jitter1d
2022-05-03,Phosphorus,,,,USGS-05331580,"MISSISSIPPI RIVER BELOW L&D 2 AT HASTINGS, MN",3.6232393983022417,Not Detected,Accepted,Hold time parameters were exceeded during the collection to analysis phase of sample processing.,augmented_copy2_jitter-3d
2022-05-03,Phosphorus,,,,USGS-05331580,"MISSISSIPPI RIVER BELOW L&D 2 AT HASTINGS, MN",3.6232393983022417,Not Detected,Accepted,Hold time parameters were exceeded during the collection to analysis phase of sample processing.,augmented_copy3_jitter-3d
2022-05-05,Phosphorus,0.1265,mg/l as P,,USGS-05331580,"MISSISSIPPI RIVER BELOW L&D 2 AT HASTINGS, MN",3.6232393983022417,,Accepted,Hold time parameters were exceeded during the collection to analysis phase of sample processing.,augmented_copy1_jitter-1d
2022-05-05,Phosphorus,0.1377,mg/l as P,,USGS-05331580,"MISSISSIPPI RIVER BELOW L&D 2 AT HASTINGS, MN",3.6232393983022417,,Accepted,Hold time parameters were exceeded during the collection to analysis phase of sample processing.,augmented_copy2_jitter-1d
2022-05-09,Phosphorus,0.1272,mg/l as P,,USGS-05331580,"MISSISSIPPI RIVER BELOW L&D 2 AT HASTINGS, MN",3.6232393983022417,,Accepted,Hold time parameters were exceeded during the collection to analysis phase of sample processing.,augmented_copy3_jitter3d
2022-05-05,Nitrogen,0.2635,mg/l,,USGS-05331580,"MISSISSIPPI RIVER BELOW L&D 2 AT HASTINGS, MN",3.6232393983022417,,Accepted,,augmented_copy1_jitter-1d
2022-05-08,Nitrogen,0.2612,mg/l,,USGS-05331580,"MISSISSIPPI RIVER BELOW L&D 2 AT HASTINGS, MN",3.6232393983022417,,Accepted,,augmented_copy2_jitter2d
2022-05-07,Nitrogen,0.2653,mg/l,,USGS-05331580,"MISSISSIPPI RIVER BELOW L&D 2 AT HASTINGS, MN",3.6232393983022417,,Accepted,,augmented_copy3_jitter1d
2022-05-03,Turbidity,30.4441,NTRU,,USGS-05331580,"MISSISSIPPI RIVER BELOW L&D 2 AT HASTINGS, MN",3.6232393983022417,,Accepted,,augmented_copy1_jitter-3d
2022-05-07,Turbidity,30.5881,NTRU,,USGS-05331580,"MISSISSIPPI RIVER BELOW L&D 2 AT HASTINGS, MN",3.6232393983022417,,Accepted,,augmented_copy2_jitter1d
2022-05-09,Turbidity,31.2236,NTRU,,USGS-05331580,"MISSISSIPPI RIVER BELOW L&D 2 AT HASTINGS, MN",3.6232393983022417,,Accepted,,augmented_copy3_jitter3d
2022-05-22,Phosphorus,0.1622,mg/l as P,,USGS-05331580,"MISSISSIPPI RIVER BELOW L&D 2 AT HASTINGS, MN",3.6232393983022417,,Accepted,Hold time parameters were exceeded during the collection to analysis phase of sample processing.,augmented_copy1_jitter-1d
2022-05-21,Phosphorus,0.1574,mg/l as P,,USGS-05331580,"MISSISSIPPI RIVER BELOW L&D 2 AT HASTINGS, MN",3.6232393983022417,,Accepted,Hold time parameters were exceeded during the collection to analysis phase of sample processing.,augmented_copy2_jitter-2d
2022-05-25,Phosphorus,0.1737,mg/l as P,,USGS-05331580,"MISSISSIPPI RIVER BELOW L&D 2 AT HASTINGS, MN",3.6232393983022417,,Accepted,Hold time parameters were exceeded during the collection to analysis phase of sample processing.,augmented_copy3_jitter2d
2022-05-21,Phosphorus,0.053,mg/l as P,,USGS-05331580,"MISSISSIPPI RIVER BELOW L&D 2 AT HASTINGS, MN",3.6232393983022417,,Accepted,Hold time parameters were exceeded during the collection to analysis phase of sample processing.,augmented_copy1_jitter-2d
2022-05-24,Phosphorus,0.0638,mg/l as P,,USGS-05331580,"MISSISSIPPI RIVER BELOW L&D 2 AT HASTINGS, MN",3.6232393983022417,,Accepted,Hold time parameters were exceeded during the collection to analysis phase of sample processing.,augmented_copy2_jitter1d
2022-05-20,Phosphorus,0.0561,mg/l as P,,USGS-05331580,"MISSISSIPPI RIVER BELOW L&D 2 AT HASTINGS, MN",3.6232393983022417,,Accepted,Hold time parameters were exceeded during the collection to analysis phase of sample processing.,augmented_copy3_jitter-3d
2022-05-22,Nitrogen,0.2598,mg/l,,USGS-05331580,"MISSISSIPPI RIVER BELOW L&D 2 AT HASTINGS, MN",3.6232393983022417,,Accepted,,augmented_copy1_jitter-1d
2022-05-24,Nitrogen,0.2623,mg/l,,USGS-05331580,"MISSISSIPPI RIVER BELOW L&D 2 AT HASTINGS, MN",3.6232393983022417,,Accepted,,augmented_copy2_jitter1d
2022-05-22,Nitrogen,0.2654,mg/l,,USGS-05331580,"MISSISSIPPI RIVER BELOW L&D 2 AT HASTINGS, MN",3.6232393983022417,,Accepted,,augmented_copy3_jitter-1d
2022-05-20,Turbidity,31.2043,NTRU,,USGS-05331580,"MISSISSIPPI RIVER BELOW L&D 2 AT HASTINGS, MN",3.6232393983022417,,Accepted,,augmented_copy1_jitter-3d
2022-05-26,Turbidity,31.8337,NTRU,,USGS-05331580,"MISSISSIPPI RIVER BELOW L&D 2 AT HASTINGS, MN",3.6232393983022417,,Accepted,,augmented_copy2_jitter3d
2022-05-24,Turbidity,30.2376,NTRU,,USGS-05331580,"MISSISSIPPI RIVER BELOW L&D 2 AT HASTINGS, MN",3.6232393983022417,,Accepted,,augmented_copy3_jitter1d
2022-06-16,Turbidity,28.5079,NTRU,,USGS-05331580,"MISSISSIPPI RIVER BELOW L&D 2 AT HASTINGS, MN",3.6232393983022417,,Accepted,,augmented_copy1_jitter-1d
2022-06-18,Turbidity,28.5138,NTRU,,USGS-05331580,"MISSISSIPPI RIVER BELOW L&D 2 AT HASTINGS, MN",3.6232393983022417,,Accepted,,augmented_copy2_jitter1d
2022-06-16,Turbidity,28.2516,NTRU,,USGS-05331580,"MISSISSIPPI RIVER BELOW L&D 2 AT HASTINGS, MN",3.6232393983022417,,Accepted,,augmented_copy3_jitter-1d
2022-06-15,Nitrogen,0.2451,mg/l,,USGS-05331580,"MISSISSIPPI RIVER BELOW L&D 2 AT HASTINGS, MN",3.6232393983022417,,Accepted,,augmented_copy1_jitter-2d
2022-06-16,Nitrogen,0.2329,mg/l,,USGS-05331580,"MISSISSIPPI RIVER BELOW L&D 2 AT HASTINGS, MN",3.6232393983022417,,Accepted,,augmented_copy2_jitter-1d
2022-06-18,Nitrogen,0.2466,mg/l,,USGS-05331580,"MISSISSIPPI RIVER BELOW L&D 2 AT HASTINGS, MN",3.6232393983022417,,Accepted,,augmented_copy3_jitter1d
2022-06-18,Phosphorus,0.0594,mg/l as P,,USGS-05331580,"MISSISSIPPI RIVER BELOW L&D 2 AT HASTINGS, MN",3.6232393983022417,,Accepted,Hold time parameters were exceeded during the collection to analysis phase of sample processing.,augmented_copy1_jitter1d
2022-06-18,Phosphorus,0.0699,mg/l as P,,USGS-05331580,"MISSISSIPPI RIVER BELOW L&D 2 AT HASTINGS, MN",3.6232393983022417,,Accepted,Hold time parameters were exceeded during the collection to analysis phase of sample processing.,augmented_copy2_jitter1d
2022-06-14,Phosphorus,0.0593,mg/l as P,,USGS-05331580,"MISSISSIPPI RIVER BELOW L&D 2 AT HASTINGS, MN",3.6232393983022417,,Accepted,Hold time parameters were exceeded during the collection to analysis phase of sample processing.,augmented_copy3_jitter-3d
2022-06-20,Phosphorus,0.1576,mg/l as P,,USGS-05331580,"MISSISSIPPI RIVER BELOW L&D 2 AT HASTINGS, MN",3.6232393983022417,,Accepted,Hold time parameters were exceeded during the collection to analysis phase of sample processing.,augmented_copy1_jitter3d
2022-06-14,Phosphorus,0.1547,mg/l as P,,USGS-05331580,"MISSISSIPPI RIVER BELOW L&D 2 AT HASTINGS, MN",3.6232393983022417,,Accepted,Hold time parameters were exceeded during the collection to analysis phase of sample processing.,augmented_copy2_jitter-3d
2022-06-14,Phosphorus,0.1612,mg/l as P,,USGS-05331580,"MISSISSIPPI RIVER BELOW L&D 2 AT HASTINGS, MN",3.6232393983022417,,Accepted,Hold time parameters were exceeded during the collection to analysis phase of sample processing.,augmented_copy3_jitter-3d
2022-06-25,Phosphorus,0.1247,mg/l as P,,USGS-05331580,"MISSISSIPPI RIVER BELOW L&D 2 AT HASTINGS, MN",3.6232393983022417,,Accepted,Hold time parameters were exceeded during the collection to analysis phase of sample processing.,augmented_copy1_jitter-2d
2022-06-28,Phosphorus,0.1294,mg/l as P,,USGS-05331580,"MISSISSIPPI RIVER BELOW L&D 2 AT HASTINGS, MN",3.6232393983022417,,Accepted,Hold time parameters were exceeded during the collection to analysis phase of sample processing.,augmented_copy2_jitter1d
2022-06-24,Phosphorus,0.1325,mg/l as P,,USGS-05331580,"MISSISSIPPI RIVER BELOW L&D 2 AT HASTINGS, MN",3.6232393983022417,,Accepted,Hold time parameters were exceeded during the collection to analysis phase of sample processing.,augmented_copy3_jitter-3d
2022-06-26,Phosphorus,0.079,mg/l as P,,USGS-05331580,"MISSISSIPPI RIVER BELOW L&D 2 AT HASTINGS, MN",3.6232393983022417,,Accepted,Hold time parameters were exceeded during the collection to analysis phase of sample processing.,augmented_copy1_jitter-1d
2022-06-30,Phosphorus,0.0806,mg/l as P,,USGS-05331580,"MISSISSIPPI RIVER BELOW L&D 2 AT HASTINGS, MN",3.6232393983022417,,Accepted,Hold time parameters were exceeded during the collection to analysis phase of sample processing.,augmented_copy2_jitter3d
2022-06-28,Phosphorus,0.0823,mg/l as P,,USGS-05331580,"MISSISSIPPI RIVER BELOW L&D 2 AT HASTINGS, MN",3.6232393983022417,,Accepted,Hold time parameters were exceeded during the collection to analysis phase of sample processing.,augmented_copy3_jitter1d
2022-06-26,Nitrogen,0.2836,mg/l,,USGS-05331580,"MISSISSIPPI RIVER BELOW L&D 2 AT HASTINGS, MN",3.6232393983022417,,Accepted,,augmented_copy1_jitter-1d
2022-06-28,Nitrogen,0.2734,mg/l,,USGS-05331580,"MISSISSIPPI RIVER BELOW L&D 2 AT HASTINGS, MN",3.6232393983022417,,Accepted,,augmented_copy2_jitter1d
2022-06-29,Nitrogen,0.2819,mg/l,,USGS-05331580,"MISSISSIPPI RIVER BELOW L&D 2 AT HASTINGS, MN",3.6232393983022417,,Accepted,,augmented_copy3_jitter2d
2022-06-30,Turbidity,22.9092,NTRU,,USGS-05331580,"MISSISSIPPI RIVER BELOW L&D 2 AT HASTINGS, MN",3.6232393983022417,,Accepted,,augmented_copy1_jitter3d
2022-06-25,Turbidity,22.5688,NTRU,,USGS-05331580,"MISSISSIPPI RIVER BELOW L&D 2 AT HASTINGS, MN",3.6232393983022417,,Accepted,,augmented_copy2_jitter-2d
2022-06-26,Turbidity,22.087,NTRU,,USGS-05331580,"MISSISSIPPI RIVER BELOW L&D 2 AT HASTINGS, MN",3.6232393983022417,,Accepted,,augmented_copy3_jitter-1d
2022-07-16,Phosphorus,0.1132,mg/l as P,,USGS-05331580,"MISSISSIPPI RIVER BELOW L&D 2 AT HASTINGS, MN",3.6232393983022417,,Accepted,Hold time parameters were exceeded during the collection to analysis phase of sample processing.,augmented_copy1_jitter3d
2022-07-14,Phosphorus,0.1144,mg/l as P,,USGS-05331580,"MISSISSIPPI RIVER BELOW L&D 2 AT HASTINGS, MN",3.6232393983022417,,Accepted,Hold time parameters were exceeded during the collection to analysis phase of sample processing.,augmented_copy2_jitter1d
2022-07-12,Phosphorus,0.1152,mg/l as P,,USGS-05331580,"MISSISSIPPI RIVER BELOW L&D 2 AT HASTINGS, MN",3.6232393983022417,,Accepted,Hold time parameters were exceeded during the collection to analysis phase of sample processing.,augmented_copy3_jitter-1d
2022-07-11,Phosphorus,0.1665,mg/l as P,,USGS-05331580,"MISSISSIPPI RIVER BELOW L&D 2 AT HASTINGS, MN",3.6232393983022417,,Accepted,Hold time parameters were exceeded during the collection to analysis phase of sample processing.,augmented_copy1_jitter-2d
2022-07-14,Phosphorus,0.163,mg/l as P,,USGS-05331580,"MISSISSIPPI RIVER BELOW L&D 2 AT HASTINGS, MN",3.6232393983022417,,Accepted,Hold time parameters were exceeded during the collection to analysis phase of sample processing.,augmented_copy2_jitter1d
2022-07-15,Phosphorus,0.1592,mg/l as P,,USGS-05331580,"MISSISSIPPI RIVER BELOW L&D 2 AT HASTINGS, MN",3.6232393983022417,,Accepted,Hold time parameters were exceeded during the collection to analysis phase of sample processing.,augmented_copy3_jitter2d
2022-07-14,Nitrogen,0.2517,mg/l,,USGS-05331580,"MISSISSIPPI RIVER BELOW L&D 2 AT HASTINGS, MN",3.6232393983022417,,Accepted,,augmented_copy1_jitter1d
2022-07-12,Nitrogen,0.2508,mg/l,,USGS-05331580,"MISSISSIPPI RIVER BELOW L&D 2 AT HASTINGS, MN",3.6232393983022417,,Accepted,,augmented_copy2_jitter-1d
2022-07-12,Nitrogen,0.2553,mg/l,,USGS-05331580,"MISSISSIPPI RIVER BELOW L&D 2 AT HASTINGS, MN",3.6232393983022417,,Accepted,,augmented_copy3_jitter-1d
2022-07-14,Turbidity,29.1239,NTRU,,USGS-05331580,"MISSISSIPPI RIVER BELOW L&D 2 AT HASTINGS, MN",3.6232393983022417,,Accepted,,augmented_copy1_jitter1d
2022-07-15,Turbidity,29.531,NTRU,,USGS-05331580,"MISSISSIPPI RIVER BELOW L&D 2 AT HASTINGS, MN",3.6232393983022417,,Accepted,,augmented_copy2_jitter2d
2022-07-10,Turbidity,30.2321,NTRU,,USGS-05331580,"MISSISSIPPI RIVER BELOW L&D 2 AT HASTINGS, MN",3.6232393983022417,,Accepted,,augmented_copy3_jitter-3d
2022-07-31,Phosphorus,0.0272,mg/l as P,,USGS-05331580,"MISSISSIPPI RIVER BELOW L&D 2 AT HASTINGS, MN",3.6232393983022417,,Accepted,Hold time parameters were exceeded during the collection to analysis phase of sample processing.,augmented_copy1_jitter2d
2022-07-30,Phosphorus,0.0309,mg/l as P,,USGS-05331580,"MISSISSIPPI RIVER BELOW L&D 2 AT HASTINGS, MN",3.6232393983022417,,Accepted,Hold time parameters were exceeded during the collection to analysis phase of sample processing.,augmented_copy2_jitter1d
2022-07-31,Phosphorus,0.0324,mg/l as P,,USGS-05331580,"MISSISSIPPI RIVER BELOW L&D 2 AT HASTINGS, MN",3.6232393983022417,,Accepted,Hold time parameters were exceeded during the collection to analysis phase of sample processing.,augmented_copy3_jitter2d
2022-07-27,Phosphorus,0.1175,mg/l as P,,USGS-05331580,"MISSISSIPPI RIVER BELOW L&D 2 AT HASTINGS, MN",3.6232393983022417,,Accepted,Hold time parameters were exceeded during the collection to analysis phase of sample processing.,augmented_copy1_jitter-2d
2022-07-27,Phosphorus,0.1091,mg/l as P,,USGS-05331580,"MISSISSIPPI RIVER BELOW L&D 2 AT HASTINGS, MN",3.6232393983022417,,Accepted,Hold time parameters were exceeded during the collection to analysis phase of sample processing.,augmented_copy2_jitter-2d
2022-07-27,Phosphorus,0.1244,mg/l as P,,USGS-05331580,"MISSISSIPPI RIVER BELOW L&D 2 AT HASTINGS, MN",3.6232393983022417,,Accepted,Hold time parameters were exceeded during the collection to analysis phase of sample processing.,augmented_copy3_jitter-2d
2022-07-31,Turbidity,20.3889,NTRU,,USGS-05331580,"MISSISSIPPI RIVER BELOW L&D 2 AT HASTINGS, MN",3.6232393983022417,,Accepted,,augmented_copy1_jitter2d
2022-07-26,Turbidity,20.1043,NTRU,,USGS-05331580,"MISSISSIPPI RIVER BELOW L&D 2 AT HASTINGS, MN",3.6232393983022417,,Accepted,,augmented_copy2_jitter-3d
2022-07-28,Turbidity,19.8978,NTRU,,USGS-05331580,"MISSISSIPPI RIVER BELOW L&D 2 AT HASTINGS, MN",3.6232393983022417,,Accepted,,augmented_copy3_jitter-1d
2022-07-28,Nitrogen,0.3206,mg/l,,USGS-05331580,"MISSISSIPPI RIVER BELOW L&D 2 AT HASTINGS, MN",3.6232393983022417,,Accepted,,augmented_copy1_jitter-1d
2022-07-30,Nitrogen,0.3224,mg/l,,USGS-05331580,"MISSISSIPPI RIVER BELOW L&D 2 AT HASTINGS, MN",3.6232393983022417,,Accepted,,augmented_copy2_jitter1d
2022-07-26,Nitrogen,0.3144,mg/l,,USGS-05331580,"MISSISSIPPI RIVER BELOW L&D 2 AT HASTINGS, MN",3.6232393983022417,,Accepted,,augmented_copy3_jitter-3d
2022-09-01,Turbidity,18.4917,NTRU,,USGS-05331580,"MISSISSIPPI RIVER BELOW L&D 2 AT HASTINGS, MN",3.6232393983022417,,Accepted,Hold time parameters were exceeded during the collection to analysis phase of sample processing.,augmented_copy1_jitter1d
2022-09-02,Turbidity,18.0343,NTRU,,USGS-05331580,"MISSISSIPPI RIVER BELOW L&D 2 AT HASTINGS, MN",3.6232393983022417,,Accepted,Hold time parameters were exceeded during the collection to analysis phase of sample processing.,augmented_copy2_jitter2d
2022-09-02,Turbidity,20.7807,NTRU,,USGS-05331580,"MISSISSIPPI RIVER BELOW L&D 2 AT HASTINGS, MN",3.6232393983022417,,Accepted,Hold time parameters were exceeded during the collection to analysis phase of sample processing.,augmented_copy3_jitter2d
2022-09-01,Nitrogen,0.4167,mg/l,,USGS-05331580,"MISSISSIPPI RIVER BELOW L&D 2 AT HASTINGS, MN",3.6232393983022417,,Accepted,,augmented_copy1_jitter1d
2022-09-03,Nitrogen,0.4215,mg/l,,USGS-05331580,"MISSISSIPPI RIVER BELOW L&D 2 AT HASTINGS, MN",3.6232393983022417,,Accepted,,augmented_copy2_jitter3d
2022-09-03,Nitrogen,0.399,mg/l,,USGS-05331580,"MISSISSIPPI RIVER BELOW L&D 2 AT HASTINGS, MN",3.6232393983022417,,Accepted,,augmented_copy3_jitter3d
2022-09-03,Phosphorus,,,,USGS-05331580,"MISSISSIPPI RIVER BELOW L&D 2 AT HASTINGS, MN",3.6232393983022417,Not Detected,Accepted,Hold time parameters were exceeded during the collection to analysis phase of sample processing.,augmented_copy1_jitter3d
2022-09-02,Phosphorus,,,,USGS-05331580,"MISSISSIPPI RIVER BELOW L&D 2 AT HASTINGS, MN",3.6232393983022417,Not Detected,Accepted,Hold time parameters were exceeded during the collection to analysis phase of sample processing.,augmented_copy2_jitter2d
2022-09-03,Phosphorus,,,,USGS-05331580,"MISSISSIPPI RIVER BELOW L&D 2 AT HASTINGS, MN",3.6232393983022417,Not Detected,Accepted,Hold time parameters were exceeded during the collection to analysis phase of sample processing.,augmented_copy3_jitter3d
2022-09-01,Phosphorus,0.1009,mg/l as P,,USGS-05331580,"MISSISSIPPI RIVER BELOW L&D 2 AT HASTINGS, MN",3.6232393983022417,,Accepted,Hold time parameters were exceeded during the collection to analysis phase of sample processing.,augmented_copy1_jitter1d
2022-09-01,Phosphorus,0.1066,mg/l as P,,USGS-05331580,"MISSISSIPPI RIVER BELOW L&D 2 AT HASTINGS, MN",3.6232393983022417,,Accepted,Hold time parameters were exceeded during the collection to analysis phase of sample processing.,augmented_copy2_jitter1d
2022-08-28,Phosphorus,0.0974,mg/l as P,,USGS-05331580,"MISSISSIPPI RIVER BELOW L&D 2 AT HASTINGS, MN",3.6232393983022417,,Accepted,Hold time parameters were exceeded during the collection to analysis phase of sample processing.,augmented_copy3_jitter-3d
2022-10-27,Phosphorus,,,,USGS-05331580,"MISSISSIPPI RIVER BELOW L&D 2 AT HASTINGS, MN",3.6232393983022417,Not Detected,Accepted,Hold time parameters were exceeded during the collection to analysis phase of sample processing.,augmented_copy1_jitter-1d
2022-10-26,Phosphorus,,,,USGS-05331580,"MISSISSIPPI RIVER BELOW L&D 2 AT HASTINGS, MN",3.6232393983022417,Not Detected,Accepted,Hold time parameters were exceeded during the collection to analysis phase of sample processing.,augmented_copy2_jitter-2d
2022-10-31,Phosphorus,,,,USGS-05331580,"MISSISSIPPI RIVER BELOW L&D 2 AT HASTINGS, MN",3.6232393983022417,Not Detected,Accepted,Hold time parameters were exceeded during the collection to analysis phase of sample processing.,augmented_copy3_jitter3d
2022-10-26,Phosphorus,0.0621,mg/l as P,,USGS-05331580,"MISSISSIPPI RIVER BELOW L&D 2 AT HASTINGS, MN",3.6232393983022417,,Accepted,Hold time parameters were exceeded during the collection to analysis phase of sample processing.,augmented_copy1_jitter-2d
2022-10-27,Phosphorus,0.0576,mg/l as P,,USGS-05331580,"MISSISSIPPI RIVER BELOW L&D 2 AT HASTINGS, MN",3.6232393983022417,,Accepted,Hold time parameters were exceeded during the collection to analysis phase of sample processing.,augmented_copy2_jitter-1d
2022-10-31,Phosphorus,0.0653,mg/l as P,,USGS-05331580,"MISSISSIPPI RIVER BELOW L&D 2 AT HASTINGS, MN",3.6232393983022417,,Accepted,Hold time parameters were exceeded during the collection to analysis phase of sample processing.,augmented_copy3_jitter3d
2022-10-26,Turbidity,13.2916,NTRU,,USGS-05331580,"MISSISSIPPI RIVER BELOW L&D 2 AT HASTINGS, MN",3.6232393983022417,,Accepted,,augmented_copy1_jitter-2d
2022-10-31,Turbidity,13.8985,NTRU,,USGS-05331580,"MISSISSIPPI RIVER BELOW L&D 2 AT HASTINGS, MN",3.6232393983022417,,Accepted,,augmented_copy2_jitter3d
2022-10-26,Turbidity,13.0965,NTRU,,USGS-05331580,"MISSISSIPPI RIVER BELOW L&D 2 AT HASTINGS, MN",3.6232393983022417,,Accepted,,augmented_copy3_jitter-2d
2022-10-25,Nitrogen,0.1642,mg/l,,USGS-05331580,"MISSISSIPPI RIVER BELOW L&D 2 AT HASTINGS, MN",3.6232393983022417,,Accepted,,augmented_copy1_jitter-3d
2022-10-31,Nitrogen,0.16,mg/l,,USGS-05331580,"MISSISSIPPI RIVER BELOW L&D 2 AT HASTINGS, MN",3.6232393983022417,,Accepted,,augmented_copy2_jitter3d
2022-10-30,Nitrogen,0.1557,mg/l,,USGS-05331580,"MISSISSIPPI RIVER BELOW L&D 2 AT HASTINGS, MN",3.6232393983022417,,Accepted,,augmented_copy3_jitter2d
2022-12-06,Turbidity,4.5451,NTRU,,USGS-05331580,"MISSISSIPPI RIVER BELOW L&D 2 AT HASTINGS, MN",3.6232393983022417,,Accepted,,augmented_copy1_jitter-3d
2022-12-07,Turbidity,4.8695,NTRU,,USGS-05331580,"MISSISSIPPI RIVER BELOW L&D 2 AT HASTINGS, MN",3.6232393983022417,,Accepted,,augmented_copy2_jitter-2d
2022-12-10,Turbidity,3.6731,NTRU,,USGS-05331580,"MISSISSIPPI RIVER BELOW L&D 2 AT HASTINGS, MN",3.6232393983022417,,Accepted,,augmented_copy3_jitter1d
2022-12-08,Phosphorus,0.0616,mg/l as P,,USGS-05331580,"MISSISSIPPI RIVER BELOW L&D 2 AT HASTINGS, MN",3.6232393983022417,,Accepted,Hold time parameters were exceeded during the collection to analysis phase of sample processing.,augmented_copy1_jitter-1d
2022-12-11,Phosphorus,0.0545,mg/l as P,,USGS-05331580,"MISSISSIPPI RIVER BELOW L&D 2 AT HASTINGS, MN",3.6232393983022417,,Accepted,Hold time parameters were exceeded during the collection to analysis phase of sample processing.,augmented_copy2_jitter2d
2022-12-12,Phosphorus,0.0569,mg/l as P,,USGS-05331580,"MISSISSIPPI RIVER BELOW L&D 2 AT HASTINGS, MN",3.6232393983022417,,Accepted,Hold time parameters were exceeded during the collection to analysis phase of sample processing.,augmented_copy3_jitter3d
2022-12-11,Phosphorus,,,,USGS-05331580,"MISSISSIPPI RIVER BELOW L&D 2 AT HASTINGS, MN",3.6232393983022417,Not Detected,Accepted,,augmented_copy1_jitter2d
2022-12-08,Phosphorus,,,,USGS-05331580,"MISSISSIPPI RIVER BELOW L&D 2 AT HASTINGS, MN",3.6232393983022417,Not Detected,Accepted,,augmented_copy2_jitter-1d
2022-12-07,Phosphorus,,,,USGS-05331580,"MISSISSIPPI RIVER BELOW L&D 2 AT HASTINGS, MN",3.6232393983022417,Not Detected,Accepted,,augmented_copy3_jitter-2d
2022-12-07,Nitrogen,0.2033,mg/l,,USGS-05331580,"MISSISSIPPI RIVER BELOW L&D 2 AT HASTINGS, MN",3.6232393983022417,,Accepted,,augmented_copy1_jitter-2d
2022-12-07,Nitrogen,0.2089,mg/l,,USGS-05331580,"MISSISSIPPI RIVER BELOW L&D 2 AT HASTINGS, MN",3.6232393983022417,,Accepted,,augmented_copy2_jitter-2d
2022-12-11,Nitrogen,0.2155,mg/l,,USGS-05331580,"MISSISSIPPI RIVER BELOW L&D 2 AT HASTINGS, MN",3.6232393983022417,,Accepted,,augmented_copy3_jitter2d
2023-01-26,Turbidity,2.2097,NTRU,,USGS-05331580,"MISSISSIPPI RIVER BELOW L&D 2 AT HASTINGS, MN",3.6232393983022417,,Accepted,,augmented_copy1_jitter3d
2023-01-26,Turbidity,3.1133,NTRU,,USGS-05331580,"MISSISSIPPI RIVER BELOW L&D 2 AT HASTINGS, MN",3.6232393983022417,,Accepted,,augmented_copy2_jitter3d
2023-01-21,Turbidity,3.6064,NTRU,,USGS-05331580,"MISSISSIPPI RIVER BELOW L&D 2 AT HASTINGS, MN",3.6232393983022417,,Accepted,,augmented_copy3_jitter-2d
2023-01-25,Nitrogen,0.0617,mg/l,,USGS-05331580,"MISSISSIPPI RIVER BELOW L&D 2 AT HASTINGS, MN",3.6232393983022417,,Accepted,,augmented_copy1_jitter2d
2023-01-25,Nitrogen,0.0691,mg/l,,USGS-05331580,"MISSISSIPPI RIVER BELOW L&D 2 AT HASTINGS, MN",3.6232393983022417,,Accepted,,augmented_copy2_jitter2d
2023-01-22,Nitrogen,0.0703,mg/l,,USGS-05331580,"MISSISSIPPI RIVER BELOW L&D 2 AT HASTINGS, MN",3.6232393983022417,,Accepted,,augmented_copy3_jitter-1d
2023-01-25,Phosphorus,,,,USGS-05331580,"MISSISSIPPI RIVER BELOW L&D 2 AT HASTINGS, MN",3.6232393983022417,Not Detected,Accepted,,augmented_copy1_jitter2d
2023-01-25,Phosphorus,,,,USGS-05331580,"MISSISSIPPI RIVER BELOW L&D 2 AT HASTINGS, MN",3.6232393983022417,Not Detected,Accepted,,augmented_copy2_jitter2d
2023-01-21,Phosphorus,,,,USGS-05331580,"MISSISSIPPI RIVER BELOW L&D 2 AT HASTINGS, MN",3.6232393983022417,Not Detected,Accepted,,augmented_copy3_jitter-2d
2023-01-24,Phosphorus,0.0229,mg/l as P,,USGS-05331580,"MISSISSIPPI RIVER BELOW L&D 2 AT HASTINGS, MN",3.6232393983022417,,Accepted,,augmented_copy1_jitter1d
2023-01-24,Phosphorus,0.0344,mg/l as P,,USGS-05331580,"MISSISSIPPI RIVER BELOW L&D 2 AT HASTINGS, MN",3.6232393983022417,,Accepted,,augmented_copy2_jitter1d
2023-01-22,Phosphorus,0.0294,mg/l as P,,USGS-05331580,"MISSISSIPPI RIVER BELOW L&D 2 AT HASTINGS, MN",3.6232393983022417,,Accepted,,augmented_copy3_jitter-1d
2023-02-19,Phosphorus,0.0332,mg/l as P,,USGS-05331580,"MISSISSIPPI RIVER BELOW L&D 2 AT HASTINGS, MN",3.6232393983022417,,Accepted,,augmented_copy1_jitter-2d
2023-02-22,Phosphorus,0.0325,mg/l as P,,USGS-05331580,"MISSISSIPPI RIVER BELOW L&D 2 AT HASTINGS, MN",3.6232393983022417,,Accepted,,augmented_copy2_jitter1d
2023-02-22,Phosphorus,0.0339,mg/l as P,,USGS-05331580,"MISSISSIPPI RIVER BELOW L&D 2 AT HASTINGS, MN",3.6232393983022417,,Accepted,,augmented_copy3_jitter1d
2023-02-23,Phosphorus,0.0303,mg/l as P,,USGS-05331580,"MISSISSIPPI RIVER BELOW L&D 2 AT HASTINGS, MN",3.6232393983022417,,Accepted,,augmented_copy1_jitter2d
2023-02-20,Phosphorus,0.0298,mg/l as P,,USGS-05331580,"MISSISSIPPI RIVER BELOW L&D 2 AT HASTINGS, MN",3.6232393983022417,,Accepted,,augmented_copy2_jitter-1d
2023-02-20,Phosphorus,0.031,mg/l as P,,USGS-05331580,"MISSISSIPPI RIVER BELOW L&D 2 AT HASTINGS, MN",3.6232393983022417,,Accepted,,augmented_copy3_jitter-1d
2023-02-23,Nitrogen,0.0769,mg/l,,USGS-05331580,"MISSISSIPPI RIVER BELOW L&D 2 AT HASTINGS, MN",3.6232393983022417,,Accepted,,augmented_copy1_jitter2d
2023-02-24,Nitrogen,0.083,mg/l,,USGS-05331580,"MISSISSIPPI RIVER BELOW L&D 2 AT HASTINGS, MN",3.6232393983022417,,Accepted,,augmented_copy2_jitter3d
2023-02-22,Nitrogen,0.069,mg/l,,USGS-05331580,"MISSISSIPPI RIVER BELOW L&D 2 AT HASTINGS, MN",3.6232393983022417,,Accepted,,augmented_copy3_jitter1d
2023-02-23,Turbidity,3.6199,NTRU,,USGS-05331580,"MISSISSIPPI RIVER BELOW L&D 2 AT HASTINGS, MN",3.6232393983022417,,Accepted,Hold time parameters were exceeded during the collection to analysis phase of sample processing.,augmented_copy1_jitter2d
2023-02-24,Turbidity,2.9896,NTRU,,USGS-05331580,"MISSISSIPPI RIVER BELOW L&D 2 AT HASTINGS, MN",3.6232393983022417,,Accepted,Hold time parameters were exceeded during the collection to analysis phase of sample processing.,augmented_copy2_jitter3d
2023-02-20,Turbidity,2.8097,NTRU,,USGS-05331580,"MISSISSIPPI RIVER BELOW L&D 2 AT HASTINGS, MN",3.6232393983022417,,Accepted,Hold time parameters were exceeded during the collection to analysis phase of sample processing.,augmented_copy3_jitter-1d
2023-03-22,Turbidity,6.4964,NTRU,,USGS-05331580,"MISSISSIPPI RIVER BELOW L&D 2 AT HASTINGS, MN",3.6232393983022417,,Accepted,,augmented_copy1_jitter2d
2023-03-23,Turbidity,6.0711,NTRU,,USGS-05331580,"MISSISSIPPI RIVER BELOW L&D 2 AT HASTINGS, MN",3.6232393983022417,,Accepted,,augmented_copy2_jitter3d
2023-03-18,Turbidity,6.0481,NTRU,,USGS-05331580,"MISSISSIPPI RIVER BELOW L&D 2 AT HASTINGS, MN",3.6232393983022417,,Accepted,,augmented_copy3_jitter-2d
2023-03-22,Nitrogen,0.0683,mg/l,,USGS-05331580,"MISSISSIPPI RIVER BELOW L&D 2 AT HASTINGS, MN",3.6232393983022417,,Accepted,,augmented_copy1_jitter2d
2023-03-21,Nitrogen,0.0786,mg/l,,USGS-05331580,"MISSISSIPPI RIVER BELOW L&D 2 AT HASTINGS, MN",3.6232393983022417,,Accepted,,augmented_copy2_jitter1d
2023-03-23,Nitrogen,0.0659,mg/l,,USGS-05331580,"MISSISSIPPI RIVER BELOW L&D 2 AT HASTINGS, MN",3.6232393983022417,,Accepted,,augmented_copy3_jitter3d
2023-03-21,Phosphorus,0.0813,mg/l as P,,USGS-05331580,"MISSISSIPPI RIVER BELOW L&D 2 AT HASTINGS, MN",3.6232393983022417,,Accepted,,augmented_copy1_jitter1d
2023-03-19,Phosphorus,0.0852,mg/l as P,,USGS-05331580,"MISSISSIPPI RIVER BELOW L&D 2 AT HASTINGS, MN",3.6232393983022417,,Accepted,,augmented_copy2_jitter-1d
2023-03-19,Phosphorus,0.0827,mg/l as P,,USGS-05331580,"MISSISSIPPI RIVER BELOW L&D 2 AT HASTINGS, MN",3.6232393983022417,,Accepted,,augmented_copy3_jitter-1d
2023-03-21,Phosphorus,0.133,mg/l as P,,USGS-05331580,"MISSISSIPPI RIVER BELOW L&D 2 AT HASTINGS, MN",3.6232393983022417,,Accepted,,augmented_copy1_jitter1d
2023-03-19,Phosphorus,0.132,mg/l as P,,USGS-05331580,"MISSISSIPPI RIVER BELOW L&D 2 AT HASTINGS, MN",3.6232393983022417,,Accepted,,augmented_copy2_jitter-1d
2023-03-21,Phosphorus,0.1295,mg/l as P,,USGS-05331580,"MISSISSIPPI RIVER BELOW L&D 2 AT HASTINGS, MN",3.6232393983022417,,Accepted,,augmented_copy3_jitter1d
2023-04-01,Phosphorus,0.1112,mg/l as P,,USGS-05331580,"MISSISSIPPI RIVER BELOW L&D 2 AT HASTINGS, MN",3.6232393983022417,,Accepted,,augmented_copy1_jitter-2d
2023-04-02,Phosphorus,0.1233,mg/l as P,,USGS-05331580,"MISSISSIPPI RIVER BELOW L&D 2 AT HASTINGS, MN",3.6232393983022417,,Accepted,,augmented_copy2_jitter-1d
2023-04-06,Phosphorus,0.1268,mg/l as P,,USGS-05331580,"MISSISSIPPI RIVER BELOW L&D 2 AT HASTINGS, MN",3.6232393983022417,,Accepted,,augmented_copy3_jitter3d
2023-04-01,Nitrogen,0.1036,mg/l,,USGS-05331580,"MISSISSIPPI RIVER BELOW L&D 2 AT HASTINGS, MN",3.6232393983022417,,Accepted,,augmented_copy1_jitter-2d
2023-04-04,Nitrogen,0.0974,mg/l,,USGS-05331580,"MISSISSIPPI RIVER BELOW L&D 2 AT HASTINGS, MN",3.6232393983022417,,Accepted,,augmented_copy2_jitter1d
2023-04-06,Nitrogen,0.0967,mg/l,,USGS-05331580,"MISSISSIPPI RIVER BELOW L&D 2 AT HASTINGS, MN",3.6232393983022417,,Accepted,,augmented_copy3_jitter3d
2023-04-06,Phosphorus,0.9755,mg/l as P,,USGS-05331580,"MISSISSIPPI RIVER BELOW L&D 2 AT HASTINGS, MN",3.6232393983022417,,Accepted,,augmented_copy1_jitter3d
2023-03-31,Phosphorus,0.9817,mg/l as P,,USGS-05331580,"MISSISSIPPI RIVER BELOW L&D 2 AT HASTINGS, MN",3.6232393983022417,,Accepted,,augmented_copy2_jitter-3d
2023-04-06,Phosphorus,0.982,mg/l as P,,USGS-05331580,"MISSISSIPPI RIVER BELOW L&D 2 AT HASTINGS, MN",3.6232393983022417,,Accepted,,augmented_copy3_jitter3d
2023-04-06,Turbidity,23.2462,NTRU,,USGS-05331580,"MISSISSIPPI RIVER BELOW L&D 2 AT HASTINGS, MN",3.6232393983022417,,Accepted,,augmented_copy1_jitter3d
2023-04-05,Turbidity,21.7517,NTRU,,USGS-05331580,"MISSISSIPPI RIVER BELOW L&D 2 AT HASTINGS, MN",3.6232393983022417,,Accepted,,augmented_copy2_jitter2d
2023-04-01,Turbidity,21.8397,NTRU,,USGS-05331580,"MISSISSIPPI RIVER BELOW L&D 2 AT HASTINGS, MN",3.6232393983022417,,Accepted,,augmented_copy3_jitter-2d
2023-04-20,Nitrogen,0.3038,mg/l,,USGS-05331580,"MISSISSIPPI RIVER BELOW L&D 2 AT HASTINGS, MN",3.6232393983022417,,Accepted,,augmented_copy1_jitter2d
2023-04-20,Nitrogen,0.3016,mg/l,,USGS-05331580,"MISSISSIPPI RIVER BELOW L&D 2 AT HASTINGS, MN",3.6232393983022417,,Accepted,,augmented_copy2_jitter2d
2023-04-19,Nitrogen,0.3007,mg/l,,USGS-05331580,"MISSISSIPPI RIVER BELOW L&D 2 AT HASTINGS, MN",3.6232393983022417,,Accepted,,augmented_copy3_jitter1d
2023-04-19,Phosphorus,0.2172,mg/l as P,,USGS-05331580,"MISSISSIPPI RIVER BELOW L&D 2 AT HASTINGS, MN",3.6232393983022417,,Accepted,,augmented_copy1_jitter1d
2023-04-17,Phosphorus,0.2243,mg/l as P,,USGS-05331580,"MISSISSIPPI RIVER BELOW L&D 2 AT HASTINGS, MN",3.6232393983022417,,Accepted,,augmented_copy2_jitter-1d
2023-04-17,Phosphorus,0.2205,mg/l as P,,USGS-05331580,"MISSISSIPPI RIVER BELOW L&D 2 AT HASTINGS, MN",3.6232393983022417,,Accepted,,augmented_copy3_jitter-1d
2023-04-16,Phosphorus,0.1803,mg/l as P,,USGS-05331580,"MISSISSIPPI RIVER BELOW L&D 2 AT HASTINGS, MN",3.6232393983022417,,Accepted,,augmented_copy1_jitter-2d
2023-04-15,Phosphorus,0.1815,mg/l as P,,USGS-05331580,"MISSISSIPPI RIVER BELOW L&D 2 AT HASTINGS, MN",3.6232393983022417,,Accepted,,augmented_copy2_jitter-3d
2023-04-17,Phosphorus,0.1843,mg/l as P,,USGS-05331580,"MISSISSIPPI RIVER BELOW L&D 2 AT HASTINGS, MN",3.6232393983022417,,Accepted,,augmented_copy3_jitter-1d
2023-04-19,Turbidity,37.0755,NTRU,,USGS-05331580,"MISSISSIPPI RIVER BELOW L&D 2 AT HASTINGS, MN",3.6232393983022417,,Accepted,,augmented_copy1_jitter1d
2023-04-16,Turbidity,36.9285,NTRU,,USGS-05331580,"MISSISSIPPI RIVER BELOW L&D 2 AT HASTINGS, MN",3.6232393983022417,,Accepted,,augmented_copy2_jitter-2d
2023-04-17,Turbidity,37.4615,NTRU,,USGS-05331580,"MISSISSIPPI RIVER BELOW L&D 2 AT HASTINGS, MN",3.6232393983022417,,Accepted,,augmented_copy3_jitter-1d
2023-05-12,Nitrogen,0.2693,mg/l,,USGS-05331580,"MISSISSIPPI RIVER BELOW L&D 2 AT HASTINGS, MN",3.6232393983022417,,Accepted,,augmented_copy1_jitter3d
2023-05-06,Nitrogen,0.2813,mg/l,,USGS-05331580,"MISSISSIPPI RIVER BELOW L&D 2 AT HASTINGS, MN",3.6232393983022417,,Accepted,,augmented_copy2_jitter-3d
2023-05-12,Nitrogen,0.2618,mg/l,,USGS-05331580,"MISSISSIPPI RIVER BELOW L&D 2 AT HASTINGS, MN",3.6232393983022417,,Accepted,,augmented_copy3_jitter3d
2023-05-11,Phosphorus,0.0372,mg/l as P,,USGS-05331580,"MISSISSIPPI RIVER BELOW L&D 2 AT HASTINGS, MN",3.6232393983022417,,Accepted,,augmented_copy1_jitter2d
2023-05-10,Phosphorus,0.0312,mg/l as P,,USGS-05331580,"MISSISSIPPI RIVER BELOW L&D 2 AT HASTINGS, MN",3.6232393983022417,,Accepted,,augmented_copy2_jitter1d
2023-05-08,Phosphorus,0.0322,mg/l as P,,USGS-05331580,"MISSISSIPPI RIVER BELOW L&D 2 AT HASTINGS, MN",3.6232393983022417,,Accepted,,augmented_copy3_jitter-1d
2023-05-11,Turbidity,22.2556,NTRU,,USGS-05331580,"MISSISSIPPI RIVER BELOW L&D 2 AT HASTINGS, MN",3.6232393983022417,,Accepted,,augmented_copy1_jitter2d
2023-05-12,Turbidity,22.6927,NTRU,,USGS-05331580,"MISSISSIPPI RIVER BELOW L&D 2 AT HASTINGS, MN",3.6232393983022417,,Accepted,,augmented_copy2_jitter3d
2023-05-08,Turbidity,22.7726,NTRU,,USGS-05331580,"MISSISSIPPI RIVER BELOW L&D 2 AT HASTINGS, MN",3.6232393983022417,,Accepted,,augmented_copy3_jitter-1d
2023-05-06,Phosphorus,0.112,mg/l as P,,USGS-05331580,"MISSISSIPPI RIVER BELOW L&D 2 AT HASTINGS, MN",3.6232393983022417,,Accepted,,augmented_copy1_jitter-3d
2023-05-11,Phosphorus,0.124,mg/l as P,,USGS-05331580,"MISSISSIPPI RIVER BELOW L&D 2 AT HASTINGS, MN",3.6232393983022417,,Accepted,,augmented_copy2_jitter2d
2023-05-12,Phosphorus,0.1211,mg/l as P,,USGS-05331580,"MISSISSIPPI RIVER BELOW L&D 2 AT HASTINGS, MN",3.6232393983022417,,Accepted,,augmented_copy3_jitter3d
2023-05-26,Turbidity,43.6649,NTRU,,USGS-05331580,"MISSISSIPPI RIVER BELOW L&D 2 AT HASTINGS, MN",3.6232393983022417,,Accepted,,augmented_copy1_jitter3d
2023-05-22,Turbidity,44.5909,NTRU,,USGS-05331580,"MISSISSIPPI RIVER BELOW L&D 2 AT HASTINGS, MN",3.6232393983022417,,Accepted,,augmented_copy2_jitter-1d
2023-05-21,Turbidity,44.2126,NTRU,,USGS-05331580,"MISSISSIPPI RIVER BELOW L&D 2 AT HASTINGS, MN",3.6232393983022417,,Accepted,,augmented_copy3_jitter-2d
2023-05-24,Nitrogen,0.16,mg/l,,USGS-05331580,"MISSISSIPPI RIVER BELOW L&D 2 AT HASTINGS, MN",3.6232393983022417,,Accepted,,augmented_copy1_jitter1d
2023-05-21,Nitrogen,0.1543,mg/l,,USGS-05331580,"MISSISSIPPI RIVER BELOW L&D 2 AT HASTINGS, MN",3.6232393983022417,,Accepted,,augmented_copy2_jitter-2d
2023-05-24,Nitrogen,0.144,mg/l,,USGS-05331580,"MISSISSIPPI RIVER BELOW L&D 2 AT HASTINGS, MN",3.6232393983022417,,Accepted,,augmented_copy3_jitter1d
2023-06-12,Dissolved oxygen (DO),7.8274,mg/L,,MNPCA-S001-238,MISSISSIPPI R DNST OF HASTINGS RR BR,2.1984468911258066,,Final,,augmented_copy1_jitter-2d
2023-06-15,Dissolved oxygen (DO),7.8958,mg/L,,MNPCA-S001-238,MISSISSIPPI R DNST OF HASTINGS RR BR,2.1984468911258066,,Final,,augmented_copy2_jitter1d
2023-06-15,Dissolved oxygen (DO),7.8602,mg/L,,MNPCA-S001-238,MISSISSIPPI R DNST OF HASTINGS RR BR,2.1984468911258066,,Final,,augmented_copy3_jitter1d
2023-06-22,Phosphorus,0.1278,mg/l as P,,USGS-05331580,"MISSISSIPPI RIVER BELOW L&D 2 AT HASTINGS, MN",3.6232393983022417,,Accepted,,augmented_copy1_jitter2d
2023-06-23,Phosphorus,0.1314,mg/l as P,,USGS-05331580,"MISSISSIPPI RIVER BELOW L&D 2 AT HASTINGS, MN",3.6232393983022417,,Accepted,,augmented_copy2_jitter3d
2023-06-17,Phosphorus,0.1157,mg/l as P,,USGS-05331580,"MISSISSIPPI RIVER BELOW L&D 2 AT HASTINGS, MN",3.6232393983022417,,Accepted,,augmented_copy3_jitter-3d
2023-06-21,Phosphorus,0.0698,mg/l as P,,USGS-05331580,"MISSISSIPPI RIVER BELOW L&D 2 AT HASTINGS, MN",3.6232393983022417,,Accepted,,augmented_copy1_jitter1d
2023-06-22,Phosphorus,0.0654,mg/l as P,,USGS-05331580,"MISSISSIPPI RIVER BELOW L&D 2 AT HASTINGS, MN",3.6232393983022417,,Accepted,,augmented_copy2_jitter2d
2023-06-17,Phosphorus,0.0687,mg/l as P,,USGS-05331580,"MISSISSIPPI RIVER BELOW L&D 2 AT HASTINGS, MN",3.6232393983022417,,Accepted,,augmented_copy3_jitter-3d
2023-06-18,Nitrogen,0.2384,mg/l,,USGS-05331580,"MISSISSIPPI RIVER BELOW L&D 2 AT HASTINGS, MN",3.6232393983022417,,Accepted,,augmented_copy1_jitter-2d
2023-06-19,Nitrogen,0.2358,mg/l,,USGS-05331580,"MISSISSIPPI RIVER BELOW L&D 2 AT HASTINGS, MN",3.6232393983022417,,Accepted,,augmented_copy2_jitter-1d
2023-06-21,Nitrogen,0.2335,mg/l,,USGS-05331580,"MISSISSIPPI RIVER BELOW L&D 2 AT HASTINGS, MN",3.6232393983022417,,Accepted,,augmented_copy3_jitter1d
2023-06-22,Turbidity,22.1079,NTRU,,USGS-05331580,"MISSISSIPPI RIVER BELOW L&D 2 AT HASTINGS, MN",3.6232393983022417,,Accepted,,augmented_copy1_jitter2d
2023-06-19,Turbidity,21.5928,NTRU,,USGS-05331580,"MISSISSIPPI RIVER BELOW L&D 2 AT HASTINGS, MN",3.6232393983022417,,Accepted,,augmented_copy2_jitter-1d
2023-06-19,Turbidity,20.9382,NTRU,,USGS-05331580,"MISSISSIPPI RIVER BELOW L&D 2 AT HASTINGS, MN",3.6232393983022417,,Accepted,,augmented_copy3_jitter-1d
2023-06-30,Phosphorus,0.1277,mg/l as P,,USGS-05331580,"MISSISSIPPI RIVER BELOW L&D 2 AT HASTINGS, MN",3.6232393983022417,,Accepted,,augmented_copy1_jitter3d
2023-06-29,Phosphorus,0.1282,mg/l as P,,USGS-05331580,"MISSISSIPPI RIVER BELOW L&D 2 AT HASTINGS, MN",3.6232393983022417,,Accepted,,augmented_copy2_jitter2d
2023-06-26,Phosphorus,0.1275,mg/l as P,,USGS-05331580,"MISSISSIPPI RIVER BELOW L&D 2 AT HASTINGS, MN",3.6232393983022417,,Accepted,,augmented_copy3_jitter-1d
2023-06-24,Phosphorus,0.0532,mg/l as P,,USGS-05331580,"MISSISSIPPI RIVER BELOW L&D 2 AT HASTINGS, MN",3.6232393983022417,,Accepted,,augmented_copy1_jitter-3d
2023-06-30,Phosphorus,0.0489,mg/l as P,,USGS-05331580,"MISSISSIPPI RIVER BELOW L&D 2 AT HASTINGS, MN",3.6232393983022417,,Accepted,,augmented_copy2_jitter3d
2023-06-25,Phosphorus,0.0502,mg/l as P,,USGS-05331580,"MISSISSIPPI RIVER BELOW L&D 2 AT HASTINGS, MN",3.6232393983022417,,Accepted,,augmented_copy3_jitter-2d
2023-06-26,Nitrogen,0.2695,mg/l,,USGS-05331580,"MISSISSIPPI RIVER BELOW L&D 2 AT HASTINGS, MN",3.6232393983022417,,Accepted,,augmented_copy1_jitter-1d
2023-06-26,Nitrogen,0.2626,mg/l,,USGS-05331580,"MISSISSIPPI RIVER BELOW L&D 2 AT HASTINGS, MN",3.6232393983022417,,Accepted,,augmented_copy2_jitter-1d
2023-06-29,Nitrogen,0.2643,mg/l,,USGS-05331580,"MISSISSIPPI RIVER BELOW L&D 2 AT HASTINGS, MN",3.6232393983022417,,Accepted,,augmented_copy3_jitter2d
2023-06-26,Turbidity,25.5123,NTRU,,USGS-05331580,"MISSISSIPPI RIVER BELOW L&D 2 AT HASTINGS, MN",3.6232393983022417,,Accepted,,augmented_copy1_jitter-1d
2023-06-28,Turbidity,23.4648,NTRU,,USGS-05331580,"MISSISSIPPI RIVER BELOW L&D 2 AT HASTINGS, MN",3.6232393983022417,,Accepted,,augmented_copy2_jitter1d
2023-06-28,Turbidity,23.3868,NTRU,,USGS-05331580,"MISSISSIPPI RIVER BELOW L&D 2 AT HASTINGS, MN",3.6232393983022417,,Accepted,,augmented_copy3_jitter1d
2023-07-13,Nitrogen,0.2538,mg/l,,USGS-05331580,"MISSISSIPPI RIVER BELOW L&D 2 AT HASTINGS, MN",3.6232393983022417,,Accepted,,augmented_copy1_jitter3d
2023-07-12,Nitrogen,0.2561,mg/l,,USGS-05331580,"MISSISSIPPI RIVER BELOW L&D 2 AT HASTINGS, MN",3.6232393983022417,,Accepted,,augmented_copy2_jitter2d
2023-07-11,Nitrogen,0.2335,mg/l,,USGS-05331580,"MISSISSIPPI RIVER BELOW L&D 2 AT HASTINGS, MN",3.6232393983022417,,Accepted,,augmented_copy3_jitter1d
2023-07-12,Turbidity,14.9859,NTRU,,USGS-05331580,"MISSISSIPPI RIVER BELOW L&D 2 AT HASTINGS, MN",3.6232393983022417,,Accepted,,augmented_copy1_jitter2d
2023-07-11,Turbidity,15.5651,NTRU,,USGS-05331580,"MISSISSIPPI RIVER BELOW L&D 2 AT HASTINGS, MN",3.6232393983022417,,Accepted,,augmented_copy2_jitter1d
2023-07-13,Turbidity,15.3133,NTRU,,USGS-05331580,"MISSISSIPPI RIVER BELOW L&D 2 AT HASTINGS, MN",3.6232393983022417,,Accepted,,augmented_copy3_jitter3d
2023-07-13,Dissolved oxygen (DO),7.4148,mg/L,,MNPCA-S001-238,MISSISSIPPI R DNST OF HASTINGS RR BR,2.1984468911258066,,Final,,augmented_copy1_jitter1d
2023-07-14,Dissolved oxygen (DO),7.2977,mg/L,,MNPCA-S001-238,MISSISSIPPI R DNST OF HASTINGS RR BR,2.1984468911258066,,Final,,augmented_copy2_jitter2d
2023-07-14,Dissolved oxygen (DO),7.4194,mg/L,,MNPCA-S001-238,MISSISSIPPI R DNST OF HASTINGS RR BR,2.1984468911258066,,Final,,augmented_copy3_jitter2d
2023-07-21,Turbidity,11.5049,NTRU,,USGS-05331580,"MISSISSIPPI RIVER BELOW L&D 2 AT HASTINGS, MN",3.6232393983022417,,Accepted,,augmented_copy1_jitter-3d
2023-07-22,Turbidity,12.6061,NTRU,,USGS-05331580,"MISSISSIPPI RIVER BELOW L&D 2 AT HASTINGS, MN",3.6232393983022417,,Accepted,,augmented_copy2_jitter-2d
2023-07-23,Turbidity,13.1373,NTRU,,USGS-05331580,"MISSISSIPPI RIVER BELOW L&D 2 AT HASTINGS, MN",3.6232393983022417,,Accepted,,augmented_copy3_jitter-1d
2023-07-26,Nitrogen,0.331,mg/l,,USGS-05331580,"MISSISSIPPI RIVER BELOW L&D 2 AT HASTINGS, MN",3.6232393983022417,,Accepted,,augmented_copy1_jitter2d
2023-07-23,Nitrogen,0.3362,mg/l,,USGS-05331580,"MISSISSIPPI RIVER BELOW L&D 2 AT HASTINGS, MN",3.6232393983022417,,Accepted,,augmented_copy2_jitter-1d
2023-07-26,Nitrogen,0.3262,mg/l,,USGS-05331580,"MISSISSIPPI RIVER BELOW L&D 2 AT HASTINGS, MN",3.6232393983022417,,Accepted,,augmented_copy3_jitter2d
2023-07-27,Phosphorus,0.0704,mg/l as P,,USGS-05331580,"MISSISSIPPI RIVER BELOW L&D 2 AT HASTINGS, MN",3.6232393983022417,,Accepted,,augmented_copy1_jitter3d
2023-07-27,Phosphorus,0.0666,mg/l as P,,USGS-05331580,"MISSISSIPPI RIVER BELOW L&D 2 AT HASTINGS, MN",3.6232393983022417,,Accepted,,augmented_copy2_jitter3d
2023-07-25,Phosphorus,0.0713,mg/l as P,,USGS-05331580,"MISSISSIPPI RIVER BELOW L&D 2 AT HASTINGS, MN",3.6232393983022417,,Accepted,,augmented_copy3_jitter1d
2023-07-22,Phosphorus,,,,USGS-05331580,"MISSISSIPPI RIVER BELOW L&D 2 AT HASTINGS, MN",3.6232393983022417,Not Detected,Accepted,,augmented_copy1_jitter-2d
2023-07-26,Phosphorus,,,,USGS-05331580,"MISSISSIPPI RIVER BELOW L&D 2 AT HASTINGS, MN",3.6232393983022417,Not Detected,Accepted,,augmented_copy2_jitter2d
2023-07-25,Phosphorus,,,,USGS-05331580,"MISSISSIPPI RIVER BELOW L&D 2 AT HASTINGS, MN",3.6232393983022417,Not Detected,Accepted,,augmented_copy3_jitter1d
2023-08-17,Turbidity,18.7602,NTRU,,USGS-05331580,"MISSISSIPPI RIVER BELOW L&D 2 AT HASTINGS, MN",3.6232393983022417,,Accepted,,augmented_copy1_jitter2d
2023-08-14,Turbidity,16.9801,NTRU,,USGS-05331580,"MISSISSIPPI RIVER BELOW L&D 2 AT HASTINGS, MN",3.6232393983022417,,Accepted,,augmented_copy2_jitter-1d
2023-08-14,Turbidity,17.0451,NTRU,,USGS-05331580,"MISSISSIPPI RIVER BELOW L&D 2 AT HASTINGS, MN",3.6232393983022417,,Accepted,,augmented_copy3_jitter-1d
2023-08-16,Nitrogen,0.3193,mg/l,,USGS-05331580,"MISSISSIPPI RIVER BELOW L&D 2 AT HASTINGS, MN",3.6232393983022417,,Accepted,,augmented_copy1_jitter1d
2023-08-14,Nitrogen,0.3204,mg/l,,USGS-05331580,"MISSISSIPPI RIVER BELOW L&D 2 AT HASTINGS, MN",3.6232393983022417,,Accepted,,augmented_copy2_jitter-1d
2023-08-13,Nitrogen,0.3196,mg/l,,USGS-05331580,"MISSISSIPPI RIVER BELOW L&D 2 AT HASTINGS, MN",3.6232393983022417,,Accepted,,augmented_copy3_jitter-2d
2023-08-16,Phosphorus,0.0635,mg/l as P,,USGS-05331580,"MISSISSIPPI RIVER BELOW L&D 2 AT HASTINGS, MN",3.6232393983022417,,Preliminary,Hold time parameters were exceeded during the collection to analysis phase of sample processing.,augmented_copy1_jitter1d
2023-08-13,Phosphorus,0.0644,mg/l as P,,USGS-05331580,"MISSISSIPPI RIVER BELOW L&D 2 AT HASTINGS, MN",3.6232393983022417,,Preliminary,Hold time parameters were exceeded during the collection to analysis phase of sample processing.,augmented_copy2_jitter-2d
2023-08-17,Phosphorus,0.0485,mg/l as P,,USGS-05331580,"MISSISSIPPI RIVER BELOW L&D 2 AT HASTINGS, MN",3.6232393983022417,,Preliminary,Hold time parameters were exceeded during the collection to analysis phase of sample processing.,augmented_copy3_jitter2d
2023-08-17,Phosphorus,0.1069,mg/l as P,,USGS-05331580,"MISSISSIPPI RIVER BELOW L&D 2 AT HASTINGS, MN",3.6232393983022417,,Preliminary,,augmented_copy1_jitter2d
2023-08-18,Phosphorus,0.1102,mg/l as P,,USGS-05331580,"MISSISSIPPI RIVER BELOW L&D 2 AT HASTINGS, MN",3.6232393983022417,,Preliminary,,augmented_copy2_jitter3d
2023-08-16,Phosphorus,0.1189,mg/l as P,,USGS-05331580,"MISSISSIPPI RIVER BELOW L&D 2 AT HASTINGS, MN",3.6232393983022417,,Preliminary,,augmented_copy3_jitter1d
2023-08-25,Dissolved oxygen (DO),7.3596,mg/L,,MNPCA-S001-238,MISSISSIPPI R DNST OF HASTINGS RR BR,2.1984468911258066,,Final,"Sunny, 3 mph SW wind",augmented_copy1_jitter2d
2023-08-22,Dissolved oxygen (DO),7.0589,mg/L,,MNPCA-S001-238,MISSISSIPPI R DNST OF HASTINGS RR BR,2.1984468911258066,,Final,"Sunny, 3 mph SW wind",augmented_copy2_jitter-1d
2023-08-26,Dissolved oxygen (DO),7.2204,mg/L,,MNPCA-S001-238,MISSISSIPPI R DNST OF HASTINGS RR BR,2.1984468911258066,,Final,"Sunny, 3 mph SW wind",augmented_copy3_jitter3d
2023-09-10,Dissolved oxygen (DO),8.892,mg/L,,MNPCA-S001-238,MISSISSIPPI R DNST OF HASTINGS RR BR,2.1984468911258066,,Final,"Sunny, 3 mph E wind",augmented_copy1_jitter-3d
2023-09-11,Dissolved oxygen (DO),8.9908,mg/L,,MNPCA-S001-238,MISSISSIPPI R DNST OF HASTINGS RR BR,2.1984468911258066,,Final,"Sunny, 3 mph E wind",augmented_copy2_jitter-2d
2023-09-11,Dissolved oxygen (DO),8.9071,mg/L,,MNPCA-S001-238,MISSISSIPPI R DNST OF HASTINGS RR BR,2.1984468911258066,,Final,"Sunny, 3 mph E wind",augmented_copy3_jitter-2d
2023-10-04,Dissolved oxygen (DO),6.6627,mg/L,,MNPCA-S001-238,MISSISSIPPI R DNST OF HASTINGS RR BR,2.1984468911258066,,Final,,augmented_copy1_jitter-1d
2023-10-02,Dissolved oxygen (DO),6.7323,mg/L,,MNPCA-S001-238,MISSISSIPPI R DNST OF HASTINGS RR BR,2.1984468911258066,,Final,,augmented_copy2_jitter-3d
2023-10-03,Dissolved oxygen (DO),6.7485,mg/L,,MNPCA-S001-238,MISSISSIPPI R DNST OF HASTINGS RR BR,2.1984468911258066,,Final,,augmented_copy3_jitter-2d
2023-10-18,Nitrogen,0.2443,mg/l,,USGS-05331580,"MISSISSIPPI RIVER BELOW L&D 2 AT HASTINGS, MN",3.6232393983022417,,Accepted,,augmented_copy1_jitter1d
2023-10-15,Nitrogen,0.2438,mg/l,,USGS-05331580,"MISSISSIPPI RIVER BELOW L&D 2 AT HASTINGS, MN",3.6232393983022417,,Accepted,,augmented_copy2_jitter-2d
2023-10-14,Nitrogen,0.2542,mg/l,,USGS-05331580,"MISSISSIPPI RIVER BELOW L&D 2 AT HASTINGS, MN",3.6232393983022417,,Accepted,,augmented_copy3_jitter-3d
2023-10-18,Turbidity,13.2027,NTRU,,USGS-05331580,"MISSISSIPPI RIVER BELOW L&D 2 AT HASTINGS, MN",3.6232393983022417,,Accepted,,augmented_copy1_jitter1d
2023-10-19,Turbidity,13.3698,NTRU,,USGS-05331580,"MISSISSIPPI RIVER BELOW L&D 2 AT HASTINGS, MN",3.6232393983022417,,Accepted,,augmented_copy2_jitter2d
2023-10-19,Turbidity,14.7636,NTRU,,USGS-05331580,"MISSISSIPPI RIVER BELOW L&D 2 AT HASTINGS, MN",3.6232393983022417,,Accepted,,augmented_copy3_jitter2d
2024-05-15,Dissolved oxygen (DO),8.9727,mg/L,,MNPCA-S016-671,"MISSISSIPPI R, 0.5 MI W OF PRESCOTT, WI",1.0095526662633745,,Final,,augmented_copy1_jitter1d
2024-05-17,Dissolved oxygen (DO),8.6944,mg/L,,MNPCA-S016-671,"MISSISSIPPI R, 0.5 MI W OF PRESCOTT, WI",1.0095526662633745,,Final,,augmented_copy2_jitter3d
2024-05-12,Dissolved oxygen (DO),9.0283,mg/L,,MNPCA-S016-671,"MISSISSIPPI R, 0.5 MI W OF PRESCOTT, WI",1.0095526662633745,,Final,,augmented_copy3_jitter-2d
2024-07-13,Dissolved oxygen (DO),6.5059,mg/L,,MNPCA-S016-671,"MISSISSIPPI R, 0.5 MI W OF PRESCOTT, WI",1.0095526662633745,,Final,High water,augmented_copy1_jitter3d
2024-07-11,Dissolved oxygen (DO),6.57,mg/L,,MNPCA-S016-671,"MISSISSIPPI R, 0.5 MI W OF PRESCOTT, WI",1.0095526662633745,,Final,High water,augmented_copy2_jitter1d
2024-07-09,Dissolved oxygen (DO),6.4978,mg/L,,MNPCA-S016-671,"MISSISSIPPI R, 0.5 MI W OF PRESCOTT, WI",1.0095526662633745,,Final,High water,augmented_copy3_jitter-1d
2024-08-15,Dissolved oxygen (DO),8.594,mg/L,,MNPCA-S016-671,"MISSISSIPPI R, 0.5 MI W OF PRESCOTT, WI",1.0095526662633745,,Final,,augmented_copy1_jitter2d
2024-08-14,Dissolved oxygen (DO),8.4879,mg/L,,MNPCA-S016-671,"MISSISSIPPI R, 0.5 MI W OF PRESCOTT, WI",1.0095526662633745,,Final,,augmented_copy2_jitter1d
2024-08-15,Dissolved oxygen (DO),8.518,mg/L,,MNPCA-S016-671,"MISSISSIPPI R, 0.5 MI W OF PRESCOTT, WI",1.0095526662633745,,Final,,augmented_copy3_jitter2d
