ActivityStartDate,CharacteristicName,ResultMeasureValue,ResultMeasure/MeasureUnitCode,ResultDepthHeightMeasure/MeasureUnitCode,MonitoringLocationIdentifier,_name,_dist_km,ResultDetectionConditionText,ResultStatusIdentifier,ResultCommentText,source
2019-01-16,Phosphorus,0.07,mg/L,,MNPCA-S000-096,MISSISSIPPI R. BY WINONA,4.397455890234587,,Final,,original
2019-03-14,Phosphorus,0.072,mg/L,,MNPCA-S000-096,MISSISSIPPI R. BY WINONA,4.397455890234587,,Final,,original
2019-03-18,Phosphorus,0.168,mg/L,,MNPCA-S000-096,MISSISSIPPI R. BY WINONA,4.397455890234587,,Final,,original
2019-03-25,Phosphorus,0.238,mg/L,,MNPCA-S000-096,MISSISSIPPI R. BY WINONA,4.397455890234587,,Final,,original
2019-03-29,Phosphorus,0.25,mg/L,,MNPCA-S000-096,MISSISSIPPI R. BY WINONA,4.397455890234587,,Final,,original
2019-03-29,Dissolved oxygen (DO),10.99,mg/L,,MNPCA-S000-096,MISSISSIPPI R. BY WINONA,4.397455890234587,,Final,,original
2019-04-03,Phosphorus,0.217,mg/L,,MNPCA-S000-096,MISSISSIPPI R. BY WINONA,4.397455890234587,,Final,,original
2019-04-15,Phosphorus,0.218,mg/L,,MNPCA-S000-096,MISSISSIPPI R. BY WINONA,4.397455890234587,,Final,,original
2019-04-16,Phosphorus,0.154,mg/L,,MNPCA-S000-096,MISSISSIPPI R. BY WINONA,4.397455890234587,,Final,,original
2019-04-22,Phosphorus,0.128,mg/L,,MNPCA-S000-096,MISSISSIPPI R. BY WINONA,4.397455890234587,,Final,,original
2019-05-02,Dissolved oxygen (DO),10.96,mg/L,,MNPCA-S000-096,MISSISSIPPI R. BY WINONA,4.397455890234587,,Final,,original
2019-05-02,Phosphorus,0.091,mg/L,,MNPCA-S000-096,MISSISSIPPI R. BY WINONA,4.397455890234587,,Final,,original
2019-05-09,Phosphorus,0.086,mg/L,,MNPCA-S000-096,MISSISSIPPI R. BY WINONA,4.397455890234587,,Final,,original
2019-05-20,Phosphorus,0.066,mg/L,,MNPCA-S000-096,MISSISSIPPI R. BY WINONA,4.397455890234587,,Final,,original
2019-05-30,Phosphorus,0.096,mg/L,,MNPCA-S000-096,MISSISSIPPI R. BY WINONA,4.397455890234587,,Final,,original
2019-06-03,Phosphorus,0.086,mg/L,,MNPCA-S000-096,MISSISSIPPI R. BY WINONA,4.397455890234587,,Final,,original
2019-06-03,Phosphorus,0.066,mg/L,,MNPCA-S000-096,MISSISSIPPI R. BY WINONA,4.397455890234587,,Final,,original
2019-06-17,Phosphorus,0.098,mg/L,,MNPCA-S000-096,MISSISSIPPI R. BY WINONA,4.397455890234587,,Final,,original
2019-07-02,Phosphorus,0.157,mg/L,,MNPCA-S000-096,MISSISSIPPI R. BY WINONA,4.397455890234587,,Final,,original
2019-07-23,Phosphorus,0.169,mg/L,,MNPCA-S000-096,MISSISSIPPI R. BY WINONA,4.397455890234587,,Final,,original
2019-08-07,Phosphorus,0.121,mg/L,,MNPCA-S000-096,MISSISSIPPI R. BY WINONA,4.397455890234587,,Final,,original
2019-08-21,Phosphorus,0.124,mg/L,,MNPCA-S000-096,MISSISSIPPI R. BY WINONA,4.397455890234587,,Final,,original
2019-08-27,Phosphorus,0.144,mg/L,,MNPCA-S000-096,MISSISSIPPI R. BY WINONA,4.397455890234587,,Final,,original
2019-09-13,Phosphorus,0.168,mg/L,,MNPCA-S000-096,MISSISSIPPI R. BY WINONA,4.397455890234587,,Final,,original
2019-09-19,Phosphorus,0.142,mg/L,,MNPCA-S000-096,MISSISSIPPI R. BY WINONA,4.397455890234587,,Final,,original
2019-09-23,Phosphorus,0.17,mg/L,,MNPCA-S000-096,MISSISSIPPI R. BY WINONA,4.397455890234587,,Final,,original
2019-10-04,Phosphorus,0.146,mg/L,,MNPCA-S000-096,MISSISSIPPI R. BY WINONA,4.397455890234587,,Final,,original
2019-10-07,Phosphorus,0.147,mg/L,,MNPCA-S000-096,MISSISSIPPI R. BY WINONA,4.397455890234587,,Final,,original
2019-10-11,Phosphorus,0.136,mg/L,,MNPCA-S000-096,MISSISSIPPI R. BY WINONA,4.397455890234587,,Final,,original
2019-10-21,Phosphorus,0.147,mg/L,,MNPCA-S000-096,MISSISSIPPI R. BY WINONA,4.397455890234587,,Final,,original
2019-11-19,Phosphorus,0.067,mg/L,,MNPCA-S000-096,MISSISSIPPI R. BY WINONA,4.397455890234587,,Final,,original
2019-12-18,Phosphorus,0.051,mg/L,,MNPCA-S000-096,MISSISSIPPI R. BY WINONA,4.397455890234587,,Final,,original
2020-01-08,Phosphorus,0.059,mg/L,,MNPCA-S000-096,MISSISSIPPI R. BY WINONA,4.397455890234587,,Final,,original
2020-02-25,Phosphorus,0.051,mg/L,,MNPCA-S000-096,MISSISSIPPI R. BY WINONA,4.397455890234587,,Final,,original
2020-03-09,Phosphorus,0.052,mg/L,,MNPCA-S000-096,MISSISSIPPI R. BY WINONA,4.397455890234587,,Final,,original
2020-03-12,Phosphorus,0.074,mg/L,,MNPCA-S000-096,MISSISSIPPI R. BY WINONA,4.397455890234587,,Final,,original
2020-03-16,Phosphorus,0.16,mg/L,,MNPCA-S000-096,MISSISSIPPI R. BY WINONA,4.397455890234587,,Final,,original
2020-03-19,Phosphorus,0.175,mg/L,,MNPCA-S000-096,MISSISSIPPI R. BY WINONA,4.397455890234587,,Final,,original
2020-05-13,Phosphorus,0.053,mg/L,,MNPCA-S000-096,MISSISSIPPI R. BY WINONA,4.397455890234587,,Final,,original
2020-05-19,Phosphorus,0.083,mg/L,,MNPCA-S000-096,MISSISSIPPI R. BY WINONA,4.397455890234587,,Final,,original
2020-05-29,Phosphorus,0.117,mg/L,,MNPCA-S000-096,MISSISSIPPI R. BY WINONA,4.397455890234587,,Final,,original
2020-06-08,Phosphorus,0.074,mg/L,,MNPCA-S000-096,MISSISSIPPI R. BY WINONA,4.397455890234587,,Final,,original
2020-06-15,Phosphorus,0.107,mg/L,,MNPCA-S000-096,MISSISSIPPI R. BY WINONA,4.397455890234587,,Final,,original
2020-06-24,Phosphorus,0.082,mg/L,,MNPCA-S000-096,MISSISSIPPI R. BY WINONA,4.397455890234587,,Final,,original
2020-07-15,Phosphorus,0.14,mg/L,,MNPCA-S000-096,MISSISSIPPI R. BY WINONA,4.397455890234587,,Final,,original
2020-08-04,Phosphorus,0.12,mg/L,,MNPCA-S000-096,MISSISSIPPI R. BY WINONA,4.397455890234587,,Final,,original
2020-08-11,Phosphorus,0.117,mg/L,,MNPCA-S000-096,MISSISSIPPI R. BY WINONA,4.397455890234587,,Final,,original
2020-08-18,Phosphorus,0.139,mg/L,,MNPCA-S000-096,MISSISSIPPI R. BY WINONA,4.397455890234587,,Final,,original
2020-09-15,Phosphorus,0.134,mg/L,,MNPCA-S000-096,MISSISSIPPI R. BY WINONA,4.397455890234587,,Final,,original
2020-10-06,Phosphorus,0.084,mg/L,,MNPCA-S000-096,MISSISSIPPI R. BY WINONA,4.397455890234587,,Final,,original
2020-10-27,Phosphorus,0.071,mg/L,,MNPCA-S000-096,MISSISSIPPI R. BY WINONA,4.397455890234587,,Final,,original
2020-12-09,Phosphorus,0.044,mg/L,,MNPCA-S000-096,MISSISSIPPI R. BY WINONA,4.397455890234587,,Final,,original
2021-01-20,Phosphorus,0.043,mg/L,,MNPCA-S000-096,MISSISSIPPI R. BY WINONA,4.397455890234587,,Final,,original
2021-02-02,Phosphorus,0.044,mg/L,,MNPCA-S000-096,MISSISSIPPI R. BY WINONA,4.397455890234587,,Final,,original
2021-02-24,Phosphorus,0.04,mg/L,,MNPCA-S000-096,MISSISSIPPI R. BY WINONA,4.397455890234587,,Final,,original
2021-03-09,Phosphorus,0.075,mg/L,,MNPCA-S000-096,MISSISSIPPI R. BY WINONA,4.397455890234587,,Final,,original
2021-03-16,Phosphorus,0.093,mg/L,,MNPCA-S000-096,MISSISSIPPI R. BY WINONA,4.397455890234587,,Final,,original
2021-03-30,Phosphorus,0.108,mg/L,,MNPCA-S000-096,MISSISSIPPI R. BY WINONA,4.397455890234587,,Final,,original
2021-04-12,Phosphorus,0.108,mg/L,,MNPCA-S000-096,MISSISSIPPI R. BY WINONA,4.397455890234587,,Final,,original
2021-04-13,Phosphorus,0.072,mg/L,,MNPCA-S000-096,MISSISSIPPI R. BY WINONA,4.397455890234587,,Final,,original
2021-04-21,Phosphorus,0.072,mg/L,,MNPCA-S000-096,MISSISSIPPI R. BY WINONA,4.397455890234587,,Final,,original
2021-04-27,Phosphorus,0.055,mg/L,,MNPCA-S000-096,MISSISSIPPI R. BY WINONA,4.397455890234587,,Final,,original
2021-04-28,Dissolved oxygen (DO),11.17,mg/L,,MNPCA-S000-096,MISSISSIPPI R. BY WINONA,4.397455890234587,,Final,stream field measurements,original
2021-05-18,Phosphorus,0.05,mg/L,,MNPCA-S000-096,MISSISSIPPI R. BY WINONA,4.397455890234587,,Final,,original
2021-06-02,Phosphorus,0.076,mg/L,,MNPCA-S000-096,MISSISSIPPI R. BY WINONA,4.397455890234587,,Final,,original
2021-06-16,Phosphorus,0.076,mg/L,,MNPCA-S000-096,MISSISSIPPI R. BY WINONA,4.397455890234587,,Final,,original
2021-07-01,Dissolved oxygen (DO),7.41,mg/L,,MNPCA-S000-096,MISSISSIPPI R. BY WINONA,4.397455890234587,,Final,stream field measurements,original
2021-07-14,Phosphorus,0.146,mg/L,,MNPCA-S000-096,MISSISSIPPI R. BY WINONA,4.397455890234587,,Final,,original
2021-08-03,Phosphorus,0.114,mg/L,,MNPCA-S000-096,MISSISSIPPI R. BY WINONA,4.397455890234587,,Final,,original
2021-08-23,Phosphorus,0.142,mg/L,,MNPCA-S000-096,MISSISSIPPI R. BY WINONA,4.397455890234587,,Final,,original
2021-08-23,Phosphorus,0.176,mg/L,,MNPCA-S000-096,MISSISSIPPI R. BY WINONA,4.397455890234587,,Final,,original
2021-08-31,Phosphorus,0.155,mg/L,,MNPCA-S000-096,MISSISSIPPI R. BY WINONA,4.397455890234587,,Final,,original
2021-09-08,Phosphorus,0.161,mg/L,,MNPCA-S000-096,MISSISSIPPI R. BY WINONA,4.397455890234587,,Final,,original
2021-09-30,Phosphorus,0.119,mg/L,,MNPCA-S000-096,MISSISSIPPI R. BY WINONA,4.397455890234587,,Final,,original
2021-10-26,Phosphorus,0.09,mg/L,,MNPCA-S000-096,MISSISSIPPI R. BY WINONA,4.397455890234587,,Final,,original
2021-10-27,Dissolved oxygen (DO),9.66,mg/L,,MNPCA-S000-096,MISSISSIPPI R. BY WINONA,4.397455890234587,,Final,,original
2021-11-09,Phosphorus,0.07,mg/L,,MNPCA-S000-096,MISSISSIPPI R. BY WINONA,4.397455890234587,,Final,,original
2021-12-14,Phosphorus,0.052,mg/L,,MNPCA-S000-096,MISSISSIPPI R. BY WINONA,4.397455890234587,,Final,,original
2022-01-05,Phosphorus,0.053,mg/L,,MNPCA-S000-096,MISSISSIPPI R. BY WINONA,4.397455890234587,,Final,,original
2022-01-12,Phosphorus,0.046,mg/L,,MNPCA-S000-096,MISSISSIPPI R. BY WINONA,4.397455890234587,,Final,,original
2022-01-12,Dissolved oxygen (DO),4.37,mg/L,,MNPCA-S000-096,MISSISSIPPI R. BY WINONA,4.397455890234587,,Final,,original
2022-02-01,Phosphorus,0.044,mg/L,,MNPCA-S000-096,MISSISSIPPI R. BY WINONA,4.397455890234587,,Final,,original
2022-03-01,Phosphorus,0.047,mg/L,,MNPCA-S000-096,MISSISSIPPI R. BY WINONA,4.397455890234587,,Final,,original
2022-03-07,Phosphorus,0.117,mg/L,,MNPCA-S000-096,MISSISSIPPI R. BY WINONA,4.397455890234587,,Final,,original
2022-03-21,Phosphorus,0.119,mg/L,,MNPCA-S000-096,MISSISSIPPI R. BY WINONA,4.397455890234587,,Final,,original
2022-03-24,Phosphorus,0.134,mg/L,,MNPCA-S000-096,MISSISSIPPI R. BY WINONA,4.397455890234587,,Final,,original
2022-03-30,Phosphorus,0.156,mg/L,,MNPCA-S000-096,MISSISSIPPI R. BY WINONA,4.397455890234587,,Final,,original
2022-04-05,Phosphorus,0.155,mg/L,,MNPCA-S000-096,MISSISSIPPI R. BY WINONA,4.397455890234587,,Final,,original
2022-04-13,Phosphorus,0.127,mg/L,,MNPCA-S000-096,MISSISSIPPI R. BY WINONA,4.397455890234587,,Final,,original
2022-04-18,Phosphorus,0.136,mg/L,,MNPCA-S000-096,MISSISSIPPI R. BY WINONA,4.397455890234587,,Final,,original
2022-05-02,Phosphorus,0.084,mg/L,,MNPCA-S000-096,MISSISSIPPI R. BY WINONA,4.397455890234587,,Final,,original
2022-05-09,Phosphorus,0.082,mg/L,,MNPCA-S000-096,MISSISSIPPI R. BY WINONA,4.397455890234587,,Final,,original
2022-05-18,Phosphorus,0.083,mg/L,,MNPCA-S000-096,MISSISSIPPI R. BY WINONA,4.397455890234587,,Final,,original
2022-05-20,Phosphorus,0.092,mg/L,,MNPCA-S000-096,MISSISSIPPI R. BY WINONA,4.397455890234587,,Final,,original
2022-05-23,Phosphorus,0.088,mg/L,,MNPCA-S000-096,MISSISSIPPI R. BY WINONA,4.397455890234587,,Final,,original
2022-06-09,Phosphorus,0.086,mg/L,,MNPCA-S000-096,MISSISSIPPI R. BY WINONA,4.397455890234587,,Final,,original
2022-06-21,Phosphorus,0.096,mg/L,,MNPCA-S000-096,MISSISSIPPI R. BY WINONA,4.397455890234587,,Final,,original
2022-06-28,Phosphorus,0.115,mg/L,,MNPCA-S000-096,MISSISSIPPI R. BY WINONA,4.397455890234587,,Final,,original
2022-07-11,Phosphorus,0.118,mg/L,,MNPCA-S000-096,MISSISSIPPI R. BY WINONA,4.397455890234587,,Final,,original
2022-07-26,Phosphorus,0.112,mg/L,,MNPCA-S000-096,MISSISSIPPI R. BY WINONA,4.397455890234587,,Final,,original
2022-08-22,Phosphorus,0.132,mg/L,,MNPCA-S000-096,MISSISSIPPI R. BY WINONA,4.397455890234587,,Final,,original
2022-09-14,Dissolved oxygen (DO),6.8,mg/L,,MNPCA-S000-096,MISSISSIPPI R. BY WINONA,4.397455890234587,,Final,,original
2022-10-18,Phosphorus,0.09,mg/L,,MNPCA-S000-096,MISSISSIPPI R. BY WINONA,4.397455890234587,,Final,,original
2022-11-15,Phosphorus,0.059,mg/L,,MNPCA-S000-096,MISSISSIPPI R. BY WINONA,4.397455890234587,,Final,,original
2023-01-10,Phosphorus,0.039,mg/L,,MNPCA-S000-096,MISSISSIPPI R. BY WINONA,4.397455890234587,,Final,,original
2023-01-10,Dissolved oxygen (DO),13.84,mg/L,,MNPCA-S000-096,MISSISSIPPI R. BY WINONA,4.397455890234587,,Final,,original
2023-02-07,Phosphorus,0.036,mg/L,,MNPCA-S000-096,MISSISSIPPI R. BY WINONA,4.397455890234587,,Final,,original
2023-02-28,Phosphorus,0.037,mg/L,,MNPCA-S000-096,MISSISSIPPI R. BY WINONA,4.397455890234587,,Final,,original
2023-03-13,Phosphorus,0.047,mg/L,,MNPCA-S000-096,MISSISSIPPI R. BY WINONA,4.397455890234587,,Final,,original
2023-03-22,Phosphorus,0.055,mg/L,,MNPCA-S000-096,MISSISSIPPI R. BY WINONA,4.397455890234587,,Final,,original
2023-03-28,Phosphorus,0.088,mg/L,,MNPCA-S000-096,MISSISSIPPI R. BY WINONA,4.397455890234587,,Final,,original
2023-04-03,Phosphorus,0.172,mg/L,,MNPCA-S000-096,MISSISSIPPI R. BY WINONA,4.397455890234587,,Final,,original
2023-04-10,Phosphorus,0.133,mg/L,,MNPCA-S000-096,MISSISSIPPI R. BY WINONA,4.397455890234587,,Final,,original
2023-04-14,Phosphorus,0.158,mg/L,,MNPCA-S000-096,MISSISSIPPI R. BY WINONA,4.397455890234587,,Final,,original
2023-04-18,Phosphorus,0.126,mg/L,,MNPCA-S000-096,MISSISSIPPI R. BY WINONA,4.397455890234587,,Final,,original
2023-04-26,Phosphorus,0.102,mg/L,,MNPCA-S000-096,MISSISSIPPI R. BY WINONA,4.397455890234587,,Final,,original
2023-05-01,Phosphorus,0.106,mg/L,,MNPCA-S000-096,MISSISSIPPI R. BY WINONA,4.397455890234587,,Final,,original
2023-05-01,Dissolved oxygen (DO),10.48,mg/L,,MNPCA-S000-096,MISSISSIPPI R. BY WINONA,4.397455890234587,,Final,,original
2023-05-01,Phosphorus,0.125,mg/L,,MNPCA-S000-096,MISSISSIPPI R. BY WINONA,4.397455890234587,,Final,,original
2023-05-09,Dissolved oxygen (DO),9.59,mg/L,,MNPCA-S000-096,MISSISSIPPI R. BY WINONA,4.397455890234587,,Final,,original
2023-05-09,Phosphorus,0.066,mg/L,,MNPCA-S000-096,MISSISSIPPI R. BY WINONA,4.397455890234587,,Final,,original
2023-05-16,Phosphorus,0.086,mg/L,,MNPCA-S000-096,MISSISSIPPI R. BY WINONA,4.397455890234587,,Final,,original
2023-05-22,Phosphorus,0.087,mg/L,,MNPCA-S000-096,MISSISSIPPI R. BY WINONA,4.397455890234587,,Final,,original
2023-06-01,Phosphorus,0.101,mg/L,,MNPCA-S000-096,MISSISSIPPI R. BY WINONA,4.397455890234587,,Final,,original
2023-06-13,Dissolved oxygen (DO),7.57,mg/L,,MNPCA-S016-841,"MISSISSIPPI R, S OF CR-43 BRIDGE IN WINONA, MN",0.2424578975255987,,Final,,original
2023-06-21,Phosphorus,0.096,mg/L,,MNPCA-S000-096,MISSISSIPPI R. BY WINONA,4.397455890234587,,Final,,original
2023-06-21,Dissolved oxygen (DO),9.57,mg/L,,MNPCA-S000-096,MISSISSIPPI R. BY WINONA,4.397455890234587,,Final,,original
2023-07-10,Dissolved oxygen (DO),9.99,mg/L,,MNPCA-S016-841,"MISSISSIPPI R, S OF CR-43 BRIDGE IN WINONA, MN",0.2424578975255987,,Final,Aphanizomenon blooms,original
2023-07-11,Phosphorus,0.096,mg/L,,MNPCA-S000-096,MISSISSIPPI R. BY WINONA,4.397455890234587,,Final,,original
2023-08-08,Phosphorus,0.108,mg/L,,MNPCA-S000-096,MISSISSIPPI R. BY WINONA,4.397455890234587,,Final,,original
2023-08-08,Dissolved oxygen (DO),6.41,mg/L,,MNPCA-S000-096,MISSISSIPPI R. BY WINONA,4.397455890234587,,Final,,original
2023-08-21,Dissolved oxygen (DO),7.57,mg/L,,MNPCA-S016-841,"MISSISSIPPI R, S OF CR-43 BRIDGE IN WINONA, MN",0.2424578975255987,,Final,"Mostly cloudy, 6 mph NE wind",original
2023-08-29,Dissolved oxygen (DO),6.69,mg/L,,MNPCA-S000-096,MISSISSIPPI R. BY WINONA,4.397455890234587,,Final,,original
2023-08-29,Phosphorus,0.185,mg/L,,MNPCA-S000-096,MISSISSIPPI R. BY WINONA,4.397455890234587,,Final,,original
2023-09-11,Phosphorus,0.176,mg/L,,MNPCA-S000-096,MISSISSIPPI R. BY WINONA,4.397455890234587,,Final,,original
2023-09-11,Dissolved oxygen (DO),8.0,mg/L,,MNPCA-S016-841,"MISSISSIPPI R, S OF CR-43 BRIDGE IN WINONA, MN",0.2424578975255987,,Final,"Mostly cloudy, 4 mph NW wind",original
2023-09-11,Dissolved oxygen (DO),6.2,mg/L,,MNPCA-S000-096,MISSISSIPPI R. BY WINONA,4.397455890234587,,Final,,original
2023-09-25,Dissolved oxygen (DO),7.04,mg/L,,MNPCA-S000-096,MISSISSIPPI R. BY WINONA,4.397455890234587,,Final,,original
2023-09-25,Phosphorus,0.148,mg/L,,MNPCA-S000-096,MISSISSIPPI R. BY WINONA,4.397455890234587,,Final,,original
2023-10-03,Dissolved oxygen (DO),7.47,mg/L,,MNPCA-S016-841,"MISSISSIPPI R, S OF CR-43 BRIDGE IN WINONA, MN",0.2424578975255987,,Final,,original
2023-10-10,Phosphorus,0.108,mg/L,,MNPCA-S000-096,MISSISSIPPI R. BY WINONA,4.397455890234587,,Final,,original
2023-10-10,Dissolved oxygen (DO),9.13,mg/L,,MNPCA-S000-096,MISSISSIPPI R. BY WINONA,4.397455890234587,,Final,,original
2023-11-07,Phosphorus,0.076,mg/L,,MNPCA-S000-096,MISSISSIPPI R. BY WINONA,4.397455890234587,,Final,,original
2023-11-29,Phosphorus,0.057,mg/L,,MNPCA-S000-096,MISSISSIPPI R. BY WINONA,4.397455890234587,,Final,,original
2023-12-27,Dissolved oxygen (DO),12.88,mg/L,,MNPCA-S000-096,MISSISSIPPI R. BY WINONA,4.397455890234587,,Final,,original
2023-12-27,Phosphorus,0.047,mg/L,,MNPCA-S000-096,MISSISSIPPI R. BY WINONA,4.397455890234587,,Final,,original
2024-01-23,Dissolved oxygen (DO),14.07,mg/L,,MNPCA-S000-096,MISSISSIPPI R. BY WINONA,4.397455890234587,,Final,,original
2024-01-23,Phosphorus,0.058,mg/L,,MNPCA-S000-096,MISSISSIPPI R. BY WINONA,4.397455890234587,,Final,,original
2024-01-30,Phosphorus,0.049,mg/L,,MNPCA-S000-096,MISSISSIPPI R. BY WINONA,4.397455890234587,,Final,,original
2024-01-30,Dissolved oxygen (DO),12.8,mg/L,,MNPCA-S000-096,MISSISSIPPI R. BY WINONA,4.397455890234587,,Final,,original
2024-02-13,Phosphorus,0.042,mg/L,,MNPCA-S000-096,MISSISSIPPI R. BY WINONA,4.397455890234587,,Final,,original
2024-02-22,Dissolved oxygen (DO),13.92,mg/L,,MNPCA-S000-096,MISSISSIPPI R. BY WINONA,4.397455890234587,,Final,,original
2024-02-22,Phosphorus,0.044,mg/L,,MNPCA-S000-096,MISSISSIPPI R. BY WINONA,4.397455890234587,,Final,,original
2024-03-14,Phosphorus,0.038,mg/L,,MNPCA-S000-096,MISSISSIPPI R. BY WINONA,4.397455890234587,,Final,,original
2024-03-14,Dissolved oxygen (DO),12.74,mg/L,,MNPCA-S000-096,MISSISSIPPI R. BY WINONA,4.397455890234587,,Final,,original
2024-03-18,Phosphorus,0.044,mg/L,,MNPCA-S000-096,MISSISSIPPI R. BY WINONA,4.397455890234587,,Final,,original
2024-03-26,Phosphorus,0.039,mg/L,,MNPCA-S000-096,MISSISSIPPI R. BY WINONA,4.397455890234587,,Final,,original
2024-03-30,Phosphorus,0.06,mg/L,,MNPCA-S000-096,MISSISSIPPI R. BY WINONA,4.397455890234587,,Final,,original
2024-04-08,Phosphorus,0.05,mg/L,,MNPCA-S000-096,MISSISSIPPI R. BY WINONA,4.397455890234587,,Final,,original
2024-04-26,Phosphorus,0.076,mg/L,,MNPCA-S000-096,MISSISSIPPI R. BY WINONA,4.397455890234587,,Final,,original
2024-05-02,Phosphorus,0.075,mg/L,,MNPCA-S000-096,MISSISSIPPI R. BY WINONA,4.397455890234587,,Final,,original
2024-05-07,Phosphorus,0.091,mg/L,,MNPCA-S000-096,MISSISSIPPI R. BY WINONA,4.397455890234587,,Final,,original
2024-05-13,Dissolved oxygen (DO),9.44,mg/L,,MNPCA-S017-283,"MISSISSIPPI R AT EAST END BOAT RAMP IN WINONA, MN",3.081448798172256,,Final,,original
2024-05-13,Dissolved oxygen (DO),9.43,mg/L,,MNPCA-S016-841,"MISSISSIPPI R, S OF CR-43 BRIDGE IN WINONA, MN",0.2424578975255987,,Final,,original
2024-05-13,Phosphorus,0.074,mg/L,,MNPCA-S017-283,"MISSISSIPPI R AT EAST END BOAT RAMP IN WINONA, MN",3.081448798172256,,Final,,original
2024-05-14,Phosphorus,0.092,mg/L,,MNPCA-S000-096,MISSISSIPPI R. BY WINONA,4.397455890234587,,Final,,original
2024-05-20,Phosphorus,0.074,mg/L,,MNPCA-S000-096,MISSISSIPPI R. BY WINONA,4.397455890234587,,Final,,original
2024-05-28,Phosphorus,0.085,mg/L,,MNPCA-S000-096,MISSISSIPPI R. BY WINONA,4.397455890234587,,Final,,original
2024-06-03,Phosphorus,0.098,mg/L,,MNPCA-S000-096,MISSISSIPPI R. BY WINONA,4.397455890234587,,Final,,original
2024-06-10,Phosphorus,0.116,mg/L,,MNPCA-S000-096,MISSISSIPPI R. BY WINONA,4.397455890234587,,Final,,original
2024-06-11,Dissolved oxygen (DO),6.55,mg/L,,MNPCA-S017-283,"MISSISSIPPI R AT EAST END BOAT RAMP IN WINONA, MN",3.081448798172256,,Final,High water level,original
2024-06-11,Phosphorus,0.124,mg/L,,MNPCA-S017-283,"MISSISSIPPI R AT EAST END BOAT RAMP IN WINONA, MN",3.081448798172256,,Final,,original
2024-06-20,Phosphorus,0.146,mg/L,,MNPCA-S000-096,MISSISSIPPI R. BY WINONA,4.397455890234587,,Final,,original
2024-06-24,Phosphorus,0.158,mg/L,,MNPCA-S000-096,MISSISSIPPI R. BY WINONA,4.397455890234587,,Final,,original
2024-06-27,Phosphorus,0.166,mg/L,,MNPCA-S000-096,MISSISSIPPI R. BY WINONA,4.397455890234587,,Final,,original
2024-07-03,Phosphorus,0.172,mg/L,,MNPCA-S000-096,MISSISSIPPI R. BY WINONA,4.397455890234587,,Final,,original
2024-07-10,Phosphorus,0.172,mg/L,,MNPCA-S000-096,MISSISSIPPI R. BY WINONA,4.397455890234587,,Final,,original
2024-07-16,Dissolved oxygen (DO),6.23,mg/L,,MNPCA-S017-283,"MISSISSIPPI R AT EAST END BOAT RAMP IN WINONA, MN",3.081448798172256,,Final,,original
2024-07-16,Phosphorus,0.168,mg/L,,MNPCA-S017-283,"MISSISSIPPI R AT EAST END BOAT RAMP IN WINONA, MN",3.081448798172256,,Final,,original
2024-07-16,Phosphorus,0.17,mg/L,,MNPCA-S017-283,"MISSISSIPPI R AT EAST END BOAT RAMP IN WINONA, MN",3.081448798172256,,Final,,original
2024-07-17,Dissolved oxygen (DO),6.06,mg/L,,MNPCA-S016-841,"MISSISSIPPI R, S OF CR-43 BRIDGE IN WINONA, MN",0.2424578975255987,,Final,,original
2024-07-22,Phosphorus,0.162,mg/L,,MNPCA-S000-096,MISSISSIPPI R. BY WINONA,4.397455890234587,,Final,,original
2024-07-29,Phosphorus,0.145,mg/L,,MNPCA-S017-283,"MISSISSIPPI R AT EAST END BOAT RAMP IN WINONA, MN",3.081448798172256,,Final,,original
2024-07-29,Dissolved oxygen (DO),7.71,mg/L,,MNPCA-S017-283,"MISSISSIPPI R AT EAST END BOAT RAMP IN WINONA, MN",3.081448798172256,,Final,,original
2024-08-08,Phosphorus,0.15,mg/L,,MNPCA-S000-096,MISSISSIPPI R. BY WINONA,4.397455890234587,,Final,,original
2024-08-13,Dissolved oxygen (DO),9.49,mg/L,,MNPCA-S016-841,"MISSISSIPPI R, S OF CR-43 BRIDGE IN WINONA, MN",0.2424578975255987,,Final,,original
2024-08-14,Phosphorus,0.154,mg/L,,MNPCA-S017-283,"MISSISSIPPI R AT EAST END BOAT RAMP IN WINONA, MN",3.081448798172256,,Final,,original
2024-08-14,Dissolved oxygen (DO),8.75,mg/L,,MNPCA-S017-283,"MISSISSIPPI R AT EAST END BOAT RAMP IN WINONA, MN",3.081448798172256,,Final,,original
2024-08-20,Phosphorus,0.143,mg/L,,MNPCA-S017-283,"MISSISSIPPI R AT EAST END BOAT RAMP IN WINONA, MN",3.081448798172256,,Final,,original
2024-08-26,Dissolved oxygen (DO),8.89,mg/L,,MNPCA-S017-283,"MISSISSIPPI R AT EAST END BOAT RAMP IN WINONA, MN",3.081448798172256,,Final,,original
2024-08-26,Phosphorus,0.123,mg/L,,MNPCA-S017-283,"MISSISSIPPI R AT EAST END BOAT RAMP IN WINONA, MN",3.081448798172256,,Final,,original
2024-09-11,Phosphorus,0.12,mg/L,,MNPCA-S017-283,"MISSISSIPPI R AT EAST END BOAT RAMP IN WINONA, MN",3.081448798172256,,Final,,original
2024-09-11,Dissolved oxygen (DO),8.69,mg/L,,MNPCA-S017-283,"MISSISSIPPI R AT EAST END BOAT RAMP IN WINONA, MN",3.081448798172256,,Final,,original
2024-09-11,Dissolved oxygen (DO),8.74,mg/L,,MNPCA-S016-841,"MISSISSIPPI R, S OF CR-43 BRIDGE IN WINONA, MN",0.2424578975255987,,Final,,original
2024-10-09,Phosphorus,0.112,mg/L,,MNPCA-S000-096,MISSISSIPPI R. BY WINONA,4.397455890234587,,Final,,original
2024-11-20,Phosphorus,0.073,mg/L,,MNPCA-S000-096,MISSISSIPPI R. BY WINONA,4.397455890234587,,Final,,original
2024-12-18,Phosphorus,0.054,mg/L,,MNPCA-S000-096,MISSISSIPPI R. BY WINONA,4.397455890234587,,Final,,original
2019-01-15,Phosphorus,0.0701,mg/L,,MNPCA-S000-096,MISSISSIPPI R. BY WINONA,4.397455890234587,,Final,,augmented_copy1_jitter-1d
2019-01-15,Phosphorus,0.072,mg/L,,MNPCA-S000-096,MISSISSIPPI R. BY WINONA,4.397455890234587,,Final,,augmented_copy2_jitter-1d
2019-01-13,Phosphorus,0.0743,mg/L,,MNPCA-S000-096,MISSISSIPPI R. BY WINONA,4.397455890234587,,Final,,augmented_copy3_jitter-3d
2019-03-16,Phosphorus,0.0717,mg/L,,MNPCA-S000-096,MISSISSIPPI R. BY WINONA,4.397455890234587,,Final,,augmented_copy1_jitter2d
2019-03-12,Phosphorus,0.0722,mg/L,,MNPCA-S000-096,MISSISSIPPI R. BY WINONA,4.397455890234587,,Final,,augmented_copy2_jitter-2d
2019-03-11,Phosphorus,0.0727,mg/L,,MNPCA-S000-096,MISSISSIPPI R. BY WINONA,4.397455890234587,,Final,,augmented_copy3_jitter-3d
2019-03-19,Phosphorus,0.165,mg/L,,MNPCA-S000-096,MISSISSIPPI R. BY WINONA,4.397455890234587,,Final,,augmented_copy1_jitter1d
2019-03-19,Phosphorus,0.1659,mg/L,,MNPCA-S000-096,MISSISSIPPI R. BY WINONA,4.397455890234587,,Final,,augmented_copy2_jitter1d
2019-03-15,Phosphorus,0.1668,mg/L,,MNPCA-S000-096,MISSISSIPPI R. BY WINONA,4.397455890234587,,Final,,augmented_copy3_jitter-3d
2019-03-26,Phosphorus,0.2377,mg/L,,MNPCA-S000-096,MISSISSIPPI R. BY WINONA,4.397455890234587,,Final,,augmented_copy1_jitter1d
2019-03-27,Phosphorus,0.2364,mg/L,,MNPCA-S000-096,MISSISSIPPI R. BY WINONA,4.397455890234587,,Final,,augmented_copy2_jitter2d
2019-03-24,Phosphorus,0.2385,mg/L,,MNPCA-S000-096,MISSISSIPPI R. BY WINONA,4.397455890234587,,Final,,augmented_copy3_jitter-1d
2019-03-26,Phosphorus,0.2503,mg/L,,MNPCA-S000-096,MISSISSIPPI R. BY WINONA,4.397455890234587,,Final,,augmented_copy1_jitter-3d
2019-03-30,Phosphorus,0.2504,mg/L,,MNPCA-S000-096,MISSISSIPPI R. BY WINONA,4.397455890234587,,Final,,augmented_copy2_jitter1d
2019-03-28,Phosphorus,0.2488,mg/L,,MNPCA-S000-096,MISSISSIPPI R. BY WINONA,4.397455890234587,,Final,,augmented_copy3_jitter-1d
2019-03-27,Dissolved oxygen (DO),11.2483,mg/L,,MNPCA-S000-096,MISSISSIPPI R. BY WINONA,4.397455890234587,,Final,,augmented_copy1_jitter-2d
2019-04-01,Dissolved oxygen (DO),10.894,mg/L,,MNPCA-S000-096,MISSISSIPPI R. BY WINONA,4.397455890234587,,Final,,augmented_copy2_jitter3d
2019-03-26,Dissolved oxygen (DO),11.0683,mg/L,,MNPCA-S000-096,MISSISSIPPI R. BY WINONA,4.397455890234587,,Final,,augmented_copy3_jitter-3d
2019-04-04,Phosphorus,0.2163,mg/L,,MNPCA-S000-096,MISSISSIPPI R. BY WINONA,4.397455890234587,,Final,,augmented_copy1_jitter1d
2019-04-04,Phosphorus,0.217,mg/L,,MNPCA-S000-096,MISSISSIPPI R. BY WINONA,4.397455890234587,,Final,,augmented_copy2_jitter1d
2019-03-31,Phosphorus,0.2135,mg/L,,MNPCA-S000-096,MISSISSIPPI R. BY WINONA,4.397455890234587,,Final,,augmented_copy3_jitter-3d
2019-04-17,Phosphorus,0.2195,mg/L,,MNPCA-S000-096,MISSISSIPPI R. BY WINONA,4.397455890234587,,Final,,augmented_copy1_jitter2d
2019-04-16,Phosphorus,0.2207,mg/L,,MNPCA-S000-096,MISSISSIPPI R. BY WINONA,4.397455890234587,,Final,,augmented_copy2_jitter1d
2019-04-17,Phosphorus,0.2214,mg/L,,MNPCA-S000-096,MISSISSIPPI R. BY WINONA,4.397455890234587,,Final,,augmented_copy3_jitter2d
2019-04-19,Phosphorus,0.1534,mg/L,,MNPCA-S000-096,MISSISSIPPI R. BY WINONA,4.397455890234587,,Final,,augmented_copy1_jitter3d
2019-04-14,Phosphorus,0.1515,mg/L,,MNPCA-S000-096,MISSISSIPPI R. BY WINONA,4.397455890234587,,Final,,augmented_copy2_jitter-2d
2019-04-15,Phosphorus,0.1525,mg/L,,MNPCA-S000-096,MISSISSIPPI R. BY WINONA,4.397455890234587,,Final,,augmented_copy3_jitter-1d
2019-04-24,Phosphorus,0.129,mg/L,,MNPCA-S000-096,MISSISSIPPI R. BY WINONA,4.397455890234587,,Final,,augmented_copy1_jitter2d
2019-04-25,Phosphorus,0.1213,mg/L,,MNPCA-S000-096,MISSISSIPPI R. BY WINONA,4.397455890234587,,Final,,augmented_copy2_jitter3d
2019-04-20,Phosphorus,0.1303,mg/L,,MNPCA-S000-096,MISSISSIPPI R. BY WINONA,4.397455890234587,,Final,,augmented_copy3_jitter-2d
2019-05-01,Dissolved oxygen (DO),10.9461,mg/L,,MNPCA-S000-096,MISSISSIPPI R. BY WINONA,4.397455890234587,,Final,,augmented_copy1_jitter-1d
2019-05-05,Dissolved oxygen (DO),10.8652,mg/L,,MNPCA-S000-096,MISSISSIPPI R. BY WINONA,4.397455890234587,,Final,,augmented_copy2_jitter3d
2019-04-29,Dissolved oxygen (DO),11.131,mg/L,,MNPCA-S000-096,MISSISSIPPI R. BY WINONA,4.397455890234587,,Final,,augmented_copy3_jitter-3d
2019-05-05,Phosphorus,0.0911,mg/L,,MNPCA-S000-096,MISSISSIPPI R. BY WINONA,4.397455890234587,,Final,,augmented_copy1_jitter3d
2019-05-04,Phosphorus,0.0928,mg/L,,MNPCA-S000-096,MISSISSIPPI R. BY WINONA,4.397455890234587,,Final,,augmented_copy2_jitter2d
2019-05-03,Phosphorus,0.0925,mg/L,,MNPCA-S000-096,MISSISSIPPI R. BY WINONA,4.397455890234587,,Final,,augmented_copy3_jitter1d
2019-05-07,Phosphorus,0.0857,mg/L,,MNPCA-S000-096,MISSISSIPPI R. BY WINONA,4.397455890234587,,Final,,augmented_copy1_jitter-2d
2019-05-06,Phosphorus,0.0872,mg/L,,MNPCA-S000-096,MISSISSIPPI R. BY WINONA,4.397455890234587,,Final,,augmented_copy2_jitter-3d
2019-05-08,Phosphorus,0.0878,mg/L,,MNPCA-S000-096,MISSISSIPPI R. BY WINONA,4.397455890234587,,Final,,augmented_copy3_jitter-1d
2019-05-23,Phosphorus,0.067,mg/L,,MNPCA-S000-096,MISSISSIPPI R. BY WINONA,4.397455890234587,,Final,,augmented_copy1_jitter3d
2019-05-22,Phosphorus,0.0676,mg/L,,MNPCA-S000-096,MISSISSIPPI R. BY WINONA,4.397455890234587,,Final,,augmented_copy2_jitter2d
2019-05-21,Phosphorus,0.0637,mg/L,,MNPCA-S000-096,MISSISSIPPI R. BY WINONA,4.397455890234587,,Final,,augmented_copy3_jitter1d
2019-05-29,Phosphorus,0.0939,mg/L,,MNPCA-S000-096,MISSISSIPPI R. BY WINONA,4.397455890234587,,Final,,augmented_copy1_jitter-1d
2019-06-02,Phosphorus,0.0935,mg/L,,MNPCA-S000-096,MISSISSIPPI R. BY WINONA,4.397455890234587,,Final,,augmented_copy2_jitter3d
2019-06-01,Phosphorus,0.0982,mg/L,,MNPCA-S000-096,MISSISSIPPI R. BY WINONA,4.397455890234587,,Final,,augmented_copy3_jitter2d
2019-06-05,Phosphorus,0.0867,mg/L,,MNPCA-S000-096,MISSISSIPPI R. BY WINONA,4.397455890234587,,Final,,augmented_copy1_jitter2d
2019-06-05,Phosphorus,0.0897,mg/L,,MNPCA-S000-096,MISSISSIPPI R. BY WINONA,4.397455890234587,,Final,,augmented_copy2_jitter2d
2019-06-06,Phosphorus,0.0855,mg/L,,MNPCA-S000-096,MISSISSIPPI R. BY WINONA,4.397455890234587,,Final,,augmented_copy3_jitter3d
2019-05-31,Phosphorus,0.0661,mg/L,,MNPCA-S000-096,MISSISSIPPI R. BY WINONA,4.397455890234587,,Final,,augmented_copy1_jitter-3d
2019-06-01,Phosphorus,0.0657,mg/L,,MNPCA-S000-096,MISSISSIPPI R. BY WINONA,4.397455890234587,,Final,,augmented_copy2_jitter-2d
2019-06-01,Phosphorus,0.0648,mg/L,,MNPCA-S000-096,MISSISSIPPI R. BY WINONA,4.397455890234587,,Final,,augmented_copy3_jitter-2d
2019-06-15,Phosphorus,0.1,mg/L,,MNPCA-S000-096,MISSISSIPPI R. BY WINONA,4.397455890234587,,Final,,augmented_copy1_jitter-2d
2019-06-15,Phosphorus,0.0944,mg/L,,MNPCA-S000-096,MISSISSIPPI R. BY WINONA,4.397455890234587,,Final,,augmented_copy2_jitter-2d
2019-06-16,Phosphorus,0.0973,mg/L,,MNPCA-S000-096,MISSISSIPPI R. BY WINONA,4.397455890234587,,Final,,augmented_copy3_jitter-1d
2019-06-30,Phosphorus,0.1564,mg/L,,MNPCA-S000-096,MISSISSIPPI R. BY WINONA,4.397455890234587,,Final,,augmented_copy1_jitter-2d
2019-07-05,Phosphorus,0.1564,mg/L,,MNPCA-S000-096,MISSISSIPPI R. BY WINONA,4.397455890234587,,Final,,augmented_copy2_jitter3d
2019-07-05,Phosphorus,0.1544,mg/L,,MNPCA-S000-096,MISSISSIPPI R. BY WINONA,4.397455890234587,,Final,,augmented_copy3_jitter3d
2019-07-21,Phosphorus,0.1642,mg/L,,MNPCA-S000-096,MISSISSIPPI R. BY WINONA,4.397455890234587,,Final,,augmented_copy1_jitter-2d
2019-07-21,Phosphorus,0.1681,mg/L,,MNPCA-S000-096,MISSISSIPPI R. BY WINONA,4.397455890234587,,Final,,augmented_copy2_jitter-2d
2019-07-26,Phosphorus,0.1686,mg/L,,MNPCA-S000-096,MISSISSIPPI R. BY WINONA,4.397455890234587,,Final,,augmented_copy3_jitter3d
2019-08-09,Phosphorus,0.1233,mg/L,,MNPCA-S000-096,MISSISSIPPI R. BY WINONA,4.397455890234587,,Final,,augmented_copy1_jitter2d
2019-08-06,Phosphorus,0.1229,mg/L,,MNPCA-S000-096,MISSISSIPPI R. BY WINONA,4.397455890234587,,Final,,augmented_copy2_jitter-1d
2019-08-08,Phosphorus,0.1197,mg/L,,MNPCA-S000-096,MISSISSIPPI R. BY WINONA,4.397455890234587,,Final,,augmented_copy3_jitter1d
2019-08-19,Phosphorus,0.1236,mg/L,,MNPCA-S000-096,MISSISSIPPI R. BY WINONA,4.397455890234587,,Final,,augmented_copy1_jitter-2d
2019-08-19,Phosphorus,0.1261,mg/L,,MNPCA-S000-096,MISSISSIPPI R. BY WINONA,4.397455890234587,,Final,,augmented_copy2_jitter-2d
2019-08-20,Phosphorus,0.1246,mg/L,,MNPCA-S000-096,MISSISSIPPI R. BY WINONA,4.397455890234587,,Final,,augmented_copy3_jitter-1d
2019-08-28,Phosphorus,0.1419,mg/L,,MNPCA-S000-096,MISSISSIPPI R. BY WINONA,4.397455890234587,,Final,,augmented_copy1_jitter1d
2019-08-28,Phosphorus,0.1414,mg/L,,MNPCA-S000-096,MISSISSIPPI R. BY WINONA,4.397455890234587,,Final,,augmented_copy2_jitter1d
2019-08-25,Phosphorus,0.1432,mg/L,,MNPCA-S000-096,MISSISSIPPI R. BY WINONA,4.397455890234587,,Final,,augmented_copy3_jitter-2d
2019-09-16,Phosphorus,0.1641,mg/L,,MNPCA-S000-096,MISSISSIPPI R. BY WINONA,4.397455890234587,,Final,,augmented_copy1_jitter3d
2019-09-16,Phosphorus,0.166,mg/L,,MNPCA-S000-096,MISSISSIPPI R. BY WINONA,4.397455890234587,,Final,,augmented_copy2_jitter3d
2019-09-11,Phosphorus,0.1709,mg/L,,MNPCA-S000-096,MISSISSIPPI R. BY WINONA,4.397455890234587,,Final,,augmented_copy3_jitter-2d
2019-09-20,Phosphorus,0.1436,mg/L,,MNPCA-S000-096,MISSISSIPPI R. BY WINONA,4.397455890234587,,Final,,augmented_copy1_jitter1d
2019-09-18,Phosphorus,0.1429,mg/L,,MNPCA-S000-096,MISSISSIPPI R. BY WINONA,4.397455890234587,,Final,,augmented_copy2_jitter-1d
2019-09-16,Phosphorus,0.1384,mg/L,,MNPCA-S000-096,MISSISSIPPI R. BY WINONA,4.397455890234587,,Final,,augmented_copy3_jitter-3d
2019-09-20,Phosphorus,0.1689,mg/L,,MNPCA-S000-096,MISSISSIPPI R. BY WINONA,4.397455890234587,,Final,,augmented_copy1_jitter-3d
2019-09-25,Phosphorus,0.1695,mg/L,,MNPCA-S000-096,MISSISSIPPI R. BY WINONA,4.397455890234587,,Final,,augmented_copy2_jitter2d
2019-09-26,Phosphorus,0.1722,mg/L,,MNPCA-S000-096,MISSISSIPPI R. BY WINONA,4.397455890234587,,Final,,augmented_copy3_jitter3d
2019-10-07,Phosphorus,0.1473,mg/L,,MNPCA-S000-096,MISSISSIPPI R. BY WINONA,4.397455890234587,,Final,,augmented_copy1_jitter3d
2019-10-02,Phosphorus,0.1465,mg/L,,MNPCA-S000-096,MISSISSIPPI R. BY WINONA,4.397455890234587,,Final,,augmented_copy2_jitter-2d
2019-10-02,Phosphorus,0.144,mg/L,,MNPCA-S000-096,MISSISSIPPI R. BY WINONA,4.397455890234587,,Final,,augmented_copy3_jitter-2d
2019-10-10,Phosphorus,0.1434,mg/L,,MNPCA-S000-096,MISSISSIPPI R. BY WINONA,4.397455890234587,,Final,,augmented_copy1_jitter3d
2019-10-08,Phosphorus,0.1423,mg/L,,MNPCA-S000-096,MISSISSIPPI R. BY WINONA,4.397455890234587,,Final,,augmented_copy2_jitter1d
2019-10-09,Phosphorus,0.1446,mg/L,,MNPCA-S000-096,MISSISSIPPI R. BY WINONA,4.397455890234587,,Final,,augmented_copy3_jitter2d
2019-10-13,Phosphorus,0.1402,mg/L,,MNPCA-S000-096,MISSISSIPPI R. BY WINONA,4.397455890234587,,Final,,augmented_copy1_jitter2d
2019-10-08,Phosphorus,0.1336,mg/L,,MNPCA-S000-096,MISSISSIPPI R. BY WINONA,4.397455890234587,,Final,,augmented_copy2_jitter-3d
2019-10-14,Phosphorus,0.1342,mg/L,,MNPCA-S000-096,MISSISSIPPI R. BY WINONA,4.397455890234587,,Final,,augmented_copy3_jitter3d
2019-10-20,Phosphorus,0.1466,mg/L,,MNPCA-S000-096,MISSISSIPPI R. BY WINONA,4.397455890234587,,Final,,augmented_copy1_jitter-1d
2019-10-23,Phosphorus,0.1469,mg/L,,MNPCA-S000-096,MISSISSIPPI R. BY WINONA,4.397455890234587,,Final,,augmented_copy2_jitter2d
2019-10-19,Phosphorus,0.1472,mg/L,,MNPCA-S000-096,MISSISSIPPI R. BY WINONA,4.397455890234587,,Final,,augmented_copy3_jitter-2d
2019-11-18,Phosphorus,0.0683,mg/L,,MNPCA-S000-096,MISSISSIPPI R. BY WINONA,4.397455890234587,,Final,,augmented_copy1_jitter-1d
2019-11-21,Phosphorus,0.068,mg/L,,MNPCA-S000-096,MISSISSIPPI R. BY WINONA,4.397455890234587,,Final,,augmented_copy2_jitter2d
2019-11-16,Phosphorus,0.0662,mg/L,,MNPCA-S000-096,MISSISSIPPI R. BY WINONA,4.397455890234587,,Final,,augmented_copy3_jitter-3d
2019-12-20,Phosphorus,0.0548,mg/L,,MNPCA-S000-096,MISSISSIPPI R. BY WINONA,4.397455890234587,,Final,,augmented_copy1_jitter2d
2019-12-20,Phosphorus,0.0507,mg/L,,MNPCA-S000-096,MISSISSIPPI R. BY WINONA,4.397455890234587,,Final,,augmented_copy2_jitter2d
2019-12-21,Phosphorus,0.0479,mg/L,,MNPCA-S000-096,MISSISSIPPI R. BY WINONA,4.397455890234587,,Final,,augmented_copy3_jitter3d
2020-01-10,Phosphorus,0.0543,mg/L,,MNPCA-S000-096,MISSISSIPPI R. BY WINONA,4.397455890234587,,Final,,augmented_copy1_jitter2d
2020-01-10,Phosphorus,0.0575,mg/L,,MNPCA-S000-096,MISSISSIPPI R. BY WINONA,4.397455890234587,,Final,,augmented_copy2_jitter2d
2020-01-05,Phosphorus,0.0599,mg/L,,MNPCA-S000-096,MISSISSIPPI R. BY WINONA,4.397455890234587,,Final,,augmented_copy3_jitter-3d
2020-02-24,Phosphorus,0.0536,mg/L,,MNPCA-S000-096,MISSISSIPPI R. BY WINONA,4.397455890234587,,Final,,augmented_copy1_jitter-1d
2020-02-23,Phosphorus,0.0528,mg/L,,MNPCA-S000-096,MISSISSIPPI R. BY WINONA,4.397455890234587,,Final,,augmented_copy2_jitter-2d
2020-02-23,Phosphorus,0.0517,mg/L,,MNPCA-S000-096,MISSISSIPPI R. BY WINONA,4.397455890234587,,Final,,augmented_copy3_jitter-2d
2020-03-11,Phosphorus,0.0533,mg/L,,MNPCA-S000-096,MISSISSIPPI R. BY WINONA,4.397455890234587,,Final,,augmented_copy1_jitter2d
2020-03-07,Phosphorus,0.0538,mg/L,,MNPCA-S000-096,MISSISSIPPI R. BY WINONA,4.397455890234587,,Final,,augmented_copy2_jitter-2d
2020-03-11,Phosphorus,0.0524,mg/L,,MNPCA-S000-096,MISSISSIPPI R. BY WINONA,4.397455890234587,,Final,,augmented_copy3_jitter2d
2020-03-09,Phosphorus,0.0682,mg/L,,MNPCA-S000-096,MISSISSIPPI R. BY WINONA,4.397455890234587,,Final,,augmented_copy1_jitter-3d
2020-03-11,Phosphorus,0.0708,mg/L,,MNPCA-S000-096,MISSISSIPPI R. BY WINONA,4.397455890234587,,Final,,augmented_copy2_jitter-1d
2020-03-14,Phosphorus,0.0769,mg/L,,MNPCA-S000-096,MISSISSIPPI R. BY WINONA,4.397455890234587,,Final,,augmented_copy3_jitter2d
2020-03-15,Phosphorus,0.1614,mg/L,,MNPCA-S000-096,MISSISSIPPI R. BY WINONA,4.397455890234587,,Final,,augmented_copy1_jitter-1d
2020-03-19,Phosphorus,0.1604,mg/L,,MNPCA-S000-096,MISSISSIPPI R. BY WINONA,4.397455890234587,,Final,,augmented_copy2_jitter3d
2020-03-19,Phosphorus,0.161,mg/L,,MNPCA-S000-096,MISSISSIPPI R. BY WINONA,4.397455890234587,,Final,,augmented_copy3_jitter3d
2020-03-16,Phosphorus,0.1759,mg/L,,MNPCA-S000-096,MISSISSIPPI R. BY WINONA,4.397455890234587,,Final,,augmented_copy1_jitter-3d
2020-03-18,Phosphorus,0.1761,mg/L,,MNPCA-S000-096,MISSISSIPPI R. BY WINONA,4.397455890234587,,Final,,augmented_copy2_jitter-1d
2020-03-21,Phosphorus,0.1757,mg/L,,MNPCA-S000-096,MISSISSIPPI R. BY WINONA,4.397455890234587,,Final,,augmented_copy3_jitter2d
2020-05-14,Phosphorus,0.052,mg/L,,MNPCA-S000-096,MISSISSIPPI R. BY WINONA,4.397455890234587,,Final,,augmented_copy1_jitter1d
2020-05-10,Phosphorus,0.0519,mg/L,,MNPCA-S000-096,MISSISSIPPI R. BY WINONA,4.397455890234587,,Final,,augmented_copy2_jitter-3d
2020-05-10,Phosphorus,0.0504,mg/L,,MNPCA-S000-096,MISSISSIPPI R. BY WINONA,4.397455890234587,,Final,,augmented_copy3_jitter-3d
2020-05-17,Phosphorus,0.0799,mg/L,,MNPCA-S000-096,MISSISSIPPI R. BY WINONA,4.397455890234587,,Final,,augmented_copy1_jitter-2d
2020-05-22,Phosphorus,0.0813,mg/L,,MNPCA-S000-096,MISSISSIPPI R. BY WINONA,4.397455890234587,,Final,,augmented_copy2_jitter3d
2020-05-21,Phosphorus,0.0771,mg/L,,MNPCA-S000-096,MISSISSIPPI R. BY WINONA,4.397455890234587,,Final,,augmented_copy3_jitter2d
2020-05-31,Phosphorus,0.1139,mg/L,,MNPCA-S000-096,MISSISSIPPI R. BY WINONA,4.397455890234587,,Final,,augmented_copy1_jitter2d
2020-06-01,Phosphorus,0.1153,mg/L,,MNPCA-S000-096,MISSISSIPPI R. BY WINONA,4.397455890234587,,Final,,augmented_copy2_jitter3d
2020-05-30,Phosphorus,0.1135,mg/L,,MNPCA-S000-096,MISSISSIPPI R. BY WINONA,4.397455890234587,,Final,,augmented_copy3_jitter1d
2020-06-07,Phosphorus,0.0729,mg/L,,MNPCA-S000-096,MISSISSIPPI R. BY WINONA,4.397455890234587,,Final,,augmented_copy1_jitter-1d
2020-06-05,Phosphorus,0.0741,mg/L,,MNPCA-S000-096,MISSISSIPPI R. BY WINONA,4.397455890234587,,Final,,augmented_copy2_jitter-3d
2020-06-05,Phosphorus,0.0765,mg/L,,MNPCA-S000-096,MISSISSIPPI R. BY WINONA,4.397455890234587,,Final,,augmented_copy3_jitter-3d
2020-06-16,Phosphorus,0.1042,mg/L,,MNPCA-S000-096,MISSISSIPPI R. BY WINONA,4.397455890234587,,Final,,augmented_copy1_jitter1d
2020-06-14,Phosphorus,0.109,mg/L,,MNPCA-S000-096,MISSISSIPPI R. BY WINONA,4.397455890234587,,Final,,augmented_copy2_jitter-1d
2020-06-18,Phosphorus,0.1082,mg/L,,MNPCA-S000-096,MISSISSIPPI R. BY WINONA,4.397455890234587,,Final,,augmented_copy3_jitter3d
2020-06-23,Phosphorus,0.0815,mg/L,,MNPCA-S000-096,MISSISSIPPI R. BY WINONA,4.397455890234587,,Final,,augmented_copy1_jitter-1d
2020-06-26,Phosphorus,0.0825,mg/L,,MNPCA-S000-096,MISSISSIPPI R. BY WINONA,4.397455890234587,,Final,,augmented_copy2_jitter2d
2020-06-23,Phosphorus,0.0847,mg/L,,MNPCA-S000-096,MISSISSIPPI R. BY WINONA,4.397455890234587,,Final,,augmented_copy3_jitter-1d
2020-07-14,Phosphorus,0.1393,mg/L,,MNPCA-S000-096,MISSISSIPPI R. BY WINONA,4.397455890234587,,Final,,augmented_copy1_jitter-1d
2020-07-12,Phosphorus,0.137,mg/L,,MNPCA-S000-096,MISSISSIPPI R. BY WINONA,4.397455890234587,,Final,,augmented_copy2_jitter-3d
2020-07-17,Phosphorus,0.1386,mg/L,,MNPCA-S000-096,MISSISSIPPI R. BY WINONA,4.397455890234587,,Final,,augmented_copy3_jitter2d
2020-08-07,Phosphorus,0.1216,mg/L,,MNPCA-S000-096,MISSISSIPPI R. BY WINONA,4.397455890234587,,Final,,augmented_copy1_jitter3d
2020-08-02,Phosphorus,0.121,mg/L,,MNPCA-S000-096,MISSISSIPPI R. BY WINONA,4.397455890234587,,Final,,augmented_copy2_jitter-2d
2020-08-01,Phosphorus,0.1213,mg/L,,MNPCA-S000-096,MISSISSIPPI R. BY WINONA,4.397455890234587,,Final,,augmented_copy3_jitter-3d
2020-08-12,Phosphorus,0.1145,mg/L,,MNPCA-S000-096,MISSISSIPPI R. BY WINONA,4.397455890234587,,Final,,augmented_copy1_jitter1d
2020-08-08,Phosphorus,0.1154,mg/L,,MNPCA-S000-096,MISSISSIPPI R. BY WINONA,4.397455890234587,,Final,,augmented_copy2_jitter-3d
2020-08-14,Phosphorus,0.1175,mg/L,,MNPCA-S000-096,MISSISSIPPI R. BY WINONA,4.397455890234587,,Final,,augmented_copy3_jitter3d
2020-08-15,Phosphorus,0.1394,mg/L,,MNPCA-S000-096,MISSISSIPPI R. BY WINONA,4.397455890234587,,Final,,augmented_copy1_jitter-3d
2020-08-16,Phosphorus,0.1372,mg/L,,MNPCA-S000-096,MISSISSIPPI R. BY WINONA,4.397455890234587,,Final,,augmented_copy2_jitter-2d
2020-08-16,Phosphorus,0.1389,mg/L,,MNPCA-S000-096,MISSISSIPPI R. BY WINONA,4.397455890234587,,Final,,augmented_copy3_jitter-2d
2020-09-16,Phosphorus,0.131,mg/L,,MNPCA-S000-096,MISSISSIPPI R. BY WINONA,4.397455890234587,,Final,,augmented_copy1_jitter1d
2020-09-14,Phosphorus,0.1328,mg/L,,MNPCA-S000-096,MISSISSIPPI R. BY WINONA,4.397455890234587,,Final,,augmented_copy2_jitter-1d
2020-09-13,Phosphorus,0.1376,mg/L,,MNPCA-S000-096,MISSISSIPPI R. BY WINONA,4.397455890234587,,Final,,augmented_copy3_jitter-2d
2020-10-04,Phosphorus,0.0866,mg/L,,MNPCA-S000-096,MISSISSIPPI R. BY WINONA,4.397455890234587,,Final,,augmented_copy1_jitter-2d
2020-10-08,Phosphorus,0.0845,mg/L,,MNPCA-S000-096,MISSISSIPPI R. BY WINONA,4.397455890234587,,Final,,augmented_copy2_jitter2d
2020-10-09,Phosphorus,0.0814,mg/L,,MNPCA-S000-096,MISSISSIPPI R. BY WINONA,4.397455890234587,,Final,,augmented_copy3_jitter3d
2020-10-25,Phosphorus,0.0682,mg/L,,MNPCA-S000-096,MISSISSIPPI R. BY WINONA,4.397455890234587,,Final,,augmented_copy1_jitter-2d
2020-10-28,Phosphorus,0.0679,mg/L,,MNPCA-S000-096,MISSISSIPPI R. BY WINONA,4.397455890234587,,Final,,augmented_copy2_jitter1d
2020-10-29,Phosphorus,0.0684,mg/L,,MNPCA-S000-096,MISSISSIPPI R. BY WINONA,4.397455890234587,,Final,,augmented_copy3_jitter2d
2020-12-11,Phosphorus,0.0397,mg/L,,MNPCA-S000-096,MISSISSIPPI R. BY WINONA,4.397455890234587,,Final,,augmented_copy1_jitter2d
2020-12-10,Phosphorus,0.0425,mg/L,,MNPCA-S000-096,MISSISSIPPI R. BY WINONA,4.397455890234587,,Final,,augmented_copy2_jitter1d
2020-12-11,Phosphorus,0.042,mg/L,,MNPCA-S000-096,MISSISSIPPI R. BY WINONA,4.397455890234587,,Final,,augmented_copy3_jitter2d
2021-01-21,Phosphorus,0.0425,mg/L,,MNPCA-S000-096,MISSISSIPPI R. BY WINONA,4.397455890234587,,Final,,augmented_copy1_jitter1d
2021-01-23,Phosphorus,0.0438,mg/L,,MNPCA-S000-096,MISSISSIPPI R. BY WINONA,4.397455890234587,,Final,,augmented_copy2_jitter3d
2021-01-17,Phosphorus,0.044,mg/L,,MNPCA-S000-096,MISSISSIPPI R. BY WINONA,4.397455890234587,,Final,,augmented_copy3_jitter-3d
2021-02-04,Phosphorus,0.0434,mg/L,,MNPCA-S000-096,MISSISSIPPI R. BY WINONA,4.397455890234587,,Final,,augmented_copy1_jitter2d
2021-02-05,Phosphorus,0.0426,mg/L,,MNPCA-S000-096,MISSISSIPPI R. BY WINONA,4.397455890234587,,Final,,augmented_copy2_jitter3d
2021-01-30,Phosphorus,0.0455,mg/L,,MNPCA-S000-096,MISSISSIPPI R. BY WINONA,4.397455890234587,,Final,,augmented_copy3_jitter-3d
2021-02-23,Phosphorus,0.0417,mg/L,,MNPCA-S000-096,MISSISSIPPI R. BY WINONA,4.397455890234587,,Final,,augmented_copy1_jitter-1d
2021-02-25,Phosphorus,0.0404,mg/L,,MNPCA-S000-096,MISSISSIPPI R. BY WINONA,4.397455890234587,,Final,,augmented_copy2_jitter1d
2021-02-23,Phosphorus,0.0412,mg/L,,MNPCA-S000-096,MISSISSIPPI R. BY WINONA,4.397455890234587,,Final,,augmented_copy3_jitter-1d
2021-03-11,Phosphorus,0.0699,mg/L,,MNPCA-S000-096,MISSISSIPPI R. BY WINONA,4.397455890234587,,Final,,augmented_copy1_jitter2d
2021-03-11,Phosphorus,0.0744,mg/L,,MNPCA-S000-096,MISSISSIPPI R. BY WINONA,4.397455890234587,,Final,,augmented_copy2_jitter2d
2021-03-12,Phosphorus,0.0768,mg/L,,MNPCA-S000-096,MISSISSIPPI R. BY WINONA,4.397455890234587,,Final,,augmented_copy3_jitter3d
2021-03-14,Phosphorus,0.092,mg/L,,MNPCA-S000-096,MISSISSIPPI R. BY WINONA,4.397455890234587,,Final,,augmented_copy1_jitter-2d
2021-03-14,Phosphorus,0.0927,mg/L,,MNPCA-S000-096,MISSISSIPPI R. BY WINONA,4.397455890234587,,Final,,augmented_copy2_jitter-2d
2021-03-18,Phosphorus,0.0957,mg/L,,MNPCA-S000-096,MISSISSIPPI R. BY WINONA,4.397455890234587,,Final,,augmented_copy3_jitter2d
2021-03-27,Phosphorus,0.1115,mg/L,,MNPCA-S000-096,MISSISSIPPI R. BY WINONA,4.397455890234587,,Final,,augmented_copy1_jitter-3d
2021-04-01,Phosphorus,0.1013,mg/L,,MNPCA-S000-096,MISSISSIPPI R. BY WINONA,4.397455890234587,,Final,,augmented_copy2_jitter2d
2021-03-28,Phosphorus,0.1076,mg/L,,MNPCA-S000-096,MISSISSIPPI R. BY WINONA,4.397455890234587,,Final,,augmented_copy3_jitter-2d
2021-04-13,Phosphorus,0.1091,mg/L,,MNPCA-S000-096,MISSISSIPPI R. BY WINONA,4.397455890234587,,Final,,augmented_copy1_jitter1d
2021-04-11,Phosphorus,0.1061,mg/L,,MNPCA-S000-096,MISSISSIPPI R. BY WINONA,4.397455890234587,,Final,,augmented_copy2_jitter-1d
2021-04-15,Phosphorus,0.1098,mg/L,,MNPCA-S000-096,MISSISSIPPI R. BY WINONA,4.397455890234587,,Final,,augmented_copy3_jitter3d
2021-04-15,Phosphorus,0.0729,mg/L,,MNPCA-S000-096,MISSISSIPPI R. BY WINONA,4.397455890234587,,Final,,augmented_copy1_jitter2d
2021-04-15,Phosphorus,0.0686,mg/L,,MNPCA-S000-096,MISSISSIPPI R. BY WINONA,4.397455890234587,,Final,,augmented_copy2_jitter2d
2021-04-12,Phosphorus,0.0706,mg/L,,MNPCA-S000-096,MISSISSIPPI R. BY WINONA,4.397455890234587,,Final,,augmented_copy3_jitter-1d
2021-04-18,Phosphorus,0.0742,mg/L,,MNPCA-S000-096,MISSISSIPPI R. BY WINONA,4.397455890234587,,Final,,augmented_copy1_jitter-3d
2021-04-24,Phosphorus,0.0701,mg/L,,MNPCA-S000-096,MISSISSIPPI R. BY WINONA,4.397455890234587,,Final,,augmented_copy2_jitter3d
2021-04-22,Phosphorus,0.0775,mg/L,,MNPCA-S000-096,MISSISSIPPI R. BY WINONA,4.397455890234587,,Final,,augmented_copy3_jitter1d
2021-04-28,Phosphorus,0.0531,mg/L,,MNPCA-S000-096,MISSISSIPPI R. BY WINONA,4.397455890234587,,Final,,augmented_copy1_jitter1d
2021-04-30,Phosphorus,0.0564,mg/L,,MNPCA-S000-096,MISSISSIPPI R. BY WINONA,4.397455890234587,,Final,,augmented_copy2_jitter3d
2021-04-28,Phosphorus,0.055,mg/L,,MNPCA-S000-096,MISSISSIPPI R. BY WINONA,4.397455890234587,,Final,,augmented_copy3_jitter1d
2021-04-30,Dissolved oxygen (DO),11.386,mg/L,,MNPCA-S000-096,MISSISSIPPI R. BY WINONA,4.397455890234587,,Final,stream field measurements,augmented_copy1_jitter2d
2021-05-01,Dissolved oxygen (DO),11.1714,mg/L,,MNPCA-S000-096,MISSISSIPPI R. BY WINONA,4.397455890234587,,Final,stream field measurements,augmented_copy2_jitter3d
2021-04-26,Dissolved oxygen (DO),11.2051,mg/L,,MNPCA-S000-096,MISSISSIPPI R. BY WINONA,4.397455890234587,,Final,stream field measurements,augmented_copy3_jitter-2d
2021-05-16,Phosphorus,0.0499,mg/L,,MNPCA-S000-096,MISSISSIPPI R. BY WINONA,4.397455890234587,,Final,,augmented_copy1_jitter-2d
2021-05-20,Phosphorus,0.0488,mg/L,,MNPCA-S000-096,MISSISSIPPI R. BY WINONA,4.397455890234587,,Final,,augmented_copy2_jitter2d
2021-05-17,Phosphorus,0.0454,mg/L,,MNPCA-S000-096,MISSISSIPPI R. BY WINONA,4.397455890234587,,Final,,augmented_copy3_jitter-1d
2021-06-05,Phosphorus,0.0727,mg/L,,MNPCA-S000-096,MISSISSIPPI R. BY WINONA,4.397455890234587,,Final,,augmented_copy1_jitter3d
2021-05-30,Phosphorus,0.0773,mg/L,,MNPCA-S000-096,MISSISSIPPI R. BY WINONA,4.397455890234587,,Final,,augmented_copy2_jitter-3d
2021-05-30,Phosphorus,0.0769,mg/L,,MNPCA-S000-096,MISSISSIPPI R. BY WINONA,4.397455890234587,,Final,,augmented_copy3_jitter-3d
2021-06-18,Phosphorus,0.0757,mg/L,,MNPCA-S000-096,MISSISSIPPI R. BY WINONA,4.397455890234587,,Final,,augmented_copy1_jitter2d
2021-06-18,Phosphorus,0.077,mg/L,,MNPCA-S000-096,MISSISSIPPI R. BY WINONA,4.397455890234587,,Final,,augmented_copy2_jitter2d
2021-06-18,Phosphorus,0.0799,mg/L,,MNPCA-S000-096,MISSISSIPPI R. BY WINONA,4.397455890234587,,Final,,augmented_copy3_jitter2d
2021-06-28,Dissolved oxygen (DO),7.3046,mg/L,,MNPCA-S000-096,MISSISSIPPI R. BY WINONA,4.397455890234587,,Final,stream field measurements,augmented_copy1_jitter-3d
2021-07-03,Dissolved oxygen (DO),7.3922,mg/L,,MNPCA-S000-096,MISSISSIPPI R. BY WINONA,4.397455890234587,,Final,stream field measurements,augmented_copy2_jitter2d
2021-07-04,Dissolved oxygen (DO),7.5079,mg/L,,MNPCA-S000-096,MISSISSIPPI R. BY WINONA,4.397455890234587,,Final,stream field measurements,augmented_copy3_jitter3d
2021-07-11,Phosphorus,0.1511,mg/L,,MNPCA-S000-096,MISSISSIPPI R. BY WINONA,4.397455890234587,,Final,,augmented_copy1_jitter-3d
2021-07-17,Phosphorus,0.1454,mg/L,,MNPCA-S000-096,MISSISSIPPI R. BY WINONA,4.397455890234587,,Final,,augmented_copy2_jitter3d
2021-07-12,Phosphorus,0.1437,mg/L,,MNPCA-S000-096,MISSISSIPPI R. BY WINONA,4.397455890234587,,Final,,augmented_copy3_jitter-2d
2021-07-31,Phosphorus,0.1141,mg/L,,MNPCA-S000-096,MISSISSIPPI R. BY WINONA,4.397455890234587,,Final,,augmented_copy1_jitter-3d
2021-08-05,Phosphorus,0.115,mg/L,,MNPCA-S000-096,MISSISSIPPI R. BY WINONA,4.397455890234587,,Final,,augmented_copy2_jitter2d
2021-07-31,Phosphorus,0.1135,mg/L,,MNPCA-S000-096,MISSISSIPPI R. BY WINONA,4.397455890234587,,Final,,augmented_copy3_jitter-3d
2021-08-26,Phosphorus,0.1408,mg/L,,MNPCA-S000-096,MISSISSIPPI R. BY WINONA,4.397455890234587,,Final,,augmented_copy1_jitter3d
2021-08-20,Phosphorus,0.144,mg/L,,MNPCA-S000-096,MISSISSIPPI R. BY WINONA,4.397455890234587,,Final,,augmented_copy2_jitter-3d
2021-08-21,Phosphorus,0.1449,mg/L,,MNPCA-S000-096,MISSISSIPPI R. BY WINONA,4.397455890234587,,Final,,augmented_copy3_jitter-2d
2021-08-24,Phosphorus,0.1769,mg/L,,MNPCA-S000-096,MISSISSIPPI R. BY WINONA,4.397455890234587,,Final,,augmented_copy1_jitter1d
2021-08-25,Phosphorus,0.1754,mg/L,,MNPCA-S000-096,MISSISSIPPI R. BY WINONA,4.397455890234587,,Final,,augmented_copy2_jitter2d
2021-08-26,Phosphorus,0.1761,mg/L,,MNPCA-S000-096,MISSISSIPPI R. BY WINONA,4.397455890234587,,Final,,augmented_copy3_jitter3d
2021-08-29,Phosphorus,0.1542,mg/L,,MNPCA-S000-096,MISSISSIPPI R. BY WINONA,4.397455890234587,,Final,,augmented_copy1_jitter-2d
2021-09-01,Phosphorus,0.152,mg/L,,MNPCA-S000-096,MISSISSIPPI R. BY WINONA,4.397455890234587,,Final,,augmented_copy2_jitter1d
2021-09-02,Phosphorus,0.1577,mg/L,,MNPCA-S000-096,MISSISSIPPI R. BY WINONA,4.397455890234587,,Final,,augmented_copy3_jitter2d
2021-09-11,Phosphorus,0.1611,mg/L,,MNPCA-S000-096,MISSISSIPPI R. BY WINONA,4.397455890234587,,Final,,augmented_copy1_jitter3d
2021-09-10,Phosphorus,0.1595,mg/L,,MNPCA-S000-096,MISSISSIPPI R. BY WINONA,4.397455890234587,,Final,,augmented_copy2_jitter2d
2021-09-11,Phosphorus,0.1574,mg/L,,MNPCA-S000-096,MISSISSIPPI R. BY WINONA,4.397455890234587,,Final,,augmented_copy3_jitter3d
2021-10-02,Phosphorus,0.1168,mg/L,,MNPCA-S000-096,MISSISSIPPI R. BY WINONA,4.397455890234587,,Final,,augmented_copy1_jitter2d
2021-10-03,Phosphorus,0.1165,mg/L,,MNPCA-S000-096,MISSISSIPPI R. BY WINONA,4.397455890234587,,Final,,augmented_copy2_jitter3d
2021-09-28,Phosphorus,0.1166,mg/L,,MNPCA-S000-096,MISSISSIPPI R. BY WINONA,4.397455890234587,,Final,,augmented_copy3_jitter-2d
2021-10-28,Phosphorus,0.0927,mg/L,,MNPCA-S000-096,MISSISSIPPI R. BY WINONA,4.397455890234587,,Final,,augmented_copy1_jitter2d
2021-10-24,Phosphorus,0.0896,mg/L,,MNPCA-S000-096,MISSISSIPPI R. BY WINONA,4.397455890234587,,Final,,augmented_copy2_jitter-2d
2021-10-28,Phosphorus,0.0924,mg/L,,MNPCA-S000-096,MISSISSIPPI R. BY WINONA,4.397455890234587,,Final,,augmented_copy3_jitter2d
2021-10-24,Dissolved oxygen (DO),9.8486,mg/L,,MNPCA-S000-096,MISSISSIPPI R. BY WINONA,4.397455890234587,,Final,,augmented_copy1_jitter-3d
2021-10-24,Dissolved oxygen (DO),9.6594,mg/L,,MNPCA-S000-096,MISSISSIPPI R. BY WINONA,4.397455890234587,,Final,,augmented_copy2_jitter-3d
2021-10-28,Dissolved oxygen (DO),9.8305,mg/L,,MNPCA-S000-096,MISSISSIPPI R. BY WINONA,4.397455890234587,,Final,,augmented_copy3_jitter1d
2021-11-10,Phosphorus,0.0704,mg/L,,MNPCA-S000-096,MISSISSIPPI R. BY WINONA,4.397455890234587,,Final,,augmented_copy1_jitter1d
2021-11-06,Phosphorus,0.068,mg/L,,MNPCA-S000-096,MISSISSIPPI R. BY WINONA,4.397455890234587,,Final,,augmented_copy2_jitter-3d
2021-11-12,Phosphorus,0.0674,mg/L,,MNPCA-S000-096,MISSISSIPPI R. BY WINONA,4.397455890234587,,Final,,augmented_copy3_jitter3d
2021-12-16,Phosphorus,0.0522,mg/L,,MNPCA-S000-096,MISSISSIPPI R. BY WINONA,4.397455890234587,,Final,,augmented_copy1_jitter2d
2021-12-12,Phosphorus,0.0515,mg/L,,MNPCA-S000-096,MISSISSIPPI R. BY WINONA,4.397455890234587,,Final,,augmented_copy2_jitter-2d
2021-12-15,Phosphorus,0.0475,mg/L,,MNPCA-S000-096,MISSISSIPPI R. BY WINONA,4.397455890234587,,Final,,augmented_copy3_jitter1d
2022-01-06,Phosphorus,0.0547,mg/L,,MNPCA-S000-096,MISSISSIPPI R. BY WINONA,4.397455890234587,,Final,,augmented_copy1_jitter1d
2022-01-06,Phosphorus,0.0567,mg/L,,MNPCA-S000-096,MISSISSIPPI R. BY WINONA,4.397455890234587,,Final,,augmented_copy2_jitter1d
2022-01-07,Phosphorus,0.055,mg/L,,MNPCA-S000-096,MISSISSIPPI R. BY WINONA,4.397455890234587,,Final,,augmented_copy3_jitter2d
2022-01-15,Phosphorus,0.048,mg/L,,MNPCA-S000-096,MISSISSIPPI R. BY WINONA,4.397455890234587,,Final,,augmented_copy1_jitter3d
2022-01-09,Phosphorus,0.045,mg/L,,MNPCA-S000-096,MISSISSIPPI R. BY WINONA,4.397455890234587,,Final,,augmented_copy2_jitter-3d
2022-01-10,Phosphorus,0.049,mg/L,,MNPCA-S000-096,MISSISSIPPI R. BY WINONA,4.397455890234587,,Final,,augmented_copy3_jitter-2d
2022-01-13,Dissolved oxygen (DO),4.3192,mg/L,,MNPCA-S000-096,MISSISSIPPI R. BY WINONA,4.397455890234587,,Final,,augmented_copy1_jitter1d
2022-01-13,Dissolved oxygen (DO),4.3179,mg/L,,MNPCA-S000-096,MISSISSIPPI R. BY WINONA,4.397455890234587,,Final,,augmented_copy2_jitter1d
2022-01-13,Dissolved oxygen (DO),4.1627,mg/L,,MNPCA-S000-096,MISSISSIPPI R. BY WINONA,4.397455890234587,,Final,,augmented_copy3_jitter1d
2022-01-29,Phosphorus,0.0446,mg/L,,MNPCA-S000-096,MISSISSIPPI R. BY WINONA,4.397455890234587,,Final,,augmented_copy1_jitter-3d
2022-01-30,Phosphorus,0.044,mg/L,,MNPCA-S000-096,MISSISSIPPI R. BY WINONA,4.397455890234587,,Final,,augmented_copy2_jitter-2d
2022-02-04,Phosphorus,0.0447,mg/L,,MNPCA-S000-096,MISSISSIPPI R. BY WINONA,4.397455890234587,,Final,,augmented_copy3_jitter3d
2022-02-27,Phosphorus,0.0437,mg/L,,MNPCA-S000-096,MISSISSIPPI R. BY WINONA,4.397455890234587,,Final,,augmented_copy1_jitter-2d
2022-03-02,Phosphorus,0.0473,mg/L,,MNPCA-S000-096,MISSISSIPPI R. BY WINONA,4.397455890234587,,Final,,augmented_copy2_jitter1d
2022-02-28,Phosphorus,0.0461,mg/L,,MNPCA-S000-096,MISSISSIPPI R. BY WINONA,4.397455890234587,,Final,,augmented_copy3_jitter-1d
2022-03-08,Phosphorus,0.1156,mg/L,,MNPCA-S000-096,MISSISSIPPI R. BY WINONA,4.397455890234587,,Final,,augmented_copy1_jitter1d
2022-03-10,Phosphorus,0.1207,mg/L,,MNPCA-S000-096,MISSISSIPPI R. BY WINONA,4.397455890234587,,Final,,augmented_copy2_jitter3d
2022-03-06,Phosphorus,0.1175,mg/L,,MNPCA-S000-096,MISSISSIPPI R. BY WINONA,4.397455890234587,,Final,,augmented_copy3_jitter-1d
2022-03-20,Phosphorus,0.1173,mg/L,,MNPCA-S000-096,MISSISSIPPI R. BY WINONA,4.397455890234587,,Final,,augmented_copy1_jitter-1d
2022-03-19,Phosphorus,0.1199,mg/L,,MNPCA-S000-096,MISSISSIPPI R. BY WINONA,4.397455890234587,,Final,,augmented_copy2_jitter-2d
2022-03-19,Phosphorus,0.1151,mg/L,,MNPCA-S000-096,MISSISSIPPI R. BY WINONA,4.397455890234587,,Final,,augmented_copy3_jitter-2d
2022-03-23,Phosphorus,0.1357,mg/L,,MNPCA-S000-096,MISSISSIPPI R. BY WINONA,4.397455890234587,,Final,,augmented_copy1_jitter-1d
2022-03-23,Phosphorus,0.1362,mg/L,,MNPCA-S000-096,MISSISSIPPI R. BY WINONA,4.397455890234587,,Final,,augmented_copy2_jitter-1d
2022-03-26,Phosphorus,0.1324,mg/L,,MNPCA-S000-096,MISSISSIPPI R. BY WINONA,4.397455890234587,,Final,,augmented_copy3_jitter2d
2022-03-28,Phosphorus,0.1577,mg/L,,MNPCA-S000-096,MISSISSIPPI R. BY WINONA,4.397455890234587,,Final,,augmented_copy1_jitter-2d
2022-03-27,Phosphorus,0.1577,mg/L,,MNPCA-S000-096,MISSISSIPPI R. BY WINONA,4.397455890234587,,Final,,augmented_copy2_jitter-3d
2022-03-27,Phosphorus,0.1574,mg/L,,MNPCA-S000-096,MISSISSIPPI R. BY WINONA,4.397455890234587,,Final,,augmented_copy3_jitter-3d
2022-04-03,Phosphorus,0.1509,mg/L,,MNPCA-S000-096,MISSISSIPPI R. BY WINONA,4.397455890234587,,Final,,augmented_copy1_jitter-2d
2022-04-06,Phosphorus,0.1525,mg/L,,MNPCA-S000-096,MISSISSIPPI R. BY WINONA,4.397455890234587,,Final,,augmented_copy2_jitter1d
2022-04-08,Phosphorus,0.1575,mg/L,,MNPCA-S000-096,MISSISSIPPI R. BY WINONA,4.397455890234587,,Final,,augmented_copy3_jitter3d
2022-04-12,Phosphorus,0.127,mg/L,,MNPCA-S000-096,MISSISSIPPI R. BY WINONA,4.397455890234587,,Final,,augmented_copy1_jitter-1d
2022-04-16,Phosphorus,0.1248,mg/L,,MNPCA-S000-096,MISSISSIPPI R. BY WINONA,4.397455890234587,,Final,,augmented_copy2_jitter3d
2022-04-12,Phosphorus,0.1269,mg/L,,MNPCA-S000-096,MISSISSIPPI R. BY WINONA,4.397455890234587,,Final,,augmented_copy3_jitter-1d
2022-04-17,Phosphorus,0.14,mg/L,,MNPCA-S000-096,MISSISSIPPI R. BY WINONA,4.397455890234587,,Final,,augmented_copy1_jitter-1d
2022-04-19,Phosphorus,0.1369,mg/L,,MNPCA-S000-096,MISSISSIPPI R. BY WINONA,4.397455890234587,,Final,,augmented_copy2_jitter1d
2022-04-19,Phosphorus,0.1372,mg/L,,MNPCA-S000-096,MISSISSIPPI R. BY WINONA,4.397455890234587,,Final,,augmented_copy3_jitter1d
2022-05-03,Phosphorus,0.0843,mg/L,,MNPCA-S000-096,MISSISSIPPI R. BY WINONA,4.397455890234587,,Final,,augmented_copy1_jitter1d
2022-05-04,Phosphorus,0.0818,mg/L,,MNPCA-S000-096,MISSISSIPPI R. BY WINONA,4.397455890234587,,Final,,augmented_copy2_jitter2d
2022-05-04,Phosphorus,0.0838,mg/L,,MNPCA-S000-096,MISSISSIPPI R. BY WINONA,4.397455890234587,,Final,,augmented_copy3_jitter2d
2022-05-10,Phosphorus,0.0825,mg/L,,MNPCA-S000-096,MISSISSIPPI R. BY WINONA,4.397455890234587,,Final,,augmented_copy1_jitter1d
2022-05-11,Phosphorus,0.0791,mg/L,,MNPCA-S000-096,MISSISSIPPI R. BY WINONA,4.397455890234587,,Final,,augmented_copy2_jitter2d
2022-05-07,Phosphorus,0.0779,mg/L,,MNPCA-S000-096,MISSISSIPPI R. BY WINONA,4.397455890234587,,Final,,augmented_copy3_jitter-2d
2022-05-20,Phosphorus,0.0862,mg/L,,MNPCA-S000-096,MISSISSIPPI R. BY WINONA,4.397455890234587,,Final,,augmented_copy1_jitter2d
2022-05-16,Phosphorus,0.086,mg/L,,MNPCA-S000-096,MISSISSIPPI R. BY WINONA,4.397455890234587,,Final,,augmented_copy2_jitter-2d
2022-05-17,Phosphorus,0.0881,mg/L,,MNPCA-S000-096,MISSISSIPPI R. BY WINONA,4.397455890234587,,Final,,augmented_copy3_jitter-1d
2022-05-17,Phosphorus,0.0876,mg/L,,MNPCA-S000-096,MISSISSIPPI R. BY WINONA,4.397455890234587,,Final,,augmented_copy1_jitter-3d
2022-05-19,Phosphorus,0.0901,mg/L,,MNPCA-S000-096,MISSISSIPPI R. BY WINONA,4.397455890234587,,Final,,augmented_copy2_jitter-1d
2022-05-19,Phosphorus,0.0909,mg/L,,MNPCA-S000-096,MISSISSIPPI R. BY WINONA,4.397455890234587,,Final,,augmented_copy3_jitter-1d
2022-05-22,Phosphorus,0.0879,mg/L,,MNPCA-S000-096,MISSISSIPPI R. BY WINONA,4.397455890234587,,Final,,augmented_copy1_jitter-1d
2022-05-21,Phosphorus,0.0898,mg/L,,MNPCA-S000-096,MISSISSIPPI R. BY WINONA,4.397455890234587,,Final,,augmented_copy2_jitter-2d
2022-05-24,Phosphorus,0.0905,mg/L,,MNPCA-S000-096,MISSISSIPPI R. BY WINONA,4.397455890234587,,Final,,augmented_copy3_jitter1d
2022-06-12,Phosphorus,0.0857,mg/L,,MNPCA-S000-096,MISSISSIPPI R. BY WINONA,4.397455890234587,,Final,,augmented_copy1_jitter3d
2022-06-07,Phosphorus,0.0865,mg/L,,MNPCA-S000-096,MISSISSIPPI R. BY WINONA,4.397455890234587,,Final,,augmented_copy2_jitter-2d
2022-06-07,Phosphorus,0.0874,mg/L,,MNPCA-S000-096,MISSISSIPPI R. BY WINONA,4.397455890234587,,Final,,augmented_copy3_jitter-2d
2022-06-20,Phosphorus,0.0989,mg/L,,MNPCA-S000-096,MISSISSIPPI R. BY WINONA,4.397455890234587,,Final,,augmented_copy1_jitter-1d
2022-06-20,Phosphorus,0.095,mg/L,,MNPCA-S000-096,MISSISSIPPI R. BY WINONA,4.397455890234587,,Final,,augmented_copy2_jitter-1d
2022-06-22,Phosphorus,0.0931,mg/L,,MNPCA-S000-096,MISSISSIPPI R. BY WINONA,4.397455890234587,,Final,,augmented_copy3_jitter1d
2022-06-30,Phosphorus,0.1156,mg/L,,MNPCA-S000-096,MISSISSIPPI R. BY WINONA,4.397455890234587,,Final,,augmented_copy1_jitter2d
2022-06-25,Phosphorus,0.1154,mg/L,,MNPCA-S000-096,MISSISSIPPI R. BY WINONA,4.397455890234587,,Final,,augmented_copy2_jitter-3d
2022-06-25,Phosphorus,0.1159,mg/L,,MNPCA-S000-096,MISSISSIPPI R. BY WINONA,4.397455890234587,,Final,,augmented_copy3_jitter-3d
2022-07-14,Phosphorus,0.1169,mg/L,,MNPCA-S000-096,MISSISSIPPI R. BY WINONA,4.397455890234587,,Final,,augmented_copy1_jitter3d
2022-07-12,Phosphorus,0.12,mg/L,,MNPCA-S000-096,MISSISSIPPI R. BY WINONA,4.397455890234587,,Final,,augmented_copy2_jitter1d
2022-07-09,Phosphorus,0.1139,mg/L,,MNPCA-S000-096,MISSISSIPPI R. BY WINONA,4.397455890234587,,Final,,augmented_copy3_jitter-2d
2022-07-24,Phosphorus,0.1057,mg/L,,MNPCA-S000-096,MISSISSIPPI R. BY WINONA,4.397455890234587,,Final,,augmented_copy1_jitter-2d
2022-07-25,Phosphorus,0.112,mg/L,,MNPCA-S000-096,MISSISSIPPI R. BY WINONA,4.397455890234587,,Final,,augmented_copy2_jitter-1d
2022-07-25,Phosphorus,0.1116,mg/L,,MNPCA-S000-096,MISSISSIPPI R. BY WINONA,4.397455890234587,,Final,,augmented_copy3_jitter-1d
2022-08-25,Phosphorus,0.1298,mg/L,,MNPCA-S000-096,MISSISSIPPI R. BY WINONA,4.397455890234587,,Final,,augmented_copy1_jitter3d
2022-08-24,Phosphorus,0.1296,mg/L,,MNPCA-S000-096,MISSISSIPPI R. BY WINONA,4.397455890234587,,Final,,augmented_copy2_jitter2d
2022-08-19,Phosphorus,0.1331,mg/L,,MNPCA-S000-096,MISSISSIPPI R. BY WINONA,4.397455890234587,,Final,,augmented_copy3_jitter-3d
2022-09-12,Dissolved oxygen (DO),6.8378,mg/L,,MNPCA-S000-096,MISSISSIPPI R. BY WINONA,4.397455890234587,,Final,,augmented_copy1_jitter-2d
2022-09-11,Dissolved oxygen (DO),6.9723,mg/L,,MNPCA-S000-096,MISSISSIPPI R. BY WINONA,4.397455890234587,,Final,,augmented_copy2_jitter-3d
2022-09-17,Dissolved oxygen (DO),6.7014,mg/L,,MNPCA-S000-096,MISSISSIPPI R. BY WINONA,4.397455890234587,,Final,,augmented_copy3_jitter3d
2022-10-16,Phosphorus,0.0913,mg/L,,MNPCA-S000-096,MISSISSIPPI R. BY WINONA,4.397455890234587,,Final,,augmented_copy1_jitter-2d
2022-10-19,Phosphorus,0.089,mg/L,,MNPCA-S000-096,MISSISSIPPI R. BY WINONA,4.397455890234587,,Final,,augmented_copy2_jitter1d
2022-10-20,Phosphorus,0.0895,mg/L,,MNPCA-S000-096,MISSISSIPPI R. BY WINONA,4.397455890234587,,Final,,augmented_copy3_jitter2d
2022-11-18,Phosphorus,0.0586,mg/L,,MNPCA-S000-096,MISSISSIPPI R. BY WINONA,4.397455890234587,,Final,,augmented_copy1_jitter3d
2022-11-18,Phosphorus,0.0592,mg/L,,MNPCA-S000-096,MISSISSIPPI R. BY WINONA,4.397455890234587,,Final,,augmented_copy2_jitter3d
2022-11-14,Phosphorus,0.0575,mg/L,,MNPCA-S000-096,MISSISSIPPI R. BY WINONA,4.397455890234587,,Final,,augmented_copy3_jitter-1d
2023-01-07,Phosphorus,0.0374,mg/L,,MNPCA-S000-096,MISSISSIPPI R. BY WINONA,4.397455890234587,,Final,,augmented_copy1_jitter-3d
2023-01-09,Phosphorus,0.0409,mg/L,,MNPCA-S000-096,MISSISSIPPI R. BY WINONA,4.397455890234587,,Final,,augmented_copy2_jitter-1d
2023-01-13,Phosphorus,0.0377,mg/L,,MNPCA-S000-096,MISSISSIPPI R. BY WINONA,4.397455890234587,,Final,,augmented_copy3_jitter3d
2023-01-07,Dissolved oxygen (DO),13.8821,mg/L,,MNPCA-S000-096,MISSISSIPPI R. BY WINONA,4.397455890234587,,Final,,augmented_copy1_jitter-3d
2023-01-11,Dissolved oxygen (DO),14.0111,mg/L,,MNPCA-S000-096,MISSISSIPPI R. BY WINONA,4.397455890234587,,Final,,augmented_copy2_jitter1d
2023-01-13,Dissolved oxygen (DO),14.0346,mg/L,,MNPCA-S000-096,MISSISSIPPI R. BY WINONA,4.397455890234587,,Final,,augmented_copy3_jitter3d
2023-02-10,Phosphorus,0.0416,mg/L,,MNPCA-S000-096,MISSISSIPPI R. BY WINONA,4.397455890234587,,Final,,augmented_copy1_jitter3d
2023-02-04,Phosphorus,0.0349,mg/L,,MNPCA-S000-096,MISSISSIPPI R. BY WINONA,4.397455890234587,,Final,,augmented_copy2_jitter-3d
2023-02-05,Phosphorus,0.0397,mg/L,,MNPCA-S000-096,MISSISSIPPI R. BY WINONA,4.397455890234587,,Final,,augmented_copy3_jitter-2d
2023-03-02,Phosphorus,0.0376,mg/L,,MNPCA-S000-096,MISSISSIPPI R. BY WINONA,4.397455890234587,,Final,,augmented_copy1_jitter2d
2023-02-27,Phosphorus,0.035,mg/L,,MNPCA-S000-096,MISSISSIPPI R. BY WINONA,4.397455890234587,,Final,,augmented_copy2_jitter-1d
2023-03-03,Phosphorus,0.0396,mg/L,,MNPCA-S000-096,MISSISSIPPI R. BY WINONA,4.397455890234587,,Final,,augmented_copy3_jitter3d
2023-03-16,Phosphorus,0.0455,mg/L,,MNPCA-S000-096,MISSISSIPPI R. BY WINONA,4.397455890234587,,Final,,augmented_copy1_jitter3d
2023-03-12,Phosphorus,0.0461,mg/L,,MNPCA-S000-096,MISSISSIPPI R. BY WINONA,4.397455890234587,,Final,,augmented_copy2_jitter-1d
2023-03-15,Phosphorus,0.0478,mg/L,,MNPCA-S000-096,MISSISSIPPI R. BY WINONA,4.397455890234587,,Final,,augmented_copy3_jitter2d
2023-03-21,Phosphorus,0.0538,mg/L,,MNPCA-S000-096,MISSISSIPPI R. BY WINONA,4.397455890234587,,Final,,augmented_copy1_jitter-1d
2023-03-23,Phosphorus,0.0576,mg/L,,MNPCA-S000-096,MISSISSIPPI R. BY WINONA,4.397455890234587,,Final,,augmented_copy2_jitter1d
2023-03-19,Phosphorus,0.0539,mg/L,,MNPCA-S000-096,MISSISSIPPI R. BY WINONA,4.397455890234587,,Final,,augmented_copy3_jitter-3d
2023-03-31,Phosphorus,0.0885,mg/L,,MNPCA-S000-096,MISSISSIPPI R. BY WINONA,4.397455890234587,,Final,,augmented_copy1_jitter3d
2023-03-30,Phosphorus,0.0891,mg/L,,MNPCA-S000-096,MISSISSIPPI R. BY WINONA,4.397455890234587,,Final,,augmented_copy2_jitter2d
2023-03-27,Phosphorus,0.0856,mg/L,,MNPCA-S000-096,MISSISSIPPI R. BY WINONA,4.397455890234587,,Final,,augmented_copy3_jitter-1d
2023-04-04,Phosphorus,0.1688,mg/L,,MNPCA-S000-096,MISSISSIPPI R. BY WINONA,4.397455890234587,,Final,,augmented_copy1_jitter1d
2023-04-01,Phosphorus,0.1707,mg/L,,MNPCA-S000-096,MISSISSIPPI R. BY WINONA,4.397455890234587,,Final,,augmented_copy2_jitter-2d
2023-03-31,Phosphorus,0.1709,mg/L,,MNPCA-S000-096,MISSISSIPPI R. BY WINONA,4.397455890234587,,Final,,augmented_copy3_jitter-3d
2023-04-08,Phosphorus,0.1312,mg/L,,MNPCA-S000-096,MISSISSIPPI R. BY WINONA,4.397455890234587,,Final,,augmented_copy1_jitter-2d
2023-04-11,Phosphorus,0.132,mg/L,,MNPCA-S000-096,MISSISSIPPI R. BY WINONA,4.397455890234587,,Final,,augmented_copy2_jitter1d
2023-04-08,Phosphorus,0.1303,mg/L,,MNPCA-S000-096,MISSISSIPPI R. BY WINONA,4.397455890234587,,Final,,augmented_copy3_jitter-2d
2023-04-15,Phosphorus,0.1554,mg/L,,MNPCA-S000-096,MISSISSIPPI R. BY WINONA,4.397455890234587,,Final,,augmented_copy1_jitter1d
2023-04-12,Phosphorus,0.1544,mg/L,,MNPCA-S000-096,MISSISSIPPI R. BY WINONA,4.397455890234587,,Final,,augmented_copy2_jitter-2d
2023-04-17,Phosphorus,0.1593,mg/L,,MNPCA-S000-096,MISSISSIPPI R. BY WINONA,4.397455890234587,,Final,,augmented_copy3_jitter3d
2023-04-19,Phosphorus,0.1225,mg/L,,MNPCA-S000-096,MISSISSIPPI R. BY WINONA,4.397455890234587,,Final,,augmented_copy1_jitter1d
2023-04-19,Phosphorus,0.1302,mg/L,,MNPCA-S000-096,MISSISSIPPI R. BY WINONA,4.397455890234587,,Final,,augmented_copy2_jitter1d
2023-04-15,Phosphorus,0.1248,mg/L,,MNPCA-S000-096,MISSISSIPPI R. BY WINONA,4.397455890234587,,Final,,augmented_copy3_jitter-3d
2023-04-23,Phosphorus,0.1027,mg/L,,MNPCA-S000-096,MISSISSIPPI R. BY WINONA,4.397455890234587,,Final,,augmented_copy1_jitter-3d
2023-04-28,Phosphorus,0.1012,mg/L,,MNPCA-S000-096,MISSISSIPPI R. BY WINONA,4.397455890234587,,Final,,augmented_copy2_jitter2d
2023-04-28,Phosphorus,0.1027,mg/L,,MNPCA-S000-096,MISSISSIPPI R. BY WINONA,4.397455890234587,,Final,,augmented_copy3_jitter2d
2023-04-29,Phosphorus,0.107,mg/L,,MNPCA-S000-096,MISSISSIPPI R. BY WINONA,4.397455890234587,,Final,,augmented_copy1_jitter-2d
2023-04-29,Phosphorus,0.1023,mg/L,,MNPCA-S000-096,MISSISSIPPI R. BY WINONA,4.397455890234587,,Final,,augmented_copy2_jitter-2d
2023-05-03,Phosphorus,0.1055,mg/L,,MNPCA-S000-096,MISSISSIPPI R. BY WINONA,4.397455890234587,,Final,,augmented_copy3_jitter2d
2023-04-29,Dissolved oxygen (DO),10.2907,mg/L,,MNPCA-S000-096,MISSISSIPPI R. BY WINONA,4.397455890234587,,Final,,augmented_copy1_jitter-2d
2023-04-29,Dissolved oxygen (DO),10.6257,mg/L,,MNPCA-S000-096,MISSISSIPPI R. BY WINONA,4.397455890234587,,Final,,augmented_copy2_jitter-2d
2023-04-30,Dissolved oxygen (DO),10.5378,mg/L,,MNPCA-S000-096,MISSISSIPPI R. BY WINONA,4.397455890234587,,Final,,augmented_copy3_jitter-1d
2023-04-30,Phosphorus,0.1252,mg/L,,MNPCA-S000-096,MISSISSIPPI R. BY WINONA,4.397455890234587,,Final,,augmented_copy1_jitter-1d
2023-04-29,Phosphorus,0.1279,mg/L,,MNPCA-S000-096,MISSISSIPPI R. BY WINONA,4.397455890234587,,Final,,augmented_copy2_jitter-2d
2023-05-03,Phosphorus,0.1235,mg/L,,MNPCA-S000-096,MISSISSIPPI R. BY WINONA,4.397455890234587,,Final,,augmented_copy3_jitter2d
2023-05-10,Dissolved oxygen (DO),9.6845,mg/L,,MNPCA-S000-096,MISSISSIPPI R. BY WINONA,4.397455890234587,,Final,,augmented_copy1_jitter1d
2023-05-08,Dissolved oxygen (DO),9.4323,mg/L,,MNPCA-S000-096,MISSISSIPPI R. BY WINONA,4.397455890234587,,Final,,augmented_copy2_jitter-1d
2023-05-12,Dissolved oxygen (DO),9.6223,mg/L,,MNPCA-S000-096,MISSISSIPPI R. BY WINONA,4.397455890234587,,Final,,augmented_copy3_jitter3d
2023-05-10,Phosphorus,0.0652,mg/L,,MNPCA-S000-096,MISSISSIPPI R. BY WINONA,4.397455890234587,,Final,,augmented_copy1_jitter1d
2023-05-06,Phosphorus,0.0704,mg/L,,MNPCA-S000-096,MISSISSIPPI R. BY WINONA,4.397455890234587,,Final,,augmented_copy2_jitter-3d
2023-05-06,Phosphorus,0.064,mg/L,,MNPCA-S000-096,MISSISSIPPI R. BY WINONA,4.397455890234587,,Final,,augmented_copy3_jitter-3d
2023-05-18,Phosphorus,0.0864,mg/L,,MNPCA-S000-096,MISSISSIPPI R. BY WINONA,4.397455890234587,,Final,,augmented_copy1_jitter2d
2023-05-14,Phosphorus,0.0869,mg/L,,MNPCA-S000-096,MISSISSIPPI R. BY WINONA,4.397455890234587,,Final,,augmented_copy2_jitter-2d
2023-05-14,Phosphorus,0.0862,mg/L,,MNPCA-S000-096,MISSISSIPPI R. BY WINONA,4.397455890234587,,Final,,augmented_copy3_jitter-2d
2023-05-19,Phosphorus,0.0884,mg/L,,MNPCA-S000-096,MISSISSIPPI R. BY WINONA,4.397455890234587,,Final,,augmented_copy1_jitter-3d
2023-05-20,Phosphorus,0.0879,mg/L,,MNPCA-S000-096,MISSISSIPPI R. BY WINONA,4.397455890234587,,Final,,augmented_copy2_jitter-2d
2023-05-23,Phosphorus,0.0846,mg/L,,MNPCA-S000-096,MISSISSIPPI R. BY WINONA,4.397455890234587,,Final,,augmented_copy3_jitter1d
2023-05-30,Phosphorus,0.1046,mg/L,,MNPCA-S000-096,MISSISSIPPI R. BY WINONA,4.397455890234587,,Final,,augmented_copy1_jitter-2d
2023-06-04,Phosphorus,0.0984,mg/L,,MNPCA-S000-096,MISSISSIPPI R. BY WINONA,4.397455890234587,,Final,,augmented_copy2_jitter3d
2023-06-04,Phosphorus,0.1038,mg/L,,MNPCA-S000-096,MISSISSIPPI R. BY WINONA,4.397455890234587,,Final,,augmented_copy3_jitter3d
2023-06-15,Dissolved oxygen (DO),7.6749,mg/L,,MNPCA-S016-841,"MISSISSIPPI R, S OF CR-43 BRIDGE IN WINONA, MN",0.2424578975255987,,Final,,augmented_copy1_jitter2d
2023-06-11,Dissolved oxygen (DO),7.5224,mg/L,,MNPCA-S016-841,"MISSISSIPPI R, S OF CR-43 BRIDGE IN WINONA, MN",0.2424578975255987,,Final,,augmented_copy2_jitter-2d
2023-06-12,Dissolved oxygen (DO),7.6192,mg/L,,MNPCA-S016-841,"MISSISSIPPI R, S OF CR-43 BRIDGE IN WINONA, MN",0.2424578975255987,,Final,,augmented_copy3_jitter-1d
2023-06-23,Phosphorus,0.0979,mg/L,,MNPCA-S000-096,MISSISSIPPI R. BY WINONA,4.397455890234587,,Final,,augmented_copy1_jitter2d
2023-06-18,Phosphorus,0.095,mg/L,,MNPCA-S000-096,MISSISSIPPI R. BY WINONA,4.397455890234587,,Final,,augmented_copy2_jitter-3d
2023-06-23,Phosphorus,0.0989,mg/L,,MNPCA-S000-096,MISSISSIPPI R. BY WINONA,4.397455890234587,,Final,,augmented_copy3_jitter2d
2023-06-24,Dissolved oxygen (DO),9.7029,mg/L,,MNPCA-S000-096,MISSISSIPPI R. BY WINONA,4.397455890234587,,Final,,augmented_copy1_jitter3d
2023-06-18,Dissolved oxygen (DO),9.7268,mg/L,,MNPCA-S000-096,MISSISSIPPI R. BY WINONA,4.397455890234587,,Final,,augmented_copy2_jitter-3d
2023-06-24,Dissolved oxygen (DO),9.3705,mg/L,,MNPCA-S000-096,MISSISSIPPI R. BY WINONA,4.397455890234587,,Final,,augmented_copy3_jitter3d
2023-07-09,Dissolved oxygen (DO),10.0175,mg/L,,MNPCA-S016-841,"MISSISSIPPI R, S OF CR-43 BRIDGE IN WINONA, MN",0.2424578975255987,,Final,Aphanizomenon blooms,augmented_copy1_jitter-1d
2023-07-08,Dissolved oxygen (DO),9.972,mg/L,,MNPCA-S016-841,"MISSISSIPPI R, S OF CR-43 BRIDGE IN WINONA, MN",0.2424578975255987,,Final,Aphanizomenon blooms,augmented_copy2_jitter-2d
2023-07-07,Dissolved oxygen (DO),9.8656,mg/L,,MNPCA-S016-841,"MISSISSIPPI R, S OF CR-43 BRIDGE IN WINONA, MN",0.2424578975255987,,Final,Aphanizomenon blooms,augmented_copy3_jitter-3d
2023-07-08,Phosphorus,0.1008,mg/L,,MNPCA-S000-096,MISSISSIPPI R. BY WINONA,4.397455890234587,,Final,,augmented_copy1_jitter-3d
2023-07-14,Phosphorus,0.0965,mg/L,,MNPCA-S000-096,MISSISSIPPI R. BY WINONA,4.397455890234587,,Final,,augmented_copy2_jitter3d
2023-07-08,Phosphorus,0.0949,mg/L,,MNPCA-S000-096,MISSISSIPPI R. BY WINONA,4.397455890234587,,Final,,augmented_copy3_jitter-3d
2023-08-11,Phosphorus,0.1051,mg/L,,MNPCA-S000-096,MISSISSIPPI R. BY WINONA,4.397455890234587,,Final,,augmented_copy1_jitter3d
2023-08-06,Phosphorus,0.1081,mg/L,,MNPCA-S000-096,MISSISSIPPI R. BY WINONA,4.397455890234587,,Final,,augmented_copy2_jitter-2d
2023-08-11,Phosphorus,0.1049,mg/L,,MNPCA-S000-096,MISSISSIPPI R. BY WINONA,4.397455890234587,,Final,,augmented_copy3_jitter3d
2023-08-05,Dissolved oxygen (DO),6.3182,mg/L,,MNPCA-S000-096,MISSISSIPPI R. BY WINONA,4.397455890234587,,Final,,augmented_copy1_jitter-3d
2023-08-05,Dissolved oxygen (DO),6.308,mg/L,,MNPCA-S000-096,MISSISSIPPI R. BY WINONA,4.397455890234587,,Final,,augmented_copy2_jitter-3d
2023-08-06,Dissolved oxygen (DO),6.4595,mg/L,,MNPCA-S000-096,MISSISSIPPI R. BY WINONA,4.397455890234587,,Final,,augmented_copy3_jitter-2d
2023-08-23,Dissolved oxygen (DO),7.4748,mg/L,,MNPCA-S016-841,"MISSISSIPPI R, S OF CR-43 BRIDGE IN WINONA, MN",0.2424578975255987,,Final,"Mostly cloudy, 6 mph NE wind",augmented_copy1_jitter2d
2023-08-18,Dissolved oxygen (DO),7.5624,mg/L,,MNPCA-S016-841,"MISSISSIPPI R, S OF CR-43 BRIDGE IN WINONA, MN",0.2424578975255987,,Final,"Mostly cloudy, 6 mph NE wind",augmented_copy2_jitter-3d
2023-08-23,Dissolved oxygen (DO),7.5708,mg/L,,MNPCA-S016-841,"MISSISSIPPI R, S OF CR-43 BRIDGE IN WINONA, MN",0.2424578975255987,,Final,"Mostly cloudy, 6 mph NE wind",augmented_copy3_jitter2d
2023-08-26,Dissolved oxygen (DO),6.4885,mg/L,,MNPCA-S000-096,MISSISSIPPI R. BY WINONA,4.397455890234587,,Final,,augmented_copy1_jitter-3d
2023-08-31,Dissolved oxygen (DO),6.5204,mg/L,,MNPCA-S000-096,MISSISSIPPI R. BY WINONA,4.397455890234587,,Final,,augmented_copy2_jitter2d
2023-08-30,Dissolved oxygen (DO),6.8591,mg/L,,MNPCA-S000-096,MISSISSIPPI R. BY WINONA,4.397455890234587,,Final,,augmented_copy3_jitter1d
2023-08-26,Phosphorus,0.184,mg/L,,MNPCA-S000-096,MISSISSIPPI R. BY WINONA,4.397455890234587,,Final,,augmented_copy1_jitter-3d
2023-08-31,Phosphorus,0.1844,mg/L,,MNPCA-S000-096,MISSISSIPPI R. BY WINONA,4.397455890234587,,Final,,augmented_copy2_jitter2d
2023-08-27,Phosphorus,0.1878,mg/L,,MNPCA-S000-096,MISSISSIPPI R. BY WINONA,4.397455890234587,,Final,,augmented_copy3_jitter-2d
2023-09-13,Phosphorus,0.1754,mg/L,,MNPCA-S000-096,MISSISSIPPI R. BY WINONA,4.397455890234587,,Final,,augmented_copy1_jitter2d
2023-09-10,Phosphorus,0.1778,mg/L,,MNPCA-S000-096,MISSISSIPPI R. BY WINONA,4.397455890234587,,Final,,augmented_copy2_jitter-1d
2023-09-13,Phosphorus,0.1753,mg/L,,MNPCA-S000-096,MISSISSIPPI R. BY WINONA,4.397455890234587,,Final,,augmented_copy3_jitter2d
2023-09-09,Dissolved oxygen (DO),8.0654,mg/L,,MNPCA-S016-841,"MISSISSIPPI R, S OF CR-43 BRIDGE IN WINONA, MN",0.2424578975255987,,Final,"Mostly cloudy, 4 mph NW wind",augmented_copy1_jitter-2d
2023-09-09,Dissolved oxygen (DO),7.9512,mg/L,,MNPCA-S016-841,"MISSISSIPPI R, S OF CR-43 BRIDGE IN WINONA, MN",0.2424578975255987,,Final,"Mostly cloudy, 4 mph NW wind",augmented_copy2_jitter-2d
2023-09-10,Dissolved oxygen (DO),7.993,mg/L,,MNPCA-S016-841,"MISSISSIPPI R, S OF CR-43 BRIDGE IN WINONA, MN",0.2424578975255987,,Final,"Mostly cloudy, 4 mph NW wind",augmented_copy3_jitter-1d
2023-09-14,Dissolved oxygen (DO),5.9868,mg/L,,MNPCA-S000-096,MISSISSIPPI R. BY WINONA,4.397455890234587,,Final,,augmented_copy1_jitter3d
2023-09-09,Dissolved oxygen (DO),6.2639,mg/L,,MNPCA-S000-096,MISSISSIPPI R. BY WINONA,4.397455890234587,,Final,,augmented_copy2_jitter-2d
2023-09-13,Dissolved oxygen (DO),6.2198,mg/L,,MNPCA-S000-096,MISSISSIPPI R. BY WINONA,4.397455890234587,,Final,,augmented_copy3_jitter2d
2023-09-28,Dissolved oxygen (DO),7.1331,mg/L,,MNPCA-S000-096,MISSISSIPPI R. BY WINONA,4.397455890234587,,Final,,augmented_copy1_jitter3d
2023-09-26,Dissolved oxygen (DO),7.1463,mg/L,,MNPCA-S000-096,MISSISSIPPI R. BY WINONA,4.397455890234587,,Final,,augmented_copy2_jitter1d
2023-09-27,Dissolved oxygen (DO),7.0077,mg/L,,MNPCA-S000-096,MISSISSIPPI R. BY WINONA,4.397455890234587,,Final,,augmented_copy3_jitter2d
2023-09-23,Phosphorus,0.1499,mg/L,,MNPCA-S000-096,MISSISSIPPI R. BY WINONA,4.397455890234587,,Final,,augmented_copy1_jitter-2d
2023-09-22,Phosphorus,0.1488,mg/L,,MNPCA-S000-096,MISSISSIPPI R. BY WINONA,4.397455890234587,,Final,,augmented_copy2_jitter-3d
2023-09-28,Phosphorus,0.1503,mg/L,,MNPCA-S000-096,MISSISSIPPI R. BY WINONA,4.397455890234587,,Final,,augmented_copy3_jitter3d
2023-10-01,Dissolved oxygen (DO),7.3495,mg/L,,MNPCA-S016-841,"MISSISSIPPI R, S OF CR-43 BRIDGE IN WINONA, MN",0.2424578975255987,,Final,,augmented_copy1_jitter-2d
2023-10-01,Dissolved oxygen (DO),7.3284,mg/L,,MNPCA-S016-841,"MISSISSIPPI R, S OF CR-43 BRIDGE IN WINONA, MN",0.2424578975255987,,Final,,augmented_copy2_jitter-2d
2023-09-30,Dissolved oxygen (DO),7.5581,mg/L,,MNPCA-S016-841,"MISSISSIPPI R, S OF CR-43 BRIDGE IN WINONA, MN",0.2424578975255987,,Final,,augmented_copy3_jitter-3d
2023-10-12,Phosphorus,0.1092,mg/L,,MNPCA-S000-096,MISSISSIPPI R. BY WINONA,4.397455890234587,,Final,,augmented_copy1_jitter2d
2023-10-13,Phosphorus,0.1081,mg/L,,MNPCA-S000-096,MISSISSIPPI R. BY WINONA,4.397455890234587,,Final,,augmented_copy2_jitter3d
2023-10-12,Phosphorus,0.1068,mg/L,,MNPCA-S000-096,MISSISSIPPI R. BY WINONA,4.397455890234587,,Final,,augmented_copy3_jitter2d
2023-10-13,Dissolved oxygen (DO),9.2406,mg/L,,MNPCA-S000-096,MISSISSIPPI R. BY WINONA,4.397455890234587,,Final,,augmented_copy1_jitter3d
2023-10-08,Dissolved oxygen (DO),9.1991,mg/L,,MNPCA-S000-096,MISSISSIPPI R. BY WINONA,4.397455890234587,,Final,,augmented_copy2_jitter-2d
2023-10-13,Dissolved oxygen (DO),9.2316,mg/L,,MNPCA-S000-096,MISSISSIPPI R. BY WINONA,4.397455890234587,,Final,,augmented_copy3_jitter3d
2023-11-08,Phosphorus,0.0754,mg/L,,MNPCA-S000-096,MISSISSIPPI R. BY WINONA,4.397455890234587,,Final,,augmented_copy1_jitter1d
2023-11-08,Phosphorus,0.075,mg/L,,MNPCA-S000-096,MISSISSIPPI R. BY WINONA,4.397455890234587,,Final,,augmented_copy2_jitter1d
2023-11-06,Phosphorus,0.0746,mg/L,,MNPCA-S000-096,MISSISSIPPI R. BY WINONA,4.397455890234587,,Final,,augmented_copy3_jitter-1d
2023-11-30,Phosphorus,0.0567,mg/L,,MNPCA-S000-096,MISSISSIPPI R. BY WINONA,4.397455890234587,,Final,,augmented_copy1_jitter1d
2023-11-30,Phosphorus,0.0575,mg/L,,MNPCA-S000-096,MISSISSIPPI R. BY WINONA,4.397455890234587,,Final,,augmented_copy2_jitter1d
2023-11-28,Phosphorus,0.0599,mg/L,,MNPCA-S000-096,MISSISSIPPI R. BY WINONA,4.397455890234587,,Final,,augmented_copy3_jitter-1d
2023-12-29,Dissolved oxygen (DO),12.8582,mg/L,,MNPCA-S000-096,MISSISSIPPI R. BY WINONA,4.397455890234587,,Final,,augmented_copy1_jitter2d
2023-12-25,Dissolved oxygen (DO),13.0958,mg/L,,MNPCA-S000-096,MISSISSIPPI R. BY WINONA,4.397455890234587,,Final,,augmented_copy2_jitter-2d
2023-12-24,Dissolved oxygen (DO),12.7383,mg/L,,MNPCA-S000-096,MISSISSIPPI R. BY WINONA,4.397455890234587,,Final,,augmented_copy3_jitter-3d
2023-12-29,Phosphorus,0.0458,mg/L,,MNPCA-S000-096,MISSISSIPPI R. BY WINONA,4.397455890234587,,Final,,augmented_copy1_jitter2d
2023-12-29,Phosphorus,0.0453,mg/L,,MNPCA-S000-096,MISSISSIPPI R. BY WINONA,4.397455890234587,,Final,,augmented_copy2_jitter2d
2023-12-29,Phosphorus,0.0494,mg/L,,MNPCA-S000-096,MISSISSIPPI R. BY WINONA,4.397455890234587,,Final,,augmented_copy3_jitter2d
2024-01-25,Dissolved oxygen (DO),14.1061,mg/L,,MNPCA-S000-096,MISSISSIPPI R. BY WINONA,4.397455890234587,,Final,,augmented_copy1_jitter2d
2024-01-21,Dissolved oxygen (DO),14.1232,mg/L,,MNPCA-S000-096,MISSISSIPPI R. BY WINONA,4.397455890234587,,Final,,augmented_copy2_jitter-2d
2024-01-25,Dissolved oxygen (DO),14.0541,mg/L,,MNPCA-S000-096,MISSISSIPPI R. BY WINONA,4.397455890234587,,Final,,augmented_copy3_jitter2d
2024-01-20,Phosphorus,0.0613,mg/L,,MNPCA-S000-096,MISSISSIPPI R. BY WINONA,4.397455890234587,,Final,,augmented_copy1_jitter-3d
2024-01-24,Phosphorus,0.0611,mg/L,,MNPCA-S000-096,MISSISSIPPI R. BY WINONA,4.397455890234587,,Final,,augmented_copy2_jitter1d
2024-01-22,Phosphorus,0.0638,mg/L,,MNPCA-S000-096,MISSISSIPPI R. BY WINONA,4.397455890234587,,Final,,augmented_copy3_jitter-1d
2024-01-28,Phosphorus,0.0456,mg/L,,MNPCA-S000-096,MISSISSIPPI R. BY WINONA,4.397455890234587,,Final,,augmented_copy1_jitter-2d
2024-02-01,Phosphorus,0.0506,mg/L,,MNPCA-S000-096,MISSISSIPPI R. BY WINONA,4.397455890234587,,Final,,augmented_copy2_jitter2d
2024-01-31,Phosphorus,0.0539,mg/L,,MNPCA-S000-096,MISSISSIPPI R. BY WINONA,4.397455890234587,,Final,,augmented_copy3_jitter1d
2024-01-31,Dissolved oxygen (DO),12.746,mg/L,,MNPCA-S000-096,MISSISSIPPI R. BY WINONA,4.397455890234587,,Final,,augmented_copy1_jitter1d
2024-01-29,Dissolved oxygen (DO),13.0353,mg/L,,MNPCA-S000-096,MISSISSIPPI R. BY WINONA,4.397455890234587,,Final,,augmented_copy2_jitter-1d
2024-01-27,Dissolved oxygen (DO),12.4815,mg/L,,MNPCA-S000-096,MISSISSIPPI R. BY WINONA,4.397455890234587,,Final,,augmented_copy3_jitter-3d
2024-02-12,Phosphorus,0.0408,mg/L,,MNPCA-S000-096,MISSISSIPPI R. BY WINONA,4.397455890234587,,Final,,augmented_copy1_jitter-1d
2024-02-15,Phosphorus,0.0416,mg/L,,MNPCA-S000-096,MISSISSIPPI R. BY WINONA,4.397455890234587,,Final,,augmented_copy2_jitter2d
2024-02-10,Phosphorus,0.0403,mg/L,,MNPCA-S000-096,MISSISSIPPI R. BY WINONA,4.397455890234587,,Final,,augmented_copy3_jitter-3d
2024-02-19,Dissolved oxygen (DO),13.8613,mg/L,,MNPCA-S000-096,MISSISSIPPI R. BY WINONA,4.397455890234587,,Final,,augmented_copy1_jitter-3d
2024-02-23,Dissolved oxygen (DO),13.9593,mg/L,,MNPCA-S000-096,MISSISSIPPI R. BY WINONA,4.397455890234587,,Final,,augmented_copy2_jitter1d
2024-02-19,Dissolved oxygen (DO),13.799,mg/L,,MNPCA-S000-096,MISSISSIPPI R. BY WINONA,4.397455890234587,,Final,,augmented_copy3_jitter-3d
2024-02-24,Phosphorus,0.0463,mg/L,,MNPCA-S000-096,MISSISSIPPI R. BY WINONA,4.397455890234587,,Final,,augmented_copy1_jitter2d
2024-02-21,Phosphorus,0.0385,mg/L,,MNPCA-S000-096,MISSISSIPPI R. BY WINONA,4.397455890234587,,Final,,augmented_copy2_jitter-1d
2024-02-23,Phosphorus,0.0418,mg/L,,MNPCA-S000-096,MISSISSIPPI R. BY WINONA,4.397455890234587,,Final,,augmented_copy3_jitter1d
2024-03-15,Phosphorus,0.0361,mg/L,,MNPCA-S000-096,MISSISSIPPI R. BY WINONA,4.397455890234587,,Final,,augmented_copy1_jitter1d
2024-03-16,Phosphorus,0.0403,mg/L,,MNPCA-S000-096,MISSISSIPPI R. BY WINONA,4.397455890234587,,Final,,augmented_copy2_jitter2d
2024-03-15,Phosphorus,0.0394,mg/L,,MNPCA-S000-096,MISSISSIPPI R. BY WINONA,4.397455890234587,,Final,,augmented_copy3_jitter1d
2024-03-17,Dissolved oxygen (DO),12.7536,mg/L,,MNPCA-S000-096,MISSISSIPPI R. BY WINONA,4.397455890234587,,Final,,augmented_copy1_jitter3d
2024-03-13,Dissolved oxygen (DO),12.6866,mg/L,,MNPCA-S000-096,MISSISSIPPI R. BY WINONA,4.397455890234587,,Final,,augmented_copy2_jitter-1d
2024-03-16,Dissolved oxygen (DO),12.7922,mg/L,,MNPCA-S000-096,MISSISSIPPI R. BY WINONA,4.397455890234587,,Final,,augmented_copy3_jitter2d
2024-03-16,Phosphorus,0.0425,mg/L,,MNPCA-S000-096,MISSISSIPPI R. BY WINONA,4.397455890234587,,Final,,augmented_copy1_jitter-2d
2024-03-20,Phosphorus,0.0444,mg/L,,MNPCA-S000-096,MISSISSIPPI R. BY WINONA,4.397455890234587,,Final,,augmented_copy2_jitter2d
2024-03-15,Phosphorus,0.0437,mg/L,,MNPCA-S000-096,MISSISSIPPI R. BY WINONA,4.397455890234587,,Final,,augmented_copy3_jitter-3d
2024-03-29,Phosphorus,0.0372,mg/L,,MNPCA-S000-096,MISSISSIPPI R. BY WINONA,4.397455890234587,,Final,,augmented_copy1_jitter3d
2024-03-28,Phosphorus,0.0399,mg/L,,MNPCA-S000-096,MISSISSIPPI R. BY WINONA,4.397455890234587,,Final,,augmented_copy2_jitter2d
2024-03-28,Phosphorus,0.0382,mg/L,,MNPCA-S000-096,MISSISSIPPI R. BY WINONA,4.397455890234587,,Final,,augmented_copy3_jitter2d
2024-03-27,Phosphorus,0.0633,mg/L,,MNPCA-S000-096,MISSISSIPPI R. BY WINONA,4.397455890234587,,Final,,augmented_copy1_jitter-3d
2024-03-31,Phosphorus,0.0587,mg/L,,MNPCA-S000-096,MISSISSIPPI R. BY WINONA,4.397455890234587,,Final,,augmented_copy2_jitter1d
2024-04-01,Phosphorus,0.0658,mg/L,,MNPCA-S000-096,MISSISSIPPI R. BY WINONA,4.397455890234587,,Final,,augmented_copy3_jitter2d
2024-04-06,Phosphorus,0.0487,mg/L,,MNPCA-S000-096,MISSISSIPPI R. BY WINONA,4.397455890234587,,Final,,augmented_copy1_jitter-2d
2024-04-07,Phosphorus,0.0511,mg/L,,MNPCA-S000-096,MISSISSIPPI R. BY WINONA,4.397455890234587,,Final,,augmented_copy2_jitter-1d
2024-04-09,Phosphorus,0.0495,mg/L,,MNPCA-S000-096,MISSISSIPPI R. BY WINONA,4.397455890234587,,Final,,augmented_copy3_jitter1d
2024-04-28,Phosphorus,0.0755,mg/L,,MNPCA-S000-096,MISSISSIPPI R. BY WINONA,4.397455890234587,,Final,,augmented_copy1_jitter2d
2024-04-23,Phosphorus,0.0757,mg/L,,MNPCA-S000-096,MISSISSIPPI R. BY WINONA,4.397455890234587,,Final,,augmented_copy2_jitter-3d
2024-04-25,Phosphorus,0.0817,mg/L,,MNPCA-S000-096,MISSISSIPPI R. BY WINONA,4.397455890234587,,Final,,augmented_copy3_jitter-1d
2024-04-30,Phosphorus,0.0743,mg/L,,MNPCA-S000-096,MISSISSIPPI R. BY WINONA,4.397455890234587,,Final,,augmented_copy1_jitter-2d
2024-05-03,Phosphorus,0.0711,mg/L,,MNPCA-S000-096,MISSISSIPPI R. BY WINONA,4.397455890234587,,Final,,augmented_copy2_jitter1d
2024-05-01,Phosphorus,0.0756,mg/L,,MNPCA-S000-096,MISSISSIPPI R. BY WINONA,4.397455890234587,,Final,,augmented_copy3_jitter-1d
2024-05-10,Phosphorus,0.0901,mg/L,,MNPCA-S000-096,MISSISSIPPI R. BY WINONA,4.397455890234587,,Final,,augmented_copy1_jitter3d
2024-05-05,Phosphorus,0.0852,mg/L,,MNPCA-S000-096,MISSISSIPPI R. BY WINONA,4.397455890234587,,Final,,augmented_copy2_jitter-2d
2024-05-09,Phosphorus,0.0886,mg/L,,MNPCA-S000-096,MISSISSIPPI R. BY WINONA,4.397455890234587,,Final,,augmented_copy3_jitter2d
2024-05-12,Dissolved oxygen (DO),9.3986,mg/L,,MNPCA-S017-283,"MISSISSIPPI R AT EAST END BOAT RAMP IN WINONA, MN",3.081448798172256,,Final,,augmented_copy1_jitter-1d
2024-05-14,Dissolved oxygen (DO),9.291,mg/L,,MNPCA-S017-283,"MISSISSIPPI R AT EAST END BOAT RAMP IN WINONA, MN",3.081448798172256,,Final,,augmented_copy2_jitter1d
2024-05-15,Dissolved oxygen (DO),9.6667,mg/L,,MNPCA-S017-283,"MISSISSIPPI R AT EAST END BOAT RAMP IN WINONA, MN",3.081448798172256,,Final,,augmented_copy3_jitter2d
2024-05-16,Dissolved oxygen (DO),9.3976,mg/L,,MNPCA-S016-841,"MISSISSIPPI R, S OF CR-43 BRIDGE IN WINONA, MN",0.2424578975255987,,Final,,augmented_copy1_jitter3d
2024-05-12,Dissolved oxygen (DO),9.5228,mg/L,,MNPCA-S016-841,"MISSISSIPPI R, S OF CR-43 BRIDGE IN WINONA, MN",0.2424578975255987,,Final,,augmented_copy2_jitter-1d
2024-05-11,Dissolved oxygen (DO),9.5291,mg/L,,MNPCA-S016-841,"MISSISSIPPI R, S OF CR-43 BRIDGE IN WINONA, MN",0.2424578975255987,,Final,,augmented_copy3_jitter-2d
2024-05-14,Phosphorus,0.0755,mg/L,,MNPCA-S017-283,"MISSISSIPPI R AT EAST END BOAT RAMP IN WINONA, MN",3.081448798172256,,Final,,augmented_copy1_jitter1d
2024-05-15,Phosphorus,0.0758,mg/L,,MNPCA-S017-283,"MISSISSIPPI R AT EAST END BOAT RAMP IN WINONA, MN",3.081448798172256,,Final,,augmented_copy2_jitter2d
2024-05-10,Phosphorus,0.0744,mg/L,,MNPCA-S017-283,"MISSISSIPPI R AT EAST END BOAT RAMP IN WINONA, MN",3.081448798172256,,Final,,augmented_copy3_jitter-3d
2024-05-11,Phosphorus,0.0931,mg/L,,MNPCA-S000-096,MISSISSIPPI R. BY WINONA,4.397455890234587,,Final,,augmented_copy1_jitter-3d
2024-05-12,Phosphorus,0.0938,mg/L,,MNPCA-S000-096,MISSISSIPPI R. BY WINONA,4.397455890234587,,Final,,augmented_copy2_jitter-2d
2024-05-11,Phosphorus,0.0891,mg/L,,MNPCA-S000-096,MISSISSIPPI R. BY WINONA,4.397455890234587,,Final,,augmented_copy3_jitter-3d
2024-05-21,Phosphorus,0.0747,mg/L,,MNPCA-S000-096,MISSISSIPPI R. BY WINONA,4.397455890234587,,Final,,augmented_copy1_jitter1d
2024-05-17,Phosphorus,0.072,mg/L,,MNPCA-S000-096,MISSISSIPPI R. BY WINONA,4.397455890234587,,Final,,augmented_copy2_jitter-3d
2024-05-23,Phosphorus,0.0709,mg/L,,MNPCA-S000-096,MISSISSIPPI R. BY WINONA,4.397455890234587,,Final,,augmented_copy3_jitter3d
2024-05-27,Phosphorus,0.0833,mg/L,,MNPCA-S000-096,MISSISSIPPI R. BY WINONA,4.397455890234587,,Final,,augmented_copy1_jitter-1d
2024-05-31,Phosphorus,0.0861,mg/L,,MNPCA-S000-096,MISSISSIPPI R. BY WINONA,4.397455890234587,,Final,,augmented_copy2_jitter3d
2024-05-25,Phosphorus,0.0861,mg/L,,MNPCA-S000-096,MISSISSIPPI R. BY WINONA,4.397455890234587,,Final,,augmented_copy3_jitter-3d
2024-06-02,Phosphorus,0.1012,mg/L,,MNPCA-S000-096,MISSISSIPPI R. BY WINONA,4.397455890234587,,Final,,augmented_copy1_jitter-1d
2024-06-06,Phosphorus,0.1027,mg/L,,MNPCA-S000-096,MISSISSIPPI R. BY WINONA,4.397455890234587,,Final,,augmented_copy2_jitter3d
2024-06-02,Phosphorus,0.1007,mg/L,,MNPCA-S000-096,MISSISSIPPI R. BY WINONA,4.397455890234587,,Final,,augmented_copy3_jitter-1d
2024-06-09,Phosphorus,0.1176,mg/L,,MNPCA-S000-096,MISSISSIPPI R. BY WINONA,4.397455890234587,,Final,,augmented_copy1_jitter-1d
2024-06-13,Phosphorus,0.115,mg/L,,MNPCA-S000-096,MISSISSIPPI R. BY WINONA,4.397455890234587,,Final,,augmented_copy2_jitter3d
2024-06-11,Phosphorus,0.1145,mg/L,,MNPCA-S000-096,MISSISSIPPI R. BY WINONA,4.397455890234587,,Final,,augmented_copy3_jitter1d
2024-06-09,Dissolved oxygen (DO),6.7167,mg/L,,MNPCA-S017-283,"MISSISSIPPI R AT EAST END BOAT RAMP IN WINONA, MN",3.081448798172256,,Final,High water level,augmented_copy1_jitter-2d
2024-06-13,Dissolved oxygen (DO),6.3872,mg/L,,MNPCA-S017-283,"MISSISSIPPI R AT EAST END BOAT RAMP IN WINONA, MN",3.081448798172256,,Final,High water level,augmented_copy2_jitter2d
2024-06-14,Dissolved oxygen (DO),6.6058,mg/L,,MNPCA-S017-283,"MISSISSIPPI R AT EAST END BOAT RAMP IN WINONA, MN",3.081448798172256,,Final,High water level,augmented_copy3_jitter3d
2024-06-09,Phosphorus,0.1219,mg/L,,MNPCA-S017-283,"MISSISSIPPI R AT EAST END BOAT RAMP IN WINONA, MN",3.081448798172256,,Final,,augmented_copy1_jitter-2d
2024-06-09,Phosphorus,0.1214,mg/L,,MNPCA-S017-283,"MISSISSIPPI R AT EAST END BOAT RAMP IN WINONA, MN",3.081448798172256,,Final,,augmented_copy2_jitter-2d
2024-06-12,Phosphorus,0.127,mg/L,,MNPCA-S017-283,"MISSISSIPPI R AT EAST END BOAT RAMP IN WINONA, MN",3.081448798172256,,Final,,augmented_copy3_jitter1d
2024-06-21,Phosphorus,0.1475,mg/L,,MNPCA-S000-096,MISSISSIPPI R. BY WINONA,4.397455890234587,,Final,,augmented_copy1_jitter1d
2024-06-23,Phosphorus,0.1473,mg/L,,MNPCA-S000-096,MISSISSIPPI R. BY WINONA,4.397455890234587,,Final,,augmented_copy2_jitter3d
2024-06-17,Phosphorus,0.143,mg/L,,MNPCA-S000-096,MISSISSIPPI R. BY WINONA,4.397455890234587,,Final,,augmented_copy3_jitter-3d
2024-06-26,Phosphorus,0.1578,mg/L,,MNPCA-S000-096,MISSISSIPPI R. BY WINONA,4.397455890234587,,Final,,augmented_copy1_jitter2d
2024-06-23,Phosphorus,0.1554,mg/L,,MNPCA-S000-096,MISSISSIPPI R. BY WINONA,4.397455890234587,,Final,,augmented_copy2_jitter-1d
2024-06-23,Phosphorus,0.1573,mg/L,,MNPCA-S000-096,MISSISSIPPI R. BY WINONA,4.397455890234587,,Final,,augmented_copy3_jitter-1d
2024-06-30,Phosphorus,0.1657,mg/L,,MNPCA-S000-096,MISSISSIPPI R. BY WINONA,4.397455890234587,,Final,,augmented_copy1_jitter3d
2024-06-30,Phosphorus,0.1647,mg/L,,MNPCA-S000-096,MISSISSIPPI R. BY WINONA,4.397455890234587,,Final,,augmented_copy2_jitter3d
2024-06-30,Phosphorus,0.1653,mg/L,,MNPCA-S000-096,MISSISSIPPI R. BY WINONA,4.397455890234587,,Final,,augmented_copy3_jitter3d
2024-07-05,Phosphorus,0.1731,mg/L,,MNPCA-S000-096,MISSISSIPPI R. BY WINONA,4.397455890234587,,Final,,augmented_copy1_jitter2d
2024-07-04,Phosphorus,0.1754,mg/L,,MNPCA-S000-096,MISSISSIPPI R. BY WINONA,4.397455890234587,,Final,,augmented_copy2_jitter1d
2024-07-01,Phosphorus,0.1674,mg/L,,MNPCA-S000-096,MISSISSIPPI R. BY WINONA,4.397455890234587,,Final,,augmented_copy3_jitter-2d
2024-07-07,Phosphorus,0.1687,mg/L,,MNPCA-S000-096,MISSISSIPPI R. BY WINONA,4.397455890234587,,Final,,augmented_copy1_jitter-3d
2024-07-07,Phosphorus,0.1726,mg/L,,MNPCA-S000-096,MISSISSIPPI R. BY WINONA,4.397455890234587,,Final,,augmented_copy2_jitter-3d
2024-07-13,Phosphorus,0.1747,mg/L,,MNPCA-S000-096,MISSISSIPPI R. BY WINONA,4.397455890234587,,Final,,augmented_copy3_jitter3d
2024-07-15,Dissolved oxygen (DO),6.0907,mg/L,,MNPCA-S017-283,"MISSISSIPPI R AT EAST END BOAT RAMP IN WINONA, MN",3.081448798172256,,Final,,augmented_copy1_jitter-1d
2024-07-14,Dissolved oxygen (DO),6.201,mg/L,,MNPCA-S017-283,"MISSISSIPPI R AT EAST END BOAT RAMP IN WINONA, MN",3.081448798172256,,Final,,augmented_copy2_jitter-2d
2024-07-19,Dissolved oxygen (DO),6.2573,mg/L,,MNPCA-S017-283,"MISSISSIPPI R AT EAST END BOAT RAMP IN WINONA, MN",3.081448798172256,,Final,,augmented_copy3_jitter3d
2024-07-14,Phosphorus,0.1683,mg/L,,MNPCA-S017-283,"MISSISSIPPI R AT EAST END BOAT RAMP IN WINONA, MN",3.081448798172256,,Final,,augmented_copy1_jitter-2d
2024-07-14,Phosphorus,0.1681,mg/L,,MNPCA-S017-283,"MISSISSIPPI R AT EAST END BOAT RAMP IN WINONA, MN",3.081448798172256,,Final,,augmented_copy2_jitter-2d
2024-07-15,Phosphorus,0.1665,mg/L,,MNPCA-S017-283,"MISSISSIPPI R AT EAST END BOAT RAMP IN WINONA, MN",3.081448798172256,,Final,,augmented_copy3_jitter-1d
2024-07-15,Phosphorus,0.1707,mg/L,,MNPCA-S017-283,"MISSISSIPPI R AT EAST END BOAT RAMP IN WINONA, MN",3.081448798172256,,Final,,augmented_copy1_jitter-1d
2024-07-19,Phosphorus,0.1706,mg/L,,MNPCA-S017-283,"MISSISSIPPI R AT EAST END BOAT RAMP IN WINONA, MN",3.081448798172256,,Final,,augmented_copy2_jitter3d
2024-07-14,Phosphorus,0.1734,mg/L,,MNPCA-S017-283,"MISSISSIPPI R AT EAST END BOAT RAMP IN WINONA, MN",3.081448798172256,,Final,,augmented_copy3_jitter-2d
2024-07-18,Dissolved oxygen (DO),6.2615,mg/L,,MNPCA-S016-841,"MISSISSIPPI R, S OF CR-43 BRIDGE IN WINONA, MN",0.2424578975255987,,Final,,augmented_copy1_jitter1d
2024-07-19,Dissolved oxygen (DO),6.0899,mg/L,,MNPCA-S016-841,"MISSISSIPPI R, S OF CR-43 BRIDGE IN WINONA, MN",0.2424578975255987,,Final,,augmented_copy2_jitter2d
2024-07-15,Dissolved oxygen (DO),6.1237,mg/L,,MNPCA-S016-841,"MISSISSIPPI R, S OF CR-43 BRIDGE IN WINONA, MN",0.2424578975255987,,Final,,augmented_copy3_jitter-2d
2024-07-19,Phosphorus,0.1638,mg/L,,MNPCA-S000-096,MISSISSIPPI R. BY WINONA,4.397455890234587,,Final,,augmented_copy1_jitter-3d
2024-07-21,Phosphorus,0.1674,mg/L,,MNPCA-S000-096,MISSISSIPPI R. BY WINONA,4.397455890234587,,Final,,augmented_copy2_jitter-1d
2024-07-24,Phosphorus,0.1603,mg/L,,MNPCA-S000-096,MISSISSIPPI R. BY WINONA,4.397455890234587,,Final,,augmented_copy3_jitter2d
2024-07-26,Phosphorus,0.1426,mg/L,,MNPCA-S017-283,"MISSISSIPPI R AT EAST END BOAT RAMP IN WINONA, MN",3.081448798172256,,Final,,augmented_copy1_jitter-3d
2024-07-26,Phosphorus,0.1436,mg/L,,MNPCA-S017-283,"MISSISSIPPI R AT EAST END BOAT RAMP IN WINONA, MN",3.081448798172256,,Final,,augmented_copy2_jitter-3d
2024-07-28,Phosphorus,0.1438,mg/L,,MNPCA-S017-283,"MISSISSIPPI R AT EAST END BOAT RAMP IN WINONA, MN",3.081448798172256,,Final,,augmented_copy3_jitter-1d
2024-07-26,Dissolved oxygen (DO),7.7268,mg/L,,MNPCA-S017-283,"MISSISSIPPI R AT EAST END BOAT RAMP IN WINONA, MN",3.081448798172256,,Final,,augmented_copy1_jitter-3d
2024-07-30,Dissolved oxygen (DO),7.598,mg/L,,MNPCA-S017-283,"MISSISSIPPI R AT EAST END BOAT RAMP IN WINONA, MN",3.081448798172256,,Final,,augmented_copy2_jitter1d
2024-07-27,Dissolved oxygen (DO),7.7789,mg/L,,MNPCA-S017-283,"MISSISSIPPI R AT EAST END BOAT RAMP IN WINONA, MN",3.081448798172256,,Final,,augmented_copy3_jitter-2d
2024-08-06,Phosphorus,0.1488,mg/L,,MNPCA-S000-096,MISSISSIPPI R. BY WINONA,4.397455890234587,,Final,,augmented_copy1_jitter-2d
2024-08-05,Phosphorus,0.1517,mg/L,,MNPCA-S000-096,MISSISSIPPI R. BY WINONA,4.397455890234587,,Final,,augmented_copy2_jitter-3d
2024-08-11,Phosphorus,0.1494,mg/L,,MNPCA-S000-096,MISSISSIPPI R. BY WINONA,4.397455890234587,,Final,,augmented_copy3_jitter3d
2024-08-12,Dissolved oxygen (DO),9.5341,mg/L,,MNPCA-S016-841,"MISSISSIPPI R, S OF CR-43 BRIDGE IN WINONA, MN",0.2424578975255987,,Final,,augmented_copy1_jitter-1d
2024-08-14,Dissolved oxygen (DO),9.4804,mg/L,,MNPCA-S016-841,"MISSISSIPPI R, S OF CR-43 BRIDGE IN WINONA, MN",0.2424578975255987,,Final,,augmented_copy2_jitter1d
2024-08-11,Dissolved oxygen (DO),9.4358,mg/L,,MNPCA-S016-841,"MISSISSIPPI R, S OF CR-43 BRIDGE IN WINONA, MN",0.2424578975255987,,Final,,augmented_copy3_jitter-2d
2024-08-16,Phosphorus,0.1517,mg/L,,MNPCA-S017-283,"MISSISSIPPI R AT EAST END BOAT RAMP IN WINONA, MN",3.081448798172256,,Final,,augmented_copy1_jitter2d
2024-08-13,Phosphorus,0.1522,mg/L,,MNPCA-S017-283,"MISSISSIPPI R AT EAST END BOAT RAMP IN WINONA, MN",3.081448798172256,,Final,,augmented_copy2_jitter-1d
2024-08-15,Phosphorus,0.1505,mg/L,,MNPCA-S017-283,"MISSISSIPPI R AT EAST END BOAT RAMP IN WINONA, MN",3.081448798172256,,Final,,augmented_copy3_jitter1d
2024-08-16,Dissolved oxygen (DO),8.5978,mg/L,,MNPCA-S017-283,"MISSISSIPPI R AT EAST END BOAT RAMP IN WINONA, MN",3.081448798172256,,Final,,augmented_copy1_jitter2d
2024-08-13,Dissolved oxygen (DO),8.8477,mg/L,,MNPCA-S017-283,"MISSISSIPPI R AT EAST END BOAT RAMP IN WINONA, MN",3.081448798172256,,Final,,augmented_copy2_jitter-1d
2024-08-13,Dissolved oxygen (DO),8.4995,mg/L,,MNPCA-S017-283,"MISSISSIPPI R AT EAST END BOAT RAMP IN WINONA, MN",3.081448798172256,,Final,,augmented_copy3_jitter-1d
2024-08-21,Phosphorus,0.1438,mg/L,,MNPCA-S017-283,"MISSISSIPPI R AT EAST END BOAT RAMP IN WINONA, MN",3.081448798172256,,Final,,augmented_copy1_jitter1d
2024-08-18,Phosphorus,0.1426,mg/L,,MNPCA-S017-283,"MISSISSIPPI R AT EAST END BOAT RAMP IN WINONA, MN",3.081448798172256,,Final,,augmented_copy2_jitter-2d
2024-08-23,Phosphorus,0.1447,mg/L,,MNPCA-S017-283,"MISSISSIPPI R AT EAST END BOAT RAMP IN WINONA, MN",3.081448798172256,,Final,,augmented_copy3_jitter3d
2024-08-25,Dissolved oxygen (DO),8.881,mg/L,,MNPCA-S017-283,"MISSISSIPPI R AT EAST END BOAT RAMP IN WINONA, MN",3.081448798172256,,Final,,augmented_copy1_jitter-1d
2024-08-25,Dissolved oxygen (DO),9.0069,mg/L,,MNPCA-S017-283,"MISSISSIPPI R AT EAST END BOAT RAMP IN WINONA, MN",3.081448798172256,,Final,,augmented_copy2_jitter-1d
2024-08-29,Dissolved oxygen (DO),8.8962,mg/L,,MNPCA-S017-283,"MISSISSIPPI R AT EAST END BOAT RAMP IN WINONA, MN",3.081448798172256,,Final,,augmented_copy3_jitter3d
2024-08-23,Phosphorus,0.1267,mg/L,,MNPCA-S017-283,"MISSISSIPPI R AT EAST END BOAT RAMP IN WINONA, MN",3.081448798172256,,Final,,augmented_copy1_jitter-3d
2024-08-29,Phosphorus,0.1221,mg/L,,MNPCA-S017-283,"MISSISSIPPI R AT EAST END BOAT RAMP IN WINONA, MN",3.081448798172256,,Final,,augmented_copy2_jitter3d
2024-08-24,Phosphorus,0.1223,mg/L,,MNPCA-S017-283,"MISSISSIPPI R AT EAST END BOAT RAMP IN WINONA, MN",3.081448798172256,,Final,,augmented_copy3_jitter-2d
2024-09-14,Phosphorus,0.1188,mg/L,,MNPCA-S017-283,"MISSISSIPPI R AT EAST END BOAT RAMP IN WINONA, MN",3.081448798172256,,Final,,augmented_copy1_jitter3d
2024-09-10,Phosphorus,0.1198,mg/L,,MNPCA-S017-283,"MISSISSIPPI R AT EAST END BOAT RAMP IN WINONA, MN",3.081448798172256,,Final,,augmented_copy2_jitter-1d
2024-09-08,Phosphorus,0.1197,mg/L,,MNPCA-S017-283,"MISSISSIPPI R AT EAST END BOAT RAMP IN WINONA, MN",3.081448798172256,,Final,,augmented_copy3_jitter-3d
2024-09-14,Dissolved oxygen (DO),8.7454,mg/L,,MNPCA-S017-283,"MISSISSIPPI R AT EAST END BOAT RAMP IN WINONA, MN",3.081448798172256,,Final,,augmented_copy1_jitter3d
2024-09-12,Dissolved oxygen (DO),8.8869,mg/L,,MNPCA-S017-283,"MISSISSIPPI R AT EAST END BOAT RAMP IN WINONA, MN",3.081448798172256,,Final,,augmented_copy2_jitter1d
2024-09-10,Dissolved oxygen (DO),8.6072,mg/L,,MNPCA-S017-283,"MISSISSIPPI R AT EAST END BOAT RAMP IN WINONA, MN",3.081448798172256,,Final,,augmented_copy3_jitter-1d
2024-09-10,Dissolved oxygen (DO),8.7257,mg/L,,MNPCA-S016-841,"MISSISSIPPI R, S OF CR-43 BRIDGE IN WINONA, MN",0.2424578975255987,,Final,,augmented_copy1_jitter-1d
2024-09-09,Dissolved oxygen (DO),8.683,mg/L,,MNPCA-S016-841,"MISSISSIPPI R, S OF CR-43 BRIDGE IN WINONA, MN",0.2424578975255987,,Final,,augmented_copy2_jitter-2d
2024-09-10,Dissolved oxygen (DO),8.8082,mg/L,,MNPCA-S016-841,"MISSISSIPPI R, S OF CR-43 BRIDGE IN WINONA, MN",0.2424578975255987,,Final,,augmented_copy3_jitter-1d
2024-10-12,Phosphorus,0.1124,mg/L,,MNPCA-S000-096,MISSISSIPPI R. BY WINONA,4.397455890234587,,Final,,augmented_copy1_jitter3d
2024-10-07,Phosphorus,0.109,mg/L,,MNPCA-S000-096,MISSISSIPPI R. BY WINONA,4.397455890234587,,Final,,augmented_copy2_jitter-2d
2024-10-10,Phosphorus,0.1125,mg/L,,MNPCA-S000-096,MISSISSIPPI R. BY WINONA,4.397455890234587,,Final,,augmented_copy3_jitter1d
2024-11-23,Phosphorus,0.0711,mg/L,,MNPCA-S000-096,MISSISSIPPI R. BY WINONA,4.397455890234587,,Final,,augmented_copy1_jitter3d
2024-11-22,Phosphorus,0.0719,mg/L,,MNPCA-S000-096,MISSISSIPPI R. BY WINONA,4.397455890234587,,Final,,augmented_copy2_jitter2d
2024-11-19,Phosphorus,0.0762,mg/L,,MNPCA-S000-096,MISSISSIPPI R. BY WINONA,4.397455890234587,,Final,,augmented_copy3_jitter-1d
2024-12-19,Phosphorus,0.0536,mg/L,,MNPCA-S000-096,MISSISSIPPI R. BY WINONA,4.397455890234587,,Final,,augmented_copy1_jitter1d
2024-12-21,Phosphorus,0.0564,mg/L,,MNPCA-S000-096,MISSISSIPPI R. BY WINONA,4.397455890234587,,Final,,augmented_copy2_jitter3d
2024-12-15,Phosphorus,0.0545,mg/L,,MNPCA-S000-096,MISSISSIPPI R. BY WINONA,4.397455890234587,,Final,,augmented_copy3_jitter-3d
