Station_ID,Station_Name,Sample_Date,Parameter_Code,Value_Flag,Value,Unit,Data_Quality,source
SRB00001,Bezdan,2013-01-06,O2-Dis,,12.1008,mg/l,Fair,augmented_copy2_jitter-3d
SRB00001,Bezdan,2013-01-08,O2-Dis,,12.0849,mg/l,Fair,augmented_copy3_jitter-1d
SRB00001,Bezdan,2013-01-09,O2-Dis,,11.9,mg/l,Fair,original
SRB00001,Bezdan,2013-01-11,O2-Dis,,11.7982,mg/l,Fair,augmented_copy1_jitter+2d
SRB00001,Bezdan,2013-02-03,O2-Dis,,12.3337,mg/l,Fair,augmented_copy3_jitter-3d
SRB00001,Bezdan,2013-02-06,O2-Dis,,12.4,mg/l,Fair,original
SRB00001,Bezdan,2013-02-07,O2-Dis,,12.3071,mg/l,Fair,augmented_copy1_jitter+1d
SRB00001,Bezdan,2013-02-09,O2-Dis,,12.3715,mg/l,Fair,augmented_copy2_jitter+3d
SRB00001,Bezdan,2013-03-05,O2-Dis,,12.4974,mg/l,Fair,augmented_copy2_jitter-1d
SRB00001,Bezdan,2013-03-06,O2-Dis,,12.5,mg/l,Fair,original
SRB00001,Bezdan,2013-03-07,O2-Dis,,12.598,mg/l,Fair,augmented_copy1_jitter+1d
SRB00001,Bezdan,2013-03-09,O2-Dis,,12.5257,mg/l,Fair,augmented_copy3_jitter+3d
SRB00001,Bezdan,2013-03-31,O2-Dis,,12.3551,mg/l,Fair,augmented_copy1_jitter-3d
SRB00001,Bezdan,2013-03-31,O2-Dis,,12.543,mg/l,Fair,augmented_copy3_jitter-3d
SRB00001,Bezdan,2013-04-01,O2-Dis,,12.4161,mg/l,Fair,augmented_copy2_jitter-2d
SRB00001,Bezdan,2013-04-03,O2-Dis,,12.5,mg/l,Fair,original
SRB00001,Bezdan,2013-05-07,O2-Dis,,9.4278,mg/l,Fair,augmented_copy1_jitter-1d
SRB00001,Bezdan,2013-05-08,O2-Dis,,9.4,mg/l,Fair,original
SRB00001,Bezdan,2013-05-10,O2-Dis,,9.3152,mg/l,Fair,augmented_copy2_jitter+2d
SRB00001,Bezdan,2013-05-10,O2-Dis,,9.5279,mg/l,Fair,augmented_copy3_jitter+2d
SRB00001,Bezdan,2013-06-02,O2-Dis,,9.7252,mg/l,Fair,augmented_copy2_jitter-3d
SRB00001,Bezdan,2013-06-05,O2-Dis,,9.7,mg/l,Fair,original
SRB00001,Bezdan,2013-06-06,O2-Dis,,9.6903,mg/l,Fair,augmented_copy1_jitter+1d
SRB00001,Bezdan,2013-06-08,O2-Dis,,9.8142,mg/l,Fair,augmented_copy3_jitter+3d
SRB00001,Bezdan,2013-07-02,O2-Dis,,8.7211,mg/l,Fair,augmented_copy1_jitter-1d
SRB00001,Bezdan,2013-07-03,O2-Dis,,8.7,mg/l,Fair,original
SRB00001,Bezdan,2013-07-05,O2-Dis,,8.5382,mg/l,Fair,augmented_copy2_jitter+2d
SRB00001,Bezdan,2013-07-06,O2-Dis,,8.647,mg/l,Fair,augmented_copy3_jitter+3d
SRB00001,Bezdan,2013-08-04,O2-Dis,,10.7564,mg/l,Fair,augmented_copy2_jitter-3d
SRB00001,Bezdan,2013-08-05,O2-Dis,,10.8915,mg/l,Fair,augmented_copy1_jitter-2d
SRB00001,Bezdan,2013-08-07,O2-Dis,,10.8,mg/l,Fair,original
SRB00001,Bezdan,2013-08-08,O2-Dis,,10.8697,mg/l,Fair,augmented_copy3_jitter+1d
SRB00001,Bezdan,2013-09-01,O2-Dis,,8.0739,mg/l,Fair,augmented_copy1_jitter-3d
SRB00001,Bezdan,2013-09-02,O2-Dis,,8.2268,mg/l,Fair,augmented_copy3_jitter-2d
SRB00001,Bezdan,2013-09-04,O2-Dis,,8.2,mg/l,Fair,original
SRB00001,Bezdan,2013-09-06,O2-Dis,,8.1497,mg/l,Fair,augmented_copy2_jitter+2d
SRB00001,Bezdan,2013-09-30,O2-Dis,,9.7544,mg/l,Fair,augmented_copy2_jitter-2d
SRB00001,Bezdan,2013-10-02,O2-Dis,,9.6,mg/l,Fair,original
SRB00001,Bezdan,2013-10-03,O2-Dis,,9.6801,mg/l,Fair,augmented_copy1_jitter+1d
SRB00001,Bezdan,2013-10-03,O2-Dis,,9.4788,mg/l,Fair,augmented_copy3_jitter+1d
SRB00001,Bezdan,2013-11-05,O2-Dis,,9.9908,mg/l,Fair,augmented_copy1_jitter-1d
SRB00001,Bezdan,2013-11-05,O2-Dis,,10.0293,mg/l,Fair,augmented_copy2_jitter-1d
SRB00001,Bezdan,2013-11-06,O2-Dis,,10.0,mg/l,Fair,original
SRB00001,Bezdan,2013-11-08,O2-Dis,,10.0412,mg/l,Fair,augmented_copy3_jitter+2d
SRB00001,Bezdan,2013-12-01,O2-Dis,,11.9187,mg/l,Fair,augmented_copy1_jitter-3d
SRB00001,Bezdan,2013-12-04,O2-Dis,,12.0,mg/l,Fair,original
SRB00001,Bezdan,2013-12-06,O2-Dis,,11.9991,mg/l,Fair,augmented_copy2_jitter+2d
SRB00001,Bezdan,2013-12-07,O2-Dis,,11.9511,mg/l,Fair,augmented_copy3_jitter+3d
SRB00001,Bezdan,2014-01-26,O2-Dis,,12.7425,mg/l,Fair,augmented_copy2_jitter-2d
SRB00001,Bezdan,2014-01-26,O2-Dis,,12.8452,mg/l,Fair,augmented_copy3_jitter-2d
SRB00001,Bezdan,2014-01-28,O2-Dis,,12.7,mg/l,Fair,original
SRB00001,Bezdan,2014-01-31,O2-Dis,,12.6896,mg/l,Fair,augmented_copy1_jitter+3d
SRB00001,Bezdan,2014-02-02,O2-Dis,,13.5511,mg/l,Fair,augmented_copy3_jitter-3d
SRB00001,Bezdan,2014-02-03,O2-Dis,,13.4913,mg/l,Fair,augmented_copy1_jitter-2d
SRB00001,Bezdan,2014-02-05,O2-Dis,,13.4,mg/l,Fair,original
SRB00001,Bezdan,2014-02-07,O2-Dis,,13.546,mg/l,Fair,augmented_copy2_jitter+2d
SRB00001,Bezdan,2014-03-02,O2-Dis,,12.7435,mg/l,Fair,augmented_copy3_jitter-3d
SRB00001,Bezdan,2014-03-04,O2-Dis,,12.7973,mg/l,Fair,augmented_copy2_jitter-1d
SRB00001,Bezdan,2014-03-05,O2-Dis,,12.8,mg/l,Fair,original
SRB00001,Bezdan,2014-03-08,O2-Dis,,12.6974,mg/l,Fair,augmented_copy1_jitter+3d
SRB00001,Bezdan,2014-04-01,O2-Dis,,13.439,mg/l,Fair,augmented_copy3_jitter-1d
SRB00001,Bezdan,2014-04-02,O2-Dis,,13.4,mg/l,Fair,original
SRB00001,Bezdan,2014-04-03,O2-Dis,,13.5492,mg/l,Fair,augmented_copy1_jitter+1d
SRB00001,Bezdan,2014-04-04,O2-Dis,,13.2986,mg/l,Fair,augmented_copy2_jitter+2d
SRB00001,Bezdan,2014-05-04,O2-Dis,,11.1007,mg/l,Fair,augmented_copy3_jitter-3d
SRB00001,Bezdan,2014-05-05,O2-Dis,,11.0449,mg/l,Fair,augmented_copy2_jitter-2d
SRB00001,Bezdan,2014-05-06,O2-Dis,,10.9604,mg/l,Fair,augmented_copy1_jitter-1d
SRB00001,Bezdan,2014-05-07,O2-Dis,,11.0,mg/l,Fair,original
SRB00001,Bezdan,2014-06-02,O2-Dis,,9.3864,mg/l,Fair,augmented_copy2_jitter-2d
SRB00001,Bezdan,2014-06-04,O2-Dis,,9.3,mg/l,Fair,original
SRB00001,Bezdan,2014-06-05,O2-Dis,,9.5376,mg/l,Fair,augmented_copy3_jitter+1d
SRB00001,Bezdan,2014-06-07,O2-Dis,,9.3473,mg/l,Fair,augmented_copy1_jitter+3d
SRB00001,Bezdan,2014-06-30,O2-Dis,,8.4803,mg/l,Fair,augmented_copy1_jitter-2d
SRB00001,Bezdan,2014-07-01,O2-Dis,,8.3823,mg/l,Fair,augmented_copy3_jitter-1d
SRB00001,Bezdan,2014-07-02,O2-Dis,,8.4,mg/l,Fair,original
SRB00001,Bezdan,2014-07-04,O2-Dis,,8.4349,mg/l,Fair,augmented_copy2_jitter+2d
SRB00001,Bezdan,2014-08-06,O2-Dis,,7.9,mg/l,Fair,original
SRB00001,Bezdan,2014-08-07,O2-Dis,,7.7793,mg/l,Fair,augmented_copy1_jitter+1d
SRB00001,Bezdan,2014-08-08,O2-Dis,,7.9098,mg/l,Fair,augmented_copy3_jitter+2d
SRB00001,Bezdan,2014-08-09,O2-Dis,,7.7846,mg/l,Fair,augmented_copy2_jitter+3d
SRB00001,Bezdan,2014-09-07,O2-Dis,,8.6995,mg/l,Fair,augmented_copy3_jitter-3d
SRB00001,Bezdan,2014-09-09,O2-Dis,,8.7522,mg/l,Fair,augmented_copy1_jitter-1d
SRB00001,Bezdan,2014-09-10,O2-Dis,,8.8,mg/l,Fair,original
SRB00001,Bezdan,2014-09-13,O2-Dis,,8.7945,mg/l,Fair,augmented_copy2_jitter+3d
SRB00001,Bezdan,2014-09-28,O2-Dis,,8.9942,mg/l,Fair,augmented_copy3_jitter-3d
SRB00001,Bezdan,2014-09-29,O2-Dis,,9.1782,mg/l,Fair,augmented_copy1_jitter-2d
SRB00001,Bezdan,2014-09-29,O2-Dis,,9.0786,mg/l,Fair,augmented_copy2_jitter-2d
SRB00001,Bezdan,2014-10-01,O2-Dis,,9.1,mg/l,Fair,original
SRB00001,Bezdan,2014-11-02,O2-Dis,,10.6325,mg/l,Fair,augmented_copy3_jitter-3d
SRB00001,Bezdan,2014-11-05,O2-Dis,,10.6,mg/l,Fair,original
SRB00001,Bezdan,2014-11-08,O2-Dis,,10.5272,mg/l,Fair,augmented_copy1_jitter+3d
SRB00001,Bezdan,2014-11-08,O2-Dis,,10.7573,mg/l,Fair,augmented_copy2_jitter+3d
SRB00001,Bezdan,2014-11-30,O2-Dis,,11.515,mg/l,Fair,augmented_copy2_jitter-3d
SRB00001,Bezdan,2014-12-01,O2-Dis,,11.467,mg/l,Fair,augmented_copy1_jitter-2d
SRB00001,Bezdan,2014-12-03,O2-Dis,,11.5,mg/l,Fair,original
SRB00001,Bezdan,2014-12-04,O2-Dis,,11.5497,mg/l,Fair,augmented_copy3_jitter+1d
SRB00001,Bezdan,2015-01-13,O2-Dis,,12.1148,mg/l,Fair,augmented_copy3_jitter-1d
SRB00001,Bezdan,2015-01-14,O2-Dis,,12.2,mg/l,Fair,original
SRB00001,Bezdan,2015-01-15,O2-Dis,,12.1525,mg/l,Fair,augmented_copy1_jitter+1d
SRB00001,Bezdan,2015-01-15,O2-Dis,,12.2073,mg/l,Fair,augmented_copy2_jitter+1d
SRB00001,Bezdan,2015-02-02,O2-Dis,,12.0812,mg/l,Fair,augmented_copy1_jitter-2d
SRB00001,Bezdan,2015-02-04,O2-Dis,,12.1,mg/l,Fair,original
SRB00001,Bezdan,2015-02-06,O2-Dis,,12.0794,mg/l,Fair,augmented_copy3_jitter+2d
SRB00001,Bezdan,2015-02-07,O2-Dis,,12.1872,mg/l,Fair,augmented_copy2_jitter+3d
SRB00001,Bezdan,2015-03-01,O2-Dis,,11.9797,mg/l,Fair,augmented_copy1_jitter-3d
SRB00001,Bezdan,2015-03-02,O2-Dis,,11.9715,mg/l,Fair,augmented_copy2_jitter-2d
SRB00001,Bezdan,2015-03-03,O2-Dis,,12.0923,mg/l,Fair,augmented_copy3_jitter-1d
SRB00001,Bezdan,2015-03-04,O2-Dis,,12.0,mg/l,Fair,original
SRB00001,Bezdan,2015-03-29,O2-Dis,,11.8773,mg/l,Fair,augmented_copy2_jitter-3d
SRB00001,Bezdan,2015-03-30,O2-Dis,,11.962,mg/l,Fair,augmented_copy3_jitter-2d
SRB00001,Bezdan,2015-04-01,O2-Dis,,12.0,mg/l,Fair,original
SRB00001,Bezdan,2015-04-02,O2-Dis,,12.0219,mg/l,Fair,augmented_copy1_jitter+1d
SRB00001,Bezdan,2015-05-06,O2-Dis,,11.3,mg/l,Fair,original
SRB00001,Bezdan,2015-05-08,O2-Dis,,11.2649,mg/l,Fair,augmented_copy2_jitter+2d
SRB00001,Bezdan,2015-05-09,O2-Dis,,11.223,mg/l,Fair,augmented_copy1_jitter+3d
SRB00001,Bezdan,2015-05-09,O2-Dis,,11.3225,mg/l,Fair,augmented_copy3_jitter+3d
SRB00001,Bezdan,2015-05-31,O2-Dis,,9.5918,mg/l,Fair,augmented_copy1_jitter-3d
SRB00001,Bezdan,2015-06-02,O2-Dis,,9.5757,mg/l,Fair,augmented_copy3_jitter-1d
SRB00001,Bezdan,2015-06-03,O2-Dis,,9.5,mg/l,Fair,original
SRB00001,Bezdan,2015-06-05,O2-Dis,,9.4885,mg/l,Fair,augmented_copy2_jitter+2d
SRB00001,Bezdan,2015-07-07,O2-Dis,,9.9026,mg/l,Fair,augmented_copy2_jitter-1d
SRB00001,Bezdan,2015-07-08,O2-Dis,,9.9,mg/l,Fair,original
SRB00001,Bezdan,2015-07-09,O2-Dis,,9.8733,mg/l,Fair,augmented_copy1_jitter+1d
SRB00001,Bezdan,2015-07-11,O2-Dis,,9.8693,mg/l,Fair,augmented_copy3_jitter+3d
SRB00001,Bezdan,2015-08-02,O2-Dis,,10.1314,mg/l,Fair,augmented_copy1_jitter-3d
SRB00001,Bezdan,2015-08-03,O2-Dis,,10.1018,mg/l,Fair,augmented_copy2_jitter-2d
SRB00001,Bezdan,2015-08-05,O2-Dis,,10.2,mg/l,Fair,original
SRB00001,Bezdan,2015-08-08,O2-Dis,,10.3741,mg/l,Fair,augmented_copy3_jitter+3d
SRB00001,Bezdan,2015-08-31,O2-Dis,,9.1549,mg/l,Fair,augmented_copy2_jitter-2d
SRB00001,Bezdan,2015-09-02,O2-Dis,,9.1,mg/l,Fair,original
SRB00001,Bezdan,2015-09-03,O2-Dis,,9.0064,mg/l,Fair,augmented_copy3_jitter+1d
SRB00001,Bezdan,2015-09-04,O2-Dis,,8.8741,mg/l,Fair,augmented_copy1_jitter+2d
SRB00001,Bezdan,2015-10-06,O2-Dis,,9.6456,mg/l,Fair,augmented_copy1_jitter-1d
SRB00001,Bezdan,2015-10-06,O2-Dis,,9.6428,mg/l,Fair,augmented_copy2_jitter-1d
SRB00001,Bezdan,2015-10-06,O2-Dis,,9.5597,mg/l,Fair,augmented_copy3_jitter-1d
SRB00001,Bezdan,2015-10-07,O2-Dis,,9.6,mg/l,Fair,original
SRB00001,Bezdan,2015-11-10,O2-Dis,,11.011,mg/l,Fair,augmented_copy1_jitter-2d
SRB00001,Bezdan,2015-11-12,O2-Dis,,11.1,mg/l,Fair,original
SRB00001,Bezdan,2015-11-13,O2-Dis,,10.9875,mg/l,Fair,augmented_copy3_jitter+1d
SRB00001,Bezdan,2015-11-14,O2-Dis,,11.0856,mg/l,Fair,augmented_copy2_jitter+2d
SRB00001,Bezdan,2015-11-30,O2-Dis,,11.42,mg/l,Fair,augmented_copy3_jitter-2d
SRB00001,Bezdan,2015-12-01,O2-Dis,,11.338,mg/l,Fair,augmented_copy2_jitter-1d
SRB00001,Bezdan,2015-12-02,O2-Dis,,11.4,mg/l,Fair,original
SRB00001,Bezdan,2015-12-05,O2-Dis,,11.205,mg/l,Fair,augmented_copy1_jitter+3d
SRB00001,Bezdan,2016-01-12,O2-Dis,,12.5204,mg/l,Fair,augmented_copy1_jitter-1d
SRB00001,Bezdan,2016-01-13,O2-Dis,,12.5,mg/l,Fair,original
SRB00001,Bezdan,2016-01-15,O2-Dis,,12.5451,mg/l,Fair,augmented_copy2_jitter+2d
SRB00001,Bezdan,2016-01-15,O2-Dis,,12.5512,mg/l,Fair,augmented_copy3_jitter+2d
SRB00001,Bezdan,2016-01-31,O2-Dis,,13.2689,mg/l,Fair,augmented_copy3_jitter-3d
SRB00001,Bezdan,2016-02-01,O2-Dis,,13.079,mg/l,Fair,augmented_copy2_jitter-2d
SRB00001,Bezdan,2016-02-03,O2-Dis,,13.1,mg/l,Fair,original
SRB00001,Bezdan,2016-02-05,O2-Dis,,13.0318,mg/l,Fair,augmented_copy1_jitter+2d
SRB00001,Bezdan,2016-03-01,O2-Dis,,11.7152,mg/l,Fair,augmented_copy3_jitter-1d
SRB00001,Bezdan,2016-03-02,O2-Dis,,11.6,mg/l,Fair,original
SRB00001,Bezdan,2016-03-04,O2-Dis,,11.4874,mg/l,Fair,augmented_copy1_jitter+2d
SRB00001,Bezdan,2016-03-04,O2-Dis,,11.545,mg/l,Fair,augmented_copy2_jitter+2d
SRB00001,Bezdan,2016-04-03,O2-Dis,,13.0186,mg/l,Fair,augmented_copy2_jitter-3d
SRB00001,Bezdan,2016-04-06,O2-Dis,,12.9,mg/l,Fair,original
SRB00001,Bezdan,2016-04-08,O2-Dis,,12.8921,mg/l,Fair,augmented_copy1_jitter+2d
SRB00001,Bezdan,2016-04-09,O2-Dis,,13.0015,mg/l,Fair,augmented_copy3_jitter+3d
SRB00001,Bezdan,2016-05-04,O2-Dis,,10.7,mg/l,Fair,original
SRB00001,Bezdan,2016-05-05,O2-Dis,,10.7626,mg/l,Fair,augmented_copy2_jitter+1d
SRB00001,Bezdan,2016-05-06,O2-Dis,,10.7792,mg/l,Fair,augmented_copy1_jitter+2d
SRB00001,Bezdan,2016-05-06,O2-Dis,,10.5639,mg/l,Fair,augmented_copy3_jitter+2d
SRB00001,Bezdan,2016-05-29,O2-Dis,,8.6227,mg/l,Fair,augmented_copy1_jitter-3d
SRB00001,Bezdan,2016-05-30,O2-Dis,,8.7919,mg/l,Fair,augmented_copy3_jitter-2d
SRB00001,Bezdan,2016-06-01,O2-Dis,,8.7,mg/l,Fair,original
SRB00001,Bezdan,2016-06-02,O2-Dis,,8.5814,mg/l,Fair,augmented_copy2_jitter+1d
SRB00001,Bezdan,2016-07-03,O2-Dis,,7.6768,mg/l,Fair,augmented_copy1_jitter-3d
SRB00001,Bezdan,2016-07-06,O2-Dis,,7.7,mg/l,Fair,original
SRB00001,Bezdan,2016-07-07,O2-Dis,,7.583,mg/l,Fair,augmented_copy3_jitter+1d
SRB00001,Bezdan,2016-07-09,O2-Dis,,7.6586,mg/l,Fair,augmented_copy2_jitter+3d
SRB00001,Bezdan,2016-08-01,O2-Dis,,7.5649,mg/l,Fair,augmented_copy1_jitter-2d
SRB00001,Bezdan,2016-08-02,O2-Dis,,7.4617,mg/l,Fair,augmented_copy2_jitter-1d
SRB00001,Bezdan,2016-08-03,O2-Dis,,7.5,mg/l,Fair,original
SRB00001,Bezdan,2016-08-06,O2-Dis,,7.5488,mg/l,Fair,augmented_copy3_jitter+3d
SRB00001,Bezdan,2016-09-05,O2-Dis,,7.9702,mg/l,Fair,augmented_copy3_jitter-2d
SRB00001,Bezdan,2016-09-07,O2-Dis,,8.0,mg/l,Fair,original
SRB00001,Bezdan,2016-09-08,O2-Dis,,7.9348,mg/l,Fair,augmented_copy2_jitter+1d
SRB00001,Bezdan,2016-09-10,O2-Dis,,8.0646,mg/l,Fair,augmented_copy1_jitter+3d
SRB00001,Bezdan,2016-10-03,O2-Dis,,9.0496,mg/l,Fair,augmented_copy2_jitter-2d
SRB00001,Bezdan,2016-10-03,O2-Dis,,8.9582,mg/l,Fair,augmented_copy3_jitter-2d
SRB00001,Bezdan,2016-10-05,O2-Dis,,9.1,mg/l,Fair,original
SRB00001,Bezdan,2016-10-08,O2-Dis,,9.0107,mg/l,Fair,augmented_copy1_jitter+3d
SRB00001,Bezdan,2016-10-30,O2-Dis,,10.6803,mg/l,Fair,augmented_copy3_jitter-3d
SRB00001,Bezdan,2016-11-02,O2-Dis,,10.7,mg/l,Fair,original
SRB00001,Bezdan,2016-11-04,O2-Dis,,10.5821,mg/l,Fair,augmented_copy2_jitter+2d
SRB00001,Bezdan,2016-11-05,O2-Dis,,10.716,mg/l,Fair,augmented_copy1_jitter+3d
SRB00001,Bezdan,2016-12-06,O2-Dis,,13.1536,mg/l,Fair,augmented_copy3_jitter-1d
SRB00001,Bezdan,2016-12-07,O2-Dis,,13.1,mg/l,Fair,original
SRB00001,Bezdan,2016-12-08,O2-Dis,,13.0742,mg/l,Fair,augmented_copy2_jitter+1d
SRB00001,Bezdan,2016-12-10,O2-Dis,,13.2021,mg/l,Fair,augmented_copy1_jitter+3d
SRB00001,Bezdan,2017-01-08,O2-Dis,,13.667,mg/l,Fair,augmented_copy1_jitter-3d
SRB00001,Bezdan,2017-01-10,O2-Dis,,13.6565,mg/l,Fair,augmented_copy2_jitter-1d
SRB00001,Bezdan,2017-01-11,O2-Dis,,13.7,mg/l,Fair,original
SRB00001,Bezdan,2017-01-14,O2-Dis,,13.5741,mg/l,Fair,augmented_copy3_jitter+3d
SRB00001,Bezdan,2017-01-29,O2-Dis,,13.8539,mg/l,Fair,augmented_copy1_jitter-3d
SRB00001,Bezdan,2017-01-29,O2-Dis,,13.8687,mg/l,Fair,augmented_copy3_jitter-3d
SRB00001,Bezdan,2017-01-31,O2-Dis,,13.9023,mg/l,Fair,augmented_copy2_jitter-1d
SRB00001,Bezdan,2017-02-01,O2-Dis,,13.9,mg/l,Fair,original
SRB00001,Bezdan,2017-02-27,O2-Dis,,11.92,mg/l,Fair,augmented_copy3_jitter-2d
SRB00001,Bezdan,2017-03-01,O2-Dis,,11.9,mg/l,Fair,original
SRB00001,Bezdan,2017-03-02,O2-Dis,,12.0915,mg/l,Fair,augmented_copy1_jitter+1d
SRB00001,Bezdan,2017-03-03,O2-Dis,,11.8892,mg/l,Fair,augmented_copy2_jitter+2d
SRB00001,Bezdan,2017-04-02,O2-Dis,,10.9327,mg/l,Fair,augmented_copy1_jitter-3d
SRB00001,Bezdan,2017-04-05,O2-Dis,,11.0,mg/l,Fair,original
SRB00001,Bezdan,2017-04-06,O2-Dis,,11.0337,mg/l,Fair,augmented_copy3_jitter+1d
SRB00001,Bezdan,2017-04-08,O2-Dis,,11.0952,mg/l,Fair,augmented_copy2_jitter+3d
SRB00001,Bezdan,2017-04-30,O2-Dis,,10.85,mg/l,Fair,augmented_copy1_jitter-3d
SRB00001,Bezdan,2017-05-02,O2-Dis,,10.8785,mg/l,Fair,augmented_copy2_jitter-1d
SRB00001,Bezdan,2017-05-03,O2-Dis,,10.9,mg/l,Fair,original
SRB00001,Bezdan,2017-05-06,O2-Dis,,10.9424,mg/l,Fair,augmented_copy3_jitter+3d
SRB00001,Bezdan,2017-06-13,O2-Dis,,12.3585,mg/l,Fair,augmented_copy2_jitter-1d
SRB00001,Bezdan,2017-06-13,O2-Dis,,12.2017,mg/l,Fair,augmented_copy3_jitter-1d
SRB00001,Bezdan,2017-06-14,O2-Dis,,12.2,mg/l,Fair,original
SRB00001,Bezdan,2017-06-16,O2-Dis,,12.3007,mg/l,Fair,augmented_copy1_jitter+2d
SRB00001,Bezdan,2017-07-02,O2-Dis,,9.9218,mg/l,Fair,augmented_copy1_jitter-3d
SRB00001,Bezdan,2017-07-04,O2-Dis,,9.815,mg/l,Fair,augmented_copy2_jitter-1d
SRB00001,Bezdan,2017-07-04,O2-Dis,,9.9716,mg/l,Fair,augmented_copy3_jitter-1d
SRB00001,Bezdan,2017-07-05,O2-Dis,,9.8,mg/l,Fair,original
SRB00001,Bezdan,2017-07-31,O2-Dis,,8.3296,mg/l,Fair,augmented_copy2_jitter-2d
SRB00001,Bezdan,2017-08-02,O2-Dis,,8.2,mg/l,Fair,original
SRB00001,Bezdan,2017-08-04,O2-Dis,,8.2755,mg/l,Fair,augmented_copy1_jitter+2d
SRB00001,Bezdan,2017-08-05,O2-Dis,,8.1581,mg/l,Fair,augmented_copy3_jitter+3d
SRB00001,Bezdan,2017-09-04,O2-Dis,,8.9159,mg/l,Fair,augmented_copy3_jitter-2d
SRB00001,Bezdan,2017-09-06,O2-Dis,,8.9,mg/l,Fair,original
SRB00001,Bezdan,2017-09-07,O2-Dis,,8.8951,mg/l,Fair,augmented_copy2_jitter+1d
SRB00001,Bezdan,2017-09-08,O2-Dis,,9.0348,mg/l,Fair,augmented_copy1_jitter+2d
SRB00001,Bezdan,2017-10-03,O2-Dis,,9.6441,mg/l,Fair,augmented_copy1_jitter-1d
SRB00001,Bezdan,2017-10-04,O2-Dis,,9.7,mg/l,Fair,original
SRB00001,Bezdan,2017-10-05,O2-Dis,,9.5919,mg/l,Fair,augmented_copy3_jitter+1d
SRB00001,Bezdan,2017-10-07,O2-Dis,,9.697,mg/l,Fair,augmented_copy2_jitter+3d
SRB00001,Bezdan,2017-11-06,O2-Dis,,10.7868,mg/l,Fair,augmented_copy1_jitter-2d
SRB00001,Bezdan,2017-11-08,O2-Dis,,10.8,mg/l,Fair,original
SRB00001,Bezdan,2017-11-09,O2-Dis,,10.7762,mg/l,Fair,augmented_copy3_jitter+1d
SRB00001,Bezdan,2017-11-11,O2-Dis,,10.5691,mg/l,Fair,augmented_copy2_jitter+3d
SRB00001,Bezdan,2017-12-10,O2-Dis,,12.1114,mg/l,Fair,augmented_copy1_jitter-3d
SRB00001,Bezdan,2017-12-10,O2-Dis,,12.1887,mg/l,Fair,augmented_copy2_jitter-3d
SRB00001,Bezdan,2017-12-12,O2-Dis,,12.0841,mg/l,Fair,augmented_copy3_jitter-1d
SRB00001,Bezdan,2017-12-13,O2-Dis,,12.1,mg/l,Fair,original
SRB00001,Bezdan,2018-01-07,O2-Dis,,12.0592,mg/l,Fair,augmented_copy2_jitter-3d
SRB00001,Bezdan,2018-01-10,O2-Dis,,12.2,mg/l,Fair,original
SRB00001,Bezdan,2018-01-11,O2-Dis,,12.2981,mg/l,Fair,augmented_copy3_jitter+1d
SRB00001,Bezdan,2018-01-12,O2-Dis,,12.1836,mg/l,Fair,augmented_copy1_jitter+2d
SRB00001,Bezdan,2018-02-04,O2-Dis,,11.9696,mg/l,Fair,augmented_copy3_jitter-3d
SRB00001,Bezdan,2018-02-06,O2-Dis,,11.9208,mg/l,Fair,augmented_copy1_jitter-1d
SRB00001,Bezdan,2018-02-06,O2-Dis,,12.0468,mg/l,Fair,augmented_copy2_jitter-1d
SRB00001,Bezdan,2018-02-07,O2-Dis,,12.0,mg/l,Fair,original
SRB00001,Bezdan,2018-03-04,O2-Dis,,13.0521,mg/l,Fair,augmented_copy1_jitter-3d
SRB00001,Bezdan,2018-03-07,O2-Dis,,13.0,mg/l,Fair,original
SRB00001,Bezdan,2018-03-08,O2-Dis,,12.8681,mg/l,Fair,augmented_copy2_jitter+1d
SRB00001,Bezdan,2018-03-09,O2-Dis,,13.0501,mg/l,Fair,augmented_copy3_jitter+2d
SRB00001,Bezdan,2018-04-01,O2-Dis,,12.6551,mg/l,Fair,augmented_copy2_jitter-3d
SRB00001,Bezdan,2018-04-04,O2-Dis,,12.6,mg/l,Fair,original
SRB00001,Bezdan,2018-04-06,O2-Dis,,12.5448,mg/l,Fair,augmented_copy1_jitter+2d
SRB00001,Bezdan,2018-04-07,O2-Dis,,12.5101,mg/l,Fair,augmented_copy3_jitter+3d
SRB00001,Bezdan,2018-05-08,O2-Dis,,16.0261,mg/l,Fair,augmented_copy2_jitter-1d
SRB00001,Bezdan,2018-05-09,O2-Dis,,16.2,mg/l,Fair,original
SRB00001,Bezdan,2018-05-10,O2-Dis,,16.0754,mg/l,Fair,augmented_copy1_jitter+1d
SRB00001,Bezdan,2018-05-10,O2-Dis,,16.1704,mg/l,Fair,augmented_copy3_jitter+1d
SRB00001,Bezdan,2018-06-04,O2-Dis,,11.5225,mg/l,Fair,augmented_copy2_jitter-2d
SRB00001,Bezdan,2018-06-04,O2-Dis,,11.4276,mg/l,Fair,augmented_copy3_jitter-2d
SRB00001,Bezdan,2018-06-06,O2-Dis,,11.5,mg/l,Fair,original
SRB00001,Bezdan,2018-06-07,O2-Dis,,11.5184,mg/l,Fair,augmented_copy1_jitter+1d
SRB00001,Bezdan,2018-07-02,O2-Dis,,8.3426,mg/l,Fair,augmented_copy2_jitter-2d
SRB00001,Bezdan,2018-07-04,O2-Dis,,8.3,mg/l,Fair,original
SRB00001,Bezdan,2018-07-05,O2-Dis,,8.4315,mg/l,Fair,augmented_copy1_jitter+1d
SRB00001,Bezdan,2018-07-07,O2-Dis,,8.309,mg/l,Fair,augmented_copy3_jitter+3d
SRB00001,Bezdan,2018-07-29,O2-Dis,,10.2857,mg/l,Fair,augmented_copy2_jitter-3d
SRB00001,Bezdan,2018-07-29,O2-Dis,,10.2708,mg/l,Fair,augmented_copy3_jitter-3d
SRB00001,Bezdan,2018-08-01,O2-Dis,,10.3,mg/l,Fair,original
SRB00001,Bezdan,2018-08-03,O2-Dis,,10.3547,mg/l,Fair,augmented_copy1_jitter+2d
SRB00001,Bezdan,2018-09-09,O2-Dis,,7.7551,mg/l,Fair,augmented_copy3_jitter-3d
SRB00001,Bezdan,2018-09-11,O2-Dis,,7.7171,mg/l,Fair,augmented_copy1_jitter-1d
SRB00001,Bezdan,2018-09-12,O2-Dis,,7.9,mg/l,Fair,original
SRB00001,Bezdan,2018-09-15,O2-Dis,,7.7327,mg/l,Fair,augmented_copy2_jitter+3d
SRB00001,Bezdan,2018-09-30,O2-Dis,,9.2104,mg/l,Fair,augmented_copy1_jitter-3d
SRB00001,Bezdan,2018-10-02,O2-Dis,,9.1059,mg/l,Fair,augmented_copy3_jitter-1d
SRB00001,Bezdan,2018-10-03,O2-Dis,,9.1,mg/l,Fair,original
SRB00001,Bezdan,2018-10-05,O2-Dis,,9.0436,mg/l,Fair,augmented_copy2_jitter+2d
SRB00001,Bezdan,2018-11-04,O2-Dis,,9.8278,mg/l,Fair,augmented_copy2_jitter-3d
SRB00001,Bezdan,2018-11-06,O2-Dis,,9.8746,mg/l,Fair,augmented_copy1_jitter-1d
SRB00001,Bezdan,2018-11-07,O2-Dis,,9.8,mg/l,Fair,original
SRB00001,Bezdan,2018-11-09,O2-Dis,,9.8093,mg/l,Fair,augmented_copy3_jitter+2d
SRB00001,Bezdan,2018-12-02,O2-Dis,,12.2781,mg/l,Fair,augmented_copy3_jitter-3d
SRB00001,Bezdan,2018-12-04,O2-Dis,,12.2874,mg/l,Fair,augmented_copy2_jitter-1d
SRB00001,Bezdan,2018-12-05,O2-Dis,,12.3,mg/l,Fair,original
SRB00001,Bezdan,2018-12-06,O2-Dis,,12.1035,mg/l,Fair,augmented_copy1_jitter+1d
SRB00001,Bezdan,2019-01-07,O2-Dis,,12.4762,mg/l,Fair,augmented_copy1_jitter-2d
SRB00001,Bezdan,2019-01-07,O2-Dis,,12.3481,mg/l,Fair,augmented_copy2_jitter-2d
SRB00001,Bezdan,2019-01-07,O2-Dis,,12.596,mg/l,Fair,augmented_copy3_jitter-2d
SRB00001,Bezdan,2019-01-09,O2-Dis,,12.4,mg/l,Fair,original
SRB00001,Bezdan,2019-02-06,O2-Dis,,13.0,mg/l,Fair,original
SRB00001,Bezdan,2019-02-07,O2-Dis,,13.0111,mg/l,Fair,augmented_copy1_jitter+1d
SRB00001,Bezdan,2019-02-08,O2-Dis,,13.1466,mg/l,Fair,augmented_copy3_jitter+2d
SRB00001,Bezdan,2019-02-09,O2-Dis,,13.076,mg/l,Fair,augmented_copy2_jitter+3d
SRB00001,Bezdan,2019-03-05,O2-Dis,,11.88,mg/l,Fair,augmented_copy2_jitter-1d
SRB00001,Bezdan,2019-03-06,O2-Dis,,11.8,mg/l,Fair,original
SRB00001,Bezdan,2019-03-07,O2-Dis,,11.7294,mg/l,Fair,augmented_copy1_jitter+1d
SRB00001,Bezdan,2019-03-07,O2-Dis,,11.8437,mg/l,Fair,augmented_copy3_jitter+1d
SRB00001,Bezdan,2019-04-02,O2-Dis,,11.2727,mg/l,Fair,augmented_copy3_jitter-1d
SRB00001,Bezdan,2019-04-03,O2-Dis,,11.3,mg/l,Fair,original
SRB00001,Bezdan,2019-04-05,O2-Dis,,11.4392,mg/l,Fair,augmented_copy1_jitter+2d
SRB00001,Bezdan,2019-04-06,O2-Dis,,11.2796,mg/l,Fair,augmented_copy2_jitter+3d
SRB00001,Bezdan,2019-05-05,O2-Dis,,10.2996,mg/l,Fair,augmented_copy2_jitter-3d
SRB00001,Bezdan,2019-05-05,O2-Dis,,10.0118,mg/l,Fair,augmented_copy3_jitter-3d
SRB00001,Bezdan,2019-05-08,O2-Dis,,10.2,mg/l,Fair,original
SRB00001,Bezdan,2019-05-11,O2-Dis,,10.2988,mg/l,Fair,augmented_copy1_jitter+3d
SRB00001,Bezdan,2019-06-04,O2-Dis,,9.5632,mg/l,Fair,augmented_copy1_jitter-1d
SRB00001,Bezdan,2019-06-04,O2-Dis,,9.8248,mg/l,Fair,augmented_copy2_jitter-1d
SRB00001,Bezdan,2019-06-05,O2-Dis,,9.7,mg/l,Fair,original
SRB00001,Bezdan,2019-06-06,O2-Dis,,9.5592,mg/l,Fair,augmented_copy3_jitter+1d
SRB00001,Bezdan,2019-06-30,O2-Dis,,8.4504,mg/l,Fair,augmented_copy1_jitter-3d
SRB00001,Bezdan,2019-07-02,O2-Dis,,8.3164,mg/l,Fair,augmented_copy3_jitter-1d
SRB00001,Bezdan,2019-07-03,O2-Dis,,8.4,mg/l,Fair,original
SRB00001,Bezdan,2019-07-04,O2-Dis,,8.3975,mg/l,Fair,augmented_copy2_jitter+1d
SRB00001,Bezdan,2019-08-04,O2-Dis,,10.7507,mg/l,Fair,augmented_copy1_jitter-3d
SRB00001,Bezdan,2019-08-04,O2-Dis,,10.6811,mg/l,Fair,augmented_copy3_jitter-3d
SRB00001,Bezdan,2019-08-06,O2-Dis,,10.7521,mg/l,Fair,augmented_copy2_jitter-1d
SRB00001,Bezdan,2019-08-07,O2-Dis,,10.7,mg/l,Fair,original
SRB00001,Bezdan,2019-09-08,O2-Dis,,8.4888,mg/l,Fair,augmented_copy2_jitter-3d
SRB00001,Bezdan,2019-09-09,O2-Dis,,8.5044,mg/l,Fair,augmented_copy3_jitter-2d
SRB00001,Bezdan,2019-09-10,O2-Dis,,8.6144,mg/l,Fair,augmented_copy1_jitter-1d
SRB00001,Bezdan,2019-09-11,O2-Dis,,8.5,mg/l,Fair,original
SRB00001,Bezdan,2019-09-29,O2-Dis,,9.2391,mg/l,Fair,augmented_copy3_jitter-3d
SRB00001,Bezdan,2019-09-30,O2-Dis,,9.1415,mg/l,Fair,augmented_copy1_jitter-2d
SRB00001,Bezdan,2019-10-02,O2-Dis,,9.3,mg/l,Fair,original
SRB00001,Bezdan,2019-10-03,O2-Dis,,9.4421,mg/l,Fair,augmented_copy2_jitter+1d
SRB00001,Bezdan,2019-11-05,O2-Dis,,9.9653,mg/l,Fair,augmented_copy1_jitter-1d
SRB00001,Bezdan,2019-11-06,O2-Dis,,10.0,mg/l,Fair,original
SRB00001,Bezdan,2019-11-07,O2-Dis,,10.0026,mg/l,Fair,augmented_copy3_jitter+1d
SRB00001,Bezdan,2019-11-09,O2-Dis,,10.0831,mg/l,Fair,augmented_copy2_jitter+3d
SRB00001,Bezdan,2019-12-01,O2-Dis,,11.3894,mg/l,Fair,augmented_copy2_jitter-3d
SRB00001,Bezdan,2019-12-04,O2-Dis,,11.5,mg/l,Fair,original
SRB00001,Bezdan,2019-12-06,O2-Dis,,11.4967,mg/l,Fair,augmented_copy1_jitter+2d
SRB00001,Bezdan,2019-12-06,O2-Dis,,11.5696,mg/l,Fair,augmented_copy3_jitter+2d
SRB00001,Bezdan,2020-01-07,O2-Dis,,13.1136,mg/l,Fair,augmented_copy2_jitter-1d
SRB00001,Bezdan,2020-01-07,O2-Dis,,13.0471,mg/l,Fair,augmented_copy3_jitter-1d
SRB00001,Bezdan,2020-01-08,O2-Dis,,13.1,mg/l,Fair,original
SRB00001,Bezdan,2020-01-10,O2-Dis,,13.0599,mg/l,Fair,augmented_copy1_jitter+2d
SRB00001,Bezdan,2020-02-03,O2-Dis,,12.367,mg/l,Fair,augmented_copy2_jitter-2d
SRB00001,Bezdan,2020-02-05,O2-Dis,,12.4,mg/l,Fair,original
SRB00001,Bezdan,2020-02-07,O2-Dis,,12.4354,mg/l,Fair,augmented_copy1_jitter+2d
SRB00001,Bezdan,2020-02-08,O2-Dis,,12.3356,mg/l,Fair,augmented_copy3_jitter+3d
SRB00001,Bezdan,2020-03-02,O2-Dis,,11.6321,mg/l,Fair,augmented_copy2_jitter-2d
SRB00001,Bezdan,2020-03-03,O2-Dis,,11.6026,mg/l,Fair,augmented_copy1_jitter-1d
SRB00001,Bezdan,2020-03-04,O2-Dis,,11.6,mg/l,Fair,original
SRB00001,Bezdan,2020-03-05,O2-Dis,,11.5786,mg/l,Fair,augmented_copy3_jitter+1d
SRB00001,Bezdan,2020-05-05,O2-Dis,,11.103,mg/l,Fair,augmented_copy2_jitter-1d
SRB00001,Bezdan,2020-05-06,O2-Dis,,11.2,mg/l,Fair,original
SRB00001,Bezdan,2020-05-08,O2-Dis,,11.2218,mg/l,Fair,augmented_copy3_jitter+2d
SRB00001,Bezdan,2020-05-09,O2-Dis,,11.2079,mg/l,Fair,augmented_copy1_jitter+3d
SRB00001,Bezdan,2020-06-01,O2-Dis,,10.6449,mg/l,Fair,augmented_copy1_jitter-2d
SRB00001,Bezdan,2020-06-01,O2-Dis,,10.748,mg/l,Fair,augmented_copy3_jitter-2d
SRB00001,Bezdan,2020-06-03,O2-Dis,,10.7,mg/l,Fair,original
SRB00001,Bezdan,2020-06-05,O2-Dis,,10.8409,mg/l,Fair,augmented_copy2_jitter+2d
SRB00001,Bezdan,2020-07-06,O2-Dis,,7.6444,mg/l,Fair,augmented_copy2_jitter-2d
SRB00001,Bezdan,2020-07-08,O2-Dis,,7.9,mg/l,Fair,original
SRB00001,Bezdan,2020-07-09,O2-Dis,,7.7382,mg/l,Fair,augmented_copy3_jitter+1d
SRB00001,Bezdan,2020-07-11,O2-Dis,,7.9268,mg/l,Fair,augmented_copy1_jitter+3d
SRB00001,Bezdan,2020-08-02,O2-Dis,,8.2611,mg/l,Fair,augmented_copy1_jitter-3d
SRB00001,Bezdan,2020-08-05,O2-Dis,,8.2,mg/l,Fair,original
SRB00001,Bezdan,2020-08-07,O2-Dis,,8.1828,mg/l,Fair,augmented_copy3_jitter+2d
SRB00001,Bezdan,2020-08-08,O2-Dis,,8.2207,mg/l,Fair,augmented_copy2_jitter+3d
SRB00001,Bezdan,2020-09-06,O2-Dis,,8.5122,mg/l,Fair,augmented_copy1_jitter-3d
SRB00001,Bezdan,2020-09-06,O2-Dis,,8.4805,mg/l,Fair,augmented_copy2_jitter-3d
SRB00001,Bezdan,2020-09-09,O2-Dis,,8.5,mg/l,Fair,original
SRB00001,Bezdan,2020-09-11,O2-Dis,,8.4482,mg/l,Fair,augmented_copy3_jitter+2d
SRB00001,Bezdan,2020-10-04,O2-Dis,,9.1405,mg/l,Fair,augmented_copy2_jitter-3d
SRB00001,Bezdan,2020-10-07,O2-Dis,,9.2,mg/l,Fair,original
SRB00001,Bezdan,2020-10-08,O2-Dis,,9.2959,mg/l,Fair,augmented_copy1_jitter+1d
SRB00001,Bezdan,2020-10-09,O2-Dis,,9.3221,mg/l,Fair,augmented_copy3_jitter+2d
SRB00001,Bezdan,2020-11-02,O2-Dis,,10.2832,mg/l,Fair,augmented_copy2_jitter-2d
SRB00001,Bezdan,2020-11-03,O2-Dis,,10.2337,mg/l,Fair,augmented_copy1_jitter-1d
SRB00001,Bezdan,2020-11-04,O2-Dis,,10.3,mg/l,Fair,original
SRB00001,Bezdan,2020-11-07,O2-Dis,,10.3127,mg/l,Fair,augmented_copy3_jitter+3d
SRB00001,Bezdan,2020-11-30,O2-Dis,,12.0793,mg/l,Fair,augmented_copy1_jitter-2d
SRB00001,Bezdan,2020-12-01,O2-Dis,,12.068,mg/l,Fair,augmented_copy2_jitter-1d
SRB00001,Bezdan,2020-12-01,O2-Dis,,11.9889,mg/l,Fair,augmented_copy3_jitter-1d
SRB00001,Bezdan,2020-12-02,O2-Dis,,12.0,mg/l,Fair,original
SRB00001,Bezdan,2021-01-11,O2-Dis,,11.7645,mg/l,Fair,augmented_copy2_jitter-2d
SRB00001,Bezdan,2021-01-13,O2-Dis,,11.9,mg/l,Fair,original
SRB00001,Bezdan,2021-01-14,O2-Dis,,11.9106,mg/l,Fair,augmented_copy1_jitter+1d
SRB00001,Bezdan,2021-01-14,O2-Dis,,11.9057,mg/l,Fair,augmented_copy3_jitter+1d
SRB00001,Bezdan,2021-01-31,O2-Dis,,12.132,mg/l,Fair,augmented_copy3_jitter-3d
SRB00001,Bezdan,2021-02-03,O2-Dis,,12.2,mg/l,Fair,original
SRB00001,Bezdan,2021-02-05,O2-Dis,,12.4423,mg/l,Fair,augmented_copy1_jitter+2d
SRB00001,Bezdan,2021-02-06,O2-Dis,,12.0716,mg/l,Fair,augmented_copy2_jitter+3d
SRB00001,Bezdan,2021-03-01,O2-Dis,,12.8967,mg/l,Fair,augmented_copy1_jitter-2d
SRB00001,Bezdan,2021-03-01,O2-Dis,,12.7571,mg/l,Fair,augmented_copy2_jitter-2d
SRB00001,Bezdan,2021-03-02,O2-Dis,,12.7693,mg/l,Fair,augmented_copy3_jitter-1d
SRB00001,Bezdan,2021-03-03,O2-Dis,,12.8,mg/l,Fair,original
SRB00001,Bezdan,2021-04-06,O2-Dis,,12.2693,mg/l,Fair,augmented_copy1_jitter-1d
SRB00001,Bezdan,2021-04-07,O2-Dis,,12.4,mg/l,Fair,original
SRB00001,Bezdan,2021-04-08,O2-Dis,,12.3768,mg/l,Fair,augmented_copy2_jitter+1d
SRB00001,Bezdan,2021-04-08,O2-Dis,,12.5078,mg/l,Fair,augmented_copy3_jitter+1d
SRB00001,Bezdan,2021-05-02,O2-Dis,,12.0778,mg/l,Fair,augmented_copy2_jitter-3d
SRB00001,Bezdan,2021-05-02,O2-Dis,,11.8913,mg/l,Fair,augmented_copy3_jitter-3d
SRB00001,Bezdan,2021-05-04,O2-Dis,,12.0265,mg/l,Fair,augmented_copy1_jitter-1d
SRB00001,Bezdan,2021-05-05,O2-Dis,,12.1,mg/l,Fair,original
SRB00001,Bezdan,2021-06-14,O2-Dis,,9.3062,mg/l,Fair,augmented_copy2_jitter-2d
SRB00001,Bezdan,2021-06-15,O2-Dis,,9.3959,mg/l,Fair,augmented_copy3_jitter-1d
SRB00001,Bezdan,2021-06-16,O2-Dis,,9.3,mg/l,Fair,original
SRB00001,Bezdan,2021-06-17,O2-Dis,,9.1696,mg/l,Fair,augmented_copy1_jitter+1d
SRB00001,Bezdan,2021-07-07,O2-Dis,,8.9,mg/l,Fair,original
SRB00001,Bezdan,2021-07-08,O2-Dis,,8.9662,mg/l,Fair,augmented_copy1_jitter+1d
SRB00001,Bezdan,2021-07-08,O2-Dis,,8.9556,mg/l,Fair,augmented_copy3_jitter+1d
SRB00001,Bezdan,2021-07-10,O2-Dis,,9.063,mg/l,Fair,augmented_copy2_jitter+3d
SRB00001,Bezdan,2021-08-10,O2-Dis,,7.7032,mg/l,Fair,augmented_copy1_jitter-1d
SRB00001,Bezdan,2021-08-11,O2-Dis,,7.9,mg/l,Fair,original
SRB00001,Bezdan,2021-08-13,O2-Dis,,7.7451,mg/l,Fair,augmented_copy2_jitter+2d
SRB00001,Bezdan,2021-08-14,O2-Dis,,7.8775,mg/l,Fair,augmented_copy3_jitter+3d
SRB00001,Bezdan,2021-09-05,O2-Dis,,9.2079,mg/l,Fair,augmented_copy3_jitter-3d
SRB00001,Bezdan,2021-09-08,O2-Dis,,9.2,mg/l,Fair,original
SRB00001,Bezdan,2021-09-09,O2-Dis,,9.293,mg/l,Fair,augmented_copy1_jitter+1d
SRB00001,Bezdan,2021-09-10,O2-Dis,,9.2536,mg/l,Fair,augmented_copy2_jitter+2d
SRB00001,Bezdan,2021-10-03,O2-Dis,,9.2644,mg/l,Fair,augmented_copy2_jitter-3d
SRB00001,Bezdan,2021-10-04,O2-Dis,,9.2055,mg/l,Fair,augmented_copy1_jitter-2d
SRB00001,Bezdan,2021-10-06,O2-Dis,,9.2,mg/l,Fair,original
SRB00001,Bezdan,2021-10-07,O2-Dis,,8.9998,mg/l,Fair,augmented_copy3_jitter+1d
SRB00001,Bezdan,2021-10-31,O2-Dis,,12.6968,mg/l,Fair,augmented_copy1_jitter-3d
SRB00001,Bezdan,2021-11-02,O2-Dis,,12.7233,mg/l,Fair,augmented_copy2_jitter-1d
SRB00001,Bezdan,2021-11-03,O2-Dis,,12.7,mg/l,Fair,original
SRB00001,Bezdan,2021-11-04,O2-Dis,,12.616,mg/l,Fair,augmented_copy3_jitter+1d
SRB00001,Bezdan,2021-12-01,O2-Dis,,12.5,mg/l,Fair,original
SRB00001,Bezdan,2021-12-02,O2-Dis,,12.6172,mg/l,Fair,augmented_copy1_jitter+1d
SRB00001,Bezdan,2021-12-02,O2-Dis,,12.4877,mg/l,Fair,augmented_copy2_jitter+1d
SRB00001,Bezdan,2021-12-04,O2-Dis,,12.497,mg/l,Fair,augmented_copy3_jitter+3d
SRB00001,Bezdan,2022-01-04,O2-Dis,,11.9432,mg/l,Fair,augmented_copy1_jitter-1d
SRB00001,Bezdan,2022-01-04,O2-Dis,,11.8626,mg/l,Fair,augmented_copy2_jitter-1d
SRB00001,Bezdan,2022-01-04,O2-Dis,,12.0035,mg/l,Fair,augmented_copy3_jitter-1d
SRB00001,Bezdan,2022-01-05,O2-Dis,,12.0,mg/l,Fair,original
SRB00001,Bezdan,2022-02-02,O2-Dis,,12.7,mg/l,Fair,original
SRB00001,Bezdan,2022-02-03,O2-Dis,,12.8105,mg/l,Fair,augmented_copy3_jitter+1d
SRB00001,Bezdan,2022-02-04,O2-Dis,,12.7131,mg/l,Fair,augmented_copy2_jitter+2d
SRB00001,Bezdan,2022-02-05,O2-Dis,,12.7164,mg/l,Fair,augmented_copy1_jitter+3d
SRB00001,Bezdan,2022-02-27,O2-Dis,,12.3485,mg/l,Fair,augmented_copy3_jitter-3d
SRB00001,Bezdan,2022-03-02,O2-Dis,,12.3,mg/l,Fair,original
SRB00001,Bezdan,2022-03-04,O2-Dis,,12.2406,mg/l,Fair,augmented_copy1_jitter+2d
SRB00001,Bezdan,2022-03-04,O2-Dis,,12.2191,mg/l,Fair,augmented_copy2_jitter+2d
SRB00001,Bezdan,2022-04-06,O2-Dis,,12.6,mg/l,Fair,original
SRB00001,Bezdan,2022-04-08,O2-Dis,,12.4574,mg/l,Fair,augmented_copy3_jitter+2d
SRB00001,Bezdan,2022-04-09,O2-Dis,,12.4598,mg/l,Fair,augmented_copy1_jitter+3d
SRB00001,Bezdan,2022-04-09,O2-Dis,,12.6468,mg/l,Fair,augmented_copy2_jitter+3d
SRB00001,Bezdan,2022-05-01,O2-Dis,,13.4968,mg/l,Fair,augmented_copy1_jitter-3d
SRB00001,Bezdan,2022-05-02,O2-Dis,,13.5316,mg/l,Fair,augmented_copy3_jitter-2d
SRB00001,Bezdan,2022-05-04,O2-Dis,,13.6,mg/l,Fair,original
SRB00001,Bezdan,2022-05-06,O2-Dis,,13.6154,mg/l,Fair,augmented_copy2_jitter+2d
SRB00001,Bezdan,2022-05-29,O2-Dis,,11.0618,mg/l,Fair,augmented_copy2_jitter-3d
SRB00001,Bezdan,2022-05-30,O2-Dis,,10.9984,mg/l,Fair,augmented_copy3_jitter-2d
SRB00001,Bezdan,2022-06-01,O2-Dis,,11.0,mg/l,Fair,original
SRB00001,Bezdan,2022-06-03,O2-Dis,,10.9717,mg/l,Fair,augmented_copy1_jitter+2d
SRB00001,Bezdan,2022-07-03,O2-Dis,,10.852,mg/l,Fair,augmented_copy3_jitter-3d
SRB00001,Bezdan,2022-07-06,O2-Dis,,10.9,mg/l,Fair,original
SRB00001,Bezdan,2022-07-07,O2-Dis,,10.972,mg/l,Fair,augmented_copy1_jitter+1d
SRB00001,Bezdan,2022-07-09,O2-Dis,,11.0111,mg/l,Fair,augmented_copy2_jitter+3d
SRB00001,Bezdan,2022-08-01,O2-Dis,,10.47,mg/l,Fair,augmented_copy1_jitter-2d
SRB00001,Bezdan,2022-08-01,O2-Dis,,10.4483,mg/l,Fair,augmented_copy3_jitter-2d
SRB00001,Bezdan,2022-08-03,O2-Dis,,10.5,mg/l,Fair,original
SRB00001,Bezdan,2022-08-04,O2-Dis,,10.4938,mg/l,Fair,augmented_copy2_jitter+1d
SRB00001,Bezdan,2022-09-13,O2-Dis,,8.1077,mg/l,Fair,augmented_copy3_jitter-1d
SRB00001,Bezdan,2022-09-14,O2-Dis,,8.2,mg/l,Fair,original
SRB00001,Bezdan,2022-09-15,O2-Dis,,8.1392,mg/l,Fair,augmented_copy1_jitter+1d
SRB00001,Bezdan,2022-09-16,O2-Dis,,8.2036,mg/l,Fair,augmented_copy2_jitter+2d
SRB00001,Bezdan,2022-10-05,O2-Dis,,9.8,mg/l,Fair,original
SRB00001,Bezdan,2022-10-07,O2-Dis,,9.8456,mg/l,Fair,augmented_copy2_jitter+2d
SRB00001,Bezdan,2022-10-08,O2-Dis,,9.8697,mg/l,Fair,augmented_copy1_jitter+3d
SRB00001,Bezdan,2022-10-08,O2-Dis,,9.7738,mg/l,Fair,augmented_copy3_jitter+3d
SRB00001,Bezdan,2022-10-30,O2-Dis,,10.1676,mg/l,Fair,augmented_copy3_jitter-3d
SRB00001,Bezdan,2022-11-02,O2-Dis,,10.0,mg/l,Fair,original
SRB00001,Bezdan,2022-11-04,O2-Dis,,9.9603,mg/l,Fair,augmented_copy2_jitter+2d
SRB00001,Bezdan,2022-11-05,O2-Dis,,10.0522,mg/l,Fair,augmented_copy1_jitter+3d
SRB00001,Bezdan,2022-12-19,O2-Dis,,12.3259,mg/l,Fair,augmented_copy1_jitter-1d
SRB00001,Bezdan,2022-12-20,O2-Dis,,12.3,mg/l,Fair,original
SRB00001,Bezdan,2022-12-23,O2-Dis,,12.3532,mg/l,Fair,augmented_copy2_jitter+3d
SRB00001,Bezdan,2022-12-23,O2-Dis,,12.3809,mg/l,Fair,augmented_copy3_jitter+3d
SRB00001,Bezdan,2023-01-09,O2-Dis,,11.4901,mg/l,Fair,augmented_copy2_jitter-2d
SRB00001,Bezdan,2023-01-11,O2-Dis,,11.3,mg/l,Fair,original
SRB00001,Bezdan,2023-01-12,O2-Dis,,11.3225,mg/l,Fair,augmented_copy1_jitter+1d
SRB00001,Bezdan,2023-01-13,O2-Dis,,11.2751,mg/l,Fair,augmented_copy3_jitter+2d
SRB00001,Bezdan,2023-01-29,O2-Dis,,12.3376,mg/l,Fair,augmented_copy1_jitter-3d
SRB00001,Bezdan,2023-02-01,O2-Dis,,12.2,mg/l,Fair,original
SRB00001,Bezdan,2023-02-04,O2-Dis,,12.1216,mg/l,Fair,augmented_copy2_jitter+3d
SRB00001,Bezdan,2023-02-04,O2-Dis,,12.2814,mg/l,Fair,augmented_copy3_jitter+3d
SRB00001,Bezdan,2023-02-27,O2-Dis,,11.6369,mg/l,Fair,augmented_copy3_jitter-2d
SRB00001,Bezdan,2023-02-28,O2-Dis,,11.574,mg/l,Fair,augmented_copy1_jitter-1d
SRB00001,Bezdan,2023-03-01,O2-Dis,,11.6,mg/l,Fair,original
SRB00001,Bezdan,2023-03-04,O2-Dis,,11.4962,mg/l,Fair,augmented_copy2_jitter+3d
SRB00001,Bezdan,2023-04-02,O2-Dis,,11.8075,mg/l,Fair,augmented_copy1_jitter-3d
SRB00001,Bezdan,2023-04-05,O2-Dis,,11.9,mg/l,Fair,original
SRB00001,Bezdan,2023-04-06,O2-Dis,,11.8155,mg/l,Fair,augmented_copy2_jitter+1d
SRB00001,Bezdan,2023-04-06,O2-Dis,,11.817,mg/l,Fair,augmented_copy3_jitter+1d
SRB00001,Bezdan,2023-04-30,O2-Dis,,10.4241,mg/l,Fair,augmented_copy2_jitter-3d
SRB00001,Bezdan,2023-04-30,O2-Dis,,10.4721,mg/l,Fair,augmented_copy3_jitter-3d
SRB00001,Bezdan,2023-05-03,O2-Dis,,10.4,mg/l,Fair,original
SRB00001,Bezdan,2023-05-06,O2-Dis,,10.4856,mg/l,Fair,augmented_copy1_jitter+3d
SRB00001,Bezdan,2023-06-05,O2-Dis,,8.3147,mg/l,Fair,augmented_copy3_jitter-2d
SRB00001,Bezdan,2023-06-07,O2-Dis,,8.2,mg/l,Fair,original
SRB00001,Bezdan,2023-06-08,O2-Dis,,8.2723,mg/l,Fair,augmented_copy2_jitter+1d
SRB00001,Bezdan,2023-06-10,O2-Dis,,8.2494,mg/l,Fair,augmented_copy1_jitter+3d
SRB00001,Bezdan,2023-07-04,O2-Dis,,8.2596,mg/l,Fair,augmented_copy1_jitter-1d
SRB00001,Bezdan,2023-07-04,O2-Dis,,8.2596,mg/l,Fair,augmented_copy2_jitter-1d
SRB00001,Bezdan,2023-07-05,O2-Dis,,8.2,mg/l,Fair,original
SRB00001,Bezdan,2023-07-07,O2-Dis,,8.2236,mg/l,Fair,augmented_copy3_jitter+2d
SRB00001,Bezdan,2023-07-31,O2-Dis,,8.2232,mg/l,Fair,augmented_copy2_jitter-2d
SRB00001,Bezdan,2023-08-01,O2-Dis,,8.0939,mg/l,Fair,augmented_copy3_jitter-1d
SRB00001,Bezdan,2023-08-02,O2-Dis,,8.1,mg/l,Fair,original
SRB00001,Bezdan,2023-08-04,O2-Dis,,8.0143,mg/l,Fair,augmented_copy1_jitter+2d
SRB00001,Bezdan,2023-09-12,O2-Dis,,8.0878,mg/l,Fair,augmented_copy1_jitter-1d
SRB00001,Bezdan,2023-09-13,O2-Dis,,8.1,mg/l,Fair,original
SRB00001,Bezdan,2023-09-14,O2-Dis,,8.1956,mg/l,Fair,augmented_copy3_jitter+1d
SRB00001,Bezdan,2023-09-15,O2-Dis,,8.0575,mg/l,Fair,augmented_copy2_jitter+2d
SRB00001,Bezdan,2023-10-01,O2-Dis,,8.5746,mg/l,Fair,augmented_copy3_jitter-3d
SRB00001,Bezdan,2023-10-03,O2-Dis,,8.6648,mg/l,Fair,augmented_copy2_jitter-1d
SRB00001,Bezdan,2023-10-04,O2-Dis,,8.6,mg/l,Fair,original
SRB00001,Bezdan,2023-10-06,O2-Dis,,8.6589,mg/l,Fair,augmented_copy1_jitter+2d
SRB00001,Bezdan,2023-11-05,O2-Dis,,9.6785,mg/l,Fair,augmented_copy2_jitter-3d
SRB00001,Bezdan,2023-11-08,O2-Dis,,9.6,mg/l,Fair,original
SRB00001,Bezdan,2023-11-10,O2-Dis,,9.6268,mg/l,Fair,augmented_copy1_jitter+2d
SRB00001,Bezdan,2023-11-11,O2-Dis,,9.5456,mg/l,Fair,augmented_copy3_jitter+3d
SRB00001,Bezdan,2023-12-06,O2-Dis,,12.1,mg/l,Fair,original
SRB00001,Bezdan,2023-12-09,O2-Dis,,11.977,mg/l,Fair,augmented_copy1_jitter+3d
SRB00001,Bezdan,2023-12-09,O2-Dis,,12.0468,mg/l,Fair,augmented_copy2_jitter+3d
SRB00001,Bezdan,2023-12-09,O2-Dis,,12.1544,mg/l,Fair,augmented_copy3_jitter+3d
SRB00002,Novi Sad,2013-01-20,O2-Dis,,11.9097,mg/l,Fair,augmented_copy3_jitter-2d
SRB00002,Novi Sad,2013-01-22,O2-Dis,,12.0,mg/l,Fair,original
SRB00002,Novi Sad,2013-01-24,O2-Dis,,12.0617,mg/l,Fair,augmented_copy1_jitter+2d
SRB00002,Novi Sad,2013-01-25,O2-Dis,,11.8728,mg/l,Fair,augmented_copy2_jitter+3d
SRB00002,Novi Sad,2013-02-09,O2-Dis,,12.928,mg/l,Fair,augmented_copy1_jitter-3d
SRB00002,Novi Sad,2013-02-09,O2-Dis,,12.8097,mg/l,Fair,augmented_copy2_jitter-3d
SRB00002,Novi Sad,2013-02-11,O2-Dis,,12.7634,mg/l,Fair,augmented_copy3_jitter-1d
SRB00002,Novi Sad,2013-02-12,O2-Dis,,12.8,mg/l,Fair,original
SRB00002,Novi Sad,2013-03-11,O2-Dis,,12.0982,mg/l,Fair,augmented_copy1_jitter-3d
SRB00002,Novi Sad,2013-03-11,O2-Dis,,11.9277,mg/l,Fair,augmented_copy2_jitter-3d
SRB00002,Novi Sad,2013-03-14,O2-Dis,,12.0,mg/l,Fair,original
SRB00002,Novi Sad,2013-03-17,O2-Dis,,12.1605,mg/l,Fair,augmented_copy3_jitter+3d
SRB00002,Novi Sad,2013-04-24,O2-Dis,,9.7382,mg/l,Fair,augmented_copy2_jitter-2d
SRB00002,Novi Sad,2013-04-25,O2-Dis,,9.7722,mg/l,Fair,augmented_copy1_jitter-1d
SRB00002,Novi Sad,2013-04-25,O2-Dis,,9.9512,mg/l,Fair,augmented_copy3_jitter-1d
SRB00002,Novi Sad,2013-04-26,O2-Dis,,9.9,mg/l,Fair,original
SRB00002,Novi Sad,2013-05-18,O2-Dis,,8.5612,mg/l,Fair,augmented_copy3_jitter-3d
SRB00002,Novi Sad,2013-05-21,O2-Dis,,8.6,mg/l,Fair,original
SRB00002,Novi Sad,2013-05-22,O2-Dis,,8.6084,mg/l,Fair,augmented_copy2_jitter+1d
SRB00002,Novi Sad,2013-05-24,O2-Dis,,8.4728,mg/l,Fair,augmented_copy1_jitter+3d
SRB00002,Novi Sad,2013-06-18,O2-Dis,,6.6,mg/l,Fair,original
SRB00002,Novi Sad,2013-06-20,O2-Dis,,6.5419,mg/l,Fair,augmented_copy1_jitter+2d
SRB00002,Novi Sad,2013-06-20,O2-Dis,,6.4539,mg/l,Fair,augmented_copy2_jitter+2d
SRB00002,Novi Sad,2013-06-20,O2-Dis,,6.6279,mg/l,Fair,augmented_copy3_jitter+2d
SRB00002,Novi Sad,2013-07-30,O2-Dis,,8.4757,mg/l,Fair,augmented_copy3_jitter-1d
SRB00002,Novi Sad,2013-07-31,O2-Dis,,8.4,mg/l,Fair,original
SRB00002,Novi Sad,2013-08-01,O2-Dis,,8.5211,mg/l,Fair,augmented_copy1_jitter+1d
SRB00002,Novi Sad,2013-08-02,O2-Dis,,8.336,mg/l,Fair,augmented_copy2_jitter+2d
SRB00002,Novi Sad,2013-08-09,O2-Dis,,7.738,mg/l,Fair,augmented_copy2_jitter-3d
SRB00002,Novi Sad,2013-08-12,O2-Dis,,7.8,mg/l,Fair,original
SRB00002,Novi Sad,2013-08-13,O2-Dis,,7.7296,mg/l,Fair,augmented_copy3_jitter+1d
SRB00002,Novi Sad,2013-08-15,O2-Dis,,7.8817,mg/l,Fair,augmented_copy1_jitter+3d
SRB00002,Novi Sad,2013-09-24,O2-Dis,,8.4725,mg/l,Fair,augmented_copy1_jitter-1d
SRB00002,Novi Sad,2013-09-24,O2-Dis,,8.4115,mg/l,Fair,augmented_copy2_jitter-1d
SRB00002,Novi Sad,2013-09-25,O2-Dis,,8.4,mg/l,Fair,original
SRB00002,Novi Sad,2013-09-27,O2-Dis,,8.4676,mg/l,Fair,augmented_copy3_jitter+2d
SRB00002,Novi Sad,2013-10-08,O2-Dis,,9.3961,mg/l,Fair,augmented_copy2_jitter-2d
SRB00002,Novi Sad,2013-10-09,O2-Dis,,9.2888,mg/l,Fair,augmented_copy3_jitter-1d
SRB00002,Novi Sad,2013-10-10,O2-Dis,,9.3,mg/l,Fair,original
SRB00002,Novi Sad,2013-10-12,O2-Dis,,9.455,mg/l,Fair,augmented_copy1_jitter+2d
SRB00002,Novi Sad,2013-11-18,O2-Dis,,10.7137,mg/l,Fair,augmented_copy2_jitter-3d
SRB00002,Novi Sad,2013-11-19,O2-Dis,,10.6705,mg/l,Fair,augmented_copy3_jitter-2d
SRB00002,Novi Sad,2013-11-21,O2-Dis,,10.8,mg/l,Fair,original
SRB00002,Novi Sad,2013-11-24,O2-Dis,,10.7243,mg/l,Fair,augmented_copy1_jitter+3d
SRB00002,Novi Sad,2013-12-15,O2-Dis,,12.3267,mg/l,Fair,augmented_copy3_jitter-2d
SRB00002,Novi Sad,2013-12-17,O2-Dis,,12.3,mg/l,Fair,original
SRB00002,Novi Sad,2013-12-18,O2-Dis,,12.34,mg/l,Fair,augmented_copy1_jitter+1d
SRB00002,Novi Sad,2013-12-18,O2-Dis,,12.5881,mg/l,Fair,augmented_copy2_jitter+1d
SRB00002,Novi Sad,2014-01-26,O2-Dis,,12.3741,mg/l,Fair,augmented_copy1_jitter-2d
SRB00002,Novi Sad,2014-01-26,O2-Dis,,12.4464,mg/l,Fair,augmented_copy2_jitter-2d
SRB00002,Novi Sad,2014-01-28,O2-Dis,,12.3,mg/l,Fair,original
SRB00002,Novi Sad,2014-01-31,O2-Dis,,12.4949,mg/l,Fair,augmented_copy3_jitter+3d
SRB00002,Novi Sad,2014-02-20,O2-Dis,,11.6,mg/l,Fair,original
SRB00002,Novi Sad,2014-02-22,O2-Dis,,11.7043,mg/l,Fair,augmented_copy1_jitter+2d
SRB00002,Novi Sad,2014-02-22,O2-Dis,,11.6522,mg/l,Fair,augmented_copy2_jitter+2d
SRB00002,Novi Sad,2014-02-23,O2-Dis,,11.5922,mg/l,Fair,augmented_copy3_jitter+3d
SRB00002,Novi Sad,2014-03-26,O2-Dis,,10.5004,mg/l,Fair,augmented_copy1_jitter-2d
SRB00002,Novi Sad,2014-03-27,O2-Dis,,10.4834,mg/l,Fair,augmented_copy2_jitter-1d
SRB00002,Novi Sad,2014-03-28,O2-Dis,,10.4,mg/l,Fair,original
SRB00002,Novi Sad,2014-03-29,O2-Dis,,10.3682,mg/l,Fair,augmented_copy3_jitter+1d
SRB00002,Novi Sad,2014-04-21,O2-Dis,,10.0277,mg/l,Fair,augmented_copy1_jitter-3d
SRB00002,Novi Sad,2014-04-22,O2-Dis,,9.9197,mg/l,Fair,augmented_copy2_jitter-2d
SRB00002,Novi Sad,2014-04-22,O2-Dis,,10.0489,mg/l,Fair,augmented_copy3_jitter-2d
SRB00002,Novi Sad,2014-04-24,O2-Dis,,10.0,mg/l,Fair,original
SRB00002,Novi Sad,2014-05-20,O2-Dis,,8.5389,mg/l,Fair,augmented_copy3_jitter-3d
SRB00002,Novi Sad,2014-05-22,O2-Dis,,8.7142,mg/l,Fair,augmented_copy2_jitter-1d
SRB00002,Novi Sad,2014-05-23,O2-Dis,,8.7,mg/l,Fair,original
SRB00002,Novi Sad,2014-05-24,O2-Dis,,8.8293,mg/l,Fair,augmented_copy1_jitter+1d
SRB00002,Novi Sad,2014-06-07,O2-Dis,,7.1277,mg/l,Fair,augmented_copy2_jitter-3d
SRB00002,Novi Sad,2014-06-09,O2-Dis,,7.0853,mg/l,Fair,augmented_copy1_jitter-1d
SRB00002,Novi Sad,2014-06-10,O2-Dis,,7.1,mg/l,Fair,original
SRB00002,Novi Sad,2014-06-13,O2-Dis,,7.1296,mg/l,Fair,augmented_copy3_jitter+3d
SRB00002,Novi Sad,2014-07-17,O2-Dis,,7.4889,mg/l,Fair,augmented_copy2_jitter-1d
SRB00002,Novi Sad,2014-07-18,O2-Dis,,7.5,mg/l,Fair,original
SRB00002,Novi Sad,2014-07-19,O2-Dis,,7.4252,mg/l,Fair,augmented_copy3_jitter+1d
SRB00002,Novi Sad,2014-07-20,O2-Dis,,7.391,mg/l,Fair,augmented_copy1_jitter+2d
SRB00002,Novi Sad,2014-08-05,O2-Dis,,7.0319,mg/l,Fair,augmented_copy3_jitter-3d
SRB00002,Novi Sad,2014-08-06,O2-Dis,,7.3011,mg/l,Fair,augmented_copy1_jitter-2d
SRB00002,Novi Sad,2014-08-08,O2-Dis,,7.2,mg/l,Fair,original
SRB00002,Novi Sad,2014-08-11,O2-Dis,,7.0908,mg/l,Fair,augmented_copy2_jitter+3d
SRB00002,Novi Sad,2014-09-28,O2-Dis,,8.0951,mg/l,Fair,augmented_copy3_jitter-2d
SRB00002,Novi Sad,2014-09-29,O2-Dis,,7.9531,mg/l,Fair,augmented_copy1_jitter-1d
SRB00002,Novi Sad,2014-09-30,O2-Dis,,8.1,mg/l,Fair,original
SRB00002,Novi Sad,2014-10-01,O2-Dis,,8.1784,mg/l,Fair,augmented_copy2_jitter+1d
SRB00002,Novi Sad,2014-10-06,O2-Dis,,8.8878,mg/l,Fair,augmented_copy3_jitter-3d
SRB00002,Novi Sad,2014-10-08,O2-Dis,,8.8648,mg/l,Fair,augmented_copy1_jitter-1d
SRB00002,Novi Sad,2014-10-09,O2-Dis,,8.9,mg/l,Fair,original
SRB00002,Novi Sad,2014-10-12,O2-Dis,,9.005,mg/l,Fair,augmented_copy2_jitter+3d
SRB00002,Novi Sad,2014-11-18,O2-Dis,,9.8,mg/l,Fair,original
SRB00002,Novi Sad,2014-11-19,O2-Dis,,9.7624,mg/l,Fair,augmented_copy1_jitter+1d
SRB00002,Novi Sad,2014-11-20,O2-Dis,,9.738,mg/l,Fair,augmented_copy2_jitter+2d
SRB00002,Novi Sad,2014-11-20,O2-Dis,,9.7394,mg/l,Fair,augmented_copy3_jitter+2d
SRB00002,Novi Sad,2014-12-22,O2-Dis,,11.7005,mg/l,Fair,augmented_copy2_jitter-3d
SRB00002,Novi Sad,2014-12-22,O2-Dis,,11.7539,mg/l,Fair,augmented_copy3_jitter-3d
SRB00002,Novi Sad,2014-12-25,O2-Dis,,11.7,mg/l,Fair,original
SRB00002,Novi Sad,2014-12-26,O2-Dis,,11.7513,mg/l,Fair,augmented_copy1_jitter+1d
SRB00002,Novi Sad,2015-01-14,O2-Dis,,13.0449,mg/l,Fair,augmented_copy2_jitter-2d
SRB00002,Novi Sad,2015-01-15,O2-Dis,,13.2083,mg/l,Fair,augmented_copy1_jitter-1d
SRB00002,Novi Sad,2015-01-15,O2-Dis,,13.0267,mg/l,Fair,augmented_copy3_jitter-1d
SRB00002,Novi Sad,2015-01-16,O2-Dis,,13.1,mg/l,Fair,original
SRB00002,Novi Sad,2015-02-22,O2-Dis,,12.8525,mg/l,Fair,augmented_copy1_jitter-2d
SRB00002,Novi Sad,2015-02-22,O2-Dis,,12.8943,mg/l,Fair,augmented_copy3_jitter-2d
SRB00002,Novi Sad,2015-02-23,O2-Dis,,12.7796,mg/l,Fair,augmented_copy2_jitter-1d
SRB00002,Novi Sad,2015-02-24,O2-Dis,,12.8,mg/l,Fair,original
SRB00002,Novi Sad,2015-03-14,O2-Dis,,12.2039,mg/l,Fair,augmented_copy3_jitter-3d
SRB00002,Novi Sad,2015-03-16,O2-Dis,,12.1627,mg/l,Fair,augmented_copy2_jitter-1d
SRB00002,Novi Sad,2015-03-17,O2-Dis,,12.1,mg/l,Fair,original
SRB00002,Novi Sad,2015-03-20,O2-Dis,,12.2567,mg/l,Fair,augmented_copy1_jitter+3d
SRB00002,Novi Sad,2015-04-05,O2-Dis,,10.7704,mg/l,Fair,augmented_copy2_jitter-2d
SRB00002,Novi Sad,2015-04-05,O2-Dis,,10.7092,mg/l,Fair,augmented_copy3_jitter-2d
SRB00002,Novi Sad,2015-04-06,O2-Dis,,10.8259,mg/l,Fair,augmented_copy1_jitter-1d
SRB00002,Novi Sad,2015-04-07,O2-Dis,,10.8,mg/l,Fair,original
SRB00002,Novi Sad,2015-05-11,O2-Dis,,9.3005,mg/l,Fair,augmented_copy1_jitter-1d
SRB00002,Novi Sad,2015-05-12,O2-Dis,,9.4,mg/l,Fair,original
SRB00002,Novi Sad,2015-05-14,O2-Dis,,9.5168,mg/l,Fair,augmented_copy2_jitter+2d
SRB00002,Novi Sad,2015-05-14,O2-Dis,,9.3955,mg/l,Fair,augmented_copy3_jitter+2d
SRB00002,Novi Sad,2015-06-17,O2-Dis,,7.8149,mg/l,Fair,augmented_copy2_jitter-1d
SRB00002,Novi Sad,2015-06-18,O2-Dis,,7.9,mg/l,Fair,original
SRB00002,Novi Sad,2015-06-19,O2-Dis,,7.8308,mg/l,Fair,augmented_copy3_jitter+1d
SRB00002,Novi Sad,2015-06-20,O2-Dis,,7.9676,mg/l,Fair,augmented_copy1_jitter+2d
SRB00002,Novi Sad,2015-07-18,O2-Dis,,7.9057,mg/l,Fair,augmented_copy1_jitter-3d
SRB00002,Novi Sad,2015-07-20,O2-Dis,,7.9886,mg/l,Fair,augmented_copy2_jitter-1d
SRB00002,Novi Sad,2015-07-20,O2-Dis,,7.9664,mg/l,Fair,augmented_copy3_jitter-1d
SRB00002,Novi Sad,2015-07-21,O2-Dis,,8.0,mg/l,Fair,original
SRB00002,Novi Sad,2015-08-15,O2-Dis,,7.8381,mg/l,Fair,augmented_copy3_jitter-3d
SRB00002,Novi Sad,2015-08-16,O2-Dis,,7.9361,mg/l,Fair,augmented_copy2_jitter-2d
SRB00002,Novi Sad,2015-08-18,O2-Dis,,7.9,mg/l,Fair,original
SRB00002,Novi Sad,2015-08-20,O2-Dis,,7.8352,mg/l,Fair,augmented_copy1_jitter+2d
SRB00002,Novi Sad,2015-09-24,O2-Dis,,8.8,mg/l,Fair,original
SRB00002,Novi Sad,2015-09-25,O2-Dis,,8.8266,mg/l,Fair,augmented_copy1_jitter+1d
SRB00002,Novi Sad,2015-09-25,O2-Dis,,8.5966,mg/l,Fair,augmented_copy3_jitter+1d
SRB00002,Novi Sad,2015-09-27,O2-Dis,,8.7154,mg/l,Fair,augmented_copy2_jitter+3d
SRB00002,Novi Sad,2015-10-23,O2-Dis,,9.8,mg/l,Fair,original
SRB00002,Novi Sad,2015-10-24,O2-Dis,,9.7999,mg/l,Fair,augmented_copy1_jitter+1d
SRB00002,Novi Sad,2015-10-25,O2-Dis,,9.8588,mg/l,Fair,augmented_copy2_jitter+2d
SRB00002,Novi Sad,2015-10-26,O2-Dis,,9.9908,mg/l,Fair,augmented_copy3_jitter+3d
SRB00002,Novi Sad,2015-11-07,O2-Dis,,10.6765,mg/l,Fair,augmented_copy3_jitter-3d
SRB00002,Novi Sad,2015-11-10,O2-Dis,,10.5,mg/l,Fair,original
SRB00002,Novi Sad,2015-11-11,O2-Dis,,10.4273,mg/l,Fair,augmented_copy1_jitter+1d
SRB00002,Novi Sad,2015-11-11,O2-Dis,,10.3884,mg/l,Fair,augmented_copy2_jitter+1d
SRB00002,Novi Sad,2015-12-20,O2-Dis,,12.1883,mg/l,Fair,augmented_copy1_jitter-3d
SRB00002,Novi Sad,2015-12-23,O2-Dis,,12.0,mg/l,Fair,original
SRB00002,Novi Sad,2015-12-25,O2-Dis,,12.2205,mg/l,Fair,augmented_copy2_jitter+2d
SRB00002,Novi Sad,2015-12-26,O2-Dis,,12.0979,mg/l,Fair,augmented_copy3_jitter+3d
SRB00002,Novi Sad,2016-01-09,O2-Dis,,12.9286,mg/l,Fair,augmented_copy1_jitter-3d
SRB00002,Novi Sad,2016-01-09,O2-Dis,,13.0601,mg/l,Fair,augmented_copy2_jitter-3d
SRB00002,Novi Sad,2016-01-09,O2-Dis,,12.8422,mg/l,Fair,augmented_copy3_jitter-3d
SRB00002,Novi Sad,2016-01-12,O2-Dis,,12.9,mg/l,Fair,original
SRB00002,Novi Sad,2016-02-02,O2-Dis,,12.5485,mg/l,Fair,augmented_copy2_jitter-3d
SRB00002,Novi Sad,2016-02-04,O2-Dis,,12.3674,mg/l,Fair,augmented_copy3_jitter-1d
SRB00002,Novi Sad,2016-02-05,O2-Dis,,12.5,mg/l,Fair,original
SRB00002,Novi Sad,2016-02-07,O2-Dis,,12.5929,mg/l,Fair,augmented_copy1_jitter+2d
SRB00002,Novi Sad,2016-03-07,O2-Dis,,11.0124,mg/l,Fair,augmented_copy1_jitter-1d
SRB00002,Novi Sad,2016-03-08,O2-Dis,,11.1,mg/l,Fair,original
SRB00002,Novi Sad,2016-03-11,O2-Dis,,10.9841,mg/l,Fair,augmented_copy2_jitter+3d
SRB00002,Novi Sad,2016-03-11,O2-Dis,,11.0833,mg/l,Fair,augmented_copy3_jitter+3d
SRB00002,Novi Sad,2016-04-03,O2-Dis,,11.8603,mg/l,Fair,augmented_copy1_jitter-2d
SRB00002,Novi Sad,2016-04-05,O2-Dis,,11.9,mg/l,Fair,original
SRB00002,Novi Sad,2016-04-06,O2-Dis,,12.0908,mg/l,Fair,augmented_copy2_jitter+1d
SRB00002,Novi Sad,2016-04-07,O2-Dis,,11.7128,mg/l,Fair,augmented_copy3_jitter+2d
SRB00002,Novi Sad,2016-05-14,O2-Dis,,9.3429,mg/l,Fair,augmented_copy2_jitter-3d
SRB00002,Novi Sad,2016-05-15,O2-Dis,,9.38,mg/l,Fair,augmented_copy3_jitter-2d
SRB00002,Novi Sad,2016-05-17,O2-Dis,,9.3,mg/l,Fair,original
SRB00002,Novi Sad,2016-05-18,O2-Dis,,9.3429,mg/l,Fair,augmented_copy1_jitter+1d
SRB00002,Novi Sad,2016-06-07,O2-Dis,,7.8827,mg/l,Fair,augmented_copy1_jitter-3d
SRB00002,Novi Sad,2016-06-08,O2-Dis,,7.9621,mg/l,Fair,augmented_copy3_jitter-2d
SRB00002,Novi Sad,2016-06-10,O2-Dis,,7.8,mg/l,Fair,original
SRB00002,Novi Sad,2016-06-13,O2-Dis,,7.7854,mg/l,Fair,augmented_copy2_jitter+3d
SRB00002,Novi Sad,2016-07-10,O2-Dis,,7.3384,mg/l,Fair,augmented_copy1_jitter-2d
SRB00002,Novi Sad,2016-07-10,O2-Dis,,7.5948,mg/l,Fair,augmented_copy2_jitter-2d
SRB00002,Novi Sad,2016-07-12,O2-Dis,,7.5,mg/l,Fair,original
SRB00002,Novi Sad,2016-07-15,O2-Dis,,7.589,mg/l,Fair,augmented_copy3_jitter+3d
SRB00002,Novi Sad,2016-07-26,O2-Dis,,7.4778,mg/l,Fair,augmented_copy1_jitter-2d
SRB00002,Novi Sad,2016-07-27,O2-Dis,,7.4427,mg/l,Fair,augmented_copy3_jitter-1d
SRB00002,Novi Sad,2016-07-28,O2-Dis,,7.4,mg/l,Fair,original
SRB00002,Novi Sad,2016-07-29,O2-Dis,,7.144,mg/l,Fair,augmented_copy2_jitter+1d
SRB00002,Novi Sad,2016-09-11,O2-Dis,,7.9502,mg/l,Fair,augmented_copy3_jitter-3d
SRB00002,Novi Sad,2016-09-13,O2-Dis,,7.9693,mg/l,Fair,augmented_copy1_jitter-1d
SRB00002,Novi Sad,2016-09-14,O2-Dis,,7.9,mg/l,Fair,original
SRB00002,Novi Sad,2016-09-17,O2-Dis,,7.8287,mg/l,Fair,augmented_copy2_jitter+3d
SRB00002,Novi Sad,2016-10-24,O2-Dis,,9.9823,mg/l,Fair,augmented_copy1_jitter-2d
SRB00002,Novi Sad,2016-10-24,O2-Dis,,10.1618,mg/l,Fair,augmented_copy2_jitter-2d
SRB00002,Novi Sad,2016-10-25,O2-Dis,,10.2488,mg/l,Fair,augmented_copy3_jitter-1d
SRB00002,Novi Sad,2016-10-26,O2-Dis,,10.1,mg/l,Fair,original
SRB00002,Novi Sad,2016-11-28,O2-Dis,,10.8764,mg/l,Fair,augmented_copy1_jitter-1d
SRB00002,Novi Sad,2016-11-29,O2-Dis,,10.8,mg/l,Fair,original
SRB00002,Novi Sad,2016-12-01,O2-Dis,,10.7252,mg/l,Fair,augmented_copy3_jitter+2d
SRB00002,Novi Sad,2016-12-02,O2-Dis,,10.6825,mg/l,Fair,augmented_copy2_jitter+3d
SRB00002,Novi Sad,2016-12-17,O2-Dis,,12.5822,mg/l,Fair,augmented_copy2_jitter-3d
SRB00002,Novi Sad,2016-12-20,O2-Dis,,12.7,mg/l,Fair,original
SRB00002,Novi Sad,2016-12-22,O2-Dis,,12.5952,mg/l,Fair,augmented_copy3_jitter+2d
SRB00002,Novi Sad,2016-12-23,O2-Dis,,12.5589,mg/l,Fair,augmented_copy1_jitter+3d
SRB00002,Novi Sad,2017-01-18,O2-Dis,,13.9013,mg/l,Fair,augmented_copy3_jitter-1d
SRB00002,Novi Sad,2017-01-19,O2-Dis,,13.8,mg/l,Fair,original
SRB00002,Novi Sad,2017-01-20,O2-Dis,,13.789,mg/l,Fair,augmented_copy2_jitter+1d
SRB00002,Novi Sad,2017-01-21,O2-Dis,,13.7862,mg/l,Fair,augmented_copy1_jitter+2d
SRB00002,Novi Sad,2017-02-18,O2-Dis,,13.6196,mg/l,Fair,augmented_copy1_jitter-3d
SRB00002,Novi Sad,2017-02-21,O2-Dis,,13.6,mg/l,Fair,original
SRB00002,Novi Sad,2017-02-23,O2-Dis,,13.5737,mg/l,Fair,augmented_copy3_jitter+2d
SRB00002,Novi Sad,2017-02-24,O2-Dis,,13.6124,mg/l,Fair,augmented_copy2_jitter+3d
SRB00002,Novi Sad,2017-03-20,O2-Dis,,12.2747,mg/l,Fair,augmented_copy3_jitter-1d
SRB00002,Novi Sad,2017-03-21,O2-Dis,,12.1,mg/l,Fair,original
SRB00002,Novi Sad,2017-03-22,O2-Dis,,12.0356,mg/l,Fair,augmented_copy1_jitter+1d
SRB00002,Novi Sad,2017-03-22,O2-Dis,,12.2023,mg/l,Fair,augmented_copy2_jitter+1d
SRB00002,Novi Sad,2017-04-05,O2-Dis,,10.9012,mg/l,Fair,augmented_copy3_jitter-2d
SRB00002,Novi Sad,2017-04-06,O2-Dis,,10.9306,mg/l,Fair,augmented_copy1_jitter-1d
SRB00002,Novi Sad,2017-04-07,O2-Dis,,10.9,mg/l,Fair,original
SRB00002,Novi Sad,2017-04-08,O2-Dis,,10.8616,mg/l,Fair,augmented_copy2_jitter+1d
SRB00002,Novi Sad,2017-05-10,O2-Dis,,11.0,mg/l,Fair,original
SRB00002,Novi Sad,2017-05-11,O2-Dis,,10.9831,mg/l,Fair,augmented_copy3_jitter+1d
SRB00002,Novi Sad,2017-05-12,O2-Dis,,11.0342,mg/l,Fair,augmented_copy1_jitter+2d
SRB00002,Novi Sad,2017-05-12,O2-Dis,,10.7332,mg/l,Fair,augmented_copy2_jitter+2d
SRB00002,Novi Sad,2017-06-06,O2-Dis,,8.5179,mg/l,Fair,augmented_copy1_jitter-2d
SRB00002,Novi Sad,2017-06-08,O2-Dis,,8.4,mg/l,Fair,original
SRB00002,Novi Sad,2017-06-09,O2-Dis,,8.5159,mg/l,Fair,augmented_copy2_jitter+1d
SRB00002,Novi Sad,2017-06-10,O2-Dis,,8.338,mg/l,Fair,augmented_copy3_jitter+2d
SRB00002,Novi Sad,2017-08-01,O2-Dis,,7.9061,mg/l,Fair,augmented_copy3_jitter-1d
SRB00002,Novi Sad,2017-08-02,O2-Dis,,7.8,mg/l,Fair,original
SRB00002,Novi Sad,2017-08-03,O2-Dis,,7.7384,mg/l,Fair,augmented_copy1_jitter+1d
SRB00002,Novi Sad,2017-08-05,O2-Dis,,7.8989,mg/l,Fair,augmented_copy2_jitter+3d
SRB00002,Novi Sad,2017-08-13,O2-Dis,,6.921,mg/l,Fair,augmented_copy2_jitter-2d
SRB00002,Novi Sad,2017-08-14,O2-Dis,,6.8507,mg/l,Fair,augmented_copy1_jitter-1d
SRB00002,Novi Sad,2017-08-14,O2-Dis,,7.0036,mg/l,Fair,augmented_copy3_jitter-1d
SRB00002,Novi Sad,2017-08-15,O2-Dis,,6.9,mg/l,Fair,original
SRB00002,Novi Sad,2017-09-16,O2-Dis,,8.5527,mg/l,Fair,augmented_copy3_jitter-3d
SRB00002,Novi Sad,2017-09-18,O2-Dis,,8.5093,mg/l,Fair,augmented_copy2_jitter-1d
SRB00002,Novi Sad,2017-09-19,O2-Dis,,8.6,mg/l,Fair,original
SRB00002,Novi Sad,2017-09-20,O2-Dis,,8.6688,mg/l,Fair,augmented_copy1_jitter+1d
SRB00002,Novi Sad,2017-10-14,O2-Dis,,9.1452,mg/l,Fair,augmented_copy1_jitter-3d
SRB00002,Novi Sad,2017-10-15,O2-Dis,,9.1911,mg/l,Fair,augmented_copy2_jitter-2d
SRB00002,Novi Sad,2017-10-15,O2-Dis,,9.2043,mg/l,Fair,augmented_copy3_jitter-2d
SRB00002,Novi Sad,2017-10-17,O2-Dis,,9.2,mg/l,Fair,original
SRB00002,Novi Sad,2017-11-21,O2-Dis,,11.3699,mg/l,Fair,augmented_copy3_jitter-3d
SRB00002,Novi Sad,2017-11-22,O2-Dis,,11.4134,mg/l,Fair,augmented_copy2_jitter-2d
SRB00002,Novi Sad,2017-11-24,O2-Dis,,11.3,mg/l,Fair,original
SRB00002,Novi Sad,2017-11-26,O2-Dis,,11.1521,mg/l,Fair,augmented_copy1_jitter+2d
SRB00002,Novi Sad,2017-12-17,O2-Dis,,11.8493,mg/l,Fair,augmented_copy3_jitter-2d
SRB00002,Novi Sad,2017-12-19,O2-Dis,,11.9,mg/l,Fair,original
SRB00002,Novi Sad,2017-12-20,O2-Dis,,11.7684,mg/l,Fair,augmented_copy2_jitter+1d
SRB00002,Novi Sad,2017-12-22,O2-Dis,,11.9274,mg/l,Fair,augmented_copy1_jitter+3d
SRB00002,Novi Sad,2018-01-07,O2-Dis,,12.1282,mg/l,Fair,augmented_copy3_jitter-3d
SRB00002,Novi Sad,2018-01-08,O2-Dis,,12.3132,mg/l,Fair,augmented_copy2_jitter-2d
SRB00002,Novi Sad,2018-01-10,O2-Dis,,12.2,mg/l,Fair,original
SRB00002,Novi Sad,2018-01-12,O2-Dis,,12.0808,mg/l,Fair,augmented_copy1_jitter+2d
SRB00002,Novi Sad,2018-02-03,O2-Dis,,12.2085,mg/l,Fair,augmented_copy2_jitter-3d
SRB00002,Novi Sad,2018-02-05,O2-Dis,,12.2854,mg/l,Fair,augmented_copy3_jitter-1d
SRB00002,Novi Sad,2018-02-06,O2-Dis,,12.2,mg/l,Fair,original
SRB00002,Novi Sad,2018-02-07,O2-Dis,,12.2664,mg/l,Fair,augmented_copy1_jitter+1d
SRB00002,Novi Sad,2018-03-11,O2-Dis,,12.7677,mg/l,Fair,augmented_copy3_jitter-2d
SRB00002,Novi Sad,2018-03-13,O2-Dis,,12.8,mg/l,Fair,original
SRB00002,Novi Sad,2018-03-15,O2-Dis,,12.751,mg/l,Fair,augmented_copy2_jitter+2d
SRB00002,Novi Sad,2018-03-16,O2-Dis,,12.7171,mg/l,Fair,augmented_copy1_jitter+3d
SRB00002,Novi Sad,2018-04-14,O2-Dis,,10.4487,mg/l,Fair,augmented_copy1_jitter-3d
SRB00002,Novi Sad,2018-04-16,O2-Dis,,10.3615,mg/l,Fair,augmented_copy2_jitter-1d
SRB00002,Novi Sad,2018-04-17,O2-Dis,,10.3,mg/l,Fair,original
SRB00002,Novi Sad,2018-04-19,O2-Dis,,10.436,mg/l,Fair,augmented_copy3_jitter+2d
SRB00002,Novi Sad,2018-05-25,O2-Dis,,9.4,mg/l,Fair,original
SRB00002,Novi Sad,2018-05-26,O2-Dis,,9.4668,mg/l,Fair,augmented_copy1_jitter+1d
SRB00002,Novi Sad,2018-05-27,O2-Dis,,9.3212,mg/l,Fair,augmented_copy2_jitter+2d
SRB00002,Novi Sad,2018-05-27,O2-Dis,,9.5054,mg/l,Fair,augmented_copy3_jitter+2d
SRB00002,Novi Sad,2018-06-13,O2-Dis,,8.2593,mg/l,Fair,augmented_copy2_jitter-2d
SRB00002,Novi Sad,2018-06-15,O2-Dis,,8.2,mg/l,Fair,original
SRB00002,Novi Sad,2018-06-18,O2-Dis,,7.979,mg/l,Fair,augmented_copy1_jitter+3d
SRB00002,Novi Sad,2018-06-18,O2-Dis,,8.1062,mg/l,Fair,augmented_copy3_jitter+3d
SRB00002,Novi Sad,2018-07-17,O2-Dis,,9.0373,mg/l,Fair,augmented_copy3_jitter-1d
SRB00002,Novi Sad,2018-07-18,O2-Dis,,9.0,mg/l,Fair,original
SRB00002,Novi Sad,2018-07-19,O2-Dis,,9.0796,mg/l,Fair,augmented_copy1_jitter+1d
SRB00002,Novi Sad,2018-07-20,O2-Dis,,8.8242,mg/l,Fair,augmented_copy2_jitter+2d
SRB00002,Novi Sad,2018-08-05,O2-Dis,,5.9849,mg/l,Fair,augmented_copy2_jitter-3d
SRB00002,Novi Sad,2018-08-05,O2-Dis,,6.1117,mg/l,Fair,augmented_copy3_jitter-3d
SRB00002,Novi Sad,2018-08-07,O2-Dis,,6.0163,mg/l,Fair,augmented_copy1_jitter-1d
SRB00002,Novi Sad,2018-08-08,O2-Dis,,6.0,mg/l,Fair,original
SRB00002,Novi Sad,2018-09-26,O2-Dis,,8.5466,mg/l,Fair,augmented_copy3_jitter-1d
SRB00002,Novi Sad,2018-09-27,O2-Dis,,8.5,mg/l,Fair,original
SRB00002,Novi Sad,2018-09-28,O2-Dis,,8.4722,mg/l,Fair,augmented_copy2_jitter+1d
SRB00002,Novi Sad,2018-09-29,O2-Dis,,8.2643,mg/l,Fair,augmented_copy1_jitter+2d
SRB00002,Novi Sad,2018-10-22,O2-Dis,,9.3735,mg/l,Fair,augmented_copy2_jitter-3d
SRB00002,Novi Sad,2018-10-23,O2-Dis,,9.3865,mg/l,Fair,augmented_copy1_jitter-2d
SRB00002,Novi Sad,2018-10-23,O2-Dis,,9.4832,mg/l,Fair,augmented_copy3_jitter-2d
SRB00002,Novi Sad,2018-10-25,O2-Dis,,9.4,mg/l,Fair,original
SRB00002,Novi Sad,2018-11-24,O2-Dis,,11.0513,mg/l,Fair,augmented_copy1_jitter-3d
SRB00002,Novi Sad,2018-11-24,O2-Dis,,11.0202,mg/l,Fair,augmented_copy2_jitter-3d
SRB00002,Novi Sad,2018-11-27,O2-Dis,,11.0,mg/l,Fair,original
SRB00002,Novi Sad,2018-11-29,O2-Dis,,10.9049,mg/l,Fair,augmented_copy3_jitter+2d
SRB00002,Novi Sad,2018-12-23,O2-Dis,,12.5802,mg/l,Fair,augmented_copy3_jitter-3d
SRB00002,Novi Sad,2018-12-26,O2-Dis,,12.5,mg/l,Fair,original
SRB00002,Novi Sad,2018-12-27,O2-Dis,,12.4375,mg/l,Fair,augmented_copy2_jitter+1d
SRB00002,Novi Sad,2018-12-29,O2-Dis,,12.496,mg/l,Fair,augmented_copy1_jitter+3d
SRB00002,Novi Sad,2019-01-26,O2-Dis,,12.9942,mg/l,Fair,augmented_copy3_jitter-3d
SRB00002,Novi Sad,2019-01-29,O2-Dis,,13.1,mg/l,Fair,original
SRB00002,Novi Sad,2019-01-31,O2-Dis,,13.0812,mg/l,Fair,augmented_copy2_jitter+2d
SRB00002,Novi Sad,2019-02-01,O2-Dis,,13.0896,mg/l,Fair,augmented_copy1_jitter+3d
SRB00002,Novi Sad,2019-02-27,O2-Dis,,13.4936,mg/l,Fair,augmented_copy2_jitter-1d
SRB00002,Novi Sad,2019-02-28,O2-Dis,,13.5,mg/l,Fair,original
SRB00002,Novi Sad,2019-03-02,O2-Dis,,13.5504,mg/l,Fair,augmented_copy3_jitter+2d
SRB00002,Novi Sad,2019-03-03,O2-Dis,,13.5848,mg/l,Fair,augmented_copy1_jitter+3d
SRB00002,Novi Sad,2019-03-11,O2-Dis,,11.7551,mg/l,Fair,augmented_copy1_jitter-1d
SRB00002,Novi Sad,2019-03-12,O2-Dis,,11.7,mg/l,Fair,original
SRB00002,Novi Sad,2019-03-13,O2-Dis,,11.8626,mg/l,Fair,augmented_copy2_jitter+1d
SRB00002,Novi Sad,2019-03-13,O2-Dis,,11.7552,mg/l,Fair,augmented_copy3_jitter+1d
SRB00002,Novi Sad,2019-04-21,O2-Dis,,11.4336,mg/l,Fair,augmented_copy2_jitter-2d
SRB00002,Novi Sad,2019-04-23,O2-Dis,,11.6,mg/l,Fair,original
SRB00002,Novi Sad,2019-04-24,O2-Dis,,11.557,mg/l,Fair,augmented_copy1_jitter+1d
SRB00002,Novi Sad,2019-04-24,O2-Dis,,11.5454,mg/l,Fair,augmented_copy3_jitter+1d
SRB00002,Novi Sad,2019-05-08,O2-Dis,,9.9,mg/l,Fair,original
SRB00002,Novi Sad,2019-05-09,O2-Dis,,9.9861,mg/l,Fair,augmented_copy1_jitter+1d
SRB00002,Novi Sad,2019-05-09,O2-Dis,,9.8607,mg/l,Fair,augmented_copy2_jitter+1d
SRB00002,Novi Sad,2019-05-10,O2-Dis,,9.7913,mg/l,Fair,augmented_copy3_jitter+2d
SRB00002,Novi Sad,2019-07-01,O2-Dis,,7.4269,mg/l,Fair,augmented_copy3_jitter-1d
SRB00002,Novi Sad,2019-07-02,O2-Dis,,7.4,mg/l,Fair,original
SRB00002,Novi Sad,2019-07-04,O2-Dis,,7.3784,mg/l,Fair,augmented_copy2_jitter+2d
SRB00002,Novi Sad,2019-07-05,O2-Dis,,7.3075,mg/l,Fair,augmented_copy1_jitter+3d
SRB00002,Novi Sad,2019-07-22,O2-Dis,,10.6968,mg/l,Fair,augmented_copy1_jitter-1d
SRB00002,Novi Sad,2019-07-22,O2-Dis,,10.5543,mg/l,Fair,augmented_copy2_jitter-1d
SRB00002,Novi Sad,2019-07-23,O2-Dis,,10.6,mg/l,Fair,original
SRB00002,Novi Sad,2019-07-25,O2-Dis,,10.6043,mg/l,Fair,augmented_copy3_jitter+2d
SRB00002,Novi Sad,2019-08-17,O2-Dis,,8.9876,mg/l,Fair,augmented_copy3_jitter-3d
SRB00002,Novi Sad,2019-08-18,O2-Dis,,8.8987,mg/l,Fair,augmented_copy1_jitter-2d
SRB00002,Novi Sad,2019-08-20,O2-Dis,,8.9,mg/l,Fair,original
SRB00002,Novi Sad,2019-08-22,O2-Dis,,9.0327,mg/l,Fair,augmented_copy2_jitter+2d
SRB00002,Novi Sad,2019-08-31,O2-Dis,,8.2144,mg/l,Fair,augmented_copy1_jitter-3d
SRB00002,Novi Sad,2019-09-03,O2-Dis,,8.3,mg/l,Fair,original
SRB00002,Novi Sad,2019-09-04,O2-Dis,,8.3568,mg/l,Fair,augmented_copy3_jitter+1d
SRB00002,Novi Sad,2019-09-05,O2-Dis,,8.2493,mg/l,Fair,augmented_copy2_jitter+2d
SRB00002,Novi Sad,2019-09-29,O2-Dis,,8.6969,mg/l,Fair,augmented_copy2_jitter-3d
SRB00002,Novi Sad,2019-10-01,O2-Dis,,8.5386,mg/l,Fair,augmented_copy3_jitter-1d
SRB00002,Novi Sad,2019-10-02,O2-Dis,,8.6,mg/l,Fair,original
SRB00002,Novi Sad,2019-10-03,O2-Dis,,8.4834,mg/l,Fair,augmented_copy1_jitter+1d
SRB00002,Novi Sad,2019-11-04,O2-Dis,,9.5582,mg/l,Fair,augmented_copy2_jitter-1d
SRB00002,Novi Sad,2019-11-05,O2-Dis,,9.5,mg/l,Fair,original
SRB00002,Novi Sad,2019-11-06,O2-Dis,,9.3007,mg/l,Fair,augmented_copy3_jitter+1d
SRB00002,Novi Sad,2019-11-07,O2-Dis,,9.6906,mg/l,Fair,augmented_copy1_jitter+2d
SRB00002,Novi Sad,2019-12-10,O2-Dis,,11.7,mg/l,Fair,original
SRB00002,Novi Sad,2019-12-11,O2-Dis,,11.7665,mg/l,Fair,augmented_copy3_jitter+1d
SRB00002,Novi Sad,2019-12-12,O2-Dis,,11.6716,mg/l,Fair,augmented_copy2_jitter+2d
SRB00002,Novi Sad,2019-12-13,O2-Dis,,11.803,mg/l,Fair,augmented_copy1_jitter+3d
SRB00002,Novi Sad,2020-01-30,O2-Dis,,12.9366,mg/l,Fair,augmented_copy2_jitter-1d
SRB00002,Novi Sad,2020-01-31,O2-Dis,,13.0,mg/l,Fair,original
SRB00002,Novi Sad,2020-02-02,O2-Dis,,13.1176,mg/l,Fair,augmented_copy1_jitter+2d
SRB00002,Novi Sad,2020-02-02,O2-Dis,,13.1041,mg/l,Fair,augmented_copy3_jitter+2d
SRB00002,Novi Sad,2020-02-26,O2-Dis,,12.1913,mg/l,Fair,augmented_copy1_jitter-2d
SRB00002,Novi Sad,2020-02-27,O2-Dis,,11.9742,mg/l,Fair,augmented_copy3_jitter-1d
SRB00002,Novi Sad,2020-02-28,O2-Dis,,12.0,mg/l,Fair,original
SRB00002,Novi Sad,2020-02-29,O2-Dis,,11.915,mg/l,Fair,augmented_copy2_jitter+1d
SRB00002,Novi Sad,2020-03-15,O2-Dis,,11.5934,mg/l,Fair,augmented_copy1_jitter-3d
SRB00002,Novi Sad,2020-03-17,O2-Dis,,11.6698,mg/l,Fair,augmented_copy3_jitter-1d
SRB00002,Novi Sad,2020-03-18,O2-Dis,,11.6,mg/l,Fair,original
SRB00002,Novi Sad,2020-03-21,O2-Dis,,11.6939,mg/l,Fair,augmented_copy2_jitter+3d
SRB00002,Novi Sad,2020-05-14,O2-Dis,,9.9,mg/l,Fair,original
SRB00002,Novi Sad,2020-05-15,O2-Dis,,9.8473,mg/l,Fair,augmented_copy3_jitter+1d
SRB00002,Novi Sad,2020-05-16,O2-Dis,,9.8296,mg/l,Fair,augmented_copy1_jitter+2d
SRB00002,Novi Sad,2020-05-17,O2-Dis,,9.7814,mg/l,Fair,augmented_copy2_jitter+3d
SRB00002,Novi Sad,2020-06-03,O2-Dis,,9.2283,mg/l,Fair,augmented_copy2_jitter-2d
SRB00002,Novi Sad,2020-06-03,O2-Dis,,9.3043,mg/l,Fair,augmented_copy3_jitter-2d
SRB00002,Novi Sad,2020-06-04,O2-Dis,,9.2273,mg/l,Fair,augmented_copy1_jitter-1d
SRB00002,Novi Sad,2020-06-05,O2-Dis,,9.3,mg/l,Fair,original
SRB00002,Novi Sad,2020-07-21,O2-Dis,,7.8,mg/l,Fair,original
SRB00002,Novi Sad,2020-07-23,O2-Dis,,7.6701,mg/l,Fair,augmented_copy1_jitter+2d
SRB00002,Novi Sad,2020-07-23,O2-Dis,,7.7584,mg/l,Fair,augmented_copy3_jitter+2d
SRB00002,Novi Sad,2020-07-24,O2-Dis,,7.6904,mg/l,Fair,augmented_copy2_jitter+3d
SRB00002,Novi Sad,2020-08-18,O2-Dis,,7.1408,mg/l,Fair,augmented_copy3_jitter-3d
SRB00002,Novi Sad,2020-08-20,O2-Dis,,7.0258,mg/l,Fair,augmented_copy1_jitter-1d
SRB00002,Novi Sad,2020-08-20,O2-Dis,,7.2307,mg/l,Fair,augmented_copy2_jitter-1d
SRB00002,Novi Sad,2020-08-21,O2-Dis,,7.2,mg/l,Fair,original
SRB00002,Novi Sad,2020-09-27,O2-Dis,,8.4622,mg/l,Fair,augmented_copy3_jitter-3d
SRB00002,Novi Sad,2020-09-28,O2-Dis,,8.4431,mg/l,Fair,augmented_copy1_jitter-2d
SRB00002,Novi Sad,2020-09-28,O2-Dis,,8.2842,mg/l,Fair,augmented_copy2_jitter-2d
SRB00002,Novi Sad,2020-09-30,O2-Dis,,8.4,mg/l,Fair,original
SRB00002,Novi Sad,2020-10-25,O2-Dis,,9.5875,mg/l,Fair,augmented_copy1_jitter-3d
SRB00002,Novi Sad,2020-10-25,O2-Dis,,9.587,mg/l,Fair,augmented_copy3_jitter-3d
SRB00002,Novi Sad,2020-10-28,O2-Dis,,9.7,mg/l,Fair,original
SRB00002,Novi Sad,2020-10-31,O2-Dis,,9.6598,mg/l,Fair,augmented_copy2_jitter+3d
SRB00002,Novi Sad,2020-11-27,O2-Dis,,11.4,mg/l,Fair,original
SRB00002,Novi Sad,2020-11-29,O2-Dis,,11.335,mg/l,Fair,augmented_copy2_jitter+2d
SRB00002,Novi Sad,2020-11-29,O2-Dis,,11.3669,mg/l,Fair,augmented_copy3_jitter+2d
SRB00002,Novi Sad,2020-11-30,O2-Dis,,11.4151,mg/l,Fair,augmented_copy1_jitter+3d
SRB00002,Novi Sad,2020-12-22,O2-Dis,,11.9541,mg/l,Fair,augmented_copy3_jitter-2d
SRB00002,Novi Sad,2020-12-24,O2-Dis,,12.0,mg/l,Fair,original
SRB00002,Novi Sad,2020-12-25,O2-Dis,,11.8719,mg/l,Fair,augmented_copy2_jitter+1d
SRB00002,Novi Sad,2020-12-27,O2-Dis,,12.0729,mg/l,Fair,augmented_copy1_jitter+3d
SRB00002,Novi Sad,2021-01-26,O2-Dis,,12.5511,mg/l,Fair,augmented_copy1_jitter-3d
SRB00002,Novi Sad,2021-01-29,O2-Dis,,12.5,mg/l,Fair,original
SRB00002,Novi Sad,2021-01-31,O2-Dis,,12.5451,mg/l,Fair,augmented_copy2_jitter+2d
SRB00002,Novi Sad,2021-01-31,O2-Dis,,12.4583,mg/l,Fair,augmented_copy3_jitter+2d
SRB00002,Novi Sad,2021-02-24,O2-Dis,,12.2497,mg/l,Fair,augmented_copy3_jitter-2d
SRB00002,Novi Sad,2021-02-26,O2-Dis,,12.2,mg/l,Fair,original
SRB00002,Novi Sad,2021-02-27,O2-Dis,,12.238,mg/l,Fair,augmented_copy1_jitter+1d
SRB00002,Novi Sad,2021-02-28,O2-Dis,,12.326,mg/l,Fair,augmented_copy2_jitter+2d
SRB00002,Novi Sad,2021-03-21,O2-Dis,,13.1081,mg/l,Fair,augmented_copy2_jitter-2d
SRB00002,Novi Sad,2021-03-23,O2-Dis,,13.0,mg/l,Fair,original
SRB00002,Novi Sad,2021-03-25,O2-Dis,,12.9314,mg/l,Fair,augmented_copy3_jitter+2d
SRB00002,Novi Sad,2021-03-26,O2-Dis,,12.8875,mg/l,Fair,augmented_copy1_jitter+3d
SRB00002,Novi Sad,2021-04-25,O2-Dis,,11.5472,mg/l,Fair,augmented_copy3_jitter-3d
SRB00002,Novi Sad,2021-04-26,O2-Dis,,11.5568,mg/l,Fair,augmented_copy1_jitter-2d
SRB00002,Novi Sad,2021-04-28,O2-Dis,,11.6,mg/l,Fair,original
SRB00002,Novi Sad,2021-04-29,O2-Dis,,11.5309,mg/l,Fair,augmented_copy2_jitter+1d
SRB00002,Novi Sad,2021-05-22,O2-Dis,,8.1372,mg/l,Fair,augmented_copy1_jitter-3d
SRB00002,Novi Sad,2021-05-23,O2-Dis,,8.2175,mg/l,Fair,augmented_copy2_jitter-2d
SRB00002,Novi Sad,2021-05-23,O2-Dis,,8.2122,mg/l,Fair,augmented_copy3_jitter-2d
SRB00002,Novi Sad,2021-05-25,O2-Dis,,8.2,mg/l,Fair,original
SRB00002,Novi Sad,2021-06-28,O2-Dis,,7.9528,mg/l,Fair,augmented_copy1_jitter-1d
SRB00002,Novi Sad,2021-06-28,O2-Dis,,8.0855,mg/l,Fair,augmented_copy3_jitter-1d
SRB00002,Novi Sad,2021-06-29,O2-Dis,,8.1,mg/l,Fair,original
SRB00002,Novi Sad,2021-07-01,O2-Dis,,8.1113,mg/l,Fair,augmented_copy2_jitter+2d
SRB00002,Novi Sad,2021-07-29,O2-Dis,,7.0,mg/l,Fair,original
SRB00002,Novi Sad,2021-07-31,O2-Dis,,6.9569,mg/l,Fair,augmented_copy3_jitter+2d
SRB00002,Novi Sad,2021-08-01,O2-Dis,,7.0102,mg/l,Fair,augmented_copy1_jitter+3d
SRB00002,Novi Sad,2021-08-01,O2-Dis,,6.964,mg/l,Fair,augmented_copy2_jitter+3d
SRB00002,Novi Sad,2021-08-15,O2-Dis,,7.424,mg/l,Fair,augmented_copy2_jitter-3d
SRB00002,Novi Sad,2021-08-18,O2-Dis,,7.5,mg/l,Fair,original
SRB00002,Novi Sad,2021-08-19,O2-Dis,,7.4678,mg/l,Fair,augmented_copy3_jitter+1d
SRB00002,Novi Sad,2021-08-21,O2-Dis,,7.6455,mg/l,Fair,augmented_copy1_jitter+3d
SRB00002,Novi Sad,2021-09-27,O2-Dis,,10.1809,mg/l,Fair,augmented_copy2_jitter-3d
SRB00002,Novi Sad,2021-09-30,O2-Dis,,10.1,mg/l,Fair,original
SRB00002,Novi Sad,2021-10-01,O2-Dis,,10.1422,mg/l,Fair,augmented_copy1_jitter+1d
SRB00002,Novi Sad,2021-10-02,O2-Dis,,10.1481,mg/l,Fair,augmented_copy3_jitter+2d
SRB00002,Novi Sad,2021-10-25,O2-Dis,,10.8365,mg/l,Fair,augmented_copy1_jitter-3d
SRB00002,Novi Sad,2021-10-26,O2-Dis,,10.8138,mg/l,Fair,augmented_copy2_jitter-2d
SRB00002,Novi Sad,2021-10-28,O2-Dis,,10.8,mg/l,Fair,original
SRB00002,Novi Sad,2021-10-30,O2-Dis,,10.8319,mg/l,Fair,augmented_copy3_jitter+2d
SRB00002,Novi Sad,2021-11-18,O2-Dis,,12.0015,mg/l,Fair,augmented_copy1_jitter-1d
SRB00002,Novi Sad,2021-11-18,O2-Dis,,12.0672,mg/l,Fair,augmented_copy3_jitter-1d
SRB00002,Novi Sad,2021-11-19,O2-Dis,,12.1,mg/l,Fair,original
SRB00002,Novi Sad,2021-11-20,O2-Dis,,12.1125,mg/l,Fair,augmented_copy2_jitter+1d
SRB00002,Novi Sad,2021-11-29,O2-Dis,,11.5745,mg/l,Fair,augmented_copy3_jitter-2d
SRB00002,Novi Sad,2021-12-01,O2-Dis,,11.5,mg/l,Fair,original
SRB00002,Novi Sad,2021-12-02,O2-Dis,,11.4818,mg/l,Fair,augmented_copy2_jitter+1d
SRB00002,Novi Sad,2021-12-04,O2-Dis,,11.5286,mg/l,Fair,augmented_copy1_jitter+3d
SRB00002,Novi Sad,2022-01-19,O2-Dis,,12.7,mg/l,Fair,original
SRB00002,Novi Sad,2022-01-20,O2-Dis,,12.7051,mg/l,Fair,augmented_copy1_jitter+1d
SRB00002,Novi Sad,2022-01-20,O2-Dis,,12.7419,mg/l,Fair,augmented_copy2_jitter+1d
SRB00002,Novi Sad,2022-01-20,O2-Dis,,12.6192,mg/l,Fair,augmented_copy3_jitter+1d
SRB00002,Novi Sad,2022-02-20,O2-Dis,,12.2212,mg/l,Fair,augmented_copy1_jitter-3d
SRB00002,Novi Sad,2022-02-22,O2-Dis,,12.1186,mg/l,Fair,augmented_copy3_jitter-1d
SRB00002,Novi Sad,2022-02-23,O2-Dis,,12.2,mg/l,Fair,original
SRB00002,Novi Sad,2022-02-26,O2-Dis,,12.1722,mg/l,Fair,augmented_copy2_jitter+3d
SRB00002,Novi Sad,2022-03-30,O2-Dis,,12.2945,mg/l,Fair,augmented_copy1_jitter-1d
SRB00002,Novi Sad,2022-03-31,O2-Dis,,12.3,mg/l,Fair,original
SRB00002,Novi Sad,2022-04-01,O2-Dis,,12.2042,mg/l,Fair,augmented_copy2_jitter+1d
SRB00002,Novi Sad,2022-04-01,O2-Dis,,12.2822,mg/l,Fair,augmented_copy3_jitter+1d
SRB00002,Novi Sad,2022-04-28,O2-Dis,,11.6448,mg/l,Fair,augmented_copy1_jitter-1d
SRB00002,Novi Sad,2022-04-29,O2-Dis,,11.8,mg/l,Fair,original
SRB00002,Novi Sad,2022-05-01,O2-Dis,,11.79,mg/l,Fair,augmented_copy2_jitter+2d
SRB00002,Novi Sad,2022-05-02,O2-Dis,,11.9,mg/l,Fair,augmented_copy3_jitter+3d
SRB00002,Novi Sad,2022-06-01,O2-Dis,,8.6,mg/l,Fair,original
SRB00002,Novi Sad,2022-06-02,O2-Dis,,8.5935,mg/l,Fair,augmented_copy1_jitter+1d
SRB00002,Novi Sad,2022-06-02,O2-Dis,,8.4215,mg/l,Fair,augmented_copy2_jitter+1d
SRB00002,Novi Sad,2022-06-03,O2-Dis,,8.5496,mg/l,Fair,augmented_copy3_jitter+2d
SRB00002,Novi Sad,2022-06-29,O2-Dis,,10.7277,mg/l,Fair,augmented_copy1_jitter-1d
SRB00002,Novi Sad,2022-06-29,O2-Dis,,10.5432,mg/l,Fair,augmented_copy2_jitter-1d
SRB00002,Novi Sad,2022-06-30,O2-Dis,,10.6,mg/l,Fair,original
SRB00002,Novi Sad,2022-07-01,O2-Dis,,10.5214,mg/l,Fair,augmented_copy3_jitter+1d
SRB00002,Novi Sad,2022-07-24,O2-Dis,,9.5778,mg/l,Fair,augmented_copy1_jitter-3d
SRB00002,Novi Sad,2022-07-27,O2-Dis,,9.6,mg/l,Fair,original
SRB00002,Novi Sad,2022-07-28,O2-Dis,,9.6752,mg/l,Fair,augmented_copy2_jitter+1d
SRB00002,Novi Sad,2022-07-28,O2-Dis,,9.6907,mg/l,Fair,augmented_copy3_jitter+1d
SRB00002,Novi Sad,2022-08-24,O2-Dis,,7.3379,mg/l,Fair,augmented_copy2_jitter-2d
SRB00002,Novi Sad,2022-08-25,O2-Dis,,7.5106,mg/l,Fair,augmented_copy1_jitter-1d
SRB00002,Novi Sad,2022-08-26,O2-Dis,,7.5,mg/l,Fair,original
SRB00002,Novi Sad,2022-08-29,O2-Dis,,7.4783,mg/l,Fair,augmented_copy3_jitter+3d
SRB00002,Novi Sad,2022-10-05,O2-Dis,,8.7,mg/l,Fair,original
SRB00002,Novi Sad,2022-10-06,O2-Dis,,8.7682,mg/l,Fair,augmented_copy2_jitter+1d
SRB00002,Novi Sad,2022-10-07,O2-Dis,,8.5854,mg/l,Fair,augmented_copy3_jitter+2d
SRB00002,Novi Sad,2022-10-08,O2-Dis,,8.7806,mg/l,Fair,augmented_copy1_jitter+3d
SRB00002,Novi Sad,2022-11-02,O2-Dis,,9.3045,mg/l,Fair,augmented_copy1_jitter-2d
SRB00002,Novi Sad,2022-11-02,O2-Dis,,9.3898,mg/l,Fair,augmented_copy2_jitter-2d
SRB00002,Novi Sad,2022-11-03,O2-Dis,,9.264,mg/l,Fair,augmented_copy3_jitter-1d
SRB00002,Novi Sad,2022-11-04,O2-Dis,,9.3,mg/l,Fair,original
SRB00002,Novi Sad,2022-11-30,O2-Dis,,11.1,mg/l,Fair,original
SRB00002,Novi Sad,2022-12-01,O2-Dis,,11.0352,mg/l,Fair,augmented_copy1_jitter+1d
SRB00002,Novi Sad,2022-12-02,O2-Dis,,10.9173,mg/l,Fair,augmented_copy2_jitter+2d
SRB00002,Novi Sad,2022-12-02,O2-Dis,,11.236,mg/l,Fair,augmented_copy3_jitter+2d
SRB00002,Novi Sad,2023-01-06,O2-Dis,,10.9,mg/l,Fair,original
SRB00002,Novi Sad,2023-01-07,O2-Dis,,10.9114,mg/l,Fair,augmented_copy2_jitter+1d
SRB00002,Novi Sad,2023-01-08,O2-Dis,,10.9252,mg/l,Fair,augmented_copy3_jitter+2d
SRB00002,Novi Sad,2023-01-09,O2-Dis,,10.8406,mg/l,Fair,augmented_copy1_jitter+3d
SRB00002,Novi Sad,2023-02-07,O2-Dis,,12.5,mg/l,Fair,original
SRB00002,Novi Sad,2023-02-08,O2-Dis,,12.4605,mg/l,Fair,augmented_copy2_jitter+1d
SRB00002,Novi Sad,2023-02-08,O2-Dis,,12.5055,mg/l,Fair,augmented_copy3_jitter+1d
SRB00002,Novi Sad,2023-02-10,O2-Dis,,12.4527,mg/l,Fair,augmented_copy1_jitter+3d
SRB00002,Novi Sad,2023-03-05,O2-Dis,,12.0446,mg/l,Fair,augmented_copy3_jitter-3d
SRB00002,Novi Sad,2023-03-07,O2-Dis,,12.1279,mg/l,Fair,augmented_copy2_jitter-1d
SRB00002,Novi Sad,2023-03-08,O2-Dis,,12.1,mg/l,Fair,original
SRB00002,Novi Sad,2023-03-11,O2-Dis,,12.1477,mg/l,Fair,augmented_copy1_jitter+3d
SRB00002,Novi Sad,2023-04-08,O2-Dis,,11.7397,mg/l,Fair,augmented_copy1_jitter-3d
SRB00002,Novi Sad,2023-04-08,O2-Dis,,11.7461,mg/l,Fair,augmented_copy2_jitter-3d
SRB00002,Novi Sad,2023-04-11,O2-Dis,,11.8,mg/l,Fair,original
SRB00002,Novi Sad,2023-04-14,O2-Dis,,11.9141,mg/l,Fair,augmented_copy3_jitter+3d
SRB00002,Novi Sad,2023-05-02,O2-Dis,,9.663,mg/l,Fair,augmented_copy1_jitter-3d
SRB00002,Novi Sad,2023-05-02,O2-Dis,,9.922,mg/l,Fair,augmented_copy2_jitter-3d
SRB00002,Novi Sad,2023-05-03,O2-Dis,,9.7424,mg/l,Fair,augmented_copy3_jitter-2d
SRB00002,Novi Sad,2023-05-05,O2-Dis,,9.8,mg/l,Fair,original
SRB00002,Novi Sad,2023-05-29,O2-Dis,,7.6036,mg/l,Fair,augmented_copy2_jitter-3d
SRB00002,Novi Sad,2023-06-01,O2-Dis,,7.6,mg/l,Fair,original
SRB00002,Novi Sad,2023-06-02,O2-Dis,,7.4837,mg/l,Fair,augmented_copy1_jitter+1d
SRB00002,Novi Sad,2023-06-02,O2-Dis,,7.7012,mg/l,Fair,augmented_copy3_jitter+1d
SRB00002,Novi Sad,2023-07-09,O2-Dis,,9.7722,mg/l,Fair,augmented_copy2_jitter-3d
SRB00002,Novi Sad,2023-07-12,O2-Dis,,9.8,mg/l,Fair,original
SRB00002,Novi Sad,2023-07-13,O2-Dis,,9.8067,mg/l,Fair,augmented_copy3_jitter+1d
SRB00002,Novi Sad,2023-07-14,O2-Dis,,9.5585,mg/l,Fair,augmented_copy1_jitter+2d
SRB00002,Novi Sad,2023-08-12,O2-Dis,,7.052,mg/l,Fair,augmented_copy1_jitter-3d
SRB00002,Novi Sad,2023-08-15,O2-Dis,,7.0,mg/l,Fair,original
SRB00002,Novi Sad,2023-08-17,O2-Dis,,6.8209,mg/l,Fair,augmented_copy2_jitter+2d
SRB00002,Novi Sad,2023-08-18,O2-Dis,,6.9485,mg/l,Fair,augmented_copy3_jitter+3d
SRB00002,Novi Sad,2023-09-05,O2-Dis,,7.3131,mg/l,Fair,augmented_copy1_jitter-2d
SRB00002,Novi Sad,2023-09-06,O2-Dis,,7.2598,mg/l,Fair,augmented_copy3_jitter-1d
SRB00002,Novi Sad,2023-09-07,O2-Dis,,7.4,mg/l,Fair,original
SRB00002,Novi Sad,2023-09-08,O2-Dis,,7.4969,mg/l,Fair,augmented_copy2_jitter+1d
SRB00002,Novi Sad,2023-10-05,O2-Dis,,8.5392,mg/l,Fair,augmented_copy1_jitter-1d
SRB00002,Novi Sad,2023-10-06,O2-Dis,,8.6,mg/l,Fair,original
SRB00002,Novi Sad,2023-10-08,O2-Dis,,8.5244,mg/l,Fair,augmented_copy2_jitter+2d
SRB00002,Novi Sad,2023-10-08,O2-Dis,,8.5313,mg/l,Fair,augmented_copy3_jitter+2d
SRB00002,Novi Sad,2023-11-01,O2-Dis,,9.4304,mg/l,Fair,augmented_copy1_jitter-1d
SRB00002,Novi Sad,2023-11-01,O2-Dis,,9.4952,mg/l,Fair,augmented_copy2_jitter-1d
SRB00002,Novi Sad,2023-11-02,O2-Dis,,9.4,mg/l,Fair,original
SRB00002,Novi Sad,2023-11-05,O2-Dis,,9.2994,mg/l,Fair,augmented_copy3_jitter+3d
SRB00002,Novi Sad,2023-12-19,O2-Dis,,12.1,mg/l,Fair,original
SRB00002,Novi Sad,2023-12-20,O2-Dis,,12.1438,mg/l,Fair,augmented_copy2_jitter+1d
SRB00002,Novi Sad,2023-12-21,O2-Dis,,12.022,mg/l,Fair,augmented_copy1_jitter+2d
SRB00002,Novi Sad,2023-12-22,O2-Dis,,12.1774,mg/l,Fair,augmented_copy3_jitter+3d
SRB00003,Zemun,2013-01-13,O2-Dis,,11.073,mg/l,Fair,augmented_copy1_jitter-3d
SRB00003,Zemun,2013-01-14,O2-Dis,,11.2128,mg/l,Fair,augmented_copy3_jitter-2d
SRB00003,Zemun,2013-01-15,O2-Dis,,11.0071,mg/l,Fair,augmented_copy2_jitter-1d
SRB00003,Zemun,2013-01-16,O2-Dis,,11.3,mg/l,Fair,original
SRB00003,Zemun,2013-02-19,O2-Dis,,12.8064,mg/l,Fair,augmented_copy1_jitter-1d
SRB00003,Zemun,2013-02-20,O2-Dis,,12.8,mg/l,Fair,original
SRB00003,Zemun,2013-02-22,O2-Dis,,12.672,mg/l,Fair,augmented_copy3_jitter+2d
SRB00003,Zemun,2013-02-23,O2-Dis,,12.7487,mg/l,Fair,augmented_copy2_jitter+3d
SRB00003,Zemun,2013-03-20,O2-Dis,,10.7,mg/l,Fair,original
SRB00003,Zemun,2013-03-21,O2-Dis,,10.6352,mg/l,Fair,augmented_copy3_jitter+1d
SRB00003,Zemun,2013-03-22,O2-Dis,,10.625,mg/l,Fair,augmented_copy1_jitter+2d
SRB00003,Zemun,2013-03-23,O2-Dis,,10.7595,mg/l,Fair,augmented_copy2_jitter+3d
SRB00003,Zemun,2013-04-16,O2-Dis,,11.1174,mg/l,Fair,augmented_copy3_jitter-1d
SRB00003,Zemun,2013-04-17,O2-Dis,,11.4,mg/l,Fair,original
SRB00003,Zemun,2013-04-18,O2-Dis,,11.4719,mg/l,Fair,augmented_copy2_jitter+1d
SRB00003,Zemun,2013-04-19,O2-Dis,,11.4365,mg/l,Fair,augmented_copy1_jitter+2d
SRB00003,Zemun,2013-05-12,O2-Dis,,7.2665,mg/l,Fair,augmented_copy1_jitter-3d
SRB00003,Zemun,2013-05-14,O2-Dis,,7.1534,mg/l,Fair,augmented_copy3_jitter-1d
SRB00003,Zemun,2013-05-15,O2-Dis,,7.1,mg/l,Fair,original
SRB00003,Zemun,2013-05-17,O2-Dis,,7.1168,mg/l,Fair,augmented_copy2_jitter+2d
SRB00003,Zemun,2013-06-18,O2-Dis,,6.3888,mg/l,Fair,augmented_copy1_jitter-1d
SRB00003,Zemun,2013-06-19,O2-Dis,,6.4,mg/l,Fair,original
SRB00003,Zemun,2013-06-21,O2-Dis,,6.4162,mg/l,Fair,augmented_copy2_jitter+2d
SRB00003,Zemun,2013-06-21,O2-Dis,,6.4585,mg/l,Fair,augmented_copy3_jitter+2d
SRB00003,Zemun,2013-07-15,O2-Dis,,7.8513,mg/l,Fair,augmented_copy2_jitter-2d
SRB00003,Zemun,2013-07-17,O2-Dis,,7.8,mg/l,Fair,original
SRB00003,Zemun,2013-07-19,O2-Dis,,7.6809,mg/l,Fair,augmented_copy1_jitter+2d
SRB00003,Zemun,2013-07-20,O2-Dis,,7.7797,mg/l,Fair,augmented_copy3_jitter+3d
SRB00003,Zemun,2013-08-18,O2-Dis,,6.4477,mg/l,Fair,augmented_copy1_jitter-3d
SRB00003,Zemun,2013-08-18,O2-Dis,,6.6565,mg/l,Fair,augmented_copy3_jitter-3d
SRB00003,Zemun,2013-08-21,O2-Dis,,6.5,mg/l,Fair,original
SRB00003,Zemun,2013-08-23,O2-Dis,,6.492,mg/l,Fair,augmented_copy2_jitter+2d
SRB00003,Zemun,2013-09-16,O2-Dis,,7.6449,mg/l,Fair,augmented_copy2_jitter-2d
SRB00003,Zemun,2013-09-18,O2-Dis,,7.7,mg/l,Fair,original
SRB00003,Zemun,2013-09-19,O2-Dis,,7.7298,mg/l,Fair,augmented_copy3_jitter+1d
SRB00003,Zemun,2013-09-20,O2-Dis,,7.7507,mg/l,Fair,augmented_copy1_jitter+2d
SRB00003,Zemun,2013-10-14,O2-Dis,,8.4859,mg/l,Fair,augmented_copy3_jitter-2d
SRB00003,Zemun,2013-10-15,O2-Dis,,8.3333,mg/l,Fair,augmented_copy2_jitter-1d
SRB00003,Zemun,2013-10-16,O2-Dis,,8.5,mg/l,Fair,original
SRB00003,Zemun,2013-10-17,O2-Dis,,8.5383,mg/l,Fair,augmented_copy1_jitter+1d
SRB00003,Zemun,2013-11-18,O2-Dis,,9.622,mg/l,Fair,augmented_copy1_jitter-2d
SRB00003,Zemun,2013-11-18,O2-Dis,,9.496,mg/l,Fair,augmented_copy3_jitter-2d
SRB00003,Zemun,2013-11-19,O2-Dis,,9.4961,mg/l,Fair,augmented_copy2_jitter-1d
SRB00003,Zemun,2013-11-20,O2-Dis,,9.5,mg/l,Fair,original
SRB00003,Zemun,2013-12-15,O2-Dis,,11.5034,mg/l,Fair,augmented_copy1_jitter-3d
SRB00003,Zemun,2013-12-16,O2-Dis,,11.7465,mg/l,Fair,augmented_copy3_jitter-2d
SRB00003,Zemun,2013-12-18,O2-Dis,,11.7,mg/l,Fair,original
SRB00003,Zemun,2013-12-19,O2-Dis,,11.6228,mg/l,Fair,augmented_copy2_jitter+1d
SRB00003,Zemun,2014-01-27,O2-Dis,,11.7939,mg/l,Fair,augmented_copy3_jitter-3d
SRB00003,Zemun,2014-01-30,O2-Dis,,11.9,mg/l,Fair,original
SRB00003,Zemun,2014-02-01,O2-Dis,,11.9085,mg/l,Fair,augmented_copy1_jitter+2d
SRB00003,Zemun,2014-02-02,O2-Dis,,11.9861,mg/l,Fair,augmented_copy2_jitter+3d
SRB00003,Zemun,2014-02-17,O2-Dis,,10.5157,mg/l,Fair,augmented_copy1_jitter-2d
SRB00003,Zemun,2014-02-17,O2-Dis,,10.8363,mg/l,Fair,augmented_copy2_jitter-2d
SRB00003,Zemun,2014-02-19,O2-Dis,,10.7,mg/l,Fair,original
SRB00003,Zemun,2014-02-21,O2-Dis,,10.6697,mg/l,Fair,augmented_copy3_jitter+2d
SRB00003,Zemun,2014-03-19,O2-Dis,,9.5,mg/l,Fair,original
SRB00003,Zemun,2014-03-21,O2-Dis,,9.4726,mg/l,Fair,augmented_copy1_jitter+2d
SRB00003,Zemun,2014-03-21,O2-Dis,,9.5382,mg/l,Fair,augmented_copy3_jitter+2d
SRB00003,Zemun,2014-03-22,O2-Dis,,9.4654,mg/l,Fair,augmented_copy2_jitter+3d
SRB00003,Zemun,2014-04-16,O2-Dis,,9.0,mg/l,Fair,original
SRB00003,Zemun,2014-04-18,O2-Dis,,8.9978,mg/l,Fair,augmented_copy1_jitter+2d
SRB00003,Zemun,2014-04-18,O2-Dis,,9.0624,mg/l,Fair,augmented_copy2_jitter+2d
SRB00003,Zemun,2014-04-18,O2-Dis,,9.0632,mg/l,Fair,augmented_copy3_jitter+2d
SRB00003,Zemun,2014-05-13,O2-Dis,,8.0907,mg/l,Fair,augmented_copy1_jitter-1d
SRB00003,Zemun,2014-05-14,O2-Dis,,8.1,mg/l,Fair,original
SRB00003,Zemun,2014-05-17,O2-Dis,,8.1335,mg/l,Fair,augmented_copy2_jitter+3d
SRB00003,Zemun,2014-05-17,O2-Dis,,8.096,mg/l,Fair,augmented_copy3_jitter+3d
SRB00003,Zemun,2014-06-24,O2-Dis,,7.1461,mg/l,Fair,augmented_copy1_jitter-1d
SRB00003,Zemun,2014-06-24,O2-Dis,,7.0601,mg/l,Fair,augmented_copy2_jitter-1d
SRB00003,Zemun,2014-06-24,O2-Dis,,7.1152,mg/l,Fair,augmented_copy3_jitter-1d
SRB00003,Zemun,2014-06-25,O2-Dis,,7.1,mg/l,Fair,original
SRB00003,Zemun,2014-07-14,O2-Dis,,7.0211,mg/l,Fair,augmented_copy2_jitter-2d
SRB00003,Zemun,2014-07-14,O2-Dis,,7.1654,mg/l,Fair,augmented_copy3_jitter-2d
SRB00003,Zemun,2014-07-16,O2-Dis,,7.1,mg/l,Fair,original
SRB00003,Zemun,2014-07-18,O2-Dis,,7.1407,mg/l,Fair,augmented_copy1_jitter+2d
SRB00003,Zemun,2014-08-17,O2-Dis,,6.5062,mg/l,Fair,augmented_copy1_jitter-3d
SRB00003,Zemun,2014-08-17,O2-Dis,,6.4629,mg/l,Fair,augmented_copy3_jitter-3d
SRB00003,Zemun,2014-08-20,O2-Dis,,6.5,mg/l,Fair,original
SRB00003,Zemun,2014-08-22,O2-Dis,,6.4447,mg/l,Fair,augmented_copy2_jitter+2d
SRB00003,Zemun,2014-09-14,O2-Dis,,7.7962,mg/l,Fair,augmented_copy2_jitter-3d
SRB00003,Zemun,2014-09-17,O2-Dis,,7.9,mg/l,Fair,original
SRB00003,Zemun,2014-09-19,O2-Dis,,7.9384,mg/l,Fair,augmented_copy1_jitter+2d
SRB00003,Zemun,2014-09-19,O2-Dis,,7.8276,mg/l,Fair,augmented_copy3_jitter+2d
SRB00003,Zemun,2014-10-13,O2-Dis,,7.9548,mg/l,Fair,augmented_copy2_jitter-2d
SRB00003,Zemun,2014-10-14,O2-Dis,,7.9421,mg/l,Fair,augmented_copy1_jitter-1d
SRB00003,Zemun,2014-10-15,O2-Dis,,7.9,mg/l,Fair,original
SRB00003,Zemun,2014-10-16,O2-Dis,,7.8429,mg/l,Fair,augmented_copy3_jitter+1d
SRB00003,Zemun,2014-11-16,O2-Dis,,10.0555,mg/l,Fair,augmented_copy1_jitter-3d
SRB00003,Zemun,2014-11-17,O2-Dis,,10.0133,mg/l,Fair,augmented_copy2_jitter-2d
SRB00003,Zemun,2014-11-19,O2-Dis,,10.1,mg/l,Fair,original
SRB00003,Zemun,2014-11-20,O2-Dis,,10.0412,mg/l,Fair,augmented_copy3_jitter+1d
SRB00003,Zemun,2014-12-22,O2-Dis,,11.747,mg/l,Fair,augmented_copy2_jitter-2d
SRB00003,Zemun,2014-12-23,O2-Dis,,11.6589,mg/l,Fair,augmented_copy1_jitter-1d
SRB00003,Zemun,2014-12-24,O2-Dis,,11.7,mg/l,Fair,original
SRB00003,Zemun,2014-12-26,O2-Dis,,11.6328,mg/l,Fair,augmented_copy3_jitter+2d
SRB00003,Zemun,2015-01-18,O2-Dis,,10.5785,mg/l,Fair,augmented_copy3_jitter-3d
SRB00003,Zemun,2015-01-19,O2-Dis,,10.5974,mg/l,Fair,augmented_copy2_jitter-2d
SRB00003,Zemun,2015-01-20,O2-Dis,,10.3465,mg/l,Fair,augmented_copy1_jitter-1d
SRB00003,Zemun,2015-01-21,O2-Dis,,10.5,mg/l,Fair,original
SRB00003,Zemun,2015-02-18,O2-Dis,,11.6,mg/l,Fair,original
SRB00003,Zemun,2015-02-19,O2-Dis,,11.7195,mg/l,Fair,augmented_copy1_jitter+1d
SRB00003,Zemun,2015-02-19,O2-Dis,,11.5189,mg/l,Fair,augmented_copy2_jitter+1d
SRB00003,Zemun,2015-02-20,O2-Dis,,11.4413,mg/l,Fair,augmented_copy3_jitter+2d
SRB00003,Zemun,2015-03-15,O2-Dis,,10.6982,mg/l,Fair,augmented_copy3_jitter-3d
SRB00003,Zemun,2015-03-16,O2-Dis,,10.8711,mg/l,Fair,augmented_copy1_jitter-2d
SRB00003,Zemun,2015-03-18,O2-Dis,,10.7,mg/l,Fair,original
SRB00003,Zemun,2015-03-21,O2-Dis,,10.791,mg/l,Fair,augmented_copy2_jitter+3d
SRB00003,Zemun,2015-04-14,O2-Dis,,11.1977,mg/l,Fair,augmented_copy2_jitter-1d
SRB00003,Zemun,2015-04-15,O2-Dis,,11.2,mg/l,Fair,original
SRB00003,Zemun,2015-04-16,O2-Dis,,11.1477,mg/l,Fair,augmented_copy1_jitter+1d
SRB00003,Zemun,2015-04-17,O2-Dis,,11.1357,mg/l,Fair,augmented_copy3_jitter+2d
SRB00003,Zemun,2015-05-26,O2-Dis,,7.92,mg/l,Fair,augmented_copy1_jitter-1d
SRB00003,Zemun,2015-05-26,O2-Dis,,7.8989,mg/l,Fair,augmented_copy3_jitter-1d
SRB00003,Zemun,2015-05-27,O2-Dis,,7.9,mg/l,Fair,original
SRB00003,Zemun,2015-05-29,O2-Dis,,8.0114,mg/l,Fair,augmented_copy2_jitter+2d
SRB00003,Zemun,2015-06-14,O2-Dis,,6.7667,mg/l,Fair,augmented_copy2_jitter-3d
SRB00003,Zemun,2015-06-15,O2-Dis,,6.7053,mg/l,Fair,augmented_copy3_jitter-2d
SRB00003,Zemun,2015-06-17,O2-Dis,,6.8,mg/l,Fair,original
SRB00003,Zemun,2015-06-20,O2-Dis,,6.7923,mg/l,Fair,augmented_copy1_jitter+3d
SRB00003,Zemun,2015-07-15,O2-Dis,,6.3,mg/l,Fair,original
SRB00003,Zemun,2015-07-16,O2-Dis,,6.2544,mg/l,Fair,augmented_copy3_jitter+1d
SRB00003,Zemun,2015-07-17,O2-Dis,,6.3331,mg/l,Fair,augmented_copy1_jitter+2d
SRB00003,Zemun,2015-07-17,O2-Dis,,6.3363,mg/l,Fair,augmented_copy2_jitter+2d
SRB00003,Zemun,2015-08-18,O2-Dis,,6.0043,mg/l,Fair,augmented_copy3_jitter-3d
SRB00003,Zemun,2015-08-21,O2-Dis,,5.9,mg/l,Fair,original
SRB00003,Zemun,2015-08-22,O2-Dis,,5.9918,mg/l,Fair,augmented_copy1_jitter+1d
SRB00003,Zemun,2015-08-24,O2-Dis,,6.0688,mg/l,Fair,augmented_copy2_jitter+3d
SRB00003,Zemun,2015-09-14,O2-Dis,,7.3684,mg/l,Fair,augmented_copy3_jitter-2d
SRB00003,Zemun,2015-09-16,O2-Dis,,7.3,mg/l,Fair,original
SRB00003,Zemun,2015-09-19,O2-Dis,,7.0824,mg/l,Fair,augmented_copy1_jitter+3d
SRB00003,Zemun,2015-09-19,O2-Dis,,7.2431,mg/l,Fair,augmented_copy2_jitter+3d
SRB00003,Zemun,2015-10-19,O2-Dis,,8.1497,mg/l,Fair,augmented_copy2_jitter-2d
SRB00003,Zemun,2015-10-20,O2-Dis,,8.0326,mg/l,Fair,augmented_copy1_jitter-1d
SRB00003,Zemun,2015-10-21,O2-Dis,,8.2,mg/l,Fair,original
SRB00003,Zemun,2015-10-22,O2-Dis,,8.2318,mg/l,Fair,augmented_copy3_jitter+1d
SRB00003,Zemun,2015-11-17,O2-Dis,,8.523,mg/l,Fair,augmented_copy2_jitter-1d
SRB00003,Zemun,2015-11-18,O2-Dis,,8.6,mg/l,Fair,original
SRB00003,Zemun,2015-11-21,O2-Dis,,8.6955,mg/l,Fair,augmented_copy1_jitter+3d
SRB00003,Zemun,2015-11-21,O2-Dis,,8.709,mg/l,Fair,augmented_copy3_jitter+3d
SRB00003,Zemun,2015-12-15,O2-Dis,,10.3919,mg/l,Fair,augmented_copy1_jitter-1d
SRB00003,Zemun,2015-12-16,O2-Dis,,10.3,mg/l,Fair,original
SRB00003,Zemun,2015-12-17,O2-Dis,,10.2245,mg/l,Fair,augmented_copy2_jitter+1d
SRB00003,Zemun,2015-12-19,O2-Dis,,10.3902,mg/l,Fair,augmented_copy3_jitter+3d
SRB00003,Zemun,2016-01-17,O2-Dis,,12.1199,mg/l,Fair,augmented_copy1_jitter-3d
SRB00003,Zemun,2016-01-17,O2-Dis,,12.227,mg/l,Fair,augmented_copy3_jitter-3d
SRB00003,Zemun,2016-01-18,O2-Dis,,12.3105,mg/l,Fair,augmented_copy2_jitter-2d
SRB00003,Zemun,2016-01-20,O2-Dis,,12.2,mg/l,Fair,original
SRB00003,Zemun,2016-02-18,O2-Dis,,10.9,mg/l,Fair,original
SRB00003,Zemun,2016-02-20,O2-Dis,,11.0056,mg/l,Fair,augmented_copy1_jitter+2d
SRB00003,Zemun,2016-02-20,O2-Dis,,10.9156,mg/l,Fair,augmented_copy3_jitter+2d
SRB00003,Zemun,2016-02-21,O2-Dis,,10.8577,mg/l,Fair,augmented_copy2_jitter+3d
SRB00003,Zemun,2016-03-15,O2-Dis,,10.8902,mg/l,Fair,augmented_copy3_jitter-1d
SRB00003,Zemun,2016-03-16,O2-Dis,,10.8,mg/l,Fair,original
SRB00003,Zemun,2016-03-17,O2-Dis,,10.8374,mg/l,Fair,augmented_copy1_jitter+1d
SRB00003,Zemun,2016-03-17,O2-Dis,,10.7343,mg/l,Fair,augmented_copy2_jitter+1d
SRB00003,Zemun,2016-04-17,O2-Dis,,9.9332,mg/l,Fair,augmented_copy1_jitter-3d
SRB00003,Zemun,2016-04-18,O2-Dis,,10.0264,mg/l,Fair,augmented_copy3_jitter-2d
SRB00003,Zemun,2016-04-20,O2-Dis,,9.9,mg/l,Fair,original
SRB00003,Zemun,2016-04-21,O2-Dis,,9.9768,mg/l,Fair,augmented_copy2_jitter+1d
SRB00003,Zemun,2016-05-16,O2-Dis,,8.3723,mg/l,Fair,augmented_copy1_jitter-2d
SRB00003,Zemun,2016-05-18,O2-Dis,,8.2,mg/l,Fair,original
SRB00003,Zemun,2016-05-19,O2-Dis,,8.2599,mg/l,Fair,augmented_copy2_jitter+1d
SRB00003,Zemun,2016-05-19,O2-Dis,,8.429,mg/l,Fair,augmented_copy3_jitter+1d
SRB00003,Zemun,2016-06-13,O2-Dis,,7.1581,mg/l,Fair,augmented_copy3_jitter-2d
SRB00003,Zemun,2016-06-15,O2-Dis,,7.2,mg/l,Fair,original
SRB00003,Zemun,2016-06-16,O2-Dis,,7.297,mg/l,Fair,augmented_copy1_jitter+1d
SRB00003,Zemun,2016-06-17,O2-Dis,,7.0752,mg/l,Fair,augmented_copy2_jitter+2d
SRB00003,Zemun,2016-07-18,O2-Dis,,7.0535,mg/l,Fair,augmented_copy1_jitter-2d
SRB00003,Zemun,2016-07-18,O2-Dis,,7.1616,mg/l,Fair,augmented_copy3_jitter-2d
SRB00003,Zemun,2016-07-20,O2-Dis,,7.0,mg/l,Fair,original
SRB00003,Zemun,2016-07-21,O2-Dis,,6.8718,mg/l,Fair,augmented_copy2_jitter+1d
SRB00003,Zemun,2016-08-23,O2-Dis,,7.0508,mg/l,Fair,augmented_copy3_jitter-1d
SRB00003,Zemun,2016-08-24,O2-Dis,,7.0,mg/l,Fair,original
SRB00003,Zemun,2016-08-27,O2-Dis,,6.8492,mg/l,Fair,augmented_copy1_jitter+3d
SRB00003,Zemun,2016-08-27,O2-Dis,,7.0173,mg/l,Fair,augmented_copy2_jitter+3d
SRB00003,Zemun,2016-09-19,O2-Dis,,7.1897,mg/l,Fair,augmented_copy2_jitter-3d
SRB00003,Zemun,2016-09-22,O2-Dis,,7.1,mg/l,Fair,original
SRB00003,Zemun,2016-09-24,O2-Dis,,7.0447,mg/l,Fair,augmented_copy3_jitter+2d
SRB00003,Zemun,2016-09-25,O2-Dis,,7.2501,mg/l,Fair,augmented_copy1_jitter+3d
SRB00003,Zemun,2016-10-16,O2-Dis,,9.2324,mg/l,Fair,augmented_copy2_jitter-3d
SRB00003,Zemun,2016-10-16,O2-Dis,,9.4547,mg/l,Fair,augmented_copy3_jitter-3d
SRB00003,Zemun,2016-10-18,O2-Dis,,9.489,mg/l,Fair,augmented_copy1_jitter-1d
SRB00003,Zemun,2016-10-19,O2-Dis,,9.5,mg/l,Fair,original
SRB00003,Zemun,2016-11-13,O2-Dis,,10.9777,mg/l,Fair,augmented_copy3_jitter-2d
SRB00003,Zemun,2016-11-14,O2-Dis,,10.9383,mg/l,Fair,augmented_copy1_jitter-1d
SRB00003,Zemun,2016-11-15,O2-Dis,,10.9,mg/l,Fair,original
SRB00003,Zemun,2016-11-16,O2-Dis,,10.8032,mg/l,Fair,augmented_copy2_jitter+1d
SRB00003,Zemun,2016-12-19,O2-Dis,,12.2626,mg/l,Fair,augmented_copy2_jitter-2d
SRB00003,Zemun,2016-12-19,O2-Dis,,12.3868,mg/l,Fair,augmented_copy3_jitter-2d
SRB00003,Zemun,2016-12-21,O2-Dis,,12.4,mg/l,Fair,original
SRB00003,Zemun,2016-12-24,O2-Dis,,12.3777,mg/l,Fair,augmented_copy1_jitter+3d
SRB00003,Zemun,2017-01-01,O2-Dis,,11.2657,mg/l,Fair,augmented_copy1_jitter-3d
SRB00003,Zemun,2017-01-04,O2-Dis,,11.4,mg/l,Fair,original
SRB00003,Zemun,2017-01-07,O2-Dis,,11.3578,mg/l,Fair,augmented_copy2_jitter+3d
SRB00003,Zemun,2017-01-07,O2-Dis,,11.4795,mg/l,Fair,augmented_copy3_jitter+3d
SRB00003,Zemun,2017-02-22,O2-Dis,,11.9,mg/l,Fair,original
SRB00003,Zemun,2017-02-23,O2-Dis,,12.0356,mg/l,Fair,augmented_copy2_jitter+1d
SRB00003,Zemun,2017-02-23,O2-Dis,,11.9117,mg/l,Fair,augmented_copy3_jitter+1d
SRB00003,Zemun,2017-02-25,O2-Dis,,11.9082,mg/l,Fair,augmented_copy1_jitter+3d
SRB00003,Zemun,2017-03-13,O2-Dis,,11.3445,mg/l,Fair,augmented_copy2_jitter-2d
SRB00003,Zemun,2017-03-15,O2-Dis,,11.3,mg/l,Fair,original
SRB00003,Zemun,2017-03-16,O2-Dis,,11.2422,mg/l,Fair,augmented_copy1_jitter+1d
SRB00003,Zemun,2017-03-18,O2-Dis,,11.35,mg/l,Fair,augmented_copy3_jitter+3d
SRB00003,Zemun,2017-04-17,O2-Dis,,11.4662,mg/l,Fair,augmented_copy3_jitter-2d
SRB00003,Zemun,2017-04-19,O2-Dis,,11.4,mg/l,Fair,original
SRB00003,Zemun,2017-04-20,O2-Dis,,11.5073,mg/l,Fair,augmented_copy1_jitter+1d
SRB00003,Zemun,2017-04-21,O2-Dis,,11.6006,mg/l,Fair,augmented_copy2_jitter+2d
SRB00003,Zemun,2017-05-15,O2-Dis,,9.312,mg/l,Fair,augmented_copy1_jitter-2d
SRB00003,Zemun,2017-05-17,O2-Dis,,9.3,mg/l,Fair,original
SRB00003,Zemun,2017-05-18,O2-Dis,,9.2618,mg/l,Fair,augmented_copy3_jitter+1d
SRB00003,Zemun,2017-05-20,O2-Dis,,9.3357,mg/l,Fair,augmented_copy2_jitter+3d
SRB00003,Zemun,2017-06-20,O2-Dis,,7.9731,mg/l,Fair,augmented_copy1_jitter-2d
SRB00003,Zemun,2017-06-21,O2-Dis,,7.9418,mg/l,Fair,augmented_copy2_jitter-1d
SRB00003,Zemun,2017-06-22,O2-Dis,,8.0,mg/l,Fair,original
SRB00003,Zemun,2017-06-25,O2-Dis,,7.9184,mg/l,Fair,augmented_copy3_jitter+3d
SRB00003,Zemun,2017-07-16,O2-Dis,,7.2862,mg/l,Fair,augmented_copy2_jitter-3d
SRB00003,Zemun,2017-07-19,O2-Dis,,7.3,mg/l,Fair,original
SRB00003,Zemun,2017-07-22,O2-Dis,,7.1877,mg/l,Fair,augmented_copy1_jitter+3d
SRB00003,Zemun,2017-07-22,O2-Dis,,7.33,mg/l,Fair,augmented_copy3_jitter+3d
SRB00003,Zemun,2017-08-20,O2-Dis,,6.3257,mg/l,Fair,augmented_copy1_jitter-3d
SRB00003,Zemun,2017-08-22,O2-Dis,,6.3588,mg/l,Fair,augmented_copy3_jitter-1d
SRB00003,Zemun,2017-08-23,O2-Dis,,6.3,mg/l,Fair,original
SRB00003,Zemun,2017-08-24,O2-Dis,,6.2658,mg/l,Fair,augmented_copy2_jitter+1d
SRB00003,Zemun,2017-09-17,O2-Dis,,7.4801,mg/l,Fair,augmented_copy3_jitter-3d
SRB00003,Zemun,2017-09-20,O2-Dis,,7.5,mg/l,Fair,original
SRB00003,Zemun,2017-09-21,O2-Dis,,7.5459,mg/l,Fair,augmented_copy1_jitter+1d
SRB00003,Zemun,2017-09-22,O2-Dis,,7.4634,mg/l,Fair,augmented_copy2_jitter+2d
SRB00003,Zemun,2017-10-23,O2-Dis,,8.4612,mg/l,Fair,augmented_copy2_jitter-2d
SRB00003,Zemun,2017-10-23,O2-Dis,,8.5401,mg/l,Fair,augmented_copy3_jitter-2d
SRB00003,Zemun,2017-10-24,O2-Dis,,8.5759,mg/l,Fair,augmented_copy1_jitter-1d
SRB00003,Zemun,2017-10-25,O2-Dis,,8.5,mg/l,Fair,original
SRB00003,Zemun,2017-11-12,O2-Dis,,9.392,mg/l,Fair,augmented_copy2_jitter-3d
SRB00003,Zemun,2017-11-12,O2-Dis,,9.4734,mg/l,Fair,augmented_copy3_jitter-3d
SRB00003,Zemun,2017-11-15,O2-Dis,,9.4,mg/l,Fair,original
SRB00003,Zemun,2017-11-18,O2-Dis,,9.387,mg/l,Fair,augmented_copy1_jitter+3d
SRB00003,Zemun,2017-12-17,O2-Dis,,11.8563,mg/l,Fair,augmented_copy2_jitter-3d
SRB00003,Zemun,2017-12-20,O2-Dis,,12.0,mg/l,Fair,original
SRB00003,Zemun,2017-12-22,O2-Dis,,12.1044,mg/l,Fair,augmented_copy1_jitter+2d
SRB00003,Zemun,2017-12-23,O2-Dis,,12.0606,mg/l,Fair,augmented_copy3_jitter+3d
SRB00003,Zemun,2018-01-16,O2-Dis,,9.9745,mg/l,Fair,augmented_copy1_jitter-1d
SRB00003,Zemun,2018-01-16,O2-Dis,,10.2892,mg/l,Fair,augmented_copy2_jitter-1d
SRB00003,Zemun,2018-01-17,O2-Dis,,10.1,mg/l,Fair,original
SRB00003,Zemun,2018-01-18,O2-Dis,,10.0545,mg/l,Fair,augmented_copy3_jitter+1d
SRB00003,Zemun,2018-02-20,O2-Dis,,11.042,mg/l,Fair,augmented_copy1_jitter-1d
SRB00003,Zemun,2018-02-20,O2-Dis,,11.0142,mg/l,Fair,augmented_copy2_jitter-1d
SRB00003,Zemun,2018-02-20,O2-Dis,,10.9793,mg/l,Fair,augmented_copy3_jitter-1d
SRB00003,Zemun,2018-02-21,O2-Dis,,11.0,mg/l,Fair,original
SRB00003,Zemun,2018-03-20,O2-Dis,,10.1678,mg/l,Fair,augmented_copy2_jitter-2d
SRB00003,Zemun,2018-03-22,O2-Dis,,10.1,mg/l,Fair,original
SRB00003,Zemun,2018-03-24,O2-Dis,,10.2135,mg/l,Fair,augmented_copy1_jitter+2d
SRB00003,Zemun,2018-03-25,O2-Dis,,10.1554,mg/l,Fair,augmented_copy3_jitter+3d
SRB00003,Zemun,2018-04-17,O2-Dis,,9.1384,mg/l,Fair,augmented_copy1_jitter-2d
SRB00003,Zemun,2018-04-17,O2-Dis,,8.8595,mg/l,Fair,augmented_copy2_jitter-2d
SRB00003,Zemun,2018-04-17,O2-Dis,,9.1406,mg/l,Fair,augmented_copy3_jitter-2d
SRB00003,Zemun,2018-04-19,O2-Dis,,9.1,mg/l,Fair,original
SRB00003,Zemun,2018-05-13,O2-Dis,,7.4513,mg/l,Fair,augmented_copy1_jitter-3d
SRB00003,Zemun,2018-05-14,O2-Dis,,7.6628,mg/l,Fair,augmented_copy3_jitter-2d
SRB00003,Zemun,2018-05-16,O2-Dis,,7.6,mg/l,Fair,original
SRB00003,Zemun,2018-05-17,O2-Dis,,7.3821,mg/l,Fair,augmented_copy2_jitter+1d
SRB00003,Zemun,2018-06-17,O2-Dis,,6.242,mg/l,Fair,augmented_copy3_jitter-3d
SRB00003,Zemun,2018-06-20,O2-Dis,,6.2,mg/l,Fair,original
SRB00003,Zemun,2018-06-22,O2-Dis,,6.2436,mg/l,Fair,augmented_copy1_jitter+2d
SRB00003,Zemun,2018-06-22,O2-Dis,,6.069,mg/l,Fair,augmented_copy2_jitter+2d
SRB00003,Zemun,2018-07-15,O2-Dis,,6.9789,mg/l,Fair,augmented_copy1_jitter-3d
SRB00003,Zemun,2018-07-18,O2-Dis,,7.1,mg/l,Fair,original
SRB00003,Zemun,2018-07-19,O2-Dis,,7.0714,mg/l,Fair,augmented_copy2_jitter+1d
SRB00003,Zemun,2018-07-19,O2-Dis,,7.0059,mg/l,Fair,augmented_copy3_jitter+1d
SRB00003,Zemun,2018-08-15,O2-Dis,,5.6,mg/l,Fair,original
SRB00003,Zemun,2018-08-17,O2-Dis,,5.6128,mg/l,Fair,augmented_copy2_jitter+2d
SRB00003,Zemun,2018-08-18,O2-Dis,,5.5342,mg/l,Fair,augmented_copy1_jitter+3d
SRB00003,Zemun,2018-08-18,O2-Dis,,5.4934,mg/l,Fair,augmented_copy3_jitter+3d
SRB00003,Zemun,2018-09-17,O2-Dis,,6.7682,mg/l,Fair,augmented_copy2_jitter-2d
SRB00003,Zemun,2018-09-17,O2-Dis,,6.8174,mg/l,Fair,augmented_copy3_jitter-2d
SRB00003,Zemun,2018-09-19,O2-Dis,,6.8,mg/l,Fair,original
SRB00003,Zemun,2018-09-22,O2-Dis,,6.8571,mg/l,Fair,augmented_copy1_jitter+3d
SRB00003,Zemun,2018-10-14,O2-Dis,,8.1675,mg/l,Fair,augmented_copy3_jitter-3d
SRB00003,Zemun,2018-10-15,O2-Dis,,8.012,mg/l,Fair,augmented_copy1_jitter-2d
SRB00003,Zemun,2018-10-16,O2-Dis,,8.0042,mg/l,Fair,augmented_copy2_jitter-1d
SRB00003,Zemun,2018-10-17,O2-Dis,,8.0,mg/l,Fair,original
SRB00003,Zemun,2018-11-18,O2-Dis,,9.7831,mg/l,Fair,augmented_copy2_jitter-3d
SRB00003,Zemun,2018-11-20,O2-Dis,,10.0203,mg/l,Fair,augmented_copy3_jitter-1d
SRB00003,Zemun,2018-11-21,O2-Dis,,10.0,mg/l,Fair,original
SRB00003,Zemun,2018-11-23,O2-Dis,,10.0417,mg/l,Fair,augmented_copy1_jitter+2d
SRB00003,Zemun,2018-12-17,O2-Dis,,11.8831,mg/l,Fair,augmented_copy2_jitter-2d
SRB00003,Zemun,2018-12-19,O2-Dis,,11.8,mg/l,Fair,original
SRB00003,Zemun,2018-12-20,O2-Dis,,11.7834,mg/l,Fair,augmented_copy3_jitter+1d
SRB00003,Zemun,2018-12-22,O2-Dis,,11.8516,mg/l,Fair,augmented_copy1_jitter+3d
SRB00003,Zemun,2019-01-14,O2-Dis,,12.2356,mg/l,Fair,augmented_copy3_jitter-2d
SRB00003,Zemun,2019-01-16,O2-Dis,,12.2,mg/l,Fair,original
SRB00003,Zemun,2019-01-17,O2-Dis,,12.2466,mg/l,Fair,augmented_copy2_jitter+1d
SRB00003,Zemun,2019-01-18,O2-Dis,,12.1033,mg/l,Fair,augmented_copy1_jitter+2d
SRB00003,Zemun,2019-02-17,O2-Dis,,11.9969,mg/l,Fair,augmented_copy1_jitter-3d
SRB00003,Zemun,2019-02-17,O2-Dis,,12.068,mg/l,Fair,augmented_copy2_jitter-3d
SRB00003,Zemun,2019-02-20,O2-Dis,,12.1,mg/l,Fair,original
SRB00003,Zemun,2019-02-23,O2-Dis,,12.1489,mg/l,Fair,augmented_copy3_jitter+3d
SRB00003,Zemun,2019-03-18,O2-Dis,,10.8246,mg/l,Fair,augmented_copy3_jitter-2d
SRB00003,Zemun,2019-03-19,O2-Dis,,10.6592,mg/l,Fair,augmented_copy1_jitter-1d
SRB00003,Zemun,2019-03-20,O2-Dis,,10.6,mg/l,Fair,original
SRB00003,Zemun,2019-03-21,O2-Dis,,10.7664,mg/l,Fair,augmented_copy2_jitter+1d
SRB00003,Zemun,2019-04-21,O2-Dis,,10.7644,mg/l,Fair,augmented_copy1_jitter-2d
SRB00003,Zemun,2019-04-23,O2-Dis,,10.8,mg/l,Fair,original
SRB00003,Zemun,2019-04-25,O2-Dis,,10.8808,mg/l,Fair,augmented_copy2_jitter+2d
SRB00003,Zemun,2019-04-26,O2-Dis,,10.7843,mg/l,Fair,augmented_copy3_jitter+3d
SRB00003,Zemun,2019-05-12,O2-Dis,,8.6042,mg/l,Fair,augmented_copy1_jitter-3d
SRB00003,Zemun,2019-05-13,O2-Dis,,8.629,mg/l,Fair,augmented_copy3_jitter-2d
SRB00003,Zemun,2019-05-15,O2-Dis,,8.6,mg/l,Fair,original
SRB00003,Zemun,2019-05-16,O2-Dis,,8.5559,mg/l,Fair,augmented_copy2_jitter+1d
SRB00003,Zemun,2019-06-19,O2-Dis,,6.5,mg/l,Fair,original
SRB00003,Zemun,2019-06-20,O2-Dis,,6.4605,mg/l,Fair,augmented_copy3_jitter+1d
SRB00003,Zemun,2019-06-21,O2-Dis,,6.4455,mg/l,Fair,augmented_copy1_jitter+2d
SRB00003,Zemun,2019-06-22,O2-Dis,,6.5293,mg/l,Fair,augmented_copy2_jitter+3d
SRB00003,Zemun,2019-07-14,O2-Dis,,8.3475,mg/l,Fair,augmented_copy3_jitter-3d
SRB00003,Zemun,2019-07-17,O2-Dis,,8.3,mg/l,Fair,original
SRB00003,Zemun,2019-07-19,O2-Dis,,8.3954,mg/l,Fair,augmented_copy2_jitter+2d
SRB00003,Zemun,2019-07-20,O2-Dis,,8.3954,mg/l,Fair,augmented_copy1_jitter+3d
SRB00003,Zemun,2019-08-20,O2-Dis,,8.948,mg/l,Fair,augmented_copy1_jitter-1d
SRB00003,Zemun,2019-08-21,O2-Dis,,8.8,mg/l,Fair,original
SRB00003,Zemun,2019-08-22,O2-Dis,,8.7315,mg/l,Fair,augmented_copy3_jitter+1d
SRB00003,Zemun,2019-08-23,O2-Dis,,8.8648,mg/l,Fair,augmented_copy2_jitter+2d
SRB00003,Zemun,2019-09-16,O2-Dis,,7.597,mg/l,Fair,augmented_copy1_jitter-2d
SRB00003,Zemun,2019-09-16,O2-Dis,,7.5669,mg/l,Fair,augmented_copy2_jitter-2d
SRB00003,Zemun,2019-09-18,O2-Dis,,7.5,mg/l,Fair,original
SRB00003,Zemun,2019-09-19,O2-Dis,,7.6969,mg/l,Fair,augmented_copy3_jitter+1d
SRB00003,Zemun,2019-10-15,O2-Dis,,8.2582,mg/l,Fair,augmented_copy1_jitter-1d
SRB00003,Zemun,2019-10-16,O2-Dis,,8.4,mg/l,Fair,original
SRB00003,Zemun,2019-10-17,O2-Dis,,8.4729,mg/l,Fair,augmented_copy3_jitter+1d
SRB00003,Zemun,2019-10-19,O2-Dis,,8.2918,mg/l,Fair,augmented_copy2_jitter+3d
SRB00003,Zemun,2019-11-18,O2-Dis,,9.8625,mg/l,Fair,augmented_copy3_jitter-2d
SRB00003,Zemun,2019-11-20,O2-Dis,,9.8,mg/l,Fair,original
SRB00003,Zemun,2019-11-21,O2-Dis,,9.9018,mg/l,Fair,augmented_copy2_jitter+1d
SRB00003,Zemun,2019-11-23,O2-Dis,,9.8336,mg/l,Fair,augmented_copy1_jitter+3d
SRB00003,Zemun,2019-12-17,O2-Dis,,11.1187,mg/l,Fair,augmented_copy1_jitter-1d
SRB00003,Zemun,2019-12-18,O2-Dis,,11.1,mg/l,Fair,original
SRB00003,Zemun,2019-12-19,O2-Dis,,11.1396,mg/l,Fair,augmented_copy2_jitter+1d
SRB00003,Zemun,2019-12-21,O2-Dis,,11.0634,mg/l,Fair,augmented_copy3_jitter+3d
SRB00003,Zemun,2020-01-19,O2-Dis,,12.2743,mg/l,Fair,augmented_copy2_jitter-3d
SRB00003,Zemun,2020-01-19,O2-Dis,,12.3399,mg/l,Fair,augmented_copy3_jitter-3d
SRB00003,Zemun,2020-01-22,O2-Dis,,12.3,mg/l,Fair,original
SRB00003,Zemun,2020-01-25,O2-Dis,,12.0754,mg/l,Fair,augmented_copy1_jitter+3d
SRB00003,Zemun,2020-02-16,O2-Dis,,11.5438,mg/l,Fair,augmented_copy2_jitter-3d
SRB00003,Zemun,2020-02-18,O2-Dis,,11.4875,mg/l,Fair,augmented_copy1_jitter-1d
SRB00003,Zemun,2020-02-19,O2-Dis,,11.5,mg/l,Fair,original
SRB00003,Zemun,2020-02-22,O2-Dis,,11.5922,mg/l,Fair,augmented_copy3_jitter+3d
SRB00003,Zemun,2020-03-16,O2-Dis,,11.6256,mg/l,Fair,augmented_copy1_jitter-2d
SRB00003,Zemun,2020-03-17,O2-Dis,,11.4934,mg/l,Fair,augmented_copy2_jitter-1d
SRB00003,Zemun,2020-03-18,O2-Dis,,11.4,mg/l,Fair,original
SRB00003,Zemun,2020-03-21,O2-Dis,,11.3068,mg/l,Fair,augmented_copy3_jitter+3d
SRB00003,Zemun,2020-04-12,O2-Dis,,10.8334,mg/l,Fair,augmented_copy1_jitter-3d
SRB00003,Zemun,2020-04-12,O2-Dis,,10.8263,mg/l,Fair,augmented_copy3_jitter-3d
SRB00003,Zemun,2020-04-13,O2-Dis,,10.7825,mg/l,Fair,augmented_copy2_jitter-2d
SRB00003,Zemun,2020-04-15,O2-Dis,,10.8,mg/l,Fair,original
SRB00003,Zemun,2020-05-17,O2-Dis,,9.4821,mg/l,Fair,augmented_copy2_jitter-3d
SRB00003,Zemun,2020-05-19,O2-Dis,,9.6465,mg/l,Fair,augmented_copy3_jitter-1d
SRB00003,Zemun,2020-05-20,O2-Dis,,9.6,mg/l,Fair,original
SRB00003,Zemun,2020-05-22,O2-Dis,,9.5781,mg/l,Fair,augmented_copy1_jitter+2d
SRB00003,Zemun,2020-06-15,O2-Dis,,7.8091,mg/l,Fair,augmented_copy1_jitter-2d
SRB00003,Zemun,2020-06-17,O2-Dis,,7.8,mg/l,Fair,original
SRB00003,Zemun,2020-06-18,O2-Dis,,7.7425,mg/l,Fair,augmented_copy3_jitter+1d
SRB00003,Zemun,2020-06-19,O2-Dis,,7.7825,mg/l,Fair,augmented_copy2_jitter+2d
SRB00003,Zemun,2020-07-12,O2-Dis,,6.6131,mg/l,Fair,augmented_copy1_jitter-3d
SRB00003,Zemun,2020-07-15,O2-Dis,,6.5,mg/l,Fair,original
SRB00003,Zemun,2020-07-17,O2-Dis,,6.5265,mg/l,Fair,augmented_copy2_jitter+2d
SRB00003,Zemun,2020-07-18,O2-Dis,,6.5302,mg/l,Fair,augmented_copy3_jitter+3d
SRB00003,Zemun,2020-08-16,O2-Dis,,6.4179,mg/l,Fair,augmented_copy1_jitter-3d
SRB00003,Zemun,2020-08-17,O2-Dis,,6.2368,mg/l,Fair,augmented_copy3_jitter-2d
SRB00003,Zemun,2020-08-18,O2-Dis,,6.35,mg/l,Fair,augmented_copy2_jitter-1d
SRB00003,Zemun,2020-08-19,O2-Dis,,6.3,mg/l,Fair,original
SRB00003,Zemun,2020-09-14,O2-Dis,,7.8775,mg/l,Fair,augmented_copy1_jitter-2d
SRB00003,Zemun,2020-09-15,O2-Dis,,7.7555,mg/l,Fair,augmented_copy2_jitter-1d
SRB00003,Zemun,2020-09-16,O2-Dis,,7.7,mg/l,Fair,original
SRB00003,Zemun,2020-09-17,O2-Dis,,7.6647,mg/l,Fair,augmented_copy3_jitter+1d
SRB00003,Zemun,2020-10-20,O2-Dis,,9.6275,mg/l,Fair,augmented_copy3_jitter-1d
SRB00003,Zemun,2020-10-21,O2-Dis,,9.5,mg/l,Fair,original
SRB00003,Zemun,2020-10-22,O2-Dis,,9.4436,mg/l,Fair,augmented_copy2_jitter+1d
SRB00003,Zemun,2020-10-24,O2-Dis,,9.4892,mg/l,Fair,augmented_copy1_jitter+3d
SRB00003,Zemun,2020-11-17,O2-Dis,,10.5476,mg/l,Fair,augmented_copy2_jitter-1d
SRB00003,Zemun,2020-11-17,O2-Dis,,10.3081,mg/l,Fair,augmented_copy3_jitter-1d
SRB00003,Zemun,2020-11-18,O2-Dis,,10.4,mg/l,Fair,original
SRB00003,Zemun,2020-11-19,O2-Dis,,10.6697,mg/l,Fair,augmented_copy1_jitter+1d
SRB00003,Zemun,2020-12-29,O2-Dis,,11.3414,mg/l,Fair,augmented_copy1_jitter-1d
SRB00003,Zemun,2020-12-30,O2-Dis,,11.4,mg/l,Fair,original
SRB00003,Zemun,2021-01-01,O2-Dis,,11.3057,mg/l,Fair,augmented_copy3_jitter+2d
SRB00003,Zemun,2021-01-02,O2-Dis,,11.382,mg/l,Fair,augmented_copy2_jitter+3d
SRB00003,Zemun,2021-01-17,O2-Dis,,12.6002,mg/l,Fair,augmented_copy2_jitter-3d
SRB00003,Zemun,2021-01-20,O2-Dis,,12.7,mg/l,Fair,original
SRB00003,Zemun,2021-01-21,O2-Dis,,12.6577,mg/l,Fair,augmented_copy1_jitter+1d
SRB00003,Zemun,2021-01-23,O2-Dis,,12.7261,mg/l,Fair,augmented_copy3_jitter+3d
SRB00003,Zemun,2021-02-14,O2-Dis,,11.877,mg/l,Fair,augmented_copy3_jitter-3d
SRB00003,Zemun,2021-02-16,O2-Dis,,11.9276,mg/l,Fair,augmented_copy1_jitter-1d
SRB00003,Zemun,2021-02-17,O2-Dis,,11.9,mg/l,Fair,original
SRB00003,Zemun,2021-02-20,O2-Dis,,11.7959,mg/l,Fair,augmented_copy2_jitter+3d
SRB00003,Zemun,2021-03-14,O2-Dis,,11.4368,mg/l,Fair,augmented_copy3_jitter-3d
SRB00003,Zemun,2021-03-16,O2-Dis,,11.3554,mg/l,Fair,augmented_copy2_jitter-1d
SRB00003,Zemun,2021-03-17,O2-Dis,,11.4,mg/l,Fair,original
SRB00003,Zemun,2021-03-18,O2-Dis,,11.4595,mg/l,Fair,augmented_copy1_jitter+1d
SRB00003,Zemun,2021-04-18,O2-Dis,,10.9698,mg/l,Fair,augmented_copy3_jitter-3d
SRB00003,Zemun,2021-04-21,O2-Dis,,11.0,mg/l,Fair,original
SRB00003,Zemun,2021-04-22,O2-Dis,,11.0278,mg/l,Fair,augmented_copy2_jitter+1d
SRB00003,Zemun,2021-04-24,O2-Dis,,10.9565,mg/l,Fair,augmented_copy1_jitter+3d
SRB00003,Zemun,2021-05-17,O2-Dis,,8.644,mg/l,Fair,augmented_copy1_jitter-2d
SRB00003,Zemun,2021-05-19,O2-Dis,,8.7,mg/l,Fair,original
SRB00003,Zemun,2021-05-21,O2-Dis,,8.7161,mg/l,Fair,augmented_copy3_jitter+2d
SRB00003,Zemun,2021-05-22,O2-Dis,,8.3685,mg/l,Fair,augmented_copy2_jitter+3d
SRB00003,Zemun,2021-06-15,O2-Dis,,8.5229,mg/l,Fair,augmented_copy1_jitter-1d
SRB00003,Zemun,2021-06-15,O2-Dis,,8.2917,mg/l,Fair,augmented_copy3_jitter-1d
SRB00003,Zemun,2021-06-16,O2-Dis,,8.4,mg/l,Fair,original
SRB00003,Zemun,2021-06-18,O2-Dis,,8.4345,mg/l,Fair,augmented_copy2_jitter+2d
SRB00003,Zemun,2021-07-17,O2-Dis,,5.9168,mg/l,Fair,augmented_copy3_jitter-3d
SRB00003,Zemun,2021-07-20,O2-Dis,,6.0,mg/l,Fair,original
SRB00003,Zemun,2021-07-21,O2-Dis,,6.0829,mg/l,Fair,augmented_copy2_jitter+1d
SRB00003,Zemun,2021-07-22,O2-Dis,,6.2222,mg/l,Fair,augmented_copy1_jitter+2d
SRB00003,Zemun,2021-08-22,O2-Dis,,6.9711,mg/l,Fair,augmented_copy2_jitter-3d
SRB00003,Zemun,2021-08-23,O2-Dis,,6.7661,mg/l,Fair,augmented_copy1_jitter-2d
SRB00003,Zemun,2021-08-25,O2-Dis,,7.0,mg/l,Fair,original
SRB00003,Zemun,2021-08-27,O2-Dis,,6.8701,mg/l,Fair,augmented_copy3_jitter+2d
SRB00003,Zemun,2021-09-20,O2-Dis,,7.8555,mg/l,Fair,augmented_copy2_jitter-2d
SRB00003,Zemun,2021-09-20,O2-Dis,,7.8315,mg/l,Fair,augmented_copy3_jitter-2d
SRB00003,Zemun,2021-09-22,O2-Dis,,7.8,mg/l,Fair,original
SRB00003,Zemun,2021-09-24,O2-Dis,,7.6329,mg/l,Fair,augmented_copy1_jitter+2d
SRB00003,Zemun,2021-10-18,O2-Dis,,11.4801,mg/l,Fair,augmented_copy3_jitter-2d
SRB00003,Zemun,2021-10-20,O2-Dis,,11.5,mg/l,Fair,original
SRB00003,Zemun,2021-10-21,O2-Dis,,11.5644,mg/l,Fair,augmented_copy2_jitter+1d
SRB00003,Zemun,2021-10-22,O2-Dis,,11.4233,mg/l,Fair,augmented_copy1_jitter+2d
SRB00003,Zemun,2021-11-14,O2-Dis,,11.495,mg/l,Fair,augmented_copy1_jitter-3d
SRB00003,Zemun,2021-11-17,O2-Dis,,11.5,mg/l,Fair,original
SRB00003,Zemun,2021-11-18,O2-Dis,,11.4576,mg/l,Fair,augmented_copy2_jitter+1d
SRB00003,Zemun,2021-11-18,O2-Dis,,11.439,mg/l,Fair,augmented_copy3_jitter+1d
SRB00003,Zemun,2021-12-29,O2-Dis,,11.3,mg/l,Fair,original
SRB00003,Zemun,2021-12-30,O2-Dis,,11.4012,mg/l,Fair,augmented_copy2_jitter+1d
SRB00003,Zemun,2021-12-31,O2-Dis,,11.2036,mg/l,Fair,augmented_copy1_jitter+2d
SRB00003,Zemun,2021-12-31,O2-Dis,,11.2699,mg/l,Fair,augmented_copy3_jitter+2d
SRB00003,Zemun,2022-01-17,O2-Dis,,11.1358,mg/l,Fair,augmented_copy2_jitter-3d
SRB00003,Zemun,2022-01-17,O2-Dis,,11.1445,mg/l,Fair,augmented_copy3_jitter-3d
SRB00003,Zemun,2022-01-20,O2-Dis,,11.1,mg/l,Fair,original
SRB00003,Zemun,2022-01-23,O2-Dis,,11.0576,mg/l,Fair,augmented_copy1_jitter+3d
SRB00003,Zemun,2022-02-14,O2-Dis,,11.7597,mg/l,Fair,augmented_copy3_jitter-3d
SRB00003,Zemun,2022-02-17,O2-Dis,,11.7,mg/l,Fair,original
SRB00003,Zemun,2022-02-20,O2-Dis,,11.503,mg/l,Fair,augmented_copy1_jitter+3d
SRB00003,Zemun,2022-02-20,O2-Dis,,11.6146,mg/l,Fair,augmented_copy2_jitter+3d
SRB00003,Zemun,2022-03-16,O2-Dis,,14.0,mg/l,Fair,original
SRB00003,Zemun,2022-03-17,O2-Dis,,13.9945,mg/l,Fair,augmented_copy2_jitter+1d
SRB00003,Zemun,2022-03-19,O2-Dis,,13.9936,mg/l,Fair,augmented_copy1_jitter+3d
SRB00003,Zemun,2022-03-19,O2-Dis,,13.8576,mg/l,Fair,augmented_copy3_jitter+3d
SRB00003,Zemun,2022-04-20,O2-Dis,,10.1,mg/l,Fair,original
SRB00003,Zemun,2022-04-21,O2-Dis,,10.1864,mg/l,Fair,augmented_copy1_jitter+1d
SRB00003,Zemun,2022-04-22,O2-Dis,,10.1158,mg/l,Fair,augmented_copy2_jitter+2d
SRB00003,Zemun,2022-04-22,O2-Dis,,10.1116,mg/l,Fair,augmented_copy3_jitter+2d
SRB00003,Zemun,2022-05-15,O2-Dis,,10.5913,mg/l,Fair,augmented_copy2_jitter-3d
SRB00003,Zemun,2022-05-15,O2-Dis,,10.6479,mg/l,Fair,augmented_copy3_jitter-3d
SRB00003,Zemun,2022-05-18,O2-Dis,,10.6,mg/l,Fair,original
SRB00003,Zemun,2022-05-21,O2-Dis,,10.626,mg/l,Fair,augmented_copy1_jitter+3d
SRB00003,Zemun,2022-06-13,O2-Dis,,8.2227,mg/l,Fair,augmented_copy1_jitter-2d
SRB00003,Zemun,2022-06-15,O2-Dis,,8.3,mg/l,Fair,original
SRB00003,Zemun,2022-06-17,O2-Dis,,8.2355,mg/l,Fair,augmented_copy2_jitter+2d
SRB00003,Zemun,2022-06-17,O2-Dis,,8.3705,mg/l,Fair,augmented_copy3_jitter+2d
SRB00003,Zemun,2022-07-18,O2-Dis,,10.203,mg/l,Fair,augmented_copy1_jitter-2d
SRB00003,Zemun,2022-07-18,O2-Dis,,10.009,mg/l,Fair,augmented_copy3_jitter-2d
SRB00003,Zemun,2022-07-19,O2-Dis,,10.0292,mg/l,Fair,augmented_copy2_jitter-1d
SRB00003,Zemun,2022-07-20,O2-Dis,,10.0,mg/l,Fair,original
SRB00003,Zemun,2022-08-16,O2-Dis,,6.9013,mg/l,Fair,augmented_copy2_jitter-1d
SRB00003,Zemun,2022-08-16,O2-Dis,,7.1389,mg/l,Fair,augmented_copy3_jitter-1d
SRB00003,Zemun,2022-08-17,O2-Dis,,7.1,mg/l,Fair,original
SRB00003,Zemun,2022-08-19,O2-Dis,,7.1855,mg/l,Fair,augmented_copy1_jitter+2d
SRB00003,Zemun,2022-09-21,O2-Dis,,8.5,mg/l,Fair,original
SRB00003,Zemun,2022-09-22,O2-Dis,,8.4788,mg/l,Fair,augmented_copy2_jitter+1d
SRB00003,Zemun,2022-09-23,O2-Dis,,8.4135,mg/l,Fair,augmented_copy1_jitter+2d
SRB00003,Zemun,2022-09-23,O2-Dis,,8.3999,mg/l,Fair,augmented_copy3_jitter+2d
SRB00003,Zemun,2022-10-16,O2-Dis,,9.1651,mg/l,Fair,augmented_copy3_jitter-3d
SRB00003,Zemun,2022-10-17,O2-Dis,,9.3526,mg/l,Fair,augmented_copy1_jitter-2d
SRB00003,Zemun,2022-10-18,O2-Dis,,9.2527,mg/l,Fair,augmented_copy2_jitter-1d
SRB00003,Zemun,2022-10-19,O2-Dis,,9.3,mg/l,Fair,original
SRB00003,Zemun,2022-11-14,O2-Dis,,9.5539,mg/l,Fair,augmented_copy2_jitter-3d
SRB00003,Zemun,2022-11-17,O2-Dis,,9.4,mg/l,Fair,original
SRB00003,Zemun,2022-11-19,O2-Dis,,9.6106,mg/l,Fair,augmented_copy1_jitter+2d
SRB00003,Zemun,2022-11-20,O2-Dis,,9.3053,mg/l,Fair,augmented_copy3_jitter+3d
SRB00003,Zemun,2022-12-19,O2-Dis,,11.6308,mg/l,Fair,augmented_copy2_jitter-2d
SRB00003,Zemun,2022-12-21,O2-Dis,,11.8,mg/l,Fair,original
SRB00003,Zemun,2022-12-23,O2-Dis,,11.7095,mg/l,Fair,augmented_copy3_jitter+2d
SRB00003,Zemun,2022-12-24,O2-Dis,,11.7396,mg/l,Fair,augmented_copy1_jitter+3d
SRB00003,Zemun,2023-01-15,O2-Dis,,11.6544,mg/l,Fair,augmented_copy3_jitter-3d
SRB00003,Zemun,2023-01-18,O2-Dis,,11.7,mg/l,Fair,original
SRB00003,Zemun,2023-01-20,O2-Dis,,11.783,mg/l,Fair,augmented_copy1_jitter+2d
SRB00003,Zemun,2023-01-21,O2-Dis,,11.6607,mg/l,Fair,augmented_copy2_jitter+3d
SRB00003,Zemun,2023-02-12,O2-Dis,,12.9162,mg/l,Fair,augmented_copy1_jitter-2d
SRB00003,Zemun,2023-02-14,O2-Dis,,13.1,mg/l,Fair,original
SRB00003,Zemun,2023-02-15,O2-Dis,,13.063,mg/l,Fair,augmented_copy3_jitter+1d
SRB00003,Zemun,2023-02-17,O2-Dis,,13.0847,mg/l,Fair,augmented_copy2_jitter+3d
SRB00003,Zemun,2023-03-14,O2-Dis,,11.5725,mg/l,Fair,augmented_copy1_jitter-1d
SRB00003,Zemun,2023-03-15,O2-Dis,,11.6,mg/l,Fair,original
SRB00003,Zemun,2023-03-16,O2-Dis,,11.4438,mg/l,Fair,augmented_copy2_jitter+1d
SRB00003,Zemun,2023-03-16,O2-Dis,,11.6763,mg/l,Fair,augmented_copy3_jitter+1d
SRB00003,Zemun,2023-04-16,O2-Dis,,10.7787,mg/l,Fair,augmented_copy1_jitter-3d
SRB00003,Zemun,2023-04-18,O2-Dis,,10.652,mg/l,Fair,augmented_copy2_jitter-1d
SRB00003,Zemun,2023-04-19,O2-Dis,,10.6,mg/l,Fair,original
SRB00003,Zemun,2023-04-20,O2-Dis,,10.6745,mg/l,Fair,augmented_copy3_jitter+1d
SRB00003,Zemun,2023-05-14,O2-Dis,,8.4609,mg/l,Fair,augmented_copy3_jitter-3d
SRB00003,Zemun,2023-05-15,O2-Dis,,8.4334,mg/l,Fair,augmented_copy2_jitter-2d
SRB00003,Zemun,2023-05-17,O2-Dis,,8.5,mg/l,Fair,original
SRB00003,Zemun,2023-05-18,O2-Dis,,8.4698,mg/l,Fair,augmented_copy1_jitter+1d
SRB00003,Zemun,2023-06-19,O2-Dis,,7.0656,mg/l,Fair,augmented_copy1_jitter-2d
SRB00003,Zemun,2023-06-19,O2-Dis,,7.0296,mg/l,Fair,augmented_copy2_jitter-2d
SRB00003,Zemun,2023-06-21,O2-Dis,,7.1,mg/l,Fair,original
SRB00003,Zemun,2023-06-22,O2-Dis,,7.0795,mg/l,Fair,augmented_copy3_jitter+1d
SRB00003,Zemun,2023-07-17,O2-Dis,,8.891,mg/l,Fair,augmented_copy3_jitter-2d
SRB00003,Zemun,2023-07-18,O2-Dis,,9.011,mg/l,Fair,augmented_copy1_jitter-1d
SRB00003,Zemun,2023-07-18,O2-Dis,,8.892,mg/l,Fair,augmented_copy2_jitter-1d
SRB00003,Zemun,2023-07-19,O2-Dis,,8.9,mg/l,Fair,original
SRB00003,Zemun,2023-08-16,O2-Dis,,7.1,mg/l,Fair,original
SRB00003,Zemun,2023-08-17,O2-Dis,,7.0323,mg/l,Fair,augmented_copy1_jitter+1d
SRB00003,Zemun,2023-08-17,O2-Dis,,6.9261,mg/l,Fair,augmented_copy3_jitter+1d
SRB00003,Zemun,2023-08-19,O2-Dis,,6.9821,mg/l,Fair,augmented_copy2_jitter+3d
SRB00003,Zemun,2023-09-19,O2-Dis,,8.3865,mg/l,Fair,augmented_copy2_jitter-1d
SRB00003,Zemun,2023-09-20,O2-Dis,,8.4,mg/l,Fair,original
SRB00003,Zemun,2023-09-23,O2-Dis,,8.6637,mg/l,Fair,augmented_copy1_jitter+3d
SRB00003,Zemun,2023-09-23,O2-Dis,,8.3941,mg/l,Fair,augmented_copy3_jitter+3d
SRB00003,Zemun,2023-10-18,O2-Dis,,8.9,mg/l,Fair,original
SRB00003,Zemun,2023-10-19,O2-Dis,,9.0539,mg/l,Fair,augmented_copy2_jitter+1d
SRB00003,Zemun,2023-10-19,O2-Dis,,8.9157,mg/l,Fair,augmented_copy3_jitter+1d
SRB00003,Zemun,2023-10-20,O2-Dis,,8.7682,mg/l,Fair,augmented_copy1_jitter+2d
SRB00003,Zemun,2023-11-12,O2-Dis,,9.0856,mg/l,Fair,augmented_copy1_jitter-3d
SRB00003,Zemun,2023-11-15,O2-Dis,,9.1,mg/l,Fair,original
SRB00003,Zemun,2023-11-18,O2-Dis,,9.1541,mg/l,Fair,augmented_copy2_jitter+3d
SRB00003,Zemun,2023-11-18,O2-Dis,,8.9321,mg/l,Fair,augmented_copy3_jitter+3d
SRB00003,Zemun,2023-12-18,O2-Dis,,11.9289,mg/l,Fair,augmented_copy1_jitter-2d
SRB00003,Zemun,2023-12-18,O2-Dis,,11.8464,mg/l,Fair,augmented_copy3_jitter-2d
SRB00003,Zemun,2023-12-20,O2-Dis,,11.9,mg/l,Fair,original
SRB00003,Zemun,2023-12-21,O2-Dis,,11.9818,mg/l,Fair,augmented_copy2_jitter+1d
SRB00005,Banatska Palanka,2013-01-28,O2-Dis,,12.4382,mg/l,Fair,augmented_copy1_jitter-3d
SRB00005,Banatska Palanka,2013-01-29,O2-Dis,,12.3485,mg/l,Fair,augmented_copy2_jitter-2d
SRB00005,Banatska Palanka,2013-01-31,O2-Dis,,12.5,mg/l,Fair,original
SRB00005,Banatska Palanka,2013-02-02,O2-Dis,,12.5211,mg/l,Fair,augmented_copy3_jitter+2d
SRB00005,Banatska Palanka,2013-02-16,O2-Dis,,12.3133,mg/l,Fair,augmented_copy2_jitter-2d
SRB00005,Banatska Palanka,2013-02-18,O2-Dis,,12.3,mg/l,Fair,original
SRB00005,Banatska Palanka,2013-02-19,O2-Dis,,12.2341,mg/l,Fair,augmented_copy1_jitter+1d
SRB00005,Banatska Palanka,2013-02-19,O2-Dis,,12.2724,mg/l,Fair,augmented_copy3_jitter+1d
SRB00005,Banatska Palanka,2013-04-09,O2-Dis,,9.9864,mg/l,Fair,augmented_copy2_jitter-1d
SRB00005,Banatska Palanka,2013-04-10,O2-Dis,,10.0,mg/l,Fair,original
SRB00005,Banatska Palanka,2013-04-11,O2-Dis,,9.8853,mg/l,Fair,augmented_copy1_jitter+1d
SRB00005,Banatska Palanka,2013-04-12,O2-Dis,,9.9289,mg/l,Fair,augmented_copy3_jitter+2d
SRB00005,Banatska Palanka,2013-05-13,O2-Dis,,7.5632,mg/l,Fair,augmented_copy2_jitter-2d
SRB00005,Banatska Palanka,2013-05-15,O2-Dis,,7.5,mg/l,Fair,original
SRB00005,Banatska Palanka,2013-05-16,O2-Dis,,7.5395,mg/l,Fair,augmented_copy1_jitter+1d
SRB00005,Banatska Palanka,2013-05-18,O2-Dis,,7.7542,mg/l,Fair,augmented_copy3_jitter+3d
SRB00005,Banatska Palanka,2013-06-18,O2-Dis,,7.8392,mg/l,Fair,augmented_copy2_jitter-2d
SRB00005,Banatska Palanka,2013-06-18,O2-Dis,,7.9041,mg/l,Fair,augmented_copy3_jitter-2d
SRB00005,Banatska Palanka,2013-06-20,O2-Dis,,7.9,mg/l,Fair,original
SRB00005,Banatska Palanka,2013-06-23,O2-Dis,,7.8979,mg/l,Fair,augmented_copy1_jitter+3d
SRB00005,Banatska Palanka,2013-07-21,O2-Dis,,8.421,mg/l,Fair,augmented_copy2_jitter-3d
SRB00005,Banatska Palanka,2013-07-22,O2-Dis,,8.3435,mg/l,Fair,augmented_copy3_jitter-2d
SRB00005,Banatska Palanka,2013-07-23,O2-Dis,,8.3658,mg/l,Fair,augmented_copy1_jitter-1d
SRB00005,Banatska Palanka,2013-07-24,O2-Dis,,8.4,mg/l,Fair,original
SRB00005,Banatska Palanka,2013-08-18,O2-Dis,,8.3055,mg/l,Fair,augmented_copy1_jitter-2d
SRB00005,Banatska Palanka,2013-08-20,O2-Dis,,8.1,mg/l,Fair,original
SRB00005,Banatska Palanka,2013-08-21,O2-Dis,,8.2474,mg/l,Fair,augmented_copy2_jitter+1d
SRB00005,Banatska Palanka,2013-08-22,O2-Dis,,8.3009,mg/l,Fair,augmented_copy3_jitter+2d
SRB00005,Banatska Palanka,2013-09-26,O2-Dis,,8.1,mg/l,Fair,original
SRB00005,Banatska Palanka,2013-09-28,O2-Dis,,8.0744,mg/l,Fair,augmented_copy2_jitter+2d
SRB00005,Banatska Palanka,2013-09-28,O2-Dis,,7.9946,mg/l,Fair,augmented_copy3_jitter+2d
SRB00005,Banatska Palanka,2013-09-29,O2-Dis,,8.1251,mg/l,Fair,augmented_copy1_jitter+3d
SRB00005,Banatska Palanka,2013-10-08,O2-Dis,,9.3114,mg/l,Fair,augmented_copy2_jitter-2d
SRB00005,Banatska Palanka,2013-10-09,O2-Dis,,9.2327,mg/l,Fair,augmented_copy3_jitter-1d
SRB00005,Banatska Palanka,2013-10-10,O2-Dis,,9.3,mg/l,Fair,original
SRB00005,Banatska Palanka,2013-10-12,O2-Dis,,9.2575,mg/l,Fair,augmented_copy1_jitter+2d
SRB00005,Banatska Palanka,2013-12-09,O2-Dis,,11.4884,mg/l,Fair,augmented_copy3_jitter-3d
SRB00005,Banatska Palanka,2013-12-11,O2-Dis,,11.4028,mg/l,Fair,augmented_copy2_jitter-1d
SRB00005,Banatska Palanka,2013-12-12,O2-Dis,,11.3,mg/l,Fair,original
SRB00005,Banatska Palanka,2013-12-14,O2-Dis,,11.2062,mg/l,Fair,augmented_copy1_jitter+2d
SRB00005,Banatska Palanka,2014-03-06,O2-Dis,,10.6,mg/l,Fair,original
SRB00005,Banatska Palanka,2014-03-07,O2-Dis,,10.7384,mg/l,Fair,augmented_copy1_jitter+1d
SRB00005,Banatska Palanka,2014-03-07,O2-Dis,,10.6559,mg/l,Fair,augmented_copy3_jitter+1d
SRB00005,Banatska Palanka,2014-03-08,O2-Dis,,10.7703,mg/l,Fair,augmented_copy2_jitter+2d
SRB00005,Banatska Palanka,2014-03-28,O2-Dis,,9.8199,mg/l,Fair,augmented_copy3_jitter-3d
SRB00005,Banatska Palanka,2014-03-29,O2-Dis,,9.6668,mg/l,Fair,augmented_copy2_jitter-2d
SRB00005,Banatska Palanka,2014-03-31,O2-Dis,,9.7,mg/l,Fair,original
SRB00005,Banatska Palanka,2014-04-01,O2-Dis,,9.6014,mg/l,Fair,augmented_copy1_jitter+1d
SRB00005,Banatska Palanka,2014-04-15,O2-Dis,,9.0,mg/l,Fair,original
SRB00005,Banatska Palanka,2014-04-17,O2-Dis,,8.9022,mg/l,Fair,augmented_copy1_jitter+2d
SRB00005,Banatska Palanka,2014-04-18,O2-Dis,,8.9579,mg/l,Fair,augmented_copy2_jitter+3d
SRB00005,Banatska Palanka,2014-04-18,O2-Dis,,9.0172,mg/l,Fair,augmented_copy3_jitter+3d
SRB00005,Banatska Palanka,2014-05-12,O2-Dis,,8.8123,mg/l,Fair,augmented_copy2_jitter-3d
SRB00005,Banatska Palanka,2014-05-12,O2-Dis,,8.7935,mg/l,Fair,augmented_copy3_jitter-3d
SRB00005,Banatska Palanka,2014-05-13,O2-Dis,,8.63,mg/l,Fair,augmented_copy1_jitter-2d
SRB00005,Banatska Palanka,2014-05-15,O2-Dis,,8.8,mg/l,Fair,original
SRB00005,Banatska Palanka,2014-06-09,O2-Dis,,7.5084,mg/l,Fair,augmented_copy1_jitter-3d
SRB00005,Banatska Palanka,2014-06-12,O2-Dis,,7.5,mg/l,Fair,original
SRB00005,Banatska Palanka,2014-06-13,O2-Dis,,7.5292,mg/l,Fair,augmented_copy2_jitter+1d
SRB00005,Banatska Palanka,2014-06-14,O2-Dis,,7.6115,mg/l,Fair,augmented_copy3_jitter+2d
SRB00005,Banatska Palanka,2014-07-21,O2-Dis,,7.0235,mg/l,Fair,augmented_copy3_jitter-2d
SRB00005,Banatska Palanka,2014-07-23,O2-Dis,,7.1,mg/l,Fair,original
SRB00005,Banatska Palanka,2014-07-26,O2-Dis,,7.2257,mg/l,Fair,augmented_copy1_jitter+3d
SRB00005,Banatska Palanka,2014-07-26,O2-Dis,,6.9143,mg/l,Fair,augmented_copy2_jitter+3d
SRB00005,Banatska Palanka,2014-08-11,O2-Dis,,6.7917,mg/l,Fair,augmented_copy3_jitter-3d
SRB00005,Banatska Palanka,2014-08-14,O2-Dis,,6.8,mg/l,Fair,original
SRB00005,Banatska Palanka,2014-08-15,O2-Dis,,6.6851,mg/l,Fair,augmented_copy1_jitter+1d
SRB00005,Banatska Palanka,2014-08-16,O2-Dis,,6.8437,mg/l,Fair,augmented_copy2_jitter+2d
SRB00005,Banatska Palanka,2014-09-15,O2-Dis,,7.3775,mg/l,Fair,augmented_copy1_jitter-3d
SRB00005,Banatska Palanka,2014-09-18,O2-Dis,,7.3,mg/l,Fair,original
SRB00005,Banatska Palanka,2014-09-19,O2-Dis,,7.3398,mg/l,Fair,augmented_copy3_jitter+1d
SRB00005,Banatska Palanka,2014-09-21,O2-Dis,,7.1918,mg/l,Fair,augmented_copy2_jitter+3d
SRB00005,Banatska Palanka,2014-10-20,O2-Dis,,7.7532,mg/l,Fair,augmented_copy2_jitter-3d
SRB00005,Banatska Palanka,2014-10-23,O2-Dis,,7.9,mg/l,Fair,original
SRB00005,Banatska Palanka,2014-10-25,O2-Dis,,7.961,mg/l,Fair,augmented_copy1_jitter+2d
SRB00005,Banatska Palanka,2014-10-25,O2-Dis,,7.8108,mg/l,Fair,augmented_copy3_jitter+2d
SRB00005,Banatska Palanka,2014-11-17,O2-Dis,,9.7573,mg/l,Fair,augmented_copy1_jitter-3d
SRB00005,Banatska Palanka,2014-11-17,O2-Dis,,9.7113,mg/l,Fair,augmented_copy2_jitter-3d
SRB00005,Banatska Palanka,2014-11-20,O2-Dis,,9.6,mg/l,Fair,original
SRB00005,Banatska Palanka,2014-11-23,O2-Dis,,9.6828,mg/l,Fair,augmented_copy3_jitter+3d
SRB00005,Banatska Palanka,2014-12-10,O2-Dis,,10.6767,mg/l,Fair,augmented_copy2_jitter-1d
SRB00005,Banatska Palanka,2014-12-11,O2-Dis,,10.6,mg/l,Fair,original
SRB00005,Banatska Palanka,2014-12-13,O2-Dis,,10.6082,mg/l,Fair,augmented_copy1_jitter+2d
SRB00005,Banatska Palanka,2014-12-13,O2-Dis,,10.4393,mg/l,Fair,augmented_copy3_jitter+2d
SRB00005,Banatska Palanka,2015-01-19,O2-Dis,,11.3723,mg/l,Fair,augmented_copy2_jitter-3d
SRB00005,Banatska Palanka,2015-01-22,O2-Dis,,11.5,mg/l,Fair,original
SRB00005,Banatska Palanka,2015-01-23,O2-Dis,,11.4471,mg/l,Fair,augmented_copy1_jitter+1d
SRB00005,Banatska Palanka,2015-01-25,O2-Dis,,11.4845,mg/l,Fair,augmented_copy3_jitter+3d
SRB00005,Banatska Palanka,2015-02-16,O2-Dis,,12.7115,mg/l,Fair,augmented_copy2_jitter-3d
SRB00005,Banatska Palanka,2015-02-19,O2-Dis,,12.8,mg/l,Fair,original
SRB00005,Banatska Palanka,2015-02-20,O2-Dis,,12.8991,mg/l,Fair,augmented_copy1_jitter+1d
SRB00005,Banatska Palanka,2015-02-22,O2-Dis,,12.6902,mg/l,Fair,augmented_copy3_jitter+3d
SRB00005,Banatska Palanka,2015-03-16,O2-Dis,,11.219,mg/l,Fair,augmented_copy3_jitter-3d
SRB00005,Banatska Palanka,2015-03-19,O2-Dis,,11.3,mg/l,Fair,original
SRB00005,Banatska Palanka,2015-03-21,O2-Dis,,11.425,mg/l,Fair,augmented_copy2_jitter+2d
SRB00005,Banatska Palanka,2015-03-22,O2-Dis,,11.3985,mg/l,Fair,augmented_copy1_jitter+3d
SRB00005,Banatska Palanka,2015-04-20,O2-Dis,,10.6671,mg/l,Fair,augmented_copy1_jitter-3d
SRB00005,Banatska Palanka,2015-04-23,O2-Dis,,10.8,mg/l,Fair,original
SRB00005,Banatska Palanka,2015-04-25,O2-Dis,,10.7469,mg/l,Fair,augmented_copy3_jitter+2d
SRB00005,Banatska Palanka,2015-04-26,O2-Dis,,10.7352,mg/l,Fair,augmented_copy2_jitter+3d
SRB00005,Banatska Palanka,2015-05-26,O2-Dis,,7.6853,mg/l,Fair,augmented_copy3_jitter-2d
SRB00005,Banatska Palanka,2015-05-27,O2-Dis,,7.6975,mg/l,Fair,augmented_copy1_jitter-1d
SRB00005,Banatska Palanka,2015-05-28,O2-Dis,,7.8,mg/l,Fair,original
SRB00005,Banatska Palanka,2015-05-30,O2-Dis,,7.7286,mg/l,Fair,augmented_copy2_jitter+2d
SRB00005,Banatska Palanka,2015-06-16,O2-Dis,,7.672,mg/l,Fair,augmented_copy3_jitter-2d
SRB00005,Banatska Palanka,2015-06-18,O2-Dis,,7.7,mg/l,Fair,original
SRB00005,Banatska Palanka,2015-06-19,O2-Dis,,7.7326,mg/l,Fair,augmented_copy1_jitter+1d
SRB00005,Banatska Palanka,2015-06-20,O2-Dis,,7.5625,mg/l,Fair,augmented_copy2_jitter+2d
SRB00005,Banatska Palanka,2015-07-16,O2-Dis,,7.2,mg/l,Fair,original
SRB00005,Banatska Palanka,2015-07-17,O2-Dis,,7.2364,mg/l,Fair,augmented_copy1_jitter+1d
SRB00005,Banatska Palanka,2015-07-19,O2-Dis,,7.1053,mg/l,Fair,augmented_copy2_jitter+3d
SRB00005,Banatska Palanka,2015-07-19,O2-Dis,,7.2758,mg/l,Fair,augmented_copy3_jitter+3d
SRB00005,Banatska Palanka,2015-08-19,O2-Dis,,7.9364,mg/l,Fair,augmented_copy2_jitter-1d
SRB00005,Banatska Palanka,2015-08-20,O2-Dis,,7.8,mg/l,Fair,original
SRB00005,Banatska Palanka,2015-08-23,O2-Dis,,7.7751,mg/l,Fair,augmented_copy1_jitter+3d
SRB00005,Banatska Palanka,2015-08-23,O2-Dis,,7.8195,mg/l,Fair,augmented_copy3_jitter+3d
SRB00005,Banatska Palanka,2015-09-17,O2-Dis,,8.5,mg/l,Fair,original
SRB00005,Banatska Palanka,2015-09-20,O2-Dis,,8.6797,mg/l,Fair,augmented_copy1_jitter+3d
SRB00005,Banatska Palanka,2015-09-20,O2-Dis,,8.4861,mg/l,Fair,augmented_copy2_jitter+3d
SRB00005,Banatska Palanka,2015-09-20,O2-Dis,,8.6075,mg/l,Fair,augmented_copy3_jitter+3d
SRB00005,Banatska Palanka,2015-10-12,O2-Dis,,10.3576,mg/l,Fair,augmented_copy3_jitter-3d
SRB00005,Banatska Palanka,2015-10-15,O2-Dis,,10.3,mg/l,Fair,original
SRB00005,Banatska Palanka,2015-10-16,O2-Dis,,10.4294,mg/l,Fair,augmented_copy2_jitter+1d
SRB00005,Banatska Palanka,2015-10-18,O2-Dis,,10.31,mg/l,Fair,augmented_copy1_jitter+3d
SRB00005,Banatska Palanka,2015-11-17,O2-Dis,,8.9714,mg/l,Fair,augmented_copy1_jitter-2d
SRB00005,Banatska Palanka,2015-11-18,O2-Dis,,8.9065,mg/l,Fair,augmented_copy2_jitter-1d
SRB00005,Banatska Palanka,2015-11-19,O2-Dis,,8.9,mg/l,Fair,original
SRB00005,Banatska Palanka,2015-11-21,O2-Dis,,8.6373,mg/l,Fair,augmented_copy3_jitter+2d
SRB00005,Banatska Palanka,2015-12-13,O2-Dis,,11.2951,mg/l,Fair,augmented_copy1_jitter-2d
SRB00005,Banatska Palanka,2015-12-14,O2-Dis,,11.4026,mg/l,Fair,augmented_copy2_jitter-1d
SRB00005,Banatska Palanka,2015-12-15,O2-Dis,,11.3,mg/l,Fair,original
SRB00005,Banatska Palanka,2015-12-16,O2-Dis,,11.1993,mg/l,Fair,augmented_copy3_jitter+1d
SRB00005,Banatska Palanka,2016-01-18,O2-Dis,,12.2822,mg/l,Fair,augmented_copy1_jitter-3d
SRB00005,Banatska Palanka,2016-01-20,O2-Dis,,12.2924,mg/l,Fair,augmented_copy2_jitter-1d
SRB00005,Banatska Palanka,2016-01-21,O2-Dis,,12.3,mg/l,Fair,original
SRB00005,Banatska Palanka,2016-01-23,O2-Dis,,12.4262,mg/l,Fair,augmented_copy3_jitter+2d
SRB00005,Banatska Palanka,2016-02-07,O2-Dis,,12.6506,mg/l,Fair,augmented_copy1_jitter-3d
SRB00005,Banatska Palanka,2016-02-09,O2-Dis,,12.5452,mg/l,Fair,augmented_copy2_jitter-1d
SRB00005,Banatska Palanka,2016-02-10,O2-Dis,,12.5,mg/l,Fair,original
SRB00005,Banatska Palanka,2016-02-11,O2-Dis,,12.5324,mg/l,Fair,augmented_copy3_jitter+1d
SRB00005,Banatska Palanka,2016-03-08,O2-Dis,,9.8366,mg/l,Fair,augmented_copy3_jitter-1d
SRB00005,Banatska Palanka,2016-03-09,O2-Dis,,9.8,mg/l,Fair,original
SRB00005,Banatska Palanka,2016-03-10,O2-Dis,,9.7135,mg/l,Fair,augmented_copy1_jitter+1d
SRB00005,Banatska Palanka,2016-03-11,O2-Dis,,9.8111,mg/l,Fair,augmented_copy2_jitter+2d
SRB00005,Banatska Palanka,2016-04-11,O2-Dis,,11.1393,mg/l,Fair,augmented_copy2_jitter-2d
SRB00005,Banatska Palanka,2016-04-12,O2-Dis,,11.1266,mg/l,Fair,augmented_copy1_jitter-1d
SRB00005,Banatska Palanka,2016-04-13,O2-Dis,,11.2,mg/l,Fair,original
SRB00005,Banatska Palanka,2016-04-15,O2-Dis,,11.2466,mg/l,Fair,augmented_copy3_jitter+2d
SRB00005,Banatska Palanka,2016-05-11,O2-Dis,,9.0533,mg/l,Fair,augmented_copy2_jitter-1d
SRB00005,Banatska Palanka,2016-05-12,O2-Dis,,9.1,mg/l,Fair,original
SRB00005,Banatska Palanka,2016-05-15,O2-Dis,,9.1555,mg/l,Fair,augmented_copy1_jitter+3d
SRB00005,Banatska Palanka,2016-05-15,O2-Dis,,9.0821,mg/l,Fair,augmented_copy3_jitter+3d
SRB00005,Banatska Palanka,2016-06-05,O2-Dis,,7.3815,mg/l,Fair,augmented_copy1_jitter-3d
SRB00005,Banatska Palanka,2016-06-05,O2-Dis,,7.4193,mg/l,Fair,augmented_copy2_jitter-3d
SRB00005,Banatska Palanka,2016-06-07,O2-Dis,,7.4058,mg/l,Fair,augmented_copy3_jitter-1d
SRB00005,Banatska Palanka,2016-06-08,O2-Dis,,7.4,mg/l,Fair,original
SRB00005,Banatska Palanka,2016-07-12,O2-Dis,,8.1525,mg/l,Fair,augmented_copy1_jitter-1d
SRB00005,Banatska Palanka,2016-07-12,O2-Dis,,8.1771,mg/l,Fair,augmented_copy3_jitter-1d
SRB00005,Banatska Palanka,2016-07-13,O2-Dis,,8.4,mg/l,Fair,original
SRB00005,Banatska Palanka,2016-07-15,O2-Dis,,8.4397,mg/l,Fair,augmented_copy2_jitter+2d
SRB00005,Banatska Palanka,2016-08-08,O2-Dis,,6.5806,mg/l,Fair,augmented_copy1_jitter-2d
SRB00005,Banatska Palanka,2016-08-08,O2-Dis,,6.6542,mg/l,Fair,augmented_copy3_jitter-2d
SRB00005,Banatska Palanka,2016-08-10,O2-Dis,,6.5,mg/l,Fair,original
SRB00005,Banatska Palanka,2016-08-12,O2-Dis,,6.4732,mg/l,Fair,augmented_copy2_jitter+2d
SRB00005,Banatska Palanka,2016-09-12,O2-Dis,,7.6181,mg/l,Fair,augmented_copy1_jitter-2d
SRB00005,Banatska Palanka,2016-09-12,O2-Dis,,7.8535,mg/l,Fair,augmented_copy3_jitter-2d
SRB00005,Banatska Palanka,2016-09-14,O2-Dis,,7.7,mg/l,Fair,original
SRB00005,Banatska Palanka,2016-09-15,O2-Dis,,7.7477,mg/l,Fair,augmented_copy2_jitter+1d
SRB00005,Banatska Palanka,2016-10-11,O2-Dis,,9.1497,mg/l,Fair,augmented_copy1_jitter-1d
SRB00005,Banatska Palanka,2016-10-11,O2-Dis,,9.047,mg/l,Fair,augmented_copy3_jitter-1d
SRB00005,Banatska Palanka,2016-10-12,O2-Dis,,9.1,mg/l,Fair,original
SRB00005,Banatska Palanka,2016-10-14,O2-Dis,,9.0552,mg/l,Fair,augmented_copy2_jitter+2d
SRB00005,Banatska Palanka,2016-11-07,O2-Dis,,9.4117,mg/l,Fair,augmented_copy1_jitter-2d
SRB00005,Banatska Palanka,2016-11-08,O2-Dis,,9.6051,mg/l,Fair,augmented_copy3_jitter-1d
SRB00005,Banatska Palanka,2016-11-09,O2-Dis,,9.5,mg/l,Fair,original
SRB00005,Banatska Palanka,2016-11-12,O2-Dis,,9.7532,mg/l,Fair,augmented_copy2_jitter+3d
SRB00005,Banatska Palanka,2016-12-06,O2-Dis,,12.0326,mg/l,Fair,augmented_copy3_jitter-2d
SRB00005,Banatska Palanka,2016-12-08,O2-Dis,,11.9,mg/l,Fair,original
SRB00005,Banatska Palanka,2016-12-09,O2-Dis,,11.9224,mg/l,Fair,augmented_copy1_jitter+1d
SRB00005,Banatska Palanka,2016-12-11,O2-Dis,,11.8299,mg/l,Fair,augmented_copy2_jitter+3d
SRB00005,Banatska Palanka,2017-02-06,O2-Dis,,13.8951,mg/l,Fair,augmented_copy2_jitter-3d
SRB00005,Banatska Palanka,2017-02-07,O2-Dis,,13.6402,mg/l,Fair,augmented_copy1_jitter-2d
SRB00005,Banatska Palanka,2017-02-07,O2-Dis,,13.7805,mg/l,Fair,augmented_copy3_jitter-2d
SRB00005,Banatska Palanka,2017-02-09,O2-Dis,,13.8,mg/l,Fair,original
SRB00005,Banatska Palanka,2017-03-06,O2-Dis,,10.4412,mg/l,Fair,augmented_copy3_jitter-3d
SRB00005,Banatska Palanka,2017-03-07,O2-Dis,,10.5742,mg/l,Fair,augmented_copy1_jitter-2d
SRB00005,Banatska Palanka,2017-03-09,O2-Dis,,10.6,mg/l,Fair,original
SRB00005,Banatska Palanka,2017-03-11,O2-Dis,,10.7301,mg/l,Fair,augmented_copy2_jitter+2d
SRB00005,Banatska Palanka,2017-04-12,O2-Dis,,11.0,mg/l,Fair,original
SRB00005,Banatska Palanka,2017-04-13,O2-Dis,,10.9266,mg/l,Fair,augmented_copy1_jitter+1d
SRB00005,Banatska Palanka,2017-04-14,O2-Dis,,10.9141,mg/l,Fair,augmented_copy3_jitter+2d
SRB00005,Banatska Palanka,2017-04-15,O2-Dis,,10.9869,mg/l,Fair,augmented_copy2_jitter+3d
SRB00005,Banatska Palanka,2017-05-09,O2-Dis,,9.8185,mg/l,Fair,augmented_copy2_jitter-2d
SRB00005,Banatska Palanka,2017-05-10,O2-Dis,,10.0198,mg/l,Fair,augmented_copy3_jitter-1d
SRB00005,Banatska Palanka,2017-05-11,O2-Dis,,10.0,mg/l,Fair,original
SRB00005,Banatska Palanka,2017-05-14,O2-Dis,,9.9263,mg/l,Fair,augmented_copy1_jitter+3d
SRB00005,Banatska Palanka,2017-06-15,O2-Dis,,6.7,mg/l,Fair,original
SRB00005,Banatska Palanka,2017-06-17,O2-Dis,,6.8067,mg/l,Fair,augmented_copy1_jitter+2d
SRB00005,Banatska Palanka,2017-06-17,O2-Dis,,6.7786,mg/l,Fair,augmented_copy3_jitter+2d
SRB00005,Banatska Palanka,2017-06-18,O2-Dis,,6.6225,mg/l,Fair,augmented_copy2_jitter+3d
SRB00005,Banatska Palanka,2017-07-11,O2-Dis,,8.5274,mg/l,Fair,augmented_copy1_jitter-2d
SRB00005,Banatska Palanka,2017-07-11,O2-Dis,,8.5687,mg/l,Fair,augmented_copy2_jitter-2d
SRB00005,Banatska Palanka,2017-07-13,O2-Dis,,8.5,mg/l,Fair,original
SRB00005,Banatska Palanka,2017-07-15,O2-Dis,,8.5582,mg/l,Fair,augmented_copy3_jitter+2d
SRB00005,Banatska Palanka,2017-08-07,O2-Dis,,8.0141,mg/l,Fair,augmented_copy3_jitter-3d
SRB00005,Banatska Palanka,2017-08-09,O2-Dis,,8.2189,mg/l,Fair,augmented_copy1_jitter-1d
SRB00005,Banatska Palanka,2017-08-10,O2-Dis,,8.1,mg/l,Fair,original
SRB00005,Banatska Palanka,2017-08-12,O2-Dis,,8.1932,mg/l,Fair,augmented_copy2_jitter+2d
SRB00005,Banatska Palanka,2017-09-11,O2-Dis,,7.711,mg/l,Fair,augmented_copy1_jitter-3d
SRB00005,Banatska Palanka,2017-09-12,O2-Dis,,7.7352,mg/l,Fair,augmented_copy3_jitter-2d
SRB00005,Banatska Palanka,2017-09-13,O2-Dis,,7.5359,mg/l,Fair,augmented_copy2_jitter-1d
SRB00005,Banatska Palanka,2017-09-14,O2-Dis,,7.7,mg/l,Fair,original
SRB00005,Banatska Palanka,2017-10-09,O2-Dis,,8.2314,mg/l,Fair,augmented_copy1_jitter-3d
SRB00005,Banatska Palanka,2017-10-09,O2-Dis,,8.1484,mg/l,Fair,augmented_copy3_jitter-3d
SRB00005,Banatska Palanka,2017-10-11,O2-Dis,,8.2374,mg/l,Fair,augmented_copy2_jitter-1d
SRB00005,Banatska Palanka,2017-10-12,O2-Dis,,8.2,mg/l,Fair,original
SRB00005,Banatska Palanka,2017-11-06,O2-Dis,,10.3249,mg/l,Fair,augmented_copy2_jitter-3d
SRB00005,Banatska Palanka,2017-11-06,O2-Dis,,10.3016,mg/l,Fair,augmented_copy3_jitter-3d
SRB00005,Banatska Palanka,2017-11-09,O2-Dis,,10.3,mg/l,Fair,original
SRB00005,Banatska Palanka,2017-11-11,O2-Dis,,10.192,mg/l,Fair,augmented_copy1_jitter+2d
SRB00005,Banatska Palanka,2017-12-05,O2-Dis,,11.9743,mg/l,Fair,augmented_copy3_jitter-2d
SRB00005,Banatska Palanka,2017-12-06,O2-Dis,,12.0291,mg/l,Fair,augmented_copy2_jitter-1d
SRB00005,Banatska Palanka,2017-12-07,O2-Dis,,12.1,mg/l,Fair,original
SRB00005,Banatska Palanka,2017-12-08,O2-Dis,,12.1879,mg/l,Fair,augmented_copy1_jitter+1d
SRB00005,Banatska Palanka,2018-01-18,O2-Dis,,10.3,mg/l,Fair,original
SRB00005,Banatska Palanka,2018-01-19,O2-Dis,,10.3307,mg/l,Fair,augmented_copy1_jitter+1d
SRB00005,Banatska Palanka,2018-01-20,O2-Dis,,10.3545,mg/l,Fair,augmented_copy2_jitter+2d
SRB00005,Banatska Palanka,2018-01-20,O2-Dis,,10.0733,mg/l,Fair,augmented_copy3_jitter+2d
SRB00005,Banatska Palanka,2018-02-05,O2-Dis,,12.2959,mg/l,Fair,augmented_copy3_jitter-3d
SRB00005,Banatska Palanka,2018-02-07,O2-Dis,,12.1941,mg/l,Fair,augmented_copy1_jitter-1d
SRB00005,Banatska Palanka,2018-02-08,O2-Dis,,12.4,mg/l,Fair,original
SRB00005,Banatska Palanka,2018-02-10,O2-Dis,,12.3993,mg/l,Fair,augmented_copy2_jitter+2d
SRB00005,Banatska Palanka,2018-03-12,O2-Dis,,17.7168,mg/l,Fair,augmented_copy3_jitter-3d
SRB00005,Banatska Palanka,2018-03-14,O2-Dis,,17.5278,mg/l,Fair,augmented_copy2_jitter-1d
SRB00005,Banatska Palanka,2018-03-15,O2-Dis,,17.7,mg/l,Fair,original
SRB00005,Banatska Palanka,2018-03-16,O2-Dis,,17.9539,mg/l,Fair,augmented_copy1_jitter+1d
SRB00005,Banatska Palanka,2018-04-17,O2-Dis,,8.5984,mg/l,Fair,augmented_copy2_jitter-2d
SRB00005,Banatska Palanka,2018-04-19,O2-Dis,,8.6,mg/l,Fair,original
SRB00005,Banatska Palanka,2018-04-22,O2-Dis,,8.6719,mg/l,Fair,augmented_copy1_jitter+3d
SRB00005,Banatska Palanka,2018-04-22,O2-Dis,,8.867,mg/l,Fair,augmented_copy3_jitter+3d
SRB00005,Banatska Palanka,2018-05-08,O2-Dis,,8.3172,mg/l,Fair,augmented_copy2_jitter-2d
SRB00005,Banatska Palanka,2018-05-10,O2-Dis,,8.4,mg/l,Fair,original
SRB00005,Banatska Palanka,2018-05-13,O2-Dis,,8.4673,mg/l,Fair,augmented_copy1_jitter+3d
SRB00005,Banatska Palanka,2018-05-13,O2-Dis,,8.4649,mg/l,Fair,augmented_copy3_jitter+3d
SRB00005,Banatska Palanka,2018-06-11,O2-Dis,,6.8781,mg/l,Fair,augmented_copy1_jitter-3d
SRB00005,Banatska Palanka,2018-06-12,O2-Dis,,6.9585,mg/l,Fair,augmented_copy2_jitter-2d
SRB00005,Banatska Palanka,2018-06-12,O2-Dis,,7.1647,mg/l,Fair,augmented_copy3_jitter-2d
SRB00005,Banatska Palanka,2018-06-14,O2-Dis,,7.0,mg/l,Fair,original
SRB00005,Banatska Palanka,2018-07-09,O2-Dis,,6.7318,mg/l,Fair,augmented_copy1_jitter-3d
SRB00005,Banatska Palanka,2018-07-09,O2-Dis,,6.5981,mg/l,Fair,augmented_copy2_jitter-3d
SRB00005,Banatska Palanka,2018-07-11,O2-Dis,,6.93,mg/l,Fair,augmented_copy3_jitter-1d
SRB00005,Banatska Palanka,2018-07-12,O2-Dis,,6.7,mg/l,Fair,original
SRB00005,Banatska Palanka,2018-08-06,O2-Dis,,6.9477,mg/l,Fair,augmented_copy1_jitter-3d
SRB00005,Banatska Palanka,2018-08-06,O2-Dis,,7.1483,mg/l,Fair,augmented_copy2_jitter-3d
SRB00005,Banatska Palanka,2018-08-09,O2-Dis,,7.1,mg/l,Fair,original
SRB00005,Banatska Palanka,2018-08-10,O2-Dis,,7.0938,mg/l,Fair,augmented_copy3_jitter+1d
SRB00005,Banatska Palanka,2018-09-10,O2-Dis,,8.526,mg/l,Fair,augmented_copy2_jitter-3d
SRB00005,Banatska Palanka,2018-09-11,O2-Dis,,8.1784,mg/l,Fair,augmented_copy3_jitter-2d
SRB00005,Banatska Palanka,2018-09-13,O2-Dis,,8.3,mg/l,Fair,original
SRB00005,Banatska Palanka,2018-09-15,O2-Dis,,8.355,mg/l,Fair,augmented_copy1_jitter+2d
SRB00005,Banatska Palanka,2018-10-11,O2-Dis,,9.7,mg/l,Fair,original
SRB00005,Banatska Palanka,2018-10-12,O2-Dis,,9.6335,mg/l,Fair,augmented_copy1_jitter+1d
SRB00005,Banatska Palanka,2018-10-13,O2-Dis,,9.5566,mg/l,Fair,augmented_copy2_jitter+2d
SRB00005,Banatska Palanka,2018-10-14,O2-Dis,,9.6283,mg/l,Fair,augmented_copy3_jitter+3d
SRB00005,Banatska Palanka,2018-11-05,O2-Dis,,10.1823,mg/l,Fair,augmented_copy3_jitter-3d
SRB00005,Banatska Palanka,2018-11-08,O2-Dis,,10.2,mg/l,Fair,original
SRB00005,Banatska Palanka,2018-11-10,O2-Dis,,10.0088,mg/l,Fair,augmented_copy2_jitter+2d
SRB00005,Banatska Palanka,2018-11-11,O2-Dis,,10.2313,mg/l,Fair,augmented_copy1_jitter+3d
SRB00005,Banatska Palanka,2018-12-06,O2-Dis,,11.3,mg/l,Fair,original
SRB00005,Banatska Palanka,2018-12-07,O2-Dis,,11.2963,mg/l,Fair,augmented_copy1_jitter+1d
SRB00005,Banatska Palanka,2018-12-07,O2-Dis,,11.2726,mg/l,Fair,augmented_copy3_jitter+1d
SRB00005,Banatska Palanka,2018-12-09,O2-Dis,,11.2227,mg/l,Fair,augmented_copy2_jitter+3d
SRB00005,Banatska Palanka,2019-01-19,O2-Dis,,13.2259,mg/l,Fair,augmented_copy2_jitter-3d
SRB00005,Banatska Palanka,2019-01-20,O2-Dis,,13.2101,mg/l,Fair,augmented_copy1_jitter-2d
SRB00005,Banatska Palanka,2019-01-22,O2-Dis,,13.2,mg/l,Fair,original
SRB00005,Banatska Palanka,2019-01-25,O2-Dis,,13.1117,mg/l,Fair,augmented_copy3_jitter+3d
SRB00005,Banatska Palanka,2019-02-12,O2-Dis,,11.4133,mg/l,Fair,augmented_copy3_jitter-1d
SRB00005,Banatska Palanka,2019-02-13,O2-Dis,,11.7,mg/l,Fair,original
SRB00005,Banatska Palanka,2019-02-15,O2-Dis,,11.6731,mg/l,Fair,augmented_copy1_jitter+2d
SRB00005,Banatska Palanka,2019-02-15,O2-Dis,,11.6648,mg/l,Fair,augmented_copy2_jitter+2d
SRB00005,Banatska Palanka,2019-03-12,O2-Dis,,11.341,mg/l,Fair,augmented_copy2_jitter-2d
SRB00005,Banatska Palanka,2019-03-13,O2-Dis,,11.483,mg/l,Fair,augmented_copy3_jitter-1d
SRB00005,Banatska Palanka,2019-03-14,O2-Dis,,11.3,mg/l,Fair,original
SRB00005,Banatska Palanka,2019-03-15,O2-Dis,,11.297,mg/l,Fair,augmented_copy1_jitter+1d
SRB00005,Banatska Palanka,2019-04-22,O2-Dis,,10.3751,mg/l,Fair,augmented_copy2_jitter-1d
SRB00005,Banatska Palanka,2019-04-23,O2-Dis,,10.5,mg/l,Fair,original
SRB00005,Banatska Palanka,2019-04-24,O2-Dis,,10.5302,mg/l,Fair,augmented_copy3_jitter+1d
SRB00005,Banatska Palanka,2019-04-25,O2-Dis,,10.387,mg/l,Fair,augmented_copy1_jitter+2d
SRB00005,Banatska Palanka,2019-05-20,O2-Dis,,8.6521,mg/l,Fair,augmented_copy3_jitter-3d
SRB00005,Banatska Palanka,2019-05-21,O2-Dis,,8.5245,mg/l,Fair,augmented_copy2_jitter-2d
SRB00005,Banatska Palanka,2019-05-23,O2-Dis,,8.6,mg/l,Fair,original
SRB00005,Banatska Palanka,2019-05-26,O2-Dis,,8.5543,mg/l,Fair,augmented_copy1_jitter+3d
SRB00005,Banatska Palanka,2019-06-12,O2-Dis,,7.7101,mg/l,Fair,augmented_copy3_jitter-1d
SRB00005,Banatska Palanka,2019-06-13,O2-Dis,,7.6,mg/l,Fair,original
SRB00005,Banatska Palanka,2019-06-14,O2-Dis,,7.7298,mg/l,Fair,augmented_copy2_jitter+1d
SRB00005,Banatska Palanka,2019-06-16,O2-Dis,,7.6449,mg/l,Fair,augmented_copy1_jitter+3d
SRB00005,Banatska Palanka,2019-07-08,O2-Dis,,7.6744,mg/l,Fair,augmented_copy2_jitter-3d
SRB00005,Banatska Palanka,2019-07-10,O2-Dis,,7.8311,mg/l,Fair,augmented_copy3_jitter-1d
SRB00005,Banatska Palanka,2019-07-11,O2-Dis,,7.7,mg/l,Fair,original
SRB00005,Banatska Palanka,2019-07-14,O2-Dis,,7.7156,mg/l,Fair,augmented_copy1_jitter+3d
SRB00005,Banatska Palanka,2019-08-07,O2-Dis,,7.4354,mg/l,Fair,augmented_copy3_jitter-1d
SRB00005,Banatska Palanka,2019-08-08,O2-Dis,,7.5,mg/l,Fair,original
SRB00005,Banatska Palanka,2019-08-09,O2-Dis,,7.3799,mg/l,Fair,augmented_copy1_jitter+1d
SRB00005,Banatska Palanka,2019-08-10,O2-Dis,,7.6332,mg/l,Fair,augmented_copy2_jitter+2d
SRB00005,Banatska Palanka,2019-09-09,O2-Dis,,8.0564,mg/l,Fair,augmented_copy3_jitter-3d
SRB00005,Banatska Palanka,2019-09-12,O2-Dis,,7.9,mg/l,Fair,original
SRB00005,Banatska Palanka,2019-09-14,O2-Dis,,7.836,mg/l,Fair,augmented_copy1_jitter+2d
SRB00005,Banatska Palanka,2019-09-14,O2-Dis,,7.8412,mg/l,Fair,augmented_copy2_jitter+2d
SRB00005,Banatska Palanka,2019-10-08,O2-Dis,,9.2508,mg/l,Fair,augmented_copy2_jitter-2d
SRB00005,Banatska Palanka,2019-10-09,O2-Dis,,9.0815,mg/l,Fair,augmented_copy1_jitter-1d
SRB00005,Banatska Palanka,2019-10-10,O2-Dis,,9.2,mg/l,Fair,original
SRB00005,Banatska Palanka,2019-10-13,O2-Dis,,9.161,mg/l,Fair,augmented_copy3_jitter+3d
SRB00005,Banatska Palanka,2019-11-13,O2-Dis,,9.5267,mg/l,Fair,augmented_copy1_jitter-1d
SRB00005,Banatska Palanka,2019-11-14,O2-Dis,,9.6,mg/l,Fair,original
SRB00005,Banatska Palanka,2019-11-16,O2-Dis,,9.797,mg/l,Fair,augmented_copy2_jitter+2d
SRB00005,Banatska Palanka,2019-11-17,O2-Dis,,9.6563,mg/l,Fair,augmented_copy3_jitter+3d
SRB00005,Banatska Palanka,2019-12-12,O2-Dis,,11.3,mg/l,Fair,original
SRB00005,Banatska Palanka,2019-12-14,O2-Dis,,11.4468,mg/l,Fair,augmented_copy2_jitter+2d
SRB00005,Banatska Palanka,2019-12-14,O2-Dis,,11.3511,mg/l,Fair,augmented_copy3_jitter+2d
SRB00005,Banatska Palanka,2019-12-15,O2-Dis,,11.4181,mg/l,Fair,augmented_copy1_jitter+3d
SRB00005,Banatska Palanka,2020-01-15,O2-Dis,,12.5088,mg/l,Fair,augmented_copy3_jitter-1d
SRB00005,Banatska Palanka,2020-01-16,O2-Dis,,12.5,mg/l,Fair,original
SRB00005,Banatska Palanka,2020-01-17,O2-Dis,,12.4794,mg/l,Fair,augmented_copy2_jitter+1d
SRB00005,Banatska Palanka,2020-01-18,O2-Dis,,12.4727,mg/l,Fair,augmented_copy1_jitter+2d
SRB00005,Banatska Palanka,2020-02-18,O2-Dis,,11.9815,mg/l,Fair,augmented_copy3_jitter-2d
SRB00005,Banatska Palanka,2020-02-20,O2-Dis,,11.9,mg/l,Fair,original
SRB00005,Banatska Palanka,2020-02-21,O2-Dis,,11.846,mg/l,Fair,augmented_copy1_jitter+1d
SRB00005,Banatska Palanka,2020-02-23,O2-Dis,,11.9027,mg/l,Fair,augmented_copy2_jitter+3d
SRB00005,Banatska Palanka,2020-05-13,O2-Dis,,8.9831,mg/l,Fair,augmented_copy1_jitter-1d
SRB00005,Banatska Palanka,2020-05-14,O2-Dis,,9.0,mg/l,Fair,original
SRB00005,Banatska Palanka,2020-05-16,O2-Dis,,8.8881,mg/l,Fair,augmented_copy2_jitter+2d
SRB00005,Banatska Palanka,2020-05-17,O2-Dis,,9.0627,mg/l,Fair,augmented_copy3_jitter+3d
SRB00005,Banatska Palanka,2020-06-09,O2-Dis,,8.7206,mg/l,Fair,augmented_copy1_jitter-2d
SRB00005,Banatska Palanka,2020-06-11,O2-Dis,,8.8,mg/l,Fair,original
SRB00005,Banatska Palanka,2020-06-13,O2-Dis,,8.7884,mg/l,Fair,augmented_copy2_jitter+2d
SRB00005,Banatska Palanka,2020-06-14,O2-Dis,,8.8581,mg/l,Fair,augmented_copy3_jitter+3d
SRB00005,Banatska Palanka,2020-07-15,O2-Dis,,5.9869,mg/l,Fair,augmented_copy3_jitter-1d
SRB00005,Banatska Palanka,2020-07-16,O2-Dis,,6.1,mg/l,Fair,original
SRB00005,Banatska Palanka,2020-07-18,O2-Dis,,6.353,mg/l,Fair,augmented_copy1_jitter+2d
SRB00005,Banatska Palanka,2020-07-19,O2-Dis,,6.3274,mg/l,Fair,augmented_copy2_jitter+3d
SRB00005,Banatska Palanka,2020-08-13,O2-Dis,,7.2,mg/l,Fair,original
SRB00005,Banatska Palanka,2020-08-14,O2-Dis,,6.9626,mg/l,Fair,augmented_copy3_jitter+1d
SRB00005,Banatska Palanka,2020-08-16,O2-Dis,,7.1813,mg/l,Fair,augmented_copy1_jitter+3d
SRB00005,Banatska Palanka,2020-08-16,O2-Dis,,7.2616,mg/l,Fair,augmented_copy2_jitter+3d
SRB00005,Banatska Palanka,2020-09-08,O2-Dis,,7.7613,mg/l,Fair,augmented_copy2_jitter-2d
SRB00005,Banatska Palanka,2020-09-10,O2-Dis,,7.6,mg/l,Fair,original
SRB00005,Banatska Palanka,2020-09-12,O2-Dis,,7.5649,mg/l,Fair,augmented_copy3_jitter+2d
SRB00005,Banatska Palanka,2020-09-13,O2-Dis,,7.5333,mg/l,Fair,augmented_copy1_jitter+3d
SRB00005,Banatska Palanka,2020-10-13,O2-Dis,,9.6194,mg/l,Fair,augmented_copy2_jitter-2d
SRB00005,Banatska Palanka,2020-10-15,O2-Dis,,9.6,mg/l,Fair,original
SRB00005,Banatska Palanka,2020-10-17,O2-Dis,,9.4177,mg/l,Fair,augmented_copy3_jitter+2d
SRB00005,Banatska Palanka,2020-10-18,O2-Dis,,9.4328,mg/l,Fair,augmented_copy1_jitter+3d
SRB00005,Banatska Palanka,2020-11-10,O2-Dis,,10.5126,mg/l,Fair,augmented_copy2_jitter-2d
SRB00005,Banatska Palanka,2020-11-11,O2-Dis,,10.4485,mg/l,Fair,augmented_copy3_jitter-1d
SRB00005,Banatska Palanka,2020-11-12,O2-Dis,,10.4,mg/l,Fair,original
SRB00005,Banatska Palanka,2020-11-13,O2-Dis,,10.3136,mg/l,Fair,augmented_copy1_jitter+1d
SRB00005,Banatska Palanka,2020-12-07,O2-Dis,,11.9679,mg/l,Fair,augmented_copy1_jitter-3d
SRB00005,Banatska Palanka,2020-12-08,O2-Dis,,12.0274,mg/l,Fair,augmented_copy2_jitter-2d
SRB00005,Banatska Palanka,2020-12-10,O2-Dis,,12.1,mg/l,Fair,original
SRB00005,Banatska Palanka,2020-12-13,O2-Dis,,11.9742,mg/l,Fair,augmented_copy3_jitter+3d
SRB00005,Banatska Palanka,2021-01-20,O2-Dis,,12.1949,mg/l,Fair,augmented_copy2_jitter-1d
SRB00005,Banatska Palanka,2021-01-20,O2-Dis,,12.1164,mg/l,Fair,augmented_copy3_jitter-1d
SRB00005,Banatska Palanka,2021-01-21,O2-Dis,,12.2,mg/l,Fair,original
SRB00005,Banatska Palanka,2021-01-24,O2-Dis,,12.1745,mg/l,Fair,augmented_copy1_jitter+3d
SRB00005,Banatska Palanka,2021-02-08,O2-Dis,,12.2747,mg/l,Fair,augmented_copy3_jitter-3d
SRB00005,Banatska Palanka,2021-02-11,O2-Dis,,12.1,mg/l,Fair,original
SRB00005,Banatska Palanka,2021-02-13,O2-Dis,,12.1965,mg/l,Fair,augmented_copy1_jitter+2d
SRB00005,Banatska Palanka,2021-02-13,O2-Dis,,12.0731,mg/l,Fair,augmented_copy2_jitter+2d
SRB00005,Banatska Palanka,2021-03-10,O2-Dis,,12.4122,mg/l,Fair,augmented_copy3_jitter-1d
SRB00005,Banatska Palanka,2021-03-11,O2-Dis,,12.3,mg/l,Fair,original
SRB00005,Banatska Palanka,2021-03-12,O2-Dis,,12.4666,mg/l,Fair,augmented_copy1_jitter+1d
SRB00005,Banatska Palanka,2021-03-14,O2-Dis,,12.3326,mg/l,Fair,augmented_copy2_jitter+3d
SRB00005,Banatska Palanka,2021-04-12,O2-Dis,,11.9306,mg/l,Fair,augmented_copy3_jitter-3d
SRB00005,Banatska Palanka,2021-04-13,O2-Dis,,11.8258,mg/l,Fair,augmented_copy2_jitter-2d
SRB00005,Banatska Palanka,2021-04-14,O2-Dis,,11.7735,mg/l,Fair,augmented_copy1_jitter-1d
SRB00005,Banatska Palanka,2021-04-15,O2-Dis,,11.8,mg/l,Fair,original
SRB00005,Banatska Palanka,2021-05-10,O2-Dis,,9.6184,mg/l,Fair,augmented_copy1_jitter-3d
SRB00005,Banatska Palanka,2021-05-12,O2-Dis,,9.5089,mg/l,Fair,augmented_copy3_jitter-1d
SRB00005,Banatska Palanka,2021-05-13,O2-Dis,,9.5,mg/l,Fair,original
SRB00005,Banatska Palanka,2021-05-14,O2-Dis,,9.4401,mg/l,Fair,augmented_copy2_jitter+1d
SRB00005,Banatska Palanka,2021-06-07,O2-Dis,,9.797,mg/l,Fair,augmented_copy1_jitter-3d
SRB00005,Banatska Palanka,2021-06-07,O2-Dis,,10.0237,mg/l,Fair,augmented_copy2_jitter-3d
SRB00005,Banatska Palanka,2021-06-07,O2-Dis,,9.8891,mg/l,Fair,augmented_copy3_jitter-3d
SRB00005,Banatska Palanka,2021-06-10,O2-Dis,,9.8,mg/l,Fair,original
SRB00005,Banatska Palanka,2021-07-12,O2-Dis,,7.1584,mg/l,Fair,augmented_copy1_jitter-3d
SRB00005,Banatska Palanka,2021-07-15,O2-Dis,,7.2,mg/l,Fair,original
SRB00005,Banatska Palanka,2021-07-16,O2-Dis,,7.1235,mg/l,Fair,augmented_copy2_jitter+1d
SRB00005,Banatska Palanka,2021-07-18,O2-Dis,,7.1289,mg/l,Fair,augmented_copy3_jitter+3d
SRB00005,Banatska Palanka,2021-08-29,O2-Dis,,7.1441,mg/l,Fair,augmented_copy3_jitter-1d
SRB00005,Banatska Palanka,2021-08-30,O2-Dis,,7.1,mg/l,Fair,original
SRB00005,Banatska Palanka,2021-09-01,O2-Dis,,6.9782,mg/l,Fair,augmented_copy1_jitter+2d
SRB00005,Banatska Palanka,2021-09-01,O2-Dis,,6.918,mg/l,Fair,augmented_copy2_jitter+2d
SRB00005,Banatska Palanka,2021-09-19,O2-Dis,,8.1584,mg/l,Fair,augmented_copy2_jitter-1d
SRB00005,Banatska Palanka,2021-09-19,O2-Dis,,8.0513,mg/l,Fair,augmented_copy3_jitter-1d
SRB00005,Banatska Palanka,2021-09-20,O2-Dis,,8.0,mg/l,Fair,original
SRB00005,Banatska Palanka,2021-09-21,O2-Dis,,7.9703,mg/l,Fair,augmented_copy1_jitter+1d
SRB00005,Banatska Palanka,2021-10-11,O2-Dis,,8.3992,mg/l,Fair,augmented_copy2_jitter-3d
SRB00005,Banatska Palanka,2021-10-14,O2-Dis,,8.3,mg/l,Fair,original
SRB00005,Banatska Palanka,2021-10-15,O2-Dis,,8.416,mg/l,Fair,augmented_copy3_jitter+1d
SRB00005,Banatska Palanka,2021-10-17,O2-Dis,,8.3208,mg/l,Fair,augmented_copy1_jitter+3d
SRB00005,Banatska Palanka,2021-11-09,O2-Dis,,9.6,mg/l,Fair,original
SRB00005,Banatska Palanka,2021-11-10,O2-Dis,,9.6641,mg/l,Fair,augmented_copy3_jitter+1d
SRB00005,Banatska Palanka,2021-11-11,O2-Dis,,9.7391,mg/l,Fair,augmented_copy1_jitter+2d
SRB00005,Banatska Palanka,2021-11-11,O2-Dis,,9.7325,mg/l,Fair,augmented_copy2_jitter+2d
SRB00005,Banatska Palanka,2022-01-17,O2-Dis,,13.5666,mg/l,Fair,augmented_copy1_jitter-3d
SRB00005,Banatska Palanka,2022-01-19,O2-Dis,,13.404,mg/l,Fair,augmented_copy3_jitter-1d
SRB00005,Banatska Palanka,2022-01-20,O2-Dis,,13.4,mg/l,Fair,original
SRB00005,Banatska Palanka,2022-01-21,O2-Dis,,13.3177,mg/l,Fair,augmented_copy2_jitter+1d
SRB00005,Banatska Palanka,2022-02-22,O2-Dis,,12.8878,mg/l,Fair,augmented_copy1_jitter-2d
SRB00005,Banatska Palanka,2022-02-22,O2-Dis,,12.8752,mg/l,Fair,augmented_copy2_jitter-2d
SRB00005,Banatska Palanka,2022-02-24,O2-Dis,,12.9,mg/l,Fair,original
SRB00005,Banatska Palanka,2022-02-25,O2-Dis,,12.7753,mg/l,Fair,augmented_copy3_jitter+1d
SRB00005,Banatska Palanka,2022-03-21,O2-Dis,,15.112,mg/l,Fair,augmented_copy3_jitter-3d
SRB00005,Banatska Palanka,2022-03-22,O2-Dis,,15.0063,mg/l,Fair,augmented_copy1_jitter-2d
SRB00005,Banatska Palanka,2022-03-24,O2-Dis,,15.1,mg/l,Fair,original
SRB00005,Banatska Palanka,2022-03-26,O2-Dis,,15.125,mg/l,Fair,augmented_copy2_jitter+2d
SRB00005,Banatska Palanka,2022-04-16,O2-Dis,,10.1212,mg/l,Fair,augmented_copy3_jitter-2d
SRB00005,Banatska Palanka,2022-04-17,O2-Dis,,9.9891,mg/l,Fair,augmented_copy1_jitter-1d
SRB00005,Banatska Palanka,2022-04-18,O2-Dis,,10.0,mg/l,Fair,original
SRB00005,Banatska Palanka,2022-04-21,O2-Dis,,10.1238,mg/l,Fair,augmented_copy2_jitter+3d
SRB00005,Banatska Palanka,2022-05-09,O2-Dis,,9.5542,mg/l,Fair,augmented_copy3_jitter-3d
SRB00005,Banatska Palanka,2022-05-12,O2-Dis,,9.6,mg/l,Fair,original
SRB00005,Banatska Palanka,2022-05-14,O2-Dis,,9.7056,mg/l,Fair,augmented_copy1_jitter+2d
SRB00005,Banatska Palanka,2022-05-14,O2-Dis,,9.6643,mg/l,Fair,augmented_copy2_jitter+2d
SRB00005,Banatska Palanka,2022-06-07,O2-Dis,,11.8272,mg/l,Fair,augmented_copy1_jitter-2d
SRB00005,Banatska Palanka,2022-06-09,O2-Dis,,11.8,mg/l,Fair,original
SRB00005,Banatska Palanka,2022-06-12,O2-Dis,,11.8404,mg/l,Fair,augmented_copy2_jitter+3d
SRB00005,Banatska Palanka,2022-06-12,O2-Dis,,11.7338,mg/l,Fair,augmented_copy3_jitter+3d
SRB00005,Banatska Palanka,2022-07-18,O2-Dis,,8.0614,mg/l,Fair,augmented_copy2_jitter-3d
SRB00005,Banatska Palanka,2022-07-21,O2-Dis,,8.1,mg/l,Fair,original
SRB00005,Banatska Palanka,2022-07-22,O2-Dis,,8.4571,mg/l,Fair,augmented_copy1_jitter+1d
SRB00005,Banatska Palanka,2022-07-24,O2-Dis,,8.0643,mg/l,Fair,augmented_copy3_jitter+3d
SRB00005,Banatska Palanka,2022-08-28,O2-Dis,,7.2543,mg/l,Fair,augmented_copy1_jitter-3d
SRB00005,Banatska Palanka,2022-08-28,O2-Dis,,7.3287,mg/l,Fair,augmented_copy3_jitter-3d
SRB00005,Banatska Palanka,2022-08-30,O2-Dis,,7.3191,mg/l,Fair,augmented_copy2_jitter-1d
SRB00005,Banatska Palanka,2022-08-31,O2-Dis,,7.3,mg/l,Fair,original
SRB00005,Banatska Palanka,2022-09-12,O2-Dis,,7.1487,mg/l,Fair,augmented_copy1_jitter-3d
SRB00005,Banatska Palanka,2022-09-13,O2-Dis,,7.1641,mg/l,Fair,augmented_copy3_jitter-2d
SRB00005,Banatska Palanka,2022-09-15,O2-Dis,,7.0,mg/l,Fair,original
SRB00005,Banatska Palanka,2022-09-18,O2-Dis,,7.0106,mg/l,Fair,augmented_copy2_jitter+3d
SRB00005,Banatska Palanka,2022-10-11,O2-Dis,,8.6234,mg/l,Fair,augmented_copy3_jitter-2d
SRB00005,Banatska Palanka,2022-10-13,O2-Dis,,8.6,mg/l,Fair,original
SRB00005,Banatska Palanka,2022-10-15,O2-Dis,,8.5783,mg/l,Fair,augmented_copy2_jitter+2d
SRB00005,Banatska Palanka,2022-10-16,O2-Dis,,8.856,mg/l,Fair,augmented_copy1_jitter+3d
SRB00005,Banatska Palanka,2022-11-17,O2-Dis,,9.4,mg/l,Fair,original
SRB00005,Banatska Palanka,2022-11-18,O2-Dis,,9.3657,mg/l,Fair,augmented_copy1_jitter+1d
SRB00005,Banatska Palanka,2022-11-18,O2-Dis,,9.3017,mg/l,Fair,augmented_copy3_jitter+1d
SRB00005,Banatska Palanka,2022-11-20,O2-Dis,,9.5061,mg/l,Fair,augmented_copy2_jitter+3d
SRB00005,Banatska Palanka,2022-12-05,O2-Dis,,11.3017,mg/l,Fair,augmented_copy1_jitter-3d
SRB00005,Banatska Palanka,2022-12-08,O2-Dis,,11.3,mg/l,Fair,original
SRB00005,Banatska Palanka,2022-12-09,O2-Dis,,11.4668,mg/l,Fair,augmented_copy2_jitter+1d
SRB00005,Banatska Palanka,2022-12-10,O2-Dis,,11.2181,mg/l,Fair,augmented_copy3_jitter+2d
SRB00005,Banatska Palanka,2023-01-18,O2-Dis,,10.6251,mg/l,Fair,augmented_copy3_jitter-1d
SRB00005,Banatska Palanka,2023-01-19,O2-Dis,,10.7,mg/l,Fair,original
SRB00005,Banatska Palanka,2023-01-21,O2-Dis,,10.6988,mg/l,Fair,augmented_copy1_jitter+2d
SRB00005,Banatska Palanka,2023-01-21,O2-Dis,,10.5027,mg/l,Fair,augmented_copy2_jitter+2d
SRB00005,Banatska Palanka,2023-02-22,O2-Dis,,13.1884,mg/l,Fair,augmented_copy3_jitter-1d
SRB00005,Banatska Palanka,2023-02-23,O2-Dis,,13.3,mg/l,Fair,original
SRB00005,Banatska Palanka,2023-02-25,O2-Dis,,13.4609,mg/l,Fair,augmented_copy1_jitter+2d
SRB00005,Banatska Palanka,2023-02-25,O2-Dis,,13.3346,mg/l,Fair,augmented_copy2_jitter+2d
SRB00005,Banatska Palanka,2023-03-13,O2-Dis,,11.2329,mg/l,Fair,augmented_copy1_jitter-3d
SRB00005,Banatska Palanka,2023-03-15,O2-Dis,,11.1178,mg/l,Fair,augmented_copy3_jitter-1d
SRB00005,Banatska Palanka,2023-03-16,O2-Dis,,11.2,mg/l,Fair,original
SRB00005,Banatska Palanka,2023-03-18,O2-Dis,,11.1007,mg/l,Fair,augmented_copy2_jitter+2d
SRB00005,Banatska Palanka,2023-04-24,O2-Dis,,8.6296,mg/l,Fair,augmented_copy2_jitter-3d
SRB00005,Banatska Palanka,2023-04-25,O2-Dis,,8.3764,mg/l,Fair,augmented_copy3_jitter-2d
SRB00005,Banatska Palanka,2023-04-27,O2-Dis,,8.6,mg/l,Fair,original
SRB00005,Banatska Palanka,2023-04-30,O2-Dis,,8.6308,mg/l,Fair,augmented_copy1_jitter+3d
SRB00005,Banatska Palanka,2023-05-09,O2-Dis,,8.9041,mg/l,Fair,augmented_copy1_jitter-2d
SRB00005,Banatska Palanka,2023-05-11,O2-Dis,,8.7,mg/l,Fair,original
SRB00005,Banatska Palanka,2023-05-13,O2-Dis,,8.9346,mg/l,Fair,augmented_copy3_jitter+2d
SRB00005,Banatska Palanka,2023-05-14,O2-Dis,,8.8017,mg/l,Fair,augmented_copy2_jitter+3d
SRB00005,Banatska Palanka,2023-06-28,O2-Dis,,6.9288,mg/l,Fair,augmented_copy1_jitter-2d
SRB00005,Banatska Palanka,2023-06-29,O2-Dis,,7.0951,mg/l,Fair,augmented_copy2_jitter-1d
SRB00005,Banatska Palanka,2023-06-30,O2-Dis,,7.0,mg/l,Fair,original
SRB00005,Banatska Palanka,2023-07-03,O2-Dis,,6.9388,mg/l,Fair,augmented_copy3_jitter+3d
SRB00005,Banatska Palanka,2023-07-12,O2-Dis,,7.6538,mg/l,Fair,augmented_copy1_jitter-1d
SRB00005,Banatska Palanka,2023-07-12,O2-Dis,,7.5462,mg/l,Fair,augmented_copy3_jitter-1d
SRB00005,Banatska Palanka,2023-07-13,O2-Dis,,7.6,mg/l,Fair,original
SRB00005,Banatska Palanka,2023-07-16,O2-Dis,,7.4079,mg/l,Fair,augmented_copy2_jitter+3d
SRB00005,Banatska Palanka,2023-08-08,O2-Dis,,11.9143,mg/l,Fair,augmented_copy3_jitter-2d
SRB00005,Banatska Palanka,2023-08-10,O2-Dis,,12.0,mg/l,Fair,original
SRB00005,Banatska Palanka,2023-08-11,O2-Dis,,12.1843,mg/l,Fair,augmented_copy2_jitter+1d
SRB00005,Banatska Palanka,2023-08-13,O2-Dis,,12.1756,mg/l,Fair,augmented_copy1_jitter+3d
SRB00005,Banatska Palanka,2023-09-14,O2-Dis,,7.0,mg/l,Fair,original
SRB00005,Banatska Palanka,2023-09-16,O2-Dis,,6.932,mg/l,Fair,augmented_copy3_jitter+2d
SRB00005,Banatska Palanka,2023-09-17,O2-Dis,,7.1117,mg/l,Fair,augmented_copy1_jitter+3d
SRB00005,Banatska Palanka,2023-09-17,O2-Dis,,7.0946,mg/l,Fair,augmented_copy2_jitter+3d
SRB00005,Banatska Palanka,2023-10-09,O2-Dis,,9.1172,mg/l,Fair,augmented_copy2_jitter-3d
SRB00005,Banatska Palanka,2023-10-11,O2-Dis,,9.5619,mg/l,Fair,augmented_copy1_jitter-1d
SRB00005,Banatska Palanka,2023-10-11,O2-Dis,,9.4566,mg/l,Fair,augmented_copy3_jitter-1d
SRB00005,Banatska Palanka,2023-10-12,O2-Dis,,9.4,mg/l,Fair,original
SRB00005,Banatska Palanka,2023-11-21,O2-Dis,,10.0875,mg/l,Fair,augmented_copy2_jitter-2d
SRB00005,Banatska Palanka,2023-11-23,O2-Dis,,10.0,mg/l,Fair,original
SRB00005,Banatska Palanka,2023-11-24,O2-Dis,,9.8767,mg/l,Fair,augmented_copy1_jitter+1d
SRB00005,Banatska Palanka,2023-11-25,O2-Dis,,9.9819,mg/l,Fair,augmented_copy3_jitter+2d
SRB00005,Banatska Palanka,2023-12-12,O2-Dis,,11.0182,mg/l,Fair,augmented_copy2_jitter-2d
SRB00005,Banatska Palanka,2023-12-13,O2-Dis,,11.0263,mg/l,Fair,augmented_copy1_jitter-1d
SRB00005,Banatska Palanka,2023-12-14,O2-Dis,,11.1,mg/l,Fair,original
SRB00005,Banatska Palanka,2023-12-17,O2-Dis,,11.0079,mg/l,Fair,augmented_copy3_jitter+3d
SRB00006,Tekija,2013-02-08,O2-Dis,,10.7996,mg/l,Fair,augmented_copy3_jitter-3d
SRB00006,Tekija,2013-02-10,O2-Dis,,11.006,mg/l,Fair,augmented_copy1_jitter-1d
SRB00006,Tekija,2013-02-11,O2-Dis,,10.9,mg/l,Fair,original
SRB00006,Tekija,2013-02-14,O2-Dis,,10.9588,mg/l,Fair,augmented_copy2_jitter+3d
SRB00006,Tekija,2013-03-15,O2-Dis,,11.1491,mg/l,Fair,augmented_copy1_jitter-3d
SRB00006,Tekija,2013-03-18,O2-Dis,,11.0,mg/l,Fair,original
SRB00006,Tekija,2013-03-20,O2-Dis,,11.074,mg/l,Fair,augmented_copy3_jitter+2d
SRB00006,Tekija,2013-03-21,O2-Dis,,11.068,mg/l,Fair,augmented_copy2_jitter+3d
SRB00006,Tekija,2013-04-21,O2-Dis,,9.0862,mg/l,Fair,augmented_copy2_jitter-1d
SRB00006,Tekija,2013-04-22,O2-Dis,,9.0,mg/l,Fair,original
SRB00006,Tekija,2013-04-24,O2-Dis,,8.9111,mg/l,Fair,augmented_copy1_jitter+2d
SRB00006,Tekija,2013-04-24,O2-Dis,,9.2095,mg/l,Fair,augmented_copy3_jitter+2d
SRB00006,Tekija,2013-05-13,O2-Dis,,7.9,mg/l,Fair,original
SRB00006,Tekija,2013-05-15,O2-Dis,,7.7936,mg/l,Fair,augmented_copy2_jitter+2d
SRB00006,Tekija,2013-05-15,O2-Dis,,8.0201,mg/l,Fair,augmented_copy3_jitter+2d
SRB00006,Tekija,2013-05-16,O2-Dis,,8.0451,mg/l,Fair,augmented_copy1_jitter+3d
SRB00006,Tekija,2013-06-17,O2-Dis,,6.4,mg/l,Fair,original
SRB00006,Tekija,2013-06-18,O2-Dis,,6.49,mg/l,Fair,augmented_copy1_jitter+1d
SRB00006,Tekija,2013-06-18,O2-Dis,,6.325,mg/l,Fair,augmented_copy2_jitter+1d
SRB00006,Tekija,2013-06-18,O2-Dis,,6.3572,mg/l,Fair,augmented_copy3_jitter+1d
SRB00006,Tekija,2013-07-15,O2-Dis,,7.5054,mg/l,Fair,augmented_copy2_jitter-2d
SRB00006,Tekija,2013-07-16,O2-Dis,,7.4145,mg/l,Fair,augmented_copy1_jitter-1d
SRB00006,Tekija,2013-07-17,O2-Dis,,7.5,mg/l,Fair,original
SRB00006,Tekija,2013-07-19,O2-Dis,,7.5193,mg/l,Fair,augmented_copy3_jitter+2d
SRB00006,Tekija,2013-08-13,O2-Dis,,7.4616,mg/l,Fair,augmented_copy1_jitter-3d
SRB00006,Tekija,2013-08-16,O2-Dis,,7.5,mg/l,Fair,original
SRB00006,Tekija,2013-08-17,O2-Dis,,7.5233,mg/l,Fair,augmented_copy3_jitter+1d
SRB00006,Tekija,2013-08-18,O2-Dis,,7.7423,mg/l,Fair,augmented_copy2_jitter+2d
SRB00006,Tekija,2013-09-08,O2-Dis,,6.6623,mg/l,Fair,augmented_copy2_jitter-3d
SRB00006,Tekija,2013-09-11,O2-Dis,,6.7,mg/l,Fair,original
SRB00006,Tekija,2013-09-12,O2-Dis,,6.5651,mg/l,Fair,augmented_copy1_jitter+1d
SRB00006,Tekija,2013-09-14,O2-Dis,,6.6444,mg/l,Fair,augmented_copy3_jitter+3d
SRB00006,Tekija,2013-10-15,O2-Dis,,9.1473,mg/l,Fair,augmented_copy3_jitter-2d
SRB00006,Tekija,2013-10-16,O2-Dis,,9.0154,mg/l,Fair,augmented_copy2_jitter-1d
SRB00006,Tekija,2013-10-17,O2-Dis,,9.1,mg/l,Fair,original
SRB00006,Tekija,2013-10-18,O2-Dis,,9.1183,mg/l,Fair,augmented_copy1_jitter+1d
SRB00006,Tekija,2013-11-08,O2-Dis,,8.4345,mg/l,Fair,augmented_copy1_jitter-3d
SRB00006,Tekija,2013-11-10,O2-Dis,,8.4767,mg/l,Fair,augmented_copy2_jitter-1d
SRB00006,Tekija,2013-11-11,O2-Dis,,8.4,mg/l,Fair,original
SRB00006,Tekija,2013-11-13,O2-Dis,,8.439,mg/l,Fair,augmented_copy3_jitter+2d
SRB00006,Tekija,2013-12-11,O2-Dis,,11.1797,mg/l,Fair,augmented_copy2_jitter-2d
SRB00006,Tekija,2013-12-13,O2-Dis,,11.1,mg/l,Fair,original
SRB00006,Tekija,2013-12-14,O2-Dis,,11.0622,mg/l,Fair,augmented_copy1_jitter+1d
SRB00006,Tekija,2013-12-14,O2-Dis,,11.0206,mg/l,Fair,augmented_copy3_jitter+1d
SRB00006,Tekija,2014-01-26,O2-Dis,,10.8571,mg/l,Fair,augmented_copy1_jitter-2d
SRB00006,Tekija,2014-01-28,O2-Dis,,10.9,mg/l,Fair,original
SRB00006,Tekija,2014-01-30,O2-Dis,,10.88,mg/l,Fair,augmented_copy2_jitter+2d
SRB00006,Tekija,2014-01-31,O2-Dis,,10.8169,mg/l,Fair,augmented_copy3_jitter+3d
SRB00006,Tekija,2014-03-04,O2-Dis,,10.6638,mg/l,Fair,augmented_copy1_jitter-3d
SRB00006,Tekija,2014-03-07,O2-Dis,,10.7,mg/l,Fair,original
SRB00006,Tekija,2014-03-08,O2-Dis,,10.6176,mg/l,Fair,augmented_copy3_jitter+1d
SRB00006,Tekija,2014-03-10,O2-Dis,,10.7067,mg/l,Fair,augmented_copy2_jitter+3d
SRB00006,Tekija,2014-03-17,O2-Dis,,12.4929,mg/l,Fair,augmented_copy3_jitter-3d
SRB00006,Tekija,2014-03-20,O2-Dis,,12.5,mg/l,Fair,original
SRB00006,Tekija,2014-03-21,O2-Dis,,12.4691,mg/l,Fair,augmented_copy1_jitter+1d
SRB00006,Tekija,2014-03-21,O2-Dis,,12.7441,mg/l,Fair,augmented_copy2_jitter+1d
SRB00006,Tekija,2014-04-28,O2-Dis,,9.0,mg/l,Fair,original
SRB00006,Tekija,2014-04-29,O2-Dis,,9.0331,mg/l,Fair,augmented_copy2_jitter+1d
SRB00006,Tekija,2014-04-29,O2-Dis,,8.8997,mg/l,Fair,augmented_copy3_jitter+1d
SRB00006,Tekija,2014-05-01,O2-Dis,,9.0824,mg/l,Fair,augmented_copy1_jitter+3d
SRB00006,Tekija,2014-05-28,O2-Dis,,6.4804,mg/l,Fair,augmented_copy1_jitter-1d
SRB00006,Tekija,2014-05-29,O2-Dis,,6.5,mg/l,Fair,original
SRB00006,Tekija,2014-05-30,O2-Dis,,6.6173,mg/l,Fair,augmented_copy2_jitter+1d
SRB00006,Tekija,2014-06-01,O2-Dis,,6.5972,mg/l,Fair,augmented_copy3_jitter+3d
SRB00006,Tekija,2014-06-17,O2-Dis,,6.1609,mg/l,Fair,augmented_copy1_jitter-3d
SRB00006,Tekija,2014-06-19,O2-Dis,,6.1418,mg/l,Fair,augmented_copy3_jitter-1d
SRB00006,Tekija,2014-06-20,O2-Dis,,6.2,mg/l,Fair,original
SRB00006,Tekija,2014-06-22,O2-Dis,,6.2356,mg/l,Fair,augmented_copy2_jitter+2d
SRB00006,Tekija,2014-07-29,O2-Dis,,7.0832,mg/l,Fair,augmented_copy1_jitter-2d
SRB00006,Tekija,2014-07-30,O2-Dis,,7.1463,mg/l,Fair,augmented_copy2_jitter-1d
SRB00006,Tekija,2014-07-31,O2-Dis,,7.2,mg/l,Fair,original
SRB00006,Tekija,2014-08-01,O2-Dis,,7.2364,mg/l,Fair,augmented_copy3_jitter+1d
SRB00006,Tekija,2014-08-26,O2-Dis,,8.0022,mg/l,Fair,augmented_copy1_jitter-3d
SRB00006,Tekija,2014-08-29,O2-Dis,,8.0,mg/l,Fair,original
SRB00006,Tekija,2014-08-30,O2-Dis,,7.9501,mg/l,Fair,augmented_copy2_jitter+1d
SRB00006,Tekija,2014-09-01,O2-Dis,,8.0416,mg/l,Fair,augmented_copy3_jitter+3d
SRB00006,Tekija,2014-09-20,O2-Dis,,7.7895,mg/l,Fair,augmented_copy3_jitter-3d
SRB00006,Tekija,2014-09-21,O2-Dis,,7.753,mg/l,Fair,augmented_copy2_jitter-2d
SRB00006,Tekija,2014-09-23,O2-Dis,,7.7,mg/l,Fair,original
SRB00006,Tekija,2014-09-24,O2-Dis,,7.5652,mg/l,Fair,augmented_copy1_jitter+1d
SRB00006,Tekija,2014-10-12,O2-Dis,,8.4138,mg/l,Fair,augmented_copy3_jitter-3d
SRB00006,Tekija,2014-10-14,O2-Dis,,8.3881,mg/l,Fair,augmented_copy2_jitter-1d
SRB00006,Tekija,2014-10-15,O2-Dis,,8.3,mg/l,Fair,original
SRB00006,Tekija,2014-10-16,O2-Dis,,8.314,mg/l,Fair,augmented_copy1_jitter+1d
SRB00006,Tekija,2014-11-20,O2-Dis,,9.5565,mg/l,Fair,augmented_copy3_jitter-1d
SRB00006,Tekija,2014-11-21,O2-Dis,,9.7,mg/l,Fair,original
SRB00006,Tekija,2014-11-22,O2-Dis,,9.752,mg/l,Fair,augmented_copy2_jitter+1d
SRB00006,Tekija,2014-11-23,O2-Dis,,9.789,mg/l,Fair,augmented_copy1_jitter+2d
SRB00006,Tekija,2014-12-07,O2-Dis,,11.1938,mg/l,Fair,augmented_copy1_jitter-2d
SRB00006,Tekija,2014-12-08,O2-Dis,,11.0168,mg/l,Fair,augmented_copy2_jitter-1d
SRB00006,Tekija,2014-12-09,O2-Dis,,11.1,mg/l,Fair,original
SRB00006,Tekija,2014-12-10,O2-Dis,,11.2491,mg/l,Fair,augmented_copy3_jitter+1d
SRB00006,Tekija,2015-01-24,O2-Dis,,10.6677,mg/l,Fair,augmented_copy3_jitter-2d
SRB00006,Tekija,2015-01-25,O2-Dis,,10.7344,mg/l,Fair,augmented_copy1_jitter-1d
SRB00006,Tekija,2015-01-25,O2-Dis,,10.7373,mg/l,Fair,augmented_copy2_jitter-1d
SRB00006,Tekija,2015-01-26,O2-Dis,,10.7,mg/l,Fair,original
SRB00006,Tekija,2015-02-27,O2-Dis,,12.0,mg/l,Fair,original
SRB00006,Tekija,2015-03-01,O2-Dis,,11.9058,mg/l,Fair,augmented_copy1_jitter+2d
SRB00006,Tekija,2015-03-02,O2-Dis,,12.0486,mg/l,Fair,augmented_copy2_jitter+3d
SRB00006,Tekija,2015-03-02,O2-Dis,,12.0273,mg/l,Fair,augmented_copy3_jitter+3d
SRB00006,Tekija,2015-03-23,O2-Dis,,10.2669,mg/l,Fair,augmented_copy3_jitter-3d
SRB00006,Tekija,2015-03-24,O2-Dis,,10.0275,mg/l,Fair,augmented_copy1_jitter-2d
SRB00006,Tekija,2015-03-25,O2-Dis,,10.058,mg/l,Fair,augmented_copy2_jitter-1d
SRB00006,Tekija,2015-03-26,O2-Dis,,10.2,mg/l,Fair,original
SRB00006,Tekija,2015-04-28,O2-Dis,,9.5314,mg/l,Fair,augmented_copy3_jitter-2d
SRB00006,Tekija,2015-04-30,O2-Dis,,9.5,mg/l,Fair,original
SRB00006,Tekija,2015-05-02,O2-Dis,,9.4742,mg/l,Fair,augmented_copy1_jitter+2d
SRB00006,Tekija,2015-05-03,O2-Dis,,9.3236,mg/l,Fair,augmented_copy2_jitter+3d
SRB00006,Tekija,2015-05-18,O2-Dis,,7.2039,mg/l,Fair,augmented_copy2_jitter-3d
SRB00006,Tekija,2015-05-21,O2-Dis,,7.3,mg/l,Fair,original
SRB00006,Tekija,2015-05-23,O2-Dis,,7.2188,mg/l,Fair,augmented_copy3_jitter+2d
SRB00006,Tekija,2015-05-24,O2-Dis,,7.3187,mg/l,Fair,augmented_copy1_jitter+3d
SRB00006,Tekija,2015-06-23,O2-Dis,,7.1397,mg/l,Fair,augmented_copy2_jitter-2d
SRB00006,Tekija,2015-06-25,O2-Dis,,7.2,mg/l,Fair,original
SRB00006,Tekija,2015-06-27,O2-Dis,,7.1917,mg/l,Fair,augmented_copy1_jitter+2d
SRB00006,Tekija,2015-06-27,O2-Dis,,7.0766,mg/l,Fair,augmented_copy3_jitter+2d
SRB00006,Tekija,2015-07-20,O2-Dis,,7.8397,mg/l,Fair,augmented_copy2_jitter-3d
SRB00006,Tekija,2015-07-20,O2-Dis,,7.8872,mg/l,Fair,augmented_copy3_jitter-3d
SRB00006,Tekija,2015-07-23,O2-Dis,,7.9,mg/l,Fair,original
SRB00006,Tekija,2015-07-25,O2-Dis,,7.8371,mg/l,Fair,augmented_copy1_jitter+2d
SRB00006,Tekija,2015-08-07,O2-Dis,,6.1057,mg/l,Fair,augmented_copy3_jitter-3d
SRB00006,Tekija,2015-08-08,O2-Dis,,6.0065,mg/l,Fair,augmented_copy2_jitter-2d
SRB00006,Tekija,2015-08-09,O2-Dis,,5.9572,mg/l,Fair,augmented_copy1_jitter-1d
SRB00006,Tekija,2015-08-10,O2-Dis,,6.1,mg/l,Fair,original
SRB00006,Tekija,2015-09-22,O2-Dis,,8.0,mg/l,Fair,original
SRB00006,Tekija,2015-09-23,O2-Dis,,7.9752,mg/l,Fair,augmented_copy3_jitter+1d
SRB00006,Tekija,2015-09-24,O2-Dis,,7.9842,mg/l,Fair,augmented_copy1_jitter+2d
SRB00006,Tekija,2015-09-25,O2-Dis,,7.821,mg/l,Fair,augmented_copy2_jitter+3d
SRB00006,Tekija,2015-11-17,O2-Dis,,10.3383,mg/l,Fair,augmented_copy3_jitter-3d
SRB00006,Tekija,2015-11-19,O2-Dis,,10.2701,mg/l,Fair,augmented_copy1_jitter-1d
SRB00006,Tekija,2015-11-19,O2-Dis,,10.4866,mg/l,Fair,augmented_copy2_jitter-1d
SRB00006,Tekija,2015-11-20,O2-Dis,,10.4,mg/l,Fair,original
SRB00006,Tekija,2015-12-14,O2-Dis,,11.2745,mg/l,Fair,augmented_copy2_jitter-3d
SRB00006,Tekija,2015-12-14,O2-Dis,,11.2131,mg/l,Fair,augmented_copy3_jitter-3d
SRB00006,Tekija,2015-12-16,O2-Dis,,11.1246,mg/l,Fair,augmented_copy1_jitter-1d
SRB00006,Tekija,2015-12-17,O2-Dis,,11.2,mg/l,Fair,original
SRB00006,Tekija,2016-01-26,O2-Dis,,12.5215,mg/l,Fair,augmented_copy1_jitter-2d
SRB00006,Tekija,2016-01-28,O2-Dis,,12.5,mg/l,Fair,original
SRB00006,Tekija,2016-01-29,O2-Dis,,12.4881,mg/l,Fair,augmented_copy2_jitter+1d
SRB00006,Tekija,2016-01-31,O2-Dis,,12.6141,mg/l,Fair,augmented_copy3_jitter+3d
SRB00006,Tekija,2016-02-23,O2-Dis,,9.4,mg/l,Fair,original
SRB00006,Tekija,2016-02-24,O2-Dis,,9.4521,mg/l,Fair,augmented_copy1_jitter+1d
SRB00006,Tekija,2016-02-24,O2-Dis,,9.425,mg/l,Fair,augmented_copy3_jitter+1d
SRB00006,Tekija,2016-02-26,O2-Dis,,9.4149,mg/l,Fair,augmented_copy2_jitter+3d
SRB00006,Tekija,2016-03-14,O2-Dis,,10.2762,mg/l,Fair,augmented_copy1_jitter-1d
SRB00006,Tekija,2016-03-14,O2-Dis,,10.5128,mg/l,Fair,augmented_copy2_jitter-1d
SRB00006,Tekija,2016-03-15,O2-Dis,,10.3,mg/l,Fair,original
SRB00006,Tekija,2016-03-18,O2-Dis,,10.2254,mg/l,Fair,augmented_copy3_jitter+3d
SRB00006,Tekija,2016-04-18,O2-Dis,,10.1647,mg/l,Fair,augmented_copy3_jitter-1d
SRB00006,Tekija,2016-04-19,O2-Dis,,10.0,mg/l,Fair,original
SRB00006,Tekija,2016-04-20,O2-Dis,,10.0348,mg/l,Fair,augmented_copy2_jitter+1d
SRB00006,Tekija,2016-04-22,O2-Dis,,10.0864,mg/l,Fair,augmented_copy1_jitter+3d
SRB00006,Tekija,2016-05-23,O2-Dis,,8.6355,mg/l,Fair,augmented_copy3_jitter-1d
SRB00006,Tekija,2016-05-24,O2-Dis,,8.7,mg/l,Fair,original
SRB00006,Tekija,2016-05-25,O2-Dis,,8.625,mg/l,Fair,augmented_copy1_jitter+1d
SRB00006,Tekija,2016-05-25,O2-Dis,,8.7302,mg/l,Fair,augmented_copy2_jitter+1d
SRB00006,Tekija,2016-06-12,O2-Dis,,7.0825,mg/l,Fair,augmented_copy1_jitter-2d
SRB00006,Tekija,2016-06-14,O2-Dis,,6.9,mg/l,Fair,original
SRB00006,Tekija,2016-06-15,O2-Dis,,6.9375,mg/l,Fair,augmented_copy3_jitter+1d
SRB00006,Tekija,2016-06-17,O2-Dis,,6.9024,mg/l,Fair,augmented_copy2_jitter+3d
SRB00006,Tekija,2016-07-20,O2-Dis,,6.5276,mg/l,Fair,augmented_copy1_jitter-1d
SRB00006,Tekija,2016-07-20,O2-Dis,,6.3669,mg/l,Fair,augmented_copy3_jitter-1d
SRB00006,Tekija,2016-07-21,O2-Dis,,6.6,mg/l,Fair,original
SRB00006,Tekija,2016-07-24,O2-Dis,,6.6708,mg/l,Fair,augmented_copy2_jitter+3d
SRB00006,Tekija,2016-08-15,O2-Dis,,7.8089,mg/l,Fair,augmented_copy1_jitter-1d
SRB00006,Tekija,2016-08-15,O2-Dis,,7.939,mg/l,Fair,augmented_copy2_jitter-1d
SRB00006,Tekija,2016-08-15,O2-Dis,,7.8855,mg/l,Fair,augmented_copy3_jitter-1d
SRB00006,Tekija,2016-08-16,O2-Dis,,7.8,mg/l,Fair,original
SRB00006,Tekija,2016-09-18,O2-Dis,,7.4982,mg/l,Fair,augmented_copy3_jitter-2d
SRB00006,Tekija,2016-09-19,O2-Dis,,7.5232,mg/l,Fair,augmented_copy1_jitter-1d
SRB00006,Tekija,2016-09-20,O2-Dis,,7.5,mg/l,Fair,original
SRB00006,Tekija,2016-09-22,O2-Dis,,7.4171,mg/l,Fair,augmented_copy2_jitter+2d
SRB00006,Tekija,2016-10-15,O2-Dis,,9.5581,mg/l,Fair,augmented_copy1_jitter-3d
SRB00006,Tekija,2016-10-17,O2-Dis,,9.5066,mg/l,Fair,augmented_copy3_jitter-1d
SRB00006,Tekija,2016-10-18,O2-Dis,,9.5,mg/l,Fair,original
SRB00006,Tekija,2016-10-21,O2-Dis,,9.383,mg/l,Fair,augmented_copy2_jitter+3d
SRB00006,Tekija,2016-11-13,O2-Dis,,10.1313,mg/l,Fair,augmented_copy3_jitter-2d
SRB00006,Tekija,2016-11-15,O2-Dis,,10.2,mg/l,Fair,original
SRB00006,Tekija,2016-11-16,O2-Dis,,10.3612,mg/l,Fair,augmented_copy1_jitter+1d
SRB00006,Tekija,2016-11-18,O2-Dis,,10.1724,mg/l,Fair,augmented_copy2_jitter+3d
SRB00006,Tekija,2016-12-10,O2-Dis,,11.1496,mg/l,Fair,augmented_copy2_jitter-3d
SRB00006,Tekija,2016-12-10,O2-Dis,,11.1677,mg/l,Fair,augmented_copy3_jitter-3d
SRB00006,Tekija,2016-12-12,O2-Dis,,11.4054,mg/l,Fair,augmented_copy1_jitter-1d
SRB00006,Tekija,2016-12-13,O2-Dis,,11.3,mg/l,Fair,original
SRB00006,Tekija,2017-02-19,O2-Dis,,11.346,mg/l,Fair,augmented_copy3_jitter-2d
SRB00006,Tekija,2017-02-20,O2-Dis,,11.1736,mg/l,Fair,augmented_copy2_jitter-1d
SRB00006,Tekija,2017-02-21,O2-Dis,,11.3,mg/l,Fair,original
SRB00006,Tekija,2017-02-24,O2-Dis,,11.3502,mg/l,Fair,augmented_copy1_jitter+3d
SRB00006,Tekija,2017-03-25,O2-Dis,,10.4182,mg/l,Fair,augmented_copy2_jitter-3d
SRB00006,Tekija,2017-03-28,O2-Dis,,10.3,mg/l,Fair,original
SRB00006,Tekija,2017-03-29,O2-Dis,,10.2681,mg/l,Fair,augmented_copy1_jitter+1d
SRB00006,Tekija,2017-03-31,O2-Dis,,10.2903,mg/l,Fair,augmented_copy3_jitter+3d
SRB00006,Tekija,2017-04-15,O2-Dis,,9.8184,mg/l,Fair,augmented_copy1_jitter-3d
SRB00006,Tekija,2017-04-16,O2-Dis,,9.7276,mg/l,Fair,augmented_copy2_jitter-2d
SRB00006,Tekija,2017-04-17,O2-Dis,,9.8779,mg/l,Fair,augmented_copy3_jitter-1d
SRB00006,Tekija,2017-04-18,O2-Dis,,9.8,mg/l,Fair,original
SRB00006,Tekija,2017-05-14,O2-Dis,,9.1069,mg/l,Fair,augmented_copy2_jitter-2d
SRB00006,Tekija,2017-05-15,O2-Dis,,9.0502,mg/l,Fair,augmented_copy1_jitter-1d
SRB00006,Tekija,2017-05-15,O2-Dis,,9.2122,mg/l,Fair,augmented_copy3_jitter-1d
SRB00006,Tekija,2017-05-16,O2-Dis,,9.2,mg/l,Fair,original
SRB00006,Tekija,2017-06-17,O2-Dis,,7.3095,mg/l,Fair,augmented_copy1_jitter-3d
SRB00006,Tekija,2017-06-19,O2-Dis,,7.2114,mg/l,Fair,augmented_copy2_jitter-1d
SRB00006,Tekija,2017-06-20,O2-Dis,,7.3,mg/l,Fair,original
SRB00006,Tekija,2017-06-22,O2-Dis,,7.3749,mg/l,Fair,augmented_copy3_jitter+2d
SRB00006,Tekija,2017-07-15,O2-Dis,,6.1254,mg/l,Fair,augmented_copy1_jitter-3d
SRB00006,Tekija,2017-07-16,O2-Dis,,6.0868,mg/l,Fair,augmented_copy3_jitter-2d
SRB00006,Tekija,2017-07-18,O2-Dis,,6.1,mg/l,Fair,original
SRB00006,Tekija,2017-07-21,O2-Dis,,6.0899,mg/l,Fair,augmented_copy2_jitter+3d
SRB00006,Tekija,2017-08-13,O2-Dis,,7.0978,mg/l,Fair,augmented_copy1_jitter-2d
SRB00006,Tekija,2017-08-14,O2-Dis,,7.2019,mg/l,Fair,augmented_copy2_jitter-1d
SRB00006,Tekija,2017-08-15,O2-Dis,,7.1,mg/l,Fair,original
SRB00006,Tekija,2017-08-18,O2-Dis,,7.3465,mg/l,Fair,augmented_copy3_jitter+3d
SRB00006,Tekija,2017-09-11,O2-Dis,,7.448,mg/l,Fair,augmented_copy3_jitter-3d
SRB00006,Tekija,2017-09-13,O2-Dis,,7.6086,mg/l,Fair,augmented_copy2_jitter-1d
SRB00006,Tekija,2017-09-14,O2-Dis,,7.5,mg/l,Fair,original
SRB00006,Tekija,2017-09-17,O2-Dis,,7.4784,mg/l,Fair,augmented_copy1_jitter+3d
SRB00006,Tekija,2017-10-15,O2-Dis,,8.6975,mg/l,Fair,augmented_copy2_jitter-2d
SRB00006,Tekija,2017-10-16,O2-Dis,,8.6727,mg/l,Fair,augmented_copy3_jitter-1d
SRB00006,Tekija,2017-10-17,O2-Dis,,8.7,mg/l,Fair,original
SRB00006,Tekija,2017-10-18,O2-Dis,,8.6651,mg/l,Fair,augmented_copy1_jitter+1d
SRB00006,Tekija,2017-11-11,O2-Dis,,10.0708,mg/l,Fair,augmented_copy3_jitter-3d
SRB00006,Tekija,2017-11-14,O2-Dis,,10.0,mg/l,Fair,original
SRB00006,Tekija,2017-11-16,O2-Dis,,9.8352,mg/l,Fair,augmented_copy1_jitter+2d
SRB00006,Tekija,2017-11-16,O2-Dis,,10.1906,mg/l,Fair,augmented_copy2_jitter+2d
SRB00006,Tekija,2017-12-10,O2-Dis,,10.7614,mg/l,Fair,augmented_copy1_jitter-2d
SRB00006,Tekija,2017-12-11,O2-Dis,,10.864,mg/l,Fair,augmented_copy3_jitter-1d
SRB00006,Tekija,2017-12-12,O2-Dis,,10.8,mg/l,Fair,original
SRB00006,Tekija,2017-12-14,O2-Dis,,10.8411,mg/l,Fair,augmented_copy2_jitter+2d
SRB00006,Tekija,2018-01-13,O2-Dis,,11.7937,mg/l,Fair,augmented_copy1_jitter-3d
SRB00006,Tekija,2018-01-13,O2-Dis,,11.5811,mg/l,Fair,augmented_copy3_jitter-3d
SRB00006,Tekija,2018-01-16,O2-Dis,,11.7,mg/l,Fair,original
SRB00006,Tekija,2018-01-17,O2-Dis,,11.6984,mg/l,Fair,augmented_copy2_jitter+1d
SRB00006,Tekija,2018-02-17,O2-Dis,,12.2445,mg/l,Fair,augmented_copy1_jitter-3d
SRB00006,Tekija,2018-02-19,O2-Dis,,12.1632,mg/l,Fair,augmented_copy2_jitter-1d
SRB00006,Tekija,2018-02-20,O2-Dis,,12.2,mg/l,Fair,original
SRB00006,Tekija,2018-02-23,O2-Dis,,12.1563,mg/l,Fair,augmented_copy3_jitter+3d
SRB00006,Tekija,2018-03-17,O2-Dis,,9.3138,mg/l,Fair,augmented_copy2_jitter-3d
SRB00006,Tekija,2018-03-18,O2-Dis,,9.4062,mg/l,Fair,augmented_copy3_jitter-2d
SRB00006,Tekija,2018-03-19,O2-Dis,,9.1442,mg/l,Fair,augmented_copy1_jitter-1d
SRB00006,Tekija,2018-03-20,O2-Dis,,9.2,mg/l,Fair,original
SRB00006,Tekija,2018-04-16,O2-Dis,,9.2303,mg/l,Fair,augmented_copy1_jitter-1d
SRB00006,Tekija,2018-04-16,O2-Dis,,8.999,mg/l,Fair,augmented_copy2_jitter-1d
SRB00006,Tekija,2018-04-17,O2-Dis,,9.1,mg/l,Fair,original
SRB00006,Tekija,2018-04-20,O2-Dis,,9.058,mg/l,Fair,augmented_copy3_jitter+3d
SRB00006,Tekija,2018-05-13,O2-Dis,,7.0851,mg/l,Fair,augmented_copy3_jitter-2d
SRB00006,Tekija,2018-05-15,O2-Dis,,7.0,mg/l,Fair,original
SRB00006,Tekija,2018-05-17,O2-Dis,,7.1645,mg/l,Fair,augmented_copy2_jitter+2d
SRB00006,Tekija,2018-05-18,O2-Dis,,7.1345,mg/l,Fair,augmented_copy1_jitter+3d
SRB00006,Tekija,2018-06-17,O2-Dis,,7.5783,mg/l,Fair,augmented_copy1_jitter-2d
SRB00006,Tekija,2018-06-18,O2-Dis,,7.4676,mg/l,Fair,augmented_copy3_jitter-1d
SRB00006,Tekija,2018-06-19,O2-Dis,,7.5,mg/l,Fair,original
SRB00006,Tekija,2018-06-21,O2-Dis,,7.3881,mg/l,Fair,augmented_copy2_jitter+2d
SRB00006,Tekija,2018-07-13,O2-Dis,,9.2342,mg/l,Fair,augmented_copy2_jitter-3d
SRB00006,Tekija,2018-07-15,O2-Dis,,9.2394,mg/l,Fair,augmented_copy1_jitter-1d
SRB00006,Tekija,2018-07-16,O2-Dis,,9.2,mg/l,Fair,original
SRB00006,Tekija,2018-07-17,O2-Dis,,8.9589,mg/l,Fair,augmented_copy3_jitter+1d
SRB00006,Tekija,2018-08-19,O2-Dis,,6.7835,mg/l,Fair,augmented_copy2_jitter-2d
SRB00006,Tekija,2018-08-20,O2-Dis,,6.7784,mg/l,Fair,augmented_copy1_jitter-1d
SRB00006,Tekija,2018-08-20,O2-Dis,,6.7401,mg/l,Fair,augmented_copy3_jitter-1d
SRB00006,Tekija,2018-08-21,O2-Dis,,6.8,mg/l,Fair,original
SRB00006,Tekija,2018-09-18,O2-Dis,,7.1,mg/l,Fair,original
SRB00006,Tekija,2018-09-19,O2-Dis,,7.0845,mg/l,Fair,augmented_copy3_jitter+1d
SRB00006,Tekija,2018-09-20,O2-Dis,,7.004,mg/l,Fair,augmented_copy1_jitter+2d
SRB00006,Tekija,2018-09-20,O2-Dis,,7.1628,mg/l,Fair,augmented_copy2_jitter+2d
SRB00006,Tekija,2018-10-13,O2-Dis,,8.825,mg/l,Fair,augmented_copy2_jitter-3d
SRB00006,Tekija,2018-10-16,O2-Dis,,9.0,mg/l,Fair,original
SRB00006,Tekija,2018-10-18,O2-Dis,,9.0238,mg/l,Fair,augmented_copy1_jitter+2d
SRB00006,Tekija,2018-10-19,O2-Dis,,8.9604,mg/l,Fair,augmented_copy3_jitter+3d
SRB00006,Tekija,2018-11-11,O2-Dis,,8.826,mg/l,Fair,augmented_copy1_jitter-2d
SRB00006,Tekija,2018-11-13,O2-Dis,,8.8,mg/l,Fair,original
SRB00006,Tekija,2018-11-14,O2-Dis,,8.919,mg/l,Fair,augmented_copy2_jitter+1d
SRB00006,Tekija,2018-11-16,O2-Dis,,8.8155,mg/l,Fair,augmented_copy3_jitter+3d
SRB00006,Tekija,2018-12-09,O2-Dis,,11.8133,mg/l,Fair,augmented_copy3_jitter-2d
SRB00006,Tekija,2018-12-11,O2-Dis,,11.8,mg/l,Fair,original
SRB00006,Tekija,2018-12-13,O2-Dis,,11.8408,mg/l,Fair,augmented_copy1_jitter+2d
SRB00006,Tekija,2018-12-13,O2-Dis,,11.7302,mg/l,Fair,augmented_copy2_jitter+2d
SRB00006,Tekija,2019-01-22,O2-Dis,,11.4,mg/l,Fair,original
SRB00006,Tekija,2019-01-23,O2-Dis,,11.3966,mg/l,Fair,augmented_copy1_jitter+1d
SRB00006,Tekija,2019-01-25,O2-Dis,,11.3711,mg/l,Fair,augmented_copy2_jitter+3d
SRB00006,Tekija,2019-01-25,O2-Dis,,11.4076,mg/l,Fair,augmented_copy3_jitter+3d
SRB00006,Tekija,2019-02-25,O2-Dis,,12.2941,mg/l,Fair,augmented_copy2_jitter-1d
SRB00006,Tekija,2019-02-26,O2-Dis,,12.2,mg/l,Fair,original
SRB00006,Tekija,2019-02-27,O2-Dis,,12.1291,mg/l,Fair,augmented_copy1_jitter+1d
SRB00006,Tekija,2019-02-28,O2-Dis,,12.2406,mg/l,Fair,augmented_copy3_jitter+2d
SRB00006,Tekija,2019-03-16,O2-Dis,,10.1047,mg/l,Fair,augmented_copy3_jitter-3d
SRB00006,Tekija,2019-03-18,O2-Dis,,9.9588,mg/l,Fair,augmented_copy2_jitter-1d
SRB00006,Tekija,2019-03-19,O2-Dis,,10.0,mg/l,Fair,original
SRB00006,Tekija,2019-03-20,O2-Dis,,9.8957,mg/l,Fair,augmented_copy1_jitter+1d
SRB00006,Tekija,2019-04-20,O2-Dis,,9.2207,mg/l,Fair,augmented_copy3_jitter-2d
SRB00006,Tekija,2019-04-21,O2-Dis,,9.4015,mg/l,Fair,augmented_copy2_jitter-1d
SRB00006,Tekija,2019-04-22,O2-Dis,,9.3,mg/l,Fair,original
SRB00006,Tekija,2019-04-24,O2-Dis,,9.2654,mg/l,Fair,augmented_copy1_jitter+2d
SRB00006,Tekija,2019-05-29,O2-Dis,,8.0078,mg/l,Fair,augmented_copy1_jitter-2d
SRB00006,Tekija,2019-05-31,O2-Dis,,8.1,mg/l,Fair,original
SRB00006,Tekija,2019-06-01,O2-Dis,,8.173,mg/l,Fair,augmented_copy2_jitter+1d
SRB00006,Tekija,2019-06-02,O2-Dis,,8.0525,mg/l,Fair,augmented_copy3_jitter+2d
SRB00006,Tekija,2019-06-15,O2-Dis,,6.5425,mg/l,Fair,augmented_copy1_jitter-3d
SRB00006,Tekija,2019-06-16,O2-Dis,,6.4124,mg/l,Fair,augmented_copy3_jitter-2d
SRB00006,Tekija,2019-06-18,O2-Dis,,6.4,mg/l,Fair,original
SRB00006,Tekija,2019-06-19,O2-Dis,,6.2911,mg/l,Fair,augmented_copy2_jitter+1d
SRB00006,Tekija,2019-07-09,O2-Dis,,6.9,mg/l,Fair,original
SRB00006,Tekija,2019-07-10,O2-Dis,,6.9413,mg/l,Fair,augmented_copy1_jitter+1d
SRB00006,Tekija,2019-07-10,O2-Dis,,6.8665,mg/l,Fair,augmented_copy2_jitter+1d
SRB00006,Tekija,2019-07-11,O2-Dis,,6.9043,mg/l,Fair,augmented_copy3_jitter+2d
SRB00006,Tekija,2019-08-19,O2-Dis,,5.9044,mg/l,Fair,augmented_copy1_jitter-1d
SRB00006,Tekija,2019-08-20,O2-Dis,,6.0,mg/l,Fair,original
SRB00006,Tekija,2019-08-21,O2-Dis,,5.8985,mg/l,Fair,augmented_copy3_jitter+1d
SRB00006,Tekija,2019-08-22,O2-Dis,,6.1095,mg/l,Fair,augmented_copy2_jitter+2d
SRB00006,Tekija,2019-09-14,O2-Dis,,6.6174,mg/l,Fair,augmented_copy2_jitter-3d
SRB00006,Tekija,2019-09-15,O2-Dis,,6.6062,mg/l,Fair,augmented_copy1_jitter-2d
SRB00006,Tekija,2019-09-16,O2-Dis,,6.6141,mg/l,Fair,augmented_copy3_jitter-1d
SRB00006,Tekija,2019-09-17,O2-Dis,,6.6,mg/l,Fair,original
SRB00006,Tekija,2019-10-12,O2-Dis,,8.1119,mg/l,Fair,augmented_copy3_jitter-3d
SRB00006,Tekija,2019-10-14,O2-Dis,,8.0207,mg/l,Fair,augmented_copy2_jitter-1d
SRB00006,Tekija,2019-10-15,O2-Dis,,8.0,mg/l,Fair,original
SRB00006,Tekija,2019-10-17,O2-Dis,,7.8583,mg/l,Fair,augmented_copy1_jitter+2d
SRB00006,Tekija,2019-11-11,O2-Dis,,9.1312,mg/l,Fair,augmented_copy2_jitter-1d
SRB00006,Tekija,2019-11-12,O2-Dis,,9.0,mg/l,Fair,original
SRB00006,Tekija,2019-11-15,O2-Dis,,9.0917,mg/l,Fair,augmented_copy1_jitter+3d
SRB00006,Tekija,2019-11-15,O2-Dis,,9.079,mg/l,Fair,augmented_copy3_jitter+3d
SRB00006,Tekija,2019-12-09,O2-Dis,,10.0865,mg/l,Fair,augmented_copy3_jitter-1d
SRB00006,Tekija,2019-12-10,O2-Dis,,10.0,mg/l,Fair,original
SRB00006,Tekija,2019-12-11,O2-Dis,,10.1033,mg/l,Fair,augmented_copy2_jitter+1d
SRB00006,Tekija,2019-12-13,O2-Dis,,10.1314,mg/l,Fair,augmented_copy1_jitter+3d
SRB00006,Tekija,2020-01-20,O2-Dis,,12.6289,mg/l,Fair,augmented_copy1_jitter-3d
SRB00006,Tekija,2020-01-20,O2-Dis,,12.826,mg/l,Fair,augmented_copy3_jitter-3d
SRB00006,Tekija,2020-01-23,O2-Dis,,12.8,mg/l,Fair,original
SRB00006,Tekija,2020-01-26,O2-Dis,,12.7076,mg/l,Fair,augmented_copy2_jitter+3d
SRB00006,Tekija,2020-02-16,O2-Dis,,11.0979,mg/l,Fair,augmented_copy1_jitter-3d
SRB00006,Tekija,2020-02-16,O2-Dis,,10.9704,mg/l,Fair,augmented_copy3_jitter-3d
SRB00006,Tekija,2020-02-17,O2-Dis,,11.0976,mg/l,Fair,augmented_copy2_jitter-2d
SRB00006,Tekija,2020-02-19,O2-Dis,,11.0,mg/l,Fair,original
SRB00006,Tekija,2020-05-02,O2-Dis,,8.1019,mg/l,Fair,augmented_copy1_jitter-3d
SRB00006,Tekija,2020-05-03,O2-Dis,,8.0468,mg/l,Fair,augmented_copy2_jitter-2d
SRB00006,Tekija,2020-05-05,O2-Dis,,8.1,mg/l,Fair,original
SRB00006,Tekija,2020-05-06,O2-Dis,,8.0173,mg/l,Fair,augmented_copy3_jitter+1d
SRB00006,Tekija,2020-06-02,O2-Dis,,9.5811,mg/l,Fair,augmented_copy2_jitter-1d
SRB00006,Tekija,2020-06-02,O2-Dis,,9.6363,mg/l,Fair,augmented_copy3_jitter-1d
SRB00006,Tekija,2020-06-03,O2-Dis,,9.5,mg/l,Fair,original
SRB00006,Tekija,2020-06-05,O2-Dis,,9.5689,mg/l,Fair,augmented_copy1_jitter+2d
SRB00006,Tekija,2020-06-28,O2-Dis,,7.0313,mg/l,Fair,augmented_copy3_jitter-1d
SRB00006,Tekija,2020-06-29,O2-Dis,,7.0,mg/l,Fair,original
SRB00006,Tekija,2020-07-01,O2-Dis,,7.1683,mg/l,Fair,augmented_copy2_jitter+2d
SRB00006,Tekija,2020-07-02,O2-Dis,,6.9885,mg/l,Fair,augmented_copy1_jitter+3d
SRB00006,Tekija,2020-07-11,O2-Dis,,6.6663,mg/l,Fair,augmented_copy2_jitter-3d
SRB00006,Tekija,2020-07-14,O2-Dis,,6.7,mg/l,Fair,original
SRB00006,Tekija,2020-07-15,O2-Dis,,6.8143,mg/l,Fair,augmented_copy1_jitter+1d
SRB00006,Tekija,2020-07-17,O2-Dis,,6.7378,mg/l,Fair,augmented_copy3_jitter+3d
SRB00006,Tekija,2020-08-16,O2-Dis,,6.9039,mg/l,Fair,augmented_copy2_jitter-2d
SRB00006,Tekija,2020-08-18,O2-Dis,,6.9,mg/l,Fair,original
SRB00006,Tekija,2020-08-21,O2-Dis,,7.0115,mg/l,Fair,augmented_copy1_jitter+3d
SRB00006,Tekija,2020-08-21,O2-Dis,,6.8749,mg/l,Fair,augmented_copy3_jitter+3d
SRB00006,Tekija,2020-09-13,O2-Dis,,6.8646,mg/l,Fair,augmented_copy1_jitter-2d
SRB00006,Tekija,2020-09-13,O2-Dis,,6.9713,mg/l,Fair,augmented_copy2_jitter-2d
SRB00006,Tekija,2020-09-14,O2-Dis,,6.8979,mg/l,Fair,augmented_copy3_jitter-1d
SRB00006,Tekija,2020-09-15,O2-Dis,,6.9,mg/l,Fair,original
SRB00006,Tekija,2020-10-12,O2-Dis,,9.8834,mg/l,Fair,augmented_copy2_jitter-1d
SRB00006,Tekija,2020-10-13,O2-Dis,,9.9,mg/l,Fair,original
SRB00006,Tekija,2020-10-14,O2-Dis,,9.8483,mg/l,Fair,augmented_copy1_jitter+1d
SRB00006,Tekija,2020-10-16,O2-Dis,,9.8636,mg/l,Fair,augmented_copy3_jitter+3d
SRB00006,Tekija,2020-11-07,O2-Dis,,9.2103,mg/l,Fair,augmented_copy3_jitter-3d
SRB00006,Tekija,2020-11-10,O2-Dis,,9.1,mg/l,Fair,original
SRB00006,Tekija,2020-11-12,O2-Dis,,9.0636,mg/l,Fair,augmented_copy1_jitter+2d
SRB00006,Tekija,2020-11-13,O2-Dis,,9.1204,mg/l,Fair,augmented_copy2_jitter+3d
SRB00006,Tekija,2020-12-06,O2-Dis,,10.9797,mg/l,Fair,augmented_copy2_jitter-2d
SRB00006,Tekija,2020-12-07,O2-Dis,,11.0346,mg/l,Fair,augmented_copy1_jitter-1d
SRB00006,Tekija,2020-12-07,O2-Dis,,11.062,mg/l,Fair,augmented_copy3_jitter-1d
SRB00006,Tekija,2020-12-08,O2-Dis,,11.1,mg/l,Fair,original
SRB00006,Tekija,2021-01-23,O2-Dis,,11.4346,mg/l,Fair,augmented_copy2_jitter-3d
SRB00006,Tekija,2021-01-23,O2-Dis,,11.3485,mg/l,Fair,augmented_copy3_jitter-3d
SRB00006,Tekija,2021-01-26,O2-Dis,,11.3,mg/l,Fair,original
SRB00006,Tekija,2021-01-28,O2-Dis,,11.336,mg/l,Fair,augmented_copy1_jitter+2d
SRB00006,Tekija,2021-02-23,O2-Dis,,10.7,mg/l,Fair,original
SRB00006,Tekija,2021-02-24,O2-Dis,,10.6301,mg/l,Fair,augmented_copy1_jitter+1d
SRB00006,Tekija,2021-02-24,O2-Dis,,10.6977,mg/l,Fair,augmented_copy2_jitter+1d
SRB00006,Tekija,2021-02-24,O2-Dis,,10.6072,mg/l,Fair,augmented_copy3_jitter+1d
SRB00006,Tekija,2021-03-13,O2-Dis,,10.9853,mg/l,Fair,augmented_copy1_jitter-3d
SRB00006,Tekija,2021-03-15,O2-Dis,,10.8732,mg/l,Fair,augmented_copy2_jitter-1d
SRB00006,Tekija,2021-03-16,O2-Dis,,10.9,mg/l,Fair,original
SRB00006,Tekija,2021-03-19,O2-Dis,,10.8663,mg/l,Fair,augmented_copy3_jitter+3d
SRB00006,Tekija,2021-04-18,O2-Dis,,10.0579,mg/l,Fair,augmented_copy1_jitter-2d
SRB00006,Tekija,2021-04-20,O2-Dis,,10.0,mg/l,Fair,original
SRB00006,Tekija,2021-04-21,O2-Dis,,9.946,mg/l,Fair,augmented_copy2_jitter+1d
SRB00006,Tekija,2021-04-23,O2-Dis,,9.9969,mg/l,Fair,augmented_copy3_jitter+3d
SRB00006,Tekija,2021-05-15,O2-Dis,,8.1887,mg/l,Fair,augmented_copy2_jitter-3d
SRB00006,Tekija,2021-05-16,O2-Dis,,8.1532,mg/l,Fair,augmented_copy1_jitter-2d
SRB00006,Tekija,2021-05-18,O2-Dis,,8.1,mg/l,Fair,original
SRB00006,Tekija,2021-05-20,O2-Dis,,7.9957,mg/l,Fair,augmented_copy3_jitter+2d
SRB00006,Tekija,2021-06-12,O2-Dis,,7.8367,mg/l,Fair,augmented_copy1_jitter-3d
SRB00006,Tekija,2021-06-12,O2-Dis,,8.0109,mg/l,Fair,augmented_copy2_jitter-3d
SRB00006,Tekija,2021-06-13,O2-Dis,,7.854,mg/l,Fair,augmented_copy3_jitter-2d
SRB00006,Tekija,2021-06-15,O2-Dis,,7.9,mg/l,Fair,original
SRB00006,Tekija,2021-07-18,O2-Dis,,5.6748,mg/l,Fair,augmented_copy1_jitter-2d
SRB00006,Tekija,2021-07-20,O2-Dis,,5.7,mg/l,Fair,original
SRB00006,Tekija,2021-07-22,O2-Dis,,5.5676,mg/l,Fair,augmented_copy2_jitter+2d
SRB00006,Tekija,2021-07-22,O2-Dis,,5.6719,mg/l,Fair,augmented_copy3_jitter+2d
SRB00006,Tekija,2021-08-25,O2-Dis,,6.6354,mg/l,Fair,augmented_copy2_jitter-3d
SRB00006,Tekija,2021-08-27,O2-Dis,,6.6387,mg/l,Fair,augmented_copy1_jitter-1d
SRB00006,Tekija,2021-08-27,O2-Dis,,6.6244,mg/l,Fair,augmented_copy3_jitter-1d
SRB00006,Tekija,2021-08-28,O2-Dis,,6.6,mg/l,Fair,original
SRB00006,Tekija,2021-09-21,O2-Dis,,8.2165,mg/l,Fair,augmented_copy1_jitter-2d
SRB00006,Tekija,2021-09-21,O2-Dis,,8.1059,mg/l,Fair,augmented_copy3_jitter-2d
SRB00006,Tekija,2021-09-23,O2-Dis,,8.1,mg/l,Fair,original
SRB00006,Tekija,2021-09-24,O2-Dis,,8.041,mg/l,Fair,augmented_copy2_jitter+1d
SRB00006,Tekija,2021-10-20,O2-Dis,,10.0,mg/l,Fair,original
SRB00006,Tekija,2021-10-21,O2-Dis,,10.1174,mg/l,Fair,augmented_copy2_jitter+1d
SRB00006,Tekija,2021-10-22,O2-Dis,,9.8449,mg/l,Fair,augmented_copy3_jitter+2d
SRB00006,Tekija,2021-10-23,O2-Dis,,10.1058,mg/l,Fair,augmented_copy1_jitter+3d
SRB00006,Tekija,2021-11-14,O2-Dis,,9.6233,mg/l,Fair,augmented_copy2_jitter-2d
SRB00006,Tekija,2021-11-15,O2-Dis,,9.6037,mg/l,Fair,augmented_copy1_jitter-1d
SRB00006,Tekija,2021-11-15,O2-Dis,,9.6898,mg/l,Fair,augmented_copy3_jitter-1d
SRB00006,Tekija,2021-11-16,O2-Dis,,9.5,mg/l,Fair,original
SRB00006,Tekija,2021-12-07,O2-Dis,,11.2,mg/l,Fair,original
SRB00006,Tekija,2021-12-08,O2-Dis,,11.3102,mg/l,Fair,augmented_copy1_jitter+1d
SRB00006,Tekija,2021-12-08,O2-Dis,,11.1265,mg/l,Fair,augmented_copy2_jitter+1d
SRB00006,Tekija,2021-12-08,O2-Dis,,11.2404,mg/l,Fair,augmented_copy3_jitter+1d
SRB00006,Tekija,2022-01-26,O2-Dis,,12.0132,mg/l,Fair,augmented_copy3_jitter-2d
SRB00006,Tekija,2022-01-27,O2-Dis,,11.9288,mg/l,Fair,augmented_copy2_jitter-1d
SRB00006,Tekija,2022-01-28,O2-Dis,,12.0,mg/l,Fair,original
SRB00006,Tekija,2022-01-30,O2-Dis,,12.0123,mg/l,Fair,augmented_copy1_jitter+2d
SRB00006,Tekija,2022-02-19,O2-Dis,,12.0124,mg/l,Fair,augmented_copy3_jitter-3d
SRB00006,Tekija,2022-02-22,O2-Dis,,12.0,mg/l,Fair,original
SRB00006,Tekija,2022-02-24,O2-Dis,,12.1848,mg/l,Fair,augmented_copy2_jitter+2d
SRB00006,Tekija,2022-02-25,O2-Dis,,12.0361,mg/l,Fair,augmented_copy1_jitter+3d
SRB00006,Tekija,2022-03-12,O2-Dis,,11.8181,mg/l,Fair,augmented_copy1_jitter-3d
SRB00006,Tekija,2022-03-13,O2-Dis,,11.841,mg/l,Fair,augmented_copy2_jitter-2d
SRB00006,Tekija,2022-03-13,O2-Dis,,11.816,mg/l,Fair,augmented_copy3_jitter-2d
SRB00006,Tekija,2022-03-15,O2-Dis,,11.8,mg/l,Fair,original
SRB00006,Tekija,2022-05-09,O2-Dis,,8.2,mg/l,Fair,original
SRB00006,Tekija,2022-05-10,O2-Dis,,8.253,mg/l,Fair,augmented_copy3_jitter+1d
SRB00006,Tekija,2022-05-11,O2-Dis,,8.1581,mg/l,Fair,augmented_copy1_jitter+2d
SRB00006,Tekija,2022-05-11,O2-Dis,,8.3,mg/l,Fair,augmented_copy2_jitter+2d
SRB00006,Tekija,2022-05-24,O2-Dis,,8.6867,mg/l,Fair,augmented_copy2_jitter-1d
SRB00006,Tekija,2022-05-24,O2-Dis,,8.6077,mg/l,Fair,augmented_copy3_jitter-1d
SRB00006,Tekija,2022-05-25,O2-Dis,,8.7,mg/l,Fair,original
SRB00006,Tekija,2022-05-26,O2-Dis,,8.6444,mg/l,Fair,augmented_copy1_jitter+1d
SRB00006,Tekija,2022-06-11,O2-Dis,,7.4999,mg/l,Fair,augmented_copy1_jitter-3d
SRB00006,Tekija,2022-06-14,O2-Dis,,7.4,mg/l,Fair,original
SRB00006,Tekija,2022-06-15,O2-Dis,,7.434,mg/l,Fair,augmented_copy2_jitter+1d
SRB00006,Tekija,2022-06-16,O2-Dis,,7.6786,mg/l,Fair,augmented_copy3_jitter+2d
SRB00006,Tekija,2022-07-18,O2-Dis,,6.954,mg/l,Fair,augmented_copy3_jitter-1d
SRB00006,Tekija,2022-07-19,O2-Dis,,7.1,mg/l,Fair,original
SRB00006,Tekija,2022-07-22,O2-Dis,,7.0145,mg/l,Fair,augmented_copy1_jitter+3d
SRB00006,Tekija,2022-07-22,O2-Dis,,7.1656,mg/l,Fair,augmented_copy2_jitter+3d
SRB00006,Tekija,2022-08-13,O2-Dis,,6.5184,mg/l,Fair,augmented_copy2_jitter-3d
SRB00006,Tekija,2022-08-14,O2-Dis,,6.4853,mg/l,Fair,augmented_copy1_jitter-2d
SRB00006,Tekija,2022-08-16,O2-Dis,,6.5,mg/l,Fair,original
SRB00006,Tekija,2022-08-18,O2-Dis,,6.5856,mg/l,Fair,augmented_copy3_jitter+2d
SRB00006,Tekija,2022-10-06,O2-Dis,,9.1,mg/l,Fair,original
SRB00006,Tekija,2022-10-07,O2-Dis,,9.0639,mg/l,Fair,augmented_copy3_jitter+1d
SRB00006,Tekija,2022-10-09,O2-Dis,,9.0132,mg/l,Fair,augmented_copy1_jitter+3d
SRB00006,Tekija,2022-10-09,O2-Dis,,8.8656,mg/l,Fair,augmented_copy2_jitter+3d
SRB00006,Tekija,2022-10-16,O2-Dis,,7.4863,mg/l,Fair,augmented_copy1_jitter-2d
SRB00006,Tekija,2022-10-16,O2-Dis,,7.4929,mg/l,Fair,augmented_copy3_jitter-2d
SRB00006,Tekija,2022-10-18,O2-Dis,,7.5,mg/l,Fair,original
SRB00006,Tekija,2022-10-19,O2-Dis,,7.4969,mg/l,Fair,augmented_copy2_jitter+1d
SRB00006,Tekija,2022-11-13,O2-Dis,,9.1355,mg/l,Fair,augmented_copy3_jitter-2d
SRB00006,Tekija,2022-11-15,O2-Dis,,9.0,mg/l,Fair,original
SRB00006,Tekija,2022-11-18,O2-Dis,,9.0745,mg/l,Fair,augmented_copy1_jitter+3d
SRB00006,Tekija,2022-11-18,O2-Dis,,9.0856,mg/l,Fair,augmented_copy2_jitter+3d
SRB00006,Tekija,2022-12-04,O2-Dis,,10.7644,mg/l,Fair,augmented_copy2_jitter-2d
SRB00006,Tekija,2022-12-05,O2-Dis,,10.6366,mg/l,Fair,augmented_copy3_jitter-1d
SRB00006,Tekija,2022-12-06,O2-Dis,,10.7,mg/l,Fair,original
SRB00006,Tekija,2022-12-09,O2-Dis,,10.6305,mg/l,Fair,augmented_copy1_jitter+3d
SRB00006,Tekija,2023-01-23,O2-Dis,,11.439,mg/l,Fair,augmented_copy1_jitter-1d
SRB00006,Tekija,2023-01-24,O2-Dis,,11.5,mg/l,Fair,original
SRB00006,Tekija,2023-01-25,O2-Dis,,11.4274,mg/l,Fair,augmented_copy3_jitter+1d
SRB00006,Tekija,2023-01-26,O2-Dis,,11.4534,mg/l,Fair,augmented_copy2_jitter+2d
SRB00006,Tekija,2023-02-20,O2-Dis,,11.7771,mg/l,Fair,augmented_copy3_jitter-1d
SRB00006,Tekija,2023-02-21,O2-Dis,,11.9,mg/l,Fair,original
SRB00006,Tekija,2023-02-24,O2-Dis,,11.9576,mg/l,Fair,augmented_copy1_jitter+3d
SRB00006,Tekija,2023-02-24,O2-Dis,,11.8249,mg/l,Fair,augmented_copy2_jitter+3d
SRB00006,Tekija,2023-03-18,O2-Dis,,10.4347,mg/l,Fair,augmented_copy3_jitter-3d
SRB00006,Tekija,2023-03-21,O2-Dis,,10.4,mg/l,Fair,original
SRB00006,Tekija,2023-03-23,O2-Dis,,10.375,mg/l,Fair,augmented_copy1_jitter+2d
SRB00006,Tekija,2023-03-23,O2-Dis,,10.4874,mg/l,Fair,augmented_copy2_jitter+2d
SRB00006,Tekija,2023-04-17,O2-Dis,,10.0203,mg/l,Fair,augmented_copy2_jitter-1d
SRB00006,Tekija,2023-04-17,O2-Dis,,10.0207,mg/l,Fair,augmented_copy3_jitter-1d
SRB00006,Tekija,2023-04-18,O2-Dis,,10.0,mg/l,Fair,original
SRB00006,Tekija,2023-04-21,O2-Dis,,9.9942,mg/l,Fair,augmented_copy1_jitter+3d
SRB00006,Tekija,2023-05-14,O2-Dis,,9.1125,mg/l,Fair,augmented_copy3_jitter-2d
SRB00006,Tekija,2023-05-15,O2-Dis,,9.095,mg/l,Fair,augmented_copy2_jitter-1d
SRB00006,Tekija,2023-05-16,O2-Dis,,9.0,mg/l,Fair,original
SRB00006,Tekija,2023-05-17,O2-Dis,,8.9973,mg/l,Fair,augmented_copy1_jitter+1d
SRB00006,Tekija,2023-06-17,O2-Dis,,8.3109,mg/l,Fair,augmented_copy2_jitter-3d
SRB00006,Tekija,2023-06-20,O2-Dis,,8.3,mg/l,Fair,original
SRB00006,Tekija,2023-06-21,O2-Dis,,8.191,mg/l,Fair,augmented_copy1_jitter+1d
SRB00006,Tekija,2023-06-21,O2-Dis,,8.4854,mg/l,Fair,augmented_copy3_jitter+1d
SRB00006,Tekija,2023-07-15,O2-Dis,,8.7798,mg/l,Fair,augmented_copy1_jitter-3d
SRB00006,Tekija,2023-07-15,O2-Dis,,8.4954,mg/l,Fair,augmented_copy2_jitter-3d
SRB00006,Tekija,2023-07-18,O2-Dis,,8.6,mg/l,Fair,original
SRB00006,Tekija,2023-07-19,O2-Dis,,8.6172,mg/l,Fair,augmented_copy3_jitter+1d
SRB00006,Tekija,2023-08-20,O2-Dis,,6.3374,mg/l,Fair,augmented_copy1_jitter-2d
SRB00006,Tekija,2023-08-22,O2-Dis,,6.5,mg/l,Fair,original
SRB00006,Tekija,2023-08-25,O2-Dis,,6.5687,mg/l,Fair,augmented_copy2_jitter+3d
SRB00006,Tekija,2023-08-25,O2-Dis,,6.5994,mg/l,Fair,augmented_copy3_jitter+3d
SRB00006,Tekija,2023-09-16,O2-Dis,,7.8519,mg/l,Fair,augmented_copy3_jitter-3d
SRB00006,Tekija,2023-09-17,O2-Dis,,7.753,mg/l,Fair,augmented_copy1_jitter-2d
SRB00006,Tekija,2023-09-19,O2-Dis,,7.8,mg/l,Fair,original
SRB00006,Tekija,2023-09-21,O2-Dis,,7.8899,mg/l,Fair,augmented_copy2_jitter+2d
SRB00006,Tekija,2023-10-14,O2-Dis,,8.6646,mg/l,Fair,augmented_copy2_jitter-3d
SRB00006,Tekija,2023-10-17,O2-Dis,,8.5,mg/l,Fair,original
SRB00006,Tekija,2023-10-18,O2-Dis,,8.2547,mg/l,Fair,augmented_copy1_jitter+1d
SRB00006,Tekija,2023-10-19,O2-Dis,,8.5276,mg/l,Fair,augmented_copy3_jitter+2d
SRB00006,Tekija,2023-11-13,O2-Dis,,9.6,mg/l,Fair,original
SRB00006,Tekija,2023-11-14,O2-Dis,,9.4309,mg/l,Fair,augmented_copy1_jitter+1d
SRB00006,Tekija,2023-11-14,O2-Dis,,9.6459,mg/l,Fair,augmented_copy2_jitter+1d
SRB00006,Tekija,2023-11-16,O2-Dis,,9.4344,mg/l,Fair,augmented_copy3_jitter+3d
SRB00006,Tekija,2023-12-11,O2-Dis,,11.2482,mg/l,Fair,augmented_copy1_jitter-1d
SRB00006,Tekija,2023-12-11,O2-Dis,,11.0452,mg/l,Fair,augmented_copy2_jitter-1d
SRB00006,Tekija,2023-12-12,O2-Dis,,11.2,mg/l,Fair,original
SRB00006,Tekija,2023-12-15,O2-Dis,,11.2237,mg/l,Fair,augmented_copy3_jitter+3d
SRB00040,Bogojevo,2013-01-08,O2-Dis,,12.254,mg/l,Fair,augmented_copy3_jitter-1d
SRB00040,Bogojevo,2013-01-09,O2-Dis,,12.2,mg/l,Fair,original
SRB00040,Bogojevo,2013-01-11,O2-Dis,,12.2603,mg/l,Fair,augmented_copy2_jitter+2d
SRB00040,Bogojevo,2013-01-12,O2-Dis,,12.1331,mg/l,Fair,augmented_copy1_jitter+3d
SRB00040,Bogojevo,2013-02-04,O2-Dis,,12.7876,mg/l,Fair,augmented_copy2_jitter-2d
SRB00040,Bogojevo,2013-02-05,O2-Dis,,12.7626,mg/l,Fair,augmented_copy1_jitter-1d
SRB00040,Bogojevo,2013-02-05,O2-Dis,,12.841,mg/l,Fair,augmented_copy3_jitter-1d
SRB00040,Bogojevo,2013-02-06,O2-Dis,,12.8,mg/l,Fair,original
SRB00040,Bogojevo,2013-03-05,O2-Dis,,12.5724,mg/l,Fair,augmented_copy2_jitter-1d
SRB00040,Bogojevo,2013-03-05,O2-Dis,,12.7464,mg/l,Fair,augmented_copy3_jitter-1d
SRB00040,Bogojevo,2013-03-06,O2-Dis,,12.6,mg/l,Fair,original
SRB00040,Bogojevo,2013-03-09,O2-Dis,,12.6565,mg/l,Fair,augmented_copy1_jitter+3d
SRB00040,Bogojevo,2013-04-03,O2-Dis,,12.0449,mg/l,Fair,augmented_copy1_jitter-1d
SRB00040,Bogojevo,2013-04-04,O2-Dis,,12.2,mg/l,Fair,original
SRB00040,Bogojevo,2013-04-06,O2-Dis,,12.1816,mg/l,Fair,augmented_copy2_jitter+2d
SRB00040,Bogojevo,2013-04-06,O2-Dis,,12.1173,mg/l,Fair,augmented_copy3_jitter+2d
SRB00040,Bogojevo,2013-05-08,O2-Dis,,9.1,mg/l,Fair,original
SRB00040,Bogojevo,2013-05-10,O2-Dis,,9.1786,mg/l,Fair,augmented_copy2_jitter+2d
SRB00040,Bogojevo,2013-05-10,O2-Dis,,8.9752,mg/l,Fair,augmented_copy3_jitter+2d
SRB00040,Bogojevo,2013-05-11,O2-Dis,,9.001,mg/l,Fair,augmented_copy1_jitter+3d
SRB00040,Bogojevo,2013-06-07,O2-Dis,,7.9516,mg/l,Fair,augmented_copy2_jitter-3d
SRB00040,Bogojevo,2013-06-09,O2-Dis,,7.9677,mg/l,Fair,augmented_copy3_jitter-1d
SRB00040,Bogojevo,2013-06-10,O2-Dis,,8.0,mg/l,Fair,original
SRB00040,Bogojevo,2013-06-11,O2-Dis,,8.2051,mg/l,Fair,augmented_copy1_jitter+1d
SRB00040,Bogojevo,2013-07-02,O2-Dis,,8.7716,mg/l,Fair,augmented_copy1_jitter-1d
SRB00040,Bogojevo,2013-07-02,O2-Dis,,8.6785,mg/l,Fair,augmented_copy3_jitter-1d
SRB00040,Bogojevo,2013-07-03,O2-Dis,,8.7,mg/l,Fair,original
SRB00040,Bogojevo,2013-07-05,O2-Dis,,8.5783,mg/l,Fair,augmented_copy2_jitter+2d
SRB00040,Bogojevo,2013-08-07,O2-Dis,,10.1,mg/l,Fair,original
SRB00040,Bogojevo,2013-08-08,O2-Dis,,10.1998,mg/l,Fair,augmented_copy1_jitter+1d
SRB00040,Bogojevo,2013-08-08,O2-Dis,,10.0293,mg/l,Fair,augmented_copy2_jitter+1d
SRB00040,Bogojevo,2013-08-08,O2-Dis,,10.1643,mg/l,Fair,augmented_copy3_jitter+1d
SRB00040,Bogojevo,2013-09-30,O2-Dis,,9.6828,mg/l,Fair,augmented_copy1_jitter-2d
SRB00040,Bogojevo,2013-10-01,O2-Dis,,9.9209,mg/l,Fair,augmented_copy2_jitter-1d
SRB00040,Bogojevo,2013-10-02,O2-Dis,,9.8,mg/l,Fair,original
SRB00040,Bogojevo,2013-10-03,O2-Dis,,9.7943,mg/l,Fair,augmented_copy3_jitter+1d
SRB00040,Bogojevo,2013-10-08,O2-Dis,,9.758,mg/l,Fair,augmented_copy1_jitter-1d
SRB00040,Bogojevo,2013-10-08,O2-Dis,,9.8643,mg/l,Fair,augmented_copy2_jitter-1d
SRB00040,Bogojevo,2013-10-08,O2-Dis,,9.799,mg/l,Fair,augmented_copy3_jitter-1d
SRB00040,Bogojevo,2013-10-09,O2-Dis,,9.8,mg/l,Fair,original
SRB00040,Bogojevo,2013-11-05,O2-Dis,,9.7862,mg/l,Fair,augmented_copy3_jitter-2d
SRB00040,Bogojevo,2013-11-06,O2-Dis,,9.88,mg/l,Fair,augmented_copy1_jitter-1d
SRB00040,Bogojevo,2013-11-06,O2-Dis,,9.6752,mg/l,Fair,augmented_copy2_jitter-1d
SRB00040,Bogojevo,2013-11-07,O2-Dis,,9.8,mg/l,Fair,original
SRB00040,Bogojevo,2013-12-01,O2-Dis,,12.0173,mg/l,Fair,augmented_copy2_jitter-3d
SRB00040,Bogojevo,2013-12-02,O2-Dis,,11.9867,mg/l,Fair,augmented_copy3_jitter-2d
SRB00040,Bogojevo,2013-12-04,O2-Dis,,12.0,mg/l,Fair,original
SRB00040,Bogojevo,2013-12-05,O2-Dis,,11.9353,mg/l,Fair,augmented_copy1_jitter+1d
SRB00040,Bogojevo,2014-02-09,O2-Dis,,12.9946,mg/l,Fair,augmented_copy2_jitter-1d
SRB00040,Bogojevo,2014-02-10,O2-Dis,,13.0,mg/l,Fair,original
SRB00040,Bogojevo,2014-02-12,O2-Dis,,12.84,mg/l,Fair,augmented_copy1_jitter+2d
SRB00040,Bogojevo,2014-02-12,O2-Dis,,12.9009,mg/l,Fair,augmented_copy3_jitter+2d
SRB00040,Bogojevo,2014-03-23,O2-Dis,,11.5837,mg/l,Fair,augmented_copy1_jitter-1d
SRB00040,Bogojevo,2014-03-24,O2-Dis,,11.7,mg/l,Fair,original
SRB00040,Bogojevo,2014-03-27,O2-Dis,,11.6243,mg/l,Fair,augmented_copy2_jitter+3d
SRB00040,Bogojevo,2014-03-27,O2-Dis,,11.5377,mg/l,Fair,augmented_copy3_jitter+3d
SRB00040,Bogojevo,2014-04-19,O2-Dis,,11.4333,mg/l,Fair,augmented_copy1_jitter-3d
SRB00040,Bogojevo,2014-04-21,O2-Dis,,11.4358,mg/l,Fair,augmented_copy3_jitter-1d
SRB00040,Bogojevo,2014-04-22,O2-Dis,,11.4,mg/l,Fair,original
SRB00040,Bogojevo,2014-04-23,O2-Dis,,11.3328,mg/l,Fair,augmented_copy2_jitter+1d
SRB00040,Bogojevo,2014-05-26,O2-Dis,,9.3316,mg/l,Fair,augmented_copy2_jitter-1d
SRB00040,Bogojevo,2014-05-26,O2-Dis,,9.1116,mg/l,Fair,augmented_copy3_jitter-1d
SRB00040,Bogojevo,2014-05-27,O2-Dis,,9.2,mg/l,Fair,original
SRB00040,Bogojevo,2014-05-29,O2-Dis,,9.1768,mg/l,Fair,augmented_copy1_jitter+2d
SRB00040,Bogojevo,2014-06-08,O2-Dis,,8.116,mg/l,Fair,augmented_copy1_jitter-2d
SRB00040,Bogojevo,2014-06-10,O2-Dis,,8.2,mg/l,Fair,original
SRB00040,Bogojevo,2014-06-12,O2-Dis,,8.2098,mg/l,Fair,augmented_copy3_jitter+2d
SRB00040,Bogojevo,2014-06-13,O2-Dis,,8.2963,mg/l,Fair,augmented_copy2_jitter+3d
SRB00040,Bogojevo,2014-07-18,O2-Dis,,8.7073,mg/l,Fair,augmented_copy1_jitter-3d
SRB00040,Bogojevo,2014-07-19,O2-Dis,,8.7225,mg/l,Fair,augmented_copy3_jitter-2d
SRB00040,Bogojevo,2014-07-21,O2-Dis,,8.6,mg/l,Fair,original
SRB00040,Bogojevo,2014-07-23,O2-Dis,,8.7483,mg/l,Fair,augmented_copy2_jitter+2d
SRB00040,Bogojevo,2014-07-28,O2-Dis,,7.9324,mg/l,Fair,augmented_copy2_jitter-1d
SRB00040,Bogojevo,2014-07-29,O2-Dis,,8.1,mg/l,Fair,original
SRB00040,Bogojevo,2014-08-01,O2-Dis,,7.9731,mg/l,Fair,augmented_copy1_jitter+3d
SRB00040,Bogojevo,2014-08-01,O2-Dis,,8.1203,mg/l,Fair,augmented_copy3_jitter+3d
SRB00040,Bogojevo,2014-09-13,O2-Dis,,8.319,mg/l,Fair,augmented_copy2_jitter-3d
SRB00040,Bogojevo,2014-09-14,O2-Dis,,8.314,mg/l,Fair,augmented_copy1_jitter-2d
SRB00040,Bogojevo,2014-09-16,O2-Dis,,8.3,mg/l,Fair,original
SRB00040,Bogojevo,2014-09-19,O2-Dis,,8.2055,mg/l,Fair,augmented_copy3_jitter+3d
SRB00040,Bogojevo,2014-10-12,O2-Dis,,9.1147,mg/l,Fair,augmented_copy3_jitter-1d
SRB00040,Bogojevo,2014-10-13,O2-Dis,,9.2,mg/l,Fair,original
SRB00040,Bogojevo,2014-10-15,O2-Dis,,9.1804,mg/l,Fair,augmented_copy1_jitter+2d
SRB00040,Bogojevo,2014-10-16,O2-Dis,,9.1993,mg/l,Fair,augmented_copy2_jitter+3d
SRB00040,Bogojevo,2014-11-11,O2-Dis,,10.3311,mg/l,Fair,augmented_copy1_jitter-2d
SRB00040,Bogojevo,2014-11-12,O2-Dis,,10.1499,mg/l,Fair,augmented_copy3_jitter-1d
SRB00040,Bogojevo,2014-11-13,O2-Dis,,10.2,mg/l,Fair,original
SRB00040,Bogojevo,2014-11-14,O2-Dis,,10.0397,mg/l,Fair,augmented_copy2_jitter+1d
SRB00040,Bogojevo,2014-12-22,O2-Dis,,11.6962,mg/l,Fair,augmented_copy1_jitter-1d
SRB00040,Bogojevo,2014-12-22,O2-Dis,,11.9523,mg/l,Fair,augmented_copy2_jitter-1d
SRB00040,Bogojevo,2014-12-22,O2-Dis,,11.8336,mg/l,Fair,augmented_copy3_jitter-1d
SRB00040,Bogojevo,2014-12-23,O2-Dis,,11.8,mg/l,Fair,original
SRB00040,Bogojevo,2015-01-16,O2-Dis,,11.8672,mg/l,Fair,augmented_copy2_jitter-3d
SRB00040,Bogojevo,2015-01-17,O2-Dis,,12.0524,mg/l,Fair,augmented_copy3_jitter-2d
SRB00040,Bogojevo,2015-01-19,O2-Dis,,12.0,mg/l,Fair,original
SRB00040,Bogojevo,2015-01-21,O2-Dis,,11.9615,mg/l,Fair,augmented_copy1_jitter+2d
SRB00040,Bogojevo,2015-02-23,O2-Dis,,12.8228,mg/l,Fair,augmented_copy2_jitter-1d
SRB00040,Bogojevo,2015-02-24,O2-Dis,,12.8,mg/l,Fair,original
SRB00040,Bogojevo,2015-02-26,O2-Dis,,12.7016,mg/l,Fair,augmented_copy3_jitter+2d
SRB00040,Bogojevo,2015-02-27,O2-Dis,,12.7898,mg/l,Fair,augmented_copy1_jitter+3d
SRB00040,Bogojevo,2015-03-07,O2-Dis,,12.5625,mg/l,Fair,augmented_copy1_jitter-2d
SRB00040,Bogojevo,2015-03-08,O2-Dis,,12.5035,mg/l,Fair,augmented_copy3_jitter-1d
SRB00040,Bogojevo,2015-03-09,O2-Dis,,12.5,mg/l,Fair,original
SRB00040,Bogojevo,2015-03-11,O2-Dis,,12.4525,mg/l,Fair,augmented_copy2_jitter+2d
SRB00040,Bogojevo,2015-04-05,O2-Dis,,11.0775,mg/l,Fair,augmented_copy2_jitter-2d
SRB00040,Bogojevo,2015-04-07,O2-Dis,,11.1,mg/l,Fair,original
SRB00040,Bogojevo,2015-04-10,O2-Dis,,11.2453,mg/l,Fair,augmented_copy1_jitter+3d
SRB00040,Bogojevo,2015-04-10,O2-Dis,,11.0784,mg/l,Fair,augmented_copy3_jitter+3d
SRB00040,Bogojevo,2015-05-16,O2-Dis,,9.3218,mg/l,Fair,augmented_copy2_jitter-2d
SRB00040,Bogojevo,2015-05-18,O2-Dis,,9.3,mg/l,Fair,original
SRB00040,Bogojevo,2015-05-21,O2-Dis,,9.4647,mg/l,Fair,augmented_copy1_jitter+3d
SRB00040,Bogojevo,2015-05-21,O2-Dis,,9.3627,mg/l,Fair,augmented_copy3_jitter+3d
SRB00040,Bogojevo,2015-06-06,O2-Dis,,9.012,mg/l,Fair,augmented_copy2_jitter-2d
SRB00040,Bogojevo,2015-06-08,O2-Dis,,9.0,mg/l,Fair,original
SRB00040,Bogojevo,2015-06-10,O2-Dis,,8.9905,mg/l,Fair,augmented_copy1_jitter+2d
SRB00040,Bogojevo,2015-06-10,O2-Dis,,8.872,mg/l,Fair,augmented_copy3_jitter+2d
SRB00040,Bogojevo,2015-07-06,O2-Dis,,10.1,mg/l,Fair,original
SRB00040,Bogojevo,2015-07-08,O2-Dis,,10.0572,mg/l,Fair,augmented_copy1_jitter+2d
SRB00040,Bogojevo,2015-07-08,O2-Dis,,9.9953,mg/l,Fair,augmented_copy3_jitter+2d
SRB00040,Bogojevo,2015-07-09,O2-Dis,,10.0956,mg/l,Fair,augmented_copy2_jitter+3d
SRB00040,Bogojevo,2015-07-31,O2-Dis,,9.7244,mg/l,Fair,augmented_copy1_jitter-3d
SRB00040,Bogojevo,2015-08-02,O2-Dis,,9.6078,mg/l,Fair,augmented_copy2_jitter-1d
SRB00040,Bogojevo,2015-08-03,O2-Dis,,9.7,mg/l,Fair,original
SRB00040,Bogojevo,2015-08-05,O2-Dis,,9.7818,mg/l,Fair,augmented_copy3_jitter+2d
SRB00040,Bogojevo,2015-09-11,O2-Dis,,9.153,mg/l,Fair,augmented_copy2_jitter-3d
SRB00040,Bogojevo,2015-09-12,O2-Dis,,9.255,mg/l,Fair,augmented_copy1_jitter-2d
SRB00040,Bogojevo,2015-09-14,O2-Dis,,9.2,mg/l,Fair,original
SRB00040,Bogojevo,2015-09-16,O2-Dis,,9.1613,mg/l,Fair,augmented_copy3_jitter+2d
SRB00040,Bogojevo,2015-10-09,O2-Dis,,9.319,mg/l,Fair,augmented_copy1_jitter-3d
SRB00040,Bogojevo,2015-10-11,O2-Dis,,9.3087,mg/l,Fair,augmented_copy2_jitter-1d
SRB00040,Bogojevo,2015-10-12,O2-Dis,,9.2,mg/l,Fair,original
SRB00040,Bogojevo,2015-10-15,O2-Dis,,9.2271,mg/l,Fair,augmented_copy3_jitter+3d
SRB00040,Bogojevo,2015-11-02,O2-Dis,,10.5266,mg/l,Fair,augmented_copy1_jitter-2d
SRB00040,Bogojevo,2015-11-03,O2-Dis,,10.2504,mg/l,Fair,augmented_copy3_jitter-1d
SRB00040,Bogojevo,2015-11-04,O2-Dis,,10.4,mg/l,Fair,original
SRB00040,Bogojevo,2015-11-05,O2-Dis,,10.3237,mg/l,Fair,augmented_copy2_jitter+1d
SRB00040,Bogojevo,2015-11-30,O2-Dis,,11.3,mg/l,Fair,original
SRB00040,Bogojevo,2015-12-01,O2-Dis,,11.501,mg/l,Fair,augmented_copy1_jitter+1d
SRB00040,Bogojevo,2015-12-02,O2-Dis,,11.0532,mg/l,Fair,augmented_copy2_jitter+2d
SRB00040,Bogojevo,2015-12-02,O2-Dis,,11.3288,mg/l,Fair,augmented_copy3_jitter+2d
SRB00040,Bogojevo,2016-01-16,O2-Dis,,12.214,mg/l,Fair,augmented_copy1_jitter-2d
SRB00040,Bogojevo,2016-01-16,O2-Dis,,12.1702,mg/l,Fair,augmented_copy2_jitter-2d
SRB00040,Bogojevo,2016-01-18,O2-Dis,,12.2,mg/l,Fair,original
SRB00040,Bogojevo,2016-01-19,O2-Dis,,12.2242,mg/l,Fair,augmented_copy3_jitter+1d
SRB00040,Bogojevo,2016-02-06,O2-Dis,,12.3994,mg/l,Fair,augmented_copy3_jitter-2d
SRB00040,Bogojevo,2016-02-08,O2-Dis,,12.5,mg/l,Fair,original
SRB00040,Bogojevo,2016-02-10,O2-Dis,,12.5136,mg/l,Fair,augmented_copy1_jitter+2d
SRB00040,Bogojevo,2016-02-11,O2-Dis,,12.601,mg/l,Fair,augmented_copy2_jitter+3d
SRB00040,Bogojevo,2016-03-23,O2-Dis,,11.3,mg/l,Fair,original
SRB00040,Bogojevo,2016-03-24,O2-Dis,,11.3257,mg/l,Fair,augmented_copy2_jitter+1d
SRB00040,Bogojevo,2016-03-26,O2-Dis,,11.2714,mg/l,Fair,augmented_copy1_jitter+3d
SRB00040,Bogojevo,2016-03-26,O2-Dis,,11.339,mg/l,Fair,augmented_copy3_jitter+3d
SRB00040,Bogojevo,2016-04-04,O2-Dis,,12.5756,mg/l,Fair,augmented_copy1_jitter-3d
SRB00040,Bogojevo,2016-04-07,O2-Dis,,12.5,mg/l,Fair,original
SRB00040,Bogojevo,2016-04-08,O2-Dis,,12.2908,mg/l,Fair,augmented_copy2_jitter+1d
SRB00040,Bogojevo,2016-04-10,O2-Dis,,12.3722,mg/l,Fair,augmented_copy3_jitter+3d
SRB00040,Bogojevo,2016-05-17,O2-Dis,,9.7,mg/l,Fair,original
SRB00040,Bogojevo,2016-05-19,O2-Dis,,9.8,mg/l,Fair,augmented_copy1_jitter+2d
SRB00040,Bogojevo,2016-05-19,O2-Dis,,9.6391,mg/l,Fair,augmented_copy2_jitter+2d
SRB00040,Bogojevo,2016-05-20,O2-Dis,,9.8114,mg/l,Fair,augmented_copy3_jitter+3d
SRB00040,Bogojevo,2016-06-17,O2-Dis,,8.2193,mg/l,Fair,augmented_copy1_jitter-3d
SRB00040,Bogojevo,2016-06-17,O2-Dis,,8.1132,mg/l,Fair,augmented_copy2_jitter-3d
SRB00040,Bogojevo,2016-06-20,O2-Dis,,8.1,mg/l,Fair,original
SRB00040,Bogojevo,2016-06-22,O2-Dis,,8.0822,mg/l,Fair,augmented_copy3_jitter+2d
SRB00040,Bogojevo,2016-07-12,O2-Dis,,8.3183,mg/l,Fair,augmented_copy3_jitter-2d
SRB00040,Bogojevo,2016-07-13,O2-Dis,,8.2672,mg/l,Fair,augmented_copy1_jitter-1d
SRB00040,Bogojevo,2016-07-14,O2-Dis,,8.2,mg/l,Fair,original
SRB00040,Bogojevo,2016-07-17,O2-Dis,,8.0356,mg/l,Fair,augmented_copy2_jitter+3d
SRB00040,Bogojevo,2016-08-01,O2-Dis,,7.7165,mg/l,Fair,augmented_copy3_jitter-3d
SRB00040,Bogojevo,2016-08-04,O2-Dis,,7.7,mg/l,Fair,original
SRB00040,Bogojevo,2016-08-05,O2-Dis,,7.6197,mg/l,Fair,augmented_copy2_jitter+1d
SRB00040,Bogojevo,2016-08-06,O2-Dis,,7.7151,mg/l,Fair,augmented_copy1_jitter+2d
SRB00040,Bogojevo,2016-09-06,O2-Dis,,8.122,mg/l,Fair,augmented_copy1_jitter-2d
SRB00040,Bogojevo,2016-09-07,O2-Dis,,8.1836,mg/l,Fair,augmented_copy2_jitter-1d
SRB00040,Bogojevo,2016-09-07,O2-Dis,,8.0767,mg/l,Fair,augmented_copy3_jitter-1d
SRB00040,Bogojevo,2016-09-08,O2-Dis,,8.1,mg/l,Fair,original
SRB00040,Bogojevo,2016-10-25,O2-Dis,,10.4327,mg/l,Fair,augmented_copy3_jitter-2d
SRB00040,Bogojevo,2016-10-27,O2-Dis,,10.6,mg/l,Fair,original
SRB00040,Bogojevo,2016-10-28,O2-Dis,,10.5951,mg/l,Fair,augmented_copy1_jitter+1d
SRB00040,Bogojevo,2016-10-29,O2-Dis,,10.5565,mg/l,Fair,augmented_copy2_jitter+2d
SRB00040,Bogojevo,2016-11-24,O2-Dis,,11.3,mg/l,Fair,original
SRB00040,Bogojevo,2016-11-25,O2-Dis,,11.245,mg/l,Fair,augmented_copy2_jitter+1d
SRB00040,Bogojevo,2016-11-26,O2-Dis,,11.2865,mg/l,Fair,augmented_copy1_jitter+2d
SRB00040,Bogojevo,2016-11-26,O2-Dis,,11.243,mg/l,Fair,augmented_copy3_jitter+2d
SRB00040,Bogojevo,2016-12-17,O2-Dis,,12.5439,mg/l,Fair,augmented_copy3_jitter-3d
SRB00040,Bogojevo,2016-12-19,O2-Dis,,12.6444,mg/l,Fair,augmented_copy2_jitter-1d
SRB00040,Bogojevo,2016-12-20,O2-Dis,,12.7,mg/l,Fair,original
SRB00040,Bogojevo,2016-12-22,O2-Dis,,12.8136,mg/l,Fair,augmented_copy1_jitter+2d
SRB00040,Bogojevo,2017-01-27,O2-Dis,,13.7707,mg/l,Fair,augmented_copy3_jitter-3d
SRB00040,Bogojevo,2017-01-28,O2-Dis,,13.8722,mg/l,Fair,augmented_copy1_jitter-2d
SRB00040,Bogojevo,2017-01-30,O2-Dis,,13.9,mg/l,Fair,original
SRB00040,Bogojevo,2017-01-31,O2-Dis,,14.0807,mg/l,Fair,augmented_copy2_jitter+1d
SRB00040,Bogojevo,2017-02-25,O2-Dis,,11.8161,mg/l,Fair,augmented_copy1_jitter-3d
SRB00040,Bogojevo,2017-02-25,O2-Dis,,11.6533,mg/l,Fair,augmented_copy2_jitter-3d
SRB00040,Bogojevo,2017-02-27,O2-Dis,,11.8109,mg/l,Fair,augmented_copy3_jitter-1d
SRB00040,Bogojevo,2017-02-28,O2-Dis,,11.8,mg/l,Fair,original
SRB00040,Bogojevo,2017-03-21,O2-Dis,,11.479,mg/l,Fair,augmented_copy1_jitter-2d
SRB00040,Bogojevo,2017-03-23,O2-Dis,,11.5,mg/l,Fair,original
SRB00040,Bogojevo,2017-03-25,O2-Dis,,11.4886,mg/l,Fair,augmented_copy2_jitter+2d
SRB00040,Bogojevo,2017-03-25,O2-Dis,,11.4738,mg/l,Fair,augmented_copy3_jitter+2d
SRB00040,Bogojevo,2017-04-19,O2-Dis,,12.1332,mg/l,Fair,augmented_copy1_jitter-1d
SRB00040,Bogojevo,2017-04-20,O2-Dis,,12.1,mg/l,Fair,original
SRB00040,Bogojevo,2017-04-22,O2-Dis,,12.1497,mg/l,Fair,augmented_copy3_jitter+2d
SRB00040,Bogojevo,2017-04-23,O2-Dis,,12.1389,mg/l,Fair,augmented_copy2_jitter+3d
SRB00040,Bogojevo,2017-05-13,O2-Dis,,10.1325,mg/l,Fair,augmented_copy2_jitter-2d
SRB00040,Bogojevo,2017-05-15,O2-Dis,,10.1,mg/l,Fair,original
SRB00040,Bogojevo,2017-05-17,O2-Dis,,9.9453,mg/l,Fair,augmented_copy3_jitter+2d
SRB00040,Bogojevo,2017-05-18,O2-Dis,,10.1571,mg/l,Fair,augmented_copy1_jitter+3d
SRB00040,Bogojevo,2017-06-19,O2-Dis,,10.8,mg/l,Fair,original
SRB00040,Bogojevo,2017-06-20,O2-Dis,,10.7791,mg/l,Fair,augmented_copy2_jitter+1d
SRB00040,Bogojevo,2017-06-20,O2-Dis,,10.5334,mg/l,Fair,augmented_copy3_jitter+1d
SRB00040,Bogojevo,2017-06-22,O2-Dis,,10.9486,mg/l,Fair,augmented_copy1_jitter+3d
SRB00040,Bogojevo,2017-07-28,O2-Dis,,8.6726,mg/l,Fair,augmented_copy1_jitter-3d
SRB00040,Bogojevo,2017-07-30,O2-Dis,,8.6603,mg/l,Fair,augmented_copy3_jitter-1d
SRB00040,Bogojevo,2017-07-31,O2-Dis,,8.6,mg/l,Fair,original
SRB00040,Bogojevo,2017-08-01,O2-Dis,,8.6784,mg/l,Fair,augmented_copy2_jitter+1d
SRB00040,Bogojevo,2017-08-13,O2-Dis,,7.9658,mg/l,Fair,augmented_copy2_jitter-2d
SRB00040,Bogojevo,2017-08-14,O2-Dis,,7.9735,mg/l,Fair,augmented_copy3_jitter-1d
SRB00040,Bogojevo,2017-08-15,O2-Dis,,8.0,mg/l,Fair,original
SRB00040,Bogojevo,2017-08-18,O2-Dis,,8.0676,mg/l,Fair,augmented_copy1_jitter+3d
SRB00040,Bogojevo,2017-09-09,O2-Dis,,8.0413,mg/l,Fair,augmented_copy2_jitter-2d
SRB00040,Bogojevo,2017-09-10,O2-Dis,,8.1203,mg/l,Fair,augmented_copy3_jitter-1d
SRB00040,Bogojevo,2017-09-11,O2-Dis,,8.0,mg/l,Fair,original
SRB00040,Bogojevo,2017-09-14,O2-Dis,,7.7842,mg/l,Fair,augmented_copy1_jitter+3d
SRB00040,Bogojevo,2017-10-09,O2-Dis,,9.5933,mg/l,Fair,augmented_copy1_jitter-1d
SRB00040,Bogojevo,2017-10-10,O2-Dis,,9.6,mg/l,Fair,original
SRB00040,Bogojevo,2017-10-13,O2-Dis,,9.8474,mg/l,Fair,augmented_copy2_jitter+3d
SRB00040,Bogojevo,2017-10-13,O2-Dis,,9.5988,mg/l,Fair,augmented_copy3_jitter+3d
SRB00040,Bogojevo,2017-11-19,O2-Dis,,11.2593,mg/l,Fair,augmented_copy1_jitter-3d
SRB00040,Bogojevo,2017-11-22,O2-Dis,,11.4,mg/l,Fair,original
SRB00040,Bogojevo,2017-11-23,O2-Dis,,11.3515,mg/l,Fair,augmented_copy3_jitter+1d
SRB00040,Bogojevo,2017-11-24,O2-Dis,,11.3312,mg/l,Fair,augmented_copy2_jitter+2d
SRB00040,Bogojevo,2017-12-10,O2-Dis,,11.8759,mg/l,Fair,augmented_copy1_jitter-2d
SRB00040,Bogojevo,2017-12-12,O2-Dis,,11.9,mg/l,Fair,original
SRB00040,Bogojevo,2017-12-14,O2-Dis,,11.8685,mg/l,Fair,augmented_copy3_jitter+2d
SRB00040,Bogojevo,2017-12-15,O2-Dis,,11.9803,mg/l,Fair,augmented_copy2_jitter+3d
SRB00040,Bogojevo,2018-01-27,O2-Dis,,12.6183,mg/l,Fair,augmented_copy2_jitter-2d
SRB00040,Bogojevo,2018-01-29,O2-Dis,,12.6,mg/l,Fair,original
SRB00040,Bogojevo,2018-01-30,O2-Dis,,12.7155,mg/l,Fair,augmented_copy1_jitter+1d
SRB00040,Bogojevo,2018-01-31,O2-Dis,,12.6787,mg/l,Fair,augmented_copy3_jitter+2d
SRB00040,Bogojevo,2018-02-11,O2-Dis,,12.0312,mg/l,Fair,augmented_copy2_jitter-2d
SRB00040,Bogojevo,2018-02-12,O2-Dis,,12.2875,mg/l,Fair,augmented_copy1_jitter-1d
SRB00040,Bogojevo,2018-02-13,O2-Dis,,12.2,mg/l,Fair,original
SRB00040,Bogojevo,2018-02-14,O2-Dis,,12.3368,mg/l,Fair,augmented_copy3_jitter+1d
SRB00040,Bogojevo,2018-04-01,O2-Dis,,12.2531,mg/l,Fair,augmented_copy1_jitter-2d
SRB00040,Bogojevo,2018-04-02,O2-Dis,,12.1963,mg/l,Fair,augmented_copy2_jitter-1d
SRB00040,Bogojevo,2018-04-03,O2-Dis,,12.3,mg/l,Fair,original
SRB00040,Bogojevo,2018-04-05,O2-Dis,,12.3202,mg/l,Fair,augmented_copy3_jitter+2d
SRB00040,Bogojevo,2018-04-09,O2-Dis,,12.2396,mg/l,Fair,augmented_copy1_jitter-3d
SRB00040,Bogojevo,2018-04-10,O2-Dis,,12.102,mg/l,Fair,augmented_copy3_jitter-2d
SRB00040,Bogojevo,2018-04-12,O2-Dis,,12.2,mg/l,Fair,original
SRB00040,Bogojevo,2018-04-14,O2-Dis,,12.3578,mg/l,Fair,augmented_copy2_jitter+2d
SRB00040,Bogojevo,2018-05-18,O2-Dis,,10.976,mg/l,Fair,augmented_copy1_jitter-3d
SRB00040,Bogojevo,2018-05-20,O2-Dis,,11.0246,mg/l,Fair,augmented_copy2_jitter-1d
SRB00040,Bogojevo,2018-05-21,O2-Dis,,10.9,mg/l,Fair,original
SRB00040,Bogojevo,2018-05-23,O2-Dis,,10.9379,mg/l,Fair,augmented_copy3_jitter+2d
SRB00040,Bogojevo,2018-06-30,O2-Dis,,9.3805,mg/l,Fair,augmented_copy1_jitter-3d
SRB00040,Bogojevo,2018-07-03,O2-Dis,,9.4,mg/l,Fair,original
SRB00040,Bogojevo,2018-07-04,O2-Dis,,9.6843,mg/l,Fair,augmented_copy2_jitter+1d
SRB00040,Bogojevo,2018-07-06,O2-Dis,,9.2069,mg/l,Fair,augmented_copy3_jitter+3d
SRB00040,Bogojevo,2018-07-24,O2-Dis,,9.0,mg/l,Fair,original
SRB00040,Bogojevo,2018-07-25,O2-Dis,,9.0216,mg/l,Fair,augmented_copy1_jitter+1d
SRB00040,Bogojevo,2018-07-26,O2-Dis,,9.0428,mg/l,Fair,augmented_copy2_jitter+2d
SRB00040,Bogojevo,2018-07-26,O2-Dis,,9.1956,mg/l,Fair,augmented_copy3_jitter+2d
SRB00040,Bogojevo,2018-08-18,O2-Dis,,8.3957,mg/l,Fair,augmented_copy2_jitter-2d
SRB00040,Bogojevo,2018-08-18,O2-Dis,,8.2552,mg/l,Fair,augmented_copy3_jitter-2d
SRB00040,Bogojevo,2018-08-20,O2-Dis,,8.3,mg/l,Fair,original
SRB00040,Bogojevo,2018-08-21,O2-Dis,,8.303,mg/l,Fair,augmented_copy1_jitter+1d
SRB00040,Bogojevo,2018-09-07,O2-Dis,,8.0151,mg/l,Fair,augmented_copy3_jitter-3d
SRB00040,Bogojevo,2018-09-09,O2-Dis,,7.9487,mg/l,Fair,augmented_copy2_jitter-1d
SRB00040,Bogojevo,2018-09-10,O2-Dis,,7.8,mg/l,Fair,original
SRB00040,Bogojevo,2018-09-11,O2-Dis,,7.8668,mg/l,Fair,augmented_copy1_jitter+1d
SRB00040,Bogojevo,2018-10-02,O2-Dis,,9.0,mg/l,Fair,original
SRB00040,Bogojevo,2018-10-04,O2-Dis,,8.8996,mg/l,Fair,augmented_copy2_jitter+2d
SRB00040,Bogojevo,2018-10-05,O2-Dis,,8.8564,mg/l,Fair,augmented_copy1_jitter+3d
SRB00040,Bogojevo,2018-10-05,O2-Dis,,9.0548,mg/l,Fair,augmented_copy3_jitter+3d
SRB00040,Bogojevo,2018-11-16,O2-Dis,,10.6358,mg/l,Fair,augmented_copy1_jitter-3d
SRB00040,Bogojevo,2018-11-19,O2-Dis,,10.7,mg/l,Fair,original
SRB00040,Bogojevo,2018-11-22,O2-Dis,,10.7401,mg/l,Fair,augmented_copy2_jitter+3d
SRB00040,Bogojevo,2018-11-22,O2-Dis,,10.941,mg/l,Fair,augmented_copy3_jitter+3d
SRB00040,Bogojevo,2018-12-08,O2-Dis,,12.4259,mg/l,Fair,augmented_copy2_jitter-3d
SRB00040,Bogojevo,2018-12-10,O2-Dis,,12.4908,mg/l,Fair,augmented_copy1_jitter-1d
SRB00040,Bogojevo,2018-12-11,O2-Dis,,12.4,mg/l,Fair,original
SRB00040,Bogojevo,2018-12-13,O2-Dis,,12.2814,mg/l,Fair,augmented_copy3_jitter+2d
SRB00040,Bogojevo,2019-01-31,O2-Dis,,12.8,mg/l,Fair,original
SRB00040,Bogojevo,2019-02-01,O2-Dis,,12.9849,mg/l,Fair,augmented_copy1_jitter+1d
SRB00040,Bogojevo,2019-02-01,O2-Dis,,12.6973,mg/l,Fair,augmented_copy3_jitter+1d
SRB00040,Bogojevo,2019-02-03,O2-Dis,,12.8853,mg/l,Fair,augmented_copy2_jitter+3d
SRB00040,Bogojevo,2019-02-25,O2-Dis,,13.2496,mg/l,Fair,augmented_copy1_jitter-1d
SRB00040,Bogojevo,2019-02-26,O2-Dis,,13.3,mg/l,Fair,original
SRB00040,Bogojevo,2019-02-27,O2-Dis,,13.3052,mg/l,Fair,augmented_copy2_jitter+1d
SRB00040,Bogojevo,2019-03-01,O2-Dis,,13.1688,mg/l,Fair,augmented_copy3_jitter+3d
SRB00040,Bogojevo,2019-03-20,O2-Dis,,11.0104,mg/l,Fair,augmented_copy1_jitter-1d
SRB00040,Bogojevo,2019-03-21,O2-Dis,,11.0,mg/l,Fair,original
SRB00040,Bogojevo,2019-03-23,O2-Dis,,10.8696,mg/l,Fair,augmented_copy2_jitter+2d
SRB00040,Bogojevo,2019-03-24,O2-Dis,,11.0462,mg/l,Fair,augmented_copy3_jitter+3d
SRB00040,Bogojevo,2019-05-13,O2-Dis,,10.616,mg/l,Fair,augmented_copy2_jitter-3d
SRB00040,Bogojevo,2019-05-13,O2-Dis,,10.7092,mg/l,Fair,augmented_copy3_jitter-3d
SRB00040,Bogojevo,2019-05-15,O2-Dis,,10.7197,mg/l,Fair,augmented_copy1_jitter-1d
SRB00040,Bogojevo,2019-05-16,O2-Dis,,10.7,mg/l,Fair,original
SRB00040,Bogojevo,2019-06-15,O2-Dis,,7.8302,mg/l,Fair,augmented_copy2_jitter-2d
SRB00040,Bogojevo,2019-06-17,O2-Dis,,7.8,mg/l,Fair,original
SRB00040,Bogojevo,2019-06-18,O2-Dis,,7.8483,mg/l,Fair,augmented_copy1_jitter+1d
SRB00040,Bogojevo,2019-06-20,O2-Dis,,7.7622,mg/l,Fair,augmented_copy3_jitter+3d
SRB00040,Bogojevo,2019-07-29,O2-Dis,,9.6,mg/l,Fair,original
SRB00040,Bogojevo,2019-07-30,O2-Dis,,9.5867,mg/l,Fair,augmented_copy1_jitter+1d
SRB00040,Bogojevo,2019-08-01,O2-Dis,,9.6188,mg/l,Fair,augmented_copy2_jitter+3d
SRB00040,Bogojevo,2019-08-01,O2-Dis,,9.6536,mg/l,Fair,augmented_copy3_jitter+3d
SRB00040,Bogojevo,2019-08-28,O2-Dis,,8.0,mg/l,Fair,original
SRB00040,Bogojevo,2019-08-29,O2-Dis,,8.2332,mg/l,Fair,augmented_copy1_jitter+1d
SRB00040,Bogojevo,2019-08-29,O2-Dis,,8.0413,mg/l,Fair,augmented_copy3_jitter+1d
SRB00040,Bogojevo,2019-08-30,O2-Dis,,7.9919,mg/l,Fair,augmented_copy2_jitter+2d
SRB00040,Bogojevo,2019-09-13,O2-Dis,,8.6922,mg/l,Fair,augmented_copy1_jitter-3d
SRB00040,Bogojevo,2019-09-13,O2-Dis,,8.557,mg/l,Fair,augmented_copy2_jitter-3d
SRB00040,Bogojevo,2019-09-13,O2-Dis,,8.3786,mg/l,Fair,augmented_copy3_jitter-3d
SRB00040,Bogojevo,2019-09-16,O2-Dis,,8.5,mg/l,Fair,original
SRB00040,Bogojevo,2019-10-11,O2-Dis,,9.607,mg/l,Fair,augmented_copy1_jitter-3d
SRB00040,Bogojevo,2019-10-14,O2-Dis,,9.6,mg/l,Fair,original
SRB00040,Bogojevo,2019-10-15,O2-Dis,,9.571,mg/l,Fair,augmented_copy2_jitter+1d
SRB00040,Bogojevo,2019-10-17,O2-Dis,,9.705,mg/l,Fair,augmented_copy3_jitter+3d
SRB00040,Bogojevo,2019-11-24,O2-Dis,,10.5987,mg/l,Fair,augmented_copy3_jitter-1d
SRB00040,Bogojevo,2019-11-25,O2-Dis,,10.6,mg/l,Fair,original
SRB00040,Bogojevo,2019-11-26,O2-Dis,,10.453,mg/l,Fair,augmented_copy1_jitter+1d
SRB00040,Bogojevo,2019-11-27,O2-Dis,,10.5596,mg/l,Fair,augmented_copy2_jitter+2d
SRB00040,Bogojevo,2019-12-15,O2-Dis,,11.7254,mg/l,Fair,augmented_copy3_jitter-2d
SRB00040,Bogojevo,2019-12-17,O2-Dis,,11.7,mg/l,Fair,original
SRB00040,Bogojevo,2019-12-18,O2-Dis,,11.7526,mg/l,Fair,augmented_copy2_jitter+1d
SRB00040,Bogojevo,2019-12-19,O2-Dis,,11.7381,mg/l,Fair,augmented_copy1_jitter+2d
SRB00040,Bogojevo,2020-01-27,O2-Dis,,12.877,mg/l,Fair,augmented_copy1_jitter-2d
SRB00040,Bogojevo,2020-01-28,O2-Dis,,12.9805,mg/l,Fair,augmented_copy2_jitter-1d
SRB00040,Bogojevo,2020-01-29,O2-Dis,,13.0,mg/l,Fair,original
SRB00040,Bogojevo,2020-02-01,O2-Dis,,13.0215,mg/l,Fair,augmented_copy3_jitter+3d
SRB00040,Bogojevo,2020-02-15,O2-Dis,,11.7722,mg/l,Fair,augmented_copy2_jitter-3d
SRB00040,Bogojevo,2020-02-16,O2-Dis,,11.8206,mg/l,Fair,augmented_copy3_jitter-2d
SRB00040,Bogojevo,2020-02-17,O2-Dis,,11.7154,mg/l,Fair,augmented_copy1_jitter-1d
SRB00040,Bogojevo,2020-02-18,O2-Dis,,11.8,mg/l,Fair,original
SRB00040,Bogojevo,2020-05-19,O2-Dis,,11.8656,mg/l,Fair,augmented_copy2_jitter-2d
SRB00040,Bogojevo,2020-05-20,O2-Dis,,11.5346,mg/l,Fair,augmented_copy3_jitter-1d
SRB00040,Bogojevo,2020-05-21,O2-Dis,,11.7,mg/l,Fair,original
SRB00040,Bogojevo,2020-05-23,O2-Dis,,11.7564,mg/l,Fair,augmented_copy1_jitter+2d
SRB00040,Bogojevo,2020-06-06,O2-Dis,,11.2263,mg/l,Fair,augmented_copy2_jitter-2d
SRB00040,Bogojevo,2020-06-08,O2-Dis,,11.3,mg/l,Fair,original
SRB00040,Bogojevo,2020-06-10,O2-Dis,,11.2018,mg/l,Fair,augmented_copy3_jitter+2d
SRB00040,Bogojevo,2020-06-11,O2-Dis,,11.2909,mg/l,Fair,augmented_copy1_jitter+3d
SRB00040,Bogojevo,2020-06-20,O2-Dis,,7.5604,mg/l,Fair,augmented_copy1_jitter-2d
SRB00040,Bogojevo,2020-06-22,O2-Dis,,7.7,mg/l,Fair,original
SRB00040,Bogojevo,2020-06-24,O2-Dis,,7.7004,mg/l,Fair,augmented_copy2_jitter+2d
SRB00040,Bogojevo,2020-06-24,O2-Dis,,7.774,mg/l,Fair,augmented_copy3_jitter+2d
SRB00040,Bogojevo,2020-07-10,O2-Dis,,7.6497,mg/l,Fair,augmented_copy2_jitter-3d
SRB00040,Bogojevo,2020-07-11,O2-Dis,,7.6571,mg/l,Fair,augmented_copy1_jitter-2d
SRB00040,Bogojevo,2020-07-13,O2-Dis,,7.6,mg/l,Fair,original
SRB00040,Bogojevo,2020-07-15,O2-Dis,,7.602,mg/l,Fair,augmented_copy3_jitter+2d
SRB00040,Bogojevo,2020-08-19,O2-Dis,,7.6,mg/l,Fair,original
SRB00040,Bogojevo,2020-08-21,O2-Dis,,7.6235,mg/l,Fair,augmented_copy2_jitter+2d
SRB00040,Bogojevo,2020-08-21,O2-Dis,,7.7737,mg/l,Fair,augmented_copy3_jitter+2d
SRB00040,Bogojevo,2020-08-22,O2-Dis,,7.7128,mg/l,Fair,augmented_copy1_jitter+3d
SRB00040,Bogojevo,2020-09-05,O2-Dis,,8.2106,mg/l,Fair,augmented_copy1_jitter-2d
SRB00040,Bogojevo,2020-09-06,O2-Dis,,8.3188,mg/l,Fair,augmented_copy2_jitter-1d
SRB00040,Bogojevo,2020-09-07,O2-Dis,,8.3,mg/l,Fair,original
SRB00040,Bogojevo,2020-09-08,O2-Dis,,8.1059,mg/l,Fair,augmented_copy3_jitter+1d
SRB00040,Bogojevo,2020-10-12,O2-Dis,,9.6074,mg/l,Fair,augmented_copy1_jitter-2d
SRB00040,Bogojevo,2020-10-13,O2-Dis,,9.631,mg/l,Fair,augmented_copy2_jitter-1d
SRB00040,Bogojevo,2020-10-14,O2-Dis,,9.5,mg/l,Fair,original
SRB00040,Bogojevo,2020-10-15,O2-Dis,,9.4956,mg/l,Fair,augmented_copy3_jitter+1d
SRB00040,Bogojevo,2020-11-24,O2-Dis,,11.527,mg/l,Fair,augmented_copy1_jitter-1d
SRB00040,Bogojevo,2020-11-25,O2-Dis,,11.5,mg/l,Fair,original
SRB00040,Bogojevo,2020-11-27,O2-Dis,,11.5834,mg/l,Fair,augmented_copy2_jitter+2d
SRB00040,Bogojevo,2020-11-27,O2-Dis,,11.3371,mg/l,Fair,augmented_copy3_jitter+2d
SRB00040,Bogojevo,2021-01-27,O2-Dis,,12.4,mg/l,Fair,original
SRB00040,Bogojevo,2021-01-28,O2-Dis,,12.2861,mg/l,Fair,augmented_copy1_jitter+1d
SRB00040,Bogojevo,2021-01-29,O2-Dis,,12.4158,mg/l,Fair,augmented_copy2_jitter+2d
SRB00040,Bogojevo,2021-01-29,O2-Dis,,12.3964,mg/l,Fair,augmented_copy3_jitter+2d
SRB00040,Bogojevo,2021-02-21,O2-Dis,,12.4705,mg/l,Fair,augmented_copy1_jitter-3d
SRB00040,Bogojevo,2021-02-24,O2-Dis,,12.4,mg/l,Fair,original
SRB00040,Bogojevo,2021-02-25,O2-Dis,,12.5454,mg/l,Fair,augmented_copy3_jitter+1d
SRB00040,Bogojevo,2021-02-26,O2-Dis,,12.2245,mg/l,Fair,augmented_copy2_jitter+2d
SRB00040,Bogojevo,2021-03-25,O2-Dis,,13.2,mg/l,Fair,original
SRB00040,Bogojevo,2021-03-26,O2-Dis,,13.2491,mg/l,Fair,augmented_copy2_jitter+1d
SRB00040,Bogojevo,2021-03-26,O2-Dis,,13.1406,mg/l,Fair,augmented_copy3_jitter+1d
SRB00040,Bogojevo,2021-03-27,O2-Dis,,13.118,mg/l,Fair,augmented_copy1_jitter+2d
SRB00040,Bogojevo,2021-04-24,O2-Dis,,13.1582,mg/l,Fair,augmented_copy3_jitter-2d
SRB00040,Bogojevo,2021-04-26,O2-Dis,,13.1,mg/l,Fair,original
SRB00040,Bogojevo,2021-04-27,O2-Dis,,13.0697,mg/l,Fair,augmented_copy2_jitter+1d
SRB00040,Bogojevo,2021-04-28,O2-Dis,,13.1558,mg/l,Fair,augmented_copy1_jitter+2d
SRB00040,Bogojevo,2021-05-15,O2-Dis,,9.8012,mg/l,Fair,augmented_copy3_jitter-3d
SRB00040,Bogojevo,2021-05-18,O2-Dis,,9.7,mg/l,Fair,original
SRB00040,Bogojevo,2021-05-21,O2-Dis,,9.5709,mg/l,Fair,augmented_copy1_jitter+3d
SRB00040,Bogojevo,2021-05-21,O2-Dis,,9.7085,mg/l,Fair,augmented_copy2_jitter+3d
SRB00040,Bogojevo,2021-06-18,O2-Dis,,9.3056,mg/l,Fair,augmented_copy2_jitter-3d
SRB00040,Bogojevo,2021-06-21,O2-Dis,,9.3,mg/l,Fair,original
SRB00040,Bogojevo,2021-06-23,O2-Dis,,9.4646,mg/l,Fair,augmented_copy3_jitter+2d
SRB00040,Bogojevo,2021-06-24,O2-Dis,,9.2599,mg/l,Fair,augmented_copy1_jitter+3d
SRB00040,Bogojevo,2021-07-24,O2-Dis,,7.055,mg/l,Fair,augmented_copy2_jitter-2d
SRB00040,Bogojevo,2021-07-26,O2-Dis,,7.1,mg/l,Fair,original
SRB00040,Bogojevo,2021-07-29,O2-Dis,,7.1885,mg/l,Fair,augmented_copy1_jitter+3d
SRB00040,Bogojevo,2021-07-29,O2-Dis,,7.1104,mg/l,Fair,augmented_copy3_jitter+3d
SRB00040,Bogojevo,2021-08-04,O2-Dis,,8.0207,mg/l,Fair,augmented_copy3_jitter-1d
SRB00040,Bogojevo,2021-08-05,O2-Dis,,8.0,mg/l,Fair,original
SRB00040,Bogojevo,2021-08-06,O2-Dis,,8.0104,mg/l,Fair,augmented_copy2_jitter+1d
SRB00040,Bogojevo,2021-08-07,O2-Dis,,7.9186,mg/l,Fair,augmented_copy1_jitter+2d
SRB00040,Bogojevo,2021-09-13,O2-Dis,,8.3872,mg/l,Fair,augmented_copy2_jitter-3d
SRB00040,Bogojevo,2021-09-15,O2-Dis,,8.424,mg/l,Fair,augmented_copy3_jitter-1d
SRB00040,Bogojevo,2021-09-16,O2-Dis,,8.4,mg/l,Fair,original
SRB00040,Bogojevo,2021-09-17,O2-Dis,,8.3578,mg/l,Fair,augmented_copy1_jitter+1d
SRB00040,Bogojevo,2021-10-12,O2-Dis,,9.8615,mg/l,Fair,augmented_copy2_jitter-1d
SRB00040,Bogojevo,2021-10-13,O2-Dis,,9.8,mg/l,Fair,original
SRB00040,Bogojevo,2021-10-16,O2-Dis,,9.7282,mg/l,Fair,augmented_copy1_jitter+3d
SRB00040,Bogojevo,2021-10-16,O2-Dis,,9.7512,mg/l,Fair,augmented_copy3_jitter+3d
SRB00040,Bogojevo,2021-11-22,O2-Dis,,11.4,mg/l,Fair,original
SRB00040,Bogojevo,2021-11-23,O2-Dis,,11.3699,mg/l,Fair,augmented_copy2_jitter+1d
SRB00040,Bogojevo,2021-11-24,O2-Dis,,11.4124,mg/l,Fair,augmented_copy1_jitter+2d
SRB00040,Bogojevo,2021-11-25,O2-Dis,,11.2815,mg/l,Fair,augmented_copy3_jitter+3d
SRB00040,Bogojevo,2021-12-18,O2-Dis,,11.8044,mg/l,Fair,augmented_copy2_jitter-3d
SRB00040,Bogojevo,2021-12-19,O2-Dis,,11.9852,mg/l,Fair,augmented_copy3_jitter-2d
SRB00040,Bogojevo,2021-12-20,O2-Dis,,11.9777,mg/l,Fair,augmented_copy1_jitter-1d
SRB00040,Bogojevo,2021-12-21,O2-Dis,,11.9,mg/l,Fair,original
SRB00040,Bogojevo,2022-01-17,O2-Dis,,12.8,mg/l,Fair,original
SRB00040,Bogojevo,2022-01-18,O2-Dis,,12.7947,mg/l,Fair,augmented_copy1_jitter+1d
SRB00040,Bogojevo,2022-01-18,O2-Dis,,12.6098,mg/l,Fair,augmented_copy2_jitter+1d
SRB00040,Bogojevo,2022-01-20,O2-Dis,,12.7318,mg/l,Fair,augmented_copy3_jitter+3d
SRB00040,Bogojevo,2022-02-08,O2-Dis,,12.6423,mg/l,Fair,augmented_copy1_jitter-2d
SRB00040,Bogojevo,2022-02-08,O2-Dis,,12.6856,mg/l,Fair,augmented_copy2_jitter-2d
SRB00040,Bogojevo,2022-02-10,O2-Dis,,12.6,mg/l,Fair,original
SRB00040,Bogojevo,2022-02-11,O2-Dis,,12.6353,mg/l,Fair,augmented_copy3_jitter+1d
SRB00040,Bogojevo,2022-03-26,O2-Dis,,13.7044,mg/l,Fair,augmented_copy2_jitter-2d
SRB00040,Bogojevo,2022-03-28,O2-Dis,,13.7,mg/l,Fair,original
SRB00040,Bogojevo,2022-03-29,O2-Dis,,13.7743,mg/l,Fair,augmented_copy1_jitter+1d
SRB00040,Bogojevo,2022-03-30,O2-Dis,,13.7125,mg/l,Fair,augmented_copy3_jitter+2d
SRB00040,Bogojevo,2022-04-11,O2-Dis,,11.6934,mg/l,Fair,augmented_copy3_jitter-3d
SRB00040,Bogojevo,2022-04-14,O2-Dis,,11.7,mg/l,Fair,original
SRB00040,Bogojevo,2022-04-15,O2-Dis,,11.7327,mg/l,Fair,augmented_copy1_jitter+1d
SRB00040,Bogojevo,2022-04-15,O2-Dis,,11.7476,mg/l,Fair,augmented_copy2_jitter+1d
SRB00040,Bogojevo,2022-05-28,O2-Dis,,9.1852,mg/l,Fair,augmented_copy1_jitter-2d
SRB00040,Bogojevo,2022-05-29,O2-Dis,,8.9807,mg/l,Fair,augmented_copy2_jitter-1d
SRB00040,Bogojevo,2022-05-29,O2-Dis,,9.0492,mg/l,Fair,augmented_copy3_jitter-1d
SRB00040,Bogojevo,2022-05-30,O2-Dis,,9.1,mg/l,Fair,original
SRB00040,Bogojevo,2022-06-25,O2-Dis,,11.421,mg/l,Fair,augmented_copy3_jitter-2d
SRB00040,Bogojevo,2022-06-27,O2-Dis,,11.4,mg/l,Fair,original
SRB00040,Bogojevo,2022-06-29,O2-Dis,,11.5253,mg/l,Fair,augmented_copy1_jitter+2d
SRB00040,Bogojevo,2022-06-29,O2-Dis,,11.3779,mg/l,Fair,augmented_copy2_jitter+2d
SRB00040,Bogojevo,2022-07-12,O2-Dis,,9.9508,mg/l,Fair,augmented_copy2_jitter-2d
SRB00040,Bogojevo,2022-07-14,O2-Dis,,10.0,mg/l,Fair,original
SRB00040,Bogojevo,2022-07-16,O2-Dis,,10.0356,mg/l,Fair,augmented_copy1_jitter+2d
SRB00040,Bogojevo,2022-07-16,O2-Dis,,9.959,mg/l,Fair,augmented_copy3_jitter+2d
SRB00040,Bogojevo,2022-08-10,O2-Dis,,10.3332,mg/l,Fair,augmented_copy2_jitter-1d
SRB00040,Bogojevo,2022-08-11,O2-Dis,,10.2,mg/l,Fair,original
SRB00040,Bogojevo,2022-08-13,O2-Dis,,10.2665,mg/l,Fair,augmented_copy1_jitter+2d
SRB00040,Bogojevo,2022-08-14,O2-Dis,,10.2196,mg/l,Fair,augmented_copy3_jitter+3d
SRB00040,Bogojevo,2022-09-04,O2-Dis,,7.9257,mg/l,Fair,augmented_copy2_jitter-3d
SRB00040,Bogojevo,2022-09-07,O2-Dis,,7.7,mg/l,Fair,original
SRB00040,Bogojevo,2022-09-08,O2-Dis,,7.7728,mg/l,Fair,augmented_copy1_jitter+1d
SRB00040,Bogojevo,2022-09-08,O2-Dis,,7.6366,mg/l,Fair,augmented_copy3_jitter+1d
SRB00040,Bogojevo,2022-10-21,O2-Dis,,8.8885,mg/l,Fair,augmented_copy2_jitter-3d
SRB00040,Bogojevo,2022-10-23,O2-Dis,,8.922,mg/l,Fair,augmented_copy1_jitter-1d
SRB00040,Bogojevo,2022-10-24,O2-Dis,,9.0,mg/l,Fair,original
SRB00040,Bogojevo,2022-10-27,O2-Dis,,9.0409,mg/l,Fair,augmented_copy3_jitter+3d
SRB00040,Bogojevo,2022-11-20,O2-Dis,,10.414,mg/l,Fair,augmented_copy1_jitter-3d
SRB00040,Bogojevo,2022-11-21,O2-Dis,,10.2862,mg/l,Fair,augmented_copy3_jitter-2d
SRB00040,Bogojevo,2022-11-23,O2-Dis,,10.3,mg/l,Fair,original
SRB00040,Bogojevo,2022-11-24,O2-Dis,,10.3224,mg/l,Fair,augmented_copy2_jitter+1d
SRB00040,Bogojevo,2022-12-23,O2-Dis,,12.1795,mg/l,Fair,augmented_copy1_jitter-3d
SRB00040,Bogojevo,2022-12-26,O2-Dis,,12.3,mg/l,Fair,original
SRB00040,Bogojevo,2022-12-29,O2-Dis,,12.3545,mg/l,Fair,augmented_copy2_jitter+3d
SRB00040,Bogojevo,2022-12-29,O2-Dis,,12.4056,mg/l,Fair,augmented_copy3_jitter+3d
SRB00040,Bogojevo,2023-01-24,O2-Dis,,11.4094,mg/l,Fair,augmented_copy1_jitter-2d
SRB00040,Bogojevo,2023-01-25,O2-Dis,,11.4325,mg/l,Fair,augmented_copy2_jitter-1d
SRB00040,Bogojevo,2023-01-26,O2-Dis,,11.4,mg/l,Fair,original
SRB00040,Bogojevo,2023-01-27,O2-Dis,,11.4964,mg/l,Fair,augmented_copy3_jitter+1d
SRB00040,Bogojevo,2023-02-24,O2-Dis,,11.773,mg/l,Fair,augmented_copy1_jitter-3d
SRB00040,Bogojevo,2023-02-27,O2-Dis,,11.8,mg/l,Fair,original
SRB00040,Bogojevo,2023-03-01,O2-Dis,,11.7349,mg/l,Fair,augmented_copy3_jitter+2d
SRB00040,Bogojevo,2023-03-02,O2-Dis,,11.6976,mg/l,Fair,augmented_copy2_jitter+3d
SRB00040,Bogojevo,2023-03-20,O2-Dis,,13.7803,mg/l,Fair,augmented_copy3_jitter-3d
SRB00040,Bogojevo,2023-03-21,O2-Dis,,13.6703,mg/l,Fair,augmented_copy2_jitter-2d
SRB00040,Bogojevo,2023-03-22,O2-Dis,,13.8514,mg/l,Fair,augmented_copy1_jitter-1d
SRB00040,Bogojevo,2023-03-23,O2-Dis,,13.8,mg/l,Fair,original
SRB00040,Bogojevo,2023-04-23,O2-Dis,,9.9252,mg/l,Fair,augmented_copy3_jitter-3d
SRB00040,Bogojevo,2023-04-26,O2-Dis,,10.0,mg/l,Fair,original
SRB00040,Bogojevo,2023-04-28,O2-Dis,,9.9239,mg/l,Fair,augmented_copy1_jitter+2d
SRB00040,Bogojevo,2023-04-29,O2-Dis,,9.9444,mg/l,Fair,augmented_copy2_jitter+3d
SRB00040,Bogojevo,2023-05-24,O2-Dis,,8.5,mg/l,Fair,original
SRB00040,Bogojevo,2023-05-25,O2-Dis,,8.54,mg/l,Fair,augmented_copy1_jitter+1d
SRB00040,Bogojevo,2023-05-25,O2-Dis,,8.5214,mg/l,Fair,augmented_copy2_jitter+1d
SRB00040,Bogojevo,2023-05-26,O2-Dis,,8.3631,mg/l,Fair,augmented_copy3_jitter+2d
SRB00040,Bogojevo,2023-06-24,O2-Dis,,7.7068,mg/l,Fair,augmented_copy2_jitter-2d
SRB00040,Bogojevo,2023-06-25,O2-Dis,,7.5479,mg/l,Fair,augmented_copy1_jitter-1d
SRB00040,Bogojevo,2023-06-26,O2-Dis,,7.5,mg/l,Fair,original
SRB00040,Bogojevo,2023-06-28,O2-Dis,,7.4497,mg/l,Fair,augmented_copy3_jitter+2d
SRB00040,Bogojevo,2023-07-30,O2-Dis,,8.3735,mg/l,Fair,augmented_copy1_jitter-1d
SRB00040,Bogojevo,2023-07-30,O2-Dis,,8.4024,mg/l,Fair,augmented_copy3_jitter-1d
SRB00040,Bogojevo,2023-07-31,O2-Dis,,8.4,mg/l,Fair,original
SRB00040,Bogojevo,2023-08-03,O2-Dis,,8.3025,mg/l,Fair,augmented_copy2_jitter+3d
SRB00040,Bogojevo,2023-08-20,O2-Dis,,7.2041,mg/l,Fair,augmented_copy2_jitter-2d
SRB00040,Bogojevo,2023-08-22,O2-Dis,,7.4,mg/l,Fair,original
SRB00040,Bogojevo,2023-08-25,O2-Dis,,7.2038,mg/l,Fair,augmented_copy1_jitter+3d
SRB00040,Bogojevo,2023-08-25,O2-Dis,,7.3812,mg/l,Fair,augmented_copy3_jitter+3d
SRB00040,Bogojevo,2023-09-16,O2-Dis,,7.7902,mg/l,Fair,augmented_copy2_jitter-3d
SRB00040,Bogojevo,2023-09-17,O2-Dis,,8.0759,mg/l,Fair,augmented_copy1_jitter-2d
SRB00040,Bogojevo,2023-09-19,O2-Dis,,8.0,mg/l,Fair,original
SRB00040,Bogojevo,2023-09-21,O2-Dis,,8.0884,mg/l,Fair,augmented_copy3_jitter+2d
SRB00040,Bogojevo,2023-10-28,O2-Dis,,9.8632,mg/l,Fair,augmented_copy1_jitter-3d
SRB00040,Bogojevo,2023-10-28,O2-Dis,,9.8471,mg/l,Fair,augmented_copy3_jitter-3d
SRB00040,Bogojevo,2023-10-31,O2-Dis,,9.9,mg/l,Fair,original
SRB00040,Bogojevo,2023-11-03,O2-Dis,,9.6862,mg/l,Fair,augmented_copy2_jitter+3d
SRB00040,Bogojevo,2023-11-27,O2-Dis,,10.9792,mg/l,Fair,augmented_copy2_jitter-3d
SRB00040,Bogojevo,2023-11-29,O2-Dis,,10.9944,mg/l,Fair,augmented_copy3_jitter-1d
SRB00040,Bogojevo,2023-11-30,O2-Dis,,11.0,mg/l,Fair,original
SRB00040,Bogojevo,2023-12-02,O2-Dis,,11.043,mg/l,Fair,augmented_copy1_jitter+2d
SRB00040,Bogojevo,2023-12-22,O2-Dis,,11.7672,mg/l,Fair,augmented_copy2_jitter-3d
SRB00040,Bogojevo,2023-12-22,O2-Dis,,11.9327,mg/l,Fair,augmented_copy3_jitter-3d
SRB00040,Bogojevo,2023-12-25,O2-Dis,,11.8,mg/l,Fair,original
SRB00040,Bogojevo,2023-12-27,O2-Dis,,11.8399,mg/l,Fair,augmented_copy1_jitter+2d
SRB00041,Smederevo,2013-01-13,O2-Dis,,10.6559,mg/l,Fair,augmented_copy2_jitter-3d
SRB00041,Smederevo,2013-01-14,O2-Dis,,10.4893,mg/l,Fair,augmented_copy3_jitter-2d
SRB00041,Smederevo,2013-01-16,O2-Dis,,10.5,mg/l,Fair,original
SRB00041,Smederevo,2013-01-18,O2-Dis,,10.5211,mg/l,Fair,augmented_copy1_jitter+2d
SRB00041,Smederevo,2013-02-19,O2-Dis,,12.17,mg/l,Fair,augmented_copy2_jitter-1d
SRB00041,Smederevo,2013-02-20,O2-Dis,,12.2,mg/l,Fair,original
SRB00041,Smederevo,2013-02-21,O2-Dis,,12.2191,mg/l,Fair,augmented_copy1_jitter+1d
SRB00041,Smederevo,2013-02-21,O2-Dis,,12.1662,mg/l,Fair,augmented_copy3_jitter+1d
SRB00041,Smederevo,2013-03-17,O2-Dis,,9.5002,mg/l,Fair,augmented_copy1_jitter-3d
SRB00041,Smederevo,2013-03-18,O2-Dis,,9.6393,mg/l,Fair,augmented_copy3_jitter-2d
SRB00041,Smederevo,2013-03-19,O2-Dis,,9.5678,mg/l,Fair,augmented_copy2_jitter-1d
SRB00041,Smederevo,2013-03-20,O2-Dis,,9.6,mg/l,Fair,original
SRB00041,Smederevo,2013-04-15,O2-Dis,,10.3306,mg/l,Fair,augmented_copy1_jitter-2d
SRB00041,Smederevo,2013-04-16,O2-Dis,,10.5495,mg/l,Fair,augmented_copy2_jitter-1d
SRB00041,Smederevo,2013-04-17,O2-Dis,,10.5,mg/l,Fair,original
SRB00041,Smederevo,2013-04-18,O2-Dis,,10.4983,mg/l,Fair,augmented_copy3_jitter+1d
SRB00041,Smederevo,2013-05-12,O2-Dis,,7.9527,mg/l,Fair,augmented_copy1_jitter-3d
SRB00041,Smederevo,2013-05-14,O2-Dis,,8.1988,mg/l,Fair,augmented_copy2_jitter-1d
SRB00041,Smederevo,2013-05-15,O2-Dis,,8.1,mg/l,Fair,original
SRB00041,Smederevo,2013-05-17,O2-Dis,,7.9116,mg/l,Fair,augmented_copy3_jitter+2d
SRB00041,Smederevo,2013-06-16,O2-Dis,,6.5548,mg/l,Fair,augmented_copy2_jitter-3d
SRB00041,Smederevo,2013-06-17,O2-Dis,,6.5819,mg/l,Fair,augmented_copy3_jitter-2d
SRB00041,Smederevo,2013-06-19,O2-Dis,,6.6,mg/l,Fair,original
SRB00041,Smederevo,2013-06-20,O2-Dis,,6.5705,mg/l,Fair,augmented_copy1_jitter+1d
SRB00041,Smederevo,2013-07-16,O2-Dis,,7.9125,mg/l,Fair,augmented_copy2_jitter-1d
SRB00041,Smederevo,2013-07-17,O2-Dis,,7.8,mg/l,Fair,original
SRB00041,Smederevo,2013-07-19,O2-Dis,,7.9228,mg/l,Fair,augmented_copy1_jitter+2d
SRB00041,Smederevo,2013-07-20,O2-Dis,,7.7337,mg/l,Fair,augmented_copy3_jitter+3d
SRB00041,Smederevo,2013-08-19,O2-Dis,,6.3966,mg/l,Fair,augmented_copy1_jitter-2d
SRB00041,Smederevo,2013-08-21,O2-Dis,,6.5,mg/l,Fair,original
SRB00041,Smederevo,2013-08-22,O2-Dis,,6.4535,mg/l,Fair,augmented_copy2_jitter+1d
SRB00041,Smederevo,2013-08-23,O2-Dis,,6.4492,mg/l,Fair,augmented_copy3_jitter+2d
SRB00041,Smederevo,2013-09-15,O2-Dis,,7.2542,mg/l,Fair,augmented_copy1_jitter-3d
SRB00041,Smederevo,2013-09-16,O2-Dis,,7.238,mg/l,Fair,augmented_copy3_jitter-2d
SRB00041,Smederevo,2013-09-18,O2-Dis,,7.3,mg/l,Fair,original
SRB00041,Smederevo,2013-09-21,O2-Dis,,7.094,mg/l,Fair,augmented_copy2_jitter+3d
SRB00041,Smederevo,2013-10-14,O2-Dis,,7.8597,mg/l,Fair,augmented_copy2_jitter-2d
SRB00041,Smederevo,2013-10-15,O2-Dis,,7.954,mg/l,Fair,augmented_copy3_jitter-1d
SRB00041,Smederevo,2013-10-16,O2-Dis,,8.0,mg/l,Fair,original
SRB00041,Smederevo,2013-10-18,O2-Dis,,8.0795,mg/l,Fair,augmented_copy1_jitter+2d
SRB00041,Smederevo,2013-11-20,O2-Dis,,9.5,mg/l,Fair,original
SRB00041,Smederevo,2013-11-23,O2-Dis,,9.4204,mg/l,Fair,augmented_copy1_jitter+3d
SRB00041,Smederevo,2013-11-23,O2-Dis,,9.6439,mg/l,Fair,augmented_copy2_jitter+3d
SRB00041,Smederevo,2013-11-23,O2-Dis,,9.4349,mg/l,Fair,augmented_copy3_jitter+3d
SRB00041,Smederevo,2013-12-16,O2-Dis,,11.0691,mg/l,Fair,augmented_copy2_jitter-2d
SRB00041,Smederevo,2013-12-17,O2-Dis,,11.0963,mg/l,Fair,augmented_copy1_jitter-1d
SRB00041,Smederevo,2013-12-17,O2-Dis,,10.8868,mg/l,Fair,augmented_copy3_jitter-1d
SRB00041,Smederevo,2013-12-18,O2-Dis,,11.0,mg/l,Fair,original
SRB00041,Smederevo,2014-01-29,O2-Dis,,11.7609,mg/l,Fair,augmented_copy1_jitter-2d
SRB00041,Smederevo,2014-01-29,O2-Dis,,11.67,mg/l,Fair,augmented_copy2_jitter-2d
SRB00041,Smederevo,2014-01-31,O2-Dis,,11.7,mg/l,Fair,original
SRB00041,Smederevo,2014-02-03,O2-Dis,,11.6559,mg/l,Fair,augmented_copy3_jitter+3d
SRB00041,Smederevo,2014-02-16,O2-Dis,,9.1421,mg/l,Fair,augmented_copy3_jitter-3d
SRB00041,Smederevo,2014-02-17,O2-Dis,,9.3723,mg/l,Fair,augmented_copy1_jitter-2d
SRB00041,Smederevo,2014-02-18,O2-Dis,,9.3641,mg/l,Fair,augmented_copy2_jitter-1d
SRB00041,Smederevo,2014-02-19,O2-Dis,,9.3,mg/l,Fair,original
SRB00041,Smederevo,2014-03-19,O2-Dis,,9.6,mg/l,Fair,original
SRB00041,Smederevo,2014-03-21,O2-Dis,,9.5661,mg/l,Fair,augmented_copy2_jitter+2d
SRB00041,Smederevo,2014-03-22,O2-Dis,,9.4947,mg/l,Fair,augmented_copy1_jitter+3d
SRB00041,Smederevo,2014-03-22,O2-Dis,,9.5578,mg/l,Fair,augmented_copy3_jitter+3d
SRB00041,Smederevo,2014-04-13,O2-Dis,,9.1811,mg/l,Fair,augmented_copy3_jitter-3d
SRB00041,Smederevo,2014-04-16,O2-Dis,,9.2,mg/l,Fair,original
SRB00041,Smederevo,2014-04-18,O2-Dis,,9.1602,mg/l,Fair,augmented_copy1_jitter+2d
SRB00041,Smederevo,2014-04-18,O2-Dis,,9.2987,mg/l,Fair,augmented_copy2_jitter+2d
SRB00041,Smederevo,2014-05-13,O2-Dis,,8.3289,mg/l,Fair,augmented_copy2_jitter-1d
SRB00041,Smederevo,2014-05-14,O2-Dis,,8.3,mg/l,Fair,original
SRB00041,Smederevo,2014-05-16,O2-Dis,,8.5201,mg/l,Fair,augmented_copy1_jitter+2d
SRB00041,Smederevo,2014-05-16,O2-Dis,,8.3505,mg/l,Fair,augmented_copy3_jitter+2d
SRB00041,Smederevo,2014-06-22,O2-Dis,,6.7397,mg/l,Fair,augmented_copy2_jitter-3d
SRB00041,Smederevo,2014-06-22,O2-Dis,,6.6836,mg/l,Fair,augmented_copy3_jitter-3d
SRB00041,Smederevo,2014-06-25,O2-Dis,,6.7,mg/l,Fair,original
SRB00041,Smederevo,2014-06-28,O2-Dis,,6.6985,mg/l,Fair,augmented_copy1_jitter+3d
SRB00041,Smederevo,2014-07-13,O2-Dis,,8.1935,mg/l,Fair,augmented_copy1_jitter-3d
SRB00041,Smederevo,2014-07-13,O2-Dis,,8.1117,mg/l,Fair,augmented_copy3_jitter-3d
SRB00041,Smederevo,2014-07-16,O2-Dis,,8.2,mg/l,Fair,original
SRB00041,Smederevo,2014-07-18,O2-Dis,,8.2892,mg/l,Fair,augmented_copy2_jitter+2d
SRB00041,Smederevo,2014-08-18,O2-Dis,,6.8918,mg/l,Fair,augmented_copy1_jitter-2d
SRB00041,Smederevo,2014-08-19,O2-Dis,,6.8151,mg/l,Fair,augmented_copy2_jitter-1d
SRB00041,Smederevo,2014-08-20,O2-Dis,,6.8,mg/l,Fair,original
SRB00041,Smederevo,2014-08-23,O2-Dis,,6.7014,mg/l,Fair,augmented_copy3_jitter+3d
SRB00041,Smederevo,2014-09-14,O2-Dis,,7.8499,mg/l,Fair,augmented_copy1_jitter-3d
SRB00041,Smederevo,2014-09-15,O2-Dis,,8.0968,mg/l,Fair,augmented_copy3_jitter-2d
SRB00041,Smederevo,2014-09-16,O2-Dis,,7.8473,mg/l,Fair,augmented_copy2_jitter-1d
SRB00041,Smederevo,2014-09-17,O2-Dis,,7.9,mg/l,Fair,original
SRB00041,Smederevo,2014-10-12,O2-Dis,,7.1494,mg/l,Fair,augmented_copy1_jitter-3d
SRB00041,Smederevo,2014-10-13,O2-Dis,,7.1008,mg/l,Fair,augmented_copy3_jitter-2d
SRB00041,Smederevo,2014-10-15,O2-Dis,,7.2,mg/l,Fair,original
SRB00041,Smederevo,2014-10-17,O2-Dis,,7.2537,mg/l,Fair,augmented_copy2_jitter+2d
SRB00041,Smederevo,2014-11-18,O2-Dis,,9.6906,mg/l,Fair,augmented_copy2_jitter-1d
SRB00041,Smederevo,2014-11-19,O2-Dis,,9.7,mg/l,Fair,original
SRB00041,Smederevo,2014-11-20,O2-Dis,,9.7446,mg/l,Fair,augmented_copy1_jitter+1d
SRB00041,Smederevo,2014-11-22,O2-Dis,,9.742,mg/l,Fair,augmented_copy3_jitter+3d
SRB00041,Smederevo,2014-12-22,O2-Dis,,10.931,mg/l,Fair,augmented_copy3_jitter-2d
SRB00041,Smederevo,2014-12-24,O2-Dis,,11.0,mg/l,Fair,original
SRB00041,Smederevo,2014-12-25,O2-Dis,,10.9521,mg/l,Fair,augmented_copy1_jitter+1d
SRB00041,Smederevo,2014-12-25,O2-Dis,,10.9663,mg/l,Fair,augmented_copy2_jitter+1d
SRB00041,Smederevo,2015-01-19,O2-Dis,,10.8871,mg/l,Fair,augmented_copy1_jitter-2d
SRB00041,Smederevo,2015-01-19,O2-Dis,,10.6708,mg/l,Fair,augmented_copy3_jitter-2d
SRB00041,Smederevo,2015-01-21,O2-Dis,,10.7,mg/l,Fair,original
SRB00041,Smederevo,2015-01-23,O2-Dis,,10.7212,mg/l,Fair,augmented_copy2_jitter+2d
SRB00041,Smederevo,2015-02-17,O2-Dis,,11.7213,mg/l,Fair,augmented_copy1_jitter-1d
SRB00041,Smederevo,2015-02-18,O2-Dis,,11.6,mg/l,Fair,original
SRB00041,Smederevo,2015-02-20,O2-Dis,,11.7802,mg/l,Fair,augmented_copy2_jitter+2d
SRB00041,Smederevo,2015-02-20,O2-Dis,,11.56,mg/l,Fair,augmented_copy3_jitter+2d
SRB00041,Smederevo,2015-03-15,O2-Dis,,10.066,mg/l,Fair,augmented_copy2_jitter-3d
SRB00041,Smederevo,2015-03-15,O2-Dis,,10.0383,mg/l,Fair,augmented_copy3_jitter-3d
SRB00041,Smederevo,2015-03-18,O2-Dis,,10.1,mg/l,Fair,original
SRB00041,Smederevo,2015-03-21,O2-Dis,,10.1857,mg/l,Fair,augmented_copy1_jitter+3d
SRB00041,Smederevo,2015-04-13,O2-Dis,,10.234,mg/l,Fair,augmented_copy1_jitter-2d
SRB00041,Smederevo,2015-04-15,O2-Dis,,10.1,mg/l,Fair,original
SRB00041,Smederevo,2015-04-17,O2-Dis,,10.0736,mg/l,Fair,augmented_copy3_jitter+2d
SRB00041,Smederevo,2015-04-18,O2-Dis,,10.0783,mg/l,Fair,augmented_copy2_jitter+3d
SRB00041,Smederevo,2015-05-25,O2-Dis,,8.0346,mg/l,Fair,augmented_copy2_jitter-2d
SRB00041,Smederevo,2015-05-26,O2-Dis,,7.9615,mg/l,Fair,augmented_copy3_jitter-1d
SRB00041,Smederevo,2015-05-27,O2-Dis,,8.0,mg/l,Fair,original
SRB00041,Smederevo,2015-05-29,O2-Dis,,7.9248,mg/l,Fair,augmented_copy1_jitter+2d
SRB00041,Smederevo,2015-06-15,O2-Dis,,6.7796,mg/l,Fair,augmented_copy1_jitter-2d
SRB00041,Smederevo,2015-06-16,O2-Dis,,6.6975,mg/l,Fair,augmented_copy3_jitter-1d
SRB00041,Smederevo,2015-06-17,O2-Dis,,6.7,mg/l,Fair,original
SRB00041,Smederevo,2015-06-20,O2-Dis,,6.8187,mg/l,Fair,augmented_copy2_jitter+3d
SRB00041,Smederevo,2015-07-13,O2-Dis,,6.8662,mg/l,Fair,augmented_copy1_jitter-2d
SRB00041,Smederevo,2015-07-15,O2-Dis,,6.9,mg/l,Fair,original
SRB00041,Smederevo,2015-07-16,O2-Dis,,6.8866,mg/l,Fair,augmented_copy2_jitter+1d
SRB00041,Smederevo,2015-07-18,O2-Dis,,6.8523,mg/l,Fair,augmented_copy3_jitter+3d
SRB00041,Smederevo,2015-08-19,O2-Dis,,4.8635,mg/l,Fair,augmented_copy2_jitter-2d
SRB00041,Smederevo,2015-08-21,O2-Dis,,5.0,mg/l,Fair,original
SRB00041,Smederevo,2015-08-22,O2-Dis,,4.9932,mg/l,Fair,augmented_copy1_jitter+1d
SRB00041,Smederevo,2015-08-24,O2-Dis,,4.9553,mg/l,Fair,augmented_copy3_jitter+3d
SRB00041,Smederevo,2015-09-14,O2-Dis,,6.8307,mg/l,Fair,augmented_copy2_jitter-2d
SRB00041,Smederevo,2015-09-14,O2-Dis,,6.8107,mg/l,Fair,augmented_copy3_jitter-2d
SRB00041,Smederevo,2015-09-16,O2-Dis,,6.8,mg/l,Fair,original
SRB00041,Smederevo,2015-09-18,O2-Dis,,6.8121,mg/l,Fair,augmented_copy1_jitter+2d
SRB00041,Smederevo,2015-10-18,O2-Dis,,8.1387,mg/l,Fair,augmented_copy2_jitter-3d
SRB00041,Smederevo,2015-10-19,O2-Dis,,8.001,mg/l,Fair,augmented_copy1_jitter-2d
SRB00041,Smederevo,2015-10-20,O2-Dis,,8.1491,mg/l,Fair,augmented_copy3_jitter-1d
SRB00041,Smederevo,2015-10-21,O2-Dis,,8.1,mg/l,Fair,original
SRB00041,Smederevo,2015-11-15,O2-Dis,,8.748,mg/l,Fair,augmented_copy3_jitter-3d
SRB00041,Smederevo,2015-11-18,O2-Dis,,8.7,mg/l,Fair,original
SRB00041,Smederevo,2015-11-20,O2-Dis,,8.8025,mg/l,Fair,augmented_copy2_jitter+2d
SRB00041,Smederevo,2015-11-21,O2-Dis,,8.7835,mg/l,Fair,augmented_copy1_jitter+3d
SRB00041,Smederevo,2015-12-13,O2-Dis,,10.0561,mg/l,Fair,augmented_copy3_jitter-3d
SRB00041,Smederevo,2015-12-15,O2-Dis,,9.8597,mg/l,Fair,augmented_copy1_jitter-1d
SRB00041,Smederevo,2015-12-15,O2-Dis,,9.8702,mg/l,Fair,augmented_copy2_jitter-1d
SRB00041,Smederevo,2015-12-16,O2-Dis,,10.0,mg/l,Fair,original
SRB00041,Smederevo,2016-01-19,O2-Dis,,11.4128,mg/l,Fair,augmented_copy2_jitter-1d
SRB00041,Smederevo,2016-01-20,O2-Dis,,11.4,mg/l,Fair,original
SRB00041,Smederevo,2016-01-22,O2-Dis,,11.3229,mg/l,Fair,augmented_copy1_jitter+2d
SRB00041,Smederevo,2016-01-22,O2-Dis,,11.2905,mg/l,Fair,augmented_copy3_jitter+2d
SRB00041,Smederevo,2016-02-15,O2-Dis,,10.3709,mg/l,Fair,augmented_copy3_jitter-3d
SRB00041,Smederevo,2016-02-16,O2-Dis,,10.4048,mg/l,Fair,augmented_copy2_jitter-2d
SRB00041,Smederevo,2016-02-18,O2-Dis,,10.4,mg/l,Fair,original
SRB00041,Smederevo,2016-02-20,O2-Dis,,10.4019,mg/l,Fair,augmented_copy1_jitter+2d
SRB00041,Smederevo,2016-03-14,O2-Dis,,9.8731,mg/l,Fair,augmented_copy3_jitter-2d
SRB00041,Smederevo,2016-03-16,O2-Dis,,9.9,mg/l,Fair,original
SRB00041,Smederevo,2016-03-17,O2-Dis,,9.905,mg/l,Fair,augmented_copy1_jitter+1d
SRB00041,Smederevo,2016-03-18,O2-Dis,,9.9186,mg/l,Fair,augmented_copy2_jitter+2d
SRB00041,Smederevo,2016-04-18,O2-Dis,,9.1652,mg/l,Fair,augmented_copy1_jitter-2d
SRB00041,Smederevo,2016-04-19,O2-Dis,,9.0597,mg/l,Fair,augmented_copy3_jitter-1d
SRB00041,Smederevo,2016-04-20,O2-Dis,,9.1,mg/l,Fair,original
SRB00041,Smederevo,2016-04-21,O2-Dis,,9.007,mg/l,Fair,augmented_copy2_jitter+1d
SRB00041,Smederevo,2016-05-15,O2-Dis,,7.9232,mg/l,Fair,augmented_copy3_jitter-3d
SRB00041,Smederevo,2016-05-16,O2-Dis,,7.8707,mg/l,Fair,augmented_copy2_jitter-2d
SRB00041,Smederevo,2016-05-18,O2-Dis,,7.9,mg/l,Fair,original
SRB00041,Smederevo,2016-05-21,O2-Dis,,7.9786,mg/l,Fair,augmented_copy1_jitter+3d
SRB00041,Smederevo,2016-06-13,O2-Dis,,7.2625,mg/l,Fair,augmented_copy1_jitter-2d
SRB00041,Smederevo,2016-06-15,O2-Dis,,7.4,mg/l,Fair,original
SRB00041,Smederevo,2016-06-17,O2-Dis,,7.4451,mg/l,Fair,augmented_copy2_jitter+2d
SRB00041,Smederevo,2016-06-18,O2-Dis,,7.296,mg/l,Fair,augmented_copy3_jitter+3d
SRB00041,Smederevo,2016-07-20,O2-Dis,,8.0238,mg/l,Fair,augmented_copy2_jitter-1d
SRB00041,Smederevo,2016-07-21,O2-Dis,,7.8,mg/l,Fair,original
SRB00041,Smederevo,2016-07-22,O2-Dis,,7.7617,mg/l,Fair,augmented_copy1_jitter+1d
SRB00041,Smederevo,2016-07-22,O2-Dis,,7.8518,mg/l,Fair,augmented_copy3_jitter+1d
SRB00041,Smederevo,2016-08-21,O2-Dis,,8.7226,mg/l,Fair,augmented_copy1_jitter-3d
SRB00041,Smederevo,2016-08-22,O2-Dis,,8.81,mg/l,Fair,augmented_copy3_jitter-2d
SRB00041,Smederevo,2016-08-23,O2-Dis,,8.8615,mg/l,Fair,augmented_copy2_jitter-1d
SRB00041,Smederevo,2016-08-24,O2-Dis,,8.8,mg/l,Fair,original
SRB00041,Smederevo,2016-09-20,O2-Dis,,7.2159,mg/l,Fair,augmented_copy1_jitter-2d
SRB00041,Smederevo,2016-09-20,O2-Dis,,7.131,mg/l,Fair,augmented_copy3_jitter-2d
SRB00041,Smederevo,2016-09-21,O2-Dis,,7.097,mg/l,Fair,augmented_copy2_jitter-1d
SRB00041,Smederevo,2016-09-22,O2-Dis,,7.1,mg/l,Fair,original
SRB00041,Smederevo,2016-10-17,O2-Dis,,9.7452,mg/l,Fair,augmented_copy1_jitter-2d
SRB00041,Smederevo,2016-10-19,O2-Dis,,9.8,mg/l,Fair,original
SRB00041,Smederevo,2016-10-20,O2-Dis,,9.8283,mg/l,Fair,augmented_copy2_jitter+1d
SRB00041,Smederevo,2016-10-22,O2-Dis,,9.7993,mg/l,Fair,augmented_copy3_jitter+3d
SRB00041,Smederevo,2016-11-12,O2-Dis,,10.0682,mg/l,Fair,augmented_copy1_jitter-3d
SRB00041,Smederevo,2016-11-15,O2-Dis,,10.1,mg/l,Fair,original
SRB00041,Smederevo,2016-11-16,O2-Dis,,10.1926,mg/l,Fair,augmented_copy2_jitter+1d
SRB00041,Smederevo,2016-11-16,O2-Dis,,10.0515,mg/l,Fair,augmented_copy3_jitter+1d
SRB00041,Smederevo,2016-12-19,O2-Dis,,12.2549,mg/l,Fair,augmented_copy1_jitter-2d
SRB00041,Smederevo,2016-12-21,O2-Dis,,12.2,mg/l,Fair,original
SRB00041,Smederevo,2016-12-22,O2-Dis,,12.2029,mg/l,Fair,augmented_copy3_jitter+1d
SRB00041,Smederevo,2016-12-23,O2-Dis,,12.3162,mg/l,Fair,augmented_copy2_jitter+2d
SRB00041,Smederevo,2017-01-03,O2-Dis,,11.6225,mg/l,Fair,augmented_copy2_jitter-1d
SRB00041,Smederevo,2017-01-04,O2-Dis,,11.6,mg/l,Fair,original
SRB00041,Smederevo,2017-01-05,O2-Dis,,11.554,mg/l,Fair,augmented_copy1_jitter+1d
SRB00041,Smederevo,2017-01-06,O2-Dis,,11.6134,mg/l,Fair,augmented_copy3_jitter+2d
SRB00041,Smederevo,2017-01-31,O2-Dis,,12.2132,mg/l,Fair,augmented_copy3_jitter-2d
SRB00041,Smederevo,2017-02-01,O2-Dis,,12.181,mg/l,Fair,augmented_copy2_jitter-1d
SRB00041,Smederevo,2017-02-02,O2-Dis,,12.1,mg/l,Fair,original
SRB00041,Smederevo,2017-02-05,O2-Dis,,12.1366,mg/l,Fair,augmented_copy1_jitter+3d
SRB00041,Smederevo,2017-03-13,O2-Dis,,10.5115,mg/l,Fair,augmented_copy1_jitter-2d
SRB00041,Smederevo,2017-03-13,O2-Dis,,10.4219,mg/l,Fair,augmented_copy2_jitter-2d
SRB00041,Smederevo,2017-03-14,O2-Dis,,10.4048,mg/l,Fair,augmented_copy3_jitter-1d
SRB00041,Smederevo,2017-03-15,O2-Dis,,10.4,mg/l,Fair,original
SRB00041,Smederevo,2017-04-17,O2-Dis,,10.9478,mg/l,Fair,augmented_copy1_jitter-2d
SRB00041,Smederevo,2017-04-17,O2-Dis,,11.2407,mg/l,Fair,augmented_copy3_jitter-2d
SRB00041,Smederevo,2017-04-19,O2-Dis,,11.1,mg/l,Fair,original
SRB00041,Smederevo,2017-04-21,O2-Dis,,11.219,mg/l,Fair,augmented_copy2_jitter+2d
SRB00041,Smederevo,2017-05-15,O2-Dis,,9.1727,mg/l,Fair,augmented_copy1_jitter-2d
SRB00041,Smederevo,2017-05-16,O2-Dis,,8.9342,mg/l,Fair,augmented_copy2_jitter-1d
SRB00041,Smederevo,2017-05-17,O2-Dis,,9.0,mg/l,Fair,original
SRB00041,Smederevo,2017-05-20,O2-Dis,,9.1399,mg/l,Fair,augmented_copy3_jitter+3d
SRB00041,Smederevo,2017-06-20,O2-Dis,,8.131,mg/l,Fair,augmented_copy2_jitter-2d
SRB00041,Smederevo,2017-06-20,O2-Dis,,8.0442,mg/l,Fair,augmented_copy3_jitter-2d
SRB00041,Smederevo,2017-06-22,O2-Dis,,8.1,mg/l,Fair,original
SRB00041,Smederevo,2017-06-23,O2-Dis,,8.1433,mg/l,Fair,augmented_copy1_jitter+1d
SRB00041,Smederevo,2017-07-16,O2-Dis,,6.173,mg/l,Fair,augmented_copy3_jitter-3d
SRB00041,Smederevo,2017-07-18,O2-Dis,,6.1072,mg/l,Fair,augmented_copy1_jitter-1d
SRB00041,Smederevo,2017-07-19,O2-Dis,,6.1,mg/l,Fair,original
SRB00041,Smederevo,2017-07-22,O2-Dis,,6.0733,mg/l,Fair,augmented_copy2_jitter+3d
SRB00041,Smederevo,2017-08-20,O2-Dis,,6.858,mg/l,Fair,augmented_copy2_jitter-3d
SRB00041,Smederevo,2017-08-22,O2-Dis,,6.7974,mg/l,Fair,augmented_copy3_jitter-1d
SRB00041,Smederevo,2017-08-23,O2-Dis,,6.7,mg/l,Fair,original
SRB00041,Smederevo,2017-08-26,O2-Dis,,6.7654,mg/l,Fair,augmented_copy1_jitter+3d
SRB00041,Smederevo,2017-09-19,O2-Dis,,7.351,mg/l,Fair,augmented_copy1_jitter-1d
SRB00041,Smederevo,2017-09-20,O2-Dis,,7.3,mg/l,Fair,original
SRB00041,Smederevo,2017-09-21,O2-Dis,,7.4687,mg/l,Fair,augmented_copy3_jitter+1d
SRB00041,Smederevo,2017-09-22,O2-Dis,,7.2733,mg/l,Fair,augmented_copy2_jitter+2d
SRB00041,Smederevo,2017-10-22,O2-Dis,,8.268,mg/l,Fair,augmented_copy1_jitter-3d
SRB00041,Smederevo,2017-10-23,O2-Dis,,8.2865,mg/l,Fair,augmented_copy3_jitter-2d
SRB00041,Smederevo,2017-10-24,O2-Dis,,8.3412,mg/l,Fair,augmented_copy2_jitter-1d
SRB00041,Smederevo,2017-10-25,O2-Dis,,8.3,mg/l,Fair,original
SRB00041,Smederevo,2017-11-12,O2-Dis,,9.0906,mg/l,Fair,augmented_copy1_jitter-3d
SRB00041,Smederevo,2017-11-13,O2-Dis,,9.0106,mg/l,Fair,augmented_copy3_jitter-2d
SRB00041,Smederevo,2017-11-15,O2-Dis,,9.1,mg/l,Fair,original
SRB00041,Smederevo,2017-11-18,O2-Dis,,9.0594,mg/l,Fair,augmented_copy2_jitter+3d
SRB00041,Smederevo,2017-12-18,O2-Dis,,10.8834,mg/l,Fair,augmented_copy3_jitter-2d
SRB00041,Smederevo,2017-12-20,O2-Dis,,10.8,mg/l,Fair,original
SRB00041,Smederevo,2017-12-22,O2-Dis,,10.752,mg/l,Fair,augmented_copy2_jitter+2d
SRB00041,Smederevo,2017-12-23,O2-Dis,,10.8209,mg/l,Fair,augmented_copy1_jitter+3d
SRB00041,Smederevo,2018-01-14,O2-Dis,,10.6633,mg/l,Fair,augmented_copy1_jitter-3d
SRB00041,Smederevo,2018-01-17,O2-Dis,,10.7,mg/l,Fair,original
SRB00041,Smederevo,2018-01-18,O2-Dis,,10.6549,mg/l,Fair,augmented_copy3_jitter+1d
SRB00041,Smederevo,2018-01-19,O2-Dis,,10.5477,mg/l,Fair,augmented_copy2_jitter+2d
SRB00041,Smederevo,2018-02-18,O2-Dis,,10.2221,mg/l,Fair,augmented_copy1_jitter-3d
SRB00041,Smederevo,2018-02-21,O2-Dis,,10.2,mg/l,Fair,original
SRB00041,Smederevo,2018-02-24,O2-Dis,,10.2746,mg/l,Fair,augmented_copy2_jitter+3d
SRB00041,Smederevo,2018-02-24,O2-Dis,,10.0845,mg/l,Fair,augmented_copy3_jitter+3d
SRB00041,Smederevo,2018-03-19,O2-Dis,,9.904,mg/l,Fair,augmented_copy3_jitter-3d
SRB00041,Smederevo,2018-03-20,O2-Dis,,9.8477,mg/l,Fair,augmented_copy1_jitter-2d
SRB00041,Smederevo,2018-03-21,O2-Dis,,9.974,mg/l,Fair,augmented_copy2_jitter-1d
SRB00041,Smederevo,2018-03-22,O2-Dis,,10.0,mg/l,Fair,original
SRB00041,Smederevo,2018-04-19,O2-Dis,,8.5,mg/l,Fair,original
SRB00041,Smederevo,2018-04-20,O2-Dis,,8.6113,mg/l,Fair,augmented_copy3_jitter+1d
SRB00041,Smederevo,2018-04-21,O2-Dis,,8.4817,mg/l,Fair,augmented_copy1_jitter+2d
SRB00041,Smederevo,2018-04-21,O2-Dis,,8.6176,mg/l,Fair,augmented_copy2_jitter+2d
SRB00041,Smederevo,2018-05-13,O2-Dis,,7.2553,mg/l,Fair,augmented_copy1_jitter-3d
SRB00041,Smederevo,2018-05-16,O2-Dis,,7.2,mg/l,Fair,original
SRB00041,Smederevo,2018-05-17,O2-Dis,,7.2324,mg/l,Fair,augmented_copy3_jitter+1d
SRB00041,Smederevo,2018-05-18,O2-Dis,,7.1127,mg/l,Fair,augmented_copy2_jitter+2d
SRB00041,Smederevo,2018-06-19,O2-Dis,,5.9218,mg/l,Fair,augmented_copy2_jitter-1d
SRB00041,Smederevo,2018-06-20,O2-Dis,,6.0,mg/l,Fair,original
SRB00041,Smederevo,2018-06-22,O2-Dis,,5.8576,mg/l,Fair,augmented_copy1_jitter+2d
SRB00041,Smederevo,2018-06-22,O2-Dis,,6.0055,mg/l,Fair,augmented_copy3_jitter+2d
SRB00041,Smederevo,2018-07-15,O2-Dis,,7.1257,mg/l,Fair,augmented_copy1_jitter-3d
SRB00041,Smederevo,2018-07-15,O2-Dis,,7.1407,mg/l,Fair,augmented_copy2_jitter-3d
SRB00041,Smederevo,2018-07-16,O2-Dis,,7.1005,mg/l,Fair,augmented_copy3_jitter-2d
SRB00041,Smederevo,2018-07-18,O2-Dis,,7.1,mg/l,Fair,original
SRB00041,Smederevo,2018-08-12,O2-Dis,,5.8532,mg/l,Fair,augmented_copy2_jitter-3d
SRB00041,Smederevo,2018-08-12,O2-Dis,,5.7196,mg/l,Fair,augmented_copy3_jitter-3d
SRB00041,Smederevo,2018-08-15,O2-Dis,,5.8,mg/l,Fair,original
SRB00041,Smederevo,2018-08-17,O2-Dis,,5.9286,mg/l,Fair,augmented_copy1_jitter+2d
SRB00041,Smederevo,2018-09-19,O2-Dis,,6.8,mg/l,Fair,original
SRB00041,Smederevo,2018-09-20,O2-Dis,,6.7997,mg/l,Fair,augmented_copy1_jitter+1d
SRB00041,Smederevo,2018-09-21,O2-Dis,,6.6988,mg/l,Fair,augmented_copy2_jitter+2d
SRB00041,Smederevo,2018-09-22,O2-Dis,,6.8331,mg/l,Fair,augmented_copy3_jitter+3d
SRB00041,Smederevo,2018-10-14,O2-Dis,,8.1158,mg/l,Fair,augmented_copy3_jitter-3d
SRB00041,Smederevo,2018-10-15,O2-Dis,,8.1107,mg/l,Fair,augmented_copy2_jitter-2d
SRB00041,Smederevo,2018-10-17,O2-Dis,,8.1,mg/l,Fair,original
SRB00041,Smederevo,2018-10-18,O2-Dis,,8.0853,mg/l,Fair,augmented_copy1_jitter+1d
SRB00041,Smederevo,2018-11-18,O2-Dis,,9.1314,mg/l,Fair,augmented_copy1_jitter-3d
SRB00041,Smederevo,2018-11-19,O2-Dis,,9.162,mg/l,Fair,augmented_copy2_jitter-2d
SRB00041,Smederevo,2018-11-20,O2-Dis,,9.095,mg/l,Fair,augmented_copy3_jitter-1d
SRB00041,Smederevo,2018-11-21,O2-Dis,,9.1,mg/l,Fair,original
SRB00041,Smederevo,2018-12-16,O2-Dis,,11.2323,mg/l,Fair,augmented_copy2_jitter-3d
SRB00041,Smederevo,2018-12-18,O2-Dis,,11.4132,mg/l,Fair,augmented_copy1_jitter-1d
SRB00041,Smederevo,2018-12-19,O2-Dis,,11.3,mg/l,Fair,original
SRB00041,Smederevo,2018-12-21,O2-Dis,,11.3306,mg/l,Fair,augmented_copy3_jitter+2d
SRB00041,Smederevo,2019-01-13,O2-Dis,,11.9401,mg/l,Fair,augmented_copy1_jitter-3d
SRB00041,Smederevo,2019-01-14,O2-Dis,,11.931,mg/l,Fair,augmented_copy2_jitter-2d
SRB00041,Smederevo,2019-01-16,O2-Dis,,11.9,mg/l,Fair,original
SRB00041,Smederevo,2019-01-17,O2-Dis,,11.9409,mg/l,Fair,augmented_copy3_jitter+1d
SRB00041,Smederevo,2019-02-17,O2-Dis,,11.2372,mg/l,Fair,augmented_copy3_jitter-3d
SRB00041,Smederevo,2019-02-18,O2-Dis,,11.2438,mg/l,Fair,augmented_copy1_jitter-2d
SRB00041,Smederevo,2019-02-19,O2-Dis,,11.2951,mg/l,Fair,augmented_copy2_jitter-1d
SRB00041,Smederevo,2019-02-20,O2-Dis,,11.3,mg/l,Fair,original
SRB00041,Smederevo,2019-03-19,O2-Dis,,9.9722,mg/l,Fair,augmented_copy1_jitter-1d
SRB00041,Smederevo,2019-03-20,O2-Dis,,9.8,mg/l,Fair,original
SRB00041,Smederevo,2019-03-23,O2-Dis,,9.9039,mg/l,Fair,augmented_copy2_jitter+3d
SRB00041,Smederevo,2019-03-23,O2-Dis,,9.8441,mg/l,Fair,augmented_copy3_jitter+3d
SRB00041,Smederevo,2019-04-21,O2-Dis,,10.4204,mg/l,Fair,augmented_copy2_jitter-2d
SRB00041,Smederevo,2019-04-23,O2-Dis,,10.4,mg/l,Fair,original
SRB00041,Smederevo,2019-04-25,O2-Dis,,10.3818,mg/l,Fair,augmented_copy3_jitter+2d
SRB00041,Smederevo,2019-04-26,O2-Dis,,10.4851,mg/l,Fair,augmented_copy1_jitter+3d
SRB00041,Smederevo,2019-05-12,O2-Dis,,8.7141,mg/l,Fair,augmented_copy3_jitter-3d
SRB00041,Smederevo,2019-05-14,O2-Dis,,8.9186,mg/l,Fair,augmented_copy2_jitter-1d
SRB00041,Smederevo,2019-05-15,O2-Dis,,8.9,mg/l,Fair,original
SRB00041,Smederevo,2019-05-17,O2-Dis,,9.0188,mg/l,Fair,augmented_copy1_jitter+2d
SRB00041,Smederevo,2019-06-19,O2-Dis,,6.6,mg/l,Fair,original
SRB00041,Smederevo,2019-06-20,O2-Dis,,6.4579,mg/l,Fair,augmented_copy2_jitter+1d
SRB00041,Smederevo,2019-06-21,O2-Dis,,6.5221,mg/l,Fair,augmented_copy1_jitter+2d
SRB00041,Smederevo,2019-06-21,O2-Dis,,6.5047,mg/l,Fair,augmented_copy3_jitter+2d
SRB00041,Smederevo,2019-07-16,O2-Dis,,7.1232,mg/l,Fair,augmented_copy1_jitter-1d
SRB00041,Smederevo,2019-07-16,O2-Dis,,7.2216,mg/l,Fair,augmented_copy2_jitter-1d
SRB00041,Smederevo,2019-07-17,O2-Dis,,7.0,mg/l,Fair,original
SRB00041,Smederevo,2019-07-19,O2-Dis,,6.9364,mg/l,Fair,augmented_copy3_jitter+2d
SRB00041,Smederevo,2019-08-19,O2-Dis,,8.8403,mg/l,Fair,augmented_copy1_jitter-2d
SRB00041,Smederevo,2019-08-21,O2-Dis,,8.9,mg/l,Fair,original
SRB00041,Smederevo,2019-08-23,O2-Dis,,8.8702,mg/l,Fair,augmented_copy2_jitter+2d
SRB00041,Smederevo,2019-08-23,O2-Dis,,8.8523,mg/l,Fair,augmented_copy3_jitter+2d
SRB00041,Smederevo,2019-09-17,O2-Dis,,7.1543,mg/l,Fair,augmented_copy1_jitter-1d
SRB00041,Smederevo,2019-09-17,O2-Dis,,7.1076,mg/l,Fair,augmented_copy2_jitter-1d
SRB00041,Smederevo,2019-09-18,O2-Dis,,7.1,mg/l,Fair,original
SRB00041,Smederevo,2019-09-19,O2-Dis,,7.1047,mg/l,Fair,augmented_copy3_jitter+1d
SRB00041,Smederevo,2019-10-13,O2-Dis,,8.1322,mg/l,Fair,augmented_copy2_jitter-3d
SRB00041,Smederevo,2019-10-16,O2-Dis,,8.1,mg/l,Fair,original
SRB00041,Smederevo,2019-10-17,O2-Dis,,7.993,mg/l,Fair,augmented_copy3_jitter+1d
SRB00041,Smederevo,2019-10-18,O2-Dis,,8.0884,mg/l,Fair,augmented_copy1_jitter+2d
SRB00041,Smederevo,2019-11-18,O2-Dis,,9.2209,mg/l,Fair,augmented_copy3_jitter-2d
SRB00041,Smederevo,2019-11-19,O2-Dis,,9.3758,mg/l,Fair,augmented_copy1_jitter-1d
SRB00041,Smederevo,2019-11-19,O2-Dis,,9.5705,mg/l,Fair,augmented_copy2_jitter-1d
SRB00041,Smederevo,2019-11-20,O2-Dis,,9.4,mg/l,Fair,original
SRB00041,Smederevo,2019-12-15,O2-Dis,,10.5358,mg/l,Fair,augmented_copy3_jitter-3d
SRB00041,Smederevo,2019-12-17,O2-Dis,,10.7061,mg/l,Fair,augmented_copy2_jitter-1d
SRB00041,Smederevo,2019-12-18,O2-Dis,,10.6,mg/l,Fair,original
SRB00041,Smederevo,2019-12-21,O2-Dis,,10.6402,mg/l,Fair,augmented_copy1_jitter+3d
SRB00041,Smederevo,2020-01-20,O2-Dis,,11.9514,mg/l,Fair,augmented_copy1_jitter-2d
SRB00041,Smederevo,2020-01-22,O2-Dis,,11.9,mg/l,Fair,original
SRB00041,Smederevo,2020-01-23,O2-Dis,,11.8275,mg/l,Fair,augmented_copy2_jitter+1d
SRB00041,Smederevo,2020-01-23,O2-Dis,,12.0073,mg/l,Fair,augmented_copy3_jitter+1d
SRB00041,Smederevo,2020-02-17,O2-Dis,,11.0701,mg/l,Fair,augmented_copy2_jitter-2d
SRB00041,Smederevo,2020-02-18,O2-Dis,,10.9568,mg/l,Fair,augmented_copy1_jitter-1d
SRB00041,Smederevo,2020-02-19,O2-Dis,,10.9,mg/l,Fair,original
SRB00041,Smederevo,2020-02-21,O2-Dis,,10.8299,mg/l,Fair,augmented_copy3_jitter+2d
SRB00041,Smederevo,2020-03-17,O2-Dis,,10.5317,mg/l,Fair,augmented_copy2_jitter-1d
SRB00041,Smederevo,2020-03-18,O2-Dis,,10.5,mg/l,Fair,original
SRB00041,Smederevo,2020-03-20,O2-Dis,,10.5781,mg/l,Fair,augmented_copy1_jitter+2d
SRB00041,Smederevo,2020-03-21,O2-Dis,,10.5696,mg/l,Fair,augmented_copy3_jitter+3d
SRB00041,Smederevo,2020-04-12,O2-Dis,,10.9728,mg/l,Fair,augmented_copy2_jitter-3d
SRB00041,Smederevo,2020-04-12,O2-Dis,,10.8492,mg/l,Fair,augmented_copy3_jitter-3d
SRB00041,Smederevo,2020-04-15,O2-Dis,,10.9,mg/l,Fair,original
SRB00041,Smederevo,2020-04-18,O2-Dis,,10.8277,mg/l,Fair,augmented_copy1_jitter+3d
SRB00041,Smederevo,2020-05-18,O2-Dis,,9.2868,mg/l,Fair,augmented_copy1_jitter-2d
SRB00041,Smederevo,2020-05-19,O2-Dis,,9.599,mg/l,Fair,augmented_copy3_jitter-1d
SRB00041,Smederevo,2020-05-20,O2-Dis,,9.5,mg/l,Fair,original
SRB00041,Smederevo,2020-05-21,O2-Dis,,9.6078,mg/l,Fair,augmented_copy2_jitter+1d
SRB00041,Smederevo,2020-06-14,O2-Dis,,7.0072,mg/l,Fair,augmented_copy1_jitter-3d
SRB00041,Smederevo,2020-06-14,O2-Dis,,7.0331,mg/l,Fair,augmented_copy2_jitter-3d
SRB00041,Smederevo,2020-06-17,O2-Dis,,7.1,mg/l,Fair,original
SRB00041,Smederevo,2020-06-18,O2-Dis,,7.0152,mg/l,Fair,augmented_copy3_jitter+1d
SRB00041,Smederevo,2020-07-12,O2-Dis,,5.9219,mg/l,Fair,augmented_copy3_jitter-3d
SRB00041,Smederevo,2020-07-13,O2-Dis,,6.0035,mg/l,Fair,augmented_copy1_jitter-2d
SRB00041,Smederevo,2020-07-14,O2-Dis,,6.0006,mg/l,Fair,augmented_copy2_jitter-1d
SRB00041,Smederevo,2020-07-15,O2-Dis,,6.0,mg/l,Fair,original
SRB00041,Smederevo,2020-08-16,O2-Dis,,6.5144,mg/l,Fair,augmented_copy3_jitter-3d
SRB00041,Smederevo,2020-08-19,O2-Dis,,6.5,mg/l,Fair,original
SRB00041,Smederevo,2020-08-20,O2-Dis,,6.419,mg/l,Fair,augmented_copy1_jitter+1d
SRB00041,Smederevo,2020-08-22,O2-Dis,,6.5337,mg/l,Fair,augmented_copy2_jitter+3d
SRB00041,Smederevo,2020-09-14,O2-Dis,,7.1605,mg/l,Fair,augmented_copy3_jitter-2d
SRB00041,Smederevo,2020-09-15,O2-Dis,,7.3223,mg/l,Fair,augmented_copy1_jitter-1d
SRB00041,Smederevo,2020-09-16,O2-Dis,,7.3,mg/l,Fair,original
SRB00041,Smederevo,2020-09-19,O2-Dis,,7.3682,mg/l,Fair,augmented_copy2_jitter+3d
SRB00041,Smederevo,2020-10-18,O2-Dis,,9.2362,mg/l,Fair,augmented_copy1_jitter-3d
SRB00041,Smederevo,2020-10-18,O2-Dis,,9.2071,mg/l,Fair,augmented_copy3_jitter-3d
SRB00041,Smederevo,2020-10-19,O2-Dis,,9.2241,mg/l,Fair,augmented_copy2_jitter-2d
SRB00041,Smederevo,2020-10-21,O2-Dis,,9.2,mg/l,Fair,original
SRB00041,Smederevo,2020-11-18,O2-Dis,,9.8,mg/l,Fair,original
SRB00041,Smederevo,2020-11-19,O2-Dis,,9.7451,mg/l,Fair,augmented_copy2_jitter+1d
SRB00041,Smederevo,2020-11-20,O2-Dis,,9.8369,mg/l,Fair,augmented_copy3_jitter+2d
SRB00041,Smederevo,2020-11-21,O2-Dis,,9.7478,mg/l,Fair,augmented_copy1_jitter+3d
SRB00041,Smederevo,2020-12-28,O2-Dis,,10.9799,mg/l,Fair,augmented_copy2_jitter-2d
SRB00041,Smederevo,2020-12-28,O2-Dis,,10.953,mg/l,Fair,augmented_copy3_jitter-2d
SRB00041,Smederevo,2020-12-30,O2-Dis,,11.0,mg/l,Fair,original
SRB00041,Smederevo,2021-01-01,O2-Dis,,10.973,mg/l,Fair,augmented_copy1_jitter+2d
SRB00041,Smederevo,2021-01-18,O2-Dis,,11.3412,mg/l,Fair,augmented_copy1_jitter-2d
SRB00041,Smederevo,2021-01-19,O2-Dis,,11.6822,mg/l,Fair,augmented_copy3_jitter-1d
SRB00041,Smederevo,2021-01-20,O2-Dis,,11.5,mg/l,Fair,original
SRB00041,Smederevo,2021-01-22,O2-Dis,,11.4138,mg/l,Fair,augmented_copy2_jitter+2d
SRB00041,Smederevo,2021-02-16,O2-Dis,,11.2865,mg/l,Fair,augmented_copy1_jitter-1d
SRB00041,Smederevo,2021-02-17,O2-Dis,,11.3,mg/l,Fair,original
SRB00041,Smederevo,2021-02-19,O2-Dis,,11.2766,mg/l,Fair,augmented_copy2_jitter+2d
SRB00041,Smederevo,2021-02-19,O2-Dis,,11.3034,mg/l,Fair,augmented_copy3_jitter+2d
SRB00041,Smederevo,2021-03-15,O2-Dis,,10.8701,mg/l,Fair,augmented_copy1_jitter-2d
SRB00041,Smederevo,2021-03-15,O2-Dis,,11.0683,mg/l,Fair,augmented_copy3_jitter-2d
SRB00041,Smederevo,2021-03-17,O2-Dis,,10.9,mg/l,Fair,original
SRB00041,Smederevo,2021-03-20,O2-Dis,,10.9319,mg/l,Fair,augmented_copy2_jitter+3d
SRB00041,Smederevo,2021-04-18,O2-Dis,,9.7313,mg/l,Fair,augmented_copy3_jitter-3d
SRB00041,Smederevo,2021-04-21,O2-Dis,,9.8,mg/l,Fair,original
SRB00041,Smederevo,2021-04-23,O2-Dis,,9.783,mg/l,Fair,augmented_copy2_jitter+2d
SRB00041,Smederevo,2021-04-24,O2-Dis,,9.7182,mg/l,Fair,augmented_copy1_jitter+3d
SRB00041,Smederevo,2021-05-16,O2-Dis,,8.2546,mg/l,Fair,augmented_copy1_jitter-3d
SRB00041,Smederevo,2021-05-16,O2-Dis,,8.4178,mg/l,Fair,augmented_copy3_jitter-3d
SRB00041,Smederevo,2021-05-19,O2-Dis,,8.4,mg/l,Fair,original
SRB00041,Smederevo,2021-05-21,O2-Dis,,8.3979,mg/l,Fair,augmented_copy2_jitter+2d
SRB00041,Smederevo,2021-06-14,O2-Dis,,7.3501,mg/l,Fair,augmented_copy3_jitter-2d
SRB00041,Smederevo,2021-06-16,O2-Dis,,7.4,mg/l,Fair,original
SRB00041,Smederevo,2021-06-18,O2-Dis,,7.3112,mg/l,Fair,augmented_copy2_jitter+2d
SRB00041,Smederevo,2021-06-19,O2-Dis,,7.3966,mg/l,Fair,augmented_copy1_jitter+3d
SRB00041,Smederevo,2021-07-17,O2-Dis,,5.987,mg/l,Fair,augmented_copy3_jitter-3d
SRB00041,Smederevo,2021-07-18,O2-Dis,,6.1665,mg/l,Fair,augmented_copy1_jitter-2d
SRB00041,Smederevo,2021-07-20,O2-Dis,,6.1,mg/l,Fair,original
SRB00041,Smederevo,2021-07-23,O2-Dis,,6.2006,mg/l,Fair,augmented_copy2_jitter+3d
SRB00041,Smederevo,2021-08-24,O2-Dis,,7.3876,mg/l,Fair,augmented_copy3_jitter-1d
SRB00041,Smederevo,2021-08-25,O2-Dis,,7.1,mg/l,Fair,original
SRB00041,Smederevo,2021-08-27,O2-Dis,,6.8995,mg/l,Fair,augmented_copy1_jitter+2d
SRB00041,Smederevo,2021-08-27,O2-Dis,,7.1168,mg/l,Fair,augmented_copy2_jitter+2d
SRB00041,Smederevo,2021-09-19,O2-Dis,,6.9586,mg/l,Fair,augmented_copy2_jitter-3d
SRB00041,Smederevo,2021-09-22,O2-Dis,,7.0,mg/l,Fair,original
SRB00041,Smederevo,2021-09-23,O2-Dis,,6.9963,mg/l,Fair,augmented_copy1_jitter+1d
SRB00041,Smederevo,2021-09-25,O2-Dis,,7.0896,mg/l,Fair,augmented_copy3_jitter+3d
SRB00041,Smederevo,2021-10-18,O2-Dis,,9.7245,mg/l,Fair,augmented_copy1_jitter-2d
SRB00041,Smederevo,2021-10-20,O2-Dis,,9.7,mg/l,Fair,original
SRB00041,Smederevo,2021-10-21,O2-Dis,,9.7551,mg/l,Fair,augmented_copy3_jitter+1d
SRB00041,Smederevo,2021-10-23,O2-Dis,,9.6626,mg/l,Fair,augmented_copy2_jitter+3d
SRB00041,Smederevo,2021-11-14,O2-Dis,,10.0812,mg/l,Fair,augmented_copy3_jitter-3d
SRB00041,Smederevo,2021-11-15,O2-Dis,,10.3274,mg/l,Fair,augmented_copy2_jitter-2d
SRB00041,Smederevo,2021-11-17,O2-Dis,,10.1,mg/l,Fair,original
SRB00041,Smederevo,2021-11-20,O2-Dis,,10.1413,mg/l,Fair,augmented_copy1_jitter+3d
SRB00041,Smederevo,2021-12-27,O2-Dis,,8.8028,mg/l,Fair,augmented_copy2_jitter-2d
SRB00041,Smederevo,2021-12-29,O2-Dis,,8.9,mg/l,Fair,original
SRB00041,Smederevo,2021-12-31,O2-Dis,,8.9198,mg/l,Fair,augmented_copy1_jitter+2d
SRB00041,Smederevo,2021-12-31,O2-Dis,,8.8742,mg/l,Fair,augmented_copy3_jitter+2d
SRB00041,Smederevo,2022-01-17,O2-Dis,,11.6033,mg/l,Fair,augmented_copy3_jitter-3d
SRB00041,Smederevo,2022-01-19,O2-Dis,,11.6796,mg/l,Fair,augmented_copy2_jitter-1d
SRB00041,Smederevo,2022-01-20,O2-Dis,,11.6,mg/l,Fair,original
SRB00041,Smederevo,2022-01-23,O2-Dis,,11.628,mg/l,Fair,augmented_copy1_jitter+3d
SRB00041,Smederevo,2022-02-14,O2-Dis,,11.224,mg/l,Fair,augmented_copy1_jitter-3d
SRB00041,Smederevo,2022-02-17,O2-Dis,,11.2,mg/l,Fair,original
SRB00041,Smederevo,2022-02-19,O2-Dis,,11.3259,mg/l,Fair,augmented_copy2_jitter+2d
SRB00041,Smederevo,2022-02-20,O2-Dis,,11.0804,mg/l,Fair,augmented_copy3_jitter+3d
SRB00041,Smederevo,2022-03-14,O2-Dis,,12.78,mg/l,Fair,augmented_copy3_jitter-2d
SRB00041,Smederevo,2022-03-16,O2-Dis,,12.7,mg/l,Fair,original
SRB00041,Smederevo,2022-03-17,O2-Dis,,12.6966,mg/l,Fair,augmented_copy1_jitter+1d
SRB00041,Smederevo,2022-03-18,O2-Dis,,12.6269,mg/l,Fair,augmented_copy2_jitter+2d
SRB00041,Smederevo,2022-04-17,O2-Dis,,9.2659,mg/l,Fair,augmented_copy2_jitter-3d
SRB00041,Smederevo,2022-04-17,O2-Dis,,9.3401,mg/l,Fair,augmented_copy3_jitter-3d
SRB00041,Smederevo,2022-04-19,O2-Dis,,9.2869,mg/l,Fair,augmented_copy1_jitter-1d
SRB00041,Smederevo,2022-04-20,O2-Dis,,9.3,mg/l,Fair,original
SRB00041,Smederevo,2022-05-16,O2-Dis,,10.3059,mg/l,Fair,augmented_copy2_jitter-2d
SRB00041,Smederevo,2022-05-17,O2-Dis,,10.1937,mg/l,Fair,augmented_copy3_jitter-1d
SRB00041,Smederevo,2022-05-18,O2-Dis,,10.4,mg/l,Fair,original
SRB00041,Smederevo,2022-05-21,O2-Dis,,10.428,mg/l,Fair,augmented_copy1_jitter+3d
SRB00041,Smederevo,2022-06-12,O2-Dis,,7.1722,mg/l,Fair,augmented_copy2_jitter-3d
SRB00041,Smederevo,2022-06-14,O2-Dis,,7.2461,mg/l,Fair,augmented_copy1_jitter-1d
SRB00041,Smederevo,2022-06-15,O2-Dis,,7.1,mg/l,Fair,original
SRB00041,Smederevo,2022-06-18,O2-Dis,,7.1964,mg/l,Fair,augmented_copy3_jitter+3d
SRB00041,Smederevo,2022-07-19,O2-Dis,,8.2384,mg/l,Fair,augmented_copy2_jitter-1d
SRB00041,Smederevo,2022-07-20,O2-Dis,,8.3,mg/l,Fair,original
SRB00041,Smederevo,2022-07-21,O2-Dis,,8.1705,mg/l,Fair,augmented_copy1_jitter+1d
SRB00041,Smederevo,2022-07-21,O2-Dis,,8.437,mg/l,Fair,augmented_copy3_jitter+1d
SRB00041,Smederevo,2022-08-15,O2-Dis,,7.3674,mg/l,Fair,augmented_copy2_jitter-2d
SRB00041,Smederevo,2022-08-17,O2-Dis,,7.2,mg/l,Fair,original
SRB00041,Smederevo,2022-08-18,O2-Dis,,7.2311,mg/l,Fair,augmented_copy3_jitter+1d
SRB00041,Smederevo,2022-08-20,O2-Dis,,7.1499,mg/l,Fair,augmented_copy1_jitter+3d
SRB00041,Smederevo,2022-09-20,O2-Dis,,7.5262,mg/l,Fair,augmented_copy1_jitter-1d
SRB00041,Smederevo,2022-09-21,O2-Dis,,7.5,mg/l,Fair,original
SRB00041,Smederevo,2022-09-22,O2-Dis,,7.4293,mg/l,Fair,augmented_copy3_jitter+1d
SRB00041,Smederevo,2022-09-23,O2-Dis,,7.5929,mg/l,Fair,augmented_copy2_jitter+2d
SRB00041,Smederevo,2022-10-17,O2-Dis,,8.2393,mg/l,Fair,augmented_copy1_jitter-2d
SRB00041,Smederevo,2022-10-17,O2-Dis,,8.2357,mg/l,Fair,augmented_copy3_jitter-2d
SRB00041,Smederevo,2022-10-19,O2-Dis,,8.3,mg/l,Fair,original
SRB00041,Smederevo,2022-10-22,O2-Dis,,8.3092,mg/l,Fair,augmented_copy2_jitter+3d
SRB00041,Smederevo,2022-11-14,O2-Dis,,9.0379,mg/l,Fair,augmented_copy2_jitter-3d
SRB00041,Smederevo,2022-11-15,O2-Dis,,9.0106,mg/l,Fair,augmented_copy1_jitter-2d
SRB00041,Smederevo,2022-11-15,O2-Dis,,9.2313,mg/l,Fair,augmented_copy3_jitter-2d
SRB00041,Smederevo,2022-11-17,O2-Dis,,9.1,mg/l,Fair,original
SRB00041,Smederevo,2022-12-18,O2-Dis,,10.4885,mg/l,Fair,augmented_copy2_jitter-3d
SRB00041,Smederevo,2022-12-20,O2-Dis,,10.2173,mg/l,Fair,augmented_copy1_jitter-1d
SRB00041,Smederevo,2022-12-21,O2-Dis,,10.4,mg/l,Fair,original
SRB00041,Smederevo,2022-12-24,O2-Dis,,10.3192,mg/l,Fair,augmented_copy3_jitter+3d
SRB00041,Smederevo,2023-01-16,O2-Dis,,11.2885,mg/l,Fair,augmented_copy3_jitter-2d
SRB00041,Smederevo,2023-01-18,O2-Dis,,11.1,mg/l,Fair,original
SRB00041,Smederevo,2023-01-20,O2-Dis,,11.1754,mg/l,Fair,augmented_copy1_jitter+2d
SRB00041,Smederevo,2023-01-21,O2-Dis,,10.8387,mg/l,Fair,augmented_copy2_jitter+3d
SRB00041,Smederevo,2023-02-11,O2-Dis,,12.5836,mg/l,Fair,augmented_copy1_jitter-3d
SRB00041,Smederevo,2023-02-13,O2-Dis,,12.8587,mg/l,Fair,augmented_copy2_jitter-1d
SRB00041,Smederevo,2023-02-13,O2-Dis,,12.6944,mg/l,Fair,augmented_copy3_jitter-1d
SRB00041,Smederevo,2023-02-14,O2-Dis,,12.7,mg/l,Fair,original
SRB00041,Smederevo,2023-03-15,O2-Dis,,10.3,mg/l,Fair,original
SRB00041,Smederevo,2023-03-16,O2-Dis,,10.2128,mg/l,Fair,augmented_copy1_jitter+1d
SRB00041,Smederevo,2023-03-16,O2-Dis,,10.3241,mg/l,Fair,augmented_copy3_jitter+1d
SRB00041,Smederevo,2023-03-18,O2-Dis,,10.1997,mg/l,Fair,augmented_copy2_jitter+3d
SRB00041,Smederevo,2023-04-16,O2-Dis,,9.4076,mg/l,Fair,augmented_copy2_jitter-3d
SRB00041,Smederevo,2023-04-17,O2-Dis,,9.3486,mg/l,Fair,augmented_copy1_jitter-2d
SRB00041,Smederevo,2023-04-17,O2-Dis,,9.5144,mg/l,Fair,augmented_copy3_jitter-2d
SRB00041,Smederevo,2023-04-19,O2-Dis,,9.5,mg/l,Fair,original
SRB00041,Smederevo,2023-05-14,O2-Dis,,8.559,mg/l,Fair,augmented_copy1_jitter-3d
SRB00041,Smederevo,2023-05-16,O2-Dis,,8.5001,mg/l,Fair,augmented_copy2_jitter-1d
SRB00041,Smederevo,2023-05-17,O2-Dis,,8.5,mg/l,Fair,original
SRB00041,Smederevo,2023-05-19,O2-Dis,,8.5063,mg/l,Fair,augmented_copy3_jitter+2d
SRB00041,Smederevo,2023-06-18,O2-Dis,,8.0276,mg/l,Fair,augmented_copy1_jitter-3d
SRB00041,Smederevo,2023-06-18,O2-Dis,,8.009,mg/l,Fair,augmented_copy3_jitter-3d
SRB00041,Smederevo,2023-06-19,O2-Dis,,7.8976,mg/l,Fair,augmented_copy2_jitter-2d
SRB00041,Smederevo,2023-06-21,O2-Dis,,8.0,mg/l,Fair,original
SRB00041,Smederevo,2023-07-19,O2-Dis,,7.5,mg/l,Fair,original
SRB00041,Smederevo,2023-07-20,O2-Dis,,7.3608,mg/l,Fair,augmented_copy2_jitter+1d
SRB00041,Smederevo,2023-07-20,O2-Dis,,7.4863,mg/l,Fair,augmented_copy3_jitter+1d
SRB00041,Smederevo,2023-07-21,O2-Dis,,7.429,mg/l,Fair,augmented_copy1_jitter+2d
SRB00041,Smederevo,2023-08-14,O2-Dis,,7.436,mg/l,Fair,augmented_copy1_jitter-2d
SRB00041,Smederevo,2023-08-16,O2-Dis,,7.5,mg/l,Fair,original
SRB00041,Smederevo,2023-08-19,O2-Dis,,7.4453,mg/l,Fair,augmented_copy2_jitter+3d
SRB00041,Smederevo,2023-08-19,O2-Dis,,7.5986,mg/l,Fair,augmented_copy3_jitter+3d
SRB00041,Smederevo,2023-09-19,O2-Dis,,7.9876,mg/l,Fair,augmented_copy2_jitter-1d
SRB00041,Smederevo,2023-09-20,O2-Dis,,8.0,mg/l,Fair,original
SRB00041,Smederevo,2023-09-22,O2-Dis,,8.0353,mg/l,Fair,augmented_copy3_jitter+2d
SRB00041,Smederevo,2023-09-23,O2-Dis,,7.8996,mg/l,Fair,augmented_copy1_jitter+3d
SRB00041,Smederevo,2023-10-17,O2-Dis,,8.0686,mg/l,Fair,augmented_copy1_jitter-1d
SRB00041,Smederevo,2023-10-18,O2-Dis,,8.2,mg/l,Fair,original
SRB00041,Smederevo,2023-10-20,O2-Dis,,8.2782,mg/l,Fair,augmented_copy2_jitter+2d
SRB00041,Smederevo,2023-10-20,O2-Dis,,8.2766,mg/l,Fair,augmented_copy3_jitter+2d
SRB00041,Smederevo,2023-11-12,O2-Dis,,9.4097,mg/l,Fair,augmented_copy1_jitter-3d
SRB00041,Smederevo,2023-11-12,O2-Dis,,9.2329,mg/l,Fair,augmented_copy3_jitter-3d
SRB00041,Smederevo,2023-11-15,O2-Dis,,9.3,mg/l,Fair,original
SRB00041,Smederevo,2023-11-17,O2-Dis,,9.4398,mg/l,Fair,augmented_copy2_jitter+2d
SRB00041,Smederevo,2023-12-20,O2-Dis,,12.3,mg/l,Fair,original
SRB00041,Smederevo,2023-12-21,O2-Dis,,12.1623,mg/l,Fair,augmented_copy2_jitter+1d
SRB00041,Smederevo,2023-12-22,O2-Dis,,12.3364,mg/l,Fair,augmented_copy1_jitter+2d
SRB00041,Smederevo,2023-12-23,O2-Dis,,12.1537,mg/l,Fair,augmented_copy3_jitter+3d
