Station_ID,Station_Name,Sample_Date,Parameter_Code,Value_Flag,Value,Unit,Data_Quality,source
SRB00001,Bezdan,2000-01-09,BOD,,2.7978,mg/l,Fair,augmented_copy1_jitter-3d
SRB00001,Bezdan,2000-01-12,BOD,,2.8,mg/l,Fair,original
SRB00001,Bezdan,2000-01-15,BOD,,2.6911,mg/l,Fair,augmented_copy2_jitter+3d
SRB00001,Bezdan,2000-01-15,BOD,,2.8174,mg/l,Fair,augmented_copy3_jitter+3d
SRB00001,Bezdan,2000-02-06,BOD,,1.2828,mg/l,Fair,augmented_copy1_jitter-3d
SRB00001,Bezdan,2000-02-07,BOD,,1.2231,mg/l,Fair,augmented_copy2_jitter-2d
SRB00001,Bezdan,2000-02-07,BOD,,1.1387,mg/l,Fair,augmented_copy3_jitter-2d
SRB00001,Bezdan,2000-02-09,BOD,,1.2,mg/l,Fair,original
SRB00001,Bezdan,2000-03-08,BOD,,3.0,mg/l,Fair,original
SRB00001,Bezdan,2000-03-09,BOD,,3.0191,mg/l,Fair,augmented_copy1_jitter+1d
SRB00001,Bezdan,2000-03-09,BOD,,3.0326,mg/l,Fair,augmented_copy2_jitter+1d
SRB00001,Bezdan,2000-03-09,BOD,,2.9321,mg/l,Fair,augmented_copy3_jitter+1d
SRB00001,Bezdan,2000-04-09,BOD,,1.53,mg/l,Fair,augmented_copy3_jitter-3d
SRB00001,Bezdan,2000-04-10,BOD,,1.6272,mg/l,Fair,augmented_copy2_jitter-2d
SRB00001,Bezdan,2000-04-11,BOD,,1.5282,mg/l,Fair,augmented_copy1_jitter-1d
SRB00001,Bezdan,2000-04-12,BOD,,1.6,mg/l,Fair,original
SRB00001,Bezdan,2000-05-08,BOD,,3.5854,mg/l,Fair,augmented_copy3_jitter-2d
SRB00001,Bezdan,2000-05-10,BOD,,3.6,mg/l,Fair,original
SRB00001,Bezdan,2000-05-11,BOD,,3.6469,mg/l,Fair,augmented_copy1_jitter+1d
SRB00001,Bezdan,2000-05-12,BOD,,3.603,mg/l,Fair,augmented_copy2_jitter+2d
SRB00001,Bezdan,2000-06-12,BOD,,3.9326,mg/l,Fair,augmented_copy1_jitter-2d
SRB00001,Bezdan,2000-06-14,BOD,,4.0,mg/l,Fair,original
SRB00001,Bezdan,2000-06-17,BOD,,3.9657,mg/l,Fair,augmented_copy2_jitter+3d
SRB00001,Bezdan,2000-06-17,BOD,,3.915,mg/l,Fair,augmented_copy3_jitter+3d
SRB00001,Bezdan,2000-07-09,BOD,,5.558,mg/l,Fair,augmented_copy1_jitter-3d
SRB00001,Bezdan,2000-07-09,BOD,,5.6162,mg/l,Fair,augmented_copy3_jitter-3d
SRB00001,Bezdan,2000-07-10,BOD,,5.5797,mg/l,Fair,augmented_copy2_jitter-2d
SRB00001,Bezdan,2000-07-12,BOD,,5.6,mg/l,Fair,original
SRB00001,Bezdan,2000-08-07,BOD,,3.3049,mg/l,Fair,augmented_copy3_jitter-2d
SRB00001,Bezdan,2000-08-08,BOD,,3.414,mg/l,Fair,augmented_copy1_jitter-1d
SRB00001,Bezdan,2000-08-08,BOD,,3.371,mg/l,Fair,augmented_copy2_jitter-1d
SRB00001,Bezdan,2000-08-09,BOD,,3.3,mg/l,Fair,original
SRB00001,Bezdan,2000-09-10,BOD,,3.8004,mg/l,Fair,augmented_copy1_jitter-3d
SRB00001,Bezdan,2000-09-13,BOD,,3.8,mg/l,Fair,original
SRB00001,Bezdan,2000-09-16,BOD,,3.7409,mg/l,Fair,augmented_copy2_jitter+3d
SRB00001,Bezdan,2000-09-16,BOD,,3.7863,mg/l,Fair,augmented_copy3_jitter+3d
SRB00001,Bezdan,2000-10-10,BOD,,2.2601,mg/l,Fair,augmented_copy1_jitter-2d
SRB00001,Bezdan,2000-10-12,BOD,,2.2,mg/l,Fair,original
SRB00001,Bezdan,2000-10-13,BOD,,2.2505,mg/l,Fair,augmented_copy3_jitter+1d
SRB00001,Bezdan,2000-10-15,BOD,,2.1934,mg/l,Fair,augmented_copy2_jitter+3d
SRB00001,Bezdan,2000-11-08,BOD,,1.9,mg/l,Fair,original
SRB00001,Bezdan,2000-11-09,BOD,,1.9213,mg/l,Fair,augmented_copy2_jitter+1d
SRB00001,Bezdan,2000-11-11,BOD,,1.8684,mg/l,Fair,augmented_copy1_jitter+3d
SRB00001,Bezdan,2000-11-11,BOD,,1.9698,mg/l,Fair,augmented_copy3_jitter+3d
SRB00001,Bezdan,2000-12-10,BOD,,2.0118,mg/l,Fair,augmented_copy3_jitter-3d
SRB00001,Bezdan,2000-12-13,BOD,,2.0,mg/l,Fair,original
SRB00001,Bezdan,2000-12-14,BOD,,1.9766,mg/l,Fair,augmented_copy2_jitter+1d
SRB00001,Bezdan,2000-12-15,BOD,,2.0075,mg/l,Fair,augmented_copy1_jitter+2d
SRB00001,Bezdan,2001-01-07,BOD,,2.5788,mg/l,Fair,augmented_copy1_jitter-3d
SRB00001,Bezdan,2001-01-09,BOD,,2.7381,mg/l,Fair,augmented_copy2_jitter-1d
SRB00001,Bezdan,2001-01-10,BOD,,2.6,mg/l,Fair,original
SRB00001,Bezdan,2001-01-13,BOD,,2.5803,mg/l,Fair,augmented_copy3_jitter+3d
SRB00001,Bezdan,2001-02-13,BOD,,3.547,mg/l,Fair,augmented_copy2_jitter-1d
SRB00001,Bezdan,2001-02-14,BOD,,3.6,mg/l,Fair,original
SRB00001,Bezdan,2001-02-15,BOD,,3.593,mg/l,Fair,augmented_copy3_jitter+1d
SRB00001,Bezdan,2001-02-17,BOD,,3.694,mg/l,Fair,augmented_copy1_jitter+3d
SRB00001,Bezdan,2001-03-26,BOD,,2.8142,mg/l,Fair,augmented_copy2_jitter-3d
SRB00001,Bezdan,2001-03-27,BOD,,2.8039,mg/l,Fair,augmented_copy1_jitter-2d
SRB00001,Bezdan,2001-03-27,BOD,,2.6802,mg/l,Fair,augmented_copy3_jitter-2d
SRB00001,Bezdan,2001-03-29,BOD,,2.8,mg/l,Fair,original
SRB00001,Bezdan,2001-04-09,BOD,,2.0043,mg/l,Fair,augmented_copy3_jitter-2d
SRB00001,Bezdan,2001-04-11,BOD,,2.0,mg/l,Fair,original
SRB00001,Bezdan,2001-04-13,BOD,,1.8899,mg/l,Fair,augmented_copy2_jitter+2d
SRB00001,Bezdan,2001-04-14,BOD,,1.9817,mg/l,Fair,augmented_copy1_jitter+3d
SRB00001,Bezdan,2001-05-06,BOD,,4.0545,mg/l,Fair,augmented_copy2_jitter-3d
SRB00001,Bezdan,2001-05-06,BOD,,4.0478,mg/l,Fair,augmented_copy3_jitter-3d
SRB00001,Bezdan,2001-05-09,BOD,,4.0,mg/l,Fair,original
SRB00001,Bezdan,2001-05-11,BOD,,3.9699,mg/l,Fair,augmented_copy1_jitter+2d
SRB00001,Bezdan,2001-06-10,BOD,,2.3133,mg/l,Fair,augmented_copy1_jitter-3d
SRB00001,Bezdan,2001-06-10,BOD,,2.3637,mg/l,Fair,augmented_copy3_jitter-3d
SRB00001,Bezdan,2001-06-13,BOD,,2.3,mg/l,Fair,original
SRB00001,Bezdan,2001-06-14,BOD,,2.3029,mg/l,Fair,augmented_copy2_jitter+1d
SRB00001,Bezdan,2001-07-08,BOD,,2.6368,mg/l,Fair,augmented_copy3_jitter-3d
SRB00001,Bezdan,2001-07-10,BOD,,2.7133,mg/l,Fair,augmented_copy1_jitter-1d
SRB00001,Bezdan,2001-07-11,BOD,,2.7,mg/l,Fair,original
SRB00001,Bezdan,2001-07-12,BOD,,2.7252,mg/l,Fair,augmented_copy2_jitter+1d
SRB00001,Bezdan,2001-08-07,BOD,,4.931,mg/l,Fair,augmented_copy3_jitter-1d
SRB00001,Bezdan,2001-08-08,BOD,,4.9,mg/l,Fair,original
SRB00001,Bezdan,2001-08-10,BOD,,4.8725,mg/l,Fair,augmented_copy2_jitter+2d
SRB00001,Bezdan,2001-08-11,BOD,,4.93,mg/l,Fair,augmented_copy1_jitter+3d
SRB00001,Bezdan,2001-09-10,BOD,,1.0742,mg/l,Fair,augmented_copy3_jitter-2d
SRB00001,Bezdan,2001-09-11,BOD,,1.1415,mg/l,Fair,augmented_copy1_jitter-1d
SRB00001,Bezdan,2001-09-12,BOD,,1.1,mg/l,Fair,original
SRB00001,Bezdan,2001-09-13,BOD,,1.1668,mg/l,Fair,augmented_copy2_jitter+1d
SRB00001,Bezdan,2001-10-09,BOD,,2.5666,mg/l,Fair,augmented_copy2_jitter-1d
SRB00001,Bezdan,2001-10-09,BOD,,2.6035,mg/l,Fair,augmented_copy3_jitter-1d
SRB00001,Bezdan,2001-10-10,BOD,,2.6,mg/l,Fair,original
SRB00001,Bezdan,2001-10-12,BOD,,2.5924,mg/l,Fair,augmented_copy1_jitter+2d
SRB00001,Bezdan,2001-11-11,BOD,,2.3388,mg/l,Fair,augmented_copy2_jitter-3d
SRB00001,Bezdan,2001-11-14,BOD,,2.3,mg/l,Fair,original
SRB00001,Bezdan,2001-11-15,BOD,,2.3225,mg/l,Fair,augmented_copy3_jitter+1d
SRB00001,Bezdan,2001-11-17,BOD,,2.2578,mg/l,Fair,augmented_copy1_jitter+3d
SRB00001,Bezdan,2001-12-10,BOD,,1.1267,mg/l,Fair,augmented_copy3_jitter-2d
SRB00001,Bezdan,2001-12-11,BOD,,1.242,mg/l,Fair,augmented_copy2_jitter-1d
SRB00001,Bezdan,2001-12-12,BOD,,1.2,mg/l,Fair,original
SRB00001,Bezdan,2001-12-14,BOD,,1.1997,mg/l,Fair,augmented_copy1_jitter+2d
SRB00001,Bezdan,2002-01-13,BOD,,3.6567,mg/l,Fair,augmented_copy2_jitter-3d
SRB00001,Bezdan,2002-01-15,BOD,,3.5326,mg/l,Fair,augmented_copy1_jitter-1d
SRB00001,Bezdan,2002-01-16,BOD,,3.6,mg/l,Fair,original
SRB00001,Bezdan,2002-01-17,BOD,,3.5699,mg/l,Fair,augmented_copy3_jitter+1d
SRB00001,Bezdan,2002-02-13,BOD,,2.3,mg/l,Fair,original
SRB00001,Bezdan,2002-02-14,BOD,,2.3158,mg/l,Fair,augmented_copy2_jitter+1d
SRB00001,Bezdan,2002-02-14,BOD,,2.2959,mg/l,Fair,augmented_copy3_jitter+1d
SRB00001,Bezdan,2002-02-15,BOD,,2.3239,mg/l,Fair,augmented_copy1_jitter+2d
SRB00001,Bezdan,2002-03-11,BOD,,2.245,mg/l,Fair,augmented_copy1_jitter-2d
SRB00001,Bezdan,2002-03-13,BOD,,2.2,mg/l,Fair,original
SRB00001,Bezdan,2002-03-14,BOD,,2.1763,mg/l,Fair,augmented_copy2_jitter+1d
SRB00001,Bezdan,2002-03-15,BOD,,2.2006,mg/l,Fair,augmented_copy3_jitter+2d
SRB00001,Bezdan,2002-04-07,BOD,,2.7056,mg/l,Fair,augmented_copy2_jitter-3d
SRB00001,Bezdan,2002-04-10,BOD,,2.6,mg/l,Fair,original
SRB00001,Bezdan,2002-04-11,BOD,,2.6096,mg/l,Fair,augmented_copy1_jitter+1d
SRB00001,Bezdan,2002-04-13,BOD,,2.5617,mg/l,Fair,augmented_copy3_jitter+3d
SRB00001,Bezdan,2002-05-12,BOD,,3.4462,mg/l,Fair,augmented_copy3_jitter-3d
SRB00001,Bezdan,2002-05-15,BOD,,3.4,mg/l,Fair,original
SRB00001,Bezdan,2002-05-17,BOD,,3.397,mg/l,Fair,augmented_copy1_jitter+2d
SRB00001,Bezdan,2002-05-18,BOD,,3.4586,mg/l,Fair,augmented_copy2_jitter+3d
SRB00001,Bezdan,2002-06-11,BOD,,3.3687,mg/l,Fair,augmented_copy1_jitter-1d
SRB00001,Bezdan,2002-06-12,BOD,,3.4,mg/l,Fair,original
SRB00001,Bezdan,2002-06-13,BOD,,3.4059,mg/l,Fair,augmented_copy2_jitter+1d
SRB00001,Bezdan,2002-06-14,BOD,,3.4409,mg/l,Fair,augmented_copy3_jitter+2d
SRB00001,Bezdan,2002-07-07,BOD,,6.9416,mg/l,Fair,augmented_copy3_jitter-3d
SRB00001,Bezdan,2002-07-10,BOD,,7.0,mg/l,Fair,original
SRB00001,Bezdan,2002-07-12,BOD,,6.9232,mg/l,Fair,augmented_copy1_jitter+2d
SRB00001,Bezdan,2002-07-13,BOD,,7.0026,mg/l,Fair,augmented_copy2_jitter+3d
SRB00001,Bezdan,2002-08-11,BOD,,1.4598,mg/l,Fair,augmented_copy2_jitter-3d
SRB00001,Bezdan,2002-08-14,BOD,,1.5,mg/l,Fair,original
SRB00001,Bezdan,2002-08-15,BOD,,1.5169,mg/l,Fair,augmented_copy1_jitter+1d
SRB00001,Bezdan,2002-08-16,BOD,,1.4913,mg/l,Fair,augmented_copy3_jitter+2d
SRB00001,Bezdan,2002-09-08,BOD,,1.2565,mg/l,Fair,augmented_copy3_jitter-3d
SRB00001,Bezdan,2002-09-09,BOD,,1.3474,mg/l,Fair,augmented_copy1_jitter-2d
SRB00001,Bezdan,2002-09-11,BOD,,1.3,mg/l,Fair,original
SRB00001,Bezdan,2002-09-13,BOD,,1.3288,mg/l,Fair,augmented_copy2_jitter+2d
SRB00001,Bezdan,2002-10-07,BOD,,1.9618,mg/l,Fair,augmented_copy1_jitter-2d
SRB00001,Bezdan,2002-10-08,BOD,,2.0346,mg/l,Fair,augmented_copy3_jitter-1d
SRB00001,Bezdan,2002-10-09,BOD,,2.0,mg/l,Fair,original
SRB00001,Bezdan,2002-10-10,BOD,,2.0101,mg/l,Fair,augmented_copy2_jitter+1d
SRB00001,Bezdan,2002-11-12,BOD,,2.7557,mg/l,Fair,augmented_copy1_jitter-1d
SRB00001,Bezdan,2002-11-13,BOD,,2.8,mg/l,Fair,original
SRB00001,Bezdan,2002-11-14,BOD,,2.731,mg/l,Fair,augmented_copy3_jitter+1d
SRB00001,Bezdan,2002-11-15,BOD,,2.7986,mg/l,Fair,augmented_copy2_jitter+2d
SRB00001,Bezdan,2003-01-12,BOD,,2.3685,mg/l,Fair,augmented_copy2_jitter-3d
SRB00001,Bezdan,2003-01-15,BOD,,2.3,mg/l,Fair,original
SRB00001,Bezdan,2003-01-16,BOD,,2.2956,mg/l,Fair,augmented_copy1_jitter+1d
SRB00001,Bezdan,2003-01-18,BOD,,2.295,mg/l,Fair,augmented_copy3_jitter+3d
SRB00001,Bezdan,2003-02-09,BOD,,2.5388,mg/l,Fair,augmented_copy1_jitter-3d
SRB00001,Bezdan,2003-02-12,BOD,,2.5,mg/l,Fair,original
SRB00001,Bezdan,2003-02-15,BOD,,2.5948,mg/l,Fair,augmented_copy2_jitter+3d
SRB00001,Bezdan,2003-02-15,BOD,,2.5093,mg/l,Fair,augmented_copy3_jitter+3d
SRB00001,Bezdan,2003-03-25,BOD,,4.8668,mg/l,Fair,augmented_copy3_jitter-1d
SRB00001,Bezdan,2003-03-26,BOD,,4.9,mg/l,Fair,original
SRB00001,Bezdan,2003-03-27,BOD,,4.926,mg/l,Fair,augmented_copy1_jitter+1d
SRB00001,Bezdan,2003-03-28,BOD,,4.9152,mg/l,Fair,augmented_copy2_jitter+2d
SRB00001,Bezdan,2003-04-07,BOD,,3.2665,mg/l,Fair,augmented_copy3_jitter-2d
SRB00001,Bezdan,2003-04-09,BOD,,3.2,mg/l,Fair,original
SRB00001,Bezdan,2003-04-12,BOD,,3.1639,mg/l,Fair,augmented_copy1_jitter+3d
SRB00001,Bezdan,2003-04-12,BOD,,3.2348,mg/l,Fair,augmented_copy2_jitter+3d
SRB00001,Bezdan,2003-05-14,BOD,,5.0,mg/l,Fair,original
SRB00001,Bezdan,2003-05-15,BOD,,4.9809,mg/l,Fair,augmented_copy1_jitter+1d
SRB00001,Bezdan,2003-05-15,BOD,,5.0196,mg/l,Fair,augmented_copy2_jitter+1d
SRB00001,Bezdan,2003-05-16,BOD,,4.946,mg/l,Fair,augmented_copy3_jitter+2d
SRB00001,Bezdan,2003-06-10,BOD,,3.579,mg/l,Fair,augmented_copy1_jitter-1d
SRB00001,Bezdan,2003-06-11,BOD,,3.7,mg/l,Fair,original
SRB00001,Bezdan,2003-06-12,BOD,,3.6681,mg/l,Fair,augmented_copy2_jitter+1d
SRB00001,Bezdan,2003-06-12,BOD,,3.7267,mg/l,Fair,augmented_copy3_jitter+1d
SRB00001,Bezdan,2003-07-08,BOD,,5.4567,mg/l,Fair,augmented_copy3_jitter-1d
SRB00001,Bezdan,2003-07-09,BOD,,5.5,mg/l,Fair,original
SRB00001,Bezdan,2003-07-11,BOD,,5.5184,mg/l,Fair,augmented_copy2_jitter+2d
SRB00001,Bezdan,2003-07-12,BOD,,5.5044,mg/l,Fair,augmented_copy1_jitter+3d
SRB00001,Bezdan,2003-08-13,BOD,,4.7,mg/l,Fair,original
SRB00001,Bezdan,2003-08-15,BOD,,4.6709,mg/l,Fair,augmented_copy2_jitter+2d
SRB00001,Bezdan,2003-08-16,BOD,,4.6967,mg/l,Fair,augmented_copy1_jitter+3d
SRB00001,Bezdan,2003-08-16,BOD,,4.7042,mg/l,Fair,augmented_copy3_jitter+3d
SRB00001,Bezdan,2003-09-07,BOD,,1.6737,mg/l,Fair,augmented_copy1_jitter-3d
SRB00001,Bezdan,2003-09-07,BOD,,1.6207,mg/l,Fair,augmented_copy3_jitter-3d
SRB00001,Bezdan,2003-09-09,BOD,,1.6344,mg/l,Fair,augmented_copy2_jitter-1d
SRB00001,Bezdan,2003-09-10,BOD,,1.6,mg/l,Fair,original
SRB00001,Bezdan,2003-10-05,BOD,,1.0157,mg/l,Fair,augmented_copy2_jitter-3d
SRB00001,Bezdan,2003-10-08,BOD,,1.0,mg/l,Fair,original
SRB00001,Bezdan,2003-10-11,BOD,,0.9971,mg/l,Fair,augmented_copy1_jitter+3d
SRB00001,Bezdan,2003-10-11,BOD,,1.0428,mg/l,Fair,augmented_copy3_jitter+3d
SRB00001,Bezdan,2003-11-12,BOD,,2.1,mg/l,Fair,original
SRB00001,Bezdan,2003-11-13,BOD,,2.1275,mg/l,Fair,augmented_copy2_jitter+1d
SRB00001,Bezdan,2003-11-13,BOD,,2.0601,mg/l,Fair,augmented_copy3_jitter+1d
SRB00001,Bezdan,2003-11-14,BOD,,2.1989,mg/l,Fair,augmented_copy1_jitter+2d
SRB00001,Bezdan,2003-12-08,BOD,,1.8154,mg/l,Fair,augmented_copy1_jitter-2d
SRB00001,Bezdan,2003-12-08,BOD,,1.7964,mg/l,Fair,augmented_copy2_jitter-2d
SRB00001,Bezdan,2003-12-10,BOD,,1.8,mg/l,Fair,original
SRB00001,Bezdan,2003-12-12,BOD,,1.769,mg/l,Fair,augmented_copy3_jitter+2d
SRB00001,Bezdan,2013-01-06,BOD,,1.9041,mg/l,Fair,augmented_copy3_jitter-3d
SRB00001,Bezdan,2013-01-07,BOD,,1.7641,mg/l,Fair,augmented_copy1_jitter-2d
SRB00001,Bezdan,2013-01-09,BOD,,1.8,mg/l,Fair,original
SRB00001,Bezdan,2013-01-12,BOD,,1.8792,mg/l,Fair,augmented_copy2_jitter+3d
SRB00001,Bezdan,2013-02-03,BOD,,1.4221,mg/l,Fair,augmented_copy2_jitter-3d
SRB00001,Bezdan,2013-02-03,BOD,,1.4839,mg/l,Fair,augmented_copy3_jitter-3d
SRB00001,Bezdan,2013-02-04,BOD,,1.3868,mg/l,Fair,augmented_copy1_jitter-2d
SRB00001,Bezdan,2013-02-06,BOD,,1.5,mg/l,Fair,original
SRB00001,Bezdan,2013-03-03,BOD,,1.1018,mg/l,Fair,augmented_copy3_jitter-3d
SRB00001,Bezdan,2013-03-05,BOD,,0.9323,mg/l,Fair,augmented_copy2_jitter-1d
SRB00001,Bezdan,2013-03-06,BOD,,1.0,mg/l,Fair,original
SRB00001,Bezdan,2013-03-08,BOD,,1.0074,mg/l,Fair,augmented_copy1_jitter+2d
SRB00001,Bezdan,2013-04-01,BOD,,3.3421,mg/l,Fair,augmented_copy2_jitter-2d
SRB00001,Bezdan,2013-04-02,BOD,,3.4176,mg/l,Fair,augmented_copy1_jitter-1d
SRB00001,Bezdan,2013-04-03,BOD,,3.4,mg/l,Fair,original
SRB00001,Bezdan,2013-04-04,BOD,,3.3387,mg/l,Fair,augmented_copy3_jitter+1d
SRB00001,Bezdan,2013-05-06,BOD,,1.4099,mg/l,Fair,augmented_copy1_jitter-2d
SRB00001,Bezdan,2013-05-08,BOD,,1.4,mg/l,Fair,original
SRB00001,Bezdan,2013-05-10,BOD,,1.3123,mg/l,Fair,augmented_copy2_jitter+2d
SRB00001,Bezdan,2013-05-10,BOD,,1.4227,mg/l,Fair,augmented_copy3_jitter+2d
SRB00001,Bezdan,2013-06-03,BOD,,2.0816,mg/l,Fair,augmented_copy3_jitter-2d
SRB00001,Bezdan,2013-06-04,BOD,,2.0775,mg/l,Fair,augmented_copy2_jitter-1d
SRB00001,Bezdan,2013-06-05,BOD,,2.1,mg/l,Fair,original
SRB00001,Bezdan,2013-06-07,BOD,,2.1104,mg/l,Fair,augmented_copy1_jitter+2d
SRB00001,Bezdan,2013-06-30,BOD,,2.9091,mg/l,Fair,augmented_copy1_jitter-3d
SRB00001,Bezdan,2013-07-02,BOD,,2.9022,mg/l,Fair,augmented_copy2_jitter-1d
SRB00001,Bezdan,2013-07-03,BOD,,2.9,mg/l,Fair,original
SRB00001,Bezdan,2013-07-05,BOD,,2.9076,mg/l,Fair,augmented_copy3_jitter+2d
SRB00001,Bezdan,2013-08-06,BOD,,3.0193,mg/l,Fair,augmented_copy3_jitter-1d
SRB00001,Bezdan,2013-08-07,BOD,,3.0,mg/l,Fair,original
SRB00001,Bezdan,2013-08-09,BOD,,3.0445,mg/l,Fair,augmented_copy1_jitter+2d
SRB00001,Bezdan,2013-08-09,BOD,,3.0308,mg/l,Fair,augmented_copy2_jitter+2d
SRB00001,Bezdan,2013-09-03,BOD,,1.4921,mg/l,Fair,augmented_copy1_jitter-1d
SRB00001,Bezdan,2013-09-03,BOD,,1.5807,mg/l,Fair,augmented_copy2_jitter-1d
SRB00001,Bezdan,2013-09-04,BOD,,1.5,mg/l,Fair,original
SRB00001,Bezdan,2013-09-06,BOD,,1.5007,mg/l,Fair,augmented_copy3_jitter+2d
SRB00001,Bezdan,2013-10-01,BOD,,1.409,mg/l,Fair,augmented_copy2_jitter-1d
SRB00001,Bezdan,2013-10-01,BOD,,1.3689,mg/l,Fair,augmented_copy3_jitter-1d
SRB00001,Bezdan,2013-10-02,BOD,,1.4,mg/l,Fair,original
SRB00001,Bezdan,2013-10-05,BOD,,1.4976,mg/l,Fair,augmented_copy1_jitter+3d
SRB00001,Bezdan,2013-11-06,BOD,,1.2,mg/l,Fair,original
SRB00001,Bezdan,2013-11-07,BOD,,1.2198,mg/l,Fair,augmented_copy2_jitter+1d
SRB00001,Bezdan,2013-11-08,BOD,,1.2302,mg/l,Fair,augmented_copy1_jitter+2d
SRB00001,Bezdan,2013-11-08,BOD,,1.162,mg/l,Fair,augmented_copy3_jitter+2d
SRB00001,Bezdan,2013-12-02,BOD,,0.9912,mg/l,Fair,augmented_copy3_jitter-2d
SRB00001,Bezdan,2013-12-03,BOD,,0.9919,mg/l,Fair,augmented_copy1_jitter-1d
SRB00001,Bezdan,2013-12-04,BOD,,1.0,mg/l,Fair,original
SRB00001,Bezdan,2013-12-07,BOD,,0.9058,mg/l,Fair,augmented_copy2_jitter+3d
SRB00001,Bezdan,2014-01-28,BOD,,1.5,mg/l,Fair,original
SRB00001,Bezdan,2014-01-30,BOD,,1.4824,mg/l,Fair,augmented_copy1_jitter+2d
SRB00001,Bezdan,2014-01-30,BOD,,1.6189,mg/l,Fair,augmented_copy3_jitter+2d
SRB00001,Bezdan,2014-01-31,BOD,,1.5558,mg/l,Fair,augmented_copy2_jitter+3d
SRB00001,Bezdan,2014-02-05,BOD,,1.8,mg/l,Fair,original
SRB00001,Bezdan,2014-02-08,BOD,,1.793,mg/l,Fair,augmented_copy1_jitter+3d
SRB00001,Bezdan,2014-02-08,BOD,,1.7987,mg/l,Fair,augmented_copy2_jitter+3d
SRB00001,Bezdan,2014-02-08,BOD,,1.8558,mg/l,Fair,augmented_copy3_jitter+3d
SRB00001,Bezdan,2014-03-02,BOD,,2.6606,mg/l,Fair,augmented_copy2_jitter-3d
SRB00001,Bezdan,2014-03-02,BOD,,2.6701,mg/l,Fair,augmented_copy3_jitter-3d
SRB00001,Bezdan,2014-03-03,BOD,,2.7024,mg/l,Fair,augmented_copy1_jitter-2d
SRB00001,Bezdan,2014-03-05,BOD,,2.7,mg/l,Fair,original
SRB00001,Bezdan,2014-03-30,BOD,,4.7349,mg/l,Fair,augmented_copy2_jitter-3d
SRB00001,Bezdan,2014-03-31,BOD,,4.7209,mg/l,Fair,augmented_copy1_jitter-2d
SRB00001,Bezdan,2014-03-31,BOD,,4.6004,mg/l,Fair,augmented_copy3_jitter-2d
SRB00001,Bezdan,2014-04-02,BOD,,4.7,mg/l,Fair,original
SRB00001,Bezdan,2014-05-04,BOD,,2.5569,mg/l,Fair,augmented_copy1_jitter-3d
SRB00001,Bezdan,2014-05-07,BOD,,2.5,mg/l,Fair,original
SRB00001,Bezdan,2014-05-08,BOD,,2.4822,mg/l,Fair,augmented_copy2_jitter+1d
SRB00001,Bezdan,2014-05-08,BOD,,2.4078,mg/l,Fair,augmented_copy3_jitter+1d
SRB00001,Bezdan,2014-06-01,BOD,,1.3657,mg/l,Fair,augmented_copy1_jitter-3d
SRB00001,Bezdan,2014-06-03,BOD,,1.324,mg/l,Fair,augmented_copy3_jitter-1d
SRB00001,Bezdan,2014-06-04,BOD,,1.3,mg/l,Fair,original
SRB00001,Bezdan,2014-06-05,BOD,,1.2244,mg/l,Fair,augmented_copy2_jitter+1d
SRB00001,Bezdan,2014-06-29,BOD,,1.0134,mg/l,Fair,augmented_copy1_jitter-3d
SRB00001,Bezdan,2014-06-29,BOD,,1.0729,mg/l,Fair,augmented_copy2_jitter-3d
SRB00001,Bezdan,2014-07-01,BOD,,0.9112,mg/l,Fair,augmented_copy3_jitter-1d
SRB00001,Bezdan,2014-07-02,BOD,,1.0,mg/l,Fair,original
SRB00001,Bezdan,2014-08-04,BOD,,2.368,mg/l,Fair,augmented_copy3_jitter-2d
SRB00001,Bezdan,2014-08-06,BOD,,2.3,mg/l,Fair,original
SRB00001,Bezdan,2014-08-07,BOD,,2.2092,mg/l,Fair,augmented_copy1_jitter+1d
SRB00001,Bezdan,2014-08-08,BOD,,2.1751,mg/l,Fair,augmented_copy2_jitter+2d
SRB00001,Bezdan,2014-09-10,BOD,,2.3,mg/l,Fair,original
SRB00001,Bezdan,2014-09-11,BOD,,2.2928,mg/l,Fair,augmented_copy3_jitter+1d
SRB00001,Bezdan,2014-09-12,BOD,,2.3507,mg/l,Fair,augmented_copy1_jitter+2d
SRB00001,Bezdan,2014-09-13,BOD,,2.3184,mg/l,Fair,augmented_copy2_jitter+3d
SRB00001,Bezdan,2014-09-28,BOD,,1.6797,mg/l,Fair,augmented_copy1_jitter-3d
SRB00001,Bezdan,2014-09-29,BOD,,1.669,mg/l,Fair,augmented_copy3_jitter-2d
SRB00001,Bezdan,2014-10-01,BOD,,1.7,mg/l,Fair,original
SRB00001,Bezdan,2014-10-04,BOD,,1.7059,mg/l,Fair,augmented_copy2_jitter+3d
SRB00001,Bezdan,2014-11-02,BOD,,1.5897,mg/l,Fair,augmented_copy3_jitter-3d
SRB00001,Bezdan,2014-11-05,BOD,,1.6,mg/l,Fair,original
SRB00001,Bezdan,2014-11-08,BOD,,1.5087,mg/l,Fair,augmented_copy1_jitter+3d
SRB00001,Bezdan,2014-11-08,BOD,,1.5192,mg/l,Fair,augmented_copy2_jitter+3d
SRB00001,Bezdan,2014-12-01,BOD,,1.7538,mg/l,Fair,augmented_copy1_jitter-2d
SRB00001,Bezdan,2014-12-02,BOD,,1.8552,mg/l,Fair,augmented_copy2_jitter-1d
SRB00001,Bezdan,2014-12-03,BOD,,1.8,mg/l,Fair,original
SRB00001,Bezdan,2014-12-04,BOD,,1.8097,mg/l,Fair,augmented_copy3_jitter+1d
SRB00001,Bezdan,2015-01-11,BOD,,1.3751,mg/l,Fair,augmented_copy2_jitter-3d
SRB00001,Bezdan,2015-01-12,BOD,,1.4116,mg/l,Fair,augmented_copy3_jitter-2d
SRB00001,Bezdan,2015-01-14,BOD,,1.4,mg/l,Fair,original
SRB00001,Bezdan,2015-01-16,BOD,,1.3211,mg/l,Fair,augmented_copy1_jitter+2d
SRB00001,Bezdan,2015-02-01,BOD,,2.1072,mg/l,Fair,augmented_copy1_jitter-3d
SRB00001,Bezdan,2015-02-04,BOD,,2.0,mg/l,Fair,original
SRB00001,Bezdan,2015-02-06,BOD,,2.0061,mg/l,Fair,augmented_copy2_jitter+2d
SRB00001,Bezdan,2015-02-06,BOD,,2.0721,mg/l,Fair,augmented_copy3_jitter+2d
SRB00001,Bezdan,2015-03-03,BOD,,1.278,mg/l,Fair,augmented_copy3_jitter-1d
SRB00001,Bezdan,2015-03-04,BOD,,1.3,mg/l,Fair,original
SRB00001,Bezdan,2015-03-05,BOD,,1.2527,mg/l,Fair,augmented_copy2_jitter+1d
SRB00001,Bezdan,2015-03-07,BOD,,1.3859,mg/l,Fair,augmented_copy1_jitter+3d
SRB00001,Bezdan,2015-03-31,BOD,,2.7863,mg/l,Fair,augmented_copy1_jitter-1d
SRB00001,Bezdan,2015-04-01,BOD,,2.7,mg/l,Fair,original
SRB00001,Bezdan,2015-04-02,BOD,,2.8224,mg/l,Fair,augmented_copy2_jitter+1d
SRB00001,Bezdan,2015-04-02,BOD,,2.789,mg/l,Fair,augmented_copy3_jitter+1d
SRB00001,Bezdan,2015-05-05,BOD,,2.8929,mg/l,Fair,augmented_copy3_jitter-1d
SRB00001,Bezdan,2015-05-06,BOD,,2.9,mg/l,Fair,original
SRB00001,Bezdan,2015-05-07,BOD,,2.9119,mg/l,Fair,augmented_copy1_jitter+1d
SRB00001,Bezdan,2015-05-08,BOD,,2.9966,mg/l,Fair,augmented_copy2_jitter+2d
SRB00001,Bezdan,2015-06-02,BOD,,1.6002,mg/l,Fair,augmented_copy1_jitter-1d
SRB00001,Bezdan,2015-06-03,BOD,,1.6,mg/l,Fair,original
SRB00001,Bezdan,2015-06-04,BOD,,1.5729,mg/l,Fair,augmented_copy3_jitter+1d
SRB00001,Bezdan,2015-06-05,BOD,,1.5441,mg/l,Fair,augmented_copy2_jitter+2d
SRB00001,Bezdan,2015-07-08,BOD,,2.3,mg/l,Fair,original
SRB00001,Bezdan,2015-07-10,BOD,,2.3464,mg/l,Fair,augmented_copy1_jitter+2d
SRB00001,Bezdan,2015-07-10,BOD,,2.2806,mg/l,Fair,augmented_copy3_jitter+2d
SRB00001,Bezdan,2015-07-11,BOD,,2.3326,mg/l,Fair,augmented_copy2_jitter+3d
SRB00001,Bezdan,2015-08-03,BOD,,1.0177,mg/l,Fair,augmented_copy1_jitter-2d
SRB00001,Bezdan,2015-08-03,BOD,,1.0032,mg/l,Fair,augmented_copy3_jitter-2d
SRB00001,Bezdan,2015-08-05,BOD,,1.0,mg/l,Fair,original
SRB00001,Bezdan,2015-08-06,BOD,,1.0452,mg/l,Fair,augmented_copy2_jitter+1d
SRB00001,Bezdan,2015-08-31,BOD,,3.2405,mg/l,Fair,augmented_copy1_jitter-2d
SRB00001,Bezdan,2015-09-01,BOD,,3.1166,mg/l,Fair,augmented_copy2_jitter-1d
SRB00001,Bezdan,2015-09-02,BOD,,3.2,mg/l,Fair,original
SRB00001,Bezdan,2015-09-04,BOD,,3.2158,mg/l,Fair,augmented_copy3_jitter+2d
SRB00001,Bezdan,2015-10-06,BOD,,1.1993,mg/l,Fair,augmented_copy1_jitter-1d
SRB00001,Bezdan,2015-10-06,BOD,,0.9739,mg/l,Fair,augmented_copy3_jitter-1d
SRB00001,Bezdan,2015-10-07,BOD,,1.1,mg/l,Fair,original
SRB00001,Bezdan,2015-10-09,BOD,,1.0958,mg/l,Fair,augmented_copy2_jitter+2d
SRB00001,Bezdan,2015-11-09,BOD,,1.7407,mg/l,Fair,augmented_copy2_jitter-3d
SRB00001,Bezdan,2015-11-09,BOD,,1.7023,mg/l,Fair,augmented_copy3_jitter-3d
SRB00001,Bezdan,2015-11-10,BOD,,1.6352,mg/l,Fair,augmented_copy1_jitter-2d
SRB00001,Bezdan,2015-11-12,BOD,,1.7,mg/l,Fair,original
SRB00001,Bezdan,2015-11-30,BOD,,1.0212,mg/l,Fair,augmented_copy3_jitter-2d
SRB00001,Bezdan,2015-12-02,BOD,,1.0,mg/l,Fair,original
SRB00001,Bezdan,2015-12-04,BOD,,0.9913,mg/l,Fair,augmented_copy1_jitter+2d
SRB00001,Bezdan,2015-12-04,BOD,,0.9432,mg/l,Fair,augmented_copy2_jitter+2d
SRB00001,Bezdan,2016-01-10,BOD,,2.9988,mg/l,Fair,augmented_copy3_jitter-3d
SRB00001,Bezdan,2016-01-12,BOD,,2.9154,mg/l,Fair,augmented_copy1_jitter-1d
SRB00001,Bezdan,2016-01-13,BOD,,3.0,mg/l,Fair,original
SRB00001,Bezdan,2016-01-15,BOD,,3.0124,mg/l,Fair,augmented_copy2_jitter+2d
SRB00001,Bezdan,2016-02-01,BOD,,2.5543,mg/l,Fair,augmented_copy2_jitter-2d
SRB00001,Bezdan,2016-02-02,BOD,,2.62,mg/l,Fair,augmented_copy3_jitter-1d
SRB00001,Bezdan,2016-02-03,BOD,,2.6,mg/l,Fair,original
SRB00001,Bezdan,2016-02-04,BOD,,2.6334,mg/l,Fair,augmented_copy1_jitter+1d
SRB00001,Bezdan,2016-02-28,BOD,,1.9052,mg/l,Fair,augmented_copy1_jitter-3d
SRB00001,Bezdan,2016-03-02,BOD,,1.9,mg/l,Fair,original
SRB00001,Bezdan,2016-03-05,BOD,,1.9009,mg/l,Fair,augmented_copy2_jitter+3d
SRB00001,Bezdan,2016-03-05,BOD,,1.784,mg/l,Fair,augmented_copy3_jitter+3d
SRB00001,Bezdan,2016-04-05,BOD,,2.774,mg/l,Fair,augmented_copy3_jitter-1d
SRB00001,Bezdan,2016-04-06,BOD,,2.8,mg/l,Fair,original
SRB00001,Bezdan,2016-04-09,BOD,,2.8221,mg/l,Fair,augmented_copy1_jitter+3d
SRB00001,Bezdan,2016-04-09,BOD,,2.8281,mg/l,Fair,augmented_copy2_jitter+3d
SRB00001,Bezdan,2016-05-01,BOD,,2.0373,mg/l,Fair,augmented_copy1_jitter-3d
SRB00001,Bezdan,2016-05-02,BOD,,2.2166,mg/l,Fair,augmented_copy2_jitter-2d
SRB00001,Bezdan,2016-05-04,BOD,,2.1,mg/l,Fair,original
SRB00001,Bezdan,2016-05-07,BOD,,2.1219,mg/l,Fair,augmented_copy3_jitter+3d
SRB00001,Bezdan,2016-05-30,BOD,,1.7922,mg/l,Fair,augmented_copy1_jitter-2d
SRB00001,Bezdan,2016-06-01,BOD,,1.8,mg/l,Fair,original
SRB00001,Bezdan,2016-06-03,BOD,,1.8426,mg/l,Fair,augmented_copy2_jitter+2d
SRB00001,Bezdan,2016-06-04,BOD,,1.8298,mg/l,Fair,augmented_copy3_jitter+3d
SRB00001,Bezdan,2016-07-04,BOD,,0.991,mg/l,Fair,augmented_copy1_jitter-2d
SRB00001,Bezdan,2016-07-06,BOD,,1.0,mg/l,Fair,original
SRB00001,Bezdan,2016-07-07,BOD,,0.9843,mg/l,Fair,augmented_copy3_jitter+1d
SRB00001,Bezdan,2016-07-09,BOD,,1.0312,mg/l,Fair,augmented_copy2_jitter+3d
SRB00001,Bezdan,2016-07-31,BOD,,1.1816,mg/l,Fair,augmented_copy1_jitter-3d
SRB00001,Bezdan,2016-08-02,BOD,,1.1421,mg/l,Fair,augmented_copy2_jitter-1d
SRB00001,Bezdan,2016-08-03,BOD,,1.1,mg/l,Fair,original
SRB00001,Bezdan,2016-08-05,BOD,,1.1985,mg/l,Fair,augmented_copy3_jitter+2d
SRB00001,Bezdan,2016-09-04,BOD,,2.144,mg/l,Fair,augmented_copy2_jitter-3d
SRB00001,Bezdan,2016-09-07,BOD,,2.2,mg/l,Fair,original
SRB00001,Bezdan,2016-09-09,BOD,,2.1789,mg/l,Fair,augmented_copy1_jitter+2d
SRB00001,Bezdan,2016-09-09,BOD,,2.2277,mg/l,Fair,augmented_copy3_jitter+2d
SRB00001,Bezdan,2016-10-04,BOD,,2.7029,mg/l,Fair,augmented_copy3_jitter-1d
SRB00001,Bezdan,2016-10-05,BOD,,2.8,mg/l,Fair,original
SRB00001,Bezdan,2016-10-06,BOD,,2.7799,mg/l,Fair,augmented_copy1_jitter+1d
SRB00001,Bezdan,2016-10-07,BOD,,2.8727,mg/l,Fair,augmented_copy2_jitter+2d
SRB00001,Bezdan,2016-10-30,BOD,,2.48,mg/l,Fair,augmented_copy3_jitter-3d
SRB00001,Bezdan,2016-11-01,BOD,,2.4918,mg/l,Fair,augmented_copy2_jitter-1d
SRB00001,Bezdan,2016-11-02,BOD,,2.5,mg/l,Fair,original
SRB00001,Bezdan,2016-11-05,BOD,,2.5111,mg/l,Fair,augmented_copy1_jitter+3d
SRB00001,Bezdan,2016-12-04,BOD,,2.2017,mg/l,Fair,augmented_copy3_jitter-3d
SRB00001,Bezdan,2016-12-06,BOD,,2.0668,mg/l,Fair,augmented_copy1_jitter-1d
SRB00001,Bezdan,2016-12-06,BOD,,2.1877,mg/l,Fair,augmented_copy2_jitter-1d
SRB00001,Bezdan,2016-12-07,BOD,,2.2,mg/l,Fair,original
SRB00001,Bezdan,2017-01-09,BOD,,1.8719,mg/l,Fair,augmented_copy1_jitter-2d
SRB00001,Bezdan,2017-01-10,BOD,,1.7814,mg/l,Fair,augmented_copy2_jitter-1d
SRB00001,Bezdan,2017-01-10,BOD,,1.8004,mg/l,Fair,augmented_copy3_jitter-1d
SRB00001,Bezdan,2017-01-11,BOD,,1.9,mg/l,Fair,original
SRB00001,Bezdan,2017-02-28,BOD,,2.2789,mg/l,Fair,augmented_copy1_jitter-1d
SRB00001,Bezdan,2017-02-28,BOD,,2.1636,mg/l,Fair,augmented_copy2_jitter-1d
SRB00001,Bezdan,2017-02-28,BOD,,2.1856,mg/l,Fair,augmented_copy3_jitter-1d
SRB00001,Bezdan,2017-03-01,BOD,,2.2,mg/l,Fair,original
SRB00001,Bezdan,2017-04-02,BOD,,2.7689,mg/l,Fair,augmented_copy2_jitter-3d
SRB00001,Bezdan,2017-04-04,BOD,,2.7237,mg/l,Fair,augmented_copy1_jitter-1d
SRB00001,Bezdan,2017-04-05,BOD,,2.7,mg/l,Fair,original
SRB00001,Bezdan,2017-04-07,BOD,,2.7035,mg/l,Fair,augmented_copy3_jitter+2d
SRB00001,Bezdan,2017-05-01,BOD,,3.2389,mg/l,Fair,augmented_copy1_jitter-2d
SRB00001,Bezdan,2017-05-01,BOD,,3.1347,mg/l,Fair,augmented_copy2_jitter-2d
SRB00001,Bezdan,2017-05-03,BOD,,3.2,mg/l,Fair,original
SRB00001,Bezdan,2017-05-04,BOD,,3.2142,mg/l,Fair,augmented_copy3_jitter+1d
SRB00001,Bezdan,2017-06-12,BOD,,2.215,mg/l,Fair,augmented_copy3_jitter-2d
SRB00001,Bezdan,2017-06-14,BOD,,2.3,mg/l,Fair,original
SRB00001,Bezdan,2017-06-16,BOD,,2.2083,mg/l,Fair,augmented_copy2_jitter+2d
SRB00001,Bezdan,2017-06-17,BOD,,2.3448,mg/l,Fair,augmented_copy1_jitter+3d
SRB00001,Bezdan,2017-07-05,BOD,,2.4,mg/l,Fair,original
SRB00001,Bezdan,2017-07-06,BOD,,2.3642,mg/l,Fair,augmented_copy2_jitter+1d
SRB00001,Bezdan,2017-07-07,BOD,,2.3773,mg/l,Fair,augmented_copy3_jitter+2d
SRB00001,Bezdan,2017-07-08,BOD,,2.498,mg/l,Fair,augmented_copy1_jitter+3d
SRB00001,Bezdan,2017-07-30,BOD,,1.2667,mg/l,Fair,augmented_copy1_jitter-3d
SRB00001,Bezdan,2017-07-31,BOD,,1.32,mg/l,Fair,augmented_copy2_jitter-2d
SRB00001,Bezdan,2017-08-02,BOD,,1.3,mg/l,Fair,original
SRB00001,Bezdan,2017-08-03,BOD,,1.2263,mg/l,Fair,augmented_copy3_jitter+1d
SRB00001,Bezdan,2017-09-04,BOD,,2.0583,mg/l,Fair,augmented_copy2_jitter-2d
SRB00001,Bezdan,2017-09-06,BOD,,2.0,mg/l,Fair,original
SRB00001,Bezdan,2017-09-07,BOD,,1.9427,mg/l,Fair,augmented_copy1_jitter+1d
SRB00001,Bezdan,2017-09-08,BOD,,1.9898,mg/l,Fair,augmented_copy3_jitter+2d
SRB00001,Bezdan,2017-10-03,BOD,,1.2023,mg/l,Fair,augmented_copy2_jitter-1d
SRB00001,Bezdan,2017-10-04,BOD,,1.1,mg/l,Fair,original
SRB00001,Bezdan,2017-10-05,BOD,,1.0547,mg/l,Fair,augmented_copy1_jitter+1d
SRB00001,Bezdan,2017-10-05,BOD,,1.0346,mg/l,Fair,augmented_copy3_jitter+1d
SRB00001,Bezdan,2017-11-05,BOD,,1.196,mg/l,Fair,augmented_copy3_jitter-3d
SRB00001,Bezdan,2017-11-07,BOD,,1.1092,mg/l,Fair,augmented_copy2_jitter-1d
SRB00001,Bezdan,2017-11-08,BOD,,1.1,mg/l,Fair,original
SRB00001,Bezdan,2017-11-09,BOD,,1.0873,mg/l,Fair,augmented_copy1_jitter+1d
SRB00001,Bezdan,2017-12-10,BOD,,1.006,mg/l,Fair,augmented_copy1_jitter-3d
SRB00001,Bezdan,2017-12-13,BOD,,1.0,mg/l,Fair,original
SRB00001,Bezdan,2017-12-16,BOD,,0.9155,mg/l,Fair,augmented_copy2_jitter+3d
SRB00001,Bezdan,2017-12-16,BOD,,1.0656,mg/l,Fair,augmented_copy3_jitter+3d
SRB00001,Bezdan,2018-01-08,BOD,,1.0969,mg/l,Fair,augmented_copy2_jitter-2d
SRB00001,Bezdan,2018-01-08,BOD,,0.9574,mg/l,Fair,augmented_copy3_jitter-2d
SRB00001,Bezdan,2018-01-10,BOD,,1.0,mg/l,Fair,original
SRB00001,Bezdan,2018-01-11,BOD,,0.9685,mg/l,Fair,augmented_copy1_jitter+1d
SRB00001,Bezdan,2018-02-05,BOD,,2.3193,mg/l,Fair,augmented_copy2_jitter-2d
SRB00001,Bezdan,2018-02-06,BOD,,2.2579,mg/l,Fair,augmented_copy1_jitter-1d
SRB00001,Bezdan,2018-02-06,BOD,,2.2839,mg/l,Fair,augmented_copy3_jitter-1d
SRB00001,Bezdan,2018-02-07,BOD,,2.3,mg/l,Fair,original
SRB00001,Bezdan,2018-03-05,BOD,,1.3747,mg/l,Fair,augmented_copy2_jitter-2d
SRB00001,Bezdan,2018-03-07,BOD,,1.4,mg/l,Fair,original
SRB00001,Bezdan,2018-03-08,BOD,,1.3997,mg/l,Fair,augmented_copy1_jitter+1d
SRB00001,Bezdan,2018-03-09,BOD,,1.4549,mg/l,Fair,augmented_copy3_jitter+2d
SRB00001,Bezdan,2018-04-01,BOD,,3.6729,mg/l,Fair,augmented_copy3_jitter-3d
SRB00001,Bezdan,2018-04-02,BOD,,3.7935,mg/l,Fair,augmented_copy1_jitter-2d
SRB00001,Bezdan,2018-04-03,BOD,,3.7161,mg/l,Fair,augmented_copy2_jitter-1d
SRB00001,Bezdan,2018-04-04,BOD,,3.7,mg/l,Fair,original
SRB00001,Bezdan,2018-05-08,BOD,,2.0566,mg/l,Fair,augmented_copy1_jitter-1d
SRB00001,Bezdan,2018-05-09,BOD,,2.0,mg/l,Fair,original
SRB00001,Bezdan,2018-05-11,BOD,,1.9578,mg/l,Fair,augmented_copy3_jitter+2d
SRB00001,Bezdan,2018-05-12,BOD,,2.1168,mg/l,Fair,augmented_copy2_jitter+3d
SRB00001,Bezdan,2018-06-06,BOD,,3.8,mg/l,Fair,original
SRB00001,Bezdan,2018-06-07,BOD,,3.8344,mg/l,Fair,augmented_copy2_jitter+1d
SRB00001,Bezdan,2018-06-07,BOD,,3.84,mg/l,Fair,augmented_copy3_jitter+1d
SRB00001,Bezdan,2018-06-08,BOD,,3.8204,mg/l,Fair,augmented_copy1_jitter+2d
SRB00001,Bezdan,2018-07-02,BOD,,1.0327,mg/l,Fair,augmented_copy2_jitter-2d
SRB00001,Bezdan,2018-07-03,BOD,,1.0693,mg/l,Fair,augmented_copy1_jitter-1d
SRB00001,Bezdan,2018-07-04,BOD,,1.0,mg/l,Fair,original
SRB00001,Bezdan,2018-07-05,BOD,,1.0141,mg/l,Fair,augmented_copy3_jitter+1d
SRB00001,Bezdan,2018-07-29,BOD,,2.9117,mg/l,Fair,augmented_copy1_jitter-3d
SRB00001,Bezdan,2018-08-01,BOD,,3.0,mg/l,Fair,original
SRB00001,Bezdan,2018-08-02,BOD,,2.9186,mg/l,Fair,augmented_copy3_jitter+1d
SRB00001,Bezdan,2018-08-03,BOD,,2.9563,mg/l,Fair,augmented_copy2_jitter+2d
SRB00001,Bezdan,2018-09-09,BOD,,2.651,mg/l,Fair,augmented_copy3_jitter-3d
SRB00001,Bezdan,2018-09-12,BOD,,2.6,mg/l,Fair,original
SRB00001,Bezdan,2018-09-14,BOD,,2.6104,mg/l,Fair,augmented_copy1_jitter+2d
SRB00001,Bezdan,2018-09-15,BOD,,2.6744,mg/l,Fair,augmented_copy2_jitter+3d
SRB00001,Bezdan,2018-09-30,BOD,,0.9784,mg/l,Fair,augmented_copy3_jitter-3d
SRB00001,Bezdan,2018-10-02,BOD,,0.9138,mg/l,Fair,augmented_copy1_jitter-1d
SRB00001,Bezdan,2018-10-03,BOD,,1.0,mg/l,Fair,original
SRB00001,Bezdan,2018-10-05,BOD,,1.0256,mg/l,Fair,augmented_copy2_jitter+2d
SRB00001,Bezdan,2018-11-04,BOD,,1.7233,mg/l,Fair,augmented_copy3_jitter-3d
SRB00001,Bezdan,2018-11-05,BOD,,1.8399,mg/l,Fair,augmented_copy1_jitter-2d
SRB00001,Bezdan,2018-11-05,BOD,,1.7178,mg/l,Fair,augmented_copy2_jitter-2d
SRB00001,Bezdan,2018-11-07,BOD,,1.7,mg/l,Fair,original
SRB00001,Bezdan,2018-12-04,BOD,,1.0159,mg/l,Fair,augmented_copy3_jitter-1d
SRB00001,Bezdan,2018-12-05,BOD,,1.0,mg/l,Fair,original
SRB00001,Bezdan,2018-12-07,BOD,,1.0039,mg/l,Fair,augmented_copy2_jitter+2d
SRB00001,Bezdan,2018-12-08,BOD,,1.0606,mg/l,Fair,augmented_copy1_jitter+3d
SRB00001,Bezdan,2019-01-06,BOD,,0.9831,mg/l,Fair,augmented_copy2_jitter-3d
SRB00001,Bezdan,2019-01-09,BOD,,1.0,mg/l,Fair,original
SRB00001,Bezdan,2019-01-10,BOD,,0.9576,mg/l,Fair,augmented_copy3_jitter+1d
SRB00001,Bezdan,2019-01-11,BOD,,0.9471,mg/l,Fair,augmented_copy1_jitter+2d
SRB00001,Bezdan,2019-02-03,BOD,,2.0595,mg/l,Fair,augmented_copy3_jitter-3d
SRB00001,Bezdan,2019-02-05,BOD,,2.1422,mg/l,Fair,augmented_copy1_jitter-1d
SRB00001,Bezdan,2019-02-06,BOD,,2.1,mg/l,Fair,original
SRB00001,Bezdan,2019-02-08,BOD,,2.1223,mg/l,Fair,augmented_copy2_jitter+2d
SRB00001,Bezdan,2019-03-04,BOD,,1.651,mg/l,Fair,augmented_copy2_jitter-2d
SRB00001,Bezdan,2019-03-06,BOD,,1.7,mg/l,Fair,original
SRB00001,Bezdan,2019-03-07,BOD,,1.7155,mg/l,Fair,augmented_copy1_jitter+1d
SRB00001,Bezdan,2019-03-09,BOD,,1.6872,mg/l,Fair,augmented_copy3_jitter+3d
SRB00001,Bezdan,2019-03-31,BOD,,3.0943,mg/l,Fair,augmented_copy1_jitter-3d
SRB00001,Bezdan,2019-04-03,BOD,,3.1,mg/l,Fair,original
SRB00001,Bezdan,2019-04-06,BOD,,3.1662,mg/l,Fair,augmented_copy2_jitter+3d
SRB00001,Bezdan,2019-04-06,BOD,,3.1335,mg/l,Fair,augmented_copy3_jitter+3d
SRB00001,Bezdan,2019-05-05,BOD,,1.3628,mg/l,Fair,augmented_copy1_jitter-3d
SRB00001,Bezdan,2019-05-06,BOD,,1.3073,mg/l,Fair,augmented_copy2_jitter-2d
SRB00001,Bezdan,2019-05-08,BOD,,1.3,mg/l,Fair,original
SRB00001,Bezdan,2019-05-11,BOD,,1.376,mg/l,Fair,augmented_copy3_jitter+3d
SRB00001,Bezdan,2019-06-02,BOD,,2.013,mg/l,Fair,augmented_copy2_jitter-3d
SRB00001,Bezdan,2019-06-04,BOD,,2.0056,mg/l,Fair,augmented_copy1_jitter-1d
SRB00001,Bezdan,2019-06-05,BOD,,2.0,mg/l,Fair,original
SRB00001,Bezdan,2019-06-08,BOD,,2.1567,mg/l,Fair,augmented_copy3_jitter+3d
SRB00001,Bezdan,2019-07-02,BOD,,0.9945,mg/l,Fair,augmented_copy2_jitter-1d
SRB00001,Bezdan,2019-07-03,BOD,,1.0,mg/l,Fair,original
SRB00001,Bezdan,2019-07-04,BOD,,0.9317,mg/l,Fair,augmented_copy3_jitter+1d
SRB00001,Bezdan,2019-07-05,BOD,,0.9862,mg/l,Fair,augmented_copy1_jitter+2d
SRB00001,Bezdan,2019-08-06,BOD,,3.0811,mg/l,Fair,augmented_copy1_jitter-1d
SRB00001,Bezdan,2019-08-07,BOD,,3.0,mg/l,Fair,original
SRB00001,Bezdan,2019-08-08,BOD,,3.0116,mg/l,Fair,augmented_copy3_jitter+1d
SRB00001,Bezdan,2019-08-09,BOD,,2.975,mg/l,Fair,augmented_copy2_jitter+2d
SRB00001,Bezdan,2019-09-08,BOD,,1.1381,mg/l,Fair,augmented_copy2_jitter-3d
SRB00001,Bezdan,2019-09-08,BOD,,1.1789,mg/l,Fair,augmented_copy3_jitter-3d
SRB00001,Bezdan,2019-09-11,BOD,,1.2,mg/l,Fair,original
SRB00001,Bezdan,2019-09-13,BOD,,1.2726,mg/l,Fair,augmented_copy1_jitter+2d
SRB00001,Bezdan,2019-09-29,BOD,,2.4518,mg/l,Fair,augmented_copy2_jitter-3d
SRB00001,Bezdan,2019-10-01,BOD,,2.3953,mg/l,Fair,augmented_copy3_jitter-1d
SRB00001,Bezdan,2019-10-02,BOD,,2.4,mg/l,Fair,original
SRB00001,Bezdan,2019-10-03,BOD,,2.3831,mg/l,Fair,augmented_copy1_jitter+1d
SRB00001,Bezdan,2019-11-03,BOD,,1.8246,mg/l,Fair,augmented_copy2_jitter-3d
SRB00001,Bezdan,2019-11-04,BOD,,1.8464,mg/l,Fair,augmented_copy1_jitter-2d
SRB00001,Bezdan,2019-11-06,BOD,,1.8,mg/l,Fair,original
SRB00001,Bezdan,2019-11-08,BOD,,1.8171,mg/l,Fair,augmented_copy3_jitter+2d
SRB00001,Bezdan,2019-12-01,BOD,,1.0334,mg/l,Fair,augmented_copy3_jitter-3d
SRB00001,Bezdan,2019-12-04,BOD,,1.0,mg/l,Fair,original
SRB00001,Bezdan,2019-12-05,BOD,,1.0515,mg/l,Fair,augmented_copy1_jitter+1d
SRB00001,Bezdan,2019-12-05,BOD,,1.0406,mg/l,Fair,augmented_copy2_jitter+1d
SRB00001,Bezdan,2020-01-05,BOD,,1.1815,mg/l,Fair,augmented_copy3_jitter-3d
SRB00001,Bezdan,2020-01-08,BOD,,1.2,mg/l,Fair,original
SRB00001,Bezdan,2020-01-09,BOD,,1.0957,mg/l,Fair,augmented_copy1_jitter+1d
SRB00001,Bezdan,2020-01-10,BOD,,1.2485,mg/l,Fair,augmented_copy2_jitter+2d
SRB00001,Bezdan,2020-02-04,BOD,,1.1826,mg/l,Fair,augmented_copy1_jitter-1d
SRB00001,Bezdan,2020-02-04,BOD,,1.2833,mg/l,Fair,augmented_copy3_jitter-1d
SRB00001,Bezdan,2020-02-05,BOD,,1.3,mg/l,Fair,original
SRB00001,Bezdan,2020-02-08,BOD,,1.3791,mg/l,Fair,augmented_copy2_jitter+3d
SRB00001,Bezdan,2020-03-02,BOD,,1.2567,mg/l,Fair,augmented_copy2_jitter-2d
SRB00001,Bezdan,2020-03-04,BOD,,1.3,mg/l,Fair,original
SRB00001,Bezdan,2020-03-05,BOD,,1.2116,mg/l,Fair,augmented_copy3_jitter+1d
SRB00001,Bezdan,2020-03-06,BOD,,1.3319,mg/l,Fair,augmented_copy1_jitter+2d
SRB00001,Bezdan,2020-05-05,BOD,,2.4353,mg/l,Fair,augmented_copy3_jitter-1d
SRB00001,Bezdan,2020-05-06,BOD,,2.5,mg/l,Fair,original
SRB00001,Bezdan,2020-05-07,BOD,,2.586,mg/l,Fair,augmented_copy1_jitter+1d
SRB00001,Bezdan,2020-05-08,BOD,,2.4377,mg/l,Fair,augmented_copy2_jitter+2d
SRB00001,Bezdan,2020-06-03,BOD,,1.5,mg/l,Fair,original
SRB00001,Bezdan,2020-06-04,BOD,,1.426,mg/l,Fair,augmented_copy2_jitter+1d
SRB00001,Bezdan,2020-06-05,BOD,,1.5725,mg/l,Fair,augmented_copy1_jitter+2d
SRB00001,Bezdan,2020-06-06,BOD,,1.4207,mg/l,Fair,augmented_copy3_jitter+3d
SRB00001,Bezdan,2020-07-05,BOD,,1.0038,mg/l,Fair,augmented_copy2_jitter-3d
SRB00001,Bezdan,2020-07-07,BOD,,0.9843,mg/l,Fair,augmented_copy3_jitter-1d
SRB00001,Bezdan,2020-07-08,BOD,,1.0,mg/l,Fair,original
SRB00001,Bezdan,2020-07-11,BOD,,1.0287,mg/l,Fair,augmented_copy1_jitter+3d
SRB00001,Bezdan,2020-08-02,BOD,,1.1439,mg/l,Fair,augmented_copy2_jitter-3d
SRB00001,Bezdan,2020-08-05,BOD,,1.1,mg/l,Fair,original
SRB00001,Bezdan,2020-08-07,BOD,,1.0593,mg/l,Fair,augmented_copy1_jitter+2d
SRB00001,Bezdan,2020-08-08,BOD,,1.072,mg/l,Fair,augmented_copy3_jitter+3d
SRB00001,Bezdan,2020-09-06,BOD,,1.1374,mg/l,Fair,augmented_copy2_jitter-3d
SRB00001,Bezdan,2020-09-07,BOD,,1.1552,mg/l,Fair,augmented_copy1_jitter-2d
SRB00001,Bezdan,2020-09-08,BOD,,1.1022,mg/l,Fair,augmented_copy3_jitter-1d
SRB00001,Bezdan,2020-09-09,BOD,,1.1,mg/l,Fair,original
SRB00001,Bezdan,2020-10-06,BOD,,1.056,mg/l,Fair,augmented_copy1_jitter-1d
SRB00001,Bezdan,2020-10-06,BOD,,1.0768,mg/l,Fair,augmented_copy3_jitter-1d
SRB00001,Bezdan,2020-10-07,BOD,,1.0,mg/l,Fair,original
SRB00001,Bezdan,2020-10-09,BOD,,0.9586,mg/l,Fair,augmented_copy2_jitter+2d
SRB00001,Bezdan,2020-11-03,BOD,,1.0589,mg/l,Fair,augmented_copy3_jitter-1d
SRB00001,Bezdan,2020-11-04,BOD,,1.0,mg/l,Fair,original
SRB00001,Bezdan,2020-11-06,BOD,,1.0153,mg/l,Fair,augmented_copy1_jitter+2d
SRB00001,Bezdan,2020-11-06,BOD,,1.0126,mg/l,Fair,augmented_copy2_jitter+2d
SRB00001,Bezdan,2020-11-29,BOD,,1.4119,mg/l,Fair,augmented_copy1_jitter-3d
SRB00001,Bezdan,2020-12-01,BOD,,1.348,mg/l,Fair,augmented_copy3_jitter-1d
SRB00001,Bezdan,2020-12-02,BOD,,1.4,mg/l,Fair,original
SRB00001,Bezdan,2020-12-04,BOD,,1.3126,mg/l,Fair,augmented_copy2_jitter+2d
SRB00001,Bezdan,2021-01-10,BOD,,1.034,mg/l,Fair,augmented_copy1_jitter-3d
SRB00001,Bezdan,2021-01-13,BOD,,1.0,mg/l,Fair,original
SRB00001,Bezdan,2021-01-14,BOD,,1.0325,mg/l,Fair,augmented_copy3_jitter+1d
SRB00001,Bezdan,2021-01-15,BOD,,0.9621,mg/l,Fair,augmented_copy2_jitter+2d
SRB00001,Bezdan,2021-01-31,BOD,,2.0185,mg/l,Fair,augmented_copy3_jitter-3d
SRB00001,Bezdan,2021-02-01,BOD,,2.1035,mg/l,Fair,augmented_copy2_jitter-2d
SRB00001,Bezdan,2021-02-03,BOD,,2.1,mg/l,Fair,original
SRB00001,Bezdan,2021-02-06,BOD,,2.1052,mg/l,Fair,augmented_copy1_jitter+3d
SRB00001,Bezdan,2021-03-03,BOD,,2.2,mg/l,Fair,original
SRB00001,Bezdan,2021-03-05,BOD,,2.2227,mg/l,Fair,augmented_copy1_jitter+2d
SRB00001,Bezdan,2021-03-06,BOD,,2.157,mg/l,Fair,augmented_copy2_jitter+3d
SRB00001,Bezdan,2021-03-06,BOD,,2.1829,mg/l,Fair,augmented_copy3_jitter+3d
SRB00001,Bezdan,2021-04-04,BOD,,2.9536,mg/l,Fair,augmented_copy1_jitter-3d
SRB00001,Bezdan,2021-04-05,BOD,,2.9659,mg/l,Fair,augmented_copy3_jitter-2d
SRB00001,Bezdan,2021-04-07,BOD,,3.0,mg/l,Fair,original
SRB00001,Bezdan,2021-04-09,BOD,,3.0819,mg/l,Fair,augmented_copy2_jitter+2d
SRB00001,Bezdan,2021-05-04,BOD,,3.4647,mg/l,Fair,augmented_copy2_jitter-1d
SRB00001,Bezdan,2021-05-05,BOD,,3.4,mg/l,Fair,original
SRB00001,Bezdan,2021-05-06,BOD,,3.4352,mg/l,Fair,augmented_copy1_jitter+1d
SRB00001,Bezdan,2021-05-08,BOD,,3.4364,mg/l,Fair,augmented_copy3_jitter+3d
SRB00001,Bezdan,2021-06-13,BOD,,0.9892,mg/l,Fair,augmented_copy2_jitter-3d
SRB00001,Bezdan,2021-06-15,BOD,,1.0775,mg/l,Fair,augmented_copy3_jitter-1d
SRB00001,Bezdan,2021-06-16,BOD,,1.0,mg/l,Fair,original
SRB00001,Bezdan,2021-06-17,BOD,,1.0096,mg/l,Fair,augmented_copy1_jitter+1d
SRB00001,Bezdan,2021-07-05,BOD,,1.9479,mg/l,Fair,augmented_copy1_jitter-2d
SRB00001,Bezdan,2021-07-05,BOD,,1.9165,mg/l,Fair,augmented_copy2_jitter-2d
SRB00001,Bezdan,2021-07-07,BOD,,1.9,mg/l,Fair,original
SRB00001,Bezdan,2021-07-08,BOD,,1.9074,mg/l,Fair,augmented_copy3_jitter+1d
SRB00001,Bezdan,2021-08-08,BOD,,1.7409,mg/l,Fair,augmented_copy3_jitter-3d
SRB00001,Bezdan,2021-08-11,BOD,,1.7,mg/l,Fair,original
SRB00001,Bezdan,2021-08-14,BOD,,1.7661,mg/l,Fair,augmented_copy1_jitter+3d
SRB00001,Bezdan,2021-08-14,BOD,,1.7064,mg/l,Fair,augmented_copy2_jitter+3d
SRB00001,Bezdan,2021-09-06,BOD,,3.3324,mg/l,Fair,augmented_copy2_jitter-2d
SRB00001,Bezdan,2021-09-06,BOD,,3.3557,mg/l,Fair,augmented_copy3_jitter-2d
SRB00001,Bezdan,2021-09-08,BOD,,3.4,mg/l,Fair,original
SRB00001,Bezdan,2021-09-10,BOD,,3.3274,mg/l,Fair,augmented_copy1_jitter+2d
SRB00001,Bezdan,2021-10-04,BOD,,1.1245,mg/l,Fair,augmented_copy1_jitter-2d
SRB00001,Bezdan,2021-10-05,BOD,,1.2532,mg/l,Fair,augmented_copy3_jitter-1d
SRB00001,Bezdan,2021-10-06,BOD,,1.2,mg/l,Fair,original
SRB00001,Bezdan,2021-10-08,BOD,,1.1223,mg/l,Fair,augmented_copy2_jitter+2d
SRB00001,Bezdan,2021-10-31,BOD,,2.9831,mg/l,Fair,augmented_copy2_jitter-3d
SRB00001,Bezdan,2021-11-02,BOD,,2.8872,mg/l,Fair,augmented_copy1_jitter-1d
SRB00001,Bezdan,2021-11-02,BOD,,2.9286,mg/l,Fair,augmented_copy3_jitter-1d
SRB00001,Bezdan,2021-11-03,BOD,,2.9,mg/l,Fair,original
SRB00001,Bezdan,2021-11-29,BOD,,1.823,mg/l,Fair,augmented_copy2_jitter-2d
SRB00001,Bezdan,2021-11-30,BOD,,1.9307,mg/l,Fair,augmented_copy1_jitter-1d
SRB00001,Bezdan,2021-11-30,BOD,,1.9539,mg/l,Fair,augmented_copy3_jitter-1d
SRB00001,Bezdan,2021-12-01,BOD,,1.9,mg/l,Fair,original
SRB00001,Bezdan,2022-01-04,BOD,,0.6495,mg/l,Fair,augmented_copy2_jitter-1d
SRB00001,Bezdan,2022-01-04,BOD,,0.5665,mg/l,Fair,augmented_copy3_jitter-1d
SRB00001,Bezdan,2022-01-05,BOD,,0.6,mg/l,Fair,original
SRB00001,Bezdan,2022-01-07,BOD,,0.5803,mg/l,Fair,augmented_copy1_jitter+2d
SRB00001,Bezdan,2022-01-31,BOD,,2.2842,mg/l,Fair,augmented_copy3_jitter-2d
SRB00001,Bezdan,2022-02-01,BOD,,2.3295,mg/l,Fair,augmented_copy2_jitter-1d
SRB00001,Bezdan,2022-02-02,BOD,,2.4,mg/l,Fair,original
SRB00001,Bezdan,2022-02-04,BOD,,2.4311,mg/l,Fair,augmented_copy1_jitter+2d
SRB00001,Bezdan,2022-03-01,BOD,,2.17,mg/l,Fair,augmented_copy1_jitter-1d
SRB00001,Bezdan,2022-03-02,BOD,,2.2,mg/l,Fair,original
SRB00001,Bezdan,2022-03-04,BOD,,2.152,mg/l,Fair,augmented_copy3_jitter+2d
SRB00001,Bezdan,2022-03-05,BOD,,2.1503,mg/l,Fair,augmented_copy2_jitter+3d
SRB00001,Bezdan,2022-04-04,BOD,,4.2046,mg/l,Fair,augmented_copy2_jitter-2d
SRB00001,Bezdan,2022-04-05,BOD,,4.1647,mg/l,Fair,augmented_copy3_jitter-1d
SRB00001,Bezdan,2022-04-06,BOD,,4.2,mg/l,Fair,original
SRB00001,Bezdan,2022-04-07,BOD,,4.2838,mg/l,Fair,augmented_copy1_jitter+1d
SRB00001,Bezdan,2022-05-01,BOD,,3.6865,mg/l,Fair,augmented_copy3_jitter-3d
SRB00001,Bezdan,2022-05-03,BOD,,3.6278,mg/l,Fair,augmented_copy1_jitter-1d
SRB00001,Bezdan,2022-05-03,BOD,,3.6998,mg/l,Fair,augmented_copy2_jitter-1d
SRB00001,Bezdan,2022-05-04,BOD,,3.7,mg/l,Fair,original
SRB00001,Bezdan,2022-05-30,BOD,,3.2885,mg/l,Fair,augmented_copy1_jitter-2d
SRB00001,Bezdan,2022-05-31,BOD,,3.2682,mg/l,Fair,augmented_copy3_jitter-1d
SRB00001,Bezdan,2022-06-01,BOD,,3.3,mg/l,Fair,original
SRB00001,Bezdan,2022-06-03,BOD,,3.2789,mg/l,Fair,augmented_copy2_jitter+2d
SRB00001,Bezdan,2022-07-04,BOD,,3.3573,mg/l,Fair,augmented_copy2_jitter-2d
SRB00001,Bezdan,2022-07-06,BOD,,3.3,mg/l,Fair,original
SRB00001,Bezdan,2022-07-07,BOD,,3.2931,mg/l,Fair,augmented_copy1_jitter+1d
SRB00001,Bezdan,2022-07-07,BOD,,3.3452,mg/l,Fair,augmented_copy3_jitter+1d
SRB00001,Bezdan,2022-07-31,BOD,,2.1956,mg/l,Fair,augmented_copy2_jitter-3d
SRB00001,Bezdan,2022-08-03,BOD,,2.1,mg/l,Fair,original
SRB00001,Bezdan,2022-08-04,BOD,,2.1262,mg/l,Fair,augmented_copy1_jitter+1d
SRB00001,Bezdan,2022-08-04,BOD,,2.0864,mg/l,Fair,augmented_copy3_jitter+1d
SRB00001,Bezdan,2022-09-14,BOD,,2.5,mg/l,Fair,original
SRB00001,Bezdan,2022-09-15,BOD,,2.4784,mg/l,Fair,augmented_copy2_jitter+1d
SRB00001,Bezdan,2022-09-16,BOD,,2.4548,mg/l,Fair,augmented_copy1_jitter+2d
SRB00001,Bezdan,2022-09-17,BOD,,2.4937,mg/l,Fair,augmented_copy3_jitter+3d
SRB00001,Bezdan,2022-10-02,BOD,,2.248,mg/l,Fair,augmented_copy3_jitter-3d
SRB00001,Bezdan,2022-10-05,BOD,,2.3,mg/l,Fair,original
SRB00001,Bezdan,2022-10-06,BOD,,2.2119,mg/l,Fair,augmented_copy1_jitter+1d
SRB00001,Bezdan,2022-10-06,BOD,,2.2673,mg/l,Fair,augmented_copy2_jitter+1d
SRB00001,Bezdan,2022-11-01,BOD,,2.8637,mg/l,Fair,augmented_copy3_jitter-1d
SRB00001,Bezdan,2022-11-02,BOD,,2.9,mg/l,Fair,original
SRB00001,Bezdan,2022-11-04,BOD,,2.9152,mg/l,Fair,augmented_copy2_jitter+2d
SRB00001,Bezdan,2022-11-05,BOD,,2.9322,mg/l,Fair,augmented_copy1_jitter+3d
SRB00001,Bezdan,2022-12-17,BOD,,0.6488,mg/l,Fair,augmented_copy3_jitter-3d
SRB00001,Bezdan,2022-12-20,BOD,,0.6,mg/l,Fair,original
SRB00001,Bezdan,2022-12-22,BOD,,0.5824,mg/l,Fair,augmented_copy1_jitter+2d
SRB00001,Bezdan,2022-12-22,BOD,,0.6774,mg/l,Fair,augmented_copy2_jitter+2d
SRB00001,Bezdan,2023-01-08,BOD,,1.951,mg/l,Fair,augmented_copy2_jitter-3d
SRB00001,Bezdan,2023-01-09,BOD,,2.0289,mg/l,Fair,augmented_copy1_jitter-2d
SRB00001,Bezdan,2023-01-11,BOD,,2.0,mg/l,Fair,original
SRB00001,Bezdan,2023-01-13,BOD,,1.9511,mg/l,Fair,augmented_copy3_jitter+2d
SRB00001,Bezdan,2023-01-29,BOD,,1.6984,mg/l,Fair,augmented_copy3_jitter-3d
SRB00001,Bezdan,2023-01-31,BOD,,1.6838,mg/l,Fair,augmented_copy1_jitter-1d
SRB00001,Bezdan,2023-01-31,BOD,,1.7839,mg/l,Fair,augmented_copy2_jitter-1d
SRB00001,Bezdan,2023-02-01,BOD,,1.7,mg/l,Fair,original
SRB00001,Bezdan,2023-03-01,BOD,,1.2,mg/l,Fair,original
SRB00001,Bezdan,2023-03-02,BOD,,1.1534,mg/l,Fair,augmented_copy1_jitter+1d
SRB00001,Bezdan,2023-03-03,BOD,,1.2109,mg/l,Fair,augmented_copy2_jitter+2d
SRB00001,Bezdan,2023-03-03,BOD,,1.2203,mg/l,Fair,augmented_copy3_jitter+2d
SRB00001,Bezdan,2023-04-03,BOD,,3.3657,mg/l,Fair,augmented_copy2_jitter-2d
SRB00001,Bezdan,2023-04-05,BOD,,3.4,mg/l,Fair,original
SRB00001,Bezdan,2023-04-08,BOD,,3.4752,mg/l,Fair,augmented_copy1_jitter+3d
SRB00001,Bezdan,2023-04-08,BOD,,3.3729,mg/l,Fair,augmented_copy3_jitter+3d
SRB00001,Bezdan,2023-05-01,BOD,,3.8443,mg/l,Fair,augmented_copy1_jitter-2d
SRB00001,Bezdan,2023-05-01,BOD,,3.7843,mg/l,Fair,augmented_copy3_jitter-2d
SRB00001,Bezdan,2023-05-03,BOD,,3.8,mg/l,Fair,original
SRB00001,Bezdan,2023-05-05,BOD,,3.8186,mg/l,Fair,augmented_copy2_jitter+2d
SRB00001,Bezdan,2023-06-04,BOD,,1.1604,mg/l,Fair,augmented_copy1_jitter-3d
SRB00001,Bezdan,2023-06-04,BOD,,1.2111,mg/l,Fair,augmented_copy3_jitter-3d
SRB00001,Bezdan,2023-06-07,BOD,,1.2,mg/l,Fair,original
SRB00001,Bezdan,2023-06-09,BOD,,1.1937,mg/l,Fair,augmented_copy2_jitter+2d
SRB00001,Bezdan,2023-07-05,BOD,,2.2,mg/l,Fair,original
SRB00001,Bezdan,2023-07-06,BOD,,2.2424,mg/l,Fair,augmented_copy2_jitter+1d
SRB00001,Bezdan,2023-07-07,BOD,,2.2332,mg/l,Fair,augmented_copy1_jitter+2d
SRB00001,Bezdan,2023-07-08,BOD,,2.2266,mg/l,Fair,augmented_copy3_jitter+3d
SRB00001,Bezdan,2023-08-01,BOD,,1.8184,mg/l,Fair,augmented_copy3_jitter-1d
SRB00001,Bezdan,2023-08-02,BOD,,1.9,mg/l,Fair,original
SRB00001,Bezdan,2023-08-03,BOD,,1.9085,mg/l,Fair,augmented_copy1_jitter+1d
SRB00001,Bezdan,2023-08-03,BOD,,1.8568,mg/l,Fair,augmented_copy2_jitter+1d
SRB00001,Bezdan,2023-09-10,BOD,,1.4777,mg/l,Fair,augmented_copy2_jitter-3d
SRB00001,Bezdan,2023-09-10,BOD,,1.5474,mg/l,Fair,augmented_copy3_jitter-3d
SRB00001,Bezdan,2023-09-13,BOD,,1.5,mg/l,Fair,original
SRB00001,Bezdan,2023-09-15,BOD,,1.5222,mg/l,Fair,augmented_copy1_jitter+2d
SRB00001,Bezdan,2023-10-04,BOD,,1.5,mg/l,Fair,original
SRB00001,Bezdan,2023-10-05,BOD,,1.4437,mg/l,Fair,augmented_copy3_jitter+1d
SRB00001,Bezdan,2023-10-06,BOD,,1.5404,mg/l,Fair,augmented_copy1_jitter+2d
SRB00001,Bezdan,2023-10-07,BOD,,1.456,mg/l,Fair,augmented_copy2_jitter+3d
SRB00001,Bezdan,2023-11-06,BOD,,2.5353,mg/l,Fair,augmented_copy1_jitter-2d
SRB00001,Bezdan,2023-11-08,BOD,,2.5,mg/l,Fair,original
SRB00001,Bezdan,2023-11-09,BOD,,2.5197,mg/l,Fair,augmented_copy2_jitter+1d
SRB00001,Bezdan,2023-11-10,BOD,,2.5844,mg/l,Fair,augmented_copy3_jitter+2d
SRB00001,Bezdan,2023-12-03,BOD,,3.5689,mg/l,Fair,augmented_copy1_jitter-3d
SRB00001,Bezdan,2023-12-03,BOD,,3.4754,mg/l,Fair,augmented_copy2_jitter-3d
SRB00001,Bezdan,2023-12-04,BOD,,3.584,mg/l,Fair,augmented_copy3_jitter-2d
SRB00001,Bezdan,2023-12-06,BOD,,3.6,mg/l,Fair,original
SRB00002,Novi Sad,2000-01-15,BOD,,2.5903,mg/l,Fair,augmented_copy1_jitter-3d
SRB00002,Novi Sad,2000-01-15,BOD,,2.5496,mg/l,Fair,augmented_copy3_jitter-3d
SRB00002,Novi Sad,2000-01-18,BOD,,2.6,mg/l,Fair,original
SRB00002,Novi Sad,2000-01-19,BOD,,2.4893,mg/l,Fair,augmented_copy2_jitter+1d
SRB00002,Novi Sad,2000-01-31,BOD,,3.0156,mg/l,Fair,augmented_copy3_jitter-3d
SRB00002,Novi Sad,2000-02-02,BOD,,2.9209,mg/l,Fair,augmented_copy1_jitter-1d
SRB00002,Novi Sad,2000-02-03,BOD,,3.0,mg/l,Fair,original
SRB00002,Novi Sad,2000-02-06,BOD,,3.0616,mg/l,Fair,augmented_copy2_jitter+3d
SRB00002,Novi Sad,2000-03-06,BOD,,2.4875,mg/l,Fair,augmented_copy1_jitter-3d
SRB00002,Novi Sad,2000-03-08,BOD,,2.518,mg/l,Fair,augmented_copy2_jitter-1d
SRB00002,Novi Sad,2000-03-09,BOD,,2.5,mg/l,Fair,original
SRB00002,Novi Sad,2000-03-10,BOD,,2.5124,mg/l,Fair,augmented_copy3_jitter+1d
SRB00002,Novi Sad,2000-05-04,BOD,,2.4453,mg/l,Fair,augmented_copy1_jitter-1d
SRB00002,Novi Sad,2000-05-04,BOD,,2.4726,mg/l,Fair,augmented_copy3_jitter-1d
SRB00002,Novi Sad,2000-05-05,BOD,,2.5,mg/l,Fair,original
SRB00002,Novi Sad,2000-05-07,BOD,,2.4644,mg/l,Fair,augmented_copy2_jitter+2d
SRB00002,Novi Sad,2000-06-24,BOD,,4.7997,mg/l,Fair,augmented_copy2_jitter-3d
SRB00002,Novi Sad,2000-06-26,BOD,,4.7376,mg/l,Fair,augmented_copy3_jitter-1d
SRB00002,Novi Sad,2000-06-27,BOD,,4.8,mg/l,Fair,original
SRB00002,Novi Sad,2000-06-29,BOD,,4.8044,mg/l,Fair,augmented_copy1_jitter+2d
SRB00002,Novi Sad,2000-07-31,BOD,,5.674,mg/l,Fair,augmented_copy3_jitter-1d
SRB00002,Novi Sad,2000-08-01,BOD,,5.7,mg/l,Fair,original
SRB00002,Novi Sad,2000-08-04,BOD,,5.7456,mg/l,Fair,augmented_copy1_jitter+3d
SRB00002,Novi Sad,2000-08-04,BOD,,5.6828,mg/l,Fair,augmented_copy2_jitter+3d
SRB00002,Novi Sad,2000-09-07,BOD,,3.3,mg/l,Fair,original
SRB00002,Novi Sad,2000-09-08,BOD,,3.2964,mg/l,Fair,augmented_copy3_jitter+1d
SRB00002,Novi Sad,2000-09-09,BOD,,3.3724,mg/l,Fair,augmented_copy1_jitter+2d
SRB00002,Novi Sad,2000-09-10,BOD,,3.274,mg/l,Fair,augmented_copy2_jitter+3d
SRB00002,Novi Sad,2000-09-26,BOD,,2.6683,mg/l,Fair,augmented_copy1_jitter-2d
SRB00002,Novi Sad,2000-09-28,BOD,,2.7,mg/l,Fair,original
SRB00002,Novi Sad,2000-09-29,BOD,,2.7928,mg/l,Fair,augmented_copy2_jitter+1d
SRB00002,Novi Sad,2000-09-30,BOD,,2.7343,mg/l,Fair,augmented_copy3_jitter+2d
SRB00002,Novi Sad,2000-11-06,BOD,,2.0593,mg/l,Fair,augmented_copy1_jitter-1d
SRB00002,Novi Sad,2000-11-07,BOD,,2.1,mg/l,Fair,original
SRB00002,Novi Sad,2000-11-09,BOD,,2.1465,mg/l,Fair,augmented_copy3_jitter+2d
SRB00002,Novi Sad,2000-11-10,BOD,,2.0995,mg/l,Fair,augmented_copy2_jitter+3d
SRB00002,Novi Sad,2000-11-25,BOD,,1.9858,mg/l,Fair,augmented_copy1_jitter-3d
SRB00002,Novi Sad,2000-11-26,BOD,,2.0338,mg/l,Fair,augmented_copy2_jitter-2d
SRB00002,Novi Sad,2000-11-28,BOD,,2.0,mg/l,Fair,original
SRB00002,Novi Sad,2000-12-01,BOD,,1.9812,mg/l,Fair,augmented_copy3_jitter+3d
SRB00002,Novi Sad,2000-12-18,BOD,,2.6881,mg/l,Fair,augmented_copy1_jitter-1d
SRB00002,Novi Sad,2000-12-18,BOD,,2.6829,mg/l,Fair,augmented_copy3_jitter-1d
SRB00002,Novi Sad,2000-12-19,BOD,,2.7,mg/l,Fair,original
SRB00002,Novi Sad,2000-12-22,BOD,,2.7101,mg/l,Fair,augmented_copy2_jitter+3d
SRB00002,Novi Sad,2001-01-29,BOD,,2.7515,mg/l,Fair,augmented_copy3_jitter-1d
SRB00002,Novi Sad,2001-01-30,BOD,,2.7,mg/l,Fair,original
SRB00002,Novi Sad,2001-02-01,BOD,,2.7275,mg/l,Fair,augmented_copy1_jitter+2d
SRB00002,Novi Sad,2001-02-01,BOD,,2.7052,mg/l,Fair,augmented_copy2_jitter+2d
SRB00002,Novi Sad,2001-02-21,BOD,,2.4,mg/l,Fair,original
SRB00002,Novi Sad,2001-02-22,BOD,,2.3724,mg/l,Fair,augmented_copy1_jitter+1d
SRB00002,Novi Sad,2001-02-24,BOD,,2.418,mg/l,Fair,augmented_copy2_jitter+3d
SRB00002,Novi Sad,2001-02-24,BOD,,2.4049,mg/l,Fair,augmented_copy3_jitter+3d
SRB00002,Novi Sad,2001-03-27,BOD,,2.0988,mg/l,Fair,augmented_copy1_jitter-3d
SRB00002,Novi Sad,2001-03-28,BOD,,2.0964,mg/l,Fair,augmented_copy2_jitter-2d
SRB00002,Novi Sad,2001-03-30,BOD,,2.1,mg/l,Fair,original
SRB00002,Novi Sad,2001-03-31,BOD,,2.0809,mg/l,Fair,augmented_copy3_jitter+1d
SRB00002,Novi Sad,2001-05-06,BOD,,2.4685,mg/l,Fair,augmented_copy2_jitter-2d
SRB00002,Novi Sad,2001-05-06,BOD,,2.5061,mg/l,Fair,augmented_copy3_jitter-2d
SRB00002,Novi Sad,2001-05-08,BOD,,2.5,mg/l,Fair,original
SRB00002,Novi Sad,2001-05-09,BOD,,2.5713,mg/l,Fair,augmented_copy1_jitter+1d
SRB00002,Novi Sad,2001-05-28,BOD,,4.029,mg/l,Fair,augmented_copy1_jitter-3d
SRB00002,Novi Sad,2001-05-29,BOD,,4.0553,mg/l,Fair,augmented_copy3_jitter-2d
SRB00002,Novi Sad,2001-05-31,BOD,,4.0,mg/l,Fair,original
SRB00002,Novi Sad,2001-06-03,BOD,,3.9919,mg/l,Fair,augmented_copy2_jitter+3d
SRB00002,Novi Sad,2001-07-21,BOD,,1.7957,mg/l,Fair,augmented_copy2_jitter-3d
SRB00002,Novi Sad,2001-07-21,BOD,,1.8128,mg/l,Fair,augmented_copy3_jitter-3d
SRB00002,Novi Sad,2001-07-23,BOD,,1.8063,mg/l,Fair,augmented_copy1_jitter-1d
SRB00002,Novi Sad,2001-07-24,BOD,,1.8,mg/l,Fair,original
SRB00002,Novi Sad,2001-08-27,BOD,,3.9946,mg/l,Fair,augmented_copy1_jitter-2d
SRB00002,Novi Sad,2001-08-29,BOD,,4.0,mg/l,Fair,original
SRB00002,Novi Sad,2001-08-30,BOD,,3.9436,mg/l,Fair,augmented_copy2_jitter+1d
SRB00002,Novi Sad,2001-08-30,BOD,,3.9107,mg/l,Fair,augmented_copy3_jitter+1d
SRB00002,Novi Sad,2001-12-03,BOD,,1.4235,mg/l,Fair,augmented_copy3_jitter-1d
SRB00002,Novi Sad,2001-12-04,BOD,,1.4,mg/l,Fair,original
SRB00002,Novi Sad,2001-12-05,BOD,,1.4587,mg/l,Fair,augmented_copy1_jitter+1d
SRB00002,Novi Sad,2001-12-06,BOD,,1.4159,mg/l,Fair,augmented_copy2_jitter+2d
SRB00002,Novi Sad,2001-12-25,BOD,,2.2203,mg/l,Fair,augmented_copy3_jitter-2d
SRB00002,Novi Sad,2001-12-26,BOD,,2.0997,mg/l,Fair,augmented_copy2_jitter-1d
SRB00002,Novi Sad,2001-12-27,BOD,,2.2,mg/l,Fair,original
SRB00002,Novi Sad,2001-12-30,BOD,,2.2441,mg/l,Fair,augmented_copy1_jitter+3d
SRB00002,Novi Sad,2002-01-16,BOD,,3.0681,mg/l,Fair,augmented_copy1_jitter-1d
SRB00002,Novi Sad,2002-01-17,BOD,,3.1,mg/l,Fair,original
SRB00002,Novi Sad,2002-01-18,BOD,,3.188,mg/l,Fair,augmented_copy2_jitter+1d
SRB00002,Novi Sad,2002-01-18,BOD,,3.114,mg/l,Fair,augmented_copy3_jitter+1d
SRB00002,Novi Sad,2002-02-25,BOD,,2.0151,mg/l,Fair,augmented_copy1_jitter-2d
SRB00002,Novi Sad,2002-02-27,BOD,,2.0,mg/l,Fair,original
SRB00002,Novi Sad,2002-02-28,BOD,,1.9916,mg/l,Fair,augmented_copy2_jitter+1d
SRB00002,Novi Sad,2002-03-02,BOD,,2.0598,mg/l,Fair,augmented_copy3_jitter+3d
SRB00002,Novi Sad,2002-03-26,BOD,,3.7,mg/l,Fair,original
SRB00002,Novi Sad,2002-03-27,BOD,,3.6879,mg/l,Fair,augmented_copy1_jitter+1d
SRB00002,Novi Sad,2002-03-27,BOD,,3.7539,mg/l,Fair,augmented_copy2_jitter+1d
SRB00002,Novi Sad,2002-03-27,BOD,,3.6961,mg/l,Fair,augmented_copy3_jitter+1d
SRB00002,Novi Sad,2002-04-11,BOD,,3.1657,mg/l,Fair,augmented_copy2_jitter-1d
SRB00002,Novi Sad,2002-04-11,BOD,,3.1135,mg/l,Fair,augmented_copy3_jitter-1d
SRB00002,Novi Sad,2002-04-12,BOD,,3.2,mg/l,Fair,original
SRB00002,Novi Sad,2002-04-15,BOD,,3.1746,mg/l,Fair,augmented_copy1_jitter+3d
SRB00002,Novi Sad,2002-05-21,BOD,,3.8471,mg/l,Fair,augmented_copy3_jitter-3d
SRB00002,Novi Sad,2002-05-23,BOD,,3.7953,mg/l,Fair,augmented_copy1_jitter-1d
SRB00002,Novi Sad,2002-05-24,BOD,,3.8,mg/l,Fair,original
SRB00002,Novi Sad,2002-05-26,BOD,,3.7998,mg/l,Fair,augmented_copy2_jitter+2d
SRB00002,Novi Sad,2002-06-24,BOD,,5.3194,mg/l,Fair,augmented_copy1_jitter-3d
SRB00002,Novi Sad,2002-06-27,BOD,,5.3,mg/l,Fair,original
SRB00002,Novi Sad,2002-06-28,BOD,,5.3256,mg/l,Fair,augmented_copy2_jitter+1d
SRB00002,Novi Sad,2002-06-29,BOD,,5.3588,mg/l,Fair,augmented_copy3_jitter+2d
SRB00002,Novi Sad,2002-07-07,BOD,,5.0108,mg/l,Fair,augmented_copy1_jitter-2d
SRB00002,Novi Sad,2002-07-09,BOD,,5.0,mg/l,Fair,original
SRB00002,Novi Sad,2002-07-10,BOD,,4.9757,mg/l,Fair,augmented_copy2_jitter+1d
SRB00002,Novi Sad,2002-07-11,BOD,,4.9925,mg/l,Fair,augmented_copy3_jitter+2d
SRB00002,Novi Sad,2002-08-19,BOD,,4.2561,mg/l,Fair,augmented_copy1_jitter-2d
SRB00002,Novi Sad,2002-08-19,BOD,,4.1412,mg/l,Fair,augmented_copy2_jitter-2d
SRB00002,Novi Sad,2002-08-21,BOD,,4.2,mg/l,Fair,original
SRB00002,Novi Sad,2002-08-23,BOD,,4.1413,mg/l,Fair,augmented_copy3_jitter+2d
SRB00002,Novi Sad,2002-09-25,BOD,,2.5014,mg/l,Fair,augmented_copy1_jitter-2d
SRB00002,Novi Sad,2002-09-27,BOD,,2.5,mg/l,Fair,original
SRB00002,Novi Sad,2002-09-29,BOD,,2.5019,mg/l,Fair,augmented_copy2_jitter+2d
SRB00002,Novi Sad,2002-09-30,BOD,,2.5355,mg/l,Fair,augmented_copy3_jitter+3d
SRB00002,Novi Sad,2002-10-19,BOD,,1.9358,mg/l,Fair,augmented_copy1_jitter-3d
SRB00002,Novi Sad,2002-10-22,BOD,,2.0,mg/l,Fair,original
SRB00002,Novi Sad,2002-10-24,BOD,,2.0079,mg/l,Fair,augmented_copy3_jitter+2d
SRB00002,Novi Sad,2002-10-25,BOD,,2.0048,mg/l,Fair,augmented_copy2_jitter+3d
SRB00002,Novi Sad,2002-11-19,BOD,,1.9465,mg/l,Fair,augmented_copy1_jitter-3d
SRB00002,Novi Sad,2002-11-21,BOD,,1.882,mg/l,Fair,augmented_copy2_jitter-1d
SRB00002,Novi Sad,2002-11-22,BOD,,1.9,mg/l,Fair,original
SRB00002,Novi Sad,2002-11-23,BOD,,1.84,mg/l,Fair,augmented_copy3_jitter+1d
SRB00002,Novi Sad,2002-12-25,BOD,,2.407,mg/l,Fair,augmented_copy2_jitter-1d
SRB00002,Novi Sad,2002-12-25,BOD,,2.3524,mg/l,Fair,augmented_copy3_jitter-1d
SRB00002,Novi Sad,2002-12-26,BOD,,2.4,mg/l,Fair,original
SRB00002,Novi Sad,2002-12-27,BOD,,2.4481,mg/l,Fair,augmented_copy1_jitter+1d
SRB00002,Novi Sad,2003-01-13,BOD,,2.3011,mg/l,Fair,augmented_copy3_jitter-3d
SRB00002,Novi Sad,2003-01-16,BOD,,2.3,mg/l,Fair,original
SRB00002,Novi Sad,2003-01-17,BOD,,2.3223,mg/l,Fair,augmented_copy1_jitter+1d
SRB00002,Novi Sad,2003-01-17,BOD,,2.3261,mg/l,Fair,augmented_copy2_jitter+1d
SRB00002,Novi Sad,2003-02-13,BOD,,2.1954,mg/l,Fair,augmented_copy2_jitter-1d
SRB00002,Novi Sad,2003-02-14,BOD,,2.2,mg/l,Fair,original
SRB00002,Novi Sad,2003-02-16,BOD,,2.219,mg/l,Fair,augmented_copy1_jitter+2d
SRB00002,Novi Sad,2003-02-16,BOD,,2.1785,mg/l,Fair,augmented_copy3_jitter+2d
SRB00002,Novi Sad,2003-03-26,BOD,,3.4,mg/l,Fair,original
SRB00002,Novi Sad,2003-03-27,BOD,,3.392,mg/l,Fair,augmented_copy1_jitter+1d
SRB00002,Novi Sad,2003-03-28,BOD,,3.3906,mg/l,Fair,augmented_copy2_jitter+2d
SRB00002,Novi Sad,2003-03-28,BOD,,3.3573,mg/l,Fair,augmented_copy3_jitter+2d
SRB00002,Novi Sad,2003-04-09,BOD,,4.937,mg/l,Fair,augmented_copy1_jitter-1d
SRB00002,Novi Sad,2003-04-10,BOD,,4.9,mg/l,Fair,original
SRB00002,Novi Sad,2003-04-11,BOD,,4.9183,mg/l,Fair,augmented_copy2_jitter+1d
SRB00002,Novi Sad,2003-04-13,BOD,,4.8822,mg/l,Fair,augmented_copy3_jitter+3d
SRB00002,Novi Sad,2003-05-19,BOD,,4.2929,mg/l,Fair,augmented_copy3_jitter-3d
SRB00002,Novi Sad,2003-05-21,BOD,,4.2325,mg/l,Fair,augmented_copy1_jitter-1d
SRB00002,Novi Sad,2003-05-22,BOD,,4.3,mg/l,Fair,original
SRB00002,Novi Sad,2003-05-25,BOD,,4.3109,mg/l,Fair,augmented_copy2_jitter+3d
SRB00002,Novi Sad,2003-06-09,BOD,,5.1475,mg/l,Fair,augmented_copy2_jitter-3d
SRB00002,Novi Sad,2003-06-11,BOD,,5.1198,mg/l,Fair,augmented_copy1_jitter-1d
SRB00002,Novi Sad,2003-06-12,BOD,,5.1,mg/l,Fair,original
SRB00002,Novi Sad,2003-06-14,BOD,,5.1568,mg/l,Fair,augmented_copy3_jitter+2d
SRB00002,Novi Sad,2003-07-14,BOD,,5.9752,mg/l,Fair,augmented_copy1_jitter-3d
SRB00002,Novi Sad,2003-07-16,BOD,,5.9388,mg/l,Fair,augmented_copy2_jitter-1d
SRB00002,Novi Sad,2003-07-17,BOD,,5.9,mg/l,Fair,original
SRB00002,Novi Sad,2003-07-19,BOD,,5.9218,mg/l,Fair,augmented_copy3_jitter+2d
SRB00002,Novi Sad,2003-08-25,BOD,,3.5211,mg/l,Fair,augmented_copy3_jitter-3d
SRB00002,Novi Sad,2003-08-27,BOD,,3.4822,mg/l,Fair,augmented_copy2_jitter-1d
SRB00002,Novi Sad,2003-08-28,BOD,,3.5,mg/l,Fair,original
SRB00002,Novi Sad,2003-08-30,BOD,,3.5461,mg/l,Fair,augmented_copy1_jitter+2d
SRB00002,Novi Sad,2003-09-11,BOD,,2.3376,mg/l,Fair,augmented_copy1_jitter-1d
SRB00002,Novi Sad,2003-09-12,BOD,,2.3,mg/l,Fair,original
SRB00002,Novi Sad,2003-09-13,BOD,,2.2696,mg/l,Fair,augmented_copy2_jitter+1d
SRB00002,Novi Sad,2003-09-15,BOD,,2.2883,mg/l,Fair,augmented_copy3_jitter+3d
SRB00002,Novi Sad,2003-10-20,BOD,,3.1616,mg/l,Fair,augmented_copy3_jitter-1d
SRB00002,Novi Sad,2003-10-21,BOD,,3.2,mg/l,Fair,original
SRB00002,Novi Sad,2003-10-22,BOD,,3.2049,mg/l,Fair,augmented_copy1_jitter+1d
SRB00002,Novi Sad,2003-10-23,BOD,,3.2557,mg/l,Fair,augmented_copy2_jitter+2d
SRB00002,Novi Sad,2003-11-17,BOD,,2.4937,mg/l,Fair,augmented_copy2_jitter-3d
SRB00002,Novi Sad,2003-11-20,BOD,,2.5,mg/l,Fair,original
SRB00002,Novi Sad,2003-11-22,BOD,,2.5023,mg/l,Fair,augmented_copy1_jitter+2d
SRB00002,Novi Sad,2003-11-23,BOD,,2.5185,mg/l,Fair,augmented_copy3_jitter+3d
SRB00002,Novi Sad,2003-12-16,BOD,,2.5724,mg/l,Fair,augmented_copy3_jitter-2d
SRB00002,Novi Sad,2003-12-18,BOD,,2.6,mg/l,Fair,original
SRB00002,Novi Sad,2003-12-19,BOD,,2.5747,mg/l,Fair,augmented_copy2_jitter+1d
SRB00002,Novi Sad,2003-12-20,BOD,,2.5511,mg/l,Fair,augmented_copy1_jitter+2d
SRB00002,Novi Sad,2013-01-19,BOD,,2.2755,mg/l,Fair,augmented_copy2_jitter-3d
SRB00002,Novi Sad,2013-01-21,BOD,,2.1906,mg/l,Fair,augmented_copy1_jitter-1d
SRB00002,Novi Sad,2013-01-22,BOD,,2.2,mg/l,Fair,original
SRB00002,Novi Sad,2013-01-23,BOD,,2.1965,mg/l,Fair,augmented_copy3_jitter+1d
SRB00002,Novi Sad,2013-02-10,BOD,,2.3593,mg/l,Fair,augmented_copy2_jitter-2d
SRB00002,Novi Sad,2013-02-10,BOD,,2.3498,mg/l,Fair,augmented_copy3_jitter-2d
SRB00002,Novi Sad,2013-02-11,BOD,,2.3778,mg/l,Fair,augmented_copy1_jitter-1d
SRB00002,Novi Sad,2013-02-12,BOD,,2.4,mg/l,Fair,original
SRB00002,Novi Sad,2013-03-12,BOD,,3.0945,mg/l,Fair,augmented_copy2_jitter-2d
SRB00002,Novi Sad,2013-03-13,BOD,,3.0734,mg/l,Fair,augmented_copy1_jitter-1d
SRB00002,Novi Sad,2013-03-14,BOD,,3.1,mg/l,Fair,original
SRB00002,Novi Sad,2013-03-17,BOD,,3.1022,mg/l,Fair,augmented_copy3_jitter+3d
SRB00002,Novi Sad,2013-04-26,BOD,,2.7,mg/l,Fair,original
SRB00002,Novi Sad,2013-04-28,BOD,,2.6823,mg/l,Fair,augmented_copy3_jitter+2d
SRB00002,Novi Sad,2013-04-29,BOD,,2.7166,mg/l,Fair,augmented_copy1_jitter+3d
SRB00002,Novi Sad,2013-04-29,BOD,,2.6977,mg/l,Fair,augmented_copy2_jitter+3d
SRB00002,Novi Sad,2013-05-18,BOD,,2.4872,mg/l,Fair,augmented_copy3_jitter-3d
SRB00002,Novi Sad,2013-05-20,BOD,,2.5556,mg/l,Fair,augmented_copy2_jitter-1d
SRB00002,Novi Sad,2013-05-21,BOD,,2.5,mg/l,Fair,original
SRB00002,Novi Sad,2013-05-24,BOD,,2.4272,mg/l,Fair,augmented_copy1_jitter+3d
SRB00002,Novi Sad,2013-06-16,BOD,,2.3234,mg/l,Fair,augmented_copy2_jitter-2d
SRB00002,Novi Sad,2013-06-18,BOD,,2.3,mg/l,Fair,original
SRB00002,Novi Sad,2013-06-19,BOD,,2.2552,mg/l,Fair,augmented_copy3_jitter+1d
SRB00002,Novi Sad,2013-06-21,BOD,,2.3264,mg/l,Fair,augmented_copy1_jitter+3d
SRB00002,Novi Sad,2013-07-31,BOD,,2.3,mg/l,Fair,original
SRB00002,Novi Sad,2013-08-03,BOD,,2.3062,mg/l,Fair,augmented_copy1_jitter+3d
SRB00002,Novi Sad,2013-08-03,BOD,,2.2918,mg/l,Fair,augmented_copy2_jitter+3d
SRB00002,Novi Sad,2013-08-03,BOD,,2.3376,mg/l,Fair,augmented_copy3_jitter+3d
SRB00002,Novi Sad,2013-08-12,BOD,,3.1,mg/l,Fair,original
SRB00002,Novi Sad,2013-08-13,BOD,,3.1149,mg/l,Fair,augmented_copy1_jitter+1d
SRB00002,Novi Sad,2013-08-13,BOD,,3.1236,mg/l,Fair,augmented_copy2_jitter+1d
SRB00002,Novi Sad,2013-08-15,BOD,,3.0489,mg/l,Fair,augmented_copy3_jitter+3d
SRB00002,Novi Sad,2013-09-22,BOD,,2.482,mg/l,Fair,augmented_copy1_jitter-3d
SRB00002,Novi Sad,2013-09-24,BOD,,2.4883,mg/l,Fair,augmented_copy2_jitter-1d
SRB00002,Novi Sad,2013-09-24,BOD,,2.4772,mg/l,Fair,augmented_copy3_jitter-1d
SRB00002,Novi Sad,2013-09-25,BOD,,2.5,mg/l,Fair,original
SRB00002,Novi Sad,2013-10-08,BOD,,2.1295,mg/l,Fair,augmented_copy1_jitter-2d
SRB00002,Novi Sad,2013-10-08,BOD,,2.089,mg/l,Fair,augmented_copy3_jitter-2d
SRB00002,Novi Sad,2013-10-09,BOD,,2.0772,mg/l,Fair,augmented_copy2_jitter-1d
SRB00002,Novi Sad,2013-10-10,BOD,,2.1,mg/l,Fair,original
SRB00002,Novi Sad,2013-11-20,BOD,,1.3945,mg/l,Fair,augmented_copy1_jitter-1d
SRB00002,Novi Sad,2013-11-21,BOD,,1.4,mg/l,Fair,original
SRB00002,Novi Sad,2013-11-22,BOD,,1.4444,mg/l,Fair,augmented_copy3_jitter+1d
SRB00002,Novi Sad,2013-11-24,BOD,,1.37,mg/l,Fair,augmented_copy2_jitter+3d
SRB00002,Novi Sad,2013-12-15,BOD,,2.3316,mg/l,Fair,augmented_copy3_jitter-2d
SRB00002,Novi Sad,2013-12-16,BOD,,2.3287,mg/l,Fair,augmented_copy2_jitter-1d
SRB00002,Novi Sad,2013-12-17,BOD,,2.3,mg/l,Fair,original
SRB00002,Novi Sad,2013-12-20,BOD,,2.3168,mg/l,Fair,augmented_copy1_jitter+3d
SRB00002,Novi Sad,2014-01-27,BOD,,1.9471,mg/l,Fair,augmented_copy3_jitter-1d
SRB00002,Novi Sad,2014-01-28,BOD,,1.9,mg/l,Fair,original
SRB00002,Novi Sad,2014-01-30,BOD,,1.8789,mg/l,Fair,augmented_copy2_jitter+2d
SRB00002,Novi Sad,2014-01-31,BOD,,1.8873,mg/l,Fair,augmented_copy1_jitter+3d
SRB00002,Novi Sad,2014-02-20,BOD,,3.0,mg/l,Fair,original
SRB00002,Novi Sad,2014-02-21,BOD,,3.0507,mg/l,Fair,augmented_copy2_jitter+1d
SRB00002,Novi Sad,2014-02-21,BOD,,3.0488,mg/l,Fair,augmented_copy3_jitter+1d
SRB00002,Novi Sad,2014-02-23,BOD,,2.9889,mg/l,Fair,augmented_copy1_jitter+3d
SRB00002,Novi Sad,2014-03-25,BOD,,2.436,mg/l,Fair,augmented_copy2_jitter-3d
SRB00002,Novi Sad,2014-03-26,BOD,,2.3947,mg/l,Fair,augmented_copy1_jitter-2d
SRB00002,Novi Sad,2014-03-27,BOD,,2.3258,mg/l,Fair,augmented_copy3_jitter-1d
SRB00002,Novi Sad,2014-03-28,BOD,,2.4,mg/l,Fair,original
SRB00002,Novi Sad,2014-04-21,BOD,,2.8722,mg/l,Fair,augmented_copy2_jitter-3d
SRB00002,Novi Sad,2014-04-21,BOD,,2.8173,mg/l,Fair,augmented_copy3_jitter-3d
SRB00002,Novi Sad,2014-04-24,BOD,,2.8,mg/l,Fair,original
SRB00002,Novi Sad,2014-04-25,BOD,,2.7906,mg/l,Fair,augmented_copy1_jitter+1d
SRB00002,Novi Sad,2014-05-22,BOD,,3.0748,mg/l,Fair,augmented_copy1_jitter-1d
SRB00002,Novi Sad,2014-05-23,BOD,,3.1,mg/l,Fair,original
SRB00002,Novi Sad,2014-05-25,BOD,,3.0645,mg/l,Fair,augmented_copy3_jitter+2d
SRB00002,Novi Sad,2014-05-26,BOD,,3.0498,mg/l,Fair,augmented_copy2_jitter+3d
SRB00002,Novi Sad,2014-06-09,BOD,,2.4966,mg/l,Fair,augmented_copy2_jitter-1d
SRB00002,Novi Sad,2014-06-10,BOD,,2.5,mg/l,Fair,original
SRB00002,Novi Sad,2014-06-12,BOD,,2.4906,mg/l,Fair,augmented_copy1_jitter+2d
SRB00002,Novi Sad,2014-06-13,BOD,,2.4472,mg/l,Fair,augmented_copy3_jitter+3d
SRB00002,Novi Sad,2014-07-18,BOD,,1.0,mg/l,Fair,original
SRB00002,Novi Sad,2014-07-19,BOD,,0.9918,mg/l,Fair,augmented_copy2_jitter+1d
SRB00002,Novi Sad,2014-07-20,BOD,,0.9927,mg/l,Fair,augmented_copy1_jitter+2d
SRB00002,Novi Sad,2014-07-20,BOD,,0.983,mg/l,Fair,augmented_copy3_jitter+2d
SRB00002,Novi Sad,2014-08-08,BOD,,1.6,mg/l,Fair,original
SRB00002,Novi Sad,2014-08-09,BOD,,1.635,mg/l,Fair,augmented_copy2_jitter+1d
SRB00002,Novi Sad,2014-08-10,BOD,,1.6388,mg/l,Fair,augmented_copy3_jitter+2d
SRB00002,Novi Sad,2014-08-11,BOD,,1.5923,mg/l,Fair,augmented_copy1_jitter+3d
SRB00002,Novi Sad,2014-09-27,BOD,,2.4437,mg/l,Fair,augmented_copy1_jitter-3d
SRB00002,Novi Sad,2014-09-27,BOD,,2.4736,mg/l,Fair,augmented_copy3_jitter-3d
SRB00002,Novi Sad,2014-09-30,BOD,,2.5,mg/l,Fair,original
SRB00002,Novi Sad,2014-10-01,BOD,,2.5557,mg/l,Fair,augmented_copy2_jitter+1d
SRB00002,Novi Sad,2014-10-08,BOD,,2.3345,mg/l,Fair,augmented_copy2_jitter-1d
SRB00002,Novi Sad,2014-10-08,BOD,,2.3097,mg/l,Fair,augmented_copy3_jitter-1d
SRB00002,Novi Sad,2014-10-09,BOD,,2.3,mg/l,Fair,original
SRB00002,Novi Sad,2014-10-10,BOD,,2.2617,mg/l,Fair,augmented_copy1_jitter+1d
SRB00002,Novi Sad,2014-11-16,BOD,,1.523,mg/l,Fair,augmented_copy2_jitter-2d
SRB00002,Novi Sad,2014-11-16,BOD,,1.4872,mg/l,Fair,augmented_copy3_jitter-2d
SRB00002,Novi Sad,2014-11-17,BOD,,1.5004,mg/l,Fair,augmented_copy1_jitter-1d
SRB00002,Novi Sad,2014-11-18,BOD,,1.5,mg/l,Fair,original
SRB00002,Novi Sad,2014-12-25,BOD,,1.9,mg/l,Fair,original
SRB00002,Novi Sad,2014-12-26,BOD,,1.8994,mg/l,Fair,augmented_copy2_jitter+1d
SRB00002,Novi Sad,2014-12-27,BOD,,1.8785,mg/l,Fair,augmented_copy3_jitter+2d
SRB00002,Novi Sad,2014-12-28,BOD,,1.9004,mg/l,Fair,augmented_copy1_jitter+3d
SRB00002,Novi Sad,2015-01-14,BOD,,1.0866,mg/l,Fair,augmented_copy1_jitter-2d
SRB00002,Novi Sad,2015-01-14,BOD,,1.0891,mg/l,Fair,augmented_copy3_jitter-2d
SRB00002,Novi Sad,2015-01-16,BOD,,1.1,mg/l,Fair,original
SRB00002,Novi Sad,2015-01-17,BOD,,1.0294,mg/l,Fair,augmented_copy2_jitter+1d
SRB00002,Novi Sad,2015-02-24,BOD,,1.9,mg/l,Fair,original
SRB00002,Novi Sad,2015-02-26,BOD,,1.927,mg/l,Fair,augmented_copy1_jitter+2d
SRB00002,Novi Sad,2015-02-26,BOD,,1.9345,mg/l,Fair,augmented_copy2_jitter+2d
SRB00002,Novi Sad,2015-02-26,BOD,,1.8544,mg/l,Fair,augmented_copy3_jitter+2d
SRB00002,Novi Sad,2015-03-14,BOD,,2.4289,mg/l,Fair,augmented_copy1_jitter-3d
SRB00002,Novi Sad,2015-03-15,BOD,,2.3682,mg/l,Fair,augmented_copy2_jitter-2d
SRB00002,Novi Sad,2015-03-16,BOD,,2.3906,mg/l,Fair,augmented_copy3_jitter-1d
SRB00002,Novi Sad,2015-03-17,BOD,,2.4,mg/l,Fair,original
SRB00002,Novi Sad,2015-04-06,BOD,,2.2765,mg/l,Fair,augmented_copy1_jitter-1d
SRB00002,Novi Sad,2015-04-07,BOD,,2.3,mg/l,Fair,original
SRB00002,Novi Sad,2015-04-09,BOD,,2.2385,mg/l,Fair,augmented_copy2_jitter+2d
SRB00002,Novi Sad,2015-04-09,BOD,,2.3098,mg/l,Fair,augmented_copy3_jitter+2d
SRB00002,Novi Sad,2015-05-09,BOD,,1.7546,mg/l,Fair,augmented_copy3_jitter-3d
SRB00002,Novi Sad,2015-05-12,BOD,,1.8,mg/l,Fair,original
SRB00002,Novi Sad,2015-05-13,BOD,,1.8056,mg/l,Fair,augmented_copy1_jitter+1d
SRB00002,Novi Sad,2015-05-13,BOD,,1.8041,mg/l,Fair,augmented_copy2_jitter+1d
SRB00002,Novi Sad,2015-06-15,BOD,,2.1347,mg/l,Fair,augmented_copy1_jitter-3d
SRB00002,Novi Sad,2015-06-16,BOD,,2.0998,mg/l,Fair,augmented_copy2_jitter-2d
SRB00002,Novi Sad,2015-06-17,BOD,,2.0224,mg/l,Fair,augmented_copy3_jitter-1d
SRB00002,Novi Sad,2015-06-18,BOD,,2.1,mg/l,Fair,original
SRB00002,Novi Sad,2015-07-21,BOD,,2.8,mg/l,Fair,original
SRB00002,Novi Sad,2015-07-22,BOD,,2.777,mg/l,Fair,augmented_copy1_jitter+1d
SRB00002,Novi Sad,2015-07-22,BOD,,2.7815,mg/l,Fair,augmented_copy3_jitter+1d
SRB00002,Novi Sad,2015-07-24,BOD,,2.844,mg/l,Fair,augmented_copy2_jitter+3d
SRB00002,Novi Sad,2015-08-15,BOD,,2.61,mg/l,Fair,augmented_copy1_jitter-3d
SRB00002,Novi Sad,2015-08-17,BOD,,2.5918,mg/l,Fair,augmented_copy2_jitter-1d
SRB00002,Novi Sad,2015-08-18,BOD,,2.6,mg/l,Fair,original
SRB00002,Novi Sad,2015-08-20,BOD,,2.6188,mg/l,Fair,augmented_copy3_jitter+2d
SRB00002,Novi Sad,2015-09-22,BOD,,1.6319,mg/l,Fair,augmented_copy3_jitter-2d
SRB00002,Novi Sad,2015-09-24,BOD,,1.6,mg/l,Fair,original
SRB00002,Novi Sad,2015-09-26,BOD,,1.6264,mg/l,Fair,augmented_copy2_jitter+2d
SRB00002,Novi Sad,2015-09-27,BOD,,1.6618,mg/l,Fair,augmented_copy1_jitter+3d
SRB00002,Novi Sad,2015-10-21,BOD,,1.4659,mg/l,Fair,augmented_copy2_jitter-2d
SRB00002,Novi Sad,2015-10-23,BOD,,1.5,mg/l,Fair,original
SRB00002,Novi Sad,2015-10-24,BOD,,1.5029,mg/l,Fair,augmented_copy1_jitter+1d
SRB00002,Novi Sad,2015-10-24,BOD,,1.4702,mg/l,Fair,augmented_copy3_jitter+1d
SRB00002,Novi Sad,2015-11-07,BOD,,2.0443,mg/l,Fair,augmented_copy2_jitter-3d
SRB00002,Novi Sad,2015-11-10,BOD,,2.1,mg/l,Fair,original
SRB00002,Novi Sad,2015-11-11,BOD,,2.0787,mg/l,Fair,augmented_copy3_jitter+1d
SRB00002,Novi Sad,2015-11-13,BOD,,2.0907,mg/l,Fair,augmented_copy1_jitter+3d
SRB00002,Novi Sad,2015-12-21,BOD,,1.4365,mg/l,Fair,augmented_copy2_jitter-2d
SRB00002,Novi Sad,2015-12-22,BOD,,1.5876,mg/l,Fair,augmented_copy1_jitter-1d
SRB00002,Novi Sad,2015-12-23,BOD,,1.5,mg/l,Fair,original
SRB00002,Novi Sad,2015-12-25,BOD,,1.5079,mg/l,Fair,augmented_copy3_jitter+2d
SRB00002,Novi Sad,2016-01-09,BOD,,1.1583,mg/l,Fair,augmented_copy2_jitter-3d
SRB00002,Novi Sad,2016-01-12,BOD,,1.2,mg/l,Fair,original
SRB00002,Novi Sad,2016-01-13,BOD,,1.226,mg/l,Fair,augmented_copy3_jitter+1d
SRB00002,Novi Sad,2016-01-15,BOD,,1.1658,mg/l,Fair,augmented_copy1_jitter+3d
SRB00002,Novi Sad,2016-02-05,BOD,,2.5,mg/l,Fair,original
SRB00002,Novi Sad,2016-02-06,BOD,,2.6008,mg/l,Fair,augmented_copy2_jitter+1d
SRB00002,Novi Sad,2016-02-06,BOD,,2.4482,mg/l,Fair,augmented_copy3_jitter+1d
SRB00002,Novi Sad,2016-02-08,BOD,,2.4879,mg/l,Fair,augmented_copy1_jitter+3d
SRB00002,Novi Sad,2016-03-06,BOD,,2.4767,mg/l,Fair,augmented_copy2_jitter-2d
SRB00002,Novi Sad,2016-03-06,BOD,,2.4607,mg/l,Fair,augmented_copy3_jitter-2d
SRB00002,Novi Sad,2016-03-07,BOD,,2.5719,mg/l,Fair,augmented_copy1_jitter-1d
SRB00002,Novi Sad,2016-03-08,BOD,,2.5,mg/l,Fair,original
SRB00002,Novi Sad,2016-04-03,BOD,,2.3991,mg/l,Fair,augmented_copy2_jitter-2d
SRB00002,Novi Sad,2016-04-05,BOD,,2.4,mg/l,Fair,original
SRB00002,Novi Sad,2016-04-07,BOD,,2.3949,mg/l,Fair,augmented_copy1_jitter+2d
SRB00002,Novi Sad,2016-04-08,BOD,,2.3932,mg/l,Fair,augmented_copy3_jitter+3d
SRB00002,Novi Sad,2016-05-14,BOD,,2.4868,mg/l,Fair,augmented_copy1_jitter-3d
SRB00002,Novi Sad,2016-05-15,BOD,,2.5341,mg/l,Fair,augmented_copy2_jitter-2d
SRB00002,Novi Sad,2016-05-16,BOD,,2.517,mg/l,Fair,augmented_copy3_jitter-1d
SRB00002,Novi Sad,2016-05-17,BOD,,2.5,mg/l,Fair,original
SRB00002,Novi Sad,2016-06-07,BOD,,1.5864,mg/l,Fair,augmented_copy3_jitter-3d
SRB00002,Novi Sad,2016-06-10,BOD,,1.6,mg/l,Fair,original
SRB00002,Novi Sad,2016-06-11,BOD,,1.641,mg/l,Fair,augmented_copy1_jitter+1d
SRB00002,Novi Sad,2016-06-11,BOD,,1.5776,mg/l,Fair,augmented_copy2_jitter+1d
SRB00002,Novi Sad,2016-07-10,BOD,,2.0805,mg/l,Fair,augmented_copy2_jitter-2d
SRB00002,Novi Sad,2016-07-12,BOD,,2.1,mg/l,Fair,original
SRB00002,Novi Sad,2016-07-13,BOD,,2.0191,mg/l,Fair,augmented_copy1_jitter+1d
SRB00002,Novi Sad,2016-07-15,BOD,,2.0178,mg/l,Fair,augmented_copy3_jitter+3d
SRB00002,Novi Sad,2016-07-26,BOD,,2.1965,mg/l,Fair,augmented_copy1_jitter-2d
SRB00002,Novi Sad,2016-07-26,BOD,,2.1752,mg/l,Fair,augmented_copy3_jitter-2d
SRB00002,Novi Sad,2016-07-28,BOD,,2.2,mg/l,Fair,original
SRB00002,Novi Sad,2016-07-29,BOD,,2.2603,mg/l,Fair,augmented_copy2_jitter+1d
SRB00002,Novi Sad,2016-09-14,BOD,,1.7,mg/l,Fair,original
SRB00002,Novi Sad,2016-09-15,BOD,,1.6888,mg/l,Fair,augmented_copy2_jitter+1d
SRB00002,Novi Sad,2016-09-16,BOD,,1.6802,mg/l,Fair,augmented_copy3_jitter+2d
SRB00002,Novi Sad,2016-09-17,BOD,,1.7034,mg/l,Fair,augmented_copy1_jitter+3d
SRB00002,Novi Sad,2016-10-25,BOD,,1.7541,mg/l,Fair,augmented_copy1_jitter-1d
SRB00002,Novi Sad,2016-10-26,BOD,,1.8,mg/l,Fair,original
SRB00002,Novi Sad,2016-10-28,BOD,,1.8384,mg/l,Fair,augmented_copy3_jitter+2d
SRB00002,Novi Sad,2016-10-29,BOD,,1.7742,mg/l,Fair,augmented_copy2_jitter+3d
SRB00002,Novi Sad,2016-11-26,BOD,,2.4842,mg/l,Fair,augmented_copy1_jitter-3d
SRB00002,Novi Sad,2016-11-28,BOD,,2.4021,mg/l,Fair,augmented_copy2_jitter-1d
SRB00002,Novi Sad,2016-11-29,BOD,,2.4,mg/l,Fair,original
SRB00002,Novi Sad,2016-12-02,BOD,,2.4007,mg/l,Fair,augmented_copy3_jitter+3d
SRB00002,Novi Sad,2016-12-19,BOD,,2.0619,mg/l,Fair,augmented_copy3_jitter-1d
SRB00002,Novi Sad,2016-12-20,BOD,,2.1,mg/l,Fair,original
SRB00002,Novi Sad,2016-12-22,BOD,,2.1469,mg/l,Fair,augmented_copy1_jitter+2d
SRB00002,Novi Sad,2016-12-23,BOD,,2.112,mg/l,Fair,augmented_copy2_jitter+3d
SRB00002,Novi Sad,2017-01-19,BOD,,2.6,mg/l,Fair,original
SRB00002,Novi Sad,2017-01-20,BOD,,2.6057,mg/l,Fair,augmented_copy3_jitter+1d
SRB00002,Novi Sad,2017-01-21,BOD,,2.632,mg/l,Fair,augmented_copy1_jitter+2d
SRB00002,Novi Sad,2017-01-21,BOD,,2.5795,mg/l,Fair,augmented_copy2_jitter+2d
SRB00002,Novi Sad,2017-02-21,BOD,,2.5,mg/l,Fair,original
SRB00002,Novi Sad,2017-02-23,BOD,,2.5307,mg/l,Fair,augmented_copy1_jitter+2d
SRB00002,Novi Sad,2017-02-23,BOD,,2.5416,mg/l,Fair,augmented_copy2_jitter+2d
SRB00002,Novi Sad,2017-02-23,BOD,,2.5316,mg/l,Fair,augmented_copy3_jitter+2d
SRB00002,Novi Sad,2017-03-18,BOD,,2.58,mg/l,Fair,augmented_copy2_jitter-3d
SRB00002,Novi Sad,2017-03-19,BOD,,2.5925,mg/l,Fair,augmented_copy1_jitter-2d
SRB00002,Novi Sad,2017-03-21,BOD,,2.6,mg/l,Fair,original
SRB00002,Novi Sad,2017-03-23,BOD,,2.6145,mg/l,Fair,augmented_copy3_jitter+2d
SRB00002,Novi Sad,2017-04-07,BOD,,3.2,mg/l,Fair,original
SRB00002,Novi Sad,2017-04-08,BOD,,3.183,mg/l,Fair,augmented_copy3_jitter+1d
SRB00002,Novi Sad,2017-04-09,BOD,,3.226,mg/l,Fair,augmented_copy1_jitter+2d
SRB00002,Novi Sad,2017-04-10,BOD,,3.2924,mg/l,Fair,augmented_copy2_jitter+3d
SRB00002,Novi Sad,2017-05-09,BOD,,2.808,mg/l,Fair,augmented_copy2_jitter-1d
SRB00002,Novi Sad,2017-05-10,BOD,,2.9,mg/l,Fair,original
SRB00002,Novi Sad,2017-05-12,BOD,,2.9201,mg/l,Fair,augmented_copy1_jitter+2d
SRB00002,Novi Sad,2017-05-12,BOD,,2.9325,mg/l,Fair,augmented_copy3_jitter+2d
SRB00002,Novi Sad,2017-06-05,BOD,,3.6928,mg/l,Fair,augmented_copy3_jitter-3d
SRB00002,Novi Sad,2017-06-07,BOD,,3.7258,mg/l,Fair,augmented_copy1_jitter-1d
SRB00002,Novi Sad,2017-06-08,BOD,,3.7,mg/l,Fair,original
SRB00002,Novi Sad,2017-06-09,BOD,,3.7037,mg/l,Fair,augmented_copy2_jitter+1d
SRB00002,Novi Sad,2017-07-30,BOD,,1.9848,mg/l,Fair,augmented_copy1_jitter-3d
SRB00002,Novi Sad,2017-08-01,BOD,,1.9752,mg/l,Fair,augmented_copy2_jitter-1d
SRB00002,Novi Sad,2017-08-02,BOD,,2.0,mg/l,Fair,original
SRB00002,Novi Sad,2017-08-03,BOD,,1.9954,mg/l,Fair,augmented_copy3_jitter+1d
SRB00002,Novi Sad,2017-08-13,BOD,,2.7773,mg/l,Fair,augmented_copy2_jitter-2d
SRB00002,Novi Sad,2017-08-14,BOD,,2.6777,mg/l,Fair,augmented_copy3_jitter-1d
SRB00002,Novi Sad,2017-08-15,BOD,,2.7,mg/l,Fair,original
SRB00002,Novi Sad,2017-08-18,BOD,,2.7371,mg/l,Fair,augmented_copy1_jitter+3d
SRB00002,Novi Sad,2017-09-16,BOD,,3.0213,mg/l,Fair,augmented_copy1_jitter-3d
SRB00002,Novi Sad,2017-09-18,BOD,,3.0686,mg/l,Fair,augmented_copy2_jitter-1d
SRB00002,Novi Sad,2017-09-19,BOD,,3.0,mg/l,Fair,original
SRB00002,Novi Sad,2017-09-21,BOD,,2.9587,mg/l,Fair,augmented_copy3_jitter+2d
SRB00002,Novi Sad,2017-10-14,BOD,,1.8999,mg/l,Fair,augmented_copy2_jitter-3d
SRB00002,Novi Sad,2017-10-16,BOD,,1.8564,mg/l,Fair,augmented_copy1_jitter-1d
SRB00002,Novi Sad,2017-10-17,BOD,,1.9,mg/l,Fair,original
SRB00002,Novi Sad,2017-10-18,BOD,,1.8643,mg/l,Fair,augmented_copy3_jitter+1d
SRB00002,Novi Sad,2017-11-21,BOD,,2.7369,mg/l,Fair,augmented_copy3_jitter-3d
SRB00002,Novi Sad,2017-11-24,BOD,,2.7,mg/l,Fair,original
SRB00002,Novi Sad,2017-11-25,BOD,,2.7613,mg/l,Fair,augmented_copy1_jitter+1d
SRB00002,Novi Sad,2017-11-26,BOD,,2.7525,mg/l,Fair,augmented_copy2_jitter+2d
SRB00002,Novi Sad,2017-12-16,BOD,,2.1273,mg/l,Fair,augmented_copy1_jitter-3d
SRB00002,Novi Sad,2017-12-16,BOD,,2.0508,mg/l,Fair,augmented_copy2_jitter-3d
SRB00002,Novi Sad,2017-12-16,BOD,,2.1042,mg/l,Fair,augmented_copy3_jitter-3d
SRB00002,Novi Sad,2017-12-19,BOD,,2.1,mg/l,Fair,original
SRB00002,Novi Sad,2018-01-07,BOD,,1.4302,mg/l,Fair,augmented_copy2_jitter-3d
SRB00002,Novi Sad,2018-01-09,BOD,,1.5429,mg/l,Fair,augmented_copy3_jitter-1d
SRB00002,Novi Sad,2018-01-10,BOD,,1.5,mg/l,Fair,original
SRB00002,Novi Sad,2018-01-11,BOD,,1.5022,mg/l,Fair,augmented_copy1_jitter+1d
SRB00002,Novi Sad,2018-02-04,BOD,,2.2931,mg/l,Fair,augmented_copy2_jitter-2d
SRB00002,Novi Sad,2018-02-05,BOD,,2.3546,mg/l,Fair,augmented_copy3_jitter-1d
SRB00002,Novi Sad,2018-02-06,BOD,,2.3,mg/l,Fair,original
SRB00002,Novi Sad,2018-02-09,BOD,,2.3135,mg/l,Fair,augmented_copy1_jitter+3d
SRB00002,Novi Sad,2018-03-11,BOD,,2.4788,mg/l,Fair,augmented_copy1_jitter-2d
SRB00002,Novi Sad,2018-03-11,BOD,,2.5375,mg/l,Fair,augmented_copy2_jitter-2d
SRB00002,Novi Sad,2018-03-13,BOD,,2.5,mg/l,Fair,original
SRB00002,Novi Sad,2018-03-14,BOD,,2.5214,mg/l,Fair,augmented_copy3_jitter+1d
SRB00002,Novi Sad,2018-04-14,BOD,,1.6919,mg/l,Fair,augmented_copy1_jitter-3d
SRB00002,Novi Sad,2018-04-14,BOD,,1.6648,mg/l,Fair,augmented_copy2_jitter-3d
SRB00002,Novi Sad,2018-04-17,BOD,,1.7,mg/l,Fair,original
SRB00002,Novi Sad,2018-04-18,BOD,,1.7342,mg/l,Fair,augmented_copy3_jitter+1d
SRB00002,Novi Sad,2018-05-23,BOD,,2.5688,mg/l,Fair,augmented_copy1_jitter-2d
SRB00002,Novi Sad,2018-05-23,BOD,,2.5374,mg/l,Fair,augmented_copy3_jitter-2d
SRB00002,Novi Sad,2018-05-24,BOD,,2.6467,mg/l,Fair,augmented_copy2_jitter-1d
SRB00002,Novi Sad,2018-05-25,BOD,,2.6,mg/l,Fair,original
SRB00002,Novi Sad,2018-06-14,BOD,,2.8929,mg/l,Fair,augmented_copy1_jitter-1d
SRB00002,Novi Sad,2018-06-15,BOD,,2.9,mg/l,Fair,original
SRB00002,Novi Sad,2018-06-16,BOD,,2.8761,mg/l,Fair,augmented_copy2_jitter+1d
SRB00002,Novi Sad,2018-06-18,BOD,,2.8883,mg/l,Fair,augmented_copy3_jitter+3d
SRB00002,Novi Sad,2018-07-17,BOD,,2.562,mg/l,Fair,augmented_copy1_jitter-1d
SRB00002,Novi Sad,2018-07-17,BOD,,2.5839,mg/l,Fair,augmented_copy2_jitter-1d
SRB00002,Novi Sad,2018-07-18,BOD,,2.6,mg/l,Fair,original
SRB00002,Novi Sad,2018-07-19,BOD,,2.5302,mg/l,Fair,augmented_copy3_jitter+1d
SRB00002,Novi Sad,2018-08-06,BOD,,2.5085,mg/l,Fair,augmented_copy3_jitter-2d
SRB00002,Novi Sad,2018-08-07,BOD,,2.4962,mg/l,Fair,augmented_copy1_jitter-1d
SRB00002,Novi Sad,2018-08-08,BOD,,2.5,mg/l,Fair,original
SRB00002,Novi Sad,2018-08-09,BOD,,2.4955,mg/l,Fair,augmented_copy2_jitter+1d
SRB00002,Novi Sad,2018-09-26,BOD,,2.4027,mg/l,Fair,augmented_copy2_jitter-1d
SRB00002,Novi Sad,2018-09-27,BOD,,2.4,mg/l,Fair,original
SRB00002,Novi Sad,2018-09-30,BOD,,2.3932,mg/l,Fair,augmented_copy1_jitter+3d
SRB00002,Novi Sad,2018-09-30,BOD,,2.3732,mg/l,Fair,augmented_copy3_jitter+3d
SRB00002,Novi Sad,2018-10-23,BOD,,2.0659,mg/l,Fair,augmented_copy2_jitter-2d
SRB00002,Novi Sad,2018-10-23,BOD,,2.1009,mg/l,Fair,augmented_copy3_jitter-2d
SRB00002,Novi Sad,2018-10-25,BOD,,2.1,mg/l,Fair,original
SRB00002,Novi Sad,2018-10-26,BOD,,2.1129,mg/l,Fair,augmented_copy1_jitter+1d
SRB00002,Novi Sad,2018-11-27,BOD,,2.0,mg/l,Fair,original
SRB00002,Novi Sad,2018-11-30,BOD,,2.0156,mg/l,Fair,augmented_copy1_jitter+3d
SRB00002,Novi Sad,2018-11-30,BOD,,2.0165,mg/l,Fair,augmented_copy2_jitter+3d
SRB00002,Novi Sad,2018-11-30,BOD,,1.9622,mg/l,Fair,augmented_copy3_jitter+3d
SRB00002,Novi Sad,2018-12-25,BOD,,2.4066,mg/l,Fair,augmented_copy2_jitter-1d
SRB00002,Novi Sad,2018-12-25,BOD,,2.5474,mg/l,Fair,augmented_copy3_jitter-1d
SRB00002,Novi Sad,2018-12-26,BOD,,2.5,mg/l,Fair,original
SRB00002,Novi Sad,2018-12-29,BOD,,2.4815,mg/l,Fair,augmented_copy1_jitter+3d
SRB00002,Novi Sad,2019-01-27,BOD,,2.4776,mg/l,Fair,augmented_copy1_jitter-2d
SRB00002,Novi Sad,2019-01-29,BOD,,2.5,mg/l,Fair,original
SRB00002,Novi Sad,2019-01-31,BOD,,2.5071,mg/l,Fair,augmented_copy2_jitter+2d
SRB00002,Novi Sad,2019-01-31,BOD,,2.5145,mg/l,Fair,augmented_copy3_jitter+2d
SRB00002,Novi Sad,2019-02-26,BOD,,2.3706,mg/l,Fair,augmented_copy3_jitter-2d
SRB00002,Novi Sad,2019-02-27,BOD,,2.4317,mg/l,Fair,augmented_copy2_jitter-1d
SRB00002,Novi Sad,2019-02-28,BOD,,2.4,mg/l,Fair,original
SRB00002,Novi Sad,2019-03-01,BOD,,2.3977,mg/l,Fair,augmented_copy1_jitter+1d
SRB00002,Novi Sad,2019-03-10,BOD,,2.3118,mg/l,Fair,augmented_copy3_jitter-2d
SRB00002,Novi Sad,2019-03-12,BOD,,2.3,mg/l,Fair,original
SRB00002,Novi Sad,2019-03-13,BOD,,2.2909,mg/l,Fair,augmented_copy1_jitter+1d
SRB00002,Novi Sad,2019-03-14,BOD,,2.2731,mg/l,Fair,augmented_copy2_jitter+2d
SRB00002,Novi Sad,2019-04-21,BOD,,2.7977,mg/l,Fair,augmented_copy3_jitter-2d
SRB00002,Novi Sad,2019-04-22,BOD,,2.7727,mg/l,Fair,augmented_copy1_jitter-1d
SRB00002,Novi Sad,2019-04-23,BOD,,2.8,mg/l,Fair,original
SRB00002,Novi Sad,2019-04-25,BOD,,2.819,mg/l,Fair,augmented_copy2_jitter+2d
SRB00002,Novi Sad,2019-05-05,BOD,,3.1952,mg/l,Fair,augmented_copy3_jitter-3d
SRB00002,Novi Sad,2019-05-06,BOD,,3.1938,mg/l,Fair,augmented_copy2_jitter-2d
SRB00002,Novi Sad,2019-05-08,BOD,,3.2,mg/l,Fair,original
SRB00002,Novi Sad,2019-05-11,BOD,,3.2944,mg/l,Fair,augmented_copy1_jitter+3d
SRB00002,Novi Sad,2019-06-29,BOD,,2.3815,mg/l,Fair,augmented_copy1_jitter-3d
SRB00002,Novi Sad,2019-06-29,BOD,,2.4676,mg/l,Fair,augmented_copy3_jitter-3d
SRB00002,Novi Sad,2019-06-30,BOD,,2.39,mg/l,Fair,augmented_copy2_jitter-2d
SRB00002,Novi Sad,2019-07-02,BOD,,2.4,mg/l,Fair,original
SRB00002,Novi Sad,2019-07-20,BOD,,2.5972,mg/l,Fair,augmented_copy1_jitter-3d
SRB00002,Novi Sad,2019-07-23,BOD,,2.6,mg/l,Fair,original
SRB00002,Novi Sad,2019-07-24,BOD,,2.5861,mg/l,Fair,augmented_copy3_jitter+1d
SRB00002,Novi Sad,2019-07-25,BOD,,2.5731,mg/l,Fair,augmented_copy2_jitter+2d
SRB00002,Novi Sad,2019-08-20,BOD,,2.0,mg/l,Fair,original
SRB00002,Novi Sad,2019-08-21,BOD,,1.9659,mg/l,Fair,augmented_copy3_jitter+1d
SRB00002,Novi Sad,2019-08-22,BOD,,2.0475,mg/l,Fair,augmented_copy2_jitter+2d
SRB00002,Novi Sad,2019-08-23,BOD,,2.001,mg/l,Fair,augmented_copy1_jitter+3d
SRB00002,Novi Sad,2019-09-02,BOD,,2.2926,mg/l,Fair,augmented_copy2_jitter-1d
SRB00002,Novi Sad,2019-09-03,BOD,,2.3,mg/l,Fair,original
SRB00002,Novi Sad,2019-09-05,BOD,,2.2838,mg/l,Fair,augmented_copy1_jitter+2d
SRB00002,Novi Sad,2019-09-06,BOD,,2.3189,mg/l,Fair,augmented_copy3_jitter+3d
SRB00002,Novi Sad,2019-09-30,BOD,,1.9684,mg/l,Fair,augmented_copy2_jitter-2d
SRB00002,Novi Sad,2019-10-01,BOD,,2.0242,mg/l,Fair,augmented_copy3_jitter-1d
SRB00002,Novi Sad,2019-10-02,BOD,,2.0,mg/l,Fair,original
SRB00002,Novi Sad,2019-10-03,BOD,,1.9864,mg/l,Fair,augmented_copy1_jitter+1d
SRB00002,Novi Sad,2019-11-04,BOD,,2.106,mg/l,Fair,augmented_copy1_jitter-1d
SRB00002,Novi Sad,2019-11-05,BOD,,2.1,mg/l,Fair,original
SRB00002,Novi Sad,2019-11-06,BOD,,2.0394,mg/l,Fair,augmented_copy3_jitter+1d
SRB00002,Novi Sad,2019-11-07,BOD,,2.098,mg/l,Fair,augmented_copy2_jitter+2d
SRB00002,Novi Sad,2019-12-07,BOD,,2.8335,mg/l,Fair,augmented_copy3_jitter-3d
SRB00002,Novi Sad,2019-12-10,BOD,,2.8,mg/l,Fair,original
SRB00002,Novi Sad,2019-12-11,BOD,,2.7731,mg/l,Fair,augmented_copy1_jitter+1d
SRB00002,Novi Sad,2019-12-12,BOD,,2.738,mg/l,Fair,augmented_copy2_jitter+2d
SRB00002,Novi Sad,2020-01-29,BOD,,2.1206,mg/l,Fair,augmented_copy2_jitter-2d
SRB00002,Novi Sad,2020-01-31,BOD,,2.1,mg/l,Fair,original
SRB00002,Novi Sad,2020-02-01,BOD,,2.0888,mg/l,Fair,augmented_copy3_jitter+1d
SRB00002,Novi Sad,2020-02-03,BOD,,2.0909,mg/l,Fair,augmented_copy1_jitter+3d
SRB00002,Novi Sad,2020-02-27,BOD,,2.675,mg/l,Fair,augmented_copy1_jitter-1d
SRB00002,Novi Sad,2020-02-28,BOD,,2.7,mg/l,Fair,original
SRB00002,Novi Sad,2020-03-01,BOD,,2.7156,mg/l,Fair,augmented_copy3_jitter+2d
SRB00002,Novi Sad,2020-03-02,BOD,,2.6921,mg/l,Fair,augmented_copy2_jitter+3d
SRB00002,Novi Sad,2020-03-18,BOD,,2.2,mg/l,Fair,original
SRB00002,Novi Sad,2020-03-20,BOD,,2.2235,mg/l,Fair,augmented_copy3_jitter+2d
SRB00002,Novi Sad,2020-03-21,BOD,,2.1954,mg/l,Fair,augmented_copy1_jitter+3d
SRB00002,Novi Sad,2020-03-21,BOD,,2.2135,mg/l,Fair,augmented_copy2_jitter+3d
SRB00002,Novi Sad,2020-05-11,BOD,,3.0901,mg/l,Fair,augmented_copy1_jitter-3d
SRB00002,Novi Sad,2020-05-13,BOD,,3.1143,mg/l,Fair,augmented_copy2_jitter-1d
SRB00002,Novi Sad,2020-05-14,BOD,,3.1,mg/l,Fair,original
SRB00002,Novi Sad,2020-05-17,BOD,,3.1169,mg/l,Fair,augmented_copy3_jitter+3d
SRB00002,Novi Sad,2020-06-04,BOD,,1.9322,mg/l,Fair,augmented_copy1_jitter-1d
SRB00002,Novi Sad,2020-06-05,BOD,,2.0,mg/l,Fair,original
SRB00002,Novi Sad,2020-06-06,BOD,,1.9898,mg/l,Fair,augmented_copy2_jitter+1d
SRB00002,Novi Sad,2020-06-06,BOD,,1.9884,mg/l,Fair,augmented_copy3_jitter+1d
SRB00002,Novi Sad,2020-07-19,BOD,,2.4972,mg/l,Fair,augmented_copy2_jitter-2d
SRB00002,Novi Sad,2020-07-20,BOD,,2.4755,mg/l,Fair,augmented_copy1_jitter-1d
SRB00002,Novi Sad,2020-07-21,BOD,,2.5,mg/l,Fair,original
SRB00002,Novi Sad,2020-07-24,BOD,,2.5367,mg/l,Fair,augmented_copy3_jitter+3d
SRB00002,Novi Sad,2020-08-18,BOD,,2.3198,mg/l,Fair,augmented_copy2_jitter-3d
SRB00002,Novi Sad,2020-08-21,BOD,,2.3,mg/l,Fair,original
SRB00002,Novi Sad,2020-08-24,BOD,,2.2605,mg/l,Fair,augmented_copy1_jitter+3d
SRB00002,Novi Sad,2020-08-24,BOD,,2.34,mg/l,Fair,augmented_copy3_jitter+3d
SRB00002,Novi Sad,2020-09-27,BOD,,2.0174,mg/l,Fair,augmented_copy3_jitter-3d
SRB00002,Novi Sad,2020-09-30,BOD,,2.0,mg/l,Fair,original
SRB00002,Novi Sad,2020-10-01,BOD,,2.0227,mg/l,Fair,augmented_copy2_jitter+1d
SRB00002,Novi Sad,2020-10-02,BOD,,1.9617,mg/l,Fair,augmented_copy1_jitter+2d
SRB00002,Novi Sad,2020-10-27,BOD,,2.8055,mg/l,Fair,augmented_copy2_jitter-1d
SRB00002,Novi Sad,2020-10-28,BOD,,2.8,mg/l,Fair,original
SRB00002,Novi Sad,2020-10-29,BOD,,2.8341,mg/l,Fair,augmented_copy1_jitter+1d
SRB00002,Novi Sad,2020-10-30,BOD,,2.8579,mg/l,Fair,augmented_copy3_jitter+2d
SRB00002,Novi Sad,2020-11-24,BOD,,2.4648,mg/l,Fair,augmented_copy3_jitter-3d
SRB00002,Novi Sad,2020-11-25,BOD,,2.5025,mg/l,Fair,augmented_copy1_jitter-2d
SRB00002,Novi Sad,2020-11-26,BOD,,2.4865,mg/l,Fair,augmented_copy2_jitter-1d
SRB00002,Novi Sad,2020-11-27,BOD,,2.5,mg/l,Fair,original
SRB00002,Novi Sad,2020-12-22,BOD,,2.5067,mg/l,Fair,augmented_copy3_jitter-2d
SRB00002,Novi Sad,2020-12-24,BOD,,2.5,mg/l,Fair,original
SRB00002,Novi Sad,2020-12-27,BOD,,2.5066,mg/l,Fair,augmented_copy1_jitter+3d
SRB00002,Novi Sad,2020-12-27,BOD,,2.5272,mg/l,Fair,augmented_copy2_jitter+3d
SRB00002,Novi Sad,2021-01-26,BOD,,1.006,mg/l,Fair,augmented_copy1_jitter-3d
SRB00002,Novi Sad,2021-01-26,BOD,,1.0132,mg/l,Fair,augmented_copy2_jitter-3d
SRB00002,Novi Sad,2021-01-29,BOD,,1.0,mg/l,Fair,original
SRB00002,Novi Sad,2021-01-30,BOD,,0.9372,mg/l,Fair,augmented_copy3_jitter+1d
SRB00002,Novi Sad,2021-02-23,BOD,,2.7555,mg/l,Fair,augmented_copy1_jitter-3d
SRB00002,Novi Sad,2021-02-26,BOD,,2.7,mg/l,Fair,original
SRB00002,Novi Sad,2021-02-27,BOD,,2.6679,mg/l,Fair,augmented_copy3_jitter+1d
SRB00002,Novi Sad,2021-03-01,BOD,,2.6649,mg/l,Fair,augmented_copy2_jitter+3d
SRB00002,Novi Sad,2021-03-20,BOD,,3.4031,mg/l,Fair,augmented_copy1_jitter-3d
SRB00002,Novi Sad,2021-03-20,BOD,,3.4226,mg/l,Fair,augmented_copy2_jitter-3d
SRB00002,Novi Sad,2021-03-21,BOD,,3.3707,mg/l,Fair,augmented_copy3_jitter-2d
SRB00002,Novi Sad,2021-03-23,BOD,,3.4,mg/l,Fair,original
SRB00002,Novi Sad,2021-04-28,BOD,,2.8,mg/l,Fair,original
SRB00002,Novi Sad,2021-04-29,BOD,,2.7604,mg/l,Fair,augmented_copy2_jitter+1d
SRB00002,Novi Sad,2021-04-29,BOD,,2.8254,mg/l,Fair,augmented_copy3_jitter+1d
SRB00002,Novi Sad,2021-04-30,BOD,,2.7745,mg/l,Fair,augmented_copy1_jitter+2d
SRB00002,Novi Sad,2021-05-22,BOD,,2.2621,mg/l,Fair,augmented_copy2_jitter-3d
SRB00002,Novi Sad,2021-05-23,BOD,,2.3085,mg/l,Fair,augmented_copy3_jitter-2d
SRB00002,Novi Sad,2021-05-25,BOD,,2.3,mg/l,Fair,original
SRB00002,Novi Sad,2021-05-28,BOD,,2.2913,mg/l,Fair,augmented_copy1_jitter+3d
SRB00002,Novi Sad,2021-06-27,BOD,,2.0739,mg/l,Fair,augmented_copy3_jitter-2d
SRB00002,Novi Sad,2021-06-29,BOD,,2.1,mg/l,Fair,original
SRB00002,Novi Sad,2021-07-02,BOD,,2.072,mg/l,Fair,augmented_copy1_jitter+3d
SRB00002,Novi Sad,2021-07-02,BOD,,2.1114,mg/l,Fair,augmented_copy2_jitter+3d
SRB00002,Novi Sad,2021-07-26,BOD,,2.1835,mg/l,Fair,augmented_copy3_jitter-3d
SRB00002,Novi Sad,2021-07-29,BOD,,2.1,mg/l,Fair,original
SRB00002,Novi Sad,2021-07-30,BOD,,2.1161,mg/l,Fair,augmented_copy1_jitter+1d
SRB00002,Novi Sad,2021-07-31,BOD,,2.0497,mg/l,Fair,augmented_copy2_jitter+2d
SRB00002,Novi Sad,2021-08-17,BOD,,2.45,mg/l,Fair,augmented_copy2_jitter-1d
SRB00002,Novi Sad,2021-08-18,BOD,,2.4,mg/l,Fair,original
SRB00002,Novi Sad,2021-08-19,BOD,,2.3996,mg/l,Fair,augmented_copy1_jitter+1d
SRB00002,Novi Sad,2021-08-20,BOD,,2.3453,mg/l,Fair,augmented_copy3_jitter+2d
SRB00002,Novi Sad,2021-09-29,BOD,,2.2152,mg/l,Fair,augmented_copy1_jitter-1d
SRB00002,Novi Sad,2021-09-29,BOD,,2.1985,mg/l,Fair,augmented_copy3_jitter-1d
SRB00002,Novi Sad,2021-09-30,BOD,,2.2,mg/l,Fair,original
SRB00002,Novi Sad,2021-10-01,BOD,,2.1779,mg/l,Fair,augmented_copy2_jitter+1d
SRB00002,Novi Sad,2021-10-28,BOD,,2.4,mg/l,Fair,original
SRB00002,Novi Sad,2021-10-29,BOD,,2.4155,mg/l,Fair,augmented_copy1_jitter+1d
SRB00002,Novi Sad,2021-10-29,BOD,,2.425,mg/l,Fair,augmented_copy3_jitter+1d
SRB00002,Novi Sad,2021-10-31,BOD,,2.3753,mg/l,Fair,augmented_copy2_jitter+3d
SRB00002,Novi Sad,2021-11-17,BOD,,2.7079,mg/l,Fair,augmented_copy3_jitter-2d
SRB00002,Novi Sad,2021-11-19,BOD,,2.7,mg/l,Fair,original
SRB00002,Novi Sad,2021-11-20,BOD,,2.6927,mg/l,Fair,augmented_copy1_jitter+1d
SRB00002,Novi Sad,2021-11-20,BOD,,2.6489,mg/l,Fair,augmented_copy2_jitter+1d
SRB00002,Novi Sad,2021-11-29,BOD,,2.0523,mg/l,Fair,augmented_copy3_jitter-2d
SRB00002,Novi Sad,2021-12-01,BOD,,2.1,mg/l,Fair,original
SRB00002,Novi Sad,2021-12-03,BOD,,2.1053,mg/l,Fair,augmented_copy2_jitter+2d
SRB00002,Novi Sad,2021-12-04,BOD,,2.0835,mg/l,Fair,augmented_copy1_jitter+3d
SRB00002,Novi Sad,2022-01-16,BOD,,1.6935,mg/l,Fair,augmented_copy2_jitter-3d
SRB00002,Novi Sad,2022-01-18,BOD,,1.6483,mg/l,Fair,augmented_copy1_jitter-1d
SRB00002,Novi Sad,2022-01-19,BOD,,1.7,mg/l,Fair,original
SRB00002,Novi Sad,2022-01-22,BOD,,1.6745,mg/l,Fair,augmented_copy3_jitter+3d
SRB00002,Novi Sad,2022-02-20,BOD,,1.9273,mg/l,Fair,augmented_copy2_jitter-3d
SRB00002,Novi Sad,2022-02-21,BOD,,1.933,mg/l,Fair,augmented_copy1_jitter-2d
SRB00002,Novi Sad,2022-02-23,BOD,,1.9,mg/l,Fair,original
SRB00002,Novi Sad,2022-02-24,BOD,,1.9504,mg/l,Fair,augmented_copy3_jitter+1d
SRB00002,Novi Sad,2022-03-28,BOD,,3.8428,mg/l,Fair,augmented_copy2_jitter-3d
SRB00002,Novi Sad,2022-03-31,BOD,,3.8,mg/l,Fair,original
SRB00002,Novi Sad,2022-04-02,BOD,,3.8116,mg/l,Fair,augmented_copy3_jitter+2d
SRB00002,Novi Sad,2022-04-03,BOD,,3.8612,mg/l,Fair,augmented_copy1_jitter+3d
SRB00002,Novi Sad,2022-04-26,BOD,,2.9921,mg/l,Fair,augmented_copy1_jitter-3d
SRB00002,Novi Sad,2022-04-26,BOD,,3.0754,mg/l,Fair,augmented_copy2_jitter-3d
SRB00002,Novi Sad,2022-04-28,BOD,,2.9596,mg/l,Fair,augmented_copy3_jitter-1d
SRB00002,Novi Sad,2022-04-29,BOD,,3.0,mg/l,Fair,original
SRB00002,Novi Sad,2022-06-01,BOD,,3.0,mg/l,Fair,original
SRB00002,Novi Sad,2022-06-02,BOD,,3.0333,mg/l,Fair,augmented_copy1_jitter+1d
SRB00002,Novi Sad,2022-06-02,BOD,,2.9599,mg/l,Fair,augmented_copy2_jitter+1d
SRB00002,Novi Sad,2022-06-02,BOD,,2.9714,mg/l,Fair,augmented_copy3_jitter+1d
SRB00002,Novi Sad,2022-06-28,BOD,,3.6017,mg/l,Fair,augmented_copy1_jitter-2d
SRB00002,Novi Sad,2022-06-28,BOD,,3.5743,mg/l,Fair,augmented_copy2_jitter-2d
SRB00002,Novi Sad,2022-06-30,BOD,,3.6,mg/l,Fair,original
SRB00002,Novi Sad,2022-07-02,BOD,,3.6219,mg/l,Fair,augmented_copy3_jitter+2d
SRB00002,Novi Sad,2022-07-25,BOD,,3.5628,mg/l,Fair,augmented_copy1_jitter-2d
SRB00002,Novi Sad,2022-07-27,BOD,,3.6,mg/l,Fair,original
SRB00002,Novi Sad,2022-07-29,BOD,,3.653,mg/l,Fair,augmented_copy3_jitter+2d
SRB00002,Novi Sad,2022-07-30,BOD,,3.5536,mg/l,Fair,augmented_copy2_jitter+3d
SRB00002,Novi Sad,2022-08-26,BOD,,2.4,mg/l,Fair,original
SRB00002,Novi Sad,2022-08-27,BOD,,2.3934,mg/l,Fair,augmented_copy2_jitter+1d
SRB00002,Novi Sad,2022-08-27,BOD,,2.4862,mg/l,Fair,augmented_copy3_jitter+1d
SRB00002,Novi Sad,2022-08-28,BOD,,2.3846,mg/l,Fair,augmented_copy1_jitter+2d
SRB00002,Novi Sad,2022-10-03,BOD,,2.4886,mg/l,Fair,augmented_copy1_jitter-2d
SRB00002,Novi Sad,2022-10-03,BOD,,2.5405,mg/l,Fair,augmented_copy2_jitter-2d
SRB00002,Novi Sad,2022-10-05,BOD,,2.5,mg/l,Fair,original
SRB00002,Novi Sad,2022-10-08,BOD,,2.5052,mg/l,Fair,augmented_copy3_jitter+3d
SRB00002,Novi Sad,2022-11-02,BOD,,2.0744,mg/l,Fair,augmented_copy3_jitter-2d
SRB00002,Novi Sad,2022-11-03,BOD,,2.1509,mg/l,Fair,augmented_copy2_jitter-1d
SRB00002,Novi Sad,2022-11-04,BOD,,2.1,mg/l,Fair,original
SRB00002,Novi Sad,2022-11-07,BOD,,2.1218,mg/l,Fair,augmented_copy1_jitter+3d
SRB00002,Novi Sad,2022-11-27,BOD,,2.5748,mg/l,Fair,augmented_copy3_jitter-3d
SRB00002,Novi Sad,2022-11-30,BOD,,2.6,mg/l,Fair,original
SRB00002,Novi Sad,2022-12-03,BOD,,2.6483,mg/l,Fair,augmented_copy1_jitter+3d
SRB00002,Novi Sad,2022-12-03,BOD,,2.6071,mg/l,Fair,augmented_copy2_jitter+3d
SRB00002,Novi Sad,2023-01-06,BOD,,3.5,mg/l,Fair,original
SRB00002,Novi Sad,2023-01-07,BOD,,3.426,mg/l,Fair,augmented_copy2_jitter+1d
SRB00002,Novi Sad,2023-01-07,BOD,,3.4799,mg/l,Fair,augmented_copy3_jitter+1d
SRB00002,Novi Sad,2023-01-08,BOD,,3.4972,mg/l,Fair,augmented_copy1_jitter+2d
SRB00002,Novi Sad,2023-02-07,BOD,,1.5,mg/l,Fair,original
SRB00002,Novi Sad,2023-02-08,BOD,,1.5155,mg/l,Fair,augmented_copy2_jitter+1d
SRB00002,Novi Sad,2023-02-10,BOD,,1.3957,mg/l,Fair,augmented_copy1_jitter+3d
SRB00002,Novi Sad,2023-02-10,BOD,,1.5343,mg/l,Fair,augmented_copy3_jitter+3d
SRB00002,Novi Sad,2023-03-08,BOD,,2.6,mg/l,Fair,original
SRB00002,Novi Sad,2023-03-09,BOD,,2.6141,mg/l,Fair,augmented_copy2_jitter+1d
SRB00002,Novi Sad,2023-03-10,BOD,,2.5754,mg/l,Fair,augmented_copy1_jitter+2d
SRB00002,Novi Sad,2023-03-10,BOD,,2.5137,mg/l,Fair,augmented_copy3_jitter+2d
SRB00002,Novi Sad,2023-04-08,BOD,,2.7119,mg/l,Fair,augmented_copy2_jitter-3d
SRB00002,Novi Sad,2023-04-09,BOD,,2.6854,mg/l,Fair,augmented_copy3_jitter-2d
SRB00002,Novi Sad,2023-04-11,BOD,,2.7,mg/l,Fair,original
SRB00002,Novi Sad,2023-04-14,BOD,,2.6831,mg/l,Fair,augmented_copy1_jitter+3d
SRB00002,Novi Sad,2023-05-04,BOD,,2.1024,mg/l,Fair,augmented_copy1_jitter-1d
SRB00002,Novi Sad,2023-05-04,BOD,,2.1531,mg/l,Fair,augmented_copy2_jitter-1d
SRB00002,Novi Sad,2023-05-04,BOD,,2.0975,mg/l,Fair,augmented_copy3_jitter-1d
SRB00002,Novi Sad,2023-05-05,BOD,,2.1,mg/l,Fair,original
SRB00002,Novi Sad,2023-05-29,BOD,,2.9659,mg/l,Fair,augmented_copy2_jitter-3d
SRB00002,Novi Sad,2023-06-01,BOD,,2.9,mg/l,Fair,original
SRB00002,Novi Sad,2023-06-03,BOD,,2.9149,mg/l,Fair,augmented_copy1_jitter+2d
SRB00002,Novi Sad,2023-06-04,BOD,,2.8711,mg/l,Fair,augmented_copy3_jitter+3d
SRB00002,Novi Sad,2023-07-12,BOD,,2.7,mg/l,Fair,original
SRB00002,Novi Sad,2023-07-13,BOD,,2.6741,mg/l,Fair,augmented_copy1_jitter+1d
SRB00002,Novi Sad,2023-07-13,BOD,,2.7671,mg/l,Fair,augmented_copy2_jitter+1d
SRB00002,Novi Sad,2023-07-14,BOD,,2.7231,mg/l,Fair,augmented_copy3_jitter+2d
SRB00002,Novi Sad,2023-08-14,BOD,,3.1102,mg/l,Fair,augmented_copy2_jitter-1d
SRB00002,Novi Sad,2023-08-15,BOD,,3.1,mg/l,Fair,original
SRB00002,Novi Sad,2023-08-16,BOD,,3.0886,mg/l,Fair,augmented_copy1_jitter+1d
SRB00002,Novi Sad,2023-08-16,BOD,,3.1483,mg/l,Fair,augmented_copy3_jitter+1d
SRB00002,Novi Sad,2023-09-04,BOD,,2.3176,mg/l,Fair,augmented_copy1_jitter-3d
SRB00002,Novi Sad,2023-09-05,BOD,,2.282,mg/l,Fair,augmented_copy2_jitter-2d
SRB00002,Novi Sad,2023-09-07,BOD,,2.3,mg/l,Fair,original
SRB00002,Novi Sad,2023-09-10,BOD,,2.3012,mg/l,Fair,augmented_copy3_jitter+3d
SRB00002,Novi Sad,2023-10-03,BOD,,1.8752,mg/l,Fair,augmented_copy3_jitter-3d
SRB00002,Novi Sad,2023-10-06,BOD,,1.9,mg/l,Fair,original
SRB00002,Novi Sad,2023-10-07,BOD,,2.0166,mg/l,Fair,augmented_copy1_jitter+1d
SRB00002,Novi Sad,2023-10-07,BOD,,1.8983,mg/l,Fair,augmented_copy2_jitter+1d
SRB00002,Novi Sad,2023-10-30,BOD,,2.7555,mg/l,Fair,augmented_copy1_jitter-3d
SRB00002,Novi Sad,2023-11-02,BOD,,2.8,mg/l,Fair,original
SRB00002,Novi Sad,2023-11-04,BOD,,2.7664,mg/l,Fair,augmented_copy2_jitter+2d
SRB00002,Novi Sad,2023-11-04,BOD,,2.7928,mg/l,Fair,augmented_copy3_jitter+2d
SRB00002,Novi Sad,2023-12-16,BOD,,3.3512,mg/l,Fair,augmented_copy2_jitter-3d
SRB00002,Novi Sad,2023-12-17,BOD,,3.3312,mg/l,Fair,augmented_copy1_jitter-2d
SRB00002,Novi Sad,2023-12-19,BOD,,3.3,mg/l,Fair,original
SRB00002,Novi Sad,2023-12-21,BOD,,3.2089,mg/l,Fair,augmented_copy3_jitter+2d
SRB00003,Zemun,2000-01-16,BOD,,2.4159,mg/l,Fair,augmented_copy1_jitter-3d
SRB00003,Zemun,2000-01-19,BOD,,2.4,mg/l,Fair,original
SRB00003,Zemun,2000-01-20,BOD,,2.4406,mg/l,Fair,augmented_copy2_jitter+1d
SRB00003,Zemun,2000-01-22,BOD,,2.4175,mg/l,Fair,augmented_copy3_jitter+3d
SRB00003,Zemun,2000-02-23,BOD,,1.5,mg/l,Fair,original
SRB00003,Zemun,2000-02-24,BOD,,1.4773,mg/l,Fair,augmented_copy1_jitter+1d
SRB00003,Zemun,2000-02-24,BOD,,1.4338,mg/l,Fair,augmented_copy3_jitter+1d
SRB00003,Zemun,2000-02-26,BOD,,1.4918,mg/l,Fair,augmented_copy2_jitter+3d
SRB00003,Zemun,2000-03-12,BOD,,2.4553,mg/l,Fair,augmented_copy3_jitter-3d
SRB00003,Zemun,2000-03-14,BOD,,2.487,mg/l,Fair,augmented_copy2_jitter-1d
SRB00003,Zemun,2000-03-15,BOD,,2.5,mg/l,Fair,original
SRB00003,Zemun,2000-03-17,BOD,,2.4536,mg/l,Fair,augmented_copy1_jitter+2d
SRB00003,Zemun,2000-04-16,BOD,,3.0316,mg/l,Fair,augmented_copy3_jitter-3d
SRB00003,Zemun,2000-04-17,BOD,,2.9858,mg/l,Fair,augmented_copy2_jitter-2d
SRB00003,Zemun,2000-04-18,BOD,,2.9754,mg/l,Fair,augmented_copy1_jitter-1d
SRB00003,Zemun,2000-04-19,BOD,,3.0,mg/l,Fair,original
SRB00003,Zemun,2000-05-15,BOD,,3.3218,mg/l,Fair,augmented_copy3_jitter-2d
SRB00003,Zemun,2000-05-17,BOD,,3.3,mg/l,Fair,original
SRB00003,Zemun,2000-05-20,BOD,,3.3126,mg/l,Fair,augmented_copy1_jitter+3d
SRB00003,Zemun,2000-05-20,BOD,,3.2644,mg/l,Fair,augmented_copy2_jitter+3d
SRB00003,Zemun,2000-06-18,BOD,,1.3658,mg/l,Fair,augmented_copy3_jitter-3d
SRB00003,Zemun,2000-06-21,BOD,,1.4,mg/l,Fair,original
SRB00003,Zemun,2000-06-22,BOD,,1.3777,mg/l,Fair,augmented_copy2_jitter+1d
SRB00003,Zemun,2000-06-24,BOD,,1.3765,mg/l,Fair,augmented_copy1_jitter+3d
SRB00003,Zemun,2000-07-19,BOD,,2.5,mg/l,Fair,original
SRB00003,Zemun,2000-07-22,BOD,,2.4844,mg/l,Fair,augmented_copy1_jitter+3d
SRB00003,Zemun,2000-07-22,BOD,,2.537,mg/l,Fair,augmented_copy2_jitter+3d
SRB00003,Zemun,2000-07-22,BOD,,2.4522,mg/l,Fair,augmented_copy3_jitter+3d
SRB00003,Zemun,2000-08-12,BOD,,1.481,mg/l,Fair,augmented_copy3_jitter-3d
SRB00003,Zemun,2000-08-14,BOD,,1.5579,mg/l,Fair,augmented_copy1_jitter-1d
SRB00003,Zemun,2000-08-14,BOD,,1.5122,mg/l,Fair,augmented_copy2_jitter-1d
SRB00003,Zemun,2000-08-15,BOD,,1.5,mg/l,Fair,original
SRB00003,Zemun,2000-09-19,BOD,,2.5543,mg/l,Fair,augmented_copy1_jitter-1d
SRB00003,Zemun,2000-09-19,BOD,,2.6611,mg/l,Fair,augmented_copy3_jitter-1d
SRB00003,Zemun,2000-09-20,BOD,,2.6,mg/l,Fair,original
SRB00003,Zemun,2000-09-23,BOD,,2.5886,mg/l,Fair,augmented_copy2_jitter+3d
SRB00003,Zemun,2000-10-16,BOD,,2.6094,mg/l,Fair,augmented_copy2_jitter-3d
SRB00003,Zemun,2000-10-19,BOD,,2.6,mg/l,Fair,original
SRB00003,Zemun,2000-10-22,BOD,,2.6273,mg/l,Fair,augmented_copy1_jitter+3d
SRB00003,Zemun,2000-10-22,BOD,,2.607,mg/l,Fair,augmented_copy3_jitter+3d
SRB00003,Zemun,2000-11-21,BOD,,3.6371,mg/l,Fair,augmented_copy2_jitter-2d
SRB00003,Zemun,2000-11-23,BOD,,3.6,mg/l,Fair,original
SRB00003,Zemun,2000-11-24,BOD,,3.5701,mg/l,Fair,augmented_copy1_jitter+1d
SRB00003,Zemun,2000-11-25,BOD,,3.5393,mg/l,Fair,augmented_copy3_jitter+2d
SRB00003,Zemun,2000-12-19,BOD,,2.2048,mg/l,Fair,augmented_copy1_jitter-1d
SRB00003,Zemun,2000-12-20,BOD,,2.2,mg/l,Fair,original
SRB00003,Zemun,2000-12-21,BOD,,2.1557,mg/l,Fair,augmented_copy2_jitter+1d
SRB00003,Zemun,2000-12-23,BOD,,2.2354,mg/l,Fair,augmented_copy3_jitter+3d
SRB00003,Zemun,2001-01-14,BOD,,1.2296,mg/l,Fair,augmented_copy1_jitter-3d
SRB00003,Zemun,2001-01-17,BOD,,1.2,mg/l,Fair,original
SRB00003,Zemun,2001-01-18,BOD,,1.2319,mg/l,Fair,augmented_copy3_jitter+1d
SRB00003,Zemun,2001-01-19,BOD,,1.1959,mg/l,Fair,augmented_copy2_jitter+2d
SRB00003,Zemun,2001-02-20,BOD,,3.1982,mg/l,Fair,augmented_copy1_jitter-1d
SRB00003,Zemun,2001-02-21,BOD,,3.2,mg/l,Fair,original
SRB00003,Zemun,2001-02-23,BOD,,3.2328,mg/l,Fair,augmented_copy2_jitter+2d
SRB00003,Zemun,2001-02-23,BOD,,3.1343,mg/l,Fair,augmented_copy3_jitter+2d
SRB00003,Zemun,2001-03-19,BOD,,2.9111,mg/l,Fair,augmented_copy2_jitter-2d
SRB00003,Zemun,2001-03-19,BOD,,2.8655,mg/l,Fair,augmented_copy3_jitter-2d
SRB00003,Zemun,2001-03-21,BOD,,2.9,mg/l,Fair,original
SRB00003,Zemun,2001-03-24,BOD,,2.8817,mg/l,Fair,augmented_copy1_jitter+3d
SRB00003,Zemun,2001-04-15,BOD,,3.9385,mg/l,Fair,augmented_copy2_jitter-3d
SRB00003,Zemun,2001-04-18,BOD,,3.9,mg/l,Fair,original
SRB00003,Zemun,2001-04-19,BOD,,3.9675,mg/l,Fair,augmented_copy1_jitter+1d
SRB00003,Zemun,2001-04-21,BOD,,3.9022,mg/l,Fair,augmented_copy3_jitter+3d
SRB00003,Zemun,2001-05-15,BOD,,1.5688,mg/l,Fair,augmented_copy1_jitter-1d
SRB00003,Zemun,2001-05-15,BOD,,1.5746,mg/l,Fair,augmented_copy2_jitter-1d
SRB00003,Zemun,2001-05-16,BOD,,1.6,mg/l,Fair,original
SRB00003,Zemun,2001-05-19,BOD,,1.5713,mg/l,Fair,augmented_copy3_jitter+3d
SRB00003,Zemun,2001-06-17,BOD,,1.857,mg/l,Fair,augmented_copy2_jitter-3d
SRB00003,Zemun,2001-06-20,BOD,,1.9,mg/l,Fair,original
SRB00003,Zemun,2001-06-21,BOD,,1.8864,mg/l,Fair,augmented_copy3_jitter+1d
SRB00003,Zemun,2001-06-23,BOD,,1.894,mg/l,Fair,augmented_copy1_jitter+3d
SRB00003,Zemun,2001-07-16,BOD,,1.4388,mg/l,Fair,augmented_copy1_jitter-2d
SRB00003,Zemun,2001-07-17,BOD,,1.4608,mg/l,Fair,augmented_copy2_jitter-1d
SRB00003,Zemun,2001-07-18,BOD,,1.5,mg/l,Fair,original
SRB00003,Zemun,2001-07-20,BOD,,1.5565,mg/l,Fair,augmented_copy3_jitter+2d
SRB00003,Zemun,2001-08-12,BOD,,1.3632,mg/l,Fair,augmented_copy2_jitter-3d
SRB00003,Zemun,2001-08-13,BOD,,1.3691,mg/l,Fair,augmented_copy1_jitter-2d
SRB00003,Zemun,2001-08-13,BOD,,1.347,mg/l,Fair,augmented_copy3_jitter-2d
SRB00003,Zemun,2001-08-15,BOD,,1.4,mg/l,Fair,original
SRB00003,Zemun,2001-09-16,BOD,,0.9591,mg/l,Fair,augmented_copy3_jitter-3d
SRB00003,Zemun,2001-09-17,BOD,,0.9325,mg/l,Fair,augmented_copy2_jitter-2d
SRB00003,Zemun,2001-09-19,BOD,,1.0,mg/l,Fair,original
SRB00003,Zemun,2001-09-20,BOD,,0.9164,mg/l,Fair,augmented_copy1_jitter+1d
SRB00003,Zemun,2001-10-15,BOD,,1.3435,mg/l,Fair,augmented_copy3_jitter-2d
SRB00003,Zemun,2001-10-17,BOD,,1.4,mg/l,Fair,original
SRB00003,Zemun,2001-10-18,BOD,,1.4441,mg/l,Fair,augmented_copy2_jitter+1d
SRB00003,Zemun,2001-10-19,BOD,,1.3618,mg/l,Fair,augmented_copy1_jitter+2d
SRB00003,Zemun,2001-11-18,BOD,,1.0497,mg/l,Fair,augmented_copy1_jitter-3d
SRB00003,Zemun,2001-11-21,BOD,,1.1,mg/l,Fair,original
SRB00003,Zemun,2001-11-24,BOD,,1.0694,mg/l,Fair,augmented_copy2_jitter+3d
SRB00003,Zemun,2001-11-24,BOD,,1.1778,mg/l,Fair,augmented_copy3_jitter+3d
SRB00003,Zemun,2001-12-18,BOD,,1.8633,mg/l,Fair,augmented_copy1_jitter-1d
SRB00003,Zemun,2001-12-18,BOD,,1.9229,mg/l,Fair,augmented_copy2_jitter-1d
SRB00003,Zemun,2001-12-18,BOD,,1.8274,mg/l,Fair,augmented_copy3_jitter-1d
SRB00003,Zemun,2001-12-19,BOD,,1.9,mg/l,Fair,original
SRB00003,Zemun,2002-01-23,BOD,,3.8,mg/l,Fair,original
SRB00003,Zemun,2002-01-24,BOD,,3.788,mg/l,Fair,augmented_copy2_jitter+1d
SRB00003,Zemun,2002-01-25,BOD,,3.7596,mg/l,Fair,augmented_copy1_jitter+2d
SRB00003,Zemun,2002-01-25,BOD,,3.7875,mg/l,Fair,augmented_copy3_jitter+2d
SRB00003,Zemun,2002-02-17,BOD,,1.9482,mg/l,Fair,augmented_copy3_jitter-3d
SRB00003,Zemun,2002-02-18,BOD,,2.0283,mg/l,Fair,augmented_copy1_jitter-2d
SRB00003,Zemun,2002-02-20,BOD,,2.0,mg/l,Fair,original
SRB00003,Zemun,2002-02-23,BOD,,2.0189,mg/l,Fair,augmented_copy2_jitter+3d
SRB00003,Zemun,2002-03-18,BOD,,1.3954,mg/l,Fair,augmented_copy3_jitter-2d
SRB00003,Zemun,2002-03-20,BOD,,1.4,mg/l,Fair,original
SRB00003,Zemun,2002-03-21,BOD,,1.3914,mg/l,Fair,augmented_copy1_jitter+1d
SRB00003,Zemun,2002-03-21,BOD,,1.3627,mg/l,Fair,augmented_copy2_jitter+1d
SRB00003,Zemun,2002-04-15,BOD,,2.6556,mg/l,Fair,augmented_copy1_jitter-2d
SRB00003,Zemun,2002-04-16,BOD,,2.7226,mg/l,Fair,augmented_copy2_jitter-1d
SRB00003,Zemun,2002-04-17,BOD,,2.7,mg/l,Fair,original
SRB00003,Zemun,2002-04-19,BOD,,2.6494,mg/l,Fair,augmented_copy3_jitter+2d
SRB00003,Zemun,2002-05-13,BOD,,3.8423,mg/l,Fair,augmented_copy1_jitter-2d
SRB00003,Zemun,2002-05-13,BOD,,3.818,mg/l,Fair,augmented_copy2_jitter-2d
SRB00003,Zemun,2002-05-15,BOD,,3.8,mg/l,Fair,original
SRB00003,Zemun,2002-05-16,BOD,,3.883,mg/l,Fair,augmented_copy3_jitter+1d
SRB00003,Zemun,2002-06-16,BOD,,2.2472,mg/l,Fair,augmented_copy3_jitter-3d
SRB00003,Zemun,2002-06-17,BOD,,2.2956,mg/l,Fair,augmented_copy1_jitter-2d
SRB00003,Zemun,2002-06-19,BOD,,2.3,mg/l,Fair,original
SRB00003,Zemun,2002-06-20,BOD,,2.2256,mg/l,Fair,augmented_copy2_jitter+1d
SRB00003,Zemun,2002-07-17,BOD,,1.8,mg/l,Fair,original
SRB00003,Zemun,2002-07-18,BOD,,1.7661,mg/l,Fair,augmented_copy2_jitter+1d
SRB00003,Zemun,2002-07-18,BOD,,1.7631,mg/l,Fair,augmented_copy3_jitter+1d
SRB00003,Zemun,2002-07-19,BOD,,1.7401,mg/l,Fair,augmented_copy1_jitter+2d
SRB00003,Zemun,2002-08-19,BOD,,4.7988,mg/l,Fair,augmented_copy2_jitter-2d
SRB00003,Zemun,2002-08-19,BOD,,4.7323,mg/l,Fair,augmented_copy3_jitter-2d
SRB00003,Zemun,2002-08-21,BOD,,4.8,mg/l,Fair,original
SRB00003,Zemun,2002-08-23,BOD,,4.7544,mg/l,Fair,augmented_copy1_jitter+2d
SRB00003,Zemun,2002-09-15,BOD,,2.1502,mg/l,Fair,augmented_copy2_jitter-3d
SRB00003,Zemun,2002-09-17,BOD,,2.0759,mg/l,Fair,augmented_copy3_jitter-1d
SRB00003,Zemun,2002-09-18,BOD,,2.1,mg/l,Fair,original
SRB00003,Zemun,2002-09-20,BOD,,2.0985,mg/l,Fair,augmented_copy1_jitter+2d
SRB00003,Zemun,2002-10-13,BOD,,2.149,mg/l,Fair,augmented_copy1_jitter-3d
SRB00003,Zemun,2002-10-15,BOD,,2.2493,mg/l,Fair,augmented_copy2_jitter-1d
SRB00003,Zemun,2002-10-16,BOD,,2.2,mg/l,Fair,original
SRB00003,Zemun,2002-10-19,BOD,,2.1878,mg/l,Fair,augmented_copy3_jitter+3d
SRB00003,Zemun,2002-11-18,BOD,,2.3819,mg/l,Fair,augmented_copy1_jitter-2d
SRB00003,Zemun,2002-11-18,BOD,,2.4351,mg/l,Fair,augmented_copy3_jitter-2d
SRB00003,Zemun,2002-11-20,BOD,,2.4,mg/l,Fair,original
SRB00003,Zemun,2002-11-23,BOD,,2.3213,mg/l,Fair,augmented_copy2_jitter+3d
SRB00003,Zemun,2002-12-17,BOD,,1.2506,mg/l,Fair,augmented_copy3_jitter-3d
SRB00003,Zemun,2002-12-20,BOD,,1.2,mg/l,Fair,original
SRB00003,Zemun,2002-12-22,BOD,,1.2233,mg/l,Fair,augmented_copy2_jitter+2d
SRB00003,Zemun,2002-12-23,BOD,,1.1838,mg/l,Fair,augmented_copy1_jitter+3d
SRB00003,Zemun,2003-01-15,BOD,,1.9,mg/l,Fair,original
SRB00003,Zemun,2003-01-17,BOD,,1.9476,mg/l,Fair,augmented_copy2_jitter+2d
SRB00003,Zemun,2003-01-17,BOD,,1.908,mg/l,Fair,augmented_copy3_jitter+2d
SRB00003,Zemun,2003-01-18,BOD,,1.8689,mg/l,Fair,augmented_copy1_jitter+3d
SRB00003,Zemun,2003-02-19,BOD,,3.2,mg/l,Fair,original
SRB00003,Zemun,2003-02-20,BOD,,3.1936,mg/l,Fair,augmented_copy2_jitter+1d
SRB00003,Zemun,2003-02-21,BOD,,3.2637,mg/l,Fair,augmented_copy1_jitter+2d
SRB00003,Zemun,2003-02-21,BOD,,3.2648,mg/l,Fair,augmented_copy3_jitter+2d
SRB00003,Zemun,2003-03-18,BOD,,3.7469,mg/l,Fair,augmented_copy2_jitter-1d
SRB00003,Zemun,2003-03-19,BOD,,3.8,mg/l,Fair,original
SRB00003,Zemun,2003-03-22,BOD,,3.8588,mg/l,Fair,augmented_copy1_jitter+3d
SRB00003,Zemun,2003-03-22,BOD,,3.789,mg/l,Fair,augmented_copy3_jitter+3d
SRB00003,Zemun,2003-04-16,BOD,,3.3,mg/l,Fair,original
SRB00003,Zemun,2003-04-18,BOD,,3.2997,mg/l,Fair,augmented_copy1_jitter+2d
SRB00003,Zemun,2003-04-18,BOD,,3.2889,mg/l,Fair,augmented_copy2_jitter+2d
SRB00003,Zemun,2003-04-18,BOD,,3.2862,mg/l,Fair,augmented_copy3_jitter+2d
SRB00003,Zemun,2003-05-18,BOD,,2.9739,mg/l,Fair,augmented_copy3_jitter-3d
SRB00003,Zemun,2003-05-19,BOD,,2.8562,mg/l,Fair,augmented_copy1_jitter-2d
SRB00003,Zemun,2003-05-21,BOD,,2.9,mg/l,Fair,original
SRB00003,Zemun,2003-05-23,BOD,,2.8632,mg/l,Fair,augmented_copy2_jitter+2d
SRB00003,Zemun,2003-06-16,BOD,,1.7125,mg/l,Fair,augmented_copy3_jitter-2d
SRB00003,Zemun,2003-06-18,BOD,,1.6,mg/l,Fair,original
SRB00003,Zemun,2003-06-19,BOD,,1.6242,mg/l,Fair,augmented_copy2_jitter+1d
SRB00003,Zemun,2003-06-21,BOD,,1.5581,mg/l,Fair,augmented_copy1_jitter+3d
SRB00003,Zemun,2003-07-13,BOD,,3.241,mg/l,Fair,augmented_copy2_jitter-3d
SRB00003,Zemun,2003-07-14,BOD,,3.2155,mg/l,Fair,augmented_copy1_jitter-2d
SRB00003,Zemun,2003-07-16,BOD,,3.2,mg/l,Fair,original
SRB00003,Zemun,2003-07-19,BOD,,3.2212,mg/l,Fair,augmented_copy3_jitter+3d
SRB00003,Zemun,2003-08-17,BOD,,3.399,mg/l,Fair,augmented_copy2_jitter-3d
SRB00003,Zemun,2003-08-19,BOD,,3.433,mg/l,Fair,augmented_copy3_jitter-1d
SRB00003,Zemun,2003-08-20,BOD,,3.4,mg/l,Fair,original
SRB00003,Zemun,2003-08-23,BOD,,3.4075,mg/l,Fair,augmented_copy1_jitter+3d
SRB00003,Zemun,2003-09-14,BOD,,2.4246,mg/l,Fair,augmented_copy3_jitter-3d
SRB00003,Zemun,2003-09-17,BOD,,2.4,mg/l,Fair,original
SRB00003,Zemun,2003-09-18,BOD,,2.3733,mg/l,Fair,augmented_copy1_jitter+1d
SRB00003,Zemun,2003-09-18,BOD,,2.3576,mg/l,Fair,augmented_copy2_jitter+1d
SRB00003,Zemun,2003-10-14,BOD,,2.3299,mg/l,Fair,augmented_copy1_jitter-2d
SRB00003,Zemun,2003-10-14,BOD,,2.2746,mg/l,Fair,augmented_copy2_jitter-2d
SRB00003,Zemun,2003-10-16,BOD,,2.3,mg/l,Fair,original
SRB00003,Zemun,2003-10-19,BOD,,2.3274,mg/l,Fair,augmented_copy3_jitter+3d
SRB00003,Zemun,2003-11-18,BOD,,2.0758,mg/l,Fair,augmented_copy1_jitter-2d
SRB00003,Zemun,2003-11-18,BOD,,2.0025,mg/l,Fair,augmented_copy2_jitter-2d
SRB00003,Zemun,2003-11-19,BOD,,1.997,mg/l,Fair,augmented_copy3_jitter-1d
SRB00003,Zemun,2003-11-20,BOD,,2.0,mg/l,Fair,original
SRB00003,Zemun,2003-12-14,BOD,,1.3912,mg/l,Fair,augmented_copy2_jitter-2d
SRB00003,Zemun,2003-12-14,BOD,,1.3583,mg/l,Fair,augmented_copy3_jitter-2d
SRB00003,Zemun,2003-12-16,BOD,,1.4,mg/l,Fair,original
SRB00003,Zemun,2003-12-19,BOD,,1.2925,mg/l,Fair,augmented_copy1_jitter+3d
SRB00003,Zemun,2013-01-13,BOD,,2.3324,mg/l,Fair,augmented_copy2_jitter-3d
SRB00003,Zemun,2013-01-15,BOD,,2.2499,mg/l,Fair,augmented_copy1_jitter-1d
SRB00003,Zemun,2013-01-16,BOD,,2.3,mg/l,Fair,original
SRB00003,Zemun,2013-01-18,BOD,,2.3227,mg/l,Fair,augmented_copy3_jitter+2d
SRB00003,Zemun,2013-02-17,BOD,,3.344,mg/l,Fair,augmented_copy3_jitter-3d
SRB00003,Zemun,2013-02-19,BOD,,3.3135,mg/l,Fair,augmented_copy1_jitter-1d
SRB00003,Zemun,2013-02-20,BOD,,3.3,mg/l,Fair,original
SRB00003,Zemun,2013-02-22,BOD,,3.3025,mg/l,Fair,augmented_copy2_jitter+2d
SRB00003,Zemun,2013-03-17,BOD,,2.3425,mg/l,Fair,augmented_copy3_jitter-3d
SRB00003,Zemun,2013-03-18,BOD,,2.2548,mg/l,Fair,augmented_copy1_jitter-2d
SRB00003,Zemun,2013-03-20,BOD,,2.3,mg/l,Fair,original
SRB00003,Zemun,2013-03-21,BOD,,2.3158,mg/l,Fair,augmented_copy2_jitter+1d
SRB00003,Zemun,2013-04-14,BOD,,2.2849,mg/l,Fair,augmented_copy1_jitter-3d
SRB00003,Zemun,2013-04-15,BOD,,2.3857,mg/l,Fair,augmented_copy3_jitter-2d
SRB00003,Zemun,2013-04-17,BOD,,2.4,mg/l,Fair,original
SRB00003,Zemun,2013-04-18,BOD,,2.3777,mg/l,Fair,augmented_copy2_jitter+1d
SRB00003,Zemun,2013-06-18,BOD,,2.8693,mg/l,Fair,augmented_copy2_jitter-1d
SRB00003,Zemun,2013-06-19,BOD,,2.9,mg/l,Fair,original
SRB00003,Zemun,2013-06-20,BOD,,2.964,mg/l,Fair,augmented_copy1_jitter+1d
SRB00003,Zemun,2013-06-21,BOD,,2.8864,mg/l,Fair,augmented_copy3_jitter+2d
SRB00003,Zemun,2013-07-14,BOD,,1.7247,mg/l,Fair,augmented_copy3_jitter-3d
SRB00003,Zemun,2013-07-17,BOD,,1.7,mg/l,Fair,original
SRB00003,Zemun,2013-07-18,BOD,,1.6709,mg/l,Fair,augmented_copy2_jitter+1d
SRB00003,Zemun,2013-07-19,BOD,,1.7542,mg/l,Fair,augmented_copy1_jitter+2d
SRB00003,Zemun,2013-08-19,BOD,,1.1856,mg/l,Fair,augmented_copy1_jitter-2d
SRB00003,Zemun,2013-08-19,BOD,,1.0725,mg/l,Fair,augmented_copy3_jitter-2d
SRB00003,Zemun,2013-08-21,BOD,,1.1,mg/l,Fair,original
SRB00003,Zemun,2013-08-22,BOD,,1.116,mg/l,Fair,augmented_copy2_jitter+1d
SRB00003,Zemun,2013-09-16,BOD,,1.4672,mg/l,Fair,augmented_copy1_jitter-2d
SRB00003,Zemun,2013-09-18,BOD,,1.5,mg/l,Fair,original
SRB00003,Zemun,2013-09-19,BOD,,1.4479,mg/l,Fair,augmented_copy3_jitter+1d
SRB00003,Zemun,2013-09-21,BOD,,1.454,mg/l,Fair,augmented_copy2_jitter+3d
SRB00003,Zemun,2013-10-13,BOD,,1.645,mg/l,Fair,augmented_copy2_jitter-3d
SRB00003,Zemun,2013-10-16,BOD,,1.6,mg/l,Fair,original
SRB00003,Zemun,2013-10-17,BOD,,1.6592,mg/l,Fair,augmented_copy1_jitter+1d
SRB00003,Zemun,2013-10-17,BOD,,1.6114,mg/l,Fair,augmented_copy3_jitter+1d
SRB00003,Zemun,2013-11-17,BOD,,1.8233,mg/l,Fair,augmented_copy1_jitter-3d
SRB00003,Zemun,2013-11-18,BOD,,1.8085,mg/l,Fair,augmented_copy3_jitter-2d
SRB00003,Zemun,2013-11-20,BOD,,1.8,mg/l,Fair,original
SRB00003,Zemun,2013-11-23,BOD,,1.7675,mg/l,Fair,augmented_copy2_jitter+3d
SRB00003,Zemun,2013-12-18,BOD,,1.7,mg/l,Fair,original
SRB00003,Zemun,2013-12-20,BOD,,1.713,mg/l,Fair,augmented_copy1_jitter+2d
SRB00003,Zemun,2013-12-20,BOD,,1.6983,mg/l,Fair,augmented_copy2_jitter+2d
SRB00003,Zemun,2013-12-21,BOD,,1.7068,mg/l,Fair,augmented_copy3_jitter+3d
SRB00003,Zemun,2014-01-30,BOD,,1.8,mg/l,Fair,original
SRB00003,Zemun,2014-02-01,BOD,,1.76,mg/l,Fair,augmented_copy1_jitter+2d
SRB00003,Zemun,2014-02-01,BOD,,1.7588,mg/l,Fair,augmented_copy3_jitter+2d
SRB00003,Zemun,2014-02-02,BOD,,1.7229,mg/l,Fair,augmented_copy2_jitter+3d
SRB00003,Zemun,2014-02-17,BOD,,1.8241,mg/l,Fair,augmented_copy3_jitter-2d
SRB00003,Zemun,2014-02-18,BOD,,1.7636,mg/l,Fair,augmented_copy1_jitter-1d
SRB00003,Zemun,2014-02-19,BOD,,1.8,mg/l,Fair,original
SRB00003,Zemun,2014-02-20,BOD,,1.8375,mg/l,Fair,augmented_copy2_jitter+1d
SRB00003,Zemun,2014-03-18,BOD,,2.0965,mg/l,Fair,augmented_copy2_jitter-1d
SRB00003,Zemun,2014-03-18,BOD,,2.0192,mg/l,Fair,augmented_copy3_jitter-1d
SRB00003,Zemun,2014-03-19,BOD,,2.0,mg/l,Fair,original
SRB00003,Zemun,2014-03-20,BOD,,2.0022,mg/l,Fair,augmented_copy1_jitter+1d
SRB00003,Zemun,2014-04-15,BOD,,1.1049,mg/l,Fair,augmented_copy1_jitter-1d
SRB00003,Zemun,2014-04-16,BOD,,1.1,mg/l,Fair,original
SRB00003,Zemun,2014-04-18,BOD,,1.1264,mg/l,Fair,augmented_copy3_jitter+2d
SRB00003,Zemun,2014-04-19,BOD,,1.1096,mg/l,Fair,augmented_copy2_jitter+3d
SRB00003,Zemun,2014-05-13,BOD,,1.098,mg/l,Fair,augmented_copy3_jitter-1d
SRB00003,Zemun,2014-05-14,BOD,,1.1,mg/l,Fair,original
SRB00003,Zemun,2014-05-15,BOD,,1.0565,mg/l,Fair,augmented_copy1_jitter+1d
SRB00003,Zemun,2014-05-16,BOD,,1.0769,mg/l,Fair,augmented_copy2_jitter+2d
SRB00003,Zemun,2014-06-22,BOD,,1.0111,mg/l,Fair,augmented_copy2_jitter-3d
SRB00003,Zemun,2014-06-23,BOD,,1.0006,mg/l,Fair,augmented_copy3_jitter-2d
SRB00003,Zemun,2014-06-25,BOD,,1.0,mg/l,Fair,original
SRB00003,Zemun,2014-06-26,BOD,,0.9333,mg/l,Fair,augmented_copy1_jitter+1d
SRB00003,Zemun,2014-07-16,BOD,,1.0,mg/l,Fair,original
SRB00003,Zemun,2014-07-17,BOD,,1.003,mg/l,Fair,augmented_copy1_jitter+1d
SRB00003,Zemun,2014-07-19,BOD,,0.9773,mg/l,Fair,augmented_copy2_jitter+3d
SRB00003,Zemun,2014-07-19,BOD,,1.0902,mg/l,Fair,augmented_copy3_jitter+3d
SRB00003,Zemun,2014-08-17,BOD,,1.5301,mg/l,Fair,augmented_copy1_jitter-3d
SRB00003,Zemun,2014-08-17,BOD,,1.5007,mg/l,Fair,augmented_copy3_jitter-3d
SRB00003,Zemun,2014-08-20,BOD,,1.5,mg/l,Fair,original
SRB00003,Zemun,2014-08-23,BOD,,1.5167,mg/l,Fair,augmented_copy2_jitter+3d
SRB00003,Zemun,2014-09-14,BOD,,1.7049,mg/l,Fair,augmented_copy2_jitter-3d
SRB00003,Zemun,2014-09-15,BOD,,1.6946,mg/l,Fair,augmented_copy3_jitter-2d
SRB00003,Zemun,2014-09-17,BOD,,1.7,mg/l,Fair,original
SRB00003,Zemun,2014-09-18,BOD,,1.6901,mg/l,Fair,augmented_copy1_jitter+1d
SRB00003,Zemun,2014-10-15,BOD,,1.5,mg/l,Fair,original
SRB00003,Zemun,2014-10-16,BOD,,1.4994,mg/l,Fair,augmented_copy1_jitter+1d
SRB00003,Zemun,2014-10-16,BOD,,1.4216,mg/l,Fair,augmented_copy2_jitter+1d
SRB00003,Zemun,2014-10-16,BOD,,1.5239,mg/l,Fair,augmented_copy3_jitter+1d
SRB00003,Zemun,2014-11-18,BOD,,2.5002,mg/l,Fair,augmented_copy1_jitter-1d
SRB00003,Zemun,2014-11-19,BOD,,2.5,mg/l,Fair,original
SRB00003,Zemun,2014-11-21,BOD,,2.49,mg/l,Fair,augmented_copy3_jitter+2d
SRB00003,Zemun,2014-11-22,BOD,,2.5261,mg/l,Fair,augmented_copy2_jitter+3d
SRB00003,Zemun,2014-12-23,BOD,,1.4354,mg/l,Fair,augmented_copy1_jitter-1d
SRB00003,Zemun,2014-12-24,BOD,,1.5,mg/l,Fair,original
SRB00003,Zemun,2014-12-25,BOD,,1.5737,mg/l,Fair,augmented_copy3_jitter+1d
SRB00003,Zemun,2014-12-27,BOD,,1.5193,mg/l,Fair,augmented_copy2_jitter+3d
SRB00003,Zemun,2015-01-18,BOD,,2.4789,mg/l,Fair,augmented_copy2_jitter-3d
SRB00003,Zemun,2015-01-21,BOD,,2.5,mg/l,Fair,original
SRB00003,Zemun,2015-01-23,BOD,,2.5064,mg/l,Fair,augmented_copy3_jitter+2d
SRB00003,Zemun,2015-01-24,BOD,,2.4896,mg/l,Fair,augmented_copy1_jitter+3d
SRB00003,Zemun,2015-02-18,BOD,,2.3,mg/l,Fair,original
SRB00003,Zemun,2015-02-19,BOD,,2.3241,mg/l,Fair,augmented_copy3_jitter+1d
SRB00003,Zemun,2015-02-20,BOD,,2.2657,mg/l,Fair,augmented_copy2_jitter+2d
SRB00003,Zemun,2015-02-21,BOD,,2.3675,mg/l,Fair,augmented_copy1_jitter+3d
SRB00003,Zemun,2015-03-17,BOD,,2.5635,mg/l,Fair,augmented_copy2_jitter-1d
SRB00003,Zemun,2015-03-18,BOD,,2.6,mg/l,Fair,original
SRB00003,Zemun,2015-03-19,BOD,,2.5206,mg/l,Fair,augmented_copy1_jitter+1d
SRB00003,Zemun,2015-03-21,BOD,,2.6062,mg/l,Fair,augmented_copy3_jitter+3d
SRB00003,Zemun,2015-04-14,BOD,,2.2982,mg/l,Fair,augmented_copy3_jitter-1d
SRB00003,Zemun,2015-04-15,BOD,,2.3,mg/l,Fair,original
SRB00003,Zemun,2015-04-16,BOD,,2.2942,mg/l,Fair,augmented_copy1_jitter+1d
SRB00003,Zemun,2015-04-18,BOD,,2.2985,mg/l,Fair,augmented_copy2_jitter+3d
SRB00003,Zemun,2015-05-26,BOD,,1.8336,mg/l,Fair,augmented_copy1_jitter-1d
SRB00003,Zemun,2015-05-27,BOD,,1.8,mg/l,Fair,original
SRB00003,Zemun,2015-05-30,BOD,,1.8284,mg/l,Fair,augmented_copy2_jitter+3d
SRB00003,Zemun,2015-05-30,BOD,,1.7913,mg/l,Fair,augmented_copy3_jitter+3d
SRB00003,Zemun,2015-06-14,BOD,,3.1877,mg/l,Fair,augmented_copy2_jitter-3d
SRB00003,Zemun,2015-06-16,BOD,,3.2597,mg/l,Fair,augmented_copy3_jitter-1d
SRB00003,Zemun,2015-06-17,BOD,,3.2,mg/l,Fair,original
SRB00003,Zemun,2015-06-18,BOD,,3.2606,mg/l,Fair,augmented_copy1_jitter+1d
SRB00003,Zemun,2015-07-12,BOD,,2.0432,mg/l,Fair,augmented_copy2_jitter-3d
SRB00003,Zemun,2015-07-15,BOD,,2.0,mg/l,Fair,original
SRB00003,Zemun,2015-07-16,BOD,,2.0223,mg/l,Fair,augmented_copy1_jitter+1d
SRB00003,Zemun,2015-07-17,BOD,,1.9944,mg/l,Fair,augmented_copy3_jitter+2d
SRB00003,Zemun,2015-08-21,BOD,,1.1,mg/l,Fair,original
SRB00003,Zemun,2015-08-22,BOD,,1.0818,mg/l,Fair,augmented_copy1_jitter+1d
SRB00003,Zemun,2015-08-24,BOD,,1.0851,mg/l,Fair,augmented_copy2_jitter+3d
SRB00003,Zemun,2015-08-24,BOD,,1.1802,mg/l,Fair,augmented_copy3_jitter+3d
SRB00003,Zemun,2015-09-13,BOD,,1.7089,mg/l,Fair,augmented_copy3_jitter-3d
SRB00003,Zemun,2015-09-15,BOD,,1.6241,mg/l,Fair,augmented_copy2_jitter-1d
SRB00003,Zemun,2015-09-16,BOD,,1.7,mg/l,Fair,original
SRB00003,Zemun,2015-09-18,BOD,,1.6381,mg/l,Fair,augmented_copy1_jitter+2d
SRB00003,Zemun,2015-10-18,BOD,,1.7347,mg/l,Fair,augmented_copy1_jitter-3d
SRB00003,Zemun,2015-10-19,BOD,,1.6881,mg/l,Fair,augmented_copy2_jitter-2d
SRB00003,Zemun,2015-10-21,BOD,,1.7,mg/l,Fair,original
SRB00003,Zemun,2015-10-23,BOD,,1.7312,mg/l,Fair,augmented_copy3_jitter+2d
SRB00003,Zemun,2015-11-16,BOD,,1.3779,mg/l,Fair,augmented_copy3_jitter-2d
SRB00003,Zemun,2015-11-17,BOD,,1.3535,mg/l,Fair,augmented_copy2_jitter-1d
SRB00003,Zemun,2015-11-18,BOD,,1.4,mg/l,Fair,original
SRB00003,Zemun,2015-11-20,BOD,,1.3519,mg/l,Fair,augmented_copy1_jitter+2d
SRB00003,Zemun,2015-12-13,BOD,,1.4837,mg/l,Fair,augmented_copy3_jitter-3d
SRB00003,Zemun,2015-12-16,BOD,,1.5,mg/l,Fair,original
SRB00003,Zemun,2015-12-17,BOD,,1.5585,mg/l,Fair,augmented_copy1_jitter+1d
SRB00003,Zemun,2015-12-17,BOD,,1.4701,mg/l,Fair,augmented_copy2_jitter+1d
SRB00003,Zemun,2016-01-19,BOD,,1.4817,mg/l,Fair,augmented_copy2_jitter-1d
SRB00003,Zemun,2016-01-20,BOD,,1.4,mg/l,Fair,original
SRB00003,Zemun,2016-01-21,BOD,,1.4232,mg/l,Fair,augmented_copy1_jitter+1d
SRB00003,Zemun,2016-01-21,BOD,,1.456,mg/l,Fair,augmented_copy3_jitter+1d
SRB00003,Zemun,2016-02-16,BOD,,2.6072,mg/l,Fair,augmented_copy1_jitter-2d
SRB00003,Zemun,2016-02-18,BOD,,2.6,mg/l,Fair,original
SRB00003,Zemun,2016-02-19,BOD,,2.5496,mg/l,Fair,augmented_copy3_jitter+1d
SRB00003,Zemun,2016-02-20,BOD,,2.5925,mg/l,Fair,augmented_copy2_jitter+2d
SRB00003,Zemun,2016-03-15,BOD,,2.1957,mg/l,Fair,augmented_copy1_jitter-1d
SRB00003,Zemun,2016-03-15,BOD,,2.1029,mg/l,Fair,augmented_copy3_jitter-1d
SRB00003,Zemun,2016-03-16,BOD,,2.2,mg/l,Fair,original
SRB00003,Zemun,2016-03-19,BOD,,2.2303,mg/l,Fair,augmented_copy2_jitter+3d
SRB00003,Zemun,2016-04-17,BOD,,4.3198,mg/l,Fair,augmented_copy1_jitter-3d
SRB00003,Zemun,2016-04-20,BOD,,4.3,mg/l,Fair,original
SRB00003,Zemun,2016-04-22,BOD,,4.3789,mg/l,Fair,augmented_copy2_jitter+2d
SRB00003,Zemun,2016-04-22,BOD,,4.2983,mg/l,Fair,augmented_copy3_jitter+2d
SRB00003,Zemun,2016-05-17,BOD,,1.6044,mg/l,Fair,augmented_copy1_jitter-1d
SRB00003,Zemun,2016-05-18,BOD,,1.6,mg/l,Fair,original
SRB00003,Zemun,2016-05-20,BOD,,1.647,mg/l,Fair,augmented_copy3_jitter+2d
SRB00003,Zemun,2016-05-21,BOD,,1.5676,mg/l,Fair,augmented_copy2_jitter+3d
SRB00003,Zemun,2016-06-13,BOD,,1.8699,mg/l,Fair,augmented_copy1_jitter-2d
SRB00003,Zemun,2016-06-14,BOD,,1.9341,mg/l,Fair,augmented_copy2_jitter-1d
SRB00003,Zemun,2016-06-15,BOD,,1.9,mg/l,Fair,original
SRB00003,Zemun,2016-06-18,BOD,,1.9011,mg/l,Fair,augmented_copy3_jitter+3d
SRB00003,Zemun,2016-07-18,BOD,,2.037,mg/l,Fair,augmented_copy1_jitter-2d
SRB00003,Zemun,2016-07-18,BOD,,2.0215,mg/l,Fair,augmented_copy3_jitter-2d
SRB00003,Zemun,2016-07-20,BOD,,2.0,mg/l,Fair,original
SRB00003,Zemun,2016-07-23,BOD,,2.0748,mg/l,Fair,augmented_copy2_jitter+3d
SRB00003,Zemun,2016-08-22,BOD,,2.1069,mg/l,Fair,augmented_copy3_jitter-2d
SRB00003,Zemun,2016-08-23,BOD,,2.1383,mg/l,Fair,augmented_copy1_jitter-1d
SRB00003,Zemun,2016-08-23,BOD,,2.0625,mg/l,Fair,augmented_copy2_jitter-1d
SRB00003,Zemun,2016-08-24,BOD,,2.1,mg/l,Fair,original
SRB00003,Zemun,2016-09-22,BOD,,1.6,mg/l,Fair,original
SRB00003,Zemun,2016-09-23,BOD,,1.5955,mg/l,Fair,augmented_copy1_jitter+1d
SRB00003,Zemun,2016-09-25,BOD,,1.6338,mg/l,Fair,augmented_copy2_jitter+3d
SRB00003,Zemun,2016-09-25,BOD,,1.5083,mg/l,Fair,augmented_copy3_jitter+3d
SRB00003,Zemun,2016-10-18,BOD,,2.0553,mg/l,Fair,augmented_copy3_jitter-1d
SRB00003,Zemun,2016-10-19,BOD,,2.1,mg/l,Fair,original
SRB00003,Zemun,2016-10-20,BOD,,2.1454,mg/l,Fair,augmented_copy1_jitter+1d
SRB00003,Zemun,2016-10-21,BOD,,2.1259,mg/l,Fair,augmented_copy2_jitter+2d
SRB00003,Zemun,2016-11-15,BOD,,2.6,mg/l,Fair,original
SRB00003,Zemun,2016-11-16,BOD,,2.6505,mg/l,Fair,augmented_copy1_jitter+1d
SRB00003,Zemun,2016-11-16,BOD,,2.6596,mg/l,Fair,augmented_copy2_jitter+1d
SRB00003,Zemun,2016-11-17,BOD,,2.5635,mg/l,Fair,augmented_copy3_jitter+2d
SRB00003,Zemun,2016-12-19,BOD,,2.0534,mg/l,Fair,augmented_copy3_jitter-2d
SRB00003,Zemun,2016-12-20,BOD,,2.1014,mg/l,Fair,augmented_copy1_jitter-1d
SRB00003,Zemun,2016-12-21,BOD,,2.1,mg/l,Fair,original
SRB00003,Zemun,2016-12-23,BOD,,2.0819,mg/l,Fair,augmented_copy2_jitter+2d
SRB00003,Zemun,2017-01-01,BOD,,2.708,mg/l,Fair,augmented_copy3_jitter-3d
SRB00003,Zemun,2017-01-04,BOD,,2.7,mg/l,Fair,original
SRB00003,Zemun,2017-01-06,BOD,,2.685,mg/l,Fair,augmented_copy2_jitter+2d
SRB00003,Zemun,2017-01-07,BOD,,2.6856,mg/l,Fair,augmented_copy1_jitter+3d
SRB00003,Zemun,2017-02-19,BOD,,2.3205,mg/l,Fair,augmented_copy2_jitter-3d
SRB00003,Zemun,2017-02-19,BOD,,2.2741,mg/l,Fair,augmented_copy3_jitter-3d
SRB00003,Zemun,2017-02-20,BOD,,2.2999,mg/l,Fair,augmented_copy1_jitter-2d
SRB00003,Zemun,2017-02-22,BOD,,2.3,mg/l,Fair,original
SRB00003,Zemun,2017-03-14,BOD,,2.2231,mg/l,Fair,augmented_copy1_jitter-1d
SRB00003,Zemun,2017-03-14,BOD,,2.2257,mg/l,Fair,augmented_copy3_jitter-1d
SRB00003,Zemun,2017-03-15,BOD,,2.2,mg/l,Fair,original
SRB00003,Zemun,2017-03-18,BOD,,2.1971,mg/l,Fair,augmented_copy2_jitter+3d
SRB00003,Zemun,2017-04-19,BOD,,2.1,mg/l,Fair,original
SRB00003,Zemun,2017-04-20,BOD,,2.125,mg/l,Fair,augmented_copy2_jitter+1d
SRB00003,Zemun,2017-04-21,BOD,,2.0451,mg/l,Fair,augmented_copy1_jitter+2d
SRB00003,Zemun,2017-04-22,BOD,,2.0944,mg/l,Fair,augmented_copy3_jitter+3d
SRB00003,Zemun,2017-05-14,BOD,,1.6014,mg/l,Fair,augmented_copy1_jitter-3d
SRB00003,Zemun,2017-05-14,BOD,,1.6259,mg/l,Fair,augmented_copy3_jitter-3d
SRB00003,Zemun,2017-05-15,BOD,,1.5556,mg/l,Fair,augmented_copy2_jitter-2d
SRB00003,Zemun,2017-05-17,BOD,,1.6,mg/l,Fair,original
SRB00003,Zemun,2017-06-20,BOD,,1.4809,mg/l,Fair,augmented_copy1_jitter-2d
SRB00003,Zemun,2017-06-20,BOD,,1.4975,mg/l,Fair,augmented_copy3_jitter-2d
SRB00003,Zemun,2017-06-22,BOD,,1.5,mg/l,Fair,original
SRB00003,Zemun,2017-06-25,BOD,,1.5151,mg/l,Fair,augmented_copy2_jitter+3d
SRB00003,Zemun,2017-07-18,BOD,,2.3628,mg/l,Fair,augmented_copy1_jitter-1d
SRB00003,Zemun,2017-07-18,BOD,,2.3253,mg/l,Fair,augmented_copy2_jitter-1d
SRB00003,Zemun,2017-07-19,BOD,,2.4,mg/l,Fair,original
SRB00003,Zemun,2017-07-20,BOD,,2.4129,mg/l,Fair,augmented_copy3_jitter+1d
SRB00003,Zemun,2017-08-21,BOD,,2.0105,mg/l,Fair,augmented_copy2_jitter-2d
SRB00003,Zemun,2017-08-23,BOD,,2.0,mg/l,Fair,original
SRB00003,Zemun,2017-08-24,BOD,,1.9902,mg/l,Fair,augmented_copy1_jitter+1d
SRB00003,Zemun,2017-08-26,BOD,,1.9935,mg/l,Fair,augmented_copy3_jitter+3d
SRB00003,Zemun,2017-09-17,BOD,,1.693,mg/l,Fair,augmented_copy2_jitter-3d
SRB00003,Zemun,2017-09-18,BOD,,1.6395,mg/l,Fair,augmented_copy3_jitter-2d
SRB00003,Zemun,2017-09-19,BOD,,1.7279,mg/l,Fair,augmented_copy1_jitter-1d
SRB00003,Zemun,2017-09-20,BOD,,1.7,mg/l,Fair,original
SRB00003,Zemun,2017-10-22,BOD,,2.2176,mg/l,Fair,augmented_copy1_jitter-3d
SRB00003,Zemun,2017-10-23,BOD,,2.2194,mg/l,Fair,augmented_copy2_jitter-2d
SRB00003,Zemun,2017-10-24,BOD,,2.1308,mg/l,Fair,augmented_copy3_jitter-1d
SRB00003,Zemun,2017-10-25,BOD,,2.2,mg/l,Fair,original
SRB00003,Zemun,2017-11-15,BOD,,1.8,mg/l,Fair,original
SRB00003,Zemun,2017-11-17,BOD,,1.8394,mg/l,Fair,augmented_copy2_jitter+2d
SRB00003,Zemun,2017-11-17,BOD,,1.8247,mg/l,Fair,augmented_copy3_jitter+2d
SRB00003,Zemun,2017-11-18,BOD,,1.8255,mg/l,Fair,augmented_copy1_jitter+3d
SRB00003,Zemun,2017-12-20,BOD,,2.0,mg/l,Fair,original
SRB00003,Zemun,2017-12-21,BOD,,2.0008,mg/l,Fair,augmented_copy1_jitter+1d
SRB00003,Zemun,2017-12-21,BOD,,2.0284,mg/l,Fair,augmented_copy2_jitter+1d
SRB00003,Zemun,2017-12-22,BOD,,2.0028,mg/l,Fair,augmented_copy3_jitter+2d
SRB00003,Zemun,2018-01-14,BOD,,2.2316,mg/l,Fair,augmented_copy3_jitter-3d
SRB00003,Zemun,2018-01-15,BOD,,2.3024,mg/l,Fair,augmented_copy1_jitter-2d
SRB00003,Zemun,2018-01-17,BOD,,2.3,mg/l,Fair,original
SRB00003,Zemun,2018-01-18,BOD,,2.2833,mg/l,Fair,augmented_copy2_jitter+1d
SRB00003,Zemun,2018-02-18,BOD,,2.6295,mg/l,Fair,augmented_copy3_jitter-3d
SRB00003,Zemun,2018-02-20,BOD,,2.6035,mg/l,Fair,augmented_copy1_jitter-1d
SRB00003,Zemun,2018-02-21,BOD,,2.6,mg/l,Fair,original
SRB00003,Zemun,2018-02-24,BOD,,2.5407,mg/l,Fair,augmented_copy2_jitter+3d
SRB00003,Zemun,2018-03-22,BOD,,5.3,mg/l,Fair,original
SRB00003,Zemun,2018-03-23,BOD,,5.2772,mg/l,Fair,augmented_copy2_jitter+1d
SRB00003,Zemun,2018-03-23,BOD,,5.2964,mg/l,Fair,augmented_copy3_jitter+1d
SRB00003,Zemun,2018-03-25,BOD,,5.321,mg/l,Fair,augmented_copy1_jitter+3d
SRB00003,Zemun,2018-04-17,BOD,,2.8268,mg/l,Fair,augmented_copy1_jitter-2d
SRB00003,Zemun,2018-04-19,BOD,,2.8,mg/l,Fair,original
SRB00003,Zemun,2018-04-20,BOD,,2.8751,mg/l,Fair,augmented_copy2_jitter+1d
SRB00003,Zemun,2018-04-20,BOD,,2.8094,mg/l,Fair,augmented_copy3_jitter+1d
SRB00003,Zemun,2018-05-13,BOD,,2.7644,mg/l,Fair,augmented_copy3_jitter-3d
SRB00003,Zemun,2018-05-15,BOD,,2.841,mg/l,Fair,augmented_copy2_jitter-1d
SRB00003,Zemun,2018-05-16,BOD,,2.8,mg/l,Fair,original
SRB00003,Zemun,2018-05-19,BOD,,2.7833,mg/l,Fair,augmented_copy1_jitter+3d
SRB00003,Zemun,2018-06-17,BOD,,1.8915,mg/l,Fair,augmented_copy1_jitter-3d
SRB00003,Zemun,2018-06-19,BOD,,2.0244,mg/l,Fair,augmented_copy2_jitter-1d
SRB00003,Zemun,2018-06-19,BOD,,1.9101,mg/l,Fair,augmented_copy3_jitter-1d
SRB00003,Zemun,2018-06-20,BOD,,1.9,mg/l,Fair,original
SRB00003,Zemun,2018-07-15,BOD,,2.2208,mg/l,Fair,augmented_copy2_jitter-3d
SRB00003,Zemun,2018-07-16,BOD,,2.2565,mg/l,Fair,augmented_copy1_jitter-2d
SRB00003,Zemun,2018-07-17,BOD,,2.244,mg/l,Fair,augmented_copy3_jitter-1d
SRB00003,Zemun,2018-07-18,BOD,,2.2,mg/l,Fair,original
SRB00003,Zemun,2018-08-12,BOD,,2.1541,mg/l,Fair,augmented_copy3_jitter-3d
SRB00003,Zemun,2018-08-13,BOD,,2.055,mg/l,Fair,augmented_copy1_jitter-2d
SRB00003,Zemun,2018-08-14,BOD,,2.0836,mg/l,Fair,augmented_copy2_jitter-1d
SRB00003,Zemun,2018-08-15,BOD,,2.1,mg/l,Fair,original
SRB00003,Zemun,2018-09-16,BOD,,1.0498,mg/l,Fair,augmented_copy2_jitter-3d
SRB00003,Zemun,2018-09-19,BOD,,1.1,mg/l,Fair,original
SRB00003,Zemun,2018-09-21,BOD,,1.0622,mg/l,Fair,augmented_copy1_jitter+2d
SRB00003,Zemun,2018-09-22,BOD,,1.1074,mg/l,Fair,augmented_copy3_jitter+3d
SRB00003,Zemun,2018-10-15,BOD,,1.3449,mg/l,Fair,augmented_copy2_jitter-2d
SRB00003,Zemun,2018-10-16,BOD,,1.3138,mg/l,Fair,augmented_copy3_jitter-1d
SRB00003,Zemun,2018-10-17,BOD,,1.3,mg/l,Fair,original
SRB00003,Zemun,2018-10-20,BOD,,1.2505,mg/l,Fair,augmented_copy1_jitter+3d
SRB00003,Zemun,2018-11-20,BOD,,1.6489,mg/l,Fair,augmented_copy1_jitter-1d
SRB00003,Zemun,2018-11-21,BOD,,1.7,mg/l,Fair,original
SRB00003,Zemun,2018-11-23,BOD,,1.671,mg/l,Fair,augmented_copy3_jitter+2d
SRB00003,Zemun,2018-11-24,BOD,,1.7271,mg/l,Fair,augmented_copy2_jitter+3d
SRB00003,Zemun,2018-12-16,BOD,,2.8754,mg/l,Fair,augmented_copy2_jitter-3d
SRB00003,Zemun,2018-12-19,BOD,,2.9,mg/l,Fair,original
SRB00003,Zemun,2018-12-21,BOD,,2.9142,mg/l,Fair,augmented_copy1_jitter+2d
SRB00003,Zemun,2018-12-22,BOD,,2.8862,mg/l,Fair,augmented_copy3_jitter+3d
SRB00003,Zemun,2019-01-15,BOD,,2.0937,mg/l,Fair,augmented_copy3_jitter-1d
SRB00003,Zemun,2019-01-16,BOD,,2.0,mg/l,Fair,original
SRB00003,Zemun,2019-01-17,BOD,,2.0142,mg/l,Fair,augmented_copy1_jitter+1d
SRB00003,Zemun,2019-01-19,BOD,,1.9886,mg/l,Fair,augmented_copy2_jitter+3d
SRB00003,Zemun,2019-02-17,BOD,,3.1309,mg/l,Fair,augmented_copy1_jitter-3d
SRB00003,Zemun,2019-02-20,BOD,,3.2,mg/l,Fair,original
SRB00003,Zemun,2019-02-21,BOD,,3.1718,mg/l,Fair,augmented_copy2_jitter+1d
SRB00003,Zemun,2019-02-22,BOD,,3.2492,mg/l,Fair,augmented_copy3_jitter+2d
SRB00003,Zemun,2019-03-19,BOD,,1.6803,mg/l,Fair,augmented_copy1_jitter-1d
SRB00003,Zemun,2019-03-20,BOD,,1.7,mg/l,Fair,original
SRB00003,Zemun,2019-03-21,BOD,,1.6337,mg/l,Fair,augmented_copy2_jitter+1d
SRB00003,Zemun,2019-03-23,BOD,,1.6732,mg/l,Fair,augmented_copy3_jitter+3d
SRB00003,Zemun,2019-05-12,BOD,,3.031,mg/l,Fair,augmented_copy2_jitter-3d
SRB00003,Zemun,2019-05-15,BOD,,3.0,mg/l,Fair,original
SRB00003,Zemun,2019-05-16,BOD,,2.982,mg/l,Fair,augmented_copy1_jitter+1d
SRB00003,Zemun,2019-05-18,BOD,,2.945,mg/l,Fair,augmented_copy3_jitter+3d
SRB00003,Zemun,2019-06-17,BOD,,2.5265,mg/l,Fair,augmented_copy1_jitter-2d
SRB00003,Zemun,2019-06-19,BOD,,2.5,mg/l,Fair,original
SRB00003,Zemun,2019-06-22,BOD,,2.4909,mg/l,Fair,augmented_copy2_jitter+3d
SRB00003,Zemun,2019-06-22,BOD,,2.5253,mg/l,Fair,augmented_copy3_jitter+3d
SRB00003,Zemun,2019-07-15,BOD,,2.2324,mg/l,Fair,augmented_copy1_jitter-2d
SRB00003,Zemun,2019-07-16,BOD,,2.2172,mg/l,Fair,augmented_copy2_jitter-1d
SRB00003,Zemun,2019-07-17,BOD,,2.2,mg/l,Fair,original
SRB00003,Zemun,2019-07-19,BOD,,2.1746,mg/l,Fair,augmented_copy3_jitter+2d
SRB00003,Zemun,2019-08-19,BOD,,2.9483,mg/l,Fair,augmented_copy2_jitter-2d
SRB00003,Zemun,2019-08-21,BOD,,2.95,mg/l,Fair,original
SRB00003,Zemun,2019-08-22,BOD,,2.9726,mg/l,Fair,augmented_copy3_jitter+1d
SRB00003,Zemun,2019-08-23,BOD,,3.0134,mg/l,Fair,augmented_copy1_jitter+2d
SRB00003,Zemun,2019-09-18,BOD,,2.86,mg/l,Fair,original
SRB00003,Zemun,2019-09-19,BOD,,2.8575,mg/l,Fair,augmented_copy2_jitter+1d
SRB00003,Zemun,2019-09-19,BOD,,2.9351,mg/l,Fair,augmented_copy3_jitter+1d
SRB00003,Zemun,2019-09-21,BOD,,2.874,mg/l,Fair,augmented_copy1_jitter+3d
SRB00003,Zemun,2019-10-14,BOD,,2.3878,mg/l,Fair,augmented_copy1_jitter-2d
SRB00003,Zemun,2019-10-14,BOD,,2.3127,mg/l,Fair,augmented_copy3_jitter-2d
SRB00003,Zemun,2019-10-15,BOD,,2.3943,mg/l,Fair,augmented_copy2_jitter-1d
SRB00003,Zemun,2019-10-16,BOD,,2.35,mg/l,Fair,original
SRB00003,Zemun,2019-11-17,BOD,,3.0893,mg/l,Fair,augmented_copy1_jitter-3d
SRB00003,Zemun,2019-11-17,BOD,,3.0415,mg/l,Fair,augmented_copy2_jitter-3d
SRB00003,Zemun,2019-11-20,BOD,,3.05,mg/l,Fair,original
SRB00003,Zemun,2019-11-23,BOD,,3.1525,mg/l,Fair,augmented_copy3_jitter+3d
SRB00003,Zemun,2019-12-15,BOD,,1.9901,mg/l,Fair,augmented_copy2_jitter-3d
SRB00003,Zemun,2019-12-17,BOD,,2.0591,mg/l,Fair,augmented_copy1_jitter-1d
SRB00003,Zemun,2019-12-18,BOD,,2.0,mg/l,Fair,original
SRB00003,Zemun,2019-12-19,BOD,,2.0157,mg/l,Fair,augmented_copy3_jitter+1d
SRB00003,Zemun,2020-01-21,BOD,,1.0695,mg/l,Fair,augmented_copy1_jitter-1d
SRB00003,Zemun,2020-01-21,BOD,,1.0789,mg/l,Fair,augmented_copy2_jitter-1d
SRB00003,Zemun,2020-01-22,BOD,,1.1,mg/l,Fair,original
SRB00003,Zemun,2020-01-25,BOD,,1.1497,mg/l,Fair,augmented_copy3_jitter+3d
SRB00003,Zemun,2020-02-17,BOD,,4.966,mg/l,Fair,augmented_copy2_jitter-2d
SRB00003,Zemun,2020-02-18,BOD,,4.8948,mg/l,Fair,augmented_copy1_jitter-1d
SRB00003,Zemun,2020-02-19,BOD,,4.9,mg/l,Fair,original
SRB00003,Zemun,2020-02-22,BOD,,4.8545,mg/l,Fair,augmented_copy3_jitter+3d
SRB00003,Zemun,2020-03-15,BOD,,2.567,mg/l,Fair,augmented_copy2_jitter-3d
SRB00003,Zemun,2020-03-18,BOD,,2.5,mg/l,Fair,original
SRB00003,Zemun,2020-03-20,BOD,,2.5163,mg/l,Fair,augmented_copy1_jitter+2d
SRB00003,Zemun,2020-03-20,BOD,,2.466,mg/l,Fair,augmented_copy3_jitter+2d
SRB00003,Zemun,2020-04-12,BOD,,2.8765,mg/l,Fair,augmented_copy3_jitter-3d
SRB00003,Zemun,2020-04-13,BOD,,2.9049,mg/l,Fair,augmented_copy1_jitter-2d
SRB00003,Zemun,2020-04-15,BOD,,2.9,mg/l,Fair,original
SRB00003,Zemun,2020-04-16,BOD,,2.9465,mg/l,Fair,augmented_copy2_jitter+1d
SRB00003,Zemun,2020-05-19,BOD,,3.5075,mg/l,Fair,augmented_copy3_jitter-1d
SRB00003,Zemun,2020-05-20,BOD,,3.5,mg/l,Fair,original
SRB00003,Zemun,2020-05-21,BOD,,3.5294,mg/l,Fair,augmented_copy2_jitter+1d
SRB00003,Zemun,2020-05-22,BOD,,3.4323,mg/l,Fair,augmented_copy1_jitter+2d
SRB00003,Zemun,2020-06-15,BOD,,1.5374,mg/l,Fair,augmented_copy2_jitter-2d
SRB00003,Zemun,2020-06-17,BOD,,1.5,mg/l,Fair,original
SRB00003,Zemun,2020-06-19,BOD,,1.433,mg/l,Fair,augmented_copy3_jitter+2d
SRB00003,Zemun,2020-06-20,BOD,,1.5404,mg/l,Fair,augmented_copy1_jitter+3d
SRB00003,Zemun,2020-07-13,BOD,,2.5645,mg/l,Fair,augmented_copy1_jitter-2d
SRB00003,Zemun,2020-07-13,BOD,,2.5815,mg/l,Fair,augmented_copy2_jitter-2d
SRB00003,Zemun,2020-07-15,BOD,,2.6,mg/l,Fair,original
SRB00003,Zemun,2020-07-16,BOD,,2.5569,mg/l,Fair,augmented_copy3_jitter+1d
SRB00003,Zemun,2020-08-18,BOD,,3.003,mg/l,Fair,augmented_copy1_jitter-1d
SRB00003,Zemun,2020-08-19,BOD,,2.97,mg/l,Fair,original
SRB00003,Zemun,2020-08-21,BOD,,2.9671,mg/l,Fair,augmented_copy2_jitter+2d
SRB00003,Zemun,2020-08-22,BOD,,2.9431,mg/l,Fair,augmented_copy3_jitter+3d
SRB00003,Zemun,2020-09-14,BOD,,1.3392,mg/l,Fair,augmented_copy3_jitter-2d
SRB00003,Zemun,2020-09-16,BOD,,1.32,mg/l,Fair,original
SRB00003,Zemun,2020-09-17,BOD,,1.3326,mg/l,Fair,augmented_copy2_jitter+1d
SRB00003,Zemun,2020-09-19,BOD,,1.3335,mg/l,Fair,augmented_copy1_jitter+3d
SRB00003,Zemun,2020-10-21,BOD,,2.09,mg/l,Fair,original
SRB00003,Zemun,2020-10-22,BOD,,2.0367,mg/l,Fair,augmented_copy1_jitter+1d
SRB00003,Zemun,2020-10-24,BOD,,2.0822,mg/l,Fair,augmented_copy2_jitter+3d
SRB00003,Zemun,2020-10-24,BOD,,2.032,mg/l,Fair,augmented_copy3_jitter+3d
SRB00003,Zemun,2020-11-15,BOD,,2.0461,mg/l,Fair,augmented_copy3_jitter-3d
SRB00003,Zemun,2020-11-18,BOD,,2.03,mg/l,Fair,original
SRB00003,Zemun,2020-11-20,BOD,,1.9692,mg/l,Fair,augmented_copy2_jitter+2d
SRB00003,Zemun,2020-11-21,BOD,,2.113,mg/l,Fair,augmented_copy1_jitter+3d
SRB00003,Zemun,2020-12-29,BOD,,1.3562,mg/l,Fair,augmented_copy1_jitter-1d
SRB00003,Zemun,2020-12-30,BOD,,1.4,mg/l,Fair,original
SRB00003,Zemun,2020-12-31,BOD,,1.4221,mg/l,Fair,augmented_copy2_jitter+1d
SRB00003,Zemun,2020-12-31,BOD,,1.3898,mg/l,Fair,augmented_copy3_jitter+1d
SRB00003,Zemun,2021-01-20,BOD,,2.8,mg/l,Fair,original
SRB00003,Zemun,2021-01-21,BOD,,2.784,mg/l,Fair,augmented_copy1_jitter+1d
SRB00003,Zemun,2021-01-22,BOD,,2.6954,mg/l,Fair,augmented_copy3_jitter+2d
SRB00003,Zemun,2021-01-23,BOD,,2.8381,mg/l,Fair,augmented_copy2_jitter+3d
SRB00003,Zemun,2021-02-14,BOD,,3.1114,mg/l,Fair,augmented_copy1_jitter-3d
SRB00003,Zemun,2021-02-14,BOD,,3.0604,mg/l,Fair,augmented_copy2_jitter-3d
SRB00003,Zemun,2021-02-16,BOD,,3.1171,mg/l,Fair,augmented_copy3_jitter-1d
SRB00003,Zemun,2021-02-17,BOD,,3.1,mg/l,Fair,original
SRB00003,Zemun,2021-03-15,BOD,,2.8075,mg/l,Fair,augmented_copy3_jitter-2d
SRB00003,Zemun,2021-03-16,BOD,,2.8171,mg/l,Fair,augmented_copy2_jitter-1d
SRB00003,Zemun,2021-03-17,BOD,,2.8,mg/l,Fair,original
SRB00003,Zemun,2021-03-18,BOD,,2.8419,mg/l,Fair,augmented_copy1_jitter+1d
SRB00003,Zemun,2021-04-18,BOD,,2.7789,mg/l,Fair,augmented_copy2_jitter-3d
SRB00003,Zemun,2021-04-20,BOD,,2.7964,mg/l,Fair,augmented_copy1_jitter-1d
SRB00003,Zemun,2021-04-21,BOD,,2.8,mg/l,Fair,original
SRB00003,Zemun,2021-04-22,BOD,,2.7352,mg/l,Fair,augmented_copy3_jitter+1d
SRB00003,Zemun,2021-05-17,BOD,,1.4439,mg/l,Fair,augmented_copy3_jitter-2d
SRB00003,Zemun,2021-05-19,BOD,,1.4,mg/l,Fair,original
SRB00003,Zemun,2021-05-20,BOD,,1.4112,mg/l,Fair,augmented_copy2_jitter+1d
SRB00003,Zemun,2021-05-21,BOD,,1.3747,mg/l,Fair,augmented_copy1_jitter+2d
SRB00003,Zemun,2021-06-13,BOD,,3.0261,mg/l,Fair,augmented_copy2_jitter-3d
SRB00003,Zemun,2021-06-16,BOD,,3.0,mg/l,Fair,original
SRB00003,Zemun,2021-06-17,BOD,,3.0022,mg/l,Fair,augmented_copy1_jitter+1d
SRB00003,Zemun,2021-06-17,BOD,,2.9321,mg/l,Fair,augmented_copy3_jitter+1d
SRB00003,Zemun,2021-07-17,BOD,,1.9173,mg/l,Fair,augmented_copy1_jitter-3d
SRB00003,Zemun,2021-07-19,BOD,,2.0115,mg/l,Fair,augmented_copy2_jitter-1d
SRB00003,Zemun,2021-07-20,BOD,,2.0,mg/l,Fair,original
SRB00003,Zemun,2021-07-21,BOD,,2.0242,mg/l,Fair,augmented_copy3_jitter+1d
SRB00003,Zemun,2021-08-25,BOD,,2.6,mg/l,Fair,original
SRB00003,Zemun,2021-08-26,BOD,,2.6016,mg/l,Fair,augmented_copy3_jitter+1d
SRB00003,Zemun,2021-08-27,BOD,,2.6525,mg/l,Fair,augmented_copy1_jitter+2d
SRB00003,Zemun,2021-08-28,BOD,,2.6136,mg/l,Fair,augmented_copy2_jitter+3d
SRB00003,Zemun,2021-09-21,BOD,,2.417,mg/l,Fair,augmented_copy2_jitter-1d
SRB00003,Zemun,2021-09-22,BOD,,2.4,mg/l,Fair,original
SRB00003,Zemun,2021-09-23,BOD,,2.4453,mg/l,Fair,augmented_copy1_jitter+1d
SRB00003,Zemun,2021-09-25,BOD,,2.42,mg/l,Fair,augmented_copy3_jitter+3d
SRB00003,Zemun,2021-10-17,BOD,,2.0692,mg/l,Fair,augmented_copy3_jitter-3d
SRB00003,Zemun,2021-10-20,BOD,,2.1,mg/l,Fair,original
SRB00003,Zemun,2021-10-21,BOD,,2.1688,mg/l,Fair,augmented_copy2_jitter+1d
SRB00003,Zemun,2021-10-22,BOD,,2.142,mg/l,Fair,augmented_copy1_jitter+2d
SRB00003,Zemun,2021-11-15,BOD,,2.4177,mg/l,Fair,augmented_copy3_jitter-2d
SRB00003,Zemun,2021-11-16,BOD,,2.3696,mg/l,Fair,augmented_copy2_jitter-1d
SRB00003,Zemun,2021-11-17,BOD,,2.4,mg/l,Fair,original
SRB00003,Zemun,2021-11-18,BOD,,2.4072,mg/l,Fair,augmented_copy1_jitter+1d
SRB00003,Zemun,2021-12-27,BOD,,2.3651,mg/l,Fair,augmented_copy3_jitter-2d
SRB00003,Zemun,2021-12-29,BOD,,2.3,mg/l,Fair,original
SRB00003,Zemun,2021-12-31,BOD,,2.2731,mg/l,Fair,augmented_copy1_jitter+2d
SRB00003,Zemun,2021-12-31,BOD,,2.3344,mg/l,Fair,augmented_copy2_jitter+2d
SRB00003,Zemun,2022-01-19,BOD,,0.775,mg/l,Fair,augmented_copy2_jitter-1d
SRB00003,Zemun,2022-01-19,BOD,,0.7709,mg/l,Fair,augmented_copy3_jitter-1d
SRB00003,Zemun,2022-01-20,BOD,,0.8,mg/l,Fair,original
SRB00003,Zemun,2022-01-21,BOD,,0.7663,mg/l,Fair,augmented_copy1_jitter+1d
SRB00003,Zemun,2022-02-15,BOD,,2.7916,mg/l,Fair,augmented_copy1_jitter-2d
SRB00003,Zemun,2022-02-17,BOD,,2.8,mg/l,Fair,original
SRB00003,Zemun,2022-02-19,BOD,,2.8417,mg/l,Fair,augmented_copy2_jitter+2d
SRB00003,Zemun,2022-02-19,BOD,,2.8068,mg/l,Fair,augmented_copy3_jitter+2d
SRB00003,Zemun,2022-03-15,BOD,,2.6475,mg/l,Fair,augmented_copy1_jitter-1d
SRB00003,Zemun,2022-03-15,BOD,,2.629,mg/l,Fair,augmented_copy3_jitter-1d
SRB00003,Zemun,2022-03-16,BOD,,2.6,mg/l,Fair,original
SRB00003,Zemun,2022-03-18,BOD,,2.5763,mg/l,Fair,augmented_copy2_jitter+2d
SRB00003,Zemun,2022-04-18,BOD,,2.4475,mg/l,Fair,augmented_copy1_jitter-2d
SRB00003,Zemun,2022-04-19,BOD,,2.4786,mg/l,Fair,augmented_copy2_jitter-1d
SRB00003,Zemun,2022-04-20,BOD,,2.4,mg/l,Fair,original
SRB00003,Zemun,2022-04-22,BOD,,2.385,mg/l,Fair,augmented_copy3_jitter+2d
SRB00003,Zemun,2022-05-16,BOD,,5.6667,mg/l,Fair,augmented_copy2_jitter-2d
SRB00003,Zemun,2022-05-17,BOD,,5.574,mg/l,Fair,augmented_copy3_jitter-1d
SRB00003,Zemun,2022-05-18,BOD,,5.6,mg/l,Fair,original
SRB00003,Zemun,2022-05-20,BOD,,5.5914,mg/l,Fair,augmented_copy1_jitter+2d
SRB00003,Zemun,2022-06-13,BOD,,2.0918,mg/l,Fair,augmented_copy1_jitter-2d
SRB00003,Zemun,2022-06-15,BOD,,2.1,mg/l,Fair,original
SRB00003,Zemun,2022-06-18,BOD,,2.101,mg/l,Fair,augmented_copy2_jitter+3d
SRB00003,Zemun,2022-06-18,BOD,,2.1578,mg/l,Fair,augmented_copy3_jitter+3d
SRB00003,Zemun,2022-07-17,BOD,,2.0279,mg/l,Fair,augmented_copy3_jitter-3d
SRB00003,Zemun,2022-07-19,BOD,,2.1149,mg/l,Fair,augmented_copy2_jitter-1d
SRB00003,Zemun,2022-07-20,BOD,,2.1,mg/l,Fair,original
SRB00003,Zemun,2022-07-23,BOD,,2.1161,mg/l,Fair,augmented_copy1_jitter+3d
SRB00003,Zemun,2022-08-14,BOD,,1.5723,mg/l,Fair,augmented_copy3_jitter-3d
SRB00003,Zemun,2022-08-17,BOD,,1.6,mg/l,Fair,original
SRB00003,Zemun,2022-08-18,BOD,,1.5522,mg/l,Fair,augmented_copy2_jitter+1d
SRB00003,Zemun,2022-08-20,BOD,,1.6139,mg/l,Fair,augmented_copy1_jitter+3d
SRB00003,Zemun,2022-09-19,BOD,,2.0235,mg/l,Fair,augmented_copy2_jitter-2d
SRB00003,Zemun,2022-09-20,BOD,,1.8995,mg/l,Fair,augmented_copy1_jitter-1d
SRB00003,Zemun,2022-09-21,BOD,,2.0,mg/l,Fair,original
SRB00003,Zemun,2022-09-22,BOD,,1.9925,mg/l,Fair,augmented_copy3_jitter+1d
SRB00003,Zemun,2022-10-19,BOD,,1.7,mg/l,Fair,original
SRB00003,Zemun,2022-10-20,BOD,,1.7081,mg/l,Fair,augmented_copy3_jitter+1d
SRB00003,Zemun,2022-10-21,BOD,,1.7441,mg/l,Fair,augmented_copy1_jitter+2d
SRB00003,Zemun,2022-10-21,BOD,,1.6809,mg/l,Fair,augmented_copy2_jitter+2d
SRB00003,Zemun,2022-11-14,BOD,,2.0941,mg/l,Fair,augmented_copy3_jitter-3d
SRB00003,Zemun,2022-11-16,BOD,,2.1368,mg/l,Fair,augmented_copy2_jitter-1d
SRB00003,Zemun,2022-11-17,BOD,,2.1,mg/l,Fair,original
SRB00003,Zemun,2022-11-19,BOD,,2.1113,mg/l,Fair,augmented_copy1_jitter+2d
SRB00003,Zemun,2022-12-20,BOD,,1.9148,mg/l,Fair,augmented_copy2_jitter-1d
SRB00003,Zemun,2022-12-21,BOD,,1.9,mg/l,Fair,original
SRB00003,Zemun,2022-12-23,BOD,,1.8221,mg/l,Fair,augmented_copy3_jitter+2d
SRB00003,Zemun,2022-12-24,BOD,,1.8754,mg/l,Fair,augmented_copy1_jitter+3d
SRB00003,Zemun,2023-01-15,BOD,,2.5498,mg/l,Fair,augmented_copy1_jitter-3d
SRB00003,Zemun,2023-01-15,BOD,,2.6447,mg/l,Fair,augmented_copy3_jitter-3d
SRB00003,Zemun,2023-01-17,BOD,,2.6367,mg/l,Fair,augmented_copy2_jitter-1d
SRB00003,Zemun,2023-01-18,BOD,,2.6,mg/l,Fair,original
SRB00003,Zemun,2023-02-13,BOD,,3.0328,mg/l,Fair,augmented_copy1_jitter-1d
SRB00003,Zemun,2023-02-14,BOD,,3.0,mg/l,Fair,original
SRB00003,Zemun,2023-02-16,BOD,,3.0017,mg/l,Fair,augmented_copy2_jitter+2d
SRB00003,Zemun,2023-02-17,BOD,,2.9524,mg/l,Fair,augmented_copy3_jitter+3d
SRB00003,Zemun,2023-03-12,BOD,,3.0732,mg/l,Fair,augmented_copy3_jitter-3d
SRB00003,Zemun,2023-03-14,BOD,,3.0987,mg/l,Fair,augmented_copy1_jitter-1d
SRB00003,Zemun,2023-03-14,BOD,,3.0649,mg/l,Fair,augmented_copy2_jitter-1d
SRB00003,Zemun,2023-03-15,BOD,,3.1,mg/l,Fair,original
SRB00003,Zemun,2023-04-16,BOD,,2.2752,mg/l,Fair,augmented_copy1_jitter-3d
SRB00003,Zemun,2023-04-16,BOD,,2.3184,mg/l,Fair,augmented_copy2_jitter-3d
SRB00003,Zemun,2023-04-18,BOD,,2.2888,mg/l,Fair,augmented_copy3_jitter-1d
SRB00003,Zemun,2023-04-19,BOD,,2.3,mg/l,Fair,original
SRB00003,Zemun,2023-05-15,BOD,,1.6123,mg/l,Fair,augmented_copy3_jitter-2d
SRB00003,Zemun,2023-05-16,BOD,,1.4962,mg/l,Fair,augmented_copy1_jitter-1d
SRB00003,Zemun,2023-05-16,BOD,,1.4864,mg/l,Fair,augmented_copy2_jitter-1d
SRB00003,Zemun,2023-05-17,BOD,,1.5,mg/l,Fair,original
SRB00003,Zemun,2023-06-20,BOD,,2.0961,mg/l,Fair,augmented_copy1_jitter-1d
SRB00003,Zemun,2023-06-21,BOD,,2.1,mg/l,Fair,original
SRB00003,Zemun,2023-06-22,BOD,,2.0999,mg/l,Fair,augmented_copy2_jitter+1d
SRB00003,Zemun,2023-06-22,BOD,,2.1338,mg/l,Fair,augmented_copy3_jitter+1d
SRB00003,Zemun,2023-07-16,BOD,,3.1409,mg/l,Fair,augmented_copy1_jitter-3d
SRB00003,Zemun,2023-07-16,BOD,,3.1454,mg/l,Fair,augmented_copy3_jitter-3d
SRB00003,Zemun,2023-07-19,BOD,,3.1,mg/l,Fair,original
SRB00003,Zemun,2023-07-22,BOD,,3.0131,mg/l,Fair,augmented_copy2_jitter+3d
SRB00003,Zemun,2023-08-14,BOD,,4.5921,mg/l,Fair,augmented_copy1_jitter-2d
SRB00003,Zemun,2023-08-14,BOD,,4.5741,mg/l,Fair,augmented_copy2_jitter-2d
SRB00003,Zemun,2023-08-15,BOD,,4.5256,mg/l,Fair,augmented_copy3_jitter-1d
SRB00003,Zemun,2023-08-16,BOD,,4.6,mg/l,Fair,original
SRB00003,Zemun,2023-09-17,BOD,,3.0266,mg/l,Fair,augmented_copy1_jitter-3d
SRB00003,Zemun,2023-09-17,BOD,,2.8879,mg/l,Fair,augmented_copy2_jitter-3d
SRB00003,Zemun,2023-09-18,BOD,,2.9111,mg/l,Fair,augmented_copy3_jitter-2d
SRB00003,Zemun,2023-09-20,BOD,,3.0,mg/l,Fair,original
SRB00003,Zemun,2023-10-17,BOD,,1.3108,mg/l,Fair,augmented_copy1_jitter-1d
SRB00003,Zemun,2023-10-17,BOD,,1.2847,mg/l,Fair,augmented_copy2_jitter-1d
SRB00003,Zemun,2023-10-18,BOD,,1.3,mg/l,Fair,original
SRB00003,Zemun,2023-10-21,BOD,,1.3013,mg/l,Fair,augmented_copy3_jitter+3d
SRB00003,Zemun,2023-11-12,BOD,,3.3999,mg/l,Fair,augmented_copy3_jitter-3d
SRB00003,Zemun,2023-11-14,BOD,,3.2827,mg/l,Fair,augmented_copy1_jitter-1d
SRB00003,Zemun,2023-11-15,BOD,,3.3,mg/l,Fair,original
SRB00003,Zemun,2023-11-16,BOD,,3.2805,mg/l,Fair,augmented_copy2_jitter+1d
SRB00003,Zemun,2023-12-17,BOD,,3.1792,mg/l,Fair,augmented_copy1_jitter-3d
SRB00003,Zemun,2023-12-17,BOD,,3.1664,mg/l,Fair,augmented_copy2_jitter-3d
SRB00003,Zemun,2023-12-19,BOD,,3.2264,mg/l,Fair,augmented_copy3_jitter-1d
SRB00003,Zemun,2023-12-20,BOD,,3.2,mg/l,Fair,original
SRB00005,Banatska Palanka,2000-01-17,BOD,,3.3208,mg/l,Fair,augmented_copy2_jitter-2d
SRB00005,Banatska Palanka,2000-01-19,BOD,,3.3,mg/l,Fair,original
SRB00005,Banatska Palanka,2000-01-20,BOD,,3.2547,mg/l,Fair,augmented_copy1_jitter+1d
SRB00005,Banatska Palanka,2000-01-21,BOD,,3.2697,mg/l,Fair,augmented_copy3_jitter+2d
SRB00005,Banatska Palanka,2000-02-13,BOD,,2.6659,mg/l,Fair,augmented_copy1_jitter-3d
SRB00005,Banatska Palanka,2000-02-13,BOD,,2.6472,mg/l,Fair,augmented_copy3_jitter-3d
SRB00005,Banatska Palanka,2000-02-16,BOD,,2.7,mg/l,Fair,original
SRB00005,Banatska Palanka,2000-02-17,BOD,,2.7082,mg/l,Fair,augmented_copy2_jitter+1d
SRB00005,Banatska Palanka,2000-03-14,BOD,,2.8828,mg/l,Fair,augmented_copy1_jitter-1d
SRB00005,Banatska Palanka,2000-03-14,BOD,,2.9548,mg/l,Fair,augmented_copy2_jitter-1d
SRB00005,Banatska Palanka,2000-03-15,BOD,,2.9,mg/l,Fair,original
SRB00005,Banatska Palanka,2000-03-17,BOD,,2.9586,mg/l,Fair,augmented_copy3_jitter+2d
SRB00005,Banatska Palanka,2000-04-16,BOD,,3.1892,mg/l,Fair,augmented_copy3_jitter-3d
SRB00005,Banatska Palanka,2000-04-17,BOD,,3.2463,mg/l,Fair,augmented_copy2_jitter-2d
SRB00005,Banatska Palanka,2000-04-18,BOD,,3.2459,mg/l,Fair,augmented_copy1_jitter-1d
SRB00005,Banatska Palanka,2000-04-19,BOD,,3.2,mg/l,Fair,original
SRB00005,Banatska Palanka,2000-05-16,BOD,,1.5945,mg/l,Fair,augmented_copy3_jitter-2d
SRB00005,Banatska Palanka,2000-05-18,BOD,,1.6,mg/l,Fair,original
SRB00005,Banatska Palanka,2000-05-20,BOD,,1.5462,mg/l,Fair,augmented_copy1_jitter+2d
SRB00005,Banatska Palanka,2000-05-21,BOD,,1.566,mg/l,Fair,augmented_copy2_jitter+3d
SRB00005,Banatska Palanka,2000-06-18,BOD,,1.6309,mg/l,Fair,augmented_copy3_jitter-3d
SRB00005,Banatska Palanka,2000-06-19,BOD,,1.5292,mg/l,Fair,augmented_copy1_jitter-2d
SRB00005,Banatska Palanka,2000-06-21,BOD,,1.6,mg/l,Fair,original
SRB00005,Banatska Palanka,2000-06-24,BOD,,1.599,mg/l,Fair,augmented_copy2_jitter+3d
SRB00005,Banatska Palanka,2000-07-18,BOD,,2.4623,mg/l,Fair,augmented_copy3_jitter-1d
SRB00005,Banatska Palanka,2000-07-19,BOD,,2.4,mg/l,Fair,original
SRB00005,Banatska Palanka,2000-07-20,BOD,,2.3363,mg/l,Fair,augmented_copy1_jitter+1d
SRB00005,Banatska Palanka,2000-07-21,BOD,,2.4201,mg/l,Fair,augmented_copy2_jitter+2d
SRB00005,Banatska Palanka,2000-08-13,BOD,,1.6387,mg/l,Fair,augmented_copy1_jitter-3d
SRB00005,Banatska Palanka,2000-08-14,BOD,,1.5962,mg/l,Fair,augmented_copy3_jitter-2d
SRB00005,Banatska Palanka,2000-08-15,BOD,,1.5693,mg/l,Fair,augmented_copy2_jitter-1d
SRB00005,Banatska Palanka,2000-08-16,BOD,,1.6,mg/l,Fair,original
SRB00005,Banatska Palanka,2000-09-13,BOD,,2.0,mg/l,Fair,original
SRB00005,Banatska Palanka,2000-09-14,BOD,,1.9915,mg/l,Fair,augmented_copy2_jitter+1d
SRB00005,Banatska Palanka,2000-09-16,BOD,,2.026,mg/l,Fair,augmented_copy1_jitter+3d
SRB00005,Banatska Palanka,2000-09-16,BOD,,2.0247,mg/l,Fair,augmented_copy3_jitter+3d
SRB00005,Banatska Palanka,2000-10-16,BOD,,1.6869,mg/l,Fair,augmented_copy1_jitter-2d
SRB00005,Banatska Palanka,2000-10-16,BOD,,1.6602,mg/l,Fair,augmented_copy2_jitter-2d
SRB00005,Banatska Palanka,2000-10-16,BOD,,1.7619,mg/l,Fair,augmented_copy3_jitter-2d
SRB00005,Banatska Palanka,2000-10-18,BOD,,1.7,mg/l,Fair,original
SRB00005,Banatska Palanka,2000-11-12,BOD,,1.0548,mg/l,Fair,augmented_copy1_jitter-3d
SRB00005,Banatska Palanka,2000-11-15,BOD,,1.1,mg/l,Fair,original
SRB00005,Banatska Palanka,2000-11-18,BOD,,1.1141,mg/l,Fair,augmented_copy2_jitter+3d
SRB00005,Banatska Palanka,2000-11-18,BOD,,1.0938,mg/l,Fair,augmented_copy3_jitter+3d
SRB00005,Banatska Palanka,2000-12-19,BOD,,1.9881,mg/l,Fair,augmented_copy2_jitter-1d
SRB00005,Banatska Palanka,2000-12-20,BOD,,1.9,mg/l,Fair,original
SRB00005,Banatska Palanka,2000-12-22,BOD,,1.8973,mg/l,Fair,augmented_copy1_jitter+2d
SRB00005,Banatska Palanka,2000-12-23,BOD,,1.935,mg/l,Fair,augmented_copy3_jitter+3d
SRB00005,Banatska Palanka,2001-01-14,BOD,,3.1026,mg/l,Fair,augmented_copy1_jitter-3d
SRB00005,Banatska Palanka,2001-01-17,BOD,,3.1,mg/l,Fair,original
SRB00005,Banatska Palanka,2001-01-20,BOD,,3.1218,mg/l,Fair,augmented_copy2_jitter+3d
SRB00005,Banatska Palanka,2001-01-20,BOD,,3.1414,mg/l,Fair,augmented_copy3_jitter+3d
SRB00005,Banatska Palanka,2001-02-22,BOD,,2.3,mg/l,Fair,original
SRB00005,Banatska Palanka,2001-02-23,BOD,,2.3321,mg/l,Fair,augmented_copy2_jitter+1d
SRB00005,Banatska Palanka,2001-02-23,BOD,,2.2706,mg/l,Fair,augmented_copy3_jitter+1d
SRB00005,Banatska Palanka,2001-02-25,BOD,,2.2855,mg/l,Fair,augmented_copy1_jitter+3d
SRB00005,Banatska Palanka,2001-03-14,BOD,,1.3425,mg/l,Fair,augmented_copy2_jitter-1d
SRB00005,Banatska Palanka,2001-03-15,BOD,,1.3,mg/l,Fair,original
SRB00005,Banatska Palanka,2001-03-16,BOD,,1.3185,mg/l,Fair,augmented_copy3_jitter+1d
SRB00005,Banatska Palanka,2001-03-17,BOD,,1.3115,mg/l,Fair,augmented_copy1_jitter+2d
SRB00005,Banatska Palanka,2001-04-17,BOD,,2.2411,mg/l,Fair,augmented_copy2_jitter-2d
SRB00005,Banatska Palanka,2001-04-19,BOD,,2.2,mg/l,Fair,original
SRB00005,Banatska Palanka,2001-04-20,BOD,,2.2205,mg/l,Fair,augmented_copy1_jitter+1d
SRB00005,Banatska Palanka,2001-04-20,BOD,,2.2054,mg/l,Fair,augmented_copy3_jitter+1d
SRB00005,Banatska Palanka,2001-05-17,BOD,,1.0,mg/l,Fair,original
SRB00005,Banatska Palanka,2001-05-18,BOD,,1.0066,mg/l,Fair,augmented_copy3_jitter+1d
SRB00005,Banatska Palanka,2001-05-19,BOD,,0.9294,mg/l,Fair,augmented_copy1_jitter+2d
SRB00005,Banatska Palanka,2001-05-19,BOD,,1.029,mg/l,Fair,augmented_copy2_jitter+2d
SRB00005,Banatska Palanka,2001-06-18,BOD,,1.4099,mg/l,Fair,augmented_copy1_jitter-3d
SRB00005,Banatska Palanka,2001-06-21,BOD,,1.3,mg/l,Fair,original
SRB00005,Banatska Palanka,2001-06-22,BOD,,1.3345,mg/l,Fair,augmented_copy2_jitter+1d
SRB00005,Banatska Palanka,2001-06-22,BOD,,1.2684,mg/l,Fair,augmented_copy3_jitter+1d
SRB00005,Banatska Palanka,2001-07-16,BOD,,1.8999,mg/l,Fair,augmented_copy3_jitter-3d
SRB00005,Banatska Palanka,2001-07-18,BOD,,1.8958,mg/l,Fair,augmented_copy1_jitter-1d
SRB00005,Banatska Palanka,2001-07-19,BOD,,1.9,mg/l,Fair,original
SRB00005,Banatska Palanka,2001-07-20,BOD,,1.8705,mg/l,Fair,augmented_copy2_jitter+1d
SRB00005,Banatska Palanka,2001-09-10,BOD,,2.502,mg/l,Fair,augmented_copy2_jitter-3d
SRB00005,Banatska Palanka,2001-09-12,BOD,,2.5258,mg/l,Fair,augmented_copy1_jitter-1d
SRB00005,Banatska Palanka,2001-09-13,BOD,,2.5,mg/l,Fair,original
SRB00005,Banatska Palanka,2001-09-16,BOD,,2.4851,mg/l,Fair,augmented_copy3_jitter+3d
SRB00005,Banatska Palanka,2001-10-15,BOD,,1.8852,mg/l,Fair,augmented_copy1_jitter-3d
SRB00005,Banatska Palanka,2001-10-16,BOD,,1.9057,mg/l,Fair,augmented_copy3_jitter-2d
SRB00005,Banatska Palanka,2001-10-17,BOD,,1.837,mg/l,Fair,augmented_copy2_jitter-1d
SRB00005,Banatska Palanka,2001-10-18,BOD,,1.9,mg/l,Fair,original
SRB00005,Banatska Palanka,2001-11-13,BOD,,2.34,mg/l,Fair,augmented_copy2_jitter-2d
SRB00005,Banatska Palanka,2001-11-13,BOD,,2.2897,mg/l,Fair,augmented_copy3_jitter-2d
SRB00005,Banatska Palanka,2001-11-15,BOD,,2.3,mg/l,Fair,original
SRB00005,Banatska Palanka,2001-11-17,BOD,,2.2779,mg/l,Fair,augmented_copy1_jitter+2d
SRB00005,Banatska Palanka,2001-12-11,BOD,,1.0051,mg/l,Fair,augmented_copy2_jitter-2d
SRB00005,Banatska Palanka,2001-12-13,BOD,,1.0,mg/l,Fair,original
SRB00005,Banatska Palanka,2001-12-14,BOD,,0.9766,mg/l,Fair,augmented_copy1_jitter+1d
SRB00005,Banatska Palanka,2001-12-15,BOD,,1.0088,mg/l,Fair,augmented_copy3_jitter+2d
SRB00005,Banatska Palanka,2002-01-22,BOD,,2.8265,mg/l,Fair,augmented_copy3_jitter-2d
SRB00005,Banatska Palanka,2002-01-23,BOD,,2.8113,mg/l,Fair,augmented_copy2_jitter-1d
SRB00005,Banatska Palanka,2002-01-24,BOD,,2.8,mg/l,Fair,original
SRB00005,Banatska Palanka,2002-01-25,BOD,,2.7852,mg/l,Fair,augmented_copy1_jitter+1d
SRB00005,Banatska Palanka,2002-02-18,BOD,,2.0872,mg/l,Fair,augmented_copy2_jitter-3d
SRB00005,Banatska Palanka,2002-02-19,BOD,,2.0776,mg/l,Fair,augmented_copy1_jitter-2d
SRB00005,Banatska Palanka,2002-02-21,BOD,,2.1,mg/l,Fair,original
SRB00005,Banatska Palanka,2002-02-23,BOD,,2.0974,mg/l,Fair,augmented_copy3_jitter+2d
SRB00005,Banatska Palanka,2002-03-18,BOD,,2.0122,mg/l,Fair,augmented_copy2_jitter-3d
SRB00005,Banatska Palanka,2002-03-19,BOD,,2.0454,mg/l,Fair,augmented_copy1_jitter-2d
SRB00005,Banatska Palanka,2002-03-19,BOD,,1.9768,mg/l,Fair,augmented_copy3_jitter-2d
SRB00005,Banatska Palanka,2002-03-21,BOD,,2.0,mg/l,Fair,original
SRB00005,Banatska Palanka,2002-04-15,BOD,,1.6917,mg/l,Fair,augmented_copy3_jitter-3d
SRB00005,Banatska Palanka,2002-04-16,BOD,,1.7193,mg/l,Fair,augmented_copy1_jitter-2d
SRB00005,Banatska Palanka,2002-04-17,BOD,,1.6912,mg/l,Fair,augmented_copy2_jitter-1d
SRB00005,Banatska Palanka,2002-04-18,BOD,,1.7,mg/l,Fair,original
SRB00005,Banatska Palanka,2002-05-21,BOD,,3.3295,mg/l,Fair,augmented_copy1_jitter-2d
SRB00005,Banatska Palanka,2002-05-21,BOD,,3.318,mg/l,Fair,augmented_copy3_jitter-2d
SRB00005,Banatska Palanka,2002-05-23,BOD,,3.3,mg/l,Fair,original
SRB00005,Banatska Palanka,2002-05-24,BOD,,3.2558,mg/l,Fair,augmented_copy2_jitter+1d
SRB00005,Banatska Palanka,2002-06-13,BOD,,1.6268,mg/l,Fair,augmented_copy2_jitter-2d
SRB00005,Banatska Palanka,2002-06-14,BOD,,1.6138,mg/l,Fair,augmented_copy1_jitter-1d
SRB00005,Banatska Palanka,2002-06-15,BOD,,1.6,mg/l,Fair,original
SRB00005,Banatska Palanka,2002-06-18,BOD,,1.5661,mg/l,Fair,augmented_copy3_jitter+3d
SRB00005,Banatska Palanka,2002-07-15,BOD,,2.2877,mg/l,Fair,augmented_copy1_jitter-3d
SRB00005,Banatska Palanka,2002-07-17,BOD,,2.3111,mg/l,Fair,augmented_copy2_jitter-1d
SRB00005,Banatska Palanka,2002-07-18,BOD,,2.3,mg/l,Fair,original
SRB00005,Banatska Palanka,2002-07-19,BOD,,2.2177,mg/l,Fair,augmented_copy3_jitter+1d
SRB00005,Banatska Palanka,2002-08-21,BOD,,2.6095,mg/l,Fair,augmented_copy2_jitter-1d
SRB00005,Banatska Palanka,2002-08-22,BOD,,2.7,mg/l,Fair,original
SRB00005,Banatska Palanka,2002-08-25,BOD,,2.7077,mg/l,Fair,augmented_copy1_jitter+3d
SRB00005,Banatska Palanka,2002-08-25,BOD,,2.6508,mg/l,Fair,augmented_copy3_jitter+3d
SRB00005,Banatska Palanka,2002-09-17,BOD,,1.0188,mg/l,Fair,augmented_copy1_jitter-2d
SRB00005,Banatska Palanka,2002-09-17,BOD,,0.9307,mg/l,Fair,augmented_copy3_jitter-2d
SRB00005,Banatska Palanka,2002-09-19,BOD,,1.0,mg/l,Fair,original
SRB00005,Banatska Palanka,2002-09-21,BOD,,0.9568,mg/l,Fair,augmented_copy2_jitter+2d
SRB00005,Banatska Palanka,2002-10-15,BOD,,2.2108,mg/l,Fair,augmented_copy2_jitter-2d
SRB00005,Banatska Palanka,2002-10-17,BOD,,2.2,mg/l,Fair,original
SRB00005,Banatska Palanka,2002-10-18,BOD,,2.2606,mg/l,Fair,augmented_copy1_jitter+1d
SRB00005,Banatska Palanka,2002-10-19,BOD,,2.2188,mg/l,Fair,augmented_copy3_jitter+2d
SRB00005,Banatska Palanka,2002-11-18,BOD,,1.7448,mg/l,Fair,augmented_copy1_jitter-3d
SRB00005,Banatska Palanka,2002-11-20,BOD,,1.7856,mg/l,Fair,augmented_copy2_jitter-1d
SRB00005,Banatska Palanka,2002-11-20,BOD,,1.6728,mg/l,Fair,augmented_copy3_jitter-1d
SRB00005,Banatska Palanka,2002-11-21,BOD,,1.7,mg/l,Fair,original
SRB00005,Banatska Palanka,2003-02-17,BOD,,1.6772,mg/l,Fair,augmented_copy2_jitter-3d
SRB00005,Banatska Palanka,2003-02-18,BOD,,1.6357,mg/l,Fair,augmented_copy1_jitter-2d
SRB00005,Banatska Palanka,2003-02-18,BOD,,1.6201,mg/l,Fair,augmented_copy3_jitter-2d
SRB00005,Banatska Palanka,2003-02-20,BOD,,1.7,mg/l,Fair,original
SRB00005,Banatska Palanka,2003-03-17,BOD,,2.0489,mg/l,Fair,augmented_copy1_jitter-3d
SRB00005,Banatska Palanka,2003-03-20,BOD,,2.1,mg/l,Fair,original
SRB00005,Banatska Palanka,2003-03-21,BOD,,2.17,mg/l,Fair,augmented_copy3_jitter+1d
SRB00005,Banatska Palanka,2003-03-23,BOD,,2.0867,mg/l,Fair,augmented_copy2_jitter+3d
SRB00005,Banatska Palanka,2003-04-14,BOD,,2.461,mg/l,Fair,augmented_copy3_jitter-3d
SRB00005,Banatska Palanka,2003-04-15,BOD,,2.4844,mg/l,Fair,augmented_copy1_jitter-2d
SRB00005,Banatska Palanka,2003-04-17,BOD,,2.5,mg/l,Fair,original
SRB00005,Banatska Palanka,2003-04-19,BOD,,2.4706,mg/l,Fair,augmented_copy2_jitter+2d
SRB00005,Banatska Palanka,2003-05-22,BOD,,1.7,mg/l,Fair,original
SRB00005,Banatska Palanka,2003-05-23,BOD,,1.6876,mg/l,Fair,augmented_copy3_jitter+1d
SRB00005,Banatska Palanka,2003-05-24,BOD,,1.6241,mg/l,Fair,augmented_copy2_jitter+2d
SRB00005,Banatska Palanka,2003-05-25,BOD,,1.7236,mg/l,Fair,augmented_copy1_jitter+3d
SRB00005,Banatska Palanka,2003-06-16,BOD,,2.5837,mg/l,Fair,augmented_copy3_jitter-3d
SRB00005,Banatska Palanka,2003-06-18,BOD,,2.6072,mg/l,Fair,augmented_copy2_jitter-1d
SRB00005,Banatska Palanka,2003-06-19,BOD,,2.6,mg/l,Fair,original
SRB00005,Banatska Palanka,2003-06-20,BOD,,2.6476,mg/l,Fair,augmented_copy1_jitter+1d
SRB00005,Banatska Palanka,2003-07-17,BOD,,1.0,mg/l,Fair,original
SRB00005,Banatska Palanka,2003-07-19,BOD,,0.9603,mg/l,Fair,augmented_copy1_jitter+2d
SRB00005,Banatska Palanka,2003-07-19,BOD,,0.9773,mg/l,Fair,augmented_copy2_jitter+2d
SRB00005,Banatska Palanka,2003-07-20,BOD,,0.9788,mg/l,Fair,augmented_copy3_jitter+3d
SRB00005,Banatska Palanka,2003-08-19,BOD,,2.0162,mg/l,Fair,augmented_copy3_jitter-2d
SRB00005,Banatska Palanka,2003-08-21,BOD,,2.0,mg/l,Fair,original
SRB00005,Banatska Palanka,2003-08-22,BOD,,2.0259,mg/l,Fair,augmented_copy1_jitter+1d
SRB00005,Banatska Palanka,2003-08-24,BOD,,2.0178,mg/l,Fair,augmented_copy2_jitter+3d
SRB00005,Banatska Palanka,2003-09-16,BOD,,0.9636,mg/l,Fair,augmented_copy2_jitter-2d
SRB00005,Banatska Palanka,2003-09-18,BOD,,1.0,mg/l,Fair,original
SRB00005,Banatska Palanka,2003-09-19,BOD,,1.0013,mg/l,Fair,augmented_copy3_jitter+1d
SRB00005,Banatska Palanka,2003-09-21,BOD,,0.9742,mg/l,Fair,augmented_copy1_jitter+3d
SRB00005,Banatska Palanka,2003-10-14,BOD,,2.0143,mg/l,Fair,augmented_copy1_jitter-2d
SRB00005,Banatska Palanka,2003-10-15,BOD,,1.9939,mg/l,Fair,augmented_copy3_jitter-1d
SRB00005,Banatska Palanka,2003-10-16,BOD,,2.0,mg/l,Fair,original
SRB00005,Banatska Palanka,2003-10-18,BOD,,2.0283,mg/l,Fair,augmented_copy2_jitter+2d
SRB00005,Banatska Palanka,2003-11-18,BOD,,1.7563,mg/l,Fair,augmented_copy1_jitter-2d
SRB00005,Banatska Palanka,2003-11-18,BOD,,1.7088,mg/l,Fair,augmented_copy2_jitter-2d
SRB00005,Banatska Palanka,2003-11-20,BOD,,1.7,mg/l,Fair,original
SRB00005,Banatska Palanka,2003-11-22,BOD,,1.6925,mg/l,Fair,augmented_copy3_jitter+2d
SRB00005,Banatska Palanka,2003-12-09,BOD,,2.3839,mg/l,Fair,augmented_copy2_jitter-2d
SRB00005,Banatska Palanka,2003-12-11,BOD,,2.5,mg/l,Fair,original
SRB00005,Banatska Palanka,2003-12-14,BOD,,2.5411,mg/l,Fair,augmented_copy1_jitter+3d
SRB00005,Banatska Palanka,2003-12-14,BOD,,2.5531,mg/l,Fair,augmented_copy3_jitter+3d
SRB00005,Banatska Palanka,2013-01-30,BOD,,1.7356,mg/l,Fair,augmented_copy2_jitter-1d
SRB00005,Banatska Palanka,2013-01-31,BOD,,1.8,mg/l,Fair,original
SRB00005,Banatska Palanka,2013-02-01,BOD,,1.8153,mg/l,Fair,augmented_copy3_jitter+1d
SRB00005,Banatska Palanka,2013-02-02,BOD,,1.7398,mg/l,Fair,augmented_copy1_jitter+2d
SRB00005,Banatska Palanka,2013-02-15,BOD,,1.4844,mg/l,Fair,augmented_copy3_jitter-3d
SRB00005,Banatska Palanka,2013-02-18,BOD,,1.5,mg/l,Fair,original
SRB00005,Banatska Palanka,2013-02-20,BOD,,1.4628,mg/l,Fair,augmented_copy1_jitter+2d
SRB00005,Banatska Palanka,2013-02-20,BOD,,1.4246,mg/l,Fair,augmented_copy2_jitter+2d
SRB00005,Banatska Palanka,2013-04-10,BOD,,1.8,mg/l,Fair,original
SRB00005,Banatska Palanka,2013-04-11,BOD,,1.8235,mg/l,Fair,augmented_copy2_jitter+1d
SRB00005,Banatska Palanka,2013-04-12,BOD,,1.7111,mg/l,Fair,augmented_copy1_jitter+2d
SRB00005,Banatska Palanka,2013-04-12,BOD,,1.7314,mg/l,Fair,augmented_copy3_jitter+2d
SRB00005,Banatska Palanka,2013-05-13,BOD,,1.6109,mg/l,Fair,augmented_copy1_jitter-2d
SRB00005,Banatska Palanka,2013-05-13,BOD,,1.6057,mg/l,Fair,augmented_copy3_jitter-2d
SRB00005,Banatska Palanka,2013-05-15,BOD,,1.6,mg/l,Fair,original
SRB00005,Banatska Palanka,2013-05-16,BOD,,1.6306,mg/l,Fair,augmented_copy2_jitter+1d
SRB00005,Banatska Palanka,2013-06-17,BOD,,2.0111,mg/l,Fair,augmented_copy3_jitter-3d
SRB00005,Banatska Palanka,2013-06-19,BOD,,2.0772,mg/l,Fair,augmented_copy2_jitter-1d
SRB00005,Banatska Palanka,2013-06-20,BOD,,2.1,mg/l,Fair,original
SRB00005,Banatska Palanka,2013-06-23,BOD,,2.1205,mg/l,Fair,augmented_copy1_jitter+3d
SRB00005,Banatska Palanka,2013-07-21,BOD,,2.2,mg/l,Fair,augmented_copy1_jitter-3d
SRB00005,Banatska Palanka,2013-07-23,BOD,,2.2533,mg/l,Fair,augmented_copy2_jitter-1d
SRB00005,Banatska Palanka,2013-07-23,BOD,,2.1647,mg/l,Fair,augmented_copy3_jitter-1d
SRB00005,Banatska Palanka,2013-07-24,BOD,,2.2,mg/l,Fair,original
SRB00005,Banatska Palanka,2013-08-18,BOD,,1.6069,mg/l,Fair,augmented_copy1_jitter-2d
SRB00005,Banatska Palanka,2013-08-20,BOD,,1.6,mg/l,Fair,original
SRB00005,Banatska Palanka,2013-08-21,BOD,,1.5982,mg/l,Fair,augmented_copy2_jitter+1d
SRB00005,Banatska Palanka,2013-08-23,BOD,,1.5909,mg/l,Fair,augmented_copy3_jitter+3d
SRB00005,Banatska Palanka,2013-09-24,BOD,,2.8218,mg/l,Fair,augmented_copy1_jitter-2d
SRB00005,Banatska Palanka,2013-09-26,BOD,,2.9,mg/l,Fair,original
SRB00005,Banatska Palanka,2013-09-27,BOD,,2.9097,mg/l,Fair,augmented_copy2_jitter+1d
SRB00005,Banatska Palanka,2013-09-28,BOD,,2.9177,mg/l,Fair,augmented_copy3_jitter+2d
SRB00005,Banatska Palanka,2013-10-10,BOD,,1.1,mg/l,Fair,original
SRB00005,Banatska Palanka,2013-10-11,BOD,,1.1248,mg/l,Fair,augmented_copy2_jitter+1d
SRB00005,Banatska Palanka,2013-10-12,BOD,,1.1287,mg/l,Fair,augmented_copy1_jitter+2d
SRB00005,Banatska Palanka,2013-10-13,BOD,,1.1148,mg/l,Fair,augmented_copy3_jitter+3d
SRB00005,Banatska Palanka,2013-12-11,BOD,,0.9861,mg/l,Fair,augmented_copy2_jitter-1d
SRB00005,Banatska Palanka,2013-12-12,BOD,,1.0,mg/l,Fair,original
SRB00005,Banatska Palanka,2013-12-14,BOD,,0.9774,mg/l,Fair,augmented_copy1_jitter+2d
SRB00005,Banatska Palanka,2013-12-15,BOD,,1.0669,mg/l,Fair,augmented_copy3_jitter+3d
SRB00005,Banatska Palanka,2014-03-04,BOD,,0.9936,mg/l,Fair,augmented_copy3_jitter-2d
SRB00005,Banatska Palanka,2014-03-05,BOD,,0.9942,mg/l,Fair,augmented_copy2_jitter-1d
SRB00005,Banatska Palanka,2014-03-06,BOD,,1.0,mg/l,Fair,original
SRB00005,Banatska Palanka,2014-03-09,BOD,,1.008,mg/l,Fair,augmented_copy1_jitter+3d
SRB00005,Banatska Palanka,2014-03-28,BOD,,1.0285,mg/l,Fair,augmented_copy2_jitter-3d
SRB00005,Banatska Palanka,2014-03-28,BOD,,1.0899,mg/l,Fair,augmented_copy3_jitter-3d
SRB00005,Banatska Palanka,2014-03-31,BOD,,1.0,mg/l,Fair,original
SRB00005,Banatska Palanka,2014-04-01,BOD,,0.949,mg/l,Fair,augmented_copy1_jitter+1d
SRB00005,Banatska Palanka,2014-04-13,BOD,,1.0693,mg/l,Fair,augmented_copy2_jitter-2d
SRB00005,Banatska Palanka,2014-04-15,BOD,,1.0,mg/l,Fair,original
SRB00005,Banatska Palanka,2014-04-17,BOD,,1.0123,mg/l,Fair,augmented_copy1_jitter+2d
SRB00005,Banatska Palanka,2014-04-18,BOD,,1.0054,mg/l,Fair,augmented_copy3_jitter+3d
SRB00005,Banatska Palanka,2014-05-13,BOD,,1.1681,mg/l,Fair,augmented_copy1_jitter-2d
SRB00005,Banatska Palanka,2014-05-15,BOD,,1.2,mg/l,Fair,original
SRB00005,Banatska Palanka,2014-05-16,BOD,,1.1772,mg/l,Fair,augmented_copy2_jitter+1d
SRB00005,Banatska Palanka,2014-05-18,BOD,,1.1757,mg/l,Fair,augmented_copy3_jitter+3d
SRB00005,Banatska Palanka,2014-06-12,BOD,,2.0,mg/l,Fair,original
SRB00005,Banatska Palanka,2014-06-13,BOD,,1.918,mg/l,Fair,augmented_copy2_jitter+1d
SRB00005,Banatska Palanka,2014-06-14,BOD,,1.9497,mg/l,Fair,augmented_copy1_jitter+2d
SRB00005,Banatska Palanka,2014-06-15,BOD,,2.0026,mg/l,Fair,augmented_copy3_jitter+3d
SRB00005,Banatska Palanka,2014-07-22,BOD,,1.2579,mg/l,Fair,augmented_copy2_jitter-1d
SRB00005,Banatska Palanka,2014-07-23,BOD,,1.3,mg/l,Fair,original
SRB00005,Banatska Palanka,2014-07-24,BOD,,1.3261,mg/l,Fair,augmented_copy3_jitter+1d
SRB00005,Banatska Palanka,2014-07-26,BOD,,1.2904,mg/l,Fair,augmented_copy1_jitter+3d
SRB00005,Banatska Palanka,2014-08-11,BOD,,1.2691,mg/l,Fair,augmented_copy3_jitter-3d
SRB00005,Banatska Palanka,2014-08-12,BOD,,1.2377,mg/l,Fair,augmented_copy1_jitter-2d
SRB00005,Banatska Palanka,2014-08-12,BOD,,1.287,mg/l,Fair,augmented_copy2_jitter-2d
SRB00005,Banatska Palanka,2014-08-14,BOD,,1.3,mg/l,Fair,original
SRB00005,Banatska Palanka,2014-09-15,BOD,,1.0218,mg/l,Fair,augmented_copy3_jitter-3d
SRB00005,Banatska Palanka,2014-09-16,BOD,,1.0194,mg/l,Fair,augmented_copy1_jitter-2d
SRB00005,Banatska Palanka,2014-09-17,BOD,,1.0317,mg/l,Fair,augmented_copy2_jitter-1d
SRB00005,Banatska Palanka,2014-09-18,BOD,,1.0,mg/l,Fair,original
SRB00005,Banatska Palanka,2014-10-21,BOD,,1.3711,mg/l,Fair,augmented_copy1_jitter-2d
SRB00005,Banatska Palanka,2014-10-23,BOD,,1.3,mg/l,Fair,original
SRB00005,Banatska Palanka,2014-10-24,BOD,,1.2785,mg/l,Fair,augmented_copy2_jitter+1d
SRB00005,Banatska Palanka,2014-10-26,BOD,,1.2923,mg/l,Fair,augmented_copy3_jitter+3d
SRB00005,Banatska Palanka,2014-11-17,BOD,,1.5736,mg/l,Fair,augmented_copy3_jitter-3d
SRB00005,Banatska Palanka,2014-11-18,BOD,,1.5032,mg/l,Fair,augmented_copy2_jitter-2d
SRB00005,Banatska Palanka,2014-11-20,BOD,,1.5,mg/l,Fair,original
SRB00005,Banatska Palanka,2014-11-22,BOD,,1.5613,mg/l,Fair,augmented_copy1_jitter+2d
SRB00005,Banatska Palanka,2014-12-11,BOD,,1.4,mg/l,Fair,original
SRB00005,Banatska Palanka,2014-12-13,BOD,,1.4469,mg/l,Fair,augmented_copy1_jitter+2d
SRB00005,Banatska Palanka,2014-12-13,BOD,,1.4522,mg/l,Fair,augmented_copy3_jitter+2d
SRB00005,Banatska Palanka,2014-12-14,BOD,,1.4368,mg/l,Fair,augmented_copy2_jitter+3d
SRB00005,Banatska Palanka,2015-01-21,BOD,,1.5072,mg/l,Fair,augmented_copy1_jitter-1d
SRB00005,Banatska Palanka,2015-01-22,BOD,,1.5,mg/l,Fair,original
SRB00005,Banatska Palanka,2015-01-23,BOD,,1.4708,mg/l,Fair,augmented_copy2_jitter+1d
SRB00005,Banatska Palanka,2015-01-24,BOD,,1.5239,mg/l,Fair,augmented_copy3_jitter+2d
SRB00005,Banatska Palanka,2015-02-16,BOD,,1.8869,mg/l,Fair,augmented_copy3_jitter-3d
SRB00005,Banatska Palanka,2015-02-17,BOD,,1.786,mg/l,Fair,augmented_copy1_jitter-2d
SRB00005,Banatska Palanka,2015-02-17,BOD,,1.8368,mg/l,Fair,augmented_copy2_jitter-2d
SRB00005,Banatska Palanka,2015-02-19,BOD,,1.8,mg/l,Fair,original
SRB00005,Banatska Palanka,2015-03-18,BOD,,1.33,mg/l,Fair,augmented_copy2_jitter-1d
SRB00005,Banatska Palanka,2015-03-19,BOD,,1.4,mg/l,Fair,original
SRB00005,Banatska Palanka,2015-03-21,BOD,,1.3158,mg/l,Fair,augmented_copy1_jitter+2d
SRB00005,Banatska Palanka,2015-03-22,BOD,,1.3826,mg/l,Fair,augmented_copy3_jitter+3d
SRB00005,Banatska Palanka,2015-04-20,BOD,,2.9183,mg/l,Fair,augmented_copy2_jitter-3d
SRB00005,Banatska Palanka,2015-04-23,BOD,,2.9,mg/l,Fair,original
SRB00005,Banatska Palanka,2015-04-25,BOD,,3.0129,mg/l,Fair,augmented_copy3_jitter+2d
SRB00005,Banatska Palanka,2015-04-26,BOD,,2.9237,mg/l,Fair,augmented_copy1_jitter+3d
SRB00005,Banatska Palanka,2015-05-27,BOD,,1.0137,mg/l,Fair,augmented_copy1_jitter-1d
SRB00005,Banatska Palanka,2015-05-28,BOD,,1.0,mg/l,Fair,original
SRB00005,Banatska Palanka,2015-05-29,BOD,,1.1011,mg/l,Fair,augmented_copy2_jitter+1d
SRB00005,Banatska Palanka,2015-05-29,BOD,,1.0092,mg/l,Fair,augmented_copy3_jitter+1d
SRB00005,Banatska Palanka,2015-06-18,BOD,,2.0,mg/l,Fair,original
SRB00005,Banatska Palanka,2015-06-19,BOD,,1.9919,mg/l,Fair,augmented_copy1_jitter+1d
SRB00005,Banatska Palanka,2015-06-19,BOD,,2.041,mg/l,Fair,augmented_copy3_jitter+1d
SRB00005,Banatska Palanka,2015-06-21,BOD,,2.1106,mg/l,Fair,augmented_copy2_jitter+3d
SRB00005,Banatska Palanka,2015-07-13,BOD,,1.8877,mg/l,Fair,augmented_copy1_jitter-3d
SRB00005,Banatska Palanka,2015-07-16,BOD,,1.9,mg/l,Fair,original
SRB00005,Banatska Palanka,2015-07-18,BOD,,1.9072,mg/l,Fair,augmented_copy2_jitter+2d
SRB00005,Banatska Palanka,2015-07-19,BOD,,1.936,mg/l,Fair,augmented_copy3_jitter+3d
SRB00005,Banatska Palanka,2015-08-19,BOD,,2.2028,mg/l,Fair,augmented_copy1_jitter-1d
SRB00005,Banatska Palanka,2015-08-20,BOD,,2.2,mg/l,Fair,original
SRB00005,Banatska Palanka,2015-08-23,BOD,,2.1849,mg/l,Fair,augmented_copy2_jitter+3d
SRB00005,Banatska Palanka,2015-08-23,BOD,,2.1703,mg/l,Fair,augmented_copy3_jitter+3d
SRB00005,Banatska Palanka,2015-09-17,BOD,,2.1,mg/l,Fair,original
SRB00005,Banatska Palanka,2015-09-18,BOD,,2.0682,mg/l,Fair,augmented_copy2_jitter+1d
SRB00005,Banatska Palanka,2015-09-19,BOD,,2.1003,mg/l,Fair,augmented_copy3_jitter+2d
SRB00005,Banatska Palanka,2015-09-20,BOD,,2.1177,mg/l,Fair,augmented_copy1_jitter+3d
SRB00005,Banatska Palanka,2015-10-13,BOD,,2.4639,mg/l,Fair,augmented_copy2_jitter-2d
SRB00005,Banatska Palanka,2015-10-15,BOD,,2.5,mg/l,Fair,original
SRB00005,Banatska Palanka,2015-10-17,BOD,,2.5181,mg/l,Fair,augmented_copy3_jitter+2d
SRB00005,Banatska Palanka,2015-10-18,BOD,,2.5464,mg/l,Fair,augmented_copy1_jitter+3d
SRB00005,Banatska Palanka,2015-11-16,BOD,,2.1189,mg/l,Fair,augmented_copy1_jitter-3d
SRB00005,Banatska Palanka,2015-11-19,BOD,,2.1,mg/l,Fair,original
SRB00005,Banatska Palanka,2015-11-22,BOD,,2.0315,mg/l,Fair,augmented_copy2_jitter+3d
SRB00005,Banatska Palanka,2015-11-22,BOD,,2.0404,mg/l,Fair,augmented_copy3_jitter+3d
SRB00005,Banatska Palanka,2015-12-12,BOD,,1.6162,mg/l,Fair,augmented_copy1_jitter-3d
SRB00005,Banatska Palanka,2015-12-14,BOD,,1.5632,mg/l,Fair,augmented_copy3_jitter-1d
SRB00005,Banatska Palanka,2015-12-15,BOD,,1.6,mg/l,Fair,original
SRB00005,Banatska Palanka,2015-12-16,BOD,,1.6572,mg/l,Fair,augmented_copy2_jitter+1d
SRB00005,Banatska Palanka,2016-01-20,BOD,,1.145,mg/l,Fair,augmented_copy2_jitter-1d
SRB00005,Banatska Palanka,2016-01-20,BOD,,1.2468,mg/l,Fair,augmented_copy3_jitter-1d
SRB00005,Banatska Palanka,2016-01-21,BOD,,1.2,mg/l,Fair,original
SRB00005,Banatska Palanka,2016-01-24,BOD,,1.2055,mg/l,Fair,augmented_copy1_jitter+3d
SRB00005,Banatska Palanka,2016-02-09,BOD,,2.8975,mg/l,Fair,augmented_copy1_jitter-1d
SRB00005,Banatska Palanka,2016-02-09,BOD,,2.9025,mg/l,Fair,augmented_copy2_jitter-1d
SRB00005,Banatska Palanka,2016-02-10,BOD,,2.9,mg/l,Fair,original
SRB00005,Banatska Palanka,2016-02-12,BOD,,2.8773,mg/l,Fair,augmented_copy3_jitter+2d
SRB00005,Banatska Palanka,2016-03-06,BOD,,1.1414,mg/l,Fair,augmented_copy3_jitter-3d
SRB00005,Banatska Palanka,2016-03-07,BOD,,1.1466,mg/l,Fair,augmented_copy2_jitter-2d
SRB00005,Banatska Palanka,2016-03-09,BOD,,1.2,mg/l,Fair,original
SRB00005,Banatska Palanka,2016-03-10,BOD,,1.1476,mg/l,Fair,augmented_copy1_jitter+1d
SRB00005,Banatska Palanka,2016-04-12,BOD,,3.2453,mg/l,Fair,augmented_copy3_jitter-1d
SRB00005,Banatska Palanka,2016-04-13,BOD,,3.2,mg/l,Fair,original
SRB00005,Banatska Palanka,2016-04-15,BOD,,3.1866,mg/l,Fair,augmented_copy1_jitter+2d
SRB00005,Banatska Palanka,2016-04-15,BOD,,3.2072,mg/l,Fair,augmented_copy2_jitter+2d
SRB00005,Banatska Palanka,2016-05-09,BOD,,1.8887,mg/l,Fair,augmented_copy2_jitter-3d
SRB00005,Banatska Palanka,2016-05-11,BOD,,1.8666,mg/l,Fair,augmented_copy1_jitter-1d
SRB00005,Banatska Palanka,2016-05-11,BOD,,1.8492,mg/l,Fair,augmented_copy3_jitter-1d
SRB00005,Banatska Palanka,2016-05-12,BOD,,1.9,mg/l,Fair,original
SRB00005,Banatska Palanka,2016-06-06,BOD,,1.1292,mg/l,Fair,augmented_copy3_jitter-2d
SRB00005,Banatska Palanka,2016-06-08,BOD,,1.1,mg/l,Fair,original
SRB00005,Banatska Palanka,2016-06-10,BOD,,1.0289,mg/l,Fair,augmented_copy2_jitter+2d
SRB00005,Banatska Palanka,2016-06-11,BOD,,1.0507,mg/l,Fair,augmented_copy1_jitter+3d
SRB00005,Banatska Palanka,2016-07-12,BOD,,3.9621,mg/l,Fair,augmented_copy1_jitter-1d
SRB00005,Banatska Palanka,2016-07-12,BOD,,3.9492,mg/l,Fair,augmented_copy2_jitter-1d
SRB00005,Banatska Palanka,2016-07-12,BOD,,3.9964,mg/l,Fair,augmented_copy3_jitter-1d
SRB00005,Banatska Palanka,2016-07-13,BOD,,4.0,mg/l,Fair,original
SRB00005,Banatska Palanka,2016-08-08,BOD,,1.01,mg/l,Fair,augmented_copy1_jitter-2d
SRB00005,Banatska Palanka,2016-08-08,BOD,,0.9807,mg/l,Fair,augmented_copy2_jitter-2d
SRB00005,Banatska Palanka,2016-08-10,BOD,,1.0,mg/l,Fair,original
SRB00005,Banatska Palanka,2016-08-11,BOD,,0.9754,mg/l,Fair,augmented_copy3_jitter+1d
SRB00005,Banatska Palanka,2016-09-11,BOD,,2.207,mg/l,Fair,augmented_copy1_jitter-3d
SRB00005,Banatska Palanka,2016-09-11,BOD,,2.1326,mg/l,Fair,augmented_copy3_jitter-3d
SRB00005,Banatska Palanka,2016-09-12,BOD,,2.0944,mg/l,Fair,augmented_copy2_jitter-2d
SRB00005,Banatska Palanka,2016-09-14,BOD,,2.2,mg/l,Fair,original
SRB00005,Banatska Palanka,2016-10-09,BOD,,2.7487,mg/l,Fair,augmented_copy2_jitter-3d
SRB00005,Banatska Palanka,2016-10-10,BOD,,2.7224,mg/l,Fair,augmented_copy1_jitter-2d
SRB00005,Banatska Palanka,2016-10-10,BOD,,2.8028,mg/l,Fair,augmented_copy3_jitter-2d
SRB00005,Banatska Palanka,2016-10-12,BOD,,2.8,mg/l,Fair,original
SRB00005,Banatska Palanka,2016-11-06,BOD,,2.3833,mg/l,Fair,augmented_copy1_jitter-3d
SRB00005,Banatska Palanka,2016-11-09,BOD,,2.3,mg/l,Fair,original
SRB00005,Banatska Palanka,2016-11-11,BOD,,2.2719,mg/l,Fair,augmented_copy3_jitter+2d
SRB00005,Banatska Palanka,2016-11-12,BOD,,2.2918,mg/l,Fair,augmented_copy2_jitter+3d
SRB00005,Banatska Palanka,2016-12-05,BOD,,2.8732,mg/l,Fair,augmented_copy2_jitter-3d
SRB00005,Banatska Palanka,2016-12-05,BOD,,2.7812,mg/l,Fair,augmented_copy3_jitter-3d
SRB00005,Banatska Palanka,2016-12-06,BOD,,2.8222,mg/l,Fair,augmented_copy1_jitter-2d
SRB00005,Banatska Palanka,2016-12-08,BOD,,2.8,mg/l,Fair,original
SRB00005,Banatska Palanka,2017-02-06,BOD,,3.6193,mg/l,Fair,augmented_copy1_jitter-3d
SRB00005,Banatska Palanka,2017-02-06,BOD,,3.5421,mg/l,Fair,augmented_copy2_jitter-3d
SRB00005,Banatska Palanka,2017-02-09,BOD,,3.6,mg/l,Fair,original
SRB00005,Banatska Palanka,2017-02-10,BOD,,3.5882,mg/l,Fair,augmented_copy3_jitter+1d
SRB00005,Banatska Palanka,2017-03-07,BOD,,1.711,mg/l,Fair,augmented_copy2_jitter-2d
SRB00005,Banatska Palanka,2017-03-08,BOD,,1.7545,mg/l,Fair,augmented_copy3_jitter-1d
SRB00005,Banatska Palanka,2017-03-09,BOD,,1.7,mg/l,Fair,original
SRB00005,Banatska Palanka,2017-03-12,BOD,,1.7326,mg/l,Fair,augmented_copy1_jitter+3d
SRB00005,Banatska Palanka,2017-04-10,BOD,,2.3576,mg/l,Fair,augmented_copy3_jitter-2d
SRB00005,Banatska Palanka,2017-04-12,BOD,,2.4,mg/l,Fair,original
SRB00005,Banatska Palanka,2017-04-13,BOD,,2.4121,mg/l,Fair,augmented_copy1_jitter+1d
SRB00005,Banatska Palanka,2017-04-13,BOD,,2.3813,mg/l,Fair,augmented_copy2_jitter+1d
SRB00005,Banatska Palanka,2017-05-08,BOD,,3.327,mg/l,Fair,augmented_copy1_jitter-3d
SRB00005,Banatska Palanka,2017-05-08,BOD,,3.2421,mg/l,Fair,augmented_copy3_jitter-3d
SRB00005,Banatska Palanka,2017-05-10,BOD,,3.2585,mg/l,Fair,augmented_copy2_jitter-1d
SRB00005,Banatska Palanka,2017-05-11,BOD,,3.3,mg/l,Fair,original
SRB00005,Banatska Palanka,2017-06-12,BOD,,1.9162,mg/l,Fair,augmented_copy2_jitter-3d
SRB00005,Banatska Palanka,2017-06-14,BOD,,1.7439,mg/l,Fair,augmented_copy3_jitter-1d
SRB00005,Banatska Palanka,2017-06-15,BOD,,1.8,mg/l,Fair,original
SRB00005,Banatska Palanka,2017-06-18,BOD,,1.8301,mg/l,Fair,augmented_copy1_jitter+3d
SRB00005,Banatska Palanka,2017-07-11,BOD,,1.9913,mg/l,Fair,augmented_copy1_jitter-2d
SRB00005,Banatska Palanka,2017-07-11,BOD,,1.9574,mg/l,Fair,augmented_copy3_jitter-2d
SRB00005,Banatska Palanka,2017-07-13,BOD,,2.0,mg/l,Fair,original
SRB00005,Banatska Palanka,2017-07-15,BOD,,1.9805,mg/l,Fair,augmented_copy2_jitter+2d
SRB00005,Banatska Palanka,2017-08-07,BOD,,1.0018,mg/l,Fair,augmented_copy2_jitter-3d
SRB00005,Banatska Palanka,2017-08-07,BOD,,0.979,mg/l,Fair,augmented_copy3_jitter-3d
SRB00005,Banatska Palanka,2017-08-10,BOD,,1.0,mg/l,Fair,original
SRB00005,Banatska Palanka,2017-08-13,BOD,,0.9357,mg/l,Fair,augmented_copy1_jitter+3d
SRB00005,Banatska Palanka,2017-09-11,BOD,,1.9077,mg/l,Fair,augmented_copy1_jitter-3d
SRB00005,Banatska Palanka,2017-09-13,BOD,,1.8795,mg/l,Fair,augmented_copy3_jitter-1d
SRB00005,Banatska Palanka,2017-09-14,BOD,,1.9,mg/l,Fair,original
SRB00005,Banatska Palanka,2017-09-15,BOD,,1.9181,mg/l,Fair,augmented_copy2_jitter+1d
SRB00005,Banatska Palanka,2017-10-10,BOD,,1.0471,mg/l,Fair,augmented_copy2_jitter-2d
SRB00005,Banatska Palanka,2017-10-12,BOD,,1.0,mg/l,Fair,original
SRB00005,Banatska Palanka,2017-10-14,BOD,,0.8737,mg/l,Fair,augmented_copy3_jitter+2d
SRB00005,Banatska Palanka,2017-10-15,BOD,,0.9975,mg/l,Fair,augmented_copy1_jitter+3d
SRB00005,Banatska Palanka,2017-11-06,BOD,,1.0221,mg/l,Fair,augmented_copy2_jitter-3d
SRB00005,Banatska Palanka,2017-11-06,BOD,,1.0301,mg/l,Fair,augmented_copy3_jitter-3d
SRB00005,Banatska Palanka,2017-11-09,BOD,,1.0,mg/l,Fair,original
SRB00005,Banatska Palanka,2017-11-12,BOD,,0.9882,mg/l,Fair,augmented_copy1_jitter+3d
SRB00005,Banatska Palanka,2017-12-04,BOD,,1.0068,mg/l,Fair,augmented_copy3_jitter-3d
SRB00005,Banatska Palanka,2017-12-07,BOD,,1.0,mg/l,Fair,original
SRB00005,Banatska Palanka,2017-12-09,BOD,,0.9808,mg/l,Fair,augmented_copy1_jitter+2d
SRB00005,Banatska Palanka,2017-12-09,BOD,,0.9793,mg/l,Fair,augmented_copy2_jitter+2d
SRB00005,Banatska Palanka,2018-01-15,BOD,,1.1026,mg/l,Fair,augmented_copy2_jitter-3d
SRB00005,Banatska Palanka,2018-01-16,BOD,,1.0835,mg/l,Fair,augmented_copy3_jitter-2d
SRB00005,Banatska Palanka,2018-01-17,BOD,,1.0449,mg/l,Fair,augmented_copy1_jitter-1d
SRB00005,Banatska Palanka,2018-01-18,BOD,,1.1,mg/l,Fair,original
SRB00005,Banatska Palanka,2018-02-05,BOD,,2.8354,mg/l,Fair,augmented_copy3_jitter-3d
SRB00005,Banatska Palanka,2018-02-07,BOD,,2.7508,mg/l,Fair,augmented_copy1_jitter-1d
SRB00005,Banatska Palanka,2018-02-07,BOD,,2.796,mg/l,Fair,augmented_copy2_jitter-1d
SRB00005,Banatska Palanka,2018-02-08,BOD,,2.8,mg/l,Fair,original
SRB00005,Banatska Palanka,2018-03-15,BOD,,1.4,mg/l,Fair,original
SRB00005,Banatska Palanka,2018-03-16,BOD,,1.4102,mg/l,Fair,augmented_copy2_jitter+1d
SRB00005,Banatska Palanka,2018-03-16,BOD,,1.386,mg/l,Fair,augmented_copy3_jitter+1d
SRB00005,Banatska Palanka,2018-03-17,BOD,,1.4212,mg/l,Fair,augmented_copy1_jitter+2d
SRB00005,Banatska Palanka,2018-04-16,BOD,,1.0019,mg/l,Fair,augmented_copy3_jitter-3d
SRB00005,Banatska Palanka,2018-04-17,BOD,,0.9909,mg/l,Fair,augmented_copy1_jitter-2d
SRB00005,Banatska Palanka,2018-04-19,BOD,,1.0,mg/l,Fair,original
SRB00005,Banatska Palanka,2018-04-20,BOD,,1.0087,mg/l,Fair,augmented_copy2_jitter+1d
SRB00005,Banatska Palanka,2018-05-08,BOD,,2.1514,mg/l,Fair,augmented_copy2_jitter-2d
SRB00005,Banatska Palanka,2018-05-09,BOD,,2.022,mg/l,Fair,augmented_copy1_jitter-1d
SRB00005,Banatska Palanka,2018-05-09,BOD,,2.1128,mg/l,Fair,augmented_copy3_jitter-1d
SRB00005,Banatska Palanka,2018-05-10,BOD,,2.1,mg/l,Fair,original
SRB00005,Banatska Palanka,2018-06-13,BOD,,1.6093,mg/l,Fair,augmented_copy2_jitter-1d
SRB00005,Banatska Palanka,2018-06-14,BOD,,1.6,mg/l,Fair,original
SRB00005,Banatska Palanka,2018-06-15,BOD,,1.5919,mg/l,Fair,augmented_copy3_jitter+1d
SRB00005,Banatska Palanka,2018-06-16,BOD,,1.6328,mg/l,Fair,augmented_copy1_jitter+2d
SRB00005,Banatska Palanka,2018-07-10,BOD,,1.4264,mg/l,Fair,augmented_copy2_jitter-2d
SRB00005,Banatska Palanka,2018-07-11,BOD,,1.5346,mg/l,Fair,augmented_copy3_jitter-1d
SRB00005,Banatska Palanka,2018-07-12,BOD,,1.5,mg/l,Fair,original
SRB00005,Banatska Palanka,2018-07-14,BOD,,1.4835,mg/l,Fair,augmented_copy1_jitter+2d
SRB00005,Banatska Palanka,2018-08-08,BOD,,3.541,mg/l,Fair,augmented_copy1_jitter-1d
SRB00005,Banatska Palanka,2018-08-08,BOD,,3.5606,mg/l,Fair,augmented_copy2_jitter-1d
SRB00005,Banatska Palanka,2018-08-09,BOD,,3.6,mg/l,Fair,original
SRB00005,Banatska Palanka,2018-08-11,BOD,,3.5718,mg/l,Fair,augmented_copy3_jitter+2d
SRB00005,Banatska Palanka,2018-09-12,BOD,,1.8988,mg/l,Fair,augmented_copy1_jitter-1d
SRB00005,Banatska Palanka,2018-09-13,BOD,,1.9,mg/l,Fair,original
SRB00005,Banatska Palanka,2018-09-15,BOD,,1.924,mg/l,Fair,augmented_copy2_jitter+2d
SRB00005,Banatska Palanka,2018-09-16,BOD,,1.9582,mg/l,Fair,augmented_copy3_jitter+3d
SRB00005,Banatska Palanka,2018-10-08,BOD,,2.3273,mg/l,Fair,augmented_copy2_jitter-3d
SRB00005,Banatska Palanka,2018-10-09,BOD,,2.2736,mg/l,Fair,augmented_copy1_jitter-2d
SRB00005,Banatska Palanka,2018-10-09,BOD,,2.2997,mg/l,Fair,augmented_copy3_jitter-2d
SRB00005,Banatska Palanka,2018-10-11,BOD,,2.3,mg/l,Fair,original
SRB00005,Banatska Palanka,2018-11-08,BOD,,1.0,mg/l,Fair,original
SRB00005,Banatska Palanka,2018-11-09,BOD,,1.0395,mg/l,Fair,augmented_copy2_jitter+1d
SRB00005,Banatska Palanka,2018-11-11,BOD,,0.9744,mg/l,Fair,augmented_copy1_jitter+3d
SRB00005,Banatska Palanka,2018-11-11,BOD,,0.9404,mg/l,Fair,augmented_copy3_jitter+3d
SRB00005,Banatska Palanka,2018-12-03,BOD,,1.0209,mg/l,Fair,augmented_copy1_jitter-3d
SRB00005,Banatska Palanka,2018-12-03,BOD,,1.0077,mg/l,Fair,augmented_copy3_jitter-3d
SRB00005,Banatska Palanka,2018-12-06,BOD,,1.0,mg/l,Fair,original
SRB00005,Banatska Palanka,2018-12-09,BOD,,0.9838,mg/l,Fair,augmented_copy2_jitter+3d
SRB00005,Banatska Palanka,2019-01-19,BOD,,2.4014,mg/l,Fair,augmented_copy3_jitter-3d
SRB00005,Banatska Palanka,2019-01-22,BOD,,2.4,mg/l,Fair,original
SRB00005,Banatska Palanka,2019-01-25,BOD,,2.3732,mg/l,Fair,augmented_copy1_jitter+3d
SRB00005,Banatska Palanka,2019-01-25,BOD,,2.396,mg/l,Fair,augmented_copy2_jitter+3d
SRB00005,Banatska Palanka,2019-02-11,BOD,,1.0411,mg/l,Fair,augmented_copy2_jitter-2d
SRB00005,Banatska Palanka,2019-02-13,BOD,,1.0,mg/l,Fair,original
SRB00005,Banatska Palanka,2019-02-15,BOD,,0.9606,mg/l,Fair,augmented_copy1_jitter+2d
SRB00005,Banatska Palanka,2019-02-16,BOD,,0.9914,mg/l,Fair,augmented_copy3_jitter+3d
SRB00005,Banatska Palanka,2019-03-14,BOD,,1.1,mg/l,Fair,original
SRB00005,Banatska Palanka,2019-03-15,BOD,,1.098,mg/l,Fair,augmented_copy2_jitter+1d
SRB00005,Banatska Palanka,2019-03-15,BOD,,1.1017,mg/l,Fair,augmented_copy3_jitter+1d
SRB00005,Banatska Palanka,2019-03-16,BOD,,1.1297,mg/l,Fair,augmented_copy1_jitter+2d
SRB00005,Banatska Palanka,2019-04-20,BOD,,4.0629,mg/l,Fair,augmented_copy2_jitter-3d
SRB00005,Banatska Palanka,2019-04-22,BOD,,4.1706,mg/l,Fair,augmented_copy1_jitter-1d
SRB00005,Banatska Palanka,2019-04-23,BOD,,4.1,mg/l,Fair,original
SRB00005,Banatska Palanka,2019-04-26,BOD,,4.1381,mg/l,Fair,augmented_copy3_jitter+3d
SRB00005,Banatska Palanka,2019-05-21,BOD,,1.4154,mg/l,Fair,augmented_copy1_jitter-2d
SRB00005,Banatska Palanka,2019-05-21,BOD,,1.4052,mg/l,Fair,augmented_copy2_jitter-2d
SRB00005,Banatska Palanka,2019-05-23,BOD,,1.4,mg/l,Fair,original
SRB00005,Banatska Palanka,2019-05-26,BOD,,1.3722,mg/l,Fair,augmented_copy3_jitter+3d
SRB00005,Banatska Palanka,2019-06-13,BOD,,4.9,mg/l,Fair,original
SRB00005,Banatska Palanka,2019-06-14,BOD,,4.9217,mg/l,Fair,augmented_copy2_jitter+1d
SRB00005,Banatska Palanka,2019-06-14,BOD,,4.9152,mg/l,Fair,augmented_copy3_jitter+1d
SRB00005,Banatska Palanka,2019-06-16,BOD,,4.9201,mg/l,Fair,augmented_copy1_jitter+3d
SRB00005,Banatska Palanka,2019-07-08,BOD,,2.0816,mg/l,Fair,augmented_copy1_jitter-3d
SRB00005,Banatska Palanka,2019-07-10,BOD,,2.1507,mg/l,Fair,augmented_copy3_jitter-1d
SRB00005,Banatska Palanka,2019-07-11,BOD,,2.1,mg/l,Fair,original
SRB00005,Banatska Palanka,2019-07-14,BOD,,2.1375,mg/l,Fair,augmented_copy2_jitter+3d
SRB00005,Banatska Palanka,2019-08-06,BOD,,1.6898,mg/l,Fair,augmented_copy1_jitter-2d
SRB00005,Banatska Palanka,2019-08-07,BOD,,1.7146,mg/l,Fair,augmented_copy2_jitter-1d
SRB00005,Banatska Palanka,2019-08-08,BOD,,1.7,mg/l,Fair,original
SRB00005,Banatska Palanka,2019-08-11,BOD,,1.7293,mg/l,Fair,augmented_copy3_jitter+3d
SRB00005,Banatska Palanka,2019-09-10,BOD,,1.5152,mg/l,Fair,augmented_copy3_jitter-2d
SRB00005,Banatska Palanka,2019-09-12,BOD,,1.5,mg/l,Fair,original
SRB00005,Banatska Palanka,2019-09-13,BOD,,1.5911,mg/l,Fair,augmented_copy1_jitter+1d
SRB00005,Banatska Palanka,2019-09-15,BOD,,1.501,mg/l,Fair,augmented_copy2_jitter+3d
SRB00005,Banatska Palanka,2019-10-07,BOD,,2.0999,mg/l,Fair,augmented_copy1_jitter-3d
SRB00005,Banatska Palanka,2019-10-08,BOD,,2.0845,mg/l,Fair,augmented_copy2_jitter-2d
SRB00005,Banatska Palanka,2019-10-08,BOD,,2.0908,mg/l,Fair,augmented_copy3_jitter-2d
SRB00005,Banatska Palanka,2019-10-10,BOD,,2.1,mg/l,Fair,original
SRB00005,Banatska Palanka,2019-11-11,BOD,,1.3346,mg/l,Fair,augmented_copy2_jitter-3d
SRB00005,Banatska Palanka,2019-11-13,BOD,,1.3213,mg/l,Fair,augmented_copy1_jitter-1d
SRB00005,Banatska Palanka,2019-11-13,BOD,,1.2922,mg/l,Fair,augmented_copy3_jitter-1d
SRB00005,Banatska Palanka,2019-11-14,BOD,,1.3,mg/l,Fair,original
SRB00005,Banatska Palanka,2019-12-09,BOD,,1.9768,mg/l,Fair,augmented_copy1_jitter-3d
SRB00005,Banatska Palanka,2019-12-10,BOD,,2.0575,mg/l,Fair,augmented_copy3_jitter-2d
SRB00005,Banatska Palanka,2019-12-12,BOD,,2.0,mg/l,Fair,original
SRB00005,Banatska Palanka,2019-12-13,BOD,,1.9223,mg/l,Fair,augmented_copy2_jitter+1d
SRB00005,Banatska Palanka,2020-01-16,BOD,,1.3,mg/l,Fair,original
SRB00005,Banatska Palanka,2020-01-17,BOD,,1.2404,mg/l,Fair,augmented_copy1_jitter+1d
SRB00005,Banatska Palanka,2020-01-17,BOD,,1.2959,mg/l,Fair,augmented_copy3_jitter+1d
SRB00005,Banatska Palanka,2020-01-18,BOD,,1.2778,mg/l,Fair,augmented_copy2_jitter+2d
SRB00005,Banatska Palanka,2020-02-17,BOD,,2.075,mg/l,Fair,augmented_copy1_jitter-3d
SRB00005,Banatska Palanka,2020-02-18,BOD,,2.0724,mg/l,Fair,augmented_copy2_jitter-2d
SRB00005,Banatska Palanka,2020-02-19,BOD,,2.1238,mg/l,Fair,augmented_copy3_jitter-1d
SRB00005,Banatska Palanka,2020-02-20,BOD,,2.1,mg/l,Fair,original
SRB00005,Banatska Palanka,2020-05-11,BOD,,2.0787,mg/l,Fair,augmented_copy2_jitter-3d
SRB00005,Banatska Palanka,2020-05-11,BOD,,2.0857,mg/l,Fair,augmented_copy3_jitter-3d
SRB00005,Banatska Palanka,2020-05-14,BOD,,2.1,mg/l,Fair,original
SRB00005,Banatska Palanka,2020-05-16,BOD,,2.0787,mg/l,Fair,augmented_copy1_jitter+2d
SRB00005,Banatska Palanka,2020-06-09,BOD,,2.7273,mg/l,Fair,augmented_copy1_jitter-2d
SRB00005,Banatska Palanka,2020-06-09,BOD,,2.7043,mg/l,Fair,augmented_copy3_jitter-2d
SRB00005,Banatska Palanka,2020-06-11,BOD,,2.7,mg/l,Fair,original
SRB00005,Banatska Palanka,2020-06-14,BOD,,2.7205,mg/l,Fair,augmented_copy2_jitter+3d
SRB00005,Banatska Palanka,2020-07-14,BOD,,1.3664,mg/l,Fair,augmented_copy1_jitter-2d
SRB00005,Banatska Palanka,2020-07-15,BOD,,1.475,mg/l,Fair,augmented_copy2_jitter-1d
SRB00005,Banatska Palanka,2020-07-16,BOD,,1.4,mg/l,Fair,original
SRB00005,Banatska Palanka,2020-07-19,BOD,,1.425,mg/l,Fair,augmented_copy3_jitter+3d
SRB00005,Banatska Palanka,2020-08-10,BOD,,3.0094,mg/l,Fair,augmented_copy1_jitter-3d
SRB00005,Banatska Palanka,2020-08-10,BOD,,3.007,mg/l,Fair,augmented_copy2_jitter-3d
SRB00005,Banatska Palanka,2020-08-12,BOD,,3.0117,mg/l,Fair,augmented_copy3_jitter-1d
SRB00005,Banatska Palanka,2020-08-13,BOD,,3.0,mg/l,Fair,original
SRB00005,Banatska Palanka,2020-09-07,BOD,,1.8369,mg/l,Fair,augmented_copy2_jitter-3d
SRB00005,Banatska Palanka,2020-09-08,BOD,,1.8407,mg/l,Fair,augmented_copy1_jitter-2d
SRB00005,Banatska Palanka,2020-09-08,BOD,,1.9153,mg/l,Fair,augmented_copy3_jitter-2d
SRB00005,Banatska Palanka,2020-09-10,BOD,,1.9,mg/l,Fair,original
SRB00005,Banatska Palanka,2020-10-14,BOD,,1.8824,mg/l,Fair,augmented_copy2_jitter-1d
SRB00005,Banatska Palanka,2020-10-14,BOD,,1.9513,mg/l,Fair,augmented_copy3_jitter-1d
SRB00005,Banatska Palanka,2020-10-15,BOD,,1.9,mg/l,Fair,original
SRB00005,Banatska Palanka,2020-10-17,BOD,,1.9076,mg/l,Fair,augmented_copy1_jitter+2d
SRB00005,Banatska Palanka,2020-11-10,BOD,,1.2101,mg/l,Fair,augmented_copy2_jitter-2d
SRB00005,Banatska Palanka,2020-11-12,BOD,,1.2,mg/l,Fair,original
SRB00005,Banatska Palanka,2020-11-13,BOD,,1.2264,mg/l,Fair,augmented_copy1_jitter+1d
SRB00005,Banatska Palanka,2020-11-13,BOD,,1.1831,mg/l,Fair,augmented_copy3_jitter+1d
SRB00005,Banatska Palanka,2020-12-07,BOD,,1.0963,mg/l,Fair,augmented_copy1_jitter-3d
SRB00005,Banatska Palanka,2020-12-07,BOD,,1.1573,mg/l,Fair,augmented_copy2_jitter-3d
SRB00005,Banatska Palanka,2020-12-10,BOD,,1.1,mg/l,Fair,original
SRB00005,Banatska Palanka,2020-12-13,BOD,,1.0684,mg/l,Fair,augmented_copy3_jitter+3d
SRB00005,Banatska Palanka,2021-01-18,BOD,,1.3111,mg/l,Fair,augmented_copy3_jitter-3d
SRB00005,Banatska Palanka,2021-01-21,BOD,,1.3,mg/l,Fair,original
SRB00005,Banatska Palanka,2021-01-22,BOD,,1.3386,mg/l,Fair,augmented_copy2_jitter+1d
SRB00005,Banatska Palanka,2021-01-23,BOD,,1.2805,mg/l,Fair,augmented_copy1_jitter+2d
SRB00005,Banatska Palanka,2021-02-08,BOD,,2.4523,mg/l,Fair,augmented_copy1_jitter-3d
SRB00005,Banatska Palanka,2021-02-08,BOD,,2.365,mg/l,Fair,augmented_copy3_jitter-3d
SRB00005,Banatska Palanka,2021-02-10,BOD,,2.4269,mg/l,Fair,augmented_copy2_jitter-1d
SRB00005,Banatska Palanka,2021-02-11,BOD,,2.4,mg/l,Fair,original
SRB00005,Banatska Palanka,2021-03-11,BOD,,2.2,mg/l,Fair,original
SRB00005,Banatska Palanka,2021-03-12,BOD,,2.178,mg/l,Fair,augmented_copy1_jitter+1d
SRB00005,Banatska Palanka,2021-03-12,BOD,,2.1636,mg/l,Fair,augmented_copy2_jitter+1d
SRB00005,Banatska Palanka,2021-03-13,BOD,,2.1577,mg/l,Fair,augmented_copy3_jitter+2d
SRB00005,Banatska Palanka,2021-04-15,BOD,,1.3,mg/l,Fair,original
SRB00005,Banatska Palanka,2021-04-16,BOD,,1.2693,mg/l,Fair,augmented_copy1_jitter+1d
SRB00005,Banatska Palanka,2021-04-16,BOD,,1.3012,mg/l,Fair,augmented_copy2_jitter+1d
SRB00005,Banatska Palanka,2021-04-17,BOD,,1.2581,mg/l,Fair,augmented_copy3_jitter+2d
SRB00005,Banatska Palanka,2021-05-10,BOD,,2.2447,mg/l,Fair,augmented_copy3_jitter-3d
SRB00005,Banatska Palanka,2021-05-11,BOD,,2.2282,mg/l,Fair,augmented_copy1_jitter-2d
SRB00005,Banatska Palanka,2021-05-13,BOD,,2.3,mg/l,Fair,original
SRB00005,Banatska Palanka,2021-05-15,BOD,,2.1973,mg/l,Fair,augmented_copy2_jitter+2d
SRB00005,Banatska Palanka,2021-06-07,BOD,,2.1375,mg/l,Fair,augmented_copy2_jitter-3d
SRB00005,Banatska Palanka,2021-06-07,BOD,,2.0335,mg/l,Fair,augmented_copy3_jitter-3d
SRB00005,Banatska Palanka,2021-06-10,BOD,,2.1,mg/l,Fair,original
SRB00005,Banatska Palanka,2021-06-12,BOD,,2.1246,mg/l,Fair,augmented_copy1_jitter+2d
SRB00005,Banatska Palanka,2021-07-12,BOD,,3.0843,mg/l,Fair,augmented_copy1_jitter-3d
SRB00005,Banatska Palanka,2021-07-12,BOD,,3.1208,mg/l,Fair,augmented_copy3_jitter-3d
SRB00005,Banatska Palanka,2021-07-15,BOD,,3.1,mg/l,Fair,original
SRB00005,Banatska Palanka,2021-07-18,BOD,,3.0843,mg/l,Fair,augmented_copy2_jitter+3d
SRB00005,Banatska Palanka,2021-08-28,BOD,,1.5897,mg/l,Fair,augmented_copy3_jitter-2d
SRB00005,Banatska Palanka,2021-08-29,BOD,,1.5084,mg/l,Fair,augmented_copy1_jitter-1d
SRB00005,Banatska Palanka,2021-08-30,BOD,,1.6,mg/l,Fair,original
SRB00005,Banatska Palanka,2021-08-31,BOD,,1.6267,mg/l,Fair,augmented_copy2_jitter+1d
SRB00005,Banatska Palanka,2021-09-19,BOD,,1.07,mg/l,Fair,augmented_copy3_jitter-1d
SRB00005,Banatska Palanka,2021-09-20,BOD,,1.1,mg/l,Fair,original
SRB00005,Banatska Palanka,2021-09-21,BOD,,1.0829,mg/l,Fair,augmented_copy1_jitter+1d
SRB00005,Banatska Palanka,2021-09-22,BOD,,1.1407,mg/l,Fair,augmented_copy2_jitter+2d
SRB00005,Banatska Palanka,2021-10-11,BOD,,1.0066,mg/l,Fair,augmented_copy3_jitter-3d
SRB00005,Banatska Palanka,2021-10-13,BOD,,0.9709,mg/l,Fair,augmented_copy1_jitter-1d
SRB00005,Banatska Palanka,2021-10-14,BOD,,1.0,mg/l,Fair,original
SRB00005,Banatska Palanka,2021-10-17,BOD,,0.9681,mg/l,Fair,augmented_copy2_jitter+3d
SRB00005,Banatska Palanka,2021-11-07,BOD,,2.4306,mg/l,Fair,augmented_copy2_jitter-2d
SRB00005,Banatska Palanka,2021-11-09,BOD,,2.4,mg/l,Fair,original
SRB00005,Banatska Palanka,2021-11-11,BOD,,2.3446,mg/l,Fair,augmented_copy1_jitter+2d
SRB00005,Banatska Palanka,2021-11-12,BOD,,2.3715,mg/l,Fair,augmented_copy3_jitter+3d
SRB00005,Banatska Palanka,2022-01-18,BOD,,1.8373,mg/l,Fair,augmented_copy1_jitter-2d
SRB00005,Banatska Palanka,2022-01-19,BOD,,1.9059,mg/l,Fair,augmented_copy3_jitter-1d
SRB00005,Banatska Palanka,2022-01-20,BOD,,1.9,mg/l,Fair,original
SRB00005,Banatska Palanka,2022-01-23,BOD,,1.8808,mg/l,Fair,augmented_copy2_jitter+3d
SRB00005,Banatska Palanka,2022-02-23,BOD,,2.4572,mg/l,Fair,augmented_copy2_jitter-1d
SRB00005,Banatska Palanka,2022-02-24,BOD,,2.4,mg/l,Fair,original
SRB00005,Banatska Palanka,2022-02-25,BOD,,2.3651,mg/l,Fair,augmented_copy3_jitter+1d
SRB00005,Banatska Palanka,2022-02-27,BOD,,2.3723,mg/l,Fair,augmented_copy1_jitter+3d
SRB00005,Banatska Palanka,2022-03-22,BOD,,3.5339,mg/l,Fair,augmented_copy2_jitter-2d
SRB00005,Banatska Palanka,2022-03-23,BOD,,3.4546,mg/l,Fair,augmented_copy3_jitter-1d
SRB00005,Banatska Palanka,2022-03-24,BOD,,3.5,mg/l,Fair,original
SRB00005,Banatska Palanka,2022-03-26,BOD,,3.3866,mg/l,Fair,augmented_copy1_jitter+2d
SRB00005,Banatska Palanka,2022-04-15,BOD,,2.5945,mg/l,Fair,augmented_copy3_jitter-3d
SRB00005,Banatska Palanka,2022-04-18,BOD,,2.6,mg/l,Fair,original
SRB00005,Banatska Palanka,2022-04-19,BOD,,2.6025,mg/l,Fair,augmented_copy2_jitter+1d
SRB00005,Banatska Palanka,2022-04-21,BOD,,2.6426,mg/l,Fair,augmented_copy1_jitter+3d
SRB00005,Banatska Palanka,2022-05-10,BOD,,2.127,mg/l,Fair,augmented_copy3_jitter-2d
SRB00005,Banatska Palanka,2022-05-11,BOD,,2.1244,mg/l,Fair,augmented_copy1_jitter-1d
SRB00005,Banatska Palanka,2022-05-12,BOD,,2.1,mg/l,Fair,original
SRB00005,Banatska Palanka,2022-05-13,BOD,,2.0154,mg/l,Fair,augmented_copy2_jitter+1d
SRB00005,Banatska Palanka,2022-06-07,BOD,,3.3127,mg/l,Fair,augmented_copy2_jitter-2d
SRB00005,Banatska Palanka,2022-06-08,BOD,,3.2699,mg/l,Fair,augmented_copy1_jitter-1d
SRB00005,Banatska Palanka,2022-06-09,BOD,,3.3,mg/l,Fair,original
SRB00005,Banatska Palanka,2022-06-10,BOD,,3.3565,mg/l,Fair,augmented_copy3_jitter+1d
SRB00005,Banatska Palanka,2022-07-18,BOD,,2.7372,mg/l,Fair,augmented_copy1_jitter-3d
SRB00005,Banatska Palanka,2022-07-19,BOD,,2.6492,mg/l,Fair,augmented_copy2_jitter-2d
SRB00005,Banatska Palanka,2022-07-21,BOD,,2.7,mg/l,Fair,original
SRB00005,Banatska Palanka,2022-07-23,BOD,,2.7372,mg/l,Fair,augmented_copy3_jitter+2d
SRB00005,Banatska Palanka,2022-08-29,BOD,,1.6817,mg/l,Fair,augmented_copy1_jitter-2d
SRB00005,Banatska Palanka,2022-08-31,BOD,,1.7,mg/l,Fair,original
SRB00005,Banatska Palanka,2022-09-01,BOD,,1.6805,mg/l,Fair,augmented_copy3_jitter+1d
SRB00005,Banatska Palanka,2022-09-03,BOD,,1.7201,mg/l,Fair,augmented_copy2_jitter+3d
SRB00005,Banatska Palanka,2022-09-13,BOD,,0.9189,mg/l,Fair,augmented_copy1_jitter-2d
SRB00005,Banatska Palanka,2022-09-13,BOD,,0.9567,mg/l,Fair,augmented_copy2_jitter-2d
SRB00005,Banatska Palanka,2022-09-15,BOD,,1.0,mg/l,Fair,original
SRB00005,Banatska Palanka,2022-09-17,BOD,,1.0689,mg/l,Fair,augmented_copy3_jitter+2d
SRB00005,Banatska Palanka,2022-10-12,BOD,,2.4,mg/l,Fair,augmented_copy2_jitter-1d
SRB00005,Banatska Palanka,2022-10-13,BOD,,2.3,mg/l,Fair,original
SRB00005,Banatska Palanka,2022-10-15,BOD,,2.332,mg/l,Fair,augmented_copy1_jitter+2d
SRB00005,Banatska Palanka,2022-10-15,BOD,,2.3209,mg/l,Fair,augmented_copy3_jitter+2d
SRB00005,Banatska Palanka,2022-11-14,BOD,,0.9738,mg/l,Fair,augmented_copy2_jitter-3d
SRB00005,Banatska Palanka,2022-11-15,BOD,,1.0537,mg/l,Fair,augmented_copy1_jitter-2d
SRB00005,Banatska Palanka,2022-11-17,BOD,,1.0,mg/l,Fair,original
SRB00005,Banatska Palanka,2022-11-19,BOD,,0.9821,mg/l,Fair,augmented_copy3_jitter+2d
SRB00005,Banatska Palanka,2022-12-07,BOD,,1.2715,mg/l,Fair,augmented_copy1_jitter-1d
SRB00005,Banatska Palanka,2022-12-08,BOD,,1.3,mg/l,Fair,original
SRB00005,Banatska Palanka,2022-12-10,BOD,,1.2888,mg/l,Fair,augmented_copy3_jitter+2d
SRB00005,Banatska Palanka,2022-12-11,BOD,,1.2997,mg/l,Fair,augmented_copy2_jitter+3d
SRB00005,Banatska Palanka,2023-01-16,BOD,,4.4979,mg/l,Fair,augmented_copy2_jitter-3d
SRB00005,Banatska Palanka,2023-01-17,BOD,,4.5659,mg/l,Fair,augmented_copy1_jitter-2d
SRB00005,Banatska Palanka,2023-01-17,BOD,,4.5222,mg/l,Fair,augmented_copy3_jitter-2d
SRB00005,Banatska Palanka,2023-01-19,BOD,,4.5,mg/l,Fair,original
SRB00005,Banatska Palanka,2023-02-23,BOD,,1.9,mg/l,Fair,original
SRB00005,Banatska Palanka,2023-02-24,BOD,,1.8981,mg/l,Fair,augmented_copy2_jitter+1d
SRB00005,Banatska Palanka,2023-02-24,BOD,,1.8464,mg/l,Fair,augmented_copy3_jitter+1d
SRB00005,Banatska Palanka,2023-02-26,BOD,,1.8932,mg/l,Fair,augmented_copy1_jitter+3d
SRB00005,Banatska Palanka,2023-03-14,BOD,,1.0046,mg/l,Fair,augmented_copy2_jitter-2d
SRB00005,Banatska Palanka,2023-03-14,BOD,,1.0312,mg/l,Fair,augmented_copy3_jitter-2d
SRB00005,Banatska Palanka,2023-03-16,BOD,,1.0,mg/l,Fair,original
SRB00005,Banatska Palanka,2023-03-17,BOD,,0.9958,mg/l,Fair,augmented_copy1_jitter+1d
SRB00005,Banatska Palanka,2023-04-25,BOD,,0.9792,mg/l,Fair,augmented_copy3_jitter-2d
SRB00005,Banatska Palanka,2023-04-27,BOD,,1.0,mg/l,Fair,original
SRB00005,Banatska Palanka,2023-04-29,BOD,,1.0105,mg/l,Fair,augmented_copy1_jitter+2d
SRB00005,Banatska Palanka,2023-04-30,BOD,,1.0003,mg/l,Fair,augmented_copy2_jitter+3d
SRB00005,Banatska Palanka,2023-05-08,BOD,,1.1059,mg/l,Fair,augmented_copy2_jitter-3d
SRB00005,Banatska Palanka,2023-05-08,BOD,,1.0451,mg/l,Fair,augmented_copy3_jitter-3d
SRB00005,Banatska Palanka,2023-05-10,BOD,,1.0948,mg/l,Fair,augmented_copy1_jitter-1d
SRB00005,Banatska Palanka,2023-05-11,BOD,,1.1,mg/l,Fair,original
SRB00005,Banatska Palanka,2023-06-27,BOD,,2.0969,mg/l,Fair,augmented_copy2_jitter-3d
SRB00005,Banatska Palanka,2023-06-30,BOD,,2.0,mg/l,Fair,original
SRB00005,Banatska Palanka,2023-07-01,BOD,,1.9838,mg/l,Fair,augmented_copy1_jitter+1d
SRB00005,Banatska Palanka,2023-07-01,BOD,,1.9842,mg/l,Fair,augmented_copy3_jitter+1d
SRB00005,Banatska Palanka,2023-07-11,BOD,,1.0588,mg/l,Fair,augmented_copy2_jitter-2d
SRB00005,Banatska Palanka,2023-07-13,BOD,,1.1,mg/l,Fair,original
SRB00005,Banatska Palanka,2023-07-14,BOD,,1.0961,mg/l,Fair,augmented_copy3_jitter+1d
SRB00005,Banatska Palanka,2023-07-16,BOD,,1.1143,mg/l,Fair,augmented_copy1_jitter+3d
SRB00005,Banatska Palanka,2023-08-07,BOD,,1.461,mg/l,Fair,augmented_copy2_jitter-3d
SRB00005,Banatska Palanka,2023-08-07,BOD,,1.4726,mg/l,Fair,augmented_copy3_jitter-3d
SRB00005,Banatska Palanka,2023-08-10,BOD,,1.5,mg/l,Fair,original
SRB00005,Banatska Palanka,2023-08-13,BOD,,1.4502,mg/l,Fair,augmented_copy1_jitter+3d
SRB00005,Banatska Palanka,2023-09-13,BOD,,2.9419,mg/l,Fair,augmented_copy3_jitter-1d
SRB00005,Banatska Palanka,2023-09-14,BOD,,2.9,mg/l,Fair,original
SRB00005,Banatska Palanka,2023-09-15,BOD,,2.8924,mg/l,Fair,augmented_copy1_jitter+1d
SRB00005,Banatska Palanka,2023-09-17,BOD,,2.8947,mg/l,Fair,augmented_copy2_jitter+3d
SRB00005,Banatska Palanka,2023-10-09,BOD,,2.9724,mg/l,Fair,augmented_copy2_jitter-3d
SRB00005,Banatska Palanka,2023-10-12,BOD,,2.9,mg/l,Fair,original
SRB00005,Banatska Palanka,2023-10-15,BOD,,2.8658,mg/l,Fair,augmented_copy1_jitter+3d
SRB00005,Banatska Palanka,2023-10-15,BOD,,2.9039,mg/l,Fair,augmented_copy3_jitter+3d
SRB00005,Banatska Palanka,2023-11-20,BOD,,1.1362,mg/l,Fair,augmented_copy1_jitter-3d
SRB00005,Banatska Palanka,2023-11-20,BOD,,1.194,mg/l,Fair,augmented_copy3_jitter-3d
SRB00005,Banatska Palanka,2023-11-21,BOD,,1.1786,mg/l,Fair,augmented_copy2_jitter-2d
SRB00005,Banatska Palanka,2023-11-23,BOD,,1.2,mg/l,Fair,original
SRB00005,Banatska Palanka,2023-12-12,BOD,,1.5993,mg/l,Fair,augmented_copy1_jitter-2d
SRB00005,Banatska Palanka,2023-12-13,BOD,,1.6235,mg/l,Fair,augmented_copy2_jitter-1d
SRB00005,Banatska Palanka,2023-12-13,BOD,,1.5944,mg/l,Fair,augmented_copy3_jitter-1d
SRB00005,Banatska Palanka,2023-12-14,BOD,,1.6,mg/l,Fair,original
SRB00006,Tekija,2000-01-30,BOD,,0.9726,mg/l,Fair,augmented_copy3_jitter-3d
SRB00006,Tekija,2000-02-02,BOD,,1.0,mg/l,Fair,original
SRB00006,Tekija,2000-02-03,BOD,,1.0532,mg/l,Fair,augmented_copy1_jitter+1d
SRB00006,Tekija,2000-02-04,BOD,,0.9871,mg/l,Fair,augmented_copy2_jitter+2d
SRB00006,Tekija,2000-04-06,BOD,,1.2,mg/l,Fair,original
SRB00006,Tekija,2000-04-07,BOD,,1.2095,mg/l,Fair,augmented_copy3_jitter+1d
SRB00006,Tekija,2000-04-08,BOD,,1.2979,mg/l,Fair,augmented_copy2_jitter+2d
SRB00006,Tekija,2000-04-09,BOD,,1.1708,mg/l,Fair,augmented_copy1_jitter+3d
SRB00006,Tekija,2000-04-23,BOD,,2.7114,mg/l,Fair,augmented_copy2_jitter-3d
SRB00006,Tekija,2000-04-24,BOD,,2.7039,mg/l,Fair,augmented_copy3_jitter-2d
SRB00006,Tekija,2000-04-25,BOD,,2.708,mg/l,Fair,augmented_copy1_jitter-1d
SRB00006,Tekija,2000-04-26,BOD,,2.7,mg/l,Fair,original
SRB00006,Tekija,2000-05-26,BOD,,3.9,mg/l,Fair,original
SRB00006,Tekija,2000-05-27,BOD,,3.8973,mg/l,Fair,augmented_copy1_jitter+1d
SRB00006,Tekija,2000-05-27,BOD,,3.9416,mg/l,Fair,augmented_copy2_jitter+1d
SRB00006,Tekija,2000-05-29,BOD,,3.9127,mg/l,Fair,augmented_copy3_jitter+3d
SRB00006,Tekija,2000-07-29,BOD,,1.2547,mg/l,Fair,augmented_copy3_jitter-3d
SRB00006,Tekija,2000-08-01,BOD,,1.2,mg/l,Fair,original
SRB00006,Tekija,2000-08-03,BOD,,1.2299,mg/l,Fair,augmented_copy1_jitter+2d
SRB00006,Tekija,2000-08-03,BOD,,1.2124,mg/l,Fair,augmented_copy2_jitter+2d
SRB00006,Tekija,2000-09-05,BOD,,1.1265,mg/l,Fair,augmented_copy2_jitter-3d
SRB00006,Tekija,2000-09-06,BOD,,1.1312,mg/l,Fair,augmented_copy1_jitter-2d
SRB00006,Tekija,2000-09-08,BOD,,1.1,mg/l,Fair,original
SRB00006,Tekija,2000-09-11,BOD,,1.0867,mg/l,Fair,augmented_copy3_jitter+3d
SRB00006,Tekija,2000-10-10,BOD,,2.3,mg/l,Fair,original
SRB00006,Tekija,2000-10-11,BOD,,2.289,mg/l,Fair,augmented_copy1_jitter+1d
SRB00006,Tekija,2000-10-11,BOD,,2.3072,mg/l,Fair,augmented_copy3_jitter+1d
SRB00006,Tekija,2000-10-13,BOD,,2.3329,mg/l,Fair,augmented_copy2_jitter+3d
SRB00006,Tekija,2000-12-03,BOD,,3.1543,mg/l,Fair,augmented_copy1_jitter-1d
SRB00006,Tekija,2000-12-03,BOD,,3.1958,mg/l,Fair,augmented_copy3_jitter-1d
SRB00006,Tekija,2000-12-04,BOD,,3.2,mg/l,Fair,original
SRB00006,Tekija,2000-12-07,BOD,,3.1639,mg/l,Fair,augmented_copy2_jitter+3d
SRB00006,Tekija,2001-02-20,BOD,,4.0469,mg/l,Fair,augmented_copy1_jitter-2d
SRB00006,Tekija,2001-02-22,BOD,,4.0,mg/l,Fair,original
SRB00006,Tekija,2001-02-23,BOD,,3.9763,mg/l,Fair,augmented_copy2_jitter+1d
SRB00006,Tekija,2001-02-25,BOD,,3.9829,mg/l,Fair,augmented_copy3_jitter+3d
SRB00006,Tekija,2001-03-25,BOD,,1.3653,mg/l,Fair,augmented_copy1_jitter-2d
SRB00006,Tekija,2001-03-25,BOD,,1.3843,mg/l,Fair,augmented_copy2_jitter-2d
SRB00006,Tekija,2001-03-27,BOD,,1.4,mg/l,Fair,original
SRB00006,Tekija,2001-03-28,BOD,,1.4755,mg/l,Fair,augmented_copy3_jitter+1d
SRB00006,Tekija,2001-04-28,BOD,,1.2216,mg/l,Fair,augmented_copy2_jitter-1d
SRB00006,Tekija,2001-04-29,BOD,,1.2,mg/l,Fair,original
SRB00006,Tekija,2001-04-30,BOD,,1.1696,mg/l,Fair,augmented_copy3_jitter+1d
SRB00006,Tekija,2001-05-01,BOD,,1.228,mg/l,Fair,augmented_copy1_jitter+2d
SRB00006,Tekija,2001-05-27,BOD,,1.8544,mg/l,Fair,augmented_copy1_jitter-2d
SRB00006,Tekija,2001-05-28,BOD,,1.8798,mg/l,Fair,augmented_copy2_jitter-1d
SRB00006,Tekija,2001-05-29,BOD,,1.8,mg/l,Fair,original
SRB00006,Tekija,2001-05-30,BOD,,1.8862,mg/l,Fair,augmented_copy3_jitter+1d
SRB00006,Tekija,2001-06-05,BOD,,1.2885,mg/l,Fair,augmented_copy1_jitter-2d
SRB00006,Tekija,2001-06-07,BOD,,1.3,mg/l,Fair,original
SRB00006,Tekija,2001-06-09,BOD,,1.2818,mg/l,Fair,augmented_copy2_jitter+2d
SRB00006,Tekija,2001-06-09,BOD,,1.2718,mg/l,Fair,augmented_copy3_jitter+2d
SRB00006,Tekija,2001-07-26,BOD,,1.9,mg/l,Fair,original
SRB00006,Tekija,2001-07-27,BOD,,1.8693,mg/l,Fair,augmented_copy1_jitter+1d
SRB00006,Tekija,2001-07-28,BOD,,1.8788,mg/l,Fair,augmented_copy2_jitter+2d
SRB00006,Tekija,2001-07-28,BOD,,1.9256,mg/l,Fair,augmented_copy3_jitter+2d
SRB00006,Tekija,2001-08-26,BOD,,1.8539,mg/l,Fair,augmented_copy1_jitter-2d
SRB00006,Tekija,2001-08-27,BOD,,1.7732,mg/l,Fair,augmented_copy3_jitter-1d
SRB00006,Tekija,2001-08-28,BOD,,1.8,mg/l,Fair,original
SRB00006,Tekija,2001-08-31,BOD,,1.7779,mg/l,Fair,augmented_copy2_jitter+3d
SRB00006,Tekija,2001-11-23,BOD,,0.9617,mg/l,Fair,augmented_copy3_jitter-1d
SRB00006,Tekija,2001-11-24,BOD,,1.0,mg/l,Fair,original
SRB00006,Tekija,2001-11-26,BOD,,0.9679,mg/l,Fair,augmented_copy2_jitter+2d
SRB00006,Tekija,2001-11-27,BOD,,1.0115,mg/l,Fair,augmented_copy1_jitter+3d
SRB00006,Tekija,2002-02-11,BOD,,2.3504,mg/l,Fair,augmented_copy2_jitter-2d
SRB00006,Tekija,2002-02-12,BOD,,2.3216,mg/l,Fair,augmented_copy3_jitter-1d
SRB00006,Tekija,2002-02-13,BOD,,2.3,mg/l,Fair,original
SRB00006,Tekija,2002-02-14,BOD,,2.3217,mg/l,Fair,augmented_copy1_jitter+1d
SRB00006,Tekija,2002-03-26,BOD,,1.6767,mg/l,Fair,augmented_copy3_jitter-2d
SRB00006,Tekija,2002-03-28,BOD,,1.7,mg/l,Fair,original
SRB00006,Tekija,2002-03-30,BOD,,1.676,mg/l,Fair,augmented_copy1_jitter+2d
SRB00006,Tekija,2002-03-30,BOD,,1.7235,mg/l,Fair,augmented_copy2_jitter+2d
SRB00006,Tekija,2002-05-25,BOD,,1.9821,mg/l,Fair,augmented_copy1_jitter-3d
SRB00006,Tekija,2002-05-28,BOD,,2.0,mg/l,Fair,original
SRB00006,Tekija,2002-05-29,BOD,,2.0163,mg/l,Fair,augmented_copy3_jitter+1d
SRB00006,Tekija,2002-05-30,BOD,,2.0117,mg/l,Fair,augmented_copy2_jitter+2d
SRB00006,Tekija,2002-06-26,BOD,,2.5657,mg/l,Fair,augmented_copy3_jitter-1d
SRB00006,Tekija,2002-06-27,BOD,,2.6,mg/l,Fair,original
SRB00006,Tekija,2002-06-29,BOD,,2.5576,mg/l,Fair,augmented_copy2_jitter+2d
SRB00006,Tekija,2002-06-30,BOD,,2.6376,mg/l,Fair,augmented_copy1_jitter+3d
SRB00006,Tekija,2002-07-20,BOD,,3.4775,mg/l,Fair,augmented_copy3_jitter-3d
SRB00006,Tekija,2002-07-21,BOD,,3.4738,mg/l,Fair,augmented_copy1_jitter-2d
SRB00006,Tekija,2002-07-21,BOD,,3.5007,mg/l,Fair,augmented_copy2_jitter-2d
SRB00006,Tekija,2002-07-23,BOD,,3.5,mg/l,Fair,original
SRB00006,Tekija,2002-08-27,BOD,,1.4125,mg/l,Fair,augmented_copy1_jitter-3d
SRB00006,Tekija,2002-08-27,BOD,,1.3648,mg/l,Fair,augmented_copy3_jitter-3d
SRB00006,Tekija,2002-08-29,BOD,,1.4071,mg/l,Fair,augmented_copy2_jitter-1d
SRB00006,Tekija,2002-08-30,BOD,,1.4,mg/l,Fair,original
SRB00006,Tekija,2002-09-24,BOD,,2.5,mg/l,Fair,original
SRB00006,Tekija,2002-09-26,BOD,,2.4776,mg/l,Fair,augmented_copy3_jitter+2d
SRB00006,Tekija,2002-09-27,BOD,,2.5129,mg/l,Fair,augmented_copy1_jitter+3d
SRB00006,Tekija,2002-09-27,BOD,,2.4729,mg/l,Fair,augmented_copy2_jitter+3d
SRB00006,Tekija,2002-10-24,BOD,,2.8,mg/l,Fair,original
SRB00006,Tekija,2002-10-25,BOD,,2.748,mg/l,Fair,augmented_copy1_jitter+1d
SRB00006,Tekija,2002-10-26,BOD,,2.7868,mg/l,Fair,augmented_copy3_jitter+2d
SRB00006,Tekija,2002-10-27,BOD,,2.8399,mg/l,Fair,augmented_copy2_jitter+3d
SRB00006,Tekija,2002-11-23,BOD,,1.4446,mg/l,Fair,augmented_copy1_jitter-3d
SRB00006,Tekija,2002-11-26,BOD,,1.5,mg/l,Fair,original
SRB00006,Tekija,2002-11-29,BOD,,1.4817,mg/l,Fair,augmented_copy2_jitter+3d
SRB00006,Tekija,2002-11-29,BOD,,1.5138,mg/l,Fair,augmented_copy3_jitter+3d
SRB00006,Tekija,2003-02-24,BOD,,4.9277,mg/l,Fair,augmented_copy2_jitter-3d
SRB00006,Tekija,2003-02-26,BOD,,4.8992,mg/l,Fair,augmented_copy3_jitter-1d
SRB00006,Tekija,2003-02-27,BOD,,4.9,mg/l,Fair,original
SRB00006,Tekija,2003-03-02,BOD,,4.8703,mg/l,Fair,augmented_copy1_jitter+3d
SRB00006,Tekija,2003-03-22,BOD,,3.4288,mg/l,Fair,augmented_copy2_jitter-3d
SRB00006,Tekija,2003-03-23,BOD,,3.3478,mg/l,Fair,augmented_copy1_jitter-2d
SRB00006,Tekija,2003-03-25,BOD,,3.4,mg/l,Fair,original
SRB00006,Tekija,2003-03-28,BOD,,3.4172,mg/l,Fair,augmented_copy3_jitter+3d
SRB00006,Tekija,2003-04-22,BOD,,2.1,mg/l,Fair,original
SRB00006,Tekija,2003-04-24,BOD,,2.1273,mg/l,Fair,augmented_copy2_jitter+2d
SRB00006,Tekija,2003-04-24,BOD,,2.0567,mg/l,Fair,augmented_copy3_jitter+2d
SRB00006,Tekija,2003-04-25,BOD,,2.062,mg/l,Fair,augmented_copy1_jitter+3d
SRB00006,Tekija,2003-05-28,BOD,,2.2178,mg/l,Fair,augmented_copy2_jitter-1d
SRB00006,Tekija,2003-05-29,BOD,,2.2,mg/l,Fair,original
SRB00006,Tekija,2003-05-30,BOD,,2.2165,mg/l,Fair,augmented_copy1_jitter+1d
SRB00006,Tekija,2003-06-01,BOD,,2.1463,mg/l,Fair,augmented_copy3_jitter+3d
SRB00006,Tekija,2003-06-24,BOD,,2.4019,mg/l,Fair,augmented_copy3_jitter-2d
SRB00006,Tekija,2003-06-25,BOD,,2.4603,mg/l,Fair,augmented_copy1_jitter-1d
SRB00006,Tekija,2003-06-25,BOD,,2.429,mg/l,Fair,augmented_copy2_jitter-1d
SRB00006,Tekija,2003-06-26,BOD,,2.4,mg/l,Fair,original
SRB00006,Tekija,2003-07-29,BOD,,1.411,mg/l,Fair,augmented_copy1_jitter-1d
SRB00006,Tekija,2003-07-29,BOD,,1.3581,mg/l,Fair,augmented_copy2_jitter-1d
SRB00006,Tekija,2003-07-29,BOD,,1.3672,mg/l,Fair,augmented_copy3_jitter-1d
SRB00006,Tekija,2003-07-30,BOD,,1.4,mg/l,Fair,original
SRB00006,Tekija,2003-08-12,BOD,,2.6131,mg/l,Fair,augmented_copy1_jitter-1d
SRB00006,Tekija,2003-08-12,BOD,,2.6292,mg/l,Fair,augmented_copy2_jitter-1d
SRB00006,Tekija,2003-08-12,BOD,,2.5575,mg/l,Fair,augmented_copy3_jitter-1d
SRB00006,Tekija,2003-08-13,BOD,,2.6,mg/l,Fair,original
SRB00006,Tekija,2003-09-22,BOD,,2.8059,mg/l,Fair,augmented_copy2_jitter-3d
SRB00006,Tekija,2003-09-23,BOD,,2.8079,mg/l,Fair,augmented_copy3_jitter-2d
SRB00006,Tekija,2003-09-25,BOD,,2.8,mg/l,Fair,original
SRB00006,Tekija,2003-09-26,BOD,,2.8252,mg/l,Fair,augmented_copy1_jitter+1d
SRB00006,Tekija,2003-10-22,BOD,,3.5462,mg/l,Fair,augmented_copy1_jitter-2d
SRB00006,Tekija,2003-10-23,BOD,,3.6099,mg/l,Fair,augmented_copy3_jitter-1d
SRB00006,Tekija,2003-10-24,BOD,,3.6,mg/l,Fair,original
SRB00006,Tekija,2003-10-27,BOD,,3.6685,mg/l,Fair,augmented_copy2_jitter+3d
SRB00006,Tekija,2003-11-27,BOD,,2.2,mg/l,Fair,original
SRB00006,Tekija,2003-11-28,BOD,,2.1881,mg/l,Fair,augmented_copy2_jitter+1d
SRB00006,Tekija,2003-11-29,BOD,,2.164,mg/l,Fair,augmented_copy1_jitter+2d
SRB00006,Tekija,2003-11-29,BOD,,2.2245,mg/l,Fair,augmented_copy3_jitter+2d
SRB00006,Tekija,2003-12-14,BOD,,2.5651,mg/l,Fair,augmented_copy1_jitter-2d
SRB00006,Tekija,2003-12-14,BOD,,2.6069,mg/l,Fair,augmented_copy3_jitter-2d
SRB00006,Tekija,2003-12-16,BOD,,2.6,mg/l,Fair,original
SRB00006,Tekija,2003-12-18,BOD,,2.5761,mg/l,Fair,augmented_copy2_jitter+2d
SRB00006,Tekija,2013-02-10,BOD,,1.2191,mg/l,Fair,augmented_copy2_jitter-1d
SRB00006,Tekija,2013-02-11,BOD,,1.2,mg/l,Fair,original
SRB00006,Tekija,2013-02-13,BOD,,1.2077,mg/l,Fair,augmented_copy3_jitter+2d
SRB00006,Tekija,2013-02-14,BOD,,1.144,mg/l,Fair,augmented_copy1_jitter+3d
SRB00006,Tekija,2013-03-17,BOD,,2.8287,mg/l,Fair,augmented_copy1_jitter-1d
SRB00006,Tekija,2013-03-18,BOD,,2.8,mg/l,Fair,original
SRB00006,Tekija,2013-03-19,BOD,,2.8512,mg/l,Fair,augmented_copy3_jitter+1d
SRB00006,Tekija,2013-03-21,BOD,,2.7823,mg/l,Fair,augmented_copy2_jitter+3d
SRB00006,Tekija,2013-04-21,BOD,,0.9919,mg/l,Fair,augmented_copy1_jitter-1d
SRB00006,Tekija,2013-04-22,BOD,,1.0,mg/l,Fair,original
SRB00006,Tekija,2013-04-23,BOD,,1.0082,mg/l,Fair,augmented_copy3_jitter+1d
SRB00006,Tekija,2013-04-25,BOD,,0.994,mg/l,Fair,augmented_copy2_jitter+3d
SRB00006,Tekija,2013-05-11,BOD,,2.3921,mg/l,Fair,augmented_copy2_jitter-2d
SRB00006,Tekija,2013-05-12,BOD,,2.4222,mg/l,Fair,augmented_copy3_jitter-1d
SRB00006,Tekija,2013-05-13,BOD,,2.4,mg/l,Fair,original
SRB00006,Tekija,2013-05-15,BOD,,2.4138,mg/l,Fair,augmented_copy1_jitter+2d
SRB00006,Tekija,2013-06-14,BOD,,2.4127,mg/l,Fair,augmented_copy2_jitter-3d
SRB00006,Tekija,2013-06-17,BOD,,2.4,mg/l,Fair,original
SRB00006,Tekija,2013-06-20,BOD,,2.4192,mg/l,Fair,augmented_copy1_jitter+3d
SRB00006,Tekija,2013-06-20,BOD,,2.4576,mg/l,Fair,augmented_copy3_jitter+3d
SRB00006,Tekija,2013-07-17,BOD,,1.7,mg/l,Fair,original
SRB00006,Tekija,2013-07-19,BOD,,1.7017,mg/l,Fair,augmented_copy1_jitter+2d
SRB00006,Tekija,2013-07-19,BOD,,1.6971,mg/l,Fair,augmented_copy3_jitter+2d
SRB00006,Tekija,2013-07-20,BOD,,1.7121,mg/l,Fair,augmented_copy2_jitter+3d
SRB00006,Tekija,2013-08-15,BOD,,2.4314,mg/l,Fair,augmented_copy2_jitter-1d
SRB00006,Tekija,2013-08-16,BOD,,2.5,mg/l,Fair,original
SRB00006,Tekija,2013-08-18,BOD,,2.4987,mg/l,Fair,augmented_copy3_jitter+2d
SRB00006,Tekija,2013-08-19,BOD,,2.5562,mg/l,Fair,augmented_copy1_jitter+3d
SRB00006,Tekija,2013-09-08,BOD,,1.4033,mg/l,Fair,augmented_copy1_jitter-3d
SRB00006,Tekija,2013-09-09,BOD,,1.4114,mg/l,Fair,augmented_copy2_jitter-2d
SRB00006,Tekija,2013-09-10,BOD,,1.4532,mg/l,Fair,augmented_copy3_jitter-1d
SRB00006,Tekija,2013-09-11,BOD,,1.4,mg/l,Fair,original
SRB00006,Tekija,2013-10-15,BOD,,1.1036,mg/l,Fair,augmented_copy1_jitter-2d
SRB00006,Tekija,2013-10-17,BOD,,1.1,mg/l,Fair,original
SRB00006,Tekija,2013-10-19,BOD,,1.1027,mg/l,Fair,augmented_copy2_jitter+2d
SRB00006,Tekija,2013-10-19,BOD,,1.1313,mg/l,Fair,augmented_copy3_jitter+2d
SRB00006,Tekija,2013-11-08,BOD,,1.1166,mg/l,Fair,augmented_copy1_jitter-3d
SRB00006,Tekija,2013-11-08,BOD,,1.0819,mg/l,Fair,augmented_copy3_jitter-3d
SRB00006,Tekija,2013-11-11,BOD,,1.1,mg/l,Fair,original
SRB00006,Tekija,2013-11-14,BOD,,1.0921,mg/l,Fair,augmented_copy2_jitter+3d
SRB00006,Tekija,2013-12-10,BOD,,2.0873,mg/l,Fair,augmented_copy2_jitter-3d
SRB00006,Tekija,2013-12-13,BOD,,2.1,mg/l,Fair,original
SRB00006,Tekija,2013-12-14,BOD,,2.0179,mg/l,Fair,augmented_copy3_jitter+1d
SRB00006,Tekija,2013-12-15,BOD,,2.1421,mg/l,Fair,augmented_copy1_jitter+2d
SRB00006,Tekija,2014-01-25,BOD,,1.46,mg/l,Fair,augmented_copy2_jitter-3d
SRB00006,Tekija,2014-01-27,BOD,,1.4012,mg/l,Fair,augmented_copy3_jitter-1d
SRB00006,Tekija,2014-01-28,BOD,,1.4,mg/l,Fair,original
SRB00006,Tekija,2014-01-30,BOD,,1.4432,mg/l,Fair,augmented_copy1_jitter+2d
SRB00006,Tekija,2014-03-07,BOD,,2.7,mg/l,Fair,original
SRB00006,Tekija,2014-03-08,BOD,,2.7008,mg/l,Fair,augmented_copy2_jitter+1d
SRB00006,Tekija,2014-03-08,BOD,,2.7397,mg/l,Fair,augmented_copy3_jitter+1d
SRB00006,Tekija,2014-03-09,BOD,,2.6521,mg/l,Fair,augmented_copy1_jitter+2d
SRB00006,Tekija,2014-03-20,BOD,,1.2,mg/l,Fair,original
SRB00006,Tekija,2014-03-21,BOD,,1.1932,mg/l,Fair,augmented_copy1_jitter+1d
SRB00006,Tekija,2014-03-21,BOD,,1.2398,mg/l,Fair,augmented_copy3_jitter+1d
SRB00006,Tekija,2014-03-23,BOD,,1.1677,mg/l,Fair,augmented_copy2_jitter+3d
SRB00006,Tekija,2014-04-28,BOD,,1.6,mg/l,Fair,original
SRB00006,Tekija,2014-04-29,BOD,,1.6389,mg/l,Fair,augmented_copy2_jitter+1d
SRB00006,Tekija,2014-05-01,BOD,,1.5861,mg/l,Fair,augmented_copy1_jitter+3d
SRB00006,Tekija,2014-05-01,BOD,,1.6314,mg/l,Fair,augmented_copy3_jitter+3d
SRB00006,Tekija,2014-05-26,BOD,,2.9269,mg/l,Fair,augmented_copy1_jitter-3d
SRB00006,Tekija,2014-05-26,BOD,,2.8494,mg/l,Fair,augmented_copy3_jitter-3d
SRB00006,Tekija,2014-05-28,BOD,,2.8975,mg/l,Fair,augmented_copy2_jitter-1d
SRB00006,Tekija,2014-05-29,BOD,,2.9,mg/l,Fair,original
SRB00006,Tekija,2014-06-17,BOD,,2.817,mg/l,Fair,augmented_copy3_jitter-3d
SRB00006,Tekija,2014-06-19,BOD,,2.7843,mg/l,Fair,augmented_copy1_jitter-1d
SRB00006,Tekija,2014-06-19,BOD,,2.7939,mg/l,Fair,augmented_copy2_jitter-1d
SRB00006,Tekija,2014-06-20,BOD,,2.8,mg/l,Fair,original
SRB00006,Tekija,2014-07-31,BOD,,2.0,mg/l,Fair,original
SRB00006,Tekija,2014-08-01,BOD,,1.9769,mg/l,Fair,augmented_copy1_jitter+1d
SRB00006,Tekija,2014-08-01,BOD,,2.0331,mg/l,Fair,augmented_copy2_jitter+1d
SRB00006,Tekija,2014-08-02,BOD,,1.9435,mg/l,Fair,augmented_copy3_jitter+2d
SRB00006,Tekija,2014-08-27,BOD,,1.2137,mg/l,Fair,augmented_copy2_jitter-2d
SRB00006,Tekija,2014-08-28,BOD,,1.1115,mg/l,Fair,augmented_copy1_jitter-1d
SRB00006,Tekija,2014-08-28,BOD,,1.1765,mg/l,Fair,augmented_copy3_jitter-1d
SRB00006,Tekija,2014-08-29,BOD,,1.2,mg/l,Fair,original
SRB00006,Tekija,2014-09-22,BOD,,3.1905,mg/l,Fair,augmented_copy1_jitter-1d
SRB00006,Tekija,2014-09-23,BOD,,3.2,mg/l,Fair,original
SRB00006,Tekija,2014-09-24,BOD,,3.2118,mg/l,Fair,augmented_copy2_jitter+1d
SRB00006,Tekija,2014-09-26,BOD,,3.2411,mg/l,Fair,augmented_copy3_jitter+3d
SRB00006,Tekija,2014-10-12,BOD,,1.4097,mg/l,Fair,augmented_copy3_jitter-3d
SRB00006,Tekija,2014-10-13,BOD,,1.4091,mg/l,Fair,augmented_copy1_jitter-2d
SRB00006,Tekija,2014-10-14,BOD,,1.408,mg/l,Fair,augmented_copy2_jitter-1d
SRB00006,Tekija,2014-10-15,BOD,,1.4,mg/l,Fair,original
SRB00006,Tekija,2014-11-18,BOD,,1.9482,mg/l,Fair,augmented_copy1_jitter-3d
SRB00006,Tekija,2014-11-19,BOD,,2.0118,mg/l,Fair,augmented_copy2_jitter-2d
SRB00006,Tekija,2014-11-21,BOD,,2.0,mg/l,Fair,original
SRB00006,Tekija,2014-11-22,BOD,,1.9801,mg/l,Fair,augmented_copy3_jitter+1d
SRB00006,Tekija,2014-12-06,BOD,,3.0178,mg/l,Fair,augmented_copy1_jitter-3d
SRB00006,Tekija,2014-12-06,BOD,,3.0068,mg/l,Fair,augmented_copy2_jitter-3d
SRB00006,Tekija,2014-12-09,BOD,,3.0,mg/l,Fair,original
SRB00006,Tekija,2014-12-10,BOD,,2.9635,mg/l,Fair,augmented_copy3_jitter+1d
SRB00006,Tekija,2015-01-23,BOD,,2.1607,mg/l,Fair,augmented_copy2_jitter-3d
SRB00006,Tekija,2015-01-25,BOD,,2.2088,mg/l,Fair,augmented_copy3_jitter-1d
SRB00006,Tekija,2015-01-26,BOD,,2.2,mg/l,Fair,original
SRB00006,Tekija,2015-01-28,BOD,,2.1769,mg/l,Fair,augmented_copy1_jitter+2d
SRB00006,Tekija,2015-02-24,BOD,,3.0827,mg/l,Fair,augmented_copy1_jitter-3d
SRB00006,Tekija,2015-02-24,BOD,,3.0749,mg/l,Fair,augmented_copy2_jitter-3d
SRB00006,Tekija,2015-02-27,BOD,,3.1,mg/l,Fair,original
SRB00006,Tekija,2015-02-28,BOD,,3.0862,mg/l,Fair,augmented_copy3_jitter+1d
SRB00006,Tekija,2015-03-26,BOD,,1.9,mg/l,Fair,original
SRB00006,Tekija,2015-03-27,BOD,,1.8622,mg/l,Fair,augmented_copy2_jitter+1d
SRB00006,Tekija,2015-03-28,BOD,,1.9712,mg/l,Fair,augmented_copy1_jitter+2d
SRB00006,Tekija,2015-03-28,BOD,,1.9398,mg/l,Fair,augmented_copy3_jitter+2d
SRB00006,Tekija,2015-04-27,BOD,,1.813,mg/l,Fair,augmented_copy2_jitter-3d
SRB00006,Tekija,2015-04-30,BOD,,1.9,mg/l,Fair,original
SRB00006,Tekija,2015-05-02,BOD,,1.8708,mg/l,Fair,augmented_copy1_jitter+2d
SRB00006,Tekija,2015-05-03,BOD,,1.8919,mg/l,Fair,augmented_copy3_jitter+3d
SRB00006,Tekija,2015-05-20,BOD,,2.0337,mg/l,Fair,augmented_copy2_jitter-1d
SRB00006,Tekija,2015-05-21,BOD,,2.0,mg/l,Fair,original
SRB00006,Tekija,2015-05-23,BOD,,2.0231,mg/l,Fair,augmented_copy1_jitter+2d
SRB00006,Tekija,2015-05-24,BOD,,1.9764,mg/l,Fair,augmented_copy3_jitter+3d
SRB00006,Tekija,2015-06-24,BOD,,3.4824,mg/l,Fair,augmented_copy2_jitter-1d
SRB00006,Tekija,2015-06-24,BOD,,3.5189,mg/l,Fair,augmented_copy3_jitter-1d
SRB00006,Tekija,2015-06-25,BOD,,3.5,mg/l,Fair,original
SRB00006,Tekija,2015-06-28,BOD,,3.5166,mg/l,Fair,augmented_copy1_jitter+3d
SRB00006,Tekija,2015-07-20,BOD,,1.6932,mg/l,Fair,augmented_copy1_jitter-3d
SRB00006,Tekija,2015-07-22,BOD,,1.7129,mg/l,Fair,augmented_copy3_jitter-1d
SRB00006,Tekija,2015-07-23,BOD,,1.7,mg/l,Fair,original
SRB00006,Tekija,2015-07-25,BOD,,1.6478,mg/l,Fair,augmented_copy2_jitter+2d
SRB00006,Tekija,2015-08-07,BOD,,1.8677,mg/l,Fair,augmented_copy3_jitter-3d
SRB00006,Tekija,2015-08-09,BOD,,1.8019,mg/l,Fair,augmented_copy1_jitter-1d
SRB00006,Tekija,2015-08-10,BOD,,1.8,mg/l,Fair,original
SRB00006,Tekija,2015-08-13,BOD,,1.8435,mg/l,Fair,augmented_copy2_jitter+3d
SRB00006,Tekija,2015-09-21,BOD,,1.5613,mg/l,Fair,augmented_copy1_jitter-1d
SRB00006,Tekija,2015-09-22,BOD,,1.5,mg/l,Fair,original
SRB00006,Tekija,2015-09-24,BOD,,1.4774,mg/l,Fair,augmented_copy2_jitter+2d
SRB00006,Tekija,2015-09-25,BOD,,1.4953,mg/l,Fair,augmented_copy3_jitter+3d
SRB00006,Tekija,2015-11-19,BOD,,2.4157,mg/l,Fair,augmented_copy1_jitter-1d
SRB00006,Tekija,2015-11-20,BOD,,2.4,mg/l,Fair,original
SRB00006,Tekija,2015-11-21,BOD,,2.4074,mg/l,Fair,augmented_copy2_jitter+1d
SRB00006,Tekija,2015-11-21,BOD,,2.3739,mg/l,Fair,augmented_copy3_jitter+1d
SRB00006,Tekija,2015-12-15,BOD,,2.1313,mg/l,Fair,augmented_copy2_jitter-2d
SRB00006,Tekija,2015-12-17,BOD,,2.1,mg/l,Fair,original
SRB00006,Tekija,2015-12-19,BOD,,2.1404,mg/l,Fair,augmented_copy1_jitter+2d
SRB00006,Tekija,2015-12-20,BOD,,2.1023,mg/l,Fair,augmented_copy3_jitter+3d
SRB00006,Tekija,2016-01-27,BOD,,2.841,mg/l,Fair,augmented_copy1_jitter-1d
SRB00006,Tekija,2016-01-27,BOD,,2.8102,mg/l,Fair,augmented_copy2_jitter-1d
SRB00006,Tekija,2016-01-28,BOD,,2.8,mg/l,Fair,original
SRB00006,Tekija,2016-01-29,BOD,,2.74,mg/l,Fair,augmented_copy3_jitter+1d
SRB00006,Tekija,2016-02-21,BOD,,2.0111,mg/l,Fair,augmented_copy1_jitter-2d
SRB00006,Tekija,2016-02-21,BOD,,1.9365,mg/l,Fair,augmented_copy3_jitter-2d
SRB00006,Tekija,2016-02-23,BOD,,2.0,mg/l,Fair,original
SRB00006,Tekija,2016-02-25,BOD,,2.0058,mg/l,Fair,augmented_copy2_jitter+2d
SRB00006,Tekija,2016-03-13,BOD,,2.3031,mg/l,Fair,augmented_copy3_jitter-2d
SRB00006,Tekija,2016-03-14,BOD,,2.3267,mg/l,Fair,augmented_copy1_jitter-1d
SRB00006,Tekija,2016-03-15,BOD,,2.3,mg/l,Fair,original
SRB00006,Tekija,2016-03-16,BOD,,2.2711,mg/l,Fair,augmented_copy2_jitter+1d
SRB00006,Tekija,2016-04-16,BOD,,2.3556,mg/l,Fair,augmented_copy2_jitter-3d
SRB00006,Tekija,2016-04-17,BOD,,2.4001,mg/l,Fair,augmented_copy1_jitter-2d
SRB00006,Tekija,2016-04-19,BOD,,2.4,mg/l,Fair,original
SRB00006,Tekija,2016-04-21,BOD,,2.3342,mg/l,Fair,augmented_copy3_jitter+2d
SRB00006,Tekija,2016-05-21,BOD,,2.3329,mg/l,Fair,augmented_copy2_jitter-3d
SRB00006,Tekija,2016-05-23,BOD,,2.2504,mg/l,Fair,augmented_copy3_jitter-1d
SRB00006,Tekija,2016-05-24,BOD,,2.3,mg/l,Fair,original
SRB00006,Tekija,2016-05-27,BOD,,2.3217,mg/l,Fair,augmented_copy1_jitter+3d
SRB00006,Tekija,2016-06-11,BOD,,2.0813,mg/l,Fair,augmented_copy2_jitter-3d
SRB00006,Tekija,2016-06-11,BOD,,2.082,mg/l,Fair,augmented_copy3_jitter-3d
SRB00006,Tekija,2016-06-14,BOD,,2.1,mg/l,Fair,original
SRB00006,Tekija,2016-06-17,BOD,,2.1215,mg/l,Fair,augmented_copy1_jitter+3d
SRB00006,Tekija,2016-07-20,BOD,,2.676,mg/l,Fair,augmented_copy1_jitter-1d
SRB00006,Tekija,2016-07-21,BOD,,2.7,mg/l,Fair,original
SRB00006,Tekija,2016-07-22,BOD,,2.7328,mg/l,Fair,augmented_copy2_jitter+1d
SRB00006,Tekija,2016-07-23,BOD,,2.7413,mg/l,Fair,augmented_copy3_jitter+2d
SRB00006,Tekija,2016-08-13,BOD,,2.144,mg/l,Fair,augmented_copy3_jitter-3d
SRB00006,Tekija,2016-08-14,BOD,,2.2115,mg/l,Fair,augmented_copy1_jitter-2d
SRB00006,Tekija,2016-08-16,BOD,,2.2,mg/l,Fair,original
SRB00006,Tekija,2016-08-19,BOD,,2.1652,mg/l,Fair,augmented_copy2_jitter+3d
SRB00006,Tekija,2016-09-18,BOD,,2.4928,mg/l,Fair,augmented_copy3_jitter-2d
SRB00006,Tekija,2016-09-19,BOD,,2.5887,mg/l,Fair,augmented_copy2_jitter-1d
SRB00006,Tekija,2016-09-20,BOD,,2.5,mg/l,Fair,original
SRB00006,Tekija,2016-09-22,BOD,,2.4986,mg/l,Fair,augmented_copy1_jitter+2d
SRB00006,Tekija,2016-10-15,BOD,,2.0479,mg/l,Fair,augmented_copy2_jitter-3d
SRB00006,Tekija,2016-10-17,BOD,,1.9903,mg/l,Fair,augmented_copy1_jitter-1d
SRB00006,Tekija,2016-10-18,BOD,,2.0,mg/l,Fair,original
SRB00006,Tekija,2016-10-20,BOD,,2.0009,mg/l,Fair,augmented_copy3_jitter+2d
SRB00006,Tekija,2016-11-14,BOD,,1.5303,mg/l,Fair,augmented_copy1_jitter-1d
SRB00006,Tekija,2016-11-14,BOD,,1.4963,mg/l,Fair,augmented_copy3_jitter-1d
SRB00006,Tekija,2016-11-15,BOD,,1.5,mg/l,Fair,original
SRB00006,Tekija,2016-11-17,BOD,,1.5133,mg/l,Fair,augmented_copy2_jitter+2d
SRB00006,Tekija,2016-12-10,BOD,,2.4746,mg/l,Fair,augmented_copy2_jitter-3d
SRB00006,Tekija,2016-12-11,BOD,,2.5293,mg/l,Fair,augmented_copy1_jitter-2d
SRB00006,Tekija,2016-12-12,BOD,,2.4586,mg/l,Fair,augmented_copy3_jitter-1d
SRB00006,Tekija,2016-12-13,BOD,,2.5,mg/l,Fair,original
SRB00006,Tekija,2017-02-18,BOD,,2.0128,mg/l,Fair,augmented_copy1_jitter-3d
SRB00006,Tekija,2017-02-18,BOD,,1.9641,mg/l,Fair,augmented_copy2_jitter-3d
SRB00006,Tekija,2017-02-21,BOD,,2.0,mg/l,Fair,original
SRB00006,Tekija,2017-02-24,BOD,,2.0237,mg/l,Fair,augmented_copy3_jitter+3d
SRB00006,Tekija,2017-03-25,BOD,,2.3947,mg/l,Fair,augmented_copy1_jitter-3d
SRB00006,Tekija,2017-03-26,BOD,,2.4297,mg/l,Fair,augmented_copy3_jitter-2d
SRB00006,Tekija,2017-03-27,BOD,,2.421,mg/l,Fair,augmented_copy2_jitter-1d
SRB00006,Tekija,2017-03-28,BOD,,2.4,mg/l,Fair,original
SRB00006,Tekija,2017-04-15,BOD,,2.1325,mg/l,Fair,augmented_copy1_jitter-3d
SRB00006,Tekija,2017-04-17,BOD,,2.0673,mg/l,Fair,augmented_copy2_jitter-1d
SRB00006,Tekija,2017-04-18,BOD,,2.1,mg/l,Fair,original
SRB00006,Tekija,2017-04-20,BOD,,2.0387,mg/l,Fair,augmented_copy3_jitter+2d
SRB00006,Tekija,2017-05-16,BOD,,3.2,mg/l,Fair,original
SRB00006,Tekija,2017-05-17,BOD,,3.2412,mg/l,Fair,augmented_copy3_jitter+1d
SRB00006,Tekija,2017-05-18,BOD,,3.2377,mg/l,Fair,augmented_copy1_jitter+2d
SRB00006,Tekija,2017-05-18,BOD,,3.1509,mg/l,Fair,augmented_copy2_jitter+2d
SRB00006,Tekija,2017-06-19,BOD,,2.601,mg/l,Fair,augmented_copy1_jitter-1d
SRB00006,Tekija,2017-06-19,BOD,,2.4877,mg/l,Fair,augmented_copy3_jitter-1d
SRB00006,Tekija,2017-06-20,BOD,,2.5,mg/l,Fair,original
SRB00006,Tekija,2017-06-22,BOD,,2.451,mg/l,Fair,augmented_copy2_jitter+2d
SRB00006,Tekija,2017-07-17,BOD,,2.1222,mg/l,Fair,augmented_copy2_jitter-1d
SRB00006,Tekija,2017-07-18,BOD,,2.1,mg/l,Fair,original
SRB00006,Tekija,2017-07-19,BOD,,2.0941,mg/l,Fair,augmented_copy1_jitter+1d
SRB00006,Tekija,2017-07-20,BOD,,2.0953,mg/l,Fair,augmented_copy3_jitter+2d
SRB00006,Tekija,2017-08-12,BOD,,2.1819,mg/l,Fair,augmented_copy3_jitter-3d
SRB00006,Tekija,2017-08-14,BOD,,2.1746,mg/l,Fair,augmented_copy1_jitter-1d
SRB00006,Tekija,2017-08-14,BOD,,2.1415,mg/l,Fair,augmented_copy2_jitter-1d
SRB00006,Tekija,2017-08-15,BOD,,2.2,mg/l,Fair,original
SRB00006,Tekija,2017-09-13,BOD,,2.2466,mg/l,Fair,augmented_copy1_jitter-1d
SRB00006,Tekija,2017-09-13,BOD,,2.2702,mg/l,Fair,augmented_copy2_jitter-1d
SRB00006,Tekija,2017-09-14,BOD,,2.3,mg/l,Fair,original
SRB00006,Tekija,2017-09-17,BOD,,2.3359,mg/l,Fair,augmented_copy3_jitter+3d
SRB00006,Tekija,2017-10-15,BOD,,1.9314,mg/l,Fair,augmented_copy3_jitter-2d
SRB00006,Tekija,2017-10-17,BOD,,1.9,mg/l,Fair,original
SRB00006,Tekija,2017-10-20,BOD,,1.9334,mg/l,Fair,augmented_copy1_jitter+3d
SRB00006,Tekija,2017-10-20,BOD,,1.8703,mg/l,Fair,augmented_copy2_jitter+3d
SRB00006,Tekija,2017-11-11,BOD,,2.9462,mg/l,Fair,augmented_copy1_jitter-3d
SRB00006,Tekija,2017-11-13,BOD,,2.8646,mg/l,Fair,augmented_copy2_jitter-1d
SRB00006,Tekija,2017-11-14,BOD,,2.9,mg/l,Fair,original
SRB00006,Tekija,2017-11-16,BOD,,2.9596,mg/l,Fair,augmented_copy3_jitter+2d
SRB00006,Tekija,2017-12-11,BOD,,1.7083,mg/l,Fair,augmented_copy3_jitter-1d
SRB00006,Tekija,2017-12-12,BOD,,1.7,mg/l,Fair,original
SRB00006,Tekija,2017-12-13,BOD,,1.7225,mg/l,Fair,augmented_copy2_jitter+1d
SRB00006,Tekija,2017-12-14,BOD,,1.6902,mg/l,Fair,augmented_copy1_jitter+2d
SRB00006,Tekija,2018-01-14,BOD,,2.1861,mg/l,Fair,augmented_copy2_jitter-2d
SRB00006,Tekija,2018-01-15,BOD,,2.2622,mg/l,Fair,augmented_copy3_jitter-1d
SRB00006,Tekija,2018-01-16,BOD,,2.2,mg/l,Fair,original
SRB00006,Tekija,2018-01-17,BOD,,2.1924,mg/l,Fair,augmented_copy1_jitter+1d
SRB00006,Tekija,2018-02-19,BOD,,2.6201,mg/l,Fair,augmented_copy3_jitter-1d
SRB00006,Tekija,2018-02-20,BOD,,2.6,mg/l,Fair,original
SRB00006,Tekija,2018-02-23,BOD,,2.652,mg/l,Fair,augmented_copy1_jitter+3d
SRB00006,Tekija,2018-02-23,BOD,,2.5407,mg/l,Fair,augmented_copy2_jitter+3d
SRB00006,Tekija,2018-03-18,BOD,,2.2261,mg/l,Fair,augmented_copy1_jitter-2d
SRB00006,Tekija,2018-03-20,BOD,,2.2,mg/l,Fair,original
SRB00006,Tekija,2018-03-21,BOD,,2.1688,mg/l,Fair,augmented_copy3_jitter+1d
SRB00006,Tekija,2018-03-22,BOD,,2.1705,mg/l,Fair,augmented_copy2_jitter+2d
SRB00006,Tekija,2018-04-16,BOD,,2.3907,mg/l,Fair,augmented_copy3_jitter-1d
SRB00006,Tekija,2018-04-17,BOD,,2.4,mg/l,Fair,original
SRB00006,Tekija,2018-04-19,BOD,,2.3701,mg/l,Fair,augmented_copy2_jitter+2d
SRB00006,Tekija,2018-04-20,BOD,,2.3672,mg/l,Fair,augmented_copy1_jitter+3d
SRB00006,Tekija,2018-05-12,BOD,,1.9377,mg/l,Fair,augmented_copy3_jitter-3d
SRB00006,Tekija,2018-05-14,BOD,,2.0009,mg/l,Fair,augmented_copy1_jitter-1d
SRB00006,Tekija,2018-05-15,BOD,,2.0,mg/l,Fair,original
SRB00006,Tekija,2018-05-18,BOD,,2.0053,mg/l,Fair,augmented_copy2_jitter+3d
SRB00006,Tekija,2018-06-16,BOD,,2.039,mg/l,Fair,augmented_copy1_jitter-3d
SRB00006,Tekija,2018-06-17,BOD,,2.0102,mg/l,Fair,augmented_copy2_jitter-2d
SRB00006,Tekija,2018-06-19,BOD,,2.0,mg/l,Fair,original
SRB00006,Tekija,2018-06-21,BOD,,1.9736,mg/l,Fair,augmented_copy3_jitter+2d
SRB00006,Tekija,2018-07-15,BOD,,2.0902,mg/l,Fair,augmented_copy2_jitter-1d
SRB00006,Tekija,2018-07-16,BOD,,2.1,mg/l,Fair,original
SRB00006,Tekija,2018-07-17,BOD,,2.0491,mg/l,Fair,augmented_copy1_jitter+1d
SRB00006,Tekija,2018-07-19,BOD,,2.0471,mg/l,Fair,augmented_copy3_jitter+3d
SRB00006,Tekija,2018-08-18,BOD,,1.828,mg/l,Fair,augmented_copy2_jitter-3d
SRB00006,Tekija,2018-08-21,BOD,,1.8,mg/l,Fair,original
SRB00006,Tekija,2018-08-22,BOD,,1.8377,mg/l,Fair,augmented_copy3_jitter+1d
SRB00006,Tekija,2018-08-23,BOD,,1.8412,mg/l,Fair,augmented_copy1_jitter+2d
SRB00006,Tekija,2018-09-16,BOD,,2.2173,mg/l,Fair,augmented_copy3_jitter-2d
SRB00006,Tekija,2018-09-17,BOD,,2.1559,mg/l,Fair,augmented_copy1_jitter-1d
SRB00006,Tekija,2018-09-18,BOD,,2.2,mg/l,Fair,original
SRB00006,Tekija,2018-09-21,BOD,,2.2613,mg/l,Fair,augmented_copy2_jitter+3d
SRB00006,Tekija,2018-10-14,BOD,,1.9131,mg/l,Fair,augmented_copy2_jitter-2d
SRB00006,Tekija,2018-10-15,BOD,,1.9469,mg/l,Fair,augmented_copy3_jitter-1d
SRB00006,Tekija,2018-10-16,BOD,,1.9,mg/l,Fair,original
SRB00006,Tekija,2018-10-18,BOD,,1.8869,mg/l,Fair,augmented_copy1_jitter+2d
SRB00006,Tekija,2018-11-12,BOD,,1.7832,mg/l,Fair,augmented_copy1_jitter-1d
SRB00006,Tekija,2018-11-13,BOD,,1.8,mg/l,Fair,original
SRB00006,Tekija,2018-11-15,BOD,,1.7887,mg/l,Fair,augmented_copy2_jitter+2d
SRB00006,Tekija,2018-11-15,BOD,,1.8617,mg/l,Fair,augmented_copy3_jitter+2d
SRB00006,Tekija,2018-12-10,BOD,,3.0114,mg/l,Fair,augmented_copy3_jitter-1d
SRB00006,Tekija,2018-12-11,BOD,,3.0,mg/l,Fair,original
SRB00006,Tekija,2018-12-12,BOD,,3.0396,mg/l,Fair,augmented_copy1_jitter+1d
SRB00006,Tekija,2018-12-14,BOD,,3.0446,mg/l,Fair,augmented_copy2_jitter+3d
SRB00006,Tekija,2019-01-20,BOD,,2.1328,mg/l,Fair,augmented_copy2_jitter-2d
SRB00006,Tekija,2019-01-22,BOD,,2.1,mg/l,Fair,original
SRB00006,Tekija,2019-01-23,BOD,,2.1035,mg/l,Fair,augmented_copy3_jitter+1d
SRB00006,Tekija,2019-01-24,BOD,,2.1526,mg/l,Fair,augmented_copy1_jitter+2d
SRB00006,Tekija,2019-02-25,BOD,,2.4048,mg/l,Fair,augmented_copy3_jitter-1d
SRB00006,Tekija,2019-02-26,BOD,,2.4,mg/l,Fair,original
SRB00006,Tekija,2019-02-28,BOD,,2.4715,mg/l,Fair,augmented_copy1_jitter+2d
SRB00006,Tekija,2019-02-28,BOD,,2.4113,mg/l,Fair,augmented_copy2_jitter+2d
SRB00006,Tekija,2019-03-16,BOD,,1.8922,mg/l,Fair,augmented_copy2_jitter-3d
SRB00006,Tekija,2019-03-16,BOD,,1.8908,mg/l,Fair,augmented_copy3_jitter-3d
SRB00006,Tekija,2019-03-18,BOD,,1.9326,mg/l,Fair,augmented_copy1_jitter-1d
SRB00006,Tekija,2019-03-19,BOD,,1.9,mg/l,Fair,original
SRB00006,Tekija,2019-04-20,BOD,,2.1808,mg/l,Fair,augmented_copy2_jitter-2d
SRB00006,Tekija,2019-04-22,BOD,,2.17,mg/l,Fair,original
SRB00006,Tekija,2019-04-23,BOD,,2.1315,mg/l,Fair,augmented_copy1_jitter+1d
SRB00006,Tekija,2019-04-25,BOD,,2.1882,mg/l,Fair,augmented_copy3_jitter+3d
SRB00006,Tekija,2019-05-29,BOD,,1.9304,mg/l,Fair,augmented_copy1_jitter-2d
SRB00006,Tekija,2019-05-29,BOD,,1.8911,mg/l,Fair,augmented_copy3_jitter-2d
SRB00006,Tekija,2019-05-30,BOD,,1.8535,mg/l,Fair,augmented_copy2_jitter-1d
SRB00006,Tekija,2019-05-31,BOD,,1.9,mg/l,Fair,original
SRB00006,Tekija,2019-06-16,BOD,,2.3454,mg/l,Fair,augmented_copy1_jitter-2d
SRB00006,Tekija,2019-06-16,BOD,,2.3337,mg/l,Fair,augmented_copy2_jitter-2d
SRB00006,Tekija,2019-06-17,BOD,,2.3621,mg/l,Fair,augmented_copy3_jitter-1d
SRB00006,Tekija,2019-06-18,BOD,,2.37,mg/l,Fair,original
SRB00006,Tekija,2019-07-06,BOD,,1.0246,mg/l,Fair,augmented_copy1_jitter-3d
SRB00006,Tekija,2019-07-09,BOD,,1.03,mg/l,Fair,original
SRB00006,Tekija,2019-07-11,BOD,,1.0272,mg/l,Fair,augmented_copy2_jitter+2d
SRB00006,Tekija,2019-07-11,BOD,,1.0478,mg/l,Fair,augmented_copy3_jitter+2d
SRB00006,Tekija,2019-08-17,BOD,,1.4908,mg/l,Fair,augmented_copy1_jitter-3d
SRB00006,Tekija,2019-08-17,BOD,,1.5067,mg/l,Fair,augmented_copy2_jitter-3d
SRB00006,Tekija,2019-08-18,BOD,,1.5452,mg/l,Fair,augmented_copy3_jitter-2d
SRB00006,Tekija,2019-08-20,BOD,,1.5,mg/l,Fair,original
SRB00006,Tekija,2019-09-15,BOD,,2.1633,mg/l,Fair,augmented_copy2_jitter-2d
SRB00006,Tekija,2019-09-16,BOD,,2.1452,mg/l,Fair,augmented_copy1_jitter-1d
SRB00006,Tekija,2019-09-17,BOD,,2.1,mg/l,Fair,original
SRB00006,Tekija,2019-09-20,BOD,,2.1284,mg/l,Fair,augmented_copy3_jitter+3d
SRB00006,Tekija,2019-10-12,BOD,,1.8183,mg/l,Fair,augmented_copy3_jitter-3d
SRB00006,Tekija,2019-10-14,BOD,,1.7878,mg/l,Fair,augmented_copy1_jitter-1d
SRB00006,Tekija,2019-10-14,BOD,,1.7911,mg/l,Fair,augmented_copy2_jitter-1d
SRB00006,Tekija,2019-10-15,BOD,,1.8,mg/l,Fair,original
SRB00006,Tekija,2019-11-09,BOD,,2.433,mg/l,Fair,augmented_copy1_jitter-3d
SRB00006,Tekija,2019-11-10,BOD,,2.3694,mg/l,Fair,augmented_copy2_jitter-2d
SRB00006,Tekija,2019-11-12,BOD,,2.43,mg/l,Fair,original
SRB00006,Tekija,2019-11-13,BOD,,2.4274,mg/l,Fair,augmented_copy3_jitter+1d
SRB00006,Tekija,2019-12-10,BOD,,2.45,mg/l,Fair,original
SRB00006,Tekija,2019-12-12,BOD,,2.4008,mg/l,Fair,augmented_copy2_jitter+2d
SRB00006,Tekija,2019-12-12,BOD,,2.4629,mg/l,Fair,augmented_copy3_jitter+2d
SRB00006,Tekija,2019-12-13,BOD,,2.4731,mg/l,Fair,augmented_copy1_jitter+3d
SRB00006,Tekija,2020-01-20,BOD,,2.151,mg/l,Fair,augmented_copy3_jitter-3d
SRB00006,Tekija,2020-01-23,BOD,,2.2,mg/l,Fair,original
SRB00006,Tekija,2020-01-26,BOD,,2.1724,mg/l,Fair,augmented_copy1_jitter+3d
SRB00006,Tekija,2020-01-26,BOD,,2.2783,mg/l,Fair,augmented_copy2_jitter+3d
SRB00006,Tekija,2020-02-17,BOD,,2.9257,mg/l,Fair,augmented_copy2_jitter-2d
SRB00006,Tekija,2020-02-18,BOD,,2.9937,mg/l,Fair,augmented_copy1_jitter-1d
SRB00006,Tekija,2020-02-19,BOD,,2.96,mg/l,Fair,original
SRB00006,Tekija,2020-02-20,BOD,,2.9298,mg/l,Fair,augmented_copy3_jitter+1d
SRB00006,Tekija,2020-05-04,BOD,,1.8341,mg/l,Fair,augmented_copy2_jitter-1d
SRB00006,Tekija,2020-05-05,BOD,,1.8,mg/l,Fair,original
SRB00006,Tekija,2020-05-06,BOD,,1.7653,mg/l,Fair,augmented_copy1_jitter+1d
SRB00006,Tekija,2020-05-07,BOD,,1.8021,mg/l,Fair,augmented_copy3_jitter+2d
SRB00006,Tekija,2020-06-01,BOD,,1.2611,mg/l,Fair,augmented_copy3_jitter-2d
SRB00006,Tekija,2020-06-03,BOD,,1.21,mg/l,Fair,original
SRB00006,Tekija,2020-06-06,BOD,,1.1791,mg/l,Fair,augmented_copy1_jitter+3d
SRB00006,Tekija,2020-06-06,BOD,,1.1901,mg/l,Fair,augmented_copy2_jitter+3d
SRB00006,Tekija,2020-06-26,BOD,,0.8986,mg/l,Fair,augmented_copy3_jitter-3d
SRB00006,Tekija,2020-06-28,BOD,,0.9559,mg/l,Fair,augmented_copy2_jitter-1d
SRB00006,Tekija,2020-06-29,BOD,,0.95,mg/l,Fair,original
SRB00006,Tekija,2020-07-02,BOD,,0.9527,mg/l,Fair,augmented_copy1_jitter+3d
SRB00006,Tekija,2020-07-12,BOD,,2.0673,mg/l,Fair,augmented_copy3_jitter-2d
SRB00006,Tekija,2020-07-13,BOD,,1.9953,mg/l,Fair,augmented_copy2_jitter-1d
SRB00006,Tekija,2020-07-14,BOD,,2.0,mg/l,Fair,original
SRB00006,Tekija,2020-07-15,BOD,,1.9781,mg/l,Fair,augmented_copy1_jitter+1d
SRB00006,Tekija,2020-08-17,BOD,,1.9872,mg/l,Fair,augmented_copy1_jitter-1d
SRB00006,Tekija,2020-08-18,BOD,,2.0,mg/l,Fair,original
SRB00006,Tekija,2020-08-20,BOD,,1.9776,mg/l,Fair,augmented_copy2_jitter+2d
SRB00006,Tekija,2020-08-20,BOD,,1.96,mg/l,Fair,augmented_copy3_jitter+2d
SRB00006,Tekija,2020-09-15,BOD,,2.85,mg/l,Fair,original
SRB00006,Tekija,2020-09-16,BOD,,2.8175,mg/l,Fair,augmented_copy2_jitter+1d
SRB00006,Tekija,2020-09-17,BOD,,2.8459,mg/l,Fair,augmented_copy1_jitter+2d
SRB00006,Tekija,2020-09-17,BOD,,2.8677,mg/l,Fair,augmented_copy3_jitter+2d
SRB00006,Tekija,2020-10-11,BOD,,1.2725,mg/l,Fair,augmented_copy1_jitter-2d
SRB00006,Tekija,2020-10-13,BOD,,1.3,mg/l,Fair,original
SRB00006,Tekija,2020-10-16,BOD,,1.3545,mg/l,Fair,augmented_copy2_jitter+3d
SRB00006,Tekija,2020-10-16,BOD,,1.2266,mg/l,Fair,augmented_copy3_jitter+3d
SRB00006,Tekija,2020-11-07,BOD,,2.1189,mg/l,Fair,augmented_copy3_jitter-3d
SRB00006,Tekija,2020-11-10,BOD,,2.1,mg/l,Fair,original
SRB00006,Tekija,2020-11-12,BOD,,2.1387,mg/l,Fair,augmented_copy2_jitter+2d
SRB00006,Tekija,2020-11-13,BOD,,2.0687,mg/l,Fair,augmented_copy1_jitter+3d
SRB00006,Tekija,2020-12-07,BOD,,1.826,mg/l,Fair,augmented_copy1_jitter-1d
SRB00006,Tekija,2020-12-07,BOD,,1.8024,mg/l,Fair,augmented_copy3_jitter-1d
SRB00006,Tekija,2020-12-08,BOD,,1.8,mg/l,Fair,original
SRB00006,Tekija,2020-12-10,BOD,,1.7966,mg/l,Fair,augmented_copy2_jitter+2d
SRB00006,Tekija,2021-01-24,BOD,,1.9945,mg/l,Fair,augmented_copy3_jitter-2d
SRB00006,Tekija,2021-01-26,BOD,,2.0,mg/l,Fair,original
SRB00006,Tekija,2021-01-28,BOD,,1.9449,mg/l,Fair,augmented_copy2_jitter+2d
SRB00006,Tekija,2021-01-29,BOD,,1.9133,mg/l,Fair,augmented_copy1_jitter+3d
SRB00006,Tekija,2021-02-22,BOD,,2.7785,mg/l,Fair,augmented_copy2_jitter-1d
SRB00006,Tekija,2021-02-23,BOD,,2.8,mg/l,Fair,original
SRB00006,Tekija,2021-02-24,BOD,,2.8157,mg/l,Fair,augmented_copy1_jitter+1d
SRB00006,Tekija,2021-02-24,BOD,,2.7734,mg/l,Fair,augmented_copy3_jitter+1d
SRB00006,Tekija,2021-03-16,BOD,,2.1,mg/l,Fair,original
SRB00006,Tekija,2021-03-17,BOD,,2.0937,mg/l,Fair,augmented_copy2_jitter+1d
SRB00006,Tekija,2021-03-19,BOD,,2.0995,mg/l,Fair,augmented_copy1_jitter+3d
SRB00006,Tekija,2021-03-19,BOD,,2.0981,mg/l,Fair,augmented_copy3_jitter+3d
SRB00006,Tekija,2021-04-18,BOD,,3.0896,mg/l,Fair,augmented_copy3_jitter-2d
SRB00006,Tekija,2021-04-20,BOD,,3.1,mg/l,Fair,original
SRB00006,Tekija,2021-04-21,BOD,,3.1684,mg/l,Fair,augmented_copy1_jitter+1d
SRB00006,Tekija,2021-04-23,BOD,,3.1019,mg/l,Fair,augmented_copy2_jitter+3d
SRB00006,Tekija,2021-05-16,BOD,,1.7089,mg/l,Fair,augmented_copy2_jitter-2d
SRB00006,Tekija,2021-05-17,BOD,,1.7234,mg/l,Fair,augmented_copy1_jitter-1d
SRB00006,Tekija,2021-05-18,BOD,,1.7,mg/l,Fair,original
SRB00006,Tekija,2021-05-20,BOD,,1.7183,mg/l,Fair,augmented_copy3_jitter+2d
SRB00006,Tekija,2021-06-14,BOD,,1.5688,mg/l,Fair,augmented_copy2_jitter-1d
SRB00006,Tekija,2021-06-15,BOD,,1.6,mg/l,Fair,original
SRB00006,Tekija,2021-06-17,BOD,,1.5588,mg/l,Fair,augmented_copy1_jitter+2d
SRB00006,Tekija,2021-06-18,BOD,,1.638,mg/l,Fair,augmented_copy3_jitter+3d
SRB00006,Tekija,2021-07-18,BOD,,1.3269,mg/l,Fair,augmented_copy3_jitter-2d
SRB00006,Tekija,2021-07-19,BOD,,1.3157,mg/l,Fair,augmented_copy2_jitter-1d
SRB00006,Tekija,2021-07-20,BOD,,1.3,mg/l,Fair,original
SRB00006,Tekija,2021-07-22,BOD,,1.3018,mg/l,Fair,augmented_copy1_jitter+2d
SRB00006,Tekija,2021-08-27,BOD,,2.0316,mg/l,Fair,augmented_copy3_jitter-1d
SRB00006,Tekija,2021-08-28,BOD,,2.0,mg/l,Fair,original
SRB00006,Tekija,2021-08-29,BOD,,2.0102,mg/l,Fair,augmented_copy2_jitter+1d
SRB00006,Tekija,2021-08-31,BOD,,2.0045,mg/l,Fair,augmented_copy1_jitter+3d
SRB00006,Tekija,2021-09-22,BOD,,1.8982,mg/l,Fair,augmented_copy2_jitter-1d
SRB00006,Tekija,2021-09-23,BOD,,1.9,mg/l,Fair,original
SRB00006,Tekija,2021-09-24,BOD,,1.8891,mg/l,Fair,augmented_copy1_jitter+1d
SRB00006,Tekija,2021-09-24,BOD,,1.8633,mg/l,Fair,augmented_copy3_jitter+1d
SRB00006,Tekija,2021-10-20,BOD,,2.1,mg/l,Fair,original
SRB00006,Tekija,2021-10-23,BOD,,2.1276,mg/l,Fair,augmented_copy1_jitter+3d
SRB00006,Tekija,2021-10-23,BOD,,2.0865,mg/l,Fair,augmented_copy2_jitter+3d
SRB00006,Tekija,2021-10-23,BOD,,2.0688,mg/l,Fair,augmented_copy3_jitter+3d
SRB00006,Tekija,2021-11-13,BOD,,1.9824,mg/l,Fair,augmented_copy2_jitter-3d
SRB00006,Tekija,2021-11-14,BOD,,2.0361,mg/l,Fair,augmented_copy1_jitter-2d
SRB00006,Tekija,2021-11-16,BOD,,2.0,mg/l,Fair,original
SRB00006,Tekija,2021-11-19,BOD,,2.0227,mg/l,Fair,augmented_copy3_jitter+3d
SRB00006,Tekija,2021-12-07,BOD,,2.4,mg/l,Fair,original
SRB00006,Tekija,2021-12-08,BOD,,2.3954,mg/l,Fair,augmented_copy2_jitter+1d
SRB00006,Tekija,2021-12-09,BOD,,2.3687,mg/l,Fair,augmented_copy1_jitter+2d
SRB00006,Tekija,2021-12-10,BOD,,2.3747,mg/l,Fair,augmented_copy3_jitter+3d
SRB00006,Tekija,2022-01-26,BOD,,1.9025,mg/l,Fair,augmented_copy2_jitter-2d
SRB00006,Tekija,2022-01-27,BOD,,1.8861,mg/l,Fair,augmented_copy3_jitter-1d
SRB00006,Tekija,2022-01-28,BOD,,1.9,mg/l,Fair,original
SRB00006,Tekija,2022-01-31,BOD,,1.9763,mg/l,Fair,augmented_copy1_jitter+3d
SRB00006,Tekija,2022-02-19,BOD,,2.4304,mg/l,Fair,augmented_copy1_jitter-3d
SRB00006,Tekija,2022-02-19,BOD,,2.3971,mg/l,Fair,augmented_copy3_jitter-3d
SRB00006,Tekija,2022-02-22,BOD,,2.4,mg/l,Fair,original
SRB00006,Tekija,2022-02-24,BOD,,2.4139,mg/l,Fair,augmented_copy2_jitter+2d
SRB00006,Tekija,2022-03-15,BOD,,2.0,mg/l,Fair,original
SRB00006,Tekija,2022-03-16,BOD,,1.9619,mg/l,Fair,augmented_copy1_jitter+1d
SRB00006,Tekija,2022-03-18,BOD,,1.9973,mg/l,Fair,augmented_copy2_jitter+3d
SRB00006,Tekija,2022-03-18,BOD,,2.0139,mg/l,Fair,augmented_copy3_jitter+3d
SRB00006,Tekija,2022-05-06,BOD,,1.6921,mg/l,Fair,augmented_copy2_jitter-3d
SRB00006,Tekija,2022-05-08,BOD,,1.667,mg/l,Fair,augmented_copy1_jitter-1d
SRB00006,Tekija,2022-05-09,BOD,,1.7,mg/l,Fair,original
SRB00006,Tekija,2022-05-11,BOD,,1.7136,mg/l,Fair,augmented_copy3_jitter+2d
SRB00006,Tekija,2022-05-23,BOD,,1.9037,mg/l,Fair,augmented_copy1_jitter-2d
SRB00006,Tekija,2022-05-23,BOD,,1.922,mg/l,Fair,augmented_copy2_jitter-2d
SRB00006,Tekija,2022-05-24,BOD,,1.9221,mg/l,Fair,augmented_copy3_jitter-1d
SRB00006,Tekija,2022-05-25,BOD,,1.9,mg/l,Fair,original
SRB00006,Tekija,2022-06-12,BOD,,0.9472,mg/l,Fair,augmented_copy1_jitter-2d
SRB00006,Tekija,2022-06-12,BOD,,0.9677,mg/l,Fair,augmented_copy2_jitter-2d
SRB00006,Tekija,2022-06-14,BOD,,1.0,mg/l,Fair,original
SRB00006,Tekija,2022-06-15,BOD,,0.9906,mg/l,Fair,augmented_copy3_jitter+1d
SRB00006,Tekija,2022-07-17,BOD,,2.2838,mg/l,Fair,augmented_copy2_jitter-2d
SRB00006,Tekija,2022-07-17,BOD,,2.2788,mg/l,Fair,augmented_copy3_jitter-2d
SRB00006,Tekija,2022-07-18,BOD,,2.3055,mg/l,Fair,augmented_copy1_jitter-1d
SRB00006,Tekija,2022-07-19,BOD,,2.3,mg/l,Fair,original
SRB00006,Tekija,2022-08-16,BOD,,1.8,mg/l,Fair,original
SRB00006,Tekija,2022-08-17,BOD,,1.7944,mg/l,Fair,augmented_copy3_jitter+1d
SRB00006,Tekija,2022-08-18,BOD,,1.8274,mg/l,Fair,augmented_copy1_jitter+2d
SRB00006,Tekija,2022-08-19,BOD,,1.7469,mg/l,Fair,augmented_copy2_jitter+3d
SRB00006,Tekija,2022-10-03,BOD,,1.6182,mg/l,Fair,augmented_copy2_jitter-3d
SRB00006,Tekija,2022-10-04,BOD,,1.5813,mg/l,Fair,augmented_copy3_jitter-2d
SRB00006,Tekija,2022-10-05,BOD,,1.6033,mg/l,Fair,augmented_copy1_jitter-1d
SRB00006,Tekija,2022-10-06,BOD,,1.6,mg/l,Fair,original
SRB00006,Tekija,2022-10-15,BOD,,1.7375,mg/l,Fair,augmented_copy1_jitter-3d
SRB00006,Tekija,2022-10-18,BOD,,1.7,mg/l,Fair,original
SRB00006,Tekija,2022-10-19,BOD,,1.7058,mg/l,Fair,augmented_copy3_jitter+1d
SRB00006,Tekija,2022-10-20,BOD,,1.6782,mg/l,Fair,augmented_copy2_jitter+2d
SRB00006,Tekija,2022-11-14,BOD,,1.7134,mg/l,Fair,augmented_copy3_jitter-1d
SRB00006,Tekija,2022-11-15,BOD,,1.7,mg/l,Fair,original
SRB00006,Tekija,2022-11-16,BOD,,1.7358,mg/l,Fair,augmented_copy2_jitter+1d
SRB00006,Tekija,2022-11-17,BOD,,1.7018,mg/l,Fair,augmented_copy1_jitter+2d
SRB00006,Tekija,2022-12-06,BOD,,1.8,mg/l,Fair,original
SRB00006,Tekija,2022-12-08,BOD,,1.7919,mg/l,Fair,augmented_copy1_jitter+2d
SRB00006,Tekija,2022-12-08,BOD,,1.81,mg/l,Fair,augmented_copy3_jitter+2d
SRB00006,Tekija,2022-12-09,BOD,,1.8716,mg/l,Fair,augmented_copy2_jitter+3d
SRB00006,Tekija,2023-01-22,BOD,,2.7905,mg/l,Fair,augmented_copy3_jitter-2d
SRB00006,Tekija,2023-01-24,BOD,,2.8,mg/l,Fair,original
SRB00006,Tekija,2023-01-25,BOD,,2.7994,mg/l,Fair,augmented_copy1_jitter+1d
SRB00006,Tekija,2023-01-27,BOD,,2.7766,mg/l,Fair,augmented_copy2_jitter+3d
SRB00006,Tekija,2023-02-20,BOD,,1.7142,mg/l,Fair,augmented_copy2_jitter-1d
SRB00006,Tekija,2023-02-21,BOD,,1.7,mg/l,Fair,original
SRB00006,Tekija,2023-02-23,BOD,,1.6871,mg/l,Fair,augmented_copy3_jitter+2d
SRB00006,Tekija,2023-02-24,BOD,,1.6977,mg/l,Fair,augmented_copy1_jitter+3d
SRB00006,Tekija,2023-03-18,BOD,,2.79,mg/l,Fair,augmented_copy3_jitter-3d
SRB00006,Tekija,2023-03-21,BOD,,2.8,mg/l,Fair,original
SRB00006,Tekija,2023-03-22,BOD,,2.8258,mg/l,Fair,augmented_copy2_jitter+1d
SRB00006,Tekija,2023-03-23,BOD,,2.7998,mg/l,Fair,augmented_copy1_jitter+2d
SRB00006,Tekija,2023-04-15,BOD,,0.5599,mg/l,Fair,augmented_copy1_jitter-3d
SRB00006,Tekija,2023-04-18,BOD,,0.6,mg/l,Fair,original
SRB00006,Tekija,2023-04-19,BOD,,0.5175,mg/l,Fair,augmented_copy3_jitter+1d
SRB00006,Tekija,2023-04-21,BOD,,0.6219,mg/l,Fair,augmented_copy2_jitter+3d
SRB00006,Tekija,2023-05-15,BOD,,1.5395,mg/l,Fair,augmented_copy3_jitter-1d
SRB00006,Tekija,2023-05-16,BOD,,1.6,mg/l,Fair,original
SRB00006,Tekija,2023-05-19,BOD,,1.5751,mg/l,Fair,augmented_copy1_jitter+3d
SRB00006,Tekija,2023-05-19,BOD,,1.6481,mg/l,Fair,augmented_copy2_jitter+3d
SRB00006,Tekija,2023-06-18,BOD,,2.0623,mg/l,Fair,augmented_copy2_jitter-2d
SRB00006,Tekija,2023-06-20,BOD,,2.1,mg/l,Fair,original
SRB00006,Tekija,2023-06-21,BOD,,2.1872,mg/l,Fair,augmented_copy3_jitter+1d
SRB00006,Tekija,2023-06-22,BOD,,2.1008,mg/l,Fair,augmented_copy1_jitter+2d
SRB00006,Tekija,2023-07-16,BOD,,2.3525,mg/l,Fair,augmented_copy2_jitter-2d
SRB00006,Tekija,2023-07-18,BOD,,2.4,mg/l,Fair,original
SRB00006,Tekija,2023-07-20,BOD,,2.429,mg/l,Fair,augmented_copy1_jitter+2d
SRB00006,Tekija,2023-07-21,BOD,,2.3927,mg/l,Fair,augmented_copy3_jitter+3d
SRB00006,Tekija,2023-08-22,BOD,,2.5,mg/l,Fair,original
SRB00006,Tekija,2023-08-24,BOD,,2.5257,mg/l,Fair,augmented_copy2_jitter+2d
SRB00006,Tekija,2023-08-24,BOD,,2.5234,mg/l,Fair,augmented_copy3_jitter+2d
SRB00006,Tekija,2023-08-25,BOD,,2.5205,mg/l,Fair,augmented_copy1_jitter+3d
SRB00006,Tekija,2023-09-17,BOD,,2.6159,mg/l,Fair,augmented_copy2_jitter-2d
SRB00006,Tekija,2023-09-18,BOD,,2.6041,mg/l,Fair,augmented_copy1_jitter-1d
SRB00006,Tekija,2023-09-19,BOD,,2.6,mg/l,Fair,original
SRB00006,Tekija,2023-09-20,BOD,,2.6131,mg/l,Fair,augmented_copy3_jitter+1d
SRB00006,Tekija,2023-10-14,BOD,,1.1268,mg/l,Fair,augmented_copy2_jitter-3d
SRB00006,Tekija,2023-10-17,BOD,,1.1,mg/l,Fair,original
SRB00006,Tekija,2023-10-18,BOD,,1.0856,mg/l,Fair,augmented_copy3_jitter+1d
SRB00006,Tekija,2023-10-20,BOD,,1.0962,mg/l,Fair,augmented_copy1_jitter+3d
SRB00006,Tekija,2023-11-11,BOD,,1.9075,mg/l,Fair,augmented_copy2_jitter-2d
SRB00006,Tekija,2023-11-13,BOD,,1.9,mg/l,Fair,original
SRB00006,Tekija,2023-11-14,BOD,,1.9058,mg/l,Fair,augmented_copy1_jitter+1d
SRB00006,Tekija,2023-11-14,BOD,,1.8573,mg/l,Fair,augmented_copy3_jitter+1d
SRB00006,Tekija,2023-12-09,BOD,,1.5682,mg/l,Fair,augmented_copy1_jitter-3d
SRB00006,Tekija,2023-12-10,BOD,,1.5381,mg/l,Fair,augmented_copy3_jitter-2d
SRB00006,Tekija,2023-12-12,BOD,,1.6,mg/l,Fair,original
SRB00006,Tekija,2023-12-15,BOD,,1.6643,mg/l,Fair,augmented_copy2_jitter+3d
SRB00040,Bogojevo,2000-01-30,BOD,,3.5023,mg/l,Fair,augmented_copy1_jitter-1d
SRB00040,Bogojevo,2000-01-31,BOD,,3.5,mg/l,Fair,original
SRB00040,Bogojevo,2000-02-01,BOD,,3.5413,mg/l,Fair,augmented_copy2_jitter+1d
SRB00040,Bogojevo,2000-02-02,BOD,,3.5269,mg/l,Fair,augmented_copy3_jitter+2d
SRB00040,Bogojevo,2000-03-14,BOD,,2.2721,mg/l,Fair,augmented_copy1_jitter-2d
SRB00040,Bogojevo,2000-03-16,BOD,,2.3,mg/l,Fair,original
SRB00040,Bogojevo,2000-03-19,BOD,,2.3628,mg/l,Fair,augmented_copy2_jitter+3d
SRB00040,Bogojevo,2000-03-19,BOD,,2.3405,mg/l,Fair,augmented_copy3_jitter+3d
SRB00040,Bogojevo,2000-04-14,BOD,,1.9621,mg/l,Fair,augmented_copy1_jitter-3d
SRB00040,Bogojevo,2000-04-17,BOD,,2.0,mg/l,Fair,original
SRB00040,Bogojevo,2000-04-19,BOD,,1.9934,mg/l,Fair,augmented_copy3_jitter+2d
SRB00040,Bogojevo,2000-04-20,BOD,,1.9739,mg/l,Fair,augmented_copy2_jitter+3d
SRB00040,Bogojevo,2000-05-13,BOD,,2.4528,mg/l,Fair,augmented_copy1_jitter-2d
SRB00040,Bogojevo,2000-05-13,BOD,,2.3644,mg/l,Fair,augmented_copy3_jitter-2d
SRB00040,Bogojevo,2000-05-14,BOD,,2.4578,mg/l,Fair,augmented_copy2_jitter-1d
SRB00040,Bogojevo,2000-05-15,BOD,,2.4,mg/l,Fair,original
SRB00040,Bogojevo,2000-06-04,BOD,,4.1398,mg/l,Fair,augmented_copy3_jitter-3d
SRB00040,Bogojevo,2000-06-06,BOD,,4.1008,mg/l,Fair,augmented_copy1_jitter-1d
SRB00040,Bogojevo,2000-06-06,BOD,,4.0937,mg/l,Fair,augmented_copy2_jitter-1d
SRB00040,Bogojevo,2000-06-07,BOD,,4.1,mg/l,Fair,original
SRB00040,Bogojevo,2000-07-02,BOD,,4.8249,mg/l,Fair,augmented_copy1_jitter-3d
SRB00040,Bogojevo,2000-07-02,BOD,,4.8497,mg/l,Fair,augmented_copy2_jitter-3d
SRB00040,Bogojevo,2000-07-05,BOD,,4.8,mg/l,Fair,original
SRB00040,Bogojevo,2000-07-06,BOD,,4.8154,mg/l,Fair,augmented_copy3_jitter+1d
SRB00040,Bogojevo,2000-08-18,BOD,,4.8289,mg/l,Fair,augmented_copy1_jitter-3d
SRB00040,Bogojevo,2000-08-21,BOD,,4.9,mg/l,Fair,original
SRB00040,Bogojevo,2000-08-22,BOD,,4.958,mg/l,Fair,augmented_copy3_jitter+1d
SRB00040,Bogojevo,2000-08-23,BOD,,4.8351,mg/l,Fair,augmented_copy2_jitter+2d
SRB00040,Bogojevo,2000-09-27,BOD,,2.8,mg/l,Fair,original
SRB00040,Bogojevo,2000-09-28,BOD,,2.8156,mg/l,Fair,augmented_copy1_jitter+1d
SRB00040,Bogojevo,2000-09-28,BOD,,2.89,mg/l,Fair,augmented_copy3_jitter+1d
SRB00040,Bogojevo,2000-09-29,BOD,,2.7406,mg/l,Fair,augmented_copy2_jitter+2d
SRB00040,Bogojevo,2000-11-24,BOD,,1.9294,mg/l,Fair,augmented_copy1_jitter-3d
SRB00040,Bogojevo,2000-11-27,BOD,,1.9,mg/l,Fair,original
SRB00040,Bogojevo,2000-11-28,BOD,,1.8659,mg/l,Fair,augmented_copy3_jitter+1d
SRB00040,Bogojevo,2000-11-29,BOD,,1.9061,mg/l,Fair,augmented_copy2_jitter+2d
SRB00040,Bogojevo,2001-01-22,BOD,,2.0703,mg/l,Fair,augmented_copy2_jitter-2d
SRB00040,Bogojevo,2001-01-23,BOD,,1.8824,mg/l,Fair,augmented_copy1_jitter-1d
SRB00040,Bogojevo,2001-01-23,BOD,,2.0127,mg/l,Fair,augmented_copy3_jitter-1d
SRB00040,Bogojevo,2001-01-24,BOD,,2.0,mg/l,Fair,original
SRB00040,Bogojevo,2001-02-08,BOD,,3.2,mg/l,Fair,original
SRB00040,Bogojevo,2001-02-10,BOD,,3.1967,mg/l,Fair,augmented_copy2_jitter+2d
SRB00040,Bogojevo,2001-02-11,BOD,,3.2447,mg/l,Fair,augmented_copy1_jitter+3d
SRB00040,Bogojevo,2001-02-11,BOD,,3.1471,mg/l,Fair,augmented_copy3_jitter+3d
SRB00040,Bogojevo,2001-03-11,BOD,,3.3039,mg/l,Fair,augmented_copy1_jitter-2d
SRB00040,Bogojevo,2001-03-12,BOD,,3.2177,mg/l,Fair,augmented_copy3_jitter-1d
SRB00040,Bogojevo,2001-03-13,BOD,,3.2,mg/l,Fair,original
SRB00040,Bogojevo,2001-03-16,BOD,,3.2143,mg/l,Fair,augmented_copy2_jitter+3d
SRB00040,Bogojevo,2001-04-15,BOD,,1.9397,mg/l,Fair,augmented_copy1_jitter-2d
SRB00040,Bogojevo,2001-04-17,BOD,,2.0,mg/l,Fair,original
SRB00040,Bogojevo,2001-04-18,BOD,,1.9496,mg/l,Fair,augmented_copy2_jitter+1d
SRB00040,Bogojevo,2001-04-19,BOD,,2.0102,mg/l,Fair,augmented_copy3_jitter+2d
SRB00040,Bogojevo,2001-05-11,BOD,,3.5076,mg/l,Fair,augmented_copy1_jitter-3d
SRB00040,Bogojevo,2001-05-14,BOD,,3.5,mg/l,Fair,original
SRB00040,Bogojevo,2001-05-15,BOD,,3.5215,mg/l,Fair,augmented_copy3_jitter+1d
SRB00040,Bogojevo,2001-05-16,BOD,,3.4972,mg/l,Fair,augmented_copy2_jitter+2d
SRB00040,Bogojevo,2001-06-03,BOD,,4.3415,mg/l,Fair,augmented_copy1_jitter-3d
SRB00040,Bogojevo,2001-06-05,BOD,,4.2994,mg/l,Fair,augmented_copy3_jitter-1d
SRB00040,Bogojevo,2001-06-06,BOD,,4.3,mg/l,Fair,original
SRB00040,Bogojevo,2001-06-07,BOD,,4.2397,mg/l,Fair,augmented_copy2_jitter+1d
SRB00040,Bogojevo,2001-06-30,BOD,,3.0568,mg/l,Fair,augmented_copy1_jitter-3d
SRB00040,Bogojevo,2001-06-30,BOD,,2.9815,mg/l,Fair,augmented_copy3_jitter-3d
SRB00040,Bogojevo,2001-07-03,BOD,,3.1,mg/l,Fair,original
SRB00040,Bogojevo,2001-07-04,BOD,,3.1221,mg/l,Fair,augmented_copy2_jitter+1d
SRB00040,Bogojevo,2001-08-10,BOD,,3.1293,mg/l,Fair,augmented_copy2_jitter-3d
SRB00040,Bogojevo,2001-08-13,BOD,,3.1,mg/l,Fair,original
SRB00040,Bogojevo,2001-08-15,BOD,,3.1226,mg/l,Fair,augmented_copy3_jitter+2d
SRB00040,Bogojevo,2001-08-16,BOD,,3.1528,mg/l,Fair,augmented_copy1_jitter+3d
SRB00040,Bogojevo,2001-09-22,BOD,,2.959,mg/l,Fair,augmented_copy1_jitter-2d
SRB00040,Bogojevo,2001-09-22,BOD,,3.0604,mg/l,Fair,augmented_copy2_jitter-2d
SRB00040,Bogojevo,2001-09-24,BOD,,3.0,mg/l,Fair,original
SRB00040,Bogojevo,2001-09-27,BOD,,3.0088,mg/l,Fair,augmented_copy3_jitter+3d
SRB00040,Bogojevo,2001-10-13,BOD,,3.0088,mg/l,Fair,augmented_copy1_jitter-2d
SRB00040,Bogojevo,2001-10-13,BOD,,2.9915,mg/l,Fair,augmented_copy2_jitter-2d
SRB00040,Bogojevo,2001-10-15,BOD,,3.0,mg/l,Fair,original
SRB00040,Bogojevo,2001-10-18,BOD,,2.9884,mg/l,Fair,augmented_copy3_jitter+3d
SRB00040,Bogojevo,2001-11-06,BOD,,1.7162,mg/l,Fair,augmented_copy3_jitter-1d
SRB00040,Bogojevo,2001-11-07,BOD,,1.6,mg/l,Fair,original
SRB00040,Bogojevo,2001-11-08,BOD,,1.4971,mg/l,Fair,augmented_copy1_jitter+1d
SRB00040,Bogojevo,2001-11-09,BOD,,1.6002,mg/l,Fair,augmented_copy2_jitter+2d
SRB00040,Bogojevo,2001-12-25,BOD,,2.8459,mg/l,Fair,augmented_copy1_jitter-1d
SRB00040,Bogojevo,2001-12-25,BOD,,2.8707,mg/l,Fair,augmented_copy2_jitter-1d
SRB00040,Bogojevo,2001-12-25,BOD,,2.9047,mg/l,Fair,augmented_copy3_jitter-1d
SRB00040,Bogojevo,2001-12-26,BOD,,2.9,mg/l,Fair,original
SRB00040,Bogojevo,2002-01-27,BOD,,3.2368,mg/l,Fair,augmented_copy2_jitter-1d
SRB00040,Bogojevo,2002-01-28,BOD,,3.2,mg/l,Fair,original
SRB00040,Bogojevo,2002-01-29,BOD,,3.1971,mg/l,Fair,augmented_copy3_jitter+1d
SRB00040,Bogojevo,2002-01-31,BOD,,3.1722,mg/l,Fair,augmented_copy1_jitter+3d
SRB00040,Bogojevo,2002-02-16,BOD,,2.1295,mg/l,Fair,augmented_copy2_jitter-3d
SRB00040,Bogojevo,2002-02-16,BOD,,2.0542,mg/l,Fair,augmented_copy3_jitter-3d
SRB00040,Bogojevo,2002-02-19,BOD,,2.1,mg/l,Fair,original
SRB00040,Bogojevo,2002-02-21,BOD,,2.1083,mg/l,Fair,augmented_copy1_jitter+2d
SRB00040,Bogojevo,2002-03-16,BOD,,3.7331,mg/l,Fair,augmented_copy1_jitter-2d
SRB00040,Bogojevo,2002-03-18,BOD,,3.7,mg/l,Fair,original
SRB00040,Bogojevo,2002-03-19,BOD,,3.6404,mg/l,Fair,augmented_copy2_jitter+1d
SRB00040,Bogojevo,2002-03-20,BOD,,3.6452,mg/l,Fair,augmented_copy3_jitter+2d
SRB00040,Bogojevo,2002-04-14,BOD,,3.0376,mg/l,Fair,augmented_copy1_jitter-1d
SRB00040,Bogojevo,2002-04-15,BOD,,3.1,mg/l,Fair,original
SRB00040,Bogojevo,2002-04-18,BOD,,3.0537,mg/l,Fair,augmented_copy2_jitter+3d
SRB00040,Bogojevo,2002-04-18,BOD,,3.1347,mg/l,Fair,augmented_copy3_jitter+3d
SRB00040,Bogojevo,2002-05-25,BOD,,2.8171,mg/l,Fair,augmented_copy2_jitter-2d
SRB00040,Bogojevo,2002-05-27,BOD,,2.9,mg/l,Fair,original
SRB00040,Bogojevo,2002-05-28,BOD,,2.9341,mg/l,Fair,augmented_copy1_jitter+1d
SRB00040,Bogojevo,2002-05-28,BOD,,2.8801,mg/l,Fair,augmented_copy3_jitter+1d
SRB00040,Bogojevo,2002-06-28,BOD,,3.5361,mg/l,Fair,augmented_copy3_jitter-3d
SRB00040,Bogojevo,2002-06-29,BOD,,3.4349,mg/l,Fair,augmented_copy2_jitter-2d
SRB00040,Bogojevo,2002-07-01,BOD,,3.5,mg/l,Fair,original
SRB00040,Bogojevo,2002-07-04,BOD,,3.4644,mg/l,Fair,augmented_copy1_jitter+3d
SRB00040,Bogojevo,2002-07-22,BOD,,4.5,mg/l,Fair,original
SRB00040,Bogojevo,2002-07-24,BOD,,4.4027,mg/l,Fair,augmented_copy2_jitter+2d
SRB00040,Bogojevo,2002-07-25,BOD,,4.4513,mg/l,Fair,augmented_copy1_jitter+3d
SRB00040,Bogojevo,2002-07-25,BOD,,4.5273,mg/l,Fair,augmented_copy3_jitter+3d
SRB00040,Bogojevo,2002-08-28,BOD,,1.9695,mg/l,Fair,augmented_copy1_jitter-1d
SRB00040,Bogojevo,2002-08-28,BOD,,1.9952,mg/l,Fair,augmented_copy3_jitter-1d
SRB00040,Bogojevo,2002-08-29,BOD,,1.9,mg/l,Fair,original
SRB00040,Bogojevo,2002-09-01,BOD,,1.8857,mg/l,Fair,augmented_copy2_jitter+3d
SRB00040,Bogojevo,2002-09-10,BOD,,2.4695,mg/l,Fair,augmented_copy3_jitter-1d
SRB00040,Bogojevo,2002-09-11,BOD,,2.5,mg/l,Fair,original
SRB00040,Bogojevo,2002-09-14,BOD,,2.5398,mg/l,Fair,augmented_copy1_jitter+3d
SRB00040,Bogojevo,2002-09-14,BOD,,2.3807,mg/l,Fair,augmented_copy2_jitter+3d
SRB00040,Bogojevo,2002-10-18,BOD,,1.325,mg/l,Fair,augmented_copy2_jitter-3d
SRB00040,Bogojevo,2002-10-21,BOD,,1.3,mg/l,Fair,original
SRB00040,Bogojevo,2002-10-22,BOD,,1.3442,mg/l,Fair,augmented_copy1_jitter+1d
SRB00040,Bogojevo,2002-10-22,BOD,,1.2834,mg/l,Fair,augmented_copy3_jitter+1d
SRB00040,Bogojevo,2002-11-22,BOD,,1.848,mg/l,Fair,augmented_copy3_jitter-3d
SRB00040,Bogojevo,2002-11-25,BOD,,1.8,mg/l,Fair,original
SRB00040,Bogojevo,2002-11-27,BOD,,1.6883,mg/l,Fair,augmented_copy1_jitter+2d
SRB00040,Bogojevo,2002-11-27,BOD,,1.8437,mg/l,Fair,augmented_copy2_jitter+2d
SRB00040,Bogojevo,2002-12-20,BOD,,1.4489,mg/l,Fair,augmented_copy2_jitter-3d
SRB00040,Bogojevo,2002-12-22,BOD,,1.4453,mg/l,Fair,augmented_copy1_jitter-1d
SRB00040,Bogojevo,2002-12-23,BOD,,1.5,mg/l,Fair,original
SRB00040,Bogojevo,2002-12-24,BOD,,1.5213,mg/l,Fair,augmented_copy3_jitter+1d
SRB00040,Bogojevo,2003-01-13,BOD,,2.4504,mg/l,Fair,augmented_copy1_jitter-2d
SRB00040,Bogojevo,2003-01-14,BOD,,2.479,mg/l,Fair,augmented_copy2_jitter-1d
SRB00040,Bogojevo,2003-01-15,BOD,,2.5,mg/l,Fair,original
SRB00040,Bogojevo,2003-01-17,BOD,,2.5076,mg/l,Fair,augmented_copy3_jitter+2d
SRB00040,Bogojevo,2003-03-23,BOD,,4.3683,mg/l,Fair,augmented_copy1_jitter-3d
SRB00040,Bogojevo,2003-03-23,BOD,,4.3168,mg/l,Fair,augmented_copy3_jitter-3d
SRB00040,Bogojevo,2003-03-26,BOD,,4.3,mg/l,Fair,original
SRB00040,Bogojevo,2003-03-27,BOD,,4.2725,mg/l,Fair,augmented_copy2_jitter+1d
SRB00040,Bogojevo,2003-05-26,BOD,,7.0017,mg/l,Fair,augmented_copy3_jitter-2d
SRB00040,Bogojevo,2003-05-27,BOD,,7.0591,mg/l,Fair,augmented_copy2_jitter-1d
SRB00040,Bogojevo,2003-05-28,BOD,,7.0,mg/l,Fair,original
SRB00040,Bogojevo,2003-05-29,BOD,,6.9026,mg/l,Fair,augmented_copy1_jitter+1d
SRB00040,Bogojevo,2003-06-23,BOD,,6.3592,mg/l,Fair,augmented_copy2_jitter-3d
SRB00040,Bogojevo,2003-06-23,BOD,,6.4578,mg/l,Fair,augmented_copy3_jitter-3d
SRB00040,Bogojevo,2003-06-26,BOD,,6.4,mg/l,Fair,original
SRB00040,Bogojevo,2003-06-27,BOD,,6.3806,mg/l,Fair,augmented_copy1_jitter+1d
SRB00040,Bogojevo,2003-07-25,BOD,,6.3385,mg/l,Fair,augmented_copy2_jitter-3d
SRB00040,Bogojevo,2003-07-26,BOD,,6.249,mg/l,Fair,augmented_copy1_jitter-2d
SRB00040,Bogojevo,2003-07-27,BOD,,6.3001,mg/l,Fair,augmented_copy3_jitter-1d
SRB00040,Bogojevo,2003-07-28,BOD,,6.3,mg/l,Fair,original
SRB00040,Bogojevo,2003-08-15,BOD,,5.5972,mg/l,Fair,augmented_copy1_jitter-3d
SRB00040,Bogojevo,2003-08-15,BOD,,5.6091,mg/l,Fair,augmented_copy2_jitter-3d
SRB00040,Bogojevo,2003-08-18,BOD,,5.6,mg/l,Fair,original
SRB00040,Bogojevo,2003-08-21,BOD,,5.5596,mg/l,Fair,augmented_copy3_jitter+3d
SRB00040,Bogojevo,2003-09-20,BOD,,3.2019,mg/l,Fair,augmented_copy3_jitter-2d
SRB00040,Bogojevo,2003-09-21,BOD,,3.3202,mg/l,Fair,augmented_copy1_jitter-1d
SRB00040,Bogojevo,2003-09-22,BOD,,3.3,mg/l,Fair,original
SRB00040,Bogojevo,2003-09-24,BOD,,3.4193,mg/l,Fair,augmented_copy2_jitter+2d
SRB00040,Bogojevo,2003-10-21,BOD,,2.7763,mg/l,Fair,augmented_copy3_jitter-1d
SRB00040,Bogojevo,2003-10-22,BOD,,2.7,mg/l,Fair,original
SRB00040,Bogojevo,2003-10-25,BOD,,2.7021,mg/l,Fair,augmented_copy1_jitter+3d
SRB00040,Bogojevo,2003-10-25,BOD,,2.6768,mg/l,Fair,augmented_copy2_jitter+3d
SRB00040,Bogojevo,2003-11-22,BOD,,1.88,mg/l,Fair,augmented_copy2_jitter-2d
SRB00040,Bogojevo,2003-11-23,BOD,,1.9644,mg/l,Fair,augmented_copy1_jitter-1d
SRB00040,Bogojevo,2003-11-24,BOD,,1.9,mg/l,Fair,original
SRB00040,Bogojevo,2003-11-25,BOD,,1.9804,mg/l,Fair,augmented_copy3_jitter+1d
SRB00040,Bogojevo,2003-12-20,BOD,,1.8806,mg/l,Fair,augmented_copy3_jitter-2d
SRB00040,Bogojevo,2003-12-21,BOD,,1.9633,mg/l,Fair,augmented_copy1_jitter-1d
SRB00040,Bogojevo,2003-12-21,BOD,,1.9154,mg/l,Fair,augmented_copy2_jitter-1d
SRB00040,Bogojevo,2003-12-22,BOD,,1.9,mg/l,Fair,original
SRB00040,Bogojevo,2013-01-07,BOD,,1.1932,mg/l,Fair,augmented_copy1_jitter-2d
SRB00040,Bogojevo,2013-01-09,BOD,,1.2,mg/l,Fair,original
SRB00040,Bogojevo,2013-01-10,BOD,,1.0995,mg/l,Fair,augmented_copy2_jitter+1d
SRB00040,Bogojevo,2013-01-10,BOD,,1.1944,mg/l,Fair,augmented_copy3_jitter+1d
SRB00040,Bogojevo,2013-02-04,BOD,,2.3317,mg/l,Fair,augmented_copy1_jitter-2d
SRB00040,Bogojevo,2013-02-04,BOD,,2.2573,mg/l,Fair,augmented_copy3_jitter-2d
SRB00040,Bogojevo,2013-02-06,BOD,,2.3,mg/l,Fair,original
SRB00040,Bogojevo,2013-02-08,BOD,,2.3236,mg/l,Fair,augmented_copy2_jitter+2d
SRB00040,Bogojevo,2013-03-06,BOD,,2.0,mg/l,Fair,original
SRB00040,Bogojevo,2013-03-07,BOD,,2.0007,mg/l,Fair,augmented_copy1_jitter+1d
SRB00040,Bogojevo,2013-03-07,BOD,,2.0505,mg/l,Fair,augmented_copy2_jitter+1d
SRB00040,Bogojevo,2013-03-08,BOD,,2.0574,mg/l,Fair,augmented_copy3_jitter+2d
SRB00040,Bogojevo,2013-04-01,BOD,,1.5546,mg/l,Fair,augmented_copy2_jitter-3d
SRB00040,Bogojevo,2013-04-01,BOD,,1.4533,mg/l,Fair,augmented_copy3_jitter-3d
SRB00040,Bogojevo,2013-04-03,BOD,,1.5429,mg/l,Fair,augmented_copy1_jitter-1d
SRB00040,Bogojevo,2013-04-04,BOD,,1.5,mg/l,Fair,original
SRB00040,Bogojevo,2013-05-05,BOD,,2.0385,mg/l,Fair,augmented_copy2_jitter-3d
SRB00040,Bogojevo,2013-05-05,BOD,,2.1072,mg/l,Fair,augmented_copy3_jitter-3d
SRB00040,Bogojevo,2013-05-06,BOD,,1.9815,mg/l,Fair,augmented_copy1_jitter-2d
SRB00040,Bogojevo,2013-05-08,BOD,,2.0,mg/l,Fair,original
SRB00040,Bogojevo,2013-06-08,BOD,,1.64,mg/l,Fair,augmented_copy3_jitter-2d
SRB00040,Bogojevo,2013-06-09,BOD,,1.5875,mg/l,Fair,augmented_copy2_jitter-1d
SRB00040,Bogojevo,2013-06-10,BOD,,1.7,mg/l,Fair,original
SRB00040,Bogojevo,2013-06-13,BOD,,1.7171,mg/l,Fair,augmented_copy1_jitter+3d
SRB00040,Bogojevo,2013-06-30,BOD,,2.348,mg/l,Fair,augmented_copy1_jitter-3d
SRB00040,Bogojevo,2013-07-02,BOD,,2.2931,mg/l,Fair,augmented_copy3_jitter-1d
SRB00040,Bogojevo,2013-07-03,BOD,,2.3,mg/l,Fair,original
SRB00040,Bogojevo,2013-07-05,BOD,,2.3219,mg/l,Fair,augmented_copy2_jitter+2d
SRB00040,Bogojevo,2013-08-05,BOD,,3.9283,mg/l,Fair,augmented_copy3_jitter-2d
SRB00040,Bogojevo,2013-08-06,BOD,,4.0272,mg/l,Fair,augmented_copy2_jitter-1d
SRB00040,Bogojevo,2013-08-07,BOD,,4.0,mg/l,Fair,original
SRB00040,Bogojevo,2013-08-08,BOD,,3.9546,mg/l,Fair,augmented_copy1_jitter+1d
SRB00040,Bogojevo,2013-09-29,BOD,,2.6609,mg/l,Fair,augmented_copy1_jitter-3d
SRB00040,Bogojevo,2013-09-29,BOD,,2.6959,mg/l,Fair,augmented_copy3_jitter-3d
SRB00040,Bogojevo,2013-10-02,BOD,,2.7,mg/l,Fair,original
SRB00040,Bogojevo,2013-10-05,BOD,,2.6863,mg/l,Fair,augmented_copy2_jitter+3d
SRB00040,Bogojevo,2013-10-06,BOD,,1.0023,mg/l,Fair,augmented_copy3_jitter-3d
SRB00040,Bogojevo,2013-10-08,BOD,,0.9952,mg/l,Fair,augmented_copy2_jitter-1d
SRB00040,Bogojevo,2013-10-09,BOD,,1.0,mg/l,Fair,original
SRB00040,Bogojevo,2013-10-11,BOD,,0.9484,mg/l,Fair,augmented_copy1_jitter+2d
SRB00040,Bogojevo,2013-11-05,BOD,,1.0473,mg/l,Fair,augmented_copy3_jitter-2d
SRB00040,Bogojevo,2013-11-07,BOD,,1.1,mg/l,Fair,original
SRB00040,Bogojevo,2013-11-09,BOD,,1.0426,mg/l,Fair,augmented_copy2_jitter+2d
SRB00040,Bogojevo,2013-11-10,BOD,,1.0639,mg/l,Fair,augmented_copy1_jitter+3d
SRB00040,Bogojevo,2013-12-02,BOD,,0.9293,mg/l,Fair,augmented_copy1_jitter-2d
SRB00040,Bogojevo,2013-12-03,BOD,,1.0125,mg/l,Fair,augmented_copy2_jitter-1d
SRB00040,Bogojevo,2013-12-03,BOD,,1.032,mg/l,Fair,augmented_copy3_jitter-1d
SRB00040,Bogojevo,2013-12-04,BOD,,1.0,mg/l,Fair,original
SRB00040,Bogojevo,2014-02-08,BOD,,2.3554,mg/l,Fair,augmented_copy1_jitter-2d
SRB00040,Bogojevo,2014-02-09,BOD,,2.3901,mg/l,Fair,augmented_copy2_jitter-1d
SRB00040,Bogojevo,2014-02-10,BOD,,2.4,mg/l,Fair,original
SRB00040,Bogojevo,2014-02-12,BOD,,2.345,mg/l,Fair,augmented_copy3_jitter+2d
SRB00040,Bogojevo,2014-03-21,BOD,,3.3282,mg/l,Fair,augmented_copy1_jitter-3d
SRB00040,Bogojevo,2014-03-22,BOD,,3.3313,mg/l,Fair,augmented_copy3_jitter-2d
SRB00040,Bogojevo,2014-03-24,BOD,,3.3,mg/l,Fair,original
SRB00040,Bogojevo,2014-03-26,BOD,,3.3976,mg/l,Fair,augmented_copy2_jitter+2d
SRB00040,Bogojevo,2014-04-19,BOD,,2.9009,mg/l,Fair,augmented_copy3_jitter-3d
SRB00040,Bogojevo,2014-04-20,BOD,,2.9748,mg/l,Fair,augmented_copy1_jitter-2d
SRB00040,Bogojevo,2014-04-22,BOD,,2.9,mg/l,Fair,original
SRB00040,Bogojevo,2014-04-25,BOD,,2.8395,mg/l,Fair,augmented_copy2_jitter+3d
SRB00040,Bogojevo,2014-05-24,BOD,,1.5962,mg/l,Fair,augmented_copy1_jitter-3d
SRB00040,Bogojevo,2014-05-24,BOD,,1.5317,mg/l,Fair,augmented_copy3_jitter-3d
SRB00040,Bogojevo,2014-05-27,BOD,,1.6,mg/l,Fair,original
SRB00040,Bogojevo,2014-05-30,BOD,,1.5684,mg/l,Fair,augmented_copy2_jitter+3d
SRB00040,Bogojevo,2014-06-07,BOD,,1.4965,mg/l,Fair,augmented_copy1_jitter-3d
SRB00040,Bogojevo,2014-06-07,BOD,,1.5741,mg/l,Fair,augmented_copy2_jitter-3d
SRB00040,Bogojevo,2014-06-09,BOD,,1.5207,mg/l,Fair,augmented_copy3_jitter-1d
SRB00040,Bogojevo,2014-06-10,BOD,,1.5,mg/l,Fair,original
SRB00040,Bogojevo,2014-07-18,BOD,,1.2543,mg/l,Fair,augmented_copy1_jitter-3d
SRB00040,Bogojevo,2014-07-21,BOD,,1.3,mg/l,Fair,original
SRB00040,Bogojevo,2014-07-22,BOD,,1.2942,mg/l,Fair,augmented_copy2_jitter+1d
SRB00040,Bogojevo,2014-07-24,BOD,,1.2628,mg/l,Fair,augmented_copy3_jitter+3d
SRB00040,Bogojevo,2014-07-28,BOD,,1.0697,mg/l,Fair,augmented_copy1_jitter-1d
SRB00040,Bogojevo,2014-07-28,BOD,,1.1003,mg/l,Fair,augmented_copy2_jitter-1d
SRB00040,Bogojevo,2014-07-29,BOD,,1.0,mg/l,Fair,original
SRB00040,Bogojevo,2014-07-30,BOD,,0.9374,mg/l,Fair,augmented_copy3_jitter+1d
SRB00040,Bogojevo,2014-09-13,BOD,,2.0516,mg/l,Fair,augmented_copy1_jitter-3d
SRB00040,Bogojevo,2014-09-13,BOD,,1.9752,mg/l,Fair,augmented_copy2_jitter-3d
SRB00040,Bogojevo,2014-09-16,BOD,,2.0,mg/l,Fair,original
SRB00040,Bogojevo,2014-09-17,BOD,,2.0571,mg/l,Fair,augmented_copy3_jitter+1d
SRB00040,Bogojevo,2014-10-10,BOD,,1.0364,mg/l,Fair,augmented_copy1_jitter-3d
SRB00040,Bogojevo,2014-10-13,BOD,,1.0,mg/l,Fair,original
SRB00040,Bogojevo,2014-10-14,BOD,,0.9542,mg/l,Fair,augmented_copy2_jitter+1d
SRB00040,Bogojevo,2014-10-15,BOD,,1.1035,mg/l,Fair,augmented_copy3_jitter+2d
SRB00040,Bogojevo,2014-11-13,BOD,,1.8,mg/l,Fair,original
SRB00040,Bogojevo,2014-11-14,BOD,,1.8032,mg/l,Fair,augmented_copy3_jitter+1d
SRB00040,Bogojevo,2014-11-16,BOD,,1.8333,mg/l,Fair,augmented_copy1_jitter+3d
SRB00040,Bogojevo,2014-11-16,BOD,,1.7939,mg/l,Fair,augmented_copy2_jitter+3d
SRB00040,Bogojevo,2014-12-20,BOD,,1.5151,mg/l,Fair,augmented_copy1_jitter-3d
SRB00040,Bogojevo,2014-12-21,BOD,,1.5032,mg/l,Fair,augmented_copy2_jitter-2d
SRB00040,Bogojevo,2014-12-23,BOD,,1.6,mg/l,Fair,original
SRB00040,Bogojevo,2014-12-26,BOD,,1.5328,mg/l,Fair,augmented_copy3_jitter+3d
SRB00040,Bogojevo,2015-01-16,BOD,,1.0885,mg/l,Fair,augmented_copy2_jitter-3d
SRB00040,Bogojevo,2015-01-18,BOD,,1.2453,mg/l,Fair,augmented_copy3_jitter-1d
SRB00040,Bogojevo,2015-01-19,BOD,,1.2,mg/l,Fair,original
SRB00040,Bogojevo,2015-01-22,BOD,,1.2188,mg/l,Fair,augmented_copy1_jitter+3d
SRB00040,Bogojevo,2015-02-21,BOD,,2.1568,mg/l,Fair,augmented_copy2_jitter-3d
SRB00040,Bogojevo,2015-02-23,BOD,,2.0874,mg/l,Fair,augmented_copy1_jitter-1d
SRB00040,Bogojevo,2015-02-24,BOD,,2.1,mg/l,Fair,original
SRB00040,Bogojevo,2015-02-26,BOD,,2.1939,mg/l,Fair,augmented_copy3_jitter+2d
SRB00040,Bogojevo,2015-03-06,BOD,,2.0914,mg/l,Fair,augmented_copy1_jitter-3d
SRB00040,Bogojevo,2015-03-08,BOD,,2.1785,mg/l,Fair,augmented_copy2_jitter-1d
SRB00040,Bogojevo,2015-03-09,BOD,,2.1,mg/l,Fair,original
SRB00040,Bogojevo,2015-03-12,BOD,,2.0493,mg/l,Fair,augmented_copy3_jitter+3d
SRB00040,Bogojevo,2015-04-04,BOD,,2.3923,mg/l,Fair,augmented_copy2_jitter-3d
SRB00040,Bogojevo,2015-04-06,BOD,,2.3825,mg/l,Fair,augmented_copy3_jitter-1d
SRB00040,Bogojevo,2015-04-07,BOD,,2.3,mg/l,Fair,original
SRB00040,Bogojevo,2015-04-10,BOD,,2.1938,mg/l,Fair,augmented_copy1_jitter+3d
SRB00040,Bogojevo,2015-05-15,BOD,,0.9133,mg/l,Fair,augmented_copy1_jitter-3d
SRB00040,Bogojevo,2015-05-18,BOD,,1.0,mg/l,Fair,original
SRB00040,Bogojevo,2015-05-19,BOD,,1.1296,mg/l,Fair,augmented_copy3_jitter+1d
SRB00040,Bogojevo,2015-05-20,BOD,,0.9352,mg/l,Fair,augmented_copy2_jitter+2d
SRB00040,Bogojevo,2015-06-06,BOD,,2.0022,mg/l,Fair,augmented_copy1_jitter-2d
SRB00040,Bogojevo,2015-06-07,BOD,,2.0291,mg/l,Fair,augmented_copy3_jitter-1d
SRB00040,Bogojevo,2015-06-08,BOD,,2.0,mg/l,Fair,original
SRB00040,Bogojevo,2015-06-09,BOD,,2.0112,mg/l,Fair,augmented_copy2_jitter+1d
SRB00040,Bogojevo,2015-07-03,BOD,,2.924,mg/l,Fair,augmented_copy2_jitter-3d
SRB00040,Bogojevo,2015-07-04,BOD,,2.9583,mg/l,Fair,augmented_copy3_jitter-2d
SRB00040,Bogojevo,2015-07-05,BOD,,2.8422,mg/l,Fair,augmented_copy1_jitter-1d
SRB00040,Bogojevo,2015-07-06,BOD,,2.9,mg/l,Fair,original
SRB00040,Bogojevo,2015-07-31,BOD,,2.1847,mg/l,Fair,augmented_copy1_jitter-3d
SRB00040,Bogojevo,2015-08-03,BOD,,2.2,mg/l,Fair,original
SRB00040,Bogojevo,2015-08-06,BOD,,2.2707,mg/l,Fair,augmented_copy2_jitter+3d
SRB00040,Bogojevo,2015-08-06,BOD,,2.1594,mg/l,Fair,augmented_copy3_jitter+3d
SRB00040,Bogojevo,2015-09-12,BOD,,1.6541,mg/l,Fair,augmented_copy3_jitter-2d
SRB00040,Bogojevo,2015-09-14,BOD,,1.6,mg/l,Fair,original
SRB00040,Bogojevo,2015-09-16,BOD,,1.4944,mg/l,Fair,augmented_copy2_jitter+2d
SRB00040,Bogojevo,2015-09-17,BOD,,1.6772,mg/l,Fair,augmented_copy1_jitter+3d
SRB00040,Bogojevo,2015-10-10,BOD,,0.9919,mg/l,Fair,augmented_copy1_jitter-2d
SRB00040,Bogojevo,2015-10-10,BOD,,0.9406,mg/l,Fair,augmented_copy3_jitter-2d
SRB00040,Bogojevo,2015-10-12,BOD,,1.0,mg/l,Fair,original
SRB00040,Bogojevo,2015-10-14,BOD,,0.9392,mg/l,Fair,augmented_copy2_jitter+2d
SRB00040,Bogojevo,2015-11-02,BOD,,1.3083,mg/l,Fair,augmented_copy1_jitter-2d
SRB00040,Bogojevo,2015-11-02,BOD,,1.2814,mg/l,Fair,augmented_copy3_jitter-2d
SRB00040,Bogojevo,2015-11-04,BOD,,1.3,mg/l,Fair,original
SRB00040,Bogojevo,2015-11-06,BOD,,1.2481,mg/l,Fair,augmented_copy2_jitter+2d
SRB00040,Bogojevo,2015-11-27,BOD,,1.029,mg/l,Fair,augmented_copy3_jitter-3d
SRB00040,Bogojevo,2015-11-29,BOD,,1.0251,mg/l,Fair,augmented_copy1_jitter-1d
SRB00040,Bogojevo,2015-11-30,BOD,,1.0,mg/l,Fair,original
SRB00040,Bogojevo,2015-12-03,BOD,,0.9114,mg/l,Fair,augmented_copy2_jitter+3d
SRB00040,Bogojevo,2016-01-15,BOD,,0.943,mg/l,Fair,augmented_copy2_jitter-3d
SRB00040,Bogojevo,2016-01-15,BOD,,0.9776,mg/l,Fair,augmented_copy3_jitter-3d
SRB00040,Bogojevo,2016-01-17,BOD,,0.9531,mg/l,Fair,augmented_copy1_jitter-1d
SRB00040,Bogojevo,2016-01-18,BOD,,1.0,mg/l,Fair,original
SRB00040,Bogojevo,2016-02-06,BOD,,1.2502,mg/l,Fair,augmented_copy1_jitter-2d
SRB00040,Bogojevo,2016-02-08,BOD,,1.2,mg/l,Fair,original
SRB00040,Bogojevo,2016-02-10,BOD,,1.0446,mg/l,Fair,augmented_copy3_jitter+2d
SRB00040,Bogojevo,2016-02-11,BOD,,1.188,mg/l,Fair,augmented_copy2_jitter+3d
SRB00040,Bogojevo,2016-03-21,BOD,,1.3301,mg/l,Fair,augmented_copy1_jitter-2d
SRB00040,Bogojevo,2016-03-23,BOD,,1.4,mg/l,Fair,original
SRB00040,Bogojevo,2016-03-25,BOD,,1.3823,mg/l,Fair,augmented_copy2_jitter+2d
SRB00040,Bogojevo,2016-03-26,BOD,,1.4464,mg/l,Fair,augmented_copy3_jitter+3d
SRB00040,Bogojevo,2016-04-05,BOD,,2.1075,mg/l,Fair,augmented_copy2_jitter-2d
SRB00040,Bogojevo,2016-04-07,BOD,,2.1,mg/l,Fair,original
SRB00040,Bogojevo,2016-04-08,BOD,,2.0663,mg/l,Fair,augmented_copy3_jitter+1d
SRB00040,Bogojevo,2016-04-09,BOD,,2.1654,mg/l,Fair,augmented_copy1_jitter+2d
SRB00040,Bogojevo,2016-05-15,BOD,,0.9889,mg/l,Fair,augmented_copy2_jitter-2d
SRB00040,Bogojevo,2016-05-16,BOD,,0.9337,mg/l,Fair,augmented_copy1_jitter-1d
SRB00040,Bogojevo,2016-05-16,BOD,,1.1003,mg/l,Fair,augmented_copy3_jitter-1d
SRB00040,Bogojevo,2016-05-17,BOD,,1.0,mg/l,Fair,original
SRB00040,Bogojevo,2016-06-18,BOD,,1.0523,mg/l,Fair,augmented_copy1_jitter-2d
SRB00040,Bogojevo,2016-06-20,BOD,,1.0,mg/l,Fair,original
SRB00040,Bogojevo,2016-06-21,BOD,,0.9665,mg/l,Fair,augmented_copy2_jitter+1d
SRB00040,Bogojevo,2016-06-22,BOD,,0.9832,mg/l,Fair,augmented_copy3_jitter+2d
SRB00040,Bogojevo,2016-07-12,BOD,,1.4503,mg/l,Fair,augmented_copy2_jitter-2d
SRB00040,Bogojevo,2016-07-12,BOD,,1.46,mg/l,Fair,augmented_copy3_jitter-2d
SRB00040,Bogojevo,2016-07-14,BOD,,1.5,mg/l,Fair,original
SRB00040,Bogojevo,2016-07-15,BOD,,1.4044,mg/l,Fair,augmented_copy1_jitter+1d
SRB00040,Bogojevo,2016-08-03,BOD,,0.9312,mg/l,Fair,augmented_copy1_jitter-1d
SRB00040,Bogojevo,2016-08-04,BOD,,1.0,mg/l,Fair,original
SRB00040,Bogojevo,2016-08-07,BOD,,0.891,mg/l,Fair,augmented_copy2_jitter+3d
SRB00040,Bogojevo,2016-08-07,BOD,,0.9574,mg/l,Fair,augmented_copy3_jitter+3d
SRB00040,Bogojevo,2016-09-06,BOD,,1.0148,mg/l,Fair,augmented_copy2_jitter-2d
SRB00040,Bogojevo,2016-09-08,BOD,,1.0,mg/l,Fair,original
SRB00040,Bogojevo,2016-09-09,BOD,,0.9618,mg/l,Fair,augmented_copy1_jitter+1d
SRB00040,Bogojevo,2016-09-11,BOD,,0.9863,mg/l,Fair,augmented_copy3_jitter+3d
SRB00040,Bogojevo,2016-10-24,BOD,,0.9786,mg/l,Fair,augmented_copy1_jitter-3d
SRB00040,Bogojevo,2016-10-24,BOD,,1.0558,mg/l,Fair,augmented_copy3_jitter-3d
SRB00040,Bogojevo,2016-10-27,BOD,,1.0,mg/l,Fair,original
SRB00040,Bogojevo,2016-10-30,BOD,,1.0177,mg/l,Fair,augmented_copy2_jitter+3d
SRB00040,Bogojevo,2016-11-21,BOD,,1.8564,mg/l,Fair,augmented_copy3_jitter-3d
SRB00040,Bogojevo,2016-11-22,BOD,,1.7805,mg/l,Fair,augmented_copy1_jitter-2d
SRB00040,Bogojevo,2016-11-24,BOD,,1.8,mg/l,Fair,original
SRB00040,Bogojevo,2016-11-25,BOD,,1.832,mg/l,Fair,augmented_copy2_jitter+1d
SRB00040,Bogojevo,2016-12-17,BOD,,3.1475,mg/l,Fair,augmented_copy3_jitter-3d
SRB00040,Bogojevo,2016-12-19,BOD,,3.3019,mg/l,Fair,augmented_copy1_jitter-1d
SRB00040,Bogojevo,2016-12-20,BOD,,3.2,mg/l,Fair,original
SRB00040,Bogojevo,2016-12-23,BOD,,3.1618,mg/l,Fair,augmented_copy2_jitter+3d
SRB00040,Bogojevo,2017-01-30,BOD,,2.0,mg/l,Fair,original
SRB00040,Bogojevo,2017-02-01,BOD,,1.9763,mg/l,Fair,augmented_copy1_jitter+2d
SRB00040,Bogojevo,2017-02-01,BOD,,2.0259,mg/l,Fair,augmented_copy2_jitter+2d
SRB00040,Bogojevo,2017-02-02,BOD,,2.1458,mg/l,Fair,augmented_copy3_jitter+3d
SRB00040,Bogojevo,2017-02-26,BOD,,3.3395,mg/l,Fair,augmented_copy3_jitter-2d
SRB00040,Bogojevo,2017-02-27,BOD,,3.2222,mg/l,Fair,augmented_copy1_jitter-1d
SRB00040,Bogojevo,2017-02-28,BOD,,3.3,mg/l,Fair,original
SRB00040,Bogojevo,2017-03-02,BOD,,3.3075,mg/l,Fair,augmented_copy2_jitter+2d
SRB00040,Bogojevo,2017-03-20,BOD,,3.6268,mg/l,Fair,augmented_copy2_jitter-3d
SRB00040,Bogojevo,2017-03-23,BOD,,3.6,mg/l,Fair,original
SRB00040,Bogojevo,2017-03-25,BOD,,3.5815,mg/l,Fair,augmented_copy3_jitter+2d
SRB00040,Bogojevo,2017-03-26,BOD,,3.6581,mg/l,Fair,augmented_copy1_jitter+3d
SRB00040,Bogojevo,2017-04-19,BOD,,3.5727,mg/l,Fair,augmented_copy2_jitter-1d
SRB00040,Bogojevo,2017-04-20,BOD,,3.6,mg/l,Fair,original
SRB00040,Bogojevo,2017-04-21,BOD,,3.5724,mg/l,Fair,augmented_copy3_jitter+1d
SRB00040,Bogojevo,2017-04-23,BOD,,3.6077,mg/l,Fair,augmented_copy1_jitter+3d
SRB00040,Bogojevo,2017-05-12,BOD,,2.3584,mg/l,Fair,augmented_copy3_jitter-3d
SRB00040,Bogojevo,2017-05-15,BOD,,2.4,mg/l,Fair,original
SRB00040,Bogojevo,2017-05-18,BOD,,2.3663,mg/l,Fair,augmented_copy1_jitter+3d
SRB00040,Bogojevo,2017-05-18,BOD,,2.2903,mg/l,Fair,augmented_copy2_jitter+3d
SRB00040,Bogojevo,2017-06-17,BOD,,4.2468,mg/l,Fair,augmented_copy3_jitter-2d
SRB00040,Bogojevo,2017-06-19,BOD,,4.2,mg/l,Fair,original
SRB00040,Bogojevo,2017-06-20,BOD,,4.2169,mg/l,Fair,augmented_copy1_jitter+1d
SRB00040,Bogojevo,2017-06-22,BOD,,4.1517,mg/l,Fair,augmented_copy2_jitter+3d
SRB00040,Bogojevo,2017-07-28,BOD,,1.6736,mg/l,Fair,augmented_copy2_jitter-3d
SRB00040,Bogojevo,2017-07-28,BOD,,1.8369,mg/l,Fair,augmented_copy3_jitter-3d
SRB00040,Bogojevo,2017-07-31,BOD,,1.7,mg/l,Fair,original
SRB00040,Bogojevo,2017-08-03,BOD,,1.7459,mg/l,Fair,augmented_copy1_jitter+3d
SRB00040,Bogojevo,2017-08-14,BOD,,1.5592,mg/l,Fair,augmented_copy1_jitter-1d
SRB00040,Bogojevo,2017-08-15,BOD,,1.6,mg/l,Fair,original
SRB00040,Bogojevo,2017-08-16,BOD,,1.6201,mg/l,Fair,augmented_copy3_jitter+1d
SRB00040,Bogojevo,2017-08-17,BOD,,1.4907,mg/l,Fair,augmented_copy2_jitter+2d
SRB00040,Bogojevo,2017-09-11,BOD,,1.3,mg/l,Fair,original
SRB00040,Bogojevo,2017-09-12,BOD,,1.3064,mg/l,Fair,augmented_copy2_jitter+1d
SRB00040,Bogojevo,2017-09-12,BOD,,1.3387,mg/l,Fair,augmented_copy3_jitter+1d
SRB00040,Bogojevo,2017-09-14,BOD,,1.4068,mg/l,Fair,augmented_copy1_jitter+3d
SRB00040,Bogojevo,2017-10-08,BOD,,0.9915,mg/l,Fair,augmented_copy2_jitter-2d
SRB00040,Bogojevo,2017-10-09,BOD,,1.0168,mg/l,Fair,augmented_copy1_jitter-1d
SRB00040,Bogojevo,2017-10-09,BOD,,1.113,mg/l,Fair,augmented_copy3_jitter-1d
SRB00040,Bogojevo,2017-10-10,BOD,,1.0,mg/l,Fair,original
SRB00040,Bogojevo,2017-11-20,BOD,,1.2266,mg/l,Fair,augmented_copy1_jitter-2d
SRB00040,Bogojevo,2017-11-20,BOD,,1.2334,mg/l,Fair,augmented_copy2_jitter-2d
SRB00040,Bogojevo,2017-11-20,BOD,,1.2342,mg/l,Fair,augmented_copy3_jitter-2d
SRB00040,Bogojevo,2017-11-22,BOD,,1.2,mg/l,Fair,original
SRB00040,Bogojevo,2017-12-09,BOD,,1.5551,mg/l,Fair,augmented_copy1_jitter-3d
SRB00040,Bogojevo,2017-12-12,BOD,,1.6,mg/l,Fair,original
SRB00040,Bogojevo,2017-12-14,BOD,,1.567,mg/l,Fair,augmented_copy3_jitter+2d
SRB00040,Bogojevo,2017-12-15,BOD,,1.637,mg/l,Fair,augmented_copy2_jitter+3d
SRB00040,Bogojevo,2018-01-27,BOD,,2.1579,mg/l,Fair,augmented_copy3_jitter-2d
SRB00040,Bogojevo,2018-01-29,BOD,,2.2,mg/l,Fair,original
SRB00040,Bogojevo,2018-01-30,BOD,,2.2099,mg/l,Fair,augmented_copy1_jitter+1d
SRB00040,Bogojevo,2018-01-31,BOD,,2.2368,mg/l,Fair,augmented_copy2_jitter+2d
SRB00040,Bogojevo,2018-02-11,BOD,,2.0711,mg/l,Fair,augmented_copy2_jitter-2d
SRB00040,Bogojevo,2018-02-12,BOD,,2.0819,mg/l,Fair,augmented_copy3_jitter-1d
SRB00040,Bogojevo,2018-02-13,BOD,,2.1,mg/l,Fair,original
SRB00040,Bogojevo,2018-02-14,BOD,,2.0185,mg/l,Fair,augmented_copy1_jitter+1d
SRB00040,Bogojevo,2018-04-02,BOD,,2.9357,mg/l,Fair,augmented_copy3_jitter-1d
SRB00040,Bogojevo,2018-04-03,BOD,,3.0,mg/l,Fair,original
SRB00040,Bogojevo,2018-04-06,BOD,,3.029,mg/l,Fair,augmented_copy1_jitter+3d
SRB00040,Bogojevo,2018-04-06,BOD,,3.0016,mg/l,Fair,augmented_copy2_jitter+3d
SRB00040,Bogojevo,2018-04-10,BOD,,2.2922,mg/l,Fair,augmented_copy1_jitter-2d
SRB00040,Bogojevo,2018-04-12,BOD,,2.4,mg/l,Fair,original
SRB00040,Bogojevo,2018-04-13,BOD,,2.4696,mg/l,Fair,augmented_copy2_jitter+1d
SRB00040,Bogojevo,2018-04-13,BOD,,2.5173,mg/l,Fair,augmented_copy3_jitter+1d
SRB00040,Bogojevo,2018-05-18,BOD,,2.4354,mg/l,Fair,augmented_copy3_jitter-3d
SRB00040,Bogojevo,2018-05-21,BOD,,2.5,mg/l,Fair,original
SRB00040,Bogojevo,2018-05-22,BOD,,2.4006,mg/l,Fair,augmented_copy2_jitter+1d
SRB00040,Bogojevo,2018-05-24,BOD,,2.485,mg/l,Fair,augmented_copy1_jitter+3d
SRB00040,Bogojevo,2018-06-30,BOD,,2.2789,mg/l,Fair,augmented_copy3_jitter-3d
SRB00040,Bogojevo,2018-07-02,BOD,,2.2987,mg/l,Fair,augmented_copy1_jitter-1d
SRB00040,Bogojevo,2018-07-03,BOD,,2.3,mg/l,Fair,original
SRB00040,Bogojevo,2018-07-06,BOD,,2.2989,mg/l,Fair,augmented_copy2_jitter+3d
SRB00040,Bogojevo,2018-07-23,BOD,,2.408,mg/l,Fair,augmented_copy1_jitter-1d
SRB00040,Bogojevo,2018-07-23,BOD,,2.4105,mg/l,Fair,augmented_copy2_jitter-1d
SRB00040,Bogojevo,2018-07-23,BOD,,2.3824,mg/l,Fair,augmented_copy3_jitter-1d
SRB00040,Bogojevo,2018-07-24,BOD,,2.4,mg/l,Fair,original
SRB00040,Bogojevo,2018-08-17,BOD,,3.0342,mg/l,Fair,augmented_copy1_jitter-3d
SRB00040,Bogojevo,2018-08-19,BOD,,2.9539,mg/l,Fair,augmented_copy2_jitter-1d
SRB00040,Bogojevo,2018-08-20,BOD,,3.0,mg/l,Fair,original
SRB00040,Bogojevo,2018-08-22,BOD,,2.9517,mg/l,Fair,augmented_copy3_jitter+2d
SRB00040,Bogojevo,2018-09-09,BOD,,1.0248,mg/l,Fair,augmented_copy1_jitter-1d
SRB00040,Bogojevo,2018-09-10,BOD,,1.0,mg/l,Fair,original
SRB00040,Bogojevo,2018-09-12,BOD,,1.072,mg/l,Fair,augmented_copy3_jitter+2d
SRB00040,Bogojevo,2018-09-13,BOD,,0.9391,mg/l,Fair,augmented_copy2_jitter+3d
SRB00040,Bogojevo,2018-10-01,BOD,,1.6298,mg/l,Fair,augmented_copy3_jitter-1d
SRB00040,Bogojevo,2018-10-02,BOD,,1.7,mg/l,Fair,original
SRB00040,Bogojevo,2018-10-04,BOD,,1.7683,mg/l,Fair,augmented_copy1_jitter+2d
SRB00040,Bogojevo,2018-10-04,BOD,,1.6656,mg/l,Fair,augmented_copy2_jitter+2d
SRB00040,Bogojevo,2018-11-16,BOD,,1.2119,mg/l,Fair,augmented_copy1_jitter-3d
SRB00040,Bogojevo,2018-11-18,BOD,,1.2104,mg/l,Fair,augmented_copy2_jitter-1d
SRB00040,Bogojevo,2018-11-19,BOD,,1.2,mg/l,Fair,original
SRB00040,Bogojevo,2018-11-21,BOD,,1.3087,mg/l,Fair,augmented_copy3_jitter+2d
SRB00040,Bogojevo,2018-12-10,BOD,,1.7043,mg/l,Fair,augmented_copy2_jitter-1d
SRB00040,Bogojevo,2018-12-11,BOD,,1.8,mg/l,Fair,original
SRB00040,Bogojevo,2018-12-13,BOD,,1.8235,mg/l,Fair,augmented_copy1_jitter+2d
SRB00040,Bogojevo,2018-12-14,BOD,,1.9227,mg/l,Fair,augmented_copy3_jitter+3d
SRB00040,Bogojevo,2019-01-28,BOD,,1.7173,mg/l,Fair,augmented_copy3_jitter-3d
SRB00040,Bogojevo,2019-01-31,BOD,,1.7,mg/l,Fair,original
SRB00040,Bogojevo,2019-02-01,BOD,,1.6669,mg/l,Fair,augmented_copy2_jitter+1d
SRB00040,Bogojevo,2019-02-02,BOD,,1.626,mg/l,Fair,augmented_copy1_jitter+2d
SRB00040,Bogojevo,2019-02-25,BOD,,1.7875,mg/l,Fair,augmented_copy2_jitter-1d
SRB00040,Bogojevo,2019-02-26,BOD,,1.7,mg/l,Fair,original
SRB00040,Bogojevo,2019-02-28,BOD,,1.7011,mg/l,Fair,augmented_copy1_jitter+2d
SRB00040,Bogojevo,2019-03-01,BOD,,1.5743,mg/l,Fair,augmented_copy3_jitter+3d
SRB00040,Bogojevo,2019-03-18,BOD,,0.9235,mg/l,Fair,augmented_copy2_jitter-3d
SRB00040,Bogojevo,2019-03-20,BOD,,0.9584,mg/l,Fair,augmented_copy1_jitter-1d
SRB00040,Bogojevo,2019-03-21,BOD,,1.0,mg/l,Fair,original
SRB00040,Bogojevo,2019-03-22,BOD,,1.0303,mg/l,Fair,augmented_copy3_jitter+1d
SRB00040,Bogojevo,2019-05-14,BOD,,0.6985,mg/l,Fair,augmented_copy1_jitter-2d
SRB00040,Bogojevo,2019-05-15,BOD,,0.795,mg/l,Fair,augmented_copy3_jitter-1d
SRB00040,Bogojevo,2019-05-16,BOD,,0.7,mg/l,Fair,original
SRB00040,Bogojevo,2019-05-17,BOD,,0.7509,mg/l,Fair,augmented_copy2_jitter+1d
SRB00040,Bogojevo,2019-06-14,BOD,,1.6937,mg/l,Fair,augmented_copy2_jitter-3d
SRB00040,Bogojevo,2019-06-15,BOD,,1.74,mg/l,Fair,augmented_copy1_jitter-2d
SRB00040,Bogojevo,2019-06-16,BOD,,1.6203,mg/l,Fair,augmented_copy3_jitter-1d
SRB00040,Bogojevo,2019-06-17,BOD,,1.7,mg/l,Fair,original
SRB00040,Bogojevo,2019-07-26,BOD,,4.0365,mg/l,Fair,augmented_copy1_jitter-3d
SRB00040,Bogojevo,2019-07-27,BOD,,4.0593,mg/l,Fair,augmented_copy2_jitter-2d
SRB00040,Bogojevo,2019-07-29,BOD,,4.0,mg/l,Fair,original
SRB00040,Bogojevo,2019-07-31,BOD,,3.9979,mg/l,Fair,augmented_copy3_jitter+2d
SRB00040,Bogojevo,2019-08-25,BOD,,1.9497,mg/l,Fair,augmented_copy2_jitter-3d
SRB00040,Bogojevo,2019-08-26,BOD,,1.8573,mg/l,Fair,augmented_copy1_jitter-2d
SRB00040,Bogojevo,2019-08-27,BOD,,1.9074,mg/l,Fair,augmented_copy3_jitter-1d
SRB00040,Bogojevo,2019-08-28,BOD,,1.9,mg/l,Fair,original
SRB00040,Bogojevo,2019-09-16,BOD,,1.0,mg/l,Fair,original
SRB00040,Bogojevo,2019-09-17,BOD,,1.0448,mg/l,Fair,augmented_copy1_jitter+1d
SRB00040,Bogojevo,2019-09-19,BOD,,1.0055,mg/l,Fair,augmented_copy2_jitter+3d
SRB00040,Bogojevo,2019-09-19,BOD,,0.9538,mg/l,Fair,augmented_copy3_jitter+3d
SRB00040,Bogojevo,2019-10-11,BOD,,0.9547,mg/l,Fair,augmented_copy2_jitter-3d
SRB00040,Bogojevo,2019-10-11,BOD,,1.04,mg/l,Fair,augmented_copy3_jitter-3d
SRB00040,Bogojevo,2019-10-14,BOD,,1.0,mg/l,Fair,original
SRB00040,Bogojevo,2019-10-17,BOD,,0.9957,mg/l,Fair,augmented_copy1_jitter+3d
SRB00040,Bogojevo,2019-11-23,BOD,,1.0165,mg/l,Fair,augmented_copy3_jitter-2d
SRB00040,Bogojevo,2019-11-24,BOD,,0.9803,mg/l,Fair,augmented_copy1_jitter-1d
SRB00040,Bogojevo,2019-11-25,BOD,,1.0,mg/l,Fair,original
SRB00040,Bogojevo,2019-11-27,BOD,,0.959,mg/l,Fair,augmented_copy2_jitter+2d
SRB00040,Bogojevo,2019-12-14,BOD,,1.6205,mg/l,Fair,augmented_copy2_jitter-3d
SRB00040,Bogojevo,2019-12-15,BOD,,1.5828,mg/l,Fair,augmented_copy1_jitter-2d
SRB00040,Bogojevo,2019-12-17,BOD,,1.6,mg/l,Fair,original
SRB00040,Bogojevo,2019-12-19,BOD,,1.5948,mg/l,Fair,augmented_copy3_jitter+2d
SRB00040,Bogojevo,2020-01-29,BOD,,1.6,mg/l,Fair,original
SRB00040,Bogojevo,2020-01-30,BOD,,1.5296,mg/l,Fair,augmented_copy2_jitter+1d
SRB00040,Bogojevo,2020-01-30,BOD,,1.667,mg/l,Fair,augmented_copy3_jitter+1d
SRB00040,Bogojevo,2020-01-31,BOD,,1.5422,mg/l,Fair,augmented_copy1_jitter+2d
SRB00040,Bogojevo,2020-02-15,BOD,,1.2797,mg/l,Fair,augmented_copy1_jitter-3d
SRB00040,Bogojevo,2020-02-16,BOD,,1.2134,mg/l,Fair,augmented_copy2_jitter-2d
SRB00040,Bogojevo,2020-02-18,BOD,,1.3,mg/l,Fair,original
SRB00040,Bogojevo,2020-02-21,BOD,,1.3802,mg/l,Fair,augmented_copy3_jitter+3d
SRB00040,Bogojevo,2020-05-18,BOD,,2.9016,mg/l,Fair,augmented_copy3_jitter-3d
SRB00040,Bogojevo,2020-05-20,BOD,,3.0074,mg/l,Fair,augmented_copy2_jitter-1d
SRB00040,Bogojevo,2020-05-21,BOD,,2.9,mg/l,Fair,original
SRB00040,Bogojevo,2020-05-24,BOD,,2.8898,mg/l,Fair,augmented_copy1_jitter+3d
SRB00040,Bogojevo,2020-06-05,BOD,,2.201,mg/l,Fair,augmented_copy3_jitter-3d
SRB00040,Bogojevo,2020-06-08,BOD,,2.3,mg/l,Fair,original
SRB00040,Bogojevo,2020-06-10,BOD,,2.3866,mg/l,Fair,augmented_copy2_jitter+2d
SRB00040,Bogojevo,2020-06-11,BOD,,2.3984,mg/l,Fair,augmented_copy1_jitter+3d
SRB00040,Bogojevo,2020-06-22,BOD,,1.0,mg/l,Fair,original
SRB00040,Bogojevo,2020-06-24,BOD,,0.9779,mg/l,Fair,augmented_copy1_jitter+2d
SRB00040,Bogojevo,2020-06-25,BOD,,1.0122,mg/l,Fair,augmented_copy2_jitter+3d
SRB00040,Bogojevo,2020-06-25,BOD,,1.0238,mg/l,Fair,augmented_copy3_jitter+3d
SRB00040,Bogojevo,2020-07-10,BOD,,0.9406,mg/l,Fair,augmented_copy3_jitter-3d
SRB00040,Bogojevo,2020-07-13,BOD,,0.9,mg/l,Fair,original
SRB00040,Bogojevo,2020-07-15,BOD,,0.895,mg/l,Fair,augmented_copy1_jitter+2d
SRB00040,Bogojevo,2020-07-15,BOD,,0.9002,mg/l,Fair,augmented_copy2_jitter+2d
SRB00040,Bogojevo,2020-08-19,BOD,,1.4,mg/l,Fair,original
SRB00040,Bogojevo,2020-08-20,BOD,,1.432,mg/l,Fair,augmented_copy1_jitter+1d
SRB00040,Bogojevo,2020-08-20,BOD,,1.404,mg/l,Fair,augmented_copy2_jitter+1d
SRB00040,Bogojevo,2020-08-22,BOD,,1.3924,mg/l,Fair,augmented_copy3_jitter+3d
SRB00040,Bogojevo,2020-09-04,BOD,,1.0083,mg/l,Fair,augmented_copy3_jitter-3d
SRB00040,Bogojevo,2020-09-07,BOD,,1.0,mg/l,Fair,original
SRB00040,Bogojevo,2020-09-09,BOD,,1.1467,mg/l,Fair,augmented_copy1_jitter+2d
SRB00040,Bogojevo,2020-09-10,BOD,,1.1523,mg/l,Fair,augmented_copy2_jitter+3d
SRB00040,Bogojevo,2020-10-13,BOD,,1.0625,mg/l,Fair,augmented_copy2_jitter-1d
SRB00040,Bogojevo,2020-10-13,BOD,,0.9896,mg/l,Fair,augmented_copy3_jitter-1d
SRB00040,Bogojevo,2020-10-14,BOD,,1.0,mg/l,Fair,original
SRB00040,Bogojevo,2020-10-17,BOD,,1.0024,mg/l,Fair,augmented_copy1_jitter+3d
SRB00040,Bogojevo,2020-11-22,BOD,,1.3191,mg/l,Fair,augmented_copy3_jitter-3d
SRB00040,Bogojevo,2020-11-23,BOD,,1.2028,mg/l,Fair,augmented_copy1_jitter-2d
SRB00040,Bogojevo,2020-11-23,BOD,,1.2604,mg/l,Fair,augmented_copy2_jitter-2d
SRB00040,Bogojevo,2020-11-25,BOD,,1.2,mg/l,Fair,original
SRB00040,Bogojevo,2021-01-27,BOD,,1.5,mg/l,Fair,original
SRB00040,Bogojevo,2021-01-28,BOD,,1.443,mg/l,Fair,augmented_copy1_jitter+1d
SRB00040,Bogojevo,2021-01-29,BOD,,1.5065,mg/l,Fair,augmented_copy2_jitter+2d
SRB00040,Bogojevo,2021-01-29,BOD,,1.4825,mg/l,Fair,augmented_copy3_jitter+2d
SRB00040,Bogojevo,2021-02-24,BOD,,1.5,mg/l,Fair,original
SRB00040,Bogojevo,2021-02-26,BOD,,1.4999,mg/l,Fair,augmented_copy1_jitter+2d
SRB00040,Bogojevo,2021-02-27,BOD,,1.4402,mg/l,Fair,augmented_copy2_jitter+3d
SRB00040,Bogojevo,2021-02-27,BOD,,1.4757,mg/l,Fair,augmented_copy3_jitter+3d
SRB00040,Bogojevo,2021-03-23,BOD,,2.3687,mg/l,Fair,augmented_copy2_jitter-2d
SRB00040,Bogojevo,2021-03-24,BOD,,2.2847,mg/l,Fair,augmented_copy1_jitter-1d
SRB00040,Bogojevo,2021-03-25,BOD,,2.3,mg/l,Fair,original
SRB00040,Bogojevo,2021-03-28,BOD,,2.3669,mg/l,Fair,augmented_copy3_jitter+3d
SRB00040,Bogojevo,2021-04-24,BOD,,3.7243,mg/l,Fair,augmented_copy1_jitter-2d
SRB00040,Bogojevo,2021-04-24,BOD,,3.8498,mg/l,Fair,augmented_copy3_jitter-2d
SRB00040,Bogojevo,2021-04-26,BOD,,3.8,mg/l,Fair,original
SRB00040,Bogojevo,2021-04-29,BOD,,3.87,mg/l,Fair,augmented_copy2_jitter+3d
SRB00040,Bogojevo,2021-05-18,BOD,,1.6,mg/l,Fair,original
SRB00040,Bogojevo,2021-05-19,BOD,,1.5904,mg/l,Fair,augmented_copy1_jitter+1d
SRB00040,Bogojevo,2021-05-20,BOD,,1.5361,mg/l,Fair,augmented_copy3_jitter+2d
SRB00040,Bogojevo,2021-05-21,BOD,,1.6494,mg/l,Fair,augmented_copy2_jitter+3d
SRB00040,Bogojevo,2021-06-21,BOD,,1.7,mg/l,Fair,original
SRB00040,Bogojevo,2021-06-22,BOD,,1.7191,mg/l,Fair,augmented_copy1_jitter+1d
SRB00040,Bogojevo,2021-06-24,BOD,,1.7511,mg/l,Fair,augmented_copy2_jitter+3d
SRB00040,Bogojevo,2021-06-24,BOD,,1.6539,mg/l,Fair,augmented_copy3_jitter+3d
SRB00040,Bogojevo,2021-07-24,BOD,,1.6535,mg/l,Fair,augmented_copy1_jitter-2d
SRB00040,Bogojevo,2021-07-26,BOD,,1.7,mg/l,Fair,original
SRB00040,Bogojevo,2021-07-28,BOD,,1.7834,mg/l,Fair,augmented_copy3_jitter+2d
SRB00040,Bogojevo,2021-07-29,BOD,,1.719,mg/l,Fair,augmented_copy2_jitter+3d
SRB00040,Bogojevo,2021-08-02,BOD,,0.9795,mg/l,Fair,augmented_copy2_jitter-3d
SRB00040,Bogojevo,2021-08-05,BOD,,1.0,mg/l,Fair,original
SRB00040,Bogojevo,2021-08-06,BOD,,1.0237,mg/l,Fair,augmented_copy1_jitter+1d
SRB00040,Bogojevo,2021-08-07,BOD,,1.0121,mg/l,Fair,augmented_copy3_jitter+2d
SRB00040,Bogojevo,2021-09-14,BOD,,1.1428,mg/l,Fair,augmented_copy1_jitter-2d
SRB00040,Bogojevo,2021-09-14,BOD,,1.0911,mg/l,Fair,augmented_copy2_jitter-2d
SRB00040,Bogojevo,2021-09-15,BOD,,1.0928,mg/l,Fair,augmented_copy3_jitter-1d
SRB00040,Bogojevo,2021-09-16,BOD,,1.1,mg/l,Fair,original
SRB00040,Bogojevo,2021-10-12,BOD,,1.3475,mg/l,Fair,augmented_copy2_jitter-1d
SRB00040,Bogojevo,2021-10-13,BOD,,1.4,mg/l,Fair,original
SRB00040,Bogojevo,2021-10-16,BOD,,1.4179,mg/l,Fair,augmented_copy1_jitter+3d
SRB00040,Bogojevo,2021-10-16,BOD,,1.4749,mg/l,Fair,augmented_copy3_jitter+3d
SRB00040,Bogojevo,2021-11-19,BOD,,1.2551,mg/l,Fair,augmented_copy1_jitter-3d
SRB00040,Bogojevo,2021-11-22,BOD,,1.2,mg/l,Fair,original
SRB00040,Bogojevo,2021-11-23,BOD,,1.126,mg/l,Fair,augmented_copy2_jitter+1d
SRB00040,Bogojevo,2021-11-25,BOD,,1.2313,mg/l,Fair,augmented_copy3_jitter+3d
SRB00040,Bogojevo,2021-12-19,BOD,,2.355,mg/l,Fair,augmented_copy1_jitter-2d
SRB00040,Bogojevo,2021-12-19,BOD,,2.3537,mg/l,Fair,augmented_copy3_jitter-2d
SRB00040,Bogojevo,2021-12-21,BOD,,2.4,mg/l,Fair,original
SRB00040,Bogojevo,2021-12-24,BOD,,2.4635,mg/l,Fair,augmented_copy2_jitter+3d
SRB00040,Bogojevo,2022-01-16,BOD,,2.5899,mg/l,Fair,augmented_copy1_jitter-1d
SRB00040,Bogojevo,2022-01-16,BOD,,2.6436,mg/l,Fair,augmented_copy2_jitter-1d
SRB00040,Bogojevo,2022-01-17,BOD,,2.6,mg/l,Fair,original
SRB00040,Bogojevo,2022-01-18,BOD,,2.5137,mg/l,Fair,augmented_copy3_jitter+1d
SRB00040,Bogojevo,2022-02-07,BOD,,2.499,mg/l,Fair,augmented_copy3_jitter-3d
SRB00040,Bogojevo,2022-02-10,BOD,,2.4,mg/l,Fair,original
SRB00040,Bogojevo,2022-02-11,BOD,,2.3836,mg/l,Fair,augmented_copy2_jitter+1d
SRB00040,Bogojevo,2022-02-13,BOD,,2.3404,mg/l,Fair,augmented_copy1_jitter+3d
SRB00040,Bogojevo,2022-03-25,BOD,,3.6077,mg/l,Fair,augmented_copy1_jitter-3d
SRB00040,Bogojevo,2022-03-26,BOD,,3.6021,mg/l,Fair,augmented_copy2_jitter-2d
SRB00040,Bogojevo,2022-03-27,BOD,,3.6446,mg/l,Fair,augmented_copy3_jitter-1d
SRB00040,Bogojevo,2022-03-28,BOD,,3.6,mg/l,Fair,original
SRB00040,Bogojevo,2022-04-14,BOD,,2.0,mg/l,Fair,original
SRB00040,Bogojevo,2022-04-16,BOD,,2.0333,mg/l,Fair,augmented_copy2_jitter+2d
SRB00040,Bogojevo,2022-04-16,BOD,,1.9777,mg/l,Fair,augmented_copy3_jitter+2d
SRB00040,Bogojevo,2022-04-17,BOD,,1.9465,mg/l,Fair,augmented_copy1_jitter+3d
SRB00040,Bogojevo,2022-05-30,BOD,,2.0,mg/l,Fair,original
SRB00040,Bogojevo,2022-05-31,BOD,,2.0156,mg/l,Fair,augmented_copy1_jitter+1d
SRB00040,Bogojevo,2022-06-01,BOD,,2.0336,mg/l,Fair,augmented_copy3_jitter+2d
SRB00040,Bogojevo,2022-06-02,BOD,,1.8935,mg/l,Fair,augmented_copy2_jitter+3d
SRB00040,Bogojevo,2022-06-25,BOD,,3.9172,mg/l,Fair,augmented_copy1_jitter-2d
SRB00040,Bogojevo,2022-06-26,BOD,,3.844,mg/l,Fair,augmented_copy2_jitter-1d
SRB00040,Bogojevo,2022-06-27,BOD,,3.9,mg/l,Fair,original
SRB00040,Bogojevo,2022-06-30,BOD,,3.9486,mg/l,Fair,augmented_copy3_jitter+3d
SRB00040,Bogojevo,2022-07-11,BOD,,2.8327,mg/l,Fair,augmented_copy1_jitter-3d
SRB00040,Bogojevo,2022-07-13,BOD,,2.7935,mg/l,Fair,augmented_copy2_jitter-1d
SRB00040,Bogojevo,2022-07-13,BOD,,2.8388,mg/l,Fair,augmented_copy3_jitter-1d
SRB00040,Bogojevo,2022-07-14,BOD,,2.8,mg/l,Fair,original
SRB00040,Bogojevo,2022-08-08,BOD,,3.3091,mg/l,Fair,augmented_copy1_jitter-3d
SRB00040,Bogojevo,2022-08-11,BOD,,3.3,mg/l,Fair,original
SRB00040,Bogojevo,2022-08-13,BOD,,3.261,mg/l,Fair,augmented_copy2_jitter+2d
SRB00040,Bogojevo,2022-08-14,BOD,,3.3166,mg/l,Fair,augmented_copy3_jitter+3d
SRB00040,Bogojevo,2022-09-04,BOD,,1.884,mg/l,Fair,augmented_copy2_jitter-3d
SRB00040,Bogojevo,2022-09-05,BOD,,1.8835,mg/l,Fair,augmented_copy1_jitter-2d
SRB00040,Bogojevo,2022-09-05,BOD,,1.8355,mg/l,Fair,augmented_copy3_jitter-2d
SRB00040,Bogojevo,2022-09-07,BOD,,1.9,mg/l,Fair,original
SRB00040,Bogojevo,2022-10-22,BOD,,1.2994,mg/l,Fair,augmented_copy3_jitter-2d
SRB00040,Bogojevo,2022-10-23,BOD,,1.2925,mg/l,Fair,augmented_copy1_jitter-1d
SRB00040,Bogojevo,2022-10-23,BOD,,1.2799,mg/l,Fair,augmented_copy2_jitter-1d
SRB00040,Bogojevo,2022-10-24,BOD,,1.3,mg/l,Fair,original
SRB00040,Bogojevo,2022-11-21,BOD,,2.2172,mg/l,Fair,augmented_copy2_jitter-2d
SRB00040,Bogojevo,2022-11-23,BOD,,2.2,mg/l,Fair,original
SRB00040,Bogojevo,2022-11-24,BOD,,2.1642,mg/l,Fair,augmented_copy1_jitter+1d
SRB00040,Bogojevo,2022-11-25,BOD,,2.1516,mg/l,Fair,augmented_copy3_jitter+2d
SRB00040,Bogojevo,2022-12-26,BOD,,2.5,mg/l,Fair,original
SRB00040,Bogojevo,2022-12-28,BOD,,2.4303,mg/l,Fair,augmented_copy3_jitter+2d
SRB00040,Bogojevo,2022-12-29,BOD,,2.5173,mg/l,Fair,augmented_copy1_jitter+3d
SRB00040,Bogojevo,2022-12-29,BOD,,2.4355,mg/l,Fair,augmented_copy2_jitter+3d
SRB00040,Bogojevo,2023-01-26,BOD,,4.3,mg/l,Fair,original
SRB00040,Bogojevo,2023-01-27,BOD,,4.1987,mg/l,Fair,augmented_copy2_jitter+1d
SRB00040,Bogojevo,2023-01-29,BOD,,4.3321,mg/l,Fair,augmented_copy1_jitter+3d
SRB00040,Bogojevo,2023-01-29,BOD,,4.2153,mg/l,Fair,augmented_copy3_jitter+3d
SRB00040,Bogojevo,2023-02-24,BOD,,1.467,mg/l,Fair,augmented_copy1_jitter-3d
SRB00040,Bogojevo,2023-02-27,BOD,,1.4,mg/l,Fair,original
SRB00040,Bogojevo,2023-03-02,BOD,,1.3687,mg/l,Fair,augmented_copy2_jitter+3d
SRB00040,Bogojevo,2023-03-02,BOD,,1.417,mg/l,Fair,augmented_copy3_jitter+3d
SRB00040,Bogojevo,2023-03-21,BOD,,2.6454,mg/l,Fair,augmented_copy3_jitter-2d
SRB00040,Bogojevo,2023-03-23,BOD,,2.6,mg/l,Fair,original
SRB00040,Bogojevo,2023-03-24,BOD,,2.5191,mg/l,Fair,augmented_copy2_jitter+1d
SRB00040,Bogojevo,2023-03-26,BOD,,2.5849,mg/l,Fair,augmented_copy1_jitter+3d
SRB00040,Bogojevo,2023-04-23,BOD,,2.3678,mg/l,Fair,augmented_copy1_jitter-3d
SRB00040,Bogojevo,2023-04-25,BOD,,2.5244,mg/l,Fair,augmented_copy2_jitter-1d
SRB00040,Bogojevo,2023-04-25,BOD,,2.3728,mg/l,Fair,augmented_copy3_jitter-1d
SRB00040,Bogojevo,2023-04-26,BOD,,2.4,mg/l,Fair,original
SRB00040,Bogojevo,2023-05-22,BOD,,1.8206,mg/l,Fair,augmented_copy2_jitter-2d
SRB00040,Bogojevo,2023-05-23,BOD,,1.7692,mg/l,Fair,augmented_copy1_jitter-1d
SRB00040,Bogojevo,2023-05-23,BOD,,1.8302,mg/l,Fair,augmented_copy3_jitter-1d
SRB00040,Bogojevo,2023-05-24,BOD,,1.8,mg/l,Fair,original
SRB00040,Bogojevo,2023-06-25,BOD,,3.3554,mg/l,Fair,augmented_copy2_jitter-1d
SRB00040,Bogojevo,2023-06-25,BOD,,3.3309,mg/l,Fair,augmented_copy3_jitter-1d
SRB00040,Bogojevo,2023-06-26,BOD,,3.4,mg/l,Fair,original
SRB00040,Bogojevo,2023-06-28,BOD,,3.358,mg/l,Fair,augmented_copy1_jitter+2d
SRB00040,Bogojevo,2023-07-31,BOD,,1.7,mg/l,Fair,original
SRB00040,Bogojevo,2023-08-02,BOD,,1.7531,mg/l,Fair,augmented_copy1_jitter+2d
SRB00040,Bogojevo,2023-08-02,BOD,,1.765,mg/l,Fair,augmented_copy2_jitter+2d
SRB00040,Bogojevo,2023-08-02,BOD,,1.6815,mg/l,Fair,augmented_copy3_jitter+2d
SRB00040,Bogojevo,2023-08-19,BOD,,2.4827,mg/l,Fair,augmented_copy3_jitter-3d
SRB00040,Bogojevo,2023-08-22,BOD,,2.5,mg/l,Fair,original
SRB00040,Bogojevo,2023-08-23,BOD,,2.4924,mg/l,Fair,augmented_copy2_jitter+1d
SRB00040,Bogojevo,2023-08-25,BOD,,2.4214,mg/l,Fair,augmented_copy1_jitter+3d
SRB00040,Bogojevo,2023-09-17,BOD,,3.0496,mg/l,Fair,augmented_copy1_jitter-2d
SRB00040,Bogojevo,2023-09-19,BOD,,3.1,mg/l,Fair,original
SRB00040,Bogojevo,2023-09-21,BOD,,2.9986,mg/l,Fair,augmented_copy3_jitter+2d
SRB00040,Bogojevo,2023-09-22,BOD,,3.1302,mg/l,Fair,augmented_copy2_jitter+3d
SRB00040,Bogojevo,2023-10-28,BOD,,2.0254,mg/l,Fair,augmented_copy1_jitter-3d
SRB00040,Bogojevo,2023-10-29,BOD,,2.0233,mg/l,Fair,augmented_copy3_jitter-2d
SRB00040,Bogojevo,2023-10-30,BOD,,2.1,mg/l,Fair,augmented_copy2_jitter-1d
SRB00040,Bogojevo,2023-10-31,BOD,,2.1,mg/l,Fair,original
SRB00040,Bogojevo,2023-11-29,BOD,,1.6785,mg/l,Fair,augmented_copy2_jitter-1d
SRB00040,Bogojevo,2023-11-29,BOD,,1.5288,mg/l,Fair,augmented_copy3_jitter-1d
SRB00040,Bogojevo,2023-11-30,BOD,,1.6,mg/l,Fair,original
SRB00040,Bogojevo,2023-12-01,BOD,,1.6541,mg/l,Fair,augmented_copy1_jitter+1d
SRB00040,Bogojevo,2023-12-23,BOD,,3.0655,mg/l,Fair,augmented_copy1_jitter-2d
SRB00040,Bogojevo,2023-12-24,BOD,,3.0878,mg/l,Fair,augmented_copy2_jitter-1d
SRB00040,Bogojevo,2023-12-25,BOD,,3.0,mg/l,Fair,original
SRB00040,Bogojevo,2023-12-27,BOD,,2.9999,mg/l,Fair,augmented_copy3_jitter+2d
SRB00041,Smederevo,2000-01-28,BOD,,1.1476,mg/l,Fair,augmented_copy1_jitter-1d
SRB00041,Smederevo,2000-01-29,BOD,,1.2,mg/l,Fair,original
SRB00041,Smederevo,2000-02-01,BOD,,1.2253,mg/l,Fair,augmented_copy2_jitter+3d
SRB00041,Smederevo,2000-02-01,BOD,,1.2328,mg/l,Fair,augmented_copy3_jitter+3d
SRB00041,Smederevo,2000-02-20,BOD,,2.7072,mg/l,Fair,augmented_copy2_jitter-3d
SRB00041,Smederevo,2000-02-20,BOD,,2.7034,mg/l,Fair,augmented_copy3_jitter-3d
SRB00041,Smederevo,2000-02-23,BOD,,2.7,mg/l,Fair,original
SRB00041,Smederevo,2000-02-26,BOD,,2.6904,mg/l,Fair,augmented_copy1_jitter+3d
SRB00041,Smederevo,2000-03-04,BOD,,2.208,mg/l,Fair,augmented_copy2_jitter-2d
SRB00041,Smederevo,2000-03-05,BOD,,2.1803,mg/l,Fair,augmented_copy3_jitter-1d
SRB00041,Smederevo,2000-03-06,BOD,,2.2,mg/l,Fair,original
SRB00041,Smederevo,2000-03-08,BOD,,2.1644,mg/l,Fair,augmented_copy1_jitter+2d
SRB00041,Smederevo,2000-04-17,BOD,,2.6144,mg/l,Fair,augmented_copy2_jitter-2d
SRB00041,Smederevo,2000-04-18,BOD,,2.6742,mg/l,Fair,augmented_copy1_jitter-1d
SRB00041,Smederevo,2000-04-18,BOD,,2.6356,mg/l,Fair,augmented_copy3_jitter-1d
SRB00041,Smederevo,2000-04-19,BOD,,2.6,mg/l,Fair,original
SRB00041,Smederevo,2000-05-29,BOD,,1.8053,mg/l,Fair,augmented_copy2_jitter-2d
SRB00041,Smederevo,2000-05-30,BOD,,1.7639,mg/l,Fair,augmented_copy1_jitter-1d
SRB00041,Smederevo,2000-05-31,BOD,,1.8,mg/l,Fair,original
SRB00041,Smederevo,2000-06-01,BOD,,1.8618,mg/l,Fair,augmented_copy3_jitter+1d
SRB00041,Smederevo,2000-06-19,BOD,,1.6882,mg/l,Fair,augmented_copy3_jitter-2d
SRB00041,Smederevo,2000-06-20,BOD,,1.5563,mg/l,Fair,augmented_copy1_jitter-1d
SRB00041,Smederevo,2000-06-20,BOD,,1.6583,mg/l,Fair,augmented_copy2_jitter-1d
SRB00041,Smederevo,2000-06-21,BOD,,1.6,mg/l,Fair,original
SRB00041,Smederevo,2000-07-05,BOD,,4.7079,mg/l,Fair,augmented_copy3_jitter-2d
SRB00041,Smederevo,2000-07-07,BOD,,4.7,mg/l,Fair,original
SRB00041,Smederevo,2000-07-10,BOD,,4.7623,mg/l,Fair,augmented_copy1_jitter+3d
SRB00041,Smederevo,2000-07-10,BOD,,4.6323,mg/l,Fair,augmented_copy2_jitter+3d
SRB00041,Smederevo,2000-08-30,BOD,,1.4838,mg/l,Fair,augmented_copy2_jitter-2d
SRB00041,Smederevo,2000-09-01,BOD,,1.5,mg/l,Fair,original
SRB00041,Smederevo,2000-09-02,BOD,,1.5229,mg/l,Fair,augmented_copy3_jitter+1d
SRB00041,Smederevo,2000-09-03,BOD,,1.4885,mg/l,Fair,augmented_copy1_jitter+2d
SRB00041,Smederevo,2000-09-20,BOD,,2.3,mg/l,Fair,original
SRB00041,Smederevo,2000-09-22,BOD,,2.2636,mg/l,Fair,augmented_copy1_jitter+2d
SRB00041,Smederevo,2000-09-22,BOD,,2.3403,mg/l,Fair,augmented_copy3_jitter+2d
SRB00041,Smederevo,2000-09-23,BOD,,2.3754,mg/l,Fair,augmented_copy2_jitter+3d
SRB00041,Smederevo,2000-10-04,BOD,,4.0546,mg/l,Fair,augmented_copy1_jitter-3d
SRB00041,Smederevo,2000-10-04,BOD,,4.1097,mg/l,Fair,augmented_copy3_jitter-3d
SRB00041,Smederevo,2000-10-07,BOD,,4.1,mg/l,Fair,original
SRB00041,Smederevo,2000-10-09,BOD,,4.0522,mg/l,Fair,augmented_copy2_jitter+2d
SRB00041,Smederevo,2000-11-29,BOD,,1.0883,mg/l,Fair,augmented_copy1_jitter-1d
SRB00041,Smederevo,2000-11-29,BOD,,1.034,mg/l,Fair,augmented_copy3_jitter-1d
SRB00041,Smederevo,2000-11-30,BOD,,1.0,mg/l,Fair,original
SRB00041,Smederevo,2000-11-30,BOD,,1.0483,mg/l,Fair,augmented_copy1_jitter-2d
SRB00041,Smederevo,2000-12-01,BOD,,1.0137,mg/l,Fair,augmented_copy3_jitter-1d
SRB00041,Smederevo,2000-12-02,BOD,,1.0,mg/l,Fair,original
SRB00041,Smederevo,2000-12-03,BOD,,0.9828,mg/l,Fair,augmented_copy2_jitter+3d
SRB00041,Smederevo,2000-12-05,BOD,,0.9322,mg/l,Fair,augmented_copy2_jitter+3d
SRB00041,Smederevo,2001-01-15,BOD,,1.3958,mg/l,Fair,augmented_copy3_jitter-2d
SRB00041,Smederevo,2001-01-17,BOD,,1.4,mg/l,Fair,original
SRB00041,Smederevo,2001-01-20,BOD,,1.4184,mg/l,Fair,augmented_copy1_jitter+3d
SRB00041,Smederevo,2001-01-20,BOD,,1.3654,mg/l,Fair,augmented_copy2_jitter+3d
SRB00041,Smederevo,2001-02-13,BOD,,1.8604,mg/l,Fair,augmented_copy1_jitter-1d
SRB00041,Smederevo,2001-02-14,BOD,,1.9,mg/l,Fair,original
SRB00041,Smederevo,2001-02-16,BOD,,1.8658,mg/l,Fair,augmented_copy3_jitter+2d
SRB00041,Smederevo,2001-02-17,BOD,,1.9053,mg/l,Fair,augmented_copy2_jitter+3d
SRB00041,Smederevo,2001-03-09,BOD,,3.6601,mg/l,Fair,augmented_copy2_jitter-1d
SRB00041,Smederevo,2001-03-09,BOD,,3.6656,mg/l,Fair,augmented_copy3_jitter-1d
SRB00041,Smederevo,2001-03-10,BOD,,3.6,mg/l,Fair,original
SRB00041,Smederevo,2001-03-13,BOD,,3.637,mg/l,Fair,augmented_copy1_jitter+3d
SRB00041,Smederevo,2001-04-20,BOD,,1.6482,mg/l,Fair,augmented_copy2_jitter-2d
SRB00041,Smederevo,2001-04-22,BOD,,1.6,mg/l,Fair,original
SRB00041,Smederevo,2001-04-25,BOD,,1.5499,mg/l,Fair,augmented_copy1_jitter+3d
SRB00041,Smederevo,2001-04-25,BOD,,1.6339,mg/l,Fair,augmented_copy3_jitter+3d
SRB00041,Smederevo,2001-05-14,BOD,,1.9139,mg/l,Fair,augmented_copy1_jitter-2d
SRB00041,Smederevo,2001-05-15,BOD,,1.9719,mg/l,Fair,augmented_copy2_jitter-1d
SRB00041,Smederevo,2001-05-16,BOD,,1.9,mg/l,Fair,original
SRB00041,Smederevo,2001-05-18,BOD,,1.8928,mg/l,Fair,augmented_copy3_jitter+2d
SRB00041,Smederevo,2001-06-02,BOD,,2.0294,mg/l,Fair,augmented_copy2_jitter-2d
SRB00041,Smederevo,2001-06-03,BOD,,2.0115,mg/l,Fair,augmented_copy1_jitter-1d
SRB00041,Smederevo,2001-06-04,BOD,,2.1,mg/l,Fair,original
SRB00041,Smederevo,2001-06-07,BOD,,2.0515,mg/l,Fair,augmented_copy3_jitter+3d
SRB00041,Smederevo,2001-07-28,BOD,,2.7783,mg/l,Fair,augmented_copy1_jitter-3d
SRB00041,Smederevo,2001-07-31,BOD,,2.8,mg/l,Fair,original
SRB00041,Smederevo,2001-08-02,BOD,,2.7466,mg/l,Fair,augmented_copy2_jitter+2d
SRB00041,Smederevo,2001-08-03,BOD,,2.8115,mg/l,Fair,augmented_copy3_jitter+3d
SRB00041,Smederevo,2001-08-23,BOD,,2.5406,mg/l,Fair,augmented_copy3_jitter-3d
SRB00041,Smederevo,2001-08-24,BOD,,2.5266,mg/l,Fair,augmented_copy2_jitter-2d
SRB00041,Smederevo,2001-08-25,BOD,,2.5471,mg/l,Fair,augmented_copy1_jitter-1d
SRB00041,Smederevo,2001-08-26,BOD,,2.5,mg/l,Fair,original
SRB00041,Smederevo,2001-09-19,BOD,,2.4,mg/l,Fair,original
SRB00041,Smederevo,2001-09-20,BOD,,2.3869,mg/l,Fair,augmented_copy2_jitter+1d
SRB00041,Smederevo,2001-09-22,BOD,,2.3792,mg/l,Fair,augmented_copy1_jitter+3d
SRB00041,Smederevo,2001-09-22,BOD,,2.4043,mg/l,Fair,augmented_copy3_jitter+3d
SRB00041,Smederevo,2001-10-05,BOD,,0.4211,mg/l,Fair,augmented_copy1_jitter-3d
SRB00041,Smederevo,2001-10-07,BOD,,0.5099,mg/l,Fair,augmented_copy2_jitter-1d
SRB00041,Smederevo,2001-10-08,BOD,,0.5,mg/l,Fair,original
SRB00041,Smederevo,2001-10-09,BOD,,0.5103,mg/l,Fair,augmented_copy3_jitter+1d
SRB00041,Smederevo,2001-11-24,BOD,,1.1495,mg/l,Fair,augmented_copy3_jitter-3d
SRB00041,Smederevo,2001-11-26,BOD,,1.1893,mg/l,Fair,augmented_copy1_jitter-1d
SRB00041,Smederevo,2001-11-27,BOD,,1.2,mg/l,Fair,original
SRB00041,Smederevo,2001-11-28,BOD,,1.237,mg/l,Fair,augmented_copy2_jitter+1d
SRB00041,Smederevo,2001-12-17,BOD,,1.9245,mg/l,Fair,augmented_copy3_jitter-2d
SRB00041,Smederevo,2001-12-19,BOD,,1.9,mg/l,Fair,original
SRB00041,Smederevo,2001-12-21,BOD,,1.8763,mg/l,Fair,augmented_copy1_jitter+2d
SRB00041,Smederevo,2001-12-22,BOD,,1.9813,mg/l,Fair,augmented_copy2_jitter+3d
SRB00041,Smederevo,2002-01-22,BOD,,2.8984,mg/l,Fair,augmented_copy1_jitter-1d
SRB00041,Smederevo,2002-01-23,BOD,,2.9,mg/l,Fair,original
SRB00041,Smederevo,2002-01-24,BOD,,2.9371,mg/l,Fair,augmented_copy3_jitter+1d
SRB00041,Smederevo,2002-01-26,BOD,,2.8447,mg/l,Fair,augmented_copy2_jitter+3d
SRB00041,Smederevo,2002-02-09,BOD,,1.495,mg/l,Fair,augmented_copy1_jitter-2d
SRB00041,Smederevo,2002-02-10,BOD,,1.4018,mg/l,Fair,augmented_copy3_jitter-1d
SRB00041,Smederevo,2002-02-11,BOD,,1.4,mg/l,Fair,original
SRB00041,Smederevo,2002-02-12,BOD,,1.3609,mg/l,Fair,augmented_copy2_jitter+1d
SRB00041,Smederevo,2002-03-29,BOD,,1.7725,mg/l,Fair,augmented_copy1_jitter-1d
SRB00041,Smederevo,2002-03-30,BOD,,1.7,mg/l,Fair,original
SRB00041,Smederevo,2002-03-31,BOD,,1.677,mg/l,Fair,augmented_copy2_jitter+1d
SRB00041,Smederevo,2002-04-02,BOD,,1.6213,mg/l,Fair,augmented_copy3_jitter+3d
SRB00041,Smederevo,2002-04-14,BOD,,2.05,mg/l,Fair,augmented_copy1_jitter-3d
SRB00041,Smederevo,2002-04-16,BOD,,2.1624,mg/l,Fair,augmented_copy3_jitter-1d
SRB00041,Smederevo,2002-04-17,BOD,,2.1,mg/l,Fair,original
SRB00041,Smederevo,2002-04-20,BOD,,2.1431,mg/l,Fair,augmented_copy2_jitter+3d
SRB00041,Smederevo,2002-05-27,BOD,,1.7,mg/l,Fair,original
SRB00041,Smederevo,2002-05-28,BOD,,1.6927,mg/l,Fair,augmented_copy2_jitter+1d
SRB00041,Smederevo,2002-05-29,BOD,,1.7146,mg/l,Fair,augmented_copy3_jitter+2d
SRB00041,Smederevo,2002-05-30,BOD,,1.71,mg/l,Fair,augmented_copy1_jitter+3d
SRB00041,Smederevo,2002-07-21,BOD,,6.5052,mg/l,Fair,augmented_copy3_jitter-1d
SRB00041,Smederevo,2002-07-22,BOD,,6.5,mg/l,Fair,original
SRB00041,Smederevo,2002-07-23,BOD,,6.4754,mg/l,Fair,augmented_copy1_jitter+1d
SRB00041,Smederevo,2002-07-24,BOD,,6.5102,mg/l,Fair,augmented_copy2_jitter+2d
SRB00041,Smederevo,2002-08-24,BOD,,2.6825,mg/l,Fair,augmented_copy2_jitter-3d
SRB00041,Smederevo,2002-08-25,BOD,,2.5519,mg/l,Fair,augmented_copy1_jitter-2d
SRB00041,Smederevo,2002-08-26,BOD,,2.601,mg/l,Fair,augmented_copy3_jitter-1d
SRB00041,Smederevo,2002-08-27,BOD,,2.6,mg/l,Fair,original
SRB00041,Smederevo,2002-09-22,BOD,,3.8549,mg/l,Fair,augmented_copy2_jitter-1d
SRB00041,Smederevo,2002-09-23,BOD,,3.8,mg/l,Fair,original
SRB00041,Smederevo,2002-09-25,BOD,,3.8493,mg/l,Fair,augmented_copy3_jitter+2d
SRB00041,Smederevo,2002-09-26,BOD,,3.7431,mg/l,Fair,augmented_copy1_jitter+3d
SRB00041,Smederevo,2002-10-20,BOD,,2.0961,mg/l,Fair,augmented_copy1_jitter-1d
SRB00041,Smederevo,2002-10-21,BOD,,2.1,mg/l,Fair,original
SRB00041,Smederevo,2002-10-23,BOD,,2.1306,mg/l,Fair,augmented_copy2_jitter+2d
SRB00041,Smederevo,2002-10-23,BOD,,2.1652,mg/l,Fair,augmented_copy3_jitter+2d
SRB00041,Smederevo,2002-11-23,BOD,,2.9951,mg/l,Fair,augmented_copy2_jitter-2d
SRB00041,Smederevo,2002-11-23,BOD,,2.9841,mg/l,Fair,augmented_copy3_jitter-2d
SRB00041,Smederevo,2002-11-25,BOD,,3.0,mg/l,Fair,original
SRB00041,Smederevo,2002-11-27,BOD,,2.977,mg/l,Fair,augmented_copy1_jitter+2d
SRB00041,Smederevo,2002-12-19,BOD,,1.9889,mg/l,Fair,augmented_copy1_jitter-1d
SRB00041,Smederevo,2002-12-19,BOD,,2.0213,mg/l,Fair,augmented_copy2_jitter-1d
SRB00041,Smederevo,2002-12-20,BOD,,2.0,mg/l,Fair,original
SRB00041,Smederevo,2002-12-23,BOD,,1.9645,mg/l,Fair,augmented_copy3_jitter+3d
SRB00041,Smederevo,2003-01-13,BOD,,1.2441,mg/l,Fair,augmented_copy2_jitter-2d
SRB00041,Smederevo,2003-01-15,BOD,,1.2,mg/l,Fair,original
SRB00041,Smederevo,2003-01-16,BOD,,1.2031,mg/l,Fair,augmented_copy1_jitter+1d
SRB00041,Smederevo,2003-01-16,BOD,,1.1943,mg/l,Fair,augmented_copy3_jitter+1d
SRB00041,Smederevo,2003-02-24,BOD,,3.1,mg/l,Fair,original
SRB00041,Smederevo,2003-02-25,BOD,,3.1384,mg/l,Fair,augmented_copy1_jitter+1d
SRB00041,Smederevo,2003-02-26,BOD,,3.1637,mg/l,Fair,augmented_copy2_jitter+2d
SRB00041,Smederevo,2003-02-27,BOD,,3.1367,mg/l,Fair,augmented_copy3_jitter+3d
SRB00041,Smederevo,2003-05-20,BOD,,2.5212,mg/l,Fair,augmented_copy1_jitter-1d
SRB00041,Smederevo,2003-05-21,BOD,,2.6,mg/l,Fair,original
SRB00041,Smederevo,2003-05-23,BOD,,2.6307,mg/l,Fair,augmented_copy2_jitter+2d
SRB00041,Smederevo,2003-05-24,BOD,,2.6063,mg/l,Fair,augmented_copy3_jitter+3d
SRB00041,Smederevo,2003-06-15,BOD,,1.5222,mg/l,Fair,augmented_copy1_jitter-3d
SRB00041,Smederevo,2003-06-16,BOD,,1.5436,mg/l,Fair,augmented_copy2_jitter-2d
SRB00041,Smederevo,2003-06-16,BOD,,1.5342,mg/l,Fair,augmented_copy3_jitter-2d
SRB00041,Smederevo,2003-06-18,BOD,,1.5,mg/l,Fair,original
SRB00041,Smederevo,2003-07-15,BOD,,3.0375,mg/l,Fair,augmented_copy1_jitter-1d
SRB00041,Smederevo,2003-07-16,BOD,,3.0,mg/l,Fair,original
SRB00041,Smederevo,2003-07-17,BOD,,3.0021,mg/l,Fair,augmented_copy2_jitter+1d
SRB00041,Smederevo,2003-07-17,BOD,,3.0249,mg/l,Fair,augmented_copy3_jitter+1d
SRB00041,Smederevo,2003-08-14,BOD,,2.0,mg/l,Fair,original
SRB00041,Smederevo,2003-08-16,BOD,,1.972,mg/l,Fair,augmented_copy1_jitter+2d
SRB00041,Smederevo,2003-08-16,BOD,,1.9627,mg/l,Fair,augmented_copy2_jitter+2d
SRB00041,Smederevo,2003-08-16,BOD,,1.9618,mg/l,Fair,augmented_copy3_jitter+2d
SRB00041,Smederevo,2003-09-21,BOD,,1.6812,mg/l,Fair,augmented_copy2_jitter-1d
SRB00041,Smederevo,2003-09-22,BOD,,1.7,mg/l,Fair,original
SRB00041,Smederevo,2003-09-24,BOD,,1.7331,mg/l,Fair,augmented_copy1_jitter+2d
SRB00041,Smederevo,2003-09-24,BOD,,1.8292,mg/l,Fair,augmented_copy3_jitter+2d
SRB00041,Smederevo,2003-10-23,BOD,,4.1074,mg/l,Fair,augmented_copy3_jitter-2d
SRB00041,Smederevo,2003-10-25,BOD,,4.1,mg/l,Fair,original
SRB00041,Smederevo,2003-10-26,BOD,,4.1772,mg/l,Fair,augmented_copy2_jitter+1d
SRB00041,Smederevo,2003-10-27,BOD,,4.1081,mg/l,Fair,augmented_copy1_jitter+2d
SRB00041,Smederevo,2003-11-17,BOD,,2.9725,mg/l,Fair,augmented_copy3_jitter-2d
SRB00041,Smederevo,2003-11-19,BOD,,3.0,mg/l,Fair,original
SRB00041,Smederevo,2003-11-20,BOD,,3.0558,mg/l,Fair,augmented_copy1_jitter+1d
SRB00041,Smederevo,2003-11-20,BOD,,3.0072,mg/l,Fair,augmented_copy2_jitter+1d
SRB00041,Smederevo,2003-12-13,BOD,,1.226,mg/l,Fair,augmented_copy1_jitter-3d
SRB00041,Smederevo,2003-12-16,BOD,,1.2,mg/l,Fair,original
SRB00041,Smederevo,2003-12-18,BOD,,1.2106,mg/l,Fair,augmented_copy2_jitter+2d
SRB00041,Smederevo,2003-12-19,BOD,,1.1877,mg/l,Fair,augmented_copy3_jitter+3d
SRB00041,Smederevo,2013-01-13,BOD,,3.1768,mg/l,Fair,augmented_copy1_jitter-3d
SRB00041,Smederevo,2013-01-13,BOD,,3.1785,mg/l,Fair,augmented_copy2_jitter-3d
SRB00041,Smederevo,2013-01-14,BOD,,3.2495,mg/l,Fair,augmented_copy3_jitter-2d
SRB00041,Smederevo,2013-01-16,BOD,,3.2,mg/l,Fair,original
SRB00041,Smederevo,2013-02-19,BOD,,2.6303,mg/l,Fair,augmented_copy2_jitter-1d
SRB00041,Smederevo,2013-02-19,BOD,,2.5569,mg/l,Fair,augmented_copy3_jitter-1d
SRB00041,Smederevo,2013-02-20,BOD,,2.6,mg/l,Fair,original
SRB00041,Smederevo,2013-02-21,BOD,,2.5484,mg/l,Fair,augmented_copy1_jitter+1d
SRB00041,Smederevo,2013-03-17,BOD,,1.4522,mg/l,Fair,augmented_copy1_jitter-3d
SRB00041,Smederevo,2013-03-17,BOD,,1.3942,mg/l,Fair,augmented_copy3_jitter-3d
SRB00041,Smederevo,2013-03-18,BOD,,1.3925,mg/l,Fair,augmented_copy2_jitter-2d
SRB00041,Smederevo,2013-03-20,BOD,,1.4,mg/l,Fair,original
SRB00041,Smederevo,2013-04-16,BOD,,1.0984,mg/l,Fair,augmented_copy1_jitter-1d
SRB00041,Smederevo,2013-04-17,BOD,,1.1,mg/l,Fair,original
SRB00041,Smederevo,2013-04-18,BOD,,1.1022,mg/l,Fair,augmented_copy3_jitter+1d
SRB00041,Smederevo,2013-04-20,BOD,,1.1406,mg/l,Fair,augmented_copy2_jitter+3d
SRB00041,Smederevo,2013-06-16,BOD,,2.9072,mg/l,Fair,augmented_copy2_jitter-3d
SRB00041,Smederevo,2013-06-19,BOD,,3.0,mg/l,Fair,original
SRB00041,Smederevo,2013-06-22,BOD,,3.025,mg/l,Fair,augmented_copy1_jitter+3d
SRB00041,Smederevo,2013-06-22,BOD,,3.0153,mg/l,Fair,augmented_copy3_jitter+3d
SRB00041,Smederevo,2013-07-16,BOD,,1.9785,mg/l,Fair,augmented_copy3_jitter-1d
SRB00041,Smederevo,2013-07-17,BOD,,2.0,mg/l,Fair,original
SRB00041,Smederevo,2013-07-18,BOD,,2.0295,mg/l,Fair,augmented_copy2_jitter+1d
SRB00041,Smederevo,2013-07-19,BOD,,2.0251,mg/l,Fair,augmented_copy1_jitter+2d
SRB00041,Smederevo,2013-08-18,BOD,,1.9882,mg/l,Fair,augmented_copy2_jitter-3d
SRB00041,Smederevo,2013-08-18,BOD,,1.964,mg/l,Fair,augmented_copy3_jitter-3d
SRB00041,Smederevo,2013-08-21,BOD,,2.0,mg/l,Fair,original
SRB00041,Smederevo,2013-08-22,BOD,,2.0345,mg/l,Fair,augmented_copy1_jitter+1d
SRB00041,Smederevo,2013-09-18,BOD,,1.5,mg/l,Fair,original
SRB00041,Smederevo,2013-09-19,BOD,,1.4284,mg/l,Fair,augmented_copy2_jitter+1d
SRB00041,Smederevo,2013-09-20,BOD,,1.4365,mg/l,Fair,augmented_copy3_jitter+2d
SRB00041,Smederevo,2013-09-21,BOD,,1.5098,mg/l,Fair,augmented_copy1_jitter+3d
SRB00041,Smederevo,2013-10-13,BOD,,1.7382,mg/l,Fair,augmented_copy1_jitter-3d
SRB00041,Smederevo,2013-10-13,BOD,,1.7446,mg/l,Fair,augmented_copy2_jitter-3d
SRB00041,Smederevo,2013-10-16,BOD,,1.7,mg/l,Fair,original
SRB00041,Smederevo,2013-10-19,BOD,,1.7691,mg/l,Fair,augmented_copy3_jitter+3d
SRB00041,Smederevo,2013-11-17,BOD,,1.4504,mg/l,Fair,augmented_copy1_jitter-3d
SRB00041,Smederevo,2013-11-18,BOD,,1.485,mg/l,Fair,augmented_copy3_jitter-2d
SRB00041,Smederevo,2013-11-20,BOD,,1.5,mg/l,Fair,original
SRB00041,Smederevo,2013-11-22,BOD,,1.5471,mg/l,Fair,augmented_copy2_jitter+2d
SRB00041,Smederevo,2013-12-15,BOD,,1.3913,mg/l,Fair,augmented_copy2_jitter-3d
SRB00041,Smederevo,2013-12-18,BOD,,1.4,mg/l,Fair,original
SRB00041,Smederevo,2013-12-19,BOD,,1.4251,mg/l,Fair,augmented_copy1_jitter+1d
SRB00041,Smederevo,2013-12-19,BOD,,1.377,mg/l,Fair,augmented_copy3_jitter+1d
SRB00041,Smederevo,2014-01-29,BOD,,0.7174,mg/l,Fair,augmented_copy3_jitter-2d
SRB00041,Smederevo,2014-01-31,BOD,,0.7,mg/l,Fair,original
SRB00041,Smederevo,2014-02-01,BOD,,0.6543,mg/l,Fair,augmented_copy2_jitter+1d
SRB00041,Smederevo,2014-02-03,BOD,,0.7058,mg/l,Fair,augmented_copy1_jitter+3d
SRB00041,Smederevo,2014-02-17,BOD,,1.1402,mg/l,Fair,augmented_copy3_jitter-2d
SRB00041,Smederevo,2014-02-18,BOD,,1.2447,mg/l,Fair,augmented_copy2_jitter-1d
SRB00041,Smederevo,2014-02-19,BOD,,1.2,mg/l,Fair,original
SRB00041,Smederevo,2014-02-20,BOD,,1.224,mg/l,Fair,augmented_copy1_jitter+1d
SRB00041,Smederevo,2014-03-18,BOD,,1.3802,mg/l,Fair,augmented_copy1_jitter-1d
SRB00041,Smederevo,2014-03-19,BOD,,1.4,mg/l,Fair,original
SRB00041,Smederevo,2014-03-20,BOD,,1.3755,mg/l,Fair,augmented_copy3_jitter+1d
SRB00041,Smederevo,2014-03-21,BOD,,1.3608,mg/l,Fair,augmented_copy2_jitter+2d
SRB00041,Smederevo,2014-04-16,BOD,,1.1,mg/l,Fair,original
SRB00041,Smederevo,2014-04-17,BOD,,1.0907,mg/l,Fair,augmented_copy2_jitter+1d
SRB00041,Smederevo,2014-04-18,BOD,,1.0844,mg/l,Fair,augmented_copy3_jitter+2d
SRB00041,Smederevo,2014-04-19,BOD,,1.039,mg/l,Fair,augmented_copy1_jitter+3d
SRB00041,Smederevo,2014-05-12,BOD,,1.1568,mg/l,Fair,augmented_copy2_jitter-2d
SRB00041,Smederevo,2014-05-12,BOD,,1.0614,mg/l,Fair,augmented_copy3_jitter-2d
SRB00041,Smederevo,2014-05-14,BOD,,1.1,mg/l,Fair,original
SRB00041,Smederevo,2014-05-15,BOD,,0.9877,mg/l,Fair,augmented_copy1_jitter+1d
SRB00041,Smederevo,2014-06-25,BOD,,1.1,mg/l,Fair,original
SRB00041,Smederevo,2014-06-26,BOD,,1.0686,mg/l,Fair,augmented_copy2_jitter+1d
SRB00041,Smederevo,2014-06-26,BOD,,1.0844,mg/l,Fair,augmented_copy3_jitter+1d
SRB00041,Smederevo,2014-06-27,BOD,,1.0638,mg/l,Fair,augmented_copy1_jitter+2d
SRB00041,Smederevo,2014-07-15,BOD,,1.1548,mg/l,Fair,augmented_copy1_jitter-1d
SRB00041,Smederevo,2014-07-16,BOD,,1.1,mg/l,Fair,original
SRB00041,Smederevo,2014-07-18,BOD,,1.1606,mg/l,Fair,augmented_copy3_jitter+2d
SRB00041,Smederevo,2014-07-19,BOD,,1.0848,mg/l,Fair,augmented_copy2_jitter+3d
SRB00041,Smederevo,2014-08-18,BOD,,1.0795,mg/l,Fair,augmented_copy2_jitter-2d
SRB00041,Smederevo,2014-08-19,BOD,,1.0979,mg/l,Fair,augmented_copy1_jitter-1d
SRB00041,Smederevo,2014-08-19,BOD,,1.0992,mg/l,Fair,augmented_copy3_jitter-1d
SRB00041,Smederevo,2014-08-20,BOD,,1.1,mg/l,Fair,original
SRB00041,Smederevo,2014-09-16,BOD,,1.7314,mg/l,Fair,augmented_copy2_jitter-1d
SRB00041,Smederevo,2014-09-17,BOD,,1.7,mg/l,Fair,original
SRB00041,Smederevo,2014-09-19,BOD,,1.7108,mg/l,Fair,augmented_copy3_jitter+2d
SRB00041,Smederevo,2014-09-20,BOD,,1.6687,mg/l,Fair,augmented_copy1_jitter+3d
SRB00041,Smederevo,2014-10-12,BOD,,1.2807,mg/l,Fair,augmented_copy3_jitter-3d
SRB00041,Smederevo,2014-10-13,BOD,,1.3035,mg/l,Fair,augmented_copy1_jitter-2d
SRB00041,Smederevo,2014-10-15,BOD,,1.3,mg/l,Fair,original
SRB00041,Smederevo,2014-10-18,BOD,,1.3522,mg/l,Fair,augmented_copy2_jitter+3d
SRB00041,Smederevo,2014-11-19,BOD,,2.5,mg/l,Fair,original
SRB00041,Smederevo,2014-11-20,BOD,,2.502,mg/l,Fair,augmented_copy1_jitter+1d
SRB00041,Smederevo,2014-11-20,BOD,,2.4893,mg/l,Fair,augmented_copy2_jitter+1d
SRB00041,Smederevo,2014-11-21,BOD,,2.4414,mg/l,Fair,augmented_copy3_jitter+2d
SRB00041,Smederevo,2014-12-21,BOD,,1.3895,mg/l,Fair,augmented_copy2_jitter-3d
SRB00041,Smederevo,2014-12-22,BOD,,1.4465,mg/l,Fair,augmented_copy3_jitter-2d
SRB00041,Smederevo,2014-12-24,BOD,,1.4,mg/l,Fair,original
SRB00041,Smederevo,2014-12-25,BOD,,1.4277,mg/l,Fair,augmented_copy1_jitter+1d
SRB00041,Smederevo,2015-01-19,BOD,,2.121,mg/l,Fair,augmented_copy2_jitter-2d
SRB00041,Smederevo,2015-01-21,BOD,,2.1,mg/l,Fair,original
SRB00041,Smederevo,2015-01-22,BOD,,2.0653,mg/l,Fair,augmented_copy3_jitter+1d
SRB00041,Smederevo,2015-01-24,BOD,,2.1125,mg/l,Fair,augmented_copy1_jitter+3d
SRB00041,Smederevo,2015-02-15,BOD,,2.4102,mg/l,Fair,augmented_copy2_jitter-3d
SRB00041,Smederevo,2015-02-15,BOD,,2.3547,mg/l,Fair,augmented_copy3_jitter-3d
SRB00041,Smederevo,2015-02-18,BOD,,2.4,mg/l,Fair,original
SRB00041,Smederevo,2015-02-19,BOD,,2.4379,mg/l,Fair,augmented_copy1_jitter+1d
SRB00041,Smederevo,2015-03-17,BOD,,2.2237,mg/l,Fair,augmented_copy3_jitter-1d
SRB00041,Smederevo,2015-03-18,BOD,,2.2,mg/l,Fair,original
SRB00041,Smederevo,2015-03-19,BOD,,2.1985,mg/l,Fair,augmented_copy1_jitter+1d
SRB00041,Smederevo,2015-03-19,BOD,,2.2103,mg/l,Fair,augmented_copy2_jitter+1d
SRB00041,Smederevo,2015-04-12,BOD,,2.5311,mg/l,Fair,augmented_copy3_jitter-3d
SRB00041,Smederevo,2015-04-13,BOD,,2.6339,mg/l,Fair,augmented_copy1_jitter-2d
SRB00041,Smederevo,2015-04-15,BOD,,2.6,mg/l,Fair,original
SRB00041,Smederevo,2015-04-18,BOD,,2.6535,mg/l,Fair,augmented_copy2_jitter+3d
SRB00041,Smederevo,2015-05-24,BOD,,1.7334,mg/l,Fair,augmented_copy3_jitter-3d
SRB00041,Smederevo,2015-05-25,BOD,,1.6616,mg/l,Fair,augmented_copy1_jitter-2d
SRB00041,Smederevo,2015-05-27,BOD,,1.7,mg/l,Fair,original
SRB00041,Smederevo,2015-05-28,BOD,,1.6652,mg/l,Fair,augmented_copy2_jitter+1d
SRB00041,Smederevo,2015-06-16,BOD,,3.1321,mg/l,Fair,augmented_copy2_jitter-1d
SRB00041,Smederevo,2015-06-16,BOD,,3.2337,mg/l,Fair,augmented_copy3_jitter-1d
SRB00041,Smederevo,2015-06-17,BOD,,3.2,mg/l,Fair,original
SRB00041,Smederevo,2015-06-18,BOD,,3.2479,mg/l,Fair,augmented_copy1_jitter+1d
SRB00041,Smederevo,2015-07-13,BOD,,1.7719,mg/l,Fair,augmented_copy3_jitter-2d
SRB00041,Smederevo,2015-07-15,BOD,,1.8,mg/l,Fair,original
SRB00041,Smederevo,2015-07-16,BOD,,1.781,mg/l,Fair,augmented_copy1_jitter+1d
SRB00041,Smederevo,2015-07-18,BOD,,1.7635,mg/l,Fair,augmented_copy2_jitter+3d
SRB00041,Smederevo,2015-08-18,BOD,,0.9756,mg/l,Fair,augmented_copy3_jitter-3d
SRB00041,Smederevo,2015-08-19,BOD,,0.9978,mg/l,Fair,augmented_copy2_jitter-2d
SRB00041,Smederevo,2015-08-20,BOD,,0.9838,mg/l,Fair,augmented_copy1_jitter-1d
SRB00041,Smederevo,2015-08-21,BOD,,1.0,mg/l,Fair,original
SRB00041,Smederevo,2015-09-15,BOD,,2.2209,mg/l,Fair,augmented_copy3_jitter-1d
SRB00041,Smederevo,2015-09-16,BOD,,2.2,mg/l,Fair,original
SRB00041,Smederevo,2015-09-17,BOD,,2.2468,mg/l,Fair,augmented_copy2_jitter+1d
SRB00041,Smederevo,2015-09-19,BOD,,2.2824,mg/l,Fair,augmented_copy1_jitter+3d
SRB00041,Smederevo,2015-10-21,BOD,,1.9,mg/l,Fair,original
SRB00041,Smederevo,2015-10-22,BOD,,1.885,mg/l,Fair,augmented_copy3_jitter+1d
SRB00041,Smederevo,2015-10-23,BOD,,1.9475,mg/l,Fair,augmented_copy2_jitter+2d
SRB00041,Smederevo,2015-10-24,BOD,,1.894,mg/l,Fair,augmented_copy1_jitter+3d
SRB00041,Smederevo,2015-11-18,BOD,,1.8,mg/l,Fair,original
SRB00041,Smederevo,2015-11-19,BOD,,1.7353,mg/l,Fair,augmented_copy3_jitter+1d
SRB00041,Smederevo,2015-11-20,BOD,,1.8351,mg/l,Fair,augmented_copy1_jitter+2d
SRB00041,Smederevo,2015-11-20,BOD,,1.8505,mg/l,Fair,augmented_copy2_jitter+2d
SRB00041,Smederevo,2015-12-13,BOD,,1.2283,mg/l,Fair,augmented_copy3_jitter-3d
SRB00041,Smederevo,2015-12-15,BOD,,1.224,mg/l,Fair,augmented_copy2_jitter-1d
SRB00041,Smederevo,2015-12-16,BOD,,1.2,mg/l,Fair,original
SRB00041,Smederevo,2015-12-17,BOD,,1.2448,mg/l,Fair,augmented_copy1_jitter+1d
SRB00041,Smederevo,2016-01-18,BOD,,1.3253,mg/l,Fair,augmented_copy1_jitter-2d
SRB00041,Smederevo,2016-01-19,BOD,,1.4165,mg/l,Fair,augmented_copy2_jitter-1d
SRB00041,Smederevo,2016-01-20,BOD,,1.4,mg/l,Fair,original
SRB00041,Smederevo,2016-01-23,BOD,,1.4014,mg/l,Fair,augmented_copy3_jitter+3d
SRB00041,Smederevo,2016-02-17,BOD,,2.242,mg/l,Fair,augmented_copy3_jitter-1d
SRB00041,Smederevo,2016-02-18,BOD,,2.2,mg/l,Fair,original
SRB00041,Smederevo,2016-02-20,BOD,,2.2186,mg/l,Fair,augmented_copy1_jitter+2d
SRB00041,Smederevo,2016-02-21,BOD,,2.1536,mg/l,Fair,augmented_copy2_jitter+3d
SRB00041,Smederevo,2016-03-13,BOD,,2.1427,mg/l,Fair,augmented_copy1_jitter-3d
SRB00041,Smederevo,2016-03-15,BOD,,2.0614,mg/l,Fair,augmented_copy3_jitter-1d
SRB00041,Smederevo,2016-03-16,BOD,,2.1,mg/l,Fair,original
SRB00041,Smederevo,2016-03-19,BOD,,2.0353,mg/l,Fair,augmented_copy2_jitter+3d
SRB00041,Smederevo,2016-04-17,BOD,,3.5462,mg/l,Fair,augmented_copy3_jitter-3d
SRB00041,Smederevo,2016-04-19,BOD,,3.5016,mg/l,Fair,augmented_copy1_jitter-1d
SRB00041,Smederevo,2016-04-20,BOD,,3.5,mg/l,Fair,original
SRB00041,Smederevo,2016-04-23,BOD,,3.4823,mg/l,Fair,augmented_copy2_jitter+3d
SRB00041,Smederevo,2016-05-15,BOD,,1.2739,mg/l,Fair,augmented_copy3_jitter-3d
SRB00041,Smederevo,2016-05-18,BOD,,1.3,mg/l,Fair,original
SRB00041,Smederevo,2016-05-20,BOD,,1.3287,mg/l,Fair,augmented_copy2_jitter+2d
SRB00041,Smederevo,2016-05-21,BOD,,1.2769,mg/l,Fair,augmented_copy1_jitter+3d
SRB00041,Smederevo,2016-06-12,BOD,,1.485,mg/l,Fair,augmented_copy2_jitter-3d
SRB00041,Smederevo,2016-06-13,BOD,,1.3828,mg/l,Fair,augmented_copy3_jitter-2d
SRB00041,Smederevo,2016-06-15,BOD,,1.5,mg/l,Fair,original
SRB00041,Smederevo,2016-06-17,BOD,,1.5008,mg/l,Fair,augmented_copy1_jitter+2d
SRB00041,Smederevo,2016-07-18,BOD,,2.3226,mg/l,Fair,augmented_copy1_jitter-3d
SRB00041,Smederevo,2016-07-18,BOD,,2.2548,mg/l,Fair,augmented_copy2_jitter-3d
SRB00041,Smederevo,2016-07-19,BOD,,2.3448,mg/l,Fair,augmented_copy3_jitter-2d
SRB00041,Smederevo,2016-07-21,BOD,,2.3,mg/l,Fair,original
SRB00041,Smederevo,2016-08-22,BOD,,1.9262,mg/l,Fair,augmented_copy3_jitter-2d
SRB00041,Smederevo,2016-08-24,BOD,,1.9,mg/l,Fair,original
SRB00041,Smederevo,2016-08-26,BOD,,1.9003,mg/l,Fair,augmented_copy2_jitter+2d
SRB00041,Smederevo,2016-08-27,BOD,,1.8479,mg/l,Fair,augmented_copy1_jitter+3d
SRB00041,Smederevo,2016-09-20,BOD,,1.5947,mg/l,Fair,augmented_copy3_jitter-2d
SRB00041,Smederevo,2016-09-22,BOD,,1.6,mg/l,Fair,original
SRB00041,Smederevo,2016-09-23,BOD,,1.6168,mg/l,Fair,augmented_copy2_jitter+1d
SRB00041,Smederevo,2016-09-24,BOD,,1.6688,mg/l,Fair,augmented_copy1_jitter+2d
SRB00041,Smederevo,2016-10-19,BOD,,1.7,mg/l,Fair,original
SRB00041,Smederevo,2016-10-20,BOD,,1.7167,mg/l,Fair,augmented_copy1_jitter+1d
SRB00041,Smederevo,2016-10-22,BOD,,1.6886,mg/l,Fair,augmented_copy2_jitter+3d
SRB00041,Smederevo,2016-10-22,BOD,,1.7085,mg/l,Fair,augmented_copy3_jitter+3d
SRB00041,Smederevo,2016-11-13,BOD,,2.2089,mg/l,Fair,augmented_copy1_jitter-2d
SRB00041,Smederevo,2016-11-14,BOD,,2.232,mg/l,Fair,augmented_copy3_jitter-1d
SRB00041,Smederevo,2016-11-15,BOD,,2.2,mg/l,Fair,original
SRB00041,Smederevo,2016-11-17,BOD,,2.1744,mg/l,Fair,augmented_copy2_jitter+2d
SRB00041,Smederevo,2016-12-18,BOD,,1.6703,mg/l,Fair,augmented_copy3_jitter-3d
SRB00041,Smederevo,2016-12-20,BOD,,1.6546,mg/l,Fair,augmented_copy1_jitter-1d
SRB00041,Smederevo,2016-12-21,BOD,,1.7,mg/l,Fair,original
SRB00041,Smederevo,2016-12-24,BOD,,1.6483,mg/l,Fair,augmented_copy2_jitter+3d
SRB00041,Smederevo,2017-01-04,BOD,,2.5,mg/l,Fair,original
SRB00041,Smederevo,2017-01-05,BOD,,2.4817,mg/l,Fair,augmented_copy1_jitter+1d
SRB00041,Smederevo,2017-01-06,BOD,,2.5114,mg/l,Fair,augmented_copy2_jitter+2d
SRB00041,Smederevo,2017-01-06,BOD,,2.5153,mg/l,Fair,augmented_copy3_jitter+2d
SRB00041,Smederevo,2017-01-31,BOD,,1.2163,mg/l,Fair,augmented_copy1_jitter-2d
SRB00041,Smederevo,2017-02-02,BOD,,1.2,mg/l,Fair,original
SRB00041,Smederevo,2017-02-03,BOD,,1.1873,mg/l,Fair,augmented_copy3_jitter+1d
SRB00041,Smederevo,2017-02-04,BOD,,1.1822,mg/l,Fair,augmented_copy2_jitter+2d
SRB00041,Smederevo,2017-03-12,BOD,,2.0235,mg/l,Fair,augmented_copy1_jitter-3d
SRB00041,Smederevo,2017-03-13,BOD,,2.1078,mg/l,Fair,augmented_copy3_jitter-2d
SRB00041,Smederevo,2017-03-15,BOD,,2.1,mg/l,Fair,original
SRB00041,Smederevo,2017-03-17,BOD,,2.1002,mg/l,Fair,augmented_copy2_jitter+2d
SRB00041,Smederevo,2017-04-19,BOD,,1.6,mg/l,Fair,original
SRB00041,Smederevo,2017-04-21,BOD,,1.5799,mg/l,Fair,augmented_copy1_jitter+2d
SRB00041,Smederevo,2017-04-21,BOD,,1.6404,mg/l,Fair,augmented_copy3_jitter+2d
SRB00041,Smederevo,2017-04-22,BOD,,1.6574,mg/l,Fair,augmented_copy2_jitter+3d
SRB00041,Smederevo,2017-05-17,BOD,,1.3,mg/l,Fair,original
SRB00041,Smederevo,2017-05-18,BOD,,1.3482,mg/l,Fair,augmented_copy2_jitter+1d
SRB00041,Smederevo,2017-05-19,BOD,,1.2587,mg/l,Fair,augmented_copy1_jitter+2d
SRB00041,Smederevo,2017-05-19,BOD,,1.2519,mg/l,Fair,augmented_copy3_jitter+2d
SRB00041,Smederevo,2017-06-19,BOD,,1.1196,mg/l,Fair,augmented_copy3_jitter-3d
SRB00041,Smederevo,2017-06-20,BOD,,1.0733,mg/l,Fair,augmented_copy2_jitter-2d
SRB00041,Smederevo,2017-06-21,BOD,,1.1289,mg/l,Fair,augmented_copy1_jitter-1d
SRB00041,Smederevo,2017-06-22,BOD,,1.1,mg/l,Fair,original
SRB00041,Smederevo,2017-07-17,BOD,,2.1382,mg/l,Fair,augmented_copy3_jitter-2d
SRB00041,Smederevo,2017-07-19,BOD,,2.1,mg/l,Fair,original
SRB00041,Smederevo,2017-07-20,BOD,,2.1114,mg/l,Fair,augmented_copy1_jitter+1d
SRB00041,Smederevo,2017-07-20,BOD,,2.0841,mg/l,Fair,augmented_copy2_jitter+1d
SRB00041,Smederevo,2017-08-20,BOD,,2.7106,mg/l,Fair,augmented_copy2_jitter-3d
SRB00041,Smederevo,2017-08-20,BOD,,2.7344,mg/l,Fair,augmented_copy3_jitter-3d
SRB00041,Smederevo,2017-08-23,BOD,,2.7,mg/l,Fair,original
SRB00041,Smederevo,2017-08-24,BOD,,2.6622,mg/l,Fair,augmented_copy1_jitter+1d
SRB00041,Smederevo,2017-09-17,BOD,,1.3333,mg/l,Fair,augmented_copy2_jitter-3d
SRB00041,Smederevo,2017-09-19,BOD,,1.4363,mg/l,Fair,augmented_copy1_jitter-1d
SRB00041,Smederevo,2017-09-20,BOD,,1.4,mg/l,Fair,original
SRB00041,Smederevo,2017-09-22,BOD,,1.335,mg/l,Fair,augmented_copy3_jitter+2d
SRB00041,Smederevo,2017-10-23,BOD,,2.1023,mg/l,Fair,augmented_copy2_jitter-2d
SRB00041,Smederevo,2017-10-24,BOD,,2.0577,mg/l,Fair,augmented_copy3_jitter-1d
SRB00041,Smederevo,2017-10-25,BOD,,2.1,mg/l,Fair,original
SRB00041,Smederevo,2017-10-28,BOD,,2.1156,mg/l,Fair,augmented_copy1_jitter+3d
SRB00041,Smederevo,2017-11-12,BOD,,1.6031,mg/l,Fair,augmented_copy1_jitter-3d
SRB00041,Smederevo,2017-11-15,BOD,,1.6,mg/l,Fair,original
SRB00041,Smederevo,2017-11-16,BOD,,1.6159,mg/l,Fair,augmented_copy3_jitter+1d
SRB00041,Smederevo,2017-11-17,BOD,,1.6083,mg/l,Fair,augmented_copy2_jitter+2d
SRB00041,Smederevo,2017-12-17,BOD,,1.9837,mg/l,Fair,augmented_copy1_jitter-3d
SRB00041,Smederevo,2017-12-17,BOD,,1.8814,mg/l,Fair,augmented_copy2_jitter-3d
SRB00041,Smederevo,2017-12-19,BOD,,1.9172,mg/l,Fair,augmented_copy3_jitter-1d
SRB00041,Smederevo,2017-12-20,BOD,,1.9,mg/l,Fair,original
SRB00041,Smederevo,2018-01-15,BOD,,1.9408,mg/l,Fair,augmented_copy3_jitter-2d
SRB00041,Smederevo,2018-01-16,BOD,,1.9956,mg/l,Fair,augmented_copy2_jitter-1d
SRB00041,Smederevo,2018-01-17,BOD,,2.0,mg/l,Fair,original
SRB00041,Smederevo,2018-01-20,BOD,,1.93,mg/l,Fair,augmented_copy1_jitter+3d
SRB00041,Smederevo,2018-02-19,BOD,,2.186,mg/l,Fair,augmented_copy1_jitter-2d
SRB00041,Smederevo,2018-02-19,BOD,,2.1601,mg/l,Fair,augmented_copy2_jitter-2d
SRB00041,Smederevo,2018-02-21,BOD,,2.2,mg/l,Fair,original
SRB00041,Smederevo,2018-02-22,BOD,,2.185,mg/l,Fair,augmented_copy3_jitter+1d
SRB00041,Smederevo,2018-03-20,BOD,,3.9124,mg/l,Fair,augmented_copy3_jitter-2d
SRB00041,Smederevo,2018-03-22,BOD,,3.9,mg/l,Fair,original
SRB00041,Smederevo,2018-03-23,BOD,,3.9708,mg/l,Fair,augmented_copy2_jitter+1d
SRB00041,Smederevo,2018-03-24,BOD,,3.8925,mg/l,Fair,augmented_copy1_jitter+2d
SRB00041,Smederevo,2018-04-16,BOD,,1.5709,mg/l,Fair,augmented_copy1_jitter-3d
SRB00041,Smederevo,2018-04-18,BOD,,1.6854,mg/l,Fair,augmented_copy2_jitter-1d
SRB00041,Smederevo,2018-04-19,BOD,,1.6,mg/l,Fair,original
SRB00041,Smederevo,2018-04-21,BOD,,1.5886,mg/l,Fair,augmented_copy3_jitter+2d
SRB00041,Smederevo,2018-05-15,BOD,,1.8922,mg/l,Fair,augmented_copy1_jitter-1d
SRB00041,Smederevo,2018-05-16,BOD,,1.8,mg/l,Fair,original
SRB00041,Smederevo,2018-05-18,BOD,,1.7426,mg/l,Fair,augmented_copy3_jitter+2d
SRB00041,Smederevo,2018-05-19,BOD,,1.8697,mg/l,Fair,augmented_copy2_jitter+3d
SRB00041,Smederevo,2018-06-17,BOD,,1.653,mg/l,Fair,augmented_copy1_jitter-3d
SRB00041,Smederevo,2018-06-17,BOD,,1.7016,mg/l,Fair,augmented_copy2_jitter-3d
SRB00041,Smederevo,2018-06-17,BOD,,1.6356,mg/l,Fair,augmented_copy3_jitter-3d
SRB00041,Smederevo,2018-06-20,BOD,,1.7,mg/l,Fair,original
SRB00041,Smederevo,2018-07-17,BOD,,2.0541,mg/l,Fair,augmented_copy1_jitter-1d
SRB00041,Smederevo,2018-07-18,BOD,,2.0,mg/l,Fair,original
SRB00041,Smederevo,2018-07-20,BOD,,2.0079,mg/l,Fair,augmented_copy3_jitter+2d
SRB00041,Smederevo,2018-07-21,BOD,,1.9978,mg/l,Fair,augmented_copy2_jitter+3d
SRB00041,Smederevo,2018-08-12,BOD,,1.9357,mg/l,Fair,augmented_copy3_jitter-3d
SRB00041,Smederevo,2018-08-14,BOD,,1.9646,mg/l,Fair,augmented_copy2_jitter-1d
SRB00041,Smederevo,2018-08-15,BOD,,2.0,mg/l,Fair,original
SRB00041,Smederevo,2018-08-17,BOD,,1.9983,mg/l,Fair,augmented_copy1_jitter+2d
SRB00041,Smederevo,2018-09-17,BOD,,1.0867,mg/l,Fair,augmented_copy1_jitter-2d
SRB00041,Smederevo,2018-09-19,BOD,,1.1,mg/l,Fair,original
SRB00041,Smederevo,2018-09-20,BOD,,1.0647,mg/l,Fair,augmented_copy3_jitter+1d
SRB00041,Smederevo,2018-09-21,BOD,,1.116,mg/l,Fair,augmented_copy2_jitter+2d
SRB00041,Smederevo,2018-10-14,BOD,,1.4361,mg/l,Fair,augmented_copy2_jitter-3d
SRB00041,Smederevo,2018-10-17,BOD,,1.4,mg/l,Fair,original
SRB00041,Smederevo,2018-10-18,BOD,,1.379,mg/l,Fair,augmented_copy3_jitter+1d
SRB00041,Smederevo,2018-10-19,BOD,,1.3786,mg/l,Fair,augmented_copy1_jitter+2d
SRB00041,Smederevo,2018-11-18,BOD,,1.7539,mg/l,Fair,augmented_copy2_jitter-3d
SRB00041,Smederevo,2018-11-20,BOD,,1.6587,mg/l,Fair,augmented_copy1_jitter-1d
SRB00041,Smederevo,2018-11-21,BOD,,1.7,mg/l,Fair,original
SRB00041,Smederevo,2018-11-24,BOD,,1.7258,mg/l,Fair,augmented_copy3_jitter+3d
SRB00041,Smederevo,2018-12-16,BOD,,3.007,mg/l,Fair,augmented_copy1_jitter-3d
SRB00041,Smederevo,2018-12-16,BOD,,2.9414,mg/l,Fair,augmented_copy3_jitter-3d
SRB00041,Smederevo,2018-12-18,BOD,,2.9774,mg/l,Fair,augmented_copy2_jitter-1d
SRB00041,Smederevo,2018-12-19,BOD,,3.0,mg/l,Fair,original
SRB00041,Smederevo,2019-01-13,BOD,,1.8872,mg/l,Fair,augmented_copy2_jitter-3d
SRB00041,Smederevo,2019-01-16,BOD,,1.9,mg/l,Fair,original
SRB00041,Smederevo,2019-01-18,BOD,,1.8966,mg/l,Fair,augmented_copy1_jitter+2d
SRB00041,Smederevo,2019-01-18,BOD,,1.91,mg/l,Fair,augmented_copy3_jitter+2d
SRB00041,Smederevo,2019-02-17,BOD,,2.5409,mg/l,Fair,augmented_copy2_jitter-3d
SRB00041,Smederevo,2019-02-18,BOD,,2.6074,mg/l,Fair,augmented_copy3_jitter-2d
SRB00041,Smederevo,2019-02-20,BOD,,2.6,mg/l,Fair,original
SRB00041,Smederevo,2019-02-23,BOD,,2.6545,mg/l,Fair,augmented_copy1_jitter+3d
SRB00041,Smederevo,2019-03-17,BOD,,1.5062,mg/l,Fair,augmented_copy3_jitter-3d
SRB00041,Smederevo,2019-03-19,BOD,,1.4661,mg/l,Fair,augmented_copy1_jitter-1d
SRB00041,Smederevo,2019-03-20,BOD,,1.5,mg/l,Fair,original
SRB00041,Smederevo,2019-03-23,BOD,,1.5249,mg/l,Fair,augmented_copy2_jitter+3d
SRB00041,Smederevo,2019-05-14,BOD,,2.6094,mg/l,Fair,augmented_copy2_jitter-1d
SRB00041,Smederevo,2019-05-15,BOD,,2.6,mg/l,Fair,original
SRB00041,Smederevo,2019-05-16,BOD,,2.57,mg/l,Fair,augmented_copy1_jitter+1d
SRB00041,Smederevo,2019-05-18,BOD,,2.5754,mg/l,Fair,augmented_copy3_jitter+3d
SRB00041,Smederevo,2019-06-16,BOD,,1.9348,mg/l,Fair,augmented_copy1_jitter-3d
SRB00041,Smederevo,2019-06-17,BOD,,1.9493,mg/l,Fair,augmented_copy3_jitter-2d
SRB00041,Smederevo,2019-06-18,BOD,,1.9816,mg/l,Fair,augmented_copy2_jitter-1d
SRB00041,Smederevo,2019-06-19,BOD,,2.0,mg/l,Fair,original
SRB00041,Smederevo,2019-07-14,BOD,,1.884,mg/l,Fair,augmented_copy3_jitter-3d
SRB00041,Smederevo,2019-07-16,BOD,,1.9411,mg/l,Fair,augmented_copy1_jitter-1d
SRB00041,Smederevo,2019-07-16,BOD,,1.8891,mg/l,Fair,augmented_copy2_jitter-1d
SRB00041,Smederevo,2019-07-17,BOD,,1.9,mg/l,Fair,original
SRB00041,Smederevo,2019-08-21,BOD,,2.61,mg/l,Fair,original
SRB00041,Smederevo,2019-08-22,BOD,,2.5044,mg/l,Fair,augmented_copy2_jitter+1d
SRB00041,Smederevo,2019-08-22,BOD,,2.6154,mg/l,Fair,augmented_copy3_jitter+1d
SRB00041,Smederevo,2019-08-24,BOD,,2.5714,mg/l,Fair,augmented_copy1_jitter+3d
SRB00041,Smederevo,2019-09-16,BOD,,2.2427,mg/l,Fair,augmented_copy1_jitter-2d
SRB00041,Smederevo,2019-09-17,BOD,,2.2069,mg/l,Fair,augmented_copy2_jitter-1d
SRB00041,Smederevo,2019-09-17,BOD,,2.1306,mg/l,Fair,augmented_copy3_jitter-1d
SRB00041,Smederevo,2019-09-18,BOD,,2.17,mg/l,Fair,original
SRB00041,Smederevo,2019-10-14,BOD,,2.1072,mg/l,Fair,augmented_copy1_jitter-2d
SRB00041,Smederevo,2019-10-15,BOD,,2.1603,mg/l,Fair,augmented_copy3_jitter-1d
SRB00041,Smederevo,2019-10-16,BOD,,2.17,mg/l,Fair,original
SRB00041,Smederevo,2019-10-19,BOD,,2.1573,mg/l,Fair,augmented_copy2_jitter+3d
SRB00041,Smederevo,2019-11-19,BOD,,3.6216,mg/l,Fair,augmented_copy2_jitter-1d
SRB00041,Smederevo,2019-11-20,BOD,,3.65,mg/l,Fair,original
SRB00041,Smederevo,2019-11-21,BOD,,3.6494,mg/l,Fair,augmented_copy1_jitter+1d
SRB00041,Smederevo,2019-11-22,BOD,,3.605,mg/l,Fair,augmented_copy3_jitter+2d
SRB00041,Smederevo,2019-12-15,BOD,,2.0462,mg/l,Fair,augmented_copy3_jitter-3d
SRB00041,Smederevo,2019-12-17,BOD,,2.0446,mg/l,Fair,augmented_copy1_jitter-1d
SRB00041,Smederevo,2019-12-18,BOD,,2.1,mg/l,Fair,original
SRB00041,Smederevo,2019-12-21,BOD,,2.0597,mg/l,Fair,augmented_copy2_jitter+3d
SRB00041,Smederevo,2020-01-19,BOD,,1.0391,mg/l,Fair,augmented_copy3_jitter-3d
SRB00041,Smederevo,2020-01-20,BOD,,1.0195,mg/l,Fair,augmented_copy1_jitter-2d
SRB00041,Smederevo,2020-01-20,BOD,,0.9902,mg/l,Fair,augmented_copy2_jitter-2d
SRB00041,Smederevo,2020-01-22,BOD,,1.0,mg/l,Fair,original
SRB00041,Smederevo,2020-02-16,BOD,,2.5845,mg/l,Fair,augmented_copy2_jitter-3d
SRB00041,Smederevo,2020-02-16,BOD,,2.6377,mg/l,Fair,augmented_copy3_jitter-3d
SRB00041,Smederevo,2020-02-19,BOD,,2.6,mg/l,Fair,original
SRB00041,Smederevo,2020-02-22,BOD,,2.5851,mg/l,Fair,augmented_copy1_jitter+3d
SRB00041,Smederevo,2020-03-15,BOD,,2.2671,mg/l,Fair,augmented_copy1_jitter-3d
SRB00041,Smederevo,2020-03-16,BOD,,2.2077,mg/l,Fair,augmented_copy3_jitter-2d
SRB00041,Smederevo,2020-03-18,BOD,,2.2,mg/l,Fair,original
SRB00041,Smederevo,2020-03-19,BOD,,2.108,mg/l,Fair,augmented_copy2_jitter+1d
SRB00041,Smederevo,2020-04-13,BOD,,3.0578,mg/l,Fair,augmented_copy2_jitter-2d
SRB00041,Smederevo,2020-04-14,BOD,,3.1922,mg/l,Fair,augmented_copy3_jitter-1d
SRB00041,Smederevo,2020-04-15,BOD,,3.1,mg/l,Fair,original
SRB00041,Smederevo,2020-04-16,BOD,,3.1006,mg/l,Fair,augmented_copy1_jitter+1d
SRB00041,Smederevo,2020-05-19,BOD,,2.6427,mg/l,Fair,augmented_copy2_jitter-1d
SRB00041,Smederevo,2020-05-19,BOD,,2.6096,mg/l,Fair,augmented_copy3_jitter-1d
SRB00041,Smederevo,2020-05-20,BOD,,2.6,mg/l,Fair,original
SRB00041,Smederevo,2020-05-22,BOD,,2.5166,mg/l,Fair,augmented_copy1_jitter+2d
SRB00041,Smederevo,2020-06-15,BOD,,1.7452,mg/l,Fair,augmented_copy2_jitter-2d
SRB00041,Smederevo,2020-06-17,BOD,,1.7,mg/l,Fair,original
SRB00041,Smederevo,2020-06-19,BOD,,1.7772,mg/l,Fair,augmented_copy1_jitter+2d
SRB00041,Smederevo,2020-06-20,BOD,,1.6999,mg/l,Fair,augmented_copy3_jitter+3d
SRB00041,Smederevo,2020-07-14,BOD,,2.3011,mg/l,Fair,augmented_copy2_jitter-1d
SRB00041,Smederevo,2020-07-15,BOD,,2.3,mg/l,Fair,original
SRB00041,Smederevo,2020-07-18,BOD,,2.3089,mg/l,Fair,augmented_copy1_jitter+3d
SRB00041,Smederevo,2020-07-18,BOD,,2.3676,mg/l,Fair,augmented_copy3_jitter+3d
SRB00041,Smederevo,2020-08-19,BOD,,3.6,mg/l,Fair,original
SRB00041,Smederevo,2020-08-20,BOD,,3.5687,mg/l,Fair,augmented_copy1_jitter+1d
SRB00041,Smederevo,2020-08-20,BOD,,3.6794,mg/l,Fair,augmented_copy3_jitter+1d
SRB00041,Smederevo,2020-08-22,BOD,,3.6032,mg/l,Fair,augmented_copy2_jitter+3d
SRB00041,Smederevo,2020-09-15,BOD,,1.5725,mg/l,Fair,augmented_copy1_jitter-1d
SRB00041,Smederevo,2020-09-15,BOD,,1.6137,mg/l,Fair,augmented_copy2_jitter-1d
SRB00041,Smederevo,2020-09-16,BOD,,1.65,mg/l,Fair,original
SRB00041,Smederevo,2020-09-19,BOD,,1.6594,mg/l,Fair,augmented_copy3_jitter+3d
SRB00041,Smederevo,2020-10-18,BOD,,1.8543,mg/l,Fair,augmented_copy1_jitter-3d
SRB00041,Smederevo,2020-10-18,BOD,,1.8624,mg/l,Fair,augmented_copy2_jitter-3d
SRB00041,Smederevo,2020-10-19,BOD,,1.8607,mg/l,Fair,augmented_copy3_jitter-2d
SRB00041,Smederevo,2020-10-21,BOD,,1.87,mg/l,Fair,original
SRB00041,Smederevo,2020-11-16,BOD,,2.6952,mg/l,Fair,augmented_copy2_jitter-2d
SRB00041,Smederevo,2020-11-16,BOD,,2.7167,mg/l,Fair,augmented_copy3_jitter-2d
SRB00041,Smederevo,2020-11-18,BOD,,2.75,mg/l,Fair,original
SRB00041,Smederevo,2020-11-19,BOD,,2.773,mg/l,Fair,augmented_copy1_jitter+1d
SRB00041,Smederevo,2020-12-27,BOD,,1.5198,mg/l,Fair,augmented_copy2_jitter-3d
SRB00041,Smederevo,2020-12-28,BOD,,1.472,mg/l,Fair,augmented_copy1_jitter-2d
SRB00041,Smederevo,2020-12-30,BOD,,1.5,mg/l,Fair,original
SRB00041,Smederevo,2021-01-01,BOD,,1.5711,mg/l,Fair,augmented_copy3_jitter+2d
SRB00041,Smederevo,2021-01-20,BOD,,2.0,mg/l,Fair,original
SRB00041,Smederevo,2021-01-22,BOD,,1.9841,mg/l,Fair,augmented_copy1_jitter+2d
SRB00041,Smederevo,2021-01-22,BOD,,1.9949,mg/l,Fair,augmented_copy2_jitter+2d
SRB00041,Smederevo,2021-01-23,BOD,,1.9521,mg/l,Fair,augmented_copy3_jitter+3d
SRB00041,Smederevo,2021-02-15,BOD,,2.8466,mg/l,Fair,augmented_copy1_jitter-2d
SRB00041,Smederevo,2021-02-16,BOD,,2.7748,mg/l,Fair,augmented_copy3_jitter-1d
SRB00041,Smederevo,2021-02-17,BOD,,2.8,mg/l,Fair,original
SRB00041,Smederevo,2021-02-18,BOD,,2.839,mg/l,Fair,augmented_copy2_jitter+1d
SRB00041,Smederevo,2021-03-16,BOD,,2.3774,mg/l,Fair,augmented_copy3_jitter-1d
SRB00041,Smederevo,2021-03-17,BOD,,2.4,mg/l,Fair,original
SRB00041,Smederevo,2021-03-19,BOD,,2.338,mg/l,Fair,augmented_copy1_jitter+2d
SRB00041,Smederevo,2021-03-20,BOD,,2.4761,mg/l,Fair,augmented_copy2_jitter+3d
SRB00041,Smederevo,2021-04-18,BOD,,1.9311,mg/l,Fair,augmented_copy1_jitter-3d
SRB00041,Smederevo,2021-04-18,BOD,,1.8918,mg/l,Fair,augmented_copy3_jitter-3d
SRB00041,Smederevo,2021-04-21,BOD,,1.9,mg/l,Fair,original
SRB00041,Smederevo,2021-04-24,BOD,,1.8627,mg/l,Fair,augmented_copy2_jitter+3d
SRB00041,Smederevo,2021-05-16,BOD,,1.9439,mg/l,Fair,augmented_copy1_jitter-3d
SRB00041,Smederevo,2021-05-16,BOD,,1.9335,mg/l,Fair,augmented_copy2_jitter-3d
SRB00041,Smederevo,2021-05-17,BOD,,1.9572,mg/l,Fair,augmented_copy3_jitter-2d
SRB00041,Smederevo,2021-05-19,BOD,,1.9,mg/l,Fair,original
SRB00041,Smederevo,2021-06-13,BOD,,2.7034,mg/l,Fair,augmented_copy3_jitter-3d
SRB00041,Smederevo,2021-06-16,BOD,,2.7,mg/l,Fair,original
SRB00041,Smederevo,2021-06-19,BOD,,2.7819,mg/l,Fair,augmented_copy1_jitter+3d
SRB00041,Smederevo,2021-06-19,BOD,,2.7554,mg/l,Fair,augmented_copy2_jitter+3d
SRB00041,Smederevo,2021-07-17,BOD,,2.4845,mg/l,Fair,augmented_copy2_jitter-3d
SRB00041,Smederevo,2021-07-20,BOD,,2.5,mg/l,Fair,original
SRB00041,Smederevo,2021-07-21,BOD,,2.5169,mg/l,Fair,augmented_copy3_jitter+1d
SRB00041,Smederevo,2021-07-23,BOD,,2.5375,mg/l,Fair,augmented_copy1_jitter+3d
SRB00041,Smederevo,2021-08-22,BOD,,2.2154,mg/l,Fair,augmented_copy2_jitter-3d
SRB00041,Smederevo,2021-08-25,BOD,,2.2,mg/l,Fair,original
SRB00041,Smederevo,2021-08-26,BOD,,2.2328,mg/l,Fair,augmented_copy3_jitter+1d
SRB00041,Smederevo,2021-08-28,BOD,,2.2533,mg/l,Fair,augmented_copy1_jitter+3d
SRB00041,Smederevo,2021-09-20,BOD,,2.0756,mg/l,Fair,augmented_copy2_jitter-2d
SRB00041,Smederevo,2021-09-21,BOD,,2.0601,mg/l,Fair,augmented_copy1_jitter-1d
SRB00041,Smederevo,2021-09-22,BOD,,2.1,mg/l,Fair,original
SRB00041,Smederevo,2021-09-24,BOD,,2.0322,mg/l,Fair,augmented_copy3_jitter+2d
SRB00041,Smederevo,2021-11-17,BOD,,2.0,mg/l,Fair,original
SRB00041,Smederevo,2021-11-18,BOD,,1.9402,mg/l,Fair,augmented_copy2_jitter+1d
SRB00041,Smederevo,2021-11-19,BOD,,2.0118,mg/l,Fair,augmented_copy1_jitter+2d
SRB00041,Smederevo,2021-11-20,BOD,,2.0014,mg/l,Fair,augmented_copy3_jitter+3d
SRB00041,Smederevo,2022-01-17,BOD,,0.793,mg/l,Fair,augmented_copy2_jitter-3d
SRB00041,Smederevo,2022-01-19,BOD,,0.8741,mg/l,Fair,augmented_copy3_jitter-1d
SRB00041,Smederevo,2022-01-20,BOD,,0.8,mg/l,Fair,original
SRB00041,Smederevo,2022-01-22,BOD,,0.7436,mg/l,Fair,augmented_copy1_jitter+2d
SRB00041,Smederevo,2022-02-15,BOD,,3.4724,mg/l,Fair,augmented_copy2_jitter-2d
SRB00041,Smederevo,2022-02-16,BOD,,3.3602,mg/l,Fair,augmented_copy3_jitter-1d
SRB00041,Smederevo,2022-02-17,BOD,,3.4,mg/l,Fair,original
SRB00041,Smederevo,2022-02-18,BOD,,3.4389,mg/l,Fair,augmented_copy1_jitter+1d
SRB00041,Smederevo,2022-03-14,BOD,,2.0148,mg/l,Fair,augmented_copy1_jitter-2d
SRB00041,Smederevo,2022-03-14,BOD,,2.1827,mg/l,Fair,augmented_copy2_jitter-2d
SRB00041,Smederevo,2022-03-16,BOD,,2.1,mg/l,Fair,original
SRB00041,Smederevo,2022-03-18,BOD,,2.1939,mg/l,Fair,augmented_copy3_jitter+2d
SRB00041,Smederevo,2022-04-20,BOD,,1.2,mg/l,Fair,original
SRB00041,Smederevo,2022-04-21,BOD,,1.1971,mg/l,Fair,augmented_copy2_jitter+1d
SRB00041,Smederevo,2022-04-22,BOD,,1.2207,mg/l,Fair,augmented_copy1_jitter+2d
SRB00041,Smederevo,2022-04-23,BOD,,1.2339,mg/l,Fair,augmented_copy3_jitter+3d
SRB00041,Smederevo,2022-05-16,BOD,,1.9147,mg/l,Fair,augmented_copy3_jitter-2d
SRB00041,Smederevo,2022-05-18,BOD,,1.9,mg/l,Fair,original
SRB00041,Smederevo,2022-05-19,BOD,,1.8816,mg/l,Fair,augmented_copy2_jitter+1d
SRB00041,Smederevo,2022-05-21,BOD,,1.9265,mg/l,Fair,augmented_copy1_jitter+3d
SRB00041,Smederevo,2022-06-13,BOD,,2.0891,mg/l,Fair,augmented_copy1_jitter-2d
SRB00041,Smederevo,2022-06-15,BOD,,2.1,mg/l,Fair,original
SRB00041,Smederevo,2022-06-16,BOD,,2.1098,mg/l,Fair,augmented_copy3_jitter+1d
SRB00041,Smederevo,2022-06-18,BOD,,2.1805,mg/l,Fair,augmented_copy2_jitter+3d
SRB00041,Smederevo,2022-07-18,BOD,,2.8333,mg/l,Fair,augmented_copy2_jitter-2d
SRB00041,Smederevo,2022-07-20,BOD,,2.8,mg/l,Fair,original
SRB00041,Smederevo,2022-07-21,BOD,,2.8366,mg/l,Fair,augmented_copy1_jitter+1d
SRB00041,Smederevo,2022-07-22,BOD,,2.7813,mg/l,Fair,augmented_copy3_jitter+2d
SRB00041,Smederevo,2022-08-15,BOD,,2.7601,mg/l,Fair,augmented_copy2_jitter-2d
SRB00041,Smederevo,2022-08-17,BOD,,2.8,mg/l,Fair,original
SRB00041,Smederevo,2022-08-18,BOD,,2.831,mg/l,Fair,augmented_copy3_jitter+1d
SRB00041,Smederevo,2022-08-20,BOD,,2.7456,mg/l,Fair,augmented_copy1_jitter+3d
SRB00041,Smederevo,2022-09-20,BOD,,2.2711,mg/l,Fair,augmented_copy3_jitter-1d
SRB00041,Smederevo,2022-09-21,BOD,,2.3,mg/l,Fair,original
SRB00041,Smederevo,2022-09-23,BOD,,2.3354,mg/l,Fair,augmented_copy2_jitter+2d
SRB00041,Smederevo,2022-09-24,BOD,,2.348,mg/l,Fair,augmented_copy1_jitter+3d
SRB00041,Smederevo,2022-10-18,BOD,,1.9686,mg/l,Fair,augmented_copy1_jitter-1d
SRB00041,Smederevo,2022-10-19,BOD,,2.0,mg/l,Fair,original
SRB00041,Smederevo,2022-10-20,BOD,,1.9811,mg/l,Fair,augmented_copy3_jitter+1d
SRB00041,Smederevo,2022-10-22,BOD,,1.9981,mg/l,Fair,augmented_copy2_jitter+3d
SRB00041,Smederevo,2022-11-14,BOD,,2.8172,mg/l,Fair,augmented_copy1_jitter-3d
SRB00041,Smederevo,2022-11-17,BOD,,2.8,mg/l,Fair,original
SRB00041,Smederevo,2022-11-18,BOD,,2.8725,mg/l,Fair,augmented_copy2_jitter+1d
SRB00041,Smederevo,2022-11-18,BOD,,2.7346,mg/l,Fair,augmented_copy3_jitter+1d
SRB00041,Smederevo,2022-12-21,BOD,,2.4,mg/l,Fair,original
SRB00041,Smederevo,2022-12-23,BOD,,2.3983,mg/l,Fair,augmented_copy3_jitter+2d
SRB00041,Smederevo,2022-12-24,BOD,,2.3941,mg/l,Fair,augmented_copy1_jitter+3d
SRB00041,Smederevo,2022-12-24,BOD,,2.4332,mg/l,Fair,augmented_copy2_jitter+3d
SRB00041,Smederevo,2023-01-16,BOD,,2.3586,mg/l,Fair,augmented_copy2_jitter-2d
SRB00041,Smederevo,2023-01-17,BOD,,2.3028,mg/l,Fair,augmented_copy1_jitter-1d
SRB00041,Smederevo,2023-01-18,BOD,,2.4,mg/l,Fair,original
SRB00041,Smederevo,2023-01-19,BOD,,2.4246,mg/l,Fair,augmented_copy3_jitter+1d
SRB00041,Smederevo,2023-02-11,BOD,,2.7969,mg/l,Fair,augmented_copy2_jitter-3d
SRB00041,Smederevo,2023-02-12,BOD,,2.8063,mg/l,Fair,augmented_copy1_jitter-2d
SRB00041,Smederevo,2023-02-14,BOD,,2.8,mg/l,Fair,original
SRB00041,Smederevo,2023-02-16,BOD,,2.8341,mg/l,Fair,augmented_copy3_jitter+2d
SRB00041,Smederevo,2023-03-14,BOD,,2.5933,mg/l,Fair,augmented_copy2_jitter-1d
SRB00041,Smederevo,2023-03-15,BOD,,2.6,mg/l,Fair,original
SRB00041,Smederevo,2023-03-16,BOD,,2.5829,mg/l,Fair,augmented_copy1_jitter+1d
SRB00041,Smederevo,2023-03-17,BOD,,2.6243,mg/l,Fair,augmented_copy3_jitter+2d
SRB00041,Smederevo,2023-04-19,BOD,,2.8,mg/l,Fair,original
SRB00041,Smederevo,2023-04-20,BOD,,2.8013,mg/l,Fair,augmented_copy2_jitter+1d
SRB00041,Smederevo,2023-04-20,BOD,,2.7222,mg/l,Fair,augmented_copy3_jitter+1d
SRB00041,Smederevo,2023-04-22,BOD,,2.7506,mg/l,Fair,augmented_copy1_jitter+3d
SRB00041,Smederevo,2023-05-14,BOD,,1.4579,mg/l,Fair,augmented_copy3_jitter-3d
SRB00041,Smederevo,2023-05-16,BOD,,1.5083,mg/l,Fair,augmented_copy1_jitter-1d
SRB00041,Smederevo,2023-05-16,BOD,,1.5118,mg/l,Fair,augmented_copy2_jitter-1d
SRB00041,Smederevo,2023-05-17,BOD,,1.5,mg/l,Fair,original
SRB00041,Smederevo,2023-06-18,BOD,,3.2246,mg/l,Fair,augmented_copy2_jitter-3d
SRB00041,Smederevo,2023-06-20,BOD,,3.2744,mg/l,Fair,augmented_copy3_jitter-1d
SRB00041,Smederevo,2023-06-21,BOD,,3.2,mg/l,Fair,original
SRB00041,Smederevo,2023-06-24,BOD,,3.1233,mg/l,Fair,augmented_copy1_jitter+3d
SRB00041,Smederevo,2023-07-18,BOD,,3.4192,mg/l,Fair,augmented_copy3_jitter-1d
SRB00041,Smederevo,2023-07-19,BOD,,3.4,mg/l,Fair,original
SRB00041,Smederevo,2023-07-21,BOD,,3.3776,mg/l,Fair,augmented_copy2_jitter+2d
SRB00041,Smederevo,2023-07-22,BOD,,3.3523,mg/l,Fair,augmented_copy1_jitter+3d
SRB00041,Smederevo,2023-08-14,BOD,,4.1538,mg/l,Fair,augmented_copy1_jitter-2d
SRB00041,Smederevo,2023-08-14,BOD,,4.2015,mg/l,Fair,augmented_copy3_jitter-2d
SRB00041,Smederevo,2023-08-16,BOD,,4.2,mg/l,Fair,original
SRB00041,Smederevo,2023-08-18,BOD,,4.2596,mg/l,Fair,augmented_copy2_jitter+2d
SRB00041,Smederevo,2023-09-20,BOD,,2.7,mg/l,Fair,original
SRB00041,Smederevo,2023-09-22,BOD,,2.779,mg/l,Fair,augmented_copy2_jitter+2d
SRB00041,Smederevo,2023-09-23,BOD,,2.7741,mg/l,Fair,augmented_copy1_jitter+3d
SRB00041,Smederevo,2023-09-23,BOD,,2.762,mg/l,Fair,augmented_copy3_jitter+3d
SRB00041,Smederevo,2023-10-17,BOD,,1.0174,mg/l,Fair,augmented_copy3_jitter-1d
SRB00041,Smederevo,2023-10-18,BOD,,1.1,mg/l,Fair,original
SRB00041,Smederevo,2023-10-21,BOD,,1.1311,mg/l,Fair,augmented_copy1_jitter+3d
SRB00041,Smederevo,2023-10-21,BOD,,1.0965,mg/l,Fair,augmented_copy2_jitter+3d
SRB00041,Smederevo,2023-11-15,BOD,,3.3,mg/l,Fair,original
SRB00041,Smederevo,2023-11-16,BOD,,3.2768,mg/l,Fair,augmented_copy1_jitter+1d
SRB00041,Smederevo,2023-11-16,BOD,,3.3134,mg/l,Fair,augmented_copy3_jitter+1d
SRB00041,Smederevo,2023-11-18,BOD,,3.3961,mg/l,Fair,augmented_copy2_jitter+3d
SRB00041,Smederevo,2023-12-17,BOD,,2.6221,mg/l,Fair,augmented_copy1_jitter-3d
SRB00041,Smederevo,2023-12-17,BOD,,2.591,mg/l,Fair,augmented_copy2_jitter-3d
SRB00041,Smederevo,2023-12-20,BOD,,2.6,mg/l,Fair,original
SRB00041,Smederevo,2023-12-23,BOD,,2.6028,mg/l,Fair,augmented_copy3_jitter+3d
