date,streamflow,precipitation,water_temp_c,Blue,Green,Red,NIR,SWIR1,SWIR2,RedEdge1,RedEdge2,RedEdge3,dissolved_oxygen_(do),phosphorus,chlorophyll_a,nitrogen,turbidity,station_name
2019-01-01,5560.0,0.0,0.0,0.2675,0.26343,0.2752275,0.3593774999999999,0.0647975,0.064,0.27225,0.2673,0.27244999999999997,7.56,0.08,,,,brooklynpark
2019-01-02,5770.0,0.0,0.0,0.2675,0.26343,0.2752275,0.3593774999999999,0.0647975,0.064,0.27225,0.2673,0.27244999999999997,7.56,0.08,,,,brooklynpark
2019-01-03,6250.0,0.0,0.0,0.2675,0.26343,0.2752275,0.3593774999999999,0.0647975,0.064,0.27225,0.2673,0.27244999999999997,7.56,0.08,,,,brooklynpark
2019-01-04,6420.0,0.0,0.0,0.2675,0.26343,0.2752275,0.3593774999999999,0.0647975,0.064,0.27225,0.2673,0.27244999999999997,7.56,0.08,,,,brooklynpark
2019-01-05,6380.0,0.0,0.0,0.26215,0.2504,0.2676,0.33855,0.12,0.10195,0.27225,0.2673,0.27244999999999997,7.56,0.08,,,,brooklynpark
2019-01-06,6200.0,0.0,0.0,0.23832,0.22951000000000002,0.24808,0.31732,0.12717,0.10688,0.25404,0.25432,0.25932,7.56,0.08,,,,brooklynpark
2019-01-07,5860.0,0.0,0.0,0.21449000000000001,0.20862,0.22856,0.29609,0.13434,0.11180999999999999,0.23582999999999998,0.24134,0.24618999999999996,7.56,0.08,,,,brooklynpark
2019-01-08,5420.0,0.0,0.0,0.19066,0.18773,0.20904,0.27486,0.14151,0.11674,0.21762,0.22836,0.23306,7.56,0.08,,,,brooklynpark
2019-01-09,5030.0,0.0,0.0,0.16683,0.16684,0.18952000000000002,0.25363,0.14867999999999998,0.12167,0.19941,0.21538,0.21993,7.56,0.08,,,,brooklynpark
2019-01-10,5050.0,0.0,0.0,0.14300000000000002,0.14595,0.17,0.2324,0.15585,0.1266,0.1812,0.2024,0.20679999999999998,7.56,0.08,,,,brooklynpark
2019-01-11,5400.0,0.0,0.0,0.140237,0.145917,0.1689755,0.23020374999999998,0.15140325,0.12343649999999999,0.1918294117647059,0.21278235294117648,0.2171,7.56,0.08,,,,brooklynpark
2019-01-12,5700.0,0.0,0.0,0.13747399999999999,0.14588399999999999,0.167951,0.2280075,0.1469565,0.12027299999999999,0.20245882352941177,0.22316470588235293,0.2274,7.56,0.08,,,,brooklynpark
2019-01-13,5790.0,0.0,0.0,0.13471099999999997,0.145851,0.16692649999999998,0.22581125,0.14250975,0.11710949999999999,0.21308823529411763,0.2335470588235294,0.2377,7.56,0.08,,,,brooklynpark
2019-01-14,5770.0,0.0,0.0,0.13194799999999998,0.145818,0.16590199999999997,0.223615,0.138063,0.11394599999999999,0.22371764705882352,0.2439294117647059,0.248,7.56,0.08,,,,brooklynpark
2019-01-15,5690.0,0.0,0.0,0.12918499999999997,0.145785,0.16487749999999995,0.22141875,0.13361625,0.11078249999999999,0.2343470588235294,0.25431176470588235,0.2583,7.56,0.08,,,,brooklynpark
2019-01-16,5550.0,0.0,0.0,0.12642199999999995,0.145752,0.16385299999999994,0.2192225,0.1291695,0.10761899999999999,0.2449764705882353,0.2646941176470588,0.2686,7.56,0.08,,,,brooklynpark
2019-01-17,5390.0,0.0,0.0,0.12365899999999994,0.145719,0.16282849999999993,0.21702625,0.12472275,0.10445549999999999,0.2556058823529412,0.2750764705882353,0.2789,7.56,0.08,,,,brooklynpark
2019-01-18,5240.0,0.0,0.0,0.12089599999999992,0.145686,0.16180399999999992,0.21483,0.120276,0.101292,0.26623529411764707,0.28545882352941176,0.2892,7.56,0.08,,,,brooklynpark
2019-01-19,5060.0,0.0,0.0,0.11813299999999992,0.145653,0.1607794999999999,0.21263375,0.11582925,0.0981285,0.27686470588235296,0.2958411764705882,0.2995,7.56,0.08,,,,brooklynpark
2019-01-20,5130.0,0.0,0.0,0.1153699999999999,0.14562,0.1597549999999999,0.2104375,0.1113825,0.094965,0.2874941176470588,0.30622352941176467,0.3098,7.56,0.08,,,,brooklynpark
2019-01-21,5250.0,0.0,0.0,0.15191714285714278,0.17738857142857142,0.18921857142857135,0.24083214285714286,0.11757071428571428,0.10185571428571429,0.2981235294117647,0.3166058823529412,0.3201,7.56,0.08,,,,brooklynpark
2019-01-22,5270.0,0.0,0.0,0.18846428571428564,0.20915714285714287,0.21868214285714277,0.2712267857142857,0.12375892857142858,0.10874642857142856,0.30875294117647056,0.32698823529411764,0.3304,7.56,0.08,,,,brooklynpark
2019-01-23,5280.0,0.0,0.0,0.22501142857142853,0.2409257142857143,0.24814571428571422,0.3016214285714286,0.12994714285714287,0.11563714285714286,0.31938235294117645,0.3373705882352941,0.3407,7.56,0.08,,,,brooklynpark
2019-01-24,5180.0,0.0,0.0,0.26155857142857136,0.2726942857142857,0.27760928571428567,0.3320160714285714,0.13613535714285716,0.12252785714285713,0.33001176470588234,0.3477529411764706,0.351,7.56,0.08,,,,brooklynpark
2019-01-25,5060.0,0.0,0.0,0.29810571428571425,0.30446285714285715,0.30707285714285715,0.3624107142857143,0.14232357142857144,0.12941857142857144,0.3406411764705882,0.35813529411764705,0.3613,7.56,0.08,,,,brooklynpark
2019-01-26,4960.0,0.0,0.0,0.33465285714285714,0.3362314285714286,0.3365364285714285,0.39280535714285714,0.14851178571428572,0.13630928571428572,0.3512705882352941,0.3685176470588235,0.37160000000000004,7.56,0.08,,,,brooklynpark
2019-01-27,4820.0,0.0,0.0,0.3712,0.368,0.366,0.4232,0.1547,0.1432,0.3619,0.3789,0.3819,7.56,0.08,,,,brooklynpark
2019-01-28,4650.0,0.0,0.0,0.3731083333333333,0.36909722222222224,0.36825833333333335,0.42483333333333334,0.15275555555555556,0.14116944444444443,0.36491944444444446,0.38257222222222226,0.3846138888888889,7.56,0.08,,,,brooklynpark
2019-01-29,4480.0,0.0,0.0,0.37501666666666666,0.37019444444444444,0.37051666666666666,0.42646666666666666,0.15081111111111112,0.1391388888888889,0.36793888888888887,0.38624444444444445,0.38732777777777777,7.56,0.08,,,,brooklynpark
2019-01-30,4370.0,0.0,0.0,0.37692499999999995,0.3712916666666667,0.37277499999999997,0.42810000000000004,0.14886666666666667,0.13710833333333333,0.37095833333333333,0.3899166666666667,0.3900416666666667,7.56,0.08,,,,brooklynpark
2019-01-31,4350.0,0.0,0.0,0.3788333333333333,0.3723888888888889,0.37503333333333333,0.42973333333333336,0.14692222222222223,0.13507777777777777,0.3739777777777778,0.3935888888888889,0.3927555555555556,7.56,0.08,,,,brooklynpark
2019-02-01,4490.0,0.0,0.0,0.38074166666666664,0.37348611111111113,0.3772916666666667,0.4313666666666667,0.1449777777777778,0.1330472222222222,0.3769972222222222,0.3972611111111111,0.3954694444444445,7.56,0.08,,,,brooklynpark
2019-02-02,4610.0,0.0,0.0,0.38265,0.3745833333333333,0.37955,0.433,0.14303333333333335,0.13101666666666667,0.38001666666666667,0.4009333333333333,0.39818333333333333,7.56,0.08,,,,brooklynpark
2019-02-03,4720.0,0.0,0.0,0.38455833333333334,0.3756805555555556,0.3818083333333333,0.43463333333333337,0.1410888888888889,0.1289861111111111,0.38303611111111113,0.40460555555555555,0.40089722222222224,7.56,0.08,,,,brooklynpark
2019-02-04,4810.0,0.0,0.0,0.3864666666666667,0.37677777777777777,0.38406666666666667,0.4362666666666667,0.13914444444444446,0.12695555555555554,0.38605555555555554,0.40827777777777774,0.40361111111111114,7.56,0.08,,,,brooklynpark
2019-02-05,4740.0,0.0,0.0,0.388375,0.377875,0.38632500000000003,0.4379,0.1372,0.124925,0.389075,0.41195,0.40632500000000005,7.56,0.08,,,,brooklynpark
2019-02-06,4610.0,0.0,0.0,0.3902833333333333,0.37897222222222227,0.38858333333333334,0.43953333333333333,0.13525555555555557,0.12289444444444445,0.39209444444444447,0.4156222222222222,0.4090388888888889,7.56,0.08,,,,brooklynpark
2019-02-07,4570.0,0.0,0.0,0.39219166666666666,0.38006944444444446,0.39084166666666664,0.44116666666666665,0.1333111111111111,0.12086388888888888,0.3951138888888889,0.4192944444444444,0.4117527777777778,7.56,0.08,,,,brooklynpark
2019-02-08,4480.0,0.0,0.0,0.3941,0.3811666666666667,0.3931,0.4428,0.13136666666666666,0.11883333333333333,0.39813333333333334,0.42296666666666666,0.4144666666666667,7.56,0.08,,,,brooklynpark
2019-02-09,4320.0,0.0,0.0,0.39600833333333335,0.3822638888888889,0.39535833333333337,0.44443333333333335,0.12942222222222222,0.11680277777777777,0.4011527777777778,0.42663888888888885,0.41718055555555555,7.56,0.08,,,,brooklynpark
2019-02-10,4380.0,0.0,0.0,0.3979166666666667,0.38336111111111115,0.3976166666666667,0.44606666666666667,0.12747777777777777,0.11477222222222222,0.4041722222222222,0.4303111111111111,0.41989444444444446,7.56,0.08,,,,brooklynpark
2019-02-11,4600.0,0.0,0.0,0.399825,0.38445833333333335,0.399875,0.4477,0.12553333333333333,0.11274166666666666,0.4071916666666667,0.4339833333333333,0.42260833333333336,7.56,0.08,,,,brooklynpark
2019-02-12,4800.0,0.0,0.0,0.40173333333333333,0.3855555555555556,0.40213333333333334,0.44933333333333336,0.12358888888888889,0.11071111111111111,0.41021111111111114,0.4376555555555555,0.42532222222222227,7.56,0.08,,,,brooklynpark
2019-02-13,4900.0,0.0,0.0,0.4036416666666667,0.3866527777777778,0.4043916666666667,0.4509666666666667,0.12164444444444444,0.10868055555555556,0.41323055555555555,0.4413277777777777,0.4280361111111111,7.56,0.08,,,,brooklynpark
2019-02-14,5010.0,0.0,0.0,0.40555,0.38775000000000004,0.40665,0.4526,0.1197,0.10665,0.41625,0.44499999999999995,0.43075,7.56,0.08,,,,brooklynpark
2019-02-15,4980.0,0.0,0.0,0.39769,0.38251,0.39982,0.44506,0.11699999999999999,0.10450999999999999,0.41397,0.43917999999999996,0.42551,7.56,0.08,,,,brooklynpark
2019-02-16,5010.0,0.0,0.0,0.38983,0.37727,0.39299,0.43752,0.1143,0.10237,0.41169,0.43335999999999997,0.42027,7.56,0.08,,,,brooklynpark
2019-02-17,5100.0,0.0,0.0,0.38197,0.37203,0.38616,0.42998,0.11159999999999999,0.10023,0.40941000000000005,0.42754,0.41503,7.56,0.08,,,,brooklynpark
2019-02-18,5110.0,0.0,0.0,0.37411,0.36679,0.37933,0.42244,0.1089,0.09809000000000001,0.40713000000000005,0.42172,0.40979,7.56,0.08,,,,brooklynpark
2019-02-19,5110.0,0.0,0.0,0.36624999999999996,0.36155,0.3725,0.4149,0.10619999999999999,0.09595000000000001,0.40485000000000004,0.4159,0.40454999999999997,7.56,0.08,,,,brooklynpark
2019-02-20,5170.0,0.0,0.0,0.387725,0.37677499999999997,0.37965,0.41374999999999995,0.106125,0.09355000000000001,0.396825,0.40952500000000003,0.39854999999999996,7.56,0.08,,,,brooklynpark
2019-02-21,5200.0,0.0,0.0,0.4092,0.392,0.3868,0.41259999999999997,0.10605,0.09115000000000001,0.3888,0.40315,0.39255,7.56,0.08,,,,brooklynpark
2019-02-22,5190.0,0.0,0.0,0.4053,0.39740000000000003,0.39716666666666667,0.42929999999999996,0.11253333333333333,0.09853333333333333,0.40066666666666667,0.41723333333333334,0.4127,7.56,0.08,,,,brooklynpark
2019-02-23,5140.0,0.0,0.0,0.40140000000000003,0.4028,0.4075333333333333,0.446,0.11901666666666667,0.10591666666666667,0.4125333333333333,0.4313166666666667,0.43285,7.56,0.08,,,,brooklynpark
2019-02-24,5090.0,0.0,0.0,0.3975,0.4082,0.4179,0.4627,0.1255,0.1133,0.4244,0.4454,0.453,7.56,0.08,,,,brooklynpark
2019-02-25,4910.0,0.0,0.0,0.395225,0.40355,0.41230833333333333,0.45114166666666666,0.1208375,0.10842916666666666,0.418,0.4373,0.443025,7.56,0.08,,,,brooklynpark
2019-02-26,4480.0,0.0,0.0,0.39295,0.39890000000000003,0.40671666666666667,0.4395833333333333,0.116175,0.10355833333333334,0.4116,0.4292,0.43305000000000005,7.56,0.08,,,,brooklynpark
2019-02-27,4240.0,0.0,0.0,0.390675,0.39425,0.401125,0.428025,0.1115125,0.0986875,0.4052,0.42110000000000003,0.42307500000000003,7.56,0.08,,,,brooklynpark
2019-02-28,4210.0,0.0,0.0,0.3884,0.3896,0.39553333333333335,0.41646666666666665,0.10685,0.09381666666666666,0.3988,0.413,0.4131,7.56,0.08,,,,brooklynpark
2019-03-01,4210.0,0.0,0.0,0.386125,0.38495,0.3899416666666667,0.4049083333333333,0.1021875,0.08894583333333334,0.3924,0.4049,0.403125,7.56,0.08,,,,brooklynpark
2019-03-02,4250.0,0.0,0.0,0.38385,0.38029999999999997,0.38434999999999997,0.39335,0.097525,0.084075,0.386,0.3968,0.39315,7.56,0.08,,,,brooklynpark
2019-03-03,4360.0,0.0,0.0,0.381575,0.37565,0.3787583333333333,0.3817916666666667,0.0928625,0.07920416666666666,0.3796,0.3887,0.38317500000000004,7.56,0.08,,,,brooklynpark
2019-03-04,4450.0,0.0,0.0,0.37929999999999997,0.371,0.37316666666666665,0.37023333333333336,0.0882,0.07433333333333333,0.37320000000000003,0.3806,0.37320000000000003,7.56,0.08,,,,brooklynpark
2019-03-05,4670.0,0.0,0.0,0.377025,0.36635,0.367575,0.358675,0.0835375,0.0694625,0.3668,0.37249999999999994,0.363225,7.56,0.08,,,,brooklynpark
2019-03-06,4760.0,0.0,0.0,0.37474999999999997,0.3617,0.3619833333333333,0.3471166666666667,0.078875,0.06459166666666666,0.3604,0.36439999999999995,0.35325000000000006,7.56,0.08,,,,brooklynpark
2019-03-07,4920.0,0.0,0.0,0.372475,0.35705,0.35639166666666666,0.33555833333333335,0.0742125,0.05972083333333333,0.354,0.35629999999999995,0.34327500000000005,7.56,0.08,,,,brooklynpark
2019-03-08,5030.0,0.0,0.0,0.3702,0.3524,0.3508,0.324,0.06955,0.054849999999999996,0.3476,0.34819999999999995,0.33330000000000004,7.56,0.08,,,,brooklynpark
2019-03-09,5060.0,0.0,0.0,0.3776833333333333,0.36815,0.36436666666666667,0.36275,0.0803,0.06645,0.3751333333333334,0.37734999999999996,0.36585,7.56,0.08,,,,brooklynpark
2019-03-10,5270.0,0.0,0.0,0.38516666666666666,0.3839,0.3779333333333333,0.4015,0.09105,0.07805000000000001,0.4026666666666667,0.4065,0.39840000000000003,7.56,0.08,,,,brooklynpark
2019-03-11,5340.0,0.0,0.0,0.39265,0.39965,0.39149999999999996,0.44025000000000003,0.1018,0.08965000000000001,0.4302,0.43565,0.43095,7.56,0.08,,,,brooklynpark
2019-03-12,5610.0,0.0,0.0,0.37995,0.3866,0.38142,0.42413,0.09838,0.08587,0.40839000000000003,0.41703999999999997,0.411,7.56,0.08,,,,brooklynpark
2019-03-13,6000.0,0.0,0.0,0.36725,0.37355,0.37134,0.40801000000000004,0.09496,0.08209,0.38658000000000003,0.39843,0.39105,7.56,0.08,,,,brooklynpark
2019-03-14,6580.0,0.0,0.5555555555555556,0.35455000000000003,0.3605,0.36125999999999997,0.39189,0.09154,0.07830999999999999,0.36477000000000004,0.37982,0.3711,7.56,0.08,,,,brooklynpark
2019-03-15,7190.0,0.0,0.5555555555555556,0.34185,0.34745,0.35118,0.37577000000000005,0.08812,0.07453,0.34296,0.36121000000000003,0.35114999999999996,7.56,0.08,,,,brooklynpark
2019-03-16,7700.0,0.0,0.5555555555555556,0.32915,0.3344,0.3411,0.35965,0.0847,0.07075,0.32115,0.3426,0.3312,7.56,0.08,,,,brooklynpark
2019-03-17,8500.0,0.0,0.0,0.308125,0.31320000000000003,0.32815000000000005,0.343025,0.09090000000000001,0.07444999999999999,0.314975,0.33030000000000004,0.3174,7.56,0.08,,,,brooklynpark
2019-03-18,9370.0,0.0,0.0,0.2871,0.29200000000000004,0.31520000000000004,0.3264,0.0971,0.07815,0.30879999999999996,0.318,0.3036,7.56,0.08,,,,brooklynpark
2019-03-19,10500.0,0.0,0.5555555555555556,0.2781666666666667,0.28675,0.30350000000000005,0.31805,0.09708333333333334,0.07815,0.29821666666666663,0.30733333333333335,0.29136666666666666,7.56,0.08,,,,brooklynpark
2019-03-20,12300.0,0.0,0.5555555555555556,0.2692333333333333,0.28150000000000003,0.2918,0.30970000000000003,0.09706666666666666,0.07815,0.28763333333333335,0.29666666666666663,0.27913333333333334,7.56,0.08,,,,brooklynpark
2019-03-21,14900.0,0.0,0.5555555555555556,0.2603,0.27625,0.2801,0.30135,0.09705,0.07815,0.27705,0.286,0.2669,7.56,0.08,,,,brooklynpark
2019-03-22,17900.0,0.0,1.1111111111111112,0.24534999999999998,0.261225,0.2655,0.297125,0.1076,0.087575,0.25980000000000003,0.2656,0.255825,7.56,0.08,,,,brooklynpark
2019-03-23,22300.0,0.0,1.1111111111111112,0.2304,0.2462,0.2509,0.2929,0.11815,0.097,0.24255,0.2452,0.24475,7.56,0.08,,,,brooklynpark
2019-03-24,28400.0,0.0,1.1111111111111112,0.1717575,0.18347999999999995,0.19461625,0.2440925,0.12960249999999995,0.10384749999999995,0.2035,0.21948333333333334,0.21933333333333332,7.56,0.08,,,,brooklynpark
2019-03-25,33700.0,0.0,1.1111111111111112,0.113115,0.1207599999999999,0.1383325,0.195285,0.1410549999999999,0.1106949999999999,0.16444999999999999,0.19376666666666664,0.19391666666666665,7.56,0.08,,,,brooklynpark
2019-03-26,35100.0,0.0,1.1111111111111112,0.09115,0.09535,0.12664999999999998,0.1867,0.1464,0.10894999999999999,0.1254,0.16804999999999998,0.16849999999999998,7.56,0.08,,,,brooklynpark
2019-03-27,39100.0,0.0,2.2222222222222223,0.089512,0.094194,0.12468399999999999,0.18565800000000002,0.149618,0.11121999999999999,0.12473800000000002,0.16682399999999997,0.167902,7.56,0.08,,,,brooklynpark
2019-03-28,42600.0,0.0,3.3333333333333335,0.087874,0.09303800000000001,0.12271799999999998,0.184616,0.152836,0.11349,0.124076,0.16559799999999997,0.16730399999999998,7.56,0.08,,,,brooklynpark
2019-03-29,46000.0,0.0,3.3333333333333335,0.086236,0.091882,0.12075199999999998,0.18357400000000001,0.156054,0.11575999999999999,0.12341400000000001,0.164372,0.166706,7.56,0.08,,,,brooklynpark
2019-03-30,48200.0,0.0,3.888888888888889,0.08459799999999999,0.090726,0.11878599999999999,0.182532,0.159272,0.11803,0.12275200000000001,0.16314599999999999,0.16610799999999998,7.56,0.08,,,,brooklynpark
2019-03-31,49100.0,0.0,3.3333333333333335,0.08295999999999999,0.08957000000000001,0.11682,0.18149,0.16249,0.12029999999999999,0.12209,0.16191999999999998,0.16551,7.56,0.08,,,,brooklynpark
2019-04-01,47700.0,0.0,3.888888888888889,0.08132199999999999,0.088414,0.11485399999999998,0.180448,0.165708,0.12256999999999998,0.12142800000000001,0.16069399999999998,0.164912,7.56,0.08,,,,brooklynpark
2019-04-02,45100.0,0.0,3.888888888888889,0.07968399999999999,0.087258,0.11288799999999999,0.179406,0.168926,0.12483999999999999,0.12076600000000001,0.15946799999999997,0.164314,7.56,0.08,,,,brooklynpark
2019-04-03,42300.0,0.0,3.888888888888889,0.07804599999999999,0.08610200000000001,0.11092199999999999,0.17836400000000002,0.172144,0.12711,0.120104,0.158242,0.163716,7.56,0.08,,,,brooklynpark
2019-04-04,39200.0,0.0,4.444444444444445,0.07640799999999999,0.08494600000000001,0.108956,0.177322,0.175362,0.12938,0.119442,0.157016,0.16311799999999999,7.56,0.08,,,,brooklynpark
2019-04-05,36500.0,0.0,4.444444444444445,0.07477,0.08379,0.10698999999999999,0.17628000000000002,0.17858000000000002,0.13165,0.11878000000000001,0.15578999999999998,0.16252,7.56,0.08,,,,brooklynpark
2019-04-06,35400.0,0.0,4.444444444444445,0.073132,0.08263400000000001,0.10502399999999999,0.175238,0.18179800000000002,0.13391999999999998,0.118118,0.15456399999999998,0.161922,7.56,0.08,,,,brooklynpark
2019-04-07,34700.0,0.0,5.0,0.071494,0.08147800000000001,0.10305799999999998,0.17419600000000002,0.185016,0.13618999999999998,0.117456,0.15333799999999997,0.161324,7.56,0.08,,,,brooklynpark
2019-04-08,33100.0,0.0,5.555555555555555,0.069856,0.080322,0.10109199999999999,0.173154,0.188234,0.13846,0.11679400000000001,0.152112,0.160726,7.56,0.08,,,,brooklynpark
2019-04-09,32100.0,0.0,6.111111111111111,0.068218,0.07916600000000001,0.09912599999999999,0.17211200000000001,0.191452,0.14073,0.11613200000000001,0.150886,0.160128,7.56,0.08,,,,brooklynpark
2019-04-10,31700.0,0.0,6.111111111111111,0.06658,0.07801000000000001,0.09716,0.17107,0.19467,0.143,0.11547,0.14966,0.15953,7.56,0.08,,,,brooklynpark
2019-04-11,32100.0,0.0,5.0,0.064942,0.076854,0.095194,0.170028,0.197888,0.14526999999999998,0.11480800000000001,0.14843399999999998,0.15893200000000002,7.56,0.08,,,,brooklynpark
2019-04-12,32200.0,0.0,4.444444444444445,0.063304,0.075698,0.09322799999999999,0.16898600000000003,0.201106,0.14754,0.114146,0.147208,0.158334,7.56,0.08,,,,brooklynpark
2019-04-13,31800.0,0.0,3.888888888888889,0.061666,0.074542,0.091262,0.167944,0.204324,0.14981,0.113484,0.145982,0.15773600000000002,7.56,0.08,,,,brooklynpark
2019-04-14,30900.0,0.0,3.888888888888889,0.060028,0.073386,0.08929599999999999,0.16690200000000002,0.207542,0.15208,0.112822,0.144756,0.157138,7.56,0.08,,,,brooklynpark
2019-04-15,30600.0,0.0,5.0,0.05839,0.07223,0.08732999999999999,0.16586,0.21076,0.15435,0.11216000000000001,0.14353,0.15654,7.56,0.08,,,,brooklynpark
2019-04-16,30600.0,0.0,5.555555555555555,0.056752,0.071074,0.085364,0.16481800000000002,0.213978,0.15661999999999998,0.111498,0.14230399999999999,0.15594200000000003,7.56,0.08,,,,brooklynpark
2019-04-17,31600.0,0.0,6.666666666666667,0.055113999999999996,0.06991800000000001,0.083398,0.163776,0.217196,0.15888999999999998,0.110836,0.14107799999999998,0.155344,7.56,0.08,,,,brooklynpark
2019-04-18,33300.0,0.0,6.666666666666667,0.053475999999999996,0.068762,0.081432,0.16273400000000002,0.220414,0.16116,0.11017400000000001,0.139852,0.15474600000000002,7.56,0.08,,,,brooklynpark
2019-04-19,34400.0,0.0,6.666666666666667,0.051837999999999995,0.067606,0.079466,0.161692,0.223632,0.16343,0.109512,0.138626,0.154148,7.56,0.08,,,,brooklynpark
2019-04-20,35900.0,0.0,7.777777777777778,0.050199999999999995,0.06645000000000001,0.0775,0.16065000000000002,0.22685,0.1657,0.10885,0.1374,0.15355000000000002,7.56,0.08,,,,brooklynpark
2019-04-21,37100.0,0.0,8.88888888888889,0.04991470588235294,0.06683529411764706,0.07732058823529411,0.16581764705882354,0.22593823529411763,0.16399117647058822,0.11014411764705882,0.1416,0.15736176470588237,7.56,0.08,,,,brooklynpark
2019-04-22,38600.0,0.0,10.0,0.04962941176470588,0.06722058823529413,0.07714117647058824,0.17098529411764707,0.2250264705882353,0.16228235294117646,0.11143823529411764,0.14579999999999999,0.16117352941176472,7.56,0.08,,,,brooklynpark
2019-04-23,40000.0,0.0,10.0,0.049344117647058816,0.06760588235294118,0.07696176470588235,0.1761529411764706,0.22411470588235294,0.1605735294117647,0.11273235294117648,0.15,0.16498529411764706,7.56,0.08,,,,brooklynpark
2019-04-24,39800.0,0.0,10.555555555555555,0.04905882352941176,0.06799117647058825,0.07678235294117647,0.18132058823529412,0.22320294117647058,0.15886470588235294,0.1140264705882353,0.1542,0.1687970588235294,7.56,0.08,,,,brooklynpark
2019-04-25,39100.0,0.0,11.666666666666666,0.0487735294117647,0.0683764705882353,0.07660294117647058,0.18648823529411765,0.22229117647058821,0.15715588235294117,0.11532058823529412,0.1584,0.1726088235294118,7.56,0.08,,,,brooklynpark
2019-04-26,37800.0,0.0,11.666666666666666,0.048488235294117644,0.06876176470588236,0.07642352941176471,0.19165588235294118,0.22137941176470588,0.1554470588235294,0.11661470588235294,0.1626,0.17642058823529413,7.56,0.08,,,,brooklynpark
2019-04-27,36200.0,0.0,12.222222222222221,0.04820294117647059,0.06914705882352942,0.07624411764705882,0.19682352941176473,0.22046764705882352,0.15373823529411765,0.11790882352941176,0.1668,0.18023235294117648,7.56,0.08,,,,brooklynpark
2019-04-28,34500.0,0.0,11.666666666666666,0.04791764705882353,0.06953235294117648,0.07606470588235294,0.20199117647058823,0.21955588235294116,0.15202941176470586,0.11920294117647058,0.171,0.18404411764705883,7.56,0.08,,,,brooklynpark
2019-04-29,33000.0,0.0,11.666666666666666,0.047632352941176466,0.06991764705882354,0.07588529411764706,0.20715882352941178,0.21864411764705882,0.1503205882352941,0.1204970588235294,0.17520000000000002,0.18785588235294118,7.56,0.08,,,,brooklynpark
2019-04-30,32100.0,0.0,11.11111111111111,0.04734705882352941,0.0703029411764706,0.07570588235294118,0.21232647058823528,0.21773235294117646,0.14861176470588233,0.12179117647058824,0.1794,0.19166764705882353,7.56,0.08,,,,brooklynpark
2019-05-01,31200.0,0.0,10.555555555555555,0.04706176470588235,0.07068823529411766,0.07552647058823529,0.21749411764705884,0.2168205882352941,0.14690294117647057,0.12308529411764706,0.1836,0.1954794117647059,7.56,0.08,,,,brooklynpark
2019-05-02,29800.0,0.0,10.555555555555555,0.046776470588235294,0.07107352941176472,0.07534705882352942,0.22266176470588236,0.21590882352941176,0.1451941176470588,0.12437941176470588,0.18780000000000002,0.19929117647058825,7.56,0.08,,,,brooklynpark
2019-05-03,28900.0,0.0,10.0,0.04649117647058824,0.07145882352941177,0.07516764705882353,0.2278294117647059,0.2149970588235294,0.14348529411764704,0.1256735294117647,0.192,0.2031029411764706,7.56,0.08,,,,brooklynpark
2019-05-04,28000.0,0.0,11.11111111111111,0.04620588235294118,0.07184411764705884,0.07498823529411765,0.23299705882352942,0.21408529411764704,0.14177647058823528,0.12696764705882352,0.1962,0.20691470588235295,7.56,0.08,,,,brooklynpark
2019-05-05,27600.0,0.0,11.666666666666666,0.045920588235294116,0.07222941176470589,0.07480882352941176,0.23816470588235295,0.21317352941176468,0.14006764705882352,0.12826176470588235,0.20040000000000002,0.2107264705882353,7.56,0.08,,,,brooklynpark
2019-05-06,26900.0,0.0,12.222222222222221,0.04563529411764706,0.07261470588235296,0.07462941176470589,0.24333235294117647,0.21226176470588234,0.13835882352941176,0.12955588235294116,0.2046,0.21453823529411764,7.56,0.08,,,,brooklynpark
2019-05-07,26100.0,0.0,12.222222222222221,0.04535,0.07300000000000001,0.07445,0.2485,0.21134999999999998,0.13665,0.13085,0.2088,0.21835,7.56,0.08,,,,brooklynpark
2019-05-08,25800.0,0.0,12.777777777777779,0.0496885,0.07721816666666667,0.07576316666666667,0.266719,0.2136023333333333,0.13572366666666666,0.13509,0.22543000000000002,0.23964999999999997,7.56,0.08,,,,brooklynpark
2019-05-09,26500.0,0.0,11.666666666666666,0.054026999999999985,0.08143633333333333,0.07707633333333333,0.284938,0.21585466666666664,0.13479733333333332,0.13933,0.24206000000000003,0.26094999999999996,7.56,0.08,,,,brooklynpark
2019-05-10,27500.0,0.0,11.11111111111111,0.05836549999999998,0.0856545,0.0783895,0.303157,0.21810699999999997,0.133871,0.14357,0.25869000000000003,0.28225,7.56,0.08,,,,brooklynpark
2019-05-11,27600.0,0.0,11.11111111111111,0.06270399999999997,0.08987266666666664,0.07970266666666666,0.321376,0.2203593333333333,0.13294466666666666,0.14781000000000002,0.27532,0.30355,7.56,0.08,,,,brooklynpark
2019-05-12,27600.0,0.0,11.666666666666666,0.06704249999999996,0.0940908333333333,0.08101583333333333,0.33959500000000004,0.22261166666666662,0.13201833333333332,0.15205000000000002,0.29195000000000004,0.32484999999999997,7.56,0.08,,,,brooklynpark
2019-05-13,27500.0,0.0,12.222222222222221,0.06101218749999997,0.08791072916666665,0.07372635416666666,0.33095812500000005,0.2123477083333333,0.12470979166666665,0.14463750000000003,0.28660625000000006,0.31864375,7.56,0.08,,,,brooklynpark
2019-05-14,27000.0,0.0,12.777777777777779,0.05498187499999997,0.08173062499999997,0.06643687499999999,0.32232125,0.20208374999999998,0.11740124999999998,0.137225,0.2812625,0.3124375,7.56,0.08,,,,brooklynpark
2019-05-15,26700.0,0.0,13.88888888888889,0.048951562499999976,0.07555052083333332,0.05914739583333333,0.313684375,0.19181979166666666,0.11009270833333333,0.1298125,0.27591875,0.30623124999999995,7.56,0.08,,,,brooklynpark
2019-05-16,26100.0,0.0,15.0,0.04292124999999998,0.06937041666666666,0.05185791666666666,0.3050475,0.1815558333333333,0.10278416666666666,0.12240000000000001,0.270575,0.300025,7.56,0.08,,,,brooklynpark
2019-05-17,25400.0,0.0,16.11111111111111,0.036890937499999985,0.06319031249999998,0.044568437499999995,0.296410625,0.17129187499999998,0.095475625,0.1149875,0.26523125000000003,0.29381875,7.56,0.08,,,,brooklynpark
2019-05-18,25800.0,0.0,16.11111111111111,0.03086062499999999,0.057010208333333326,0.037278958333333334,0.28777375,0.16102791666666666,0.08816708333333334,0.107575,0.2598875,0.2876125,7.56,0.08,,,,brooklynpark
2019-05-19,27400.0,0.0,15.0,0.024830312499999993,0.05083010416666667,0.029989479166666666,0.27913687499999995,0.15076395833333334,0.08085854166666667,0.1001625,0.25454374999999996,0.28140624999999997,7.56,0.08,,,,brooklynpark
2019-05-20,28600.0,0.0,13.333333333333334,0.0188,0.04465,0.022699999999999998,0.27049999999999996,0.1405,0.07355,0.09275,0.24919999999999998,0.2752,7.56,0.08,,,,brooklynpark
2019-05-21,29700.0,0.0,13.88888888888889,0.018788437499999987,0.04618875,0.02479625,0.2744803125,0.14186875000000002,0.075044375,0.10364999999999999,0.25791,0.28535,7.56,0.08,,,,brooklynpark
2019-05-22,31700.0,0.0,13.333333333333334,0.018776874999999978,0.0477275,0.0268925,0.27846062499999996,0.14323750000000002,0.07653875,0.11455,0.26661999999999997,0.2955,7.56,0.08,,,,brooklynpark
2019-05-23,33400.0,0.0,13.333333333333334,0.018765312499999964,0.04926625,0.028988749999999997,0.2824409375,0.14460625000000002,0.07803312500000001,0.12545,0.27533,0.30565000000000003,7.56,0.08,,,,brooklynpark
2019-05-24,35700.0,0.0,13.333333333333334,0.01875374999999995,0.050805,0.031084999999999998,0.28642124999999996,0.14597500000000002,0.0795275,0.13635,0.28404,0.3158,7.56,0.08,,,,brooklynpark
2019-05-25,37300.0,0.0,13.88888888888889,0.018742187499999938,0.05234375,0.033181249999999995,0.2904015625,0.14734375,0.081021875,0.14725,0.29275,0.32595,7.56,0.08,,,,brooklynpark
2019-05-26,38700.0,0.0,13.88888888888889,0.018730624999999924,0.0538825,0.035277499999999996,0.294381875,0.1487125,0.08251625,0.15814999999999999,0.30146,0.3361,7.56,0.08,,,,brooklynpark
2019-05-27,39500.0,0.0,15.0,0.018719062499999915,0.05542125,0.03737375,0.2983621875,0.15008125,0.084010625,0.16904999999999998,0.31017,0.34625,7.56,0.08,,,,brooklynpark
2019-05-28,40200.0,0.0,14.444444444444445,0.0187074999999999,0.05696,0.03947,0.3023425,0.15145,0.085505,0.17995,0.31888000000000005,0.35640000000000005,7.56,0.08,,,,brooklynpark
2019-05-29,39600.0,0.0,15.0,0.09735374999999995,0.11913000000000001,0.093335,0.32812125000000003,0.172475,0.0960275,0.19084999999999996,0.32759000000000005,0.36655000000000004,7.56,0.08,,,,brooklynpark
2019-05-30,38200.0,0.0,15.555555555555555,0.176,0.18130000000000002,0.1472,0.3539,0.1935,0.10655,0.20174999999999998,0.33630000000000004,0.37670000000000003,7.56,0.08,,,,brooklynpark
2019-05-31,36200.0,0.0,16.666666666666668,0.10105,0.11410000000000001,0.0872,0.34465,0.175625,0.092225,0.14539999999999997,0.31930000000000003,0.373575,7.56,0.08,,,,brooklynpark
2019-06-01,34600.0,0.0,17.22222222222222,0.026099999999999998,0.0469,0.027200000000000002,0.33540000000000003,0.15775,0.0779,0.08904999999999999,0.3023,0.37045,7.56,0.08,,,,brooklynpark
2019-06-02,32500.0,0.0,17.77777777777778,0.0253,0.04591666666666667,0.02631666666666667,0.3196333333333334,0.15153333333333333,0.07478333333333333,0.08461666666666666,0.2865666666666667,0.35233333333333333,7.56,0.08,,,,brooklynpark
2019-06-03,30700.0,0.0,17.77777777777778,0.024499999999999997,0.04493333333333333,0.025433333333333336,0.3038666666666667,0.14531666666666668,0.07166666666666667,0.08018333333333334,0.2708333333333333,0.33421666666666666,7.56,0.08,,,,brooklynpark
2019-06-04,28600.0,0.0,18.333333333333332,0.0237,0.04395,0.024550000000000002,0.2881,0.1391,0.06855,0.07575000000000001,0.2551,0.3161,7.56,0.08,,,,brooklynpark
2019-06-05,26900.0,0.0,18.88888888888889,0.02375,0.04645,0.024300000000000002,0.30465000000000003,0.14945,0.07225,0.080225,0.273325,0.3442,7.56,0.08,,,,brooklynpark
2019-06-06,25200.0,0.0,19.444444444444443,0.0238,0.048949999999999994,0.02405,0.32120000000000004,0.1598,0.07594999999999999,0.0847,0.29155,0.3723,7.56,0.08,,,,brooklynpark
2019-06-07,24200.0,0.0,21.11111111111111,0.024596785714285717,0.05015714285714285,0.02741571428571427,0.320655,0.15915714285714286,0.07722857142857141,0.085925,0.30085625,0.3842625,7.56,0.08,,,,brooklynpark
2019-06-08,22600.0,0.0,21.666666666666668,0.02539357142857143,0.05136428571428571,0.030781428571428543,0.32011,0.15851428571428572,0.07850714285714282,0.08715,0.3101625,0.39622500000000005,7.56,0.08,,,,brooklynpark
2019-06-09,21400.0,0.0,22.77777777777778,0.026190357142857144,0.05257142857142857,0.03414714285714281,0.319565,0.15787142857142858,0.07978571428571424,0.088375,0.31946874999999997,0.40818750000000004,7.56,0.08,,,,brooklynpark
2019-06-10,20600.0,0.0,21.11111111111111,0.02698714285714286,0.053778571428571426,0.037512857142857084,0.31902,0.1572285714285714,0.08106428571428566,0.0896,0.328775,0.42015,7.56,0.08,,,,brooklynpark
2019-06-11,19300.0,0.0,21.11111111111111,0.02778392857142857,0.054985714285714284,0.04087857142857136,0.318475,0.15658571428571427,0.08234285714285708,0.090825,0.33808125,0.4321125,7.56,0.08,,,,brooklynpark
2019-06-12,18600.0,0.0,20.555555555555557,0.028580714285714286,0.05619285714285714,0.044244285714285625,0.31793,0.15594285714285713,0.08362142857142849,0.09204999999999999,0.34738749999999996,0.444075,7.56,0.08,,,,brooklynpark
2019-06-13,18200.0,0.0,17.22222222222222,0.0293775,0.0574,0.0476099999999999,0.317385,0.1553,0.0848999999999999,0.093275,0.35669375,0.45603750000000004,7.56,0.08,,,,brooklynpark
2019-06-14,17200.0,0.0,19.444444444444443,0.0432,0.0577,0.0302,0.4184,0.1883,0.0912,0.0945,0.366,0.468,7.56,0.08,,,,brooklynpark
2019-06-15,16400.0,0.0,20.555555555555557,0.036500000000000005,0.055425,0.031625,0.39549999999999996,0.183775,0.0905,0.0956,0.348825,0.44415000000000004,7.56,0.08,,,,brooklynpark
2019-06-16,16200.0,0.0,20.0,0.0298,0.05315,0.033049999999999996,0.3726,0.17925,0.0898,0.09670000000000001,0.33165,0.4203,7.56,0.08,,,,brooklynpark
2019-06-17,15600.0,0.0,20.555555555555557,0.030742692307692308,0.05460865384615385,0.035126153846153835,0.36978692307692307,0.1782178846153846,0.09029038461538462,0.125845,0.3503875,0.43506500000000004,7.56,0.08,,,,brooklynpark
2019-06-18,15100.0,0.0,21.11111111111111,0.031685384615384615,0.056067307692307694,0.03720230769230767,0.36697384615384615,0.17718576923076923,0.09078076923076923,0.15499000000000002,0.369125,0.44983,7.56,0.08,,,,brooklynpark
2019-06-19,14900.0,0.0,21.11111111111111,0.032628076923076926,0.05752596153846154,0.03927846153846151,0.36416076923076923,0.17615365384615383,0.09127115384615385,0.184135,0.3878625,0.464595,7.56,0.08,,,,brooklynpark
2019-06-20,14100.0,0.0,21.11111111111111,0.03357076923076923,0.058984615384615385,0.04135461538461535,0.3613476923076923,0.17512153846153847,0.09176153846153846,0.21328,0.40659999999999996,0.47936,7.56,0.08,,,,brooklynpark
2019-06-21,13700.0,0.0,20.555555555555557,0.03451346153846154,0.06044326923076923,0.04343076923076919,0.3585346153846154,0.17408942307692307,0.09225192307692308,0.242425,0.4253375,0.49412500000000004,7.56,0.08,,,,brooklynpark
2019-06-22,13400.0,0.0,20.555555555555557,0.035456153846153846,0.06190192307692308,0.04550692307692303,0.3557215384615384,0.17305730769230768,0.0927423076923077,0.27157,0.444075,0.5088900000000001,7.56,0.08,,,,brooklynpark
2019-06-23,13600.0,0.0,21.11111111111111,0.03639884615384616,0.06336057692307692,0.04758307692307687,0.3529084615384615,0.1720251923076923,0.09323269230769231,0.30071499999999995,0.46281249999999996,0.523655,7.56,0.08,,,,brooklynpark
2019-06-24,13600.0,0.0,20.555555555555557,0.03734153846153846,0.06481923076923077,0.049659230769230706,0.3500953846153846,0.17099307692307691,0.09372307692307692,0.32986,0.48155,0.53842,7.56,0.08,,,,brooklynpark
2019-06-25,13300.0,0.0,20.0,0.03828423076923077,0.06627788461538461,0.051735384615384544,0.34728230769230767,0.16996096153846152,0.09421346153846154,0.35900499999999996,0.5002875,0.553185,7.56,0.08,,,,brooklynpark
2019-06-26,13500.0,0.0,20.555555555555557,0.039226923076923076,0.06773653846153846,0.05381153846153838,0.34446923076923075,0.16892884615384615,0.09470384615384615,0.38815,0.519025,0.56795,7.56,0.08,,,,brooklynpark
2019-06-27,13200.0,0.0,21.11111111111111,0.04016961538461539,0.0691951923076923,0.05588769230769222,0.34165615384615383,0.16789673076923076,0.09519423076923077,0.41729499999999997,0.5377624999999999,0.582715,7.56,0.08,,,,brooklynpark
2019-06-28,13400.0,0.0,21.666666666666668,0.0411123076923077,0.07065384615384615,0.05796384615384606,0.3388430769230769,0.1668646153846154,0.09568461538461538,0.44643999999999995,0.5565,0.59748,7.56,0.08,,,,brooklynpark
2019-06-29,14500.0,0.0,22.77777777777778,0.042055,0.0721125,0.0600399999999999,0.33603,0.1658325,0.096175,0.475585,0.5752375,0.612245,7.56,0.08,,,,brooklynpark
2019-06-30,14400.0,0.0,23.333333333333332,0.1244757142857143,0.15143928571428572,0.14054857142857136,0.3878257142857143,0.23945642857142857,0.16525,0.5047299999999999,0.5939749999999999,0.6270100000000001,7.56,0.08,,,,brooklynpark
2019-07-01,15000.0,0.0,22.77777777777778,0.2068964285714286,0.23076607142857142,0.22105714285714279,0.43962142857142855,0.3130803571428571,0.234325,0.533875,0.6127125,0.641775,7.56,0.08,,,,brooklynpark
2019-07-02,16700.0,0.0,23.333333333333332,0.2893171428571429,0.31009285714285717,0.3015657142857142,0.4914171428571429,0.38670428571428567,0.3034,0.56302,0.63145,0.65654,7.56,0.08,,,,brooklynpark
2019-07-03,17100.0,0.0,23.88888888888889,0.3717378571428572,0.3894196428571428,0.3820742857142857,0.5432128571428572,0.46032821428571424,0.372475,0.5921649999999999,0.6501874999999999,0.671305,7.56,0.08,,,,brooklynpark
2019-07-04,18500.0,0.0,23.88888888888889,0.45415857142857147,0.46874642857142856,0.4625828571428571,0.5950085714285714,0.5339521428571428,0.44155,0.6213099999999999,0.668925,0.68607,7.56,0.08,,,,brooklynpark
2019-07-05,19800.0,0.0,23.88888888888889,0.5365792857142857,0.5480732142857143,0.5430914285714286,0.6468042857142857,0.6075760714285714,0.510625,0.650455,0.6876625,0.700835,7.56,0.08,,,,brooklynpark
2019-07-06,20500.0,0.0,11.666666666666666,0.619,0.6274,0.6235999999999999,0.6986,0.6812,0.5797,0.6796,0.7063999999999999,0.7156,7.56,0.08,,,,brooklynpark
2019-07-07,20700.0,0.0,15.74074074074074,0.50008,0.5092,0.50283,0.62536,0.5763900000000001,0.47748,0.55763,0.6224099999999999,0.64481,7.56,0.08,,,,brooklynpark
2019-07-08,20900.0,0.0,19.814814814814817,0.38116,0.39099999999999996,0.38205999999999996,0.5521199999999999,0.47158,0.37526,0.43566,0.5384199999999999,0.57402,7.56,0.08,,,,brooklynpark
2019-07-09,20700.0,0.0,23.88888888888889,0.26224000000000003,0.27279999999999993,0.26129,0.47888,0.36677000000000004,0.27303999999999995,0.31369,0.45443,0.5032300000000001,7.56,0.08,,,,brooklynpark
2019-07-10,20400.0,0.0,23.61111111111111,0.14332,0.15459999999999996,0.14052000000000003,0.40564,0.26196,0.17081999999999997,0.19172,0.37044,0.43244000000000005,7.56,0.08,,,,brooklynpark
2019-07-11,20000.0,0.0,23.333333333333332,0.024399999999999998,0.0364,0.019749999999999997,0.33240000000000003,0.15715,0.0686,0.06975,0.28645,0.36165,7.56,0.08,,,,brooklynpark
2019-07-12,19200.0,0.0,23.333333333333332,0.025211249999999998,0.039711249999999976,0.023662499999999972,0.3340775,0.15561499999999998,0.06914124999999999,0.06989500000000001,0.28785499999999997,0.36346500000000004,7.56,0.08,,,,brooklynpark
2019-07-13,19000.0,0.0,23.51851851851852,0.026022499999999997,0.04302249999999995,0.027574999999999947,0.33575499999999997,0.15407999999999994,0.0696825,0.07004,0.28925999999999996,0.36528000000000005,7.56,0.08,,,,brooklynpark
2019-07-14,18000.0,0.0,23.703703703703702,0.02683375,0.046333749999999924,0.03148749999999992,0.3374324999999999,0.15254499999999993,0.07022375,0.070185,0.290665,0.367095,7.56,0.08,,,,brooklynpark
2019-07-15,17400.0,0.0,23.88888888888889,0.027645,0.0496449999999999,0.0353999999999999,0.3391099999999999,0.1510099999999999,0.070765,0.07033,0.29207,0.36891,7.56,0.08,,,,brooklynpark
2019-07-16,18600.0,0.0,24.074074074074073,0.0279375,0.04832083333333325,0.033766666666666584,0.3413916666666666,0.15220833333333325,0.0713375,0.07047500000000001,0.293475,0.370725,7.56,0.08,,,,brooklynpark
2019-07-17,17000.0,0.0,24.25925925925926,0.028229999999999998,0.046996666666666596,0.032133333333333264,0.3436733333333333,0.1534066666666666,0.07191,0.07062,0.29488,0.37254000000000004,7.56,0.08,,,,brooklynpark
2019-07-18,15900.0,0.0,24.444444444444443,0.0285225,0.04567249999999995,0.03049999999999995,0.34595499999999996,0.15460499999999994,0.0724825,0.070765,0.29628499999999997,0.37435500000000005,7.56,0.08,,,,brooklynpark
2019-07-19,15100.0,0.0,24.62962962962963,0.028815,0.0443483333333333,0.028866666666666634,0.34823666666666664,0.1558033333333333,0.073055,0.07091,0.29769,0.37617,7.56,0.08,,,,brooklynpark
2019-07-20,15300.0,0.0,24.814814814814813,0.029107499999999998,0.04302416666666665,0.027233333333333318,0.3505183333333333,0.15700166666666665,0.0736275,0.07105500000000001,0.299095,0.377985,7.56,0.08,,,,brooklynpark
2019-07-21,15000.0,0.0,25.0,0.0294,0.0417,0.0256,0.3528,0.1582,0.0742,0.0712,0.3005,0.3798,7.56,0.08,,,,brooklynpark
2019-07-22,14500.0,0.0,24.444444444444443,0.028399999999999998,0.03891666666666667,0.025266666666666666,0.33376666666666666,0.14803333333333335,0.06846666666666666,0.0667,0.28128333333333333,0.35883333333333334,7.56,0.08,,,,brooklynpark
2019-07-23,13600.0,0.0,7.777777777777778,0.0274,0.03613333333333334,0.024933333333333335,0.31473333333333336,0.13786666666666667,0.06273333333333334,0.0622,0.26206666666666667,0.3378666666666667,7.56,0.08,,,,brooklynpark
2019-07-24,12900.0,0.0,9.007936507936508,0.0264,0.033350000000000005,0.0246,0.2957,0.1277,0.056999999999999995,0.0577,0.24285,0.3169,7.56,0.08,,,,brooklynpark
2019-07-25,11800.0,0.0,10.238095238095237,0.08729999999999999,0.095225,0.09299999999999999,0.30305000000000004,0.17670000000000002,0.100525,0.12617499999999998,0.27080000000000004,0.33077500000000004,7.56,0.08,,,,brooklynpark
2019-07-26,11100.0,0.0,11.468253968253968,0.1482,0.15710000000000002,0.1614,0.3104,0.2257,0.14405,0.19465,0.29875,0.34465,7.56,0.08,,,,brooklynpark
2019-07-27,11100.0,0.0,12.698412698412698,0.1258,0.13603333333333334,0.13126666666666667,0.3305666666666667,0.2151,0.13613333333333333,0.17328333333333332,0.303,0.35425,7.56,0.08,,,,brooklynpark
2019-07-28,11400.0,0.0,13.928571428571427,0.10339999999999999,0.11496666666666669,0.10113333333333333,0.35073333333333334,0.20450000000000002,0.12821666666666667,0.15191666666666667,0.30725,0.36385,7.56,0.08,,,,brooklynpark
2019-07-29,11000.0,0.0,15.158730158730158,0.081,0.09390000000000001,0.07100000000000001,0.3709,0.19390000000000002,0.12029999999999999,0.13055,0.3115,0.37345,7.56,0.08,,,,brooklynpark
2019-07-30,10800.0,0.0,16.38888888888889,0.05452833333333332,0.06627666666666665,0.04870291666666667,0.3370545833333334,0.16423833333333332,0.09080583333333331,0.098525,0.292025,0.372275,7.56,0.08,,,,brooklynpark
2019-07-31,10300.0,0.0,17.619047619047617,0.028056666666666633,0.038653333333333297,0.026405833333333333,0.3032091666666667,0.13457666666666665,0.06131166666666663,0.0665,0.27254999999999996,0.3711,7.56,0.08,,,,brooklynpark
2019-08-01,10700.0,0.0,18.849206349206348,0.027571111111111088,0.03663555555555553,0.026220555555555556,0.2594727777777778,0.11678444444444443,0.05579111111111109,0.0606,0.2310833333333333,0.31548333333333334,7.56,0.08,,,,brooklynpark
2019-08-02,11800.0,0.0,20.07936507936508,0.027085555555555543,0.03461777777777776,0.026035277777777775,0.2157363888888889,0.0989922222222222,0.05027055555555554,0.0547,0.18961666666666666,0.25986666666666663,7.56,0.08,,,,brooklynpark
2019-08-03,10500.0,0.0,21.309523809523807,0.0266,0.0326,0.025849999999999998,0.172,0.0812,0.04475,0.048799999999999996,0.14815,0.20425,7.56,0.08,,,,brooklynpark
2019-08-04,9600.0,0.0,22.539682539682538,0.02401,0.030969999999999998,0.023579999999999997,0.19344,0.08895,0.046189999999999995,0.04998,0.16594,0.22418,7.56,0.08,,,,brooklynpark
2019-08-05,9440.0,0.0,23.76984126984127,0.021419999999999998,0.029339999999999998,0.02131,0.21488,0.0967,0.04763,0.05116,0.18373,0.24411,7.56,0.08,,,,brooklynpark
2019-08-06,8790.0,0.0,25.0,0.01883,0.02771,0.019039999999999998,0.23632,0.10445,0.049069999999999996,0.05234,0.20151999999999998,0.26404,7.56,0.08,,,,brooklynpark
2019-08-07,8750.0,0.0,24.72222222222222,0.016239999999999997,0.02608,0.01677,0.25776,0.1122,0.05051,0.05352,0.21930999999999998,0.28397,7.56,0.08,,,,brooklynpark
2019-08-08,8500.0,0.0,24.444444444444443,0.013649999999999999,0.02445,0.014499999999999999,0.2792,0.11995,0.051949999999999996,0.0547,0.23709999999999998,0.3039,7.56,0.08,,,,brooklynpark
2019-08-09,8240.0,0.0,24.35185185185185,0.01436,0.02477,0.01475,0.27392,0.11949,0.051789999999999996,0.05323,0.23231,0.30308,7.56,0.08,,,,brooklynpark
2019-08-10,8040.0,0.0,24.25925925925926,0.01507,0.02509,0.015,0.26864,0.11903,0.051629999999999995,0.05176,0.22752,0.30226000000000003,7.56,0.08,,,,brooklynpark
2019-08-11,8150.0,0.0,24.166666666666664,0.01578,0.02541,0.01525,0.26336000000000004,0.11857000000000001,0.05147,0.05029,0.22272999999999998,0.30144,7.56,0.08,,,,brooklynpark
2019-08-12,8020.0,0.0,24.074074074074073,0.01649,0.02573,0.0155,0.25808000000000003,0.11811,0.05131,0.04882,0.21794,0.30062,7.56,0.08,,,,brooklynpark
2019-08-13,7710.0,0.0,23.98148148148148,0.0172,0.02605,0.01575,0.2528,0.11765,0.05115,0.04735,0.21315,0.2998,7.56,0.08,,,,brooklynpark
2019-08-14,7920.0,0.0,23.88888888888889,0.02555,0.034625,0.02085,0.2897,0.134275,0.05895,0.061225,0.25582499999999997,0.33957499999999996,7.56,0.08,,,,brooklynpark
2019-08-15,7790.0,0.0,23.80952380952381,0.0339,0.0432,0.02595,0.3266,0.1509,0.06675,0.0751,0.2985,0.37934999999999997,7.56,0.08,,,,brooklynpark
2019-08-16,7810.0,0.0,23.73015873015873,0.0373,0.05106666666666667,0.03841666666666667,0.3197333333333333,0.16286666666666666,0.08646666666666668,0.0929,0.29561666666666664,0.37251666666666666,7.56,0.08,,,,brooklynpark
2019-08-17,7220.0,0.0,23.650793650793652,0.0407,0.05893333333333334,0.050883333333333336,0.3128666666666667,0.17483333333333334,0.10618333333333335,0.11069999999999999,0.29273333333333335,0.3656833333333333,7.56,0.08,,,,brooklynpark
2019-08-18,8150.0,0.0,23.57142857142857,0.0441,0.0668,0.06335,0.306,0.1868,0.1259,0.1285,0.28985,0.35885,7.56,0.08,,,,brooklynpark
2019-08-19,8280.0,0.0,23.49206349206349,0.048420000000000005,0.07047,0.06674000000000001,0.3124,0.18472,0.12190000000000001,0.12718000000000002,0.28845,0.35827,7.56,0.08,,,,brooklynpark
2019-08-20,8310.0,0.0,23.41269841269841,0.05274,0.07414,0.07013,0.31880000000000003,0.18264,0.1179,0.12586,0.28704999999999997,0.35769,7.56,0.08,,,,brooklynpark
2019-08-21,8920.0,0.0,23.333333333333332,0.05706000000000001,0.07781,0.07352,0.3252,0.18056,0.1139,0.12454,0.28565,0.35711,7.56,0.08,,,,brooklynpark
2019-08-22,9440.0,0.0,23.333333333333332,0.061380000000000004,0.08148,0.07690999999999999,0.3316,0.17848,0.1099,0.12322,0.28425,0.35653,7.56,0.08,,,,brooklynpark
2019-08-23,9070.0,0.0,22.77777777777778,0.06570000000000001,0.08515,0.0803,0.338,0.1764,0.1059,0.1219,0.28285,0.35595,7.56,0.08,,,,brooklynpark
2019-08-24,9050.0,0.0,22.77777777777778,0.053750000000000006,0.068525,0.057475,0.3489,0.1764,0.09257499999999999,0.10592499999999999,0.31045,0.3845,7.56,0.08,,,,brooklynpark
2019-08-25,8850.0,0.0,22.22222222222222,0.041800000000000004,0.0519,0.03465,0.3598,0.1764,0.07925,0.08995,0.33804999999999996,0.41305000000000003,7.56,0.08,,,,brooklynpark
2019-08-26,8950.0,0.0,21.666666666666668,0.032233333333333336,0.0429,0.0286,0.3230166666666667,0.15493333333333334,0.06985,0.07785,0.3020833333333333,0.37135,7.56,0.08,,,,brooklynpark
2019-08-27,8970.0,0.0,21.11111111111111,0.02266666666666667,0.0339,0.02255,0.28623333333333334,0.13346666666666668,0.060450000000000004,0.06575,0.26611666666666667,0.32965000000000005,7.56,0.08,,,,brooklynpark
2019-08-28,8590.0,0.0,20.0,0.0131,0.0249,0.0165,0.24945,0.112,0.05105,0.05365,0.23015,0.28795000000000004,7.56,0.08,,,,brooklynpark
2019-08-29,8360.0,0.0,20.555555555555557,0.017320000000000002,0.028339999999999997,0.02026,0.23208,0.10831,0.05183,0.055600000000000004,0.21520999999999998,0.27247000000000005,7.56,0.08,,,,brooklynpark
2019-08-30,8530.0,0.0,20.555555555555557,0.02154,0.031779999999999996,0.02402,0.21471,0.10462,0.05261,0.057550000000000004,0.20026999999999998,0.25699000000000005,7.56,0.08,,,,brooklynpark
2019-08-31,8250.0,0.0,21.11111111111111,0.025759999999999998,0.03522,0.02778,0.19734,0.10092999999999999,0.05339,0.0595,0.18533,0.24151000000000003,7.56,0.08,,,,brooklynpark
2019-09-01,7670.0,0.0,20.555555555555557,0.02998,0.03866,0.03154,0.17997,0.09724,0.054169999999999996,0.06145,0.17038999999999999,0.22603,7.56,0.08,,,,brooklynpark
2019-09-02,8000.0,0.0,21.11111111111111,0.0342,0.0421,0.0353,0.1626,0.09355,0.05495,0.0634,0.15544999999999998,0.21055000000000001,7.56,0.08,,,,brooklynpark
2019-09-03,8330.0,0.0,22.22222222222222,0.025750000000000002,0.036025,0.024999999999999998,0.2192,0.11789999999999999,0.05755,0.06420000000000001,0.218575,0.268875,7.56,0.08,,,,brooklynpark
2019-09-04,8190.0,0.0,21.11111111111111,0.0173,0.02995,0.0147,0.2758,0.14225,0.060149999999999995,0.065,0.2817,0.3272,7.56,0.08,,,,brooklynpark
2019-09-05,8010.0,0.0,21.11111111111111,0.024605000000000002,0.03688,0.02249,0.26835,0.13840999999999998,0.06138,0.067375,0.26997,0.31307,7.56,0.08,,,,brooklynpark
2019-09-06,8010.0,0.0,21.11111111111111,0.03191,0.04381,0.03028,0.26089999999999997,0.13457,0.06261,0.06975,0.25824,0.29894,7.56,0.08,,,,brooklynpark
2019-09-07,8180.0,0.0,21.666666666666668,0.039215,0.05074000000000001,0.03807,0.25345,0.13072999999999999,0.06384,0.072125,0.24651,0.28481,7.56,0.08,,,,brooklynpark
2019-09-08,8210.0,0.0,20.555555555555557,0.046520000000000006,0.05767,0.04586,0.246,0.12689,0.06507,0.0745,0.23478,0.27068,7.56,0.08,,,,brooklynpark
2019-09-09,7850.0,0.0,19.444444444444443,0.053825,0.0646,0.053649999999999996,0.23854999999999998,0.12304999999999999,0.0663,0.076875,0.22305,0.25655,7.56,0.08,,,,brooklynpark
2019-09-10,8140.0,0.0,19.444444444444443,0.061130000000000004,0.07153000000000001,0.06144,0.23109999999999997,0.11921,0.06752999999999999,0.07925,0.21132,0.24242,7.56,0.08,,,,brooklynpark
2019-09-11,8900.0,0.0,20.555555555555557,0.06843500000000001,0.07846,0.06923,0.22365,0.11537,0.06876,0.081625,0.19959,0.22829,7.56,0.08,,,,brooklynpark
2019-09-12,9780.0,0.0,18.88888888888889,0.07574,0.08539000000000001,0.07702,0.21619999999999998,0.11152999999999999,0.06999,0.08399999999999999,0.18786,0.21416000000000002,7.56,0.08,,,,brooklynpark
2019-09-13,12000.0,0.0,18.88888888888889,0.08304500000000001,0.09232,0.08481000000000001,0.20875,0.10769000000000001,0.07122,0.086375,0.17613,0.20003,7.56,0.08,,,,brooklynpark
2019-09-14,13200.0,0.0,17.77777777777778,0.09035,0.09925,0.0926,0.20129999999999998,0.10385,0.07245,0.08875,0.1644,0.1859,7.56,0.08,,,,brooklynpark
2019-09-15,14300.0,0.0,18.333333333333332,0.06578888888888888,0.07625555555555555,0.06966444444444445,0.18853638888888888,0.09583,0.06295611111111112,0.07006666666666667,0.14443333333333333,0.16576666666666667,7.56,0.08,,,,brooklynpark
2019-09-16,15000.0,0.0,18.88888888888889,0.04122777777777777,0.05326111111111109,0.04672888888888889,0.17577277777777778,0.08781,0.05346222222222222,0.05138333333333333,0.12446666666666667,0.14563333333333334,7.56,0.08,,,,brooklynpark
2019-09-17,16000.0,0.0,19.444444444444443,0.016666666666666666,0.030266666666666636,0.023793333333333333,0.16300916666666668,0.07979,0.04396833333333333,0.0327,0.10450000000000001,0.1255,7.56,0.08,,,,brooklynpark
2019-09-18,19400.0,0.0,20.0,0.013745833333333332,0.028745833333333318,0.020109166666666668,0.18935458333333333,0.102395,0.05037166666666667,0.0458,0.15716249999999998,0.21005,7.56,0.08,,,,brooklynpark
2019-09-19,20500.0,0.0,20.555555555555557,0.010825,0.027225,0.016425000000000002,0.2157,0.125,0.056775000000000006,0.0589,0.20982499999999998,0.2946,7.56,0.08,,,,brooklynpark
2019-09-20,21700.0,0.0,21.666666666666668,0.010856944444444443,0.026893055555555555,0.016431944444444447,0.2143138888888889,0.12468888888888889,0.05674861111111112,0.05950833333333334,0.20829583333333332,0.2917083333333333,7.56,0.08,,,,brooklynpark
2019-09-21,22100.0,0.0,22.22222222222222,0.010888888888888889,0.02656111111111111,0.016438888888888892,0.21292777777777777,0.12437777777777778,0.05672222222222223,0.060116666666666665,0.20676666666666665,0.28881666666666667,7.56,0.08,,,,brooklynpark
2019-09-22,22300.0,0.0,21.666666666666668,0.010920833333333333,0.026229166666666665,0.016445833333333333,0.21154166666666668,0.12406666666666667,0.05669583333333334,0.060725,0.2052375,0.285925,7.56,0.08,,,,brooklynpark
2019-09-23,22400.0,0.0,21.11111111111111,0.010952777777777778,0.02589722222222222,0.016452777777777778,0.21015555555555557,0.12375555555555556,0.05666944444444445,0.06133333333333333,0.20370833333333332,0.2830333333333333,7.56,0.08,,,,brooklynpark
2019-09-24,21800.0,0.0,20.555555555555557,0.010984722222222222,0.025565277777777777,0.016459722222222223,0.20876944444444445,0.12344444444444444,0.05664305555555556,0.061941666666666666,0.20217916666666666,0.2801416666666666,7.56,0.08,,,,brooklynpark
2019-09-25,21300.0,0.0,20.555555555555557,0.011016666666666666,0.025233333333333333,0.016466666666666668,0.20738333333333334,0.12313333333333333,0.05661666666666667,0.06255,0.20065,0.27725,7.56,0.08,,,,brooklynpark
2019-09-26,20600.0,0.0,18.88888888888889,0.011048611111111111,0.02490138888888889,0.016473611111111112,0.20599722222222222,0.12282222222222222,0.05659027777777778,0.06315833333333333,0.19912083333333333,0.2743583333333333,7.56,0.08,,,,brooklynpark
2019-09-27,19800.0,0.0,18.88888888888889,0.011080555555555555,0.024569444444444442,0.016480555555555557,0.2046111111111111,0.12251111111111111,0.05656388888888889,0.06376666666666667,0.19759166666666667,0.27146666666666663,7.56,0.08,,,,brooklynpark
2019-09-28,19500.0,0.0,17.77777777777778,0.0111125,0.0242375,0.016487500000000002,0.203225,0.1222,0.056537500000000004,0.064375,0.1960625,0.268575,7.56,0.08,,,,brooklynpark
2019-09-29,18800.0,0.0,17.22222222222222,0.011144444444444445,0.023905555555555555,0.016494444444444444,0.2018388888888889,0.1218888888888889,0.056511111111111116,0.06498333333333334,0.19453333333333334,0.2656833333333333,7.56,0.08,,,,brooklynpark
2019-09-30,19400.0,0.0,16.666666666666668,0.011176388888888888,0.02357361111111111,0.01650138888888889,0.20045277777777779,0.12157777777777778,0.05648472222222223,0.06559166666666666,0.19300416666666667,0.26279166666666665,7.56,0.08,,,,brooklynpark
2019-10-01,21700.0,0.0,17.77777777777778,0.011208333333333334,0.023241666666666667,0.016508333333333333,0.19906666666666667,0.12126666666666668,0.05645833333333334,0.0662,0.191475,0.25989999999999996,7.56,0.08,,,,brooklynpark
2019-10-02,23800.0,0.0,16.11111111111111,0.011240277777777778,0.02290972222222222,0.016515277777777778,0.19768055555555555,0.12095555555555557,0.05643194444444445,0.06680833333333333,0.18994583333333334,0.25700833333333334,7.56,0.08,,,,brooklynpark
2019-10-03,23800.0,0.0,15.555555555555555,0.011272222222222222,0.022577777777777776,0.016522222222222223,0.19629444444444444,0.12064444444444444,0.056405555555555556,0.06741666666666667,0.18841666666666668,0.25411666666666666,7.56,0.08,,,,brooklynpark
2019-10-04,24100.0,0.0,14.444444444444445,0.011304166666666667,0.022245833333333333,0.016529166666666664,0.19490833333333335,0.12033333333333333,0.05637916666666667,0.068025,0.1868875,0.251225,7.56,0.08,,,,brooklynpark
2019-10-05,26900.0,0.0,13.333333333333334,0.011336111111111111,0.021913888888888886,0.01653611111111111,0.19352222222222223,0.12002222222222222,0.05635277777777778,0.06863333333333332,0.18535833333333335,0.24833333333333332,7.56,0.08,,,,brooklynpark
2019-10-06,29800.0,0.0,12.777777777777779,0.011368055555555557,0.021581944444444442,0.016543055555555554,0.19213611111111112,0.11971111111111112,0.05632638888888889,0.06924166666666666,0.18382916666666668,0.24544166666666667,7.56,0.08,,,,brooklynpark
2019-10-07,32000.0,0.0,12.777777777777779,0.0114,0.021249999999999998,0.01655,0.19075,0.1194,0.0563,0.06985,0.18230000000000002,0.24255,7.56,0.08,,,,brooklynpark
2019-10-08,33600.0,0.0,12.222222222222221,0.013425,0.026949999999999998,0.017349999999999997,0.191425,0.129,0.0639,0.08272499999999999,0.18827500000000003,0.249525,7.56,0.08,,,,brooklynpark
2019-10-09,33300.0,0.0,12.777777777777779,0.01545,0.03265,0.01815,0.1921,0.1386,0.0715,0.09559999999999999,0.19425,0.2565,7.56,0.08,,,,brooklynpark
2019-10-10,33800.0,0.0,13.333333333333334,0.01367,0.02838,0.01593,0.16264,0.11644,0.0602,0.08099999999999999,0.16412000000000002,0.21627000000000002,7.56,0.08,,,,brooklynpark
2019-10-11,34400.0,0.0,12.777777777777779,0.011890000000000001,0.02411,0.01371,0.13318,0.09428,0.0489,0.0664,0.13399,0.17604,7.56,0.08,,,,brooklynpark
2019-10-12,34300.0,0.0,11.11111111111111,0.010110000000000001,0.01984,0.01149,0.10372,0.07211999999999999,0.037599999999999995,0.0518,0.10386000000000001,0.13581,7.56,0.08,,,,brooklynpark
2019-10-13,34400.0,0.0,10.0,0.00833,0.01557,0.00927,0.07426,0.04995999999999999,0.026299999999999997,0.037200000000000004,0.07373,0.09558,7.56,0.08,,,,brooklynpark
2019-10-14,33900.0,0.0,9.444444444444445,0.00655,0.011300000000000001,0.007050000000000001,0.0448,0.0278,0.015,0.022600000000000002,0.0436,0.055349999999999996,7.56,0.08,,,,brooklynpark
2019-10-15,32600.0,0.0,9.444444444444445,0.0068000000000000005,0.01845,0.012566666666666667,0.08863333333333334,0.06633333333333333,0.0358,0.0466,0.0882,0.10765,7.56,0.08,,,,brooklynpark
2019-10-16,31600.0,0.0,8.88888888888889,0.00705,0.0256,0.018083333333333333,0.13246666666666668,0.10486666666666666,0.0566,0.07060000000000001,0.1328,0.15994999999999998,7.56,0.08,,,,brooklynpark
2019-10-17,30000.0,0.0,8.88888888888889,0.0073,0.03275,0.0236,0.1763,0.1434,0.0774,0.0946,0.1774,0.21225,7.56,0.08,,,,brooklynpark
2019-10-18,28800.0,0.0,8.88888888888889,0.00792972972972973,0.03321621621621622,0.02468918918918919,0.17605945945945947,0.1451527027027027,0.0792527027027027,0.0947864864864865,0.17627837837837837,0.21056756756756756,7.56,0.08,,,,brooklynpark
2019-10-19,28000.0,0.0,9.444444444444445,0.00855945945945946,0.033682432432432435,0.02577837837837838,0.17581891891891893,0.1469054054054054,0.0811054054054054,0.09497297297297298,0.17515675675675677,0.20888513513513512,7.56,0.08,,,,brooklynpark
2019-10-20,26500.0,0.0,9.444444444444445,0.009189189189189189,0.03414864864864865,0.026867567567567568,0.1755783783783784,0.14865810810810812,0.08295810810810811,0.09515945945945946,0.17403513513513513,0.2072027027027027,7.56,0.08,,,,brooklynpark
2019-10-21,26000.0,0.0,10.555555555555555,0.00981891891891892,0.03461486486486487,0.027956756756756757,0.17533783783783785,0.1504108108108108,0.08481081081081081,0.09534594594594595,0.17291351351351353,0.20552027027027026,7.56,0.08,,,,brooklynpark
2019-10-22,27300.0,0.0,10.0,0.010448648648648648,0.03508108108108108,0.029045945945945947,0.1750972972972973,0.1521635135135135,0.08666351351351351,0.09553243243243244,0.1717918918918919,0.20383783783783785,7.56,0.08,,,,brooklynpark
2019-10-23,28600.0,0.0,9.444444444444445,0.011078378378378379,0.035547297297297296,0.030135135135135133,0.17485675675675677,0.1539162162162162,0.08851621621621622,0.09571891891891893,0.17067027027027026,0.20215540540540541,7.56,0.08,,,,brooklynpark
2019-10-24,30000.0,0.0,8.88888888888889,0.011708108108108108,0.03601351351351351,0.031224324324324322,0.17461621621621623,0.15566891891891893,0.09036891891891892,0.0959054054054054,0.16954864864864866,0.20047297297297298,7.56,0.08,,,,brooklynpark
2019-10-25,30800.0,0.0,8.333333333333334,0.012337837837837838,0.03647972972972973,0.03231351351351351,0.1743756756756757,0.15742162162162163,0.09222162162162162,0.09609189189189189,0.16842702702702703,0.19879054054054054,7.56,0.08,,,,brooklynpark
2019-10-26,31500.0,0.0,7.777777777777778,0.012967567567567569,0.03694594594594595,0.0334027027027027,0.17413513513513515,0.15917432432432432,0.09407432432432432,0.09627837837837838,0.16730540540540542,0.1971081081081081,7.56,0.08,,,,brooklynpark
2019-10-27,32500.0,0.0,7.777777777777778,0.013597297297297297,0.037412162162162164,0.03449189189189189,0.1738945945945946,0.16092702702702702,0.09592702702702702,0.09646486486486487,0.1661837837837838,0.19542567567567568,7.56,0.08,,,,brooklynpark
2019-10-28,33400.0,0.0,7.222222222222222,0.014227027027027026,0.03787837837837838,0.03558108108108108,0.17365405405405407,0.16267972972972972,0.09777972972972973,0.09665135135135136,0.16506216216216218,0.19374324324324324,7.56,0.08,,,,brooklynpark
2019-10-29,33400.0,0.0,6.666666666666667,0.014856756756756757,0.0383445945945946,0.03667027027027027,0.17341351351351353,0.16443243243243244,0.09963243243243243,0.09683783783783784,0.16394054054054055,0.1920608108108108,7.56,0.08,,,,brooklynpark
2019-10-30,32800.0,0.0,6.111111111111111,0.015486486486486487,0.038810810810810815,0.03775945945945946,0.173172972972973,0.16618513513513514,0.10148513513513513,0.09702432432432433,0.16281891891891892,0.19037837837837837,7.56,0.08,,,,brooklynpark
2019-10-31,31800.0,0.0,5.555555555555555,0.016116216216216218,0.039277027027027026,0.03884864864864865,0.17293243243243245,0.16793783783783783,0.10333783783783784,0.09721081081081082,0.16169729729729732,0.18869594594594596,7.56,0.08,,,,brooklynpark
2019-11-01,30200.0,0.0,5.0,0.016745945945945945,0.03974324324324324,0.03993783783783784,0.1726918918918919,0.16969054054054053,0.10519054054054054,0.0973972972972973,0.16057567567567568,0.18701351351351353,7.56,0.08,,,,brooklynpark
2019-11-02,28700.0,0.0,4.814814814814815,0.017375675675675675,0.04020945945945946,0.04102702702702703,0.17245135135135137,0.17144324324324323,0.10704324324324324,0.0975837837837838,0.15945405405405405,0.1853310810810811,7.56,0.08,,,,brooklynpark
2019-11-03,27600.0,0.0,4.62962962962963,0.018005405405405406,0.04067567567567568,0.042116216216216217,0.17221081081081083,0.17319594594594595,0.10889594594594594,0.09777027027027027,0.15833243243243245,0.18364864864864866,7.56,0.08,,,,brooklynpark
2019-11-04,26400.0,0.0,4.444444444444445,0.018635135135135136,0.041141891891891894,0.043205405405405406,0.1719702702702703,0.17494864864864865,0.11074864864864864,0.09795675675675676,0.1572108108108108,0.18196621621621623,7.56,0.08,,,,brooklynpark
2019-11-05,25200.0,0.0,3.3333333333333335,0.019264864864864867,0.04160810810810811,0.044294594594594595,0.17172972972972972,0.17670135135135134,0.11260135135135135,0.09814324324324325,0.1560891891891892,0.1802837837837838,7.56,0.08,,,,brooklynpark
2019-11-06,24200.0,0.0,3.888888888888889,0.019894594594594594,0.04207432432432433,0.045383783783783785,0.17148918918918918,0.17845405405405407,0.11445405405405405,0.09832972972972974,0.15496756756756758,0.17860135135135136,7.56,0.08,,,,brooklynpark
2019-11-07,23300.0,0.0,2.2222222222222223,0.020524324324324324,0.042540540540540545,0.046472972972972974,0.17124864864864864,0.18020675675675674,0.11630675675675675,0.09851621621621622,0.15384594594594597,0.17691891891891892,7.56,0.08,,,,brooklynpark
2019-11-08,22000.0,0.0,2.2222222222222223,0.021154054054054055,0.04300675675675676,0.047562162162162164,0.1710081081081081,0.18195945945945946,0.11815945945945946,0.0987027027027027,0.15272432432432434,0.1752364864864865,7.56,0.08,,,,brooklynpark
2019-11-09,20700.0,0.0,2.2222222222222223,0.021783783783783785,0.04347297297297298,0.04865135135135135,0.17076756756756756,0.18371216216216216,0.12001216216216216,0.0988891891891892,0.1516027027027027,0.17355405405405405,7.56,0.08,,,,brooklynpark
2019-11-10,20900.0,0.0,2.2222222222222223,0.022413513513513516,0.043939189189189196,0.04974054054054054,0.17052702702702702,0.18546486486486485,0.12186486486486486,0.09907567567567568,0.1504810810810811,0.17187162162162162,7.56,0.08,,,,brooklynpark
2019-11-11,19400.0,0.0,0.5555555555555556,0.023043243243243246,0.044405405405405406,0.050829729729729725,0.17028648648648648,0.18721756756756758,0.12371756756756756,0.09926216216216217,0.14935945945945947,0.1701891891891892,7.56,0.08,,,,brooklynpark
2019-11-12,16300.0,0.0,0.0,0.023672972972972973,0.04487162162162162,0.05191891891891892,0.17004594594594594,0.18897027027027027,0.12557027027027026,0.09944864864864865,0.14823783783783784,0.16850675675675678,7.56,0.08,,,,brooklynpark
2019-11-13,14400.0,0.0,0.5555555555555556,0.024302702702702704,0.04533783783783784,0.053008108108108104,0.1698054054054054,0.19072297297297297,0.12742297297297298,0.09963513513513514,0.14711621621621623,0.16682432432432434,7.56,0.08,,,,brooklynpark
2019-11-14,13900.0,0.0,0.0,0.024932432432432435,0.04580405405405406,0.0540972972972973,0.16956486486486486,0.19247567567567567,0.12927567567567566,0.09982162162162163,0.14599459459459463,0.1651418918918919,7.56,0.08,,,,brooklynpark
2019-11-15,14800.0,0.0,0.5555555555555556,0.025562162162162165,0.046270270270270274,0.05518648648648648,0.16932432432432432,0.19422837837837836,0.13112837837837837,0.10000810810810812,0.144872972972973,0.16345945945945947,7.56,0.08,,,,brooklynpark
2019-11-16,16100.0,0.0,0.5555555555555556,0.026191891891891892,0.04673648648648649,0.05627567567567568,0.16908378378378378,0.1959810810810811,0.1329810810810811,0.1001945945945946,0.14375135135135136,0.16177702702702704,7.56,0.08,,,,brooklynpark
2019-11-17,16200.0,0.0,1.6666666666666667,0.026821621621621623,0.0472027027027027,0.05736486486486486,0.16884324324324324,0.19773378378378378,0.1348337837837838,0.10038108108108108,0.14262972972972976,0.16009459459459463,7.56,0.08,,,,brooklynpark
2019-11-18,16900.0,0.0,1.6666666666666667,0.027451351351351353,0.04766891891891892,0.05845405405405406,0.1686027027027027,0.19948648648648648,0.13668648648648649,0.10056756756756757,0.14150810810810813,0.1584121621621622,7.56,0.08,,,,brooklynpark
2019-11-19,17100.0,0.0,2.2222222222222223,0.028081081081081084,0.048135135135135135,0.05954324324324324,0.16836216216216215,0.20123918918918918,0.13853918918918917,0.10075405405405406,0.1403864864864865,0.15672972972972976,7.56,0.08,,,,brooklynpark
2019-11-20,17200.0,0.0,2.2222222222222223,0.028710810810810814,0.04860135135135135,0.06063243243243244,0.16812162162162161,0.20299189189189187,0.14039189189189188,0.10094054054054055,0.1392648648648649,0.15504729729729733,7.56,0.08,,,,brooklynpark
2019-11-21,17700.0,0.0,2.2222222222222223,0.02934054054054054,0.04906756756756757,0.06172162162162162,0.16788108108108107,0.2047445945945946,0.1422445945945946,0.10112702702702703,0.13814324324324326,0.1533648648648649,7.56,0.08,,,,brooklynpark
2019-11-22,17400.0,0.0,2.2222222222222223,0.02997027027027027,0.049533783783783786,0.06281081081081082,0.16764054054054053,0.2064972972972973,0.1440972972972973,0.10131351351351352,0.13702162162162163,0.15168243243243246,7.56,0.08,,,,brooklynpark
2019-11-23,16200.0,0.0,2.2222222222222223,0.030600000000000002,0.05,0.0639,0.1674,0.20825,0.14595,0.1015,0.13590000000000002,0.15000000000000002,7.56,0.08,,,,brooklynpark
2019-11-24,15700.0,0.0,2.2222222222222223,0.061739999999999996,0.0789,0.09187000000000001,0.19196,0.19952,0.14155,0.12818,0.160565,0.171965,7.56,0.08,,,,brooklynpark
2019-11-25,15800.0,0.0,2.7777777777777777,0.09287999999999999,0.1078,0.11984,0.21652,0.19079,0.13715,0.15486,0.18523,0.19393000000000002,7.56,0.08,,,,brooklynpark
2019-11-26,16300.0,0.0,2.7777777777777777,0.12401999999999998,0.1367,0.14781,0.24108000000000002,0.18206,0.13275,0.18153999999999998,0.20989500000000003,0.215895,7.56,0.08,,,,brooklynpark
2019-11-27,16300.0,0.0,1.6666666666666667,0.15515999999999996,0.1656,0.17578,0.26564,0.17332999999999998,0.12835,0.20821999999999996,0.23456000000000002,0.23786000000000002,7.56,0.08,,,,brooklynpark
2019-11-28,15900.0,0.0,1.6666666666666667,0.18629999999999997,0.1945,0.20375,0.2902,0.1646,0.12395,0.23489999999999997,0.25922500000000004,0.259825,7.56,0.08,,,,brooklynpark
2019-11-29,15300.0,0.0,1.6666666666666667,0.21743999999999997,0.2234,0.23172000000000004,0.31476000000000004,0.15587,0.11955,0.2615799999999999,0.28389000000000003,0.28179,7.56,0.08,,,,brooklynpark
2019-11-30,14000.0,0.0,1.6666666666666667,0.24857999999999997,0.25229999999999997,0.25969000000000003,0.33932000000000007,0.14714,0.11515,0.28825999999999996,0.308555,0.303755,7.56,0.08,,,,brooklynpark
2019-12-01,14800.0,0.0,1.6666666666666667,0.27971999999999997,0.2812,0.28766,0.36388000000000004,0.13841,0.11075,0.31493999999999994,0.33322,0.32572,7.56,0.08,,,,brooklynpark
2019-12-02,13200.0,0.0,0.5555555555555556,0.31085999999999997,0.3101,0.31563,0.38844,0.12968000000000002,0.10635,0.3416199999999999,0.357885,0.34768499999999997,7.56,0.08,,,,brooklynpark
2019-12-03,11000.0,0.0,0.5555555555555556,0.34199999999999997,0.33899999999999997,0.3436,0.41300000000000003,0.12095,0.10195,0.36829999999999996,0.38255,0.36965,7.56,0.08,,,,brooklynpark
2019-12-04,10900.0,0.0,1.1111111111111112,0.3410183333333333,0.326955,0.32852750000000003,0.39490583333333334,0.10175583333333334,0.0907483333333333,0.36793125,0.38343125,0.37289374999999997,7.56,0.08,,,,brooklynpark
2019-12-05,11300.0,0.0,0.5555555555555556,0.34003666666666665,0.31490999999999997,0.313455,0.3768116666666666,0.08256166666666667,0.0795466666666666,0.36756249999999996,0.3843125,0.37613749999999996,7.56,0.08,,,,brooklynpark
2019-12-06,11600.0,0.0,0.5555555555555556,0.339055,0.302865,0.2983825,0.3587174999999999,0.0633675,0.0683449999999999,0.36719375,0.38519375,0.37938124999999995,7.56,0.08,,,,brooklynpark
2019-12-07,11800.0,0.0,0.5555555555555556,0.335354,0.308392,0.309446,0.3789139999999999,0.079194,0.08041599999999992,0.36682499999999996,0.386075,0.382625,7.56,0.08,,,,brooklynpark
2019-12-08,13200.0,0.0,1.1111111111111112,0.331653,0.313919,0.3205095,0.3991104999999999,0.09502050000000001,0.09248699999999993,0.36645625,0.38695625,0.38586875,7.56,0.08,,,,brooklynpark
2019-12-09,13100.0,0.0,1.1111111111111112,0.327952,0.319446,0.331573,0.419307,0.110847,0.10455799999999996,0.3660875,0.3878375,0.3891125,7.56,0.08,,,,brooklynpark
2019-12-10,9460.0,0.0,0.0,0.324251,0.324973,0.3426365,0.4395035,0.1266735,0.11662899999999997,0.36571875,0.38871875,0.39235624999999996,7.56,0.08,,,,brooklynpark
2019-12-11,7560.0,0.0,0.0,0.32055,0.3305,0.3537,0.4597,0.14250000000000002,0.12869999999999998,0.36535,0.3896,0.39559999999999995,7.56,0.08,,,,brooklynpark
2019-12-12,8380.0,0.0,0.5555555555555556,0.319285,0.32832,0.35124,0.44798,0.13815000000000002,0.12423999999999999,0.359345,0.38158000000000003,0.38905999999999996,7.56,0.08,,,,brooklynpark
2019-12-13,9530.0,0.0,0.5555555555555556,0.31802,0.32614,0.34878000000000003,0.43626,0.1338,0.11977999999999998,0.35334,0.37356,0.38251999999999997,7.56,0.08,,,,brooklynpark
2019-12-14,10300.0,0.0,0.5555555555555556,0.316755,0.32396,0.34632,0.42454000000000003,0.12945,0.11531999999999998,0.347335,0.36554,0.37598,7.56,0.08,,,,brooklynpark
2019-12-15,10700.0,0.0,0.5555555555555556,0.31549,0.32178,0.34386,0.41282,0.12510000000000002,0.11085999999999999,0.34133,0.35752,0.36944,7.56,0.08,,,,brooklynpark
2019-12-16,10800.0,0.0,0.5555555555555556,0.314225,0.3196,0.34140000000000004,0.4011,0.12075000000000001,0.1064,0.335325,0.34950000000000003,0.3629,7.56,0.08,,,,brooklynpark
2019-12-17,10900.0,0.0,0.5555555555555556,0.31296,0.31742,0.33894,0.38938,0.1164,0.10193999999999999,0.32932,0.34148,0.35636,7.56,0.08,,,,brooklynpark
2019-12-18,11000.0,0.0,0.5555555555555556,0.311695,0.31523999999999996,0.33648,0.37766,0.11205000000000001,0.09747999999999998,0.323315,0.33346,0.34981999999999996,7.56,0.08,,,,brooklynpark
2019-12-19,11300.0,0.0,0.5555555555555556,0.31043,0.31306,0.33402,0.36594000000000004,0.1077,0.09301999999999999,0.31731000000000004,0.32544,0.34328,7.56,0.08,,,,brooklynpark
2019-12-20,11500.0,0.0,0.0,0.309165,0.31088,0.33156,0.35422000000000003,0.10335,0.08856,0.311305,0.31742000000000004,0.33674,7.56,0.08,,,,brooklynpark
2019-12-21,11800.0,0.0,0.07936507936507937,0.3079,0.3087,0.3291,0.3425,0.099,0.0841,0.3053,0.3094,0.3302,7.56,0.08,,,,brooklynpark
2019-12-22,12100.0,0.0,0.15873015873015875,0.313775,0.31038499999999997,0.329785,0.3501,0.098245,0.084115,0.31084,0.316075,0.33557,7.56,0.08,,,,brooklynpark
2019-12-23,12300.0,0.0,0.23809523809523814,0.31965,0.31206999999999996,0.33047,0.3577,0.09749000000000001,0.08413,0.31638,0.32275,0.34094,7.56,0.08,,,,brooklynpark
2019-12-24,12900.0,0.0,0.3174603174603175,0.325525,0.313755,0.331155,0.3653,0.096735,0.084145,0.32192000000000004,0.329425,0.34631,7.56,0.08,,,,brooklynpark
2019-12-25,12900.0,0.0,0.39682539682539686,0.33140000000000003,0.31544,0.33183999999999997,0.3729,0.09598000000000001,0.08416,0.32746000000000003,0.3361,0.35168,7.56,0.08,,,,brooklynpark
2019-12-26,12500.0,0.0,0.4761904761904763,0.337275,0.317125,0.33252499999999996,0.3805,0.095225,0.084175,0.333,0.342775,0.35705,7.56,0.08,,,,brooklynpark
2019-12-27,12200.0,0.0,0.5555555555555556,0.34315,0.31881,0.33321,0.3881,0.09447,0.08418999999999999,0.33854,0.34945,0.36242,7.56,0.08,,,,brooklynpark
2019-12-28,11400.0,0.0,0.5555555555555556,0.34902500000000003,0.320495,0.333895,0.3957,0.093715,0.08420499999999999,0.34408,0.35612499999999997,0.36779,7.56,0.08,,,,brooklynpark
2019-12-29,12100.0,0.0,0.5555555555555556,0.35490000000000005,0.32218,0.33458,0.4033,0.09296,0.08421999999999999,0.34962000000000004,0.3628,0.37316,7.56,0.08,,,,brooklynpark
2019-12-30,12500.0,0.0,0.5555555555555556,0.360775,0.323865,0.335265,0.4109,0.09220500000000001,0.08423499999999999,0.35516000000000003,0.369475,0.37853000000000003,7.56,0.08,,,,brooklynpark
2019-12-31,12000.0,0.0,0.5555555555555556,0.36665000000000003,0.32555,0.33594999999999997,0.4185,0.09145,0.08424999999999999,0.3607,0.37615,0.3839,7.56,0.08,,,,brooklynpark
2020-01-01,12000.0,0.0,0.0,0.3661825,0.3268625,0.33665999999999996,0.418545,0.0922375,0.0849625,0.36220250000000004,0.376925,0.38373,7.56,0.08,,,,brooklynpark
2020-01-02,13300.0,0.0,0.5555555555555556,0.365715,0.328175,0.33736999999999995,0.41858999999999996,0.093025,0.08567499999999999,0.363705,0.3777,0.38356,7.56,0.08,,,,brooklynpark
2020-01-03,13900.0,0.0,0.5555555555555556,0.3652475,0.3294875,0.33808,0.418635,0.09381250000000001,0.08638749999999999,0.3652075,0.378475,0.38339,7.56,0.08,,,,brooklynpark
2020-01-04,13400.0,0.0,0.5555555555555556,0.36478000000000005,0.3308,0.33879,0.41868,0.0946,0.0871,0.36671000000000004,0.37925,0.38322,7.56,0.08,,,,brooklynpark
2020-01-05,13000.0,0.0,0.5555555555555556,0.36431250000000004,0.33211250000000003,0.33949999999999997,0.418725,0.0953875,0.08781249999999999,0.36821250000000005,0.380025,0.38305,7.56,0.08,,,,brooklynpark
2020-01-06,12900.0,0.0,0.5555555555555556,0.36384500000000003,0.333425,0.34020999999999996,0.41877,0.096175,0.08852499999999999,0.369715,0.38079999999999997,0.38288,7.56,0.08,,,,brooklynpark
2020-01-07,12600.0,0.0,0.5555555555555556,0.3633775,0.3347375,0.34091999999999995,0.418815,0.0969625,0.0892375,0.37121750000000003,0.381575,0.38271,7.56,0.08,,,,brooklynpark
2020-01-08,11500.0,0.0,0.0,0.36291,0.33605,0.34163,0.41886,0.09775,0.08995,0.37272000000000005,0.38234999999999997,0.38254,7.56,0.08,,,,brooklynpark
2020-01-09,12000.0,0.0,0.0,0.3624425,0.3373625,0.34234,0.41890499999999997,0.0985375,0.0906625,0.3742225,0.383125,0.38237,7.56,0.08,,,,brooklynpark
2020-01-10,12000.0,0.0,0.0,0.36197500000000005,0.338675,0.34304999999999997,0.41895,0.099325,0.091375,0.37572500000000003,0.3839,0.3822,7.56,0.08,,,,brooklynpark
2020-01-11,11200.0,0.0,0.0,0.36150750000000004,0.3399875,0.34375999999999995,0.418995,0.1001125,0.0920875,0.37722750000000005,0.384675,0.38203000000000004,7.56,0.08,,,,brooklynpark
2020-01-12,11300.0,0.0,0.0,0.36104,0.3413,0.34446999999999994,0.41903999999999997,0.10089999999999999,0.0928,0.37873,0.38545,0.38186000000000003,7.56,0.08,,,,brooklynpark
2020-01-13,12200.0,0.0,0.0,0.3605725,0.3426125,0.34518,0.419085,0.1016875,0.0935125,0.38023250000000003,0.386225,0.38169000000000003,7.56,0.08,,,,brooklynpark
2020-01-14,12800.0,0.0,0.0,0.360105,0.343925,0.34589,0.41913,0.102475,0.094225,0.38173500000000005,0.387,0.38152,7.56,0.08,,,,brooklynpark
2020-01-15,11600.0,0.0,0.5555555555555556,0.3596375,0.3452375,0.34659999999999996,0.41917499999999996,0.1032625,0.09493750000000001,0.3832375,0.387775,0.38135,7.56,0.08,,,,brooklynpark
2020-01-16,10400.0,0.0,0.0,0.35917,0.34655,0.34730999999999995,0.41922,0.10404999999999999,0.09565,0.38474,0.38855,0.38118,7.56,0.08,,,,brooklynpark
2020-01-17,11500.0,0.0,0.0,0.35870250000000004,0.3478625,0.34801999999999994,0.419265,0.1048375,0.0963625,0.38624250000000004,0.389325,0.38101,7.56,0.08,,,,brooklynpark
2020-01-18,11800.0,0.0,0.0,0.358235,0.349175,0.34873,0.41931,0.105625,0.09707500000000001,0.38774500000000006,0.3901,0.38084,7.56,0.08,,,,brooklynpark
2020-01-19,11500.0,0.0,0.0,0.3577675,0.3504875,0.34944,0.419355,0.1064125,0.0977875,0.3892475,0.390875,0.38067,7.56,0.08,,,,brooklynpark
2020-01-20,11100.0,0.0,0.0,0.3573,0.3518,0.35014999999999996,0.4194,0.10719999999999999,0.0985,0.39075000000000004,0.39165,0.3805,7.56,0.08,,,,brooklynpark
2020-01-21,11300.0,0.0,0.0,0.34996666666666665,0.34313333333333335,0.3415541666666666,0.4063833333333333,0.10502916666666666,0.09600833333333333,0.3795083333333334,0.3806291666666667,0.37009166666666665,7.56,0.08,,,,brooklynpark
2020-01-22,11400.0,0.0,0.0,0.34263333333333335,0.3344666666666667,0.3329583333333333,0.39336666666666664,0.10285833333333333,0.09351666666666666,0.3682666666666667,0.3696083333333333,0.35968333333333335,7.56,0.08,,,,brooklynpark
2020-01-23,12600.0,0.0,0.0,0.3353,0.3258,0.3243625,0.38034999999999997,0.10068749999999999,0.091025,0.35702500000000004,0.3585875,0.349275,7.56,0.08,,,,brooklynpark
2020-01-24,12700.0,0.0,0.0,0.3279666666666667,0.3171333333333333,0.31576666666666664,0.36733333333333335,0.09851666666666666,0.08853333333333334,0.3457833333333334,0.34756666666666663,0.33886666666666665,7.56,0.08,,,,brooklynpark
2020-01-25,12800.0,0.0,0.0,0.3206333333333333,0.30846666666666667,0.3071708333333333,0.35431666666666667,0.09634583333333332,0.08604166666666667,0.3345416666666667,0.3365458333333333,0.32845833333333335,7.56,0.08,,,,brooklynpark
2020-01-26,12200.0,0.0,0.5555555555555556,0.3133,0.2998,0.298575,0.3413,0.094175,0.08355,0.32330000000000003,0.32552499999999995,0.31805,7.56,0.08,,,,brooklynpark
2020-01-27,11500.0,0.0,0.0,0.30596666666666666,0.29113333333333336,0.2899791666666667,0.3282833333333333,0.09200416666666666,0.08105833333333333,0.3120583333333333,0.31450416666666664,0.3076416666666667,7.56,0.08,,,,brooklynpark
2020-01-28,10800.0,0.0,0.5555555555555556,0.2986333333333333,0.2824666666666667,0.2813833333333333,0.31526666666666664,0.08983333333333333,0.07856666666666666,0.3008166666666667,0.3034833333333333,0.29723333333333335,7.56,0.08,,,,brooklynpark
2020-01-29,10300.0,0.0,0.5555555555555556,0.2913,0.27380000000000004,0.27278749999999996,0.30225,0.0876625,0.076075,0.289575,0.29246249999999996,0.286825,7.56,0.08,,,,brooklynpark
2020-01-30,10300.0,0.0,0.0,0.28396666666666665,0.26513333333333333,0.26419166666666666,0.28923333333333334,0.08549166666666666,0.07358333333333333,0.2783333333333333,0.28144166666666665,0.27641666666666664,7.56,0.08,,,,brooklynpark
2020-01-31,10300.0,0.0,0.5555555555555556,0.27663333333333334,0.2564666666666667,0.25559583333333336,0.27621666666666667,0.08332083333333333,0.07109166666666666,0.26709166666666667,0.27042083333333333,0.26600833333333335,7.56,0.08,,,,brooklynpark
2020-02-01,10300.0,0.0,0.5555555555555556,0.2693,0.24780000000000002,0.247,0.2632,0.08115,0.0686,0.25585,0.25939999999999996,0.2556,7.56,0.08,,,,brooklynpark
2020-02-02,10300.0,0.0,0.5555555555555556,0.2656642857142857,0.2550417857142857,0.256395,0.27641714285714286,0.08130071428571427,0.07079892857142857,0.2646538461538462,0.2687653846153846,0.2660153846153846,7.56,0.08,,,,brooklynpark
2020-02-03,10200.0,0.0,0.5555555555555556,0.26202857142857144,0.26228357142857145,0.26579,0.2896342857142857,0.08145142857142855,0.07299785714285714,0.27345769230769235,0.2781307692307692,0.2764307692307692,7.56,0.08,,,,brooklynpark
2020-02-04,9850.0,0.0,0.5555555555555556,0.25839285714285715,0.26952535714285714,0.275185,0.30285142857142855,0.08160214285714282,0.0751967857142857,0.28226153846153845,0.2874961538461538,0.28684615384615386,7.56,0.08,,,,brooklynpark
2020-02-05,9690.0,0.0,0.0,0.25475714285714285,0.2767671428571429,0.28458,0.3160685714285714,0.08175285714285709,0.07739571428571428,0.2910653846153846,0.29686153846153845,0.29726153846153847,7.56,0.08,,,,brooklynpark
2020-02-06,9670.0,0.0,0.5555555555555556,0.25112142857142855,0.28400892857142856,0.293975,0.3292857142857143,0.08190357142857135,0.07959464285714285,0.2998692307692308,0.30622692307692306,0.30767692307692307,7.56,0.08,,,,brooklynpark
2020-02-07,9650.0,0.0,0.5555555555555556,0.2474857142857143,0.29125071428571425,0.30337000000000003,0.3425028571428571,0.08205428571428564,0.08179357142857142,0.30867307692307694,0.31559230769230767,0.3180923076923077,7.56,0.08,,,,brooklynpark
2020-02-08,9500.0,0.0,0.5555555555555556,0.24385,0.2984925,0.312765,0.35572,0.0822049999999999,0.0839925,0.3174769230769231,0.3249576923076923,0.3285076923076923,7.56,0.08,,,,brooklynpark
2020-02-09,9540.0,0.0,0.0,0.2602333333333333,0.30484374999999997,0.3198708333333333,0.3653416666666667,0.08649583333333324,0.08619375,0.32628076923076926,0.3343230769230769,0.33892307692307694,7.56,0.08,,,,brooklynpark
2020-02-10,9520.0,0.0,0.0,0.2766166666666667,0.311195,0.3269766666666667,0.3749633333333333,0.0907866666666666,0.088395,0.3350846153846154,0.34368846153846155,0.34933846153846154,7.56,0.08,,,,brooklynpark
2020-02-11,9260.0,0.0,0.0,0.29300000000000004,0.31754625000000003,0.3340825,0.38458499999999995,0.09507749999999995,0.09059625,0.34388846153846153,0.35305384615384616,0.35975384615384615,7.56,0.08,,,,brooklynpark
2020-02-12,8580.0,0.0,0.0,0.30938333333333334,0.3238975,0.3411883333333333,0.39420666666666665,0.0993683333333333,0.0927975,0.3526923076923077,0.36241923076923077,0.3701692307692308,7.56,0.08,,,,brooklynpark
2020-02-13,7770.0,0.0,0.0,0.32576666666666665,0.33024875,0.3482941666666667,0.40382833333333334,0.10365916666666664,0.09499875,0.36149615384615386,0.3717846153846154,0.3805846153846154,7.56,0.08,,,,brooklynpark
2020-02-14,7630.0,0.0,0.0,0.34215,0.3366,0.3554,0.41345,0.10794999999999999,0.09720000000000001,0.3703,0.38115,0.391,7.56,0.08,,,,brooklynpark
2020-02-15,7960.0,0.0,0.0,0.3391857142857143,0.3354857142857143,0.35282857142857144,0.4109,0.10972142857142857,0.09752142857142858,0.3686857142857143,0.38145714285714283,0.38807857142857144,7.56,0.08,,,,brooklynpark
2020-02-16,8470.0,0.0,0.5555555555555556,0.33622142857142856,0.3343714285714286,0.3502571428571429,0.40835,0.11149285714285713,0.09784285714285715,0.3670714285714286,0.3817642857142857,0.38515714285714286,7.56,0.08,,,,brooklynpark
2020-02-17,8630.0,0.0,0.0,0.33325714285714286,0.33325714285714286,0.3476857142857143,0.4058,0.1132642857142857,0.09816428571428572,0.36545714285714287,0.38207142857142856,0.3822357142857143,7.56,0.08,,,,brooklynpark
2020-02-18,8380.0,0.0,0.0,0.33029285714285717,0.33214285714285713,0.3451142857142857,0.40325,0.11503571428571428,0.09848571428571429,0.36384285714285713,0.3823785714285714,0.37931428571428577,7.56,0.08,,,,brooklynpark
2020-02-19,7570.0,0.0,0.0,0.32732857142857147,0.3310285714285714,0.34254285714285715,0.4007,0.11680714285714286,0.09880714285714286,0.3622285714285714,0.38268571428571424,0.3763928571428572,7.56,0.08,,,,brooklynpark
2020-02-20,7380.0,0.0,0.0,0.3243642857142857,0.3299142857142857,0.3399714285714286,0.39815,0.11857857142857142,0.09912857142857143,0.3606142857142857,0.38299285714285713,0.3734714285714286,7.56,0.08,,,,brooklynpark
2020-02-21,7810.0,0.0,0.0,0.3214,0.3288,0.33740000000000003,0.3956,0.12035,0.09945,0.359,0.3833,0.37055000000000005,7.56,0.08,,,,brooklynpark
2020-02-22,8350.0,0.0,0.0,0.29176416666666666,0.32164,0.3334783333333333,0.3776408333333333,0.10416999999999997,0.086515,0.3515,0.37123,0.36034000000000005,7.56,0.08,,,,brooklynpark
2020-02-23,8460.0,0.0,0.0,0.26212833333333335,0.31448,0.3295566666666666,0.3596816666666667,0.08798999999999993,0.07357999999999999,0.344,0.35916,0.35013000000000005,7.56,0.08,,,,brooklynpark
2020-02-24,8290.0,0.0,0.0,0.2324925,0.30732,0.3256349999999999,0.3417225,0.0718099999999999,0.060645,0.3365,0.34709,0.33992,7.56,0.08,,,,brooklynpark
2020-02-25,8010.0,0.0,0.5555555555555556,0.27774625,0.30906,0.32391749999999997,0.33796125,0.08460499999999996,0.0724475,0.329,0.33502,0.32971,7.56,0.08,,,,brooklynpark
2020-02-26,7840.0,0.0,0.5555555555555556,0.32299999999999995,0.3108,0.3222,0.3342,0.0974,0.08424999999999999,0.3215,0.32295,0.3195,7.56,0.08,,,,brooklynpark
2020-02-27,7750.0,0.0,0.5555555555555556,0.31926666666666664,0.3124,0.32286666666666664,0.33766666666666667,0.09823333333333334,0.08366666666666667,0.3201,0.3254666666666667,0.32463333333333333,7.56,0.08,,,,brooklynpark
2020-02-28,7650.0,0.0,0.5555555555555556,0.31553333333333333,0.314,0.32353333333333334,0.34113333333333334,0.09906666666666666,0.08308333333333333,0.31870000000000004,0.32798333333333335,0.32976666666666665,7.56,0.08,,,,brooklynpark
2020-02-29,7600.0,0.0,0.5555555555555556,0.3118,0.3156,0.3242,0.3446,0.0999,0.0825,0.3173,0.3305,0.3349,7.56,0.08,,,,brooklynpark
2020-03-01,7670.0,0.0,0.5555555555555556,0.3113,0.3154,0.3285,0.3523,0.11127500000000001,0.090275,0.333325,0.342775,0.337775,7.56,0.08,,,,brooklynpark
2020-03-02,7790.0,0.0,1.1111111111111112,0.3108,0.3152,0.3328,0.36,0.12265000000000001,0.09805,0.34935,0.35505,0.34065,7.56,0.08,,,,brooklynpark
2020-03-03,7870.0,0.0,1.1111111111111112,0.29958,0.3005,0.31778,0.34293999999999997,0.12171000000000001,0.09822,0.3325,0.3376,0.32592,7.56,0.08,,,,brooklynpark
2020-03-04,7980.0,0.0,1.6666666666666667,0.28836,0.2858,0.30276000000000003,0.32588,0.12077,0.09838999999999999,0.31565,0.32015,0.31119,7.56,0.08,,,,brooklynpark
2020-03-05,8070.0,0.0,2.7777777777777777,0.27714,0.2711,0.28774,0.30882,0.11983,0.09856,0.2988,0.3027,0.29646,7.56,0.08,,,,brooklynpark
2020-03-06,8240.0,0.0,1.6666666666666667,0.26592,0.2564,0.27272,0.29176,0.11889,0.09872999999999998,0.28195000000000003,0.28525,0.28173000000000004,7.56,0.08,,,,brooklynpark
2020-03-07,8830.0,0.0,2.2222222222222223,0.2547,0.2417,0.25770000000000004,0.2747,0.11795,0.09889999999999999,0.2651,0.26780000000000004,0.267,7.56,0.08,,,,brooklynpark
2020-03-08,10100.0,0.0,2.7777777777777777,0.23587,0.22526,0.24147500000000005,0.26526,0.13095,0.10815999999999999,0.250325,0.25543000000000005,0.255965,7.56,0.08,,,,brooklynpark
2020-03-09,11400.0,0.0,3.3333333333333335,0.21703999999999998,0.20882,0.22525000000000003,0.25582,0.14395,0.11742,0.23555,0.24306000000000003,0.24493,7.56,0.08,,,,brooklynpark
2020-03-10,12100.0,0.0,1.6666666666666667,0.19821,0.19238,0.20902500000000002,0.24638,0.15695,0.12668,0.220775,0.23069000000000003,0.23389500000000002,7.56,0.08,,,,brooklynpark
2020-03-11,13000.0,0.0,1.6666666666666667,0.17937999999999998,0.17593999999999999,0.19280000000000003,0.23693999999999998,0.16995,0.13594,0.20600000000000002,0.21832000000000001,0.22286,7.56,0.08,,,,brooklynpark
2020-03-12,14100.0,0.0,2.2222222222222223,0.16055,0.1595,0.17657500000000004,0.22749999999999998,0.18295,0.1452,0.191225,0.20595000000000002,0.211825,7.56,0.08,,,,brooklynpark
2020-03-13,14800.0,0.21,1.1111111111111112,0.14172,0.14306,0.16035000000000002,0.21806,0.19595,0.15446,0.17645,0.19358000000000003,0.20079000000000002,7.56,0.08,,,,brooklynpark
2020-03-14,15900.0,0.0,1.1111111111111112,0.12289,0.12662,0.144125,0.20862,0.20895000000000002,0.16371999999999998,0.161675,0.18121000000000004,0.189755,7.56,0.08,,,,brooklynpark
2020-03-15,17300.0,0.0,1.1111111111111112,0.10406000000000001,0.11018,0.1279,0.19918,0.22195,0.17298,0.1469,0.16884000000000002,0.17872000000000002,7.56,0.08,,,,brooklynpark
2020-03-16,17700.0,0.0,1.6666666666666667,0.08523000000000003,0.09373999999999999,0.11167500000000002,0.18974,0.23495,0.18224,0.132125,0.15647,0.16768500000000003,7.56,0.08,,,,brooklynpark
2020-03-17,17700.0,0.02,1.6666666666666667,0.0664,0.07730000000000001,0.09545000000000001,0.1803,0.24795,0.1915,0.11735000000000001,0.1441,0.15665,7.56,0.08,,,,brooklynpark
2020-03-18,17700.0,0.0,2.7777777777777777,0.0716325,0.08561975000000001,0.104031,0.18726274999999998,0.251654,0.1956185,0.11753461538461539,0.14462307692307694,0.15770384615384617,7.56,0.08,,,,brooklynpark
2020-03-19,17800.0,0.0,3.3333333333333335,0.076865,0.09393950000000001,0.11261199999999999,0.1942255,0.25535800000000003,0.199737,0.11771923076923077,0.14514615384615384,0.15875769230769232,7.56,0.08,,,,brooklynpark
2020-03-20,17500.0,0.3,2.7777777777777777,0.08209749999999999,0.10225925,0.12119299999999997,0.20118824999999999,0.259062,0.2038555,0.11790384615384616,0.14566923076923077,0.15981153846153848,7.56,0.08,,,,brooklynpark
2020-03-21,17700.0,0.0,2.7777777777777777,0.08732999999999999,0.110579,0.12977399999999994,0.208151,0.262766,0.207974,0.11808846153846154,0.1461923076923077,0.16086538461538463,7.56,0.08,,,,brooklynpark
2020-03-22,18300.0,0.0,2.7777777777777777,0.09256249999999999,0.11889875,0.13835499999999995,0.21511375,0.26647,0.21209250000000002,0.11827307692307693,0.1467153846153846,0.1619192307692308,7.56,0.08,,,,brooklynpark
2020-03-23,18900.0,0.07,3.3333333333333335,0.09779499999999999,0.12721849999999998,0.14693599999999993,0.2220765,0.270174,0.216211,0.1184576923076923,0.14723846153846154,0.16297307692307694,7.56,0.08,,,,brooklynpark
2020-03-24,18700.0,0.0,3.888888888888889,0.1030275,0.13553824999999997,0.1555169999999999,0.22903925,0.273878,0.2203295,0.1186423076923077,0.14776153846153847,0.16402692307692307,7.56,0.08,,,,brooklynpark
2020-03-25,19900.0,0.0,4.444444444444445,0.10826,0.14385799999999999,0.1640979999999999,0.236002,0.277582,0.224448,0.11882692307692308,0.1482846153846154,0.16508076923076923,7.56,0.08,,,,brooklynpark
2020-03-26,20500.0,0.14,4.444444444444445,0.1134925,0.15217775,0.17267899999999992,0.24296475,0.28128600000000004,0.2285665,0.11901153846153846,0.1488076923076923,0.16613461538461538,7.56,0.08,,,,brooklynpark
2020-03-27,21200.0,0.0,5.0,0.118725,0.1604975,0.1812599999999999,0.2499275,0.28499,0.232685,0.11919615384615384,0.14933076923076924,0.16718846153846154,7.56,0.08,,,,brooklynpark
2020-03-28,22400.0,0.12,6.111111111111111,0.10063333333333334,0.13361499999999998,0.1540566666666666,0.23181833333333332,0.26632666666666666,0.21029,0.11938076923076923,0.14985384615384617,0.1682423076923077,7.56,0.08,,,,brooklynpark
2020-03-29,25400.0,1.14,5.555555555555555,0.08254166666666668,0.10673250000000001,0.1268533333333333,0.21370916666666667,0.24766333333333332,0.18789499999999998,0.11956538461538462,0.15037692307692307,0.16929615384615385,7.56,0.08,,,,brooklynpark
2020-03-30,29300.0,0.02,5.0,0.06445000000000001,0.07985,0.09965,0.1956,0.22899999999999998,0.16549999999999998,0.11975,0.1509,0.17035,7.56,0.08,,,,brooklynpark
2020-03-31,32200.0,0.0,5.555555555555555,0.061475,0.07400000000000001,0.09375,0.18725,0.23835,0.17295,0.118075,0.149575,0.17005,7.56,0.08,,,,brooklynpark
2020-04-01,34900.0,0.0,5.555555555555555,0.058499999999999996,0.06815,0.08785000000000001,0.1789,0.2477,0.1804,0.1164,0.14825,0.16975,7.56,0.08,,,,brooklynpark
2020-04-02,37500.0,0.0,6.666666666666667,0.05896666666666666,0.06775,0.08626333333333334,0.17560666666666666,0.23948333333333333,0.17377333333333334,0.11341333333333334,0.14416333333333334,0.16452,7.56,0.08,,,,brooklynpark
2020-04-03,39300.0,0.09,7.222222222222222,0.05943333333333333,0.06735000000000001,0.08467666666666668,0.17231333333333335,0.23126666666666668,0.16714666666666667,0.11042666666666667,0.14007666666666665,0.15929000000000001,7.56,0.08,,,,brooklynpark
2020-04-04,40800.0,0.0,6.111111111111111,0.059899999999999995,0.06695,0.08309000000000001,0.16902,0.22305,0.16052,0.10744000000000001,0.13599,0.15406,7.56,0.08,,,,brooklynpark
2020-04-05,42000.0,0.0,6.111111111111111,0.060366666666666666,0.06655,0.08150333333333334,0.16572666666666666,0.21483333333333332,0.15389333333333333,0.10445333333333334,0.13190333333333332,0.14883000000000002,7.56,0.08,,,,brooklynpark
2020-04-06,42400.0,0.0,6.666666666666667,0.06083333333333333,0.06615,0.07991666666666668,0.16243333333333335,0.20661666666666667,0.14726666666666666,0.10146666666666666,0.12781666666666666,0.1436,7.56,0.08,,,,brooklynpark
2020-04-07,42000.0,0.01,7.222222222222222,0.0613,0.06575,0.07833000000000001,0.15914,0.1984,0.14064,0.09848,0.12372999999999999,0.13837,7.56,0.08,,,,brooklynpark
2020-04-08,41100.0,0.0,7.777777777777778,0.061766666666666664,0.06535,0.07674333333333333,0.15584666666666666,0.19018333333333332,0.13401333333333335,0.09549333333333333,0.11964333333333332,0.13314,7.56,0.08,,,,brooklynpark
2020-04-09,39700.0,0.0,7.777777777777778,0.062233333333333335,0.06495,0.07515666666666668,0.15255333333333335,0.18196666666666667,0.12738666666666668,0.09250666666666667,0.11555666666666667,0.12791,7.56,0.08,,,,brooklynpark
2020-04-10,38300.0,0.0,7.222222222222222,0.0627,0.06455,0.07357,0.14926,0.17375000000000002,0.12076,0.08952,0.11146999999999999,0.12268000000000001,7.56,0.08,,,,brooklynpark
2020-04-11,36700.0,0.0,7.777777777777778,0.06316666666666666,0.06415,0.07198333333333334,0.14596666666666666,0.16553333333333334,0.11413333333333334,0.08653333333333334,0.10738333333333333,0.11745,7.56,0.08,,,,brooklynpark
2020-04-12,35300.0,0.02,8.333333333333334,0.06363333333333333,0.06375,0.07039666666666666,0.14267333333333332,0.15731666666666666,0.10750666666666667,0.08354666666666666,0.10329666666666666,0.11222,7.56,0.08,,,,brooklynpark
2020-04-13,33700.0,0.14,6.666666666666667,0.0641,0.06335,0.06881,0.13938,0.1491,0.10088,0.08055999999999999,0.09920999999999999,0.10699,7.56,0.08,,,,brooklynpark
2020-04-14,32000.0,0.0,6.111111111111111,0.06456666666666667,0.06294999999999999,0.06722333333333333,0.13608666666666666,0.14088333333333333,0.09425333333333333,0.07757333333333333,0.09512333333333334,0.10176,7.56,0.08,,,,brooklynpark
2020-04-15,30500.0,0.0,5.555555555555555,0.06503333333333333,0.06255,0.06563666666666666,0.13279333333333332,0.13266666666666665,0.08762666666666667,0.07458666666666666,0.09103666666666665,0.09652999999999999,7.56,0.08,,,,brooklynpark
2020-04-16,29200.0,0.0,5.0,0.0655,0.06215,0.06405,0.1295,0.12445,0.081,0.0716,0.08695,0.09129999999999999,7.56,0.08,,,,brooklynpark
2020-04-17,27900.0,0.0,5.555555555555555,0.0603,0.062099999999999995,0.0693,0.14103333333333334,0.16240000000000002,0.11301666666666665,0.08441666666666667,0.10615000000000001,0.11364999999999999,7.56,0.08,,,,brooklynpark
2020-04-18,26200.0,0.0,6.111111111111111,0.0551,0.06205,0.07455,0.15256666666666668,0.20035000000000003,0.14503333333333332,0.09723333333333334,0.12535000000000002,0.13599999999999998,7.56,0.08,,,,brooklynpark
2020-04-19,25000.0,0.0,7.222222222222222,0.0499,0.062,0.07980000000000001,0.16410000000000002,0.2383,0.17704999999999999,0.11005000000000001,0.14455,0.15835,7.56,0.08,,,,brooklynpark
2020-04-20,23900.0,0.0,7.222222222222222,0.05315,0.0676,0.08465,0.1754,0.24380000000000002,0.17864999999999998,0.11435000000000001,0.14665,0.166275,7.56,0.08,,,,brooklynpark
2020-04-21,23000.0,0.0,7.777777777777778,0.0564,0.0732,0.0895,0.1867,0.2493,0.18025,0.11865,0.14875,0.17420000000000002,7.56,0.08,,,,brooklynpark
2020-04-22,21500.0,0.0,8.333333333333334,0.0557,0.07058333333333333,0.08678333333333334,0.18066666666666667,0.24471666666666667,0.1764,0.11806666666666667,0.14853333333333332,0.169,7.56,0.08,,,,brooklynpark
2020-04-23,21100.0,0.0,9.444444444444445,0.055,0.06796666666666666,0.08406666666666666,0.17463333333333333,0.24013333333333334,0.17255,0.11748333333333334,0.14831666666666668,0.16380000000000003,7.56,0.08,,,,brooklynpark
2020-04-24,20000.0,0.0,10.0,0.0543,0.06534999999999999,0.08135,0.1686,0.23555,0.16870000000000002,0.1169,0.1481,0.15860000000000002,7.56,0.08,,,,brooklynpark
2020-04-25,19400.0,0.0,11.11111111111111,0.065375,0.080575,0.091175,0.1971,0.24022500000000002,0.168425,0.125125,0.16585,0.17415000000000003,7.56,0.08,,,,brooklynpark
2020-04-26,18800.0,0.0,12.222222222222221,0.07645,0.0958,0.101,0.2256,0.2449,0.16815,0.13335,0.1836,0.1897,7.56,0.08,,,,brooklynpark
2020-04-27,17700.0,0.03,12.777777777777779,0.0734,0.09319999999999999,0.09725666666666667,0.22863999999999998,0.24087666666666668,0.16405666666666666,0.13291,0.18872,0.19406,7.56,0.08,,,,brooklynpark
2020-04-28,17800.0,0.0,13.88888888888889,0.07035000000000001,0.0906,0.09351333333333334,0.23168,0.23685333333333333,0.15996333333333332,0.13247,0.19384,0.19842,7.56,0.08,,,,brooklynpark
2020-04-29,18300.0,0.69,12.777777777777779,0.0673,0.088,0.08977,0.23471999999999998,0.23283,0.15587,0.13203,0.19896,0.20278000000000002,7.56,0.08,,,,brooklynpark
2020-04-30,17800.0,0.0,13.333333333333334,0.06425,0.0854,0.08602666666666667,0.23776,0.22880666666666666,0.15177666666666667,0.13158999999999998,0.20408,0.20714,7.56,0.08,,,,brooklynpark
2020-05-01,17600.0,0.0,14.444444444444445,0.061200000000000004,0.0828,0.08228333333333333,0.2408,0.22478333333333333,0.14768333333333333,0.13115,0.2092,0.2115,7.56,0.08,,,,brooklynpark
2020-05-02,17200.0,0.01,15.0,0.05815000000000001,0.0802,0.07854,0.24384,0.22076,0.14359,0.13071,0.21432,0.21586,7.56,0.08,,,,brooklynpark
2020-05-03,16900.0,0.0,15.0,0.0551,0.0776,0.07479666666666668,0.24688,0.21673666666666666,0.13949666666666666,0.13027,0.21944,0.22022,7.56,0.08,,,,brooklynpark
2020-05-04,16300.0,0.0,15.0,0.05205,0.075,0.07105333333333333,0.24992,0.21271333333333334,0.13540333333333332,0.12983,0.22455999999999998,0.22458,7.56,0.08,,,,brooklynpark
2020-05-05,15800.0,0.0,15.555555555555555,0.049,0.0724,0.06731000000000001,0.25296,0.20869,0.13131,0.12939,0.22968,0.22894,7.56,0.08,,,,brooklynpark
2020-05-06,15300.0,0.0,15.555555555555555,0.045950000000000005,0.0698,0.06356666666666666,0.256,0.20466666666666666,0.12721666666666667,0.12895,0.23479999999999998,0.2333,7.56,0.08,,,,brooklynpark
2020-05-07,14400.0,0.0,15.555555555555555,0.0429,0.06720000000000001,0.05982333333333333,0.25904,0.20064333333333334,0.12312333333333333,0.12851,0.23991999999999997,0.23765999999999998,7.56,0.08,,,,brooklynpark
2020-05-08,14000.0,0.0,14.444444444444445,0.039850000000000003,0.0646,0.056080000000000005,0.26208,0.19662,0.11903,0.12807,0.24503999999999998,0.24202,7.56,0.08,,,,brooklynpark
2020-05-09,12700.0,0.0,14.444444444444445,0.0368,0.062000000000000006,0.05233666666666667,0.26512,0.19259666666666667,0.11493666666666667,0.12763,0.25016,0.24638,7.56,0.08,,,,brooklynpark
2020-05-10,12100.0,0.08,13.88888888888889,0.03375,0.0594,0.048593333333333336,0.26816,0.18857333333333332,0.11084333333333334,0.12719,0.25527999999999995,0.25074,7.56,0.08,,,,brooklynpark
2020-05-11,12100.0,0.0,12.222222222222221,0.030699999999999998,0.0568,0.04485,0.2712,0.18455,0.10675000000000001,0.12675,0.26039999999999996,0.2551,7.56,0.08,,,,brooklynpark
2020-05-12,11500.0,0.0,13.333333333333334,0.1081,0.12493333333333333,0.11363333333333332,0.3097333333333333,0.23385,0.16095,0.18625,0.29843333333333333,0.29838333333333333,7.56,0.08,,,,brooklynpark
2020-05-13,11000.0,0.0,13.88888888888889,0.18550000000000003,0.19306666666666666,0.18241666666666664,0.34826666666666667,0.28315,0.21515,0.24575000000000002,0.33646666666666664,0.3416666666666667,7.56,0.08,,,,brooklynpark
2020-05-14,10400.0,0.06,13.333333333333334,0.2629,0.2612,0.2512,0.3868,0.33245,0.26935,0.30525,0.3745,0.38495,7.56,0.08,,,,brooklynpark
2020-05-15,10400.0,0.0,14.444444444444445,0.21449000000000001,0.21708,0.20545999999999998,0.35868999999999995,0.29443,0.23018999999999998,0.26204,0.34586,0.36411,7.56,0.08,,,,brooklynpark
2020-05-16,10300.0,0.0,15.0,0.16608,0.17296,0.15971999999999997,0.33058,0.25641,0.19102999999999998,0.21883000000000002,0.31722,0.34327,7.56,0.08,,,,brooklynpark
2020-05-17,10800.0,1.78,15.0,0.11767000000000002,0.12883999999999998,0.11398,0.30247,0.21838999999999997,0.15187,0.17562,0.28858,0.32243,7.56,0.08,,,,brooklynpark
2020-05-18,11700.0,0.73,13.88888888888889,0.06926000000000002,0.08471999999999999,0.06824,0.27436,0.18036999999999997,0.11271,0.13241,0.25994,0.30159,7.56,0.08,,,,brooklynpark
2020-05-19,11900.0,0.0,14.444444444444445,0.02085,0.0406,0.0225,0.24625,0.14234999999999998,0.07355,0.0892,0.2313,0.28075,7.56,0.08,,,,brooklynpark
2020-05-20,11400.0,0.0,15.0,0.021112727272727266,0.04221727272727272,0.024247727272727265,0.2540418181818182,0.1442397727272727,0.07518931818181819,0.08892083333333334,0.23620416666666666,0.2864333333333333,7.56,0.08,,,,brooklynpark
2020-05-21,11500.0,0.0,15.555555555555555,0.021375454545454527,0.04383454545454545,0.025995454545454526,0.2618336363636364,0.14612954545454543,0.07682863636363636,0.08864166666666667,0.24110833333333334,0.2921166666666667,7.56,0.08,,,,brooklynpark
2020-05-22,11400.0,0.0,16.11111111111111,0.021638181818181793,0.04545181818181818,0.027743181818181792,0.26962545454545456,0.14801931818181815,0.07846795454545455,0.0883625,0.24601250000000002,0.2978,7.56,0.08,,,,brooklynpark
2020-05-23,11300.0,0.08,16.11111111111111,0.021900909090909054,0.04706909090909091,0.029490909090909054,0.27741727272727273,0.14990909090909088,0.08010727272727274,0.08808333333333333,0.2509166666666667,0.3034833333333333,7.56,0.08,,,,brooklynpark
2020-05-24,11100.0,0.2,16.666666666666668,0.02216363636363632,0.04868636363636363,0.03123863636363632,0.2852090909090909,0.15179886363636363,0.08174659090909091,0.08780416666666667,0.25582083333333333,0.30916666666666665,7.56,0.08,,,,brooklynpark
2020-05-25,10800.0,0.0,17.22222222222222,0.02242636363636358,0.05030363636363636,0.032986363636363585,0.2930009090909091,0.15368863636363636,0.0833859090909091,0.08752499999999999,0.260725,0.31484999999999996,7.56,0.08,,,,brooklynpark
2020-05-26,10500.0,0.06,17.539682539682538,0.022689090909090846,0.05192090909090909,0.034734090909090846,0.30079272727272727,0.1555784090909091,0.08502522727272727,0.08724583333333333,0.2656291666666667,0.32053333333333334,7.56,0.08,,,,brooklynpark
2020-05-27,10700.0,0.75,17.857142857142858,0.022951818181818108,0.05353818181818182,0.03648181818181811,0.30858454545454544,0.1574681818181818,0.08666454545454545,0.08696666666666666,0.27053333333333335,0.32621666666666665,7.56,0.08,,,,brooklynpark
2020-05-28,10400.0,0.0,18.174603174603174,0.023214545454545373,0.05515545454545454,0.03822954545454538,0.3163763636363636,0.15935795454545454,0.08830386363636364,0.0866875,0.2754375,0.3319,7.56,0.08,,,,brooklynpark
2020-05-29,10200.0,0.0,18.49206349206349,0.02347727272727264,0.056772727272727266,0.03997727272727264,0.3241681818181818,0.16124772727272726,0.08994318181818181,0.08640833333333334,0.2803416666666667,0.33758333333333335,7.56,0.08,,,,brooklynpark
2020-05-30,9870.0,0.0,18.809523809523807,0.0237399999999999,0.05839,0.0417249999999999,0.33196,0.1631375,0.0915825,0.08612916666666666,0.28524583333333337,0.34326666666666666,7.56,0.08,,,,brooklynpark
2020-05-31,9180.0,0.0,19.126984126984127,0.0249,0.0448,0.027299999999999998,0.31889999999999996,0.15494999999999998,0.07515,0.08585,0.29015,0.34895,7.56,0.08,,,,brooklynpark
2020-06-01,8680.0,0.0,19.444444444444443,0.02205,0.04085,0.025183333333333332,0.30751666666666666,0.14578333333333332,0.06995,0.07956666666666666,0.27471666666666666,0.3402833333333333,7.56,0.08,,,,brooklynpark
2020-06-02,8200.0,0.0,20.27777777777778,0.0192,0.0369,0.023066666666666666,0.2961333333333333,0.13661666666666666,0.06475,0.07328333333333334,0.25928333333333337,0.3316166666666666,7.56,0.08,,,,brooklynpark
2020-06-03,7720.0,0.36,21.11111111111111,0.01635,0.03295,0.02095,0.28475,0.12745,0.05955,0.067,0.24385,0.32294999999999996,7.56,0.08,,,,brooklynpark
2020-06-04,7910.0,0.0,22.22222222222222,0.020175,0.039900000000000005,0.023225000000000003,0.32672500000000004,0.14175,0.0687,0.0721,0.25785,0.3453,7.56,0.08,,,,brooklynpark
2020-06-05,7440.0,0.18,22.22222222222222,0.024,0.04685,0.025500000000000002,0.3687,0.15605,0.07785,0.07719999999999999,0.27185,0.36765000000000003,7.56,0.08,,,,brooklynpark
2020-06-06,7160.0,0.0,22.77777777777778,0.023533333333333333,0.043783333333333334,0.02505,0.3411166666666667,0.14831666666666665,0.07356666666666667,0.07348333333333333,0.2613,0.3465166666666667,7.56,0.08,,,,brooklynpark
2020-06-07,6930.0,0.14,22.22222222222222,0.02306666666666667,0.04071666666666667,0.0246,0.31353333333333333,0.14058333333333334,0.06928333333333334,0.06976666666666666,0.25075,0.32538333333333336,7.56,0.08,,,,brooklynpark
2020-06-08,6500.0,0.0,22.77777777777778,0.022600000000000002,0.03765,0.024149999999999998,0.28595,0.13285,0.065,0.06605,0.2402,0.30425,7.56,0.08,,,,brooklynpark
2020-06-09,6300.0,0.0,23.88888888888889,0.02317666666666667,0.03824333333333334,0.024249999999999997,0.29211333333333334,0.13422,0.06522666666666667,0.06671333333333333,0.24549333333333334,0.31112,7.56,0.08,,,,brooklynpark
2020-06-10,6020.0,0.11,23.333333333333332,0.023753333333333335,0.03883666666666667,0.024349999999999997,0.29827666666666663,0.13559,0.06545333333333334,0.06737666666666667,0.25078666666666666,0.31799,7.56,0.08,,,,brooklynpark
2020-06-11,6360.0,0.0,21.666666666666668,0.02433,0.03943,0.02445,0.30444,0.13696,0.06568,0.06804,0.25608,0.32486000000000004,7.56,0.08,,,,brooklynpark
2020-06-12,6210.0,0.0,22.22222222222222,0.024906666666666667,0.040023333333333334,0.02455,0.3106033333333333,0.13832999999999998,0.06590666666666667,0.06870333333333332,0.26137333333333335,0.33173,7.56,0.08,,,,brooklynpark
2020-06-13,5990.0,0.0,20.555555555555557,0.025483333333333334,0.04061666666666667,0.02465,0.31676666666666664,0.1397,0.06613333333333334,0.06936666666666666,0.26666666666666666,0.3386,7.56,0.08,,,,brooklynpark
2020-06-14,5990.0,0.0,21.11111111111111,0.02606,0.041210000000000004,0.024749999999999998,0.32292999999999994,0.14107,0.06636,0.07003,0.27196,0.34547,7.56,0.08,,,,brooklynpark
2020-06-15,5660.0,0.0,21.11111111111111,0.02663666666666667,0.04180333333333334,0.024849999999999997,0.3290933333333333,0.14243999999999998,0.06658666666666667,0.07069333333333333,0.27725333333333335,0.35234,7.56,0.08,,,,brooklynpark
2020-06-16,5690.0,0.0,21.11111111111111,0.027213333333333332,0.042396666666666666,0.02495,0.33525666666666665,0.14381,0.06681333333333334,0.07135666666666667,0.28254666666666667,0.35921000000000003,7.56,0.08,,,,brooklynpark
2020-06-17,5470.0,0.0,22.22222222222222,0.027790000000000002,0.04299,0.02505,0.34141999999999995,0.14517999999999998,0.06704,0.07202,0.28784,0.36608,7.56,0.08,,,,brooklynpark
2020-06-18,5460.0,0.0,22.59259259259259,0.028366666666666665,0.043583333333333335,0.02515,0.3475833333333333,0.14654999999999999,0.06726666666666667,0.07268333333333334,0.29313333333333336,0.37295,7.56,0.08,,,,brooklynpark
2020-06-19,5930.0,0.66,22.962962962962962,0.028943333333333335,0.04417666666666667,0.025249999999999998,0.35374666666666665,0.14792,0.06749333333333334,0.07334666666666667,0.2984266666666667,0.37982,7.56,0.08,,,,brooklynpark
2020-06-20,5900.0,0.0,23.333333333333332,0.02952,0.044770000000000004,0.025349999999999998,0.35990999999999995,0.14928999999999998,0.06772,0.07400999999999999,0.30372,0.38669,7.56,0.08,,,,brooklynpark
2020-06-21,5680.0,0.02,23.333333333333332,0.030096666666666667,0.04536333333333333,0.02545,0.3660733333333333,0.15066,0.06794666666666667,0.07467333333333333,0.3090133333333333,0.39356,7.56,0.08,,,,brooklynpark
2020-06-22,5700.0,0.01,23.425925925925924,0.030673333333333334,0.045956666666666666,0.02555,0.3722366666666666,0.15202999999999997,0.06817333333333334,0.07533666666666666,0.3143066666666667,0.40043,7.56,0.08,,,,brooklynpark
2020-06-23,5750.0,0.0,23.51851851851852,0.03125,0.04655,0.02565,0.37839999999999996,0.15339999999999998,0.0684,0.076,0.3196,0.4073,7.56,0.08,,,,brooklynpark
2020-06-24,5680.0,0.01,23.61111111111111,0.02465,0.04185,0.0249,0.357,0.156375,0.07405,0.07369999999999999,0.29345,0.3891,7.56,0.08,,,,brooklynpark
2020-06-25,5220.0,0.0,23.703703703703702,0.01805,0.03715,0.024149999999999998,0.3356,0.15935,0.0797,0.07139999999999999,0.2673,0.3709,7.56,0.08,,,,brooklynpark
2020-06-26,5230.0,0.0,23.796296296296298,0.020112083333333315,0.04099708333333334,0.028994999999999983,0.31246625,0.14721666666666666,0.07579083333333331,0.06929999999999999,0.265125,0.36414375,7.56,0.08,,,,brooklynpark
2020-06-27,5130.0,0.31,23.88888888888889,0.022174166666666634,0.04484416666666667,0.03383999999999997,0.2893325,0.13508333333333333,0.07188166666666662,0.0672,0.26295,0.35738749999999997,7.56,0.08,,,,brooklynpark
2020-06-28,4890.0,0.0,24.444444444444443,0.024236249999999952,0.048691250000000005,0.03868499999999995,0.26619875,0.12295,0.06797249999999995,0.06509999999999999,0.260775,0.35063125,7.56,0.08,,,,brooklynpark
2020-06-29,5180.0,0.78,24.444444444444443,0.026298333333333267,0.05253833333333333,0.04352999999999993,0.24306499999999998,0.11081666666666667,0.06406333333333326,0.063,0.2586,0.343875,7.56,0.08,,,,brooklynpark
2020-06-30,6100.0,0.63,23.88888888888889,0.028360416666666582,0.05638541666666667,0.04837499999999992,0.21993124999999997,0.09868333333333335,0.06015416666666658,0.060899999999999996,0.256425,0.33711874999999997,7.56,0.08,,,,brooklynpark
2020-07-01,9300.0,0.0,25.555555555555557,0.0304224999999999,0.0602325,0.0532199999999999,0.1967975,0.08655,0.0562449999999999,0.05879999999999999,0.25425,0.3303625,7.56,0.08,,,,brooklynpark
2020-07-02,9590.0,0.0,25.0,0.01921124999999995,0.04311625,0.03248499999999995,0.24049874999999998,0.106625,0.056422499999999945,0.05669999999999999,0.252075,0.32360625,7.56,0.08,,,,brooklynpark
2020-07-03,8290.0,0.0,25.555555555555557,0.008,0.026000000000000002,0.01175,0.2842,0.12669999999999998,0.0566,0.054599999999999996,0.2499,0.31684999999999997,7.56,0.08,,,,brooklynpark
2020-07-04,7780.0,0.0,26.11111111111111,0.00935,0.02638,0.01286,0.28851,0.12874999999999998,0.057859999999999995,0.056499999999999995,0.24922,0.32461999999999996,7.56,0.08,,,,brooklynpark
2020-07-05,7840.0,0.0,26.666666666666668,0.0107,0.026760000000000003,0.013970000000000002,0.29282,0.1308,0.05912,0.058399999999999994,0.24854,0.33238999999999996,7.56,0.08,,,,brooklynpark
2020-07-06,7630.0,0.0,27.22222222222222,0.01205,0.02714,0.015080000000000001,0.29713,0.13285,0.060379999999999996,0.06029999999999999,0.24786,0.34016,7.56,0.08,,,,brooklynpark
2020-07-07,7130.0,0.0,27.22222222222222,0.013399999999999999,0.027520000000000003,0.016190000000000003,0.30144000000000004,0.13490000000000002,0.06164,0.06219999999999999,0.24718,0.34793,7.56,0.08,,,,brooklynpark
2020-07-08,6510.0,0.09,27.22222222222222,0.01475,0.0279,0.017300000000000003,0.30575,0.13695000000000002,0.0629,0.06409999999999999,0.2465,0.3557,7.56,0.08,,,,brooklynpark
2020-07-09,6700.0,0.07,26.944444444444443,0.01555,0.03225,0.018075,0.32042499999999996,0.14697500000000002,0.0654,0.06547499999999999,0.26990000000000003,0.370475,7.56,0.08,,,,brooklynpark
2020-07-10,6540.0,0.0,26.666666666666668,0.01635,0.0366,0.01885,0.33509999999999995,0.157,0.0679,0.06684999999999999,0.2933,0.38525,7.56,0.08,,,,brooklynpark
2020-07-11,6520.0,0.0,27.22222222222222,0.016216666666666667,0.03411666666666667,0.018766666666666664,0.33774999999999994,0.15133333333333335,0.06516666666666666,0.0652,0.2848333333333333,0.3789666666666667,7.56,0.08,,,,brooklynpark
2020-07-12,6360.0,0.0,26.666666666666668,0.01608333333333333,0.03163333333333333,0.018683333333333333,0.3404,0.14566666666666667,0.062433333333333334,0.06355,0.2763666666666667,0.3726833333333333,7.56,0.08,,,,brooklynpark
2020-07-13,5950.0,0.0,27.22222222222222,0.01595,0.029150000000000002,0.0186,0.34304999999999997,0.14,0.0597,0.0619,0.2679,0.3664,7.56,0.08,,,,brooklynpark
2020-07-14,5720.0,0.0,26.666666666666668,0.01656,0.030440000000000002,0.01891,0.33102,0.13776000000000002,0.06012,0.061189999999999994,0.2596,0.35345,7.56,0.08,,,,brooklynpark
2020-07-15,5710.0,0.07,25.0,0.017169999999999998,0.03173,0.01922,0.31899,0.13552,0.060540000000000004,0.06048,0.2513,0.34049999999999997,7.56,0.08,,,,brooklynpark
2020-07-16,5770.0,0.0,25.555555555555557,0.01778,0.03302,0.01953,0.30696,0.13328,0.06096,0.05977,0.243,0.32755,7.56,0.08,,,,brooklynpark
2020-07-17,5410.0,0.0,25.555555555555557,0.01839,0.03431,0.01984,0.29492999999999997,0.13104,0.061380000000000004,0.05906,0.2347,0.3146,7.56,0.08,,,,brooklynpark
2020-07-18,5930.0,0.29,26.666666666666668,0.019,0.0356,0.02015,0.2829,0.1288,0.0618,0.05835,0.2264,0.30165,7.56,0.08,,,,brooklynpark
2020-07-19,7380.0,0.47,26.666666666666668,0.01745,0.025475,0.014425,0.19265,0.0858,0.0409,0.039825,0.1568,0.207275,7.56,0.08,,,,brooklynpark
2020-07-20,8870.0,0.0,25.555555555555557,0.0159,0.01535,0.0087,0.1024,0.0428,0.02,0.0213,0.0872,0.1129,7.56,0.08,,,,brooklynpark
2020-07-21,9470.0,0.15,25.555555555555557,0.18786666666666668,0.17056666666666667,0.14773333333333333,0.2617666666666667,0.15476666666666666,0.09548333333333334,0.14706666666666668,0.21039999999999998,0.23645,7.56,0.08,,,,brooklynpark
2020-07-22,10100.0,0.84,25.555555555555557,0.3598333333333334,0.3257833333333333,0.2867666666666666,0.42113333333333336,0.2667333333333333,0.17096666666666666,0.2728333333333333,0.3336,0.36,7.56,0.08,,,,brooklynpark
2020-07-23,10400.0,0.0,23.88888888888889,0.5318,0.481,0.42579999999999996,0.5805,0.3787,0.24645,0.39859999999999995,0.4568,0.48355,7.56,0.08,,,,brooklynpark
2020-07-24,9960.0,0.0,25.0,0.45837857142857147,0.4173642857142857,0.36815,0.5476857142857143,0.3464642857142857,0.22117857142857142,0.35137142857142856,0.43234999999999996,0.4642428571428571,7.56,0.08,,,,brooklynpark
2020-07-25,9890.0,0.0,26.11111111111111,0.3849571428571429,0.3537285714285714,0.3105,0.5148714285714285,0.3142285714285714,0.19590714285714286,0.3041428571428571,0.4079,0.44493571428571427,7.56,0.08,,,,brooklynpark
2020-07-26,10800.0,0.56,25.555555555555557,0.31153571428571436,0.29009285714285715,0.25284999999999996,0.48205714285714285,0.28199285714285716,0.17063571428571428,0.2569142857142857,0.38344999999999996,0.4256285714285714,7.56,0.08,,,,brooklynpark
2020-07-27,10400.0,0.14,25.555555555555557,0.23811428571428578,0.22645714285714286,0.19519999999999998,0.44924285714285717,0.24975714285714287,0.14536428571428572,0.20968571428571428,0.359,0.4063214285714286,7.56,0.08,,,,brooklynpark
2020-07-28,9800.0,0.09,26.11111111111111,0.1646928571428572,0.16282142857142856,0.13755,0.4164285714285714,0.2175214285714286,0.12009285714285714,0.16245714285714286,0.33454999999999996,0.38701428571428576,7.56,0.08,,,,brooklynpark
2020-07-29,10300.0,0.0,25.0,0.09127142857142867,0.09918571428571432,0.07989999999999997,0.3836142857142857,0.18528571428571433,0.09482142857142856,0.11522857142857146,0.31009999999999993,0.3677071428571429,7.56,0.08,,,,brooklynpark
2020-07-30,10200.0,0.0,24.72222222222222,0.01785,0.03555,0.02225,0.3508,0.15305000000000002,0.06955,0.068,0.28564999999999996,0.34840000000000004,7.56,0.08,,,,brooklynpark
2020-07-31,9720.0,0.0,24.444444444444443,0.049166666666666664,0.06166666666666666,0.04451666666666666,0.3615333333333333,0.17416666666666666,0.09221666666666667,0.0965,0.3002333333333333,0.36755000000000004,7.56,0.08,,,,brooklynpark
2020-08-01,9270.0,0.0,24.166666666666664,0.08048333333333334,0.08778333333333332,0.06678333333333333,0.3722666666666667,0.19528333333333334,0.11488333333333334,0.125,0.3148166666666667,0.3867,7.56,0.08,,,,brooklynpark
2020-08-02,8590.0,0.01,23.888888888888886,0.11180000000000001,0.1139,0.08904999999999999,0.383,0.21639999999999998,0.13755,0.1535,0.3294,0.40585,7.56,0.08,,,,brooklynpark
2020-08-03,7800.0,0.0,23.61111111111111,0.06585,0.0742,0.053974999999999995,0.35495,0.1805,0.10247500000000001,0.10815,0.2904,0.367475,7.56,0.08,,,,brooklynpark
2020-08-04,7160.0,0.0,23.333333333333332,0.0199,0.0345,0.0189,0.3269,0.1446,0.0674,0.0628,0.2514,0.3291,7.56,0.08,,,,brooklynpark
2020-08-05,6550.0,0.0,23.88888888888889,0.01923846153846154,0.03420769230769231,0.018461538461538463,0.3254230769230769,0.14202307692307692,0.06619615384615385,0.06165384615384615,0.24776538461538464,0.3247269230769231,7.56,0.08,,,,brooklynpark
2020-08-06,5790.0,0.0,23.88888888888889,0.018576923076923078,0.03391538461538462,0.018023076923076923,0.3239461538461539,0.13944615384615386,0.0649923076923077,0.060507692307692304,0.24413076923076923,0.32035384615384616,7.56,0.08,,,,brooklynpark
2020-08-07,5690.0,0.0,23.88888888888889,0.017915384615384618,0.03362307692307692,0.017584615384615386,0.3224692307692308,0.13686923076923077,0.06378846153846154,0.05936153846153846,0.24049615384615386,0.31598076923076923,7.56,0.08,,,,brooklynpark
2020-08-08,5580.0,0.1,23.88888888888889,0.017253846153846154,0.03333076923076923,0.017146153846153846,0.3209923076923077,0.1342923076923077,0.06258461538461539,0.05821538461538461,0.23686153846153846,0.3116076923076923,7.56,0.08,,,,brooklynpark
2020-08-09,5340.0,0.02,23.88888888888889,0.016592307692307694,0.03303846153846154,0.01670769230769231,0.31951538461538465,0.13171538461538462,0.06138076923076923,0.05706923076923077,0.23322692307692308,0.3072346153846154,7.56,0.08,,,,brooklynpark
2020-08-10,5530.0,1.4,23.88888888888889,0.01593076923076923,0.03274615384615385,0.01626923076923077,0.31803846153846155,0.12913846153846154,0.06017692307692308,0.05592307692307692,0.2295923076923077,0.30286153846153846,7.56,0.08,,,,brooklynpark
2020-08-11,5350.0,0.0,23.88888888888889,0.015269230769230771,0.03245384615384615,0.01583076923076923,0.31656153846153845,0.12656153846153848,0.05897307692307693,0.05477692307692307,0.2259576923076923,0.29848846153846154,7.56,0.08,,,,brooklynpark
2020-08-12,5400.0,0.0,23.88888888888889,0.014607692307692308,0.032161538461538464,0.015392307692307691,0.31508461538461535,0.12398461538461539,0.057769230769230774,0.05363076923076923,0.22232307692307693,0.2941153846153846,7.56,0.08,,,,brooklynpark
2020-08-13,6040.0,0.94,23.88888888888889,0.013946153846153848,0.03186923076923077,0.014953846153846154,0.3136076923076923,0.12140769230769231,0.056565384615384615,0.05248461538461538,0.21868846153846155,0.2897423076923077,7.56,0.08,,,,brooklynpark
2020-08-14,6980.0,0.0,23.88888888888889,0.013284615384615384,0.03157692307692308,0.014515384615384614,0.3121307692307692,0.11883076923076924,0.05536153846153846,0.05133846153846154,0.21505384615384615,0.28536923076923076,7.56,0.08,,,,brooklynpark
2020-08-15,9090.0,0.5,23.88888888888889,0.012623076923076924,0.03128461538461538,0.014076923076923077,0.3106538461538461,0.11625384615384615,0.05415769230769231,0.05019230769230769,0.21141923076923078,0.28099615384615384,7.56,0.08,,,,brooklynpark
2020-08-16,10400.0,0.0,23.823529411764707,0.011961538461538463,0.03099230769230769,0.013638461538461539,0.30917692307692307,0.11367692307692309,0.05295384615384616,0.049046153846153843,0.20778461538461537,0.2766230769230769,7.56,0.08,,,,brooklynpark
2020-08-17,11900.0,0.0,23.758169934640524,0.011300000000000001,0.030699999999999998,0.0132,0.3077,0.1111,0.051750000000000004,0.0479,0.20415,0.27225,7.56,0.08,,,,brooklynpark
2020-08-18,12900.0,0.0,23.69281045751634,0.0199449999999999,0.0449974999999999,0.0342724999999999,0.3085024999999999,0.1399825,0.0737074999999999,0.05028571428571428,0.20810714285714285,0.27622857142857143,7.56,0.08,,,,brooklynpark
2020-08-19,13600.0,0.0,23.627450980392158,0.02232083333333325,0.04516458333333325,0.032810416666666585,0.3084187499999999,0.13892708333333334,0.07159791666666658,0.05267142857142857,0.2120642857142857,0.2802071428571429,7.56,0.08,,,,brooklynpark
2020-08-20,13900.0,0.0,23.562091503267975,0.0246966666666666,0.0453316666666666,0.03134833333333327,0.3083349999999999,0.13787166666666667,0.06948833333333326,0.05505714285714285,0.2160214285714286,0.2841857142857143,7.56,0.08,,,,brooklynpark
2020-08-21,14200.0,0.0,23.496732026143793,0.02707249999999995,0.04549874999999995,0.02988624999999995,0.30825125,0.13681625,0.06737874999999995,0.057442857142857136,0.21997857142857144,0.2881642857142857,7.56,0.08,,,,brooklynpark
2020-08-22,14200.0,0.55,23.43137254901961,0.0294483333333333,0.0456658333333333,0.028424166666666636,0.3081675,0.13576083333333333,0.06526916666666663,0.059828571428571425,0.2239357142857143,0.29214285714285715,7.56,0.08,,,,brooklynpark
2020-08-23,13900.0,0.0,23.366013071895427,0.03182416666666665,0.04583291666666665,0.026962083333333317,0.30808375,0.13470541666666666,0.06315958333333332,0.06221428571428571,0.22789285714285715,0.2961214285714286,7.56,0.08,,,,brooklynpark
2020-08-24,13400.0,0.03,23.30065359477124,0.0342,0.046,0.025500000000000002,0.308,0.13365,0.06105,0.06459999999999999,0.23185,0.30010000000000003,7.56,0.08,,,,brooklynpark
2020-08-25,13200.0,0.02,23.235294117647058,0.03216666666666667,0.04343333333333333,0.024933333333333335,0.29891666666666666,0.12563333333333332,0.05753333333333333,0.05986666666666666,0.22396666666666668,0.2903333333333334,7.56,0.08,,,,brooklynpark
2020-08-26,12500.0,0.0,23.169934640522875,0.030133333333333335,0.04086666666666667,0.02436666666666667,0.28983333333333333,0.11761666666666666,0.05401666666666667,0.05513333333333333,0.21608333333333332,0.2805666666666667,7.559675324675324,0.08016233766233766,,,,brooklynpark
2020-08-27,12100.0,0.01,23.104575163398692,0.0281,0.0383,0.0238,0.28075,0.1096,0.0505,0.0504,0.2082,0.27080000000000004,7.559350649350649,0.08032467532467533,,,,brooklynpark
2020-08-28,11900.0,0.33,23.03921568627451,0.019700000000000002,0.030600000000000002,0.020375,0.27612499999999995,0.11835,0.052575000000000004,0.052975,0.221175,0.29410000000000003,7.559025974025974,0.08048701298701298,,,,brooklynpark
2020-08-29,11300.0,0.07,22.973856209150327,0.011300000000000001,0.0229,0.01695,0.27149999999999996,0.1271,0.054650000000000004,0.05555,0.23415,0.3174,7.5587012987012985,0.08064935064935065,,,,brooklynpark
2020-08-30,10400.0,0.0,22.908496732026144,0.020130000000000002,0.03121,0.02203,0.30551999999999996,0.13696999999999998,0.060910000000000006,0.0618,0.2517,0.33377,7.558376623376623,0.0808116883116883,,,,brooklynpark
2020-08-31,10100.0,0.43,22.84313725490196,0.02896,0.03952,0.02711,0.33953999999999995,0.14684,0.06717000000000001,0.06805,0.26925,0.35014,7.558051948051948,0.08097402597402598,,,,brooklynpark
2020-09-01,9930.0,0.15,22.77777777777778,0.037790000000000004,0.047830000000000004,0.032189999999999996,0.37356,0.15671,0.07343,0.07429999999999999,0.28679999999999994,0.36651,7.557727272727273,0.08113636363636363,,,,brooklynpark
2020-09-02,9480.0,0.0,22.22222222222222,0.046619999999999995,0.05614000000000001,0.03727,0.40758,0.16658,0.07969,0.08054999999999998,0.30434999999999995,0.38288,7.557402597402597,0.0812987012987013,,,,brooklynpark
2020-09-03,8980.0,0.01,22.22222222222222,0.05545,0.06445000000000001,0.04235,0.4416,0.17645,0.08595,0.08679999999999999,0.32189999999999996,0.39925,7.557077922077922,0.08146103896103896,,,,brooklynpark
2020-09-04,8590.0,0.0,19.444444444444443,0.052353333333333335,0.06171000000000001,0.040453333333333334,0.42862,0.17234666666666668,0.08367,0.08485666666666665,0.3162033333333333,0.3904433333333333,7.556753246753247,0.08162337662337663,,,,brooklynpark
2020-09-05,8290.0,0.0,20.555555555555557,0.049256666666666664,0.05897000000000001,0.03855666666666666,0.41564,0.16824333333333333,0.08139,0.08291333333333333,0.31050666666666665,0.3816366666666667,7.556428571428571,0.08178571428571428,,,,brooklynpark
2020-09-06,8000.0,0.0,21.666666666666668,0.04616,0.05623,0.03666,0.40266,0.16414,0.07911,0.08096999999999999,0.30480999999999997,0.37283,7.556103896103895,0.08194805194805195,,,,brooklynpark
2020-09-07,7870.0,0.0,20.555555555555557,0.043063333333333335,0.05349,0.034763333333333334,0.38968,0.16003666666666666,0.07683,0.07902666666666666,0.2991133333333333,0.3640233333333333,7.55577922077922,0.0821103896103896,,,,brooklynpark
2020-09-08,7870.0,0.27,18.88888888888889,0.039966666666666664,0.05075,0.03286666666666667,0.37670000000000003,0.15593333333333334,0.07455,0.07708333333333332,0.29341666666666666,0.3552166666666667,7.555454545454545,0.08227272727272728,,,,brooklynpark
2020-09-09,7720.0,0.0,17.77777777777778,0.03687,0.048010000000000004,0.030969999999999998,0.36372,0.15183,0.07227,0.07514,0.28772,0.34641,7.5551298701298695,0.08243506493506493,,,,brooklynpark
2020-09-10,7220.0,0.21,16.666666666666668,0.033773333333333336,0.045270000000000005,0.029073333333333333,0.35074,0.14772666666666667,0.06999,0.07319666666666666,0.2820233333333333,0.3376033333333333,7.554805194805194,0.0825974025974026,,,,brooklynpark
2020-09-11,6970.0,0.0,17.22222222222222,0.030676666666666668,0.04253,0.027176666666666665,0.33776,0.14362333333333333,0.06771,0.07125333333333334,0.27632666666666666,0.3287966666666667,7.554480519480519,0.08275974025974026,,,,brooklynpark
2020-09-12,7020.0,0.2,16.666666666666668,0.02758,0.039790000000000006,0.025279999999999997,0.32478,0.13952,0.06543,0.06931,0.27063,0.31999,7.554155844155844,0.08292207792207792,,,,brooklynpark
2020-09-13,7160.0,0.0,16.666666666666668,0.024483333333333336,0.03705,0.023383333333333332,0.3118,0.13541666666666666,0.06315000000000001,0.06736666666666666,0.2649333333333333,0.31118333333333337,7.553831168831168,0.08308441558441558,,,,brooklynpark
2020-09-14,7070.0,0.0,17.22222222222222,0.021386666666666672,0.03431,0.021486666666666664,0.29882,0.13131333333333334,0.06087000000000001,0.06542333333333333,0.25923666666666667,0.3023766666666667,7.553506493506493,0.08324675324675325,,,,brooklynpark
2020-09-15,6660.0,0.0,17.77777777777778,0.01829,0.03157,0.019589999999999996,0.28584,0.12721,0.05859,0.06348,0.25354,0.29357,7.553181818181818,0.0834090909090909,,,,brooklynpark
2020-09-16,6680.0,0.0,18.333333333333332,0.015193333333333336,0.02883,0.017693333333333332,0.27286,0.12310666666666667,0.056310000000000006,0.06153666666666667,0.2478433333333333,0.28476333333333337,7.5528571428571425,0.08357142857142857,,,,brooklynpark
2020-09-17,6570.0,0.0,17.77777777777778,0.012096666666666672,0.026089999999999995,0.015796666666666664,0.25988,0.11900333333333334,0.05403000000000001,0.05959333333333333,0.24214666666666665,0.2759566666666667,7.552532467532467,0.08373376623376623,,,,brooklynpark
2020-09-18,6500.0,0.0,17.22222222222222,0.009000000000000001,0.02335,0.0139,0.2469,0.1149,0.051750000000000004,0.05765,0.23645,0.26715,7.552207792207792,0.0838961038961039,,,,brooklynpark
2020-09-19,6010.0,0.0,17.22222222222222,0.0280574999999999,0.053495,0.042495,0.265905,0.1208699999999999,0.06279,0.07038333333333333,0.23766666666666666,0.2743333333333333,7.551883116883117,0.08405844155844155,,,,brooklynpark
2020-09-20,5790.0,0.0,17.77777777777778,0.03650374999999995,0.0575475,0.0434475,0.25837750000000004,0.12313499999999995,0.060594999999999996,0.08311666666666666,0.2388833333333333,0.28151666666666664,7.551558441558441,0.08422077922077922,,,,brooklynpark
2020-09-21,5770.0,0.0,17.22222222222222,0.044950000000000004,0.0616,0.0444,0.25085,0.1254,0.0584,0.09584999999999999,0.24009999999999998,0.28869999999999996,7.551233766233766,0.08438311688311688,,,,brooklynpark
2020-09-22,5790.0,0.0,17.77777777777778,0.026525,0.047425,0.033275,0.269825,0.12515,0.058499999999999996,0.08209999999999999,0.22935,0.275225,7.550909090909091,0.08454545454545455,,,,brooklynpark
2020-09-23,5770.0,0.0,18.333333333333332,0.0081,0.03325,0.02215,0.2888,0.1249,0.0586,0.06835,0.21860000000000002,0.26175000000000004,7.5505844155844155,0.0847077922077922,,,,brooklynpark
2020-09-24,5860.0,0.21,19.444444444444443,0.009996874999999992,0.03431145833333333,0.023735416666666658,0.28211395833333336,0.12383770833333332,0.05873833333333332,0.07198333333333333,0.21907666666666667,0.2599866666666667,7.55025974025974,0.08487012987012987,,,,brooklynpark
2020-09-25,6140.0,0.02,19.444444444444443,0.011893749999999982,0.03537291666666665,0.025320833333333317,0.27542791666666666,0.12277541666666665,0.05887666666666665,0.07561666666666667,0.21955333333333335,0.25822333333333336,7.549935064935065,0.08503246753246753,,,,brooklynpark
2020-09-26,6240.0,0.0,20.555555555555557,0.013790624999999975,0.03643437499999998,0.026906249999999975,0.268741875,0.12171312499999998,0.05901499999999997,0.07925,0.22003,0.25646,7.54961038961039,0.0851948051948052,,,,brooklynpark
2020-09-27,6290.0,0.07,19.444444444444443,0.015687499999999965,0.037495833333333305,0.028491666666666634,0.2620558333333333,0.1206508333333333,0.0591533333333333,0.08288333333333334,0.22050666666666668,0.2546966666666667,7.549285714285714,0.08535714285714285,,,,brooklynpark
2020-09-28,6250.0,0.16,18.333333333333332,0.017584374999999958,0.038557291666666625,0.03007708333333329,0.2553697916666667,0.11958854166666663,0.059291666666666624,0.08651666666666666,0.22098333333333334,0.25293333333333334,7.548961038961038,0.08551948051948052,,,,brooklynpark
2020-09-29,6140.0,0.0,16.666666666666668,0.01948124999999995,0.03961874999999995,0.03166249999999995,0.24868374999999998,0.11852624999999994,0.05942999999999995,0.09015,0.22146000000000002,0.25117,7.548636363636363,0.08568181818181818,,,,brooklynpark
2020-09-30,6220.0,0.01,16.666666666666668,0.021378124999999942,0.04068020833333328,0.033247916666666606,0.24199770833333334,0.11746395833333327,0.05956833333333327,0.09378333333333333,0.22193666666666667,0.2494066666666667,7.548311688311688,0.08584415584415585,,,,brooklynpark
2020-10-01,6160.0,0.02,15.555555555555555,0.023274999999999935,0.0417416666666666,0.034833333333333265,0.23531166666666667,0.1164016666666666,0.059706666666666595,0.09741666666666667,0.22241333333333335,0.24764333333333335,7.547987012987012,0.0860064935064935,,,,brooklynpark
2020-10-02,6040.0,0.0,15.0,0.025171874999999923,0.04280312499999993,0.03641874999999992,0.228625625,0.11533937499999992,0.059844999999999926,0.10105,0.22289,0.24588000000000002,7.547662337662337,0.08616883116883117,,,,brooklynpark
2020-10-03,6140.0,0.0,14.444444444444445,0.027068749999999916,0.04386458333333325,0.03800416666666658,0.22193958333333333,0.11427708333333325,0.05998333333333325,0.10468333333333334,0.22336666666666669,0.24411666666666668,7.547337662337662,0.08633116883116883,,,,brooklynpark
2020-10-04,6260.0,0.0,13.88888888888889,0.028965624999999908,0.044926041666666576,0.03958958333333324,0.21525354166666666,0.11321479166666658,0.06012166666666657,0.10831666666666667,0.22384333333333334,0.24235333333333337,7.5470129870129865,0.0864935064935065,,,,brooklynpark
2020-10-05,6600.0,0.0,14.444444444444445,0.0308624999999999,0.0459874999999999,0.0411749999999999,0.2085675,0.1121524999999999,0.0602599999999999,0.11195,0.22432000000000002,0.24059000000000003,7.546688311688311,0.08665584415584415,,,,brooklynpark
2020-10-06,6310.0,0.0,14.444444444444445,0.022224999999999932,0.040974999999999935,0.036249999999999935,0.20391166666666666,0.12131833333333326,0.062073333333333265,0.11558333333333334,0.22479666666666667,0.2388266666666667,7.546363636363636,0.08681818181818182,,,,brooklynpark
2020-10-07,6160.0,0.0,15.0,0.013587499999999968,0.03596249999999997,0.031324999999999964,0.19925583333333333,0.13048416666666662,0.06388666666666663,0.11921666666666667,0.22527333333333335,0.23706333333333335,7.546038961038961,0.08698051948051948,,,,brooklynpark
2020-10-08,6070.0,0.0,15.0,0.0049499999999999995,0.03095,0.0264,0.1946,0.13965,0.06570000000000001,0.12285,0.22575,0.2353,7.545714285714285,0.08714285714285715,,,,brooklynpark
2020-10-09,6100.0,0.0,15.0,0.04016666666666667,0.06076666666666666,0.0552,0.22066666666666665,0.1668,0.09073333333333335,0.14463333333333334,0.23646666666666669,0.2513,7.54538961038961,0.0873051948051948,,,,brooklynpark
2020-10-10,6020.0,0.0,15.555555555555555,0.07538333333333333,0.09058333333333334,0.084,0.24673333333333333,0.19394999999999998,0.11576666666666668,0.16641666666666666,0.24718333333333334,0.2673,7.545064935064935,0.08746753246753247,,,,brooklynpark
2020-10-11,5770.0,0.0,15.555555555555555,0.1106,0.1204,0.1128,0.2728,0.2211,0.1408,0.1882,0.2579,0.2833,7.5447402597402595,0.08762987012987013,,,,brooklynpark
2020-10-12,6510.0,1.14,15.555555555555555,0.06307499999999999,0.08074999999999999,0.081075,0.22485,0.196075,0.12,0.160225,0.2227,0.2545,7.544415584415584,0.0877922077922078,,,,brooklynpark
2020-10-13,7220.0,0.03,15.0,0.01555,0.0411,0.04935,0.1769,0.17104999999999998,0.0992,0.13225,0.1875,0.2257,7.544090909090909,0.08795454545454545,,,,brooklynpark
2020-10-14,6880.0,0.04,13.88888888888889,0.020266666666666665,0.038733333333333335,0.04206666666666667,0.1413,0.12526666666666667,0.07328333333333333,0.1024,0.14535,0.17381666666666667,7.543766233766234,0.08811688311688312,,,,brooklynpark
2020-10-15,7140.0,0.01,12.777777777777779,0.024983333333333333,0.036366666666666665,0.03478333333333333,0.1057,0.07948333333333334,0.04736666666666666,0.07255,0.1032,0.12193333333333334,7.543441558441558,0.08827922077922078,,,,brooklynpark
2020-10-16,7220.0,0.0,11.666666666666666,0.0297,0.034,0.0275,0.0701,0.033699999999999994,0.021449999999999997,0.0427,0.06105,0.07005,7.543116883116883,0.08844155844155845,,,,brooklynpark
2020-10-17,7230.0,0.05,10.555555555555555,0.034925,0.04014,0.034625,0.08098,0.039874999999999994,0.028109999999999996,0.05076,0.069765,0.078665,7.542792207792208,0.0886038961038961,,,,brooklynpark
2020-10-18,7550.0,0.01,10.555555555555555,0.04015,0.04628,0.04175,0.09186,0.046049999999999994,0.034769999999999995,0.05882,0.07848,0.08728,7.5424675324675325,0.08876623376623377,,,,brooklynpark
2020-10-19,7730.0,0.0,8.88888888888889,0.045375,0.05242,0.048875,0.10274,0.052225,0.04143,0.06688,0.087195,0.09589500000000001,7.542142857142856,0.08892857142857143,,,,brooklynpark
2020-10-20,7580.0,0.03,8.333333333333334,0.05059999999999999,0.05856,0.05600000000000001,0.11362,0.0584,0.04809,0.07494,0.09591,0.10451,7.541818181818181,0.0890909090909091,,,,brooklynpark
2020-10-21,7860.0,0.63,7.5,0.055825,0.06470000000000001,0.063125,0.1245,0.064575,0.05475,0.08299999999999999,0.104625,0.113125,7.541493506493506,0.08925324675324675,,,,brooklynpark
2020-10-22,7970.0,0.0,6.666666666666667,0.06104999999999999,0.07084,0.07025,0.13538,0.07075000000000001,0.061410000000000006,0.09106,0.11334,0.12174000000000001,7.5411688311688305,0.08941558441558442,,,,brooklynpark
2020-10-23,8230.0,0.16,6.111111111111111,0.06627499999999999,0.07697999999999999,0.07737500000000001,0.14626,0.07692500000000001,0.06807,0.09912,0.122055,0.130355,7.540844155844155,0.08957792207792208,,,,brooklynpark
2020-10-24,8230.0,0.02,5.555555555555555,0.0715,0.08312,0.0845,0.15714,0.08310000000000001,0.07473,0.10718,0.13077,0.13897,7.54051948051948,0.08974025974025975,,,,brooklynpark
2020-10-25,8320.0,0.0,5.0,0.07672499999999999,0.08926,0.09162500000000001,0.16802,0.08927500000000001,0.08139,0.11524,0.139485,0.14758500000000002,7.540194805194805,0.0899025974025974,,,,brooklynpark
2020-10-26,8330.0,0.02,3.888888888888889,0.08195,0.0954,0.09875,0.1789,0.09545000000000001,0.08805,0.12329999999999999,0.1482,0.1562,7.539870129870129,0.09006493506493507,,,,brooklynpark
2020-10-27,8030.0,0.0,3.888888888888889,0.07652857142857142,0.08962857142857143,0.09394285714285715,0.17672857142857143,0.10882142857142858,0.09379285714285714,0.11992857142857143,0.14717857142857144,0.15525714285714287,7.539545454545454,0.09022727272727273,,,,brooklynpark
2020-10-28,8170.0,0.0,3.3333333333333335,0.07110714285714285,0.08385714285714285,0.08913571428571429,0.17455714285714286,0.12219285714285714,0.09953571428571428,0.11655714285714286,0.14615714285714285,0.1543142857142857,7.539220779220779,0.0903896103896104,,,,brooklynpark
2020-10-29,8510.0,0.0,4.444444444444445,0.06568571428571428,0.07808571428571429,0.08432857142857143,0.17238571428571428,0.13556428571428572,0.10527857142857142,0.11318571428571428,0.14513571428571428,0.15337142857142858,7.5388961038961035,0.09055194805194805,,,,brooklynpark
2020-10-30,8420.0,0.0,4.444444444444445,0.060264285714285715,0.07231428571428572,0.07952142857142858,0.17021428571428573,0.14893571428571428,0.11102142857142856,0.10981428571428571,0.14411428571428572,0.15242857142857144,7.538571428571428,0.09071428571428572,,,,brooklynpark
2020-10-31,8390.0,0.0,4.444444444444445,0.05484285714285714,0.06654285714285714,0.07471428571428572,0.16804285714285716,0.16230714285714287,0.1167642857142857,0.10644285714285714,0.14309285714285716,0.1514857142857143,7.538246753246753,0.09087662337662337,,,,brooklynpark
2020-11-01,8340.0,0.0,4.444444444444445,0.04942142857142857,0.06077142857142857,0.06990714285714286,0.1658714285714286,0.17567857142857143,0.12250714285714284,0.10307142857142858,0.14207142857142857,0.15054285714285714,7.537922077922078,0.09103896103896104,,,,brooklynpark
2020-11-02,8380.0,0.0,3.888888888888889,0.044,0.055,0.0651,0.1637,0.18905,0.12824999999999998,0.09970000000000001,0.14105,0.1496,7.537597402597402,0.0912012987012987,,,,brooklynpark
2020-11-03,8840.0,0.0,4.444444444444445,0.04591666666666667,0.056666666666666664,0.06623333333333334,0.1678,0.19883333333333333,0.13709999999999997,0.10336666666666668,0.14223333333333335,0.15326666666666666,7.537272727272727,0.09136363636363637,,,,brooklynpark
2020-11-04,8600.0,0.0,5.555555555555555,0.04783333333333333,0.058333333333333334,0.06736666666666667,0.1719,0.20861666666666667,0.14595,0.10703333333333333,0.14341666666666666,0.15693333333333334,7.536948051948052,0.09152597402597402,,,,brooklynpark
2020-11-05,8720.0,0.0,6.111111111111111,0.04975,0.06,0.0685,0.176,0.2184,0.1548,0.11069999999999999,0.1446,0.1606,7.536623376623377,0.0916883116883117,,,,brooklynpark
2020-11-06,8640.0,0.0,6.666666666666667,0.052908333333333335,0.06377083333333333,0.07293333333333334,0.1797,0.214175,0.1524083333333333,0.11510416666666666,0.1495166666666667,0.1646625,7.536298701298701,0.09185064935064935,,,,brooklynpark
2020-11-07,8480.0,0.0,8.055555555555555,0.05606666666666667,0.06754166666666667,0.07736666666666667,0.1834,0.20995000000000003,0.15001666666666666,0.11950833333333333,0.15443333333333334,0.16872499999999999,7.535974025974026,0.09201298701298702,,,,brooklynpark
2020-11-08,8420.0,0.0,9.444444444444445,0.059225,0.0713125,0.08180000000000001,0.1871,0.20572500000000002,0.147625,0.1239125,0.15935,0.17278749999999998,7.535649350649351,0.09217532467532467,,,,brooklynpark
2020-11-09,8360.0,0.0,10.555555555555555,0.06238333333333334,0.07508333333333334,0.08623333333333334,0.1908,0.2015,0.14523333333333333,0.12831666666666666,0.16426666666666667,0.17685,7.535324675324675,0.09233766233766234,,,,brooklynpark
2020-11-10,8960.0,0.1,10.0,0.06554166666666666,0.07885416666666667,0.09066666666666667,0.1945,0.197275,0.14284166666666664,0.13272083333333334,0.16918333333333335,0.1809125,7.535,0.0925,,,,brooklynpark
2020-11-11,9440.0,0.31,7.777777777777778,0.06870000000000001,0.082625,0.0951,0.1982,0.19305,0.14045,0.137125,0.1741,0.184975,7.534675324675324,0.09266233766233767,,,,brooklynpark
2020-11-12,10300.0,0.0,7.777777777777778,0.07185833333333334,0.08639583333333332,0.09953333333333333,0.2019,0.18882500000000002,0.13805833333333334,0.14152916666666665,0.17901666666666666,0.1890375,7.534350649350649,0.09282467532467532,,,,brooklynpark
2020-11-13,10400.0,0.08,6.666666666666667,0.07501666666666668,0.09016666666666666,0.10396666666666668,0.2056,0.18460000000000001,0.13566666666666666,0.14593333333333333,0.18393333333333334,0.1931,7.534025974025973,0.09298701298701299,,,,brooklynpark
2020-11-14,10500.0,0.0,5.0,0.07817500000000001,0.0939375,0.1084,0.2093,0.180375,0.13327499999999998,0.1503375,0.18885000000000002,0.19716250000000002,7.533701298701298,0.09314935064935065,,,,brooklynpark
2020-11-15,10200.0,0.09,5.0,0.08133333333333334,0.09770833333333333,0.11283333333333334,0.21300000000000002,0.17615000000000003,0.13088333333333332,0.15474166666666667,0.19376666666666667,0.201225,7.533376623376623,0.09331168831168832,,,,brooklynpark
2020-11-16,10700.0,0.0,3.3333333333333335,0.08449166666666667,0.10147916666666666,0.11726666666666667,0.2167,0.17192500000000002,0.12849166666666667,0.15914583333333332,0.19868333333333332,0.2052875,7.5330519480519476,0.09347402597402597,,,,brooklynpark
2020-11-17,10900.0,0.0,2.7777777777777777,0.08765,0.10525,0.1217,0.2204,0.16770000000000002,0.1261,0.16355,0.2036,0.20935,7.532727272727272,0.09363636363636364,,,,brooklynpark
2020-11-18,9710.0,0.0,2.7777777777777777,0.082675,0.100465,0.11660000000000001,0.21736,0.16863,0.125665,0.157245,0.19816,0.20433,7.532402597402597,0.0937987012987013,,,,brooklynpark
2020-11-19,9520.0,0.0,3.3333333333333335,0.0777,0.09568,0.1115,0.21432,0.16956000000000002,0.12522999999999998,0.15094,0.19272,0.19931000000000001,7.532077922077922,0.09396103896103897,,,,brooklynpark
2020-11-20,9760.0,0.0,3.888888888888889,0.07272500000000001,0.090895,0.10640000000000001,0.21128000000000002,0.17049,0.12479499999999999,0.144635,0.18728,0.19429000000000002,7.531753246753246,0.09412337662337662,,,,brooklynpark
2020-11-21,10100.0,0.0,3.3333333333333335,0.06775,0.08610999999999999,0.1013,0.20824,0.17142000000000002,0.12436,0.13833,0.18184,0.18927000000000002,7.531428571428571,0.09428571428571429,,,,brooklynpark
2020-11-22,10500.0,0.06,2.7777777777777777,0.062775,0.08132500000000001,0.09620000000000001,0.2052,0.17235,0.123925,0.132025,0.1764,0.18425000000000002,7.531103896103896,0.09444805194805195,,,,brooklynpark
2020-11-23,10600.0,0.0,2.7777777777777777,0.057800000000000004,0.07654,0.09110000000000001,0.20216,0.17328,0.12348999999999999,0.12572,0.17096,0.17923,7.530779220779221,0.09461038961038962,,,,brooklynpark
2020-11-24,10100.0,0.0,2.7777777777777777,0.052825000000000004,0.071755,0.08600000000000002,0.19912000000000002,0.17421,0.123055,0.119415,0.16552,0.17421,7.530454545454545,0.09477272727272727,,,,brooklynpark
2020-11-25,9870.0,0.02,3.3333333333333335,0.047850000000000004,0.06697,0.08090000000000001,0.19608,0.17514,0.12261999999999999,0.11311,0.16008,0.16919,7.53012987012987,0.09493506493506494,,,,brooklynpark
2020-11-26,9930.0,0.0,3.3333333333333335,0.042875,0.062185000000000004,0.0758,0.19304,0.17607,0.122185,0.10680500000000001,0.15464,0.16417,7.529805194805195,0.0950974025974026,,,,brooklynpark
2020-11-27,9920.0,0.0,2.7777777777777777,0.0379,0.0574,0.07070000000000001,0.19,0.177,0.12175,0.1005,0.1492,0.15915,7.529480519480519,0.09525974025974027,,,,brooklynpark
2020-11-28,9910.0,0.0,2.7777777777777777,0.036866666666666666,0.05578333333333333,0.06921666666666668,0.18755,0.18113333333333334,0.12633333333333333,0.09871666666666667,0.1454,0.15951666666666667,7.529155844155844,0.09542207792207792,,,,brooklynpark
2020-11-29,9590.0,0.0,2.7777777777777777,0.035833333333333335,0.05416666666666667,0.06773333333333334,0.18510000000000001,0.18526666666666666,0.13091666666666668,0.09693333333333333,0.1416,0.15988333333333335,7.528831168831169,0.09558441558441559,,,,brooklynpark
2020-11-30,9350.0,0.0,1.6666666666666667,0.0348,0.05255,0.06625,0.18265,0.1894,0.1355,0.09515,0.1378,0.16025,7.528506493506494,0.09574675324675325,,,,brooklynpark
2020-12-01,7260.0,0.0,1.1111111111111112,0.0431,0.058125,0.0761,0.185175,0.202675,0.14915,0.104225,0.14227499999999998,0.16375,7.528181818181818,0.09590909090909092,,,,brooklynpark
2020-12-02,6910.0,0.0,1.6666666666666667,0.0514,0.0637,0.08595,0.1877,0.21595,0.1628,0.1133,0.14675,0.16725,7.527857142857142,0.09607142857142857,,,,brooklynpark
2020-12-03,7280.0,0.0,1.6666666666666667,0.04758333333333333,0.06231666666666667,0.08155,0.18376666666666666,0.21648333333333333,0.16261666666666666,0.11256666666666666,0.14616666666666667,0.16443333333333335,7.527532467532467,0.09623376623376623,,,,brooklynpark
2020-12-04,6990.0,0.0,1.6666666666666667,0.04376666666666667,0.06093333333333334,0.07715000000000001,0.17983333333333335,0.2170166666666667,0.16243333333333335,0.11183333333333334,0.14558333333333334,0.16161666666666666,7.527207792207792,0.0963961038961039,,,,brooklynpark
2020-12-05,7310.0,0.0,1.6666666666666667,0.03995,0.059550000000000006,0.07275000000000001,0.1759,0.21755000000000002,0.16225,0.1111,0.14500000000000002,0.1588,7.526883116883116,0.09655844155844157,,,,brooklynpark
2020-12-06,7460.0,0.0,2.2222222222222223,0.040293333333333334,0.05978666666666667,0.07379333333333334,0.17682666666666666,0.2154866666666667,0.16022666666666668,0.1105,0.14486333333333334,0.15907666666666667,7.526558441558441,0.09672077922077922,,,,brooklynpark
2020-12-07,7650.0,0.0,2.2222222222222223,0.04063666666666667,0.06002333333333334,0.07483666666666668,0.17775333333333335,0.21342333333333335,0.15820333333333333,0.1099,0.14472666666666667,0.15935333333333332,7.526233766233766,0.09688311688311688,,,,brooklynpark
2020-12-08,7580.0,0.0,2.2222222222222223,0.04098,0.06026,0.07588,0.17868,0.21136000000000002,0.15618,0.10930000000000001,0.14459000000000002,0.15963,7.52590909090909,0.09704545454545455,,,,brooklynpark
2020-12-09,8050.0,0.0,2.2222222222222223,0.04132333333333333,0.06049666666666667,0.07692333333333334,0.17960666666666666,0.2092966666666667,0.15415666666666666,0.1087,0.14445333333333335,0.15990666666666667,7.525584415584415,0.09720779220779222,,,,brooklynpark
2020-12-10,8050.0,0.0,2.7777777777777777,0.041666666666666664,0.060733333333333334,0.07796666666666667,0.18053333333333332,0.20723333333333335,0.15213333333333334,0.1081,0.14431666666666668,0.16018333333333332,7.52525974025974,0.09737012987012987,,,,brooklynpark
2020-12-11,8090.0,0.0,2.7777777777777777,0.04201,0.060969999999999996,0.07901000000000001,0.18146,0.20517000000000002,0.15011000000000002,0.1075,0.14418,0.16046,7.524935064935065,0.09753246753246753,,,,brooklynpark
2020-12-12,7760.0,0.0,2.2222222222222223,0.04235333333333333,0.061206666666666666,0.08005333333333334,0.18238666666666667,0.20310666666666669,0.14808666666666667,0.1069,0.14404333333333333,0.16073666666666667,7.524610389610389,0.0976948051948052,,,,brooklynpark
2020-12-13,7520.0,0.0,1.6666666666666667,0.04269666666666667,0.06144333333333333,0.08109666666666668,0.18331333333333333,0.20104333333333335,0.14606333333333335,0.1063,0.14390666666666668,0.16101333333333331,7.524285714285714,0.09785714285714286,,,,brooklynpark
2020-12-14,6130.0,0.01,0.5555555555555556,0.04304,0.06168,0.08214,0.18424,0.19898,0.14404,0.1057,0.14377,0.16129,7.523961038961039,0.09801948051948052,,,,brooklynpark
2020-12-15,4940.0,0.0,0.5555555555555556,0.043383333333333336,0.06191666666666666,0.08318333333333335,0.18516666666666667,0.19691666666666666,0.14201666666666668,0.1051,0.14363333333333334,0.16156666666666666,7.5236363636363635,0.09818181818181818,,,,brooklynpark
2020-12-16,4620.0,0.0,0.5555555555555556,0.04372666666666667,0.062153333333333324,0.08422666666666667,0.18609333333333333,0.19485333333333332,0.13999333333333336,0.1045,0.14349666666666666,0.1618433333333333,7.523311688311688,0.09834415584415584,,,,brooklynpark
2020-12-17,4510.0,0.0,1.1111111111111112,0.04407,0.062389999999999994,0.08527000000000001,0.18702,0.19279,0.13797,0.10389999999999999,0.14336,0.16212,7.522987012987013,0.09850649350649351,,,,brooklynpark
2020-12-18,4870.0,0.0,1.1111111111111112,0.04441333333333333,0.06262666666666666,0.08631333333333334,0.18794666666666665,0.19072666666666666,0.1359466666666667,0.1033,0.14322333333333334,0.16239666666666666,7.522662337662338,0.09866883116883117,,,,brooklynpark
2020-12-19,5690.0,0.0,1.1111111111111112,0.04475666666666667,0.06286333333333333,0.08735666666666667,0.18887333333333334,0.18866333333333332,0.13392333333333334,0.1027,0.14308666666666667,0.1626733333333333,7.522337662337662,0.09883116883116883,,,,brooklynpark
2020-12-20,5670.0,0.0,1.1111111111111112,0.0451,0.06309999999999999,0.0884,0.1898,0.1866,0.13190000000000002,0.1021,0.14295,0.16294999999999998,7.522012987012987,0.0989935064935065,,,,brooklynpark
2020-12-21,6420.0,0.0,1.6666666666666667,0.155651875,0.14974374999999995,0.176686875,0.266665625,0.15918125,0.12107812499999998,0.15489,0.18875,0.20606,7.521688311688312,0.09915584415584416,,,,brooklynpark
2020-12-22,5770.0,0.0,1.1111111111111112,0.26620374999999996,0.23638749999999994,0.26497375,0.34353124999999995,0.1317625,0.11025624999999996,0.20768,0.23454999999999998,0.24917,7.5213636363636365,0.09931818181818182,,,,brooklynpark
2020-12-23,6170.0,0.0,1.1111111111111112,0.37675562500000004,0.32303124999999994,0.353260625,0.420396875,0.10434374999999999,0.09943437499999994,0.26047,0.28035,0.29228,7.521038961038961,0.09948051948051947,,,,brooklynpark
2020-12-24,3720.0,0.15,0.5555555555555556,0.4873075,0.4096749999999999,0.4415475,0.4972625,0.076925,0.0886124999999999,0.31326,0.32615,0.33538999999999997,7.520714285714286,0.09964285714285714,,,,brooklynpark
2020-12-25,3500.0,0.0,0.5555555555555556,0.35705,0.33440000000000003,0.35209999999999997,0.40465,0.11775,0.10835,0.36605,0.37195,0.3785,7.52038961038961,0.09980519480519481,,,,brooklynpark
2020-12-26,3710.0,0.0,0.5555555555555556,0.3585,0.3348571428571429,0.3491142857142857,0.4001571428571429,0.11462857142857143,0.1058,0.3625857142857143,0.3702142857142857,0.37514285714285717,7.5200649350649345,0.09996753246753247,,,,brooklynpark
2020-12-27,4080.0,0.0,0.5555555555555556,0.35995,0.33531428571428573,0.3461285714285714,0.3956642857142857,0.11150714285714285,0.10325,0.35912142857142854,0.36847857142857143,0.3717857142857143,7.519740259740259,0.10012987012987012,,,,brooklynpark
2020-12-28,4760.0,0.11,0.5555555555555556,0.3614,0.3357714285714286,0.34314285714285714,0.39117142857142856,0.10838571428571428,0.1007,0.35565714285714284,0.36674285714285715,0.36842857142857144,7.519415584415584,0.1002922077922078,,,,brooklynpark
2020-12-29,5270.0,0.0,0.5555555555555556,0.36285,0.33622857142857143,0.3401571428571428,0.3866785714285714,0.10526428571428571,0.09815,0.35219285714285714,0.36500714285714286,0.36507142857142855,7.519090909090909,0.10045454545454546,,,,brooklynpark
2020-12-30,5670.0,0.19,0.5555555555555556,0.3643,0.3366857142857143,0.33717142857142857,0.3821857142857143,0.10214285714285715,0.0956,0.34872857142857144,0.3632714285714286,0.3617142857142857,7.518766233766233,0.10061688311688312,,,,brooklynpark
2020-12-31,5660.0,0.0,0.5555555555555556,0.36575,0.33714285714285713,0.33418571428571425,0.3776928571428571,0.09902142857142857,0.09305,0.3452642857142857,0.3615357142857143,0.3583571428571428,7.518441558441558,0.10077922077922077,,,,brooklynpark
2021-01-01,5720.0,0.0,0.5555555555555556,0.3672,0.3376,0.3312,0.3732,0.0959,0.0905,0.3418,0.3598,0.355,7.518116883116883,0.10094155844155844,,,,brooklynpark
2021-01-02,5840.0,0.0,0.5555555555555556,0.367104347826087,0.3386630434782609,0.3326065217391304,0.37476304347826084,0.09636521739130435,0.09073695652173913,0.34456086956521736,0.3617782608695652,0.35732173913043475,7.5177922077922075,0.10110389610389611,,,,brooklynpark
2021-01-03,5940.0,0.0,0.5555555555555556,0.3670086956521739,0.33972608695652173,0.3340130434782609,0.3763260869565217,0.0968304347826087,0.09097391304347825,0.3473217391304348,0.3637565217391304,0.35964347826086956,7.517467532467532,0.10126623376623377,,,,brooklynpark
2021-01-04,5710.0,0.0,0.5555555555555556,0.36691304347826087,0.3407891304347826,0.3354195652173913,0.3778891304347826,0.09729565217391305,0.09121086956521739,0.35008260869565216,0.3657347826086957,0.36196521739130433,7.517142857142857,0.10142857142857142,,,,brooklynpark
2021-01-05,5430.0,0.0,0.5555555555555556,0.3668173913043479,0.3418521739130435,0.3368260869565217,0.3794521739130435,0.09776086956521739,0.09144782608695652,0.35284347826086954,0.3677130434782609,0.3642869565217391,7.516818181818182,0.10159090909090909,,,,brooklynpark
2021-01-06,5260.0,0.0,0.5555555555555556,0.3667217391304348,0.34291521739130437,0.3382326086956522,0.38101521739130434,0.09822608695652174,0.09168478260869566,0.35560434782608696,0.3696913043478261,0.3666086956521739,7.516493506493506,0.10175324675324676,,,,brooklynpark
2021-01-07,5110.0,0.0,0.5555555555555556,0.36662608695652177,0.34397826086956523,0.3396391304347826,0.3825782608695652,0.09869130434782608,0.09192173913043478,0.35836521739130434,0.3716695652173913,0.3689304347826087,7.516168831168831,0.10191558441558442,,,,brooklynpark
2021-01-08,4980.0,0.01,0.5555555555555556,0.3665304347826087,0.3450413043478261,0.341045652173913,0.38414130434782606,0.09915652173913043,0.09215869565217391,0.3611260869565217,0.3736478260869565,0.37125217391304344,7.515844155844156,0.10207792207792207,,,,brooklynpark
2021-01-09,4880.0,0.0,0.5555555555555556,0.36643478260869566,0.34610434782608696,0.3424521739130435,0.3857043478260869,0.09962173913043479,0.09239565217391305,0.36388695652173914,0.3756260869565217,0.37357391304347826,7.5155194805194805,0.10224025974025974,,,,brooklynpark
2021-01-10,4880.0,0.0,0.5555555555555556,0.3663391304347826,0.3471673913043478,0.3438586956521739,0.38726739130434784,0.10008695652173913,0.09263260869565218,0.3666478260869565,0.377604347826087,0.375895652173913,7.515194805194805,0.10240259740259741,,,,brooklynpark
2021-01-11,4980.0,0.0,0.5555555555555556,0.36624347826086956,0.3482304347826087,0.34526521739130434,0.3888304347826087,0.10055217391304348,0.0928695652173913,0.36940869565217394,0.3795826086956522,0.37821739130434784,7.51487012987013,0.10256493506493507,,,,brooklynpark
2021-01-12,5130.0,0.0,0.5555555555555556,0.3661478260869565,0.34929347826086954,0.3466717391304348,0.39039347826086956,0.10101739130434782,0.09310652173913044,0.3721695652173913,0.3815608695652174,0.3805391304347826,7.514545454545455,0.10272727272727272,,,,brooklynpark
2021-01-13,5250.0,0.0,0.5555555555555556,0.3660521739130435,0.35035652173913046,0.3480782608695652,0.3919565217391304,0.10148260869565218,0.09334347826086957,0.3749304347826087,0.3835391304347826,0.38286086956521737,7.514220779220779,0.10288961038961039,,,,brooklynpark
2021-01-14,5330.0,0.0,0.5555555555555556,0.36595652173913046,0.3514195652173913,0.34948478260869564,0.3935195652173913,0.10194782608695652,0.0935804347826087,0.3776913043478261,0.3855173913043478,0.3851826086956522,7.513896103896104,0.10305194805194806,,,,brooklynpark
2021-01-15,5280.0,0.43,0.5555555555555556,0.3658608695652174,0.3524826086956522,0.3508913043478261,0.39508260869565215,0.10241304347826087,0.09381739130434782,0.3804521739130435,0.387495652173913,0.38750434782608695,7.513571428571428,0.10321428571428572,,,,brooklynpark
2021-01-16,5150.0,0.05,1.1111111111111112,0.36576521739130435,0.35354565217391304,0.35229782608695653,0.39664565217391307,0.10287826086956522,0.09405434782608696,0.38321304347826085,0.3894739130434783,0.3898260869565217,7.513246753246753,0.10337662337662337,,,,brooklynpark
2021-01-17,4940.0,0.0,1.1111111111111112,0.3656695652173913,0.3546086956521739,0.353704347826087,0.3982086956521739,0.10334347826086956,0.0942913043478261,0.3859739130434783,0.3914521739130435,0.39214782608695653,7.512922077922077,0.10353896103896104,,,,brooklynpark
2021-01-18,4660.0,0.0,1.1111111111111112,0.36557391304347825,0.35567173913043476,0.3551108695652174,0.3997717391304348,0.10380869565217392,0.09452826086956523,0.38873478260869565,0.3934304347826087,0.3944695652173913,7.512597402597402,0.10370129870129871,,,,brooklynpark
2021-01-19,4490.0,0.0,1.1111111111111112,0.3654782608695652,0.3567347826086956,0.35651739130434784,0.40133478260869565,0.10427391304347826,0.09476521739130435,0.391495652173913,0.3954086956521739,0.39679130434782606,7.512272727272727,0.10386363636363637,,,,brooklynpark
2021-01-20,4270.0,0.01,0.5555555555555556,0.36538260869565214,0.3577978260869565,0.3579239130434783,0.4028978260869565,0.10473913043478261,0.09500217391304348,0.39425652173913045,0.3973869565217391,0.3991130434782609,7.5119480519480515,0.10402597402597402,,,,brooklynpark
2021-01-21,4200.0,0.0,0.5555555555555556,0.36528695652173915,0.3588608695652174,0.35933043478260873,0.40446086956521743,0.10520434782608695,0.09523913043478262,0.3970173913043478,0.3993652173913044,0.40143478260869564,7.511623376623376,0.10418831168831169,,,,brooklynpark
2021-01-22,4250.0,0.0,0.5555555555555556,0.3651913043478261,0.35992391304347826,0.36073695652173915,0.4060239130434783,0.1056695652173913,0.09547608695652174,0.3997782608695652,0.4013434782608696,0.4037565217391304,7.511298701298701,0.10435064935064936,,,,brooklynpark
2021-01-23,4440.0,0.0,0.5555555555555556,0.36509565217391304,0.3609869565217391,0.3621434782608696,0.40758695652173915,0.10613478260869566,0.09571304347826087,0.4025391304347826,0.4033217391304348,0.4060782608695652,7.510974025974026,0.10451298701298702,,,,brooklynpark
2021-01-24,4570.0,0.26,0.5555555555555556,0.365,0.36205,0.36355000000000004,0.40915,0.1066,0.09595000000000001,0.4053,0.4053,0.4084,7.51064935064935,0.10467532467532467,,,,brooklynpark
2021-01-25,4670.0,0.0,0.5555555555555556,0.3988124999999999,0.41325,0.4073925,0.44691,0.0550074999999999,0.0660625,0.39474,0.39498,0.39768,7.510324675324675,0.10483766233766234,,,,brooklynpark
2021-01-26,4720.0,0.0,0.5555555555555556,0.38677777777777766,0.39834444444444445,0.3926044444444444,0.43146444444444443,0.05809555555555546,0.06687777777777777,0.38418,0.38466,0.38695999999999997,7.51,0.10500000000000001,,,,brooklynpark
2021-01-27,4580.0,0.0,0.5555555555555556,0.3747430555555555,0.3834388888888889,0.37781638888888885,0.4160188888888889,0.06118361111111103,0.06769305555555555,0.37362,0.37434,0.37624,7.5096753246753245,0.10516233766233767,,,,brooklynpark
2021-01-28,4430.0,0.0,0.5555555555555556,0.36270833333333324,0.3685333333333333,0.36302833333333334,0.40057333333333334,0.0642716666666666,0.06850833333333334,0.36306,0.36402,0.36552,7.509350649350649,0.10532467532467532,,,,brooklynpark
2021-01-29,4320.0,0.0,0.5555555555555556,0.35067361111111106,0.35362777777777776,0.3482402777777778,0.38512777777777774,0.06735972222222217,0.06932361111111111,0.35250000000000004,0.3537,0.3548,7.509025974025974,0.10548701298701299,,,,brooklynpark
2021-01-30,4380.0,0.0,0.5555555555555556,0.3386388888888888,0.33872222222222226,0.3334522222222222,0.36968222222222225,0.07044777777777773,0.07013888888888889,0.34194,0.34338,0.34408,7.508701298701299,0.10564935064935066,,,,brooklynpark
2021-01-31,4610.0,0.0,0.5555555555555556,0.3266041666666666,0.3238166666666667,0.31866416666666664,0.35423666666666664,0.0735358333333333,0.07095416666666667,0.33138,0.33305999999999997,0.33336,7.508376623376623,0.10581168831168832,,,,brooklynpark
2021-02-01,4530.0,0.0,-7.777777777777778,0.3145694444444444,0.30891111111111114,0.3038761111111111,0.3387911111111111,0.07662388888888887,0.07176944444444444,0.32082,0.32273999999999997,0.32264000000000004,7.508051948051948,0.10597402597402597,,,,brooklynpark
2021-02-02,4400.0,0.0,-7.222222222222222,0.3025347222222222,0.2940055555555556,0.28908805555555556,0.32334555555555555,0.07971194444444443,0.07258472222222223,0.31026000000000004,0.31242,0.31192000000000003,7.507727272727273,0.10613636363636364,,,,brooklynpark
2021-02-03,4190.0,0.0,-1.6666666666666667,0.2905,0.2791,0.2743,0.3079,0.0828,0.0734,0.2997,0.3021,0.3012,7.5074025974025975,0.1062987012987013,,,,brooklynpark
2021-02-04,3950.0,0.07,0.5555555555555556,0.2929882352941176,0.2805235294117647,0.27703529411764705,0.31136470588235293,0.08411470588235294,0.0744764705882353,0.30157058823529415,0.3040764705882353,0.3043088235294118,7.507077922077922,0.10646103896103896,,,,brooklynpark
2021-02-05,3700.0,0.04,0.5555555555555556,0.2954764705882353,0.28194705882352944,0.2797705882352941,0.3148294117647059,0.08542941176470588,0.0755529411764706,0.30344117647058827,0.3060529411764706,0.3074176470588236,7.506753246753247,0.10662337662337662,,,,brooklynpark
2021-02-06,3610.0,0.0,0.5555555555555556,0.2979647058823529,0.28337058823529415,0.28250588235294116,0.31829411764705884,0.08674411764705882,0.07662941176470589,0.3053117647058824,0.3080294117647059,0.3105264705882353,7.506428571428572,0.10678571428571429,,,,brooklynpark
2021-02-07,3880.0,0.0,0.5555555555555556,0.3004529411764706,0.28479411764705886,0.2852411764705882,0.32175882352941176,0.08805882352941176,0.07770588235294118,0.3071823529411765,0.3100058823529412,0.31363529411764707,7.5061038961038955,0.10694805194805194,,,,brooklynpark
2021-02-08,4350.0,0.0,0.5555555555555556,0.3029411764705882,0.2862176470588235,0.2879764705882353,0.3252235294117647,0.0893735294117647,0.07878235294117647,0.3090529411764706,0.31198235294117643,0.31674411764705884,7.50577922077922,0.10711038961038961,,,,brooklynpark
2021-02-09,4960.0,0.0,0.5555555555555556,0.30542941176470584,0.28764117647058823,0.29071176470588234,0.32868823529411767,0.09068823529411764,0.07985882352941177,0.3109235294117647,0.31395882352941173,0.3198529411764706,7.505454545454545,0.10727272727272727,,,,brooklynpark
2021-02-10,5080.0,0.0,0.5555555555555556,0.3079176470588235,0.28906470588235295,0.2934470588235294,0.3321529411764706,0.09200294117647059,0.08093529411764706,0.31279411764705883,0.31593529411764704,0.32296176470588234,7.50512987012987,0.10743506493506494,,,,brooklynpark
2021-02-11,4860.0,0.0,0.5555555555555556,0.31040588235294114,0.29048823529411766,0.29618235294117645,0.3356176470588235,0.09331764705882353,0.08201176470588235,0.31466470588235296,0.31791176470588234,0.3260705882352941,7.504805194805194,0.1075974025974026,,,,brooklynpark
2021-02-12,4590.0,0.0,0.5555555555555556,0.3128941176470588,0.29191176470588237,0.2989176470588235,0.3390823529411765,0.09463235294117647,0.08308823529411766,0.3165352941176471,0.31988823529411764,0.3291794117647059,7.504480519480519,0.10775974025974026,,,,brooklynpark
2021-02-13,4320.0,0.0,0.5555555555555556,0.31538235294117645,0.2933352941176471,0.30165294117647057,0.3425470588235294,0.09594705882352941,0.08416470588235295,0.3184058823529412,0.32186470588235294,0.33228823529411766,7.504155844155844,0.10792207792207792,,,,brooklynpark
2021-02-14,3980.0,0.0,0.5555555555555556,0.3178705882352941,0.2947588235294118,0.3043882352941176,0.34601176470588235,0.09726176470588235,0.08524117647058824,0.32027647058823533,0.32384117647058824,0.3353970588235294,7.5038311688311685,0.10808441558441559,,,,brooklynpark
2021-02-15,3760.0,0.0,0.5555555555555556,0.32035882352941175,0.2961823529411765,0.3071235294117647,0.3494764705882353,0.0985764705882353,0.08631764705882353,0.32214705882352945,0.32581764705882355,0.33850588235294116,7.503506493506493,0.10824675324675324,,,,brooklynpark
2021-02-16,3750.0,0.0,0.5555555555555556,0.3228470588235294,0.29760588235294116,0.30985882352941174,0.35294117647058826,0.09989117647058823,0.08739411764705883,0.3240176470588235,0.3277941176470588,0.34161470588235293,7.503181818181818,0.10840909090909091,,,,brooklynpark
2021-02-17,3850.0,0.0,0.5555555555555556,0.32533529411764706,0.2990294117647059,0.3125941176470588,0.3564058823529412,0.10120588235294117,0.08847058823529412,0.32588823529411765,0.3297705882352941,0.3447235294117647,7.502857142857143,0.10857142857142857,,,,brooklynpark
2021-02-18,3980.0,0.08,0.5555555555555556,0.3278235294117647,0.3004529411764706,0.31532941176470586,0.35987058823529416,0.10252058823529411,0.08954705882352942,0.32775882352941177,0.3317470588235294,0.3478323529411764,7.502532467532467,0.10873376623376624,,,,brooklynpark
2021-02-19,3880.0,0.0,0.5555555555555556,0.33031176470588236,0.3018764705882353,0.3180647058823529,0.3633352941176471,0.10383529411764705,0.09062352941176471,0.3296294117647059,0.3337235294117647,0.3509411764705882,7.502207792207792,0.1088961038961039,,,,brooklynpark
2021-02-20,3680.0,0.0,0.5555555555555556,0.3328,0.3033,0.3208,0.3668,0.10515,0.0917,0.3315,0.3357,0.35405,7.501883116883117,0.10905844155844156,,,,brooklynpark
2021-02-21,3890.0,0.0,0.5555555555555556,0.32626,0.30192,0.31783999999999996,0.36128,0.10467,0.09017,0.32889,0.33329,0.34615999999999997,7.5015584415584415,0.10922077922077922,,,,brooklynpark
2021-02-22,4300.0,0.06,0.5555555555555556,0.31972,0.30054000000000003,0.31488,0.35576,0.10419,0.08864,0.32628,0.33088,0.33826999999999996,7.501233766233766,0.10938311688311689,,,,brooklynpark
2021-02-23,4460.0,0.0,0.5555555555555556,0.31318,0.29916,0.31192,0.35024,0.10371,0.08711,0.32367,0.32847,0.33038,7.500909090909091,0.10954545454545454,,,,brooklynpark
2021-02-24,4240.0,0.0,0.5555555555555556,0.30664,0.29778,0.30896,0.34472,0.10323,0.08558,0.32106,0.32606,0.32249,7.500584415584416,0.10970779220779221,,,,brooklynpark
2021-02-25,3870.0,0.0,0.5555555555555556,0.30010000000000003,0.2964,0.306,0.3392,0.10275000000000001,0.08405,0.31845,0.32365,0.3146,7.50025974025974,0.10987012987012987,,,,brooklynpark
2021-02-26,3720.0,0.0,0.5555555555555556,0.30848000000000003,0.30252,0.31507999999999997,0.3496,0.10644,0.08773,0.3241,0.32957,0.32321,7.499935064935065,0.11003246753246754,,,,brooklynpark
2021-02-27,4000.0,0.0,0.5555555555555556,0.31686000000000003,0.30864,0.32416,0.36,0.11013,0.09141,0.32975,0.33548999999999995,0.33182,7.49961038961039,0.11019480519480519,,,,brooklynpark
2021-02-28,4020.0,0.03,-15.0,0.32524,0.31476,0.33324,0.3704,0.11382,0.09509000000000001,0.33540000000000003,0.34141,0.34043,7.499285714285714,0.11035714285714286,,,,brooklynpark
2021-03-01,3810.0,0.08,1.1111111111111112,0.33361999999999997,0.32088,0.34232,0.38079999999999997,0.11751,0.09877,0.34105,0.34732999999999997,0.34904,7.498961038961038,0.11051948051948052,,,,brooklynpark
2021-03-02,3830.0,0.0,0.5555555555555556,0.34199999999999997,0.327,0.3514,0.3912,0.1212,0.10245,0.3467,0.35324999999999995,0.35765,7.498636363636363,0.11068181818181819,,,,brooklynpark
2021-03-03,4140.0,0.0,0.5555555555555556,0.31316,0.30054000000000003,0.324495,0.36941999999999997,0.13233,0.109995,0.32375,0.33142499999999997,0.337615,7.498311688311688,0.11084415584415584,,,,brooklynpark
2021-03-04,4130.0,0.0,1.1111111111111112,0.28431999999999996,0.27408,0.29758999999999997,0.34764,0.14346,0.11754,0.3008,0.3096,0.31758000000000003,7.4979870129870125,0.11100649350649351,,,,brooklynpark
2021-03-05,4360.0,0.0,1.6666666666666667,0.25548,0.24762,0.27068499999999995,0.32586,0.15459,0.125085,0.27785,0.287775,0.297545,7.497662337662337,0.11116883116883117,,,,brooklynpark
2021-03-06,4500.0,0.0,1.6666666666666667,0.22663999999999998,0.22116000000000002,0.24378,0.30408,0.16571999999999998,0.13263,0.2549,0.26594999999999996,0.27751000000000003,7.497337662337662,0.11133116883116884,,,,brooklynpark
2021-03-07,4930.0,0.0,2.2222222222222223,0.19779999999999998,0.1947,0.21687499999999998,0.2823,0.17685,0.140175,0.23195,0.24412499999999998,0.257475,7.497012987012987,0.11149350649350649,,,,brooklynpark
2021-03-08,5490.0,0.0,2.7777777777777777,0.16896,0.16824,0.18996999999999997,0.26052,0.18797999999999998,0.14772000000000002,0.209,0.2223,0.23743999999999998,7.496688311688311,0.11165584415584415,,,,brooklynpark
2021-03-09,6380.0,0.0,2.7777777777777777,0.14012,0.14178000000000002,0.163065,0.23873999999999998,0.19910999999999998,0.155265,0.18605,0.200475,0.217405,7.496363636363636,0.11181818181818182,,,,brooklynpark
2021-03-10,7690.0,0.08,2.7777777777777777,0.11127999999999999,0.11532,0.13615999999999998,0.21696,0.21023999999999998,0.16281,0.1631,0.17865,0.19737,7.496038961038961,0.11198051948051949,,,,brooklynpark
2021-03-11,9390.0,0.85,2.7777777777777777,0.08244000000000001,0.08886,0.10925499999999996,0.19518,0.22136999999999998,0.170355,0.14015,0.15682500000000002,0.177335,7.4957142857142856,0.11214285714285714,,,,brooklynpark
2021-03-12,10600.0,0.0,3.888888888888889,0.053599999999999995,0.0624,0.08235,0.1734,0.23249999999999998,0.1779,0.1172,0.135,0.1573,7.49538961038961,0.1123051948051948,,,,brooklynpark
2021-03-13,11300.0,0.0,3.888888888888889,0.08543999999999999,0.09348,0.10956,0.19432,0.20556,0.15676,0.14288,0.15962,0.17614,7.495064935064935,0.11246753246753247,,,,brooklynpark
2021-03-14,12000.0,0.0,5.0,0.11728,0.12455999999999999,0.13677,0.21524000000000001,0.17862,0.13562000000000002,0.16856,0.18424000000000001,0.19498,7.49474025974026,0.11262987012987014,,,,brooklynpark
2021-03-15,12300.0,0.0,3.888888888888889,0.14911999999999997,0.15564,0.16398000000000001,0.23616,0.15167999999999998,0.11448,0.19424,0.20886,0.21382,7.494415584415584,0.11279220779220779,,,,brooklynpark
2021-03-16,12400.0,0.26,2.7777777777777777,0.18096,0.18672,0.19119000000000003,0.25708000000000003,0.12473999999999999,0.09334,0.21992,0.23348,0.23266,7.494090909090909,0.11295454545454545,,,,brooklynpark
2021-03-17,12700.0,0.05,3.888888888888889,0.2128,0.2178,0.2184,0.278,0.0978,0.0722,0.2456,0.2581,0.2515,7.493766233766234,0.11311688311688312,,,,brooklynpark
2021-03-18,12700.0,0.0,3.3333333333333335,0.15663333333333332,0.16706666666666667,0.17348333333333335,0.2417166666666667,0.14465,0.10601666666666668,0.20236666666666667,0.21826666666666666,0.2206,7.493441558441559,0.11327922077922079,,,,brooklynpark
2021-03-19,12100.0,0.0,4.444444444444445,0.10046666666666666,0.11633333333333333,0.12856666666666666,0.20543333333333336,0.1915,0.13983333333333334,0.15913333333333335,0.17843333333333333,0.1897,7.493116883116883,0.11344155844155844,,,,brooklynpark
2021-03-20,11500.0,0.0,4.444444444444445,0.044300000000000006,0.06559999999999999,0.08365,0.16915,0.23835,0.17365,0.1159,0.1386,0.1588,7.492792207792208,0.1136038961038961,,,,brooklynpark
2021-03-21,11100.0,0.0,5.555555555555555,0.044360000000000004,0.06255,0.08227,0.16882,0.23138,0.16865,0.11378,0.13748,0.15757,7.492467532467533,0.11376623376623377,,,,brooklynpark
2021-03-22,10900.0,0.0,6.666666666666667,0.04442,0.0595,0.08089,0.16849,0.22441,0.16365,0.11166000000000001,0.13636,0.15634,7.492142857142857,0.11392857142857143,,,,brooklynpark
2021-03-23,11500.0,0.02,6.944444444444445,0.044480000000000006,0.05645,0.07951,0.16815999999999998,0.21744000000000002,0.15865,0.10954,0.13524,0.15511,7.491818181818181,0.11409090909090909,,,,brooklynpark
2021-03-24,12300.0,0.57,7.222222222222222,0.04454,0.053399999999999996,0.07813,0.16782999999999998,0.21047000000000002,0.15365,0.10742,0.13412000000000002,0.15388000000000002,7.491493506493506,0.11425324675324675,,,,brooklynpark
2021-03-25,13100.0,0.5,7.222222222222222,0.0446,0.05035,0.07675,0.16749999999999998,0.20350000000000001,0.14865,0.1053,0.133,0.15265,7.491168831168831,0.11441558441558441,,,,brooklynpark
2021-03-26,14000.0,0.0,-8.333333333333334,0.0426775,0.05047849999999998,0.07318249999999998,0.1551215,0.181529,0.13381,0.10548857142857143,0.13375714285714285,0.15347,7.490844155844155,0.11457792207792208,,,,brooklynpark
2021-03-27,14000.0,0.0,7.222222222222222,0.040755,0.05060699999999996,0.06961499999999995,0.14274299999999998,0.15955799999999998,0.11897,0.10567714285714286,0.13451428571428573,0.15429,7.49051948051948,0.11474025974025974,,,,brooklynpark
2021-03-28,14700.0,0.24,6.666666666666667,0.0388325,0.05073549999999994,0.06604749999999994,0.1303645,0.13758699999999993,0.10413,0.10586571428571429,0.13527142857142857,0.15511,7.490194805194805,0.1149025974025974,,,,brooklynpark
2021-03-29,15000.0,0.0,6.666666666666667,0.03691,0.050863999999999916,0.062479999999999924,0.11798600000000001,0.11561599999999991,0.08929000000000001,0.10605428571428571,0.13602857142857144,0.15593,7.48987012987013,0.11506493506493506,,,,brooklynpark
2021-03-30,15200.0,0.0,7.777777777777778,0.0349875,0.0509924999999999,0.0589124999999999,0.1056075,0.0936449999999999,0.07445,0.10624285714285715,0.1367857142857143,0.15675,7.489545454545454,0.11522727272727273,,,,brooklynpark
2021-03-31,15400.0,0.0,5.555555555555555,0.034957916666666665,0.05116608333333324,0.05877208333333324,0.10813225000000001,0.09739516666666656,0.07658833333333334,0.10643142857142858,0.13754285714285716,0.15757000000000002,7.489220779220779,0.11538961038961039,,,,brooklynpark
2021-04-01,14900.0,0.0,6.111111111111111,0.03492833333333333,0.051339666666666575,0.058631666666666575,0.110657,0.10114533333333324,0.07872666666666667,0.10662,0.1383,0.15839,7.488896103896104,0.11555194805194804,,,,brooklynpark
2021-04-02,14800.0,0.0,6.666666666666667,0.03489875,0.051513249999999906,0.05849124999999991,0.11318175000000001,0.1048954999999999,0.080865,0.10680857142857143,0.13905714285714285,0.15921000000000002,7.488571428571428,0.11571428571428571,,,,brooklynpark
2021-04-03,14300.0,0.0,7.222222222222222,0.034869166666666666,0.051686833333333244,0.05835083333333325,0.1157065,0.10864566666666657,0.08300333333333333,0.10699714285714286,0.13981428571428572,0.16003,7.488246753246753,0.11587662337662338,,,,brooklynpark
2021-04-04,14300.0,0.0,7.777777777777778,0.034839583333333334,0.05186041666666658,0.058210416666666584,0.11823125000000001,0.11239583333333325,0.08514166666666667,0.10718571428571429,0.14057142857142857,0.16085000000000002,7.487922077922078,0.11603896103896104,,,,brooklynpark
2021-04-05,13700.0,0.0,9.444444444444445,0.03481,0.05203399999999992,0.05806999999999992,0.120756,0.11614599999999992,0.08728,0.10737428571428571,0.14132857142857144,0.16167,7.487597402597403,0.1162012987012987,,,,brooklynpark
2021-04-06,13300.0,0.21,11.11111111111111,0.03478041666666667,0.05220758333333326,0.05792958333333326,0.12328075000000001,0.11989616666666658,0.08941833333333334,0.10756285714285714,0.1420857142857143,0.16249000000000002,7.487272727272727,0.11636363636363636,,,,brooklynpark
2021-04-07,13600.0,0.58,12.222222222222221,0.03475083333333333,0.05238116666666659,0.05778916666666659,0.12580550000000001,0.12364633333333326,0.09155666666666668,0.10775142857142858,0.14284285714285716,0.16331,7.486948051948052,0.11652597402597403,,,,brooklynpark
2021-04-08,15500.0,0.19,13.333333333333334,0.034721249999999995,0.05255474999999993,0.05764874999999993,0.12833025,0.1273964999999999,0.093695,0.10794000000000001,0.1436,0.16413,7.486623376623377,0.11668831168831169,,,,brooklynpark
2021-04-09,18000.0,0.39,13.333333333333334,0.03469166666666666,0.052728333333333266,0.057508333333333266,0.130855,0.1311466666666666,0.09583333333333333,0.10812857142857143,0.14435714285714285,0.16495,7.4862987012987015,0.11685064935064934,,,,brooklynpark
2021-04-10,20700.0,0.15,12.222222222222221,0.03466208333333333,0.052901916666666604,0.0573679166666666,0.13337975000000002,0.13489683333333327,0.09797166666666667,0.10831714285714286,0.14511428571428572,0.16577,7.485974025974026,0.11701298701298701,,,,brooklynpark
2021-04-11,22600.0,0.0,11.11111111111111,0.0346325,0.05307549999999994,0.05722749999999994,0.1359045,0.13864699999999994,0.10011,0.10850571428571429,0.14587142857142857,0.16659000000000002,7.485649350649351,0.11717532467532468,,,,brooklynpark
2021-04-12,24300.0,0.0,11.11111111111111,0.034602916666666664,0.05324908333333327,0.057087083333333274,0.13842925,0.1423971666666666,0.10224833333333333,0.10869428571428572,0.14662857142857144,0.16741,7.485324675324676,0.11733766233766234,,,,brooklynpark
2021-04-13,25400.0,0.1,9.444444444444445,0.03457333333333333,0.05342266666666661,0.05694666666666662,0.14095400000000002,0.1461473333333333,0.10438666666666667,0.10888285714285714,0.1473857142857143,0.16823000000000002,7.484999999999999,0.1175,,,,brooklynpark
2021-04-14,26200.0,0.03,8.333333333333334,0.03454375,0.05359624999999995,0.05680624999999995,0.14347875000000002,0.14989749999999996,0.10652500000000001,0.10907142857142857,0.14814285714285716,0.16905,7.484675324675324,0.11766233766233766,,,,brooklynpark
2021-04-15,26700.0,0.0,8.333333333333334,0.034514166666666665,0.05376983333333329,0.05666583333333329,0.1460035,0.15364766666666663,0.10866333333333333,0.10926,0.1489,0.16987000000000002,7.484350649350649,0.11782467532467533,,,,brooklynpark
2021-04-16,26800.0,0.0,8.333333333333334,0.03448458333333333,0.053943416666666626,0.05652541666666663,0.14852825,0.1573978333333333,0.11080166666666666,0.10944857142857144,0.14965714285714288,0.17069,7.484025974025974,0.11798701298701299,,,,brooklynpark
2021-04-17,26400.0,0.0,8.88888888888889,0.034455,0.05411699999999996,0.05638499999999996,0.151053,0.16114799999999996,0.11294,0.10963714285714286,0.15041428571428572,0.17151,7.483701298701298,0.11814935064935064,,,,brooklynpark
2021-04-18,25900.0,0.0,9.444444444444445,0.03442541666666667,0.054290583333333295,0.0562445833333333,0.15357775,0.16489816666666662,0.11507833333333334,0.10982571428571429,0.15117142857142857,0.17233,7.483376623376623,0.11831168831168831,,,,brooklynpark
2021-04-19,24700.0,0.02,8.88888888888889,0.034395833333333334,0.05446416666666663,0.056104166666666636,0.1561025,0.1686483333333333,0.11721666666666666,0.11001428571428572,0.15192857142857144,0.17315,7.483051948051948,0.11847402597402598,,,,brooklynpark
2021-04-20,23600.0,0.0,7.777777777777778,0.03436625,0.05463774999999997,0.05596374999999997,0.15862725,0.17239849999999995,0.119355,0.11020285714285714,0.15268571428571429,0.17397,7.4827272727272724,0.11863636363636364,,,,brooklynpark
2021-04-21,22600.0,0.0,8.333333333333334,0.03433666666666667,0.05481133333333331,0.05582333333333331,0.16115200000000002,0.17614866666666665,0.12149333333333334,0.11039142857142857,0.15344285714285716,0.17479,7.482402597402597,0.11879870129870129,,,,brooklynpark
2021-04-22,21900.0,0.0,8.333333333333334,0.03430708333333333,0.05498491666666664,0.055682916666666644,0.16367675,0.1798988333333333,0.12363166666666667,0.11058,0.1542,0.17561000000000002,7.482077922077922,0.11896103896103896,,,,brooklynpark
2021-04-23,21200.0,0.01,9.444444444444445,0.034277499999999995,0.05515849999999998,0.05554249999999998,0.1662015,0.18364899999999998,0.12577,0.11076857142857142,0.15495714285714285,0.17643,7.481753246753247,0.11912337662337663,,,,brooklynpark
2021-04-24,20400.0,0.08,8.88888888888889,0.03424791666666666,0.055332083333333316,0.05540208333333332,0.16872625000000002,0.18739916666666667,0.12790833333333335,0.11095714285714285,0.15571428571428572,0.17725000000000002,7.481428571428571,0.11928571428571429,,,,brooklynpark
2021-04-25,19900.0,0.01,8.88888888888889,0.03421833333333333,0.055505666666666655,0.05526166666666665,0.17125100000000001,0.19114933333333334,0.13004666666666667,0.11114571428571429,0.15647142857142857,0.17807,7.481103896103896,0.11944805194805194,,,,brooklynpark
2021-04-26,19100.0,0.25,8.88888888888889,0.03418875,0.05567924999999999,0.05512124999999999,0.17377575,0.1948995,0.132185,0.11133428571428572,0.15722857142857144,0.17889000000000002,7.480779220779221,0.11961038961038961,,,,brooklynpark
2021-04-27,19000.0,0.15,9.444444444444445,0.034159166666666664,0.055852833333333324,0.054980833333333326,0.17630050000000003,0.19864966666666667,0.13432333333333335,0.11152285714285715,0.15798571428571428,0.17971,7.4804545454545455,0.11977272727272728,,,,brooklynpark
2021-04-28,18400.0,0.15,8.88888888888889,0.03412958333333333,0.05602641666666666,0.05484041666666666,0.17882525,0.20239983333333333,0.13646166666666668,0.11171142857142857,0.15874285714285716,0.18053000000000002,7.48012987012987,0.11993506493506494,,,,brooklynpark
2021-04-29,17800.0,0.01,10.0,0.0341,0.0562,0.0547,0.18135,0.20615,0.1386,0.1119,0.1595,0.18135,7.479805194805195,0.12009740259740259,,,,brooklynpark
2021-04-30,18000.0,0.0,10.555555555555555,0.041555833333333334,0.065415,0.06134875,0.2100975,0.20738416666666667,0.13516541666666665,0.11785,0.184525,0.21085,7.47948051948052,0.12025974025974026,,,,brooklynpark
2021-05-01,16800.0,0.0,11.666666666666666,0.04901166666666667,0.07462999999999999,0.0679975,0.23884499999999997,0.20861833333333335,0.13173083333333332,0.1238,0.20955000000000001,0.24035,7.479155844155844,0.12042207792207793,,,,brooklynpark
2021-05-02,16500.0,0.0,13.333333333333334,0.05076933333333333,0.07797399999999999,0.067168,0.25583599999999995,0.20786466666666667,0.12888466666666665,0.12785,0.2228,0.25435,7.478831168831169,0.12058441558441559,,,,brooklynpark
2021-05-03,16100.0,0.02,13.333333333333334,0.052527,0.08131799999999999,0.0663385,0.272827,0.20711100000000002,0.1260385,0.1319,0.23605,0.26835000000000003,7.478506493506494,0.12074675324675324,,,,brooklynpark
2021-05-04,15300.0,0.0,13.88888888888889,0.05428466666666666,0.08466199999999999,0.065509,0.28981799999999996,0.20635733333333334,0.12319233333333332,0.13595000000000002,0.2493,0.28235,7.4781818181818185,0.12090909090909091,,,,brooklynpark
2021-05-05,14800.0,0.0,12.777777777777779,0.05604233333333333,0.088006,0.06467949999999999,0.306809,0.20560366666666668,0.12034616666666666,0.14,0.26255,0.29635,7.477857142857143,0.12107142857142858,,,,brooklynpark
2021-05-06,13400.0,0.0,11.666666666666666,0.0578,0.09135,0.06384999999999999,0.3238,0.20485,0.1175,0.14405,0.2758,0.31035,7.477532467532467,0.12123376623376624,,,,brooklynpark
2021-05-07,12900.0,0.0,13.88888888888889,0.05475,0.08742,0.06020999999999999,0.31742,0.20223,0.11639999999999999,0.14271,0.27674,0.3116,7.477207792207792,0.12139610389610389,,,,brooklynpark
2021-05-08,12200.0,0.0,13.333333333333334,0.0517,0.08349,0.056569999999999995,0.31104,0.19961,0.1153,0.14137,0.27768,0.31285,7.4768831168831165,0.12155844155844156,,,,brooklynpark
2021-05-09,11600.0,0.0,13.88888888888889,0.04865,0.07955999999999999,0.05292999999999999,0.30466,0.19699,0.1142,0.14003000000000002,0.27862000000000003,0.3141,7.476558441558441,0.12172077922077923,,,,brooklynpark
2021-05-10,11000.0,0.0,13.88888888888889,0.0456,0.07563,0.049289999999999994,0.29828,0.19437000000000001,0.1131,0.13869,0.27956000000000003,0.31535,7.476233766233766,0.12188311688311688,,,,brooklynpark
2021-05-11,10300.0,0.0,13.333333333333334,0.042550000000000004,0.0717,0.045649999999999996,0.2919,0.19175,0.112,0.13735,0.2805,0.3166,7.475909090909091,0.12204545454545454,,,,brooklynpark
2021-05-12,9630.0,0.0,14.444444444444445,0.04291208333333334,0.07065958333333333,0.046654999999999995,0.2912341666666667,0.1866375,0.10825333333333331,0.13606923076923078,0.2827807692307693,0.3225730769230769,7.475584415584415,0.12220779220779221,,,,brooklynpark
2021-05-13,9450.0,0.0,14.444444444444445,0.04327416666666667,0.06961916666666666,0.047659999999999994,0.2905683333333333,0.181525,0.10450666666666664,0.13478846153846155,0.2850615384615385,0.3285461538461538,7.47525974025974,0.12237012987012988,,,,brooklynpark
2021-05-14,8930.0,0.0,15.555555555555555,0.04363625,0.06857875,0.048665,0.2899025,0.1764125,0.10075999999999996,0.1335076923076923,0.28734230769230773,0.33451923076923074,7.474935064935065,0.12253246753246753,,,,brooklynpark
2021-05-15,8590.0,0.0,15.0,0.043998333333333334,0.06753833333333334,0.04967,0.2892366666666667,0.1713,0.09701333333333327,0.13222692307692308,0.2896230769230769,0.3404923076923077,7.4746103896103895,0.12269480519480519,,,,brooklynpark
2021-05-16,8390.0,0.0,17.22222222222222,0.044360416666666666,0.06649791666666667,0.050675,0.28857083333333333,0.1661875,0.09326666666666658,0.13094615384615385,0.2919038461538462,0.3464653846153846,7.474285714285714,0.12285714285714286,,,,brooklynpark
2021-05-17,8340.0,0.0,17.22222222222222,0.0447225,0.0654575,0.05168,0.287905,0.161075,0.0895199999999999,0.12966538461538463,0.2941846153846154,0.35243846153846153,7.473961038961039,0.12301948051948053,,,,brooklynpark
2021-05-18,8000.0,0.0,18.333333333333332,0.051690714285714284,0.07017785714285714,0.054139999999999994,0.2977471428571429,0.16385,0.0902957142857142,0.12838461538461537,0.29646538461538463,0.35841153846153845,7.473636363636364,0.12318181818181818,,,,brooklynpark
2021-05-19,8050.0,0.03,18.333333333333332,0.05865892857142857,0.07489821428571429,0.0566,0.30758928571428573,0.166625,0.09107142857142851,0.12710384615384615,0.29874615384615383,0.36438461538461536,7.473311688311688,0.12334415584415584,,,,brooklynpark
2021-05-20,8490.0,0.43,19.444444444444443,0.06562714285714286,0.07961857142857143,0.059059999999999994,0.3174314285714286,0.1694,0.09184714285714281,0.12582307692307693,0.3010269230769231,0.3703576923076923,7.472987012987013,0.12350649350649351,,,,brooklynpark
2021-05-21,8590.0,0.46,20.0,0.07259535714285714,0.08433892857142858,0.06151999999999999,0.32727357142857144,0.172175,0.0926228571428571,0.12454230769230769,0.3033076923076923,0.37633076923076925,7.472662337662338,0.12366883116883118,,,,brooklynpark
2021-05-22,8580.0,0.1,20.555555555555557,0.07956357142857143,0.08905928571428572,0.06398,0.3371157142857143,0.17495,0.0933985714285714,0.12326153846153846,0.30558846153846153,0.38230384615384616,7.4723376623376625,0.12383116883116883,,,,brooklynpark
2021-05-23,8510.0,0.0,21.666666666666668,0.08653178571428571,0.09377964285714285,0.06644,0.34695785714285715,0.177725,0.09417428571428571,0.12198076923076923,0.3078692307692308,0.3882769230769231,7.472012987012987,0.12399350649350649,,,,brooklynpark
2021-05-24,8300.0,0.01,21.666666666666668,0.0935,0.0985,0.06889999999999999,0.3568,0.1805,0.09495,0.1207,0.31015,0.39425,7.471688311688312,0.12415584415584416,,,,brooklynpark
2021-05-25,8150.0,0.09,22.22222222222222,0.0562,0.06975,0.045,0.3426,0.168975,0.08565,0.100275,0.30765,0.376325,7.471363636363637,0.12431818181818183,,,,brooklynpark
2021-05-26,8100.0,0.0,21.666666666666668,0.0189,0.041,0.0211,0.3284,0.15745,0.07635,0.07985,0.30515000000000003,0.3584,7.471038961038961,0.12448051948051948,,,,brooklynpark
2021-05-27,8070.0,0.15,21.11111111111111,0.018,0.0397,0.021,0.3265166666666667,0.15051666666666666,0.07323333333333333,0.07881666666666667,0.29278333333333334,0.34741666666666665,7.470714285714285,0.12464285714285714,,,,brooklynpark
2021-05-28,7930.0,0.81,17.22222222222222,0.0171,0.038400000000000004,0.0209,0.32463333333333333,0.14358333333333334,0.07011666666666667,0.07778333333333333,0.2804166666666667,0.33643333333333336,7.47038961038961,0.12480519480519481,,,,brooklynpark
2021-05-29,7750.0,0.0,18.88888888888889,0.0162,0.0371,0.0208,0.32275,0.13665,0.067,0.07675,0.26805,0.32545,7.470064935064935,0.12496753246753248,,,,brooklynpark
2021-05-30,7180.0,0.0,18.88888888888889,0.022324999999999998,0.042624999999999996,0.02405,0.331075,0.147075,0.07275000000000001,0.08185,0.26755,0.333975,7.469740259740259,0.12512987012987015,,,,brooklynpark
2021-05-31,7070.0,0.0,17.22222222222222,0.02845,0.04815,0.027299999999999998,0.33940000000000003,0.1575,0.0785,0.08695,0.26705,0.3425,7.469415584415584,0.1252922077922078,,,,brooklynpark
2021-06-01,7140.0,0.0,18.88888888888889,0.03467499999999995,0.05210125,0.03427875,0.33706875,0.15252249999999995,0.0753475,0.08601,0.27084,0.34595000000000004,7.469090909090909,0.12545454545454546,,,,brooklynpark
2021-06-02,7240.0,0.0,19.444444444444443,0.0408999999999999,0.0560525,0.0412575,0.3347374999999999,0.1475449999999999,0.072195,0.08507,0.27463000000000004,0.34940000000000004,7.4687662337662335,0.12561688311688313,,,,brooklynpark
2021-06-03,6760.0,0.01,19.444444444444443,0.0347666666666666,0.05221833333333333,0.037105,0.3278249999999999,0.15404666666666658,0.07504666666666666,0.08413,0.27842,0.35285,7.468441558441558,0.12577922077922077,,,,brooklynpark
2021-06-04,6540.0,0.0,21.11111111111111,0.028633333333333302,0.048384166666666666,0.0329525,0.3209125,0.1605483333333333,0.07789833333333332,0.08319,0.28221,0.3563,7.468116883116883,0.12594155844155844,,,,brooklynpark
2021-06-05,6370.0,0.0,22.22222222222222,0.0225,0.04455,0.0288,0.314,0.16704999999999998,0.08074999999999999,0.08225,0.28600000000000003,0.35975,7.467792207792208,0.1261038961038961,,,,brooklynpark
2021-06-06,5890.0,0.0,23.333333333333332,0.025566666666666665,0.04493333333333333,0.029333333333333333,0.30498333333333333,0.1622333333333333,0.07959999999999999,0.0804,0.27630000000000005,0.3489333333333334,7.467467532467532,0.12626623376623378,,,,brooklynpark
2021-06-07,5530.0,0.0,23.88888888888889,0.028633333333333334,0.04531666666666667,0.029866666666666666,0.2959666666666667,0.15741666666666668,0.07845,0.07855,0.2666,0.3381166666666667,7.467142857142857,0.12642857142857145,,,,brooklynpark
2021-06-08,5400.0,0.0,25.555555555555557,0.0317,0.045700000000000005,0.0304,0.28695000000000004,0.1526,0.07730000000000001,0.07669999999999999,0.2569,0.32730000000000004,7.466818181818182,0.1265909090909091,,,,brooklynpark
2021-06-09,5080.0,0.0,26.666666666666668,0.0269,0.043725,0.0299,0.30317500000000003,0.161675,0.081625,0.07925,0.263525,0.3537,7.4664935064935065,0.12675324675324676,,,,brooklynpark
2021-06-10,4990.0,0.0,27.77777777777778,0.0221,0.041749999999999995,0.0294,0.3194,0.17075,0.08595,0.08180000000000001,0.27015,0.3801,7.466168831168831,0.12691558441558443,,,,brooklynpark
2021-06-11,5060.0,0.0,28.333333333333332,0.02266666666666667,0.040216666666666664,0.027666666666666666,0.3129166666666667,0.16315000000000002,0.08131666666666666,0.07678333333333334,0.2647833333333333,0.36351666666666665,7.465844155844156,0.12707792207792207,,,,brooklynpark
2021-06-12,4860.0,0.0,27.22222222222222,0.023233333333333335,0.03868333333333333,0.025933333333333333,0.30643333333333334,0.15555,0.07668333333333334,0.07176666666666667,0.2594166666666667,0.3469333333333333,7.465519480519481,0.12724025974025974,,,,brooklynpark
2021-06-13,4200.0,0.0,26.666666666666668,0.0238,0.03715,0.0242,0.29995,0.14795,0.07205,0.06675,0.25405,0.33035,7.465194805194805,0.1274025974025974,,,,brooklynpark
2021-06-14,3870.0,0.0,26.11111111111111,0.021825,0.038475,0.0239,0.319075,0.159,0.07552500000000001,0.07402500000000001,0.27335,0.35682499999999995,7.46487012987013,0.12756493506493508,,,,brooklynpark
2021-06-15,3240.0,0.0,26.11111111111111,0.01985,0.0398,0.023600000000000003,0.3382,0.17005,0.079,0.08130000000000001,0.29264999999999997,0.3833,7.464545454545455,0.12772727272727274,,,,brooklynpark
2021-06-16,3160.0,0.0,26.11111111111111,0.01871222222222221,0.04001222222222223,0.024855000000000002,0.3276161111111111,0.16384666666666667,0.07757055555555555,0.07661666666666668,0.283,0.36328333333333335,7.4642207792207795,0.1278896103896104,,,,brooklynpark
2021-06-17,3400.0,0.0,26.11111111111111,0.017574444444444424,0.040224444444444445,0.02611,0.3170322222222222,0.15764333333333333,0.07614111111111109,0.07193333333333334,0.27335000000000004,0.34326666666666666,7.463896103896104,0.12805194805194806,,,,brooklynpark
2021-06-18,3130.0,0.0,26.11111111111111,0.016436666666666634,0.04043666666666667,0.027365,0.3064483333333333,0.15144,0.07471166666666663,0.06725,0.26370000000000005,0.32325000000000004,7.463571428571429,0.12821428571428573,,,,brooklynpark
2021-06-19,2970.0,0.0,26.11111111111111,0.01738933333333331,0.04015933333333334,0.026782,0.30465866666666663,0.14946199999999998,0.0728993333333333,0.06679,0.25914000000000004,0.323,7.463246753246753,0.12837662337662337,,,,brooklynpark
2021-06-20,2860.0,0.0,25.555555555555557,0.01834199999999998,0.039882,0.026199,0.302869,0.147484,0.07108699999999998,0.06633,0.25458000000000003,0.32275000000000004,7.4629220779220775,0.12853896103896104,,,,brooklynpark
2021-06-21,2950.0,0.11,23.333333333333332,0.019294666666666654,0.03960466666666667,0.025616,0.3010793333333333,0.145506,0.06927466666666665,0.06587000000000001,0.25002,0.3225,7.462597402597402,0.1287012987012987,,,,brooklynpark
2021-06-22,3210.0,0.0,21.666666666666668,0.020247333333333326,0.03932733333333333,0.025033,0.2992896666666667,0.14352800000000002,0.06746233333333333,0.06541000000000001,0.24546,0.32225000000000004,7.462272727272727,0.12886363636363637,,,,brooklynpark
2021-06-23,3000.0,0.0,22.77777777777778,0.0212,0.03905,0.02445,0.2975,0.14155,0.06565,0.06495000000000001,0.2409,0.322,7.461948051948052,0.12902597402597404,,,,brooklynpark
2021-06-24,2770.0,0.0,23.88888888888889,0.02369,0.040515,0.025145,0.29800499999999996,0.141935,0.06600500000000001,0.06598000000000001,0.24161,0.32297,7.461623376623376,0.12918831168831169,,,,brooklynpark
2021-06-25,2990.0,0.0,25.0,0.026180000000000002,0.04198,0.02584,0.29851,0.14232,0.06636,0.06701,0.24232,0.32394,7.461298701298701,0.12935064935064935,,,,brooklynpark
2021-06-26,3080.0,0.0,25.0,0.02867,0.043445,0.026535,0.299015,0.142705,0.066715,0.06804,0.24303,0.32491000000000003,7.460974025974026,0.12951298701298702,,,,brooklynpark
2021-06-27,2810.0,0.33,25.0,0.03116,0.04491,0.027229999999999997,0.29952,0.14309,0.06707,0.06907,0.24374,0.32588,7.4606493506493505,0.12967532467532467,,,,brooklynpark
2021-06-28,2700.0,0.09,25.0,0.03365,0.046375,0.027925,0.300025,0.14347500000000002,0.06742500000000001,0.0701,0.24445,0.32685,7.460324675324675,0.12983766233766234,,,,brooklynpark
2021-06-29,2970.0,0.31,25.416666666666668,0.03614,0.04784,0.02862,0.30052999999999996,0.14386000000000002,0.06778,0.07113,0.24516,0.32782,7.46,0.13,,,,brooklynpark
2021-06-30,2910.0,0.01,25.833333333333332,0.03863,0.049305,0.029314999999999997,0.301035,0.144245,0.068135,0.07216,0.24587,0.32879,7.46,0.13,,,,brooklynpark
2021-07-01,2700.0,0.0,26.25,0.041120000000000004,0.050769999999999996,0.03001,0.30154,0.14463,0.06849000000000001,0.07319,0.24658,0.32976,7.46,0.13,,,,brooklynpark
2021-07-02,2560.0,0.0,26.666666666666664,0.043609999999999996,0.052235,0.030704999999999996,0.302045,0.145015,0.06884500000000002,0.07422,0.24729,0.33072999999999997,7.46,0.13,,,,brooklynpark
2021-07-03,2390.0,0.0,27.083333333333332,0.0461,0.0537,0.0314,0.30255,0.1454,0.06920000000000001,0.07525,0.248,0.3317,7.46,0.13,,,,brooklynpark
2021-07-04,2100.0,0.0,27.5,0.0407625,0.0595724999999999,0.0481324999999999,0.3176874999999999,0.1623399999999999,0.0883375,0.07719999999999999,0.27565,0.36585,7.46,0.13,,,,brooklynpark
2021-07-05,2160.0,0.0,27.916666666666664,0.022449999999999998,0.044399999999999995,0.025300000000000003,0.3386,0.17535,0.08195,0.07915,0.3033,0.4,7.46,0.13,,,,brooklynpark
2021-07-06,2140.0,0.0,28.333333333333332,0.06711875,0.08127499999999999,0.059550000000000006,0.352825,0.200075,0.10418124999999999,0.11015,0.314175,0.40379375,7.46,0.13,,,,brooklynpark
2021-07-07,2170.0,0.31,26.11111111111111,0.11178750000000001,0.11814999999999999,0.09380000000000001,0.36705,0.2248,0.12641249999999998,0.14115,0.32505,0.4075875,7.46,0.13,,,,brooklynpark
2021-07-08,2210.0,0.0,23.88888888888889,0.15645625000000002,0.155025,0.12805,0.38127500000000003,0.249525,0.14864375,0.17215,0.33592500000000003,0.41138125000000003,7.46,0.13,,,,brooklynpark
2021-07-09,2200.0,0.0,24.083333333333332,0.20112500000000003,0.1919,0.1623,0.3955,0.27425,0.170875,0.20315,0.3468,0.415175,7.46,0.13,,,,brooklynpark
2021-07-10,2170.0,0.0,24.27777777777778,0.24579375000000003,0.22877499999999998,0.19655,0.409725,0.298975,0.19310624999999998,0.23415,0.35767499999999997,0.41896875,7.46,0.13,,,,brooklynpark
2021-07-11,2010.0,0.0,24.47222222222222,0.29046250000000007,0.26565,0.2308,0.42395000000000005,0.3237,0.2153375,0.26515,0.36855,0.42276250000000004,7.46,0.13,,,,brooklynpark
2021-07-12,1950.0,0.0,24.666666666666668,0.33513125,0.302525,0.26505,0.43817500000000004,0.348425,0.23756874999999997,0.29615,0.379425,0.42655625,7.46,0.13,,,,brooklynpark
2021-07-13,1900.0,0.0,24.86111111111111,0.3798,0.3394,0.2993,0.4524,0.37315,0.2598,0.32715,0.3903,0.43035,7.46,0.13,,,,brooklynpark
2021-07-14,2070.0,0.0,25.055555555555557,0.20222500000000002,0.1903,0.16240000000000002,0.3951,0.26644999999999996,0.166125,0.202575,0.33699999999999997,0.399775,7.46,0.13,,,,brooklynpark
2021-07-15,1990.0,1.4,25.25,0.02465,0.0412,0.025500000000000002,0.3378,0.15975,0.07245,0.078,0.2837,0.3692,7.46,0.13,,,,brooklynpark
2021-07-16,1980.0,0.0,25.444444444444446,0.025583333333333333,0.038533333333333336,0.023100000000000002,0.26036666666666664,0.11380000000000001,0.05333333333333333,0.06336666666666667,0.22338333333333335,0.28683333333333333,7.46,0.13,,,,brooklynpark
2021-07-17,1910.0,0.0,25.63888888888889,0.026516666666666664,0.035866666666666665,0.0207,0.18293333333333334,0.06785000000000001,0.034216666666666666,0.04873333333333334,0.1630666666666667,0.20446666666666666,7.46,0.13,,,,brooklynpark
2021-07-18,1700.0,0.0,25.833333333333336,0.02745,0.0332,0.0183,0.10550000000000001,0.021900000000000003,0.015099999999999999,0.0341,0.10275000000000001,0.1221,7.46,0.13,,,,brooklynpark
2021-07-19,1580.0,0.0,26.02777777777778,0.02982791666666665,0.04229875,0.025758333333333334,0.2119375,0.09027875,0.045989583333333334,0.05602499999999999,0.18782500000000002,0.25165,7.46,0.13,,,,brooklynpark
2021-07-20,1520.0,0.0,26.22222222222222,0.0322058333333333,0.051397500000000006,0.033216666666666665,0.318375,0.1586575,0.07687916666666667,0.07794999999999999,0.27290000000000003,0.3812,7.46,0.13,,,,brooklynpark
2021-07-21,1570.0,0.0,26.416666666666668,0.03148466666666664,0.049808000000000005,0.032183333333333335,0.31484,0.158616,0.07596333333333333,0.07768,0.27172,0.37456999999999996,7.46,0.13,,,,brooklynpark
2021-07-22,1640.0,0.01,26.61111111111111,0.030763499999999982,0.048218500000000004,0.031149999999999997,0.311305,0.1585745,0.0750475,0.07740999999999999,0.27054,0.36794,7.46,0.13,,,,brooklynpark
2021-07-23,1650.0,0.02,26.805555555555557,0.03004233333333332,0.046629000000000004,0.030116666666666667,0.30777,0.158533,0.07413166666666667,0.07714,0.26936000000000004,0.36130999999999996,7.46,0.13,,,,brooklynpark
2021-07-24,1660.0,0.03,27.0,0.029321166666666662,0.0450395,0.029083333333333333,0.304235,0.1584915,0.07321583333333334,0.07687,0.26818000000000003,0.35468,7.46,0.13,,,,brooklynpark
2021-07-25,1600.0,0.0,27.194444444444446,0.0286,0.04345,0.02805,0.30069999999999997,0.15845,0.0723,0.0766,0.267,0.34804999999999997,7.46,0.13,,,,brooklynpark
2021-07-26,1740.0,0.0,27.38888888888889,0.026305000000000002,0.041805,0.02692,0.30083,0.1593,0.07275000000000001,0.076305,0.26813000000000003,0.34957,7.46,0.13,,,,brooklynpark
2021-07-27,1890.0,0.0,27.583333333333336,0.02401,0.04016,0.02579,0.30095999999999995,0.16015000000000001,0.0732,0.07601,0.26926,0.35108999999999996,7.46,0.13,,,,brooklynpark
2021-07-28,1960.0,0.0,27.77777777777778,0.021714999999999998,0.038515,0.02466,0.30108999999999997,0.161,0.07365000000000001,0.075715,0.27039,0.35261,7.46,0.13,,,,brooklynpark
2021-07-29,1750.0,0.08,27.5,0.01942,0.03687,0.02353,0.30122,0.16185,0.0741,0.07542,0.27152,0.35412999999999994,7.46,0.13,,,,brooklynpark
2021-07-30,1540.0,0.0,27.22222222222222,0.017125,0.035225,0.0224,0.30135,0.1627,0.07455,0.075125,0.27265,0.35564999999999997,7.46,0.13,,,,brooklynpark
2021-07-31,1550.0,0.0,26.944444444444446,0.01483,0.03358,0.02127,0.30147999999999997,0.16355,0.07500000000000001,0.07483,0.27378,0.35717,7.46,0.13,,,,brooklynpark
2021-08-01,1550.0,0.0,26.666666666666668,0.012534999999999998,0.031935000000000005,0.020139999999999998,0.30161,0.1644,0.07545,0.07453499999999999,0.27491,0.35868999999999995,7.46,0.13,,,,brooklynpark
2021-08-02,1610.0,0.0,26.38888888888889,0.010239999999999999,0.03029,0.01901,0.30174,0.16524999999999998,0.07590000000000001,0.07424,0.27604,0.36021,7.46,0.13,,,,brooklynpark
2021-08-03,1600.0,0.0,26.11111111111111,0.007945,0.028645,0.01788,0.30186999999999997,0.1661,0.07635,0.073945,0.27716999999999997,0.36172999999999994,7.46,0.13,,,,brooklynpark
2021-08-04,1500.0,0.0,25.833333333333332,0.00565,0.027,0.01675,0.302,0.16695,0.07680000000000001,0.07365,0.2783,0.36324999999999996,7.46,0.13,,,,brooklynpark
2021-08-05,1310.0,0.0,25.555555555555557,0.01782,0.03576,0.02339,0.30676,0.1666,0.07721,0.07886,0.27774,0.36565,7.46,0.13,,,,brooklynpark
2021-08-06,1360.0,0.0,25.27777777777778,0.02999,0.044520000000000004,0.03003,0.31151999999999996,0.16625,0.07762000000000001,0.08406999999999999,0.27718,0.36805,7.46,0.13,,,,brooklynpark
2021-08-07,1620.0,0.07,25.0,0.04216,0.05328,0.03667,0.31628,0.1659,0.07803,0.08928,0.27662,0.37044999999999995,7.46,0.13,,,,brooklynpark
2021-08-08,1600.0,0.31,24.444444444444443,0.05433,0.06204,0.04331,0.32104,0.16555,0.07844000000000001,0.09448999999999999,0.27605999999999997,0.37284999999999996,7.46,0.13,,,,brooklynpark
2021-08-09,1580.0,0.18,25.0,0.0665,0.0708,0.04995,0.3258,0.1652,0.07885,0.0997,0.27549999999999997,0.37525,7.46,0.13,,,,brooklynpark
2021-08-10,1520.0,0.01,26.11111111111111,0.050850000000000006,0.058633333333333336,0.04075,0.2990333333333333,0.15003333333333335,0.07216666666666667,0.08543333333333333,0.2558333333333333,0.34178333333333333,7.46,0.13,,,,brooklynpark
2021-08-11,1470.0,0.06,26.11111111111111,0.0352,0.04646666666666667,0.03155,0.27226666666666666,0.13486666666666666,0.06548333333333334,0.07116666666666667,0.23616666666666666,0.3083166666666667,7.46,0.13,,,,brooklynpark
2021-08-12,1460.0,0.0,25.555555555555557,0.019549999999999998,0.0343,0.022350000000000002,0.2455,0.1197,0.058800000000000005,0.056900000000000006,0.2165,0.27485000000000004,7.46,0.13,,,,brooklynpark
2021-08-13,1350.0,0.05,24.444444444444443,0.018949999999999998,0.03315,0.0227,0.2521,0.1341,0.064475,0.0637,0.235875,0.290875,7.46,0.13,,,,brooklynpark
2021-08-14,1300.0,0.0,23.88888888888889,0.018349999999999998,0.032,0.02305,0.2587,0.1485,0.07014999999999999,0.07050000000000001,0.25525,0.3069,7.46,0.13,,,,brooklynpark
2021-08-15,1240.0,0.0,23.958333333333332,0.03188333333333333,0.04526666666666667,0.03381666666666667,0.26548333333333335,0.1455,0.06763333333333332,0.079,0.253,0.31075,7.46,0.13,,,,brooklynpark
2021-08-16,1140.0,0.0,24.02777777777778,0.04541666666666666,0.05853333333333334,0.044583333333333336,0.27226666666666666,0.14250000000000002,0.06511666666666667,0.08750000000000001,0.25075,0.3146,7.46,0.13,,,,brooklynpark
2021-08-17,1070.0,0.0,24.09722222222222,0.058949999999999995,0.0718,0.055349999999999996,0.27905,0.1395,0.0626,0.096,0.2485,0.31845,7.46,0.13,,,,brooklynpark
2021-08-18,1100.0,0.0,24.166666666666664,0.142675,0.14450000000000002,0.13387500000000002,0.258975,0.16375,0.097475,0.16967500000000002,0.25215,0.2932,7.46,0.13,,,,brooklynpark
2021-08-19,1050.0,0.0,24.23611111111111,0.2264,0.2172,0.2124,0.2389,0.188,0.13235000000000002,0.24335,0.2558,0.26795,7.46,0.13,,,,brooklynpark
2021-08-20,934.0,0.0,24.305555555555554,0.1632,0.15933333333333333,0.15208333333333335,0.2391,0.16846666666666668,0.11055000000000002,0.18826666666666667,0.24486666666666668,0.27645000000000003,7.46,0.13,,,,brooklynpark
2021-08-21,930.0,0.05,24.375,0.1,0.10146666666666666,0.09176666666666668,0.23929999999999998,0.14893333333333333,0.08875000000000002,0.13318333333333332,0.23393333333333333,0.28495,7.46,0.13,,,,brooklynpark
2021-08-22,1240.0,0.0,24.444444444444443,0.0368,0.0436,0.03145,0.2395,0.12940000000000002,0.06695000000000001,0.0781,0.22299999999999998,0.29345,7.46,0.13,,,,brooklynpark
2021-08-23,1670.0,0.08,24.444444444444443,0.03495714285714285,0.04192142857142857,0.029928571428571426,0.23959999999999998,0.1296357142857143,0.06607857142857143,0.07665000000000001,0.22573571428571426,0.29757142857142854,7.46,0.13,,,,brooklynpark
2021-08-24,1860.0,0.68,25.0,0.033114285714285714,0.04024285714285714,0.028407142857142857,0.2397,0.12987142857142858,0.06520714285714287,0.0752,0.22847142857142855,0.30169285714285715,7.46,0.13,,,,brooklynpark
2021-08-25,2040.0,0.38,24.444444444444443,0.03127142857142857,0.03856428571428571,0.026885714285714284,0.23979999999999999,0.13010714285714287,0.06433571428571429,0.07375000000000001,0.23120714285714283,0.3058142857142857,7.46,0.13,,,,brooklynpark
2021-08-26,1930.0,0.0,25.0,0.02942857142857143,0.036885714285714286,0.025364285714285714,0.2399,0.13034285714285715,0.06346428571428572,0.0723,0.23394285714285715,0.3099357142857143,7.46,0.13,,,,brooklynpark
2021-08-27,2110.0,2.49,23.88888888888889,0.027585714285714283,0.035207142857142854,0.02384285714285714,0.24,0.13057857142857143,0.06259285714285714,0.07085000000000001,0.23667857142857143,0.31405714285714287,7.46,0.13,,,,brooklynpark
2021-08-28,2160.0,0.08,23.88888888888889,0.02574285714285714,0.03352857142857142,0.02232142857142857,0.2401,0.13081428571428572,0.06172142857142857,0.06940000000000002,0.23941428571428572,0.3181785714285714,7.46,0.13,,,,brooklynpark
2021-08-29,2530.0,0.7,24.444444444444443,0.023899999999999998,0.031849999999999996,0.0208,0.2402,0.13105,0.06085,0.06795000000000001,0.24215,0.32230000000000003,7.46,0.13,,,,brooklynpark
2021-08-30,2460.0,0.0,24.444444444444443,0.030666666666666665,0.0371,0.0242,0.2544,0.12416666666666666,0.057183333333333336,0.06780000000000001,0.23578333333333334,0.3041666666666667,7.46,0.13,,,,brooklynpark
2021-08-31,2630.0,0.0,25.0,0.03743333333333333,0.04235,0.0276,0.2686,0.11728333333333334,0.053516666666666664,0.06765,0.22941666666666666,0.28603333333333336,7.46,0.13,,,,brooklynpark
2021-09-01,2550.0,0.0,24.444444444444443,0.0442,0.0476,0.031,0.2828,0.1104,0.04985,0.0675,0.22305,0.2679,7.46,0.13,,,,brooklynpark
2021-09-02,2350.0,0.0,23.88888888888889,0.03788333333333333,0.04423616666666667,0.028811499999999993,0.27413983333333336,0.11159583333333332,0.05064616666666666,0.06626,0.22214,0.26568,7.46,0.13,,,,brooklynpark
2021-09-03,2390.0,0.26,22.77777777777778,0.03156666666666665,0.04087233333333334,0.026622999999999987,0.26547966666666667,0.11279166666666667,0.05144233333333332,0.06502000000000001,0.22123,0.26346,7.46,0.13,,,,brooklynpark
2021-09-04,2360.0,0.03,21.666666666666668,0.02524999999999998,0.0375085,0.02443449999999998,0.2568195,0.11398749999999999,0.05223849999999998,0.06378,0.22032,0.26124,7.46,0.13,,,,brooklynpark
2021-09-05,2470.0,0.0,22.22222222222222,0.018933333333333306,0.03414466666666666,0.022245999999999974,0.24815933333333334,0.11518333333333333,0.05303466666666664,0.06254,0.21941,0.25902000000000003,7.46,0.13,,,,brooklynpark
2021-09-06,2530.0,0.0,22.77777777777778,0.012616666666666632,0.03078083333333333,0.020057499999999968,0.23949916666666668,0.11637916666666666,0.0538308333333333,0.0613,0.2185,0.25680000000000003,7.46,0.13,,,,brooklynpark
2021-09-07,2570.0,0.0,23.333333333333332,0.032358333333333315,0.04854041666666667,0.039178749999999984,0.2808495833333333,0.14023958333333333,0.07304041666666665,0.084925,0.2471,0.3035,7.46,0.13,,,,brooklynpark
2021-09-08,2320.0,0.0,22.22222222222222,0.0521,0.0663,0.0583,0.3222,0.1641,0.09225,0.10855,0.2757,0.35019999999999996,7.46,0.13,,,,brooklynpark
2021-09-09,2340.0,0.05,21.666666666666668,0.0531,0.0641,0.05388333333333333,0.26406666666666667,0.13711666666666666,0.07996666666666667,0.09784999999999999,0.2329,0.29241666666666666,7.46,0.13,,,,brooklynpark
2021-09-10,2250.0,0.0,22.22222222222222,0.054099999999999995,0.061900000000000004,0.049466666666666666,0.2059333333333333,0.11013333333333333,0.06768333333333333,0.08714999999999999,0.1901,0.2346333333333333,7.46,0.13,,,,brooklynpark
2021-09-11,1930.0,0.0,22.22222222222222,0.055099999999999996,0.0597,0.04505,0.1478,0.08315,0.055400000000000005,0.07644999999999999,0.1473,0.17685,7.46,0.13,,,,brooklynpark
2021-09-12,1750.0,0.0,22.22222222222222,0.047279999999999996,0.05427,0.04058,0.16627,0.09193,0.056,0.07491999999999999,0.16383999999999999,0.20041,7.46,0.13,,,,brooklynpark
2021-09-13,1760.0,0.0,21.666666666666668,0.039459999999999995,0.04884,0.03611,0.18474,0.10071,0.056600000000000004,0.07339,0.18037999999999998,0.22397,7.46,0.13,,,,brooklynpark
2021-09-14,2100.0,0.22,21.666666666666668,0.03164,0.04341,0.03164,0.20321,0.10949,0.0572,0.07186,0.19691999999999998,0.24752999999999997,7.46,0.13,,,,brooklynpark
2021-09-15,2110.0,0.0,21.11111111111111,0.02382,0.03798,0.02717,0.22168,0.11827,0.057800000000000004,0.07033,0.21345999999999998,0.27108999999999994,7.46,0.13,,,,brooklynpark
2021-09-16,2290.0,0.05,21.11111111111111,0.016,0.032549999999999996,0.022699999999999998,0.24015,0.12705,0.0584,0.0688,0.22999999999999998,0.29464999999999997,7.46,0.13,,,,brooklynpark
2021-09-17,2440.0,0.33,21.666666666666668,0.01585,0.032299999999999995,0.02035,0.238475,0.125975,0.058075,0.0714,0.22615,0.284975,7.46,0.13,,,,brooklynpark
2021-09-18,2690.0,0.0,21.666666666666668,0.0157,0.03205,0.018000000000000002,0.2368,0.12490000000000001,0.057749999999999996,0.07400000000000001,0.2223,0.2753,7.46,0.13,,,,brooklynpark
2021-09-19,2290.0,0.0,21.11111111111111,0.016383333333333333,0.031566666666666666,0.017833333333333336,0.24473333333333333,0.12178333333333334,0.055966666666666665,0.07158333333333335,0.22695,0.27736666666666665,7.46,0.13,,,,brooklynpark
2021-09-20,2720.0,0.0,22.22222222222222,0.017066666666666667,0.031083333333333334,0.017666666666666667,0.25266666666666665,0.11866666666666667,0.05418333333333333,0.06916666666666667,0.2316,0.2794333333333333,7.46,0.13,,,,brooklynpark
2021-09-21,2900.0,0.53,20.555555555555557,0.017750000000000002,0.030600000000000002,0.0175,0.2606,0.11555,0.0524,0.06675,0.23625000000000002,0.2815,7.46,0.13,,,,brooklynpark
2021-09-22,3180.0,0.0,20.0,0.0285799999999999,0.042275,0.0342174999999999,0.2326575,0.1031874999999999,0.05157,0.06825,0.2419,0.28354999999999997,7.46,0.13,,,,brooklynpark
2021-09-23,3320.0,0.0,20.555555555555557,0.0095,0.022949999999999998,0.01615,0.2394,0.1285,0.060700000000000004,0.06975,0.24755,0.28559999999999997,7.46,0.13,,,,brooklynpark
2021-09-24,2880.0,0.0,20.555555555555557,0.011269999999999999,0.024759999999999997,0.01688,0.23588,0.12734,0.05988,0.07212,0.24304,0.28279,7.46,0.13,,,,brooklynpark
2021-09-25,2720.0,0.06,18.88888888888889,0.01304,0.02657,0.01761,0.23236,0.12618000000000001,0.05906,0.07449,0.23853,0.27998,7.46,0.13,,,,brooklynpark
2021-09-26,2950.0,0.0,18.333333333333332,0.014809999999999999,0.02838,0.01834,0.22884,0.12502,0.05824,0.07686000000000001,0.23402,0.27716999999999997,7.46,0.13,,,,brooklynpark
2021-09-27,2890.0,0.0,19.444444444444443,0.016579999999999998,0.03019,0.01907,0.22532,0.12386,0.05742,0.07923000000000001,0.22951,0.27436,7.46,0.13,,,,brooklynpark
2021-09-28,2910.0,0.0,19.444444444444443,0.018349999999999998,0.032,0.019799999999999998,0.2218,0.1227,0.0566,0.0816,0.225,0.27155,7.46,0.13,,,,brooklynpark
2021-09-29,2670.0,0.0,20.0,0.0622,0.07386000000000001,0.06326,0.24588,0.15737,0.0991,0.11793000000000001,0.24375,0.28297,7.46,0.13,,,,brooklynpark
2021-09-30,2390.0,0.0,20.555555555555557,0.10605,0.11572,0.10672,0.26996,0.19204000000000002,0.1416,0.15426,0.2625,0.29439,7.46,0.13,,,,brooklynpark
2021-10-01,2480.0,0.0,20.555555555555557,0.1499,0.15758,0.15017999999999998,0.29403999999999997,0.22671000000000002,0.18409999999999999,0.19058999999999998,0.28125,0.30581,7.46,0.13,,,,brooklynpark
2021-10-02,3260.0,0.05,21.11111111111111,0.19375,0.19944,0.19363999999999998,0.31812,0.26138000000000006,0.22660000000000002,0.22691999999999998,0.3,0.31723,7.46,0.13,,,,brooklynpark
2021-10-03,3370.0,0.23,20.555555555555557,0.2376,0.24130000000000001,0.2371,0.3422,0.29605000000000004,0.2691,0.26325,0.31875,0.32865,7.46,0.13,,,,brooklynpark
2021-10-04,3150.0,0.0,20.0,0.2298,0.23313333333333333,0.2314,0.3288666666666667,0.2968,0.2776666666666667,0.26436666666666664,0.3192333333333333,0.33039999999999997,7.46,0.13,,,,brooklynpark
2021-10-05,3210.0,0.0,20.555555555555557,0.222,0.22496666666666668,0.2257,0.31553333333333333,0.29755000000000004,0.28623333333333334,0.26548333333333335,0.31971666666666665,0.33215,7.46,0.13,,,,brooklynpark
2021-10-06,3690.0,0.0,20.555555555555557,0.2142,0.2168,0.22,0.3022,0.2983,0.2948,0.2666,0.3202,0.3339,7.46,0.13,,,,brooklynpark
2021-10-07,3440.0,0.0,20.555555555555557,0.17482999999999999,0.17998,0.18133,0.28226,0.26459,0.24887,0.231,0.30036999999999997,0.3218,7.46,0.13,,,,brooklynpark
2021-10-08,3610.0,0.01,20.555555555555557,0.13546,0.14316,0.14266,0.26232,0.23088,0.20294,0.19540000000000002,0.28054,0.3097,7.46,0.13,,,,brooklynpark
2021-10-09,3700.0,0.0,20.555555555555557,0.09609,0.10633999999999999,0.10399000000000001,0.24238,0.19717,0.15700999999999998,0.1598,0.26071,0.2976,7.46,0.13,,,,brooklynpark
2021-10-10,3640.0,0.02,21.11111111111111,0.05671999999999999,0.06952,0.06532000000000002,0.22244000000000003,0.16346,0.11107999999999998,0.1242,0.24087999999999998,0.2855,7.46,0.13,,,,brooklynpark
2021-10-11,3730.0,0.0,20.555555555555557,0.017349999999999997,0.0327,0.02665,0.2025,0.12975,0.06515,0.0886,0.22105,0.2734,7.46,0.13,,,,brooklynpark
2021-10-12,3920.0,0.0,19.444444444444443,0.016849999999999997,0.03384,0.02706,0.20793,0.13103,0.06599,0.09318,0.22209,0.26818,7.46,0.13,,,,brooklynpark
2021-10-13,4340.0,0.0,19.444444444444443,0.01635,0.034980000000000004,0.02747,0.21336,0.13231,0.06683,0.09776,0.22313,0.26295999999999997,7.46,0.13,,,,brooklynpark
2021-10-14,4170.0,0.03,18.333333333333332,0.01585,0.03612,0.02788,0.21878999999999998,0.13359,0.06767,0.10234,0.22417,0.25774,7.46,0.13,,,,brooklynpark
2021-10-15,4250.0,0.0,16.11111111111111,0.015349999999999999,0.03726,0.02829,0.22422,0.13487,0.06851,0.10692,0.22521,0.25252,7.46,0.13,,,,brooklynpark
2021-10-16,4420.0,0.01,15.555555555555555,0.01485,0.038400000000000004,0.0287,0.22965,0.13615,0.06935,0.1115,0.22625,0.24730000000000002,7.46,0.13,,,,brooklynpark
2021-10-17,4260.0,0.0,14.444444444444445,0.013850000000000001,0.035825,0.029249999999999998,0.218325,0.140675,0.071875,0.1112,0.229425,0.24627500000000002,7.46,0.13,,,,brooklynpark
2021-10-18,4080.0,0.0,15.555555555555555,0.01285,0.03325,0.0298,0.20700000000000002,0.1452,0.0744,0.1109,0.2326,0.24525000000000002,7.46,0.13,,,,brooklynpark
2021-10-19,4140.0,0.0,15.555555555555555,0.01217,0.03424,0.03075,0.20814000000000002,0.14782,0.07639,0.11735,0.22789,0.24470000000000003,7.46,0.13,,,,brooklynpark
2021-10-20,4360.0,0.0,16.11111111111111,0.01149,0.03523,0.0317,0.20928000000000002,0.15044,0.07838,0.1238,0.22318000000000002,0.24415,7.46,0.13,,,,brooklynpark
2021-10-21,4380.0,0.98,15.555555555555555,0.01081,0.03622,0.03265,0.21042,0.15306,0.08037,0.13025,0.21847,0.2436,7.46,0.13,,,,brooklynpark
2021-10-22,4320.0,0.0,13.88888888888889,0.01013,0.03721,0.0336,0.21156,0.15567999999999999,0.08236,0.1367,0.21376,0.24305,7.46,0.13,,,,brooklynpark
2021-10-23,3990.0,0.0,13.333333333333334,0.00945,0.0382,0.03455,0.2127,0.1583,0.08435000000000001,0.14315,0.20905,0.2425,7.46,0.13,,,,brooklynpark
2021-10-24,3910.0,0.0,12.777777777777779,0.0111375,0.039224999999999996,0.038525,0.2164,0.15941875,0.08619375000000001,0.1402625,0.20348125,0.23661875,7.46,0.13,,,,brooklynpark
2021-10-25,4050.0,0.0,11.666666666666666,0.012825,0.040249999999999994,0.042499999999999996,0.22010000000000002,0.1605375,0.0880375,0.137375,0.1979125,0.23073749999999998,7.46,0.13,,,,brooklynpark
2021-10-26,4300.0,0.0,12.222222222222221,0.0145125,0.041275,0.046474999999999995,0.2238,0.16165625,0.08988125,0.13448749999999998,0.19234375,0.22485625,7.46,0.13,,,,brooklynpark
2021-10-27,3940.0,0.03,11.666666666666666,0.0162,0.0423,0.050449999999999995,0.2275,0.162775,0.091725,0.1316,0.186775,0.218975,7.46,0.13,,,,brooklynpark
2021-10-28,4150.0,0.63,11.666666666666666,0.0178875,0.043324999999999995,0.054424999999999994,0.23120000000000002,0.16389375,0.09356875,0.1287125,0.18120624999999999,0.21309375,7.46,0.13,,,,brooklynpark
2021-10-29,4730.0,0.16,11.11111111111111,0.019575,0.04435,0.058399999999999994,0.2349,0.1650125,0.0954125,0.125825,0.1756375,0.20721250000000002,7.46,0.13,,,,brooklynpark
2021-10-30,5270.0,0.0,11.11111111111111,0.021262499999999997,0.045375,0.06237499999999999,0.2386,0.16613125,0.09725624999999999,0.12293749999999999,0.17006875,0.20133125000000002,7.46,0.13,,,,brooklynpark
2021-10-31,5630.0,0.0,11.11111111111111,0.022949999999999998,0.0464,0.06634999999999999,0.24230000000000002,0.16725,0.0991,0.12004999999999999,0.16449999999999998,0.19545,7.46,0.13,,,,brooklynpark
2021-11-01,5880.0,0.0,9.444444444444445,0.029124999999999998,0.057499999999999996,0.070875,0.24825,0.1781,0.10994999999999999,0.128025,0.181775,0.20142500000000002,7.46,0.13,,,,brooklynpark
2021-11-02,5890.0,0.0,8.88888888888889,0.0353,0.0686,0.0754,0.2542,0.18895,0.12079999999999999,0.136,0.19905,0.2074,7.46,0.13,,,,brooklynpark
2021-11-03,5880.0,0.0,8.88888888888889,0.03612,0.06835999999999999,0.0756,0.25016,0.1915066666666667,0.12594999999999998,0.13556666666666667,0.19709666666666667,0.20627333333333334,7.46,0.13,,,,brooklynpark
2021-11-04,5840.0,0.0,8.88888888888889,0.03694,0.06812,0.07579999999999999,0.24611999999999998,0.19406333333333334,0.1311,0.13513333333333336,0.19514333333333334,0.20514666666666667,7.46,0.13,,,,brooklynpark
2021-11-05,5790.0,0.0,8.88888888888889,0.03776,0.06788,0.076,0.24208,0.19662000000000002,0.13624999999999998,0.13470000000000001,0.19319,0.20402,7.46,0.13,,,,brooklynpark
2021-11-06,5690.0,0.0,8.88888888888889,0.038579999999999996,0.06763999999999999,0.07619999999999999,0.23803999999999997,0.19917666666666667,0.1414,0.13426666666666667,0.19123666666666667,0.20289333333333334,7.46,0.13,,,,brooklynpark
2021-11-07,5630.0,0.0,8.88888888888889,0.0394,0.0674,0.0764,0.23399999999999999,0.20173333333333335,0.14654999999999999,0.13383333333333333,0.18928333333333333,0.20176666666666668,7.46,0.13,,,,brooklynpark
2021-11-08,6070.0,0.0,8.88888888888889,0.04022,0.06716,0.0766,0.22996,0.20429,0.1517,0.13340000000000002,0.18733,0.20064,7.46,0.13,,,,brooklynpark
2021-11-09,5740.0,0.0,8.88888888888889,0.04104,0.06692,0.0768,0.22591999999999998,0.20684666666666668,0.15685,0.13296666666666668,0.18537666666666666,0.19951333333333332,7.46,0.13,,,,brooklynpark
2021-11-10,5310.0,0.0,8.333333333333334,0.04186,0.06668,0.077,0.22188,0.20940333333333333,0.162,0.13253333333333334,0.18342333333333333,0.19838666666666666,7.46,0.13,,,,brooklynpark
2021-11-11,5640.0,0.81,8.88888888888889,0.04268,0.06644,0.07719999999999999,0.21783999999999998,0.21196,0.16715,0.1321,0.18147000000000002,0.19726,7.46,0.13,,,,brooklynpark
2021-11-12,6140.0,0.05,7.777777777777778,0.0435,0.0662,0.0774,0.2138,0.21451666666666666,0.1723,0.13166666666666668,0.17951666666666669,0.19613333333333333,7.46,0.13,,,,brooklynpark
2021-11-13,6390.0,0.0,6.666666666666667,0.04432,0.06596,0.0776,0.20976,0.21707333333333334,0.17745,0.13123333333333334,0.17756333333333335,0.19500666666666666,7.46,0.13,,,,brooklynpark
2021-11-14,6130.0,0.18,6.111111111111111,0.04514,0.06572,0.0778,0.20572,0.21963,0.18259999999999998,0.1308,0.17561000000000002,0.19388,7.46,0.13,,,,brooklynpark
2021-11-15,6410.0,0.0,5.555555555555555,0.04596,0.06548,0.078,0.20168,0.22218666666666667,0.18775,0.13036666666666666,0.17365666666666668,0.19275333333333333,7.46,0.13,,,,brooklynpark
2021-11-16,6390.0,0.0,5.555555555555555,0.04678,0.06524,0.07819999999999999,0.19763999999999998,0.22474333333333335,0.19290000000000002,0.12993333333333335,0.17170333333333335,0.19162666666666667,7.46,0.13,,,,brooklynpark
2021-11-17,6280.0,0.0,5.0,0.0476,0.065,0.0784,0.1936,0.2273,0.19805,0.1295,0.16975,0.1905,7.46,0.13,,,,brooklynpark
2021-11-18,6310.0,0.0,4.444444444444445,0.04679604166666667,0.06408739583333334,0.07735614583333333,0.1913475,0.22184864583333333,0.19026489583333334,0.12514375,0.16506875000000001,0.18480625,7.46,0.13,,,,brooklynpark
2021-11-19,6490.0,0.0,2.7777777777777777,0.045992083333333336,0.06317479166666667,0.07631229166666667,0.18909499999999999,0.21639729166666666,0.18247979166666667,0.1207875,0.16038750000000002,0.1791125,7.46,0.13,,,,brooklynpark
2021-11-20,6110.0,0.0,3.3333333333333335,0.045188125,0.0622621875,0.0752684375,0.1868425,0.2109459375,0.1746946875,0.11643125,0.15570625000000002,0.17341875,7.46,0.13,,,,brooklynpark
2021-11-21,5890.0,0.0,3.3333333333333335,0.04438416666666667,0.06134958333333333,0.07422458333333333,0.18458999999999998,0.20549458333333334,0.16690958333333333,0.11207500000000001,0.15102500000000002,0.167725,7.46,0.13,,,,brooklynpark
2021-11-22,5970.0,0.0,2.7777777777777777,0.043580208333333335,0.06043697916666667,0.07318072916666667,0.18233749999999999,0.20004322916666667,0.15912447916666667,0.10771875,0.14634375,0.16203125,7.46,0.13,,,,brooklynpark
2021-11-23,5510.0,0.0,2.2222222222222223,0.04277625,0.059524375000000004,0.07213687499999999,0.180085,0.19459187500000003,0.151339375,0.1033625,0.1416625,0.1563375,7.46,0.13,,,,brooklynpark
2021-11-24,5370.0,0.0,3.3333333333333335,0.04197229166666667,0.05861177083333333,0.07109302083333333,0.17783249999999998,0.18914052083333335,0.14355427083333333,0.09900624999999999,0.13698125,0.15064375,7.46,0.13,,,,brooklynpark
2021-11-25,4830.0,0.0,2.7777777777777777,0.041168333333333335,0.05769916666666667,0.07004916666666666,0.17557999999999999,0.18368916666666668,0.13576916666666666,0.09465,0.1323,0.14495,7.46,0.13,,,,brooklynpark
2021-11-26,4230.0,0.0,2.2222222222222223,0.040972857142857144,0.057535,0.06995642857142857,0.17593999999999999,0.18648357142857144,0.13694499999999998,0.09635714285714285,0.13428571428571429,0.14796428571428571,7.46,0.13,,,,brooklynpark
2021-11-27,4610.0,0.0,1.6666666666666667,0.040777380952380954,0.057370833333333336,0.06986369047619047,0.17629999999999998,0.1892779761904762,0.13812083333333333,0.09806428571428571,0.13627142857142857,0.15097857142857143,7.46,0.13,,,,brooklynpark
2021-11-28,4180.0,0.0,2.2222222222222223,0.040581904761904763,0.05720666666666667,0.06977095238095238,0.17665999999999998,0.19207238095238097,0.13929666666666665,0.09977142857142857,0.13825714285714286,0.15399285714285715,7.46,0.13,,,,brooklynpark
2021-11-29,5190.0,0.0,2.2222222222222223,0.04038642857142857,0.0570425,0.06967821428571429,0.17702,0.1948667857142857,0.1404725,0.10147857142857143,0.14024285714285714,0.15700714285714285,7.46,0.13,,,,brooklynpark
2021-11-30,5280.0,0.0,2.2222222222222223,0.04019095238095238,0.056878333333333336,0.0695854761904762,0.17738,0.19766119047619046,0.14164833333333332,0.10318571428571428,0.14222857142857143,0.16002142857142856,7.46,0.13,,,,brooklynpark
2021-12-01,5330.0,0.1,3.3333333333333335,0.03999547619047619,0.05671416666666667,0.0694927380952381,0.17774,0.20045559523809522,0.14282416666666667,0.10489285714285715,0.1442142857142857,0.16303571428571428,7.46,0.13,,,,brooklynpark
2021-12-02,5260.0,0.0,3.3333333333333335,0.0398,0.05655,0.0694,0.1781,0.20325,0.144,0.1066,0.1462,0.16605,7.46,0.13,,,,brooklynpark
2021-12-03,5230.0,0.14,3.888888888888889,0.08571277777777778,0.09898527777777778,0.10871166666666666,0.20676083333333334,0.18753027777777775,0.13546249999999999,0.124,0.15993,0.17744500000000002,7.46,0.13,,,,brooklynpark
2021-12-04,5130.0,0.0,3.3333333333333335,0.13162555555555555,0.14142055555555555,0.14802333333333334,0.23542166666666667,0.17181055555555555,0.12692499999999998,0.1414,0.17365999999999998,0.18884,7.46,0.13,,,,brooklynpark
2021-12-05,5060.0,0.16,3.3333333333333335,0.17753833333333333,0.18385583333333333,0.18733499999999997,0.2640825,0.15609083333333335,0.11838749999999999,0.1588,0.18739,0.200235,7.46,0.13,,,,brooklynpark
2021-12-06,4200.0,0.0,2.2222222222222223,0.2234511111111111,0.2262911111111111,0.22664666666666666,0.29274333333333336,0.1403711111111111,0.10985,0.17619999999999997,0.20112,0.21163,7.46,0.13,,,,brooklynpark
2021-12-07,2460.0,0.0,0.5555555555555556,0.26936388888888885,0.2687263888888889,0.2659583333333333,0.3214041666666667,0.1246513888888889,0.1013125,0.1936,0.21484999999999999,0.22302500000000003,7.46,0.13,,,,brooklynpark
2021-12-08,2860.0,0.05,1.1111111111111112,0.31527666666666665,0.31116166666666667,0.30527,0.350065,0.10893166666666668,0.092775,0.21099999999999997,0.22857999999999998,0.23442000000000002,7.46,0.13,,,,brooklynpark
2021-12-09,3070.0,0.0,1.6666666666666667,0.3611894444444444,0.35359694444444445,0.3445816666666667,0.3787258333333333,0.09321194444444446,0.08423749999999999,0.22839999999999996,0.24230999999999997,0.245815,7.46,0.13,,,,brooklynpark
2021-12-10,3750.0,0.0,1.6666666666666667,0.4071022222222222,0.39603222222222223,0.3838933333333333,0.4073866666666667,0.07749222222222224,0.0757,0.24579999999999996,0.25604,0.25721000000000005,7.46,0.13,,,,brooklynpark
2021-12-11,4110.0,0.35,1.6666666666666667,0.453015,0.4384675,0.423205,0.4360475,0.0617725,0.0671625,0.2632,0.26976999999999995,0.26860500000000004,7.46,0.13,,,,brooklynpark
2021-12-12,4270.0,0.0,1.6666666666666667,0.30600000000000005,0.27790000000000004,0.2817,0.3108,0.09225,0.08030000000000001,0.28059999999999996,0.2835,0.28,7.46,0.13,,,,brooklynpark
2021-12-13,4420.0,0.0,1.1111111111111112,0.31224375000000004,0.28845625,0.29355625,0.3289125,0.09901875,0.08869375000000002,0.29279374999999996,0.29817499999999997,0.29635625000000004,7.46,0.13,,,,brooklynpark
2021-12-14,4490.0,0.0,1.1111111111111112,0.31848750000000003,0.2990125,0.3054125,0.34702500000000003,0.1057875,0.09708750000000001,0.30498749999999997,0.31284999999999996,0.3127125,7.46,0.13,,,,brooklynpark
2021-12-15,4800.0,0.0,1.1111111111111112,0.32473125,0.30956875,0.31726875,0.3651375,0.11255625,0.10548125,0.31718124999999997,0.327525,0.32906875,7.46,0.13,,,,brooklynpark
2021-12-16,5170.0,0.44,1.6666666666666667,0.330975,0.320125,0.329125,0.38325,0.119325,0.113875,0.329375,0.3422,0.345425,7.46,0.13,,,,brooklynpark
2021-12-17,4200.0,0.0,0.5555555555555556,0.33721875,0.33068125,0.34098125,0.4013625,0.12609375,0.12226875000000001,0.34156875,0.356875,0.36178125,7.46,0.13,,,,brooklynpark
2021-12-18,4690.0,0.13,1.1111111111111112,0.3434625,0.34123749999999997,0.3528375,0.419475,0.1328625,0.13066250000000001,0.3537625,0.37155000000000005,0.3781375,7.46,0.13,,,,brooklynpark
2021-12-19,4880.0,0.0,0.5555555555555556,0.34970625,0.35179374999999996,0.36469375,0.4375875,0.13963124999999998,0.13905625,0.36595625,0.38622500000000004,0.39449375,7.46,0.13,,,,brooklynpark
2021-12-20,5190.0,0.0,1.1111111111111112,0.35595,0.36234999999999995,0.37655,0.4557,0.1464,0.14745,0.37815,0.40090000000000003,0.41085,7.46,0.13,,,,brooklynpark
2021-12-21,4760.0,0.0,1.1111111111111112,0.34955714285714284,0.3489571428571428,0.3581857142857143,0.42825714285714284,0.1298,0.13001428571428572,0.3583142857142857,0.37910000000000005,0.3864142857142857,7.46,0.13,,,,brooklynpark
2021-12-22,4700.0,0.02,0.5555555555555556,0.3431642857142857,0.3355642857142857,0.33982142857142855,0.40081428571428573,0.1132,0.11257857142857143,0.3384785714285714,0.3573,0.3619785714285714,7.46,0.13,,,,brooklynpark
2021-12-23,5180.0,0.0,0.5555555555555556,0.33677142857142855,0.32217142857142855,0.32145714285714283,0.3733714285714286,0.0966,0.09514285714285714,0.3186428571428571,0.3355,0.33754285714285714,7.46,0.13,,,,brooklynpark
2021-12-24,5450.0,0.0,0.5555555555555556,0.3303785714285714,0.3087785714285714,0.30309285714285716,0.3459285714285714,0.08,0.07770714285714286,0.2988071428571428,0.3137,0.31310714285714286,7.46,0.13,,,,brooklynpark
2021-12-25,5140.0,0.0,0.5555555555555556,0.32398571428571427,0.29538571428571425,0.28472857142857144,0.31848571428571426,0.0634,0.06027142857142859,0.27897142857142854,0.2919,0.2886714285714286,7.46,0.13,,,,brooklynpark
2021-12-26,5180.0,0.0,0.5555555555555556,0.3175928571428571,0.28199285714285716,0.2663642857142857,0.29104285714285716,0.04680000000000001,0.042835714285714296,0.2591357142857143,0.2701,0.2642357142857143,7.46,0.13,,,,brooklynpark
2021-12-27,4930.0,0.36,0.5555555555555556,0.3112,0.2686,0.248,0.2636,0.0302,0.0254,0.2393,0.2483,0.2398,7.46,0.13,,,,brooklynpark
2021-12-28,4140.0,0.0,0.5555555555555556,0.3185,0.28076,0.26162,0.2828,0.043235,0.037154999999999994,0.254485,0.26334,0.25589,7.46,0.13,,,,brooklynpark
2021-12-29,3930.0,0.12,0.5555555555555556,0.3258,0.29292,0.27524,0.302,0.05627,0.048909999999999995,0.26967,0.27838,0.27198,7.46,0.13,,,,brooklynpark
2021-12-30,4760.0,0.0,0.5555555555555556,0.33309999999999995,0.30508,0.28886,0.3212,0.069305,0.06066499999999999,0.284855,0.29342,0.28807,7.46,0.13,,,,brooklynpark
2021-12-31,5470.0,0.0,0.5555555555555556,0.3404,0.31724,0.30247999999999997,0.34040000000000004,0.08234,0.07241999999999998,0.30004000000000003,0.30846,0.30416,7.46,0.13,,,,brooklynpark
2022-01-01,4130.0,0.03,0.5555555555555556,0.3477,0.3294,0.3161,0.35960000000000003,0.095375,0.084175,0.315225,0.3235,0.32025000000000003,7.46,0.13,,,,brooklynpark
2022-01-02,3720.0,0.0,0.5555555555555556,0.355,0.34156,0.32972,0.3788,0.10841,0.09592999999999999,0.33041,0.33854,0.33634000000000003,7.46,0.13,,,,brooklynpark
2022-01-03,3920.0,0.0,0.5555555555555556,0.36229999999999996,0.35372,0.34334,0.398,0.121445,0.10768499999999998,0.345595,0.35358,0.35243,7.46,0.13,,,,brooklynpark
2022-01-04,4690.0,0.0,0.5555555555555556,0.3696,0.36588,0.35696,0.4172,0.13448,0.11943999999999999,0.36078,0.36862,0.36852,7.46,0.13,,,,brooklynpark
2022-01-05,4920.0,0.03,0.5555555555555556,0.3769,0.37804,0.37057999999999996,0.4364,0.147515,0.13119499999999998,0.375965,0.38366,0.38461,7.46,0.13,,,,brooklynpark
2022-01-06,3750.0,0.01,0.5555555555555556,0.3842,0.3902,0.3842,0.4556,0.16055,0.14295,0.39115,0.3987,0.4007,7.46,0.13,,,,brooklynpark
2022-01-07,3250.0,0.0,0.5555555555555556,0.37238333333333334,0.37981666666666664,0.37395,0.4488666666666667,0.14853333333333332,0.13343333333333332,0.38665,0.3964166666666667,0.39785,7.46,0.13,,,,brooklynpark
2022-01-08,3750.0,0.0,0.5555555555555556,0.36056666666666665,0.36943333333333334,0.3637,0.4421333333333333,0.13651666666666668,0.12391666666666666,0.38215000000000005,0.39413333333333334,0.395,7.46,0.13,,,,brooklynpark
2022-01-09,4270.0,0.0,0.5555555555555556,0.34875,0.35905,0.35345000000000004,0.4354,0.1245,0.1144,0.37765000000000004,0.39185000000000003,0.39215,7.46,0.13,,,,brooklynpark
2022-01-10,3880.0,0.0,0.5555555555555556,0.37417500000000004,0.384725,0.37272500000000003,0.45089999999999997,0.13119999999999998,0.1184,0.401525,0.41347500000000004,0.412925,7.46,0.13,,,,brooklynpark
2022-01-11,3970.0,0.0,0.5555555555555556,0.3996,0.4104,0.392,0.4664,0.1379,0.1224,0.4254,0.4351,0.4337,7.46,0.13,,,,brooklynpark
2022-01-12,4350.0,0.0,0.5555555555555556,0.2796,0.3566824999999999,0.370955,0.470835,0.079345,0.078025,0.41754375,0.42458124999999997,0.42395625,7.46,0.13,,,,brooklynpark
2022-01-13,4820.0,0.0,0.5555555555555556,0.28704285714285716,0.3536421428571428,0.36764714285714284,0.45785857142857145,0.08230285714285714,0.07943571428571429,0.4096875,0.4140625,0.4142125,7.46,0.13,,,,brooklynpark
2022-01-14,4530.0,0.02,0.5555555555555556,0.2944857142857143,0.35060178571428563,0.3643392857142857,0.44488214285714284,0.08526071428571429,0.08084642857142857,0.40183125000000003,0.40354375,0.40446875,7.46,0.13,,,,brooklynpark
2022-01-15,3990.0,0.16,0.5555555555555556,0.30192857142857144,0.3475614285714285,0.36103142857142856,0.4319057142857143,0.08821857142857142,0.08225714285714286,0.393975,0.39302499999999996,0.394725,7.46,0.13,,,,brooklynpark
2022-01-16,3620.0,0.0,0.5555555555555556,0.3093714285714286,0.3445210714285714,0.3577235714285714,0.4189292857142857,0.09117642857142857,0.08366785714285714,0.38611875,0.38250625,0.38498125,7.46,0.13,,,,brooklynpark
2022-01-17,3640.0,0.0,0.5555555555555556,0.3168142857142857,0.3414807142857143,0.3544157142857143,0.4059528571428571,0.09413428571428571,0.08507857142857143,0.37826250000000006,0.37198749999999997,0.3752375,7.46,0.13,,,,brooklynpark
2022-01-18,3940.0,0.0,0.5555555555555556,0.32425714285714285,0.33844035714285714,0.35110785714285714,0.39297642857142856,0.09709214285714285,0.08648928571428571,0.37040625000000005,0.36146875,0.36549375,7.46,0.13,,,,brooklynpark
2022-01-19,3560.0,0.0,0.5555555555555556,0.3317,0.33540000000000003,0.3478,0.38,0.10005,0.0879,0.36255000000000004,0.35095,0.35575,7.46,0.13,,,,brooklynpark
2022-01-20,2850.0,0.0,0.5555555555555556,0.34009,0.33757000000000004,0.34748999999999997,0.3866,0.10388,0.09241,0.36422000000000004,0.35934,0.36341,7.46,0.13,,,,brooklynpark
2022-01-21,2820.0,0.0,0.5555555555555556,0.34848,0.33974000000000004,0.34718,0.3932,0.10771,0.09692,0.36589000000000005,0.36773,0.37107,7.46,0.13,,,,brooklynpark
2022-01-22,3340.0,0.02,0.5555555555555556,0.35687,0.34191,0.34686999999999996,0.39980000000000004,0.11154,0.10143,0.36756,0.37612,0.37873,7.46,0.13,,,,brooklynpark
2022-01-23,3460.0,0.08,0.5555555555555556,0.36526000000000003,0.34408,0.34656,0.40640000000000004,0.11537,0.10594,0.36923,0.38451,0.38639,7.46,0.13,,,,brooklynpark
2022-01-24,3490.0,0.05,0.5555555555555556,0.37365000000000004,0.34625,0.34624999999999995,0.41300000000000003,0.1192,0.11045,0.3709,0.3929,0.39405,7.46,0.13,,,,brooklynpark
2022-01-25,3220.0,0.0,0.5555555555555556,0.37250500000000003,0.345205,0.34549499999999994,0.41256000000000004,0.11726,0.10880500000000001,0.37079,0.39148000000000005,0.393855,7.46,0.13,,,,brooklynpark
2022-01-26,2770.0,0.0,0.5555555555555556,0.37136,0.34416,0.34473999999999994,0.41212000000000004,0.11532,0.10716,0.37068,0.39006,0.39366,7.46,0.13,,,,brooklynpark
2022-01-27,2880.0,0.0,0.5555555555555556,0.370215,0.343115,0.343985,0.41168000000000005,0.11338,0.105515,0.37057,0.38864,0.393465,7.46,0.13,,,,brooklynpark
2022-01-28,2990.0,0.0,0.5555555555555556,0.36907,0.34207,0.34323,0.41124000000000005,0.11144,0.10387,0.37046,0.38722,0.39327,7.46,0.13,,,,brooklynpark
2022-01-29,3380.0,0.0,0.5555555555555556,0.36792500000000006,0.341025,0.342475,0.41080000000000005,0.1095,0.10222500000000001,0.37035,0.38580000000000003,0.393075,7.46,0.13,,,,brooklynpark
2022-01-30,3950.0,0.0,0.5555555555555556,0.36678000000000005,0.33998,0.34171999999999997,0.41036,0.10756,0.10058,0.37024,0.38438,0.39288,7.46,0.13,,,,brooklynpark
2022-01-31,3990.0,0.0,0.5555555555555556,0.36563500000000004,0.338935,0.34096499999999996,0.40992,0.10562,0.098935,0.37013,0.38295999999999997,0.392685,7.46,0.13,,,,brooklynpark
2022-02-01,3950.0,0.0,0.5555555555555556,0.36449000000000004,0.33788999999999997,0.34021,0.40948,0.10368,0.09729,0.37002,0.38154,0.39249,7.46,0.13,,,,brooklynpark
2022-02-02,3620.0,0.0,0.5555555555555556,0.36334500000000003,0.336845,0.339455,0.40904,0.10174,0.09564500000000001,0.36991,0.38012,0.392295,7.46,0.13,,,,brooklynpark
2022-02-03,3300.0,0.0,0.5555555555555556,0.3622,0.3358,0.3387,0.4086,0.0998,0.094,0.3698,0.3787,0.3921,7.46,0.13,,,,brooklynpark
2022-02-04,3230.0,0.0,0.5555555555555556,0.36734075,0.34091875,0.3453245,0.41374,0.09890399999999999,0.09466024999999999,0.3705275,0.38042499999999996,0.3932725,7.46,0.13,,,,brooklynpark
2022-02-05,2910.0,0.0,0.5555555555555556,0.3724815,0.3460375,0.351949,0.41888000000000003,0.09800799999999998,0.09532049999999997,0.371255,0.38215,0.394445,7.46,0.13,,,,brooklynpark
2022-02-06,3030.0,0.04,0.5555555555555556,0.37762225,0.35115625,0.3585735,0.42402,0.09711199999999998,0.09598074999999998,0.3719825,0.38387499999999997,0.3956175,7.46,0.13,,,,brooklynpark
2022-02-07,3030.0,0.0,0.5555555555555556,0.38276299999999996,0.356275,0.365198,0.42916000000000004,0.09621599999999997,0.09664099999999996,0.37271,0.3856,0.39679,7.46,0.13,,,,brooklynpark
2022-02-08,3280.0,0.0,0.5555555555555556,0.38790375,0.36139374999999996,0.3718225,0.4343,0.09531999999999996,0.09730124999999995,0.3734375,0.387325,0.3979625,7.46,0.13,,,,brooklynpark
2022-02-09,3960.0,0.0,0.5555555555555556,0.39304449999999996,0.36651249999999996,0.378447,0.43944,0.09442399999999994,0.09796149999999994,0.374165,0.38905,0.399135,7.46,0.13,,,,brooklynpark
2022-02-10,3420.0,0.0,0.5555555555555556,0.39818524999999994,0.37163124999999997,0.3850715,0.44458000000000003,0.09352799999999993,0.09862174999999992,0.3748925,0.390775,0.4003075,7.46,0.13,,,,brooklynpark
2022-02-11,3100.0,0.08,0.5555555555555556,0.4033259999999999,0.37675,0.391696,0.44972,0.09263199999999992,0.09928199999999993,0.37562,0.3925,0.40148,7.46,0.13,,,,brooklynpark
2022-02-12,2920.0,0.0,0.5555555555555556,0.40846674999999993,0.38186875,0.3983205,0.45486000000000004,0.09173599999999991,0.09994224999999991,0.3763475,0.394225,0.40265249999999997,7.46,0.13,,,,brooklynpark
2022-02-13,2840.0,0.0,0.5555555555555556,0.4136074999999999,0.3869875,0.404945,0.46,0.0908399999999999,0.1006024999999999,0.377075,0.39595,0.403825,7.46,0.13,,,,brooklynpark
2022-02-14,2960.0,0.04,0.5555555555555556,0.40968674999999993,0.38508875,0.4018055,0.458025,0.09346099999999992,0.10174724999999991,0.3778025,0.397675,0.4049975,7.46,0.13,,,,brooklynpark
2022-02-15,3090.0,0.0,0.5555555555555556,0.4057659999999999,0.38319,0.398666,0.45605,0.09608199999999993,0.10289199999999991,0.37853,0.3994,0.40617,7.46,0.13,,,,brooklynpark
2022-02-16,3090.0,0.0,0.5555555555555556,0.40184524999999993,0.38129124999999997,0.3955265,0.454075,0.09870299999999993,0.10403674999999993,0.37925749999999997,0.401125,0.4073425,7.46,0.13,,,,brooklynpark
2022-02-17,3010.0,0.0,0.0,0.39792449999999996,0.37939249999999997,0.392387,0.4521,0.10132399999999994,0.10518149999999994,0.37998499999999996,0.40285,0.40851499999999996,7.46,0.13,,,,brooklynpark
2022-02-18,2950.0,0.0,0.5555555555555556,0.39400375,0.37749374999999996,0.38924749999999997,0.450125,0.10394499999999995,0.10632624999999996,0.3807125,0.404575,0.4096875,7.46,0.13,,,,brooklynpark
2022-02-19,2970.0,0.0,0.5555555555555556,0.39008299999999996,0.375595,0.386108,0.44815000000000005,0.10656599999999997,0.10747099999999996,0.38144,0.4063,0.41086,7.46,0.13,,,,brooklynpark
2022-02-20,3140.0,0.0,0.5555555555555556,0.38616225,0.37369625,0.3829685,0.44617500000000004,0.10918699999999998,0.10861574999999997,0.3821675,0.408025,0.41203249999999997,7.46,0.13,,,,brooklynpark
2022-02-21,3300.0,0.0,0.5555555555555556,0.3822415,0.3717975,0.37982899999999997,0.44420000000000004,0.11180799999999999,0.10976049999999998,0.382895,0.40975,0.413205,7.46,0.13,,,,brooklynpark
2022-02-22,3350.0,0.03,-9.444444444444445,0.37832075,0.36989875,0.3766895,0.44222500000000003,0.11442899999999999,0.11090524999999998,0.3836225,0.41147500000000004,0.41437749999999995,7.46,0.13,,,,brooklynpark
2022-02-23,3310.0,0.09,0.5555555555555556,0.3744,0.368,0.37355,0.44025000000000003,0.11705,0.11205,0.38434999999999997,0.4132,0.41555,7.46,0.13,,,,brooklynpark
2022-02-24,3280.0,0.0,0.5555555555555556,0.38970000000000005,0.386,0.39637500000000003,0.442425,0.12287499999999998,0.11624999999999999,0.40405,0.4278,0.423825,7.46,0.13,,,,brooklynpark
2022-02-25,3340.0,0.09,0.5555555555555556,0.405,0.404,0.4192,0.4446,0.12869999999999998,0.12045,0.42375,0.4424,0.43210000000000004,7.46,0.13,,,,brooklynpark
2022-02-26,3400.0,0.0,0.5555555555555556,0.3800833333333334,0.38503333333333334,0.40245000000000003,0.42643333333333333,0.11988333333333333,0.10918333333333334,0.4097,0.43005,0.4156166666666667,7.46,0.13,,,,brooklynpark
2022-02-27,3470.0,0.0,0.5555555555555556,0.3551666666666667,0.36606666666666665,0.3857,0.40826666666666667,0.11106666666666666,0.09791666666666667,0.39565,0.4177,0.39913333333333334,7.46,0.13,,,,brooklynpark
2022-02-28,3540.0,0.0,0.5555555555555556,0.33025000000000004,0.34709999999999996,0.36895,0.3901,0.10225000000000001,0.08665,0.3816,0.40535,0.38265,7.46,0.13,,,,brooklynpark
2022-03-01,3630.0,0.0,0.5555555555555556,0.3354714285714286,0.3481714285714285,0.3701,0.3955142857142857,0.10492142857142858,0.0890857142857143,0.38302142857142857,0.40537142857142855,0.3885642857142857,7.46,0.13,,,,brooklynpark
2022-03-02,3840.0,0.0,0.5555555555555556,0.3406928571428572,0.34924285714285713,0.37125,0.4009285714285714,0.10759285714285714,0.09152142857142857,0.38444285714285714,0.40539285714285717,0.39447857142857146,7.46,0.13,,,,brooklynpark
2022-03-03,4050.0,0.0,0.5555555555555556,0.34591428571428573,0.3503142857142857,0.3724,0.4063428571428571,0.11026428571428572,0.09395714285714286,0.3858642857142857,0.4054142857142857,0.40039285714285716,7.46,0.13,,,,brooklynpark
2022-03-04,3950.0,0.0,0.5555555555555556,0.35113571428571433,0.3513857142857143,0.37355,0.4117571428571429,0.11293571428571429,0.09639285714285714,0.3872857142857143,0.4054357142857143,0.40630714285714287,7.46,0.13,,,,brooklynpark
2022-03-05,4000.0,0.13,0.5555555555555556,0.3563571428571429,0.35245714285714286,0.3747,0.4171714285714286,0.11560714285714287,0.09882857142857143,0.38870714285714286,0.40545714285714285,0.41222142857142857,7.46,0.13,,,,brooklynpark
2022-03-06,4110.0,0.49,0.5555555555555556,0.3615785714285714,0.35352857142857147,0.37585,0.4225857142857143,0.11827857142857143,0.10126428571428571,0.39012857142857144,0.40547857142857147,0.41813571428571433,7.46,0.13,,,,brooklynpark
2022-03-07,4040.0,0.0,0.5555555555555556,0.3668,0.3546,0.377,0.428,0.12095,0.1037,0.39155,0.4055,0.42405000000000004,7.46,0.13,,,,brooklynpark
2022-03-08,4110.0,0.0,1.1111111111111112,0.3581166666666667,0.35341666666666666,0.36956666666666665,0.4210333333333333,0.11338333333333334,0.09921666666666666,0.39485,0.3992,0.4112833333333334,7.46,0.13,,,,brooklynpark
2022-03-09,4160.0,0.0,-8.88888888888889,0.3494333333333333,0.35223333333333334,0.36213333333333336,0.4140666666666667,0.10581666666666667,0.09473333333333334,0.39815,0.3929,0.3985166666666667,7.46,0.13,,,,brooklynpark
2022-03-10,4080.0,0.0,1.1111111111111112,0.34075,0.35105,0.3547,0.4071,0.09825,0.09025,0.40145,0.3866,0.38575000000000004,7.46,0.13,,,,brooklynpark
2022-03-11,4220.0,0.0,1.1111111111111112,0.336975,0.346825,0.35325,0.40435,0.102575,0.09295,0.3852,0.37870000000000004,0.38427500000000003,7.46,0.13,,,,brooklynpark
2022-03-12,4170.0,0.0,0.5555555555555556,0.3332,0.3426,0.3518,0.4016,0.1069,0.09565,0.36895,0.3708,0.38280000000000003,7.46,0.13,,,,brooklynpark
2022-03-13,4150.0,0.0,1.1111111111111112,0.31738333333333335,0.33098333333333335,0.33623333333333333,0.3749166666666667,0.10238333333333333,0.08916666666666666,0.3515333333333333,0.3514833333333333,0.36133333333333334,7.46,0.13,,,,brooklynpark
2022-03-14,4150.0,0.0,1.1111111111111112,0.30156666666666665,0.31936666666666663,0.3206666666666667,0.34823333333333334,0.09786666666666667,0.08268333333333333,0.3341166666666667,0.33216666666666667,0.3398666666666667,7.46,0.13,,,,brooklynpark
2022-03-15,4340.0,0.15,1.3888888888888888,0.28575,0.30774999999999997,0.30510000000000004,0.32155,0.09335,0.07619999999999999,0.3167,0.31284999999999996,0.3184,7.46,0.13,,,,brooklynpark
2022-03-16,4690.0,0.0,1.6666666666666667,0.27635,0.29784799999999995,0.29621800000000004,0.314852,0.098926,0.080328,0.308326,0.30566799999999994,0.31159800000000004,7.46,0.13,,,,brooklynpark
2022-03-17,5010.0,0.0,1.6666666666666667,0.26695,0.287946,0.28733600000000004,0.308154,0.10450200000000001,0.08445599999999999,0.299952,0.298486,0.304796,7.46,0.13,,,,brooklynpark
2022-03-18,5390.0,0.0,2.7777777777777777,0.25755,0.27804399999999996,0.27845400000000003,0.301456,0.11007800000000001,0.088584,0.291578,0.29130399999999995,0.29799400000000004,7.46,0.13,,,,brooklynpark
2022-03-19,5920.0,0.0,2.2222222222222223,0.24815,0.268142,0.26957200000000003,0.294758,0.115654,0.09271199999999999,0.283204,0.284122,0.291192,7.46,0.13,,,,brooklynpark
2022-03-20,6560.0,0.0,3.3333333333333335,0.23875000000000002,0.25823999999999997,0.26069000000000003,0.28806,0.12123,0.09684,0.27482999999999996,0.27693999999999996,0.28439000000000003,7.46,0.13,,,,brooklynpark
2022-03-21,8000.0,0.0,0.5555555555555556,0.22935,0.24833799999999998,0.25180800000000003,0.281362,0.126806,0.100968,0.26645599999999997,0.26975799999999994,0.277588,7.46,0.13,,,,brooklynpark
2022-03-22,9620.0,0.0,4.444444444444445,0.21995,0.23843599999999998,0.24292600000000003,0.274664,0.132382,0.105096,0.258082,0.262576,0.270786,7.46,0.13,,,,brooklynpark
2022-03-23,12400.0,0.81,3.3333333333333335,0.21055000000000001,0.22853399999999996,0.23404400000000003,0.26796600000000004,0.13795800000000003,0.10922399999999999,0.24970799999999999,0.25539399999999995,0.263984,7.46,0.13,,,,brooklynpark
2022-03-24,15200.0,0.0,2.7777777777777777,0.20115000000000002,0.218632,0.22516200000000003,0.261268,0.143534,0.113352,0.241334,0.248212,0.257182,7.46,0.13,,,,brooklynpark
2022-03-25,17900.0,0.0,3.3333333333333335,0.19175000000000003,0.20872999999999997,0.21628000000000003,0.25457,0.14911000000000002,0.11748,0.23296,0.24102999999999997,0.25038000000000005,7.46,0.13,,,,brooklynpark
2022-03-26,18500.0,0.0,1.1111111111111112,0.18235,0.19882799999999998,0.20739800000000003,0.247872,0.15468600000000002,0.121608,0.22458599999999998,0.233848,0.24357800000000002,7.46,0.13,,,,brooklynpark
2022-03-27,20000.0,0.0,1.1111111111111112,0.17295000000000002,0.18892599999999998,0.19851600000000003,0.241174,0.16026200000000002,0.12573600000000001,0.216212,0.22666599999999998,0.23677600000000001,7.46,0.13,,,,brooklynpark
2022-03-28,21200.0,0.0,1.6666666666666667,0.16355000000000003,0.179024,0.18963400000000002,0.23447600000000002,0.165838,0.129864,0.207838,0.21948399999999998,0.229974,7.46,0.13,,,,brooklynpark
2022-03-29,21200.0,0.0,2.7777777777777777,0.15415,0.16912199999999997,0.18075200000000002,0.227778,0.171414,0.133992,0.19946399999999997,0.212302,0.22317200000000004,7.46,0.13,,,,brooklynpark
2022-03-30,20100.0,0.21,2.2222222222222223,0.14475000000000002,0.15921999999999997,0.17187000000000002,0.22108,0.17699000000000004,0.13812,0.19108999999999998,0.20511999999999997,0.21637,7.46,0.13,,,,brooklynpark
2022-03-31,19100.0,0.06,2.2222222222222223,0.13535000000000003,0.14931799999999998,0.16298800000000002,0.21438200000000002,0.182566,0.14224799999999999,0.182716,0.197938,0.20956800000000003,7.46,0.13,,,,brooklynpark
2022-04-01,18100.0,0.0,2.2222222222222223,0.12595000000000003,0.13941599999999998,0.15410600000000002,0.20768400000000004,0.18814200000000003,0.146376,0.174342,0.19075599999999998,0.202766,7.46,0.13,,,,brooklynpark
2022-04-02,17200.0,0.0,3.888888888888889,0.11655000000000004,0.129514,0.14522400000000002,0.20098600000000003,0.193718,0.150504,0.165968,0.183574,0.19596400000000003,7.46,0.13,,,,brooklynpark
2022-04-03,16300.0,0.0,3.888888888888889,0.10715000000000002,0.11961199999999997,0.13634200000000002,0.19428800000000002,0.19929400000000003,0.154632,0.15759399999999998,0.176392,0.18916200000000002,7.46,0.13,,,,brooklynpark
2022-04-04,15100.0,0.2,3.888888888888889,0.09775000000000003,0.10970999999999997,0.12746000000000002,0.18759000000000003,0.20487000000000002,0.15876,0.14922,0.16921,0.18236000000000002,7.46,0.13,,,,brooklynpark
2022-04-05,14900.0,0.0,4.444444444444445,0.08835000000000004,0.09980799999999998,0.11857800000000002,0.18089200000000002,0.21044600000000002,0.162888,0.140846,0.162028,0.17555800000000002,7.46,0.13,,,,brooklynpark
2022-04-06,15100.0,0.61,4.444444444444445,0.07895000000000002,0.08990599999999999,0.10969600000000002,0.17419400000000002,0.21602200000000005,0.167016,0.13247199999999998,0.154846,0.16875600000000002,7.46,0.13,,,,brooklynpark
2022-04-07,16700.0,0.1,4.444444444444445,0.06955000000000003,0.08000399999999999,0.10081400000000001,0.16749600000000003,0.22159800000000002,0.17114400000000002,0.12409799999999999,0.147664,0.16195400000000001,7.46,0.13,,,,brooklynpark
2022-04-08,18400.0,0.04,3.888888888888889,0.06015000000000004,0.070102,0.09193200000000001,0.16079800000000002,0.22717400000000004,0.175272,0.115724,0.140482,0.155152,7.46,0.13,,,,brooklynpark
2022-04-09,18900.0,0.0,5.0,0.05075,0.060200000000000004,0.08305,0.15410000000000001,0.23275,0.1794,0.10735,0.1333,0.14835,7.46,0.13,,,,brooklynpark
2022-04-10,19800.0,0.0,1.6666666666666667,0.05215,0.067125,0.087,0.16605,0.2431,0.1864,0.11372499999999999,0.142225,0.15892499999999998,7.46,0.13,,,,brooklynpark
2022-04-11,20800.0,0.0,6.666666666666667,0.05355,0.07405,0.09095,0.178,0.25345,0.1934,0.1201,0.15115,0.16949999999999998,7.46,0.13,,,,brooklynpark
2022-04-12,21200.0,0.0,7.222222222222222,0.05531,0.07338,0.08988,0.17726,0.25392000000000003,0.19477999999999998,0.11982,0.15032,0.16774999999999998,7.46,0.13,,,,brooklynpark
2022-04-13,23200.0,0.56,7.222222222222222,0.05707,0.07271,0.08881,0.17652,0.25439,0.19615999999999997,0.11954,0.14949,0.16599999999999998,7.46,0.13,,,,brooklynpark
2022-04-14,23700.0,0.02,6.111111111111111,0.05883,0.07204,0.08774000000000001,0.17578,0.25486000000000003,0.19754,0.11926,0.14866000000000001,0.16425,7.46,0.13,,,,brooklynpark
2022-04-15,23200.0,0.01,4.444444444444445,0.060590000000000005,0.07137,0.08667000000000001,0.17504,0.25533,0.19891999999999999,0.11898,0.14783000000000002,0.1625,7.46,0.13,,,,brooklynpark
2022-04-16,23400.0,0.0,5.0,0.06235,0.0707,0.08560000000000001,0.1743,0.2558,0.20029999999999998,0.1187,0.14700000000000002,0.16075,7.46,0.13,,,,brooklynpark
2022-04-17,23100.0,0.0,5.555555555555555,0.06048333333333333,0.06976666666666666,0.08615,0.1719,0.24828333333333336,0.1944833333333333,0.11763333333333333,0.1454666666666667,0.1587,7.46,0.13,,,,brooklynpark
2022-04-18,22400.0,0.05,5.555555555555555,0.058616666666666664,0.06883333333333333,0.0867,0.1695,0.24076666666666668,0.18866666666666668,0.11656666666666667,0.14393333333333333,0.15665,7.46,0.13,,,,brooklynpark
2022-04-19,22100.0,0.0,3.888888888888889,0.056749999999999995,0.06789999999999999,0.08725,0.1671,0.23325,0.18285,0.11549999999999999,0.1424,0.15460000000000002,7.46,0.13,,,,brooklynpark
2022-04-20,21400.0,0.0,5.0,0.061725,0.07239999999999999,0.09435,0.18259999999999998,0.252475,0.193525,0.1243,0.15402500000000002,0.16695,7.46,0.13,,,,brooklynpark
2022-04-21,21400.0,0.48,5.555555555555555,0.06670000000000001,0.0769,0.10145000000000001,0.1981,0.2717,0.2042,0.1331,0.16565000000000002,0.1793,7.46,0.13,,,,brooklynpark
2022-04-22,20900.0,0.0,6.666666666666667,0.06676865384615385,0.0773474358974359,0.10088532051282052,0.19741102564102564,0.2680894230769231,0.20118999999999998,0.13235769230769232,0.1649346153846154,0.17835384615384614,7.46,0.13,,,,brooklynpark
2022-04-23,20900.0,0.14,7.222222222222222,0.0668373076923077,0.07779487179487178,0.10032064102564103,0.19672205128205128,0.26447884615384615,0.19818,0.1316153846153846,0.16421923076923078,0.1774076923076923,7.46,0.13,,,,brooklynpark
2022-04-24,21600.0,0.65,8.88888888888889,0.06690596153846154,0.07824230769230768,0.09975596153846154,0.19603307692307692,0.2608682692307692,0.19516999999999998,0.13087307692307693,0.16350384615384617,0.17646153846153845,7.46,0.13,,,,brooklynpark
2022-04-25,22300.0,0.0,7.222222222222222,0.0669746153846154,0.07868974358974358,0.09919128205128207,0.19534410256410256,0.2572576923076923,0.19216,0.13013076923076922,0.16278846153846155,0.1755153846153846,7.46,0.13,,,,brooklynpark
2022-04-26,22400.0,0.0,7.222222222222222,0.06704326923076924,0.07913717948717947,0.09862660256410258,0.1946551282051282,0.2536471153846154,0.18914999999999998,0.12938846153846154,0.16207307692307693,0.17456923076923075,7.46,0.13,,,,brooklynpark
2022-04-27,22700.0,0.0,7.222222222222222,0.06711192307692308,0.07958461538461536,0.09806192307692309,0.19396615384615384,0.25003653846153845,0.18614,0.12864615384615385,0.1613576923076923,0.1736230769230769,7.46,0.13,,,,brooklynpark
2022-04-28,22900.0,0.0,7.777777777777778,0.06718057692307693,0.08003205128205126,0.0974972435897436,0.19327717948717948,0.24642596153846152,0.18313,0.12790384615384615,0.1606423076923077,0.17267692307692306,7.46,0.13,,,,brooklynpark
2022-04-29,23100.0,0.0,8.333333333333334,0.06724923076923077,0.08047948717948716,0.09693256410256411,0.19258820512820513,0.2428153846153846,0.18012,0.12716153846153846,0.15992692307692308,0.17173076923076921,7.46,0.13,,,,brooklynpark
2022-04-30,23300.0,0.23,8.88888888888889,0.06731788461538461,0.08092692307692305,0.09636788461538462,0.19189923076923077,0.23920480769230767,0.17711,0.12641923076923078,0.15921153846153846,0.17078461538461537,7.46,0.13,,,,brooklynpark
2022-05-01,24500.0,1.03,8.88888888888889,0.06738653846153847,0.08137435897435895,0.09580320512820514,0.1912102564102564,0.23559423076923075,0.1741,0.12567692307692307,0.15849615384615384,0.16983846153846152,7.46,0.13,,,,brooklynpark
2022-05-02,25100.0,0.05,8.333333333333334,0.06745519230769231,0.08182179487179485,0.09523852564102565,0.19052128205128205,0.23198365384615383,0.17109,0.1249346153846154,0.15778076923076922,0.16889230769230767,7.46,0.13,,,,brooklynpark
2022-05-03,26000.0,0.0,9.444444444444445,0.06752384615384616,0.08226923076923073,0.09467384615384616,0.1898323076923077,0.2283730769230769,0.16808,0.1241923076923077,0.1570653846153846,0.16794615384615383,7.46,0.13,,,,brooklynpark
2022-05-04,26500.0,0.0,9.444444444444445,0.0675925,0.08271666666666663,0.09410916666666667,0.18914333333333333,0.22476249999999998,0.16507,0.12345,0.15635,0.16699999999999998,7.46,0.13,,,,brooklynpark
2022-05-05,26800.0,0.0,10.0,0.05962125,0.07658333333333331,0.08785458333333335,0.19357166666666667,0.23658125,0.17606,0.12215000000000001,0.15539999999999998,0.172,7.46,0.13,,,,brooklynpark
2022-05-06,27000.0,0.0,10.555555555555555,0.05165,0.07045,0.0816,0.198,0.2484,0.18705,0.12085,0.15444999999999998,0.177,7.46,0.13,,,,brooklynpark
2022-05-07,26700.0,0.0,11.666666666666666,0.20164375,0.20944374999999998,0.2142,0.31235,0.29648125000000003,0.22621875,0.25265000000000004,0.26933125,0.2807125,7.46,0.13,,,,brooklynpark
2022-05-08,26300.0,0.01,12.777777777777779,0.35163750000000005,0.3484375,0.3468,0.4267,0.3445625,0.2653875,0.38445000000000007,0.3842125,0.38442499999999996,7.46,0.13,,,,brooklynpark
2022-05-09,26300.0,0.03,13.333333333333334,0.50163125,0.48743125,0.4794,0.54105,0.39264375,0.30455625,0.5162500000000001,0.49909375,0.48813749999999995,7.46,0.13,,,,brooklynpark
2022-05-10,26200.0,0.07,14.444444444444445,0.651625,0.626425,0.612,0.6554,0.44072500000000003,0.34372499999999995,0.6480500000000001,0.613975,0.59185,7.46,0.13,,,,brooklynpark
2022-05-11,26100.0,0.0,15.555555555555555,0.80161875,0.76541875,0.7446,0.7697499999999999,0.48880625,0.38289375,0.7798500000000002,0.7288562500000001,0.6955624999999999,7.46,0.13,,,,brooklynpark
2022-05-12,29200.0,1.09,16.666666666666668,0.9516125,0.9044125,0.8772,0.8841000000000001,0.5368875,0.42206249999999995,0.9116500000000002,0.8437375,0.799275,7.46,0.13,,,,brooklynpark
2022-05-13,34200.0,0.13,17.77777777777778,1.1016062500000001,1.0434062499999999,1.0097999999999998,0.9984500000000001,0.58496875,0.46123125,1.0434500000000002,0.9586187500000001,0.9029874999999998,7.46,0.13,,,,brooklynpark
2022-05-14,40800.0,0.0,17.77777777777778,1.2516,1.1824,1.1424,1.1128,0.63305,0.5004,1.1752500000000001,1.0735000000000001,1.0067,7.46,0.13,,,,brooklynpark
2022-05-15,43600.0,0.0,17.77777777777778,0.6410750000000001,0.6209499999999999,0.5873,0.69815,0.402825,0.301025,0.6422500000000001,0.6620750000000001,0.6508499999999999,7.46,0.13,,,,brooklynpark
2022-05-16,45600.0,0.0,17.22222222222222,0.03055,0.0595,0.0322,0.2835,0.17259999999999998,0.10165,0.10925,0.25065000000000004,0.29500000000000004,7.46,0.13,,,,brooklynpark
2022-05-17,47200.0,0.0,16.11111111111111,0.10856666666666667,0.12934666666666667,0.10024,0.33654666666666666,0.2031533333333333,0.12426666666666666,0.17624,0.3054066666666667,0.3462266666666667,7.46,0.13,,,,brooklynpark
2022-05-18,48200.0,0.03,17.77777777777778,0.18658333333333332,0.1991933333333333,0.16828,0.3895933333333333,0.23370666666666665,0.14688333333333334,0.24323,0.3601633333333334,0.3974533333333333,7.46,0.13,,,,brooklynpark
2022-05-19,47600.0,0.0,17.77777777777778,0.2646,0.26903999999999995,0.23632000000000003,0.44264,0.26426,0.16949999999999998,0.31022000000000005,0.41492000000000007,0.44868,7.46,0.13,,,,brooklynpark
2022-05-20,45800.0,0.3,17.77777777777778,0.3426166666666667,0.3388866666666666,0.30436,0.4956866666666666,0.2948133333333333,0.19211666666666666,0.37721000000000005,0.46967666666666674,0.49990666666666667,7.46,0.13,,,,brooklynpark
2022-05-21,43100.0,0.01,16.666666666666668,0.42063333333333336,0.4087333333333333,0.3724,0.5487333333333333,0.32536666666666664,0.21473333333333333,0.44420000000000004,0.5244333333333333,0.5511333333333333,7.46,0.13,,,,brooklynpark
2022-05-22,40000.0,0.0,16.11111111111111,0.49865,0.4785799999999999,0.44044000000000005,0.60178,0.35592,0.23735,0.51119,0.5791900000000001,0.60236,7.46,0.13,,,,brooklynpark
2022-05-23,37200.0,0.0,16.11111111111111,0.5766666666666667,0.5484266666666666,0.50848,0.6548266666666667,0.38647333333333334,0.2599666666666667,0.57818,0.6339466666666667,0.6535866666666666,7.46,0.13,,,,brooklynpark
2022-05-24,34700.0,0.0,-6.111111111111111,0.6546833333333333,0.6182733333333332,0.57652,0.7078733333333334,0.41702666666666666,0.28258333333333335,0.64517,0.6887033333333334,0.7048133333333333,7.46,0.13,,,,brooklynpark
2022-05-25,32800.0,0.32,16.11111111111111,0.7326999999999999,0.6881199999999998,0.64456,0.76092,0.44758,0.3052,0.71216,0.74346,0.7560399999999999,7.46,0.13,,,,brooklynpark
2022-05-26,30600.0,0.27,15.555555555555555,0.8107166666666666,0.7579666666666666,0.7126,0.8139666666666666,0.4781333333333333,0.3278166666666667,0.77915,0.7982166666666667,0.8072666666666666,7.46,0.13,,,,brooklynpark
2022-05-27,28600.0,0.0,15.0,0.8887333333333333,0.8278133333333332,0.78064,0.8670133333333333,0.5086866666666667,0.3504333333333333,0.84614,0.8529733333333334,0.8584933333333332,7.46,0.13,,,,brooklynpark
2022-05-28,26900.0,0.23,15.396825396825397,0.9667499999999999,0.8976599999999998,0.8486800000000001,0.92006,0.5392399999999999,0.37305,0.9131300000000001,0.90773,0.90972,7.46,0.13,,,,brooklynpark
2022-05-29,25900.0,0.03,15.793650793650794,1.0447666666666666,0.9675066666666665,0.9167200000000001,0.9731066666666667,0.5697933333333334,0.39566666666666667,0.9801200000000001,0.9624866666666667,0.9609466666666666,7.46,0.13,,,,brooklynpark
2022-05-30,24900.0,0.03,16.19047619047619,1.1227833333333335,1.0373533333333331,0.9847600000000001,1.0261533333333333,0.6003466666666667,0.41828333333333334,1.0471100000000002,1.0172433333333335,1.0121733333333331,7.46,0.13,,,,brooklynpark
2022-05-31,24800.0,0.43,16.58730158730159,1.2008,1.1072,1.0528,1.0792,0.6309,0.4409,1.1141,1.072,1.0634,7.46,0.13,,,,brooklynpark
2022-06-01,25900.0,0.0,16.984126984126984,0.8053166666666667,0.7504666666666666,0.7085333333333332,0.8212666666666666,0.4645,0.3157,0.7641,0.7943333333333333,0.8125,7.46,0.13,,,,brooklynpark
2022-06-02,26500.0,0.0,17.38095238095238,0.4098333333333334,0.39373333333333327,0.3642666666666666,0.5633333333333334,0.2981,0.1905,0.4141,0.5166666666666667,0.5616,7.46,0.13,,,,brooklynpark
2022-06-03,27000.0,0.0,17.77777777777778,0.014350000000000002,0.037,0.02,0.3054,0.13169999999999998,0.0653,0.06409999999999999,0.239,0.3107,7.46,0.13,,,,brooklynpark
2022-06-04,26900.0,0.0,18.174603174603174,0.07035714285714287,0.08874285714285715,0.07291428571428571,0.3354,0.17585714285714282,0.10531428571428572,0.11504285714285714,0.2732,0.33690714285714285,7.46,0.13,,,,brooklynpark
2022-06-05,26900.0,0.0,18.571428571428573,0.1263642857142857,0.1404857142857143,0.1258285714285714,0.3654,0.2200142857142857,0.14532857142857142,0.1659857142857143,0.3074,0.36311428571428567,7.46,0.13,,,,brooklynpark
2022-06-06,26100.0,0.06,18.96825396825397,0.18237142857142857,0.19222857142857144,0.17874285714285712,0.3954,0.26417142857142856,0.18534285714285714,0.21692857142857142,0.3416,0.38932142857142854,7.46,0.13,,,,brooklynpark
2022-06-07,25300.0,0.0,19.365079365079367,0.23837857142857144,0.2439714285714286,0.2316571428571428,0.4254,0.3083285714285714,0.22535714285714287,0.26787142857142854,0.3758,0.4155285714285714,7.46,0.13,,,,brooklynpark
2022-06-08,24200.0,0.0,19.761904761904763,0.29438571428571425,0.2957142857142857,0.28457142857142853,0.45539999999999997,0.35248571428571424,0.2653714285714286,0.3188142857142857,0.41000000000000003,0.44173571428571423,7.46,0.13,,,,brooklynpark
2022-06-09,23300.0,0.0,20.158730158730158,0.3503928571428572,0.34745714285714285,0.3374857142857143,0.48539999999999994,0.39664285714285713,0.30538571428571426,0.36975714285714284,0.44420000000000004,0.4679428571428571,7.46,0.13,,,,brooklynpark
2022-06-10,21700.0,0.0,20.555555555555557,0.4064,0.3992,0.39039999999999997,0.5154,0.44079999999999997,0.34540000000000004,0.4207,0.47840000000000005,0.49415,7.46,0.13,,,,brooklynpark
2022-06-11,20800.0,0.05,21.11111111111111,0.35848749999999996,0.35359375,0.3440875,0.48928125,0.40317499999999995,0.31067500000000003,0.37625000000000003,0.450925,0.474875,7.46,0.13,,,,brooklynpark
2022-06-12,20000.0,0.02,21.11111111111111,0.310575,0.30798749999999997,0.297775,0.4631625,0.36555,0.27595000000000003,0.3318,0.42345000000000005,0.4556,7.46,0.13,,,,brooklynpark
2022-06-13,19100.0,0.0,21.666666666666668,0.2626625,0.26238125,0.2514625,0.43704374999999995,0.32792499999999997,0.24122500000000002,0.28735,0.395975,0.43632499999999996,7.46,0.13,,,,brooklynpark
2022-06-14,18500.0,0.1,21.666666666666668,0.21475,0.216775,0.20515,0.410925,0.2903,0.20650000000000002,0.2429,0.36850000000000005,0.41705,7.46,0.13,,,,brooklynpark
2022-06-15,17100.0,0.0,23.333333333333332,0.1668375,0.17116874999999998,0.15883750000000002,0.38480625,0.252675,0.171775,0.19845000000000002,0.341025,0.397775,7.46,0.13,,,,brooklynpark
2022-06-16,16700.0,0.15,22.22222222222222,0.118925,0.12556250000000002,0.11252499999999999,0.3586875,0.21504999999999996,0.13705,0.15399999999999997,0.31355,0.37849999999999995,7.46,0.13,,,,brooklynpark
2022-06-17,16100.0,0.0,22.77777777777778,0.07101250000000003,0.07995625,0.06621250000000001,0.33256874999999997,0.177425,0.102325,0.10954999999999998,0.28607499999999997,0.35922499999999996,7.46,0.13,,,,brooklynpark
2022-06-18,15100.0,0.0,22.77777777777778,0.0231,0.03435,0.0199,0.30645,0.13979999999999998,0.0676,0.0651,0.2586,0.33995,7.46,0.13,,,,brooklynpark
2022-06-19,14400.0,0.0,22.77777777777778,0.06075,0.042225,0.023825,0.299775,0.14554999999999998,0.071975,0.070525,0.257325,0.33957499999999996,7.46,0.13,,,,brooklynpark
2022-06-20,13500.0,0.0,23.88888888888889,0.0984,0.050100000000000006,0.02775,0.2931,0.1513,0.07635,0.07595,0.25605,0.3392,7.46,0.13,,,,brooklynpark
2022-06-21,13600.0,0.24,25.0,0.0353999999999999,0.0615249999999999,0.0514324999999999,0.3269825,0.1688299999999999,0.0958175,0.0735,0.2582,0.333,7.46,0.13,,,,brooklynpark
2022-06-22,13700.0,0.0,25.0,0.02659999999999995,0.04666249999999995,0.03704124999999995,0.31489125,0.15771499999999994,0.08268375,0.07105,0.26034999999999997,0.3268,7.46,0.13,,,,brooklynpark
2022-06-23,12600.0,0.0,25.555555555555557,0.0178,0.031799999999999995,0.02265,0.3028,0.1466,0.06955,0.0686,0.26249999999999996,0.3206,7.46,0.13,,,,brooklynpark
2022-06-24,13800.0,0.28,25.555555555555557,0.02003,0.033639999999999996,0.02362,0.30442,0.14479,0.069,0.06912,0.26283999999999996,0.32601,7.46,0.13,,,,brooklynpark
2022-06-25,15700.0,0.09,24.72222222222222,0.022260000000000002,0.03548,0.02459,0.30604000000000003,0.14298,0.06845,0.06964,0.26317999999999997,0.33142,7.46,0.13,,,,brooklynpark
2022-06-26,18500.0,0.31,23.88888888888889,0.02449,0.03732,0.02556,0.30766,0.14117000000000002,0.0679,0.07016,0.26352,0.33683,7.46,0.13,,,,brooklynpark
2022-06-27,20000.0,0.0,23.333333333333332,0.02672,0.03916,0.02653,0.30928,0.13936,0.06735,0.07067999999999999,0.26386,0.34224,7.46,0.13,,,,brooklynpark
2022-06-28,19700.0,0.04,23.88888888888889,0.02895,0.041,0.0275,0.3109,0.13755,0.0668,0.0712,0.2642,0.34765,7.46,0.13,,,,brooklynpark
2022-06-29,18400.0,0.03,23.333333333333332,0.021025000000000002,0.037225,0.023,0.31335,0.1519,0.073075,0.072575,0.27775,0.35335,7.46,0.13,,,,brooklynpark
2022-06-30,17100.0,0.01,23.333333333333332,0.0131,0.03345,0.018500000000000003,0.31579999999999997,0.16625,0.07935,0.07394999999999999,0.2913,0.35905,7.46,0.13,,,,brooklynpark
2022-07-01,16800.0,0.0,23.88888888888889,0.12924,0.13792000000000001,0.12244000000000001,0.36972,0.24616,0.17058,0.17611000000000002,0.34936,0.4078,7.46,0.13,,,,brooklynpark
2022-07-02,15900.0,0.0,24.0,0.24538,0.24239000000000005,0.22638000000000003,0.42364,0.32606999999999997,0.26181,0.27827,0.40742,0.45655,7.46,0.13,,,,brooklynpark
2022-07-03,15000.0,0.0,24.11111111111111,0.36151999999999995,0.34686000000000006,0.33032,0.47756,0.40598,0.35304,0.38043000000000005,0.46548,0.5053,7.46,0.13,,,,brooklynpark
2022-07-04,15000.0,0.0,24.22222222222222,0.47766,0.45133000000000006,0.43426000000000003,0.53148,0.48589,0.44426999999999994,0.4825900000000001,0.52354,0.5540499999999999,7.46,0.13,,,,brooklynpark
2022-07-05,14400.0,0.0,24.333333333333332,0.5938,0.5558000000000001,0.5382,0.5854,0.5658,0.5355,0.5847500000000001,0.5816,0.6028,7.46,0.13,,,,brooklynpark
2022-07-06,13800.0,0.0,24.444444444444443,0.525475,0.4933437500000001,0.47645000000000004,0.5444375,0.509725,0.47662499999999997,0.5208187500000001,0.5339,0.5597375,7.46,0.13,,,,brooklynpark
2022-07-07,13000.0,0.0,25.0,0.45715,0.4308875000000001,0.4147,0.503475,0.45365,0.41774999999999995,0.4568875000000001,0.4862,0.516675,7.46,0.13,,,,brooklynpark
2022-07-08,12900.0,0.0,25.0,0.388825,0.36843125000000004,0.35295,0.4625125,0.39757499999999996,0.358875,0.39295625000000006,0.4385,0.4736125,7.46,0.13,,,,brooklynpark
2022-07-09,12500.0,0.0,25.185185185185187,0.3205,0.30597500000000005,0.2912,0.42155,0.34149999999999997,0.3,0.32902500000000007,0.39080000000000004,0.43055,7.46,0.13,,,,brooklynpark
2022-07-10,11800.0,0.0,25.37037037037037,0.25217500000000004,0.24351875000000006,0.22945000000000004,0.38058749999999997,0.285425,0.24112499999999998,0.2650937500000001,0.3431,0.3874875,7.46,0.13,,,,brooklynpark
2022-07-11,11300.0,0.04,25.555555555555557,0.18385,0.18106250000000002,0.16770000000000002,0.339625,0.22934999999999994,0.18225000000000002,0.20116250000000002,0.2954,0.344425,7.46,0.13,,,,brooklynpark
2022-07-12,10900.0,0.04,23.88888888888889,0.11552499999999999,0.11860625000000002,0.10594999999999999,0.2986625,0.17327499999999996,0.12337500000000001,0.13723125000000003,0.24770000000000003,0.3013625,7.46,0.13,,,,brooklynpark
2022-07-13,10600.0,0.4,24.444444444444446,0.047200000000000006,0.056150000000000005,0.0442,0.2577,0.1172,0.0645,0.0733,0.2,0.2583,7.46,0.13,,,,brooklynpark
2022-07-14,10400.0,0.0,25.0,0.051125000000000004,0.059500000000000004,0.0431,0.31065,0.15075,0.07475000000000001,0.083225,0.251275,0.3389,7.46,0.13,,,,brooklynpark
2022-07-15,9930.0,0.0,25.555555555555557,0.05505,0.06285,0.041999999999999996,0.36360000000000003,0.1843,0.085,0.09315,0.30255,0.4195,7.46,0.13,,,,brooklynpark
2022-07-16,10100.0,0.0,26.11111111111111,0.04301666666666667,0.053233333333333334,0.033966666666666666,0.3327333333333334,0.16761666666666666,0.07885,0.08249999999999999,0.2801666666666667,0.38694999999999996,7.46,0.13,,,,brooklynpark
2022-07-17,9890.0,0.0,26.11111111111111,0.030983333333333335,0.043616666666666665,0.025933333333333333,0.30186666666666667,0.15093333333333334,0.0727,0.07185,0.2577833333333333,0.3544,7.46,0.13,,,,brooklynpark
2022-07-18,10000.0,0.0,26.666666666666668,0.01895,0.034,0.0179,0.271,0.13425,0.06655,0.0612,0.2354,0.32184999999999997,7.46,0.13,,,,brooklynpark
2022-07-19,9360.0,0.0,27.22222222222222,0.02085,0.038625,0.022475,0.2939,0.15000000000000002,0.07185,0.066625,0.25817500000000004,0.3366,7.46,0.13,,,,brooklynpark
2022-07-20,9430.0,0.0,27.22222222222222,0.02275,0.04325,0.027049999999999998,0.31679999999999997,0.16575,0.07715,0.07205,0.28095000000000003,0.35135,7.46,0.13,,,,brooklynpark
2022-07-21,9300.0,0.0,27.22222222222222,0.02367,0.042879999999999995,0.026369999999999998,0.32595999999999997,0.16678,0.07830999999999999,0.07288,0.28324000000000005,0.36691,7.46,0.13,,,,brooklynpark
2022-07-22,8630.0,0.0,27.22222222222222,0.02459,0.04251,0.025689999999999998,0.33512,0.16781000000000001,0.07947,0.07371,0.28553,0.38247000000000003,7.46,0.13,,,,brooklynpark
2022-07-23,8330.0,0.0,27.22222222222222,0.025509999999999998,0.04214,0.025009999999999998,0.34428000000000003,0.16884,0.08063,0.07454,0.28782,0.39803,7.46,0.13,,,,brooklynpark
2022-07-24,8220.0,1.57,25.555555555555557,0.02643,0.04177,0.024329999999999997,0.35344000000000003,0.16987,0.08179,0.07536999999999999,0.29011,0.41359,7.46,0.13,,,,brooklynpark
2022-07-25,7950.0,0.0,23.88888888888889,0.02735,0.0414,0.023649999999999997,0.36260000000000003,0.1709,0.08295,0.07619999999999999,0.2924,0.42915000000000003,7.46,0.13,,,,brooklynpark
2022-07-26,7490.0,0.0,24.074074074074076,0.025383333333333334,0.0377,0.021183333333333332,0.34578333333333333,0.15741666666666668,0.07645,0.06999999999999999,0.27373333333333333,0.39155,7.46,0.13,,,,brooklynpark
2022-07-27,7830.0,0.28,24.25925925925926,0.023416666666666665,0.034,0.018716666666666666,0.3289666666666667,0.14393333333333333,0.06995,0.0638,0.25506666666666666,0.35395000000000004,7.46,0.13,,,,brooklynpark
2022-07-28,7610.0,0.0,24.444444444444446,0.02145,0.0303,0.01625,0.31215,0.13045,0.06345,0.0576,0.2364,0.31635,7.46,0.13,,,,brooklynpark
2022-07-29,7230.0,0.0,24.62962962962963,0.022175,0.036775,0.02095,0.30622499999999997,0.14247500000000002,0.06745000000000001,0.064625,0.2502,0.335475,7.46,0.13,,,,brooklynpark
2022-07-30,6890.0,0.0,24.814814814814817,0.0229,0.04325,0.02565,0.3003,0.1545,0.07145,0.07165,0.264,0.3546,7.46,0.13,,,,brooklynpark
2022-07-31,6760.0,0.0,25.0,0.024483333333333333,0.04248333333333333,0.026083333333333333,0.29753333333333337,0.14808333333333334,0.06865,0.07071666666666666,0.25658333333333333,0.3451666666666667,7.46,0.13,,,,brooklynpark
2022-08-01,6620.0,0.0,25.185185185185187,0.02606666666666667,0.041716666666666666,0.026516666666666664,0.2947666666666667,0.14166666666666666,0.06584999999999999,0.06978333333333334,0.24916666666666668,0.3357333333333334,7.46,0.13,,,,brooklynpark
2022-08-02,6290.0,0.0,25.37037037037037,0.02765,0.04095,0.026949999999999998,0.29200000000000004,0.13525,0.06305,0.06885,0.24175000000000002,0.32630000000000003,7.46,0.13,,,,brooklynpark
2022-08-03,5990.0,0.04,25.555555555555557,0.02485,0.038525000000000004,0.02375,0.29515,0.141225,0.065825,0.065225,0.24655000000000002,0.3375,7.46,0.13,,,,brooklynpark
2022-08-04,5860.0,0.0,25.555555555555557,0.02205,0.0361,0.02055,0.2983,0.1472,0.0686,0.0616,0.25135,0.3487,7.46,0.13,,,,brooklynpark
2022-08-05,5680.0,0.0,25.27777777777778,0.022108125,0.037561250000000004,0.023272499999999974,0.3014625,0.1456225,0.06942999999999996,0.061880000000000004,0.25314000000000003,0.34716,7.46,0.13,,,,brooklynpark
2022-08-06,5960.0,0.0,25.0,0.02216625,0.0390225,0.02599499999999995,0.30462500000000003,0.14404499999999998,0.07025999999999995,0.06216,0.25493,0.34562000000000004,7.46,0.13,,,,brooklynpark
2022-08-07,6210.0,0.54,24.72222222222222,0.022224375,0.04048375,0.028717499999999924,0.3077875,0.1424675,0.07108999999999993,0.06244,0.25672,0.34408,7.46,0.13,,,,brooklynpark
2022-08-08,6730.0,0.91,24.444444444444443,0.0222825,0.041945,0.0314399999999999,0.31095,0.14089,0.0719199999999999,0.06272,0.25850999999999996,0.34254,7.46,0.13,,,,brooklynpark
2022-08-09,6270.0,0.0,24.35185185185185,0.015200000000000002,0.03315,0.01765,0.2957,0.1458,0.06415,0.063,0.2603,0.341,7.46,0.13,,,,brooklynpark
2022-08-10,6100.0,0.0,24.25925925925926,0.0365125,0.046781249999999996,0.03893125,0.30991250000000004,0.16695625000000003,0.091025,0.09233125,0.277725,0.3544125,7.46,0.13,,,,brooklynpark
2022-08-11,5810.0,0.0,24.166666666666664,0.057825,0.060412499999999994,0.0602125,0.324125,0.18811250000000002,0.1179,0.1216625,0.29515,0.367825,7.46,0.13,,,,brooklynpark
2022-08-12,6480.0,0.8,24.074074074074073,0.07913750000000001,0.07404374999999999,0.08149375,0.3383375,0.20926875000000003,0.144775,0.15099375,0.312575,0.3812375,7.46,0.13,,,,brooklynpark
2022-08-13,6990.0,0.52,23.98148148148148,0.10045000000000001,0.087675,0.102775,0.35255000000000003,0.23042500000000005,0.17165000000000002,0.180325,0.33,0.39465000000000006,7.46,0.13,,,,brooklynpark
2022-08-14,6730.0,0.0,23.888888888888886,0.12176250000000001,0.10130625,0.12405625,0.3667625,0.25158125000000003,0.198525,0.20965625000000002,0.34742500000000004,0.4080625,7.46,0.13,,,,brooklynpark
2022-08-15,6320.0,0.0,23.796296296296294,0.143075,0.1149375,0.1453375,0.380975,0.2727375000000001,0.2254,0.23898750000000002,0.36485,0.42147500000000004,7.46,0.13,,,,brooklynpark
2022-08-16,6200.0,0.0,23.703703703703702,0.1643875,0.12856875,0.16661875,0.3951875,0.29389375000000006,0.252275,0.26831875000000005,0.38227500000000003,0.43488750000000004,7.46,0.13,,,,brooklynpark
2022-08-17,6270.0,0.0,23.61111111111111,0.1857,0.1422,0.1879,0.4094,0.31505000000000005,0.27915,0.29765,0.39970000000000006,0.44830000000000003,7.46,0.13,,,,brooklynpark
2022-08-18,6340.0,0.47,23.51851851851852,0.1660242857142857,0.13050982142857143,0.16708142857142858,0.3868619642857143,0.28612910714285716,0.24750339285714287,0.2642857142857143,0.3639571428571429,0.41285714285714287,7.46,0.13,,,,brooklynpark
2022-08-19,6470.0,0.58,23.425925925925924,0.1463485714285714,0.11881964285714283,0.14626285714285714,0.36432392857142853,0.25720821428571433,0.21585678571428574,0.23092142857142858,0.32821428571428574,0.3774142857142857,7.46,0.13,,,,brooklynpark
2022-08-20,6480.0,0.8,23.333333333333332,0.12667285714285714,0.10712946428571427,0.1254442857142857,0.34178589285714284,0.22828732142857144,0.18421017857142857,0.19755714285714288,0.2924714285714286,0.3419714285714286,7.46,0.13,,,,brooklynpark
2022-08-21,6960.0,0.0,24.166666666666664,0.10699714285714283,0.09543928571428567,0.10462571428571427,0.3192478571428571,0.19936642857142856,0.15256357142857144,0.16419285714285714,0.2567285714285714,0.30652857142857143,7.46,0.13,,,,brooklynpark
2022-08-22,6900.0,0.0,25.0,0.08732142857142854,0.0837491071428571,0.08380714285714283,0.2967098214285714,0.1704455357142857,0.1209169642857143,0.1308285714285714,0.22098571428571429,0.27108571428571426,7.46,0.13,,,,brooklynpark
2022-08-23,6950.0,0.0,25.0,0.06764571428571425,0.07205892857142852,0.0629885714285714,0.2741717857142857,0.14152464285714283,0.08927035714285714,0.0974642857142857,0.18524285714285715,0.23564285714285713,7.46,0.13,,,,brooklynpark
2022-08-24,6930.0,0.0,25.0,0.04796999999999995,0.06036874999999995,0.04216999999999995,0.25163374999999993,0.11260374999999995,0.05762375,0.0641,0.1495,0.2002,7.46,0.13,,,,brooklynpark
2022-08-25,6800.0,0.02,25.0,0.08621599999999996,0.08905499999999995,0.06995599999999996,0.26662699999999995,0.14107299999999995,0.084859,0.09197000000000001,0.17492,0.22079,7.46,0.13,,,,brooklynpark
2022-08-26,6670.0,0.0,24.444444444444443,0.12446199999999996,0.11774124999999996,0.09774199999999997,0.28162024999999996,0.16954224999999998,0.11209425,0.11984000000000002,0.20034000000000002,0.24138,7.46,0.13,,,,brooklynpark
2022-08-27,6700.0,0.11,25.0,0.162708,0.14642749999999996,0.12552799999999997,0.2966135,0.19801149999999998,0.1393295,0.14771,0.22576000000000002,0.26197000000000004,7.46,0.13,,,,brooklynpark
2022-08-28,6420.0,0.98,23.88888888888889,0.200954,0.17511374999999998,0.15331399999999998,0.31160675,0.22648075,0.16656474999999998,0.17558,0.25118,0.28256000000000003,7.46,0.13,,,,brooklynpark
2022-08-29,6490.0,0.11,23.88888888888889,0.2392,0.20379999999999998,0.18109999999999998,0.3266,0.25495,0.1938,0.20345000000000002,0.2766,0.30315000000000003,7.46,0.13,,,,brooklynpark
2022-08-30,6200.0,0.0,23.333333333333332,0.16306666666666667,0.14226666666666665,0.12546666666666664,0.3019833333333333,0.20828333333333335,0.14606666666666668,0.15223333333333336,0.25853333333333334,0.2947166666666667,7.46,0.13,,,,brooklynpark
2022-08-31,5870.0,0.0,23.333333333333332,0.08693333333333333,0.08073333333333332,0.06983333333333332,0.2773666666666667,0.1616166666666667,0.09833333333333334,0.10101666666666669,0.24046666666666666,0.28628333333333333,7.46,0.13,,,,brooklynpark
2022-09-01,5710.0,0.0,24.444444444444443,0.0108,0.019200000000000002,0.0142,0.25275000000000003,0.11495,0.0506,0.0498,0.2224,0.27785,7.46,0.13,,,,brooklynpark
2022-09-02,5630.0,0.0,25.555555555555557,0.013125,0.022225,0.015250000000000001,0.26787500000000003,0.12307499999999999,0.0534,0.05505,0.22925,0.29042500000000004,7.46,0.13,,,,brooklynpark
2022-09-03,5710.0,0.0,24.444444444444443,0.015449999999999998,0.02525,0.016300000000000002,0.28300000000000003,0.13119999999999998,0.0562,0.0603,0.2361,0.30300000000000005,7.46,0.13,,,,brooklynpark
2022-09-04,5680.0,0.0,23.333333333333332,0.018783333333333332,0.02751666666666667,0.017066666666666667,0.2798333333333333,0.12793333333333332,0.05495,0.06001666666666667,0.23548333333333335,0.3079,7.46,0.13,,,,brooklynpark
2022-09-05,5460.0,0.0,23.333333333333332,0.022116666666666666,0.029783333333333335,0.017833333333333333,0.27666666666666667,0.12466666666666666,0.0537,0.05973333333333333,0.23486666666666667,0.3128,7.46,0.13,,,,brooklynpark
2022-09-06,5190.0,0.0,23.333333333333332,0.02545,0.03205,0.0186,0.27349999999999997,0.12140000000000001,0.05245,0.05945,0.23425,0.3177,7.46,0.13,,,,brooklynpark
2022-09-07,5030.0,0.0,24.444444444444443,0.02715,0.036725,0.022275,0.267,0.128825,0.05645,0.06515,0.25355000000000005,0.329175,7.46,0.13,,,,brooklynpark
2022-09-08,4870.0,0.0,25.0,0.02885,0.0414,0.02595,0.2605,0.13624999999999998,0.060450000000000004,0.07085,0.27285000000000004,0.34065,7.46,0.13,,,,brooklynpark
2022-09-09,5110.0,0.0,24.444444444444443,0.023183333333333334,0.03548333333333333,0.022966666666666666,0.2614166666666667,0.1297333333333333,0.05696666666666667,0.06648333333333332,0.2586333333333334,0.32134999999999997,7.46,0.13,,,,brooklynpark
2022-09-10,5280.0,0.1,22.77777777777778,0.017516666666666666,0.029566666666666665,0.019983333333333336,0.2623333333333333,0.12321666666666665,0.053483333333333334,0.06211666666666666,0.2444166666666667,0.30205,7.46,0.13,,,,brooklynpark
2022-09-11,5110.0,0.0,22.418300653594773,0.01185,0.02365,0.017,0.26325,0.1167,0.05,0.057749999999999996,0.23020000000000002,0.28274999999999995,7.46,0.13,,,,brooklynpark
2022-09-12,4910.0,0.0,22.058823529411764,0.022275,0.030925,0.021875,0.265325,0.12102500000000001,0.053625,0.064975,0.22842500000000002,0.30579999999999996,7.46,0.13,,,,brooklynpark
2022-09-13,4630.0,0.0,21.69934640522876,0.0327,0.0382,0.02675,0.26739999999999997,0.12535000000000002,0.057249999999999995,0.0722,0.22665000000000002,0.32885,7.46,0.13,,,,brooklynpark
2022-09-14,4550.0,0.0,21.339869281045754,0.0592125,0.0626375,0.050481250000000005,0.282925,0.13131875,0.06694375,0.0945125,0.24131875000000003,0.335275,7.46,0.13,,,,brooklynpark
2022-09-15,4300.0,0.0,20.980392156862745,0.085725,0.087075,0.0742125,0.29845,0.1372875,0.0766375,0.116825,0.25598750000000003,0.3417,7.46,0.13,,,,brooklynpark
2022-09-16,4330.0,0.03,20.62091503267974,0.11223749999999999,0.1115125,0.09794375,0.31397499999999995,0.14325625,0.08633125,0.1391375,0.27065625,0.34812499999999996,7.46,0.13,,,,brooklynpark
2022-09-17,4470.0,0.06,20.26143790849673,0.13874999999999998,0.13595000000000002,0.121675,0.32949999999999996,0.149225,0.096025,0.16144999999999998,0.285325,0.35455,7.46,0.13,,,,brooklynpark
2022-09-18,4620.0,0.01,19.901960784313726,0.1652625,0.16038750000000002,0.14540625000000001,0.34502499999999997,0.15519375000000002,0.10571875,0.1837625,0.29999375,0.360975,7.46,0.13,,,,brooklynpark
2022-09-19,4810.0,0.0,19.54248366013072,0.191775,0.18482500000000002,0.1691375,0.3605499999999999,0.16116250000000001,0.1154125,0.206075,0.31466249999999996,0.36739999999999995,7.46,0.13,,,,brooklynpark
2022-09-20,4350.0,0.01,19.18300653594771,0.2182875,0.20926250000000002,0.19286875,0.37607499999999994,0.16713125,0.12510625,0.22838749999999997,0.32933124999999996,0.37382499999999996,7.46,0.13,,,,brooklynpark
2022-09-21,4330.0,0.01,18.823529411764707,0.2448,0.23370000000000002,0.21660000000000001,0.39159999999999995,0.1731,0.1348,0.2507,0.344,0.38025,7.46,0.13,,,,brooklynpark
2022-09-22,4390.0,0.0,18.4640522875817,0.19008499999999998,0.18541749999999999,0.17015187499999998,0.353308125,0.158908125,0.116460625,0.21489999999999998,0.32438,0.36479999999999996,7.46,0.13,,,,brooklynpark
2022-09-23,4270.0,0.0,18.104575163398692,0.13536999999999993,0.13713499999999995,0.12370374999999996,0.31501625,0.14471625,0.09812125,0.17909999999999998,0.30476,0.34935,7.46,0.13,,,,brooklynpark
2022-09-24,4390.0,0.19,17.745098039215687,0.08065499999999992,0.08885249999999992,0.07725562499999994,0.27672437499999997,0.130524375,0.079781875,0.14329999999999998,0.28514,0.3339,7.46,0.13,,,,brooklynpark
2022-09-25,4490.0,0.0,17.385620915032682,0.0259399999999999,0.0405699999999999,0.0308074999999999,0.2384325,0.1163325,0.0614425,0.10749999999999998,0.26552,0.31845,7.46,0.13,,,,brooklynpark
2022-09-26,4740.0,0.0,17.026143790849673,0.0259,0.0381,0.0226,0.2902,0.1148,0.0573,0.0717,0.2459,0.303,7.46,0.13,,,,brooklynpark
2022-09-27,4570.0,0.0,16.666666666666668,0.0218,0.033425,0.022324999999999998,0.26485000000000003,0.120425,0.057825,0.0732,0.2484,0.29735,7.46,0.13,,,,brooklynpark
2022-09-28,4480.0,0.0,16.666666666666668,0.0177,0.02875,0.02205,0.2395,0.12605,0.05835,0.0747,0.2509,0.29169999999999996,7.46,0.13,,,,brooklynpark
2022-09-29,4440.0,0.0,16.11111111111111,0.08973333333333333,0.12016666666666666,0.12976666666666667,0.25993333333333335,0.21406666666666668,0.18616666666666665,0.18916666666666668,0.3171,0.354,7.46,0.13,,,,brooklynpark
2022-09-30,4340.0,0.0,16.11111111111111,0.16176666666666667,0.21158333333333332,0.23748333333333332,0.28036666666666665,0.30208333333333337,0.31398333333333334,0.30363333333333337,0.3833,0.4163,7.46,0.13,,,,brooklynpark
2022-10-01,4170.0,0.04,16.666666666666668,0.2338,0.303,0.3452,0.3008,0.3901,0.4418,0.4181,0.4495,0.4786,7.46,0.13,,,,brooklynpark
2022-10-02,4250.0,0.0,16.666666666666668,0.18906,0.24802,0.28063,0.28782,0.33411,0.36383,0.35217000000000004,0.40315,0.43928,7.46,0.13,,,,brooklynpark
2022-10-03,4350.0,0.0,17.22222222222222,0.14432,0.19304,0.21606,0.27484000000000003,0.27812,0.28586,0.28624000000000005,0.3568,0.39996000000000004,7.46,0.13,,,,brooklynpark
2022-10-04,4290.0,0.0,17.77777777777778,0.09958,0.13806000000000002,0.15149,0.26186,0.22213,0.20789,0.22031,0.31045,0.36064,7.46,0.13,,,,brooklynpark
2022-10-05,4450.0,0.0,17.77777777777778,0.05484,0.08308000000000001,0.08692,0.24888,0.16613999999999998,0.12991999999999998,0.15438000000000002,0.2641,0.32132000000000005,7.46,0.13,,,,brooklynpark
2022-10-06,3810.0,0.05,18.333333333333332,0.010100000000000001,0.0281,0.022350000000000002,0.2359,0.11015,0.051949999999999996,0.08845,0.21775,0.28200000000000003,7.46,0.13,,,,brooklynpark
2022-10-07,3770.0,0.02,16.666666666666668,0.00855,0.026375,0.022425,0.2276,0.11914999999999999,0.055275,0.09025,0.233575,0.292275,7.46,0.13,,,,brooklynpark
2022-10-08,3690.0,0.02,15.0,0.006999999999999999,0.02465,0.0225,0.2193,0.12815,0.0586,0.09204999999999999,0.2494,0.30255,7.46,0.13,,,,brooklynpark
2022-10-09,3650.0,0.0,15.0,0.011443055555555543,0.030413888888888876,0.028125277777777777,0.22461166666666665,0.12539444444444445,0.0591186111111111,0.09896666666666666,0.24428333333333332,0.2854833333333333,7.46,0.13,,,,brooklynpark
2022-10-10,3600.0,0.0,15.0,0.015886111111111087,0.03617777777777775,0.033750555555555554,0.22992333333333334,0.1226388888888889,0.059637222222222196,0.10588333333333334,0.23916666666666667,0.26841666666666664,7.46,0.13,,,,brooklynpark
2022-10-11,3560.0,0.0,15.555555555555555,0.020329166666666634,0.041941666666666634,0.03937583333333333,0.235235,0.11988333333333334,0.0601558333333333,0.11280000000000001,0.23404999999999998,0.25134999999999996,7.46,0.13,,,,brooklynpark
2022-10-12,3700.0,0.0,16.11111111111111,0.019774999999999973,0.041992857142857117,0.03957928571428571,0.23365857142857144,0.12791428571428573,0.0648335714285714,0.11670714285714287,0.23443571428571428,0.25055,7.46,0.13,,,,brooklynpark
2022-10-13,3940.0,0.08,14.444444444444445,0.01922083333333331,0.0420440476190476,0.03978273809523809,0.23208214285714285,0.1359452380952381,0.0695113095238095,0.12061428571428572,0.23482142857142857,0.24974999999999997,7.46,0.13,,,,brooklynpark
2022-10-14,3930.0,0.07,12.777777777777779,0.018666666666666647,0.04209523809523808,0.039986190476190474,0.23050571428571429,0.14397619047619048,0.0741890476190476,0.12452142857142857,0.23520714285714286,0.24894999999999998,7.46,0.13,,,,brooklynpark
2022-10-15,3750.0,0.05,10.555555555555555,0.018112499999999986,0.04214642857142856,0.04018964285714286,0.22892928571428572,0.15200714285714287,0.0788667857142857,0.12842857142857142,0.23559285714285713,0.24815,7.46,0.13,,,,brooklynpark
2022-10-16,3630.0,0.0,11.11111111111111,0.017558333333333325,0.04219761904761904,0.04039309523809524,0.22735285714285716,0.16003809523809526,0.08354452380952379,0.13233571428571428,0.23597857142857143,0.24735000000000001,7.46,0.13,,,,brooklynpark
2022-10-17,3640.0,0.0,9.444444444444445,0.01700416666666666,0.04224880952380952,0.04059654761904762,0.22577642857142857,0.16806904761904762,0.0882222619047619,0.13624285714285714,0.23636428571428572,0.24655000000000002,7.46,0.13,,,,brooklynpark
2022-10-18,3800.0,0.0,8.333333333333334,0.01645,0.042300000000000004,0.0408,0.2242,0.1761,0.0929,0.14015,0.23675000000000002,0.24575000000000002,7.46,0.13,,,,brooklynpark
2022-10-19,3760.0,0.0,8.333333333333334,0.022083333333333333,0.04536666666666667,0.04438333333333334,0.22583333333333333,0.17551666666666668,0.09566666666666666,0.13435,0.21773333333333333,0.2361,7.46,0.13,,,,brooklynpark
2022-10-20,3670.0,0.0,8.333333333333334,0.027716666666666667,0.048433333333333335,0.047966666666666664,0.22746666666666668,0.17493333333333333,0.09843333333333333,0.12855,0.19871666666666668,0.22645,7.46,0.13,,,,brooklynpark
2022-10-21,3640.0,0.0,8.88888888888889,0.033350000000000005,0.051500000000000004,0.05155,0.2291,0.17435,0.1012,0.12275,0.1797,0.2168,7.46,0.13,,,,brooklynpark
2022-10-22,3670.0,0.0,10.0,0.036475,0.055925,0.06634999999999999,0.24785000000000001,0.19492500000000001,0.115675,0.13655,0.18837500000000001,0.22975,7.46,0.13,,,,brooklynpark
2022-10-23,3930.0,0.0,10.092592592592592,0.039599999999999996,0.06035,0.08115,0.2666,0.2155,0.13015,0.15034999999999998,0.19705,0.2427,7.46,0.13,,,,brooklynpark
2022-10-24,4110.0,0.02,10.185185185185185,0.03733333333333333,0.06023333333333333,0.08123333333333334,0.25511666666666666,0.21063333333333334,0.13031666666666666,0.1406,0.18548333333333333,0.22145,7.46,0.13,,,,brooklynpark
2022-10-25,4140.0,0.05,10.277777777777779,0.03506666666666666,0.060116666666666665,0.08131666666666666,0.24363333333333334,0.20576666666666665,0.1304833333333333,0.13085,0.17391666666666666,0.2002,7.46,0.13,,,,brooklynpark
2022-10-26,4170.0,0.0,10.37037037037037,0.032799999999999996,0.06,0.0814,0.23215,0.2009,0.13065,0.1211,0.16235,0.17895,7.46,0.13,,,,brooklynpark
2022-10-27,4280.0,0.0,10.462962962962962,0.03465,0.06912499999999999,0.085875,0.235675,0.20634999999999998,0.13277499999999998,0.122875,0.16935,0.1902,7.46,0.13,,,,brooklynpark
2022-10-28,4300.0,0.0,10.555555555555555,0.0365,0.07825,0.09035,0.2392,0.2118,0.1349,0.12465,0.17635,0.20145000000000002,7.46,0.13,,,,brooklynpark
2022-10-29,4180.0,0.0,11.11111111111111,0.05875999999999999,0.0921,0.1015,0.24384,0.21847,0.14201,0.13401,0.18128,0.20685,7.46,0.13,,,,brooklynpark
2022-10-30,4190.0,0.0,11.666666666666666,0.08101999999999998,0.10594999999999999,0.11265,0.24847999999999998,0.22514,0.14912,0.14337,0.18621000000000001,0.21225,7.46,0.13,,,,brooklynpark
2022-10-31,4140.0,0.0,11.666666666666666,0.10327999999999998,0.11979999999999999,0.12380000000000001,0.25311999999999996,0.23181000000000002,0.15622999999999998,0.15272999999999998,0.19114,0.21765,7.46,0.13,,,,brooklynpark
2022-11-01,4540.0,0.0,12.222222222222221,0.12553999999999998,0.13365,0.13495000000000001,0.25776,0.23848,0.16333999999999999,0.16208999999999998,0.19607000000000002,0.22305,7.46,0.13,,,,brooklynpark
2022-11-02,3830.0,0.0,11.666666666666666,0.1478,0.1475,0.1461,0.26239999999999997,0.24515,0.17045,0.17145,0.201,0.22845,7.46,0.13,,,,brooklynpark
2022-11-03,3670.0,0.0,12.222222222222221,0.15771666666666664,0.15753055555555556,0.15603611111111113,0.26949722222222217,0.23805277777777778,0.1668472222222222,0.18263888888888888,0.21066666666666667,0.23849722222222222,7.46,0.13,,,,brooklynpark
2022-11-04,4050.0,0.25,12.222222222222221,0.16763333333333333,0.1675611111111111,0.16597222222222222,0.2765944444444444,0.23095555555555555,0.16324444444444444,0.19382777777777777,0.22033333333333335,0.24854444444444443,7.46,0.13,,,,brooklynpark
2022-11-05,4070.0,0.0,11.11111111111111,0.17754999999999999,0.17759166666666665,0.17590833333333333,0.2836916666666666,0.22385833333333333,0.15964166666666665,0.20501666666666668,0.23,0.25859166666666666,7.46,0.13,,,,brooklynpark
2022-11-06,3890.0,0.03,10.555555555555555,0.18746666666666667,0.18762222222222222,0.18584444444444445,0.2907888888888889,0.21676111111111113,0.1560388888888889,0.21620555555555554,0.23966666666666667,0.26863888888888887,7.46,0.13,,,,brooklynpark
2022-11-07,3880.0,0.0,8.333333333333334,0.19738333333333333,0.1976527777777778,0.19578055555555557,0.2978861111111111,0.2096638888888889,0.1524361111111111,0.22739444444444445,0.24933333333333335,0.2786861111111111,7.46,0.13,,,,brooklynpark
2022-11-08,3700.0,0.0,7.777777777777778,0.20729999999999998,0.20768333333333333,0.20571666666666666,0.30498333333333333,0.20256666666666667,0.14883333333333332,0.23858333333333334,0.259,0.28873333333333334,7.46,0.13,,,,brooklynpark
2022-11-09,4450.0,0.73,8.333333333333334,0.21721666666666667,0.21771388888888887,0.21565277777777778,0.3120805555555555,0.19546944444444445,0.14523055555555556,0.24977222222222223,0.26866666666666666,0.29878055555555555,7.46,0.13,,,,brooklynpark
2022-11-10,5040.0,0.18,10.0,0.22713333333333335,0.22774444444444444,0.2255888888888889,0.3191777777777778,0.18837222222222222,0.14162777777777777,0.2609611111111111,0.2783333333333333,0.30882777777777776,7.46,0.13,,,,brooklynpark
2022-11-11,5570.0,0.01,9.444444444444445,0.23705,0.23777500000000001,0.23552499999999998,0.326275,0.18127500000000002,0.138025,0.27215,0.28800000000000003,0.318875,7.46,0.13,,,,brooklynpark
2022-11-12,6590.0,0.0,6.666666666666667,0.24696666666666667,0.24780555555555556,0.2454611111111111,0.3333722222222222,0.17417777777777776,0.13442222222222222,0.2833388888888889,0.29766666666666663,0.3289222222222222,7.46,0.13,,,,brooklynpark
2022-11-13,6730.0,0.0,5.555555555555555,0.25688333333333335,0.2578361111111111,0.2553972222222222,0.34046944444444444,0.16708055555555557,0.13081944444444443,0.2945277777777778,0.30733333333333335,0.33896944444444443,7.46,0.13,,,,brooklynpark
2022-11-14,6860.0,0.01,5.555555555555555,0.26680000000000004,0.2678666666666667,0.2653333333333333,0.34756666666666663,0.15998333333333334,0.12721666666666667,0.3057166666666667,0.317,0.34901666666666664,7.46,0.13,,,,brooklynpark
2022-11-15,7190.0,0.19,5.0,0.2767166666666667,0.27789722222222224,0.27526944444444446,0.3546638888888889,0.1528861111111111,0.12361388888888888,0.31690555555555555,0.32666666666666666,0.35906388888888885,7.46,0.13,,,,brooklynpark
2022-11-16,6760.0,0.14,5.0,0.28663333333333335,0.2879277777777778,0.28520555555555555,0.3617611111111111,0.14578888888888888,0.12001111111111111,0.32809444444444447,0.3363333333333333,0.3691111111111111,7.46,0.13,,,,brooklynpark
2022-11-17,6950.0,0.06,3.888888888888889,0.29655000000000004,0.2979583333333333,0.29514166666666664,0.3688583333333333,0.13869166666666666,0.11640833333333334,0.3392833333333334,0.346,0.3791583333333333,7.46,0.13,,,,brooklynpark
2022-11-18,6850.0,0.03,2.7777777777777777,0.30646666666666667,0.30798888888888887,0.3050777777777778,0.37595555555555554,0.13159444444444446,0.11280555555555555,0.35047222222222224,0.3556666666666667,0.3892055555555556,7.46,0.13,,,,brooklynpark
2022-11-19,6280.0,0.0,1.6666666666666667,0.31638333333333335,0.3180194444444444,0.31501388888888887,0.3830527777777778,0.12449722222222222,0.10920277777777779,0.3616611111111111,0.3653333333333333,0.3992527777777778,7.46,0.13,,,,brooklynpark
2022-11-20,5550.0,0.0,0.5555555555555556,0.32630000000000003,0.32805,0.32494999999999996,0.39015,0.1174,0.1056,0.37285,0.375,0.4093,7.46,0.13,,,,brooklynpark
2022-11-21,5150.0,0.0,1.6666666666666667,0.3116,0.31027499999999997,0.324675,0.390675,0.1095,0.09725,0.367575,0.37222500000000003,0.397,7.46,0.13,,,,brooklynpark
2022-11-22,5210.0,0.0,1.9444444444444446,0.2969,0.2925,0.3244,0.3912,0.1016,0.0889,0.36229999999999996,0.36945,0.3847,7.46,0.13,,,,brooklynpark
2022-11-23,5920.0,0.0,2.2222222222222223,0.24126666666666666,0.23916666666666667,0.2644166666666667,0.33215,0.11664999999999999,0.09546666666666667,0.29179999999999995,0.3088,0.32186666666666663,7.46,0.13,,,,brooklynpark
2022-11-24,6350.0,0.0,2.2222222222222223,0.18563333333333332,0.18583333333333335,0.20443333333333336,0.2731,0.13169999999999998,0.10203333333333334,0.22129999999999997,0.24814999999999998,0.25903333333333334,7.46,0.13,,,,brooklynpark
2022-11-25,6840.0,0.0,1.6666666666666667,0.13,0.1325,0.14445,0.21405,0.14675,0.1086,0.1508,0.1875,0.19619999999999999,7.46,0.13,,,,brooklynpark
2022-11-26,6500.0,0.0,2.2222222222222223,0.16342,0.16326000000000002,0.17243999999999998,0.22915999999999997,0.13906,0.1068,0.18219999999999997,0.21139,0.21853,7.46,0.13,,,,brooklynpark
2022-11-27,6880.0,0.0,2.2222222222222223,0.19684000000000001,0.19402,0.20043,0.24427,0.13137,0.105,0.21359999999999998,0.23528,0.24086,7.46,0.13,,,,brooklynpark
2022-11-28,6650.0,0.0,2.7777777777777777,0.23026000000000002,0.22478,0.22841999999999998,0.25937999999999994,0.12368,0.1032,0.245,0.25917,0.26319000000000004,7.46,0.13,,,,brooklynpark
2022-11-29,6410.0,0.01,2.7777777777777777,0.26368,0.25554,0.25640999999999997,0.27448999999999996,0.11599000000000001,0.10139999999999999,0.2764,0.28306,0.28552,7.46,0.13,,,,brooklynpark
2022-11-30,5590.0,0.21,1.6666666666666667,0.29710000000000003,0.2863,0.2844,0.28959999999999997,0.10830000000000001,0.0996,0.30779999999999996,0.30695,0.30785,7.46,0.13,,,,brooklynpark
2022-12-01,4870.0,0.0,0.5555555555555556,0.3055714285714286,0.2954,0.2939142857142857,0.30817142857142854,0.1153,0.10577857142857142,0.31923571428571423,0.3173714285714286,0.3225071428571429,7.46,0.13,,,,brooklynpark
2022-12-02,4560.0,0.0,1.1111111111111112,0.3140428571428572,0.3045,0.30342857142857144,0.3267428571428571,0.1223,0.11195714285714285,0.33067142857142856,0.32779285714285716,0.3371642857142857,7.46,0.13,,,,brooklynpark
2022-12-03,3780.0,0.0,1.1111111111111112,0.32251428571428575,0.3136,0.31294285714285713,0.3453142857142857,0.1293,0.11813571428571427,0.34210714285714283,0.3382142857142857,0.35182142857142856,7.46,0.13,,,,brooklynpark
2022-12-04,3470.0,0.0,0.2777777777777778,0.33098571428571427,0.3227,0.32245714285714283,0.36388571428571426,0.1363,0.1243142857142857,0.35354285714285716,0.34863571428571427,0.36647857142857143,7.46,0.13,,,,brooklynpark
2022-12-05,3480.0,0.0,-0.5555555555555556,0.33945714285714285,0.3318,0.33197142857142853,0.38245714285714283,0.14329999999999998,0.13049285714285713,0.36497857142857143,0.35905714285714285,0.38113571428571424,7.46,0.13,,,,brooklynpark
2022-12-06,3620.0,0.0,-1.3888888888888888,0.3479285714285714,0.3409,0.3414857142857143,0.4010285714285714,0.1503,0.13667142857142855,0.3764142857142857,0.36947857142857143,0.3957928571428571,7.46,0.13,,,,brooklynpark
2022-12-07,3670.0,0.0,-2.2222222222222223,0.3564,0.35,0.351,0.4196,0.1573,0.14284999999999998,0.38785000000000003,0.3799,0.41045,7.46,0.13,,,,brooklynpark
2022-12-08,3350.0,0.03,-0.8333333333333335,0.35827692307692305,0.3503423076923077,0.35239230769230767,0.42106153846153843,0.15371538461538461,0.1403807692307692,0.386973076923077,0.38135,0.4087730769230769,7.46,0.13,,,,brooklynpark
2022-12-09,3510.0,0.0,0.5555555555555556,0.36015384615384616,0.3506846153846154,0.35378461538461536,0.4225230769230769,0.15013076923076923,0.13791153846153845,0.38609615384615387,0.38280000000000003,0.40709615384615383,7.46,0.13,,,,brooklynpark
2022-12-10,4000.0,0.0,1.1111111111111112,0.3620307692307692,0.35102692307692307,0.35517692307692306,0.42398461538461535,0.14654615384615383,0.13544230769230767,0.3852192307692308,0.38425000000000004,0.40541923076923075,7.46,0.13,,,,brooklynpark
2022-12-11,4590.0,0.0,1.1111111111111112,0.3639076923076923,0.35136923076923077,0.35656923076923075,0.4254461538461538,0.14296153846153845,0.13297307692307692,0.3843423076923077,0.38570000000000004,0.4037423076923077,7.46,0.13,,,,brooklynpark
2022-12-12,4880.0,0.0,1.25,0.3657846153846154,0.35171153846153846,0.35796153846153844,0.42690769230769227,0.13937692307692306,0.13050384615384614,0.38346538461538465,0.38715000000000005,0.4020653846153846,7.46,0.13,,,,brooklynpark
2022-12-13,5010.0,0.0,1.3888888888888888,0.3676615384615385,0.35205384615384616,0.35935384615384613,0.4283692307692307,0.13579230769230768,0.12803461538461536,0.38258846153846154,0.38860000000000006,0.4003884615384615,7.46,0.13,,,,brooklynpark
2022-12-14,5010.0,0.54,1.527777777777778,0.36953846153846154,0.3523961538461538,0.3607461538461538,0.42983076923076924,0.1322076923076923,0.1255653846153846,0.3817115384615385,0.39005,0.39871153846153845,7.46,0.13,,,,brooklynpark
2022-12-15,5030.0,0.28,1.6666666666666667,0.37141538461538465,0.3527384615384615,0.3621384615384615,0.4312923076923077,0.12862307692307692,0.12309615384615384,0.3808346153846154,0.3915,0.3970346153846154,7.46,0.13,,,,brooklynpark
2022-12-16,5060.0,0.31,1.1111111111111112,0.3732923076923077,0.3530807692307692,0.3635307692307692,0.43275384615384616,0.12503846153846154,0.12062692307692308,0.37995769230769233,0.39295,0.3953576923076923,7.46,0.13,,,,brooklynpark
2022-12-17,4730.0,0.03,1.1111111111111112,0.3751692307692308,0.3534230769230769,0.3649230769230769,0.4342153846153846,0.12145384615384615,0.1181576923076923,0.3790807692307692,0.39440000000000003,0.3936807692307692,7.46,0.13,,,,brooklynpark
2022-12-18,3520.0,0.0,1.1111111111111112,0.37704615384615386,0.3537653846153846,0.3663153846153846,0.4356769230769231,0.11786923076923075,0.11568846153846153,0.37820384615384617,0.39585000000000004,0.39200384615384615,7.46,0.13,,,,brooklynpark
2022-12-19,3810.0,0.0,1.1111111111111112,0.3789230769230769,0.3541076923076923,0.3677076923076923,0.43713846153846153,0.11428461538461537,0.11321923076923077,0.37732692307692306,0.39730000000000004,0.39032692307692307,7.46,0.13,,,,brooklynpark
2022-12-20,3370.0,0.09,1.1111111111111112,0.3808,0.35445,0.3691,0.4386,0.11069999999999999,0.11075,0.37645,0.39875000000000005,0.38865,7.46,0.13,,,,brooklynpark
2022-12-21,3220.0,0.0,1.1111111111111112,0.3894,0.36582499999999996,0.37115,0.4365,0.11635,0.113925,0.388575,0.412825,0.413975,7.46,0.13,,,,brooklynpark
2022-12-22,3130.0,0.39,1.1111111111111112,0.398,0.3772,0.3732,0.4344,0.122,0.1171,0.4007,0.4269,0.4393,7.46,0.13,,,,brooklynpark
2022-12-23,3190.0,0.0,1.1111111111111112,0.39295875,0.37363718749999997,0.3700217708333333,0.43033364583333333,0.12058802083333332,0.11511729166666666,0.3959125,0.42136875,0.43009375000000005,7.46,0.13,,,,brooklynpark
2022-12-24,3290.0,0.0,1.1111111111111112,0.3879175,0.370074375,0.36684354166666666,0.42626729166666666,0.11917604166666666,0.11313458333333333,0.391125,0.4158375,0.4208875,7.46,0.13,,,,brooklynpark
2022-12-25,3480.0,0.0,1.1111111111111112,0.38287625000000003,0.3665115625,0.3636653125,0.4222009375,0.11776406249999999,0.111151875,0.3863375,0.41030625000000004,0.41168125,7.46,0.13,,,,brooklynpark
2022-12-26,3660.0,0.0,1.1111111111111112,0.37783500000000003,0.36294875000000004,0.36048708333333335,0.4181345833333333,0.11635208333333333,0.10916916666666666,0.38155,0.404775,0.402475,7.46,0.13,,,,brooklynpark
2022-12-27,3950.0,0.0,1.1111111111111112,0.37279375,0.35938593750000003,0.35730885416666663,0.4140682291666667,0.11494010416666665,0.10718645833333333,0.3767625,0.39924375,0.39326875000000006,7.46,0.13,,,,brooklynpark
2022-12-28,4350.0,0.0,1.1111111111111112,0.3677525,0.355823125,0.354130625,0.410001875,0.11352812499999998,0.10520375,0.371975,0.3937125,0.38406250000000003,7.46,0.13,,,,brooklynpark
2022-12-29,4630.0,0.0,1.1111111111111112,0.36271125,0.35226031250000006,0.3509523958333333,0.40593552083333334,0.11211614583333332,0.10322104166666667,0.3671875,0.38818125000000003,0.37485625,7.46,0.13,,,,brooklynpark
2022-12-30,4440.0,0.0,1.1111111111111112,0.35767,0.34869750000000005,0.34777416666666666,0.40186916666666667,0.11070416666666665,0.10123833333333333,0.3624,0.38265000000000005,0.36565000000000003,7.46,0.13,,,,brooklynpark
2022-12-31,4380.0,0.0,1.1111111111111112,0.543635,0.51714875,0.5100870833333333,0.5387345833333334,0.3189020833333333,0.2846691666666667,0.5369,0.531625,0.5170250000000001,7.46,0.13,,,,brooklynpark
2023-01-01,4480.0,0.0,1.1111111111111112,0.7296,0.6856,0.6724,0.6756,0.5271,0.4681,0.7114,0.6806,0.6684,7.46,0.13,,,,brooklynpark
2023-01-02,4350.0,0.0,1.1111111111111112,0.66052,0.62736,0.61656,0.63532,0.44027,0.39172,0.65335,0.6313799999999999,0.62204,7.46,0.13,,,,brooklynpark
2023-01-03,4370.0,0.0,1.1111111111111112,0.59144,0.56912,0.56072,0.59504,0.35344,0.31534,0.5953,0.58216,0.57568,7.46,0.13,,,,brooklynpark
2023-01-04,4560.0,0.91,1.1111111111111112,0.52236,0.51088,0.50488,0.55476,0.26661,0.23896,0.53725,0.53294,0.52932,7.46,0.13,,,,brooklynpark
2023-01-05,4560.0,0.24,1.1111111111111112,0.45328,0.45264,0.44904,0.51448,0.17978,0.16258,0.4792,0.48372,0.48296,7.46,0.13,,,,brooklynpark
2023-01-06,4370.0,0.0,1.1111111111111112,0.3842,0.3944,0.3932,0.4742,0.09295,0.0862,0.42115,0.4345,0.4366,7.46,0.13,,,,brooklynpark
2023-01-07,4150.0,0.0,1.1111111111111112,0.49136,0.49856,0.5008,0.56992,0.21606000000000003,0.19494,0.53652,0.5394,0.5365,7.46,0.13,,,,brooklynpark
2023-01-08,4120.0,0.0,1.1111111111111112,0.5985199999999999,0.6027199999999999,0.6084,0.66564,0.33917,0.30368000000000006,0.6518900000000001,0.6443,0.6364000000000001,7.46,0.13,,,,brooklynpark
2023-01-09,4430.0,0.0,1.1111111111111112,0.70568,0.70688,0.716,0.76136,0.46228,0.41242000000000006,0.76726,0.7492,0.7363000000000001,7.46,0.13,,,,brooklynpark
2023-01-10,4780.0,0.0,1.1111111111111112,0.81284,0.81104,0.8236,0.8570800000000001,0.5853900000000001,0.5211600000000001,0.88263,0.8541,0.8362,7.46,0.13,,,,brooklynpark
2023-01-11,4740.0,0.04,1.1111111111111112,0.92,0.9152,0.9312,0.9528,0.7085,0.6299,0.998,0.959,0.9361,7.46,0.13,,,,brooklynpark
2023-01-12,4530.0,0.0,1.1111111111111112,0.88312,0.8763066666666667,0.8930933333333334,0.91708,0.67018,0.5959633333333334,0.9561,0.9220999999999999,0.89936,7.46,0.13,,,,brooklynpark
2023-01-13,4580.0,0.0,1.1111111111111112,0.84624,0.8374133333333333,0.8549866666666667,0.88136,0.63186,0.5620266666666667,0.9142,0.8852,0.86262,7.46,0.13,,,,brooklynpark
2023-01-14,4440.0,0.0,1.1111111111111112,0.8093600000000001,0.79852,0.81688,0.84564,0.59354,0.5280900000000001,0.8723,0.8482999999999999,0.8258800000000001,7.46,0.13,,,,brooklynpark
2023-01-15,4320.0,0.0,1.1111111111111112,0.77248,0.7596266666666667,0.7787733333333333,0.80992,0.55522,0.49415333333333333,0.8304,0.8113999999999999,0.7891400000000001,7.46,0.13,,,,brooklynpark
2023-01-16,4710.0,0.01,1.1111111111111112,0.7356,0.7207333333333333,0.7406666666666667,0.7742,0.5169,0.4602166666666667,0.7885,0.7745,0.7524000000000001,7.46,0.13,,,,brooklynpark
2023-01-17,4650.0,0.53,1.1111111111111112,0.69872,0.68184,0.7025600000000001,0.73848,0.47858,0.42628000000000005,0.7465999999999999,0.7375999999999999,0.71566,7.46,0.13,,,,brooklynpark
2023-01-18,4650.0,0.0,1.1111111111111112,0.66184,0.6429466666666667,0.6644533333333333,0.70276,0.44026000000000004,0.3923433333333334,0.7046999999999999,0.7006999999999999,0.67892,7.46,0.13,,,,brooklynpark
2023-01-19,4650.0,0.13,1.1111111111111112,0.62496,0.6040533333333333,0.6263466666666667,0.6670400000000001,0.40194,0.3584066666666667,0.6628,0.6638,0.64218,7.46,0.13,,,,brooklynpark
2023-01-20,4560.0,0.0,1.1111111111111112,0.5880799999999999,0.56516,0.5882400000000001,0.6313200000000001,0.36362,0.32447000000000004,0.6209,0.6269,0.60544,7.46,0.13,,,,brooklynpark
2023-01-21,4350.0,0.0,1.1111111111111112,0.5512,0.5262666666666667,0.5501333333333334,0.5956,0.32530000000000003,0.29053333333333337,0.579,0.59,0.5687,7.46,0.13,,,,brooklynpark
2023-01-22,4300.0,0.0,1.6666666666666667,0.51432,0.4873733333333333,0.5120266666666667,0.55988,0.28698,0.2565966666666667,0.5370999999999999,0.5530999999999999,0.53196,7.46,0.13,,,,brooklynpark
2023-01-23,4450.0,0.0,1.6666666666666667,0.47744,0.44848,0.47392000000000006,0.5241600000000001,0.24866,0.22266000000000008,0.49519999999999986,0.5162,0.49522,7.46,0.13,,,,brooklynpark
2023-01-24,4460.0,0.0,1.6666666666666667,0.44056,0.40958666666666665,0.4358133333333334,0.48844000000000004,0.21034000000000003,0.1887233333333334,0.4532999999999999,0.47929999999999995,0.45848,7.46,0.13,,,,brooklynpark
2023-01-25,4370.0,0.0,1.6666666666666667,0.40368000000000004,0.3706933333333333,0.39770666666666676,0.45272,0.17202000000000006,0.15478666666666674,0.4113999999999999,0.4423999999999999,0.42174,7.46,0.13,,,,brooklynpark
2023-01-26,4190.0,0.02,1.6666666666666667,0.3668,0.3318,0.35960000000000003,0.41700000000000004,0.13369999999999999,0.12085,0.3695,0.40549999999999997,0.385,7.46,0.13,,,,brooklynpark
2023-01-27,4080.0,0.1,1.1111111111111112,0.3968,0.3731333333333333,0.39130000000000004,0.45030000000000003,0.13069999999999998,0.11983333333333333,0.4064333333333333,0.4378666666666667,0.4198,7.46,0.13,,,,brooklynpark
2023-01-28,3990.0,0.0,1.1111111111111112,0.4268,0.41446666666666665,0.423,0.48360000000000003,0.1277,0.11881666666666667,0.4433666666666667,0.47023333333333334,0.4546,7.46,0.13,,,,brooklynpark
2023-01-29,3930.0,0.0,0.9259259259259259,0.4568,0.4558,0.4547,0.5169,0.1247,0.1178,0.4803,0.5026,0.4894,7.46,0.13,,,,brooklynpark
2023-01-30,3760.0,0.0,0.7407407407407407,0.44189999999999996,0.441735,0.44165,0.50015,0.12077,0.11307,0.467285,0.49007000000000006,0.476105,7.46,0.13,,,,brooklynpark
2023-01-31,3620.0,0.0,0.5555555555555556,0.427,0.42767,0.4286,0.4834,0.11684,0.10834,0.45427,0.47754,0.46281,7.46,0.13,,,,brooklynpark
2023-02-01,3580.0,0.0,-2.7777777777777777,0.4121,0.413605,0.41555,0.46665,0.11291000000000001,0.10361000000000001,0.441255,0.46501000000000003,0.449515,7.46,0.13,,,,brooklynpark
2023-02-02,3550.0,0.0,0.5555555555555556,0.3972,0.39954,0.40249999999999997,0.4499,0.10898000000000001,0.09888,0.42824,0.45248,0.43622,7.46,0.13,,,,brooklynpark
2023-02-03,3570.0,0.0,0.5555555555555556,0.3823,0.385475,0.38944999999999996,0.43315000000000003,0.10505,0.09415000000000001,0.415225,0.43995,0.422925,7.46,0.13,,,,brooklynpark
2023-02-04,3650.0,0.0,0.5555555555555556,0.3674,0.37141,0.37639999999999996,0.4164,0.10112,0.08942,0.40221,0.42742,0.40963,7.46,0.13,,,,brooklynpark
2023-02-05,3840.0,0.0,0.5555555555555556,0.35250000000000004,0.357345,0.36335,0.39965,0.09719,0.08469,0.389195,0.41489,0.396335,7.46,0.13,,,,brooklynpark
2023-02-06,4220.0,0.0,0.5555555555555556,0.3376,0.34328000000000003,0.3503,0.3829,0.09326000000000001,0.07996,0.37618,0.40236,0.38304,7.46,0.13,,,,brooklynpark
2023-02-07,4610.0,0.1,0.5555555555555556,0.3227,0.32921500000000004,0.33725,0.36615,0.08932999999999999,0.07523,0.363165,0.38982999999999995,0.369745,7.46,0.13,,,,brooklynpark
2023-02-08,4660.0,0.0,1.1111111111111112,0.3078,0.31515000000000004,0.3242,0.3494,0.0854,0.07050000000000001,0.35015,0.37729999999999997,0.35645,7.46,0.13,,,,brooklynpark
2023-02-09,4540.0,0.0,0.5555555555555556,0.3207,0.308225,0.32630000000000003,0.35419999999999996,0.087925,0.075975,0.35550000000000004,0.372175,0.350075,7.46,0.13,,,,brooklynpark
2023-02-10,4290.0,0.0,0.625,0.3336,0.3013,0.3284,0.359,0.09045,0.08145,0.36085,0.36705,0.3437,7.46,0.13,,,,brooklynpark
2023-02-11,4410.0,0.0,0.6944444444444444,0.32680000000000003,0.30491666666666667,0.32348333333333334,0.3520833333333333,0.08816666666666667,0.07811666666666667,0.35608333333333336,0.36191666666666666,0.34215,7.46,0.13,,,,brooklynpark
2023-02-12,4270.0,0.0,0.763888888888889,0.32,0.3085333333333334,0.31856666666666666,0.3451666666666667,0.08588333333333333,0.07478333333333333,0.35131666666666667,0.35678333333333334,0.34059999999999996,7.46,0.13,,,,brooklynpark
2023-02-13,4140.0,0.0,0.8333333333333334,0.31320000000000003,0.31215000000000004,0.31365,0.33825,0.0836,0.07145,0.34655,0.35165,0.33904999999999996,7.46,0.13,,,,brooklynpark
2023-02-14,4380.0,0.0,0.9027777777777778,0.32,0.314275,0.314825,0.33452499999999996,0.14305,0.11957499999999999,0.33677500000000005,0.330325,0.320625,7.46,0.13,,,,brooklynpark
2023-02-15,4780.0,1.2,0.9722222222222223,0.3268,0.3164,0.316,0.3308,0.2025,0.1677,0.327,0.309,0.3022,7.46,0.13,,,,brooklynpark
2023-02-16,4830.0,0.0,1.0416666666666667,0.32593333333333335,0.32183333333333336,0.32243333333333335,0.34125,0.1716,0.14173333333333332,0.3379666666666667,0.32775,0.32170000000000004,7.46,0.13,,,,brooklynpark
2023-02-17,4750.0,0.0,1.1111111111111112,0.32506666666666667,0.32726666666666665,0.32886666666666664,0.35169999999999996,0.14070000000000002,0.11576666666666666,0.3489333333333333,0.34650000000000003,0.3412,7.46,0.13,,,,brooklynpark
2023-02-18,4970.0,0.0,1.1111111111111112,0.32420000000000004,0.3327,0.3353,0.36214999999999997,0.10980000000000001,0.08979999999999999,0.3599,0.36525,0.3607,7.46,0.13,,,,brooklynpark
2023-02-19,5000.0,0.0,1.3888888888888888,0.3360857142857143,0.3408857142857143,0.34568571428571426,0.37647142857142857,0.11379285714285715,0.0943642857142857,0.3700357142857143,0.3753214285714286,0.3745357142857143,7.46,0.13,,,,brooklynpark
2023-02-20,4680.0,0.0,1.6666666666666667,0.3479714285714286,0.3490714285714286,0.3560714285714286,0.3907928571428571,0.11778571428571429,0.09892857142857142,0.38017142857142855,0.38539285714285715,0.3883714285714286,7.46,0.13,,,,brooklynpark
2023-02-21,4660.0,0.04,1.1111111111111112,0.3598571428571429,0.35725714285714283,0.36645714285714287,0.4051142857142857,0.12177857142857143,0.10349285714285714,0.39030714285714285,0.3954642857142857,0.4022071428571429,7.46,0.13,,,,brooklynpark
2023-02-22,4860.0,0.27,0.5555555555555556,0.37174285714285715,0.3654428571428571,0.37684285714285715,0.4194357142857143,0.12577142857142856,0.10805714285714285,0.40044285714285716,0.4055357142857143,0.41604285714285716,7.46,0.13,,,,brooklynpark
2023-02-23,4350.0,0.45,0.5555555555555556,0.38362857142857143,0.3736285714285714,0.3872285714285714,0.43375714285714284,0.1297642857142857,0.11262142857142857,0.41057857142857146,0.41560714285714284,0.42987857142857144,7.46,0.13,,,,brooklynpark
2023-02-24,4500.0,0.05,0.5555555555555556,0.3955142857142857,0.3818142857142857,0.39761428571428575,0.44807857142857144,0.13375714285714285,0.11718571428571428,0.4207142857142857,0.4256785714285714,0.4437142857142857,7.46,0.13,,,,brooklynpark
2023-02-25,4660.0,0.01,0.5555555555555556,0.4074,0.39,0.40800000000000003,0.46240000000000003,0.13774999999999998,0.12175,0.43085,0.43574999999999997,0.45755,7.46,0.13,,,,brooklynpark
2023-02-26,4550.0,0.0,0.5555555555555556,0.3859666666666667,0.38056666666666666,0.39183333333333337,0.43483333333333335,0.11789999999999999,0.10243333333333333,0.41353333333333336,0.4219333333333333,0.4324,7.46,0.13,,,,brooklynpark
2023-02-27,4940.0,0.13,0.5555555555555556,0.3645333333333333,0.37113333333333337,0.37566666666666665,0.40726666666666667,0.09805,0.08311666666666667,0.39621666666666666,0.4081166666666666,0.40725,7.46,0.13,,,,brooklynpark
2023-02-28,4780.0,0.17,0.5555555555555556,0.3431,0.3617,0.3595,0.3797,0.0782,0.0638,0.3789,0.3943,0.3821,7.46,0.13,,,,brooklynpark
2023-03-01,4850.0,0.12,0.5555555555555556,0.3787714285714286,0.39562857142857144,0.39768571428571425,0.4180285714285714,0.12585714285714286,0.1106,0.4177142857142857,0.4306,0.4176714285714286,7.46,0.13,,,,brooklynpark
2023-03-02,4600.0,0.02,1.1111111111111112,0.41444285714285717,0.42955714285714286,0.4358714285714286,0.45635714285714285,0.17351428571428573,0.15739999999999998,0.4565285714285714,0.4669,0.45324285714285717,7.46,0.13,,,,brooklynpark
2023-03-03,4750.0,0.0,1.1111111111111112,0.4501142857142857,0.4634857142857143,0.47405714285714284,0.4946857142857143,0.22117142857142857,0.2042,0.49534285714285714,0.5032,0.4888142857142857,7.46,0.13,,,,brooklynpark
2023-03-04,4730.0,0.0,1.1111111111111112,0.48578571428571427,0.4974142857142857,0.5122428571428571,0.5330142857142857,0.2688285714285714,0.251,0.5341571428571428,0.5395,0.5243857142857142,7.46,0.13,,,,brooklynpark
2023-03-05,4660.0,0.0,1.6666666666666667,0.5214571428571428,0.5313428571428571,0.5504285714285715,0.5713428571428572,0.31648571428571426,0.2978,0.5729714285714285,0.5758,0.5599571428571428,7.46,0.13,,,,brooklynpark
2023-03-06,4750.0,0.24,2.2222222222222223,0.5571285714285714,0.5652714285714285,0.5886142857142858,0.6096714285714286,0.36414285714285716,0.3446,0.6117857142857143,0.6121,0.5955285714285714,7.46,0.13,,,,brooklynpark
2023-03-07,4590.0,0.01,2.0634920634920637,0.5928,0.5992,0.6268,0.648,0.4118,0.3914,0.6506,0.6484,0.6311,7.46,0.13,,,,brooklynpark
2023-03-08,4950.0,0.0,1.9047619047619049,0.58762,0.5941799999999999,0.62126,0.6457200000000001,0.41497,0.390085,0.6445449999999999,0.64303,0.62694,7.46,0.13,,,,brooklynpark
2023-03-09,4880.0,0.14,1.746031746031746,0.58244,0.5891599999999999,0.61572,0.64344,0.41814,0.38877,0.63849,0.63766,0.62278,7.46,0.13,,,,brooklynpark
2023-03-10,4850.0,0.2,1.5873015873015874,0.57726,0.58414,0.6101800000000001,0.64116,0.42131,0.387455,0.632435,0.63229,0.61862,7.46,0.13,,,,brooklynpark
2023-03-11,4830.0,0.0,1.4285714285714286,0.5720799999999999,0.57912,0.6046400000000001,0.63888,0.42448,0.38614,0.6263799999999999,0.62692,0.61446,7.46,0.13,,,,brooklynpark
2023-03-12,4900.0,0.2,1.2698412698412698,0.5669,0.5740999999999999,0.5991,0.6366,0.42765,0.384825,0.620325,0.62155,0.6103000000000001,7.46,0.13,,,,brooklynpark
2023-03-13,4870.0,0.04,1.1111111111111112,0.56172,0.5690799999999999,0.59356,0.63432,0.43082,0.38351,0.61427,0.61618,0.60614,7.46,0.13,,,,brooklynpark
2023-03-14,4920.0,0.0,1.4814814814814816,0.5565399999999999,0.5640599999999999,0.58802,0.6320399999999999,0.43399,0.382195,0.608215,0.61081,0.60198,7.46,0.13,,,,brooklynpark
2023-03-15,4930.0,0.0,1.851851851851852,0.55136,0.55904,0.58248,0.62976,0.43716,0.38088,0.6021599999999999,0.60544,0.59782,7.46,0.13,,,,brooklynpark
2023-03-16,5140.0,0.0,2.2222222222222223,0.5461799999999999,0.55402,0.57694,0.62748,0.44033,0.379565,0.596105,0.60007,0.5936600000000001,7.46,0.13,,,,brooklynpark
2023-03-17,4940.0,0.19,1.1111111111111112,0.5409999999999999,0.5489999999999999,0.5714,0.6252,0.4435,0.37825,0.59005,0.5947,0.5895,7.46,0.13,,,,brooklynpark
2023-03-18,4930.0,0.0,0.5555555555555556,0.4635805555555555,0.4799241666666666,0.4933338888888889,0.5451544444444445,0.3273391666666667,0.27860999999999997,0.5204666666666666,0.5203,0.5159333333333334,7.46,0.13,,,,brooklynpark
2023-03-19,4840.0,0.0,0.925925925925926,0.38616111111111107,0.41084833333333326,0.4152677777777778,0.4651088888888889,0.21117833333333333,0.17897,0.4508833333333333,0.44589999999999996,0.4423666666666667,7.46,0.13,,,,brooklynpark
2023-03-20,5060.0,0.0,1.2962962962962963,0.30874166666666664,0.3417725,0.3372016666666666,0.38506333333333337,0.09501749999999999,0.07933,0.3813,0.3715,0.3688,7.46,0.13,,,,brooklynpark
2023-03-21,5080.0,0.0,1.6666666666666667,0.3010233333333333,0.330768,0.3312813333333333,0.3737306666666667,0.094384,0.078814,0.36752999999999997,0.36169,0.35771000000000003,7.46,0.13,,,,brooklynpark
2023-03-22,5430.0,0.22,2.7777777777777777,0.293305,0.3197635,0.32536099999999996,0.36239800000000005,0.0937505,0.07829799999999999,0.35375999999999996,0.35188,0.34662000000000004,7.46,0.13,,,,brooklynpark
2023-03-23,5390.0,0.0,0.5555555555555556,0.28558666666666666,0.308759,0.31944066666666665,0.35106533333333334,0.09311699999999999,0.077782,0.33999,0.34207,0.33553,7.46,0.13,,,,brooklynpark
2023-03-24,5370.0,0.0,2.2222222222222223,0.27786833333333333,0.2977545,0.3135203333333333,0.3397326666666667,0.0924835,0.077266,0.32622,0.33226,0.32444,7.46,0.13,,,,brooklynpark
2023-03-25,5570.0,0.0,3.888888888888889,0.27015,0.28675,0.3076,0.3284,0.09185,0.07675,0.31245,0.32245,0.31335,7.46,0.13,,,,brooklynpark
2023-03-26,5590.0,0.0,3.888888888888889,0.2936142857142857,0.3053,0.32408571428571425,0.3498857142857143,0.08902142857142857,0.07470714285714286,0.33165,0.3405714285714286,0.3339571428571429,7.46,0.13,,,,brooklynpark
2023-03-27,5870.0,0.0,3.3333333333333335,0.31707857142857143,0.32384999999999997,0.3405714285714286,0.3713714285714286,0.08619285714285714,0.07266428571428571,0.35085,0.35869285714285715,0.3545642857142857,7.46,0.13,,,,brooklynpark
2023-03-28,5680.0,0.0,2.7777777777777777,0.34054285714285715,0.3424,0.35705714285714285,0.3928571428571429,0.08336428571428572,0.07062142857142857,0.37005,0.3768142857142857,0.3751714285714286,7.46,0.13,,,,brooklynpark
2023-03-29,5710.0,0.0,2.2222222222222223,0.36400714285714286,0.36095,0.3735428571428572,0.4143428571428571,0.0805357142857143,0.06857857142857143,0.38925,0.3949357142857143,0.3957785714285714,7.46,0.13,,,,brooklynpark
2023-03-30,6060.0,0.0,2.7777777777777777,0.3874714285714286,0.37949999999999995,0.39002857142857145,0.43582857142857145,0.07770714285714286,0.06653571428571428,0.40845,0.4130571428571429,0.4163857142857143,7.46,0.13,,,,brooklynpark
2023-03-31,6580.0,1.0,2.7777777777777777,0.4109357142857143,0.39804999999999996,0.4065142857142857,0.45731428571428573,0.07487857142857143,0.06449285714285714,0.42765,0.43117857142857147,0.4369928571428572,7.46,0.13,,,,brooklynpark
2023-04-01,6160.0,2.07,1.1111111111111112,0.4344,0.41659999999999997,0.42300000000000004,0.4788,0.07205,0.06245,0.44684999999999997,0.44930000000000003,0.4576,7.46,0.13,,,,brooklynpark
2023-04-02,7070.0,0.0,3.3333333333333335,0.39838,0.38104,0.39106,0.44548,0.08444,0.07115,0.40599999999999997,0.41245000000000004,0.41856,7.46,0.13,,,,brooklynpark
2023-04-03,7090.0,0.0,3.888888888888889,0.36236,0.34548,0.35912,0.41216,0.09683,0.07985,0.36515,0.37560000000000004,0.37951999999999997,7.46,0.13,,,,brooklynpark
2023-04-04,7440.0,0.0,4.444444444444445,0.32633999999999996,0.30992,0.32718,0.37884,0.10922000000000001,0.08855,0.3243,0.33875,0.34048,7.46,0.13,,,,brooklynpark
2023-04-05,7420.0,0.0,3.888888888888889,0.29031999999999997,0.27436,0.29524,0.34552000000000005,0.12161000000000001,0.09725,0.28345,0.3019,0.30144,7.46,0.13,,,,brooklynpark
2023-04-06,7440.0,0.0,2.7777777777777777,0.25429999999999997,0.2388,0.2633,0.31220000000000003,0.134,0.10595,0.24259999999999998,0.26505,0.26239999999999997,7.46,0.13,,,,brooklynpark
2023-04-07,8030.0,0.0,3.888888888888889,0.21646999999999997,0.20695000000000002,0.23038999999999998,0.28676,0.15878,0.12502,0.21933,0.24184,0.24323999999999998,7.46,0.13,,,,brooklynpark
2023-04-08,8630.0,0.0,5.0,0.17863999999999997,0.1751,0.19748,0.26132,0.18356,0.14409,0.19605999999999998,0.21863,0.22407999999999997,7.46,0.13,,,,brooklynpark
2023-04-09,9540.0,0.0,6.111111111111111,0.14081,0.14325,0.16457,0.23588,0.20834000000000003,0.16316,0.17279,0.19542,0.20492,7.46,0.13,,,,brooklynpark
2023-04-10,11800.0,0.0,6.666666666666667,0.10297999999999999,0.1114,0.13166,0.21044000000000002,0.23312000000000002,0.18223,0.14952,0.17221,0.18575999999999998,7.46,0.13,,,,brooklynpark
2023-04-11,15400.0,0.0,7.777777777777778,0.06515,0.07955000000000001,0.09875,0.185,0.2579,0.20129999999999998,0.12625,0.149,0.1666,7.46,0.13,,,,brooklynpark
2023-04-12,22400.0,0.0,8.333333333333334,0.06311666666666667,0.07873333333333334,0.09620000000000001,0.18213333333333334,0.25323333333333337,0.19598333333333331,0.12383333333333334,0.14938333333333334,0.16821666666666665,7.46,0.13,,,,brooklynpark
2023-04-13,32500.0,0.0,8.88888888888889,0.06108333333333333,0.07791666666666668,0.09365,0.17926666666666666,0.24856666666666669,0.19066666666666668,0.12141666666666666,0.14976666666666666,0.16983333333333334,7.46,0.13,,,,brooklynpark
2023-04-14,39300.0,0.0,9.444444444444445,0.05905,0.0771,0.0911,0.1764,0.2439,0.18535000000000001,0.119,0.15015,0.17145,7.46,0.13,,,,brooklynpark
2023-04-15,46200.0,0.03,9.444444444444445,0.216105,0.21363,0.21711000000000003,0.28084,0.28597,0.22196500000000002,0.24632,0.269855,0.284895,7.46,0.13,,,,brooklynpark
2023-04-16,53200.0,0.64,8.88888888888889,0.37316,0.35015999999999997,0.34312000000000004,0.38528,0.32804,0.25858000000000003,0.37364,0.38956,0.39834,7.46,0.13,,,,brooklynpark
2023-04-17,58700.0,0.02,7.222222222222222,0.530215,0.48668999999999996,0.46913000000000005,0.48972000000000004,0.37011,0.295195,0.5009600000000001,0.509265,0.511785,7.46,0.13,,,,brooklynpark
2023-04-18,61500.0,0.0,6.666666666666667,0.68727,0.6232199999999999,0.59514,0.59416,0.41218,0.33181,0.6282800000000001,0.62897,0.6252300000000001,7.46,0.13,,,,brooklynpark
2023-04-19,62700.0,0.04,7.222222222222222,0.844325,0.7597499999999999,0.72115,0.6986,0.45425,0.368425,0.7556,0.748675,0.7386750000000001,7.46,0.13,,,,brooklynpark
2023-04-20,64900.0,1.1,7.222222222222222,1.00138,0.89628,0.84716,0.8030400000000001,0.49632,0.40503999999999996,0.8829200000000001,0.8683799999999999,0.8521200000000001,7.46,0.13,,,,brooklynpark
2023-04-21,65200.0,0.42,7.222222222222222,1.158435,1.0328099999999998,0.9731700000000001,0.9074800000000001,0.5383899999999999,0.44165499999999996,1.01024,0.988085,0.9655650000000001,7.46,0.13,,,,brooklynpark
2023-04-22,64300.0,0.04,6.666666666666667,1.31549,1.1693399999999998,1.09918,1.01192,0.58046,0.47827,1.1375600000000001,1.10779,1.0790100000000002,7.46,0.13,,,,brooklynpark
2023-04-23,62600.0,0.0,6.111111111111111,1.472545,1.3058699999999999,1.22519,1.11636,0.62253,0.514885,1.2648800000000002,1.227495,1.1924550000000003,7.46,0.13,,,,brooklynpark
2023-04-24,60600.0,0.0,6.111111111111111,1.6296,1.4424,1.3512,1.2208,0.6646,0.5515,1.3922,1.3472,1.3059,7.46,0.13,,,,brooklynpark
2023-04-25,58800.0,0.0,5.833333333333333,0.8388,0.7574,0.718425,0.7074,0.457375,0.3677,0.7566750000000001,0.751325,0.7375,7.46,0.13,,,,brooklynpark
2023-04-26,56900.0,0.0,5.555555555555555,0.048,0.07239999999999999,0.08565,0.194,0.25015,0.1839,0.12115000000000001,0.15545,0.1691,7.46,0.13,,,,brooklynpark
2023-04-27,54500.0,0.0,7.222222222222222,0.43093333333333333,0.40879999999999994,0.39576666666666666,0.4574666666666667,0.34759999999999996,0.2636,0.41700000000000004,0.4259666666666667,0.4288833333333333,7.46,0.13,,,,brooklynpark
2023-04-28,51900.0,0.29,8.333333333333334,0.8138666666666667,0.7452,0.7058833333333333,0.7209333333333334,0.44504999999999995,0.3433,0.71285,0.6964833333333333,0.6886666666666666,7.46,0.13,,,,brooklynpark
2023-04-29,49300.0,0.23,7.777777777777778,1.1968,1.0816,1.016,0.9843999999999999,0.5425,0.423,1.0087,0.9670000000000001,0.94845,7.46,0.13,,,,brooklynpark
2023-04-30,46300.0,0.0,8.333333333333334,0.6284000000000001,0.5798749999999999,0.554325,0.6033499999999999,0.395175,0.3008,0.5661499999999999,0.5712,0.57575,7.46,0.13,,,,brooklynpark
2023-05-01,43100.0,0.0,8.61111111111111,0.06,0.07815,0.09265,0.2223,0.24785000000000001,0.1786,0.1236,0.1754,0.20305,7.46,0.13,,,,brooklynpark
2023-05-02,40800.0,0.0,8.88888888888889,0.05475,0.07201666666666666,0.08595,0.2113,0.23988333333333334,0.17368333333333333,0.12008333333333333,0.16995,0.19335,7.46,0.13,,,,brooklynpark
2023-05-03,38600.0,0.0,10.0,0.049499999999999995,0.06588333333333334,0.07925,0.2003,0.23191666666666666,0.16876666666666668,0.11656666666666668,0.1645,0.18365,7.46,0.13,,,,brooklynpark
2023-05-04,36600.0,0.0,10.555555555555555,0.04425,0.05975,0.07255,0.1893,0.22394999999999998,0.16385,0.11305000000000001,0.15905,0.17395,7.46,0.13,,,,brooklynpark
2023-05-05,34800.0,0.0,12.222222222222221,0.09382499999999999,0.104455,0.113295,0.22509,0.23468499999999998,0.18054499999999998,0.151675,0.194255,0.208115,7.46,0.13,,,,brooklynpark
2023-05-06,33000.0,0.0,12.962962962962962,0.1434,0.14916000000000001,0.15404,0.26088,0.24541999999999997,0.19724,0.19030000000000002,0.22946,0.24228,7.46,0.13,,,,brooklynpark
2023-05-07,31500.0,0.03,13.703703703703704,0.192975,0.19386500000000004,0.19478499999999999,0.29667,0.25615499999999997,0.213935,0.22892500000000002,0.264665,0.27644499999999994,7.46,0.13,,,,brooklynpark
2023-05-08,30100.0,0.0,14.444444444444445,0.24255,0.23857000000000003,0.23553,0.33246,0.26688999999999996,0.23063,0.26755,0.29986999999999997,0.31060999999999994,7.46,0.13,,,,brooklynpark
2023-05-09,28600.0,0.0,15.555555555555555,0.292125,0.28327500000000005,0.276275,0.36824999999999997,0.277625,0.247325,0.306175,0.335075,0.34477499999999994,7.46,0.13,,,,brooklynpark
2023-05-10,27900.0,0.01,16.11111111111111,0.3417,0.32798000000000005,0.31701999999999997,0.40404,0.28835999999999995,0.26402,0.3448,0.37028,0.37893999999999994,7.46,0.13,,,,brooklynpark
2023-05-11,27100.0,0.01,16.666666666666668,0.39127500000000004,0.37268500000000004,0.357765,0.43983000000000005,0.299095,0.280715,0.383425,0.405485,0.41310499999999994,7.46,0.13,,,,brooklynpark
2023-05-12,26900.0,0.0,17.77777777777778,0.44085,0.41739000000000004,0.39851,0.47562000000000004,0.30983,0.29740999999999995,0.42205000000000004,0.44069,0.44726999999999995,7.46,0.13,,,,brooklynpark
2023-05-13,26700.0,0.15,17.77777777777778,0.490425,0.46209500000000003,0.43925499999999995,0.51141,0.320565,0.31410499999999997,0.46067500000000006,0.47589499999999996,0.48143499999999995,7.46,0.13,,,,brooklynpark
2023-05-14,26700.0,0.24,16.666666666666668,0.54,0.5068,0.48,0.5472,0.3313,0.3308,0.4993,0.5111,0.5156,7.46,0.13,,,,brooklynpark
2023-05-15,25700.0,0.0,16.666666666666668,0.32730000000000004,0.3196,0.2934,0.42995,0.260525,0.2125,0.32737499999999997,0.402875,0.42319999999999997,7.46,0.13,,,,brooklynpark
2023-05-16,25000.0,0.0,16.666666666666668,0.1146,0.1324,0.1068,0.3127,0.18975,0.0942,0.15544999999999998,0.29464999999999997,0.3308,7.46,0.13,,,,brooklynpark
2023-05-17,24300.0,0.0,17.22222222222222,0.10081999999999999,0.11799,0.09381,0.31332,0.18552,0.09281,0.14453,0.28978,0.33033,7.46,0.13,,,,brooklynpark
2023-05-18,23400.0,0.0,16.666666666666668,0.08704,0.10357999999999999,0.08082,0.31394,0.18129,0.09142,0.13360999999999998,0.28491,0.32986,7.46,0.13,,,,brooklynpark
2023-05-19,22400.0,0.14,15.0,0.07326,0.08917,0.06783,0.31455999999999995,0.17706,0.09003,0.12269,0.28003999999999996,0.32939,7.46,0.13,,,,brooklynpark
2023-05-20,21700.0,0.0,15.555555555555555,0.059480000000000005,0.07476,0.05484,0.31517999999999996,0.17283,0.08864,0.11177,0.27516999999999997,0.32892,7.46,0.13,,,,brooklynpark
2023-05-21,20900.0,0.0,16.38888888888889,0.045700000000000005,0.06035,0.04185,0.31579999999999997,0.1686,0.08725,0.10085,0.2703,0.32845,7.46,0.13,,,,brooklynpark
2023-05-22,20100.0,0.0,17.22222222222222,0.05102749999999995,0.06706999999999999,0.051261249999999994,0.30868624999999994,0.162335,0.08635,0.14616666666666667,0.2843,0.3331,7.46,0.13,,,,brooklynpark
2023-05-23,19500.0,0.0,17.555555555555554,0.0563549999999999,0.07379,0.0606725,0.3015724999999999,0.15607,0.08545,0.19148333333333334,0.2983,0.33775,7.46,0.13,,,,brooklynpark
2023-05-24,18600.0,0.0,17.88888888888889,0.2596,0.2446,0.2082,0.34,0.169,0.13,0.2368,0.3123,0.3424,7.46,0.13,,,,brooklynpark
2023-05-25,17200.0,0.0,18.22222222222222,0.1441,0.148125,0.118575,0.334,0.16767500000000002,0.10602500000000001,0.163475,0.302175,0.343075,7.46,0.13,,,,brooklynpark
2023-05-26,16200.0,0.0,18.555555555555557,0.0286,0.05165,0.02895,0.328,0.16635,0.08205000000000001,0.09015,0.29205000000000003,0.34375,7.46,0.13,,,,brooklynpark
2023-05-27,15500.0,0.0,18.88888888888889,0.027066666666666666,0.04895,0.02785,0.31753333333333333,0.15933333333333333,0.0786,0.08503333333333334,0.28263333333333335,0.3400666666666667,7.46,0.13,,,,brooklynpark
2023-05-28,14600.0,0.0,19.444444444444446,0.025533333333333335,0.04625,0.02675,0.30706666666666665,0.15231666666666666,0.07515000000000001,0.07991666666666666,0.27321666666666666,0.3363833333333333,7.46,0.13,,,,brooklynpark
2023-05-29,13500.0,0.0,20.0,0.024,0.04355,0.02565,0.2966,0.14529999999999998,0.0717,0.0748,0.2638,0.3327,7.46,0.13,,,,brooklynpark
2023-05-30,12600.0,0.13,20.555555555555557,0.030125,0.048949999999999994,0.032350000000000004,0.3141,0.1577,0.084125,0.08560000000000001,0.27390000000000003,0.3567,7.46,0.13,,,,brooklynpark
2023-05-31,11900.0,0.0,20.555555555555557,0.03625,0.054349999999999996,0.03905,0.3316,0.1701,0.09655,0.0964,0.28400000000000003,0.38070000000000004,7.46,0.13,,,,brooklynpark
2023-06-01,10800.0,0.0,22.22222222222222,0.0423,0.05726666666666667,0.04551666666666667,0.2866,0.14628333333333332,0.08225,0.0908,0.24663333333333334,0.32788333333333336,7.46,0.13,,,,brooklynpark
2023-06-02,9940.0,0.59,22.77777777777778,0.048350000000000004,0.06018333333333333,0.05198333333333333,0.24159999999999998,0.12246666666666667,0.06795,0.0852,0.20926666666666666,0.2750666666666667,7.46,0.13,,,,brooklynpark
2023-06-03,9630.0,0.0,23.333333333333332,0.054400000000000004,0.0631,0.05845,0.1966,0.09865,0.05365,0.0796,0.1719,0.22225,7.46,0.13,,,,brooklynpark
2023-06-04,8990.0,0.0,23.88888888888889,0.05212,0.06304,0.05539,0.22820000000000001,0.11177000000000001,0.06031,0.08195000000000001,0.19528,0.2529,7.46,0.13,,,,brooklynpark
2023-06-05,8570.0,0.0,17.77777777777778,0.04984,0.06298,0.05233,0.25980000000000003,0.12489,0.06697,0.0843,0.21866,0.28355,7.46,0.13,,,,brooklynpark
2023-06-06,8480.0,0.0,24.444444444444443,0.04756,0.06292,0.04927,0.2914,0.13801000000000002,0.07363,0.08665,0.24204,0.31420000000000003,7.46,0.13,,,,brooklynpark
2023-06-07,8080.0,0.0,15.0,0.04528,0.06286,0.04621,0.323,0.15113000000000001,0.08029,0.089,0.26542,0.34485,7.46,0.13,,,,brooklynpark
2023-06-08,7930.0,0.0,23.88888888888889,0.043,0.0628,0.04315,0.3546,0.16425,0.08695,0.09135,0.2888,0.3755,7.46,0.13,,,,brooklynpark
2023-06-09,7590.0,0.0,23.88888888888889,0.10565000000000001,0.1159,0.09762500000000002,0.33235000000000003,0.19795000000000001,0.14565,0.13825,0.28727499999999995,0.35607500000000003,7.46,0.13,,,,brooklynpark
2023-06-10,7040.0,0.0,24.444444444444443,0.1683,0.169,0.1521,0.31010000000000004,0.23165,0.20435,0.18515,0.28574999999999995,0.33665,7.46,0.13,,,,brooklynpark
2023-06-11,6980.0,0.28,24.166666666666664,0.12486666666666668,0.1298,0.11383333333333334,0.31773333333333337,0.20604999999999998,0.16216666666666668,0.15028333333333335,0.2771166666666666,0.3387833333333333,7.46,0.13,,,,brooklynpark
2023-06-12,6920.0,0.0,23.888888888888886,0.08143333333333334,0.0906,0.07556666666666667,0.3253666666666667,0.18045,0.11998333333333334,0.11541666666666668,0.26848333333333335,0.34091666666666665,7.46,0.13,,,,brooklynpark
2023-06-13,6480.0,0.0,23.61111111111111,0.038000000000000006,0.0514,0.0373,0.333,0.15485,0.07780000000000001,0.08055000000000001,0.25985,0.34304999999999997,7.46,0.13,,,,brooklynpark
2023-06-14,6110.0,0.0,23.333333333333332,0.038425,0.054925,0.039,0.37670000000000003,0.1733,0.08475,0.09340000000000001,0.30995,0.3912,7.46,0.13,,,,brooklynpark
2023-06-15,5900.0,0.0,22.77777777777778,0.038849999999999996,0.05845,0.0407,0.4204,0.19175,0.0917,0.10625,0.36005,0.43935,7.46,0.13,,,,brooklynpark
2023-06-16,5590.0,0.0,22.22222222222222,0.037219999999999996,0.05584,0.03856,0.40536,0.18715,0.08978,0.10084,0.34742999999999996,0.42810000000000004,7.46,0.13,,,,brooklynpark
2023-06-17,5120.0,0.0,21.666666666666668,0.03559,0.05323,0.03642,0.39032,0.18255000000000002,0.08786000000000001,0.09543,0.33481,0.41685,7.46,0.13,,,,brooklynpark
2023-06-18,4890.0,0.0,23.333333333333332,0.03396,0.05062,0.03428,0.37527999999999995,0.17795,0.08594,0.09001999999999999,0.32219,0.4056,7.46,0.13,,,,brooklynpark
2023-06-19,4810.0,0.05,22.77777777777778,0.03233,0.048010000000000004,0.03214,0.36023999999999995,0.17335,0.08402000000000001,0.08460999999999999,0.30957,0.39435,7.46,0.13,,,,brooklynpark
2023-06-20,4780.0,0.0,22.941176470588236,0.030699999999999998,0.0454,0.03,0.34519999999999995,0.16875,0.0821,0.07919999999999999,0.29695,0.3831,7.46,0.13,,,,brooklynpark
2023-06-21,4750.0,0.0,23.104575163398692,0.05036666666666667,0.05611666666666667,0.04448333333333333,0.3483833333333333,0.17930000000000001,0.09563333333333333,0.0906,0.2896666666666667,0.37398333333333333,7.46,0.13,,,,brooklynpark
2023-06-22,4560.0,0.0,23.267973856209153,0.07003333333333334,0.06683333333333334,0.05896666666666667,0.35156666666666664,0.18985,0.10916666666666668,0.102,0.2823833333333333,0.3648666666666667,7.46,0.13,,,,brooklynpark
2023-06-23,4480.0,0.0,23.43137254901961,0.0897,0.07755000000000001,0.07345,0.35475,0.2004,0.1227,0.1134,0.2751,0.35575,7.46,0.13,,,,brooklynpark
2023-06-24,4460.0,0.21,23.594771241830067,0.30648,0.2102,0.1558,0.43692,0.23998,0.16414,0.20158,0.33156,0.39658,7.46,0.13,,,,brooklynpark
2023-06-25,4440.0,1.18,23.758169934640524,0.52326,0.34285,0.23815000000000003,0.51909,0.27956,0.20558,0.28976,0.38802000000000003,0.43740999999999997,7.46,0.13,,,,brooklynpark
2023-06-26,4740.0,0.31,23.92156862745098,0.7400399999999999,0.4755,0.3205,0.60126,0.31914,0.24702000000000002,0.37794,0.44448,0.47824,7.46,0.13,,,,brooklynpark
2023-06-27,5010.0,0.0,24.084967320261438,0.9568199999999999,0.60815,0.40285000000000004,0.68343,0.35872,0.28846000000000005,0.46612000000000003,0.5009399999999999,0.5190699999999999,7.46,0.13,,,,brooklynpark
2023-06-28,4810.0,0.01,24.248366013071898,1.1736,0.7408,0.4852,0.7656,0.3983,0.3299,0.5543,0.5574,0.5599,7.46,0.13,,,,brooklynpark
2023-06-29,4600.0,0.0,24.411764705882355,0.60355,0.395075,0.2572,0.575,0.291075,0.20790000000000003,0.32065,0.434025,0.50685,7.46,0.13,,,,brooklynpark
2023-06-30,4310.0,0.0,24.575163398692812,0.0335,0.04935,0.0292,0.38439999999999996,0.18385,0.0859,0.087,0.31065,0.4538,7.46,0.13,,,,brooklynpark
2023-07-01,4370.0,0.0,24.73856209150327,0.030833333333333334,0.044783333333333335,0.02715,0.3549333333333333,0.16840000000000002,0.0782,0.07946666666666666,0.2876333333333333,0.4128833333333333,7.46,0.13,,,,brooklynpark
2023-07-02,4440.0,0.0,24.901960784313726,0.02816666666666667,0.040216666666666664,0.0251,0.3254666666666666,0.15295,0.0705,0.07193333333333334,0.26461666666666667,0.37196666666666667,7.46,0.13,,,,brooklynpark
2023-07-03,4400.0,0.0,25.065359477124183,0.025500000000000002,0.03565,0.02305,0.296,0.1375,0.0628,0.0644,0.24159999999999998,0.33105,7.46,0.13,,,,brooklynpark
2023-07-04,4360.0,0.0,25.228758169934643,0.03955,0.053325,0.042225,0.3146,0.15505000000000002,0.0819,0.08235,0.2632,0.342625,7.46,0.13,,,,brooklynpark
2023-07-05,4240.0,0.08,25.3921568627451,0.0536,0.071,0.0614,0.3332,0.1726,0.101,0.1003,0.2848,0.3542,7.46,0.13,,,,brooklynpark
2023-07-06,4150.0,0.0,25.555555555555557,0.0387,0.05115,0.04290000000000001,0.2442333333333333,0.12116666666666667,0.0703,0.07118333333333333,0.20906666666666668,0.26078333333333337,7.46,0.13,,,,brooklynpark
2023-07-07,3990.0,0.0,25.555555555555557,0.023799999999999998,0.0313,0.024400000000000005,0.15526666666666664,0.06973333333333334,0.0396,0.04206666666666667,0.13333333333333333,0.1673666666666667,7.46,0.13,,,,brooklynpark
2023-07-08,3720.0,0.0,24.444444444444443,0.0089,0.011449999999999998,0.005900000000000001,0.0663,0.0183,0.0089,0.01295,0.0576,0.07395,7.46,0.13,,,,brooklynpark
2023-07-09,3530.0,0.0,24.444444444444443,0.02003791666666667,0.031755000000000005,0.02253791666666665,0.20434958333333333,0.09543583333333333,0.04688041666666667,0.045149999999999996,0.169975,0.23814999999999997,7.46,0.13,,,,brooklynpark
2023-07-10,3410.0,0.0,25.0,0.031175833333333333,0.05206,0.0391758333333333,0.34239916666666664,0.17257166666666668,0.08486083333333334,0.07735,0.28235,0.40235,7.46,0.13,,,,brooklynpark
2023-07-11,3480.0,0.0,25.0,0.0669838888888889,0.07794000000000001,0.06138388888888886,0.29794944444444443,0.15736444444444445,0.08110722222222223,0.09500000000000001,0.26148333333333335,0.358,7.46,0.13,,,,brooklynpark
2023-07-12,3590.0,0.01,25.0,0.10279194444444445,0.10382000000000001,0.08359194444444443,0.2534997222222222,0.14215722222222224,0.07735361111111111,0.11265000000000003,0.24061666666666667,0.31365,7.46,0.13,,,,brooklynpark
2023-07-13,3430.0,0.0,23.88888888888889,0.1386,0.1297,0.1058,0.20905,0.12695,0.0736,0.13030000000000003,0.21975,0.2693,7.46,0.13,,,,brooklynpark
2023-07-14,3310.0,0.08,24.444444444444443,0.1152,0.11655,0.09095,0.293625,0.151525,0.0758,0.126675,0.270625,0.331875,7.46,0.13,,,,brooklynpark
2023-07-15,3000.0,0.0,25.0,0.09179999999999999,0.10339999999999999,0.0761,0.3782,0.17609999999999998,0.078,0.12304999999999999,0.3215,0.39444999999999997,7.46,0.13,,,,brooklynpark
2023-07-16,2940.0,0.0,24.444444444444443,0.07133333333333333,0.08285,0.060866666666666666,0.3751,0.1688833333333333,0.07595,0.10803333333333333,0.3147166666666667,0.39435,7.46,0.13,,,,brooklynpark
2023-07-17,2930.0,0.01,23.333333333333332,0.050866666666666664,0.062299999999999994,0.04563333333333333,0.372,0.16166666666666665,0.0739,0.09301666666666666,0.30793333333333334,0.39425,7.46,0.13,,,,brooklynpark
2023-07-18,2920.0,0.0,22.77777777777778,0.0304,0.041749999999999995,0.0304,0.3689,0.15444999999999998,0.07185,0.078,0.30115000000000003,0.39415,7.46,0.13,,,,brooklynpark
2023-07-19,2960.0,0.07,25.0,0.5732,0.520475,0.47959999999999997,0.60765,0.391325,0.28842500000000004,0.5265,0.588625,0.617375,7.46,0.13,,,,brooklynpark
2023-07-20,2980.0,1.28,25.0,1.116,0.9992,0.9288,0.8464,0.6282,0.505,0.975,0.8761,0.8406,7.46,0.13,,,,brooklynpark
2023-07-21,2700.0,0.0,24.444444444444443,0.7842666666666667,0.7056666666666667,0.6507499999999999,0.6645666666666666,0.46806666666666663,0.3604833333333334,0.69275,0.6672333333333333,0.6669166666666667,7.46,0.13,,,,brooklynpark
2023-07-22,2820.0,0.0,25.0,0.45253333333333334,0.41213333333333335,0.37270000000000003,0.4827333333333333,0.30793333333333334,0.2159666666666667,0.4105,0.45836666666666664,0.49323333333333336,7.46,0.13,,,,brooklynpark
2023-07-23,2810.0,0.1,25.0,0.12079999999999999,0.1186,0.09465,0.3009,0.1478,0.07145,0.12825,0.2495,0.31955,7.46,0.13,,,,brooklynpark
2023-07-24,2810.0,0.0,26.11111111111111,0.07757499999999999,0.0851,0.064675,0.30584999999999996,0.153325,0.073825,0.103825,0.26465000000000005,0.340225,7.46,0.13,,,,brooklynpark
2023-07-25,2850.0,0.28,26.666666666666668,0.03435,0.0516,0.034699999999999995,0.31079999999999997,0.15885,0.0762,0.0794,0.27980000000000005,0.3609,7.46,0.13,,,,brooklynpark
2023-07-26,2890.0,0.35,26.666666666666668,0.029083333333333333,0.04575,0.02998333333333333,0.2986,0.14955,0.07093333333333333,0.07356666666666667,0.2700666666666667,0.34668333333333334,7.46,0.13,,,,brooklynpark
2023-07-27,2650.0,0.0,27.77777777777778,0.023816666666666667,0.0399,0.025266666666666666,0.2864,0.14025,0.06566666666666666,0.06773333333333333,0.26033333333333336,0.33246666666666663,7.46,0.13,,,,brooklynpark
2023-07-28,2950.0,0.0,27.77777777777778,0.018549999999999997,0.03405,0.02055,0.2742,0.13095,0.060399999999999995,0.0619,0.2506,0.31825,7.46,0.13,,,,brooklynpark
2023-07-29,3020.0,0.25,26.666666666666668,0.056875,0.071725,0.0549,0.3311,0.16997500000000001,0.09040000000000001,0.1016,0.2835,0.36877499999999996,7.46,0.13,,,,brooklynpark
2023-07-30,2880.0,0.0,26.666666666666668,0.0952,0.1094,0.08925,0.388,0.20900000000000002,0.12040000000000001,0.1413,0.3164,0.4193,7.46,0.13,,,,brooklynpark
2023-07-31,2640.0,0.0,26.666666666666668,0.09665,0.10391666666666667,0.08973333333333333,0.3164666666666667,0.18430000000000002,0.1057,0.13716666666666666,0.27043333333333336,0.3479,7.46,0.13,,,,brooklynpark
2023-08-01,2580.0,0.0,26.666666666666668,0.0981,0.09843333333333333,0.09021666666666667,0.24493333333333334,0.15960000000000002,0.09100000000000001,0.13303333333333334,0.22446666666666665,0.27649999999999997,7.46,0.13,,,,brooklynpark
2023-08-02,2480.0,0.05,27.77777777777778,0.09955,0.09295,0.0907,0.1734,0.13490000000000002,0.0763,0.1289,0.1785,0.2051,7.46,0.13,,,,brooklynpark
2023-08-03,2680.0,0.13,28.88888888888889,0.074475,0.080375,0.07325000000000001,0.2384,0.1479,0.0819,0.11374999999999999,0.22345,0.27165,7.46,0.13,,,,brooklynpark
2023-08-04,2900.0,0.23,28.88888888888889,0.0494,0.0678,0.0558,0.3034,0.1609,0.0875,0.0986,0.2684,0.3382,7.46,0.13,,,,brooklynpark
2023-08-05,2880.0,0.0,28.333333333333332,0.1328333333333333,0.1362,0.11163333333333333,0.3214,0.18918333333333334,0.12641666666666665,0.15561666666666665,0.28848333333333337,0.3426666666666667,7.46,0.13,,,,brooklynpark
2023-08-06,2650.0,0.0,27.22222222222222,0.21626666666666663,0.2046,0.16746666666666665,0.3394,0.21746666666666667,0.16533333333333333,0.21263333333333334,0.30856666666666666,0.34713333333333335,7.46,0.13,,,,brooklynpark
2023-08-07,2360.0,0.01,25.555555555555557,0.29969999999999997,0.273,0.2233,0.3574,0.24575000000000002,0.20425,0.26965,0.32865,0.3516,7.46,0.13,,,,brooklynpark
2023-08-08,2290.0,0.0,25.555555555555557,0.16722499999999998,0.1579,0.125325,0.28915,0.15940000000000001,0.114825,0.166725,0.26025,0.29175,7.46,0.13,,,,brooklynpark
2023-08-09,2290.0,0.0,26.11111111111111,0.034749999999999996,0.0428,0.02735,0.22089999999999999,0.07305,0.0254,0.0638,0.19185,0.2319,7.46,0.13,,,,brooklynpark
2023-08-10,2180.0,0.17,26.11111111111111,0.031004999999999998,0.04326625,0.03005499999999995,0.257455,0.10250125,0.045043749999999994,0.06473333333333334,0.21721666666666667,0.2744,7.46,0.13,,,,brooklynpark
2023-08-11,2400.0,0.28,26.11111111111111,0.02726,0.0437325,0.0327599999999999,0.29401,0.1319525,0.0646875,0.06566666666666666,0.24258333333333335,0.3169,7.46,0.13,,,,brooklynpark
2023-08-12,2680.0,0.53,26.11111111111111,0.027,0.0338,0.02325,0.327,0.13974999999999999,0.06395,0.0666,0.26795,0.3594,7.46,0.13,,,,brooklynpark
2023-08-13,2630.0,0.0,26.11111111111111,0.0363,0.042719999999999994,0.03086,0.3294,0.14409999999999998,0.06606000000000001,0.07223,0.27449,0.36376,7.46,0.13,,,,brooklynpark
2023-08-14,3690.0,1.54,25.0,0.0456,0.05164,0.038470000000000004,0.3318,0.14844999999999997,0.06817000000000001,0.07786,0.28103,0.36812,7.46,0.13,,,,brooklynpark
2023-08-15,3510.0,0.11,23.333333333333332,0.0549,0.06056,0.04608,0.3342,0.1528,0.07028,0.08349000000000001,0.28757,0.37248,7.46,0.13,,,,brooklynpark
2023-08-16,3270.0,0.0,23.88888888888889,0.0642,0.06948,0.05369,0.33659999999999995,0.15714999999999998,0.07239,0.08912,0.29411,0.37684,7.46,0.13,,,,brooklynpark
2023-08-17,2980.0,0.0,24.444444444444443,0.0735,0.0784,0.0613,0.33899999999999997,0.16149999999999998,0.0745,0.09475,0.30065,0.3812,7.46,0.13,,,,brooklynpark
2023-08-18,2850.0,0.0,23.333333333333332,0.051725,0.0602,0.045075000000000004,0.3092,0.152675,0.071775,0.084675,0.271875,0.36205,7.46,0.13,,,,brooklynpark
2023-08-19,2850.0,0.0,23.88888888888889,0.02995,0.041999999999999996,0.02885,0.2794,0.14385,0.06905,0.0746,0.2431,0.3429,7.46,0.13,,,,brooklynpark
2023-08-20,2660.0,0.0,25.555555555555557,0.029383333333333334,0.039549999999999995,0.027666666666666666,0.2756166666666667,0.13911666666666667,0.06501666666666667,0.07063333333333334,0.24206666666666668,0.3339,7.46,0.13,,,,brooklynpark
2023-08-21,2570.0,0.0,25.0,0.028816666666666664,0.0371,0.026483333333333334,0.2718333333333333,0.13438333333333333,0.060983333333333334,0.06666666666666667,0.24103333333333332,0.3249,7.46,0.13,,,,brooklynpark
2023-08-22,2580.0,0.0,24.444444444444443,0.028249999999999997,0.03465,0.0253,0.26805,0.12965,0.05695,0.0627,0.24,0.3159,7.46,0.13,,,,brooklynpark
2023-08-23,2550.0,0.0,26.666666666666668,0.321225,0.29812500000000003,0.28145,0.404225,0.30327499999999996,0.228625,0.32409999999999994,0.408975,0.44177500000000003,7.46,0.13,,,,brooklynpark
2023-08-24,2410.0,0.0,28.333333333333332,0.6142,0.5616,0.5376,0.5404,0.4769,0.4003,0.5854999999999999,0.57795,0.56765,7.46,0.13,,,,brooklynpark
2023-08-25,2340.0,0.0,26.666666666666668,0.49346666666666666,0.45136666666666664,0.42636666666666667,0.46763333333333335,0.38813333333333333,0.31343333333333334,0.45589999999999997,0.46331666666666665,0.4624,7.46,0.13,,,,brooklynpark
2023-08-26,2270.0,0.0,26.296296296296298,0.37273333333333336,0.3411333333333333,0.3151333333333334,0.3948666666666667,0.29936666666666667,0.22656666666666667,0.3263,0.34868333333333335,0.35714999999999997,7.46,0.13,,,,brooklynpark
2023-08-27,2160.0,0.0,25.925925925925927,0.252,0.2309,0.20390000000000003,0.3221,0.2106,0.1397,0.19669999999999999,0.23404999999999998,0.2519,7.46,0.13,,,,brooklynpark
2023-08-28,2040.0,0.0,25.555555555555557,0.149775,0.143875,0.12262500000000001,0.29905000000000004,0.17665,0.10285,0.14027499999999998,0.243,0.292725,7.46,0.13,,,,brooklynpark
2023-08-29,1910.0,0.0,25.185185185185183,0.04755,0.05685,0.04135,0.276,0.1427,0.066,0.08385000000000001,0.25195,0.33355,7.46,0.13,,,,brooklynpark
2023-08-30,2000.0,0.0,24.814814814814813,0.04376666666666667,0.05343333333333333,0.038,0.26603333333333334,0.13736666666666666,0.06470000000000001,0.07965,0.24261666666666667,0.31693333333333334,7.46,0.13,,,,brooklynpark
2023-08-31,1960.0,0.0,24.444444444444443,0.03998333333333333,0.05001666666666667,0.03465,0.25606666666666666,0.13203333333333334,0.0634,0.07545,0.23328333333333334,0.3003166666666667,7.46,0.13,,,,brooklynpark
2023-09-01,1890.0,0.0,23.88888888888889,0.036199999999999996,0.0466,0.0313,0.24609999999999999,0.1267,0.0621,0.07125,0.22395,0.2837,7.46,0.13,,,,brooklynpark
2023-09-02,1820.0,0.0,24.444444444444443,0.027024999999999997,0.037375000000000005,0.026075,0.20945,0.1111,0.052875,0.06129999999999999,0.196525,0.253,7.46,0.13,,,,brooklynpark
2023-09-03,1870.0,0.0,25.0,0.017849999999999998,0.02815,0.02085,0.1728,0.0955,0.043649999999999994,0.05135,0.1691,0.2223,7.46,0.13,,,,brooklynpark
2023-09-04,1790.0,0.0,26.11111111111111,0.021219999999999996,0.03123,0.02276,0.18766,0.10321,0.047009999999999996,0.05575,0.18251,0.24064,7.46,0.13,,,,brooklynpark
2023-09-05,1730.0,0.0,26.666666666666668,0.024589999999999997,0.03431,0.02467,0.20252,0.11092,0.05037,0.060149999999999995,0.19592,0.25898,7.46,0.13,,,,brooklynpark
2023-09-06,1640.0,0.0,25.555555555555557,0.027959999999999995,0.03739,0.02658,0.21738,0.11863,0.05373,0.06455,0.20933000000000002,0.27732,7.46,0.13,,,,brooklynpark
2023-09-07,1600.0,0.0,23.88888888888889,0.03133,0.04047,0.02849,0.23224,0.12634,0.05709,0.06895,0.22274,0.29566000000000003,7.46,0.13,,,,brooklynpark
2023-09-08,2030.0,0.0,22.22222222222222,0.034699999999999995,0.04355,0.0304,0.2471,0.13405,0.060450000000000004,0.07335,0.23615,0.314,7.46,0.13,,,,brooklynpark
2023-09-09,2010.0,0.0,22.77777777777778,0.037,0.045649999999999996,0.03255,0.25726666666666664,0.13593333333333332,0.0632,0.07523333333333333,0.23979999999999999,0.31843333333333335,7.46,0.13,,,,brooklynpark
2023-09-10,1810.0,0.0,22.22222222222222,0.039299999999999995,0.04775,0.0347,0.2674333333333333,0.13781666666666667,0.06595,0.07711666666666667,0.24345,0.3228666666666667,7.46,0.13,,,,brooklynpark
2023-09-11,1940.0,0.0,22.22222222222222,0.0416,0.04985,0.03685,0.27759999999999996,0.1397,0.0687,0.079,0.2471,0.32730000000000004,7.46,0.13,,,,brooklynpark
2023-09-12,2160.0,0.3,21.666666666666668,0.028499999999999998,0.039575,0.027825,0.2791,0.13455,0.063375,0.0722,0.246925,0.32935000000000003,7.46,0.13,,,,brooklynpark
2023-09-13,1970.0,0.0,20.555555555555557,0.0154,0.0293,0.018799999999999997,0.2806,0.12940000000000002,0.058050000000000004,0.0654,0.24675,0.33140000000000003,7.46,0.13,,,,brooklynpark
2023-09-14,1750.0,0.0,20.555555555555557,0.06720000000000001,0.07286666666666666,0.06206666666666667,0.2743666666666667,0.14741666666666667,0.07951666666666667,0.1015,0.2467,0.3119166666666667,7.46,0.13,,,,brooklynpark
2023-09-15,1630.0,0.18,21.11111111111111,0.11900000000000001,0.11643333333333333,0.10533333333333335,0.26813333333333333,0.16543333333333335,0.10098333333333334,0.1376,0.24665,0.2924333333333334,7.46,0.13,,,,brooklynpark
2023-09-16,1610.0,0.0,20.555555555555557,0.1708,0.16,0.1486,0.2619,0.18345,0.12245,0.17370000000000002,0.2466,0.27295,7.46,0.13,,,,brooklynpark
2023-09-17,1540.0,0.0,20.0,0.106375,0.105375,0.09495,0.25345,0.161375,0.098275,0.12875,0.24545,0.282525,7.46,0.13,,,,brooklynpark
2023-09-18,1510.0,0.0,20.555555555555557,0.04195,0.05075,0.0413,0.245,0.13929999999999998,0.0741,0.0838,0.24430000000000002,0.2921,7.46,0.13,,,,brooklynpark
2023-09-19,1470.0,0.0,20.555555555555557,0.060833333333333336,0.0687,0.0576,0.25853333333333334,0.14596666666666666,0.08493333333333333,0.10086666666666667,0.24800000000000003,0.29660000000000003,7.46,0.13,,,,brooklynpark
2023-09-20,1680.0,0.0,21.11111111111111,0.07971666666666666,0.08665,0.0739,0.2720666666666667,0.15263333333333332,0.09576666666666667,0.11793333333333333,0.25170000000000003,0.3011,7.46,0.13,,,,brooklynpark
2023-09-21,1680.0,0.0,21.666666666666664,0.0986,0.1046,0.0902,0.2856,0.1593,0.1066,0.135,0.2554,0.3056,7.46,0.13,,,,brooklynpark
2023-09-22,1620.0,0.0,22.22222222222222,0.27456,0.25583999999999996,0.23520000000000002,0.37328,0.23286,0.16971999999999998,0.2752,0.3618,0.39714,7.46,0.13,,,,brooklynpark
2023-09-23,1710.0,0.0,21.666666666666668,0.45052000000000003,0.40708,0.38020000000000004,0.46096000000000004,0.30642,0.23284,0.4154,0.46820000000000006,0.48868,7.46,0.13,,,,brooklynpark
2023-09-24,2610.0,1.37,21.666666666666668,0.62648,0.5583199999999999,0.5252000000000001,0.54864,0.37998,0.29596,0.5556,0.5746,0.58022,7.46,0.13,,,,brooklynpark
2023-09-25,2900.0,0.62,21.11111111111111,0.80244,0.70956,0.6702000000000001,0.63632,0.45354,0.35907999999999995,0.6958,0.681,0.6717599999999999,7.46,0.13,,,,brooklynpark
2023-09-26,2820.0,2.45,20.555555555555557,0.9784,0.8608,0.8152,0.724,0.5271,0.4222,0.836,0.7874,0.7633,7.46,0.13,,,,brooklynpark
2023-09-27,3070.0,0.01,20.0,0.78676,0.69452,0.65637,0.62085,0.44543,0.34905,0.6828799999999999,0.67336,0.6638,7.46,0.13,,,,brooklynpark
2023-09-28,2930.0,0.0,20.555555555555557,0.5951200000000001,0.52824,0.49754000000000004,0.5177,0.36376000000000003,0.27590000000000003,0.52976,0.55932,0.5643,7.46,0.13,,,,brooklynpark
2023-09-29,3290.0,0.75,20.0,0.40348000000000006,0.36195999999999995,0.33871000000000007,0.41455,0.28209000000000006,0.20274999999999999,0.37664000000000003,0.44528,0.4648,7.46,0.13,,,,brooklynpark
2023-09-30,4140.0,2.05,20.555555555555557,0.21184000000000003,0.19567999999999997,0.17988000000000004,0.3114,0.20042000000000004,0.1296,0.22352000000000005,0.33124,0.36529999999999996,7.46,0.13,,,,brooklynpark
2023-10-01,4290.0,0.0,21.666666666666668,0.020200000000000003,0.0294,0.02105,0.20825,0.11875,0.05645,0.0704,0.2172,0.2658,7.46,0.13,,,,brooklynpark
2023-10-02,4220.0,0.0,22.22222222222222,0.04815,0.055400000000000005,0.046375,0.227625,0.136125,0.07427500000000001,0.09670000000000001,0.2328,0.28015,7.46,0.13,,,,brooklynpark
2023-10-03,3540.0,0.0,22.22222222222222,0.0761,0.0814,0.0717,0.247,0.1535,0.0921,0.123,0.2484,0.2945,7.46,0.13,,,,brooklynpark
2023-10-04,4050.0,0.12,21.666666666666668,0.06387,0.0712,0.06123,0.24206,0.14876,0.08621000000000001,0.11563999999999999,0.24331,0.29245,7.46,0.13,,,,brooklynpark
2023-10-05,3760.0,0.0,20.555555555555557,0.051640000000000005,0.061,0.05076,0.23712,0.14402,0.08032,0.10828,0.23822,0.2904,7.46,0.13,,,,brooklynpark
2023-10-06,3970.0,0.01,17.77777777777778,0.03941,0.0508,0.04029,0.23218,0.13928,0.07443000000000001,0.10092,0.23313,0.28835,7.46,0.13,,,,brooklynpark
2023-10-07,3740.0,0.11,15.555555555555555,0.027180000000000003,0.0406,0.02982,0.22724,0.13454,0.06854000000000002,0.09356,0.22804,0.2863,7.46,0.13,,,,brooklynpark
2023-10-08,3760.0,0.0,15.555555555555555,0.014950000000000001,0.0304,0.01935,0.2223,0.1298,0.06265000000000001,0.0862,0.22294999999999998,0.28425,7.46,0.13,,,,brooklynpark
2023-10-09,3990.0,0.0,15.555555555555555,0.014116666666666668,0.03115,0.019899999999999998,0.23115,0.1257,0.06088333333333334,0.08455,0.21685,0.27658333333333335,7.46,0.13,,,,brooklynpark
2023-10-10,3830.0,0.0,15.0,0.013283333333333333,0.0319,0.02045,0.24000000000000002,0.1216,0.05911666666666667,0.08289999999999999,0.21075,0.26891666666666664,7.46,0.13,,,,brooklynpark
2023-10-11,3800.0,0.0,15.555555555555555,0.01245,0.03265,0.020999999999999998,0.24885000000000002,0.1175,0.05735,0.08124999999999999,0.20465,0.26125,7.46,0.13,,,,brooklynpark
2023-10-12,3790.0,0.0,15.0,0.01166,0.0344,0.02223,0.24526,0.12032999999999999,0.05849,0.08750999999999999,0.21286,0.26605,7.46,0.13,,,,brooklynpark
2023-10-13,4710.0,1.29,13.88888888888889,0.01087,0.03615,0.023459999999999998,0.24167,0.12315999999999999,0.059629999999999996,0.09376999999999999,0.22107,0.27085,7.46,0.13,,,,brooklynpark
2023-10-14,5350.0,1.22,12.777777777777779,0.01008,0.0379,0.02469,0.23808,0.12599,0.06077,0.10003,0.22927999999999998,0.27565,7.46,0.13,,,,brooklynpark
2023-10-15,5310.0,0.02,12.777777777777779,0.00929,0.03965,0.02592,0.23449,0.12882,0.06190999999999999,0.10629,0.23749,0.28045,7.46,0.13,,,,brooklynpark
2023-10-16,5050.0,0.0,12.777777777777779,0.0085,0.0414,0.02715,0.2309,0.13165,0.06305,0.11255,0.2457,0.28525,7.46,0.13,,,,brooklynpark
2023-10-17,4960.0,0.0,13.333333333333334,0.34205,0.3195,0.288775,0.42645,0.169425,0.138125,0.351225,0.41600000000000004,0.427425,7.46,0.13,,,,brooklynpark
2023-10-18,4880.0,0.0,13.333333333333334,0.6756,0.5976,0.5504,0.622,0.2072,0.2132,0.5899,0.5863,0.5696,7.46,0.13,,,,brooklynpark
2023-10-19,4790.0,0.0,13.333333333333334,0.4601166666666666,0.41236666666666666,0.37678333333333336,0.45913333333333334,0.1566,0.1536,0.41208333333333336,0.42238333333333333,0.4141166666666667,7.46,0.13,,,,brooklynpark
2023-10-20,4680.0,0.05,12.777777777777779,0.2446333333333333,0.22713333333333335,0.20316666666666666,0.2962666666666667,0.106,0.09399999999999999,0.23426666666666668,0.2584666666666667,0.2586333333333333,7.46,0.13,,,,brooklynpark
2023-10-21,4680.0,0.0,13.88888888888889,0.029150000000000002,0.0419,0.02955,0.13340000000000002,0.055400000000000005,0.0344,0.05645,0.09455,0.10315,7.46,0.13,,,,brooklynpark
2023-10-22,4620.0,0.0,13.333333333333334,0.061224999999999995,0.0807,0.06967499999999999,0.2083,0.128775,0.08085,0.13105,0.185525,0.204025,7.46,0.13,,,,brooklynpark
2023-10-23,4370.0,0.08,13.333333333333334,0.0933,0.1195,0.1098,0.2832,0.20215,0.1273,0.20565,0.2765,0.3049,7.46,0.13,,,,brooklynpark
2023-10-24,4220.0,0.01,13.88888888888889,0.13193125,0.15436875,0.14605625,0.3086875,0.21960625,0.1552,0.2317125,0.29576250000000004,0.32178125,7.46,0.13,,,,brooklynpark
2023-10-25,4420.0,0.64,13.88888888888889,0.1705625,0.1892375,0.1823125,0.334175,0.2370625,0.1831,0.257775,0.315025,0.3386625,7.46,0.13,,,,brooklynpark
2023-10-26,4930.0,0.73,13.88888888888889,0.20919374999999998,0.22410624999999998,0.21856874999999998,0.3596625,0.25451875,0.21100000000000002,0.2838375,0.3342875,0.35554375,7.46,0.13,,,,brooklynpark
2023-10-27,5030.0,0.45,13.88888888888889,0.247825,0.25897499999999996,0.25482499999999997,0.38515,0.27197499999999997,0.2389,0.3099,0.35355000000000003,0.372425,7.46,0.13,,,,brooklynpark
2023-10-28,4890.0,0.0,11.11111111111111,0.28645624999999997,0.29384374999999996,0.29108124999999996,0.4106375,0.28943125000000003,0.26680000000000004,0.3359625,0.3728125,0.38930624999999996,7.46,0.13,,,,brooklynpark
2023-10-29,4840.0,0.0,10.0,0.3250875,0.32871249999999996,0.3273375,0.436125,0.3068875,0.2947,0.36202500000000004,0.392075,0.4061875,7.46,0.13,,,,brooklynpark
2023-10-30,4650.0,0.0,8.88888888888889,0.36371875,0.36358124999999997,0.36359375,0.4616125,0.32434375,0.3226,0.38808750000000003,0.4113375,0.42306875,7.46,0.13,,,,brooklynpark
2023-10-31,4890.0,0.16,7.777777777777778,0.40235,0.39844999999999997,0.39985,0.4871,0.3418,0.35050000000000003,0.41415,0.4306,0.43994999999999995,7.46,0.13,,,,brooklynpark
2023-11-01,4670.0,0.0,7.222222222222222,0.3723208333333333,0.37037916666666665,0.3719166666666667,0.4640333333333333,0.33005833333333334,0.332525,0.388875,0.4084041666666667,0.41719999999999996,7.46,0.13,,,,brooklynpark
2023-11-02,4670.0,0.0,6.666666666666667,0.34229166666666666,0.3423083333333333,0.3439833333333333,0.4409666666666666,0.3183166666666667,0.31455000000000005,0.36360000000000003,0.3862083333333333,0.39444999999999997,7.46,0.13,,,,brooklynpark
2023-11-03,4650.0,0.0,7.222222222222222,0.3122625,0.31423749999999995,0.31605,0.4179,0.306575,0.29657500000000003,0.338325,0.36401249999999996,0.3717,7.46,0.13,,,,brooklynpark
2023-11-04,4610.0,0.0,7.222222222222222,0.28223333333333334,0.2861666666666666,0.28811666666666663,0.3948333333333333,0.29483333333333334,0.2786,0.31305,0.34181666666666666,0.34895,7.46,0.13,,,,brooklynpark
2023-11-05,4400.0,0.0,7.777777777777778,0.2522041666666667,0.2580958333333333,0.2601833333333333,0.37176666666666663,0.2830916666666667,0.260625,0.287775,0.31962083333333335,0.3262,7.46,0.13,,,,brooklynpark
2023-11-06,4300.0,0.0,7.777777777777778,0.22217499999999998,0.23002499999999998,0.23224999999999998,0.3487,0.27135,0.24265000000000003,0.2625,0.297425,0.30345,7.46,0.13,,,,brooklynpark
2023-11-07,4440.0,0.0,7.777777777777778,0.19214583333333332,0.20195416666666663,0.20431666666666665,0.32563333333333333,0.25960833333333333,0.224675,0.237225,0.27522916666666664,0.28069999999999995,7.46,0.13,,,,brooklynpark
2023-11-08,4570.0,0.07,7.777777777777778,0.16211666666666666,0.1738833333333333,0.1763833333333333,0.30256666666666665,0.24786666666666668,0.20670000000000002,0.21195,0.25303333333333333,0.25795,7.46,0.13,,,,brooklynpark
2023-11-09,4390.0,0.0,7.222222222222222,0.13208749999999997,0.14581249999999996,0.14844999999999997,0.27949999999999997,0.23612500000000003,0.18872500000000003,0.186675,0.2308375,0.2352,7.46,0.13,,,,brooklynpark
2023-11-10,4340.0,0.0,6.666666666666667,0.1020583333333333,0.11774166666666663,0.12051666666666666,0.2564333333333333,0.22438333333333335,0.17075,0.1614,0.20864166666666667,0.21245,7.46,0.13,,,,brooklynpark
2023-11-11,4310.0,0.0,6.666666666666667,0.07202916666666664,0.08967083333333331,0.0925833333333333,0.23336666666666667,0.21264166666666667,0.15277500000000002,0.136125,0.18644583333333334,0.18969999999999998,7.46,0.13,,,,brooklynpark
2023-11-12,4420.0,0.03,7.222222222222222,0.042,0.0616,0.06465,0.2103,0.20090000000000002,0.1348,0.11085,0.16425,0.16695,7.46,0.13,,,,brooklynpark
2023-11-13,4480.0,0.0,7.222222222222222,0.04171388888888888,0.06114999999999999,0.06704166666666665,0.20617138888888886,0.2008463888888889,0.1354125,0.11086666666666667,0.16306666666666667,0.16905,7.46,0.13,,,,brooklynpark
2023-11-14,4430.0,0.0,7.777777777777778,0.04142777777777776,0.06069999999999998,0.06943333333333332,0.20204277777777777,0.2007927777777778,0.136025,0.11088333333333333,0.16188333333333335,0.17115,7.46,0.13,,,,brooklynpark
2023-11-15,4330.0,0.0,8.333333333333334,0.04114166666666663,0.06024999999999997,0.07182499999999997,0.19791416666666664,0.20073916666666666,0.1366375,0.1109,0.1607,0.17325000000000002,7.46,0.13,,,,brooklynpark
2023-11-16,4410.0,0.0,8.333333333333334,0.04329583333333332,0.059999999999999984,0.07288749999999998,0.1942070833333333,0.20109458333333335,0.13846875,0.105,0.155775,0.16972500000000001,7.46,0.13,,,,brooklynpark
2023-11-17,4500.0,0.0,8.333333333333334,0.045450000000000004,0.05975,0.07394999999999999,0.1905,0.20145000000000002,0.1403,0.0991,0.15084999999999998,0.16620000000000001,7.46,0.13,,,,brooklynpark
2023-11-18,4500.0,0.0,7.777777777777778,0.07768,0.09256,0.11284,0.21196,0.227,0.17828,0.14271999999999999,0.18741999999999998,0.20148000000000002,7.46,0.13,,,,brooklynpark
2023-11-19,4330.0,0.0,7.777777777777778,0.10991000000000001,0.12536999999999998,0.15173,0.23342000000000002,0.25255,0.21626,0.18634,0.22399,0.23676000000000003,7.46,0.13,,,,brooklynpark
2023-11-20,4320.0,0.0,7.777777777777778,0.14214,0.15818,0.19062,0.25488,0.2781,0.25424,0.22996,0.26056,0.27204,7.46,0.13,,,,brooklynpark
2023-11-21,4330.0,0.05,7.777777777777778,0.17437000000000002,0.19099,0.22951000000000002,0.27634000000000003,0.30365,0.29222000000000004,0.27358,0.29713,0.30732000000000004,7.46,0.13,,,,brooklynpark
2023-11-22,4300.0,0.0,6.666666666666667,0.2066,0.2238,0.2684,0.2978,0.3292,0.3302,0.3172,0.3337,0.3426,7.46,0.13,,,,brooklynpark
2023-11-23,4270.0,0.0,6.111111111111111,0.16173333333333334,0.1752,0.20673333333333335,0.257,0.27536666666666665,0.2607333333333333,0.2477333333333333,0.2680666666666667,0.27803333333333335,7.46,0.13,,,,brooklynpark
2023-11-24,4380.0,0.0,4.444444444444445,0.11686666666666667,0.1266,0.14506666666666668,0.2162,0.2215333333333333,0.19126666666666667,0.17826666666666666,0.20243333333333333,0.21346666666666667,7.46,0.13,,,,brooklynpark
2023-11-25,4150.0,0.0,4.444444444444445,0.072,0.078,0.0834,0.1754,0.1677,0.1218,0.1088,0.1368,0.1489,7.46,0.13,,,,brooklynpark
2023-11-26,3930.0,0.0,4.444444444444445,0.06591999999999999,0.07248,0.07988,0.17527,0.17642,0.12692,0.10736,0.13777,0.15131,7.46,0.13,,,,brooklynpark
2023-11-27,3390.0,0.0,2.2222222222222223,0.05984,0.06696,0.07636,0.17514000000000002,0.18514,0.13204,0.10592,0.13874,0.15372,7.46,0.13,,,,brooklynpark
2023-11-28,2760.0,0.0,1.6666666666666667,0.053759999999999995,0.06144,0.07284,0.17501,0.19385999999999998,0.13715999999999998,0.10447999999999999,0.13971,0.15613,7.46,0.13,,,,brooklynpark
2023-11-29,2880.0,0.0,1.6666666666666667,0.04768,0.05592,0.06931999999999999,0.17488,0.20257999999999998,0.14228,0.10303999999999999,0.14068,0.15854,7.46,0.13,,,,brooklynpark
2023-11-30,3260.0,0.0,2.2222222222222223,0.0416,0.0504,0.0658,0.17475000000000002,0.2113,0.14739999999999998,0.1016,0.14165,0.16094999999999998,7.46,0.13,,,,brooklynpark
2023-12-01,3530.0,0.0,2.7777777777777777,0.046775,0.058249999999999996,0.076275,0.187525,0.23229999999999998,0.16749999999999998,0.11562499999999999,0.155425,0.17099999999999999,7.46,0.13,,,,brooklynpark
2023-12-02,3790.0,0.0,2.7777777777777777,0.051949999999999996,0.06609999999999999,0.08675,0.2003,0.25329999999999997,0.1876,0.12965,0.16920000000000002,0.18105,7.46,0.13,,,,brooklynpark
2023-12-03,4230.0,0.0,3.3333333333333335,0.04869999999999999,0.061579999999999996,0.08306999999999999,0.19238,0.24745999999999999,0.18288,0.12675,0.16454000000000002,0.177,7.46,0.13,,,,brooklynpark
2023-12-04,4290.0,0.0,3.3333333333333335,0.04545,0.05705999999999999,0.07938999999999999,0.18446,0.24161999999999997,0.17815999999999999,0.12384999999999999,0.15988000000000002,0.17295,7.46,0.13,,,,brooklynpark
2023-12-05,4460.0,0.02,2.7777777777777777,0.042199999999999994,0.052539999999999996,0.07571,0.17654,0.23578,0.17344,0.12095,0.15522,0.1689,7.46,0.13,,,,brooklynpark
2023-12-06,4330.0,0.0,2.2222222222222223,0.03895,0.04801999999999999,0.07203,0.16862,0.22993999999999998,0.16872,0.11805,0.15056,0.16485,7.46,0.13,,,,brooklynpark
2023-12-07,4460.0,0.0,2.7777777777777777,0.035699999999999996,0.0435,0.06835,0.1607,0.2241,0.164,0.11515,0.1459,0.1608,7.46,0.13,,,,brooklynpark
2023-12-08,4360.0,0.0,3.3333333333333335,0.055619999999999996,0.06444,0.08878,0.1829,0.20948,0.15536,0.12955,0.16176000000000001,0.17524,7.46,0.13,,,,brooklynpark
2023-12-09,4450.0,0.0,3.888888888888889,0.07554,0.08538,0.10920999999999999,0.2051,0.19486,0.14672,0.14395,0.17762,0.18968,7.46,0.13,,,,brooklynpark
2023-12-10,4280.0,0.01,2.2222222222222223,0.09545999999999999,0.10632,0.12963999999999998,0.2273,0.18024,0.13807999999999998,0.15835,0.19348,0.20412,7.46,0.13,,,,brooklynpark
2023-12-11,4180.0,0.0,2.7777777777777777,0.11538,0.12725999999999998,0.15006999999999998,0.2495,0.16562000000000002,0.12944,0.17275,0.20934000000000003,0.21855999999999998,7.46,0.13,,,,brooklynpark
2023-12-12,3630.0,0.0,2.2222222222222223,0.1353,0.1482,0.17049999999999998,0.2717,0.15100000000000002,0.12079999999999999,0.18714999999999998,0.2252,0.23299999999999998,7.46,0.13,,,,brooklynpark
2023-12-13,3420.0,0.0,1.6666666666666667,0.1242,0.13701875,0.15874999999999997,0.2576625,0.1599875,0.126725,0.17710625,0.21327500000000002,0.22310624999999998,7.46,0.13,,,,brooklynpark
2023-12-14,3730.0,0.0,2.2222222222222223,0.1131,0.1258375,0.147,0.24362499999999998,0.16897500000000001,0.13265,0.1670625,0.20135,0.21321249999999997,7.46,0.13,,,,brooklynpark
2023-12-15,3950.0,0.0,2.7777777777777777,0.10200000000000001,0.11465625,0.13524999999999998,0.2295875,0.17796250000000002,0.138575,0.15701874999999998,0.189425,0.20331875,7.46,0.13,,,,brooklynpark
2023-12-16,4510.0,0.47,3.3333333333333335,0.09090000000000001,0.103475,0.1235,0.21555,0.18695,0.14450000000000002,0.146975,0.1775,0.19342499999999999,7.46,0.13,,,,brooklynpark
2023-12-17,4930.0,0.05,3.3333333333333335,0.07980000000000001,0.09229375,0.11174999999999999,0.20151249999999998,0.1959375,0.150425,0.13693125,0.165575,0.18353124999999998,7.46,0.13,,,,brooklynpark
2023-12-18,4600.0,0.0,2.2222222222222223,0.0687,0.0811125,0.09999999999999999,0.187475,0.204925,0.15635000000000002,0.1268875,0.15365,0.1736375,7.46,0.13,,,,brooklynpark
2023-12-19,3700.0,0.0,1.6666666666666667,0.0576,0.06993125,0.08825,0.1734375,0.2139125,0.162275,0.11684375,0.141725,0.16374375,7.46,0.13,,,,brooklynpark
2023-12-20,4190.0,0.0,1.6666666666666667,0.0465,0.05875,0.0765,0.1594,0.2229,0.16820000000000002,0.1068,0.1298,0.15385,7.46,0.13,,,,brooklynpark
2023-12-21,4310.0,0.0,2.2222222222222223,0.05400454545454546,0.06548863636363636,0.08193181818181818,0.16345454545454544,0.21687272727272727,0.1642636363636364,0.11120000000000001,0.13417727272727273,0.15666590909090908,7.46,0.13,,,,brooklynpark
2023-12-22,4740.0,0.0,2.7777777777777777,0.06150909090909091,0.07222727272727272,0.08736363636363637,0.16750909090909089,0.21084545454545453,0.16032727272727273,0.11560000000000001,0.13855454545454546,0.15948181818181817,7.46,0.13,,,,brooklynpark
2023-12-23,5020.0,0.01,3.3333333333333335,0.06901363636363636,0.07896590909090909,0.09279545454545454,0.17156363636363636,0.20481818181818182,0.1563909090909091,0.12000000000000001,0.1429318181818182,0.16229772727272726,7.46,0.13,,,,brooklynpark
2023-12-24,5150.0,0.0,3.888888888888889,0.07651818181818182,0.08570454545454545,0.09822727272727273,0.1756181818181818,0.19879090909090907,0.15245454545454545,0.12440000000000001,0.14730909090909092,0.16511363636363635,7.46,0.13,,,,brooklynpark
2023-12-25,6370.0,0.69,5.0,0.08402272727272728,0.09244318181818181,0.10365909090909091,0.17967272727272726,0.19276363636363636,0.14851818181818183,0.1288,0.15168636363636362,0.16792954545454544,7.46,0.13,,,,brooklynpark
2023-12-26,8920.0,1.43,5.555555555555555,0.09152727272727273,0.09918181818181818,0.1090909090909091,0.1837272727272727,0.18673636363636362,0.1445818181818182,0.1332,0.15606363636363635,0.17074545454545453,7.46,0.13,,,,brooklynpark
2023-12-27,9910.0,0.0,5.555555555555555,0.0990318181818182,0.10592045454545454,0.11452272727272728,0.18778181818181816,0.1807090909090909,0.14064545454545455,0.1376,0.16044090909090908,0.17356136363636362,7.46,0.13,,,,brooklynpark
2023-12-28,12100.0,0.0,5.0,0.10653636363636365,0.1126590909090909,0.11995454545454545,0.19183636363636364,0.17468181818181816,0.13670909090909092,0.14200000000000002,0.1648181818181818,0.17637727272727272,7.46,0.13,,,,brooklynpark
2023-12-29,13000.0,0.0,5.0,0.1140409090909091,0.11939772727272727,0.12538636363636363,0.1958909090909091,0.16865454545454545,0.13277272727272726,0.1464,0.16919545454545454,0.1791931818181818,7.46,0.13,,,,brooklynpark
2023-12-30,13700.0,0.0,4.444444444444445,0.12154545454545455,0.12613636363636363,0.13081818181818183,0.19994545454545454,0.1626272727272727,0.12883636363636364,0.15080000000000002,0.17357272727272727,0.1820090909090909,7.46,0.13,,,,brooklynpark
2023-12-31,14000.0,0.01,2.7777777777777777,0.12905,0.132875,0.13625,0.204,0.1566,0.12490000000000001,0.1552,0.17795,0.184825,7.46,0.13,,,,brooklynpark
2024-01-01,12500.0,0.0,2.2222222222222223,0.13655454545454548,0.13961363636363636,0.1416818181818182,0.20805454545454544,0.15057272727272725,0.12096363636363637,0.15960000000000002,0.18232727272727273,0.18764090909090908,7.46,0.13,,,,brooklynpark
2024-01-02,11700.0,0.0,1.6666666666666667,0.14405909090909091,0.14635227272727272,0.1471136363636364,0.2121090909090909,0.14454545454545453,0.11702727272727273,0.164,0.18670454545454546,0.19045681818181817,7.46,0.13,,,,brooklynpark
2024-01-03,12000.0,0.0,1.6666666666666667,0.15156363636363637,0.15309090909090908,0.15254545454545454,0.21616363636363634,0.13851818181818182,0.1130909090909091,0.1684,0.19108181818181819,0.19327272727272726,7.46,0.13,,,,brooklynpark
2024-01-04,12400.0,0.0,1.1111111111111112,0.15906818181818183,0.15982954545454545,0.15797727272727274,0.2202181818181818,0.13249090909090908,0.10915454545454546,0.1728,0.19545909090909092,0.19608863636363635,7.46,0.13,,,,brooklynpark
2024-01-05,11700.0,0.0,1.1111111111111112,0.1665727272727273,0.1665681818181818,0.16340909090909092,0.22427272727272726,0.12646363636363633,0.10521818181818182,0.17720000000000002,0.19983636363636365,0.19890454545454544,7.46,0.13,,,,brooklynpark
2024-01-06,11000.0,0.01,1.6666666666666667,0.17407727272727275,0.17330681818181817,0.1688409090909091,0.2283272727272727,0.12043636363636362,0.10128181818181818,0.1816,0.20421363636363637,0.20172045454545454,7.46,0.13,,,,brooklynpark
2024-01-07,10400.0,0.0,1.6666666666666667,0.18158181818181818,0.18004545454545454,0.1742727272727273,0.2323818181818182,0.11440909090909089,0.09734545454545454,0.186,0.2085909090909091,0.20453636363636363,7.46,0.13,,,,brooklynpark
2024-01-08,9860.0,0.0,1.1111111111111112,0.18908636363636366,0.1867840909090909,0.17970454545454545,0.2364363636363636,0.10838181818181816,0.09340909090909091,0.1904,0.2129681818181818,0.20735227272727272,7.46,0.13,,,,brooklynpark
2024-01-09,9580.0,0.08,1.1111111111111112,0.1965909090909091,0.19352272727272726,0.18513636363636365,0.2404909090909091,0.10235454545454543,0.08947272727272727,0.19480000000000003,0.21734545454545454,0.2101681818181818,7.46,0.13,,,,brooklynpark
2024-01-10,9070.0,0.0,1.1111111111111112,0.20409545454545458,0.20026136363636363,0.19056818181818183,0.24454545454545454,0.0963272727272727,0.08553636363636363,0.19920000000000002,0.22172272727272727,0.2129840909090909,7.46,0.13,,,,brooklynpark
2024-01-11,8730.0,0.01,1.1111111111111112,0.2116,0.207,0.196,0.2486,0.0903,0.0816,0.2036,0.2261,0.2158,7.46,0.13,,,,brooklynpark
2024-01-12,7430.0,0.0,0.5555555555555556,0.24893333333333334,0.2439333333333333,0.23763333333333334,0.28378333333333333,0.12448333333333333,0.11558333333333334,0.24368333333333334,0.26031666666666664,0.25371666666666665,7.46,0.13,,,,brooklynpark
2024-01-13,7140.0,0.0,0.5555555555555556,0.28626666666666667,0.28086666666666665,0.27926666666666666,0.3189666666666667,0.15866666666666668,0.14956666666666668,0.28376666666666667,0.2945333333333333,0.29163333333333336,7.46,0.13,,,,brooklynpark
2024-01-14,6080.0,0.0,0.5555555555555556,0.3236,0.31779999999999997,0.32089999999999996,0.35415,0.19285000000000002,0.18355,0.32385,0.32875,0.32955,7.46,0.13,,,,brooklynpark
2024-01-15,5620.0,0.0,0.5555555555555556,0.3298,0.32051999999999997,0.32227999999999996,0.35496,0.19702000000000003,0.18516,0.32614000000000004,0.33082,0.33035000000000003,7.46,0.13,,,,brooklynpark
2024-01-16,5330.0,0.0,1.1111111111111112,0.336,0.32323999999999997,0.32365999999999995,0.35577,0.20119,0.18677,0.32843,0.33289,0.33115,7.46,0.13,,,,brooklynpark
2024-01-17,5800.0,0.0,1.1111111111111112,0.3422,0.32596,0.32504,0.35658,0.20536000000000001,0.18838,0.33072,0.33496,0.33195,7.46,0.13,,,,brooklynpark
2024-01-18,5960.0,0.0,0.5555555555555556,0.34840000000000004,0.32868,0.32642,0.35739,0.20953,0.18999,0.33301,0.33703,0.33275,7.46,0.13,,,,brooklynpark
2024-01-19,5650.0,0.0,0.5555555555555556,0.3546,0.33140000000000003,0.3278,0.35819999999999996,0.2137,0.1916,0.3353,0.3391,0.33355,7.46,0.13,,,,brooklynpark
2024-01-20,5110.0,0.0,1.1111111111111112,0.5015000000000001,0.4711,0.4603,0.4889,0.3556,0.35315,0.4848,0.47505,0.464175,7.46,0.13,,,,brooklynpark
2024-01-21,5330.0,0.0,1.1111111111111112,0.6484,0.6108,0.5928,0.6196,0.4975,0.5147,0.6343,0.611,0.5948,7.46,0.13,,,,brooklynpark
2024-01-22,5940.0,0.0,1.1111111111111112,0.5708624999999999,0.54009375,0.52665,0.5594875,0.4590375,0.4686,0.56665625,0.54908125,0.53754375,7.46,0.13,,,,brooklynpark
2024-01-23,6520.0,0.0,0.5555555555555556,0.493325,0.4693875,0.4605,0.499375,0.42057500000000003,0.42250000000000004,0.49901249999999997,0.4871625,0.4802875,7.46,0.13,,,,brooklynpark
2024-01-24,6720.0,0.0,0.5555555555555556,0.4157875,0.39868125,0.39435,0.4392625,0.3821125,0.37640000000000007,0.43136874999999997,0.42524375000000003,0.42303124999999997,7.46,0.13,,,,brooklynpark
2024-01-25,6820.0,0.0,0.5555555555555556,0.33825,0.327975,0.3282,0.37915,0.34365,0.33030000000000004,0.36372499999999997,0.363325,0.36577499999999996,7.46,0.13,,,,brooklynpark
2024-01-26,7010.0,0.02,0.5555555555555556,0.2607125,0.25726875000000005,0.26205,0.31903750000000003,0.3051875,0.2842,0.29608124999999996,0.30140625,0.30851875,7.46,0.13,,,,brooklynpark
2024-01-27,7250.0,0.0,0.5555555555555556,0.18317499999999998,0.18656250000000002,0.19589999999999996,0.258925,0.266725,0.23810000000000003,0.22843749999999996,0.23948750000000002,0.2512625,7.46,0.13,,,,brooklynpark
2024-01-28,7380.0,0.0,0.5555555555555556,0.10563750000000005,0.11585625,0.12974999999999998,0.1988125,0.22826250000000003,0.19200000000000006,0.16079374999999996,0.17756875000000005,0.19400625,7.46,0.13,,,,brooklynpark
2024-01-29,7400.0,0.0,1.1111111111111112,0.0281,0.045149999999999996,0.0636,0.1387,0.18980000000000002,0.1459,0.09315,0.11565,0.13674999999999998,7.46,0.13,,,,brooklynpark
2024-01-30,7050.0,0.0,1.1111111111111112,0.028874999999999998,0.045825,0.06459999999999999,0.1376,0.203275,0.15525,0.0949,0.1213,0.13999999999999999,7.46,0.13,,,,brooklynpark
2024-01-31,6670.0,0.0,1.6666666666666667,0.02965,0.0465,0.06559999999999999,0.1365,0.21675,0.16460000000000002,0.09665,0.12695,0.14325,7.46,0.13,,,,brooklynpark
2024-02-01,6510.0,0.0,1.6666666666666667,0.05148666666666667,0.06594666666666667,0.08422666666666666,0.15558666666666668,0.20976666666666666,0.16023333333333337,0.11460333333333333,0.14537333333333335,0.16099666666666665,7.46,0.13,,,,brooklynpark
2024-02-02,6450.0,0.0,2.2222222222222223,0.07332333333333332,0.08539333333333333,0.10285333333333332,0.17467333333333335,0.20278333333333334,0.15586666666666668,0.13255666666666666,0.16379666666666667,0.1787433333333333,7.46,0.13,,,,brooklynpark
2024-02-03,6630.0,0.0,2.2222222222222223,0.09515999999999998,0.10484,0.12147999999999999,0.19376,0.1958,0.15150000000000002,0.15050999999999998,0.18222,0.19649,7.46,0.13,,,,brooklynpark
2024-02-04,6360.0,0.0,2.2222222222222223,0.11699666666666665,0.12428666666666667,0.14010666666666666,0.21284666666666666,0.18881666666666666,0.14713333333333334,0.16846333333333333,0.20064333333333334,0.21423666666666666,7.46,0.13,,,,brooklynpark
2024-02-05,6500.0,0.0,2.7777777777777777,0.13883333333333334,0.14373333333333332,0.15873333333333334,0.23193333333333332,0.18183333333333335,0.14276666666666668,0.18641666666666667,0.2190666666666667,0.23198333333333332,7.46,0.13,,,,brooklynpark
2024-02-06,6380.0,0.0,2.7777777777777777,0.16066999999999998,0.16318,0.17736,0.25101999999999997,0.17485,0.13840000000000002,0.20437,0.23749,0.24973,7.46,0.13,,,,brooklynpark
2024-02-07,6300.0,0.0,3.3333333333333335,0.18250666666666665,0.18262666666666666,0.19598666666666664,0.2701066666666666,0.16786666666666666,0.13403333333333334,0.22232333333333332,0.2559133333333333,0.2674766666666667,7.46,0.13,,,,brooklynpark
2024-02-08,6680.0,0.11,3.3333333333333335,0.20434333333333332,0.20207333333333333,0.21461333333333332,0.2891933333333333,0.16088333333333332,0.12966666666666668,0.24027666666666664,0.2743366666666667,0.28522333333333333,7.46,0.13,,,,brooklynpark
2024-02-09,7480.0,0.17,3.888888888888889,0.22618,0.22152,0.23324,0.30828,0.1539,0.1253,0.25822999999999996,0.29276,0.30296999999999996,7.46,0.13,,,,brooklynpark
2024-02-10,7550.0,0.0,2.2222222222222223,0.24801666666666666,0.24096666666666666,0.2518666666666667,0.32736666666666664,0.14691666666666667,0.12093333333333334,0.27618333333333334,0.31118333333333337,0.32071666666666665,7.46,0.13,,,,brooklynpark
2024-02-11,8180.0,0.0,2.2222222222222223,0.2698533333333333,0.26041333333333333,0.2704933333333333,0.3464533333333333,0.13993333333333335,0.11656666666666667,0.29413666666666666,0.32960666666666666,0.33846333333333334,7.46,0.13,,,,brooklynpark
2024-02-12,7880.0,0.0,2.7777777777777777,0.29168999999999995,0.27986,0.28912,0.36554,0.13295,0.1122,0.31209,0.34803,0.35621,7.46,0.13,,,,brooklynpark
2024-02-13,8190.0,0.0,2.7777777777777777,0.3135266666666666,0.29930666666666667,0.30774666666666667,0.3846266666666666,0.12596666666666667,0.10783333333333334,0.3300433333333333,0.36645333333333335,0.37395666666666666,7.46,0.13,,,,brooklynpark
2024-02-14,8360.0,0.0,2.7777777777777777,0.3353633333333333,0.31875333333333333,0.3263733333333333,0.40371333333333326,0.11898333333333334,0.10346666666666665,0.3479966666666667,0.38487666666666664,0.39170333333333335,7.46,0.13,,,,brooklynpark
2024-02-15,7970.0,0.26,2.7777777777777777,0.35719999999999996,0.3382,0.345,0.42279999999999995,0.112,0.0991,0.36595,0.4033,0.40945,7.46,0.13,,,,brooklynpark
2024-02-16,7370.0,0.0,1.6666666666666667,0.34223333333333333,0.32698333333333335,0.3383,0.41081666666666666,0.11085,0.09788333333333334,0.35641666666666666,0.38965,0.38875,7.46,0.13,,,,brooklynpark
2024-02-17,6880.0,0.0,1.1111111111111112,0.32726666666666665,0.31576666666666664,0.3316,0.3988333333333333,0.1097,0.09666666666666666,0.3468833333333334,0.376,0.36805,7.46,0.13,,,,brooklynpark
2024-02-18,7180.0,0.0,1.1111111111111112,0.3123,0.30455,0.3249,0.38685,0.10855000000000001,0.09545000000000001,0.33735000000000004,0.36235,0.34735,7.46,0.13,,,,brooklynpark
2024-02-19,7180.0,0.0,2.2222222222222223,0.28775,0.275675,0.30185,0.356625,0.117125,0.09825,0.3108,0.336325,0.33404999999999996,7.46,0.13,,,,brooklynpark
2024-02-20,7570.0,0.0,2.2222222222222223,0.2632,0.24680000000000002,0.2788,0.3264,0.1257,0.10105,0.28425,0.3103,0.32075,7.46,0.13,,,,brooklynpark
2024-02-21,7300.0,0.0,2.7777777777777777,0.24042999999999998,0.226865,0.25834999999999997,0.3089,0.1371,0.10895,0.26682,0.29249,0.30393,7.46,0.13,,,,brooklynpark
2024-02-22,6980.0,0.0,3.3333333333333335,0.21766,0.20693,0.2379,0.2914,0.1485,0.11685,0.24939,0.27468000000000004,0.28711,7.46,0.13,,,,brooklynpark
2024-02-23,6910.0,0.0,3.3333333333333335,0.19489,0.18699500000000002,0.21744999999999998,0.27390000000000003,0.1599,0.12475,0.23196,0.25687000000000004,0.27029,7.46,0.13,,,,brooklynpark
2024-02-24,6670.0,0.0,3.3333333333333335,0.17212,0.16706000000000001,0.197,0.2564,0.1713,0.13265,0.21453,0.23906,0.25347,7.46,0.13,,,,brooklynpark
2024-02-25,6770.0,0.0,3.3333333333333335,0.14934999999999998,0.147125,0.17654999999999998,0.2389,0.1827,0.14055,0.1971,0.22125,0.23665,7.46,0.13,,,,brooklynpark
2024-02-26,6650.0,0.0,3.888888888888889,0.12658,0.12719000000000003,0.1561,0.2214,0.1941,0.14845,0.17967,0.20344,0.21983000000000003,7.46,0.13,,,,brooklynpark
2024-02-27,6660.0,0.0,4.444444444444445,0.10381000000000001,0.10725500000000002,0.13565,0.20390000000000003,0.20550000000000002,0.15635,0.16224,0.18563000000000002,0.20301000000000002,7.46,0.13,,,,brooklynpark
2024-02-28,5930.0,0.0,2.7777777777777777,0.08104,0.08732000000000001,0.1152,0.1864,0.21689999999999998,0.16425,0.14481,0.16782,0.18619000000000002,7.46,0.13,,,,brooklynpark
2024-02-29,5040.0,0.0,1.6666666666666667,0.05826999999999999,0.067385,0.09475,0.1689,0.2283,0.17215,0.12738,0.15001,0.16937000000000002,7.46,0.13,,,,brooklynpark
2024-03-01,5700.0,0.0,2.7777777777777777,0.035500000000000004,0.047450000000000006,0.0743,0.1514,0.2397,0.18005,0.10994999999999999,0.13219999999999998,0.15255000000000002,7.46,0.13,,,,brooklynpark
2024-03-02,5910.0,0.0,3.888888888888889,0.038512,0.050834833333333336,0.07560816666666667,0.15295833333333334,0.23929633333333333,0.18037499999999998,0.11001999999999999,0.1329,0.15243,7.46,0.13,,,,brooklynpark
2024-03-03,6100.0,0.0,5.0,0.04152399999999999,0.054219666666666666,0.07691633333333334,0.15451666666666666,0.23889266666666667,0.18069999999999997,0.11009,0.1336,0.15231,7.46,0.13,,,,brooklynpark
2024-03-04,6040.0,0.0,6.111111111111111,0.04453599999999998,0.0576045,0.0782245,0.15607499999999996,0.238489,0.18102499999999996,0.11016000000000001,0.13429999999999997,0.15219000000000002,7.46,0.13,,,,brooklynpark
2024-03-05,5740.0,0.0,5.555555555555555,0.04754799999999997,0.06098933333333333,0.07953266666666667,0.1576333333333333,0.23808533333333334,0.18134999999999996,0.11023000000000001,0.13499999999999998,0.15207,7.46,0.13,,,,brooklynpark
2024-03-06,5720.0,0.0,5.0,0.050559999999999966,0.06437416666666666,0.08084083333333333,0.15919166666666662,0.23768166666666668,0.18167499999999995,0.11030000000000001,0.1357,0.15195,7.46,0.13,,,,brooklynpark
2024-03-07,5850.0,0.0,5.555555555555555,0.05028999999999998,0.06264944444444444,0.07956055555555555,0.15727777777777774,0.23835444444444445,0.1825833333333333,0.10951666666666666,0.13306666666666667,0.14975,7.46,0.13,,,,brooklynpark
2024-03-08,5700.0,0.0,5.555555555555555,0.05001999999999999,0.06092472222222222,0.07828027777777778,0.15536388888888888,0.23902722222222225,0.18349166666666666,0.10873333333333333,0.13043333333333335,0.14755,7.46,0.13,,,,brooklynpark
2024-03-09,5640.0,0.0,5.0,0.04975,0.0592,0.077,0.15345,0.23970000000000002,0.1844,0.10794999999999999,0.12780000000000002,0.14534999999999998,7.46,0.13,,,,brooklynpark
2024-03-10,5630.0,0.0,5.0,0.05387142857142858,0.06317142857142857,0.08024285714285714,0.1583857142857143,0.24831428571428574,0.18962857142857142,0.11282857142857142,0.13391428571428574,0.15162857142857142,7.46,0.13,,,,brooklynpark
2024-03-11,5510.0,0.0,6.111111111111111,0.057992857142857145,0.06714285714285714,0.08348571428571429,0.16332142857142856,0.25692857142857145,0.19485714285714287,0.11770714285714286,0.14002857142857145,0.15790714285714283,7.46,0.13,,,,brooklynpark
2024-03-12,5170.0,0.0,7.222222222222222,0.06211428571428572,0.07111428571428571,0.08672857142857143,0.16825714285714286,0.26554285714285714,0.20008571428571428,0.12258571428571428,0.14614285714285716,0.16418571428571427,7.46,0.13,,,,brooklynpark
2024-03-13,5120.0,0.0,8.333333333333334,0.06623571428571429,0.07508571428571428,0.08997142857142856,0.17319285714285715,0.2741571428571429,0.20531428571428573,0.12746428571428572,0.15225714285714287,0.1704642857142857,7.46,0.13,,,,brooklynpark
2024-03-14,5130.0,0.0,8.333333333333334,0.07035714285714287,0.07905714285714285,0.09321428571428571,0.17812857142857144,0.28277142857142856,0.21054285714285714,0.13234285714285715,0.15837142857142858,0.17674285714285715,7.46,0.13,,,,brooklynpark
2024-03-15,5030.0,0.0,8.333333333333334,0.07447857142857144,0.08302857142857142,0.09645714285714285,0.1830642857142857,0.2913857142857143,0.21577142857142856,0.13722142857142858,0.1644857142857143,0.18302142857142856,7.46,0.13,,,,brooklynpark
2024-03-16,4980.0,0.0,8.88888888888889,0.0786,0.087,0.0997,0.188,0.3,0.221,0.1421,0.1706,0.1893,7.46,0.13,,,,brooklynpark
2024-03-17,4920.0,0.0,6.666666666666667,0.11910000000000001,0.11259999999999999,0.12283333333333334,0.20523333333333332,0.30893333333333334,0.25845,0.17341666666666666,0.20124999999999998,0.22755,7.46,0.13,,,,brooklynpark
2024-03-18,4900.0,0.0,5.0,0.15960000000000002,0.1382,0.14596666666666666,0.22246666666666667,0.31786666666666663,0.2959,0.20473333333333332,0.23189999999999997,0.2658,7.46,0.13,,,,brooklynpark
2024-03-19,4790.0,0.0,5.555555555555555,0.2001,0.1638,0.1691,0.2397,0.3268,0.33335,0.23604999999999998,0.26254999999999995,0.30405,7.46,0.13,,,,brooklynpark
2024-03-20,4620.0,0.0,5.0,0.19121470588235295,0.15785882352941177,0.1640529411764706,0.23544117647058824,0.32294117647058823,0.3256882352941176,0.22896764705882353,0.2556058823529411,0.295,7.46,0.13,,,,brooklynpark
2024-03-21,4740.0,0.0,5.555555555555555,0.18232941176470588,0.15191764705882352,0.15900588235294116,0.23118235294117648,0.31908235294117643,0.3180264705882353,0.22188529411764704,0.2486617647058823,0.28595,7.46,0.13,,,,brooklynpark
2024-03-22,4720.0,0.23,5.555555555555555,0.1734441176470588,0.1459764705882353,0.15395882352941176,0.2269235294117647,0.3152235294117647,0.31036470588235293,0.21480294117647059,0.24171764705882348,0.2769,7.46,0.13,,,,brooklynpark
2024-03-23,4670.0,0.0,4.444444444444445,0.16455882352941176,0.14003529411764706,0.14891176470588235,0.22266470588235293,0.31136470588235293,0.30270294117647056,0.2077205882352941,0.23477352941176466,0.26785,7.46,0.13,,,,brooklynpark
2024-03-24,4700.0,0.0,5.555555555555555,0.1556735294117647,0.13409411764705884,0.14386470588235295,0.21840588235294117,0.3075058823529412,0.29504117647058825,0.20063823529411765,0.22782941176470584,0.2588,7.46,0.13,,,,brooklynpark
2024-03-25,5080.0,0.88,4.444444444444445,0.14678823529411764,0.12815294117647058,0.13881764705882355,0.2141470588235294,0.3036470588235294,0.2873794117647059,0.19355588235294116,0.22088529411764704,0.24975,7.46,0.13,,,,brooklynpark
2024-03-26,5480.0,0.86,4.444444444444445,0.13790294117647056,0.12221176470588235,0.1337705882352941,0.20988823529411765,0.29978823529411763,0.2797176470588235,0.1864735294117647,0.21394117647058822,0.2407,7.46,0.13,,,,brooklynpark
2024-03-27,5200.0,0.16,2.7777777777777777,0.12901764705882351,0.11627058823529413,0.1287235294117647,0.2056294117647059,0.2959294117647059,0.27205588235294115,0.17939117647058822,0.2069970588235294,0.23165,7.46,0.13,,,,brooklynpark
2024-03-28,4850.0,0.0,3.3333333333333335,0.12013235294117645,0.11032941176470588,0.1236764705882353,0.2013705882352941,0.2920705882352941,0.26439411764705884,0.17230882352941176,0.20005294117647057,0.2226,7.46,0.13,,,,brooklynpark
2024-03-29,4710.0,0.0,4.444444444444445,0.1112470588235294,0.10438823529411764,0.11862941176470589,0.19711176470588235,0.28821176470588233,0.25673235294117647,0.1652264705882353,0.19310882352941175,0.21355,7.46,0.13,,,,brooklynpark
2024-03-30,5040.0,0.0,5.555555555555555,0.10236176470588233,0.09844705882352942,0.11358235294117647,0.1928529411764706,0.2843529411764706,0.2490705882352941,0.15814411764705882,0.18616470588235295,0.20450000000000002,7.46,0.13,,,,brooklynpark
2024-03-31,5700.0,0.0,6.111111111111111,0.09347647058823527,0.09250588235294117,0.10853529411764706,0.18859411764705883,0.2804941176470588,0.24140882352941176,0.15106176470588234,0.17922058823529413,0.19545,7.46,0.13,,,,brooklynpark
2024-04-01,6170.0,0.0,6.666666666666667,0.08459117647058821,0.08656470588235295,0.10348823529411766,0.18433529411764704,0.27663529411764703,0.23374705882352942,0.14397941176470588,0.1722764705882353,0.1864,7.46,0.13,,,,brooklynpark
2024-04-02,6150.0,0.0,6.111111111111111,0.07570588235294115,0.0806235294117647,0.09844117647058824,0.18007647058823528,0.2727764705882353,0.22608529411764705,0.13689705882352943,0.16533235294117649,0.17735,7.46,0.13,,,,brooklynpark
2024-04-03,6250.0,0.0,5.555555555555555,0.06682058823529408,0.07468235294117648,0.09339411764705882,0.17581764705882352,0.2689176470588235,0.2184235294117647,0.12981470588235294,0.15838823529411766,0.1683,7.46,0.13,,,,brooklynpark
2024-04-04,6900.0,0.0,6.111111111111111,0.05793529411764703,0.06874117647058824,0.08834705882352942,0.17155882352941176,0.26505882352941174,0.21076176470588237,0.12273235294117647,0.15144411764705884,0.15925,7.46,0.13,,,,brooklynpark
2024-04-05,7200.0,0.0,7.222222222222222,0.049049999999999996,0.0628,0.0833,0.1673,0.2612,0.2031,0.11565,0.14450000000000002,0.1502,7.46,0.13,,,,brooklynpark
2024-04-06,7480.0,0.0,7.777777777777778,0.04573,0.059969999999999996,0.0812,0.16432,0.25949,0.19977,0.11498,0.14355,0.15213,7.46,0.13,,,,brooklynpark
2024-04-07,8280.0,0.0,8.88888888888889,0.042409999999999996,0.057139999999999996,0.0791,0.16134,0.25778,0.19644,0.11431,0.1426,0.15406,7.46,0.13,,,,brooklynpark
2024-04-08,9300.0,0.82,8.333333333333334,0.03909,0.05431,0.077,0.15836,0.25606999999999996,0.19311,0.11364,0.14165,0.15599,7.46,0.13,,,,brooklynpark
2024-04-09,10200.0,0.13,8.88888888888889,0.035769999999999996,0.05148,0.07490000000000001,0.15538000000000002,0.25436,0.18978,0.11297,0.1407,0.15792,7.46,0.13,,,,brooklynpark
2024-04-10,11000.0,0.0,10.0,0.03245,0.04865,0.0728,0.1524,0.25265,0.18645,0.1123,0.13974999999999999,0.15985,7.46,0.13,,,,brooklynpark
2024-04-11,11500.0,0.0,11.11111111111111,0.03333333333333333,0.04995,0.07145,0.15080000000000002,0.24661666666666665,0.18213333333333334,0.10905,0.13883333333333334,0.15803333333333333,7.46,0.13,,,,brooklynpark
2024-04-12,12300.0,0.06,10.555555555555555,0.03421666666666667,0.05125,0.07010000000000001,0.1492,0.24058333333333334,0.17781666666666665,0.1058,0.13791666666666666,0.15621666666666664,7.46,0.13,,,,brooklynpark
2024-04-13,12100.0,0.0,11.666666666666666,0.035100000000000006,0.05255,0.06875,0.1476,0.23455,0.1735,0.10255,0.137,0.15439999999999998,7.46,0.13,,,,brooklynpark
2024-04-14,12200.0,0.0,13.333333333333334,0.038250000000000006,0.0519,0.063375,0.13415,0.19330000000000003,0.145525,0.0946,0.124825,0.141675,7.46,0.13,,,,brooklynpark
2024-04-15,12400.0,0.0,13.88888888888889,0.0414,0.051250000000000004,0.057999999999999996,0.1207,0.15205000000000002,0.11755,0.08665,0.11265,0.12895,7.46,0.13,,,,brooklynpark
2024-04-16,12500.0,0.0,0.0,0.042965,0.053235000000000005,0.05993,0.1285,0.16183000000000003,0.12385,0.09068000000000001,0.11815,0.13538,7.46,0.13,,,,brooklynpark
2024-04-17,14000.0,1.72,12.777777777777779,0.04453,0.055220000000000005,0.06186,0.1363,0.17161,0.13015,0.09471,0.12365,0.14181000000000002,7.46,0.13,,,,brooklynpark
2024-04-18,14300.0,0.0,12.222222222222221,0.046095,0.057205000000000006,0.06379,0.1441,0.18139,0.13645,0.09874000000000001,0.12915,0.14824,7.46,0.13,,,,brooklynpark
2024-04-19,15200.0,0.0,11.11111111111111,0.04766,0.05919,0.06572,0.1519,0.19117,0.14275,0.10277,0.13465,0.15467,7.46,0.13,,,,brooklynpark
2024-04-20,15400.0,0.0,9.444444444444445,0.049225000000000005,0.061175,0.06765,0.1597,0.20095000000000002,0.14905,0.1068,0.14015,0.16110000000000002,7.46,0.13,,,,brooklynpark
2024-04-21,15700.0,0.0,9.444444444444445,0.05079,0.06316,0.06958,0.16749999999999998,0.21073,0.15535,0.11083000000000001,0.14565,0.16753,7.46,0.13,,,,brooklynpark
2024-04-22,16100.0,0.0,10.0,0.052355,0.065145,0.07151,0.17529999999999998,0.22050999999999998,0.16165,0.11486000000000002,0.15115,0.17396,7.46,0.13,,,,brooklynpark
2024-04-23,15900.0,0.0,10.0,0.05392,0.06713,0.07344,0.18309999999999998,0.23029,0.16795,0.11889000000000001,0.15665,0.18039,7.46,0.13,,,,brooklynpark
2024-04-24,16000.0,0.03,10.0,0.05548500000000001,0.069115,0.07537,0.1909,0.24007,0.17425,0.12292,0.16215,0.18682,7.46,0.13,,,,brooklynpark
2024-04-25,15200.0,0.0,11.11111111111111,0.057050000000000003,0.0711,0.07730000000000001,0.1987,0.24985,0.18055,0.12695,0.16765,0.19325,7.46,0.13,,,,brooklynpark
2024-04-26,14500.0,0.0,11.666666666666666,0.05295625,0.06858125,0.0726625,0.19785624999999998,0.240175,0.171725,0.12493125000000001,0.17004375,0.1935375,7.46,0.13,,,,brooklynpark
2024-04-27,14500.0,0.3,11.666666666666666,0.0488625,0.0660625,0.068025,0.19701249999999998,0.23049999999999998,0.1629,0.12291250000000001,0.1724375,0.193825,7.46,0.13,,,,brooklynpark
2024-04-28,15000.0,0.0,6.666666666666667,0.04476875,0.06354375,0.0633875,0.19616875,0.220825,0.154075,0.12089375000000001,0.17483125,0.1941125,7.46,0.13,,,,brooklynpark
2024-04-29,15800.0,1.0,11.666666666666666,0.040675,0.061024999999999996,0.058750000000000004,0.195325,0.21115,0.14525,0.11887500000000001,0.17722500000000002,0.19440000000000002,7.46,0.13,,,,brooklynpark
2024-04-30,18200.0,0.08,11.666666666666666,0.03658125,0.058506249999999996,0.0541125,0.19448125,0.201475,0.136425,0.11685625,0.17961875000000002,0.1946875,7.46,0.13,,,,brooklynpark
2024-05-01,20300.0,0.38,12.777777777777779,0.0324875,0.0559875,0.049475000000000005,0.19363750000000002,0.1918,0.1276,0.1148375,0.18201250000000002,0.194975,7.46,0.13,,,,brooklynpark
2024-05-02,22200.0,0.05,12.777777777777779,0.028393750000000002,0.05346875,0.0448375,0.19279375,0.18212499999999998,0.11877499999999999,0.11281875,0.18440625000000002,0.1952625,7.46,0.13,,,,brooklynpark
2024-05-03,23800.0,0.48,6.111111111111111,0.024300000000000002,0.05095,0.0402,0.19195,0.17245,0.10994999999999999,0.1108,0.18680000000000002,0.19555,7.46,0.13,,,,brooklynpark
2024-05-04,24800.0,0.03,13.333333333333334,0.0246,0.053275,0.04075,0.210075,0.1827,0.1152,0.11397499999999999,0.19265000000000002,0.221375,7.46,0.13,,,,brooklynpark
2024-05-05,26000.0,0.18,12.777777777777779,0.0249,0.0556,0.0413,0.22820000000000001,0.19295,0.12045,0.11715,0.1985,0.2472,7.46,0.13,,,,brooklynpark
2024-05-06,26900.0,0.0,13.88888888888889,0.025133333333333334,0.052316666666666664,0.037200000000000004,0.23061666666666666,0.1801,0.1103,0.11031666666666667,0.20171666666666668,0.24313333333333334,7.46,0.13,,,,brooklynpark
2024-05-07,27100.0,0.43,14.444444444444445,0.025366666666666666,0.04903333333333333,0.033100000000000004,0.23303333333333334,0.16724999999999998,0.10015,0.10348333333333333,0.20493333333333333,0.23906666666666665,7.46,0.13,,,,brooklynpark
2024-05-08,26900.0,0.04,15.0,0.0256,0.04575,0.029,0.23545,0.15439999999999998,0.09,0.09665,0.20815,0.235,7.46,0.13,,,,brooklynpark
2024-05-09,26500.0,0.0,16.11111111111111,0.030505,0.06279,0.0447775,0.2611475,0.1637974999999999,0.097165,0.11902500000000002,0.2207,0.249875,7.46,0.13,,,,brooklynpark
2024-05-10,25100.0,0.0,16.11111111111111,0.12029999999999999,0.1131,0.0876,0.241,0.1731,0.14755000000000001,0.14140000000000003,0.23325,0.26475000000000004,7.46,0.13,,,,brooklynpark
2024-05-11,24500.0,0.0,16.11111111111111,0.09088333333333333,0.09173333333333333,0.06801666666666667,0.24873333333333333,0.16291666666666668,0.12310000000000001,0.12408333333333335,0.23725000000000002,0.27255,7.46,0.13,,,,brooklynpark
2024-05-12,23500.0,0.0,16.666666666666668,0.06146666666666666,0.07036666666666666,0.048433333333333335,0.2564666666666667,0.15273333333333333,0.09865000000000002,0.10676666666666668,0.24125,0.28035000000000004,7.46,0.13,,,,brooklynpark
2024-05-13,22300.0,0.0,17.22222222222222,0.032049999999999995,0.049,0.02885,0.2642,0.14255,0.0742,0.08945,0.24525,0.28815,7.46,0.13,,,,brooklynpark
2024-05-14,21100.0,0.0,17.77777777777778,0.03559,0.05142,0.031420000000000003,0.27357,0.14462,0.07475,0.09068,0.25387,0.29968,7.46,0.13,,,,brooklynpark
2024-05-15,20100.0,0.0,17.77777777777778,0.03913,0.05384,0.03399,0.28293999999999997,0.14669000000000001,0.07529999999999999,0.09190999999999999,0.26249,0.31121,7.46,0.13,,,,brooklynpark
2024-05-16,19000.0,0.13,18.333333333333332,0.04267,0.056260000000000004,0.03656,0.29231,0.14876,0.07585,0.09314,0.27111,0.32274,7.46,0.13,,,,brooklynpark
2024-05-17,17800.0,0.0,17.77777777777778,0.04621,0.05868,0.03913,0.30168,0.15083000000000002,0.0764,0.09437,0.27973,0.33427,7.46,0.13,,,,brooklynpark
2024-05-18,16900.0,0.26,18.88888888888889,0.04975,0.0611,0.0417,0.31105,0.1529,0.07694999999999999,0.09559999999999999,0.28835,0.3458,7.46,0.13,,,,brooklynpark
2024-05-19,16300.0,0.0,17.77777777777778,0.062525,0.0756,0.04765,0.365925,0.17465,0.087625,0.11095,0.34152499999999997,0.4172,7.46,0.13,,,,brooklynpark
2024-05-20,15100.0,0.34,18.88888888888889,0.0753,0.0901,0.0536,0.4208,0.1964,0.0983,0.1263,0.3947,0.4886,7.46,0.13,,,,brooklynpark
2024-05-21,15200.0,0.04,20.0,0.059333333333333335,0.07468333333333334,0.04423333333333333,0.38953333333333334,0.17891666666666667,0.08814999999999999,0.11043333333333333,0.3612,0.44136666666666663,7.46,0.13,,,,brooklynpark
2024-05-22,16400.0,2.16,18.88888888888889,0.04336666666666667,0.05926666666666666,0.03486666666666667,0.3582666666666667,0.16143333333333332,0.078,0.09456666666666666,0.3277,0.39413333333333334,7.46,0.13,,,,brooklynpark
2024-05-23,16800.0,0.0,18.88888888888889,0.0274,0.04385,0.025500000000000002,0.327,0.14395,0.06785,0.07869999999999999,0.2942,0.3469,7.46,0.13,,,,brooklynpark
2024-05-24,18200.0,0.0,20.0,0.08671833333333334,0.09911208333333334,0.08272624999999997,0.3513854166666667,0.2120358333333333,0.1452370833333333,0.167925,0.327675,0.37625,7.46,0.13,,,,brooklynpark
2024-05-25,19100.0,0.28,18.333333333333332,0.14603666666666668,0.15437416666666667,0.13995249999999995,0.37577083333333333,0.28012166666666666,0.22262416666666662,0.25715,0.36114999999999997,0.40559999999999996,7.46,0.13,,,,brooklynpark
2024-05-26,19400.0,0.0,18.88888888888889,0.12219111111111111,0.13071611111111112,0.11208499999999996,0.3707972222222222,0.2394477777777778,0.17598277777777774,0.2027,0.3426166666666666,0.4013833333333333,7.46,0.13,,,,brooklynpark
2024-05-27,20000.0,0.0,18.333333333333332,0.09834555555555555,0.10705805555555556,0.08421749999999997,0.3658236111111111,0.19877388888888892,0.12934138888888885,0.14825,0.32408333333333333,0.39716666666666667,7.46,0.13,,,,brooklynpark
2024-05-28,19600.0,0.17,15.555555555555555,0.0745,0.0834,0.05635,0.36085,0.15810000000000002,0.0827,0.0938,0.30555,0.39295,7.46,0.13,,,,brooklynpark
2024-05-29,19600.0,0.06,17.77777777777778,0.06963,0.078835,0.05302,0.356985,0.157205,0.08156,0.09147999999999999,0.302515,0.38826,7.46,0.13,,,,brooklynpark
2024-05-30,19000.0,0.0,17.77777777777778,0.06476,0.07427,0.04969,0.35312,0.15631,0.08041999999999999,0.08915999999999999,0.29947999999999997,0.38357,7.46,0.13,,,,brooklynpark
2024-05-31,19200.0,0.0,-2.7777777777777777,0.05989,0.069705,0.04636,0.349255,0.15541500000000003,0.07928,0.08684,0.296445,0.37888,7.46,0.13,,,,brooklynpark
2024-06-01,18800.0,0.7,17.77777777777778,0.05502,0.06514,0.04303,0.34539,0.15452000000000002,0.07814,0.08452,0.29341,0.37419,7.46,0.13,,,,brooklynpark
2024-06-02,17900.0,0.0,18.88888888888889,0.05015,0.060575000000000004,0.0397,0.34152499999999997,0.153625,0.077,0.0822,0.290375,0.3695,7.46,0.13,,,,brooklynpark
2024-06-03,19500.0,0.55,20.0,0.04528,0.05601,0.03637,0.33766,0.15273,0.07586,0.07987999999999999,0.28734,0.36480999999999997,7.46,0.13,,,,brooklynpark
2024-06-04,21700.0,0.0,20.555555555555557,0.04041,0.051445,0.03304,0.333795,0.151835,0.07472,0.07755999999999999,0.284305,0.36012,7.46,0.13,,,,brooklynpark
2024-06-05,24100.0,0.15,19.444444444444443,0.03554,0.04688,0.02971,0.32993,0.15094000000000002,0.07358,0.07524,0.28127,0.35542999999999997,7.46,0.13,,,,brooklynpark
2024-06-06,25300.0,0.05,20.0,0.030670000000000003,0.042315,0.02638,0.326065,0.150045,0.07244,0.07292,0.278235,0.35074,7.46,0.13,,,,brooklynpark
2024-06-07,26300.0,0.0,19.444444444444443,0.0258,0.03775,0.02305,0.3222,0.14915,0.0713,0.0706,0.2752,0.34604999999999997,7.46,0.13,,,,brooklynpark
2024-06-08,27000.0,0.15,20.0,0.02325,0.038599999999999995,0.02325,0.3237,0.1532,0.073675,0.072725,0.285225,0.360375,7.46,0.13,,,,brooklynpark
2024-06-09,27300.0,0.0,20.0,0.0207,0.03945,0.02345,0.3252,0.15725,0.07605,0.07485,0.29525,0.37470000000000003,7.46,0.13,,,,brooklynpark
2024-06-10,27000.0,0.0,19.444444444444443,0.0271224999999999,0.0535775,0.0393874999999999,0.32899,0.1562899999999999,0.0871,0.07672999999999999,0.29674,0.37782000000000004,7.46,0.13,,,,brooklynpark
2024-06-11,25900.0,0.07,20.0,0.028804374999999927,0.054270625,0.03775312499999993,0.3487925,0.16226749999999993,0.08601249999999999,0.07861,0.29823,0.38094,7.46,0.13,,,,brooklynpark
2024-06-12,25400.0,0.05,18.88888888888889,0.03048624999999995,0.05496375,0.03611874999999995,0.368595,0.16824499999999995,0.084925,0.08048999999999999,0.29972000000000004,0.38406,7.46,0.13,,,,brooklynpark
2024-06-13,24100.0,0.31,20.0,0.03216812499999998,0.055656874999999995,0.03448437499999998,0.3883975,0.17422249999999997,0.0838375,0.08237,0.30121000000000003,0.38717999999999997,7.46,0.13,,,,brooklynpark
2024-06-14,22000.0,0.0,17.77777777777778,0.033850000000000005,0.05635,0.032850000000000004,0.4082,0.1802,0.08274999999999999,0.08424999999999999,0.3027,0.3903,7.46,0.13,,,,brooklynpark
2024-06-15,21200.0,0.0,21.666666666666668,0.03290437500000001,0.05611437499999999,0.03325270833333334,0.4065697916666667,0.17946104166666665,0.08334854166666666,0.08407999999999999,0.302532,0.39067399999999997,7.46,0.13,,,,brooklynpark
2024-06-16,21700.0,1.82,21.11111111111111,0.03195875000000001,0.05587874999999998,0.033655416666666674,0.40493958333333335,0.17872208333333334,0.08394708333333332,0.08391,0.302364,0.39104799999999995,7.46,0.13,,,,brooklynpark
2024-06-17,21300.0,1.21,22.22222222222222,0.031013125000000002,0.055643124999999974,0.034058125,0.403309375,0.177983125,0.08454562499999999,0.08374,0.302196,0.391422,7.46,0.13,,,,brooklynpark
2024-06-18,21500.0,0.8,21.666666666666668,0.030067500000000004,0.055407499999999964,0.034460833333333336,0.4016791666666667,0.17724416666666667,0.08514416666666666,0.08356999999999999,0.302028,0.391796,7.46,0.13,,,,brooklynpark
2024-06-19,23000.0,0.2,21.11111111111111,0.029121875000000005,0.055171874999999954,0.03486354166666667,0.40004895833333337,0.17650520833333333,0.08574270833333333,0.08339999999999999,0.30186,0.39216999999999996,7.46,0.13,,,,brooklynpark
2024-06-20,25800.0,0.0,21.11111111111111,0.028176250000000003,0.05493624999999995,0.03526625,0.39841875000000004,0.17576625,0.08634125,0.08323,0.301692,0.39254399999999995,7.46,0.13,,,,brooklynpark
2024-06-21,27400.0,0.18,21.11111111111111,0.027230625,0.05470062499999994,0.035668958333333334,0.39678854166666666,0.17502729166666667,0.08693979166666665,0.08306,0.301524,0.392918,7.46,0.13,,,,brooklynpark
2024-06-22,29400.0,0.36,20.555555555555557,0.026285000000000003,0.05446499999999993,0.03607166666666667,0.39515833333333333,0.17428833333333332,0.08753833333333333,0.08288999999999999,0.301356,0.393292,7.46,0.13,,,,brooklynpark
2024-06-23,31100.0,0.21,20.0,0.025339375000000004,0.05422937499999992,0.036474375,0.393528125,0.173549375,0.088136875,0.08272,0.301188,0.39366599999999996,7.46,0.13,,,,brooklynpark
2024-06-24,32000.0,0.0,20.555555555555557,0.024393750000000002,0.05399374999999991,0.03687708333333334,0.3918979166666667,0.17281041666666666,0.08873541666666666,0.08255,0.30102,0.39403999999999995,7.46,0.13,,,,brooklynpark
2024-06-25,32500.0,0.0,21.666666666666668,0.023448125,0.05375812499999991,0.037279791666666666,0.39026770833333335,0.17207145833333334,0.08933395833333332,0.08238,0.300852,0.394414,7.46,0.13,,,,brooklynpark
2024-06-26,31900.0,0.0,19.72222222222222,0.0225025,0.0535224999999999,0.0376825,0.3886375,0.1713325,0.0899325,0.08220999999999999,0.300684,0.394788,7.46,0.13,,,,brooklynpark
2024-06-27,30900.0,0.0,17.77777777777778,0.023071538461538463,0.05276692307692298,0.037037692307692306,0.3858961538461539,0.17136076923076923,0.08883384615384615,0.08204,0.300516,0.39516199999999996,7.46,0.13,,,,brooklynpark
2024-06-28,29700.0,0.67,21.666666666666668,0.023640576923076924,0.05201134615384607,0.03639288461538462,0.3831548076923077,0.17138903846153847,0.0877351923076923,0.08187,0.300348,0.39553599999999994,7.46,0.13,,,,brooklynpark
2024-06-29,29600.0,0.01,21.666666666666668,0.024209615384615385,0.05125576923076915,0.035748076923076924,0.38041346153846156,0.1714173076923077,0.08663653846153846,0.0817,0.30018,0.39591,7.46,0.13,,,,brooklynpark
2024-06-30,28600.0,0.0,21.666666666666668,0.024778653846153846,0.05050019230769224,0.03510326923076923,0.37767211538461537,0.17144557692307694,0.08553788461538461,0.08152999999999999,0.300012,0.39628399999999997,7.46,0.13,,,,brooklynpark
2024-07-01,28400.0,0.0,22.22222222222222,0.025347692307692307,0.049744615384615325,0.03445846153846154,0.37493076923076923,0.17147384615384617,0.08443923076923077,0.08136,0.299844,0.39665799999999996,7.46,0.13,,,,brooklynpark
2024-07-02,28000.0,0.06,21.666666666666668,0.02591673076923077,0.0489890384615384,0.03381365384615385,0.3721894230769231,0.1715021153846154,0.08334057692307692,0.08119,0.299676,0.39703199999999994,7.46,0.13,,,,brooklynpark
2024-07-03,27900.0,0.0,21.666666666666668,0.02648576923076923,0.04823346153846149,0.03316884615384615,0.3694480769230769,0.1715303846153846,0.08224192307692307,0.08102,0.299508,0.397406,7.46,0.13,,,,brooklynpark
2024-07-04,26000.0,0.0,21.666666666666668,0.02705480769230769,0.047477884615384575,0.032524038461538465,0.36670673076923077,0.17155865384615385,0.08114326923076923,0.08085,0.29934,0.39777999999999997,7.46,0.13,,,,brooklynpark
2024-07-05,24800.0,0.53,12.777777777777779,0.02762384615384615,0.04672230769230766,0.03187923076923077,0.36396538461538464,0.17158692307692308,0.08004461538461538,0.08068,0.299172,0.39815399999999995,7.46,0.13,,,,brooklynpark
2024-07-06,23600.0,0.0,16.666666666666668,0.028192884615384613,0.045966730769230746,0.031234423076923076,0.36122403846153844,0.17161519230769232,0.07894596153846153,0.08051,0.299004,0.39852799999999994,7.46,0.13,,,,brooklynpark
2024-07-07,22500.0,0.03,21.666666666666668,0.028761923076923077,0.04521115384615383,0.030589615384615385,0.3584826923076923,0.17164346153846155,0.07784730769230769,0.08034,0.298836,0.398902,7.46,0.13,,,,brooklynpark
2024-07-08,22100.0,0.0,22.22222222222222,0.02933096153846154,0.04445557692307692,0.029944807692307694,0.3557413461538461,0.17167173076923078,0.07674865384615384,0.08017,0.298668,0.39927599999999996,7.46,0.13,,,,brooklynpark
2024-07-09,21400.0,0.0,22.77777777777778,0.0299,0.0437,0.0293,0.353,0.17170000000000002,0.07565,0.08,0.2985,0.39964999999999995,7.46,0.13,,,,brooklynpark
2024-07-10,20600.0,0.0,23.333333333333332,0.028811666666666666,0.04309194444444445,0.028009444444444434,0.3345372222222222,0.15433861111111113,0.0686386111111111,0.07088333333333334,0.27225,0.35501666666666665,7.46,0.13,,,,brooklynpark
2024-07-11,20400.0,0.28,23.333333333333332,0.027723333333333336,0.04248388888888889,0.02671888888888887,0.31607444444444444,0.13697722222222222,0.0616272222222222,0.061766666666666664,0.246,0.31038333333333334,7.46,0.13,,,,brooklynpark
2024-07-12,19800.0,0.0,22.77777777777778,0.026635000000000002,0.041875833333333334,0.025428333333333303,0.29761166666666666,0.11961583333333332,0.0546158333333333,0.05265,0.21975,0.26575000000000004,7.46,0.13,,,,brooklynpark
2024-07-13,19200.0,0.0,22.77777777777778,0.041508,0.06216066666666666,0.05120266666666664,0.3125593333333333,0.14816266666666666,0.08215266666666664,0.08019,0.23964000000000002,0.28653000000000006,7.46,0.13,,,,brooklynpark
2024-07-14,19800.0,0.47,23.88888888888889,0.056381,0.08244549999999999,0.07697699999999998,0.327507,0.1767095,0.10968949999999997,0.10772999999999999,0.25953000000000004,0.30731,7.46,0.13,,,,brooklynpark
2024-07-15,18600.0,0.0,25.0,0.07125400000000001,0.10273033333333331,0.1027513333333333,0.34245466666666663,0.20525633333333332,0.1372263333333333,0.13527,0.27942,0.32809000000000005,7.46,0.13,,,,brooklynpark
2024-07-16,17300.0,0.02,24.444444444444443,0.08612700000000001,0.12301516666666665,0.12852566666666665,0.3574023333333333,0.23380316666666667,0.16476316666666666,0.16281,0.29931,0.34887,7.46,0.13,,,,brooklynpark
2024-07-17,16200.0,0.0,22.22222222222222,0.101,0.14329999999999998,0.1543,0.37234999999999996,0.26234999999999997,0.1923,0.19035,0.31920000000000004,0.36965000000000003,7.46,0.13,,,,brooklynpark
2024-07-18,14900.0,0.0,23.88888888888889,0.0635,0.09204999999999999,0.09107499999999999,0.362475,0.216775,0.13415,0.132825,0.3088,0.3688,7.46,0.13,,,,brooklynpark
2024-07-19,14400.0,0.0,18.88888888888889,0.026000000000000002,0.0408,0.02785,0.3526,0.1712,0.076,0.0753,0.2984,0.36795,7.46,0.13,,,,brooklynpark
2024-07-20,13800.0,0.0,22.22222222222222,0.0309,0.04195,0.027133333333333332,0.28515,0.1251833333333333,0.05476666666666667,0.06813333333333334,0.24453333333333332,0.3037166666666667,7.46,0.13,,,,brooklynpark
2024-07-21,13200.0,0.0,24.444444444444443,0.0358,0.0431,0.026416666666666668,0.2177,0.07916666666666665,0.03353333333333334,0.06096666666666667,0.19066666666666665,0.23948333333333335,7.46,0.13,,,,brooklynpark
2024-07-22,12800.0,0.24,24.444444444444443,0.0407,0.04425,0.0257,0.15025,0.03315,0.0123,0.0538,0.1368,0.17525000000000002,7.46,0.13,,,,brooklynpark
2024-07-23,12400.0,0.42,24.444444444444443,0.08765,0.09212500000000001,0.07865,0.20427499999999998,0.12655,0.10407500000000001,0.114975,0.20095000000000002,0.24259999999999998,7.46,0.13,,,,brooklynpark
2024-07-24,12000.0,0.0,23.88888888888889,0.1346,0.14,0.1316,0.2583,0.21994999999999998,0.19585000000000002,0.17615,0.2651,0.30994999999999995,7.46,0.13,,,,brooklynpark
2024-07-25,11500.0,0.0,24.444444444444443,0.10053333333333334,0.10688333333333334,0.09698333333333334,0.2692,0.18941666666666665,0.1499,0.13798333333333335,0.2532333333333333,0.3092833333333333,7.46,0.13,,,,brooklynpark
2024-07-26,11300.0,0.0,24.166666666666664,0.06646666666666666,0.07376666666666667,0.06236666666666667,0.2801,0.15888333333333335,0.10395,0.09981666666666666,0.24136666666666665,0.30861666666666665,7.46,0.13,,,,brooklynpark
2024-07-27,10600.0,0.0,23.88888888888889,0.0324,0.040650000000000006,0.027749999999999997,0.29100000000000004,0.12835000000000002,0.058,0.061649999999999996,0.22949999999999998,0.30795,7.46,0.13,,,,brooklynpark
2024-07-28,10400.0,0.0,25.555555555555557,0.033255,0.0552274999999999,0.0466475,0.2893075,0.1355549999999999,0.0651824999999999,0.137525,0.26539999999999997,0.32315000000000005,7.46,0.13,,,,brooklynpark
2024-07-29,11000.0,1.07,26.11111111111111,0.1547,0.16749999999999998,0.1656,0.3174,0.29695,0.21315,0.21339999999999998,0.3013,0.33835000000000004,7.46,0.13,,,,brooklynpark
2024-07-30,10800.0,0.0,26.666666666666668,0.13775,0.15055,0.14705,0.3102875,0.27494375,0.193125,0.19331249999999997,0.29178750000000003,0.33416250000000003,7.46,0.13,,,,brooklynpark
2024-07-31,11100.0,0.0,26.296296296296298,0.1208,0.1336,0.1285,0.303175,0.2529375,0.1731,0.173225,0.282275,0.329975,7.46,0.13,,,,brooklynpark
2024-08-01,11600.0,1.69,25.925925925925927,0.10385,0.11664999999999998,0.10994999999999999,0.2960625,0.23093125,0.15307500000000002,0.15313749999999998,0.2727625,0.3257875,7.46,0.13,,,,brooklynpark
2024-08-02,11900.0,0.42,25.555555555555557,0.0869,0.09969999999999998,0.0914,0.28895,0.208925,0.13305,0.13305,0.26325,0.3216,7.46,0.13,,,,brooklynpark
2024-08-03,12100.0,0.0,26.11111111111111,0.06995000000000001,0.08274999999999999,0.07285,0.28183749999999996,0.18691875,0.113025,0.1129625,0.2537375,0.3174125,7.46,0.13,,,,brooklynpark
2024-08-04,12200.0,0.02,25.833333333333336,0.053000000000000005,0.06579999999999998,0.05429999999999999,0.274725,0.16491250000000002,0.093,0.09287499999999999,0.24422500000000003,0.313225,7.46,0.13,,,,brooklynpark
2024-08-05,13300.0,0.11,25.555555555555557,0.03605,0.04884999999999998,0.035750000000000004,0.2676125,0.14290625,0.07297500000000001,0.0727875,0.23471250000000002,0.30903749999999997,7.46,0.13,,,,brooklynpark
2024-08-06,16300.0,2.85,23.333333333333332,0.0191,0.0319,0.0172,0.26049999999999995,0.12090000000000001,0.05295,0.0527,0.2252,0.30484999999999995,7.46,0.13,,,,brooklynpark
2024-08-07,16600.0,0.0,23.88888888888889,0.27385,0.27335000000000004,0.2618,0.41984999999999995,0.3166,0.2583,0.30047500000000005,0.39535,0.43172499999999997,7.46,0.13,,,,brooklynpark
2024-08-08,17200.0,0.07,23.333333333333332,0.5286,0.5148,0.5064,0.5791999999999999,0.5123,0.46365,0.54825,0.5654999999999999,0.5586,7.46,0.13,,,,brooklynpark
2024-08-09,17800.0,0.0,21.666666666666668,0.35711666666666664,0.3514666666666667,0.34341666666666665,0.4722166666666666,0.38083333333333336,0.3266,0.38215,0.44796666666666657,0.46608333333333335,7.46,0.13,,,,brooklynpark
2024-08-10,17900.0,0.0,21.11111111111111,0.18563333333333332,0.18813333333333332,0.18043333333333333,0.3652333333333333,0.24936666666666668,0.18955,0.21605000000000002,0.33043333333333325,0.3735666666666667,7.46,0.13,,,,brooklynpark
2024-08-11,17600.0,0.0,21.666666666666668,0.01415,0.024800000000000003,0.01745,0.25825,0.1179,0.052500000000000005,0.049949999999999994,0.2129,0.28105,7.46,0.13,,,,brooklynpark
2024-08-12,17600.0,0.0,21.11111111111111,0.020195833333333333,0.031189166666666667,0.020956249999999982,0.2721416666666666,0.12756583333333332,0.058496249999999986,0.0559,0.221875,0.30417500000000003,7.46,0.13,,,,brooklynpark
2024-08-13,17000.0,0.0,22.22222222222222,0.026241666666666667,0.03757833333333333,0.024462499999999967,0.2860333333333333,0.13723166666666664,0.06449249999999997,0.06185,0.23085,0.32730000000000004,7.46,0.13,,,,brooklynpark
2024-08-14,16500.0,0.0,22.77777777777778,0.027233333333333335,0.03852266666666666,0.025069999999999974,0.28774666666666665,0.1388053333333333,0.06413399999999997,0.06313,0.23986000000000002,0.3291,7.46,0.13,,,,brooklynpark
2024-08-15,15800.0,1.07,22.77777777777778,0.028225,0.039467,0.02567749999999998,0.28946,0.14037899999999998,0.06377549999999998,0.06441000000000001,0.24887,0.3309,7.46,0.13,,,,brooklynpark
2024-08-16,15400.0,0.03,22.77777777777778,0.02921666666666667,0.040411333333333334,0.026284999999999985,0.2911733333333333,0.14195266666666667,0.06341699999999999,0.06569,0.25788,0.3327,7.46,0.13,,,,brooklynpark
2024-08-17,14800.0,0.22,23.333333333333332,0.030208333333333337,0.04135566666666667,0.026892499999999993,0.29288666666666663,0.14352633333333334,0.0630585,0.06697,0.26689,0.3345,7.46,0.13,,,,brooklynpark
2024-08-18,14100.0,0.03,23.333333333333332,0.031200000000000002,0.042300000000000004,0.0275,0.2946,0.1451,0.0627,0.06825,0.27590000000000003,0.3363,7.46,0.13,,,,brooklynpark
2024-08-19,13200.0,0.0,23.88888888888889,0.03398333333333334,0.04445,0.02845,0.29345,0.14328333333333335,0.0621,0.06873333333333334,0.26815,0.33263333333333334,7.46,0.13,,,,brooklynpark
2024-08-20,12800.0,0.0,23.61111111111111,0.03676666666666667,0.0466,0.0294,0.2923,0.14146666666666666,0.061500000000000006,0.06921666666666666,0.2604,0.3289666666666667,7.46,0.13,,,,brooklynpark
2024-08-21,12200.0,0.0,23.333333333333332,0.03955,0.04875,0.03035,0.29115,0.13965,0.0609,0.0697,0.25265,0.32530000000000003,7.46,0.13,,,,brooklynpark
2024-08-22,11900.0,0.0,22.77777777777778,0.184775,0.18277500000000002,0.169975,0.329375,0.250425,0.18280000000000002,0.20565,0.313525,0.36125,7.46,0.13,,,,brooklynpark
2024-08-23,11600.0,0.3,23.055555555555557,0.33,0.3168,0.3096,0.3676,0.3612,0.3047,0.3416,0.3744,0.3972,7.46,0.13,,,,brooklynpark
2024-08-24,11600.0,0.0,23.333333333333332,0.28986875,0.27941875000000005,0.27260625,0.35120625,0.33020625000000003,0.2728125,0.3049,0.35245,0.380175,7.46,0.13,,,,brooklynpark
2024-08-25,11200.0,0.0,23.88888888888889,0.2497375,0.24203750000000002,0.2356125,0.33481249999999996,0.2992125,0.24092500000000003,0.2682,0.3305,0.36315,7.46,0.13,,,,brooklynpark
2024-08-26,10800.0,0.0,25.0,0.20960625000000002,0.20465625,0.19861874999999998,0.31841875,0.26821875,0.20903750000000004,0.2315,0.30855,0.346125,7.46,0.13,,,,brooklynpark
2024-08-27,11100.0,1.11,25.0,0.16947500000000001,0.167275,0.161625,0.302025,0.23722500000000002,0.17715000000000003,0.1948,0.2866,0.3291,7.46,0.13,,,,brooklynpark
2024-08-28,11300.0,0.06,21.296296296296298,0.12934375,0.12989375,0.12463125,0.28563125,0.20623125000000003,0.14526250000000002,0.1581,0.26465,0.312075,7.46,0.13,,,,brooklynpark
2024-08-29,10800.0,0.0,17.59259259259259,0.08921250000000003,0.0925125,0.08763749999999998,0.2692375,0.17523750000000002,0.11337500000000003,0.12140000000000001,0.2427,0.29505000000000003,7.46,0.13,,,,brooklynpark
2024-08-30,10900.0,0.81,13.88888888888889,0.04908125000000002,0.05513125000000002,0.05064374999999999,0.25284375,0.14424375,0.08148750000000005,0.0847,0.22075,0.278025,7.46,0.13,,,,brooklynpark
2024-08-31,11200.0,0.0,23.88888888888889,0.00895,0.017750000000000002,0.013649999999999999,0.23645,0.11325,0.049600000000000005,0.048,0.1988,0.261,7.46,0.13,,,,brooklynpark
2024-09-01,10900.0,0.0,23.333333333333332,0.016025,0.02305,0.016274999999999998,0.249225,0.12340000000000001,0.053675,0.054925,0.209175,0.27585000000000004,7.46,0.13,,,,brooklynpark
2024-09-02,10800.0,0.0,22.77777777777778,0.023100000000000002,0.02835,0.0189,0.262,0.13355,0.057749999999999996,0.06185,0.21955,0.2907,7.46,0.13,,,,brooklynpark
2024-09-03,10300.0,0.0,22.22222222222222,0.028766666666666666,0.033133333333333334,0.0228,0.2648,0.13155,0.0573,0.0622,0.2203,0.2931666666666667,7.46,0.13,,,,brooklynpark
2024-09-04,9820.0,0.0,22.22222222222222,0.03443333333333333,0.03791666666666667,0.0267,0.2676,0.12955,0.05685,0.06255,0.22105,0.29563333333333336,7.46,0.13,,,,brooklynpark
2024-09-05,9400.0,0.02,22.22222222222222,0.0401,0.0427,0.030600000000000002,0.2704,0.12755,0.0564,0.0629,0.2218,0.29810000000000003,7.46,0.13,,,,brooklynpark
2024-09-06,9080.0,0.0,22.22222222222222,0.025599999999999998,0.033850000000000005,0.024025,0.25265,0.12625,0.056749999999999995,0.060325,0.22005,0.30205000000000004,7.46,0.13,,,,brooklynpark
2024-09-07,8700.0,0.0,21.666666666666668,0.0111,0.025,0.01745,0.2349,0.12495,0.0571,0.057749999999999996,0.2183,0.306,7.46,0.13,,,,brooklynpark
2024-09-08,8340.0,0.0,21.666666666666668,0.03265,0.042499999999999996,0.030416666666666668,0.25653333333333334,0.14203333333333334,0.07013333333333334,0.07668333333333334,0.23796666666666666,0.31876666666666664,7.46,0.13,,,,brooklynpark
2024-09-09,8060.0,0.0,21.666666666666668,0.0542,0.06,0.04338333333333333,0.2781666666666667,0.15911666666666668,0.08316666666666667,0.09561666666666668,0.2576333333333333,0.33153333333333335,7.46,0.13,,,,brooklynpark
2024-09-10,7810.0,0.0,13.333333333333334,0.07575,0.0775,0.05635,0.2998,0.17620000000000002,0.09620000000000001,0.11455000000000001,0.2773,0.3443,7.46,0.13,,,,brooklynpark
2024-09-11,7470.0,0.0,21.666666666666668,0.05945,0.060899999999999996,0.044675,0.28500000000000003,0.158675,0.07877500000000001,0.095225,0.253125,0.3207,7.46,0.13,,,,brooklynpark
2024-09-12,7010.0,0.0,22.22222222222222,0.04315,0.0443,0.033,0.2702,0.14115,0.06135,0.0759,0.22895,0.29710000000000003,7.46,0.13,,,,brooklynpark
2024-09-13,6620.0,0.0,22.77777777777778,0.03945,0.043609999999999996,0.03151,0.26789999999999997,0.13923,0.06139,0.07386999999999999,0.22537,0.29485000000000006,7.46,0.13,,,,brooklynpark
2024-09-14,6480.0,0.0,22.77777777777778,0.03575,0.04292,0.03002,0.2656,0.13731,0.06143,0.07184,0.22179,0.2926,7.46,0.13,,,,brooklynpark
2024-09-15,6330.0,0.01,22.77777777777778,0.032049999999999995,0.04223,0.02853,0.2633,0.13539,0.061470000000000004,0.06981,0.21821000000000002,0.29035000000000005,7.46,0.13,,,,brooklynpark
2024-09-16,6160.0,0.0,23.88888888888889,0.02835,0.04154,0.02704,0.261,0.13347,0.06151,0.06778,0.21463000000000002,0.2881,7.46,0.13,,,,brooklynpark
2024-09-17,6030.0,0.0,23.88888888888889,0.02465,0.04085,0.02555,0.2587,0.13155,0.06155,0.06575,0.21105000000000002,0.28585000000000005,7.46,0.13,,,,brooklynpark
2024-09-18,5730.0,0.0,22.77777777777778,0.021183333333333332,0.03605,0.023716666666666667,0.25439999999999996,0.12501666666666666,0.05778333333333333,0.06021666666666667,0.19895000000000002,0.2735166666666667,7.46,0.13,,,,brooklynpark
2024-09-19,5540.0,0.0,23.333333333333332,0.017716666666666665,0.03125,0.02188333333333333,0.2501,0.11848333333333333,0.05401666666666667,0.054683333333333334,0.18685000000000002,0.2611833333333334,7.46,0.13,,,,brooklynpark
2024-09-20,5390.0,0.0,23.88888888888889,0.01425,0.02645,0.02005,0.2458,0.11195,0.05025,0.04915,0.17475000000000002,0.24885000000000002,7.46,0.13,,,,brooklynpark
2024-09-21,5350.0,0.06,23.333333333333332,0.0176,0.031975,0.02165,0.2655,0.117175,0.052175,0.054325,0.190775,0.24665,7.46,0.13,,,,brooklynpark
2024-09-22,5540.0,0.34,22.22222222222222,0.02095,0.037500000000000006,0.02325,0.2852,0.12240000000000001,0.0541,0.0595,0.20679999999999998,0.24445,7.46,0.13,,,,brooklynpark
2024-09-23,5430.0,0.0,21.11111111111111,0.017166666666666667,0.03208333333333334,0.020783333333333334,0.2623166666666667,0.12096666666666668,0.0538,0.0588,0.2019,0.2437,7.46,0.13,,,,brooklynpark
2024-09-24,5110.0,0.0,21.11111111111111,0.013383333333333334,0.026666666666666665,0.018316666666666665,0.23943333333333336,0.11953333333333334,0.0535,0.0581,0.19699999999999998,0.24295,7.46,0.13,,,,brooklynpark
2024-09-25,5080.0,0.0,21.11111111111111,0.009600000000000001,0.021249999999999998,0.01585,0.21655000000000002,0.11810000000000001,0.0532,0.0574,0.1921,0.2422,7.46,0.13,,,,brooklynpark
2024-09-26,4980.0,0.0,21.666666666666668,0.011375,0.0253,0.01795,0.226325,0.12475000000000001,0.05785,0.061375,0.19722499999999998,0.23672500000000002,7.46,0.13,,,,brooklynpark
2024-09-27,4830.0,0.0,21.666666666666668,0.01315,0.02935,0.02005,0.2361,0.13140000000000002,0.0625,0.06534999999999999,0.20235,0.23125,7.46,0.13,,,,brooklynpark
2024-09-28,4630.0,0.0,17.22222222222222,0.013803333333333322,0.030738333333333333,0.02221722222222221,0.22931194444444444,0.1289013888888889,0.06270277777777777,0.06658333333333333,0.20070000000000002,0.23601666666666668,7.46,0.13,,,,brooklynpark
2024-09-29,4740.0,0.0,21.666666666666668,0.014456666666666644,0.032126666666666664,0.024384444444444424,0.22252388888888888,0.12640277777777778,0.06290555555555553,0.06781666666666666,0.19905,0.24078333333333332,7.46,0.13,,,,brooklynpark
2024-09-30,4590.0,0.0,22.22222222222222,0.015109999999999965,0.033514999999999996,0.026551666666666637,0.21573583333333332,0.12390416666666666,0.06310833333333331,0.06905,0.19740000000000002,0.24555,7.46,0.13,,,,brooklynpark
2024-10-01,4320.0,0.0,20.555555555555557,0.02057999999999998,0.0352325,0.02700083333333332,0.23391791666666667,0.12915208333333333,0.06492916666666665,0.070725,0.20135,0.237525,7.46,0.13,,,,brooklynpark
2024-10-02,4280.0,0.0,18.88888888888889,0.026049999999999997,0.03695,0.027450000000000002,0.2521,0.1344,0.06675,0.07239999999999999,0.20529999999999998,0.22949999999999998,7.46,0.13,,,,brooklynpark
2024-10-03,3640.0,0.0,18.88888888888889,0.02308333333333333,0.03671666666666666,0.027633333333333336,0.24355,0.13513333333333333,0.06715,0.0757,0.20435,0.23104999999999998,7.46,0.13,,,,brooklynpark
2024-10-04,3480.0,0.0,18.333333333333332,0.020116666666666665,0.03648333333333333,0.027816666666666667,0.235,0.13586666666666666,0.06755000000000001,0.079,0.2034,0.2326,7.46,0.13,,,,brooklynpark
2024-10-05,3710.0,0.0,18.333333333333332,0.01715,0.03625,0.028,0.22644999999999998,0.1366,0.06795000000000001,0.08230000000000001,0.20245000000000002,0.23415,7.46,0.13,,,,brooklynpark
2024-10-06,3770.0,0.0,17.22222222222222,0.019309999999999997,0.037419999999999995,0.02921,0.23318,0.13367,0.06688000000000001,0.08236000000000002,0.19617,0.22875,7.46,0.13,,,,brooklynpark
2024-10-07,3740.0,0.0,16.666666666666668,0.02147,0.03859,0.03042,0.23990999999999998,0.13074,0.06581000000000001,0.08242000000000001,0.18989,0.22335,7.46,0.13,,,,brooklynpark
2024-10-08,3530.0,0.0,16.666666666666668,0.023629999999999998,0.03976,0.03163,0.24664,0.12781,0.06474,0.08248000000000001,0.18361,0.21795,7.46,0.13,,,,brooklynpark
2024-10-09,3390.0,0.0,16.666666666666668,0.02579,0.04093,0.032839999999999994,0.25337,0.12488,0.06367,0.08254,0.17733000000000002,0.21255,7.46,0.13,,,,brooklynpark
2024-10-10,3450.0,0.0,16.666666666666668,0.02795,0.0421,0.03405,0.2601,0.12195,0.0626,0.0826,0.17105,0.20715,7.46,0.13,,,,brooklynpark
2024-10-11,3510.0,0.0,17.22222222222222,0.02558,0.03803,0.030619999999999998,0.22599,0.10933,0.05921,0.07343000000000001,0.14968,0.18142,7.46,0.13,,,,brooklynpark
2024-10-12,3450.0,0.0,17.22222222222222,0.02321,0.03396,0.02719,0.19188,0.09671,0.05582,0.06426000000000001,0.12831,0.15569,7.46,0.13,,,,brooklynpark
2024-10-13,3470.0,0.0,16.11111111111111,0.02084,0.02989,0.023759999999999996,0.15777,0.08409,0.05243,0.05509,0.10694000000000001,0.12996000000000002,7.46,0.13,,,,brooklynpark
2024-10-14,3430.0,0.0,13.88888888888889,0.01847,0.02582,0.020329999999999997,0.12365999999999999,0.07147,0.04904,0.04592,0.08557000000000001,0.10423000000000002,7.46,0.13,,,,brooklynpark
2024-10-15,3260.0,0.0,13.333333333333334,0.0161,0.02175,0.0169,0.08954999999999999,0.05885,0.045649999999999996,0.036750000000000005,0.06420000000000001,0.0785,7.46,0.13,,,,brooklynpark
2024-10-16,3170.0,0.0,13.333333333333334,0.031275,0.0468675,0.04541,0.20876,0.12318,0.0672725,0.068775,0.14029999999999998,0.16347499999999998,7.46,0.13,,,,brooklynpark
2024-10-17,3180.0,0.0,13.333333333333334,0.01985,0.03755,0.03405,0.201,0.15965000000000001,0.08165,0.1008,0.21639999999999998,0.24845,7.46,0.13,,,,brooklynpark
2024-10-18,2820.0,0.0,12.777777777777779,0.01753333333333333,0.03788333333333333,0.0351,0.19416666666666668,0.1569,0.08185,0.10501666666666666,0.20816666666666664,0.2307,7.46,0.13,,,,brooklynpark
2024-10-19,2860.0,0.0,13.333333333333334,0.015216666666666667,0.03821666666666667,0.036149999999999995,0.18733333333333332,0.15414999999999998,0.08205,0.10923333333333334,0.19993333333333332,0.21295,7.46,0.13,,,,brooklynpark
2024-10-20,3340.0,0.01,13.88888888888889,0.0129,0.03855,0.0372,0.1805,0.15139999999999998,0.08225,0.11345,0.19169999999999998,0.19519999999999998,7.46,0.13,,,,brooklynpark
2024-10-21,3290.0,0.0,15.0,0.01659,0.04025,0.042539999999999994,0.18678,0.15697999999999998,0.08668000000000001,0.11372,0.1865,0.19510999999999998,7.46,0.13,,,,brooklynpark
2024-10-22,3130.0,0.0,15.555555555555555,0.02028,0.04195,0.04788,0.19305999999999998,0.16255999999999998,0.09111,0.11399,0.1813,0.19502,7.46,0.13,,,,brooklynpark
2024-10-23,3020.0,0.0,15.0,0.023969999999999998,0.04365,0.053219999999999996,0.19934,0.16814,0.09554,0.11426,0.1761,0.19493,7.46,0.13,,,,brooklynpark
2024-10-24,3020.0,0.0,15.0,0.02766,0.04535,0.05856,0.20561999999999997,0.17372,0.09997,0.11452999999999999,0.1709,0.19484,7.46,0.13,,,,brooklynpark
2024-10-25,3100.0,0.45,13.88888888888889,0.03135,0.04705,0.0639,0.21189999999999998,0.17930000000000001,0.10439999999999999,0.1148,0.16570000000000001,0.19475,7.46,0.13,,,,brooklynpark
2024-10-26,3110.0,0.0,13.333333333333334,0.0318,0.04806764705882353,0.06476764705882353,0.21102941176470585,0.18063529411764706,0.10662647058823528,0.11409705882352941,0.1642,0.19290588235294118,7.46,0.13,,,,brooklynpark
2024-10-27,3140.0,0.0,13.333333333333334,0.03225,0.04908529411764706,0.06563529411764706,0.21015882352941173,0.18197058823529413,0.10885294117647058,0.11339411764705883,0.1627,0.19106176470588235,7.46,0.13,,,,brooklynpark
2024-10-28,3070.0,0.0,13.333333333333334,0.0327,0.050102941176470586,0.06650294117647058,0.20928823529411764,0.18330588235294118,0.11107941176470587,0.11269117647058824,0.1612,0.18921764705882355,7.46,0.13,,,,brooklynpark
2024-10-29,3230.0,0.0,13.88888888888889,0.03315,0.05112058823529412,0.06737058823529411,0.2084176470588235,0.18464117647058825,0.11330588235294117,0.11198823529411765,0.1597,0.18737352941176472,7.46,0.13,,,,brooklynpark
2024-10-30,3600.0,0.01,15.555555555555555,0.033600000000000005,0.052138235294117645,0.06823823529411764,0.2075470588235294,0.1859764705882353,0.11553235294117646,0.11128529411764705,0.1582,0.1855294117647059,7.46,0.13,,,,brooklynpark
2024-10-31,3910.0,0.44,15.0,0.034050000000000004,0.05315588235294118,0.06910588235294117,0.20667647058823527,0.18731176470588237,0.11775882352941175,0.11058235294117646,0.1567,0.18368529411764706,7.46,0.13,,,,brooklynpark
2024-11-01,4210.0,0.75,12.222222222222221,0.0345,0.054173529411764704,0.0699735294117647,0.20580588235294117,0.18864705882352942,0.11998529411764705,0.10987941176470588,0.1552,0.18184117647058823,7.46,0.13,,,,brooklynpark
2024-11-02,3940.0,0.0,11.666666666666666,0.03495,0.05519117647058823,0.07084117647058824,0.20493529411764705,0.1899823529411765,0.12221176470588234,0.10917647058823529,0.1537,0.1799970588235294,7.46,0.13,,,,brooklynpark
2024-11-03,3740.0,0.0,11.666666666666666,0.0354,0.05620882352941176,0.07170882352941177,0.20406470588235293,0.19131764705882354,0.12443823529411764,0.1084735294117647,0.1522,0.1781529411764706,7.46,0.13,,,,brooklynpark
2024-11-04,3930.0,0.1,11.666666666666666,0.03585,0.05722647058823529,0.0725764705882353,0.2031941176470588,0.1926529411764706,0.12666470588235293,0.10777058823529412,0.1507,0.17630882352941177,7.46,0.13,,,,brooklynpark
2024-11-05,4400.0,0.33,11.666666666666666,0.0363,0.05824411764705882,0.07344411764705883,0.2023235294117647,0.19398823529411766,0.12889117647058823,0.10706764705882353,0.1492,0.17446470588235294,7.46,0.13,,,,brooklynpark
2024-11-06,4670.0,0.33,11.11111111111111,0.03675,0.05926176470588235,0.07431176470588235,0.20145294117647058,0.19532352941176473,0.1311176470588235,0.10636470588235294,0.1477,0.1726205882352941,7.46,0.13,,,,brooklynpark
2024-11-07,4610.0,0.0,10.555555555555555,0.0372,0.06027941176470587,0.07517941176470588,0.20058235294117646,0.19665882352941177,0.1333441176470588,0.10566176470588234,0.1462,0.17077647058823528,7.46,0.13,,,,brooklynpark
2024-11-08,4460.0,0.0,10.0,0.03765,0.061297058823529406,0.07604705882352941,0.19971176470588234,0.19799411764705882,0.1355705882352941,0.10495882352941176,0.1447,0.16893235294117648,7.46,0.13,,,,brooklynpark
2024-11-09,4210.0,0.0,10.555555555555555,0.0381,0.06231470588235293,0.07691470588235294,0.19884117647058824,0.1993294117647059,0.13779705882352938,0.10425588235294117,0.1432,0.16708823529411765,7.46,0.13,,,,brooklynpark
2024-11-10,4270.0,0.18,10.555555555555555,0.03855,0.06333235294117646,0.07778235294117647,0.19797058823529412,0.20066470588235297,0.14002352941176469,0.10355294117647058,0.1417,0.16524411764705882,7.46,0.13,,,,brooklynpark
2024-11-11,4260.0,0.05,10.555555555555555,0.039,0.06434999999999999,0.07865,0.1971,0.202,0.14225,0.10285,0.1402,0.1634,7.46,0.13,,,,brooklynpark
2024-11-12,4160.0,0.0,10.0,0.038913333333333314,0.06263708333333333,0.07586,0.19114625,0.20050958333333335,0.1406575,0.10138,0.13752666666666666,0.1605133333333333,7.46,0.13,,,,brooklynpark
2024-11-13,4150.0,0.0,8.88888888888889,0.038826666666666634,0.06092416666666666,0.07307,0.1851925,0.19901916666666666,0.139065,0.09991,0.13485333333333333,0.15762666666666666,7.46,0.13,,,,brooklynpark
2024-11-14,4250.0,0.22,8.333333333333334,0.038739999999999955,0.05921124999999999,0.07028,0.17923875,0.19752875,0.1374725,0.09844,0.13218,0.15474,7.46,0.13,,,,brooklynpark
2024-11-15,4370.0,0.0,8.88888888888889,0.03865333333333327,0.05749833333333333,0.06749,0.173285,0.19603833333333334,0.13588,0.09697,0.12950666666666666,0.1518533333333333,7.46,0.13,,,,brooklynpark
2024-11-16,4580.0,0.0,9.444444444444445,0.03856666666666658,0.05578541666666667,0.06470000000000001,0.16733125000000001,0.19454791666666665,0.1342875,0.0955,0.12683333333333333,0.14896666666666666,7.46,0.13,,,,brooklynpark
2024-11-17,4610.0,0.0,8.88888888888889,0.0384799999999999,0.0540725,0.06191,0.1613775,0.1930575,0.132695,0.09403,0.12415999999999999,0.14608,7.46,0.13,,,,brooklynpark
2024-11-18,4570.0,0.0,8.88888888888889,0.03981555555555547,0.054242222222222226,0.06207555555555556,0.15775777777777777,0.18489555555555554,0.12816222222222223,0.09256,0.12148666666666666,0.14319333333333334,7.46,0.13,,,,brooklynpark
2024-11-19,5410.0,1.29,8.88888888888889,0.041151111111111034,0.05441194444444444,0.06224111111111111,0.15413805555555557,0.1767336111111111,0.12362944444444444,0.09109,0.11881333333333333,0.14030666666666666,7.46,0.13,,,,brooklynpark
2024-11-20,6280.0,0.0,8.333333333333334,0.0424866666666666,0.05458166666666667,0.062406666666666666,0.15051833333333334,0.16857166666666668,0.11909666666666667,0.08962,0.11614,0.13742,7.46,0.13,,,,brooklynpark
2024-11-21,6890.0,0.0,6.666666666666667,0.04382222222222217,0.05475138888888889,0.06257222222222222,0.1468986111111111,0.16040972222222222,0.1145638888888889,0.08814999999999999,0.11346666666666666,0.13453333333333334,7.46,0.13,,,,brooklynpark
2024-11-22,7410.0,0.0,7.222222222222222,0.045157777777777734,0.05492111111111111,0.06273777777777778,0.1432788888888889,0.15224777777777776,0.11003111111111111,0.08668,0.11079333333333333,0.13164666666666666,7.46,0.13,,,,brooklynpark
2024-11-23,7620.0,0.0,6.666666666666667,0.0464933333333333,0.05509083333333333,0.06290333333333334,0.13965916666666667,0.14408583333333333,0.10549833333333333,0.08521,0.10812,0.12875999999999999,7.46,0.13,,,,brooklynpark
2024-11-24,7680.0,0.0,7.222222222222222,0.047828888888888865,0.055260555555555556,0.06306888888888888,0.13603944444444444,0.1359238888888889,0.10096555555555556,0.08374,0.10544666666666666,0.12587333333333334,7.46,0.13,,,,brooklynpark
2024-11-25,7520.0,0.0,6.666666666666667,0.049164444444444434,0.05543027777777777,0.06323444444444444,0.13241972222222223,0.12776194444444444,0.09643277777777778,0.08227,0.10277333333333333,0.12298666666666666,7.46,0.13,,,,brooklynpark
2024-11-26,7460.0,0.0,4.444444444444445,0.0505,0.0556,0.0634,0.1288,0.1196,0.0919,0.0808,0.1001,0.1201,7.46,0.13,,,,brooklynpark
2024-11-27,7060.0,0.0,2.7777777777777777,0.046533333333333336,0.05473333333333333,0.0651,0.13705,0.14185,0.10896666666666667,0.08445,0.10595,0.12786666666666666,7.46,0.13,,,,brooklynpark
2024-11-28,6600.0,0.0,2.7777777777777777,0.04256666666666667,0.05386666666666667,0.0668,0.14529999999999998,0.16410000000000002,0.12603333333333333,0.0881,0.1118,0.13563333333333333,7.46,0.13,,,,brooklynpark
2024-11-29,5690.0,0.0,1.1111111111111112,0.0386,0.053,0.0685,0.15355,0.18635000000000002,0.1431,0.09175,0.11765,0.1434,7.46,0.13,,,,brooklynpark
2024-11-30,4600.0,0.0,0.0,0.19249999999999998,0.1837,0.18755,0.24617499999999998,0.25382499999999997,0.22395,0.201325,0.21692499999999998,0.2318,7.46,0.13,,,,brooklynpark
2024-12-01,3990.0,0.0,0.5555555555555556,0.3464,0.3144,0.3066,0.3388,0.3213,0.3048,0.3109,0.3162,0.3202,7.46,0.13,,,,brooklynpark
2024-12-02,3580.0,0.01,0.5555555555555556,0.30445625,0.27665625,0.27050312499999996,0.3,0.28499375,0.269734375,0.27464375,0.279521875,0.28359375,7.46,0.13,,,,brooklynpark
2024-12-03,4240.0,0.0,0.5555555555555556,0.2625125,0.23891250000000003,0.23440624999999998,0.2612,0.24868749999999998,0.23466875,0.2383875,0.24284374999999997,0.24698749999999997,7.46,0.13,,,,brooklynpark
2024-12-04,5400.0,0.0,0.5555555555555556,0.22056875,0.20116875,0.19830937499999998,0.2224,0.21238124999999997,0.199603125,0.20213124999999998,0.206165625,0.21038125,7.46,0.13,,,,brooklynpark
2024-12-05,4900.0,0.0,0.5555555555555556,0.178625,0.16342500000000001,0.16221249999999998,0.18359999999999999,0.17607499999999998,0.1645375,0.165875,0.16948749999999999,0.17377499999999999,7.46,0.13,,,,brooklynpark
2024-12-06,5680.0,0.0,0.5555555555555556,0.13668125,0.12568125000000002,0.12611562499999998,0.14479999999999998,0.13976875,0.12947187500000001,0.12961875,0.13280937499999998,0.13716874999999998,7.46,0.13,,,,brooklynpark
2024-12-07,5870.0,0.0,0.5555555555555556,0.09473750000000003,0.0879375,0.09001874999999998,0.10599999999999998,0.10346249999999999,0.09440625,0.09336249999999999,0.09613125,0.1005625,7.46,0.13,,,,brooklynpark
2024-12-08,5800.0,0.0,0.5555555555555556,0.05279375000000003,0.05019375000000004,0.05392187500000001,0.06719999999999998,0.06715624999999997,0.05934062499999998,0.05710624999999997,0.059453124999999996,0.06395624999999999,7.46,0.13,,,,brooklynpark
2024-12-09,5580.0,0.0,0.5555555555555556,0.01085,0.012450000000000001,0.017825,0.0284,0.030850000000000002,0.024275,0.02085,0.022775,0.02735,7.46,0.13,,,,brooklynpark
2024-12-10,5200.0,0.0,0.5555555555555556,0.06387142857142857,0.057185714285714284,0.05996428571428572,0.07531428571428572,0.07700000000000001,0.06643571428571429,0.06354285714285715,0.06600714285714286,0.07008571428571428,7.46,0.13,,,,brooklynpark
2024-12-11,4950.0,0.01,0.5555555555555556,0.11689285714285713,0.10192142857142857,0.10210357142857143,0.12222857142857144,0.12315000000000001,0.10859642857142858,0.1062357142857143,0.10923928571428573,0.11282142857142857,7.46,0.13,,,,brooklynpark
2024-12-12,3730.0,0.0,0.0,0.1699142857142857,0.14665714285714285,0.14424285714285717,0.16914285714285718,0.1693,0.15075714285714287,0.14892857142857144,0.1524714285714286,0.15555714285714284,7.46,0.13,,,,brooklynpark
2024-12-13,5590.0,0.0,0.5555555555555556,0.22293571428571426,0.19139285714285711,0.18638214285714289,0.2160571428571429,0.21545000000000003,0.19291785714285714,0.19162142857142858,0.19570357142857145,0.19829285714285716,7.46,0.13,,,,brooklynpark
2024-12-14,6360.0,0.0,0.5555555555555556,0.27595714285714285,0.23612857142857138,0.2285214285714286,0.2629714285714286,0.2616,0.23507857142857141,0.23431428571428572,0.2389357142857143,0.24102857142857143,7.46,0.13,,,,brooklynpark
2024-12-15,5920.0,0.06,0.5555555555555556,0.32897857142857145,0.28086428571428573,0.2706607142857143,0.3098857142857143,0.30775,0.27723928571428574,0.27700714285714284,0.2821678571428572,0.2837642857142857,7.46,0.13,,,,brooklynpark
2024-12-16,5710.0,0.0,0.5555555555555556,0.382,0.3256,0.3128,0.3568,0.3539,0.3194,0.3197,0.3254,0.3265,7.46,0.13,,,,brooklynpark
2024-12-17,4870.0,0.0,0.5555555555555556,0.36304444444444445,0.31003055555555553,0.2995083333333334,0.3454138888888889,0.34486666666666665,0.31031111111111115,0.30671666666666664,0.31404166666666666,0.3159888888888889,7.46,0.13,,,,brooklynpark
2024-12-18,4710.0,0.0,0.5555555555555556,0.3440888888888889,0.2944611111111111,0.2862166666666667,0.33402777777777776,0.3358333333333333,0.3012222222222222,0.2937333333333333,0.30268333333333336,0.3054777777777778,7.46,0.13,,,,brooklynpark
2024-12-19,4660.0,0.13,0.5555555555555556,0.32513333333333333,0.27889166666666665,0.27292500000000003,0.32264166666666666,0.3268,0.29213333333333336,0.28075,0.291325,0.29496666666666665,7.46,0.13,,,,brooklynpark
2024-12-20,4750.0,0.12,0.5555555555555556,0.30617777777777777,0.26332222222222224,0.2596333333333334,0.31125555555555556,0.31776666666666664,0.28304444444444443,0.26776666666666665,0.2799666666666667,0.2844555555555556,7.46,0.13,,,,brooklynpark
2024-12-21,4370.0,0.0,0.5555555555555556,0.2872222222222222,0.24775277777777777,0.24634166666666668,0.29986944444444447,0.3087333333333333,0.27395555555555556,0.2547833333333333,0.26860833333333334,0.27394444444444443,7.46,0.13,,,,brooklynpark
2024-12-22,4900.0,0.0,0.5555555555555556,0.26826666666666665,0.23218333333333332,0.23305000000000003,0.2884833333333333,0.29969999999999997,0.2648666666666667,0.2418,0.25725,0.26343333333333335,7.46,0.13,,,,brooklynpark
2024-12-23,4890.0,0.0,0.5555555555555556,0.24931111111111112,0.21661388888888888,0.21975833333333336,0.2770972222222222,0.2906666666666667,0.25577777777777777,0.22881666666666667,0.24589166666666668,0.2529222222222222,7.46,0.13,,,,brooklynpark
2024-12-24,4500.0,0.0,0.5555555555555556,0.23035555555555556,0.20104444444444444,0.2064666666666667,0.2657111111111111,0.28163333333333335,0.2466888888888889,0.21583333333333332,0.23453333333333334,0.24241111111111113,7.46,0.13,,,,brooklynpark
2024-12-25,4480.0,0.0,0.5555555555555556,0.2114,0.185475,0.193175,0.254325,0.2726,0.2376,0.20284999999999997,0.223175,0.2319,7.46,0.13,,,,brooklynpark
2024-12-26,4540.0,0.0,0.5555555555555556,0.19244444444444445,0.16990555555555556,0.17988333333333334,0.24293888888888887,0.26356666666666667,0.2285111111111111,0.18986666666666666,0.21181666666666668,0.2213888888888889,7.46,0.13,,,,brooklynpark
2024-12-27,4720.0,0.07,0.5555555555555556,0.1734888888888889,0.15433611111111112,0.1665916666666667,0.23155277777777777,0.25453333333333333,0.21942222222222224,0.17688333333333334,0.20045833333333335,0.21087777777777778,7.46,0.13,,,,brooklynpark
2024-12-28,5080.0,0.68,1.1111111111111112,0.15453333333333336,0.13876666666666665,0.15330000000000002,0.22016666666666665,0.2455,0.21033333333333334,0.1639,0.1891,0.20036666666666667,7.46,0.13,,,,brooklynpark
2024-12-29,5210.0,0.0,1.6666666666666667,0.1355777777777778,0.12319722222222221,0.14000833333333335,0.20878055555555555,0.23646666666666666,0.20124444444444445,0.15091666666666664,0.17774166666666666,0.18985555555555556,7.46,0.13,,,,brooklynpark
2024-12-30,5200.0,0.0,1.6666666666666667,0.11662222222222224,0.10762777777777777,0.1267166666666667,0.19739444444444443,0.22743333333333335,0.19215555555555558,0.13793333333333332,0.16638333333333333,0.17934444444444445,7.46,0.13,,,,brooklynpark
2024-12-31,5100.0,0.0,1.6666666666666667,0.09766666666666668,0.09205833333333333,0.11342500000000003,0.18600833333333333,0.2184,0.18306666666666668,0.12495,0.155025,0.16883333333333334,7.46,0.13,,,,brooklynpark
2025-01-01,4990.0,0.0,1.6666666666666667,0.07871111111111112,0.07648888888888888,0.10013333333333335,0.1746222222222222,0.20936666666666667,0.1739777777777778,0.11196666666666666,0.14366666666666666,0.15832222222222223,7.46,0.13,,,,brooklynpark
2025-01-02,4580.0,0.0,1.1111111111111112,0.05975555555555556,0.060919444444444415,0.08684166666666668,0.16323611111111108,0.20033333333333334,0.1648888888888889,0.09898333333333331,0.13230833333333333,0.14781111111111112,7.46,0.13,,,,brooklynpark
2025-01-03,4380.0,0.0,0.0,0.0408,0.04535,0.07355,0.15184999999999998,0.1913,0.1558,0.086,0.12095,0.1373,7.46,0.13,,,,brooklynpark
2025-01-04,4110.0,0.0,0.0,0.0438149999999999,0.0558049999999999,0.0684,0.1366824999999999,0.1677024999999999,0.1296425,0.08800999999999999,0.12093,0.13794,7.46,0.13,,,,brooklynpark
2025-01-05,4290.0,0.0,0.5555555555555556,0.03857374999999993,0.05172874999999993,0.066575,0.13767437499999993,0.17766437499999993,0.13769437499999998,0.09001999999999999,0.12091,0.13858,7.46,0.13,,,,brooklynpark
2025-01-06,4560.0,0.0,0.5555555555555556,0.03333249999999995,0.04765249999999995,0.06475,0.13866624999999994,0.18762624999999994,0.14574625,0.09203,0.12089,0.13922,7.46,0.13,,,,brooklynpark
2025-01-07,4700.0,0.0,0.5555555555555556,0.028091249999999977,0.043576249999999976,0.06292500000000001,0.13965812499999997,0.19758812499999998,0.153798125,0.09404,0.12087,0.13986,7.46,0.13,,,,brooklynpark
2025-01-08,4540.0,0.0,0.5555555555555556,0.022850000000000002,0.0395,0.0611,0.14065,0.20755,0.16185,0.09605,0.12085,0.1405,7.46,0.13,,,,brooklynpark
2025-01-09,4260.0,0.0,0.5555555555555556,0.03801,0.054685,0.07590000000000001,0.153585,0.19829000000000002,0.15553,0.10944999999999999,0.133635,0.15139000000000002,7.46,0.13,,,,brooklynpark
2025-01-10,4060.0,0.04,0.5555555555555556,0.053169999999999995,0.06987,0.0907,0.16652,0.18903,0.14921,0.12284999999999999,0.14642,0.16228,7.46,0.13,,,,brooklynpark
2025-01-11,3920.0,0.0,0.5555555555555556,0.06833,0.08505499999999999,0.10550000000000001,0.179455,0.17977,0.14289,0.13624999999999998,0.15920499999999999,0.17317000000000002,7.46,0.13,,,,brooklynpark
2025-01-12,3670.0,0.07,0.5555555555555556,0.08349,0.10024,0.12030000000000002,0.19239,0.17051,0.13657,0.14965,0.17199,0.18406,7.46,0.13,,,,brooklynpark
2025-01-13,3130.0,0.0,0.5555555555555556,0.09864999999999999,0.115425,0.1351,0.205325,0.16125,0.13025,0.16304999999999997,0.18477500000000002,0.19495,7.46,0.13,,,,brooklynpark
2025-01-14,3120.0,0.0,0.5555555555555556,0.11381,0.13061,0.14990000000000003,0.21826,0.15199000000000001,0.12393,0.17645,0.19756,0.20584000000000002,7.46,0.13,,,,brooklynpark
2025-01-15,3340.0,0.0,0.5555555555555556,0.12897,0.14579499999999998,0.1647,0.231195,0.14273000000000002,0.11760999999999999,0.18985,0.210345,0.21673000000000003,7.46,0.13,,,,brooklynpark
2025-01-16,3550.0,0.0,0.5555555555555556,0.14412999999999998,0.16097999999999998,0.17950000000000002,0.24413,0.13347,0.11129,0.20325,0.22313,0.22762000000000002,7.46,0.13,,,,brooklynpark
2025-01-17,3580.0,0.0,0.5555555555555556,0.15929,0.176165,0.19430000000000003,0.257065,0.12421,0.10497000000000001,0.21664999999999998,0.235915,0.23851,7.46,0.13,,,,brooklynpark
2025-01-18,3480.0,0.0,0.5555555555555556,0.17445,0.19135,0.2091,0.27,0.11495,0.09865,0.23004999999999998,0.2487,0.2494,7.46,0.13,,,,brooklynpark
2025-01-19,3370.0,0.0,0.5555555555555556,0.167685,0.184385,0.20227,0.2644,0.12143,0.101795,0.22279999999999997,0.24283,0.24465,7.46,0.13,,,,brooklynpark
2025-01-20,3310.0,0.0,0.5555555555555556,0.16092,0.17742,0.19544,0.25880000000000003,0.12791,0.10494,0.21555,0.23696,0.2399,7.46,0.13,,,,brooklynpark
2025-01-21,3440.0,0.0,0.5555555555555556,0.154155,0.170455,0.18861,0.2532,0.13439,0.108085,0.20829999999999999,0.23109000000000002,0.23515,7.46,0.13,,,,brooklynpark
2025-01-22,3680.0,0.0,0.5555555555555556,0.14739,0.16349,0.18178,0.24760000000000001,0.14087,0.11123,0.20105,0.22522,0.2304,7.46,0.13,,,,brooklynpark
2025-01-23,3720.0,0.0,0.5555555555555556,0.140625,0.156525,0.17495,0.242,0.14734999999999998,0.114375,0.1938,0.21935,0.22565000000000002,7.46,0.13,,,,brooklynpark
2025-01-24,3640.0,0.0,0.5555555555555556,0.13386,0.14956,0.16812,0.2364,0.15383,0.11752,0.18655,0.21348,0.22089999999999999,7.46,0.13,,,,brooklynpark
2025-01-25,3670.0,0.0,0.5555555555555556,0.127095,0.142595,0.16129,0.2308,0.16031,0.120665,0.17930000000000001,0.20761000000000002,0.21615,7.46,0.13,,,,brooklynpark
2025-01-26,3610.0,0.0,0.5555555555555556,0.12033,0.13563,0.15446,0.2252,0.16679,0.12381,0.17205,0.20174,0.2114,7.46,0.13,,,,brooklynpark
2025-01-27,3570.0,0.0,0.5555555555555556,0.113565,0.128665,0.14762999999999998,0.2196,0.17326999999999998,0.12695499999999998,0.1648,0.19587,0.20665,7.46,0.13,,,,brooklynpark
2025-01-28,3580.0,0.0,0.5555555555555556,0.1068,0.1217,0.14079999999999998,0.214,0.17975,0.1301,0.15755000000000002,0.19,0.2019,7.46,0.13,,,,brooklynpark
2025-01-29,3500.0,0.0,0.5555555555555556,0.0784,0.089075,0.112675,0.18795,0.214,0.158625,0.13385000000000002,0.16235,0.17962499999999998,7.46,0.13,,,,brooklynpark
2025-01-30,3640.0,0.0,0.5555555555555556,0.05,0.05645,0.08455,0.1619,0.24825,0.18714999999999998,0.11015,0.1347,0.15735,7.46,0.13,,,,brooklynpark
2025-01-31,3710.0,0.0,0.5555555555555556,0.08168,0.08526500000000001,0.114315,0.18897,0.236705,0.18089999999999998,0.13554,0.159745,0.181615,7.46,0.13,,,,brooklynpark
2025-02-01,3690.0,0.0,0.5555555555555556,0.11336,0.11408,0.14407999999999999,0.21603999999999998,0.22516,0.17464999999999997,0.16093000000000002,0.18478999999999998,0.20588,7.46,0.13,,,,brooklynpark
2025-02-02,3720.0,0.0,0.5555555555555556,0.14504,0.142895,0.17384499999999997,0.24311,0.213615,0.1684,0.18632,0.209835,0.230145,7.46,0.13,,,,brooklynpark
2025-02-03,3790.0,0.12,0.5555555555555556,0.17672,0.17171,0.20360999999999999,0.27018,0.20207,0.16215,0.21171,0.23487999999999998,0.25441,7.46,0.13,,,,brooklynpark
2025-02-04,3360.0,0.0,0.5555555555555556,0.20839999999999997,0.200525,0.233375,0.29725,0.190525,0.15589999999999998,0.2371,0.25992499999999996,0.278675,7.46,0.13,,,,brooklynpark
2025-02-05,3310.0,0.0,0.5555555555555556,0.24008000000000002,0.22934,0.26314,0.32432,0.17898,0.14965,0.26249,0.28497,0.30294,7.46,0.13,,,,brooklynpark
2025-02-06,3310.0,0.02,0.5555555555555556,0.27176,0.258155,0.29290499999999997,0.35139,0.167435,0.1434,0.28788,0.310015,0.32720499999999997,7.46,0.13,,,,brooklynpark
2025-02-07,3230.0,0.0,0.5555555555555556,0.30344,0.28697,0.32266999999999996,0.37846,0.15589,0.13715,0.31327000000000005,0.33506,0.35147,7.46,0.13,,,,brooklynpark
2025-02-08,3240.0,0.12,0.5555555555555556,0.33512,0.315785,0.352435,0.40553,0.144345,0.1309,0.33866,0.360105,0.37573500000000004,7.46,0.13,,,,brooklynpark
2025-02-09,3240.0,0.05,0.5555555555555556,0.3668,0.3446,0.3822,0.4326,0.1328,0.12465,0.36405,0.38515,0.4,7.46,0.13,,,,brooklynpark
2025-02-10,3280.0,0.0,0.5555555555555556,0.36652,0.34400000000000003,0.38034,0.43016,0.13223000000000001,0.12362,0.36322,0.38454499999999997,0.398305,7.46,0.13,,,,brooklynpark
2025-02-11,3260.0,0.0,0.5555555555555556,0.36624,0.34340000000000004,0.37848,0.42772,0.13166,0.12259,0.36239,0.38394,0.39661,7.46,0.13,,,,brooklynpark
2025-02-12,3380.0,0.0,0.5555555555555556,0.36596,0.3428,0.37662,0.42528,0.13108999999999998,0.12156,0.36156,0.383335,0.394915,7.46,0.13,,,,brooklynpark
2025-02-13,3640.0,0.0,0.5555555555555556,0.36568,0.3422,0.37476,0.42284,0.13052,0.12053,0.36073,0.38273,0.39322,7.46,0.13,,,,brooklynpark
2025-02-14,3840.0,0.0,0.5555555555555556,0.3654,0.3416,0.3729,0.4204,0.12995,0.1195,0.3599,0.382125,0.391525,7.46,0.13,,,,brooklynpark
2025-02-15,3900.0,0.11,0.5555555555555556,0.36512,0.341,0.37104000000000004,0.41796,0.12938,0.11847,0.35907,0.38151999999999997,0.38983,7.46,0.13,,,,brooklynpark
2025-02-16,3850.0,0.0,0.5555555555555556,0.36484,0.34040000000000004,0.36918,0.41552,0.12880999999999998,0.11744,0.35824,0.380915,0.388135,7.46,0.13,,,,brooklynpark
2025-02-17,3810.0,0.0,0.5555555555555556,0.36456,0.3398,0.36732000000000004,0.41308,0.12824,0.11641,0.35741,0.38031,0.38644,7.46,0.13,,,,brooklynpark
2025-02-18,4320.0,0.0,0.5555555555555556,0.36428,0.3392,0.36546,0.41064,0.12767,0.11538000000000001,0.35658,0.379705,0.384745,7.46,0.13,,,,brooklynpark
2025-02-19,5200.0,0.0,0.5555555555555556,0.364,0.3386,0.36360000000000003,0.4082,0.1271,0.11435000000000001,0.35575,0.3791,0.38305,7.46,0.13,,,,brooklynpark
2025-02-20,5690.0,0.0,0.5555555555555556,0.39375375,0.37470125,0.40672625,0.4531575,0.11123875,0.10391500000000001,0.35186666666666666,0.3760833333333333,0.37611666666666665,7.46,0.13,,,,brooklynpark
2025-02-21,5580.0,0.0,0.5555555555555556,0.4235075,0.4108025,0.4498525,0.498115,0.0953775,0.09348,0.3479833333333333,0.37306666666666666,0.36918333333333336,7.46,0.13,,,,brooklynpark
2025-02-22,5340.0,0.0,0.5555555555555556,0.326,0.3159,0.32955,0.3649,0.11115,0.0948,0.34409999999999996,0.37005,0.36225,7.46,0.13,,,,brooklynpark
2025-02-23,4910.0,0.0,0.5555555555555556,0.27045,0.26444,0.27997,0.32302,0.13417,0.10812999999999999,0.29668999999999995,0.32175,0.31838,7.46,0.13,,,,brooklynpark
2025-02-24,3640.0,0.0,0.5555555555555556,0.2149,0.21298,0.23039,0.28114,0.15719,0.12145999999999998,0.24927999999999997,0.27344999999999997,0.27451000000000003,7.46,0.13,,,,brooklynpark
2025-02-25,3530.0,0.0,0.5555555555555556,0.15935,0.16152,0.18081000000000003,0.23926,0.18021,0.13479,0.20187,0.22515000000000002,0.23064,7.46,0.13,,,,brooklynpark
2025-02-26,3770.0,0.03,0.5555555555555556,0.1038,0.11005999999999999,0.13123,0.19738,0.20323000000000002,0.14811999999999997,0.15446,0.17685,0.18677,7.46,0.13,,,,brooklynpark
2025-02-27,4050.0,0.0,1.1111111111111112,0.04825,0.0586,0.08165,0.1555,0.22625,0.16144999999999998,0.10705,0.12855,0.1429,7.46,0.13,,,,brooklynpark
2025-02-28,4390.0,0.0,1.6666666666666667,0.09381428571428571,0.10245714285714286,0.12161428571428572,0.19397142857142857,0.21130714285714286,0.1527785714285714,0.14647857142857143,0.1696642857142857,0.17919285714285715,7.46,0.13,,,,brooklynpark
2025-03-01,4490.0,0.0,1.6666666666666667,0.1393785714285714,0.14631428571428573,0.16157857142857143,0.23244285714285712,0.1963642857142857,0.14410714285714285,0.18590714285714288,0.21077857142857143,0.21548571428571428,7.46,0.13,,,,brooklynpark
2025-03-02,4660.0,0.0,1.6666666666666667,0.18494285714285713,0.1901714285714286,0.20154285714285713,0.27091428571428566,0.18142142857142857,0.13543571428571427,0.2253357142857143,0.25189285714285714,0.2517785714285714,7.46,0.13,,,,brooklynpark
2025-03-03,4880.0,0.0,1.1111111111111112,0.23050714285714285,0.23402857142857147,0.24150714285714286,0.30938571428571426,0.16647857142857142,0.12676428571428572,0.26476428571428573,0.29300714285714285,0.28807142857142853,7.46,0.13,,,,brooklynpark
2025-03-04,5060.0,0.05,2.2222222222222223,0.2760714285714286,0.27788571428571435,0.2814714285714286,0.34785714285714286,0.15153571428571427,0.11809285714285714,0.30419285714285715,0.33412142857142857,0.32436428571428566,7.46,0.13,,,,brooklynpark
2025-03-05,5100.0,0.22,1.6666666666666667,0.32163571428571425,0.32174285714285716,0.32143571428571427,0.38632857142857135,0.13659285714285715,0.10942142857142857,0.34362142857142863,0.3752357142857143,0.36065714285714284,7.46,0.13,,,,brooklynpark
2025-03-06,5150.0,0.0,1.6666666666666667,0.36719999999999997,0.36560000000000004,0.3614,0.4248,0.12165000000000001,0.10075,0.38305,0.41635,0.39695,7.46,0.13,,,,brooklynpark
2025-03-07,5270.0,0.0,2.2222222222222223,0.2910391666666666,0.29372166666666666,0.2963025,0.35700333333333334,0.12832000000000002,0.10345999999999997,0.32795,0.36014,0.34588,7.46,0.13,,,,brooklynpark
2025-03-08,5250.0,0.0,2.7777777777777777,0.2148783333333333,0.22184333333333334,0.231205,0.28920666666666667,0.13499,0.10616999999999993,0.27285000000000004,0.30393,0.29481,7.46,0.13,,,,brooklynpark
2025-03-09,5260.0,0.0,3.3333333333333335,0.1387175,0.149965,0.1661075,0.22141,0.14166,0.1088799999999999,0.21775,0.24772,0.24374,7.46,0.13,,,,brooklynpark
2025-03-10,5540.0,0.0,3.888888888888889,0.09373375,0.10338249999999999,0.12470375,0.190605,0.18723,0.14316499999999993,0.16265000000000002,0.19150999999999999,0.19267,7.46,0.13,,,,brooklynpark
2025-03-11,5670.0,0.0,3.888888888888889,0.04875,0.0568,0.0833,0.1598,0.2328,0.17745,0.10755,0.1353,0.1416,7.46,0.13,,,,brooklynpark
2025-03-12,6160.0,0.0,3.888888888888889,0.04806,0.056940000000000004,0.08246,0.16202,0.23546,0.17797,0.10792,0.13523000000000002,0.1431,7.46,0.13,,,,brooklynpark
2025-03-13,6380.0,0.0,4.444444444444445,0.04737,0.05708,0.08162,0.16424,0.23812,0.17848999999999998,0.10829,0.13516,0.1446,7.46,0.13,,,,brooklynpark
2025-03-14,6280.0,0.0,5.0,0.04668,0.05722,0.08078,0.16646,0.24078,0.17901,0.10866,0.13509000000000002,0.1461,7.46,0.13,,,,brooklynpark
2025-03-15,6610.0,0.32,7.222222222222222,0.04599,0.057359999999999994,0.07994,0.16868,0.24344,0.17953,0.10903,0.13502,0.1476,7.46,0.13,,,,brooklynpark
2025-03-16,7770.0,0.0,3.888888888888889,0.0453,0.057499999999999996,0.0791,0.1709,0.24609999999999999,0.18005,0.1094,0.13495000000000001,0.1491,7.46,0.13,,,,brooklynpark
2025-03-17,8280.0,0.0,4.444444444444445,0.04498125,0.056575,0.0790125,0.16772499999999999,0.24480625,0.18005,0.1083375,0.13360000000000002,0.14803750000000002,7.46,0.13,,,,brooklynpark
2025-03-18,8520.0,0.0,6.111111111111111,0.0446625,0.05565,0.078925,0.16455,0.2435125,0.18005,0.107275,0.13225,0.14697500000000002,7.46,0.13,,,,brooklynpark
2025-03-19,8830.0,0.0,5.555555555555555,0.04434375,0.054724999999999996,0.0788375,0.161375,0.24221874999999998,0.18005,0.1062125,0.13090000000000002,0.1459125,7.46,0.13,,,,brooklynpark
2025-03-20,8520.0,0.0,3.888888888888889,0.044024999999999995,0.0538,0.07875,0.1582,0.240925,0.18005,0.10515,0.12955,0.14485,7.46,0.13,,,,brooklynpark
2025-03-21,7840.0,0.0,4.444444444444445,0.043706249999999995,0.052875000000000005,0.0786625,0.155025,0.23963125000000002,0.18005,0.1040875,0.1282,0.1437875,7.46,0.13,,,,brooklynpark
2025-03-22,7680.0,0.0,3.888888888888889,0.043387499999999996,0.05195,0.078575,0.15184999999999998,0.2383375,0.18005,0.103025,0.12685000000000002,0.142725,7.46,0.13,,,,brooklynpark
2025-03-23,7740.0,0.03,4.444444444444445,0.043068749999999996,0.051025,0.0784875,0.148675,0.23704375,0.18005,0.1019625,0.1255,0.1416625,7.46,0.13,,,,brooklynpark
2025-03-24,7470.0,0.0,3.888888888888889,0.042749999999999996,0.050100000000000006,0.0784,0.1455,0.23575000000000002,0.18005,0.1009,0.12415000000000001,0.1406,7.46,0.13,,,,brooklynpark
2025-03-25,7280.0,0.0,3.888888888888889,0.0551174999999999,0.0684549999999999,0.0862474999999999,0.1645125,0.233455,0.1727624999999999,0.110675,0.13524999999999998,0.14705000000000001,7.46,0.13,,,,brooklynpark
2025-03-26,7070.0,0.0,5.0,0.0373,0.05165,0.08545,0.17259999999999998,0.27195,0.19345,0.12045,0.14634999999999998,0.1535,7.46,0.13,,,,brooklynpark
2025-03-27,6760.0,0.01,6.111111111111111,0.03918,0.0525,0.08385,0.17034,0.25948000000000004,0.18532,0.11691,0.14265999999999998,0.15261,7.46,0.13,,,,brooklynpark
2025-03-28,6620.0,0.0,7.777777777777778,0.04106,0.05335,0.08225,0.16807999999999998,0.24701,0.17719000000000001,0.11337,0.13896999999999998,0.15172,7.46,0.13,,,,brooklynpark
2025-03-29,6730.0,0.0,8.333333333333334,0.04294,0.0542,0.08065,0.16582,0.23454000000000003,0.16906,0.10983000000000001,0.13528,0.15083000000000002,7.46,0.13,,,,brooklynpark
2025-03-30,7120.0,1.53,7.222222222222222,0.04482,0.05505,0.07905000000000001,0.16355999999999998,0.22207000000000002,0.16093,0.10629000000000001,0.13159,0.14994000000000002,7.46,0.13,,,,brooklynpark
2025-03-31,7050.0,0.11,6.111111111111111,0.0467,0.0559,0.07745,0.1613,0.2096,0.1528,0.10275000000000001,0.1279,0.14905000000000002,7.46,0.13,,,,brooklynpark
2025-04-01,7040.0,0.0,7.222222222222222,0.0473,0.05733,0.0799,0.16214,0.21922,0.15968,0.10486000000000001,0.13009,0.15008000000000002,7.46,0.13,,,,brooklynpark
2025-04-02,7260.0,0.25,5.555555555555555,0.0479,0.05876,0.08235,0.16297999999999999,0.22884,0.16655999999999999,0.10697000000000001,0.13228,0.15111000000000002,7.46,0.13,,,,brooklynpark
2025-04-03,7440.0,0.43,5.555555555555555,0.0485,0.060189999999999994,0.0848,0.16382,0.23846,0.17343999999999998,0.10908,0.13447,0.15214,7.46,0.13,,,,brooklynpark
2025-04-04,7940.0,0.0,5.555555555555555,0.0491,0.061619999999999994,0.08725000000000001,0.16465999999999997,0.24808,0.18031999999999998,0.11119,0.13666,0.15317,7.46,0.13,,,,brooklynpark
2025-04-05,8200.0,0.0,5.555555555555555,0.0497,0.06305,0.0897,0.16549999999999998,0.2577,0.18719999999999998,0.1133,0.13885,0.1542,7.46,0.13,,,,brooklynpark
2025-04-06,8400.0,0.0,5.555555555555555,0.048725000000000004,0.066025,0.09040000000000001,0.16699999999999998,0.257,0.188625,0.11477499999999999,0.14134999999999998,0.157875,7.46,0.13,,,,brooklynpark
2025-04-07,8870.0,0.0,5.555555555555555,0.04775,0.069,0.0911,0.16849999999999998,0.2563,0.19005,0.11624999999999999,0.14384999999999998,0.16155,7.46,0.13,,,,brooklynpark
2025-04-08,9340.0,0.0,5.555555555555555,0.04235,0.05835,0.079,0.1597,0.24275000000000002,0.1763,0.10925,0.12990000000000002,0.14505,7.46,0.13,,,,brooklynpark
2025-04-09,9390.0,0.0,7.222222222222222,0.04103,0.05694,0.07983,0.15862,0.24630000000000002,0.17895,0.10912,0.13062,0.1471,7.46,0.13,,,,brooklynpark
2025-04-10,9670.0,0.03,7.777777777777778,0.03971,0.055529999999999996,0.08066,0.15754,0.24985,0.1816,0.10899,0.13134,0.14915,7.46,0.13,,,,brooklynpark
2025-04-11,9590.0,0.0,7.777777777777778,0.03839,0.05412,0.08149,0.15646,0.25339999999999996,0.18425,0.10886,0.13206,0.1512,7.46,0.13,,,,brooklynpark
2025-04-12,9370.0,0.0,8.333333333333334,0.037070000000000006,0.05271,0.08232,0.15538,0.25694999999999996,0.1869,0.10873000000000001,0.13278,0.15325,7.46,0.13,,,,brooklynpark
2025-04-13,9250.0,0.0,9.444444444444445,0.035750000000000004,0.0513,0.08315,0.1543,0.26049999999999995,0.18955,0.1086,0.1335,0.1553,7.46,0.13,,,,brooklynpark
2025-04-14,9020.0,0.0,10.0,0.03758,0.05344,0.083715,0.15768,0.25892499999999996,0.18871,0.110125,0.135835,0.15705,7.46,0.13,,,,brooklynpark
2025-04-15,9000.0,0.0,8.88888888888889,0.03941,0.05558,0.08428000000000001,0.16105999999999998,0.25734999999999997,0.18787,0.11165,0.13817000000000002,0.1588,7.46,0.13,,,,brooklynpark
2025-04-16,8550.0,0.0,10.0,0.04124,0.05772,0.084845,0.16444,0.255775,0.18703,0.113175,0.140505,0.16055,7.46,0.13,,,,brooklynpark
2025-04-17,8850.0,0.0,11.11111111111111,0.043070000000000004,0.05986,0.08541,0.16782,0.2542,0.18619,0.1147,0.14284,0.1623,7.46,0.13,,,,brooklynpark
2025-04-18,9000.0,0.26,11.666666666666666,0.0449,0.062,0.085975,0.1712,0.252625,0.18535000000000001,0.116225,0.145175,0.16405,7.46,0.13,,,,brooklynpark
2025-04-19,9050.0,0.0,11.11111111111111,0.04673,0.06414,0.08654,0.17457999999999999,0.25105,0.18451,0.11775,0.14751,0.1658,7.46,0.13,,,,brooklynpark
2025-04-20,8880.0,0.0,11.666666666666666,0.04856,0.06628,0.087105,0.17795999999999998,0.24947499999999997,0.18367,0.119275,0.149845,0.16755,7.46,0.13,,,,brooklynpark
2025-04-21,8610.0,0.66,11.11111111111111,0.050390000000000004,0.06842000000000001,0.08767,0.18134,0.24789999999999998,0.18283,0.1208,0.15217999999999998,0.1693,7.46,0.13,,,,brooklynpark
2025-04-22,8510.0,0.09,12.222222222222221,0.05222,0.07056,0.08823500000000001,0.18472,0.246325,0.18199,0.122325,0.15451499999999999,0.17105,7.46,0.13,,,,brooklynpark
2025-04-23,8420.0,0.0,12.777777777777779,0.05405,0.0727,0.0888,0.1881,0.24475,0.18115,0.12385,0.15685,0.1728,7.46,0.13,,,,brooklynpark
2025-04-24,8310.0,0.0,12.777777777777779,0.043475,0.059475,0.07435,0.17065,0.21757500000000002,0.153225,0.11449999999999999,0.145675,0.161525,7.46,0.13,,,,brooklynpark
2025-04-25,8180.0,0.34,12.222222222222221,0.0329,0.04625,0.0599,0.1532,0.1904,0.12530000000000002,0.10515,0.1345,0.15025,7.46,0.13,,,,brooklynpark
2025-04-26,8080.0,0.01,12.777777777777779,0.0535499999999999,0.07643,0.086,0.19952,0.2269924999999999,0.1601949999999999,0.103,0.136625,0.15325,7.46,0.13,,,,brooklynpark
2025-04-27,7960.0,0.02,13.88888888888889,0.04245,0.0545,0.058399999999999994,0.1448,0.1825,0.1281,0.10085,0.13874999999999998,0.15625,7.46,0.13,,,,brooklynpark
2025-04-28,8030.0,0.01,13.88888888888889,0.04011666666666667,0.05556666666666667,0.058899999999999994,0.15861666666666668,0.19515833333333332,0.136125,0.103975,0.1467,0.16499166666666668,7.46,0.13,,,,brooklynpark
2025-04-29,8270.0,0.83,13.333333333333334,0.037783333333333335,0.056633333333333334,0.0594,0.17243333333333333,0.20781666666666668,0.14415,0.10709999999999999,0.15464999999999998,0.17373333333333332,7.46,0.13,,,,brooklynpark
2025-04-30,9010.0,0.0,13.88888888888889,0.03545,0.0577,0.0599,0.18625,0.220475,0.152175,0.11022499999999999,0.1626,0.182475,7.46,0.13,,,,brooklynpark
2025-05-01,9550.0,0.0,15.0,0.03528333333333333,0.05471666666666667,0.054150000000000004,0.1875,0.21075,0.14461666666666667,0.10798333333333333,0.16286666666666666,0.18161666666666668,7.46,0.13,,,,brooklynpark
2025-05-02,10400.0,0.62,14.444444444444445,0.035116666666666664,0.05173333333333333,0.0484,0.18875,0.201025,0.13705833333333334,0.10574166666666666,0.16313333333333332,0.18075833333333333,7.46,0.13,,,,brooklynpark
2025-05-03,11100.0,0.01,13.88888888888889,0.034949999999999995,0.04875,0.04265,0.19,0.1913,0.1295,0.10350000000000001,0.1634,0.1799,7.46,0.13,,,,brooklynpark
2025-05-04,11000.0,0.0,14.444444444444445,0.03385,0.052675,0.043550000000000005,0.20935,0.19845000000000002,0.12787500000000002,0.113175,0.183325,0.202525,7.46,0.13,,,,brooklynpark
2025-05-05,11900.0,0.0,15.0,0.03275,0.0566,0.04445,0.22870000000000001,0.2056,0.12625,0.12285,0.20325,0.22515000000000002,7.46,0.13,,,,brooklynpark
2025-05-06,12400.0,0.0,15.555555555555555,0.027700000000000002,0.053566666666666665,0.03886666666666667,0.23598333333333335,0.1894,0.11436666666666667,0.11636666666666666,0.20304999999999998,0.22843333333333335,7.46,0.13,,,,brooklynpark
2025-05-07,12000.0,0.0,17.22222222222222,0.022650000000000003,0.05053333333333333,0.03328333333333333,0.24326666666666666,0.1732,0.10248333333333333,0.10988333333333333,0.20285,0.23171666666666665,7.46,0.13,,,,brooklynpark
2025-05-08,11700.0,0.0,16.666666666666668,0.0176,0.0475,0.0277,0.25055,0.157,0.0906,0.10339999999999999,0.20265,0.235,7.46,0.13,,,,brooklynpark
2025-05-09,11300.0,0.0,17.22222222222222,0.031150000000000004,0.057100000000000005,0.03415,0.259075,0.16570000000000001,0.0942,0.106275,0.22195,0.258075,7.46,0.13,,,,brooklynpark
2025-05-10,10700.0,0.0,18.333333333333332,0.044700000000000004,0.06670000000000001,0.0406,0.2676,0.1744,0.0978,0.10915,0.24125000000000002,0.28115,7.46,0.13,,,,brooklynpark
2025-05-11,10200.0,0.0,18.333333333333332,0.04449125,0.06365874999999996,0.04572749999999995,0.26983250000000003,0.1645475,0.09225749999999995,0.10018333333333333,0.23661666666666667,0.2782833333333333,7.46,0.13,,,,brooklynpark
2025-05-12,9840.0,0.0,18.88888888888889,0.0442825,0.0606174999999999,0.0508549999999999,0.272065,0.154695,0.0867149999999999,0.09121666666666667,0.23198333333333335,0.2754166666666667,7.46,0.13,,,,brooklynpark
2025-05-13,9420.0,0.0,19.444444444444443,0.03165,0.04815,0.033049999999999996,0.26134999999999997,0.1451,0.077,0.08225,0.22735,0.27255,7.46,0.13,,,,brooklynpark
2025-05-14,9270.0,0.0,20.555555555555557,0.029119999999999997,0.04603,0.030129999999999997,0.27429,0.14456,0.07642,0.08473,0.24273,0.28779,7.46,0.13,,,,brooklynpark
2025-05-15,8630.0,0.0,21.666666666666668,0.02659,0.04391,0.027209999999999998,0.28723,0.14402,0.07584,0.08721,0.25811,0.30303,7.46,0.13,,,,brooklynpark
2025-05-16,8550.0,0.1,20.0,0.024059999999999998,0.04179,0.02429,0.30017,0.14348,0.07526,0.08969,0.27349,0.31827,7.46,0.13,,,,brooklynpark
2025-05-17,8800.0,0.17,17.77777777777778,0.02153,0.03967,0.02137,0.31311,0.14294,0.07468,0.09217,0.28887,0.33351000000000003,7.46,0.13,,,,brooklynpark
2025-05-18,8450.0,0.0,16.666666666666668,0.019,0.03755,0.01845,0.32605,0.1424,0.0741,0.09465,0.30425,0.34875,7.46,0.13,,,,brooklynpark
2025-05-19,8350.0,0.0,17.22222222222222,0.02173,0.03964,0.02042,0.32512,0.1436,0.07437,0.09259,0.30244000000000004,0.34768,7.46,0.13,,,,brooklynpark
2025-05-20,9760.0,1.32,15.555555555555555,0.02446,0.04173,0.02239,0.32419000000000003,0.14479999999999998,0.07464,0.09053,0.30063,0.34661000000000003,7.46,0.13,,,,brooklynpark
2025-05-21,11700.0,1.67,13.88888888888889,0.02719,0.04382,0.02436,0.32326,0.146,0.07491,0.08847000000000001,0.29882000000000003,0.34554,7.46,0.13,,,,brooklynpark
2025-05-22,13500.0,0.29,13.333333333333334,0.02992,0.04591,0.02633,0.32233,0.14719999999999997,0.07518,0.08641,0.29701,0.34447000000000005,7.46,0.13,,,,brooklynpark
2025-05-23,15100.0,0.0,13.333333333333334,0.03265,0.048,0.0283,0.3214,0.14839999999999998,0.07545,0.08435000000000001,0.2952,0.34340000000000004,7.46,0.13,,,,brooklynpark
2025-05-24,15900.0,0.0,13.333333333333334,0.032029166666666664,0.04780416666666667,0.028316666666666664,0.32688333333333336,0.15012916666666665,0.07555833333333334,0.08533750000000001,0.29808333333333337,0.3486541666666667,7.46,0.13,,,,brooklynpark
2025-05-25,16000.0,0.0,14.444444444444445,0.03140833333333333,0.047608333333333336,0.028333333333333332,0.3323666666666667,0.15185833333333332,0.07566666666666667,0.08632500000000001,0.30096666666666666,0.3539083333333334,7.46,0.13,,,,brooklynpark
2025-05-26,16100.0,0.0,15.0,0.0307875,0.047412499999999996,0.02835,0.33785,0.1535875,0.07577500000000001,0.08731250000000002,0.30385,0.35916250000000005,7.46,0.13,,,,brooklynpark
2025-05-27,16400.0,0.0,16.11111111111111,0.030166666666666665,0.047216666666666664,0.028366666666666665,0.3433333333333333,0.15531666666666666,0.07588333333333333,0.0883,0.30673333333333336,0.36441666666666667,7.46,0.13,,,,brooklynpark
2025-05-28,15800.0,0.15,16.11111111111111,0.029545833333333334,0.04702083333333333,0.02838333333333333,0.34881666666666666,0.15704583333333333,0.07599166666666667,0.0892875,0.30961666666666665,0.36967083333333334,7.46,0.13,,,,brooklynpark
2025-05-29,15300.0,0.05,16.11111111111111,0.028925,0.046825,0.028399999999999998,0.3543,0.158775,0.0761,0.09027500000000001,0.3125,0.374925,7.46,0.13,,,,brooklynpark
2025-05-30,14500.0,0.15,17.22222222222222,0.028304166666666665,0.046629166666666666,0.028416666666666666,0.35978333333333334,0.16050416666666664,0.07620833333333334,0.09126250000000001,0.31538333333333335,0.3801791666666667,7.46,0.13,,,,brooklynpark
2025-05-31,13600.0,0.0,17.77777777777778,0.027683333333333334,0.04643333333333333,0.02843333333333333,0.3652666666666667,0.1622333333333333,0.07631666666666667,0.09225000000000001,0.31826666666666664,0.38543333333333335,7.46,0.13,,,,brooklynpark
2025-06-01,12700.0,0.0,18.333333333333332,0.0270625,0.0462375,0.028449999999999996,0.37075,0.16396249999999998,0.07642499999999999,0.0932375,0.32115,0.39068749999999997,7.46,0.13,,,,brooklynpark
2025-06-02,11900.0,0.0,19.444444444444443,0.02644166666666667,0.04604166666666666,0.028466666666666664,0.3762333333333333,0.16569166666666665,0.07653333333333333,0.094225,0.32403333333333334,0.39594166666666664,7.46,0.13,,,,brooklynpark
2025-06-03,11400.0,0.11,20.555555555555557,0.025820833333333335,0.04584583333333333,0.028483333333333333,0.38171666666666665,0.16742083333333332,0.07664166666666666,0.0952125,0.32691666666666663,0.4011958333333333,7.46,0.13,,,,brooklynpark
2025-06-04,10900.0,0.53,19.444444444444443,0.0252,0.045649999999999996,0.028499999999999998,0.3872,0.16915,0.07675,0.09620000000000001,0.3298,0.40645,7.46,0.13,,,,brooklynpark
2025-06-05,10400.0,0.0,20.0,0.043333333333333335,0.05926666666666666,0.039599999999999996,0.38248333333333334,0.16681666666666667,0.07671666666666667,0.1034,0.32916666666666666,0.40318333333333334,7.46,0.13,,,,brooklynpark
2025-06-06,9720.0,0.0,20.555555555555557,0.06146666666666667,0.07288333333333333,0.050699999999999995,0.37776666666666664,0.16448333333333331,0.07668333333333333,0.1106,0.3285333333333333,0.39991666666666664,7.46,0.13,,,,brooklynpark
2025-06-07,9440.0,0.0,20.555555555555557,0.0796,0.0865,0.061799999999999994,0.37305,0.16215,0.07665,0.1178,0.32789999999999997,0.39665,7.46,0.13,,,,brooklynpark
2025-06-08,9280.0,0.41,20.0,0.07523333333333333,0.08229666666666666,0.05892666666666666,0.3571566666666667,0.15664666666666666,0.07435333333333333,0.11258333333333334,0.31410999999999994,0.38131333333333334,7.46,0.13,,,,brooklynpark
2025-06-09,9040.0,0.02,18.88888888888889,0.07086666666666668,0.07809333333333332,0.05605333333333333,0.3412633333333333,0.15114333333333332,0.07205666666666666,0.10736666666666667,0.30032,0.3659766666666667,7.46,0.13,,,,brooklynpark
2025-06-10,8700.0,0.0,18.88888888888889,0.0665,0.07389,0.05317999999999999,0.32537,0.14564,0.06976,0.10215,0.28652999999999995,0.35064,7.46,0.13,,,,brooklynpark
2025-06-11,8560.0,0.0,20.0,0.06213333333333333,0.06968666666666666,0.050306666666666666,0.3094766666666667,0.14013666666666666,0.06746333333333333,0.09693333333333334,0.27274,0.33530333333333334,7.46,0.13,,,,brooklynpark
2025-06-12,8380.0,0.0,19.444444444444443,0.05776666666666667,0.06548333333333332,0.04743333333333333,0.2935833333333333,0.13463333333333333,0.06516666666666666,0.09171666666666667,0.25894999999999996,0.3199666666666667,7.46,0.13,,,,brooklynpark
2025-06-13,8690.0,1.27,18.88888888888889,0.0534,0.061279999999999994,0.044559999999999995,0.27769,0.12913,0.06287,0.08650000000000001,0.24516,0.30463,7.46,0.13,,,,brooklynpark
2025-06-14,10100.0,0.57,17.77777777777778,0.04903333333333333,0.057076666666666664,0.041686666666666664,0.2617966666666667,0.12362666666666666,0.060573333333333326,0.08128333333333335,0.23136999999999996,0.28929333333333335,7.46,0.13,,,,brooklynpark
2025-06-15,10500.0,0.02,18.333333333333332,0.04466666666666667,0.05287333333333333,0.03881333333333333,0.24590333333333333,0.11812333333333333,0.058276666666666664,0.07606666666666667,0.21758,0.2739566666666667,7.46,0.13,,,,brooklynpark
2025-06-16,10900.0,0.0,18.88888888888889,0.0403,0.04866999999999999,0.03594,0.23001,0.11262,0.05598,0.07085,0.20378999999999997,0.25861999999999996,7.46,0.13,,,,brooklynpark
2025-06-17,11500.0,0.42,19.444444444444443,0.03593333333333333,0.04446666666666666,0.03306666666666667,0.21411666666666668,0.10711666666666667,0.05368333333333333,0.06563333333333334,0.18999999999999997,0.24328333333333332,7.46,0.13,,,,brooklynpark
2025-06-18,12200.0,0.0,20.555555555555557,0.031566666666666666,0.04026333333333333,0.030193333333333336,0.19822333333333333,0.10161333333333333,0.051386666666666664,0.060416666666666674,0.17620999999999998,0.22794666666666666,7.46,0.13,,,,brooklynpark
2025-06-19,13100.0,0.0,21.666666666666668,0.027200000000000002,0.036059999999999995,0.027319999999999997,0.18233,0.09611,0.049089999999999995,0.05520000000000001,0.16241999999999998,0.21261,7.46,0.13,,,,brooklynpark
2025-06-20,13100.0,0.02,22.22222222222222,0.02283333333333333,0.03185666666666666,0.024446666666666665,0.16643666666666668,0.09060666666666667,0.04679333333333333,0.04998333333333334,0.14862999999999998,0.19727333333333333,7.46,0.13,,,,brooklynpark
2025-06-21,13100.0,0.06,23.333333333333332,0.018466666666666666,0.02765333333333333,0.021573333333333333,0.15054333333333333,0.08510333333333334,0.044496666666666664,0.04476666666666668,0.13484,0.18193666666666666,7.46,0.13,,,,brooklynpark
2025-06-22,13100.0,0.0,23.88888888888889,0.014100000000000001,0.02345,0.0187,0.13465,0.0796,0.0422,0.03955,0.12104999999999999,0.1666,7.46,0.13,,,,brooklynpark
2025-06-23,13300.0,0.0,25.0,0.0182,0.03075,0.0218,0.244825,0.11977499999999999,0.058225000000000006,0.061975,0.20745,0.267575,7.46,0.13,,,,brooklynpark
2025-06-24,13500.0,0.0,25.0,0.0223,0.03805,0.0249,0.355,0.15994999999999998,0.07425000000000001,0.0844,0.29385,0.36855,7.46,0.13,,,,brooklynpark
2025-06-25,14100.0,0.0,25.0,0.025074,0.04285499999999998,0.0301955,0.3483735,0.15593449999999998,0.07347600000000001,0.08104375,0.2868,0.364425,7.46,0.13,,,,brooklynpark
2025-06-26,15200.0,2.72,23.88888888888889,0.027848,0.04765999999999996,0.035490999999999995,0.34174699999999997,0.151919,0.072702,0.0776875,0.27975,0.3603,7.46,0.13,,,,brooklynpark
2025-06-27,15700.0,0.45,22.77777777777778,0.030622,0.05246499999999994,0.040786499999999996,0.3351205,0.1479035,0.071928,0.07433125,0.2727,0.356175,7.46,0.13,,,,brooklynpark
2025-06-28,16600.0,0.14,22.22222222222222,0.033396,0.05726999999999992,0.046082,0.32849399999999995,0.14388800000000002,0.071154,0.070975,0.26565,0.35205,7.46,0.13,,,,brooklynpark
2025-06-29,19100.0,0.81,22.22222222222222,0.03617,0.0620749999999999,0.0513775,0.3218675,0.1398725,0.07038,0.06761875,0.2586,0.347925,7.46,0.13,,,,brooklynpark
2025-06-30,20200.0,0.16,22.22222222222222,0.029763333333333333,0.05218333333333327,0.040135,0.3136116666666667,0.138265,0.06743666666666667,0.0642625,0.25155,0.3438,7.46,0.13,,,,brooklynpark
2025-07-01,20900.0,0.01,22.22222222222222,0.023356666666666664,0.04229166666666663,0.028892499999999998,0.3053558333333333,0.13665750000000002,0.06449333333333333,0.060906249999999995,0.2445,0.339675,7.46,0.13,,,,brooklynpark
2025-07-02,20200.0,0.0,23.333333333333332,0.01695,0.0324,0.01765,0.29710000000000003,0.13505,0.06155,0.05755,0.23745,0.33555,7.46,0.13,,,,brooklynpark
2025-07-03,19800.0,0.0,23.88888888888889,0.0162,0.0353,0.019174999999999998,0.32135,0.1503,0.067975,0.07375,0.26835,0.369575,7.46,0.13,,,,brooklynpark
2025-07-04,19000.0,0.0,25.0,0.015449999999999998,0.0382,0.0207,0.3456,0.16555,0.0744,0.08995,0.29925,0.40359999999999996,7.46,0.13,,,,brooklynpark
2025-07-05,19300.0,0.76,25.555555555555557,0.018,0.03778333333333333,0.021483333333333333,0.3306,0.15338333333333334,0.06813333333333332,0.08238333333333334,0.28455,0.37908333333333327,7.46,0.13,,,,brooklynpark
2025-07-06,19500.0,0.04,25.555555555555557,0.020550000000000002,0.037366666666666666,0.022266666666666667,0.3156,0.14121666666666666,0.06186666666666666,0.07481666666666667,0.26985,0.35456666666666664,7.46,0.13,,,,brooklynpark
2025-07-07,19000.0,0.0,25.555555555555557,0.023100000000000002,0.03695,0.02305,0.3006,0.12905,0.0556,0.06725,0.25515,0.33004999999999995,7.46,0.13,,,,brooklynpark
2025-07-08,18300.0,0.01,25.555555555555557,0.20665,0.18417500000000003,0.149225,0.39649999999999996,0.227775,0.13565,0.17149999999999999,0.307725,0.362275,7.46,0.13,,,,brooklynpark
2025-07-09,18200.0,0.0,26.11111111111111,0.3902,0.33140000000000003,0.2754,0.49239999999999995,0.3265,0.2157,0.27575,0.3603,0.3945,7.46,0.13,,,,brooklynpark
2025-07-10,17300.0,0.0,25.555555555555557,0.3404,0.30806666666666666,0.27063333333333334,0.46585,0.3343833333333333,0.24426666666666666,0.2861666666666667,0.3695333333333333,0.40835,7.46,0.13,,,,brooklynpark
2025-07-11,16900.0,0.0,21.666666666666668,0.2906,0.28473333333333334,0.26586666666666664,0.43929999999999997,0.34226666666666666,0.2728333333333333,0.2965833333333333,0.3787666666666667,0.4222,7.46,0.13,,,,brooklynpark
2025-07-12,16100.0,0.0,25.0,0.24080000000000001,0.26139999999999997,0.2611,0.41275,0.35014999999999996,0.3014,0.307,0.388,0.43605,7.46,0.13,,,,brooklynpark
2025-07-13,15600.0,0.0,25.0,0.12805,0.14909999999999998,0.13965,0.370475,0.254275,0.18295,0.19095,0.34587500000000004,0.39137500000000003,7.46,0.13,,,,brooklynpark
2025-07-14,14700.0,0.0,15.0,0.015300000000000001,0.0368,0.0182,0.32820000000000005,0.1584,0.0645,0.0749,0.30375,0.3467,7.46,0.13,,,,brooklynpark
2025-07-15,14000.0,0.0,25.555555555555557,0.0365824999999999,0.0493975,0.0372424999999999,0.316285,0.1414949999999999,0.065155,0.07445,0.3,0.35318333333333335,7.46,0.13,,,,brooklynpark
2025-07-16,13900.0,1.25,22.77777777777778,0.02891624999999995,0.04524875,0.02794624999999995,0.3315675,0.13994749999999995,0.0616525,0.074,0.29625,0.35966666666666663,7.46,0.13,,,,brooklynpark
2025-07-17,14200.0,0.18,23.88888888888889,0.021249999999999998,0.0411,0.01865,0.34685,0.13840000000000002,0.05815,0.07355,0.2925,0.36615,7.46,0.13,,,,brooklynpark
2025-07-18,14000.0,0.0,23.333333333333332,0.030225,0.046049999999999994,0.021775000000000003,0.342225,0.1417,0.06159166666666667,0.07439166666666666,0.28846666666666665,0.3688916666666666,7.46,0.13,,,,brooklynpark
2025-07-19,13900.0,0.22,23.88888888888889,0.0392,0.051,0.024900000000000002,0.33759999999999996,0.145,0.06503333333333333,0.07523333333333333,0.2844333333333333,0.3716333333333333,7.46,0.13,,,,brooklynpark
2025-07-20,13200.0,0.0,21.666666666666668,0.03726666666666666,0.04888333333333333,0.024033333333333334,0.33244999999999997,0.14473333333333332,0.06447222222222222,0.07372222222222223,0.27665555555555554,0.3755722222222222,7.46,0.13,,,,brooklynpark
2025-07-21,12500.0,0.0,23.88888888888889,0.035333333333333335,0.046766666666666665,0.02316666666666667,0.3273,0.14446666666666666,0.06391111111111111,0.07221111111111111,0.26887777777777777,0.37951111111111113,7.46,0.13,,,,brooklynpark
2025-07-22,12100.0,0.52,23.88888888888889,0.0334,0.044649999999999995,0.0223,0.32215,0.1442,0.06335,0.07070000000000001,0.2611,0.38345,7.46,0.13,,,,brooklynpark
2025-07-23,12300.0,0.04,25.0,0.03031,0.04273,0.02155,0.31779,0.14148,0.062060000000000004,0.07010000000000001,0.2605,0.37016,7.46,0.13,,,,brooklynpark
2025-07-24,14000.0,1.25,24.444444444444443,0.02722,0.04081,0.0208,0.31343,0.13876,0.060770000000000005,0.0695,0.2599,0.35687,7.46,0.13,,,,brooklynpark
2025-07-25,13900.0,0.0,25.0,0.02413,0.038889999999999994,0.02005,0.30907,0.13604,0.05948,0.0689,0.2593,0.34358,7.46,0.13,,,,brooklynpark
2025-07-26,14600.0,0.0,25.555555555555557,0.02104,0.036969999999999996,0.019299999999999998,0.30471,0.13332,0.05819,0.0683,0.2587,0.33029000000000003,7.46,0.13,,,,brooklynpark
2025-07-27,15000.0,0.0,25.0,0.01795,0.03505,0.018549999999999997,0.30035,0.1306,0.0569,0.0677,0.2581,0.317,7.46,0.13,,,,brooklynpark
2025-07-28,15700.0,0.62,24.444444444444446,0.0247,0.040175,0.022824999999999998,0.320875,0.144175,0.06292500000000001,0.07092499999999999,0.26665,0.33952499999999997,7.46,0.13,,,,brooklynpark
2025-07-29,16000.0,0.75,23.88888888888889,0.03145,0.0453,0.0271,0.34140000000000004,0.15775,0.06895000000000001,0.07415,0.2752,0.36205,7.46,0.13,,,,brooklynpark
2025-07-30,16200.0,0.0,25.555555555555557,0.03412624999999995,0.053935,0.035732499999999945,0.32888375,0.14720250000000001,0.06860625000000001,0.07446666666666667,0.26911666666666667,0.35235,7.46,0.13,,,,brooklynpark
2025-07-31,15700.0,0.0,25.0,0.0368024999999999,0.06257,0.0443649999999999,0.3163674999999999,0.136655,0.0682625,0.07478333333333333,0.26303333333333334,0.34264999999999995,7.46,0.13,,,,brooklynpark
2025-08-01,15300.0,0.0,24.444444444444443,0.054599999999999996,0.0604,0.03825,0.32225000000000004,0.1243,0.05445,0.0751,0.25695,0.33294999999999997,7.46,0.13,,,,brooklynpark
2025-08-02,15300.0,0.0,23.88888888888889,0.05233333333333333,0.05792916666666667,0.036699999999999997,0.3056041666666667,0.118725,0.0518625,0.07234166666666667,0.24624583333333333,0.3192541666666666,7.46,0.13,,,,brooklynpark
2025-08-03,14600.0,0.0,23.88888888888889,0.05006666666666666,0.05545833333333333,0.03515,0.2889583333333334,0.11315,0.049275,0.06958333333333333,0.23554166666666668,0.3055583333333333,7.46,0.13,,,,brooklynpark
2025-08-04,14200.0,0.0,23.88888888888889,0.047799999999999995,0.0529875,0.0336,0.2723125,0.107575,0.0466875,0.066825,0.22483750000000002,0.29186249999999997,7.46,0.13,,,,brooklynpark
2025-08-05,14000.0,0.02,23.61111111111111,0.04553333333333333,0.05051666666666667,0.03205,0.2556666666666667,0.102,0.0441,0.06406666666666666,0.21413333333333334,0.2781666666666667,7.46,0.13,,,,brooklynpark
2025-08-06,13400.0,0.02,23.333333333333332,0.04326666666666666,0.048045833333333336,0.0305,0.23902083333333335,0.096425,0.0415125,0.06130833333333333,0.20342916666666666,0.2644708333333333,7.46,0.13,,,,brooklynpark
2025-08-07,13000.0,0.0,23.88888888888889,0.040999999999999995,0.045575000000000004,0.02895,0.22237500000000002,0.09085,0.038925,0.05855,0.192725,0.25077499999999997,7.46,0.13,,,,brooklynpark
2025-08-08,12800.0,0.0,25.0,0.03873333333333333,0.043104166666666666,0.0274,0.20572916666666669,0.08527499999999999,0.036337499999999995,0.05579166666666667,0.18202083333333335,0.23707916666666665,7.46,0.13,,,,brooklynpark
2025-08-09,12900.0,1.43,25.555555555555557,0.03646666666666666,0.040633333333333334,0.025849999999999998,0.18908333333333335,0.0797,0.03375,0.053033333333333335,0.17131666666666667,0.22338333333333332,7.46,0.13,,,,brooklynpark
2025-08-10,12400.0,0.08,25.555555555555557,0.034199999999999994,0.0381625,0.024300000000000002,0.17243750000000002,0.074125,0.0311625,0.050275,0.1606125,0.2096875,7.46,0.13,,,,brooklynpark
2025-08-11,12200.0,0.0,25.555555555555557,0.03193333333333333,0.03569166666666666,0.02275,0.1557916666666667,0.06855,0.028575,0.047516666666666665,0.14990833333333334,0.19599166666666668,7.46,0.13,,,,brooklynpark
2025-08-12,11600.0,0.0,25.555555555555557,0.029666666666666664,0.03322083333333333,0.0212,0.13914583333333336,0.062975,0.0259875,0.04475833333333333,0.13920416666666668,0.18229583333333332,7.46,0.13,,,,brooklynpark
2025-08-13,11400.0,0.0,25.416666666666668,0.0274,0.03075,0.01965,0.1225,0.0574,0.0234,0.041999999999999996,0.1285,0.1686,7.46,0.13,,,,brooklynpark
2025-08-14,10900.0,0.0,25.27777777777778,0.02985,0.03311875,0.02125,0.14741875,0.068225,0.02856875,0.046031249999999996,0.1441125,0.19095625,7.46,0.13,,,,brooklynpark
2025-08-15,10600.0,0.05,25.13888888888889,0.0323,0.0354875,0.022850000000000002,0.17233749999999998,0.07905,0.033737500000000004,0.050062499999999996,0.159725,0.21331250000000002,7.46,0.13,,,,brooklynpark
2025-08-16,11100.0,0.46,25.0,0.03475,0.03785625,0.02445,0.19725625,0.08987499999999998,0.03890625,0.054093749999999996,0.1753375,0.23566875,7.46,0.13,,,,brooklynpark
2025-08-17,11300.0,0.84,25.0,0.0372,0.040225,0.02605,0.22217499999999998,0.10069999999999998,0.044075,0.058124999999999996,0.19095,0.258025,7.46,0.13,,,,brooklynpark
2025-08-18,11100.0,0.3,25.0,0.039650000000000005,0.04259375,0.02765,0.24709374999999997,0.11152499999999999,0.04924375,0.062156249999999996,0.2065625,0.28038125,7.46,0.13,,,,brooklynpark
2025-08-19,10700.0,0.12,25.0,0.0421,0.0449625,0.029249999999999998,0.2720125,0.12234999999999999,0.0544125,0.0661875,0.222175,0.3027375,7.46,0.13,,,,brooklynpark
2025-08-20,10700.0,0.0,23.333333333333332,0.04455,0.047331250000000005,0.03085,0.29693125,0.133175,0.05958125,0.07021875,0.2377875,0.32509375000000007,7.46,0.13,,,,brooklynpark
2025-08-21,10600.0,0.0,23.333333333333332,0.047,0.0497,0.03245,0.32184999999999997,0.144,0.06475,0.07425,0.2534,0.34745000000000004,7.46,0.13,,,,brooklynpark
2025-08-22,10300.0,0.0,23.333333333333332,0.0367875,0.040150000000000005,0.0264375,0.2688625,0.12321249999999999,0.0544625,0.0622,0.2156875,0.29707500000000003,7.46,0.13,,,,brooklynpark
2025-08-23,10200.0,0.05,23.333333333333332,0.026575,0.030600000000000002,0.020425,0.21587499999999998,0.10242499999999999,0.044175,0.05015,0.177975,0.24670000000000003,7.46,0.13,,,,brooklynpark
2025-08-24,9900.0,0.0,22.22222222222222,0.016362500000000002,0.021050000000000003,0.014412500000000002,0.1628875,0.0816375,0.0338875,0.0381,0.1402625,0.196325,7.46,0.13,,,,brooklynpark
2025-08-25,9750.0,0.0,21.666666666666668,0.00615,0.0115,0.008400000000000001,0.1099,0.06085,0.0236,0.02605,0.10255,0.14595,7.46,0.13,,,,brooklynpark
2025-08-26,9440.0,0.0,21.666666666666668,0.01225,0.02485,0.01755,0.2425,0.118,0.05005,0.0562,0.2199,0.28490000000000004,7.46,0.13,,,,brooklynpark
2025-08-27,9270.0,0.0,21.11111111111111,0.040487499999999996,0.0538125,0.045687500000000006,0.27390000000000003,0.1608,0.09083749999999999,0.0906375,0.24577500000000002,0.30796250000000003,7.46,0.13,,,,brooklynpark
2025-08-28,8930.0,0.0,21.666666666666668,0.068725,0.082775,0.073825,0.3053,0.2036,0.131625,0.125075,0.27165,0.331025,7.46,0.13,,,,brooklynpark
2025-08-29,8650.0,0.0,21.666666666666668,0.0499,0.05988333333333333,0.05255,0.23215000000000002,0.14498333333333333,0.09195,0.09008333333333332,0.20265,0.2515833333333333,7.46,0.13,,,,brooklynpark
2025-08-30,8710.0,0.0,13.88888888888889,0.031075,0.036991666666666666,0.031275,0.159,0.08636666666666666,0.052275,0.055091666666666664,0.13365,0.17214166666666667,7.46,0.13,,,,brooklynpark
2025-08-31,8220.0,0.0,22.22222222222222,0.01225,0.014100000000000001,0.009999999999999998,0.08585000000000001,0.02775,0.0126,0.0201,0.06465,0.0927,7.46,0.13,,,,brooklynpark
2025-09-01,8050.0,0.0,22.22222222222222,0.0206,0.0201,0.01364,0.09388,0.03204,0.0154,0.02506,0.07322,0.1004,7.46,0.13,,,,brooklynpark
2025-09-02,7760.0,0.0,21.944444444444443,0.02895,0.0261,0.017279999999999997,0.10191,0.03633,0.0182,0.03002,0.08179,0.1081,7.46,0.13,,,,brooklynpark
2025-09-03,7320.0,0.47,21.666666666666668,0.0373,0.032100000000000004,0.020919999999999998,0.10994000000000001,0.04062,0.020999999999999998,0.034980000000000004,0.09036,0.11580000000000001,7.46,0.13,,,,brooklynpark
2025-09-04,7210.0,0.0,20.0,0.045649999999999996,0.0381,0.02456,0.11797,0.044910000000000005,0.023799999999999998,0.03994,0.09892999999999999,0.12350000000000001,7.46,0.13,,,,brooklynpark
2025-09-05,7040.0,0.19,18.88888888888889,0.054,0.0441,0.0282,0.126,0.0492,0.0266,0.0449,0.1075,0.1312,7.46,0.13,,,,brooklynpark
2025-09-06,7210.0,0.0,18.333333333333332,0.17031999999999997,0.15908,0.14584,0.24209,0.16867,0.14185,0.16311,0.21911999999999998,0.24132,7.46,0.13,,,,brooklynpark
2025-09-07,6990.0,0.1,18.333333333333332,0.28663999999999995,0.27405999999999997,0.26348,0.35818,0.28814,0.2571,0.28132,0.33074,0.35144,7.46,0.13,,,,brooklynpark
2025-09-08,6630.0,0.0,18.333333333333332,0.40295999999999993,0.38904000000000005,0.38112,0.47426999999999997,0.40761000000000003,0.37235,0.39953,0.4423599999999999,0.46155999999999997,7.46,0.13,,,,brooklynpark
2025-09-09,6530.0,0.0,18.333333333333332,0.51928,0.50402,0.49876000000000004,0.59036,0.52708,0.48760000000000003,0.51774,0.5539799999999999,0.57168,7.46,0.13,,,,brooklynpark
2025-09-10,6380.0,0.5,-11.666666666666666,0.6355999999999999,0.619,0.6164000000000001,0.70645,0.64655,0.60285,0.63595,0.6656,0.6818,7.46,0.13,,,,brooklynpark
2025-09-11,6330.0,0.0,18.88888888888889,0.5490733333333333,0.5368222619047619,0.5341495238095239,0.6291804761904762,0.5677955952380952,0.5247664285714285,0.5528785714285714,0.5870214285714286,0.6049,7.46,0.13,,,,brooklynpark
2025-09-12,6110.0,0.0,19.444444444444443,0.46254666666666666,0.4546445238095238,0.45189904761904764,0.5519109523809524,0.48904119047619043,0.44668285714285716,0.46980714285714287,0.5084428571428572,0.528,7.46,0.13,,,,brooklynpark
2025-09-13,6100.0,0.08,20.0,0.37601999999999997,0.3724667857142857,0.3696485714285715,0.47464142857142855,0.4102867857142857,0.3685992857142857,0.3867357142857143,0.4298642857142857,0.45109999999999995,7.46,0.13,,,,brooklynpark
2025-09-14,6090.0,0.0,20.833333333333332,0.2894933333333333,0.2902890476190476,0.2873980952380953,0.39737190476190476,0.3315323809523809,0.29051571428571427,0.3036642857142857,0.3512857142857143,0.3742,7.46,0.13,,,,brooklynpark
2025-09-15,5970.0,0.0,21.666666666666664,0.20296666666666668,0.20811130952380952,0.20514761904761908,0.32010238095238097,0.25277797619047615,0.21243214285714285,0.22059285714285715,0.2727071428571429,0.2973,7.46,0.13,,,,brooklynpark
2025-09-16,5980.0,0.0,22.5,0.11643999999999999,0.12593357142857142,0.12289714285714293,0.24283285714285713,0.1740235714285714,0.13434857142857137,0.13752142857142857,0.19412857142857148,0.22039999999999998,7.46,0.13,,,,brooklynpark
2025-09-17,5840.0,0.0,23.333333333333332,0.029913333333333302,0.04375583333333333,0.040646666666666664,0.1655633333333333,0.09526916666666667,0.05626499999999996,0.05445,0.11555,0.14350000000000002,7.46,0.13,,,,brooklynpark
2025-09-18,5790.0,0.0,23.333333333333332,0.032508888888888865,0.043387222222222216,0.03608111111111111,0.21107555555555554,0.11157944444444444,0.05845999999999997,0.061016666666666663,0.15866666666666668,0.20568333333333336,7.46,0.13,,,,brooklynpark
2025-09-19,5770.0,0.15,7.777777777777778,0.03510444444444443,0.04301861111111111,0.031515555555555554,0.2565877777777778,0.12788972222222222,0.06065499999999998,0.06758333333333333,0.20178333333333334,0.2678666666666667,7.46,0.13,,,,brooklynpark
2025-09-20,5970.0,0.72,22.77777777777778,0.0377,0.04265,0.02695,0.30210000000000004,0.1442,0.06284999999999999,0.07415,0.2449,0.33005,7.46,0.13,,,,brooklynpark
2025-09-21,5950.0,0.0,22.22222222222222,0.02715,0.034575,0.022175,0.26935000000000003,0.14179999999999998,0.061724999999999995,0.078075,0.2449,0.308975,7.46,0.13,,,,brooklynpark
2025-09-22,6400.0,0.23,21.666666666666668,0.0166,0.0265,0.0174,0.2366,0.1394,0.0606,0.082,0.2449,0.2879,7.46,0.13,,,,brooklynpark
2025-09-23,6470.0,0.0,21.666666666666668,0.014150000000000001,0.026699999999999998,0.017466666666666665,0.23011666666666666,0.13078333333333333,0.05733333333333333,0.07595,0.22793333333333335,0.2677333333333333,7.46,0.13,,,,brooklynpark
2025-09-24,6340.0,0.0,22.22222222222222,0.011700000000000002,0.0269,0.01753333333333333,0.22363333333333335,0.12216666666666667,0.054066666666666666,0.06989999999999999,0.21096666666666666,0.24756666666666666,7.46,0.13,,,,brooklynpark
2025-09-25,6150.0,0.0,22.22222222222222,0.009250000000000001,0.0271,0.017599999999999998,0.21715,0.11355000000000001,0.0508,0.06384999999999999,0.194,0.2274,7.46,0.13,,,,brooklynpark
2025-09-26,6080.0,0.0,22.22222222222222,0.0121,0.027625,0.016675,0.22012500000000002,0.11800000000000001,0.054474999999999996,0.064825,0.1913,0.23825,7.46,0.13,,,,brooklynpark
2025-09-27,6100.0,0.0,22.22222222222222,0.01495,0.02815,0.01575,0.22310000000000002,0.12245,0.05815,0.0658,0.1886,0.2491,7.46,0.13,,,,brooklynpark
2025-09-28,5930.0,0.0,21.11111111111111,0.01617,0.02867,0.01698,0.22442,0.12755,0.06039,0.07146999999999999,0.19330999999999998,0.24825,7.46,0.13,,,,brooklynpark
2025-09-29,5780.0,0.0,21.11111111111111,0.01739,0.02919,0.01821,0.22574000000000002,0.13265,0.06262999999999999,0.07714,0.19802,0.2474,7.46,0.13,,,,brooklynpark
2025-09-30,5680.0,0.0,21.11111111111111,0.01861,0.02971,0.01944,0.22706,0.13775,0.06487,0.08281,0.20273,0.24655,7.46,0.13,,,,brooklynpark
2025-10-01,5730.0,0.0,21.666666666666668,0.01983,0.03023,0.02067,0.22838000000000003,0.14285,0.06711,0.08848,0.20744,0.2457,7.46,0.13,,,,brooklynpark
2025-10-02,5040.0,0.0,21.666666666666668,0.02105,0.03075,0.0219,0.22970000000000002,0.14795,0.06935,0.09415,0.21215,0.24485,7.46,0.13,,,,brooklynpark
2025-10-03,5040.0,0.0,21.666666666666668,0.0273424999999999,0.0467849999999999,0.039415,0.2381849999999999,0.127965,0.0696649999999999,0.08091666666666666,0.18053333333333332,0.20733333333333334,7.46,0.13,,,,brooklynpark
2025-10-04,5190.0,0.0,21.11111111111111,0.02342124999999995,0.03794249999999995,0.0304575,0.17804249999999994,0.10085749999999999,0.05178249999999995,0.06768333333333333,0.14891666666666667,0.16981666666666667,7.46,0.13,,,,brooklynpark
2025-10-05,5070.0,0.0,21.11111111111111,0.0195,0.0291,0.0215,0.1179,0.07375,0.0339,0.05445,0.1173,0.1323,7.46,0.13,,,,brooklynpark
2025-10-06,4900.0,0.13,19.444444444444443,0.0170625,0.02855,0.021275,0.1544625,0.1026125,0.050225,0.0626,0.1478125,0.1722375,7.46,0.13,,,,brooklynpark
2025-10-07,4810.0,0.0,18.88888888888889,0.014624999999999999,0.027999999999999997,0.02105,0.191025,0.131475,0.06655,0.07075000000000001,0.178325,0.212175,7.46,0.13,,,,brooklynpark
2025-10-08,4740.0,0.0,17.77777777777778,0.013933333333333332,0.02783333333333333,0.02115,0.19578333333333334,0.13055,0.06648333333333332,0.0695,0.17066666666666666,0.20986666666666667,7.46,0.13,,,,brooklynpark
2025-10-09,4690.0,0.0,17.22222222222222,0.013241666666666665,0.027666666666666666,0.02125,0.20054166666666665,0.12962500000000002,0.06641666666666667,0.06825,0.16300833333333334,0.20755833333333332,7.46,0.13,,,,brooklynpark
2025-10-10,4410.0,0.04,17.22222222222222,0.012549999999999999,0.0275,0.02135,0.20529999999999998,0.1287,0.06634999999999999,0.067,0.15535,0.20525,7.46,0.13,,,,brooklynpark
2025-10-11,4170.0,0.0,16.666666666666668,0.014364722222222221,0.029111111111111112,0.023464166666666668,0.20513444444444442,0.12878944444444443,0.06720722222222221,0.06881470588235294,0.15598676470588235,0.20314117647058821,7.46,0.13,,,,brooklynpark
2025-10-12,4310.0,0.0,16.11111111111111,0.016179444444444444,0.030722222222222224,0.025578333333333335,0.20496888888888887,0.12887888888888888,0.06806444444444441,0.07062941176470589,0.1566235294117647,0.20103235294117647,7.46,0.13,,,,brooklynpark
2025-10-13,4340.0,0.03,15.555555555555555,0.017994166666666665,0.03233333333333333,0.0276925,0.2048033333333333,0.1289683333333333,0.06892166666666663,0.07244411764705883,0.15726029411764705,0.1989235294117647,7.46,0.13,,,,brooklynpark
2025-10-14,4700.0,0.02,15.555555555555555,0.019808888888888886,0.033944444444444444,0.029806666666666665,0.20463777777777775,0.12905777777777774,0.06977888888888883,0.07425882352941177,0.1578970588235294,0.19681470588235292,7.46,0.13,,,,brooklynpark
2025-10-15,4700.0,0.36,14.444444444444445,0.021623611111111107,0.035555555555555556,0.03192083333333333,0.20447222222222222,0.12914722222222216,0.07063611111111105,0.0760735294117647,0.15853382352941175,0.19470588235294117,7.46,0.13,,,,brooklynpark
2025-10-16,4550.0,0.01,14.444444444444445,0.023438333333333332,0.03716666666666667,0.034034999999999996,0.20430666666666666,0.1292366666666666,0.07149333333333326,0.07788823529411765,0.15917058823529412,0.1925970588235294,7.46,0.13,,,,brooklynpark
2025-10-17,4620.0,0.0,15.0,0.025253055555555553,0.03877777777777778,0.03614916666666666,0.2041411111111111,0.12932611111111103,0.07235055555555547,0.07970294117647059,0.15980735294117646,0.19048823529411762,7.46,0.13,,,,brooklynpark
2025-10-18,4710.0,0.0,15.0,0.027067777777777774,0.04038888888888889,0.03826333333333333,0.20397555555555555,0.12941555555555548,0.07320777777777768,0.08151764705882353,0.16044411764705882,0.18837941176470588,7.46,0.13,,,,brooklynpark
2025-10-19,4640.0,0.0,13.88888888888889,0.0288825,0.042,0.0403775,0.20381,0.1295049999999999,0.0740649999999999,0.08333235294117647,0.16108088235294116,0.1862705882352941,7.46,0.13,,,,brooklynpark
2025-10-20,4420.0,0.0,13.333333333333334,0.0282815625,0.041646875,0.0410178125,0.200611875,0.1353699999999999,0.0784068749999999,0.08514705882352941,0.16171764705882352,0.18416176470588236,7.46,0.13,,,,brooklynpark
2025-10-21,4310.0,0.04,12.222222222222221,0.027680625,0.041293750000000004,0.041658125,0.19741375,0.14123499999999992,0.08274874999999993,0.08696176470588235,0.16235441176470589,0.18205294117647058,7.46,0.13,,,,brooklynpark
2025-10-22,4410.0,0.07,11.11111111111111,0.027079687499999998,0.040940625,0.042298437499999994,0.194215625,0.14709999999999993,0.08709062499999994,0.08877647058823529,0.16299117647058822,0.1799441176470588,7.46,0.13,,,,brooklynpark
2025-10-23,4540.0,0.0,11.11111111111111,0.02647875,0.0405875,0.04293875,0.1910175,0.15296499999999996,0.09143249999999994,0.09059117647058823,0.1636279411764706,0.17783529411764706,7.46,0.13,,,,brooklynpark
2025-10-24,4260.0,0.0,11.11111111111111,0.0258778125,0.040234375,0.0435790625,0.18781937499999998,0.15882999999999997,0.09577437499999997,0.09240588235294117,0.16426470588235292,0.1757264705882353,7.46,0.13,,,,brooklynpark
2025-10-25,4070.0,0.08,11.11111111111111,0.025276874999999997,0.03988125,0.044219375,0.18462125,0.16469499999999998,0.10011624999999998,0.09422058823529411,0.1649014705882353,0.17361764705882354,7.46,0.13,,,,brooklynpark
2025-10-26,4000.0,0.02,10.555555555555555,0.024675937499999998,0.039528125000000004,0.044859687499999995,0.181423125,0.17056,0.10445812499999999,0.09603529411764705,0.16553823529411762,0.17150882352941177,7.46,0.13,,,,brooklynpark
2025-10-27,4200.0,0.0,11.11111111111111,0.024075,0.039175,0.0455,0.178225,0.176425,0.10880000000000001,0.09784999999999999,0.166175,0.1694,7.46,0.13,,,,brooklynpark
2025-10-28,4390.0,0.05,10.555555555555555,0.024357142857142855,0.040042857142857144,0.04717142857142857,0.1779642857142857,0.17952857142857143,0.11194285714285715,0.09959285714285714,0.16528571428571429,0.1705142857142857,7.46,0.13,,,,brooklynpark
2025-10-29,4680.0,0.0,10.555555555555555,0.024639285714285714,0.040910714285714286,0.04884285714285714,0.17770357142857143,0.18263214285714285,0.11508571428571429,0.10133571428571428,0.16439642857142855,0.17162857142857144,7.46,0.13,,,,brooklynpark
2025-10-30,4890.0,0.0,10.555555555555555,0.02492142857142857,0.04177857142857143,0.05051428571428571,0.17744285714285715,0.18573571428571428,0.11822857142857143,0.10307857142857142,0.16350714285714285,0.17274285714285714,7.46,0.13,,,,brooklynpark
2025-10-31,4880.0,0.02,10.0,0.02520357142857143,0.04264642857142857,0.05218571428571429,0.17718214285714284,0.1888392857142857,0.12137142857142857,0.10482142857142858,0.16261785714285715,0.17385714285714285,7.46,0.13,,,,brooklynpark
2025-11-01,4910.0,0.07,10.0,0.025485714285714285,0.043514285714285714,0.05385714285714285,0.17692142857142856,0.19194285714285714,0.12451428571428572,0.10656428571428572,0.16172857142857144,0.17497142857142856,7.46,0.13,,,,brooklynpark
2025-11-02,4830.0,0.0,10.0,0.02576785714285714,0.044382142857142856,0.05552857142857143,0.17666071428571428,0.19504642857142857,0.12765714285714286,0.10830714285714287,0.1608392857142857,0.1760857142857143,7.46,0.13,,,,brooklynpark
2025-11-03,4860.0,0.0,9.444444444444445,0.02605,0.04525,0.0572,0.1764,0.19815,0.1308,0.11005000000000001,0.15995,0.1772,7.46,0.13,,,,brooklynpark
2025-11-04,4890.0,0.0,9.444444444444445,0.03574083333333333,0.05790499999999996,0.065035,0.19855916666666665,0.18921666666666667,0.11927666666666663,0.11660000000000001,0.15625,0.18275,7.46,0.13,,,,brooklynpark
2025-11-05,4800.0,0.0,9.444444444444445,0.036135,0.058618571428571395,0.06708714285714286,0.19915071428571426,0.19645,0.1259085714285714,0.11776428571428572,0.1556,0.18229285714285715,7.46,0.13,,,,brooklynpark
2025-11-06,4650.0,0.0,8.88888888888889,0.03652916666666667,0.05933214285714283,0.06913928571428571,0.19974226190476188,0.20368333333333333,0.13254047619047615,0.11892857142857144,0.15495,0.18183571428571427,7.46,0.13,,,,brooklynpark
2025-11-07,4730.0,0.0,8.88888888888889,0.036923333333333336,0.060045714285714265,0.07119142857142857,0.2003338095238095,0.21091666666666667,0.13917238095238094,0.12009285714285715,0.1543,0.18137857142857142,7.46,0.13,,,,brooklynpark
2025-11-08,4750.0,0.0,7.777777777777778,0.037317499999999997,0.060759285714285696,0.07324357142857142,0.20092535714285714,0.21815,0.14580428571428572,0.12125714285714286,0.15365,0.18092142857142857,7.46,0.13,,,,brooklynpark
2025-11-09,4590.0,0.0,6.111111111111111,0.037711666666666664,0.06147285714285713,0.07529571428571429,0.20151690476190476,0.22538333333333332,0.15243619047619048,0.12242142857142857,0.153,0.18046428571428572,7.46,0.13,,,,brooklynpark
2025-11-10,4640.0,0.0,4.444444444444445,0.03810583333333333,0.062186428571428566,0.07734785714285713,0.20210845238095237,0.23261666666666667,0.15906809523809523,0.12358571428571428,0.15235,0.18000714285714284,7.46,0.13,,,,brooklynpark
2025-11-11,4590.0,0.0,5.0,0.0385,0.0629,0.0794,0.2027,0.23985,0.16570000000000001,0.12475,0.1517,0.17955,7.46,0.13,,,,brooklynpark
2025-11-12,4890.0,0.0,5.0,0.03961666666666667,0.0611,0.07706666666666666,0.1939,0.23296666666666668,0.16043333333333334,0.11851666666666667,0.14856666666666668,0.17021666666666666,7.46,0.13,,,,brooklynpark
2025-11-13,4450.0,0.0,5.555555555555555,0.04073333333333333,0.0593,0.07473333333333333,0.18510000000000001,0.22608333333333333,0.15516666666666665,0.11228333333333333,0.14543333333333333,0.16088333333333335,7.46,0.13,,,,brooklynpark
2025-11-14,4380.0,0.0,5.555555555555555,0.04185,0.0575,0.07239999999999999,0.1763,0.2192,0.14989999999999998,0.10605,0.1423,0.15155000000000002,7.46,0.13,,,,brooklynpark
2025-11-15,4310.0,0.0,6.111111111111111,0.0397125,0.055987499999999996,0.0717125,0.1775,0.2185625,0.1509125,0.1060625,0.1434625,0.15410000000000001,7.46,0.13,,,,brooklynpark
2025-11-16,4750.0,0.0,6.111111111111111,0.037575,0.054474999999999996,0.071025,0.1787,0.217925,0.151925,0.106075,0.144625,0.15665,7.46,0.13,,,,brooklynpark
2025-11-17,4780.0,0.0,5.555555555555555,0.049687037037037037,0.06551666666666667,0.08171296296296297,0.18706666666666666,0.21423333333333333,0.15034259259259258,0.11511666666666667,0.15311111111111111,0.16456296296296297,7.46,0.13,,,,brooklynpark
2025-11-18,4540.0,0.0,5.0,0.061799074074074076,0.07655833333333334,0.09240092592592593,0.19543333333333335,0.21054166666666668,0.1487601851851852,0.12415833333333334,0.16159722222222223,0.17247592592592595,7.46,0.13,,,,brooklynpark
2025-11-19,4270.0,0.0,6.111111111111111,0.07391111111111111,0.0876,0.1030888888888889,0.2038,0.20685,0.1471777777777778,0.1332,0.17008333333333334,0.1803888888888889,7.46,0.13,,,,brooklynpark
2025-11-20,4300.0,0.0,6.111111111111111,0.08602314814814815,0.09864166666666667,0.11377685185185185,0.21216666666666667,0.20315833333333333,0.14559537037037037,0.14224166666666666,0.17856944444444445,0.18830185185185186,7.46,0.13,,,,brooklynpark
2025-11-21,4320.0,0.0,6.111111111111111,0.09813518518518519,0.10968333333333334,0.12446481481481482,0.22053333333333333,0.19946666666666668,0.14401296296296295,0.15128333333333333,0.18705555555555556,0.19621481481481484,7.46,0.13,,,,brooklynpark
2025-11-22,4390.0,0.0,6.111111111111111,0.11024722222222222,0.120725,0.1351527777777778,0.2289,0.195775,0.14243055555555556,0.160325,0.19554166666666667,0.2041277777777778,7.46,0.13,,,,brooklynpark
2025-11-23,4560.0,0.0,5.555555555555555,0.12235925925925926,0.13176666666666667,0.14584074074074074,0.23726666666666668,0.19208333333333333,0.14084814814814817,0.16936666666666667,0.2040277777777778,0.21204074074074075,7.46,0.13,,,,brooklynpark
2025-11-24,4520.0,0.0,5.555555555555555,0.13447129629629628,0.14280833333333334,0.1565287037037037,0.24563333333333334,0.18839166666666668,0.13926574074074075,0.17840833333333334,0.2125138888888889,0.2199537037037037,7.46,0.13,,,,brooklynpark
2025-11-25,4420.0,0.0,6.111111111111111,0.14658333333333334,0.15385000000000001,0.16721666666666668,0.254,0.1847,0.13768333333333332,0.18745,0.22100000000000003,0.2278666666666667,7.46,0.13,,,,brooklynpark
2025-11-26,4830.0,0.45,5.0,0.15869537037037038,0.1648916666666667,0.17790462962962963,0.2623666666666667,0.18100833333333333,0.13610092592592593,0.19649166666666668,0.2294861111111111,0.23577962962962964,7.46,0.13,,,,brooklynpark
2025-11-27,5080.0,0.0,2.7777777777777777,0.1708074074074074,0.17593333333333333,0.1885925925925926,0.2707333333333334,0.17731666666666668,0.13451851851851854,0.20553333333333335,0.23797222222222225,0.24369259259259263,7.46,0.13,,,,brooklynpark
2025-11-28,4760.0,0.0,2.7777777777777777,0.18291944444444444,0.186975,0.19928055555555557,0.2791,0.173625,0.13293611111111112,0.21457500000000002,0.24645833333333336,0.2516055555555556,7.46,0.13,,,,brooklynpark
2025-11-29,4460.0,0.0,2.2222222222222223,0.19503148148148147,0.19801666666666667,0.20996851851851853,0.28746666666666665,0.16993333333333333,0.1313537037037037,0.22361666666666669,0.2549444444444445,0.25951851851851854,7.46,0.13,,,,brooklynpark
2025-11-30,3930.0,0.23,1.6666666666666667,0.20714351851851853,0.20905833333333335,0.22065648148148148,0.29583333333333334,0.16624166666666668,0.1297712962962963,0.23265833333333333,0.2634305555555556,0.2674314814814815,7.46,0.13,,,,brooklynpark
2025-12-01,3280.0,0.0,1.6666666666666667,0.21925555555555556,0.22010000000000002,0.23134444444444446,0.3042,0.16255,0.1281888888888889,0.2417,0.2719166666666667,0.27534444444444445,7.46,0.13,,,,brooklynpark
2025-12-02,3130.0,0.0,1.1111111111111112,0.2313675925925926,0.2311416666666667,0.24203240740740742,0.31256666666666666,0.15885833333333332,0.1266064814814815,0.25074166666666664,0.2804027777777778,0.28325740740740746,7.46,0.13,,,,brooklynpark
2025-12-03,3400.0,0.07,0.5555555555555556,0.24347962962962963,0.24218333333333336,0.2527203703703704,0.32093333333333335,0.15516666666666667,0.12502407407407407,0.25978333333333337,0.2888888888888889,0.2911703703703704,7.46,0.13,,,,brooklynpark
2025-12-04,2740.0,0.0,0.0,0.25559166666666666,0.25322500000000003,0.26340833333333336,0.32930000000000004,0.151475,0.12344166666666667,0.268825,0.29737500000000006,0.29908333333333337,7.46,0.13,,,,brooklynpark
2025-12-05,3150.0,0.02,0.5555555555555556,0.2677037037037037,0.2642666666666667,0.2740962962962963,0.33766666666666667,0.14778333333333332,0.12185925925925926,0.2778666666666667,0.30586111111111114,0.3069962962962963,7.46,0.13,,,,brooklynpark
2025-12-06,3900.0,0.03,0.2777777777777778,0.2798157407407408,0.2753083333333334,0.28478425925925926,0.34603333333333336,0.14409166666666667,0.12027685185185186,0.2869083333333333,0.3143472222222222,0.3149092592592593,7.46,0.13,,,,brooklynpark
2025-12-07,3940.0,0.01,0.0,0.2919277777777778,0.28635,0.29547222222222225,0.35440000000000005,0.1404,0.11869444444444445,0.29595,0.32283333333333336,0.32282222222222223,7.46,0.13,,,,brooklynpark
2025-12-08,4020.0,0.0,0.0,0.3040398148148148,0.2973916666666667,0.3061601851851852,0.3627666666666667,0.13670833333333332,0.11711203703703704,0.30499166666666666,0.3313194444444445,0.3307351851851852,7.46,0.13,,,,brooklynpark
2025-12-09,4190.0,0.09,0.0,0.3161518518518519,0.3084333333333334,0.31684814814814816,0.37113333333333337,0.13301666666666667,0.11552962962962963,0.31403333333333333,0.3398055555555556,0.33864814814814814,7.46,0.13,,,,brooklynpark
2025-12-10,3920.0,0.49,0.0,0.3282638888888889,0.319475,0.32753611111111114,0.37950000000000006,0.129325,0.11394722222222223,0.323075,0.3482916666666667,0.34656111111111115,7.46,0.13,,,,brooklynpark
2025-12-11,3820.0,0.0,0.0,0.3403759259259259,0.3305166666666667,0.33822407407407407,0.3878666666666667,0.12563333333333332,0.11236481481481482,0.33211666666666667,0.35677777777777786,0.3544740740740741,7.46,0.13,,,,brooklynpark
2025-12-12,4000.0,0.0,0.0,0.3524879629629629,0.34155833333333335,0.34891203703703705,0.3962333333333333,0.12194166666666666,0.11078240740740741,0.34115833333333334,0.36526388888888894,0.36238703703703706,7.46,0.13,,,,brooklynpark
2025-12-13,3800.0,0.0,0.0,0.36460000000000004,0.3526,0.35960000000000003,0.4046,0.11825,0.1092,0.3502,0.37375,0.3703,7.46,0.13,,,,brooklynpark
2025-12-14,4540.0,0.0,0.0,0.35195,0.3502,0.34625,0.40585,0.1137,0.10350000000000001,0.34445000000000003,0.35945,0.36865000000000003,7.46,0.13,,,,brooklynpark
2025-12-15,5330.0,0.0,0.0,0.320925,0.32730000000000004,0.320225,0.36112500000000003,0.10275,0.0901,0.313825,0.32137499999999997,0.331425,7.46,0.13,,,,brooklynpark
2025-12-16,5060.0,0.0,0.0,0.2899,0.3044,0.2942,0.3164,0.09179999999999999,0.07669999999999999,0.2832,0.2833,0.2942,7.46,0.13,,,,brooklynpark
2025-12-17,5040.0,0.0,0.0,0.30132,0.30804,0.29904000000000003,0.33016,0.09841,0.08321999999999999,0.28944000000000003,0.29161,0.30357,7.46,0.13,,,,brooklynpark
2025-12-18,4870.0,0.04,0.0,0.31273999999999996,0.31168,0.30388000000000004,0.34392,0.10502,0.08974,0.29568,0.29991999999999996,0.31294,7.46,0.13,,,,brooklynpark
2025-12-19,3820.0,0.0,0.0,0.32416,0.31532,0.30872,0.35768,0.11163000000000001,0.09626,0.30192,0.30823,0.32231,7.46,0.13,,,,brooklynpark
2025-12-20,4620.0,0.0,0.0,0.33558,0.31896,0.31356,0.37144,0.11824,0.10278000000000001,0.30816,0.31654,0.33168,7.46,0.13,,,,brooklynpark
2025-12-21,4860.0,0.0,0.0,0.347,0.3226,0.3184,0.3852,0.12485,0.10930000000000001,0.3144,0.32484999999999997,0.34104999999999996,7.46,0.13,,,,brooklynpark
2025-12-22,4740.0,0.0,0.0,0.34618125,0.32199374999999997,0.322575,0.38638125,0.12289375,0.10817500000000001,0.31734375000000004,0.3301375,0.34546249999999995,7.46,0.13,,,,brooklynpark
2025-12-23,4460.0,0.0,0.0,0.3453625,0.3213875,0.32675,0.3875625,0.1209375,0.10705,0.3202875,0.335425,0.34987499999999994,7.46,0.13,,,,brooklynpark
2025-12-24,4200.0,0.0,0.0,0.34454375,0.32078125,0.330925,0.38874375,0.11898125,0.105925,0.32323124999999997,0.3407125,0.3542875,7.46,0.13,,,,brooklynpark
2025-12-25,4090.0,0.0,0.0,0.343725,0.320175,0.3351,0.38992499999999997,0.11702499999999999,0.1048,0.326175,0.346,0.35869999999999996,7.46,0.13,,,,brooklynpark
2025-12-26,4310.0,0.15,0.0,0.34290625,0.31956874999999996,0.339275,0.39110625,0.11506875,0.103675,0.32911875,0.3512875,0.36311249999999995,7.46,0.13,,,,brooklynpark
2025-12-27,4110.0,0.0,0.0,0.3420875,0.3189625,0.34345000000000003,0.3922875,0.11311249999999999,0.10255,0.3320625,0.356575,0.367525,7.46,0.13,,,,brooklynpark
2025-12-28,4070.0,0.01,0.5555555555555556,0.34126875,0.31835625,0.347625,0.39346875,0.11115625,0.101425,0.33500624999999995,0.3618625,0.3719375,7.46,0.13,,,,brooklynpark
2025-12-29,3830.0,0.14,0.0,0.34045000000000003,0.31775,0.3518,0.39465,0.10919999999999999,0.1003,0.33795,0.36715,0.37634999999999996,7.46,0.13,,,,brooklynpark
2025-12-30,4500.0,0.0,0.0,0.34045000000000003,0.31775,0.3518,0.39465,0.10919999999999999,0.1003,0.33795,0.36715,0.37634999999999996,7.46,0.13,,,,brooklynpark
2025-12-31,4550.0,0.03,0.0,0.34045000000000003,0.31775,0.3518,0.39465,0.10919999999999999,0.1003,0.33795,0.36715,0.37634999999999996,7.46,0.13,,,,brooklynpark
