date,streamflow,precipitation,water_temp_c,Blue,Green,Red,NIR,SWIR1,SWIR2,RedEdge1,RedEdge2,RedEdge3,dissolved_oxygen_(do),phosphorus,chlorophyll_a,nitrogen,turbidity,station_name
2019-01-01,13700.0,0.0,0.0,0.0868,0.0929,0.0974,0.1178,0.0946,0.0927,0.1095,0.1114,0.1225,12.1,0.007,,,,stpaul
2019-01-02,11600.0,0.0,0.0,0.0868,0.0929,0.0974,0.1178,0.0946,0.0927,0.1095,0.1114,0.1225,12.1,0.007,,,,stpaul
2019-01-03,13100.0,0.0,0.0,0.0868,0.0929,0.0974,0.1178,0.0946,0.0927,0.1095,0.1114,0.1225,12.1,0.007,,,,stpaul
2019-01-04,15500.0,0.0,0.0,0.0868,0.0929,0.0974,0.1178,0.0946,0.0927,0.1095,0.1114,0.1225,12.1,0.007,,,,stpaul
2019-01-05,16000.0,0.0,0.0,0.0868,0.0929,0.0974,0.1178,0.0946,0.0927,0.1095,0.1114,0.1225,12.1,0.007,,,,stpaul
2019-01-06,16300.0,0.0,0.0,0.08452,0.09212,0.09946,0.11966,0.10486000000000001,0.09818,0.11068,0.11388,0.12202,12.1,0.007,,,,stpaul
2019-01-07,16300.0,0.0,0.0,0.08224,0.09133999999999999,0.10152,0.12152,0.11512,0.10366,0.11186,0.11635999999999999,0.12154,12.1,0.007,,,,stpaul
2019-01-08,16400.0,0.0,0.0,0.07996,0.09056,0.10358,0.12337999999999999,0.12538,0.10914,0.11304,0.11884,0.12106,12.1,0.007,,,,stpaul
2019-01-09,12800.0,0.0,0.0,0.07768,0.08978,0.10564,0.12524,0.13564,0.11462,0.11422,0.12132,0.12057999999999999,12.1,0.007,,,,stpaul
2019-01-10,12800.0,0.0,0.0,0.0754,0.089,0.1077,0.1271,0.1459,0.1201,0.1154,0.1238,0.1201,12.1,0.007,,,,stpaul
2019-01-11,13700.0,0.0,0.0,0.07339925,0.08800974999999998,0.10588199999999999,0.12947725,0.14223375,0.1177515,0.12727142857142856,0.13699142857142857,0.13246857142857144,12.1,0.007,,,,stpaul
2019-01-12,13600.0,0.0,0.0,0.07139849999999999,0.08701949999999997,0.10406399999999999,0.13185449999999999,0.13856749999999998,0.115403,0.13914285714285715,0.15018285714285715,0.14483714285714286,12.1,0.007,,,,stpaul
2019-01-13,13400.0,0.0,0.0,0.06939775,0.08602924999999997,0.10224599999999998,0.13423174999999998,0.13490124999999997,0.1130545,0.1510142857142857,0.1633742857142857,0.15720571428571428,12.1,0.007,,,,stpaul
2019-01-14,14700.0,0.0,0.0,0.067397,0.08503899999999996,0.10042799999999996,0.13660899999999998,0.13123499999999996,0.110706,0.1628857142857143,0.17656571428571427,0.16957428571428573,12.1,0.007,,,,stpaul
2019-01-15,14100.0,0.0,0.0,0.06539624999999999,0.08404874999999995,0.09860999999999995,0.13898624999999998,0.12756874999999995,0.1083575,0.17475714285714286,0.18975714285714285,0.18194285714285716,12.1,0.007,,,,stpaul
2019-01-16,12700.0,0.0,0.0,0.0633955,0.08305849999999994,0.09679199999999995,0.1413635,0.12390249999999994,0.106009,0.18662857142857142,0.20294857142857142,0.19431142857142858,12.1,0.007,,,,stpaul
2019-01-17,12400.0,0.0,0.0,0.06139475,0.08206824999999993,0.09497399999999993,0.14374075,0.12023624999999993,0.1036605,0.1985,0.21614,0.20668000000000003,12.1,0.007,,,,stpaul
2019-01-18,11600.0,0.0,0.0,0.059393999999999995,0.08107799999999993,0.09315599999999992,0.146118,0.11656999999999992,0.10131200000000001,0.2103714285714286,0.22933142857142857,0.21904857142857143,12.1,0.007,,,,stpaul
2019-01-19,10000.0,0.0,0.0,0.05739324999999999,0.08008774999999992,0.09133799999999992,0.14849525,0.11290374999999991,0.09896350000000001,0.22224285714285716,0.24252285714285715,0.23141714285714288,12.1,0.007,,,,stpaul
2019-01-20,9690.0,0.0,0.0,0.0553925,0.0790974999999999,0.0895199999999999,0.1508725,0.1092374999999999,0.096615,0.23411428571428572,0.25571428571428567,0.2437857142857143,12.1,0.007,,,,stpaul
2019-01-21,8750.0,0.0,0.0,0.0740768,0.09582559999999991,0.10569919999999991,0.1653656,0.10789599999999991,0.0957824,0.2459857142857143,0.2689057142857143,0.2561542857142857,12.1,0.007,,,,stpaul
2019-01-22,9100.0,0.0,0.0,0.09276109999999999,0.11255369999999992,0.12187839999999991,0.17985869999999998,0.10655449999999991,0.0949498,0.2578571428571429,0.2820971428571428,0.2685228571428572,12.1,0.007,,,,stpaul
2019-01-23,10700.0,0.01,0.0,0.11144539999999999,0.12928179999999992,0.1380575999999999,0.1943518,0.10521299999999992,0.09411720000000001,0.26972857142857143,0.29528857142857146,0.28089142857142857,12.1,0.007,,,,stpaul
2019-01-24,11200.0,0.0,0.0,0.1301297,0.14600989999999991,0.1542367999999999,0.2088449,0.10387149999999992,0.09328460000000001,0.2816,0.30848,0.29326,12.1,0.007,,,,stpaul
2019-01-25,8600.0,0.0,0.0,0.148814,0.16273799999999994,0.1704159999999999,0.223338,0.10252999999999993,0.092452,0.2934714285714286,0.32167142857142855,0.30562857142857147,12.1,0.007,,,,stpaul
2019-01-26,8950.0,0.0,0.0,0.1674983,0.17946609999999993,0.1865951999999999,0.23783110000000002,0.10118849999999993,0.0916194,0.30534285714285714,0.33486285714285713,0.31799714285714287,12.1,0.007,,,,stpaul
2019-01-27,8100.0,0.06,0.0,0.18618259999999998,0.19619419999999993,0.2027743999999999,0.2523242,0.09984699999999994,0.0907868,0.3172142857142857,0.3480542857142857,0.3303657142857143,12.1,0.007,,,,stpaul
2019-01-28,8850.0,0.41,0.0,0.20486689999999996,0.21292229999999995,0.21895359999999991,0.26681730000000003,0.09850549999999994,0.08995420000000001,0.3290857142857143,0.3612457142857143,0.3427342857142857,12.1,0.007,,,,stpaul
2019-01-29,9260.0,0.0,0.0,0.22355119999999995,0.22965039999999995,0.23513279999999992,0.2813104,0.09716399999999994,0.08912160000000001,0.34095714285714285,0.3744371428571428,0.35510285714285716,12.1,0.007,,,,stpaul
2019-01-30,8050.0,0.0,0.0,0.2422355,0.24637849999999997,0.2513119999999999,0.2958035,0.09582249999999995,0.088289,0.3528285714285715,0.38762857142857143,0.3674714285714286,12.1,0.007,,,,stpaul
2019-01-31,7710.0,0.0,0.0,0.2609198,0.26310659999999997,0.26749119999999993,0.31029660000000003,0.09448099999999995,0.0874564,0.3647,0.40081999999999995,0.37984,12.1,0.007,,,,stpaul
2019-02-01,8910.0,0.0,0.0,0.27960409999999997,0.2798347,0.2836703999999999,0.3247897,0.09313949999999996,0.0866238,0.3765714285714286,0.4140114285714286,0.39220857142857146,12.1,0.007,,,,stpaul
2019-02-02,9560.0,0.0,0.0,0.29828839999999995,0.2965628,0.29984959999999994,0.3392828,0.09179799999999996,0.08579120000000001,0.3884428571428572,0.4272028571428571,0.40457714285714286,12.1,0.007,,,,stpaul
2019-02-03,9560.0,0.0,0.0,0.3169727,0.3132909,0.3160287999999999,0.35377590000000003,0.09045649999999995,0.08495860000000001,0.40031428571428573,0.44039428571428574,0.4169457142857143,12.1,0.007,,,,stpaul
2019-02-04,9360.0,0.1,0.0,0.335657,0.33001899999999995,0.33220799999999995,0.368269,0.08911499999999996,0.084126,0.4121857142857143,0.45358571428571426,0.42931428571428576,12.1,0.007,,,,stpaul
2019-02-05,9060.0,0.0,0.0,0.35434129999999997,0.3467471,0.3483871999999999,0.3827621,0.08777349999999996,0.0832934,0.4240571428571429,0.4667771428571429,0.44168285714285715,12.1,0.007,,,,stpaul
2019-02-06,8780.0,0.49,0.0,0.37302559999999996,0.3634752,0.36456639999999996,0.39725520000000003,0.08643199999999997,0.0824608,0.43592857142857144,0.4799685714285714,0.4540514285714286,12.1,0.007,,,,stpaul
2019-02-07,9380.0,0.15,0.0,0.39170989999999994,0.3802033,0.3807455999999999,0.41174830000000007,0.08509049999999997,0.08162820000000001,0.44780000000000003,0.49315999999999993,0.46642000000000006,12.1,0.007,,,,stpaul
2019-02-08,9190.0,0.37,0.0,0.4103942,0.39693140000000005,0.39692479999999997,0.4262414,0.08374899999999998,0.08079560000000001,0.4596714285714286,0.5063514285714286,0.47878857142857145,12.1,0.007,,,,stpaul
2019-02-09,8340.0,0.0,0.0,0.4290785,0.41365950000000007,0.4131039999999999,0.44073450000000003,0.08240749999999998,0.079963,0.4715428571428572,0.5195428571428571,0.4911571428571429,12.1,0.007,,,,stpaul
2019-02-10,8650.0,0.02,0.0,0.44776279999999996,0.4303876,0.4292832,0.45522760000000007,0.08106599999999999,0.0791304,0.48341428571428574,0.5327342857142857,0.5035257142857144,12.1,0.007,,,,stpaul
2019-02-11,8820.0,0.26,0.0,0.46644709999999995,0.4471157,0.4454623999999999,0.4697207,0.07972449999999999,0.0782978,0.49528571428571433,0.5459257142857142,0.5158942857142857,12.1,0.007,,,,stpaul
2019-02-12,9650.0,0.19,0.0,0.48513139999999993,0.46384380000000003,0.4616416,0.4842138,0.078383,0.07746520000000001,0.5071571428571429,0.5591171428571429,0.5282628571428573,12.1,0.007,,,,stpaul
2019-02-13,9350.0,0.13,0.0,0.5038156999999999,0.48057190000000005,0.47782079999999993,0.49870690000000006,0.0770415,0.07663260000000001,0.5190285714285714,0.5723085714285714,0.5406314285714287,12.1,0.007,,,,stpaul
2019-02-14,9260.0,0.0,0.0,0.5225,0.4973,0.494,0.5132,0.0757,0.0758,0.5309,0.5855,0.553,12.1,0.007,,,,stpaul
2019-02-15,8240.0,0.0,0.0,0.48678,0.46178,0.45826,0.4729,0.07348,0.07368000000000001,0.51918,0.55886,0.5178200000000001,12.1,0.007,,,,stpaul
2019-02-16,8240.0,0.0,0.0,0.45105999999999996,0.42626,0.42252,0.4326,0.07126,0.07156,0.50746,0.53222,0.48264,12.1,0.007,,,,stpaul
2019-02-17,8210.0,0.0,0.0,0.41534,0.39074,0.38678,0.3923,0.06904,0.06944,0.49574,0.50558,0.44746,12.1,0.007,,,,stpaul
2019-02-18,8600.0,0.0,0.0,0.37961999999999996,0.35522,0.35104,0.352,0.06682,0.06731999999999999,0.48402,0.47894,0.41228,12.1,0.007,,,,stpaul
2019-02-19,8460.0,0.0,0.0,0.3439,0.3197,0.3153,0.3117,0.0646,0.0652,0.4723,0.4523,0.3771,12.1,0.007,,,,stpaul
2019-02-20,8350.0,0.11,0.0,0.354,0.3316,0.3285176470588236,0.3261411764705882,0.0748235294117647,0.07392941176470588,0.4778235294117647,0.4592,0.3874941176470588,12.1,0.007,,,,stpaul
2019-02-21,8390.0,0.32,0.0,0.3641,0.34349999999999997,0.3417352941176471,0.34058235294117645,0.08504705882352942,0.08265882352941176,0.4833470588235294,0.46609999999999996,0.39788823529411765,12.1,0.007,,,,stpaul
2019-02-22,7920.0,0.0,0.0,0.3742,0.3554,0.35495294117647064,0.3550235294117647,0.09527058823529412,0.09138823529411765,0.4888705882352941,0.473,0.40828235294117643,12.1,0.007,,,,stpaul
2019-02-23,7770.0,0.07,0.0,0.3843,0.3673,0.36817058823529414,0.3694647058823529,0.10549411764705882,0.10011764705882353,0.4943941176470588,0.4799,0.41867647058823526,12.1,0.007,,,,stpaul
2019-02-24,8530.0,0.14,0.0,0.3944,0.3792,0.3813882352941177,0.38390588235294115,0.11571764705882354,0.10884705882352942,0.4999176470588235,0.4868,0.4290705882352941,12.1,0.007,,,,stpaul
2019-02-25,6400.0,0.0,0.0,0.40449999999999997,0.3911,0.3946058823529412,0.3983470588235294,0.12594117647058822,0.11757647058823531,0.5054411764705883,0.49369999999999997,0.4394647058823529,12.1,0.007,,,,stpaul
2019-02-26,6500.0,0.0,0.0,0.41459999999999997,0.403,0.40782352941176475,0.4127882352941177,0.13616470588235297,0.12630588235294118,0.510964705882353,0.5005999999999999,0.44985882352941176,12.1,0.007,,,,stpaul
2019-02-27,7490.0,0.13,0.0,0.42469999999999997,0.4149,0.42104117647058825,0.42722941176470586,0.14638823529411765,0.1350352941176471,0.5164882352941177,0.5075,0.46025294117647053,12.1,0.007,,,,stpaul
2019-02-28,7590.0,0.0,0.0,0.43479999999999996,0.4268,0.4342588235294118,0.44167058823529415,0.15661176470588234,0.14376470588235296,0.5220117647058824,0.5144,0.47064705882352936,12.1,0.007,,,,stpaul
2019-03-01,7740.0,0.0,0.0,0.44489999999999996,0.4387,0.44747647058823536,0.4561117647058823,0.16683529411764708,0.15249411764705884,0.5275352941176471,0.5213,0.4810411764705882,12.1,0.007,,,,stpaul
2019-03-02,7970.0,0.34,0.0,0.45499999999999996,0.4506,0.46069411764705887,0.4705529411764706,0.17705882352941177,0.1612235294117647,0.5330588235294118,0.5282,0.491435294117647,12.1,0.007,,,,stpaul
2019-03-03,7280.0,0.0,0.0,0.46509999999999996,0.4625,0.47391176470588237,0.48499411764705885,0.18728235294117646,0.1699529411764706,0.5385823529411765,0.5351,0.5018294117647059,12.1,0.007,,,,stpaul
2019-03-04,6580.0,0.0,0.0,0.47519999999999996,0.47440000000000004,0.4871294117647059,0.4994352941176471,0.1975058823529412,0.17868235294117651,0.5441058823529412,0.542,0.5122235294117646,12.1,0.007,,,,stpaul
2019-03-05,7300.0,0.0,0.0,0.48529999999999995,0.4863,0.5003470588235295,0.5138764705882353,0.20772941176470588,0.1874117647058824,0.5496294117647059,0.5488999999999999,0.5226176470588235,12.1,0.007,,,,stpaul
2019-03-06,7640.0,0.0,0.0,0.49539999999999995,0.49820000000000003,0.5135647058823529,0.5283176470588236,0.21795294117647057,0.19614117647058826,0.5551529411764706,0.5558,0.5330117647058823,12.1,0.007,,,,stpaul
2019-03-07,7870.0,0.0,0.0,0.5055,0.5101,0.5267823529411765,0.5427588235294118,0.22817647058823531,0.20487058823529414,0.5606764705882353,0.5627,0.5434058823529411,12.1,0.007,,,,stpaul
2019-03-08,8030.0,0.0,0.0,0.5156,0.522,0.54,0.5572,0.2384,0.2136,0.5662,0.5696,0.5538,12.1,0.007,,,,stpaul
2019-03-09,8670.0,0.0,0.0,0.4531666666666666,0.46343333333333336,0.4729666666666667,0.4888,0.1812,0.16363333333333335,0.5354,0.5427,0.5203,12.1,0.007,,,,stpaul
2019-03-10,8890.0,0.63,0.0,0.3907333333333333,0.40486666666666665,0.40593333333333337,0.4204,0.124,0.11366666666666668,0.5046,0.5158,0.48679999999999995,12.1,0.007,,,,stpaul
2019-03-11,8370.0,0.0,0.0,0.3283,0.3463,0.3389,0.352,0.0668,0.0637,0.4738,0.4889,0.4533,12.1,0.007,,,,stpaul
2019-03-12,8280.0,0.0,0.0,0.3020857142857143,0.31594285714285714,0.3132857142857143,0.32517142857142856,0.07147142857142857,0.06648571428571429,0.43894285714285713,0.44785714285714284,0.41674285714285714,12.1,0.007,,,,stpaul
2019-03-13,10700.0,0.41,0.0,0.27587142857142855,0.2855857142857143,0.2876714285714286,0.29834285714285713,0.07614285714285714,0.06927142857142858,0.40408571428571427,0.4068142857142857,0.38018571428571424,12.1,0.007,,,,stpaul
2019-03-14,15500.0,0.51,0.5555555555555556,0.24965714285714286,0.2552285714285714,0.2620571428571429,0.2715142857142857,0.08081428571428571,0.07205714285714286,0.36922857142857146,0.3657714285714286,0.3436285714285714,12.1,0.007,,,,stpaul
2019-03-15,18800.0,0.43,0.5555555555555556,0.22344285714285714,0.22487142857142856,0.23644285714285712,0.24468571428571428,0.08548571428571429,0.07484285714285714,0.33437142857142854,0.3247285714285714,0.30707142857142855,12.1,0.007,,,,stpaul
2019-03-16,23500.0,0.0,0.5555555555555556,0.19722857142857142,0.19451428571428572,0.21082857142857142,0.21785714285714286,0.09015714285714285,0.07762857142857142,0.29951428571428573,0.28368571428571426,0.2705142857142857,12.1,0.007,,,,stpaul
2019-03-17,26800.0,0.0,0.0,0.17101428571428573,0.16415714285714286,0.18521428571428572,0.19102857142857144,0.09482857142857143,0.08041428571428572,0.26465714285714287,0.24264285714285713,0.23395714285714284,12.1,0.007,,,,stpaul
2019-03-18,29500.0,0.0,0.0,0.1448,0.1338,0.1596,0.1642,0.0995,0.0832,0.2298,0.2016,0.1974,12.1,0.007,,,,stpaul
2019-03-19,31800.0,0.0,0.5555555555555556,0.1174,0.11246666666666667,0.13826666666666665,0.1457,0.10483333333333333,0.08616666666666667,0.2117,0.18476666666666666,0.18306666666666666,12.1,0.007,,,,stpaul
2019-03-20,35400.0,0.0,0.5555555555555556,0.09,0.09113333333333334,0.11693333333333333,0.1272,0.11016666666666668,0.08913333333333333,0.1936,0.16793333333333335,0.16873333333333335,12.1,0.007,,,,stpaul
2019-03-21,44400.0,0.0,0.5555555555555556,0.0626,0.0698,0.0956,0.1087,0.1155,0.0921,0.1755,0.1511,0.1544,12.1,0.007,,,,stpaul
2019-03-22,57400.0,0.0,1.1111111111111112,0.0716,0.0748,0.09620000000000001,0.11985000000000001,0.12875,0.10595,0.15835,0.15465,0.15825,12.1,0.007,,,,stpaul
2019-03-23,70000.0,0.0,1.1111111111111112,0.0806,0.0798,0.0968,0.131,0.142,0.1198,0.1412,0.1582,0.1621,12.1,0.007,,,,stpaul
2019-03-24,83800.0,0.0,1.1111111111111112,0.0739775,0.08415124999999996,0.10073625,0.14205,0.1485675,0.12397874999999994,0.14153333333333332,0.15410000000000001,0.15456666666666666,12.1,0.007,,,,stpaul
2019-03-25,94300.0,0.0,1.1111111111111112,0.067355,0.0885024999999999,0.1046725,0.1531,0.155135,0.1281574999999999,0.14186666666666667,0.15,0.14703333333333335,12.1,0.007,,,,stpaul
2019-03-26,99800.0,0.0,1.1111111111111112,0.0701,0.069,0.0899,0.1198,0.1507,0.1327,0.1422,0.1459,0.1395,12.1,0.007,,,,stpaul
2019-03-27,104000.0,0.0,2.2222222222222223,0.08515,0.0916,0.10865,0.139,0.1719,0.14755000000000001,0.15239999999999998,0.15925,0.16045,12.1,0.007,,,,stpaul
2019-03-28,107000.0,0.0,3.3333333333333335,0.1002,0.1142,0.1274,0.1582,0.1931,0.1624,0.1626,0.1726,0.1814,12.1,0.007,,,,stpaul
2019-03-29,111000.0,0.0,3.3333333333333335,0.09563791666666666,0.10966958333333333,0.12327750000000001,0.15893125,0.19428458333333332,0.16198208333333333,0.16176086956521737,0.17219565217391306,0.18085217391304348,12.1,0.007,,,,stpaul
2019-03-30,113000.0,0.0,3.888888888888889,0.0910758333333333,0.10513916666666666,0.11915500000000001,0.1596625,0.19546916666666664,0.16156416666666665,0.16092173913043478,0.17179130434782608,0.18030434782608695,12.1,0.007,,,,stpaul
2019-03-31,115000.0,0.0,3.3333333333333335,0.08651374999999994,0.10060875,0.11503250000000001,0.16039375,0.19665374999999996,0.16114625,0.16008260869565216,0.17138695652173913,0.17975652173913045,12.1,0.007,,,,stpaul
2019-04-01,114000.0,0.0,3.888888888888889,0.0819516666666666,0.09607833333333334,0.11091000000000001,0.161125,0.19783833333333325,0.16072833333333333,0.15924347826086957,0.17098260869565218,0.17920869565217393,12.1,0.007,,,,stpaul
2019-04-02,111000.0,0.0,3.888888888888889,0.07738958333333326,0.09154791666666667,0.10678750000000001,0.16185625,0.19902291666666658,0.16031041666666665,0.15840434782608695,0.1705782608695652,0.1786608695652174,12.1,0.007,,,,stpaul
2019-04-03,107000.0,0.0,3.888888888888889,0.0728274999999999,0.0870175,0.102665,0.1625875,0.2002074999999999,0.1598925,0.15756521739130436,0.17017391304347826,0.17811304347826087,12.1,0.007,,,,stpaul
2019-04-04,102000.0,0.0,4.444444444444445,0.07297187499999991,0.08741281249999999,0.10254640625,0.16312203125,0.1997967187499999,0.15969140625,0.15672608695652174,0.1697695652173913,0.17756521739130435,12.1,0.007,,,,stpaul
2019-04-05,98900.0,0.05,4.444444444444445,0.07311624999999991,0.087808125,0.1024278125,0.1636565625,0.19938593749999992,0.1594903125,0.15588695652173912,0.16936521739130436,0.17701739130434782,12.1,0.007,,,,stpaul
2019-04-06,96600.0,0.81,4.444444444444445,0.07326062499999993,0.0882034375,0.10230921875,0.16419109375,0.19897515624999992,0.15928921875,0.15504782608695653,0.1689608695652174,0.17646956521739132,12.1,0.007,,,,stpaul
2019-04-07,93700.0,0.11,5.0,0.07340499999999993,0.08859875,0.10219062500000001,0.164725625,0.19856437499999993,0.159088125,0.1542086956521739,0.16855652173913044,0.1759217391304348,12.1,0.007,,,,stpaul
2019-04-08,90200.0,0.12,5.555555555555555,0.07354937499999993,0.0889940625,0.10207203125,0.16526015624999998,0.19815359374999994,0.15888703125,0.1533695652173913,0.1681521739130435,0.17537391304347827,12.1,0.007,,,,stpaul
2019-04-09,86400.0,0.0,6.111111111111111,0.07369374999999995,0.089389375,0.10195343750000001,0.16579468749999998,0.19774281249999995,0.15868593749999998,0.1525304347826087,0.16774782608695651,0.17482608695652174,12.1,0.007,,,,stpaul
2019-04-10,83200.0,0.0,6.111111111111111,0.07383812499999995,0.0897846875,0.10183484375,0.16632921874999998,0.19733203124999996,0.15848484375,0.1516913043478261,0.16734347826086957,0.17427826086956522,12.1,0.007,,,,stpaul
2019-04-11,81300.0,0.71,5.0,0.07398249999999995,0.09018,0.10171625000000001,0.16686374999999998,0.19692124999999994,0.15828375,0.15085217391304348,0.16693913043478262,0.1737304347826087,12.1,0.007,,,,stpaul
2019-04-12,80700.0,0.31,4.444444444444445,0.07412687499999995,0.09057531249999999,0.10159765625,0.16739828125,0.19651046874999994,0.15808265625,0.1500130434782609,0.16653478260869564,0.1731826086956522,12.1,0.007,,,,stpaul
2019-04-13,79000.0,0.11,3.888888888888889,0.07427124999999996,0.090970625,0.1014790625,0.1679328125,0.19609968749999995,0.15788156250000002,0.14917391304347827,0.1661304347826087,0.17263478260869566,12.1,0.007,,,,stpaul
2019-04-14,77100.0,0.0,3.888888888888889,0.07441562499999997,0.0913659375,0.10136046875,0.16846734375,0.19568890624999996,0.15768046875,0.14833478260869565,0.16572608695652175,0.17208695652173914,12.1,0.007,,,,stpaul
2019-04-15,75300.0,0.0,5.0,0.07455999999999997,0.09176124999999999,0.101241875,0.169001875,0.19527812499999997,0.157479375,0.14749565217391306,0.1653217391304348,0.1715391304347826,12.1,0.007,,,,stpaul
2019-04-16,74500.0,0.0,5.555555555555555,0.07470437499999998,0.0921565625,0.10112328125,0.16953640625,0.19486734374999998,0.15727828125,0.14665652173913044,0.16491739130434782,0.17099130434782608,12.1,0.007,,,,stpaul
2019-04-17,75700.0,0.0,6.666666666666667,0.07484874999999999,0.09255187499999999,0.1010046875,0.1700709375,0.19445656249999999,0.1570771875,0.14581739130434784,0.16451304347826087,0.17044347826086959,12.1,0.007,,,,stpaul
2019-04-18,78100.0,1.48,6.666666666666667,0.074993125,0.0929471875,0.10088609375,0.17060546875,0.19404578125,0.15687609375,0.14497826086956522,0.16410869565217392,0.16989565217391306,12.1,0.007,,,,stpaul
2019-04-19,81500.0,0.01,6.666666666666667,0.0751375,0.0933425,0.1007675,0.17114,0.193635,0.156675,0.1441391304347826,0.16370434782608695,0.16934782608695653,12.1,0.007,,,,stpaul
2019-04-20,85700.0,0.0,7.777777777777778,0.0733,0.086,0.0964,0.1258,0.1899,0.149,0.1433,0.1633,0.1688,12.1,0.007,,,,stpaul
2019-04-21,88700.0,0.0,8.88888888888889,0.0717775,0.08513375,0.09537708333333333,0.1307075,0.18489875,0.14415583333333332,0.14404545454545456,0.16668636363636363,0.1741590909090909,12.1,0.007,,,,stpaul
2019-04-22,91200.0,0.1,10.0,0.07025499999999997,0.0842675,0.09435416666666667,0.13561499999999999,0.17989750000000002,0.13931166666666667,0.1447909090909091,0.17007272727272726,0.17951818181818183,12.1,0.007,,,,stpaul
2019-04-23,93100.0,0.84,10.0,0.06873249999999995,0.08340125,0.09333125,0.1405225,0.17489625,0.1344675,0.14553636363636366,0.17345909090909092,0.18487727272727272,12.1,0.007,,,,stpaul
2019-04-24,93400.0,0.0,10.555555555555555,0.06720999999999994,0.082535,0.09230833333333333,0.14543,0.169895,0.12962333333333334,0.14628181818181818,0.17684545454545456,0.19023636363636365,12.1,0.011,,,,stpaul
2019-04-25,92500.0,0.0,11.666666666666666,0.06568749999999993,0.08166875,0.09128541666666666,0.15033749999999999,0.16489375,0.12477916666666666,0.14702727272727273,0.1802318181818182,0.19559545454545454,12.1,0.015,,,,stpaul
2019-04-26,90700.0,0.0,11.666666666666666,0.0641649999999999,0.0808025,0.0902625,0.155245,0.1598925,0.119935,0.14777272727272728,0.18361818181818182,0.20095454545454547,12.1,0.018999999999999996,,,,stpaul
2019-04-27,88400.0,0.0,12.222222222222221,0.0646829687499999,0.08192375,0.090923359375,0.16133953125,0.162282265625,0.12180015625,0.14851818181818183,0.18700454545454545,0.20631363636363637,12.1,0.022999999999999996,,,,stpaul
2019-04-28,86000.0,0.0,11.666666666666666,0.06520093749999992,0.083045,0.09158421874999999,0.16743406249999998,0.16467203125,0.1236653125,0.14926363636363638,0.1903909090909091,0.2116727272727273,12.1,0.026999999999999996,,,,stpaul
2019-04-29,83400.0,0.0,11.666666666666666,0.06571890624999992,0.08416625,0.09224507812499999,0.17352859375,0.167061796875,0.12553046874999998,0.15000909090909093,0.19377727272727274,0.2170318181818182,12.1,0.030999999999999993,,,,stpaul
2019-04-30,80900.0,0.0,11.11111111111111,0.06623687499999993,0.0852875,0.09290593749999998,0.179623125,0.16945156249999999,0.12739562499999998,0.15075454545454547,0.19716363636363637,0.2223909090909091,12.1,0.034999999999999996,,,,stpaul
2019-05-01,79000.0,0.33,10.555555555555555,0.06675484374999993,0.08640874999999999,0.09356679687499998,0.18571765624999997,0.171841328125,0.12926078124999998,0.15150000000000002,0.20055,0.22775,12.1,0.03899999999999999,,,,stpaul
2019-05-02,76800.0,0.0,10.555555555555555,0.06727281249999995,0.08753,0.09422765624999997,0.19181218749999998,0.17423109374999998,0.13112593749999998,0.15224545454545454,0.20393636363636364,0.23310909090909093,12.1,0.04299999999999999,,,,stpaul
2019-05-03,74800.0,0.0,10.0,0.06779078124999995,0.08865125,0.09488851562499998,0.19790671875,0.176620859375,0.13299109374999998,0.1529909090909091,0.20732272727272727,0.23846818181818183,12.1,0.04699999999999999,,,,stpaul
2019-05-04,72800.0,0.0,11.11111111111111,0.06830874999999995,0.0897725,0.09554937499999996,0.20400124999999997,0.17901062499999998,0.13485624999999998,0.15373636363636364,0.2107090909090909,0.24382727272727273,12.1,0.05099999999999999,,,,stpaul
2019-05-05,70500.0,0.0,11.666666666666666,0.06882671874999996,0.09089375,0.09621023437499997,0.21009578124999997,0.181400390625,0.13672140624999998,0.1544818181818182,0.21409545454545456,0.24918636363636365,12.1,0.054999999999999986,,,,stpaul
2019-05-06,68400.0,0.0,12.222222222222221,0.06934468749999996,0.092015,0.09687109374999997,0.21619031249999998,0.18379015625,0.13858656249999995,0.15522727272727274,0.2174818181818182,0.2545454545454546,12.1,0.05899999999999999,,,,stpaul
2019-05-07,65900.0,0.0,12.222222222222221,0.06986265624999997,0.09313625,0.09753195312499996,0.22228484374999996,0.186179921875,0.14045171874999995,0.1559727272727273,0.22086818181818182,0.25990454545454544,12.1,0.06299999999999999,,,,stpaul
2019-05-08,64100.0,0.0,12.777777777777779,0.07038062499999997,0.0942575,0.09819281249999996,0.22837937499999997,0.1885696875,0.14231687499999995,0.15671818181818184,0.22425454545454548,0.26526363636363637,12.1,0.06699999999999999,,,,stpaul
2019-05-09,63400.0,1.79,11.666666666666666,0.07089859374999999,0.09537875,0.09885367187499995,0.23447390624999997,0.19095945312499998,0.14418203124999995,0.15746363636363636,0.22764090909090912,0.2706227272727273,12.1,0.071,,,,stpaul
2019-05-10,62600.0,0.0,11.11111111111111,0.07141656249999999,0.0965,0.09951453124999995,0.24056843749999995,0.19334921875,0.14604718749999995,0.1582090909090909,0.23102727272727275,0.2759818181818182,12.1,0.06375,,,,stpaul
2019-05-11,62600.0,0.0,11.11111111111111,0.07193453125,0.09762124999999999,0.10017539062499994,0.24666296875,0.19573898437499998,0.14791234374999995,0.15895454545454546,0.23441363636363638,0.28134090909090914,12.1,0.056499999999999995,,,,stpaul
2019-05-12,62800.0,0.0,11.666666666666666,0.0724525,0.0987425,0.10083624999999995,0.25275749999999997,0.19812875,0.14977749999999995,0.1597,0.2378,0.2867,12.1,0.04925,,,,stpaul
2019-05-13,63400.0,0.0,12.222222222222221,0.075235,0.09622833333333333,0.10282416666666663,0.23290499999999997,0.18991916666666667,0.14558499999999996,0.15466666666666667,0.21580000000000002,0.25583333333333336,12.1,0.042,,,,stpaul
2019-05-14,63800.0,0.0,12.777777777777779,0.0780175,0.09371416666666667,0.10481208333333332,0.2130525,0.1817095833333333,0.14139249999999998,0.14963333333333334,0.1938,0.22496666666666668,12.1,0.044333333333333336,,,,stpaul
2019-05-15,64100.0,0.01,13.88888888888889,0.0808,0.0912,0.1068,0.1932,0.1735,0.1372,0.1446,0.1718,0.1941,12.1,0.04666666666666667,,,,stpaul
2019-05-16,64000.0,0.72,15.0,0.08484,0.09552000000000001,0.10636000000000001,0.19066,0.1749,0.1367,0.14524,0.17568,0.19541999999999998,12.1,0.049,,,,stpaul
2019-05-17,62600.0,0.0,16.11111111111111,0.08888,0.09984,0.10592,0.18812,0.17629999999999998,0.1362,0.14588,0.17956,0.19674,12.1,0.051333333333333335,,,,stpaul
2019-05-18,61400.0,0.0,16.11111111111111,0.09292,0.10416,0.10548,0.18558,0.1777,0.1357,0.14651999999999998,0.18344000000000002,0.19805999999999999,12.1,0.05366666666666667,,,,stpaul
2019-05-19,61700.0,0.0,15.0,0.09696,0.10848,0.10504,0.18304,0.17909999999999998,0.1352,0.14715999999999999,0.18732000000000001,0.19938,12.1,0.056,,,,stpaul
2019-05-20,61500.0,0.0,13.333333333333334,0.101,0.1128,0.1046,0.1805,0.1805,0.1347,0.1478,0.1912,0.2007,12.1,0.058333333333333334,,,,stpaul
2019-05-21,61600.0,0.0,13.88888888888889,0.0914490625,0.10641125,0.09880656249999999,0.18056406249999998,0.17284687499999998,0.12783218749999997,0.14916,0.19625,0.20709999999999998,12.1,0.06066666666666667,,,,stpaul
2019-05-22,63500.0,0.62,13.333333333333334,0.08189812499999999,0.1000225,0.09301312499999997,0.180628125,0.16519375,0.12096437499999996,0.15052,0.2013,0.2135,12.1,0.063,,,,stpaul
2019-05-23,64500.0,0.1,13.333333333333334,0.07234718749999997,0.09363375,0.08721968749999996,0.1806921875,0.157540625,0.11409656249999996,0.15188,0.20635,0.21989999999999998,12.1,0.054,,,,stpaul
2019-05-24,66300.0,0.03,13.333333333333334,0.06279624999999996,0.087245,0.08142624999999995,0.18075625,0.1498875,0.10722874999999994,0.15324,0.2114,0.2263,12.1,0.045,,,,stpaul
2019-05-25,69000.0,0.07,13.88888888888889,0.05324531249999995,0.08085624999999999,0.07563281249999994,0.1808203125,0.142234375,0.10036093749999993,0.1546,0.21645,0.2327,12.1,0.04163636363636364,,,,stpaul
2019-05-26,71600.0,0.0,13.88888888888889,0.04369437499999993,0.07446749999999999,0.06983937499999993,0.180884375,0.13458124999999999,0.09349312499999993,0.15596,0.2215,0.23909999999999998,12.1,0.03827272727272727,,,,stpaul
2019-05-27,74900.0,0.05,15.0,0.034143437499999915,0.06807875,0.06404593749999991,0.1809484375,0.126928125,0.08662531249999991,0.15732,0.22655,0.2455,12.1,0.03490909090909091,,,,stpaul
2019-05-28,77500.0,1.17,14.444444444444445,0.0245924999999999,0.06169,0.0582524999999999,0.1810125,0.119275,0.0797574999999999,0.15868,0.2316,0.2519,12.1,0.03154545454545454,,,,stpaul
2019-05-29,79200.0,0.0,15.0,0.07539624999999994,0.092845,0.09032624999999994,0.20930625,0.1607375,0.11112874999999994,0.16004,0.23665,0.2583,12.1,0.028181818181818183,,,,stpaul
2019-05-30,80900.0,0.0,15.555555555555555,0.1262,0.124,0.1224,0.2376,0.2022,0.1425,0.1614,0.2417,0.2647,12.1,0.02481818181818182,,,,stpaul
2019-05-31,81800.0,0.0,16.666666666666668,0.1193,0.1251,0.1248,0.243,0.20545,0.14984999999999998,0.1596,0.24045,0.25329999999999997,12.1,0.021454545454545455,,,,stpaul
2019-06-01,82300.0,0.11,17.22222222222222,0.1124,0.1262,0.1272,0.2484,0.2087,0.1572,0.1578,0.2392,0.2419,12.1,0.01809090909090909,,,,stpaul
2019-06-02,82000.0,0.0,17.77777777777778,0.10473333333333333,0.11906666666666667,0.1183,0.23293333333333335,0.2019,0.15286666666666668,0.1545,0.22476666666666667,0.24276666666666666,12.1,0.014727272727272728,,,,stpaul
2019-06-03,81100.0,0.0,17.77777777777778,0.09706666666666666,0.11193333333333334,0.10940000000000001,0.21746666666666667,0.1951,0.14853333333333332,0.1512,0.21033333333333332,0.24363333333333334,12.1,0.011363636363636367,,,,stpaul
2019-06-04,79400.0,0.0,18.333333333333332,0.0894,0.1048,0.1005,0.202,0.1883,0.1442,0.1479,0.1959,0.2445,12.1,0.008,,,,stpaul
2019-06-05,77300.0,0.65,18.88888888888889,0.08663062499999999,0.10333062500000001,0.10777375,0.227510625,0.19351000000000002,0.141505625,0.16260000000000002,0.21775,0.2481,12.1,0.013600000000000001,,,,stpaul
2019-06-06,74300.0,0.0,19.444444444444443,0.08386125,0.10186125,0.1150475,0.25302125,0.19872,0.13881125,0.1773,0.2396,0.2517,12.1,0.019200000000000002,,,,stpaul
2019-06-07,71200.0,0.0,21.11111111111111,0.07968821428571427,0.09929285714285714,0.11018285714285712,0.25398571428571426,0.19470928571428572,0.1354742857142857,0.17785,0.2416125,0.25482499999999997,12.1,0.0248,,,,stpaul
2019-06-08,67600.0,0.0,21.666666666666668,0.07551517857142855,0.09672446428571428,0.10531821428571425,0.25495017857142854,0.19069857142857144,0.13213732142857143,0.1784,0.243625,0.25795,12.1,0.0304,,,,stpaul
2019-06-09,63300.0,0.0,22.77777777777778,0.07134214285714281,0.09415607142857144,0.10045357142857138,0.2559146428571428,0.18668785714285713,0.12880035714285715,0.17895,0.2456375,0.261075,12.1,0.036000000000000004,,,,stpaul
2019-06-10,59200.0,0.03,21.11111111111111,0.06716910714285709,0.09158767857142858,0.0955889285714285,0.25687910714285717,0.18267714285714284,0.12546339285714286,0.1795,0.24764999999999998,0.2642,12.1,0.0416,,,,stpaul
2019-06-11,55400.0,0.0,21.11111111111111,0.06299607142857136,0.08901928571428572,0.09072428571428565,0.25784357142857145,0.17866642857142856,0.12212642857142857,0.18005000000000002,0.24966249999999998,0.267325,12.1,0.0472,,,,stpaul
2019-06-12,51800.0,0.0,20.555555555555557,0.058823035714285626,0.08645089285714286,0.08585964285714277,0.25880803571428573,0.17465571428571428,0.11878946428571428,0.1806,0.251675,0.27044999999999997,12.1,0.0528,,,,stpaul
2019-06-13,49200.0,0.0,17.22222222222222,0.0546499999999999,0.0838825,0.0809949999999999,0.2597725,0.170645,0.1154525,0.18115,0.2536875,0.273575,12.1,0.0584,,,,stpaul
2019-06-14,46700.0,0.0,19.444444444444443,0.1278,0.1334,0.145,0.2408,0.222,0.1712,0.1817,0.2557,0.2767,12.1,0.064,,,,stpaul
2019-06-15,44200.0,0.0,20.555555555555557,0.1266,0.13479999999999998,0.13979999999999998,0.2434,0.21355000000000002,0.1686,0.17070000000000002,0.24695,0.271,12.1,0.0667,,,,stpaul
2019-06-16,42300.0,0.0,20.0,0.1254,0.1362,0.1346,0.246,0.2051,0.166,0.1597,0.2382,0.2653,12.1,0.0694,,,,stpaul
2019-06-17,40400.0,0.0,20.555555555555557,0.11969326923076923,0.13173134615384613,0.12984192307692308,0.24814461538461538,0.2021344230769231,0.16167596153846153,0.15983,0.23831,0.26463499999999995,12.1,0.0721,,,,stpaul
2019-06-18,38700.0,0.01,21.11111111111111,0.11398653846153846,0.1272626923076923,0.12508384615384616,0.25028923076923076,0.19916884615384617,0.15735192307692306,0.15996000000000002,0.23842,0.26397,12.1,0.0748,,,,stpaul
2019-06-19,37800.0,0.0,21.11111111111111,0.10827980769230768,0.12279403846153845,0.12032576923076924,0.2524338461538462,0.19620326923076922,0.1530278846153846,0.16009,0.23853,0.263305,12.1,0.0775,,,,stpaul
2019-06-20,37000.0,0.0,21.11111111111111,0.1025730769230769,0.11832538461538461,0.11556769230769232,0.25457846153846153,0.1932376923076923,0.14870384615384613,0.16022,0.23864,0.26264,12.1,0.0802,,,,stpaul
2019-06-21,36300.0,0.27,20.555555555555557,0.09686634615384612,0.11385673076923077,0.1108096153846154,0.25672307692307694,0.1902721153846154,0.14437980769230765,0.16035,0.23875,0.26197499999999996,12.1,0.0829,,,,stpaul
2019-06-22,35500.0,0.0,20.555555555555557,0.09115961538461534,0.10938807692307692,0.10605153846153846,0.2588676923076923,0.18730653846153847,0.14005576923076918,0.16048,0.23886,0.26131,12.1,0.0856,,,,stpaul
2019-06-23,35300.0,0.05,21.11111111111111,0.08545288461538456,0.10491942307692306,0.10129346153846154,0.2610123076923077,0.18434096153846152,0.13573173076923073,0.16061,0.23897,0.260645,12.1,0.0883,,,,stpaul
2019-06-24,35300.0,0.93,20.555555555555557,0.07974615384615379,0.10045076923076923,0.09653538461538462,0.26315692307692307,0.1813753846153846,0.13140769230769225,0.16074,0.23908,0.25998,12.1,0.091,,,,stpaul
2019-06-25,34700.0,0.0,20.0,0.07403942307692302,0.09598211538461537,0.0917773076923077,0.2653015384615385,0.1784098076923077,0.12708365384615378,0.16087,0.23918999999999999,0.25931499999999996,12.1,0.091,,,,stpaul
2019-06-26,34700.0,0.0,20.555555555555557,0.06833269230769223,0.09151346153846154,0.08701923076923078,0.26744615384615383,0.17544423076923077,0.1227596153846153,0.161,0.2393,0.25865,12.1,0.091,,,,stpaul
2019-06-27,34800.0,0.0,21.11111111111111,0.06262596153846145,0.08704480769230769,0.08226115384615384,0.26959076923076924,0.17247865384615385,0.11843557692307684,0.16113,0.23941,0.257985,12.1,0.091,,,,stpaul
2019-06-28,34600.0,0.0,21.666666666666668,0.056919230769230666,0.08257615384615384,0.07750307692307692,0.2717353846153846,0.1695130769230769,0.11411153846153836,0.16126000000000001,0.23952,0.25732,12.1,0.091,,,,stpaul
2019-06-29,34900.0,0.0,22.77777777777778,0.0512124999999999,0.0781075,0.072745,0.27388,0.1665475,0.1097874999999999,0.16139,0.23963,0.25665499999999997,12.1,0.091,,,,stpaul
2019-06-30,35500.0,0.0,23.333333333333332,0.056982142857142766,0.08146357142857143,0.07795285714285714,0.26464,0.1720692857142857,0.11447499999999991,0.16152,0.23974,0.25599,12.1,0.091,,,,stpaul
2019-07-01,36300.0,0.0,22.77777777777778,0.06275178571428564,0.08481964285714286,0.0831607142857143,0.2554,0.17759107142857142,0.11916249999999994,0.16165000000000002,0.23985,0.255325,12.1,0.091,,,,stpaul
2019-07-02,38500.0,0.0,23.333333333333332,0.06852142857142851,0.08817571428571427,0.08836857142857144,0.24616000000000002,0.18311285714285713,0.12384999999999995,0.16178,0.23996,0.25466,12.1,0.08249999999999999,,,,stpaul
2019-07-03,39200.0,0.0,23.88888888888889,0.07429107142857139,0.0915317857142857,0.09357642857142857,0.23692000000000002,0.18863464285714285,0.12853749999999997,0.16191,0.24007,0.25399499999999997,12.1,0.074,,,,stpaul
2019-07-04,40900.0,0.0,23.88888888888889,0.08006071428571426,0.09488785714285713,0.09878428571428571,0.22768,0.19415642857142856,0.13322499999999998,0.16204,0.24018,0.25333,12.1,0.06874999999999999,,,,stpaul
2019-07-05,43000.0,0.0,23.88888888888889,0.08583035714285712,0.09824392857142857,0.10399214285714287,0.21844,0.19967821428571428,0.1379125,0.16217,0.24029,0.25266500000000003,12.1,0.0635,,,,stpaul
2019-07-06,45200.0,0.0,11.666666666666666,0.0916,0.1016,0.1092,0.2092,0.2052,0.1426,0.1623,0.2404,0.252,12.1,0.058249999999999996,,,,stpaul
2019-07-07,47500.0,0.0,15.74074074074074,0.09216,0.10547999999999999,0.11096,0.21304,0.20515999999999998,0.14354,0.16026,0.23650000000000002,0.25036,12.1,0.05299999999999999,,,,stpaul
2019-07-08,50300.0,0.0,19.814814814814817,0.09272,0.10936,0.11272,0.21688,0.20512,0.14448,0.15822,0.2326,0.24872,12.1,0.047749999999999994,,,,stpaul
2019-07-09,52000.0,0.0,23.88888888888889,0.09328,0.11324,0.11448,0.22072,0.20507999999999998,0.14542,0.15618,0.22870000000000001,0.24708,12.1,0.042499999999999996,,,,stpaul
2019-07-10,52500.0,0.0,23.61111111111111,0.09383999999999999,0.11712,0.11624,0.22455999999999998,0.20504,0.14636,0.15414,0.2248,0.24544,12.1,0.03724999999999999,,,,stpaul
2019-07-11,52300.0,0.0,23.333333333333332,0.0944,0.121,0.118,0.2284,0.205,0.1473,0.1521,0.2209,0.2438,12.1,0.031999999999999994,,,,stpaul
2019-07-12,51700.0,0.0,23.333333333333332,0.08246874999999998,0.11088874999999998,0.108040625,0.238099375,0.19648,0.135996875,0.15111538461538462,0.21969230769230771,0.2422,12.1,0.026749999999999996,,,,stpaul
2019-07-13,50800.0,0.0,23.51851851851852,0.07053749999999995,0.10077749999999995,0.09808125,0.24779874999999998,0.18796,0.12469374999999999,0.15013076923076923,0.2184846153846154,0.24059999999999998,12.1,0.02149999999999999,,,,stpaul
2019-07-14,49800.0,0.0,23.703703703703702,0.05860624999999992,0.09066624999999992,0.08812187499999999,0.25749812499999997,0.17944,0.113390625,0.14914615384615384,0.2172769230769231,0.239,12.1,0.016249999999999994,,,,stpaul
2019-07-15,49000.0,0.0,23.88888888888889,0.0466749999999999,0.0805549999999999,0.0781625,0.2671975,0.17092,0.1020875,0.14816153846153848,0.21606923076923076,0.2374,12.1,0.011,,,,stpaul
2019-07-16,50500.0,0.0,24.074074074074073,0.049888888888888795,0.08118222222222214,0.07869999999999999,0.26040888888888886,0.1709733333333333,0.10524444444444445,0.1471769230769231,0.21486153846153846,0.2358,12.1,0.018363636363636363,,,,stpaul
2019-07-17,48800.0,0.0,24.25925925925926,0.0531027777777777,0.08180944444444437,0.0792375,0.25362027777777774,0.17102666666666666,0.1084013888888889,0.1461923076923077,0.21365384615384617,0.2342,12.1,0.025727272727272727,,,,stpaul
2019-07-18,46600.0,0.0,24.444444444444443,0.0563166666666666,0.0824366666666666,0.079775,0.24683166666666664,0.17107999999999998,0.11155833333333333,0.14520769230769232,0.21244615384615384,0.2326,12.1,0.03309090909090909,,,,stpaul
2019-07-19,44700.0,0.0,24.62962962962963,0.059530555555555496,0.08306388888888884,0.0803125,0.24004305555555555,0.17113333333333333,0.11471527777777778,0.14422307692307693,0.21123846153846154,0.231,12.1,0.04045454545454545,,,,stpaul
2019-07-20,44400.0,0.0,24.814814814814813,0.0627444444444444,0.08369111111111106,0.08085,0.23325444444444443,0.17118666666666665,0.11787222222222223,0.14323846153846154,0.21003076923076924,0.2294,12.1,0.047818181818181815,,,,stpaul
2019-07-21,43200.0,0.0,25.0,0.0659583333333333,0.0843183333333333,0.0813875,0.2264658333333333,0.17124,0.12102916666666667,0.14225384615384618,0.20882307692307692,0.2278,12.1,0.05518181818181818,,,,stpaul
2019-07-22,42000.0,0.0,24.444444444444443,0.06917222222222219,0.08494555555555554,0.081925,0.21967722222222222,0.17129333333333333,0.12418611111111111,0.14126923076923079,0.20761538461538462,0.2262,12.1,0.06254545454545454,,,,stpaul
2019-07-23,41500.0,0.0,7.777777777777778,0.0723861111111111,0.08557277777777776,0.08246250000000001,0.21288861111111113,0.17134666666666667,0.12734305555555556,0.1402846153846154,0.2064076923076923,0.2246,12.1,0.0699090909090909,,,,stpaul
2019-07-24,41400.0,0.0,9.007936507936508,0.0756,0.0862,0.083,0.2061,0.1714,0.1305,0.1393,0.2052,0.223,12.1,0.07727272727272727,,,,stpaul
2019-07-25,40800.0,0.0,10.238095238095237,0.1471,0.1338,0.11879999999999999,0.26985000000000003,0.20365,0.13590000000000002,0.1699,0.2281,0.24735000000000001,12.1,0.08463636363636363,,,,stpaul
2019-07-26,39400.0,0.0,11.468253968253968,0.2186,0.1814,0.1546,0.3336,0.2359,0.1413,0.2005,0.251,0.2717,12.1,0.092,,,,stpaul
2019-07-27,37700.0,0.1,12.698412698412698,0.16383333333333333,0.1378,0.12173333333333333,0.24573333333333336,0.17946666666666666,0.10903333333333334,0.15453333333333333,0.1957,0.21109999999999998,12.1,0.08499999999999999,,,,stpaul
2019-07-28,36200.0,0.0,13.928571428571427,0.10906666666666666,0.0942,0.08886666666666666,0.15786666666666668,0.12303333333333333,0.07676666666666666,0.10856666666666666,0.14040000000000002,0.15049999999999997,12.1,0.078,,,,stpaul
2019-07-29,34100.0,0.07,15.158730158730158,0.0543,0.0506,0.056,0.07,0.0666,0.0445,0.0626,0.0851,0.0899,12.1,0.07100000000000001,,,,stpaul
2019-07-30,31700.0,0.0,16.38888888888889,0.04958,0.058936249999999996,0.059945,0.15907,0.10672874999999996,0.06997999999999996,0.06835000000000001,0.09495999999999999,0.10053,12.1,0.064,,,,stpaul
2019-07-31,29000.0,0.0,17.619047619047617,0.04486,0.0672725,0.06389,0.24814,0.1468574999999999,0.0954599999999999,0.0741,0.10482,0.11116,12.1,0.064,,,,stpaul
2019-08-01,27100.0,0.0,18.849206349206348,0.0492525,0.0706634375,0.06687875,0.2387475,0.1497253124999999,0.09898999999999991,0.07985,0.11468,0.12179000000000001,12.1,0.064,,,,stpaul
2019-08-02,27100.0,0.0,20.07936507936508,0.053645,0.074054375,0.0698675,0.229355,0.1525931249999999,0.10251999999999993,0.08560000000000001,0.12454,0.13242,12.1,0.064,,,,stpaul
2019-08-03,24900.0,0.0,21.309523809523807,0.0580375,0.0774453125,0.07285625,0.2199625,0.15546093749999992,0.10604999999999995,0.09135,0.1344,0.14305,12.1,0.064,,,,stpaul
2019-08-04,22600.0,0.0,22.539682539682538,0.06243,0.08083625,0.075845,0.21056999999999998,0.15832874999999996,0.10957999999999996,0.0971,0.14426,0.15368,12.1,0.064,,,,stpaul
2019-08-05,20900.0,0.0,23.76984126984127,0.0668225,0.0842271875,0.07883375000000001,0.2011775,0.16119656249999997,0.11310999999999996,0.10285,0.15411999999999998,0.16431,12.1,0.064,,,,stpaul
2019-08-06,19800.0,0.0,25.0,0.071215,0.08761812499999999,0.0818225,0.19178499999999998,0.16406437499999998,0.11663999999999998,0.1086,0.16398000000000001,0.17494,12.1,0.064,,,,stpaul
2019-08-07,18900.0,0.0,24.72222222222222,0.0756075,0.0910090625,0.08481125,0.18239249999999999,0.1669321875,0.12017,0.11435000000000001,0.17384,0.18557,12.1,0.064,,,,stpaul
2019-08-08,18300.0,0.0,24.444444444444443,0.08,0.0944,0.0878,0.173,0.1698,0.1237,0.1201,0.1837,0.1962,12.1,0.064,,,,stpaul
2019-08-09,17600.0,0.0,24.35185185185185,0.08764,0.10228,0.0964,0.19039999999999999,0.17718,0.12922,0.13068,0.19564,0.21394000000000002,12.1,0.064,,,,stpaul
2019-08-10,17500.0,0.0,24.25925925925926,0.09528,0.11016000000000001,0.10500000000000001,0.20779999999999998,0.18456,0.13474,0.14126,0.20758000000000001,0.23168,12.1,0.064,,,,stpaul
2019-08-11,16700.0,0.22,24.166666666666664,0.10292,0.11804,0.1136,0.2252,0.19194,0.14026,0.15183999999999997,0.21952,0.24942,12.1,0.064,,,,stpaul
2019-08-12,16200.0,0.0,24.074074074074073,0.11055999999999999,0.12592,0.1222,0.2426,0.19932,0.14578,0.16241999999999998,0.23146,0.26716,12.1,0.064,,,,stpaul
2019-08-13,16100.0,0.0,23.98148148148148,0.1182,0.1338,0.1308,0.26,0.2067,0.1513,0.173,0.2434,0.2849,12.1,0.062,,,,stpaul
2019-08-14,15900.0,0.0,23.88888888888889,0.11760000000000001,0.1274,0.1246,0.2364,0.20229999999999998,0.1455,0.1626,0.2286,0.2743,12.1,0.06,,,,stpaul
2019-08-15,15500.0,0.0,23.80952380952381,0.117,0.121,0.1184,0.2128,0.1979,0.1397,0.1522,0.2138,0.2637,12.1,0.058,,,,stpaul
2019-08-16,16000.0,0.0,23.73015873015873,0.039965,0.0609199999999999,0.05652,0.2350225,0.1375624999999999,0.083415,0.11860000000000001,0.16369999999999998,0.19576666666666664,12.1,0.056,,,,stpaul
2019-08-17,14800.0,0.0,23.650793650793652,0.0558825,0.05945999999999995,0.053610000000000005,0.14256125,0.09088124999999994,0.0541575,0.085,0.11359999999999999,0.12783333333333333,12.1,0.054,,,,stpaul
2019-08-18,18000.0,0.0,23.57142857142857,0.0718,0.058,0.0507,0.0501,0.0442,0.0249,0.0514,0.0635,0.0599,12.1,0.052000000000000005,,,,stpaul
2019-08-19,16700.0,0.0,23.49206349206349,0.07692,0.06528,0.05958,0.07855999999999999,0.07058,0.045739999999999996,0.0681,0.09318,0.0983,12.1,0.05,,,,stpaul
2019-08-20,17200.0,0.0,23.41269841269841,0.08204,0.07256,0.06846000000000001,0.10701999999999999,0.09696000000000002,0.06658,0.0848,0.12286,0.13670000000000002,12.1,0.048,,,,stpaul
2019-08-21,17900.0,0.8,23.333333333333332,0.08716,0.07984,0.07734,0.13548,0.12334000000000002,0.08742,0.1015,0.15254,0.1751,12.1,0.046,,,,stpaul
2019-08-22,18700.0,0.0,23.333333333333332,0.09228,0.08712,0.08622,0.16393999999999997,0.14972000000000002,0.10826,0.1182,0.18222,0.21350000000000002,12.1,0.044,,,,stpaul
2019-08-23,18300.0,0.0,22.77777777777778,0.0974,0.0944,0.0951,0.1924,0.1761,0.1291,0.1349,0.2119,0.2519,12.1,0.042,,,,stpaul
2019-08-24,17900.0,0.0,22.77777777777778,0.09972,0.09776,0.09752000000000001,0.20415999999999998,0.18,0.1314,0.13652,0.21012,0.24744000000000002,12.1,0.04,,,,stpaul
2019-08-25,17100.0,0.0,22.22222222222222,0.10204,0.10112,0.09994,0.21591999999999997,0.1839,0.13369999999999999,0.13813999999999999,0.20834,0.24298,12.1,0.038,,,,stpaul
2019-08-26,16500.0,0.02,21.666666666666668,0.10436,0.10447999999999999,0.10236,0.22768,0.1878,0.136,0.13976,0.20656000000000002,0.23852,12.1,0.036000000000000004,,,,stpaul
2019-08-27,16500.0,1.08,21.11111111111111,0.10668,0.10783999999999999,0.10478,0.23944,0.1917,0.1383,0.14137999999999998,0.20478000000000002,0.23406,12.1,0.034,,,,stpaul
2019-08-28,16100.0,0.09,20.0,0.109,0.1112,0.1072,0.2512,0.1956,0.1406,0.143,0.203,0.2296,12.1,0.034053435114503816,,,,stpaul
2019-08-29,15700.0,0.0,20.555555555555557,0.09709999999999999,0.1001,0.09659999999999999,0.2318,0.1873,0.13565,0.1371,0.20555,0.22455,12.1,0.03410687022900764,,,,stpaul
2019-08-30,15100.0,0.01,20.555555555555557,0.0852,0.089,0.086,0.2124,0.179,0.1307,0.1312,0.2081,0.2195,12.1,0.03416030534351145,,,,stpaul
2019-08-31,14800.0,0.0,21.11111111111111,0.11793333333333333,0.12426666666666666,0.123,0.25106666666666666,0.21756666666666666,0.1646,0.16493333333333335,0.24126666666666666,0.2607333333333333,12.1,0.03421374045801527,,,,stpaul
2019-09-01,14500.0,0.0,20.555555555555557,0.15066666666666667,0.15953333333333333,0.16,0.28973333333333334,0.2561333333333333,0.1985,0.19866666666666666,0.2744333333333333,0.30196666666666666,12.1,0.034267175572519085,,,,stpaul
2019-09-02,14000.0,0.0,21.11111111111111,0.1834,0.1948,0.197,0.3284,0.2947,0.2324,0.2324,0.3076,0.3432,12.1,0.034320610687022905,,,,stpaul
2019-09-03,15100.0,0.37,22.22222222222222,0.17540833333333333,0.18615,0.19110000000000002,0.3145833333333334,0.28429166666666666,0.22384166666666666,0.22540833333333332,0.2992083333333333,0.33371666666666666,12.1,0.03437404580152672,,,,stpaul
2019-09-04,14300.0,0.0,21.11111111111111,0.16741666666666666,0.1775,0.1852,0.3007666666666667,0.27388333333333337,0.21528333333333333,0.21841666666666665,0.29081666666666667,0.3242333333333333,12.1,0.03442748091603054,,,,stpaul
2019-09-05,14200.0,0.0,21.11111111111111,0.159425,0.16885,0.17930000000000001,0.28695000000000004,0.263475,0.206725,0.211425,0.282425,0.31475,12.1,0.03448091603053435,,,,stpaul
2019-09-06,13600.0,0.0,21.11111111111111,0.15143333333333334,0.1602,0.1734,0.27313333333333334,0.25306666666666666,0.19816666666666666,0.20443333333333333,0.27403333333333335,0.3052666666666667,12.1,0.03453435114503817,,,,stpaul
2019-09-07,13500.0,0.0,21.666666666666668,0.14344166666666666,0.15155000000000002,0.1675,0.2593166666666667,0.24265833333333336,0.18960833333333332,0.19744166666666665,0.26564166666666666,0.29578333333333334,12.1,0.03458778625954199,,,,stpaul
2019-09-08,13000.0,0.02,20.555555555555557,0.13545000000000001,0.1429,0.16160000000000002,0.2455,0.23225,0.18105,0.19045,0.25725,0.2863,12.1,0.0346412213740458,,,,stpaul
2019-09-09,12700.0,0.08,19.444444444444443,0.12745833333333334,0.13425,0.1557,0.23168333333333335,0.2218416666666667,0.17249166666666665,0.18345833333333333,0.24885833333333332,0.27681666666666666,12.1,0.03469465648854962,,,,stpaul
2019-09-10,12900.0,0.57,19.444444444444443,0.11946666666666667,0.1256,0.14980000000000002,0.21786666666666665,0.21143333333333336,0.16393333333333332,0.17646666666666666,0.24046666666666666,0.2673333333333333,12.1,0.034748091603053435,,,,stpaul
2019-09-11,14800.0,0.69,20.555555555555557,0.11147499999999999,0.11695,0.1439,0.20405,0.201025,0.15537499999999999,0.169475,0.232075,0.25785,12.1,0.034801526717557256,,,,stpaul
2019-09-12,18900.0,0.54,18.88888888888889,0.10348333333333333,0.10830000000000001,0.138,0.19023333333333334,0.19061666666666668,0.14681666666666665,0.1624833333333333,0.22368333333333335,0.24836666666666665,12.1,0.03485496183206107,,,,stpaul
2019-09-13,22500.0,1.78,18.88888888888889,0.09549166666666667,0.09965,0.1321,0.17641666666666667,0.18020833333333336,0.13825833333333332,0.15549166666666667,0.21529166666666666,0.23888333333333334,12.1,0.03490839694656489,,,,stpaul
2019-09-14,25800.0,0.0,17.77777777777778,0.0875,0.091,0.1262,0.1626,0.1698,0.1297,0.1485,0.2069,0.2294,12.1,0.034961832061068704,,,,stpaul
2019-09-15,28700.0,0.0,18.333333333333332,0.0812,0.08566666666666667,0.10653333333333334,0.1545,0.1487,0.1097,0.131,0.18496666666666667,0.20556666666666668,12.1,0.035015267175572524,,,,stpaul
2019-09-16,31400.0,0.0,18.88888888888889,0.0749,0.08033333333333333,0.08686666666666668,0.1464,0.1276,0.0897,0.11349999999999999,0.16303333333333334,0.18173333333333333,12.1,0.03506870229007634,,,,stpaul
2019-09-17,34700.0,0.0,19.444444444444443,0.0686,0.075,0.0672,0.1383,0.1065,0.0697,0.096,0.1411,0.1579,12.1,0.03512213740458015,,,,stpaul
2019-09-18,38200.0,0.03,20.0,0.061799999999999994,0.06889999999999999,0.06309999999999999,0.15265,0.12334999999999999,0.08495,0.1041,0.1545,0.169,12.1,0.03517557251908397,,,,stpaul
2019-09-19,40600.0,0.26,20.555555555555557,0.055,0.0628,0.059,0.167,0.1402,0.1002,0.1122,0.1679,0.1801,12.1,0.035229007633587786,,,,stpaul
2019-09-20,42300.0,0.0,21.666666666666668,0.055322222222222224,0.06330555555555555,0.05952222222222222,0.16691111111111112,0.14017777777777776,0.09999444444444444,0.11208888888888888,0.16815555555555556,0.1804888888888889,12.1,0.03528244274809161,,,,stpaul
2019-09-21,43700.0,0.0,22.22222222222222,0.05564444444444445,0.06381111111111111,0.06004444444444444,0.16682222222222223,0.14015555555555556,0.09978888888888889,0.11197777777777777,0.1684111111111111,0.18087777777777778,12.1,0.03533587786259542,,,,stpaul
2019-09-22,44500.0,0.0,21.666666666666668,0.055966666666666665,0.06431666666666666,0.060566666666666664,0.16673333333333334,0.14013333333333333,0.09958333333333333,0.11186666666666667,0.16866666666666666,0.1812666666666667,12.1,0.03538931297709924,,,,stpaul
2019-09-23,44700.0,0.0,21.11111111111111,0.05628888888888889,0.06482222222222223,0.06108888888888889,0.16664444444444446,0.1401111111111111,0.09937777777777777,0.11175555555555555,0.16892222222222222,0.18165555555555557,12.1,0.035442748091603055,,,,stpaul
2019-09-24,44900.0,0.0,20.555555555555557,0.05661111111111111,0.06532777777777778,0.06161111111111111,0.16655555555555557,0.14008888888888887,0.09917222222222222,0.11164444444444444,0.16917777777777776,0.18204444444444445,12.1,0.035496183206106875,,,,stpaul
2019-09-25,44500.0,0.65,20.555555555555557,0.056933333333333336,0.06583333333333333,0.06213333333333333,0.16646666666666668,0.14006666666666667,0.09896666666666666,0.11153333333333333,0.16943333333333332,0.18243333333333334,12.1,0.03554961832061069,,,,stpaul
2019-09-26,43200.0,0.0,18.88888888888889,0.05725555555555556,0.06633888888888889,0.06265555555555555,0.1663777777777778,0.14004444444444444,0.0987611111111111,0.11142222222222223,0.1696888888888889,0.18282222222222222,12.1,0.03560305343511451,,,,stpaul
2019-09-27,41500.0,0.0,18.88888888888889,0.057577777777777776,0.06684444444444444,0.06317777777777778,0.1662888888888889,0.14002222222222221,0.09855555555555555,0.11131111111111111,0.16994444444444443,0.1832111111111111,12.1,0.03565648854961832,,,,stpaul
2019-09-28,39600.0,0.0,17.77777777777778,0.0579,0.06735,0.0637,0.16620000000000001,0.14,0.09834999999999999,0.1112,0.1702,0.18359999999999999,12.1,0.03570992366412214,,,,stpaul
2019-09-29,37900.0,0.24,17.22222222222222,0.058222222222222224,0.06785555555555556,0.06422222222222222,0.1661111111111111,0.13997777777777778,0.09814444444444445,0.11108888888888889,0.17045555555555555,0.1839888888888889,12.1,0.03576335877862596,,,,stpaul
2019-09-30,37000.0,0.0,16.666666666666668,0.05854444444444445,0.06836111111111111,0.06474444444444444,0.1660222222222222,0.13995555555555556,0.0979388888888889,0.11097777777777779,0.1707111111111111,0.18437777777777778,12.1,0.03581679389312977,,,,stpaul
2019-10-01,37600.0,0.0,17.77777777777778,0.058866666666666664,0.06886666666666667,0.06526666666666667,0.16593333333333332,0.13993333333333333,0.09773333333333334,0.11086666666666667,0.17096666666666666,0.18476666666666666,12.1,0.03587022900763359,,,,stpaul
2019-10-02,39800.0,0.0,16.11111111111111,0.05918888888888889,0.06937222222222222,0.0657888888888889,0.16584444444444443,0.13991111111111112,0.09752777777777778,0.11075555555555555,0.17122222222222222,0.18515555555555555,12.1,0.035923664122137405,,,,stpaul
2019-10-03,40500.0,0.54,15.555555555555555,0.05951111111111111,0.06987777777777779,0.06631111111111111,0.16575555555555554,0.1398888888888889,0.09732222222222223,0.11064444444444445,0.17147777777777776,0.18554444444444443,12.1,0.035977099236641226,,,,stpaul
2019-10-04,41500.0,0.0,14.444444444444445,0.059833333333333336,0.07038333333333334,0.06683333333333333,0.16566666666666666,0.13986666666666667,0.09711666666666667,0.11053333333333334,0.17173333333333332,0.18593333333333334,12.1,0.03603053435114504,,,,stpaul
2019-10-05,45400.0,0.5,13.333333333333334,0.06015555555555556,0.07088888888888889,0.06735555555555556,0.16557777777777777,0.13984444444444444,0.09691111111111111,0.11042222222222223,0.17198888888888889,0.18632222222222222,12.1,0.03608396946564886,,,,stpaul
2019-10-06,48900.0,0.0,12.777777777777779,0.060477777777777776,0.07139444444444445,0.06787777777777779,0.16548888888888888,0.13982222222222224,0.09670555555555556,0.11031111111111111,0.17224444444444442,0.1867111111111111,12.1,0.036137404580152674,,,,stpaul
2019-10-07,51900.0,0.0,12.777777777777779,0.0608,0.0719,0.0684,0.1654,0.1398,0.0965,0.1102,0.1725,0.1871,12.1,0.03619083969465649,,,,stpaul
2019-10-08,55400.0,0.0,12.222222222222221,0.0629,0.07635,0.0738,0.1684,0.14685,0.1067,0.11545,0.17545,0.19365,12.1,0.03624427480916031,,,,stpaul
2019-10-09,58100.0,0.0,12.777777777777779,0.065,0.0808,0.0792,0.1714,0.1539,0.1169,0.1207,0.1784,0.2002,12.1,0.03629770992366412,,,,stpaul
2019-10-10,60900.0,0.12,13.333333333333334,0.06464,0.0804,0.07864,0.1754,0.15262,0.11486,0.1233,0.17928,0.1961,12.1,0.03635114503816794,,,,stpaul
2019-10-11,63900.0,0.53,12.777777777777779,0.06428,0.08,0.07808,0.1794,0.15134,0.11282,0.1259,0.18016,0.192,12.1,0.036404580152671756,,,,stpaul
2019-10-12,65700.0,0.03,11.11111111111111,0.06392,0.07959999999999999,0.07752,0.18339999999999998,0.15006,0.11078,0.1285,0.18104,0.18789999999999998,12.1,0.03645801526717558,,,,stpaul
2019-10-13,66000.0,0.0,10.0,0.06356,0.07919999999999999,0.07696,0.18739999999999998,0.14878,0.10874,0.13110000000000002,0.18192,0.1838,12.1,0.03651145038167939,,,,stpaul
2019-10-14,65400.0,0.0,9.444444444444445,0.0632,0.0788,0.0764,0.1914,0.1475,0.1067,0.1337,0.1828,0.1797,12.1,0.03656488549618321,,,,stpaul
2019-10-15,63600.0,0.05,9.444444444444445,0.0649,0.07936666666666667,0.07576666666666666,0.17376666666666665,0.14303333333333332,0.10426666666666667,0.12573333333333334,0.17183333333333334,0.17356666666666667,12.1,0.036618320610687025,,,,stpaul
2019-10-16,61200.0,0.0,8.88888888888889,0.0666,0.07993333333333333,0.07513333333333333,0.15613333333333335,0.13856666666666667,0.10183333333333333,0.11776666666666667,0.16086666666666666,0.16743333333333332,12.1,0.03667175572519084,,,,stpaul
2019-10-17,58500.0,0.0,8.88888888888889,0.0683,0.0805,0.0745,0.1385,0.1341,0.0994,0.1098,0.1499,0.1613,12.1,0.03672519083969466,,,,stpaul
2019-10-18,55800.0,0.0,8.88888888888889,0.06534999999999999,0.08495,0.08445,0.19595,0.15505,0.1116,0.13275,0.172,0.19605,12.1,0.03677862595419847,,,,stpaul
2019-10-19,53000.0,0.0,9.444444444444445,0.0624,0.0894,0.0944,0.2534,0.176,0.1238,0.1557,0.1941,0.2308,12.1,0.03683206106870229,,,,stpaul
2019-10-20,50200.0,0.0,9.444444444444445,0.06598,0.09096,0.09638,0.24564000000000002,0.17581,0.12432,0.15371,0.19179,0.22413,12.1,0.03688549618320611,,,,stpaul
2019-10-21,48800.0,0.05,10.555555555555555,0.06956,0.09251999999999999,0.09836,0.23788,0.17562,0.12483999999999999,0.15172,0.18948,0.21746000000000001,12.1,0.03693893129770993,,,,stpaul
2019-10-22,47800.0,1.14,10.0,0.07314,0.09408,0.10034,0.23012000000000002,0.17543,0.12536,0.14973,0.18717,0.21079,12.1,0.03699236641221374,,,,stpaul
2019-10-23,48100.0,0.0,9.444444444444445,0.07672,0.09563999999999999,0.10232,0.22236,0.17524,0.12588,0.14774,0.18486,0.20412,12.1,0.03704580152671756,,,,stpaul
2019-10-24,49700.0,0.0,8.88888888888889,0.0803,0.0972,0.1043,0.2146,0.17504999999999998,0.1264,0.14575,0.18255,0.19745000000000001,12.1,0.037099236641221375,,,,stpaul
2019-10-25,51300.0,0.0,8.333333333333334,0.08388,0.09875999999999999,0.10628,0.20684000000000002,0.17486,0.12692,0.14376,0.18024,0.19078,12.1,0.037152671755725196,,,,stpaul
2019-10-26,53100.0,0.0,7.777777777777778,0.08746,0.10031999999999999,0.10826,0.19908,0.17467,0.12744,0.14177,0.17793,0.18411,12.1,0.03720610687022901,,,,stpaul
2019-10-27,54600.0,0.0,7.777777777777778,0.09104,0.10188,0.11024,0.19132000000000002,0.17448,0.12796,0.13978000000000002,0.17562,0.17744,12.1,0.03725954198473282,,,,stpaul
2019-10-28,56100.0,0.0,7.222222222222222,0.09462,0.10343999999999999,0.11222,0.18356,0.17429,0.12848,0.13779,0.17331000000000002,0.17077,12.1,0.037312977099236644,,,,stpaul
2019-10-29,57200.0,0.0,6.666666666666667,0.0982,0.105,0.1142,0.1758,0.1741,0.129,0.1358,0.171,0.1641,12.1,0.03736641221374046,,,,stpaul
2019-10-30,57700.0,0.0,6.111111111111111,0.096472,0.1032,0.112468,0.173512,0.172052,0.127696,0.13453600000000002,0.168888,0.162392,12.1,0.03741984732824428,,,,stpaul
2019-10-31,57700.0,0.0,5.555555555555555,0.094744,0.10139999999999999,0.110736,0.17122400000000002,0.17000400000000002,0.126392,0.133272,0.166776,0.160684,12.1,0.03747328244274809,,,,stpaul
2019-11-01,56700.0,0.0,5.0,0.093016,0.0996,0.10900399999999999,0.168936,0.167956,0.125088,0.13200800000000001,0.164664,0.158976,12.1,0.03752671755725191,,,,stpaul
2019-11-02,55100.0,0.0,4.814814814814815,0.091288,0.0978,0.10727199999999999,0.16664800000000002,0.165908,0.123784,0.130744,0.162552,0.157268,12.1,0.037580152671755726,,,,stpaul
2019-11-03,53500.0,0.0,4.62962962962963,0.08956,0.096,0.10554,0.16436,0.16386,0.12248,0.12948,0.16044,0.15556,12.1,0.03763358778625955,,,,stpaul
2019-11-04,51200.0,0.0,4.444444444444445,0.087832,0.09419999999999999,0.103808,0.162072,0.161812,0.121176,0.128216,0.15832800000000002,0.153852,12.1,0.03768702290076336,,,,stpaul
2019-11-05,48700.0,0.0,3.3333333333333335,0.086104,0.0924,0.102076,0.159784,0.15976400000000002,0.119872,0.126952,0.15621600000000002,0.152144,12.1,0.03774045801526718,,,,stpaul
2019-11-06,46700.0,0.0,3.888888888888889,0.08437599999999999,0.0906,0.100344,0.157496,0.157716,0.118568,0.125688,0.15410400000000002,0.150436,12.1,0.037793893129770995,,,,stpaul
2019-11-07,44900.0,0.0,2.2222222222222223,0.082648,0.08879999999999999,0.098612,0.155208,0.155668,0.11726400000000001,0.124424,0.15199200000000002,0.148728,12.1,0.03784732824427481,,,,stpaul
2019-11-08,42900.0,0.0,2.2222222222222223,0.08091999999999999,0.087,0.09688,0.15292,0.15362,0.11596000000000001,0.12316,0.14988,0.14701999999999998,12.1,0.03790076335877863,,,,stpaul
2019-11-09,40900.0,0.0,2.2222222222222223,0.079192,0.0852,0.095148,0.15063200000000002,0.151572,0.11465600000000001,0.121896,0.147768,0.145312,12.1,0.03795419847328244,,,,stpaul
2019-11-10,39500.0,0.0,2.2222222222222223,0.077464,0.0834,0.093416,0.148344,0.149524,0.11335200000000001,0.120632,0.145656,0.143604,12.1,0.03800763358778626,,,,stpaul
2019-11-11,37900.0,0.0,0.5555555555555556,0.075736,0.08159999999999999,0.091684,0.14605600000000002,0.147476,0.11204800000000001,0.119368,0.143544,0.141896,12.1,0.03806106870229008,,,,stpaul
2019-11-12,34100.0,0.0,0.0,0.074008,0.0798,0.089952,0.143768,0.145428,0.110744,0.118104,0.141432,0.14018799999999998,12.1,0.0381145038167939,,,,stpaul
2019-11-13,31100.0,0.0,0.5555555555555556,0.07228,0.078,0.08822,0.14148,0.14338,0.10944,0.11684,0.13932,0.13848,12.1,0.03816793893129771,,,,stpaul
2019-11-14,29200.0,0.0,0.0,0.070552,0.07619999999999999,0.08648800000000001,0.139192,0.141332,0.108136,0.115576,0.137208,0.136772,12.1,0.03822137404580153,,,,stpaul
2019-11-15,28900.0,0.0,0.5555555555555556,0.068824,0.0744,0.084756,0.136904,0.139284,0.106832,0.114312,0.135096,0.135064,12.1,0.038274809160305345,,,,stpaul
2019-11-16,30400.0,0.0,0.5555555555555556,0.067096,0.0726,0.083024,0.134616,0.137236,0.105528,0.11304800000000001,0.132984,0.133356,12.1,0.03832824427480916,,,,stpaul
2019-11-17,30100.0,0.12,1.6666666666666667,0.06536800000000001,0.0708,0.081292,0.132328,0.135188,0.104224,0.111784,0.130872,0.131648,12.1,0.03838167938931298,,,,stpaul
2019-11-18,30200.0,0.0,1.6666666666666667,0.06364,0.069,0.07956,0.13004,0.13313999999999998,0.10292,0.11052000000000001,0.12875999999999999,0.12994,12.1,0.03843511450381679,,,,stpaul
2019-11-19,30100.0,0.11,2.2222222222222223,0.061912,0.0672,0.07782800000000001,0.127752,0.131092,0.101616,0.109256,0.126648,0.12823199999999998,12.1,0.038488549618320614,,,,stpaul
2019-11-20,29800.0,0.0,2.2222222222222223,0.060184,0.0654,0.076096,0.125464,0.129044,0.100312,0.107992,0.12453600000000001,0.126524,12.1,0.03854198473282443,,,,stpaul
2019-11-21,30200.0,0.38,2.2222222222222223,0.058456,0.06359999999999999,0.07436400000000001,0.12317600000000001,0.126996,0.099008,0.106728,0.122424,0.124816,12.1,0.03859541984732825,,,,stpaul
2019-11-22,30200.0,0.09,2.2222222222222223,0.056728,0.061799999999999994,0.072632,0.120888,0.124948,0.097704,0.105464,0.120312,0.123108,12.1,0.03864885496183206,,,,stpaul
2019-11-23,29400.0,0.0,2.2222222222222223,0.055,0.06,0.0709,0.1186,0.1229,0.0964,0.1042,0.1182,0.1214,12.1,0.03870229007633588,,,,stpaul
2019-11-24,29000.0,0.0,2.2222222222222223,0.10677999999999999,0.10483999999999999,0.11905,0.16514,0.12054999999999999,0.09715,0.15023999999999998,0.1652,0.16224,12.1,0.038755725190839696,,,,stpaul
2019-11-25,29200.0,0.0,2.7777777777777777,0.15855999999999998,0.14967999999999998,0.16720000000000002,0.21167999999999998,0.1182,0.0979,0.19628,0.2122,0.20307999999999998,12.1,0.03880916030534351,,,,stpaul
2019-11-26,29100.0,0.0,2.7777777777777777,0.21033999999999997,0.19452,0.21534999999999999,0.25822,0.11585,0.09865,0.24231999999999998,0.2592,0.24392,12.1,0.03886259541984733,,,,stpaul
2019-11-27,29300.0,0.43,1.6666666666666667,0.26211999999999996,0.23936,0.2635,0.30476,0.1135,0.0994,0.28836,0.3062,0.28476,12.1,0.038916030534351144,,,,stpaul
2019-11-28,29000.0,0.0,1.6666666666666667,0.31389999999999996,0.2842,0.31165,0.3513,0.11115,0.10015,0.3344,0.35319999999999996,0.3256,12.1,0.038969465648854965,,,,stpaul
2019-11-29,27800.0,0.0,1.6666666666666667,0.36567999999999995,0.32904,0.3598,0.39783999999999997,0.10880000000000001,0.1009,0.38044,0.4002,0.36644,12.1,0.03902290076335878,,,,stpaul
2019-11-30,26800.0,0.0,1.6666666666666667,0.41745999999999994,0.37388,0.40795,0.44437999999999994,0.10645,0.10165,0.42648,0.44720000000000004,0.40728000000000003,12.1,0.0390763358778626,,,,stpaul
2019-12-01,26100.0,0.0,1.6666666666666667,0.46923999999999993,0.41872,0.4561,0.49091999999999997,0.1041,0.1024,0.47252,0.4942,0.44812,12.1,0.03912977099236641,,,,stpaul
2019-12-02,25900.0,0.08,0.5555555555555556,0.5210199999999999,0.46355999999999997,0.50425,0.53746,0.10175000000000001,0.10315,0.5185599999999999,0.5412,0.48896,12.1,0.03918320610687023,,,,stpaul
2019-12-03,23700.0,0.0,0.5555555555555556,0.5728,0.5084,0.5524,0.584,0.0994,0.1039,0.5646,0.5882,0.5298,12.1,0.03923664122137405,,,,stpaul
2019-12-04,24100.0,0.0,1.1111111111111112,0.5536388888888889,0.49126666666666663,0.5322277777777777,0.5634722222222222,0.09681111111111111,0.1011888888888889,0.5466666666666666,0.5679888888888889,0.5131055555555556,12.1,0.03929007633587787,,,,stpaul
2019-12-05,24600.0,0.0,0.5555555555555556,0.5344777777777777,0.4741333333333333,0.5120555555555556,0.5429444444444445,0.09422222222222222,0.09847777777777779,0.5287333333333333,0.5477777777777777,0.49641111111111114,12.1,0.03934351145038168,,,,stpaul
2019-12-06,24500.0,0.0,0.5555555555555556,0.5153166666666666,0.45699999999999996,0.49188333333333334,0.5224166666666666,0.09163333333333333,0.09576666666666667,0.5108,0.5275666666666666,0.4797166666666667,12.1,0.0393969465648855,,,,stpaul
2019-12-07,24400.0,0.0,0.5555555555555556,0.4961555555555555,0.43986666666666663,0.47171111111111114,0.5018888888888888,0.08904444444444445,0.09305555555555556,0.4928666666666667,0.5073555555555556,0.4630222222222223,12.1,0.039450381679389315,,,,stpaul
2019-12-08,24600.0,0.0,1.1111111111111112,0.4769944444444444,0.4227333333333333,0.45153888888888893,0.48136111111111113,0.08645555555555556,0.09034444444444445,0.4749333333333333,0.4871444444444444,0.4463277777777778,12.1,0.03950381679389313,,,,stpaul
2019-12-09,24400.0,0.0,1.1111111111111112,0.4578333333333333,0.40559999999999996,0.4313666666666667,0.4608333333333333,0.08386666666666667,0.08763333333333334,0.45699999999999996,0.4669333333333333,0.42963333333333337,12.1,0.03955725190839695,,,,stpaul
2019-12-10,21500.0,0.0,0.0,0.4386722222222222,0.3884666666666666,0.4111944444444445,0.44030555555555556,0.08127777777777778,0.08492222222222223,0.43906666666666666,0.4467222222222222,0.4129388888888889,12.1,0.03961068702290076,,,,stpaul
2019-12-11,15500.0,0.0,0.0,0.41951111111111106,0.3713333333333333,0.39102222222222227,0.4197777777777778,0.07868888888888889,0.08221111111111112,0.42113333333333336,0.42651111111111106,0.3962444444444445,12.1,0.039664122137404584,,,,stpaul
2019-12-12,15200.0,0.0,0.5555555555555556,0.40035,0.35419999999999996,0.37085,0.39925,0.0761,0.0795,0.4032,0.40629999999999994,0.37955000000000005,12.1,0.0397175572519084,,,,stpaul
2019-12-13,20500.0,0.0,0.5555555555555556,0.38118888888888885,0.3370666666666666,0.3506777777777778,0.37872222222222224,0.07351111111111111,0.07678888888888889,0.38526666666666665,0.3860888888888888,0.3628555555555556,12.1,0.03977099236641222,,,,stpaul
2019-12-14,20900.0,0.11,0.5555555555555556,0.3620277777777777,0.3199333333333333,0.3305055555555556,0.3581944444444445,0.07092222222222222,0.07407777777777778,0.36733333333333335,0.36587777777777775,0.34616111111111114,12.1,0.03982442748091603,,,,stpaul
2019-12-15,19600.0,0.0,0.5555555555555556,0.34286666666666665,0.3028,0.31033333333333335,0.33766666666666667,0.06833333333333333,0.07136666666666668,0.3494,0.3456666666666666,0.3294666666666667,12.1,0.03987786259541985,,,,stpaul
2019-12-16,20200.0,0.0,0.5555555555555556,0.3237055555555555,0.2856666666666667,0.29016111111111115,0.3171388888888889,0.06574444444444444,0.06865555555555555,0.3314666666666667,0.3254555555555555,0.31277222222222223,12.1,0.039931297709923666,,,,stpaul
2019-12-17,22700.0,0.0,0.5555555555555556,0.3045444444444444,0.26853333333333335,0.26998888888888894,0.29661111111111116,0.06315555555555556,0.06594444444444444,0.31353333333333333,0.30524444444444443,0.2960777777777778,12.1,0.03998473282442748,,,,stpaul
2019-12-18,21400.0,0.0,0.5555555555555556,0.2853833333333333,0.2514,0.2498166666666667,0.27608333333333335,0.06056666666666667,0.06323333333333334,0.29560000000000003,0.2850333333333333,0.2793833333333334,12.1,0.0400381679389313,,,,stpaul
2019-12-19,21400.0,0.0,0.5555555555555556,0.2662222222222222,0.23426666666666668,0.22964444444444448,0.2555555555555556,0.05797777777777778,0.06052222222222223,0.2776666666666667,0.2648222222222222,0.2626888888888889,12.1,0.040091603053435114,,,,stpaul
2019-12-20,23400.0,0.0,0.0,0.24706111111111106,0.21713333333333334,0.20947222222222228,0.23502777777777784,0.05538888888888889,0.05781111111111112,0.2597333333333333,0.24461111111111106,0.24599444444444446,12.1,0.040145038167938935,,,,stpaul
2019-12-21,24900.0,0.0,0.07936507936507937,0.2279,0.2,0.1893,0.2145,0.0528,0.0551,0.2418,0.2244,0.2293,12.1,0.04019847328244275,,,,stpaul
2019-12-22,25100.0,0.0,0.15873015873015875,0.23721,0.20745000000000002,0.193,0.21558,0.05043,0.052320000000000005,0.24564,0.22943,0.234,12.1,0.04025190839694657,,,,stpaul
2019-12-23,25400.0,0.0,0.23809523809523814,0.24652,0.2149,0.19669999999999999,0.21666,0.04806,0.04954,0.24947999999999998,0.23446,0.2387,12.1,0.04030534351145038,,,,stpaul
2019-12-24,25400.0,0.0,0.3174603174603175,0.25583,0.22235000000000002,0.2004,0.21774,0.04569,0.04676,0.25332,0.23948999999999998,0.2434,12.1,0.0403587786259542,,,,stpaul
2019-12-25,24500.0,0.0,0.39682539682539686,0.26514,0.2298,0.2041,0.21882,0.04332,0.043980000000000005,0.25716,0.24452,0.2481,12.1,0.04041221374045802,,,,stpaul
2019-12-26,22200.0,0.0,0.4761904761904763,0.27444999999999997,0.23725000000000002,0.20779999999999998,0.21989999999999998,0.04095,0.0412,0.261,0.24955,0.2528,12.1,0.04046564885496183,,,,stpaul
2019-12-27,21600.0,0.0,0.5555555555555556,0.28376,0.24470000000000003,0.2115,0.22098,0.03858,0.03842,0.26484,0.25458,0.2575,12.1,0.04051908396946565,,,,stpaul
2019-12-28,21000.0,0.0,0.5555555555555556,0.29307,0.25215000000000004,0.2152,0.22206,0.036210000000000006,0.035640000000000005,0.26868,0.25961,0.2622,12.1,0.040572519083969465,,,,stpaul
2019-12-29,22700.0,0.0,0.5555555555555556,0.30238,0.2596,0.2189,0.22314,0.03384,0.03286,0.27252,0.26464,0.26689999999999997,12.1,0.040625954198473285,,,,stpaul
2019-12-30,23200.0,0.0,0.5555555555555556,0.31169,0.26705,0.2226,0.22422,0.03147,0.03008,0.27636,0.26967,0.2716,12.1,0.0406793893129771,,,,stpaul
2019-12-31,22300.0,0.0,0.5555555555555556,0.321,0.2745,0.2263,0.2253,0.0291,0.0273,0.2802,0.2747,0.2763,12.1,0.04073282442748092,,,,stpaul
2020-01-01,21900.0,0.0,0.0,0.32685000000000003,0.28049,0.23522,0.234585,0.03308,0.0318,0.292645,0.28756,0.28759,12.1,0.04078625954198473,,,,stpaul
2020-01-02,24100.0,0.0,0.5555555555555556,0.3327,0.28648,0.24414,0.24387,0.03706,0.0363,0.30509000000000003,0.30042,0.29888,12.1,0.040839694656488554,,,,stpaul
2020-01-03,25000.0,0.0,0.5555555555555556,0.33855,0.29247,0.25306,0.253155,0.04104,0.0408,0.317535,0.31328,0.31017,12.1,0.04089312977099237,,,,stpaul
2020-01-04,24200.0,0.0,0.5555555555555556,0.3444,0.29846,0.26198,0.26244,0.045020000000000004,0.0453,0.32998,0.32614,0.32145999999999997,12.1,0.04094656488549618,,,,stpaul
2020-01-05,24100.0,0.0,0.5555555555555556,0.35025,0.30445,0.27090000000000003,0.271725,0.049,0.0498,0.342425,0.339,0.33275,12.1,0.041,,,,stpaul
2020-01-06,23900.0,0.0,0.5555555555555556,0.35609999999999997,0.31044,0.27982,0.28101,0.05298,0.0543,0.35487,0.35186,0.34404,12.1,0.041053435114503815,,,,stpaul
2020-01-07,24000.0,0.0,0.5555555555555556,0.36195,0.31643,0.28874,0.29029499999999997,0.05696,0.058800000000000005,0.367315,0.36472000000000004,0.35533,12.1,0.041106870229007636,,,,stpaul
2020-01-08,21800.0,0.0,0.0,0.3678,0.32242,0.29766000000000004,0.29957999999999996,0.06094,0.0633,0.37976,0.37758,0.36662,12.1,0.04116030534351145,,,,stpaul
2020-01-09,21500.0,0.0,0.0,0.37365,0.32841,0.30658,0.308865,0.06492,0.0678,0.392205,0.39044,0.37790999999999997,12.1,0.04121374045801527,,,,stpaul
2020-01-10,22100.0,0.0,0.0,0.3795,0.33440000000000003,0.3155,0.31815,0.0689,0.0723,0.40465,0.4033,0.3892,12.1,0.041267175572519084,,,,stpaul
2020-01-11,22500.0,0.0,0.0,0.38534999999999997,0.34038999999999997,0.32442000000000004,0.327435,0.07288,0.0768,0.417095,0.41616000000000003,0.40049,12.1,0.041320610687022905,,,,stpaul
2020-01-12,20300.0,0.0,0.0,0.3912,0.34638,0.33334,0.33671999999999996,0.07686,0.0813,0.42954000000000003,0.42902,0.41178,12.1,0.04137404580152672,,,,stpaul
2020-01-13,19100.0,0.07,0.0,0.39705,0.35236999999999996,0.34226,0.346005,0.08084,0.0858,0.441985,0.44188000000000005,0.42306999999999995,12.1,0.04142748091603054,,,,stpaul
2020-01-14,20000.0,0.18,0.0,0.4029,0.35836,0.35118000000000005,0.35529,0.08482,0.0903,0.45443,0.45474000000000003,0.43435999999999997,12.1,0.04148091603053435,,,,stpaul
2020-01-15,22200.0,0.0,0.5555555555555556,0.40875,0.36435,0.3601,0.364575,0.0888,0.0948,0.46687500000000004,0.4676,0.44565,12.1,0.04153435114503817,,,,stpaul
2020-01-16,22500.0,0.0,0.0,0.41459999999999997,0.37034,0.36902,0.37385999999999997,0.09278,0.0993,0.47932,0.48046,0.45694,12.1,0.04158778625954199,,,,stpaul
2020-01-17,19700.0,0.0,0.0,0.42045,0.37633,0.37794000000000005,0.38314499999999996,0.09676,0.1038,0.491765,0.49332000000000004,0.46823,12.1,0.0416412213740458,,,,stpaul
2020-01-18,21100.0,0.36,0.0,0.4263,0.38232,0.38686,0.39242999999999995,0.10074,0.1083,0.50421,0.5061800000000001,0.47951999999999995,12.1,0.04169465648854962,,,,stpaul
2020-01-19,20000.0,0.02,0.0,0.43215,0.38831,0.39578,0.40171499999999993,0.10472000000000001,0.1128,0.5166550000000001,0.5190400000000001,0.49080999999999997,12.1,0.041748091603053435,,,,stpaul
2020-01-20,20500.0,0.03,0.0,0.438,0.3943,0.4047,0.411,0.1087,0.1173,0.5291,0.5319,0.5021,12.1,0.041801526717557255,,,,stpaul
2020-01-21,19200.0,0.0,0.0,0.42438333333333333,0.38354166666666667,0.39195833333333335,0.3994333333333333,0.10720833333333334,0.11476666666666667,0.5099166666666667,0.5111,0.4826333333333333,12.1,0.04185496183206107,,,,stpaul
2020-01-22,19800.0,0.0,0.0,0.41076666666666667,0.3727833333333333,0.37921666666666665,0.38786666666666664,0.10571666666666667,0.11223333333333334,0.49073333333333335,0.4903,0.46316666666666667,12.1,0.04190839694656489,,,,stpaul
2020-01-23,22800.0,0.3,0.0,0.39715,0.362025,0.366475,0.37629999999999997,0.10422500000000001,0.1097,0.47155,0.46950000000000003,0.4437,12.1,0.0419618320610687,,,,stpaul
2020-01-24,23000.0,0.02,0.0,0.38353333333333334,0.35126666666666667,0.35373333333333334,0.3647333333333333,0.10273333333333334,0.10716666666666667,0.4523666666666667,0.44870000000000004,0.42423333333333335,12.1,0.042015267175572524,,,,stpaul
2020-01-25,22300.0,0.0,0.0,0.36991666666666667,0.3405083333333333,0.3409916666666667,0.35316666666666663,0.10124166666666667,0.10463333333333333,0.43318333333333336,0.42790000000000006,0.40476666666666666,12.1,0.04206870229007634,,,,stpaul
2020-01-26,21500.0,0.0,0.5555555555555556,0.3563,0.32975,0.32825000000000004,0.3416,0.09975,0.1021,0.41400000000000003,0.4071,0.3853,12.1,0.04212213740458015,,,,stpaul
2020-01-27,20500.0,0.0,0.0,0.34268333333333334,0.3189916666666667,0.31550833333333334,0.33003333333333335,0.09825833333333334,0.09956666666666666,0.3948166666666667,0.38630000000000003,0.36583333333333334,12.1,0.04217557251908397,,,,stpaul
2020-01-28,19100.0,0.0,0.5555555555555556,0.3290666666666667,0.3082333333333333,0.3027666666666667,0.3184666666666667,0.09676666666666667,0.09703333333333333,0.3756333333333334,0.36550000000000005,0.3463666666666667,12.1,0.042229007633587785,,,,stpaul
2020-01-29,18600.0,0.0,0.5555555555555556,0.31545,0.297475,0.29002500000000003,0.3069,0.095275,0.0945,0.35645000000000004,0.3447,0.3269,12.1,0.042282442748091606,,,,stpaul
2020-01-30,18300.0,0.0,0.0,0.30183333333333334,0.2867166666666666,0.2772833333333333,0.29533333333333334,0.09378333333333334,0.09196666666666667,0.3372666666666667,0.3239,0.30743333333333334,12.1,0.04233587786259542,,,,stpaul
2020-01-31,18700.0,0.0,0.5555555555555556,0.2882166666666667,0.2759583333333333,0.2645416666666667,0.28376666666666667,0.09229166666666667,0.08943333333333334,0.3180833333333334,0.30310000000000004,0.2879666666666667,12.1,0.04238931297709924,,,,stpaul
2020-02-01,17900.0,0.0,0.5555555555555556,0.2746,0.2652,0.2518,0.2722,0.0908,0.0869,0.2989,0.2823,0.2685,12.1,0.042442748091603054,,,,stpaul
2020-02-02,17500.0,0.0,0.5555555555555556,0.25392000000000003,0.24508,0.23516,0.25544,0.09072000000000001,0.0877,0.2847,0.274,0.25982,12.1,0.042496183206106874,,,,stpaul
2020-02-03,17400.0,0.0,0.5555555555555556,0.23324,0.22496,0.21852000000000002,0.23868,0.09064,0.0885,0.2705,0.2657,0.25114000000000003,12.1,0.04254961832061069,,,,stpaul
2020-02-04,16700.0,0.0,0.5555555555555556,0.21256,0.20484,0.20188,0.22192,0.09056,0.0893,0.2563,0.25739999999999996,0.24246,12.1,0.0426030534351145,,,,stpaul
2020-02-05,16600.0,0.0,0.0,0.19188,0.18472,0.18524000000000002,0.20516,0.09047999999999999,0.0901,0.24209999999999998,0.2491,0.23378,12.1,0.04265648854961832,,,,stpaul
2020-02-06,17000.0,0.0,0.5555555555555556,0.1712,0.1646,0.1686,0.1884,0.0904,0.0909,0.2279,0.2408,0.2251,12.1,0.04270992366412214,,,,stpaul
2020-02-07,17700.0,0.0,0.5555555555555556,0.12627624999999998,0.152745,0.15863624999999995,0.18940875000000001,0.08296124999999994,0.0839125,0.2418076923076923,0.2548307692307692,0.24123076923076922,12.1,0.04276335877862596,,,,stpaul
2020-02-08,15900.0,0.0,0.5555555555555556,0.0813525,0.14089,0.1486724999999999,0.1904175,0.0755224999999999,0.076925,0.2557153846153846,0.26886153846153843,0.2573615384615385,12.1,0.04281679389312977,,,,stpaul
2020-02-09,16500.0,0.33,0.0,0.10277499999999999,0.15695454545454546,0.166365909090909,0.20299772727272727,0.08053863636363627,0.08308636363636362,0.2696230769230769,0.28289230769230767,0.2734923076923077,12.1,0.04287022900763359,,,,stpaul
2020-02-10,16400.0,0.11,0.0,0.12419749999999999,0.1730190909090909,0.1840593181818181,0.21557795454545453,0.08555477272727265,0.08924772727272727,0.28353076923076925,0.2969230769230769,0.2896230769230769,12.1,0.042923664122137405,,,,stpaul
2020-02-11,16300.0,0.0,0.0,0.14562,0.18908363636363634,0.2017527272727272,0.22815818181818182,0.09057090909090902,0.0954090909090909,0.29743846153846154,0.31095384615384614,0.30575384615384615,12.1,0.042977099236641225,,,,stpaul
2020-02-12,15500.0,0.0,0.0,0.16704249999999998,0.2051481818181818,0.2194461363636363,0.24073840909090907,0.0955870454545454,0.10157045454545455,0.31134615384615383,0.32498461538461537,0.3218846153846154,12.1,0.04303053435114504,,,,stpaul
2020-02-13,15700.0,0.0,0.0,0.188465,0.22121272727272728,0.2371395454545454,0.2533186363636364,0.10060318181818177,0.10773181818181818,0.3252538461538461,0.3390153846153846,0.3380153846153846,12.1,0.04308396946564885,,,,stpaul
2020-02-14,13900.0,0.0,0.0,0.2098875,0.23727727272727273,0.2548329545454545,0.2658988636363636,0.10561931818181813,0.11389318181818181,0.33916153846153846,0.35304615384615384,0.3541461538461539,12.1,0.04313740458015267,,,,stpaul
2020-02-15,14700.0,0.0,0.0,0.23131,0.25334181818181817,0.2725263636363636,0.2784790909090909,0.11063545454545451,0.12005454545454544,0.3530692307692308,0.3670769230769231,0.37027692307692306,12.1,0.043190839694656494,,,,stpaul
2020-02-16,17100.0,0.0,0.5555555555555556,0.2527325,0.2694063636363636,0.29021977272727273,0.2910593181818182,0.11565159090909088,0.12621590909090907,0.3669769230769231,0.3811076923076923,0.38640769230769234,12.1,0.04324427480916031,,,,stpaul
2020-02-17,17100.0,0.0,0.0,0.27415500000000004,0.2854709090909091,0.30791318181818184,0.3036395454545454,0.12066772727272726,0.13237727272727273,0.3808846153846154,0.39513846153846155,0.40253846153846157,12.1,0.04329770992366412,,,,stpaul
2020-02-18,17000.0,0.27,0.0,0.2955775,0.30153545454545455,0.32560659090909094,0.31621977272727275,0.12568386363636364,0.13853863636363636,0.39479230769230766,0.4091692307692308,0.4186692307692308,12.1,0.04335114503816794,,,,stpaul
2020-02-19,15000.0,0.0,0.0,0.317,0.3176,0.3433,0.3288,0.1307,0.1447,0.4087,0.4232,0.4348,12.1,0.043404580152671755,,,,stpaul
2020-02-20,13200.0,0.0,0.0,0.27190000000000003,0.2799,0.27175,0.2788,0.11245000000000001,0.1139,0.36315,0.36045000000000005,0.3489,12.1,0.043458015267175576,,,,stpaul
2020-02-21,13100.0,0.0,0.0,0.2268,0.2422,0.2002,0.2288,0.0942,0.0831,0.3176,0.2977,0.263,12.1,0.04351145038167939,,,,stpaul
2020-02-22,14800.0,0.0,0.0,0.18062791666666667,0.20089916666666666,0.17329916666666667,0.20207833333333333,0.08692208333333333,0.07736291666666664,0.2785333333333333,0.2717,0.2336,12.1,0.0435648854961832,,,,stpaul
2020-02-23,14600.0,0.0,0.0,0.13445583333333333,0.15959833333333334,0.14639833333333332,0.1753566666666667,0.07964416666666667,0.07162583333333329,0.23946666666666666,0.2457,0.20420000000000002,12.1,0.043618320610687024,,,,stpaul
2020-02-24,13900.0,0.0,0.0,0.08828375,0.1182975,0.1194975,0.14863500000000002,0.07236625,0.06588874999999994,0.2004,0.2197,0.1748,12.1,0.043671755725190844,,,,stpaul
2020-02-25,13100.0,0.0,0.5555555555555556,0.12434187499999999,0.13524875,0.12994875,0.1593175,0.086583125,0.08289437499999996,0.199,0.22105,0.1879,12.1,0.04372519083969466,,,,stpaul
2020-02-26,13000.0,0.0,0.5555555555555556,0.1604,0.1522,0.1404,0.17,0.1008,0.0999,0.1976,0.2224,0.201,12.1,0.04377862595419847,,,,stpaul
2020-02-27,12900.0,0.0,0.5555555555555556,0.16286666666666666,0.1511,0.1464,0.16763333333333333,0.10143333333333333,0.1007,0.20093333333333332,0.21953333333333333,0.198,12.1,0.04383206106870229,,,,stpaul
2020-02-28,13000.0,0.0,0.5555555555555556,0.16533333333333333,0.15,0.1524,0.16526666666666667,0.10206666666666667,0.1015,0.20426666666666668,0.21666666666666665,0.195,12.1,0.043885496183206106,,,,stpaul
2020-02-29,13100.0,0.0,0.5555555555555556,0.1678,0.1489,0.1584,0.1629,0.1027,0.1023,0.2076,0.2138,0.192,12.1,0.04393893129770993,,,,stpaul
2020-03-01,14500.0,0.0,0.5555555555555556,0.16110000000000002,0.15445,0.159,0.16935,0.11495,0.10825,0.19415,0.19765,0.19515,12.1,0.04399236641221374,,,,stpaul
2020-03-02,15000.0,0.0,1.1111111111111112,0.1544,0.16,0.1596,0.1758,0.1272,0.1142,0.1807,0.1815,0.1983,12.1,0.04404580152671756,,,,stpaul
2020-03-03,15300.0,0.0,1.1111111111111112,0.11457625,0.12988875,0.139025,0.16410625,0.11626625,0.10328999999999999,0.17301538461538463,0.17404615384615385,0.19015384615384615,12.1,0.044099236641221375,,,,stpaul
2020-03-04,16300.0,0.0,1.6666666666666667,0.0747525,0.0997775,0.11845,0.1524125,0.1053325,0.09238,0.16533076923076923,0.16659230769230768,0.18200769230769231,12.1,0.044152671755725195,,,,stpaul
2020-03-05,19100.0,0.0,2.7777777777777777,0.07306590909090908,0.09620681818181819,0.11402727272727273,0.14559318181818182,0.10546590909090908,0.09124545454545455,0.15764615384615385,0.15913846153846153,0.17386153846153846,12.1,0.04420610687022901,,,,stpaul
2020-03-06,21100.0,0.0,1.6666666666666667,0.07137931818181818,0.09263613636363636,0.10960454545454545,0.13877386363636365,0.10559931818181818,0.09011090909090909,0.14996153846153845,0.1516846153846154,0.16571538461538463,12.1,0.04425954198473282,,,,stpaul
2020-03-07,23500.0,0.0,2.2222222222222223,0.06969272727272727,0.08906545454545454,0.10518181818181818,0.13195454545454546,0.10573272727272727,0.08897636363636365,0.14227692307692308,0.14423076923076922,0.15756923076923077,12.1,0.04431297709923664,,,,stpaul
2020-03-08,24300.0,0.0,2.7777777777777777,0.06800613636363637,0.08549477272727272,0.10075909090909091,0.12513522727272727,0.10586613636363636,0.08784181818181819,0.13459230769230768,0.13677692307692307,0.14942307692307694,12.1,0.04436641221374046,,,,stpaul
2020-03-09,26500.0,0.0,3.3333333333333335,0.06631954545454545,0.08192409090909092,0.09633636363636364,0.1183159090909091,0.10599954545454546,0.08670727272727273,0.1269076923076923,0.12932307692307693,0.14127692307692308,12.1,0.04441984732824428,,,,stpaul
2020-03-10,32400.0,0.0,1.6666666666666667,0.06463295454545455,0.0783534090909091,0.09191363636363636,0.11149659090909092,0.10613295454545454,0.08557272727272727,0.11922307692307692,0.12186923076923076,0.13313076923076922,12.1,0.04447328244274809,,,,stpaul
2020-03-11,36900.0,0.15,1.6666666666666667,0.06294636363636363,0.07478272727272728,0.08749090909090909,0.10467727272727273,0.10626636363636364,0.08443818181818182,0.11153846153846153,0.11441538461538461,0.12498461538461539,12.1,0.04452671755725191,,,,stpaul
2020-03-12,42600.0,0.0,2.2222222222222223,0.061259772727272725,0.07121204545454546,0.08306818181818182,0.09785795454545454,0.10639977272727273,0.08330363636363636,0.10385384615384614,0.10696153846153846,0.11683846153846154,12.1,0.044580152671755725,,,,stpaul
2020-03-13,48000.0,0.0,1.1111111111111112,0.05957318181818182,0.06764136363636364,0.07864545454545455,0.09103863636363636,0.10653318181818182,0.08216909090909091,0.09616923076923076,0.0995076923076923,0.1086923076923077,12.1,0.044633587786259546,,,,stpaul
2020-03-14,49900.0,0.0,1.1111111111111112,0.05788659090909091,0.06407068181818182,0.07422272727272727,0.08421931818181819,0.10666659090909092,0.08103454545454546,0.08848461538461538,0.09205384615384615,0.10054615384615384,12.1,0.04468702290076336,,,,stpaul
2020-03-15,49800.0,0.0,1.1111111111111112,0.0562,0.0605,0.0698,0.0774,0.1068,0.0799,0.0808,0.0846,0.0924,12.1,0.04474045801526717,,,,stpaul
2020-03-16,49000.0,0.0,1.6666666666666667,0.0737,0.0814,0.087,0.1081,0.1454,0.11895,0.10464999999999999,0.12045,0.12209999999999999,12.1,0.044793893129770994,,,,stpaul
2020-03-17,47500.0,0.01,1.6666666666666667,0.0912,0.1023,0.1042,0.1388,0.184,0.158,0.1285,0.1563,0.1518,12.1,0.044847328244274814,,,,stpaul
2020-03-18,46300.0,0.01,2.7777777777777777,0.08330583333333334,0.09481333333333333,0.10045291666666667,0.13787458333333333,0.17980875,0.15137083333333334,0.12396666666666667,0.14753333333333332,0.14726666666666666,12.1,0.04490076335877863,,,,stpaul
2020-03-19,45300.0,0.05,3.3333333333333335,0.07541166666666667,0.08732666666666666,0.09670583333333334,0.13694916666666668,0.1756175,0.14474166666666666,0.11943333333333334,0.13876666666666668,0.14273333333333332,12.1,0.04495419847328244,,,,stpaul
2020-03-20,44100.0,0.63,2.7777777777777777,0.06751750000000001,0.07984,0.09295875,0.13602375,0.17142625,0.1381125,0.1149,0.13,0.1382,12.1,0.04500763358778626,,,,stpaul
2020-03-21,43600.0,0.0,2.7777777777777777,0.07422000000000001,0.08660107142857142,0.10137357142857144,0.148925,0.18093964285714287,0.14658249999999998,0.11668,0.1315,0.13977,12.1,0.045061068702290076,,,,stpaul
2020-03-22,44000.0,0.01,2.7777777777777777,0.08092250000000001,0.09336214285714285,0.10978839285714287,0.16182625,0.1904530357142857,0.15505249999999998,0.11846000000000001,0.133,0.14134,12.1,0.0451145038167939,,,,stpaul
2020-03-23,44300.0,0.19,3.3333333333333335,0.08762500000000001,0.10012321428571427,0.11820321428571429,0.17472749999999998,0.19996642857142857,0.16352249999999996,0.12024,0.1345,0.14290999999999998,12.1,0.04516793893129771,,,,stpaul
2020-03-24,44600.0,0.0,3.888888888888889,0.09432750000000001,0.10688428571428571,0.12661803571428573,0.18762875,0.20947982142857144,0.17199249999999994,0.12202,0.136,0.14448,12.1,0.045221374045801524,,,,stpaul
2020-03-25,45300.0,0.0,4.444444444444445,0.10103000000000001,0.11364535714285713,0.13503285714285715,0.20052999999999999,0.21899321428571428,0.18046249999999991,0.12380000000000001,0.1375,0.14605,12.1,0.045274809160305345,,,,stpaul
2020-03-26,46100.0,0.32,4.444444444444445,0.1077325,0.12040642857142855,0.1434476785714286,0.21343125,0.22850660714285714,0.18893249999999992,0.12558,0.13899999999999998,0.14762,12.1,0.045328244274809165,,,,stpaul
2020-03-27,46300.0,0.0,5.0,0.114435,0.1271675,0.1518625,0.2263325,0.23802,0.1974024999999999,0.12736,0.14049999999999999,0.14919,12.1,0.04538167938931298,,,,stpaul
2020-03-28,47100.0,0.03,6.111111111111111,0.09465666666666667,0.10517833333333333,0.126175,0.19642166666666666,0.21804666666666667,0.18176833333333325,0.12914,0.142,0.15076,12.1,0.04543511450381679,,,,stpaul
2020-03-29,49900.0,1.16,5.555555555555555,0.07487833333333332,0.08318916666666668,0.10048750000000001,0.16651083333333333,0.19807333333333335,0.16613416666666664,0.13092,0.1435,0.15233000000000002,12.1,0.04548854961832061,,,,stpaul
2020-03-30,52900.0,0.04,5.0,0.0551,0.0612,0.0748,0.1366,0.1781,0.1505,0.1327,0.145,0.1539,12.1,0.04554198473282443,,,,stpaul
2020-03-31,56600.0,0.0,5.555555555555555,0.07395,0.07625,0.0928,0.14200000000000002,0.1923,0.15385,0.14205,0.15775,0.1655,12.1,0.04559541984732825,,,,stpaul
2020-04-01,60400.0,0.0,5.555555555555555,0.0928,0.0913,0.1108,0.1474,0.2065,0.1572,0.1514,0.1705,0.1771,12.1,0.04564885496183206,,,,stpaul
2020-04-02,64600.0,0.0,6.666666666666667,0.087669375,0.09115749999999997,0.1094675,0.15136875,0.198265,0.15280625,0.15095555555555557,0.1693,0.17666111111111113,12.1,0.045702290076335875,,,,stpaul
2020-04-03,68200.0,0.0,7.222222222222222,0.08253875,0.09101499999999996,0.108135,0.15533750000000002,0.19002999999999998,0.1484125,0.15051111111111112,0.1681,0.17622222222222222,12.1,0.045755725190839695,,,,stpaul
2020-04-04,71000.0,0.06,6.111111111111111,0.077408125,0.09087249999999993,0.1068025,0.15930625,0.18179499999999998,0.14401875,0.15006666666666668,0.16690000000000002,0.17578333333333335,12.1,0.045809160305343516,,,,stpaul
2020-04-05,73400.0,0.0,6.111111111111111,0.0722775,0.0907299999999999,0.10547,0.163275,0.17356,0.139625,0.14962222222222224,0.16570000000000001,0.17534444444444444,12.1,0.04586259541984733,,,,stpaul
2020-04-06,74700.0,0.0,6.666666666666667,0.07270053571428571,0.08986357142857133,0.1044792857142857,0.16240535714285714,0.17439142857142856,0.1410232142857143,0.14917777777777777,0.1645,0.17490555555555556,12.1,0.04591603053435114,,,,stpaul
2020-04-07,74800.0,0.02,7.222222222222222,0.07312357142857143,0.08899714285714276,0.10348857142857143,0.16153571428571428,0.17522285714285712,0.14242142857142856,0.14873333333333333,0.1633,0.17446666666666666,12.1,0.045969465648854964,,,,stpaul
2020-04-08,73600.0,0.0,7.777777777777778,0.07354660714285714,0.0881307142857142,0.10249785714285714,0.16066607142857142,0.17605428571428572,0.14381964285714285,0.1482888888888889,0.16210000000000002,0.17402777777777778,12.1,0.04602290076335878,,,,stpaul
2020-04-09,71700.0,0.0,7.777777777777778,0.07396964285714286,0.08726428571428564,0.10150714285714285,0.1597964285714286,0.17688571428571429,0.14521785714285715,0.14784444444444444,0.16090000000000002,0.17358888888888888,12.1,0.0460763358778626,,,,stpaul
2020-04-10,69400.0,0.0,7.222222222222222,0.07439267857142857,0.08639785714285708,0.10051642857142856,0.15892678571428573,0.17771714285714285,0.14661607142857144,0.1474,0.1597,0.17315,12.1,0.04612977099236641,,,,stpaul
2020-04-11,66800.0,0.0,7.777777777777778,0.07481571428571429,0.08553142857142851,0.09952571428571429,0.15805714285714287,0.17854857142857142,0.1480142857142857,0.14695555555555556,0.1585,0.17271111111111112,12.1,0.04618320610687023,,,,stpaul
2020-04-12,63900.0,0.0,8.333333333333334,0.07523875,0.08466499999999995,0.098535,0.1571875,0.17937999999999998,0.1494125,0.14651111111111112,0.1573,0.17227222222222222,12.1,0.046236641221374046,,,,stpaul
2020-04-13,61400.0,0.43,6.666666666666667,0.07566178571428571,0.08379857142857139,0.09754428571428571,0.15631785714285715,0.18021142857142858,0.1508107142857143,0.14606666666666668,0.15610000000000002,0.17183333333333334,12.1,0.04629007633587787,,,,stpaul
2020-04-14,58400.0,0.02,6.111111111111111,0.07608482142857143,0.08293214285714282,0.09655357142857143,0.1554482142857143,0.18104285714285714,0.15220892857142856,0.14562222222222224,0.1549,0.17139444444444443,12.1,0.04634351145038168,,,,stpaul
2020-04-15,55500.0,0.0,5.555555555555555,0.07650785714285714,0.08206571428571426,0.09556285714285714,0.15457857142857143,0.1818742857142857,0.15360714285714286,0.14517777777777777,0.1537,0.17095555555555556,12.1,0.046396946564885494,,,,stpaul
2020-04-16,52900.0,0.0,5.0,0.07693089285714286,0.0811992857142857,0.09457214285714285,0.1537089285714286,0.18270571428571428,0.15500535714285715,0.14473333333333332,0.1525,0.17051666666666665,12.1,0.046450381679389315,,,,stpaul
2020-04-17,50400.0,0.0,5.555555555555555,0.07735392857142857,0.08033285714285712,0.09358142857142857,0.15283928571428573,0.18353714285714287,0.15640357142857142,0.14428888888888888,0.1513,0.17007777777777777,12.1,0.04650381679389313,,,,stpaul
2020-04-18,48000.0,0.0,6.111111111111111,0.07777696428571429,0.07946642857142856,0.09259071428571429,0.15196964285714287,0.18436857142857144,0.15780178571428571,0.14384444444444444,0.1501,0.16963888888888887,12.1,0.04655725190839695,,,,stpaul
2020-04-19,45400.0,0.0,7.222222222222222,0.0782,0.0786,0.0916,0.1511,0.1852,0.1592,0.1434,0.1489,0.1692,12.1,0.04661068702290076,,,,stpaul
2020-04-20,43700.0,0.0,7.222222222222222,0.08584375,0.090535,0.10435562500000001,0.163330625,0.19366250000000002,0.16005124999999998,0.14350000000000002,0.15955,0.1727,12.1,0.04666412213740458,,,,stpaul
2020-04-21,42000.0,0.0,7.777777777777778,0.0934875,0.10247,0.11711125,0.17556125,0.202125,0.16090249999999995,0.1436,0.1702,0.1762,12.1,0.0467175572519084,,,,stpaul
2020-04-22,40500.0,0.0,8.333333333333334,0.089925,0.10131333333333334,0.11814083333333333,0.16634083333333333,0.20025,0.15763499999999997,0.1414,0.16586666666666666,0.17163333333333333,12.1,0.04677099236641222,,,,stpaul
2020-04-23,39100.0,0.0,9.444444444444445,0.0863625,0.10015666666666667,0.11917041666666667,0.15712041666666668,0.198375,0.1543675,0.13920000000000002,0.16153333333333333,0.16706666666666667,12.1,0.04682442748091603,,,,stpaul
2020-04-24,38000.0,0.01,10.0,0.0828,0.099,0.1202,0.1479,0.1965,0.1511,0.137,0.1572,0.1625,12.1,0.046877862595419845,,,,stpaul
2020-04-25,36400.0,0.01,11.11111111111111,0.09129999999999999,0.10070000000000001,0.11649999999999999,0.18914999999999998,0.21785,0.17515,0.15595,0.18430000000000002,0.1982,12.1,0.046931297709923665,,,,stpaul
2020-04-26,35100.0,0.0,12.222222222222221,0.0998,0.1024,0.1128,0.2304,0.2392,0.1992,0.1749,0.2114,0.2339,12.1,0.046984732824427486,,,,stpaul
2020-04-27,33600.0,0.12,12.777777777777779,0.09968461538461539,0.10281538461538461,0.11221538461538462,0.22758461538461539,0.23575384615384615,0.19593076923076921,0.17259230769230768,0.20946153846153848,0.23303846153846153,12.1,0.0470381679389313,,,,stpaul
2020-04-28,33400.0,0.01,13.88888888888889,0.09956923076923077,0.10323076923076924,0.11163076923076923,0.22476923076923078,0.2323076923076923,0.19266153846153844,0.1702846153846154,0.20752307692307692,0.2321769230769231,12.1,0.04709160305343511,,,,stpaul
2020-04-29,33300.0,0.91,12.777777777777779,0.09945384615384616,0.10364615384615385,0.11104615384615385,0.22195384615384614,0.22886153846153845,0.1893923076923077,0.16797692307692308,0.2055846153846154,0.23131538461538462,12.1,0.047145038167938934,,,,stpaul
2020-04-30,32800.0,0.0,13.333333333333334,0.09933846153846154,0.10406153846153847,0.11046153846153846,0.21913846153846153,0.2254153846153846,0.18612307692307692,0.16566923076923076,0.20364615384615384,0.23045384615384615,12.1,0.04719847328244275,,,,stpaul
2020-05-01,32200.0,0.0,14.444444444444445,0.09922307692307693,0.10447692307692308,0.10987692307692308,0.21632307692307692,0.22196923076923075,0.18285384615384614,0.16336153846153847,0.2017076923076923,0.2295923076923077,12.1,0.04725190839694657,,,,stpaul
2020-05-02,31100.0,0.0,15.0,0.09910769230769231,0.1048923076923077,0.10929230769230769,0.21350769230769231,0.21852307692307693,0.17958461538461537,0.16105384615384616,0.19976923076923078,0.22873076923076924,12.1,0.04730534351145038,,,,stpaul
2020-05-03,30200.0,0.0,15.0,0.09899230769230769,0.10530769230769231,0.10870769230769231,0.21069230769230768,0.21507692307692305,0.17631538461538462,0.15874615384615384,0.19783076923076923,0.22786923076923077,12.1,0.047358778625954195,,,,stpaul
2020-05-04,29400.0,0.0,15.0,0.09887692307692307,0.10572307692307693,0.10812307692307692,0.20787692307692307,0.21163076923076923,0.17304615384615385,0.15643846153846153,0.1958923076923077,0.2270076923076923,12.1,0.047412213740458016,,,,stpaul
2020-05-05,28600.0,0.0,15.555555555555555,0.09876153846153846,0.10613846153846154,0.10753846153846154,0.20506153846153846,0.20818461538461538,0.16977692307692308,0.15413076923076924,0.19395384615384614,0.22614615384615386,12.1,0.04746564885496184,,,,stpaul
2020-05-06,27400.0,0.0,15.555555555555555,0.09864615384615384,0.10655384615384617,0.10695384615384615,0.20224615384615385,0.20473846153846154,0.1665076923076923,0.15182307692307692,0.19201538461538462,0.2252846153846154,12.1,0.04751908396946565,,,,stpaul
2020-05-07,26000.0,0.0,15.555555555555555,0.09853076923076923,0.10696923076923077,0.10636923076923077,0.19943076923076922,0.2012923076923077,0.16323846153846155,0.1495153846153846,0.1900769230769231,0.22442307692307692,12.1,0.047572519083969464,,,,stpaul
2020-05-08,25300.0,0.0,14.444444444444445,0.09841538461538461,0.10738461538461538,0.1057846153846154,0.1966153846153846,0.19784615384615384,0.15996923076923078,0.14720769230769232,0.18813846153846153,0.22356153846153848,12.1,0.047625954198473285,,,,stpaul
2020-05-09,24000.0,0.0,14.444444444444445,0.0983,0.1078,0.1052,0.1938,0.1944,0.1567,0.1449,0.1862,0.2227,12.1,0.0476793893129771,,,,stpaul
2020-05-10,22900.0,0.1,13.88888888888889,0.09185,0.10055,0.1072,0.20579999999999998,0.20105,0.1553,0.14875,0.20455,0.236,12.1,0.04773282442748092,,,,stpaul
2020-05-11,22100.0,0.0,12.222222222222221,0.0854,0.0933,0.1092,0.2178,0.2077,0.1539,0.1526,0.2229,0.2493,12.1,0.04778625954198473,,,,stpaul
2020-05-12,21700.0,0.0,13.333333333333334,0.11246666666666667,0.12006666666666667,0.12806666666666666,0.24,0.22246666666666667,0.16623333333333334,0.17323333333333335,0.24133333333333332,0.26589999999999997,12.1,0.047839694656488546,,,,stpaul
2020-05-13,20800.0,0.0,13.88888888888889,0.13953333333333334,0.14683333333333334,0.14693333333333333,0.2622,0.23723333333333332,0.17856666666666665,0.19386666666666666,0.25976666666666665,0.2825,12.1,0.04789312977099237,,,,stpaul
2020-05-14,19800.0,0.0,13.333333333333334,0.1666,0.1736,0.1658,0.2844,0.252,0.1909,0.2145,0.2782,0.2991,12.1,0.04794656488549619,,,,stpaul
2020-05-15,19700.0,0.0,14.444444444444445,0.15144,0.15904000000000001,0.15368,0.26496,0.2381,0.18164,0.19976,0.25846,0.28558,12.1,0.048,,,,stpaul
2020-05-16,19700.0,0.0,15.0,0.13628,0.14448,0.14156,0.24552,0.2242,0.17238,0.18502,0.23872,0.27205999999999997,12.1,0.04933333333333333,,,,stpaul
2020-05-17,24000.0,0.0,15.0,0.12112,0.12992,0.12944,0.22608,0.2103,0.16312,0.17028,0.21898,0.25854,12.1,0.050666666666666665,,,,stpaul
2020-05-18,28500.0,0.0,13.88888888888889,0.10596,0.11536,0.11732000000000001,0.20664,0.1964,0.15386,0.15554,0.19924,0.24502000000000002,12.1,0.052000000000000005,,,,stpaul
2020-05-19,32500.0,0.0,14.444444444444445,0.0908,0.1008,0.1052,0.1872,0.1825,0.1446,0.1408,0.1795,0.2315,12.1,0.05333333333333334,,,,stpaul
2020-05-20,34000.0,0.0,15.0,0.08751113636363637,0.09905204545454545,0.10310204545454545,0.19449,0.18107227272727272,0.14205272727272727,0.14370833333333333,0.18471666666666667,0.23531666666666667,12.1,0.05466666666666667,,,,stpaul
2020-05-21,35100.0,0.0,15.555555555555555,0.08422227272727273,0.0973040909090909,0.10100409090909089,0.20178000000000001,0.17964454545454545,0.13950545454545454,0.14661666666666667,0.18993333333333334,0.23913333333333334,12.1,0.056,,,,stpaul
2020-05-22,36700.0,0.0,16.11111111111111,0.0809334090909091,0.09555613636363633,0.09890613636363633,0.20907,0.17821681818181817,0.1369581818181818,0.14952500000000002,0.19515,0.24295,12.1,0.05733333333333333,,,,stpaul
2020-05-23,37800.0,0.14,16.11111111111111,0.07764454545454545,0.09380818181818178,0.09680818181818178,0.21636,0.1767890909090909,0.1344109090909091,0.15243333333333334,0.20036666666666667,0.24676666666666666,12.1,0.058666666666666666,,,,stpaul
2020-05-24,39000.0,0.01,16.666666666666668,0.07435568181818182,0.09206022727272722,0.09471022727272724,0.22365000000000002,0.17536136363636362,0.13186363636363638,0.15534166666666666,0.20558333333333334,0.2505833333333333,12.1,0.06,,,,stpaul
2020-05-25,39000.0,0.05,17.22222222222222,0.07106681818181818,0.09031227272727267,0.09261227272727268,0.23094,0.17393363636363637,0.12931636363636365,0.15825,0.2108,0.2544,12.1,0.06133333333333334,,,,stpaul
2020-05-26,38200.0,0.07,17.539682539682538,0.06777795454545454,0.08856431818181812,0.09051431818181813,0.23823,0.1725059090909091,0.12676909090909091,0.16115833333333335,0.21601666666666666,0.25821666666666665,12.1,0.06266666666666666,,,,stpaul
2020-05-27,38300.0,3.62,17.857142857142858,0.06448909090909091,0.08681636363636355,0.08841636363636357,0.24552000000000002,0.17107818181818182,0.12422181818181818,0.16406666666666667,0.22123333333333334,0.26203333333333334,12.1,0.064,,,,stpaul
2020-05-28,35700.0,0.57,18.174603174603174,0.06120022727272727,0.085068409090909,0.08631840909090902,0.25281000000000003,0.16965045454545455,0.12167454545454545,0.16697499999999998,0.22645,0.26585,12.1,0.0622,,,,stpaul
2020-05-29,33800.0,0.0,18.49206349206349,0.057911363636363636,0.08332045454545445,0.08422045454545446,0.2601,0.16822272727272727,0.11912727272727273,0.16988333333333333,0.2316666666666667,0.26966666666666667,12.1,0.0604,,,,stpaul
2020-05-30,32800.0,0.0,18.809523809523807,0.0546225,0.0815724999999999,0.0821224999999999,0.26739,0.166795,0.11658,0.17279166666666668,0.23688333333333333,0.2734833333333333,12.1,0.0586,,,,stpaul
2020-05-31,31100.0,0.0,19.126984126984127,0.1288,0.1274,0.1418,0.258,0.2153,0.1568,0.1757,0.2421,0.2773,12.1,0.0568,,,,stpaul
2020-06-01,29900.0,0.0,19.444444444444443,0.10976666666666667,0.1254,0.1322,0.26226666666666665,0.20816666666666667,0.15173333333333333,0.16556666666666667,0.2381,0.2604666666666667,12.1,0.055,,,,stpaul
2020-06-02,28300.0,0.0,20.27777777777778,0.09073333333333333,0.1234,0.1226,0.26653333333333334,0.20103333333333331,0.14666666666666667,0.15543333333333334,0.2341,0.24363333333333334,12.1,0.056090909090909094,,,,stpaul
2020-06-03,26900.0,0.24,21.11111111111111,0.0717,0.1214,0.113,0.2708,0.1939,0.1416,0.1453,0.2301,0.2268,12.1,0.05718181818181818,,,,stpaul
2020-06-04,24300.0,0.0,22.22222222222222,0.0684,0.10394999999999999,0.092,0.27049999999999996,0.20475,0.14925,0.14900000000000002,0.23285,0.25270000000000004,12.1,0.058272727272727275,,,,stpaul
2020-06-05,22900.0,0.0,22.22222222222222,0.0651,0.0865,0.071,0.2702,0.2156,0.1569,0.1527,0.2356,0.2786,12.1,0.05936363636363637,,,,stpaul
2020-06-06,22100.0,0.0,22.77777777777778,0.07243333333333334,0.0882,0.0832,0.24943333333333334,0.20566666666666666,0.1517,0.1507,0.22716666666666666,0.26280000000000003,12.1,0.060454545454545455,,,,stpaul
2020-06-07,21400.0,0.0,22.22222222222222,0.07976666666666667,0.0899,0.0954,0.22866666666666666,0.19573333333333334,0.14650000000000002,0.1487,0.21873333333333334,0.247,12.1,0.06154545454545455,,,,stpaul
2020-06-08,19400.0,0.0,22.77777777777778,0.0871,0.0916,0.1076,0.2079,0.1858,0.1413,0.1467,0.2103,0.2312,12.1,0.06263636363636364,,,,stpaul
2020-06-09,18000.0,0.0,23.88888888888889,0.08902666666666667,0.09384,0.10945333333333333,0.21054,0.18702666666666665,0.14155333333333334,0.14783333333333334,0.21124666666666667,0.23273333333333332,12.1,0.06372727272727273,,,,stpaul
2020-06-10,17600.0,0.0,23.333333333333332,0.09095333333333333,0.09608,0.11130666666666666,0.21318,0.18825333333333333,0.14180666666666666,0.14896666666666666,0.21219333333333332,0.23426666666666665,12.1,0.06481818181818182,,,,stpaul
2020-06-11,15600.0,0.0,21.666666666666668,0.09288,0.09832,0.11316,0.21582,0.18947999999999998,0.14206000000000002,0.1501,0.21314,0.23579999999999998,12.1,0.06590909090909092,,,,stpaul
2020-06-12,15800.0,0.0,22.22222222222222,0.09480666666666666,0.10056,0.11501333333333333,0.21846,0.19070666666666666,0.14231333333333335,0.15123333333333333,0.21408666666666665,0.2373333333333333,12.1,0.067,,,,stpaul
2020-06-13,16000.0,0.0,20.555555555555557,0.09673333333333334,0.1028,0.11686666666666666,0.2211,0.19193333333333332,0.14256666666666667,0.15236666666666668,0.21503333333333333,0.23886666666666664,12.1,0.066,,,,stpaul
2020-06-14,15800.0,0.0,21.11111111111111,0.09866,0.10504,0.11871999999999999,0.22374,0.19316,0.14282,0.1535,0.21598,0.24039999999999997,12.1,0.065,,,,stpaul
2020-06-15,14800.0,0.0,21.11111111111111,0.10058666666666667,0.10728,0.12057333333333334,0.22638,0.19438666666666665,0.14307333333333333,0.15463333333333334,0.21692666666666666,0.24193333333333333,12.1,0.064,,,,stpaul
2020-06-16,13600.0,0.0,21.11111111111111,0.10251333333333333,0.10952,0.12242666666666666,0.22902,0.19561333333333333,0.14332666666666669,0.15576666666666666,0.21787333333333334,0.24346666666666666,12.1,0.063,,,,stpaul
2020-06-17,12900.0,0.0,22.22222222222222,0.10444,0.11176,0.12428,0.23166,0.19684,0.14358,0.1569,0.21882,0.245,12.1,0.062000000000000006,,,,stpaul
2020-06-18,12500.0,0.04,22.59259259259259,0.10636666666666666,0.114,0.12613333333333332,0.2343,0.19806666666666667,0.14383333333333334,0.15803333333333333,0.21976666666666667,0.24653333333333333,12.1,0.061000000000000006,,,,stpaul
2020-06-19,12900.0,1.17,22.962962962962962,0.10829333333333334,0.11624000000000001,0.12798666666666667,0.23693999999999998,0.19929333333333332,0.14408666666666667,0.15916666666666668,0.22071333333333334,0.24806666666666666,12.1,0.060000000000000005,,,,stpaul
2020-06-20,12700.0,0.0,23.333333333333332,0.11022000000000001,0.11848,0.12983999999999998,0.23958,0.20052,0.14434,0.1603,0.22166,0.2496,12.1,0.059000000000000004,,,,stpaul
2020-06-21,12700.0,0.06,23.333333333333332,0.11214666666666667,0.12072000000000001,0.13169333333333333,0.24222,0.20174666666666666,0.14459333333333335,0.16143333333333335,0.22260666666666667,0.2511333333333333,12.1,0.058,,,,stpaul
2020-06-22,13500.0,0.29,23.425925925925924,0.11407333333333333,0.12296000000000001,0.13354666666666665,0.24486,0.20297333333333334,0.14484666666666668,0.1625666666666667,0.22355333333333333,0.25266666666666665,12.1,0.057,,,,stpaul
2020-06-23,14900.0,0.0,23.51851851851852,0.116,0.1252,0.1354,0.2475,0.2042,0.1451,0.1637,0.2245,0.2542,12.1,0.05600000000000001,,,,stpaul
2020-06-24,16100.0,0.0,23.61111111111111,0.09905,0.1136,0.11545,0.24605,0.20984999999999998,0.15275,0.1583,0.2255,0.26185,12.1,0.05500000000000001,,,,stpaul
2020-06-25,16500.0,0.0,23.703703703703702,0.0821,0.102,0.0955,0.2446,0.2155,0.1604,0.1529,0.2265,0.2695,12.1,0.054000000000000006,,,,stpaul
2020-06-26,16600.0,0.0,23.796296296296298,0.07666791666666667,0.09831124999999998,0.09235833333333333,0.25523208333333336,0.20600291666666665,0.14971874999999998,0.1514125,0.22586250000000002,0.26865,12.1,0.053000000000000005,,,,stpaul
2020-06-27,15500.0,0.0,23.88888888888889,0.07123583333333333,0.09462249999999996,0.08921666666666667,0.2658641666666667,0.1965058333333333,0.13903749999999998,0.149925,0.225225,0.26780000000000004,12.1,0.052000000000000005,,,,stpaul
2020-06-28,14900.0,0.0,24.444444444444443,0.06580375000000001,0.09093374999999995,0.086075,0.27649625,0.18700874999999995,0.12835625,0.1484375,0.2245875,0.26695,12.1,0.051000000000000004,,,,stpaul
2020-06-29,16900.0,0.0,24.444444444444443,0.06037166666666667,0.08724499999999993,0.08293333333333333,0.2871283333333333,0.1775116666666666,0.117675,0.14695,0.22395,0.2661,12.1,0.05,,,,stpaul
2020-06-30,20700.0,0.0,23.88888888888889,0.05493958333333333,0.08355624999999992,0.07979166666666666,0.2977604166666667,0.16801458333333325,0.10699375,0.1454625,0.22331250000000002,0.26525,12.1,0.049,,,,stpaul
2020-07-01,28000.0,0.0,25.555555555555557,0.0495075,0.0798674999999999,0.07665,0.3083925,0.1585174999999999,0.0963125,0.143975,0.222675,0.26439999999999997,12.1,0.048,,,,stpaul
2020-07-02,30200.0,0.0,25.0,0.07270375,0.09353374999999994,0.09082499999999999,0.26599625,0.17755874999999993,0.11855625,0.1424875,0.2220375,0.26355,12.1,0.047,,,,stpaul
2020-07-03,29700.0,0.0,25.555555555555557,0.0959,0.1072,0.105,0.2236,0.1966,0.1408,0.141,0.2214,0.2627,12.1,0.046,,,,stpaul
2020-07-04,29000.0,0.0,26.11111111111111,0.31875,0.2946,0.2274,0.3338,0.1986,0.15625,0.25095,0.28505,0.30445,12.1,0.045000000000000005,,,,stpaul
2020-07-05,28200.0,0.0,26.666666666666668,0.5416,0.482,0.3498,0.444,0.2006,0.1717,0.3609,0.3487,0.3462,12.1,0.044000000000000004,,,,stpaul
2020-07-06,25900.0,0.0,27.22222222222222,0.3884666666666666,0.3514,0.26253333333333334,0.3562,0.1928,0.15786666666666666,0.28373333333333334,0.3022666666666667,0.30146666666666666,12.1,0.043000000000000003,,,,stpaul
2020-07-07,22700.0,0.0,27.22222222222222,0.23533333333333334,0.2208,0.17526666666666665,0.2684,0.185,0.14403333333333335,0.20656666666666665,0.25583333333333336,0.2567333333333333,12.1,0.042,,,,stpaul
2020-07-08,19700.0,0.0,27.22222222222222,0.0822,0.0902,0.088,0.1806,0.1772,0.1302,0.1294,0.2094,0.212,12.1,0.041,,,,stpaul
2020-07-09,17800.0,0.02,26.944444444444443,0.1057,0.107,0.1124,0.2153,0.19285,0.1382,0.14675,0.22755,0.23504999999999998,12.1,0.04000000000000001,,,,stpaul
2020-07-10,16700.0,0.0,26.666666666666668,0.1292,0.1238,0.1368,0.25,0.2085,0.1462,0.1641,0.2457,0.2581,12.1,0.03900000000000001,,,,stpaul
2020-07-11,15700.0,0.07,27.22222222222222,0.11460000000000001,0.125,0.14073333333333335,0.23423333333333332,0.2005333333333333,0.1411,0.1537,0.2424,0.2571333333333333,12.1,0.038000000000000006,,,,stpaul
2020-07-12,14900.0,0.0,26.666666666666668,0.1,0.1262,0.14466666666666667,0.21846666666666667,0.19256666666666666,0.13599999999999998,0.14329999999999998,0.2391,0.25616666666666665,12.1,0.037000000000000005,,,,stpaul
2020-07-13,14500.0,0.0,27.22222222222222,0.0854,0.1274,0.1486,0.2027,0.1846,0.1309,0.1329,0.2358,0.2552,12.1,0.036000000000000004,,,,stpaul
2020-07-14,13700.0,0.0,26.666666666666668,0.09340000000000001,0.1228,0.13290000000000002,0.23065,0.20145,0.14279999999999998,0.14415,0.23435,0.27764999999999995,12.1,0.035,,,,stpaul
2020-07-15,12600.0,0.0,25.0,0.1014,0.1182,0.1172,0.2586,0.2183,0.1547,0.1554,0.2329,0.3001,12.1,0.034,,,,stpaul
2020-07-16,11800.0,0.0,25.555555555555557,0.0876,0.10206666666666667,0.10026666666666667,0.2453,0.20783333333333334,0.1491,0.14903333333333335,0.21823333333333333,0.27599999999999997,12.1,0.033,,,,stpaul
2020-07-17,11100.0,0.0,25.555555555555557,0.0738,0.08593333333333333,0.08333333333333334,0.232,0.19736666666666666,0.1435,0.14266666666666666,0.20356666666666667,0.2519,12.1,0.032,,,,stpaul
2020-07-18,11300.0,0.0,26.666666666666668,0.06,0.0698,0.0664,0.2187,0.1869,0.1379,0.1363,0.1889,0.2278,12.1,0.031,,,,stpaul
2020-07-19,11600.0,0.14,26.666666666666668,0.08990000000000001,0.0969,0.101,0.27425,0.23215,0.16725,0.17285,0.25395,0.29145,12.1,0.030000000000000006,,,,stpaul
2020-07-20,12500.0,0.0,25.555555555555557,0.1198,0.124,0.1356,0.3298,0.2774,0.1966,0.2094,0.319,0.3551,12.1,0.029000000000000005,,,,stpaul
2020-07-21,13400.0,0.02,25.555555555555557,0.11493,0.12018,0.13033,0.3225,0.2696,0.191,0.20344,0.30921,0.34697,12.1,0.028000000000000004,,,,stpaul
2020-07-22,13300.0,0.51,25.555555555555557,0.11006,0.11636,0.12506,0.3152,0.2618,0.1854,0.19748,0.29942,0.33884000000000003,12.1,0.027000000000000003,,,,stpaul
2020-07-23,13700.0,0.0,23.88888888888889,0.10519,0.11254,0.11979000000000001,0.30789999999999995,0.254,0.17980000000000002,0.19152,0.28963,0.33071,12.1,0.026000000000000002,,,,stpaul
2020-07-24,14000.0,0.0,25.0,0.10031999999999999,0.10872,0.11452,0.3006,0.24619999999999997,0.1742,0.18556,0.27984,0.32258000000000003,12.1,0.025,,,,stpaul
2020-07-25,13300.0,0.0,26.11111111111111,0.09545000000000001,0.1049,0.10925,0.2933,0.2384,0.1686,0.17959999999999998,0.27005,0.31445,12.1,0.024,,,,stpaul
2020-07-26,15000.0,1.06,25.555555555555557,0.09058,0.10108,0.10398,0.286,0.23059999999999997,0.163,0.17364,0.26026,0.30632000000000004,12.1,0.023000000000000007,,,,stpaul
2020-07-27,22600.0,0.11,25.555555555555557,0.08571,0.09726,0.09870999999999999,0.27869999999999995,0.2228,0.1574,0.16768,0.25046999999999997,0.29819,12.1,0.022000000000000006,,,,stpaul
2020-07-28,27500.0,0.0,26.11111111111111,0.08084,0.09344,0.09344,0.2714,0.215,0.1518,0.16171999999999997,0.24068,0.29006,12.1,0.021000000000000005,,,,stpaul
2020-07-29,29200.0,0.0,25.0,0.07597,0.08962,0.08817,0.2641,0.2072,0.1462,0.15575999999999998,0.23088999999999998,0.28193,12.1,0.020000000000000004,,,,stpaul
2020-07-30,30600.0,0.0,24.72222222222222,0.0711,0.0858,0.0829,0.2568,0.1994,0.1406,0.1498,0.2211,0.2738,12.1,0.019000000000000003,,,,stpaul
2020-07-31,30300.0,0.0,24.444444444444443,0.06813999999999999,0.08406,0.07896,0.25283999999999995,0.19836,0.14014000000000001,0.14715999999999999,0.22086,0.2693,12.1,0.018000000000000002,,,,stpaul
2020-08-01,28200.0,0.0,24.166666666666664,0.06518,0.08232,0.07502,0.24888,0.19732,0.13968,0.14451999999999998,0.22062,0.2648,12.1,0.017,,,,stpaul
2020-08-02,23700.0,0.0,23.888888888888886,0.06222,0.08058,0.07108,0.24491999999999997,0.19628,0.13922,0.14188,0.22038,0.26030000000000003,12.1,0.016,,,,stpaul
2020-08-03,18000.0,0.0,23.61111111111111,0.05926,0.07884000000000001,0.06714,0.24095999999999998,0.19524,0.13876,0.13924,0.22014,0.2558,12.1,0.015,,,,stpaul
2020-08-04,15000.0,0.0,23.333333333333332,0.0563,0.0771,0.0632,0.237,0.1942,0.1383,0.1366,0.2199,0.2513,12.1,0.014000000000000005,,,,stpaul
2020-08-05,13200.0,0.0,23.88888888888889,0.055115384615384615,0.07486923076923077,0.062292307692307695,0.23537692307692307,0.19192307692307695,0.13675384615384617,0.1348076923076923,0.21750769230769232,0.2486769230769231,12.1,0.013000000000000005,,,,stpaul
2020-08-06,11600.0,0.0,23.88888888888889,0.053930769230769234,0.07263846153846154,0.06138461538461539,0.23375384615384615,0.18964615384615385,0.1352076923076923,0.13301538461538462,0.21511538461538462,0.24605384615384618,12.1,0.012000000000000004,,,,stpaul
2020-08-07,10800.0,0.0,23.88888888888889,0.052746153846153845,0.07040769230769231,0.06047692307692308,0.23213076923076922,0.1873692307692308,0.13366153846153847,0.13122307692307691,0.21272307692307693,0.24343076923076926,12.1,0.011000000000000003,,,,stpaul
2020-08-08,10400.0,0.0,23.88888888888889,0.051561538461538464,0.06817692307692308,0.05956923076923078,0.2305076923076923,0.1850923076923077,0.1321153846153846,0.12943076923076924,0.21033076923076924,0.24080769230769233,12.1,0.010000000000000002,,,,stpaul
2020-08-09,10400.0,0.0,23.88888888888889,0.050376923076923076,0.06594615384615385,0.058661538461538466,0.22888461538461538,0.18281538461538463,0.13056923076923077,0.12763846153846153,0.20793846153846154,0.2381846153846154,12.1,0.009000000000000001,,,,stpaul
2020-08-10,12200.0,0.28,23.88888888888889,0.049192307692307695,0.06371538461538462,0.057753846153846156,0.22726153846153846,0.18053846153846154,0.12902307692307693,0.12584615384615383,0.20554615384615385,0.2355615384615385,12.1,0.008,,,,stpaul
2020-08-11,10700.0,0.0,23.88888888888889,0.04800769230769231,0.06148461538461539,0.05684615384615385,0.22563846153846154,0.17826153846153847,0.12747692307692307,0.12405384615384615,0.20315384615384616,0.23293846153846154,12.1,0.007000000000000006,,,,stpaul
2020-08-12,10500.0,0.0,23.88888888888889,0.046823076923076926,0.05925384615384616,0.05593846153846154,0.22401538461538462,0.17598461538461538,0.12593076923076924,0.12226153846153846,0.20076153846153846,0.23031538461538462,12.1,0.006,,,,stpaul
2020-08-13,11200.0,0.38,23.88888888888889,0.04563846153846154,0.057023076923076926,0.05503076923076923,0.2223923076923077,0.1737076923076923,0.12438461538461539,0.12046923076923077,0.19836923076923077,0.2276923076923077,12.1,0.006,,,,stpaul
2020-08-14,13300.0,0.0,23.88888888888889,0.044453846153846156,0.054792307692307696,0.054123076923076927,0.22076923076923077,0.17143076923076922,0.12283846153846154,0.11867692307692307,0.19597692307692308,0.22506923076923077,12.1,0.006,,,,stpaul
2020-08-15,16400.0,0.0,23.88888888888889,0.04326923076923077,0.052561538461538465,0.053215384615384616,0.21914615384615385,0.16915384615384615,0.1212923076923077,0.11688461538461538,0.19358461538461538,0.22244615384615385,12.1,0.006,,,,stpaul
2020-08-16,17000.0,0.0,23.823529411764707,0.04208461538461539,0.05033076923076923,0.05230769230769231,0.21752307692307693,0.16687692307692306,0.11974615384615385,0.11509230769230769,0.1911923076923077,0.21982307692307693,12.1,0.006,,,,stpaul
2020-08-17,17700.0,0.0,23.758169934640524,0.0409,0.0481,0.0514,0.2159,0.1646,0.1182,0.1133,0.1888,0.2172,12.1,0.006,,,,stpaul
2020-08-18,18200.0,0.0,23.69281045751634,0.0474725,0.0721399999999999,0.0726074999999999,0.2272675,0.1416875,0.089355,0.11578571428571428,0.1917,0.22127142857142856,12.1,0.006,,,,stpaul
2020-08-19,18200.0,0.0,23.627450980392158,0.047627083333333334,0.07099999999999991,0.07118958333333325,0.22935625,0.14845624999999998,0.09616250000000001,0.11827142857142857,0.1946,0.22534285714285715,12.1,0.006,,,,stpaul
2020-08-20,18300.0,0.0,23.562091503267975,0.04778166666666667,0.06985999999999994,0.06977166666666659,0.231445,0.155225,0.10297,0.12075714285714287,0.1975,0.2294142857142857,12.1,0.006,,,,stpaul
2020-08-21,18100.0,0.0,23.496732026143793,0.04793625,0.06871999999999995,0.06835374999999995,0.23353375,0.16199375,0.1097775,0.12324285714285715,0.2004,0.2334857142857143,12.1,0.006,,,,stpaul
2020-08-22,18200.0,0.57,23.43137254901961,0.04809083333333333,0.06757999999999996,0.0669358333333333,0.2356225,0.16876249999999998,0.11658500000000001,0.12572857142857144,0.2033,0.23755714285714286,12.1,0.006,,,,stpaul
2020-08-23,18900.0,0.0,23.366013071895427,0.048245416666666666,0.06643999999999999,0.06551791666666665,0.23771125,0.17553125,0.12339250000000002,0.12821428571428573,0.2062,0.24162857142857144,12.1,0.006,,,,stpaul
2020-08-24,21300.0,0.0,23.30065359477124,0.0484,0.0653,0.0641,0.2398,0.1823,0.1302,0.1307,0.2091,0.2457,12.1,0.006,,,,stpaul
2020-08-25,20000.0,0.0,23.235294117647058,0.0495,0.06543333333333333,0.06323333333333334,0.23683333333333334,0.18083333333333332,0.12856666666666666,0.12863333333333335,0.20113333333333333,0.2385,12.1,0.006,,,,stpaul
2020-08-26,18400.0,0.0,23.169934640522875,0.0506,0.06556666666666666,0.06236666666666667,0.23386666666666667,0.17936666666666667,0.12693333333333334,0.12656666666666666,0.19316666666666668,0.2313,12.1,0.006,,,,stpaul
2020-08-27,16900.0,0.02,23.104575163398692,0.0517,0.0657,0.0615,0.2309,0.1779,0.1253,0.1245,0.1852,0.2241,12.1,0.006,,,,stpaul
2020-08-28,16100.0,0.75,23.03921568627451,0.057999999999999996,0.07615,0.07035,0.22044999999999998,0.18295,0.12755,0.1347,0.19445,0.23165,12.1,0.006,,,,stpaul
2020-08-29,15100.0,0.0,22.973856209150327,0.0643,0.0866,0.0792,0.21,0.188,0.1298,0.1449,0.2037,0.2392,12.1,0.006,,,,stpaul
2020-08-30,14600.0,0.0,22.908496732026144,0.0717,0.09413333333333333,0.0888,0.21526666666666666,0.1923,0.13363333333333333,0.1499,0.20826666666666666,0.24226666666666666,12.1,0.006,,,,stpaul
2020-08-31,14200.0,0.35,22.84313725490196,0.07909999999999999,0.10166666666666667,0.0984,0.22053333333333333,0.1966,0.13746666666666668,0.15489999999999998,0.21283333333333335,0.24533333333333335,12.1,0.006,,,,stpaul
2020-09-01,13900.0,0.28,22.77777777777778,0.0865,0.1092,0.108,0.2258,0.2009,0.1413,0.1599,0.2174,0.2484,12.1,0.006,,,,stpaul
2020-09-02,13900.0,0.0,22.22222222222222,0.09495999999999999,0.11290666666666667,0.10936,0.2246,0.19622,0.13864,0.16050666666666666,0.21379333333333334,0.24312,12.1,0.006,,,,stpaul
2020-09-03,13500.0,0.0,22.22222222222222,0.10342,0.11661333333333333,0.11072,0.22340000000000002,0.19154,0.13598000000000002,0.16111333333333333,0.2101866666666667,0.23784,12.1,0.006,,,,stpaul
2020-09-04,12600.0,0.0,19.444444444444443,0.11188,0.12032000000000001,0.11208,0.2222,0.18686,0.13332,0.16172,0.20658,0.23256,12.1,0.006,,,,stpaul
2020-09-05,11800.0,0.0,20.555555555555557,0.12034,0.12402666666666667,0.11344,0.221,0.18218,0.13066,0.16232666666666665,0.20297333333333334,0.22728,12.1,0.006,,,,stpaul
2020-09-06,12000.0,0.0,21.666666666666668,0.1288,0.12773333333333334,0.1148,0.2198,0.1775,0.128,0.16293333333333332,0.19936666666666666,0.222,12.1,0.006,,,,stpaul
2020-09-07,12000.0,0.0,20.555555555555557,0.13726,0.13144,0.11616,0.21860000000000002,0.17282,0.12534,0.16354,0.19576000000000002,0.21672,12.1,0.006,,,,stpaul
2020-09-08,12400.0,0.34,18.88888888888889,0.14572,0.13514666666666666,0.11751999999999999,0.2174,0.16814,0.12268000000000001,0.16414666666666666,0.19215333333333334,0.21144,12.1,0.006,,,,stpaul
2020-09-09,12100.0,0.0,17.77777777777778,0.15417999999999998,0.13885333333333333,0.11887999999999999,0.2162,0.16346,0.12002,0.16475333333333333,0.18854666666666667,0.20616,12.1,0.006,,,,stpaul
2020-09-10,12000.0,0.07,16.666666666666668,0.16264,0.14256,0.12023999999999999,0.215,0.15878,0.11736,0.16536,0.18494,0.20088,12.1,0.006,,,,stpaul
2020-09-11,11300.0,0.0,17.22222222222222,0.1711,0.14626666666666666,0.12159999999999999,0.21380000000000002,0.15410000000000001,0.1147,0.16596666666666668,0.18133333333333335,0.1956,12.1,0.006,,,,stpaul
2020-09-12,11100.0,0.02,16.666666666666668,0.17956,0.14997333333333335,0.12295999999999999,0.2126,0.14942,0.11204,0.16657333333333335,0.17772666666666667,0.19032,12.1,0.006,,,,stpaul
2020-09-13,10900.0,0.0,16.666666666666668,0.18802,0.15367999999999998,0.12431999999999999,0.2114,0.14474,0.10938,0.16718,0.17412,0.18503999999999998,12.1,0.006,,,,stpaul
2020-09-14,11400.0,0.0,17.22222222222222,0.19648,0.15738666666666667,0.12568,0.2102,0.14006000000000002,0.10672000000000001,0.16778666666666667,0.17051333333333335,0.17975999999999998,12.1,0.006,,,,stpaul
2020-09-15,11500.0,0.0,17.77777777777778,0.20494,0.16109333333333334,0.12704,0.20900000000000002,0.13538,0.10406,0.16839333333333334,0.16690666666666668,0.17447999999999997,12.1,0.006,,,,stpaul
2020-09-16,11200.0,0.0,18.333333333333332,0.2134,0.1648,0.1284,0.2078,0.1307,0.1014,0.169,0.1633,0.1692,12.1,0.006,,,,stpaul
2020-09-17,10400.0,0.0,17.77777777777778,0.13340000000000002,0.11715,0.09634999999999999,0.2111,0.15225,0.1131,0.1512,0.1814,0.1855,12.1,0.006,,,,stpaul
2020-09-18,9790.0,0.0,17.22222222222222,0.0534,0.0695,0.0643,0.2144,0.1738,0.1248,0.1334,0.1995,0.2018,12.1,0.006,,,,stpaul
2020-09-19,9640.0,0.0,17.22222222222222,0.0446399999999999,0.059765,0.0563549999999999,0.1938274999999999,0.1179824999999999,0.072745,0.13393333333333332,0.1955,0.20553333333333335,12.1,0.006,,,,stpaul
2020-09-20,9440.0,0.0,17.77777777777778,0.06726999999999994,0.08078250000000001,0.07447749999999995,0.19356374999999995,0.14324124999999996,0.09577250000000001,0.13446666666666668,0.1915,0.20926666666666666,12.1,0.006,,,,stpaul
2020-09-21,9250.0,0.0,17.22222222222222,0.0899,0.1018,0.0926,0.1933,0.1685,0.1188,0.135,0.1875,0.213,12.1,0.006,,,,stpaul
2020-09-22,8800.0,0.0,17.77777777777778,0.0588,0.0781,0.06725,0.20575,0.16605,0.11715,0.12435,0.18505,0.2103,12.1,0.006,,,,stpaul
2020-09-23,8810.0,0.0,18.333333333333332,0.0277,0.0544,0.0419,0.2182,0.1636,0.1155,0.1137,0.1826,0.2076,12.1,0.006,,,,stpaul
2020-09-24,9240.0,0.04,19.444444444444443,0.030387499999999998,0.052274999999999995,0.040975,0.198975,0.1509375,0.1062125,0.1048625,0.1672875,0.1900125,12.1,0.006,,,,stpaul
2020-09-25,8760.0,0.12,19.444444444444443,0.033075,0.05015,0.04005,0.17975000000000002,0.13827499999999998,0.09692500000000001,0.096025,0.151975,0.172425,12.1,0.006,,,,stpaul
2020-09-26,8960.0,0.0,20.555555555555557,0.0357625,0.048025,0.039125,0.160525,0.1256125,0.08763750000000001,0.0871875,0.13666250000000002,0.15483750000000002,12.1,0.006,,,,stpaul
2020-09-27,8960.0,0.0,19.444444444444443,0.03845,0.045899999999999996,0.0382,0.1413,0.11295,0.07835,0.07835,0.12135000000000001,0.13725,12.1,0.006,,,,stpaul
2020-09-28,8320.0,0.02,18.333333333333332,0.0411375,0.043775,0.037275,0.12207500000000002,0.1002875,0.0690625,0.0695125,0.1060375,0.1196625,12.1,0.006,,,,stpaul
2020-09-29,8340.0,0.03,16.666666666666668,0.043825,0.04165,0.03635,0.10285000000000001,0.087625,0.059775,0.06067499999999999,0.090725,0.10207500000000001,12.1,0.006,,,,stpaul
2020-09-30,8500.0,0.02,16.666666666666668,0.0465125,0.039525000000000005,0.035425000000000005,0.083625,0.07496249999999999,0.050487500000000005,0.051837499999999995,0.07541250000000001,0.08448750000000002,12.1,0.006,,,,stpaul
2020-10-01,8180.0,0.18,15.555555555555555,0.0492,0.0374,0.0345,0.0644,0.0623,0.0412,0.043,0.0601,0.0669,12.1,0.006,,,,stpaul
2020-10-02,7890.0,0.0,15.0,0.04760625,0.044070624999999974,0.04384125,0.09697687499999998,0.08080624999999997,0.05273,0.06458,0.08696,0.09656,12.1,0.006,,,,stpaul
2020-10-03,8340.0,0.0,14.444444444444445,0.0460125,0.05074124999999995,0.0531825,0.12955374999999997,0.09931249999999994,0.06426,0.08616,0.11381999999999999,0.12622,12.1,0.006,,,,stpaul
2020-10-04,8230.0,0.0,13.88888888888889,0.04441875,0.05741187499999993,0.06252375,0.16213062499999992,0.11781874999999992,0.07579,0.10774,0.14067999999999997,0.15588000000000002,12.1,0.006,,,,stpaul
2020-10-05,8280.0,0.0,14.444444444444445,0.042825,0.0640824999999999,0.071865,0.1947074999999999,0.1363249999999999,0.08732,0.12932,0.16753999999999997,0.18553999999999998,12.1,0.006,,,,stpaul
2020-10-06,8300.0,0.0,14.444444444444445,0.0868,0.0915,0.0948,0.1858,0.1719,0.1268,0.1509,0.1944,0.2152,12.1,0.006,,,,stpaul
2020-10-07,8530.0,0.0,15.0,0.07015,0.07915,0.0886,0.1849,0.1703,0.12475,0.13695000000000002,0.18505,0.19540000000000002,12.1,0.006,,,,stpaul
2020-10-08,7870.0,0.0,15.0,0.0535,0.0668,0.0824,0.184,0.1687,0.1227,0.123,0.1757,0.1756,12.1,0.006,,,,stpaul
2020-10-09,7880.0,0.0,15.0,0.1322,0.12646666666666667,0.1466,0.23746666666666666,0.24226666666666669,0.20323333333333332,0.19469999999999998,0.24636666666666668,0.2507666666666667,12.1,0.006,,,,stpaul
2020-10-10,7830.0,0.0,15.555555555555555,0.2109,0.18613333333333332,0.21080000000000002,0.2909333333333333,0.31583333333333335,0.28376666666666667,0.26639999999999997,0.31703333333333333,0.32593333333333335,12.1,0.006,,,,stpaul
2020-10-11,8120.0,0.0,15.555555555555555,0.2896,0.2458,0.275,0.3444,0.3894,0.3643,0.3381,0.3877,0.4011,12.1,0.006,,,,stpaul
2020-10-12,9160.0,1.79,15.555555555555555,0.17750000000000002,0.1653,0.1836,0.24819999999999998,0.27625,0.2447,0.23655,0.2758,0.2943,12.1,0.006,,,,stpaul
2020-10-13,9470.0,0.1,15.0,0.0654,0.0848,0.0922,0.152,0.1631,0.1251,0.135,0.1639,0.1875,12.1,0.006,,,,stpaul
2020-10-14,10600.0,0.03,13.88888888888889,0.15786666666666666,0.16546666666666665,0.16546666666666665,0.24319999999999997,0.22293333333333334,0.1852,0.20529999999999998,0.23023333333333335,0.24826666666666666,12.1,0.006,,,,stpaul
2020-10-15,10300.0,0.0,12.777777777777779,0.2503333333333333,0.24613333333333332,0.23873333333333333,0.3344,0.28276666666666667,0.24530000000000002,0.27559999999999996,0.29656666666666665,0.3090333333333333,12.1,0.006,,,,stpaul
2020-10-16,9990.0,0.0,11.666666666666666,0.3428,0.3268,0.312,0.4256,0.3426,0.3054,0.3459,0.3629,0.3698,12.1,0.006,,,,stpaul
2020-10-17,9770.0,0.0,10.555555555555555,0.32900999999999997,0.31454,0.30061,0.41119999999999995,0.33276500000000003,0.296165,0.334495,0.35189,0.358485,12.1,0.006,,,,stpaul
2020-10-18,9380.0,0.0,10.555555555555555,0.31522,0.30228,0.28922,0.3968,0.32293,0.28693,0.32309,0.34088,0.34717000000000003,12.1,0.006,,,,stpaul
2020-10-19,9440.0,0.0,8.88888888888889,0.30143,0.29002,0.27783,0.38239999999999996,0.313095,0.277695,0.311685,0.32987,0.335855,12.1,0.006,,,,stpaul
2020-10-20,9330.0,0.03,8.333333333333334,0.28764,0.27776,0.26644,0.368,0.30326000000000003,0.26846000000000003,0.30028,0.31886,0.32454,12.1,0.006,,,,stpaul
2020-10-21,10000.0,0.86,7.5,0.27385,0.26549999999999996,0.25505,0.35359999999999997,0.29342500000000005,0.259225,0.288875,0.30785,0.313225,12.1,0.006,,,,stpaul
2020-10-22,10100.0,0.0,6.666666666666667,0.26005999999999996,0.25324,0.24366,0.33919999999999995,0.28359,0.24999,0.27747,0.29684,0.30191,12.1,0.006,,,,stpaul
2020-10-23,10600.0,0.17,6.111111111111111,0.24627,0.24097999999999997,0.23226999999999998,0.3248,0.273755,0.240755,0.266065,0.28583000000000003,0.290595,12.1,0.006,,,,stpaul
2020-10-24,10600.0,0.02,5.555555555555555,0.23248,0.22871999999999998,0.22088,0.3104,0.26392000000000004,0.23152,0.25466,0.27482,0.27928,12.1,0.006,,,,stpaul
2020-10-25,11100.0,0.0,5.0,0.21869,0.21645999999999999,0.20949,0.296,0.254085,0.222285,0.243255,0.26381,0.267965,12.1,0.006,,,,stpaul
2020-10-26,11500.0,0.04,3.888888888888889,0.2049,0.2042,0.1981,0.28159999999999996,0.24425000000000002,0.21305000000000002,0.23185,0.2528,0.25665,12.1,0.006,,,,stpaul
2020-10-27,11600.0,0.0,3.888888888888889,0.19111,0.19194,0.18671,0.2672,0.234415,0.203815,0.220445,0.24179,0.245335,12.1,0.006,,,,stpaul
2020-10-28,11500.0,0.0,3.3333333333333335,0.17731999999999998,0.17968,0.17531999999999998,0.25279999999999997,0.22458,0.19458,0.20904,0.23077999999999999,0.23402,12.1,0.006,,,,stpaul
2020-10-29,11600.0,0.0,4.444444444444445,0.16352999999999998,0.16742,0.16393,0.23839999999999997,0.21474500000000002,0.185345,0.197635,0.21977,0.222705,12.1,0.006,,,,stpaul
2020-10-30,11500.0,0.0,4.444444444444445,0.14973999999999998,0.15516,0.15253999999999998,0.22399999999999998,0.20491,0.17611,0.18623,0.20876,0.21139,12.1,0.006,,,,stpaul
2020-10-31,11800.0,0.0,4.444444444444445,0.13595,0.1429,0.14115,0.20959999999999998,0.19507500000000003,0.166875,0.174825,0.19774999999999998,0.20007499999999998,12.1,0.006,,,,stpaul
2020-11-01,11500.0,0.0,4.444444444444445,0.12215999999999999,0.13064,0.12976,0.19519999999999998,0.18524000000000002,0.15764,0.16342,0.18674,0.18875999999999998,12.1,0.006,,,,stpaul
2020-11-02,11400.0,0.0,3.888888888888889,0.10837,0.11838000000000001,0.11836999999999998,0.1808,0.175405,0.148405,0.152015,0.17573,0.177445,12.1,0.006,,,,stpaul
2020-11-03,11700.0,0.0,4.444444444444445,0.09458,0.10612000000000002,0.10697999999999999,0.1664,0.16557000000000002,0.13917000000000002,0.14061,0.16471999999999998,0.16612999999999997,12.1,0.006,,,,stpaul
2020-11-04,11500.0,0.0,5.555555555555555,0.08078999999999997,0.09386,0.09558999999999998,0.15199999999999997,0.155735,0.129935,0.12920500000000001,0.15370999999999999,0.15481499999999998,12.1,0.006,,,,stpaul
2020-11-05,11400.0,0.0,6.111111111111111,0.067,0.0816,0.0842,0.1376,0.1459,0.1207,0.1178,0.1427,0.1435,12.1,0.006,,,,stpaul
2020-11-06,11400.0,0.0,6.666666666666667,0.07286666666666666,0.08571666666666668,0.08903333333333333,0.1404,0.143925,0.11853333333333334,0.122875,0.14778333333333332,0.14807499999999998,12.1,0.006,,,,stpaul
2020-11-07,11400.0,0.0,8.055555555555555,0.07873333333333334,0.08983333333333333,0.09386666666666667,0.1432,0.14195,0.11636666666666667,0.12795,0.15286666666666665,0.15264999999999998,12.1,0.006,,,,stpaul
2020-11-08,11400.0,0.0,9.444444444444445,0.08460000000000001,0.09395,0.0987,0.146,0.13997500000000002,0.1142,0.133025,0.15794999999999998,0.157225,12.1,0.006,,,,stpaul
2020-11-09,11300.0,0.0,10.555555555555555,0.09046666666666667,0.09806666666666668,0.10353333333333332,0.1488,0.138,0.11203333333333333,0.1381,0.16303333333333334,0.1618,12.1,0.006,,,,stpaul
2020-11-10,11100.0,0.24,10.0,0.09633333333333333,0.10218333333333335,0.10836666666666667,0.15159999999999998,0.136025,0.10986666666666667,0.143175,0.16811666666666666,0.166375,12.1,0.006,,,,stpaul
2020-11-11,11800.0,0.66,7.777777777777778,0.1022,0.1063,0.1132,0.15439999999999998,0.13405,0.1077,0.14825,0.1732,0.17095,12.1,0.006,,,,stpaul
2020-11-12,12300.0,0.0,7.777777777777778,0.10806666666666667,0.11041666666666668,0.11803333333333332,0.1572,0.132075,0.10553333333333334,0.153325,0.17828333333333332,0.175525,12.1,0.006,,,,stpaul
2020-11-13,13100.0,0.13,6.666666666666667,0.11393333333333333,0.11453333333333335,0.12286666666666665,0.16,0.1301,0.10336666666666668,0.15839999999999999,0.18336666666666665,0.18009999999999998,12.1,0.006,,,,stpaul
2020-11-14,13600.0,0.0,5.0,0.11979999999999999,0.11865,0.12769999999999998,0.1628,0.128125,0.10120000000000001,0.16347499999999998,0.18845,0.18467499999999998,12.1,0.006,,,,stpaul
2020-11-15,13300.0,0.0,5.0,0.12566666666666665,0.12276666666666668,0.13253333333333334,0.1656,0.12615,0.09903333333333333,0.16855,0.19353333333333333,0.18924999999999997,12.1,0.006,,,,stpaul
2020-11-16,13400.0,0.0,3.3333333333333335,0.13153333333333334,0.12688333333333335,0.13736666666666666,0.1684,0.12417500000000001,0.09686666666666667,0.173625,0.19861666666666666,0.193825,12.1,0.006,,,,stpaul
2020-11-17,14100.0,0.0,2.7777777777777777,0.1374,0.131,0.1422,0.1712,0.1222,0.0947,0.1787,0.2037,0.1984,12.1,0.006,,,,stpaul
2020-11-18,13500.0,0.0,2.7777777777777777,0.12639999999999998,0.12198,0.13296,0.16476,0.12389,0.09722,0.17068,0.19441999999999998,0.19086999999999998,12.1,0.006,,,,stpaul
2020-11-19,13000.0,0.0,3.3333333333333335,0.1154,0.11296,0.12372,0.15832,0.12558,0.09974000000000001,0.16266,0.18514,0.18334,12.1,0.006,,,,stpaul
2020-11-20,13100.0,0.0,3.888888888888889,0.10439999999999999,0.10394,0.11448,0.15188,0.12727,0.10226,0.15464,0.17586,0.17581,12.1,0.006,,,,stpaul
2020-11-21,13300.0,0.0,3.3333333333333335,0.0934,0.09492,0.10524,0.14543999999999999,0.12896,0.10478000000000001,0.14662,0.16658,0.16827999999999999,12.1,0.006,,,,stpaul
2020-11-22,13700.0,0.04,2.7777777777777777,0.0824,0.0859,0.096,0.139,0.13065,0.1073,0.1386,0.1573,0.16075,12.1,0.006,,,,stpaul
2020-11-23,13900.0,0.0,2.7777777777777777,0.07139999999999999,0.07688,0.08675999999999999,0.13256,0.13234,0.10982,0.13058,0.14801999999999998,0.15322,12.1,0.006,,,,stpaul
2020-11-24,13800.0,0.01,2.7777777777777777,0.060399999999999995,0.06786,0.07751999999999999,0.12612,0.13403,0.11234000000000001,0.12256,0.13873999999999997,0.14569,12.1,0.006,,,,stpaul
2020-11-25,12900.0,0.0,3.3333333333333335,0.0494,0.05884,0.06828,0.11968000000000001,0.13572,0.11486,0.11454,0.12946,0.13816,12.1,0.006,,,,stpaul
2020-11-26,12800.0,0.0,3.3333333333333335,0.038400000000000004,0.04982,0.059039999999999995,0.11324000000000001,0.13741,0.11738000000000001,0.10652,0.12018,0.13063,12.1,0.006,,,,stpaul
2020-11-27,12600.0,0.0,2.7777777777777777,0.0274,0.0408,0.0498,0.1068,0.1391,0.1199,0.0985,0.1109,0.1231,12.1,0.006,,,,stpaul
2020-11-28,12600.0,0.0,2.7777777777777777,0.0268,0.03866666666666667,0.047933333333333335,0.10590000000000001,0.1401,0.12053333333333334,0.09806666666666666,0.11013333333333333,0.12726666666666667,12.1,0.006,,,,stpaul
2020-11-29,12500.0,0.0,2.7777777777777777,0.0262,0.036533333333333334,0.046066666666666665,0.105,0.1411,0.12116666666666667,0.09763333333333334,0.10936666666666667,0.13143333333333335,12.1,0.006,,,,stpaul
2020-11-30,12200.0,0.0,1.6666666666666667,0.0256,0.0344,0.0442,0.1041,0.1421,0.1218,0.0972,0.1086,0.1356,12.1,0.006,,,,stpaul
2020-12-01,10600.0,0.0,1.1111111111111112,0.0455474999999999,0.0537424999999999,0.05542,0.1119324999999999,0.1037925,0.0866325,0.1061,0.1234,0.14405,12.1,0.006,,,,stpaul
2020-12-02,9790.0,0.0,1.6666666666666667,0.0924,0.0946,0.1042,0.1368,0.1392,0.1215,0.115,0.1382,0.1525,12.1,0.006,,,,stpaul
2020-12-03,9990.0,0.0,1.6666666666666667,0.08253333333333333,0.08583333333333333,0.09806666666666666,0.13056666666666666,0.1357,0.12086666666666666,0.11170000000000001,0.13546666666666665,0.14653333333333332,12.1,0.006,,,,stpaul
2020-12-04,9910.0,0.0,1.6666666666666667,0.07266666666666666,0.07706666666666667,0.09193333333333334,0.12433333333333334,0.1322,0.12023333333333333,0.1084,0.13273333333333334,0.14056666666666667,12.1,0.006,,,,stpaul
2020-12-05,10300.0,0.0,1.6666666666666667,0.0628,0.0683,0.0858,0.1181,0.1287,0.1196,0.1051,0.13,0.1346,12.1,0.006,,,,stpaul
2020-12-06,10600.0,0.0,2.2222222222222223,0.060233333333333326,0.06630666666666667,0.08322666666666667,0.11857333333333334,0.12822666666666668,0.11802,0.10402666666666667,0.12804000000000001,0.13336,12.1,0.006,,,,stpaul
2020-12-07,10600.0,0.0,2.2222222222222223,0.057666666666666665,0.06431333333333333,0.08065333333333334,0.11904666666666666,0.12775333333333333,0.11644,0.10295333333333333,0.12608,0.13212,12.1,0.006,,,,stpaul
2020-12-08,10700.0,0.0,2.2222222222222223,0.055099999999999996,0.06232,0.07808,0.11952,0.12728,0.11486,0.10188,0.12412000000000001,0.13088,12.1,0.006,,,,stpaul
2020-12-09,10900.0,0.0,2.2222222222222223,0.05253333333333333,0.06032666666666667,0.07550666666666667,0.11999333333333333,0.12680666666666668,0.11327999999999999,0.10080666666666667,0.12216,0.12964,12.1,0.006,,,,stpaul
2020-12-10,10600.0,0.0,2.7777777777777777,0.04996666666666666,0.058333333333333334,0.07293333333333334,0.12046666666666667,0.12633333333333335,0.1117,0.09973333333333333,0.1202,0.12840000000000001,12.1,0.006,,,,stpaul
2020-12-11,10700.0,0.0,2.7777777777777777,0.0474,0.05634,0.07036,0.12094,0.12586,0.11012,0.09866,0.11824,0.12716,12.1,0.006,,,,stpaul
2020-12-12,10800.0,0.0,2.2222222222222223,0.04483333333333333,0.05434666666666667,0.06778666666666666,0.12141333333333333,0.12538666666666667,0.10854,0.09758666666666667,0.11628,0.12592,12.1,0.006,,,,stpaul
2020-12-13,10700.0,0.0,1.6666666666666667,0.04226666666666666,0.052353333333333335,0.06521333333333333,0.12188666666666667,0.12491333333333333,0.10696,0.09651333333333333,0.11432,0.12468,12.1,0.006,,,,stpaul
2020-12-14,9710.0,0.01,0.5555555555555556,0.0397,0.05036,0.06264,0.12236,0.12444000000000001,0.10538,0.09544,0.11236,0.12344000000000001,12.1,0.006,,,,stpaul
2020-12-15,6630.0,0.0,0.5555555555555556,0.03713333333333333,0.04836666666666667,0.06006666666666667,0.12283333333333334,0.12396666666666667,0.1038,0.09436666666666667,0.1104,0.1222,12.1,0.006,,,,stpaul
2020-12-16,5920.0,0.0,0.5555555555555556,0.03456666666666666,0.046373333333333336,0.057493333333333334,0.12330666666666668,0.12349333333333333,0.10222,0.09329333333333333,0.10844,0.12096000000000001,12.1,0.006,,,,stpaul
2020-12-17,6990.0,0.0,1.1111111111111112,0.032,0.044379999999999996,0.054920000000000004,0.12378,0.12302,0.10064,0.09222,0.10647999999999999,0.11972000000000001,12.1,0.006,,,,stpaul
2020-12-18,7140.0,0.0,1.1111111111111112,0.029433333333333332,0.04238666666666666,0.052346666666666666,0.12425333333333334,0.12254666666666666,0.09906,0.09114666666666667,0.10452,0.11848,12.1,0.006,,,,stpaul
2020-12-19,8270.0,0.01,1.1111111111111112,0.026866666666666664,0.04039333333333333,0.049773333333333336,0.12472666666666667,0.12207333333333334,0.09748,0.09007333333333332,0.10255999999999998,0.11724000000000001,12.1,0.006,,,,stpaul
2020-12-20,7660.0,0.0,1.1111111111111112,0.0243,0.0384,0.0472,0.1252,0.1216,0.0959,0.089,0.1006,0.116,12.1,0.006,,,,stpaul
2020-12-21,9030.0,0.0,1.6666666666666667,0.056018750000000006,0.06007625,0.06970124999999999,0.15097812500000002,0.09910812499999999,0.08635062499999997,0.1395,0.15192,0.16216,12.1,0.006,,,,stpaul
2020-12-22,8480.0,0.0,1.1111111111111112,0.08773750000000001,0.0817525,0.09220249999999999,0.17675625,0.07661625,0.07680124999999995,0.19,0.20324000000000003,0.20832,12.1,0.006,,,,stpaul
2020-12-23,9000.0,0.0,1.1111111111111112,0.11945625000000001,0.10342874999999999,0.11470375,0.202534375,0.05412437499999999,0.06725187499999993,0.24050000000000002,0.25456,0.25448,12.1,0.006,,,,stpaul
2020-12-24,5380.0,0.61,0.5555555555555556,0.151175,0.125105,0.137205,0.2283125,0.0316325,0.0577024999999999,0.29100000000000004,0.30588000000000004,0.30064,12.1,0.006,,,,stpaul
2020-12-25,4590.0,0.0,0.5555555555555556,0.2626,0.2108,0.2291,0.2642,0.0732,0.0794,0.3415,0.3572,0.3468,12.1,0.006,,,,stpaul
2020-12-26,4540.0,0.0,0.5555555555555556,0.25934814814814816,0.20922962962962963,0.22637037037037036,0.2607481481481481,0.07375555555555556,0.07956666666666666,0.3356925925925926,0.35101481481481484,0.34096296296296297,12.1,0.006,,,,stpaul
2020-12-27,5540.0,0.0,0.5555555555555556,0.2560962962962963,0.20765925925925924,0.22364074074074075,0.2572962962962963,0.0743111111111111,0.07973333333333334,0.3298851851851852,0.34482962962962965,0.33512592592592594,12.1,0.006,,,,stpaul
2020-12-28,6520.0,0.01,0.5555555555555556,0.2528444444444444,0.20608888888888888,0.2209111111111111,0.25384444444444443,0.07486666666666666,0.0799,0.3240777777777778,0.33864444444444447,0.3292888888888889,12.1,0.006,,,,stpaul
2020-12-29,6800.0,0.0,0.5555555555555556,0.2495925925925926,0.20451851851851852,0.21818148148148148,0.2503925925925926,0.07542222222222222,0.08006666666666666,0.31827037037037037,0.3324592592592593,0.3234518518518519,12.1,0.006,,,,stpaul
2020-12-30,7240.0,0.21,0.5555555555555556,0.24634074074074075,0.20294814814814813,0.21545185185185184,0.24694074074074074,0.07597777777777778,0.08023333333333334,0.312462962962963,0.3262740740740741,0.3176148148148148,12.1,0.006,,,,stpaul
2020-12-31,7500.0,0.0,0.5555555555555556,0.24308888888888888,0.20137777777777777,0.21272222222222223,0.2434888888888889,0.07653333333333333,0.0804,0.30665555555555557,0.3200888888888889,0.31177777777777776,12.1,0.006,,,,stpaul
2021-01-01,7070.0,0.0,0.5555555555555556,0.23983703703703704,0.1998074074074074,0.2099925925925926,0.24003703703703705,0.07708888888888889,0.08056666666666666,0.3008481481481482,0.3139037037037037,0.30594074074074074,12.1,0.006,,,,stpaul
2021-01-02,7020.0,0.0,0.5555555555555556,0.23658518518518518,0.19823703703703702,0.20726296296296295,0.23658518518518518,0.07764444444444445,0.08073333333333334,0.29504074074074077,0.3077185185185185,0.3001037037037037,12.1,0.006,,,,stpaul
2021-01-03,7530.0,0.0,0.5555555555555556,0.23333333333333334,0.19666666666666666,0.20453333333333334,0.23313333333333333,0.0782,0.0809,0.28923333333333334,0.3015333333333333,0.2942666666666667,12.1,0.006,,,,stpaul
2021-01-04,7980.0,0.01,0.5555555555555556,0.2300814814814815,0.1950962962962963,0.2018037037037037,0.2296814814814815,0.07875555555555555,0.08106666666666666,0.28342592592592597,0.29534814814814814,0.28842962962962965,12.1,0.006,,,,stpaul
2021-01-05,7550.0,0.0,0.5555555555555556,0.22682962962962963,0.1935259259259259,0.19907407407407407,0.2262296296296296,0.07931111111111111,0.08123333333333334,0.27761851851851854,0.28916296296296295,0.2825925925925926,12.1,0.006,,,,stpaul
2021-01-06,7520.0,0.0,0.5555555555555556,0.2235777777777778,0.19195555555555555,0.19634444444444443,0.2227777777777778,0.07986666666666667,0.0814,0.2718111111111111,0.2829777777777778,0.27675555555555553,12.1,0.006,,,,stpaul
2021-01-07,7680.0,0.0,0.5555555555555556,0.22032592592592593,0.19038518518518519,0.19361481481481482,0.21932592592592592,0.08042222222222223,0.08156666666666666,0.26600370370370374,0.2767925925925926,0.27091851851851856,12.1,0.006,,,,stpaul
2021-01-08,7460.0,0.0,0.5555555555555556,0.21707407407407409,0.1888148148148148,0.19088518518518519,0.21587407407407408,0.08097777777777777,0.08173333333333334,0.2601962962962963,0.2706074074074074,0.2650814814814815,12.1,0.006,,,,stpaul
2021-01-09,7100.0,0.0,0.5555555555555556,0.21382222222222225,0.18724444444444444,0.18815555555555558,0.21242222222222223,0.08153333333333333,0.0819,0.2543888888888889,0.2644222222222222,0.25924444444444444,12.1,0.006,,,,stpaul
2021-01-10,7190.0,0.0,0.5555555555555556,0.21057037037037038,0.18567407407407407,0.18542592592592594,0.20897037037037036,0.08208888888888889,0.08206666666666666,0.24858148148148151,0.25823703703703704,0.2534074074074074,12.1,0.006,,,,stpaul
2021-01-11,7560.0,0.0,0.5555555555555556,0.2073185185185185,0.18410370370370369,0.1826962962962963,0.20551851851851852,0.08264444444444445,0.08223333333333334,0.2427740740740741,0.25205185185185186,0.24757037037037039,12.1,0.006,,,,stpaul
2021-01-12,7400.0,0.0,0.5555555555555556,0.20406666666666667,0.18253333333333333,0.17996666666666666,0.20206666666666667,0.0832,0.0824,0.2369666666666667,0.24586666666666668,0.24173333333333336,12.1,0.006,,,,stpaul
2021-01-13,8020.0,0.0,0.5555555555555556,0.20081481481481483,0.18096296296296296,0.17723703703703705,0.19861481481481483,0.08375555555555556,0.08256666666666666,0.2311592592592593,0.2396814814814815,0.2358962962962963,12.1,0.006,,,,stpaul
2021-01-14,8130.0,0.0,0.5555555555555556,0.19756296296296297,0.17939259259259258,0.17450740740740742,0.19516296296296298,0.08431111111111111,0.08273333333333334,0.22535185185185186,0.2334962962962963,0.23005925925925927,12.1,0.006,,,,stpaul
2021-01-15,8940.0,0.43,0.5555555555555556,0.19431111111111113,0.17782222222222221,0.17177777777777778,0.1917111111111111,0.08486666666666667,0.0829,0.21954444444444446,0.2273111111111111,0.22422222222222224,12.1,0.006,,,,stpaul
2021-01-16,8290.0,0.24,1.1111111111111112,0.19105925925925926,0.17625185185185183,0.16904814814814817,0.18825925925925927,0.08542222222222222,0.08306666666666666,0.21373703703703706,0.22112592592592592,0.21838518518518518,12.1,0.006,,,,stpaul
2021-01-17,7650.0,0.0,1.1111111111111112,0.18780740740740742,0.17468148148148147,0.16631851851851853,0.18480740740740742,0.08597777777777778,0.08323333333333334,0.20792962962962966,0.21494074074074074,0.21254814814814815,12.1,0.006,,,,stpaul
2021-01-18,8190.0,0.0,1.1111111111111112,0.18455555555555558,0.1731111111111111,0.1635888888888889,0.18135555555555558,0.08653333333333334,0.0834,0.20212222222222223,0.20875555555555556,0.20671111111111112,12.1,0.006,,,,stpaul
2021-01-19,8040.0,0.0,1.1111111111111112,0.18130370370370372,0.17154074074074072,0.16085925925925926,0.17790370370370373,0.08708888888888888,0.08356666666666666,0.19631481481481483,0.20257037037037037,0.2008740740740741,12.1,0.006,,,,stpaul
2021-01-20,6850.0,0.0,0.5555555555555556,0.17805185185185185,0.16997037037037036,0.15812962962962962,0.17445185185185186,0.08764444444444444,0.08373333333333334,0.19050740740740743,0.1963851851851852,0.19503703703703706,12.1,0.006,,,,stpaul
2021-01-21,7210.0,0.03,0.5555555555555556,0.1748,0.1684,0.1554,0.171,0.0882,0.0839,0.1847,0.1902,0.1892,12.1,0.006,,,,stpaul
2021-01-22,6580.0,0.0,0.5555555555555556,0.2741,0.24756666666666666,0.23970000000000002,0.2548666666666667,0.08473333333333333,0.08373333333333334,0.30733333333333335,0.30833333333333335,0.3116333333333333,12.1,0.006,,,,stpaul
2021-01-23,6380.0,0.0,0.5555555555555556,0.3734,0.3267333333333333,0.324,0.33873333333333333,0.08126666666666667,0.08356666666666666,0.42996666666666666,0.42646666666666666,0.43406666666666666,12.1,0.006,,,,stpaul
2021-01-24,7100.0,0.31,0.5555555555555556,0.4727,0.4059,0.4083,0.4226,0.0778,0.0834,0.5526,0.5446,0.5565,12.1,0.006,,,,stpaul
2021-01-25,7080.0,0.0,0.5555555555555556,0.3727425,0.30116,0.2752825,0.3060825,0.0543474999999999,0.05828,0.52626,0.51771,0.52703,12.1,0.006,,,,stpaul
2021-01-26,7060.0,0.0,0.5555555555555556,0.3554044444444444,0.28918666666666665,0.2659844444444444,0.2958955555555555,0.05805333333333325,0.06221555555555555,0.49992,0.49082,0.49756,12.1,0.006,,,,stpaul
2021-01-27,6730.0,0.0,0.5555555555555556,0.33806638888888885,0.2772133333333333,0.2566863888888889,0.2857086111111111,0.06175916666666659,0.0661511111111111,0.47358,0.46392999999999995,0.46809,12.1,0.006,,,,stpaul
2021-01-28,6540.0,0.0,0.5555555555555556,0.32072833333333334,0.26524,0.24738833333333332,0.27552166666666666,0.06546499999999994,0.07008666666666667,0.44723999999999997,0.43704,0.43862,12.1,0.006,,,,stpaul
2021-01-29,6540.0,0.0,0.5555555555555556,0.3033902777777778,0.25326666666666664,0.23809027777777778,0.2653347222222222,0.06917083333333328,0.07402222222222223,0.4209,0.41015,0.40915,12.1,0.006,,,,stpaul
2021-01-30,6670.0,0.02,0.5555555555555556,0.2860522222222222,0.2412933333333333,0.22879222222222223,0.25514777777777775,0.07287666666666662,0.07795777777777778,0.39456,0.38326,0.37967999999999996,12.1,0.006,,,,stpaul
2021-01-31,7510.0,0.0,0.5555555555555556,0.2687141666666667,0.22932,0.21949416666666666,0.24496083333333335,0.07658249999999997,0.08189333333333335,0.36822,0.35636999999999996,0.35020999999999997,12.1,0.006,,,,stpaul
2021-02-01,7390.0,0.0,-7.777777777777778,0.25137611111111113,0.21734666666666666,0.2101961111111111,0.2347738888888889,0.08028833333333331,0.0858288888888889,0.34188,0.32948,0.32073999999999997,12.1,0.006,,,,stpaul
2021-02-02,6960.0,0.0,-7.222222222222222,0.23403805555555557,0.20537333333333332,0.20089805555555557,0.22458694444444444,0.08399416666666665,0.08976444444444445,0.31554000000000004,0.30259,0.29127,12.1,0.006,,,,stpaul
2021-02-03,7160.0,0.0,-1.6666666666666667,0.2167,0.1934,0.1916,0.2144,0.0877,0.0937,0.2892,0.2757,0.2618,12.1,0.006,,,,stpaul
2021-02-04,7460.0,0.09,0.5555555555555556,0.23574078125,0.20961734375,0.21036531249999998,0.2357003125,0.0885975,0.09390796875,0.28700454545454546,0.2721318181818182,0.25925,12.1,0.006,,,,stpaul
2021-02-05,6140.0,0.11,0.5555555555555556,0.2547815625,0.2258346875,0.22913062499999998,0.257000625,0.08949499999999999,0.0941159375,0.2848090909090909,0.26856363636363634,0.2567,12.1,0.006,,,,stpaul
2021-02-06,5180.0,0.0,0.5555555555555556,0.27382234375000003,0.24205203125,0.2478959375,0.27830093749999996,0.09039249999999999,0.09432390624999999,0.2826136363636364,0.26499545454545453,0.25415,12.1,0.006,,,,stpaul
2021-02-07,4950.0,0.0,0.5555555555555556,0.292863125,0.258269375,0.26666124999999996,0.29960125,0.09128999999999998,0.09453187499999999,0.28041818181818184,0.26142727272727273,0.2516,12.1,0.006,,,,stpaul
2021-02-08,5360.0,0.81,0.5555555555555556,0.31190390625000003,0.27448671874999997,0.2854265625,0.3209015625,0.09218749999999996,0.09473984374999997,0.2782227272727273,0.2578590909090909,0.24905,12.1,0.006,,,,stpaul
2021-02-09,5690.0,0.01,0.5555555555555556,0.33094468750000006,0.2907040625,0.304191875,0.342201875,0.09308499999999996,0.09494781249999996,0.27602727272727273,0.25429090909090907,0.24649999999999997,12.1,0.006,,,,stpaul
2021-02-10,5820.0,0.0,0.5555555555555556,0.34998546875000003,0.30692140625,0.3229571875,0.36350218749999996,0.09398249999999995,0.09515578124999996,0.2738318181818182,0.25072272727272726,0.24394999999999997,12.1,0.006,,,,stpaul
2021-02-11,5680.0,0.0,0.5555555555555556,0.36902625000000006,0.32313875000000003,0.3417225,0.38480249999999994,0.09487999999999995,0.09536374999999996,0.2716363636363636,0.24715454545454546,0.24139999999999998,12.1,0.006,,,,stpaul
2021-02-12,5220.0,0.01,0.5555555555555556,0.3880670312500001,0.33935609375,0.36048781249999995,0.40610281249999997,0.09577749999999995,0.09557171874999995,0.2694409090909091,0.24358636363636363,0.23884999999999998,12.1,0.006,,,,stpaul
2021-02-13,4960.0,0.0,0.5555555555555556,0.40710781250000005,0.35557343750000003,0.37925312499999997,0.427403125,0.09667499999999994,0.09577968749999995,0.26724545454545456,0.2400181818181818,0.23629999999999998,12.1,0.006,,,,stpaul
2021-02-14,4770.0,0.0,0.5555555555555556,0.4261485937500001,0.37179078125,0.3980184375,0.44870343749999997,0.09757249999999994,0.09598765624999994,0.26505,0.23645,0.23374999999999999,12.1,0.006,,,,stpaul
2021-02-15,4340.0,0.0,0.5555555555555556,0.4451893750000001,0.38800812500000004,0.41678375,0.47000374999999994,0.09846999999999992,0.09619562499999992,0.26285454545454545,0.2328818181818182,0.2312,12.1,0.006,,,,stpaul
2021-02-16,4460.0,0.0,0.5555555555555556,0.4642301562500001,0.40422546875,0.4355490625,0.4913040624999999,0.09936749999999991,0.09640359374999992,0.2606590909090909,0.22931363636363636,0.22865,12.1,0.006,,,,stpaul
2021-02-17,4510.0,0.0,0.5555555555555556,0.4832709375000001,0.42044281250000004,0.454314375,0.5126043749999999,0.10026499999999991,0.09661156249999991,0.25846363636363634,0.22574545454545453,0.2261,12.1,0.006,,,,stpaul
2021-02-18,4680.0,0.03,0.5555555555555556,0.5023117187500001,0.43666015625,0.47307968749999996,0.5339046875,0.1011624999999999,0.09681953124999991,0.25626818181818184,0.22217727272727272,0.22354999999999997,12.1,0.006,,,,stpaul
2021-02-19,4640.0,0.0,0.5555555555555556,0.5213525000000001,0.4528775,0.491845,0.555205,0.1020599999999999,0.0970274999999999,0.2540727272727273,0.2186090909090909,0.22099999999999997,12.1,0.006,,,,stpaul
2021-02-20,4510.0,0.0,0.5555555555555556,0.4600937500000001,0.40433125,0.4363375,0.4926041666666666,0.10036666666666658,0.09462291666666658,0.2518772727272727,0.2150409090909091,0.21844999999999998,12.1,0.006,,,,stpaul
2021-02-21,4690.0,0.0,0.5555555555555556,0.39883500000000005,0.355785,0.38083,0.4300033333333333,0.09867333333333327,0.09221833333333328,0.24968181818181817,0.21147272727272726,0.21589999999999998,12.1,0.006,,,,stpaul
2021-02-22,5560.0,0.0,0.5555555555555556,0.33757625,0.30723875,0.32532249999999996,0.36740249999999997,0.09697999999999996,0.08981374999999996,0.24748636363636364,0.20790454545454545,0.21334999999999998,12.1,0.006,,,,stpaul
2021-02-23,5370.0,0.0,0.5555555555555556,0.2763175,0.2586925,0.269815,0.30480166666666664,0.09528666666666663,0.08740916666666664,0.2452909090909091,0.20433636363636362,0.2108,12.1,0.006,,,,stpaul
2021-02-24,5320.0,0.0,0.5555555555555556,0.21505875000000002,0.21014625000000003,0.21430749999999998,0.2422008333333333,0.0935933333333333,0.08500458333333333,0.24309545454545456,0.2007681818181818,0.20825,12.1,0.006,,,,stpaul
2021-02-25,5020.0,0.0,0.5555555555555556,0.1538,0.1616,0.1588,0.1796,0.0919,0.0826,0.2409,0.1972,0.2057,12.1,0.006,,,,stpaul
2021-02-26,5500.0,0.0,0.5555555555555556,0.15616,0.16044,0.15984,0.18164,0.09358,0.08466,0.24176,0.20714,0.20738,12.1,0.006,,,,stpaul
2021-02-27,5610.0,0.0,0.5555555555555556,0.15852,0.15928,0.16088,0.18368,0.09526,0.08672,0.24262,0.21708,0.20906,12.1,0.006,,,,stpaul
2021-02-28,5900.0,0.12,-15.0,0.16088,0.15811999999999998,0.16192,0.18572,0.09694,0.08878,0.24348,0.22702,0.21074,12.1,0.006,,,,stpaul
2021-03-01,5580.0,0.23,1.1111111111111112,0.16324,0.15696,0.16296,0.18776,0.09862,0.09084,0.24434,0.23696,0.21242,12.1,0.006,,,,stpaul
2021-03-02,5860.0,0.0,0.5555555555555556,0.1656,0.1558,0.164,0.1898,0.1003,0.0929,0.2452,0.2469,0.2141,12.1,0.006,,,,stpaul
2021-03-03,5990.0,0.0,0.5555555555555556,0.1470565,0.14668549999999997,0.156936,0.1879765,0.11039799999999998,0.09885699999999997,0.23398,0.23767,0.20822000000000002,12.1,0.006,,,,stpaul
2021-03-04,6490.0,0.0,1.1111111111111112,0.128513,0.13757099999999994,0.149872,0.18615299999999999,0.12049599999999996,0.10481399999999996,0.22276,0.22844,0.20234000000000002,12.1,0.006,,,,stpaul
2021-03-05,7510.0,0.0,1.6666666666666667,0.1099695,0.12845649999999992,0.142808,0.1843295,0.13059399999999993,0.11077099999999994,0.21154,0.21921000000000002,0.19646000000000002,12.1,0.006,,,,stpaul
2021-03-06,7900.0,0.0,1.6666666666666667,0.09142600000000001,0.11934199999999992,0.135744,0.182506,0.14069199999999993,0.11672799999999992,0.20032,0.20998,0.19058,12.1,0.006,,,,stpaul
2021-03-07,9500.0,0.0,2.2222222222222223,0.0728825,0.1102274999999999,0.12868,0.1806825,0.1507899999999999,0.1226849999999999,0.1891,0.20074999999999998,0.1847,12.1,0.006,,,,stpaul
2021-03-08,11100.0,0.0,2.7777777777777777,0.076946,0.10634199999999992,0.125584,0.173506,0.1562119999999999,0.12798799999999994,0.17788,0.19152,0.17882,12.1,0.006,,,,stpaul
2021-03-09,14100.0,0.0,2.7777777777777777,0.0810095,0.10245649999999994,0.12248799999999999,0.1663295,0.16163399999999994,0.13329099999999994,0.16666,0.18229,0.17294,12.1,0.006,,,,stpaul
2021-03-10,16900.0,0.07,2.7777777777777777,0.08507300000000001,0.09857099999999996,0.119392,0.159153,0.16705599999999995,0.13859399999999997,0.15544000000000002,0.17306,0.16706,12.1,0.006,,,,stpaul
2021-03-11,19700.0,1.68,2.7777777777777777,0.08913650000000001,0.09468549999999998,0.116296,0.15197650000000001,0.172478,0.14389699999999997,0.14422000000000001,0.16382999999999998,0.16118,12.1,0.006,,,,stpaul
2021-03-12,21200.0,0.0,3.888888888888889,0.0932,0.0908,0.1132,0.1448,0.1779,0.1492,0.133,0.1546,0.1553,12.1,0.006,,,,stpaul
2021-03-13,21100.0,0.0,3.888888888888889,0.09085,0.09135,0.11224999999999999,0.1439125,0.177825,0.148175,0.1308125,0.15335,0.1549875,12.1,0.006,,,,stpaul
2021-03-14,21400.0,0.0,5.0,0.0885,0.09190000000000001,0.1113,0.143025,0.17775000000000002,0.14715,0.12862500000000002,0.15209999999999999,0.154675,12.1,0.006,,,,stpaul
2021-03-15,21000.0,0.0,3.888888888888889,0.08615,0.09245,0.11035,0.1421375,0.177675,0.146125,0.1264375,0.15084999999999998,0.15436249999999999,12.1,0.006,,,,stpaul
2021-03-16,20700.0,0.22,2.7777777777777777,0.0838,0.093,0.1094,0.14125,0.1776,0.1451,0.12425,0.1496,0.15405,12.1,0.006,,,,stpaul
2021-03-17,20700.0,0.05,3.888888888888889,0.08145,0.09355000000000001,0.10844999999999999,0.1403625,0.17752500000000002,0.14407499999999998,0.1220625,0.14835,0.1537375,12.1,0.006,,,,stpaul
2021-03-18,20200.0,0.0,3.3333333333333335,0.0791,0.0941,0.1075,0.139475,0.17745,0.14304999999999998,0.11987500000000001,0.1471,0.15342499999999998,12.1,0.006,,,,stpaul
2021-03-19,19500.0,0.0,4.444444444444445,0.07675,0.09465000000000001,0.10655,0.1385875,0.177375,0.14202499999999998,0.1176875,0.14585,0.15311249999999998,12.1,0.006,,,,stpaul
2021-03-20,18800.0,0.0,4.444444444444445,0.0744,0.0952,0.1056,0.1377,0.1773,0.141,0.1155,0.1446,0.1528,12.1,0.006,,,,stpaul
2021-03-21,18400.0,0.0,5.555555555555555,0.07288,0.09292,0.10084,0.1348,0.17388,0.13862,0.11896000000000001,0.14502,0.15064,12.1,0.006,,,,stpaul
2021-03-22,19200.0,0.0,6.666666666666667,0.07135999999999999,0.09064,0.09608,0.1319,0.17046,0.13624,0.12242,0.14544,0.14848,12.1,0.006,,,,stpaul
2021-03-23,20200.0,0.04,6.944444444444445,0.06984,0.08836000000000001,0.09132,0.129,0.16704000000000002,0.13385999999999998,0.12588,0.14586,0.14631999999999998,12.1,0.006,,,,stpaul
2021-03-24,22900.0,1.05,7.222222222222222,0.06831999999999999,0.08608,0.08656,0.1261,0.16362000000000002,0.13147999999999999,0.12934,0.14628,0.14415999999999998,12.1,0.006,,,,stpaul
2021-03-25,25000.0,0.43,7.222222222222222,0.0668,0.0838,0.0818,0.1232,0.1602,0.1291,0.1328,0.1467,0.142,12.1,0.006,,,,stpaul
2021-03-26,27000.0,0.0,-8.333333333333334,0.06828636363636363,0.08547272727272727,0.08402727272727273,0.1257,0.16168636363636366,0.13018181818181818,0.13394545454545453,0.14822727272727274,0.1446772727272727,12.1,0.006,,,,stpaul
2021-03-27,27200.0,0.0,7.222222222222222,0.06977272727272728,0.08714545454545454,0.08625454545454546,0.1282,0.16317272727272727,0.13126363636363636,0.1350909090909091,0.14975454545454545,0.14735454545454543,12.1,0.006,,,,stpaul
2021-03-28,28300.0,0.29,6.666666666666667,0.07125909090909091,0.08881818181818182,0.08848181818181818,0.1307,0.16465909090909092,0.13234545454545454,0.13623636363636363,0.15128181818181818,0.15003181818181818,12.1,0.006,,,,stpaul
2021-03-29,29300.0,0.0,6.666666666666667,0.07274545454545454,0.0904909090909091,0.0907090909090909,0.1332,0.16614545454545454,0.13342727272727273,0.1373818181818182,0.1528090909090909,0.1527090909090909,12.1,0.006,,,,stpaul
2021-03-30,28000.0,0.0,7.777777777777778,0.07423181818181818,0.09216363636363636,0.09293636363636364,0.1357,0.1676318181818182,0.1345090909090909,0.13852727272727272,0.15433636363636363,0.15538636363636363,12.1,0.006,,,,stpaul
2021-03-31,27500.0,0.0,5.555555555555555,0.07571818181818182,0.09383636363636363,0.09516363636363637,0.1382,0.16911818181818183,0.1355909090909091,0.13967272727272728,0.15586363636363637,0.15806363636363635,12.1,0.006,,,,stpaul
2021-04-01,27100.0,0.0,6.111111111111111,0.07720454545454546,0.0955090909090909,0.09739090909090908,0.1407,0.17060454545454545,0.13667272727272728,0.14081818181818181,0.15739090909090908,0.16074090909090907,12.1,0.006,,,,stpaul
2021-04-02,26700.0,0.0,6.666666666666667,0.07869090909090909,0.09718181818181817,0.09961818181818181,0.1432,0.1720909090909091,0.13775454545454546,0.14196363636363638,0.15891818181818182,0.1634181818181818,12.1,0.006,,,,stpaul
2021-04-03,24900.0,0.0,7.222222222222222,0.08017727272727272,0.09885454545454546,0.10184545454545454,0.1457,0.17357727272727272,0.13883636363636365,0.1431090909090909,0.16044545454545453,0.16609545454545455,12.1,0.006,,,,stpaul
2021-04-04,23800.0,0.0,7.777777777777778,0.08166363636363637,0.10052727272727273,0.10407272727272728,0.1482,0.17506363636363637,0.13991818181818183,0.14425454545454547,0.16197272727272727,0.16877272727272727,12.1,0.006,,,,stpaul
2021-04-05,22900.0,0.0,9.444444444444445,0.08315,0.1022,0.1063,0.1507,0.17654999999999998,0.14100000000000001,0.1454,0.16349999999999998,0.17145,12.1,0.006,,,,stpaul
2021-04-06,22600.0,0.12,11.11111111111111,0.08463636363636363,0.10387272727272727,0.10852727272727272,0.1532,0.17803636363636363,0.14208181818181817,0.14654545454545453,0.16502727272727272,0.17412727272727271,12.1,0.006,,,,stpaul
2021-04-07,22400.0,1.45,12.222222222222221,0.08612272727272727,0.10554545454545455,0.11075454545454545,0.1557,0.17952272727272728,0.14316363636363635,0.1476909090909091,0.16655454545454546,0.17680454545454544,12.1,0.006,,,,stpaul
2021-04-08,24700.0,0.15,13.333333333333334,0.08760909090909091,0.10721818181818182,0.11298181818181818,0.1582,0.1810090909090909,0.14424545454545454,0.14883636363636363,0.16808181818181817,0.1794818181818182,12.1,0.006,,,,stpaul
2021-04-09,27300.0,0.11,13.333333333333334,0.08909545454545455,0.1088909090909091,0.1152090909090909,0.1607,0.18249545454545454,0.14532727272727272,0.1499818181818182,0.1696090909090909,0.1821590909090909,12.1,0.006,,,,stpaul
2021-04-10,29300.0,0.24,12.222222222222221,0.09058181818181818,0.11056363636363636,0.11743636363636364,0.1632,0.1839818181818182,0.1464090909090909,0.15112727272727272,0.17113636363636364,0.18483636363636363,12.1,0.006,,,,stpaul
2021-04-11,30800.0,0.0,11.11111111111111,0.09206818181818183,0.11223636363636363,0.11966363636363636,0.16570000000000001,0.1854681818181818,0.1474909090909091,0.15227272727272728,0.17266363636363635,0.18751363636363635,12.1,0.006,,,,stpaul
2021-04-12,32600.0,0.0,11.11111111111111,0.09355454545454546,0.1139090909090909,0.12189090909090909,0.1682,0.18695454545454546,0.14857272727272727,0.15341818181818181,0.1741909090909091,0.19019090909090908,12.1,0.006,,,,stpaul
2021-04-13,34200.0,0.08,9.444444444444445,0.09504090909090909,0.11558181818181817,0.12411818181818182,0.1707,0.18844090909090908,0.14965454545454546,0.15456363636363638,0.1757181818181818,0.19286818181818183,12.1,0.006,,,,stpaul
2021-04-14,35300.0,0.05,8.333333333333334,0.09652727272727273,0.11725454545454546,0.12634545454545454,0.1732,0.18992727272727272,0.15073636363636364,0.1557090909090909,0.17724545454545454,0.19554545454545455,12.1,0.006,,,,stpaul
2021-04-15,36100.0,0.02,8.333333333333334,0.09801363636363636,0.11892727272727273,0.12857272727272728,0.1757,0.19141363636363634,0.15181818181818182,0.15685454545454547,0.17877272727272725,0.19822272727272727,12.1,0.006,,,,stpaul
2021-04-16,36400.0,0.0,8.333333333333334,0.0995,0.1206,0.1308,0.1782,0.1929,0.1529,0.158,0.1803,0.2009,12.1,0.006,,,,stpaul
2021-04-17,36200.0,0.0,8.88888888888889,0.09854615384615385,0.11956923076923077,0.13015384615384615,0.17772307692307693,0.19258461538461538,0.1523846153846154,0.15752307692307693,0.18047692307692306,0.20055384615384614,12.1,0.006,,,,stpaul
2021-04-18,35500.0,0.0,9.444444444444445,0.0975923076923077,0.11853846153846154,0.1295076923076923,0.17724615384615383,0.19226923076923075,0.15186923076923078,0.15704615384615384,0.18065384615384614,0.2002076923076923,12.1,0.006,,,,stpaul
2021-04-19,34400.0,0.0,8.88888888888889,0.09663846153846155,0.11750769230769231,0.12886153846153847,0.17676923076923076,0.19195384615384614,0.15135384615384617,0.15656923076923077,0.1808307692307692,0.19986153846153845,12.1,0.006,,,,stpaul
2021-04-20,33300.0,0.0,7.777777777777778,0.09568461538461538,0.11647692307692308,0.12821538461538462,0.1762923076923077,0.19163846153846154,0.15083846153846153,0.1560923076923077,0.18100769230769231,0.19951538461538462,12.1,0.006,,,,stpaul
2021-04-21,32500.0,0.0,8.333333333333334,0.09473076923076923,0.11544615384615385,0.12756923076923077,0.1758153846153846,0.1913230769230769,0.15032307692307692,0.1556153846153846,0.1811846153846154,0.19916923076923077,12.1,0.006,,,,stpaul
2021-04-22,31700.0,0.0,8.333333333333334,0.09377692307692308,0.11441538461538461,0.12692307692307692,0.17533846153846153,0.1910076923076923,0.1498076923076923,0.15513846153846153,0.18136153846153846,0.1988230769230769,12.1,0.006,,,,stpaul
2021-04-23,30900.0,0.0,9.444444444444445,0.09282307692307692,0.11338461538461539,0.12627692307692306,0.17486153846153846,0.1906923076923077,0.1492923076923077,0.15466153846153846,0.18153846153846154,0.19847692307692308,12.1,0.006,,,,stpaul
2021-04-24,29800.0,0.0,8.88888888888889,0.09186923076923077,0.11235384615384615,0.12563076923076924,0.1743846153846154,0.19037692307692308,0.14877692307692308,0.1541846153846154,0.1817153846153846,0.19813076923076922,12.1,0.006,,,,stpaul
2021-04-25,29100.0,0.0,8.88888888888889,0.09091538461538462,0.11132307692307693,0.12498461538461537,0.1739076923076923,0.19006153846153845,0.14826153846153847,0.1537076923076923,0.1818923076923077,0.19778461538461536,12.1,0.006,,,,stpaul
2021-04-26,28500.0,0.0,8.88888888888889,0.08996153846153845,0.11029230769230769,0.12433846153846154,0.17343076923076922,0.18974615384615384,0.14774615384615383,0.15323076923076923,0.1820692307692308,0.19743846153846153,12.1,0.006,,,,stpaul
2021-04-27,28100.0,0.0,9.444444444444445,0.0890076923076923,0.10926153846153847,0.12369230769230768,0.17295384615384615,0.18943076923076924,0.14723076923076922,0.15275384615384616,0.18224615384615386,0.19709230769230768,12.1,0.006,,,,stpaul
2021-04-28,28000.0,0.35,8.88888888888889,0.08805384615384615,0.10823076923076923,0.12304615384615385,0.17247692307692306,0.1891153846153846,0.1467153846153846,0.15227692307692306,0.18242307692307694,0.19674615384615385,11.996507936507935,0.006,,,,stpaul
2021-04-29,26300.0,0.0,10.0,0.0871,0.1072,0.1224,0.172,0.1888,0.1462,0.1518,0.1826,0.1964,11.893015873015873,0.006,,,,stpaul
2021-04-30,26000.0,0.0,10.555555555555555,0.07537124999999997,0.092283125,0.10282437499999997,0.19049187499999998,0.17787,0.13825125,0.14775,0.19795000000000001,0.22485,11.789523809523809,0.006,,,,stpaul
2021-05-01,26000.0,0.0,11.666666666666666,0.06364249999999995,0.07736625,0.08324874999999995,0.20898374999999997,0.16694,0.13030250000000002,0.1437,0.2133,0.2533,11.686031746031746,0.006,,,,stpaul
2021-05-02,23400.0,0.0,13.333333333333334,0.07391399999999997,0.085573,0.09223899999999996,0.22998699999999997,0.172512,0.134502,0.14687999999999998,0.21558,0.25220000000000004,11.582539682539682,0.006,,,,stpaul
2021-05-03,22900.0,0.01,13.333333333333334,0.08418549999999997,0.09377975,0.10122924999999998,0.25099024999999997,0.178084,0.1387015,0.15006,0.21786,0.2511,11.479047619047618,0.006,,,,stpaul
2021-05-04,22100.0,0.0,13.88888888888889,0.09445699999999999,0.10198650000000001,0.11021949999999998,0.2719935,0.18365599999999999,0.142901,0.15324,0.22014,0.25,11.375555555555556,0.006,,,,stpaul
2021-05-05,21100.0,0.0,12.777777777777779,0.1047285,0.11019325,0.11920975,0.29299675000000003,0.189228,0.1471005,0.15642,0.22242,0.2489,11.272063492063491,0.006,,,,stpaul
2021-05-06,20000.0,0.04,11.666666666666666,0.115,0.1184,0.1282,0.314,0.1948,0.1513,0.1596,0.2247,0.2478,11.168571428571429,0.006,,,,stpaul
2021-05-07,19000.0,0.0,13.88888888888889,0.11472,0.12316,0.13244,0.29904,0.19886,0.1541,0.1663,0.22836,0.25228,11.065079365079365,0.006,,,,stpaul
2021-05-08,18400.0,0.0,13.333333333333334,0.11444,0.12792,0.13668,0.28408,0.20292000000000002,0.15689999999999998,0.173,0.23202,0.25676,10.9615873015873,0.006,,,,stpaul
2021-05-09,17600.0,0.0,13.88888888888889,0.11416000000000001,0.13268,0.14092000000000002,0.26912,0.20698,0.1597,0.1797,0.23568,0.26123999999999997,10.858095238095238,0.006,,,,stpaul
2021-05-10,16700.0,0.0,13.88888888888889,0.11388000000000001,0.13744,0.14516,0.25416,0.21104,0.1625,0.18639999999999998,0.23934,0.26572,10.754603174603174,0.006,,,,stpaul
2021-05-11,15900.0,0.0,13.333333333333334,0.1136,0.1422,0.1494,0.2392,0.2151,0.1653,0.1931,0.243,0.2702,10.651111111111112,0.006,,,,stpaul
2021-05-12,14600.0,0.0,14.444444444444445,0.10433416666666666,0.13219625,0.1382375,0.23939749999999999,0.20865333333333336,0.15768875,0.19186666666666666,0.24188666666666667,0.2702733333333333,10.547619047619047,0.006,,,,stpaul
2021-05-13,14300.0,0.0,14.444444444444445,0.09506833333333331,0.1221925,0.127075,0.239595,0.20220666666666667,0.15007749999999997,0.19063333333333332,0.24077333333333334,0.2703466666666667,10.444126984126983,0.006,,,,stpaul
2021-05-14,13600.0,0.0,15.555555555555555,0.08580249999999995,0.11218875,0.1159125,0.2397925,0.19576,0.14246624999999996,0.18939999999999999,0.23965999999999998,0.27042,10.34063492063492,0.006,,,,stpaul
2021-05-15,12700.0,0.0,15.0,0.0765366666666666,0.102185,0.10475000000000001,0.23998999999999998,0.18931333333333333,0.13485499999999995,0.18816666666666668,0.23854666666666666,0.2704933333333333,10.237142857142857,0.006,,,,stpaul
2021-05-16,12300.0,0.0,17.22222222222222,0.06727083333333325,0.09218124999999999,0.0935875,0.2401875,0.18286666666666668,0.12724374999999993,0.18693333333333334,0.23743333333333333,0.2705666666666667,10.133650793650794,0.006,,,,stpaul
2021-05-17,12200.0,0.0,17.22222222222222,0.0580049999999999,0.0821775,0.082425,0.240385,0.17642,0.1196324999999999,0.1857,0.23632,0.27064,10.03015873015873,0.006,,,,stpaul
2021-05-18,12100.0,0.0,18.333333333333332,0.059275277777777684,0.08302152777777778,0.08306347222222223,0.23390708333333332,0.1724059722222222,0.11716819444444436,0.18446666666666667,0.23520666666666667,0.2707133333333333,9.926666666666666,0.006,,,,stpaul
2021-05-19,12300.0,0.2,18.333333333333332,0.060545555555555464,0.08386555555555555,0.08370194444444444,0.22742916666666665,0.16839194444444444,0.1147038888888888,0.18323333333333333,0.23409333333333332,0.2707866666666667,9.823174603174603,0.006,,,,stpaul
2021-05-20,13300.0,0.31,19.444444444444443,0.06181583333333325,0.08470958333333334,0.08434041666666667,0.22095124999999996,0.16437791666666665,0.11223958333333325,0.182,0.23298,0.27086,9.71968253968254,0.006,,,,stpaul
2021-05-21,14500.0,0.98,20.0,0.06308611111111104,0.08555361111111111,0.0849788888888889,0.2144733333333333,0.1603638888888889,0.10977527777777771,0.18076666666666666,0.23186666666666667,0.2709333333333333,9.616190476190475,0.006,,,,stpaul
2021-05-22,14900.0,0.32,20.555555555555557,0.06435638888888882,0.08639763888888889,0.08561736111111111,0.20799541666666663,0.1563498611111111,0.10731097222222215,0.17953333333333332,0.23075333333333334,0.2710066666666667,9.512698412698413,0.006,,,,stpaul
2021-05-23,14500.0,0.01,21.666666666666668,0.06562666666666661,0.08724166666666666,0.08625583333333334,0.20151749999999996,0.15233583333333334,0.1048466666666666,0.17830000000000001,0.22964,0.27108,9.409206349206348,0.006,,,,stpaul
2021-05-24,14400.0,0.18,21.666666666666668,0.06689694444444438,0.08808569444444445,0.08689430555555556,0.19503958333333327,0.14832180555555555,0.10238236111111104,0.17706666666666668,0.22852666666666666,0.2711533333333333,9.305714285714286,0.006,,,,stpaul
2021-05-25,14200.0,0.47,22.22222222222222,0.06816722222222217,0.08892972222222222,0.08753277777777778,0.1885616666666666,0.14430777777777776,0.0999180555555555,0.17583333333333334,0.22741333333333333,0.27122666666666667,9.202222222222222,0.006,,,,stpaul
2021-05-26,14000.0,0.0,21.666666666666668,0.06943749999999996,0.08977375,0.08817125,0.18208374999999993,0.14029375,0.09745374999999995,0.1746,0.2263,0.2713,9.09873015873016,0.006,,,,stpaul
2021-05-27,15100.0,0.09,21.11111111111111,0.08482499999999997,0.10504916666666667,0.1142475,0.1975558333333333,0.1558625,0.11013583333333331,0.16706666666666667,0.21623333333333333,0.2522333333333333,8.995238095238095,0.006,,,,stpaul
2021-05-28,14600.0,0.96,17.22222222222222,0.10021249999999998,0.12032458333333333,0.14032375,0.21302791666666665,0.17143125,0.12281791666666665,0.15953333333333333,0.20616666666666666,0.23316666666666666,8.891746031746031,0.006,,,,stpaul
2021-05-29,15300.0,0.0,18.88888888888889,0.1156,0.1356,0.1664,0.2285,0.187,0.1355,0.152,0.1961,0.2141,8.788253968253969,0.006,,,,stpaul
2021-05-30,15100.0,0.0,18.88888888888889,0.0928,0.1171,0.1276,0.26675,0.2032,0.14685,0.16425,0.2142,0.23835,8.684761904761904,0.006,,,,stpaul
2021-05-31,15300.0,0.0,17.22222222222222,0.07,0.0986,0.0888,0.305,0.2194,0.1582,0.1765,0.2323,0.2626,8.58126984126984,0.006,,,,stpaul
2021-06-01,15400.0,0.0,18.88888888888889,0.08386666666666667,0.10439999999999999,0.09960000000000001,0.2785333333333333,0.21296666666666667,0.15576666666666666,0.17526666666666665,0.2275,0.26493333333333335,8.477777777777778,0.006,,,,stpaul
2021-06-02,15600.0,0.0,19.444444444444443,0.09773333333333334,0.1102,0.1104,0.25206666666666666,0.20653333333333335,0.15333333333333335,0.17403333333333335,0.2227,0.26726666666666665,8.374285714285714,0.006,,,,stpaul
2021-06-03,15100.0,0.0,19.444444444444443,0.1116,0.116,0.1212,0.2256,0.2001,0.1509,0.1728,0.2179,0.2696,8.270793650793651,0.006,,,,stpaul
2021-06-04,14100.0,0.0,21.11111111111111,0.1129,0.1325,0.1252,0.23270000000000002,0.2108,0.15335,0.16825,0.23085,0.26925,8.167301587301587,0.006,,,,stpaul
2021-06-05,13600.0,0.0,22.22222222222222,0.1142,0.149,0.1292,0.2398,0.2215,0.1558,0.1637,0.2438,0.2689,8.063809523809525,0.006,,,,stpaul
2021-06-06,13100.0,0.0,23.333333333333332,0.10713333333333333,0.13566666666666666,0.12913333333333335,0.2281,0.2133,0.1498,0.16353333333333334,0.23743333333333333,0.26599999999999996,7.9603174603174605,0.006,,,,stpaul
2021-06-07,11700.0,0.0,23.88888888888889,0.10006666666666666,0.12233333333333334,0.12906666666666666,0.2164,0.2051,0.1438,0.1633666666666667,0.23106666666666667,0.2631,7.856825396825397,0.006,,,,stpaul
2021-06-08,11500.0,0.0,25.555555555555557,0.093,0.109,0.129,0.2047,0.1969,0.1378,0.1632,0.2247,0.2602,7.753333333333333,0.006,,,,stpaul
2021-06-09,11100.0,0.0,26.666666666666668,0.0989,0.1128,0.1253,0.22165,0.2111,0.15050000000000002,0.1756,0.23720000000000002,0.27775,7.64984126984127,0.006,,,,stpaul
2021-06-10,10500.0,0.0,27.77777777777778,0.1048,0.1166,0.1216,0.2386,0.2253,0.1632,0.188,0.2497,0.2953,7.546349206349206,0.006,,,,stpaul
2021-06-11,10300.0,0.0,28.333333333333332,0.10160000000000001,0.11366666666666667,0.11486666666666667,0.23586666666666667,0.2183,0.15783333333333335,0.18013333333333334,0.2374,0.2804,7.442857142857143,0.006,,,,stpaul
2021-06-12,9920.0,0.0,27.22222222222222,0.0984,0.11073333333333334,0.10813333333333333,0.23313333333333333,0.21130000000000002,0.15246666666666667,0.17226666666666665,0.2251,0.2655,7.33936507936508,0.006,,,,stpaul
2021-06-13,8750.0,0.0,26.666666666666668,0.0952,0.1078,0.1014,0.2304,0.2043,0.1471,0.1644,0.2128,0.2506,7.235873015873016,0.006,,,,stpaul
2021-06-14,9150.0,0.0,26.11111111111111,0.1061,0.1213,0.1296,0.23709999999999998,0.21815,0.15595,0.172,0.23165,0.28175,7.132380952380952,0.006,,,,stpaul
2021-06-15,7790.0,0.0,26.11111111111111,0.117,0.1348,0.1578,0.2438,0.232,0.1648,0.1796,0.2505,0.3129,7.028888888888889,0.006,,,,stpaul
2021-06-16,7270.0,0.0,26.11111111111111,0.10530833333333334,0.12458041666666667,0.14453291666666665,0.24164375,0.22087625,0.15405041666666666,0.17523333333333335,0.24443333333333334,0.28473333333333334,6.925396825396826,0.006,,,,stpaul
2021-06-17,7760.0,0.0,26.11111111111111,0.09361666666666667,0.11436083333333333,0.1312658333333333,0.2394875,0.2097525,0.14330083333333335,0.17086666666666667,0.23836666666666667,0.25656666666666667,6.821904761904762,0.006,,,,stpaul
2021-06-18,6950.0,0.0,26.11111111111111,0.081925,0.10414124999999999,0.11799874999999996,0.23733125,0.19862875,0.13255125,0.1665,0.2323,0.2284,6.718412698412698,0.006,,,,stpaul
2021-06-19,6340.0,0.0,26.11111111111111,0.10182,0.12043299999999998,0.12799899999999997,0.25882499999999997,0.21132299999999998,0.143561,0.17698,0.24404,0.24786,6.614920634920635,0.006,,,,stpaul
2021-06-20,6890.0,0.0,25.555555555555557,0.121715,0.13672475,0.13799925,0.28031875,0.22401725,0.15457075,0.18746000000000002,0.25578,0.26732,6.511428571428572,0.006,,,,stpaul
2021-06-21,5610.0,0.42,23.333333333333332,0.14161,0.1530165,0.1479995,0.3018125,0.2367115,0.1655805,0.19794,0.26752,0.28678,6.407936507936508,0.006,,,,stpaul
2021-06-22,5870.0,0.0,21.666666666666668,0.161505,0.16930825,0.15799975,0.32330625,0.24940574999999998,0.17659025,0.20842,0.27926,0.30623999999999996,6.304444444444445,0.00598,,,,stpaul
2021-06-23,5840.0,0.0,22.77777777777778,0.1814,0.1856,0.168,0.3448,0.2621,0.1876,0.2189,0.291,0.3257,6.200952380952381,0.00596,,,,stpaul
2021-06-24,4950.0,0.0,23.88888888888889,0.17468571428571428,0.18017142857142857,0.16574285714285716,0.33337142857142854,0.2590142857142857,0.1853,0.21581428571428574,0.28518571428571426,0.3253,6.0974603174603175,0.00594,,,,stpaul
2021-06-25,4320.0,0.0,25.0,0.16797142857142858,0.17474285714285714,0.1634857142857143,0.32194285714285714,0.25592857142857145,0.183,0.21272857142857143,0.27937142857142855,0.3249,5.993968253968254,0.00592,,,,stpaul
2021-06-26,4720.0,0.0,25.0,0.16125714285714285,0.1693142857142857,0.16122857142857144,0.3105142857142857,0.25284285714285715,0.1807,0.20964285714285716,0.27355714285714283,0.3245,5.890476190476191,0.0059,,,,stpaul
2021-06-27,4880.0,0.0,25.0,0.15454285714285715,0.16388571428571427,0.15897142857142857,0.2990857142857143,0.24975714285714284,0.1784,0.20655714285714286,0.26774285714285717,0.3241,5.786984126984128,0.00588,,,,stpaul
2021-06-28,5340.0,0.0,25.0,0.14782857142857142,0.15845714285714285,0.15671428571428572,0.28765714285714283,0.24667142857142857,0.1761,0.20347142857142858,0.26192857142857146,0.3237,5.683492063492063,0.00586,,,,stpaul
2021-06-29,6080.0,0.0,25.416666666666668,0.1411142857142857,0.15302857142857143,0.15445714285714285,0.2762285714285714,0.2435857142857143,0.1738,0.20038571428571428,0.25611428571428574,0.32330000000000003,5.58,0.00584,,,,stpaul
2021-06-30,6940.0,0.0,25.833333333333332,0.1344,0.1476,0.1522,0.2648,0.2405,0.1715,0.1973,0.2503,0.3229,5.615614035087719,0.0058200000000000005,,,,stpaul
2021-07-01,6500.0,0.0,26.25,0.1181,0.13133333333333333,0.1352,0.24756666666666666,0.22716666666666666,0.1641,0.1823,0.24350000000000002,0.29533333333333334,5.6512280701754385,0.0058000000000000005,,,,stpaul
2021-07-02,5410.0,0.0,26.666666666666664,0.1018,0.11506666666666668,0.1182,0.23033333333333333,0.21383333333333335,0.1567,0.1673,0.2367,0.26776666666666665,5.686842105263158,0.00578,,,,stpaul
2021-07-03,4970.0,0.0,27.083333333333332,0.0855,0.0988,0.1012,0.2131,0.2005,0.1493,0.1523,0.2299,0.2402,5.722456140350877,0.00576,,,,stpaul
2021-07-04,4480.0,0.0,27.5,0.054375,0.089905,0.09414,0.2421174999999999,0.16498,0.1059375,0.1612,0.25165,0.2777,5.758070175438597,0.00574,,,,stpaul
2021-07-05,4870.0,0.0,27.916666666666664,0.1206,0.139,0.1382,0.27,0.2376,0.1656,0.1701,0.2734,0.3152,5.793684210526316,0.00572,,,,stpaul
2021-07-06,5250.0,0.0,28.333333333333332,0.1203,0.13587500000000002,0.134875,0.25975000000000004,0.2324125,0.1634,0.1673625,0.2673375,0.3079125,5.829298245614035,0.0057,,,,stpaul
2021-07-07,5440.0,0.9,26.11111111111111,0.12,0.13275,0.13155,0.2495,0.227225,0.1612,0.164625,0.261275,0.300625,5.864912280701755,0.00568,,,,stpaul
2021-07-08,4930.0,0.0,23.88888888888889,0.1197,0.12962500000000002,0.128225,0.23925000000000002,0.2220375,0.159,0.1618875,0.25521249999999995,0.2933375,5.900526315789474,0.00566,,,,stpaul
2021-07-09,4340.0,0.0,24.083333333333332,0.1194,0.1265,0.1249,0.229,0.21685,0.1568,0.15915,0.24914999999999998,0.28605,5.936140350877193,0.00564,,,,stpaul
2021-07-10,4030.0,0.0,24.27777777777778,0.1191,0.12337500000000001,0.121575,0.21875,0.2116625,0.1546,0.1564125,0.24308749999999998,0.2787625,5.971754385964912,0.00562,,,,stpaul
2021-07-11,4410.0,0.0,24.47222222222222,0.1188,0.12025000000000001,0.11825,0.20850000000000002,0.206475,0.15239999999999998,0.153675,0.23702499999999999,0.271475,6.0073684210526315,0.0056,,,,stpaul
2021-07-12,4160.0,0.0,24.666666666666668,0.1185,0.117125,0.114925,0.19825,0.2012875,0.1502,0.1509375,0.2309625,0.2641875,6.042982456140351,0.00558,,,,stpaul
2021-07-13,3890.0,0.0,24.86111111111111,0.1182,0.114,0.1116,0.188,0.1961,0.148,0.1482,0.2249,0.2569,6.07859649122807,0.00556,,,,stpaul
2021-07-14,4490.0,0.0,25.055555555555557,0.1199,0.1332,0.1411,0.20329999999999998,0.20884999999999998,0.15039999999999998,0.1647,0.23359999999999997,0.2485,6.114210526315789,0.00554,,,,stpaul
2021-07-15,4040.0,0.0,25.25,0.1216,0.1524,0.1706,0.2186,0.2216,0.1528,0.1812,0.2423,0.2401,6.149824561403509,0.00552,,,,stpaul
2021-07-16,4320.0,0.0,25.444444444444446,0.1158,0.14473333333333332,0.15773333333333334,0.21196666666666666,0.21713333333333332,0.1509,0.1737,0.2417,0.2387,6.185438596491228,0.0055,,,,stpaul
2021-07-17,4190.0,0.0,25.63888888888889,0.11,0.13706666666666667,0.14486666666666667,0.2053333333333333,0.21266666666666667,0.149,0.16620000000000001,0.24109999999999998,0.2373,6.221052631578948,0.0054800000000000005,,,,stpaul
2021-07-18,4240.0,0.0,25.833333333333336,0.1042,0.1294,0.132,0.1987,0.2082,0.1471,0.1587,0.2405,0.2359,6.256666666666667,0.0054600000000000004,,,,stpaul
2021-07-19,3920.0,0.0,26.02777777777778,0.09095375,0.11745312499999999,0.11477812500000001,0.215614375,0.20737187499999998,0.14344124999999996,0.16195,0.24695,0.25045,6.292280701754386,0.00544,,,,stpaul
2021-07-20,3680.0,0.0,26.22222222222222,0.0777075,0.10550625,0.09755625,0.23252875,0.20654375,0.13978249999999995,0.1652,0.2534,0.265,6.327894736842105,0.00542,,,,stpaul
2021-07-21,3510.0,0.0,26.416666666666668,0.084006,0.108565,0.10692499999999999,0.227543,0.209495,0.14298599999999995,0.16702,0.2454,0.26104,6.3635087719298244,0.0054,,,,stpaul
2021-07-22,3670.0,0.0,26.61111111111111,0.0903045,0.11162375,0.11629375,0.22255725,0.21244625,0.14618949999999997,0.16884000000000002,0.2374,0.25708000000000003,6.399122807017544,0.00538,,,,stpaul
2021-07-23,3610.0,0.0,26.805555555555557,0.096603,0.11468249999999999,0.1256625,0.2175715,0.2153975,0.14939299999999997,0.17066,0.2294,0.25312,6.434736842105263,0.00536,,,,stpaul
2021-07-24,3640.0,0.0,27.0,0.1029015,0.11774125,0.13503125,0.21258575000000002,0.21834875,0.1525965,0.17248000000000002,0.2214,0.24916,6.470350877192983,0.00534,,,,stpaul
2021-07-25,3210.0,0.0,27.194444444444446,0.1092,0.1208,0.1444,0.2076,0.2213,0.1558,0.1743,0.2134,0.2452,6.505964912280702,0.00532,,,,stpaul
2021-07-26,3220.0,0.0,27.38888888888889,0.1384,0.14936,0.1724,0.23525333333333334,0.24858,0.18365333333333334,0.2021,0.23936000000000002,0.26960666666666666,6.541578947368421,0.0053,,,,stpaul
2021-07-27,3240.0,0.0,27.583333333333336,0.1676,0.17792,0.20040000000000002,0.2629066666666667,0.27586,0.21150666666666668,0.22990000000000002,0.26532,0.29401333333333335,6.577192982456141,0.00528,,,,stpaul
2021-07-28,3400.0,0.0,27.77777777777778,0.1968,0.20648,0.22840000000000002,0.29056,0.30313999999999997,0.23936,0.25770000000000004,0.29128,0.31842000000000004,6.61280701754386,0.00526,,,,stpaul
2021-07-29,3420.0,0.0,27.5,0.226,0.23504,0.2564,0.31821333333333335,0.33042,0.2672133333333333,0.28550000000000003,0.31723999999999997,0.34282666666666667,6.648421052631579,0.00524,,,,stpaul
2021-07-30,3170.0,0.0,27.22222222222222,0.2552,0.2636,0.2844,0.34586666666666666,0.35769999999999996,0.2950666666666667,0.3133,0.34319999999999995,0.3672333333333333,6.684035087719298,0.00522,,,,stpaul
2021-07-31,3100.0,0.0,26.944444444444446,0.2844,0.29216,0.3124,0.37351999999999996,0.38498,0.32292,0.3411,0.36916,0.39164,6.719649122807017,0.0052,,,,stpaul
2021-08-01,2970.0,0.0,26.666666666666668,0.3136,0.32072,0.34040000000000004,0.40117333333333327,0.41225999999999996,0.3507733333333333,0.3689,0.39512,0.4160466666666667,6.755263157894737,0.00518,,,,stpaul
2021-08-02,2830.0,0.0,26.38888888888889,0.3428,0.34928,0.36840000000000006,0.42882666666666663,0.43953999999999993,0.37862666666666667,0.39670000000000005,0.42108,0.44045333333333336,6.790877192982457,0.00516,,,,stpaul
2021-08-03,2990.0,0.0,26.11111111111111,0.372,0.37784,0.3964000000000001,0.45648,0.46681999999999996,0.40648,0.42450000000000004,0.44704,0.46486,6.826491228070175,0.0051400000000000005,,,,stpaul
2021-08-04,2850.0,0.0,25.833333333333332,0.4012,0.4064,0.4244,0.4841333333333333,0.49409999999999993,0.43433333333333335,0.45230000000000004,0.473,0.4892666666666666,6.862105263157895,0.00512,,,,stpaul
2021-08-05,2850.0,0.01,25.555555555555557,0.4304,0.43496,0.4524,0.5117866666666666,0.52138,0.4621866666666667,0.4801,0.49895999999999996,0.5136733333333333,6.897719298245614,0.0051,,,,stpaul
2021-08-06,2840.0,0.87,25.27777777777778,0.4596,0.46352,0.48040000000000005,0.5394399999999999,0.5486599999999999,0.49004,0.5079,0.5249199999999999,0.53808,6.933333333333334,0.00508,,,,stpaul
2021-08-07,3310.0,0.65,25.0,0.4888,0.49208,0.5084000000000001,0.5670933333333332,0.5759399999999999,0.5178933333333333,0.5357000000000001,0.5508799999999999,0.5624866666666667,6.968947368421053,0.00506,,,,stpaul
2021-08-08,3470.0,0.34,24.444444444444443,0.518,0.52064,0.5364000000000001,0.5947466666666665,0.6032199999999999,0.5457466666666666,0.5635000000000001,0.57684,0.5868933333333334,7.004561403508772,0.00504,,,,stpaul
2021-08-09,3120.0,1.03,25.0,0.5472,0.5492,0.5644,0.6224,0.6305,0.5736,0.5913,0.6028,0.6113,7.040175438596491,0.00502,,,,stpaul
2021-08-10,3100.0,0.01,26.11111111111111,0.3921,0.39726666666666666,0.41059999999999997,0.47586666666666666,0.47959999999999997,0.42669999999999997,0.4417666666666667,0.4612,0.47773333333333334,7.07578947368421,0.005,,,,stpaul
2021-08-11,3040.0,0.0,26.11111111111111,0.237,0.24533333333333335,0.2568,0.3293333333333333,0.3287,0.2798,0.29223333333333334,0.3196,0.3441666666666667,7.11140350877193,0.005033873343151694,,,,stpaul
2021-08-12,3130.0,0.0,25.555555555555557,0.0819,0.0934,0.103,0.1828,0.1778,0.1329,0.1427,0.178,0.2106,7.147017543859649,0.005067746686303387,,,,stpaul
2021-08-13,2860.0,0.04,24.444444444444443,0.09255,0.1106,0.1096,0.1858,0.19125,0.14055,0.14545,0.20684999999999998,0.22725,7.182631578947369,0.005101620029455081,,,,stpaul
2021-08-14,2930.0,0.0,23.88888888888889,0.1032,0.1278,0.1162,0.1888,0.2047,0.1482,0.1482,0.2357,0.2439,7.218245614035088,0.005135493372606775,,,,stpaul
2021-08-15,2800.0,0.0,23.958333333333332,0.09306666666666667,0.11546666666666666,0.10386666666666666,0.17306666666666667,0.1641,0.11726666666666667,0.13676666666666668,0.21366666666666667,0.2233,7.253859649122807,0.005169366715758468,,,,stpaul
2021-08-16,2630.0,0.0,24.02777777777778,0.08293333333333333,0.10313333333333334,0.09153333333333334,0.15733333333333333,0.1235,0.08633333333333335,0.12533333333333332,0.19163333333333332,0.20270000000000002,7.2894736842105265,0.005203240058910162,,,,stpaul
2021-08-17,2420.0,0.0,24.09722222222222,0.0728,0.0908,0.0792,0.1416,0.0829,0.0554,0.1139,0.1696,0.1821,7.325087719298246,0.005237113402061856,,,,stpaul
2021-08-18,2520.0,0.0,24.166666666666664,0.114,0.1314,0.1268,0.1648,0.14235,0.10624999999999998,0.1531,0.1893,0.20355,7.360701754385965,0.00527098674521355,,,,stpaul
2021-08-19,2370.0,0.0,24.23611111111111,0.1552,0.172,0.1744,0.188,0.2018,0.1571,0.1923,0.209,0.225,7.396315789473684,0.005304860088365243,,,,stpaul
2021-08-20,2460.0,0.0,24.305555555555554,0.13083333333333333,0.14463333333333334,0.1451,0.18106666666666665,0.19353333333333333,0.14953333333333332,0.17336666666666667,0.20246666666666666,0.21803333333333333,7.431929824561403,0.005338733431516937,,,,stpaul
2021-08-21,2110.0,0.07,24.375,0.10646666666666668,0.11726666666666666,0.11579999999999999,0.17413333333333333,0.18526666666666666,0.14196666666666666,0.15443333333333334,0.19593333333333335,0.21106666666666668,7.467543859649123,0.005372606774668631,,,,stpaul
2021-08-22,2260.0,0.0,24.444444444444443,0.0821,0.0899,0.0865,0.1672,0.177,0.1344,0.1355,0.1894,0.2041,7.503157894736843,0.005406480117820324,,,,stpaul
2021-08-23,3070.0,0.1,24.444444444444443,0.1278857142857143,0.13677142857142857,0.13514285714285715,0.21814285714285714,0.22018571428571426,0.17167857142857143,0.18064285714285716,0.2342142857142857,0.24828571428571428,7.538771929824561,0.005440353460972018,,,,stpaul
2021-08-24,3950.0,0.09,25.0,0.1736714285714286,0.18364285714285714,0.18378571428571427,0.26908571428571426,0.2633714285714286,0.20895714285714284,0.2257857142857143,0.2790285714285714,0.29247142857142855,7.574385964912281,0.005474226804123712,,,,stpaul
2021-08-25,4200.0,1.24,24.444444444444443,0.21945714285714285,0.23051428571428573,0.23242857142857143,0.32002857142857144,0.30655714285714286,0.24623571428571428,0.2709285714285714,0.32384285714285715,0.3366571428571429,7.61,0.005508100147275405,,,,stpaul
2021-08-26,4970.0,0.0,25.0,0.2652428571428571,0.2773857142857143,0.2810714285714286,0.37097142857142856,0.34974285714285713,0.2835142857142857,0.31607142857142856,0.36865714285714285,0.38084285714285715,7.6456140350877195,0.005541973490427099,,,,stpaul
2021-08-27,5780.0,1.88,23.88888888888889,0.31102857142857143,0.32425714285714285,0.32971428571428574,0.4219142857142857,0.3929285714285714,0.32079285714285716,0.3612142857142857,0.41347142857142855,0.4250285714285714,7.681228070175439,0.0055758468335787926,,,,stpaul
2021-08-28,4740.0,0.01,23.88888888888889,0.3568142857142857,0.3711285714285714,0.37835714285714284,0.47285714285714286,0.43611428571428573,0.3580714285714286,0.40635714285714286,0.4582857142857143,0.4692142857142857,7.716842105263158,0.0056097201767304865,,,,stpaul
2021-08-29,5720.0,0.7,24.444444444444443,0.4026,0.418,0.42700000000000005,0.5238,0.4793,0.39535,0.4515,0.5031,0.5134,7.752456140350877,0.0056435935198821795,,,,stpaul
2021-08-30,4660.0,0.0,24.444444444444443,0.29100000000000004,0.3029,0.31120000000000003,0.4089666666666667,0.37533333333333335,0.30543333333333333,0.34426666666666667,0.39636666666666664,0.41646666666666665,7.788070175438596,0.0056774668630338735,,,,stpaul
2021-08-31,4710.0,0.0,25.0,0.17940000000000003,0.1878,0.19540000000000002,0.29413333333333336,0.27136666666666664,0.21551666666666666,0.23703333333333335,0.2896333333333333,0.31953333333333334,7.8236842105263165,0.005711340206185567,,,,stpaul
2021-09-01,5090.0,0.0,24.444444444444443,0.0678,0.0727,0.0796,0.1793,0.1674,0.1256,0.1298,0.1829,0.2226,7.859298245614035,0.0057452135493372605,,,,stpaul
2021-09-02,5670.0,0.0,23.88888888888889,0.06789325,0.07321125,0.0786635,0.1825995,0.16341875,0.12036074999999999,0.12786,0.18572,0.21738,7.894912280701755,0.005779086892488954,,,,stpaul
2021-09-03,6910.0,0.0,22.77777777777778,0.0679865,0.0737225,0.07772699999999998,0.185899,0.15943749999999998,0.11512149999999999,0.12592,0.18854,0.21216,7.930526315789473,0.005812960235640648,,,,stpaul
2021-09-04,6050.0,0.0,21.666666666666668,0.06807975,0.07423375,0.07679049999999997,0.1891985,0.15545625,0.10988224999999999,0.12397999999999999,0.19136,0.20694,7.966140350877193,0.005846833578792341,,,,stpaul
2021-09-05,5350.0,0.0,22.22222222222222,0.068173,0.07474499999999999,0.07585399999999995,0.192498,0.15147499999999997,0.104643,0.12204,0.19418000000000002,0.20172,8.001754385964912,0.005880706921944035,,,,stpaul
2021-09-06,4890.0,0.0,22.77777777777778,0.06826625,0.07525625,0.07491749999999994,0.1957975,0.14749374999999998,0.09940375,0.1201,0.197,0.1965,8.037368421052632,0.005914580265095729,,,,stpaul
2021-09-07,4920.0,0.01,23.333333333333332,0.08913312500000001,0.105128125,0.09995874999999997,0.20169875,0.176596875,0.128501875,0.1451,0.21715,0.24335,8.072982456140352,0.005948453608247422,,,,stpaul
2021-09-08,4760.0,0.0,22.22222222222222,0.11,0.135,0.125,0.2076,0.2057,0.1576,0.1701,0.2373,0.2902,8.10859649122807,0.005982326951399116,,,,stpaul
2021-09-09,4930.0,0.0,21.666666666666668,0.11333333333333333,0.13193333333333335,0.12106666666666667,0.20553333333333335,0.19946666666666665,0.14953333333333332,0.1654,0.23213333333333333,0.2744,8.14421052631579,0.00601620029455081,,,,stpaul
2021-09-10,4760.0,0.0,22.22222222222222,0.11666666666666667,0.12886666666666666,0.11713333333333333,0.20346666666666666,0.19323333333333334,0.14146666666666666,0.1607,0.22696666666666668,0.2586,8.179824561403509,0.006050073637702503,,,,stpaul
2021-09-11,4850.0,0.0,22.22222222222222,0.12,0.1258,0.1132,0.2014,0.187,0.1334,0.156,0.2218,0.2428,8.215438596491229,0.006083946980854197,,,,stpaul
2021-09-12,4160.0,0.0,22.22222222222222,0.11449999999999999,0.11986,0.11223999999999999,0.19498,0.18288,0.13013999999999998,0.15096,0.21545999999999998,0.23701999999999998,8.251052631578947,0.006117820324005891,,,,stpaul
2021-09-13,3610.0,0.0,21.666666666666668,0.109,0.11392,0.11127999999999999,0.18856,0.17876,0.12688,0.14592,0.20912,0.23124,8.286666666666667,0.006151693667157585,,,,stpaul
2021-09-14,4130.0,1.08,21.666666666666668,0.1035,0.10797999999999999,0.11032,0.18214,0.17464,0.12362,0.14088,0.20278,0.22546,8.322280701754387,0.006185567010309278,,,,stpaul
2021-09-15,4180.0,0.0,21.11111111111111,0.098,0.10204,0.10936,0.17572000000000002,0.17052,0.12036,0.13584,0.19644,0.21968000000000001,8.357894736842105,0.006219440353460972,,,,stpaul
2021-09-16,4030.0,0.0,21.11111111111111,0.0925,0.0961,0.1084,0.1693,0.1664,0.1171,0.1308,0.1901,0.2139,8.393508771929824,0.006253313696612666,,,,stpaul
2021-09-17,4250.0,0.26,21.666666666666668,0.08305,0.08524999999999999,0.0933,0.18695,0.17065,0.12025,0.1396,0.18995,0.20955000000000001,8.429122807017544,0.00628718703976436,,,,stpaul
2021-09-18,4340.0,0.0,21.666666666666668,0.0736,0.0744,0.0782,0.2046,0.1749,0.1234,0.1484,0.1898,0.2052,8.464736842105264,0.006321060382916053,,,,stpaul
2021-09-19,3970.0,0.0,21.11111111111111,0.06875249999999997,0.07100249999999997,0.07353625,0.20389374999999998,0.16236875,0.11202875,0.14552,0.18978,0.20812,8.500350877192982,0.006354933726067747,,,,stpaul
2021-09-20,4550.0,0.0,22.22222222222222,0.06390499999999995,0.06760499999999994,0.0688725,0.20318749999999997,0.1498375,0.1006575,0.14264000000000002,0.18976,0.21104,8.535964912280702,0.006388807069219441,,,,stpaul
2021-09-21,4390.0,0.32,20.555555555555557,0.05905749999999992,0.06420749999999992,0.06420875000000001,0.20248124999999992,0.13730625,0.08928625,0.13976,0.18974,0.21395999999999998,8.57157894736842,0.006422680412371134,,,,stpaul
2021-09-22,4870.0,0.0,20.0,0.0542099999999999,0.0608099999999999,0.059545,0.2017749999999999,0.124775,0.077915,0.13688,0.18972,0.21688,8.60719298245614,0.006456553755522828,,,,stpaul
2021-09-23,5420.0,0.0,20.555555555555557,0.1024,0.1198,0.098,0.1872,0.1684,0.1207,0.134,0.1897,0.2198,8.64280701754386,0.006490427098674522,,,,stpaul
2021-09-24,5170.0,0.0,20.555555555555557,0.09558,0.11072,0.09576,0.18828,0.16948,0.12138,0.13546,0.18810000000000002,0.21694,8.67842105263158,0.006524300441826215,,,,stpaul
2021-09-25,5080.0,0.0,18.88888888888889,0.08876,0.10164000000000001,0.09352,0.18936,0.17056,0.12206,0.13692000000000001,0.1865,0.21408,8.7140350877193,0.006558173784977909,,,,stpaul
2021-09-26,5700.0,0.0,18.333333333333332,0.08194,0.09256,0.09128,0.19044,0.17164000000000001,0.12274,0.13838,0.1849,0.21122,8.749649122807018,0.006592047128129603,,,,stpaul
2021-09-27,5610.0,0.0,19.444444444444443,0.07511999999999999,0.08348,0.08904000000000001,0.19152,0.17272,0.12342,0.13984000000000002,0.1833,0.20836,8.785263157894736,0.006625920471281296,,,,stpaul
2021-09-28,5460.0,0.0,19.444444444444443,0.0683,0.0744,0.0868,0.1926,0.1738,0.1241,0.1413,0.1817,0.2055,8.820877192982456,0.00665979381443299,,,,stpaul
2021-09-29,4610.0,0.0,20.0,0.06915,0.07567777777777777,0.08750000000000001,0.19080555555555556,0.17250000000000001,0.12317777777777777,0.1404,0.1804388888888889,0.20397777777777776,8.856491228070176,0.0066936671575846835,,,,stpaul
2021-09-30,4330.0,0.0,20.555555555555557,0.06999999999999999,0.07695555555555555,0.0882,0.1890111111111111,0.17120000000000002,0.12225555555555556,0.1395,0.17917777777777777,0.20245555555555556,8.892105263157895,0.006727540500736377,,,,stpaul
2021-10-01,4230.0,0.0,20.555555555555557,0.07085,0.07823333333333332,0.0889,0.18721666666666667,0.1699,0.12133333333333333,0.1386,0.17791666666666667,0.20093333333333332,8.927719298245615,0.0067614138438880705,,,,stpaul
2021-10-02,6190.0,0.06,21.11111111111111,0.0717,0.0795111111111111,0.0896,0.1854222222222222,0.1686,0.12041111111111111,0.13770000000000002,0.17665555555555557,0.1994111111111111,8.963333333333333,0.0067952871870397644,,,,stpaul
2021-10-03,6900.0,0.25,20.555555555555557,0.07255,0.08078888888888888,0.0903,0.18362777777777778,0.1673,0.1194888888888889,0.1368,0.17539444444444444,0.1978888888888889,8.998947368421053,0.0068291605301914575,,,,stpaul
2021-10-04,5480.0,0.0,20.0,0.07339999999999999,0.08206666666666666,0.091,0.18183333333333332,0.166,0.11856666666666667,0.1359,0.17413333333333333,0.19636666666666666,9.034561403508771,0.006863033873343151,,,,stpaul
2021-10-05,5510.0,0.0,20.555555555555557,0.07425,0.08334444444444444,0.0917,0.1800388888888889,0.1647,0.11764444444444444,0.135,0.17287222222222223,0.19484444444444443,9.070175438596491,0.006896907216494845,,,,stpaul
2021-10-06,5630.0,0.0,20.555555555555557,0.0751,0.08462222222222222,0.0924,0.17824444444444443,0.16340000000000002,0.11672222222222223,0.1341,0.1716111111111111,0.19332222222222223,9.105789473684212,0.006930780559646539,,,,stpaul
2021-10-07,5600.0,0.0,20.555555555555557,0.07594999999999999,0.0859,0.0931,0.17645,0.16210000000000002,0.1158,0.13319999999999999,0.17035,0.1918,9.14140350877193,0.006964653902798233,,,,stpaul
2021-10-08,5810.0,0.01,20.555555555555557,0.0768,0.08717777777777777,0.09380000000000001,0.17465555555555556,0.1608,0.11487777777777777,0.1323,0.1690888888888889,0.19027777777777777,9.17701754385965,0.006998527245949926,,,,stpaul
2021-10-09,5780.0,0.0,20.555555555555557,0.07765,0.08845555555555555,0.0945,0.1728611111111111,0.1595,0.11395555555555556,0.1314,0.16782777777777777,0.18875555555555557,9.212631578947368,0.007032400589101619,,,,stpaul
2021-10-10,5890.0,0.01,21.11111111111111,0.0785,0.08973333333333333,0.0952,0.17106666666666667,0.1582,0.11303333333333333,0.1305,0.16656666666666667,0.18723333333333333,9.248245614035088,0.007066273932253314,,,,stpaul
2021-10-11,6270.0,0.0,20.555555555555557,0.07934999999999999,0.09101111111111111,0.0959,0.1692722222222222,0.1569,0.1121111111111111,0.1296,0.16530555555555557,0.1857111111111111,9.283859649122807,0.007100147275405007,,,,stpaul
2021-10-12,6480.0,0.0,19.444444444444443,0.0802,0.09228888888888889,0.0966,0.16747777777777778,0.15560000000000002,0.11118888888888889,0.12869999999999998,0.16404444444444444,0.1841888888888889,9.319473684210527,0.007134020618556701,,,,stpaul
2021-10-13,6080.0,0.0,19.444444444444443,0.08105,0.09356666666666666,0.0973,0.16568333333333332,0.1543,0.11026666666666667,0.1278,0.16278333333333334,0.18266666666666667,9.355087719298247,0.007167893961708395,,,,stpaul
2021-10-14,6950.0,0.05,18.333333333333332,0.0819,0.09484444444444444,0.098,0.1638888888888889,0.153,0.10934444444444444,0.12689999999999999,0.16152222222222223,0.18114444444444444,9.390701754385965,0.007201767304860088,,,,stpaul
2021-10-15,7280.0,0.0,16.11111111111111,0.08274999999999999,0.09612222222222222,0.0987,0.16209444444444443,0.1517,0.10842222222222223,0.126,0.1602611111111111,0.17962222222222224,9.426315789473684,0.007235640648011782,,,,stpaul
2021-10-16,7200.0,0.0,15.555555555555555,0.0836,0.0974,0.0994,0.1603,0.1504,0.1075,0.1251,0.159,0.1781,9.461929824561404,0.007269513991163476,,,,stpaul
2021-10-17,7410.0,0.0,14.444444444444445,0.0402124999999999,0.05674,0.0694724999999999,0.1847525,0.1295049999999999,0.0803625,0.12555,0.16955,0.1885,9.497543859649124,0.007303387334315169,,,,stpaul
2021-10-18,7060.0,0.0,15.555555555555555,0.0749,0.08,0.0802,0.1842,0.1603,0.1218,0.126,0.1801,0.1989,9.533157894736842,0.007337260677466863,,,,stpaul
2021-10-19,7580.0,0.0,15.555555555555555,0.07147999999999999,0.0791,0.08238,0.18308,0.1595,0.11998,0.1294,0.18142,0.19668,9.568771929824562,0.007371134020618557,,,,stpaul
2021-10-20,7570.0,0.0,16.11111111111111,0.06806,0.0782,0.08456,0.18196,0.1587,0.11816,0.1328,0.18274,0.19446,9.60438596491228,0.00740500736377025,,,,stpaul
2021-10-21,8540.0,0.0,15.555555555555555,0.06464,0.0773,0.08674,0.18084,0.15789999999999998,0.11634,0.1362,0.18406,0.19224,9.64,0.007438880706921944,,,,stpaul
2021-10-22,8490.0,0.0,13.88888888888889,0.06122,0.0764,0.08892,0.17972000000000002,0.1571,0.11452,0.1396,0.18538000000000002,0.19002,9.63738768718802,0.007472754050073638,,,,stpaul
2021-10-23,7820.0,0.0,13.333333333333334,0.0578,0.0755,0.0911,0.1786,0.1563,0.1127,0.143,0.1867,0.1878,9.63477537437604,0.007506627393225331,,,,stpaul
2021-10-24,7360.0,0.0,12.777777777777779,0.054425,0.070875,0.087125,0.1766375,0.1572,0.11499999999999999,0.14131249999999998,0.1824125,0.186975,9.63216306156406,0.007540500736377025,,,,stpaul
2021-10-25,7240.0,0.0,11.666666666666666,0.05105,0.06625,0.08315,0.174675,0.1581,0.11729999999999999,0.139625,0.178125,0.18614999999999998,9.62955074875208,0.007574374079528719,,,,stpaul
2021-10-26,7570.0,0.0,12.222222222222221,0.047674999999999995,0.061625,0.079175,0.1727125,0.159,0.1196,0.1379375,0.1738375,0.185325,9.626938435940101,0.007608247422680412,,,,stpaul
2021-10-27,7810.0,0.0,11.666666666666666,0.0443,0.056999999999999995,0.0752,0.17075,0.1599,0.1219,0.13624999999999998,0.16955,0.1845,9.624326123128121,0.007642120765832106,,,,stpaul
2021-10-28,7850.0,0.66,11.666666666666666,0.040925,0.052375,0.071225,0.1687875,0.1608,0.12419999999999999,0.1345625,0.1652625,0.183675,9.621713810316141,0.0076759941089838,,,,stpaul
2021-10-29,8440.0,0.11,11.11111111111111,0.03755,0.04775,0.06725,0.166825,0.1617,0.1265,0.132875,0.160975,0.18285,9.619101497504161,0.007709867452135493,,,,stpaul
2021-10-30,9530.0,0.0,11.11111111111111,0.034175,0.043125,0.063275,0.1648625,0.1626,0.1288,0.1311875,0.1566875,0.182025,9.61648918469218,0.0077437407952871875,,,,stpaul
2021-10-31,10500.0,0.0,11.11111111111111,0.0308,0.0385,0.0593,0.1629,0.1635,0.1311,0.1295,0.1524,0.1812,9.6138768718802,0.0077776141384388806,,,,stpaul
2021-11-01,11400.0,0.0,9.444444444444445,0.1399,0.15425,0.17225000000000001,0.26405,0.2602,0.24395,0.21695,0.2334,0.25995,9.61126455906822,0.007811487481590574,,,,stpaul
2021-11-02,12000.0,0.0,8.88888888888889,0.249,0.27,0.2852,0.3652,0.3569,0.3568,0.3044,0.3144,0.3387,9.60865224625624,0.007845360824742268,,,,stpaul
2021-11-03,11600.0,0.0,8.88888888888889,0.22301142857142855,0.24532107142857143,0.2606164285714286,0.3411189285714286,0.33006035714285714,0.32412107142857144,0.2939333333333333,0.30421333333333334,0.32754666666666665,9.60603993344426,0.007879234167893961,,,,stpaul
2021-11-04,11400.0,0.0,8.88888888888889,0.1970228571428571,0.22064214285714284,0.23603285714285716,0.31703785714285715,0.3032207142857143,0.2914421428571428,0.28346666666666664,0.29402666666666666,0.31639333333333336,9.60342762063228,0.007913107511045656,,,,stpaul
2021-11-05,11500.0,0.0,8.88888888888889,0.1710342857142857,0.19596321428571425,0.21144928571428573,0.29295678571428574,0.27638107142857143,0.25876321428571425,0.273,0.28384,0.30524,9.6008153078203,0.00794698085419735,,,,stpaul
2021-11-06,11000.0,0.0,8.88888888888889,0.14504571428571422,0.17128428571428567,0.1868657142857143,0.2688757142857143,0.24954142857142858,0.22608428571428565,0.26253333333333334,0.27365333333333336,0.29408666666666666,9.59820299500832,0.007980854197349042,,,,stpaul
2021-11-07,10600.0,0.0,8.88888888888889,0.1190571428571428,0.14660535714285708,0.16228214285714287,0.24479464285714286,0.2227017857142857,0.19340535714285706,0.25206666666666666,0.2634666666666667,0.2829333333333333,9.59559068219634,0.008014727540500737,,,,stpaul
2021-11-08,10500.0,0.0,8.88888888888889,0.09306857142857136,0.12192642857142849,0.13769857142857142,0.22071357142857143,0.19586214285714285,0.1607264285714285,0.24159999999999998,0.25328,0.27178,9.59297836938436,0.00804860088365243,,,,stpaul
2021-11-09,10500.0,0.0,8.88888888888889,0.0670799999999999,0.0972474999999999,0.113115,0.1966325,0.1690225,0.1280474999999999,0.23113333333333333,0.24309333333333333,0.2606266666666667,9.59036605657238,0.008082474226804123,,,,stpaul
2021-11-10,10100.0,0.0,8.333333333333334,0.07075749999999992,0.09724156249999992,0.11240062499999999,0.1924284375,0.1695321875,0.1306915624999999,0.22066666666666668,0.23290666666666665,0.24947333333333332,9.5877537437604,0.008116347569955818,,,,stpaul
2021-11-11,9800.0,0.82,8.88888888888889,0.07443499999999993,0.09723562499999992,0.11168624999999999,0.188224375,0.170041875,0.13333562499999993,0.2102,0.22272,0.23832,9.58514143094842,0.008150220913107511,,,,stpaul
2021-11-12,10700.0,0.06,7.777777777777778,0.07811249999999995,0.09722968749999994,0.110971875,0.1840203125,0.1705515625,0.13597968749999995,0.19973333333333332,0.21253333333333332,0.22716666666666668,9.58252911813644,0.008184094256259204,,,,stpaul
2021-11-13,10500.0,0.01,6.666666666666667,0.08178999999999995,0.09722374999999994,0.1102575,0.17981625,0.17106125,0.13862374999999993,0.18926666666666667,0.20234666666666667,0.21601333333333333,9.57991680532446,0.008217967599410899,,,,stpaul
2021-11-14,10800.0,0.0,6.111111111111111,0.08546749999999997,0.09721781249999996,0.10954312499999999,0.1756121875,0.1715709375,0.14126781249999995,0.1788,0.19216,0.20486000000000001,9.57730449251248,0.008251840942562592,,,,stpaul
2021-11-15,10500.0,0.0,5.555555555555555,0.08914499999999997,0.09721187499999998,0.10882875,0.171408125,0.172080625,0.14391187499999997,0.16833333333333333,0.18197333333333332,0.19370666666666667,9.5746921797005,0.008285714285714285,,,,stpaul
2021-11-16,10600.0,0.0,5.555555555555555,0.09282249999999999,0.09720593749999998,0.108114375,0.1672040625,0.1725903125,0.14655593749999998,0.15786666666666666,0.17178666666666664,0.18255333333333335,9.57207986688852,0.00831958762886598,,,,stpaul
2021-11-17,10600.0,0.0,5.0,0.0965,0.0972,0.1074,0.163,0.1731,0.1492,0.1474,0.1616,0.1714,9.569467554076539,0.008353460972017673,,,,stpaul
2021-11-18,10100.0,0.0,4.444444444444445,0.0897115625,0.09094609374999998,0.1018375,0.15819859375,0.1682421875,0.14423640625,0.1404375,0.1575875,0.1661375,9.566855241264559,0.008387334315169366,,,,stpaul
2021-11-19,10500.0,0.0,2.7777777777777777,0.08292312499999999,0.08469218749999999,0.09627499999999999,0.15339718749999998,0.163384375,0.13927281249999998,0.133475,0.153575,0.160875,9.564242928452579,0.00842120765832106,,,,stpaul
2021-11-20,10200.0,0.0,3.3333333333333335,0.07613468749999999,0.07843828124999998,0.09071249999999997,0.14859578124999998,0.1585265625,0.13430921875,0.1265125,0.1495625,0.1556125,9.561630615640599,0.008455081001472754,,,,stpaul
2021-11-21,9940.0,0.0,3.3333333333333335,0.06934624999999997,0.07218437499999997,0.08514999999999998,0.14379437499999997,0.15366875000000002,0.12934562499999996,0.11955,0.14555,0.15034999999999998,9.559018302828619,0.008488954344624447,,,,stpaul
2021-11-22,9470.0,0.0,2.7777777777777777,0.06255781249999998,0.06593046874999997,0.07958749999999998,0.13899296874999997,0.14881093750000002,0.12438203124999997,0.11258750000000001,0.1415375,0.1450875,9.55640599001664,0.008522827687776142,,,,stpaul
2021-11-23,8920.0,0.0,2.2222222222222223,0.05576937499999997,0.05967656249999996,0.07402499999999997,0.13419156249999997,0.14395312500000002,0.11941843749999997,0.105625,0.137525,0.139825,9.55379367720466,0.008556701030927835,,,,stpaul
2021-11-24,9050.0,0.0,3.3333333333333335,0.04898093749999996,0.05342265624999996,0.06846249999999995,0.12939015624999994,0.1390953125,0.11445484374999997,0.0986625,0.1335125,0.1345625,9.55118136439268,0.008590574374079528,,,,stpaul
2021-11-25,8690.0,0.0,2.7777777777777777,0.04219249999999995,0.047168749999999954,0.06289999999999996,0.12458874999999994,0.1342375,0.10949124999999996,0.0917,0.1295,0.1293,9.5485690515807,0.008624447717231223,,,,stpaul
2021-11-26,8200.0,0.0,2.2222222222222223,0.05769624999999998,0.06328437499999998,0.07629999999999998,0.13919437499999998,0.14931875,0.12649562499999997,0.11445,0.14625,0.14615,9.54595673876872,0.008658321060382916,,,,stpaul
2021-11-27,7940.0,0.0,1.6666666666666667,0.0732,0.0794,0.0897,0.1538,0.1644,0.1435,0.1372,0.163,0.163,9.54334442595674,0.008692194403534609,,,,stpaul
2021-11-28,7220.0,0.0,2.2222222222222223,0.0644,0.068,0.08064,0.14448,0.1621,0.1382,0.13352,0.15844,0.16038,9.54073211314476,0.008726067746686304,,,,stpaul
2021-11-29,7610.0,0.0,2.2222222222222223,0.055600000000000004,0.0566,0.07158,0.13516,0.1598,0.1329,0.12983999999999998,0.15388,0.15776,9.53811980033278,0.008759941089837997,,,,stpaul
2021-11-30,8030.0,0.0,2.2222222222222223,0.04680000000000001,0.045200000000000004,0.06251999999999999,0.12584,0.1575,0.1276,0.12616,0.14932,0.15514,9.5355074875208,0.00879381443298969,,,,stpaul
2021-12-01,7930.0,0.0,3.3333333333333335,0.038000000000000006,0.033800000000000004,0.05346,0.11652,0.1552,0.1223,0.12248,0.14476,0.15252000000000002,9.53289517470882,0.008827687776141385,,,,stpaul
2021-12-02,7880.0,0.0,3.3333333333333335,0.0292,0.0224,0.0444,0.1072,0.1529,0.117,0.1188,0.1402,0.1499,9.53028286189684,0.008861561119293078,,,,stpaul
2021-12-03,7860.0,0.0,3.888888888888889,0.06253444444444445,0.05102361111111112,0.068425,0.12769388888888888,0.140755,0.10944277777777778,0.1288388888888889,0.14874444444444443,0.15732222222222222,9.52767054908486,0.00889543446244477,,,,stpaul
2021-12-04,7640.0,0.0,3.3333333333333335,0.09586888888888889,0.07964722222222223,0.09245,0.14818777777777778,0.12860999999999997,0.10188555555555556,0.13887777777777777,0.15728888888888887,0.16474444444444444,9.52505823627288,0.008929307805596465,,,,stpaul
2021-12-05,8350.0,0.07,3.3333333333333335,0.12920333333333334,0.10827083333333334,0.116475,0.16868166666666667,0.11646499999999997,0.09432833333333333,0.14891666666666667,0.16583333333333333,0.17216666666666666,9.522445923460898,0.008963181148748159,,,,stpaul
2021-12-06,8080.0,0.0,2.2222222222222223,0.16253777777777778,0.13689444444444446,0.1405,0.18917555555555554,0.10431999999999997,0.08677111111111112,0.15895555555555554,0.17437777777777777,0.17958888888888888,9.519833610648918,0.008997054491899852,,,,stpaul
2021-12-07,5330.0,0.0,0.5555555555555556,0.19587222222222223,0.16551805555555557,0.164525,0.2096694444444444,0.09217499999999995,0.07921388888888889,0.16899444444444445,0.1829222222222222,0.1870111111111111,9.517221297836938,0.009030927835051546,,,,stpaul
2021-12-08,3890.0,0.18,1.1111111111111112,0.22920666666666667,0.19414166666666668,0.18855,0.23016333333333333,0.08002999999999993,0.07165666666666667,0.17903333333333332,0.19146666666666667,0.19443333333333335,9.514608985024958,0.00906480117820324,,,,stpaul
2021-12-09,4190.0,0.0,1.6666666666666667,0.2625411111111111,0.2227652777777778,0.21257500000000001,0.2506572222222222,0.06788499999999993,0.06409944444444445,0.1890722222222222,0.2000111111111111,0.20185555555555557,9.511996672212979,0.009098674521354932,,,,stpaul
2021-12-10,4640.0,0.0,1.6666666666666667,0.29587555555555556,0.2513888888888889,0.2366,0.27115111111111107,0.055739999999999915,0.05654222222222222,0.1991111111111111,0.20855555555555555,0.20927777777777778,9.509384359400999,0.009132547864506627,,,,stpaul
2021-12-11,5340.0,0.91,1.6666666666666667,0.32921,0.2800125,0.260625,0.291645,0.0435949999999999,0.048985,0.20915,0.2171,0.2167,9.506772046589019,0.009166421207658322,,,,stpaul
2021-12-12,5840.0,0.0,1.6666666666666667,0.3259088888888889,0.2812,0.26363333333333333,0.29324,0.051317777777777684,0.05598666666666667,0.21918888888888888,0.22564444444444443,0.22412222222222222,9.504159733777039,0.009200294550810013,,,,stpaul
2021-12-13,5960.0,0.0,1.1111111111111112,0.32260777777777777,0.2823875,0.26664166666666667,0.294835,0.05904055555555548,0.06298833333333334,0.22922777777777775,0.2341888888888889,0.23154444444444444,9.501547420965059,0.009234167893961708,,,,stpaul
2021-12-14,6580.0,0.0,1.1111111111111112,0.3193066666666667,0.283575,0.26965,0.29642999999999997,0.06676333333333327,0.06999,0.23926666666666663,0.24273333333333333,0.23896666666666666,9.498935108153079,0.009268041237113403,,,,stpaul
2021-12-15,7860.0,0.0,1.1111111111111112,0.31600555555555554,0.28476250000000003,0.27265833333333334,0.298025,0.07448611111111106,0.07699166666666667,0.24930555555555556,0.25127777777777777,0.24638888888888888,9.496322795341099,0.009301914580265094,,,,stpaul
2021-12-16,8710.0,0.45,1.6666666666666667,0.31270444444444445,0.28595,0.27566666666666667,0.29962,0.08220888888888885,0.08399333333333334,0.25934444444444443,0.25982222222222223,0.2538111111111111,9.493710482529119,0.009335787923416789,,,,stpaul
2021-12-17,8130.0,0.0,0.5555555555555556,0.3094033333333333,0.2871375,0.278675,0.301215,0.08993166666666663,0.09099499999999999,0.2693833333333333,0.26836666666666664,0.2612333333333333,9.491098169717139,0.009369661266568484,,,,stpaul
2021-12-18,7660.0,0.11,1.1111111111111112,0.3061022222222222,0.288325,0.28168333333333334,0.30280999999999997,0.09765444444444443,0.09799666666666666,0.2794222222222222,0.2769111111111111,0.26865555555555554,9.488485856905159,0.009403534609720175,,,,stpaul
2021-12-19,6470.0,0.0,0.5555555555555556,0.3028011111111111,0.2895125,0.2846916666666667,0.304405,0.10537722222222222,0.10499833333333333,0.28946111111111106,0.2854555555555556,0.27607777777777776,9.48587354409318,0.00943740795287187,,,,stpaul
2021-12-20,7320.0,0.0,1.1111111111111112,0.2995,0.2907,0.2877,0.306,0.1131,0.112,0.2995,0.294,0.2835,9.4832612312812,0.009471281296023565,,,,stpaul
2021-12-21,7090.0,0.0,1.1111111111111112,0.34585714285714286,0.337,0.3386,0.3618857142857143,0.15204285714285715,0.15082857142857142,0.3519857142857143,0.3472285714285714,0.33808571428571427,9.48064891846922,0.009505154639175256,,,,stpaul
2021-12-22,6500.0,0.0,0.5555555555555556,0.39221428571428574,0.38330000000000003,0.3895,0.41777142857142857,0.19098571428571426,0.18965714285714286,0.4044714285714286,0.40045714285714284,0.39267142857142856,9.478036605657238,0.009539027982326951,,,,stpaul
2021-12-23,7590.0,0.0,0.5555555555555556,0.43857142857142856,0.4296,0.4404,0.4736571428571429,0.2299285714285714,0.2284857142857143,0.45695714285714284,0.45368571428571425,0.4472571428571428,9.475424292845258,0.009572901325478646,,,,stpaul
2021-12-24,8690.0,0.0,0.5555555555555556,0.48492857142857143,0.4759,0.4913,0.5295428571428572,0.26887142857142854,0.2673142857142857,0.5094428571428572,0.5069142857142857,0.5018428571428571,9.472811980033278,0.009606774668630339,,,,stpaul
2021-12-25,9020.0,0.0,0.5555555555555556,0.5312857142857144,0.5222,0.5422,0.5854285714285714,0.3078142857142857,0.30614285714285716,0.5619285714285714,0.560142857142857,0.5564285714285714,9.470199667221298,0.009640648011782032,,,,stpaul
2021-12-26,8610.0,0.0,0.5555555555555556,0.5776428571428571,0.5685,0.5931,0.6413142857142857,0.34675714285714276,0.34497142857142854,0.6144142857142858,0.6133714285714285,0.6110142857142857,9.467587354409318,0.009674521354933727,,,,stpaul
2021-12-27,8440.0,0.34,0.5555555555555556,0.624,0.6148,0.644,0.6972,0.3857,0.3838,0.6669,0.6666,0.6656,9.464975041597338,0.00970839469808542,,,,stpaul
2021-12-28,6340.0,0.0,0.5555555555555556,0.61448,0.60692,0.6316,0.6832,0.35961,0.35741999999999996,0.65956,0.65916,0.6536299999999999,9.462362728785358,0.009742268041237113,,,,stpaul
2021-12-29,5740.0,0.0,0.5555555555555556,0.60496,0.59904,0.6192,0.6692,0.33352,0.33104,0.65222,0.65172,0.64166,9.459750415973378,0.009776141384388808,,,,stpaul
2021-12-30,5480.0,0.15,0.5555555555555556,0.59544,0.59116,0.6068,0.6552,0.30743,0.30466,0.64488,0.64428,0.62969,9.457138103161398,0.0098100147275405,,,,stpaul
2021-12-31,6700.0,0.0,0.5555555555555556,0.58592,0.58328,0.5944,0.6412,0.28134,0.27827999999999997,0.63754,0.63684,0.61772,9.454525790349418,0.009843888070692194,,,,stpaul
2022-01-01,5640.0,0.0,0.5555555555555556,0.5764,0.5754,0.5820000000000001,0.6272,0.25525,0.2519,0.6302000000000001,0.6294,0.60575,9.451913477537438,0.009877761413843889,,,,stpaul
2022-01-02,5220.0,0.0,0.5555555555555556,0.56688,0.56752,0.5696,0.6132,0.22915999999999997,0.22552,0.6228600000000001,0.62196,0.59378,9.449301164725458,0.009911634756995582,,,,stpaul
2022-01-03,5900.0,0.0,0.5555555555555556,0.5573600000000001,0.55964,0.5572,0.5992000000000001,0.20306999999999997,0.19913999999999998,0.6155200000000001,0.61452,0.58181,9.446688851913478,0.009945508100147275,,,,stpaul
2022-01-04,6500.0,0.0,0.5555555555555556,0.54784,0.55176,0.5448000000000001,0.5852,0.17697999999999997,0.17276,0.60818,0.60708,0.56984,9.444076539101498,0.00997938144329897,,,,stpaul
2022-01-05,6930.0,0.06,0.5555555555555556,0.53832,0.54388,0.5324,0.5712,0.15088999999999997,0.14638,0.60084,0.59964,0.5578700000000001,9.441464226289519,0.010013254786450662,,,,stpaul
2022-01-06,5620.0,0.05,0.5555555555555556,0.5288,0.536,0.52,0.5572,0.1248,0.12,0.5935,0.5922,0.5459,9.438851913477539,0.010047128129602356,,,,stpaul
2022-01-07,5080.0,0.0,0.5555555555555556,0.4950666666666667,0.48610000000000003,0.47143333333333337,0.5102333333333333,0.1088,0.10866666666666666,0.5179666666666667,0.5247333333333333,0.49600000000000005,9.436239600665559,0.01008100147275405,,,,stpaul
2022-01-08,5350.0,0.0,0.5555555555555556,0.4613333333333333,0.4362,0.42286666666666667,0.46326666666666666,0.0928,0.09733333333333333,0.44243333333333335,0.4572666666666666,0.4461,9.433627287853579,0.010114874815905743,,,,stpaul
2022-01-09,5940.0,0.0,0.5555555555555556,0.4276,0.3863,0.3743,0.4163,0.0768,0.086,0.3669,0.3898,0.3962,9.431014975041597,0.010148748159057436,,,,stpaul
2022-01-10,5370.0,0.0,0.5555555555555556,0.3305725,0.31844833333333333,0.3039308333333334,0.346625,0.060176666666666656,0.07074666666666667,0.35714,0.37872,0.38431,9.428402662229617,0.010182621502209131,,,,stpaul
2022-01-11,5760.0,0.0,0.5555555555555556,0.233545,0.2505966666666667,0.23356166666666667,0.27695000000000003,0.043553333333333326,0.055493333333333325,0.34738,0.36763999999999997,0.37242,9.425790349417637,0.010216494845360824,,,,stpaul
2022-01-12,6300.0,0.0,0.5555555555555556,0.1365175,0.182745,0.1631925,0.207275,0.02693,0.04024,0.33762,0.35656,0.36053,9.423178036605657,0.010250368188512517,,,,stpaul
2022-01-13,6590.0,0.0,0.5555555555555556,0.14722928571428573,0.1834242857142857,0.1658792857142857,0.20760714285714285,0.032697142857142855,0.044648571428571426,0.32786,0.34548,0.34864,9.420565723793677,0.010284241531664212,,,,stpaul
2022-01-14,6010.0,0.02,0.5555555555555556,0.15794107142857144,0.18410357142857142,0.1685660714285714,0.20793928571428572,0.038464285714285715,0.049057142857142855,0.3181,0.33440000000000003,0.33675,9.417953410981697,0.010318114874815905,,,,stpaul
2022-01-15,5460.0,0.18,0.5555555555555556,0.16865285714285716,0.18478285714285714,0.17125285714285712,0.20827142857142858,0.044231428571428574,0.05346571428571428,0.30834,0.32332,0.32486,9.415341098169717,0.010351988217967598,,,,stpaul
2022-01-16,5610.0,0.0,0.5555555555555556,0.17936464285714288,0.18546214285714285,0.17393964285714286,0.20860357142857142,0.049998571428571434,0.05787428571428571,0.29858,0.31224,0.31296999999999997,9.412728785357737,0.010385861561119293,,,,stpaul
2022-01-17,5280.0,0.0,0.5555555555555556,0.1900764285714286,0.18614142857142857,0.17662642857142857,0.20893571428571428,0.05576571428571429,0.06228285714285714,0.28881999999999997,0.30116,0.30108,9.410116472545758,0.010419734904270986,,,,stpaul
2022-01-18,5890.0,0.0,0.5555555555555556,0.20078821428571428,0.18682071428571428,0.17931321428571428,0.20926785714285714,0.06153285714285714,0.06669142857142857,0.27906,0.29008,0.28919,9.407504159733778,0.01045360824742268,,,,stpaul
2022-01-19,5570.0,0.0,0.5555555555555556,0.2115,0.1875,0.182,0.2096,0.0673,0.0711,0.2693,0.279,0.2773,9.404891846921798,0.010487481590574374,,,,stpaul
2022-01-20,4320.0,0.0,0.5555555555555556,0.23568,0.20726,0.19896,0.22794,0.07226,0.07528,0.29696,0.30238000000000004,0.2999,9.402279534109818,0.010521354933726067,,,,stpaul
2022-01-21,4790.0,0.0,0.5555555555555556,0.25986,0.22702,0.21592,0.24628,0.07722,0.07946,0.32462,0.32576,0.3225,9.399667221297838,0.01055522827687776,,,,stpaul
2022-01-22,4990.0,0.04,0.5555555555555556,0.28403999999999996,0.24678,0.23287999999999998,0.26462,0.08218,0.08363999999999999,0.35228000000000004,0.34914,0.34509999999999996,9.397054908485858,0.010589101620029455,,,,stpaul
2022-01-23,4980.0,0.17,0.5555555555555556,0.30822,0.26654,0.24983999999999998,0.28296,0.08714,0.08782,0.37994,0.37251999999999996,0.36769999999999997,9.394442595673878,0.010622974963181148,,,,stpaul
2022-01-24,5200.0,0.06,0.5555555555555556,0.3324,0.2863,0.2668,0.3013,0.0921,0.092,0.4076,0.3959,0.3903,9.391830282861898,0.010656848306332841,,,,stpaul
2022-01-25,4660.0,0.0,0.5555555555555556,0.33047774999999996,0.285567625,0.266241,0.300644,0.09082837499999999,0.09111837499999999,0.4021851851851852,0.39049999999999996,0.38523703703703704,9.389217970049918,0.010690721649484536,,,,stpaul
2022-01-26,4360.0,0.0,0.5555555555555556,0.3285555,0.28483525,0.265682,0.29998800000000003,0.08955674999999999,0.09023674999999999,0.3967703703703704,0.3851,0.38017407407407405,9.386605657237936,0.01072459499263623,,,,stpaul
2022-01-27,4430.0,0.0,0.5555555555555556,0.32663325,0.284102875,0.265123,0.299332,0.08828512499999999,0.08935512499999998,0.39135555555555557,0.3797,0.3751111111111111,9.383993344425956,0.010758468335787922,,,,stpaul
2022-01-28,4670.0,0.0,0.5555555555555556,0.32471099999999997,0.2833705,0.26456399999999997,0.298676,0.08701349999999998,0.08847349999999998,0.38594074074074075,0.37429999999999997,0.3700481481481481,9.381381031613977,0.010792341678939617,,,,stpaul
2022-01-29,5060.0,0.0,0.5555555555555556,0.32278874999999996,0.282638125,0.264005,0.29802,0.08574187499999997,0.08759187499999997,0.38052592592592593,0.3689,0.3649851851851852,9.378768718801997,0.010826215022091312,,,,stpaul
2022-01-30,5500.0,0.0,0.5555555555555556,0.3208665,0.28190575,0.263446,0.297364,0.08447024999999997,0.08671024999999997,0.3751111111111111,0.3635,0.3599222222222222,9.376156405990017,0.010860088365243003,,,,stpaul
2022-01-31,5640.0,0.0,0.5555555555555556,0.31894425,0.281173375,0.262887,0.296708,0.08319862499999997,0.08582862499999996,0.3696962962962963,0.3581,0.35485925925925926,9.373544093178037,0.010893961708394698,,,,stpaul
2022-02-01,5820.0,0.0,0.5555555555555556,0.31702199999999997,0.280441,0.262328,0.296052,0.08192699999999996,0.08494699999999997,0.3642814814814815,0.35269999999999996,0.34979629629629627,9.370931780366057,0.010927835051546392,,,,stpaul
2022-02-02,4950.0,0.0,0.5555555555555556,0.31509975,0.279708625,0.261769,0.295396,0.08065537499999995,0.08406537499999996,0.35886666666666667,0.3473,0.34473333333333334,9.368319467554077,0.010961708394698084,,,,stpaul
2022-02-03,4800.0,0.0,0.5555555555555556,0.3131775,0.27897625000000004,0.26121,0.29474,0.07938374999999995,0.08318374999999995,0.35345185185185185,0.3419,0.33967037037037034,9.365707154742097,0.010995581737849779,,,,stpaul
2022-02-04,4580.0,0.0,0.5555555555555556,0.31125525,0.27824387500000003,0.260651,0.294084,0.07811212499999995,0.08230212499999995,0.34803703703703703,0.33649999999999997,0.3346074074074074,9.363094841930117,0.011029455081001473,,,,stpaul
2022-02-05,4090.0,0.0,0.5555555555555556,0.309333,0.2775115,0.260092,0.293428,0.07684049999999994,0.08142049999999995,0.3426222222222223,0.33109999999999995,0.3295444444444444,9.360482529118137,0.011063328424153165,,,,stpaul
2022-02-06,4520.0,0.0,0.5555555555555556,0.30741075,0.276779125,0.259533,0.292772,0.07556887499999992,0.08053887499999994,0.3372074074074074,0.3257,0.3244814814814815,9.357870216306157,0.01109720176730486,,,,stpaul
2022-02-07,4400.0,0.0,0.5555555555555556,0.3054885,0.27604675,0.258974,0.292116,0.07429724999999993,0.07965724999999993,0.33179259259259264,0.3203,0.3194185185185185,9.355257903494177,0.011131075110456554,,,,stpaul
2022-02-08,4830.0,0.0,0.5555555555555556,0.30356625000000004,0.275314375,0.258415,0.29146,0.07302562499999993,0.07877562499999993,0.32637777777777777,0.31489999999999996,0.31435555555555555,9.352645590682197,0.011164948453608247,,,,stpaul
2022-02-09,5430.0,0.0,0.5555555555555556,0.301644,0.274582,0.25785600000000003,0.290804,0.07175399999999992,0.07789399999999992,0.320962962962963,0.3095,0.30929259259259256,9.350033277870217,0.01119882179675994,,,,stpaul
2022-02-10,5060.0,0.0,0.5555555555555556,0.29972175,0.27384962500000004,0.257297,0.290148,0.0704823749999999,0.07701237499999992,0.31554814814814813,0.3041,0.3042296296296296,9.347420965058237,0.011232695139911635,,,,stpaul
2022-02-11,5560.0,0.01,0.5555555555555556,0.2977995,0.27311725000000003,0.256738,0.28949199999999997,0.0692107499999999,0.07613074999999991,0.31013333333333337,0.29869999999999997,0.29916666666666664,9.344808652246257,0.011266568483063328,,,,stpaul
2022-02-12,4330.0,0.01,0.5555555555555556,0.29587725000000004,0.272384875,0.256179,0.288836,0.0679391249999999,0.07524912499999992,0.3047185185185185,0.2933,0.2941037037037037,9.342196339434278,0.011300441826215021,,,,stpaul
2022-02-13,4390.0,0.01,0.5555555555555556,0.293955,0.2716525,0.25562,0.28818,0.0666674999999999,0.0743674999999999,0.29930370370370374,0.2879,0.2890407407407407,9.339584026622298,0.011334315169366716,,,,stpaul
2022-02-14,4990.0,0.07,0.5555555555555556,0.27233285714285715,0.2521021428571429,0.2414457142857143,0.2711828571428571,0.06855785714285705,0.07392928571428563,0.2938888888888889,0.2825,0.2839777777777778,9.336971713810316,0.01136818851251841,,,,stpaul
2022-02-15,4490.0,0.0,0.5555555555555556,0.2507107142857143,0.23255178571428572,0.2272714285714286,0.2541857142857143,0.07044821428571421,0.07349107142857136,0.2884740740740741,0.2771,0.2789148148148148,9.334359400998336,0.011402061855670102,,,,stpaul
2022-02-16,4940.0,0.0,0.5555555555555556,0.22908857142857145,0.2130014285714286,0.21309714285714287,0.23718857142857142,0.07233857142857136,0.07305285714285709,0.2830592592592593,0.2717,0.27385185185185185,9.331747088186356,0.011435935198821797,,,,stpaul
2022-02-17,4510.0,0.0,0.0,0.20746642857142858,0.19345107142857143,0.19892285714285715,0.22019142857142857,0.07422892857142853,0.07261464285714282,0.27764444444444447,0.2663,0.26878888888888885,9.329134775374376,0.01146980854197349,,,,stpaul
2022-02-18,4800.0,0.0,0.5555555555555556,0.1858442857142857,0.1739007142857143,0.18474857142857143,0.20319428571428572,0.07611928571428568,0.07217642857142854,0.27222962962962965,0.2609,0.2637259259259259,9.326522462562396,0.011503681885125183,,,,stpaul
2022-02-19,4450.0,0.0,0.5555555555555556,0.16422214285714287,0.15435035714285716,0.17057428571428573,0.18619714285714284,0.07800964285714285,0.07173821428571428,0.26681481481481484,0.25549999999999995,0.258662962962963,9.323910149750416,0.011537555228276878,,,,stpaul
2022-02-20,5440.0,0.0,0.5555555555555556,0.1426,0.1348,0.1564,0.1692,0.0799,0.0713,0.2614,0.2501,0.2536,9.321297836938436,0.011571428571428571,,,,stpaul
2022-02-21,5150.0,0.0,0.5555555555555556,0.22399999999999998,0.23806666666666665,0.23049999999999998,0.25256666666666666,0.08366666666666667,0.08003333333333333,0.33690000000000003,0.32653333333333334,0.3384333333333333,9.318685524126456,0.011605301914580264,,,,stpaul
2022-02-22,4690.0,0.01,-9.444444444444445,0.3054,0.3413333333333333,0.3046,0.3359333333333333,0.08743333333333334,0.08876666666666667,0.4124,0.4029666666666667,0.4232666666666667,9.316073211314476,0.011639175257731959,,,,stpaul
2022-02-23,4450.0,0.35,0.5555555555555556,0.3868,0.4446,0.3787,0.4193,0.0912,0.0975,0.4879,0.4794,0.5081,9.313460898502496,0.011673048600883652,,,,stpaul
2022-02-24,4830.0,0.0,0.5555555555555556,0.41259999999999997,0.42310000000000003,0.39335,0.45545,0.092,0.0946,0.5206999999999999,0.5167,0.5408,9.310848585690517,0.011706921944035345,,,,stpaul
2022-02-25,5020.0,0.07,0.5555555555555556,0.4384,0.4016,0.408,0.4916,0.0928,0.0917,0.5535,0.554,0.5735,9.308236272878537,0.01174079528718704,,,,stpaul
2022-02-26,5060.0,0.0,0.5555555555555556,0.3542666666666667,0.3307,0.33736666666666665,0.3977,0.08533333333333333,0.08410000000000001,0.47473333333333334,0.4761666666666667,0.47923333333333334,9.305623960066557,0.011774668630338733,,,,stpaul
2022-02-27,5160.0,0.0,0.5555555555555556,0.27013333333333334,0.25980000000000003,0.2667333333333333,0.3038,0.07786666666666667,0.0765,0.3959666666666667,0.3983333333333333,0.3849666666666667,9.303011647254577,0.011808541973490426,,,,stpaul
2022-02-28,5580.0,0.0,0.5555555555555556,0.186,0.1889,0.1961,0.2099,0.0704,0.0689,0.3172,0.3205,0.2907,9.300399334442597,0.01184241531664212,,,,stpaul
2022-03-01,5680.0,0.0,0.5555555555555556,0.22308571428571428,0.2196857142857143,0.22825714285714285,0.23917142857142856,0.0732,0.07075714285714287,0.33677142857142855,0.34494285714285716,0.3184142857142857,9.297787021630617,0.011876288659793814,,,,stpaul
2022-03-02,5410.0,0.0,0.5555555555555556,0.26017142857142855,0.25047142857142857,0.2604142857142857,0.26844285714285715,0.076,0.07261428571428571,0.35634285714285713,0.36938571428571426,0.34612857142857145,9.295174708818637,0.011910162002945507,,,,stpaul
2022-03-03,5310.0,0.0,0.5555555555555556,0.2972571428571429,0.28125714285714287,0.2925714285714286,0.2977142857142857,0.07880000000000001,0.07447142857142858,0.3759142857142857,0.3938285714285714,0.37384285714285714,9.292562396006655,0.011944035346097202,,,,stpaul
2022-03-04,5550.0,0.0,0.5555555555555556,0.33434285714285716,0.3120428571428571,0.3247285714285715,0.32698571428571427,0.0816,0.07632857142857143,0.3954857142857143,0.41827142857142857,0.4015571428571429,9.289950083194675,0.011977908689248895,,,,stpaul
2022-03-05,6600.0,0.53,0.5555555555555556,0.37142857142857144,0.3428285714285714,0.3568857142857143,0.35625714285714283,0.0844,0.07818571428571429,0.41505714285714285,0.4427142857142857,0.4292714285714286,9.287337770382695,0.012011782032400588,,,,stpaul
2022-03-06,6770.0,0.57,0.5555555555555556,0.4085142857142857,0.3736142857142857,0.3890428571428572,0.38552857142857144,0.0872,0.08004285714285714,0.4346285714285714,0.4671571428571428,0.45698571428571433,9.284725457570715,0.012045655375552283,,,,stpaul
2022-03-07,6180.0,0.0,0.5555555555555556,0.4456,0.4044,0.4212,0.4148,0.09,0.0819,0.4542,0.4916,0.4847,9.282113144758736,0.012079528718703976,,,,stpaul
2022-03-08,6380.0,0.0,1.1111111111111112,0.363445,0.3521025,0.3658416666666667,0.38502333333333333,0.09581666666666663,0.08654833333333334,0.42075,0.4553625,0.4483625,9.279500831946756,0.012113402061855669,,,,stpaul
2022-03-09,6800.0,0.0,-8.88888888888889,0.28129000000000004,0.299805,0.31048333333333333,0.35524666666666666,0.10163333333333327,0.09119666666666666,0.3873,0.41912499999999997,0.41202500000000003,9.276888519134776,0.012147275405007363,,,,stpaul
2022-03-10,7120.0,0.0,1.1111111111111112,0.199135,0.2475075,0.255125,0.32547,0.1074499999999999,0.095845,0.35385,0.3828875,0.3756875,9.274276206322796,0.012181148748159057,,,,stpaul
2022-03-11,7180.0,0.0,1.1111111111111112,0.181508,0.221346,0.22644,0.28843599999999997,0.10387999999999993,0.091416,0.3204,0.34665,0.33935000000000004,9.271663893510816,0.01221502209131075,,,,stpaul
2022-03-12,6800.0,0.0,0.5555555555555556,0.163881,0.19518449999999998,0.197755,0.251402,0.10030999999999994,0.086987,0.28695,0.3104125,0.3030125,9.269051580698836,0.012248895434462444,,,,stpaul
2022-03-13,7630.0,0.0,1.1111111111111112,0.146254,0.169023,0.16907,0.214368,0.09673999999999996,0.08255799999999999,0.2535,0.274175,0.266675,9.266439267886856,0.012282768777614137,,,,stpaul
2022-03-14,7380.0,0.0,1.1111111111111112,0.128627,0.1428615,0.14038499999999998,0.177334,0.09316999999999998,0.078129,0.22005,0.23793749999999997,0.23033750000000003,9.263826955074876,0.01231664212076583,,,,stpaul
2022-03-15,7830.0,0.07,1.3888888888888888,0.111,0.1167,0.1117,0.1403,0.0896,0.0737,0.1866,0.2017,0.194,9.261214642262896,0.012350515463917525,,,,stpaul
2022-03-16,8660.0,0.0,1.6666666666666667,0.10414,0.10996,0.10773999999999999,0.13466,0.10238,0.08416,0.17536,0.1891,0.1831,9.258602329450916,0.01238438880706922,,,,stpaul
2022-03-17,9320.0,0.0,1.6666666666666667,0.09728,0.10322,0.10378,0.12902,0.11516,0.09462000000000001,0.16412,0.1765,0.17220000000000002,9.255990016638936,0.012418262150220911,,,,stpaul
2022-03-18,9650.0,0.0,2.7777777777777777,0.09042,0.09648000000000001,0.09981999999999999,0.12338,0.12794,0.10508,0.15288,0.1639,0.1613,9.253377703826956,0.012452135493372606,,,,stpaul
2022-03-19,10400.0,0.0,2.2222222222222223,0.08356,0.08974,0.09586,0.11774000000000001,0.14072,0.11554,0.14164,0.1513,0.1504,9.250765391014976,0.012486008836524301,,,,stpaul
2022-03-20,11700.0,0.0,3.3333333333333335,0.0767,0.083,0.0919,0.1121,0.1535,0.126,0.1304,0.1387,0.1395,9.248153078202996,0.012519882179675992,,,,stpaul
2022-03-21,13500.0,0.0,0.5555555555555556,0.076545,0.08382541666666665,0.09416624999999999,0.1193,0.15758125,0.12880708333333332,0.13355,0.14181666666666665,0.14289166666666667,9.245540765391015,0.012553755522827687,,,,stpaul
2022-03-22,16700.0,0.0,4.444444444444445,0.07639,0.0846508333333333,0.09643249999999999,0.1265,0.1616625,0.13161416666666664,0.1367,0.14493333333333333,0.14628333333333335,9.242928452579035,0.012587628865979382,,,,stpaul
2022-03-23,20000.0,0.89,3.3333333333333335,0.076235,0.08547624999999995,0.09869875,0.13369999999999999,0.16574375,0.13442124999999994,0.13984999999999997,0.14805,0.149675,9.240316139767055,0.012621502209131073,,,,stpaul
2022-03-24,23000.0,0.01,2.7777777777777777,0.07608000000000001,0.08630166666666661,0.100965,0.1409,0.169825,0.13722833333333326,0.143,0.15116666666666667,0.15306666666666668,9.237703826955075,0.012655375552282768,,,,stpaul
2022-03-25,26400.0,0.0,3.3333333333333335,0.075925,0.08712708333333326,0.10323125,0.1481,0.17390624999999998,0.14003541666666658,0.14615,0.15428333333333333,0.15645833333333334,9.235091514143095,0.012689248895434463,,,,stpaul
2022-03-26,27100.0,0.0,1.1111111111111112,0.07577,0.0879524999999999,0.1054975,0.1553,0.1779875,0.1428424999999999,0.1493,0.15739999999999998,0.15985,9.232479201331115,0.012723122238586156,,,,stpaul
2022-03-27,28100.0,0.0,1.1111111111111112,0.08250833333333334,0.09382708333333326,0.11191458333333333,0.15495,0.17075625,0.13805208333333324,0.15244999999999997,0.16051666666666667,0.16324166666666667,9.229866888519135,0.012756995581737849,,,,stpaul
2022-03-28,29500.0,0.0,1.6666666666666667,0.08924666666666667,0.0997016666666666,0.11833166666666665,0.1546,0.163525,0.1332616666666666,0.1556,0.16363333333333333,0.16663333333333333,9.227254575707155,0.012790868924889544,,,,stpaul
2022-03-29,30500.0,0.0,2.7777777777777777,0.095985,0.10557624999999995,0.12474874999999999,0.15425,0.15629375,0.12847124999999995,0.15875,0.16675,0.170025,9.224642262895175,0.012824742268041235,,,,stpaul
2022-03-30,30100.0,0.52,2.2222222222222223,0.10272333333333333,0.1114508333333333,0.13116583333333331,0.1539,0.1490625,0.1236808333333333,0.1619,0.16986666666666667,0.17341666666666666,9.222029950083195,0.01285861561119293,,,,stpaul
2022-03-31,28500.0,0.28,2.2222222222222223,0.10946166666666667,0.11732541666666665,0.13758291666666667,0.15355,0.14183125,0.11889041666666664,0.16504999999999997,0.17298333333333335,0.17680833333333335,9.219417637271215,0.012892488954344625,,,,stpaul
2022-04-01,27600.0,0.0,2.2222222222222223,0.1162,0.1232,0.144,0.1532,0.1346,0.1141,0.1682,0.1761,0.1802,9.216805324459235,0.012926362297496316,,,,stpaul
2022-04-02,25600.0,0.0,3.888888888888889,0.1109,0.11835000000000001,0.13723749999999998,0.151,0.14151249999999999,0.119975,0.16526249999999998,0.1731375,0.178975,9.214193011647255,0.01296023564064801,,,,stpaul
2022-04-03,23300.0,0.0,3.888888888888889,0.1056,0.1135,0.13047499999999998,0.1488,0.148425,0.12585,0.162325,0.17017500000000002,0.17775,9.211580698835276,0.012994108983799706,,,,stpaul
2022-04-04,22100.0,0.61,3.888888888888889,0.1003,0.10865,0.12371249999999999,0.1466,0.15533750000000002,0.13172499999999998,0.1593875,0.16721250000000001,0.176525,9.208968386023296,0.013027982326951397,,,,stpaul
2022-04-05,21800.0,0.0,4.444444444444445,0.095,0.1038,0.11695,0.1444,0.16225,0.1376,0.15644999999999998,0.16425,0.1753,9.206356073211316,0.013061855670103092,,,,stpaul
2022-04-06,21600.0,0.58,4.444444444444445,0.0897,0.09895000000000001,0.1101875,0.1422,0.1691625,0.143475,0.1535125,0.1612875,0.174075,9.203743760399336,0.013095729013254787,,,,stpaul
2022-04-07,24000.0,0.18,4.444444444444445,0.0844,0.0941,0.10342499999999999,0.14,0.176075,0.14934999999999998,0.150575,0.158325,0.17285,9.201131447587354,0.013129602356406478,,,,stpaul
2022-04-08,27700.0,0.14,3.888888888888889,0.0791,0.08925,0.09666249999999998,0.1378,0.18298750000000003,0.155225,0.1476375,0.15536250000000001,0.171625,9.198519134775374,0.013163475699558173,,,,stpaul
2022-04-09,28900.0,0.0,5.0,0.0738,0.0844,0.0899,0.1356,0.1899,0.1611,0.1447,0.1524,0.1704,9.195906821963394,0.013197349042709867,,,,stpaul
2022-04-10,29700.0,0.0,1.6666666666666667,0.075893125,0.08629625,0.09674125,0.14436125,0.198141875,0.16408937499999998,0.15165,0.16525,0.1703,9.193294509151414,0.013231222385861559,,,,stpaul
2022-04-11,30600.0,0.0,6.666666666666667,0.07798625000000001,0.08819250000000001,0.1035825,0.1531225,0.20638374999999998,0.16707875,0.1586,0.1781,0.1702,9.190682196339434,0.013265095729013254,,,,stpaul
2022-04-12,30900.0,0.0,7.222222222222222,0.08186900000000001,0.08915400000000001,0.105226,0.151938,0.20700699999999997,0.168743,0.15736,0.17592,0.17082,9.188069883527454,0.013298969072164948,,,,stpaul
2022-04-13,32700.0,0.35,7.222222222222222,0.08575175,0.0901155,0.10686949999999999,0.15075349999999998,0.20763025,0.17040725,0.15612,0.17374,0.17144,9.185457570715474,0.013332842415316643,,,,stpaul
2022-04-14,33600.0,0.02,6.111111111111111,0.0896345,0.091077,0.108513,0.149569,0.20825349999999998,0.1720715,0.15488,0.17156,0.17206,9.182845257903494,0.013366715758468335,,,,stpaul
2022-04-15,33200.0,0.02,4.444444444444445,0.09351725,0.0920385,0.11015649999999999,0.1483845,0.20887675,0.17373575,0.15364,0.16938,0.17268,9.180232945091515,0.01340058910162003,,,,stpaul
2022-04-16,32800.0,0.0,5.0,0.0974,0.093,0.1118,0.1472,0.2095,0.1754,0.1524,0.1672,0.1733,9.177620632279535,0.013434462444771724,,,,stpaul
2022-04-17,33400.0,0.0,5.555555555555555,0.0926,0.09343333333333333,0.10729999999999999,0.14773333333333333,0.20396666666666666,0.17293333333333333,0.1485,0.16333333333333333,0.17543333333333333,9.175008319467555,0.013468335787923415,,,,stpaul
2022-04-18,33300.0,0.01,5.555555555555555,0.0878,0.09386666666666667,0.1028,0.14826666666666666,0.19843333333333332,0.17046666666666668,0.1446,0.15946666666666665,0.17756666666666668,9.172396006655575,0.01350220913107511,,,,stpaul
2022-04-19,33100.0,0.0,3.888888888888889,0.083,0.0943,0.0983,0.1488,0.1929,0.168,0.1407,0.1556,0.1797,9.169783693843595,0.013536082474226805,,,,stpaul
2022-04-20,32900.0,0.0,5.0,0.091,0.10105,0.11255,0.1531,0.2014,0.16620000000000001,0.15239999999999998,0.16554999999999997,0.1774,9.167171381031615,0.013569955817378496,,,,stpaul
2022-04-21,32600.0,0.64,5.555555555555555,0.099,0.1078,0.1268,0.1574,0.2099,0.1644,0.1641,0.1755,0.1751,9.164559068219635,0.013603829160530191,,,,stpaul
2022-04-22,32300.0,0.01,6.666666666666667,0.11296923076923078,0.12207692307692308,0.14052307692307692,0.17233846153846155,0.21995384615384617,0.1725153846153846,0.17561538461538462,0.18725384615384613,0.18762307692307692,9.161946755407655,0.013637702503681886,,,,stpaul
2022-04-23,32500.0,0.29,7.222222222222222,0.12693846153846156,0.13635384615384616,0.15424615384615384,0.1872769230769231,0.2300076923076923,0.1806307692307692,0.18713076923076924,0.1990076923076923,0.20014615384615386,9.159334442595675,0.013671575846833577,,,,stpaul
2022-04-24,33800.0,0.62,8.88888888888889,0.14090769230769232,0.15063076923076923,0.16796923076923076,0.20221538461538463,0.24006153846153847,0.18874615384615384,0.19864615384615386,0.21076153846153844,0.21266923076923078,9.156722129783695,0.013705449189985272,,,,stpaul
2022-04-25,34200.0,0.0,7.222222222222222,0.15487692307692308,0.1649076923076923,0.1816923076923077,0.21715384615384617,0.25011538461538463,0.19686153846153845,0.21016153846153846,0.22251538461538461,0.2251923076923077,9.154109816971713,0.013739322533136967,,,,stpaul
2022-04-26,34900.0,0.0,7.222222222222222,0.16884615384615387,0.1791846153846154,0.1954153846153846,0.2320923076923077,0.26016923076923076,0.20497692307692306,0.2216769230769231,0.23426923076923076,0.2377153846153846,9.151497504159734,0.013773195876288658,,,,stpaul
2022-04-27,35300.0,0.0,7.222222222222222,0.18281538461538463,0.19346153846153846,0.20913846153846155,0.24703076923076925,0.2702230769230769,0.2130923076923077,0.2331923076923077,0.2460230769230769,0.2502384615384615,9.148885191347754,0.013807069219440353,,,,stpaul
2022-04-28,35500.0,0.0,7.777777777777778,0.1967846153846154,0.20773846153846154,0.22286153846153847,0.2619692307692308,0.2802769230769231,0.2212076923076923,0.24470769230769232,0.25777692307692307,0.2627615384615385,9.146272878535774,0.013840942562592048,,,,stpaul
2022-04-29,35300.0,0.04,8.333333333333334,0.21075384615384618,0.22201538461538461,0.2365846153846154,0.2769076923076923,0.2903307692307692,0.2293230769230769,0.25622307692307694,0.26953076923076924,0.27528461538461535,9.143660565723794,0.013874815905743739,,,,stpaul
2022-04-30,36000.0,0.57,8.88888888888889,0.22472307692307694,0.2362923076923077,0.25030769230769234,0.29184615384615387,0.30038461538461536,0.23743846153846151,0.2677384615384616,0.28128461538461536,0.2878076923076923,9.141048252911814,0.013908689248895434,,,,stpaul
2022-05-01,37400.0,0.92,8.88888888888889,0.2386923076923077,0.25056923076923077,0.26403076923076924,0.30678461538461543,0.31043846153846155,0.24555384615384612,0.2792538461538462,0.2930384615384615,0.3003307692307692,9.138435940099834,0.013942562592047129,,,,stpaul
2022-05-02,40000.0,0.05,8.333333333333334,0.2526615384615385,0.26484615384615384,0.27775384615384613,0.32172307692307694,0.3204923076923077,0.25366923076923076,0.2907692307692308,0.3047923076923077,0.31285384615384615,9.135823627287854,0.01397643593519882,,,,stpaul
2022-05-03,42500.0,0.0,9.444444444444445,0.2666307692307692,0.2791230769230769,0.2914769230769231,0.33666153846153846,0.3305461538461538,0.2617846153846154,0.3022846153846154,0.3165461538461538,0.32537692307692306,9.133211314475874,0.014010309278350515,,,,stpaul
2022-05-04,44300.0,0.0,9.444444444444445,0.2806,0.2934,0.3052,0.3516,0.3406,0.2699,0.3138,0.3283,0.3379,9.130599001663894,0.01404418262150221,,,,stpaul
2022-05-05,45300.0,0.0,10.0,0.1961,0.2042,0.2233,0.26980000000000004,0.2784,0.2269,0.23875000000000002,0.26549999999999996,0.27465,9.127986688851914,0.014078055964653901,,,,stpaul
2022-05-06,45600.0,0.0,10.555555555555555,0.1116,0.115,0.1414,0.188,0.2162,0.1839,0.1637,0.2027,0.2114,9.125374376039934,0.014111929307805596,,,,stpaul
2022-05-07,45300.0,0.0,11.666666666666666,0.110775,0.11697500000000001,0.13945,0.191125,0.2145375,0.180925,0.1635875,0.2044625,0.21495,9.122762063227954,0.01414580265095729,,,,stpaul
2022-05-08,44300.0,0.01,12.777777777777779,0.10995,0.11895,0.1375,0.19425,0.212875,0.17795,0.163475,0.206225,0.2185,9.120149750415974,0.014179675994108982,,,,stpaul
2022-05-09,43200.0,0.04,13.333333333333334,0.109125,0.120925,0.13555,0.197375,0.2112125,0.174975,0.16336250000000002,0.2079875,0.22205,9.117537437603994,0.014213549337260677,,,,stpaul
2022-05-10,42000.0,0.0,14.444444444444445,0.10830000000000001,0.12290000000000001,0.1336,0.2005,0.20955000000000001,0.172,0.16325,0.20975,0.22560000000000002,9.114925124792014,0.014247422680412371,,,,stpaul
2022-05-11,41600.0,0.0,15.555555555555555,0.107475,0.124875,0.13165,0.203625,0.2078875,0.169025,0.1631375,0.2115125,0.22915000000000002,9.112312811980035,0.014281296023564063,,,,stpaul
2022-05-12,44800.0,2.16,16.666666666666668,0.10665,0.12685,0.12969999999999998,0.20675,0.206225,0.16605,0.163025,0.213275,0.23270000000000002,9.109700499168053,0.014315169366715758,,,,stpaul
2022-05-13,47800.0,0.06,17.77777777777778,0.105825,0.128825,0.12775,0.209875,0.2045625,0.163075,0.16291250000000002,0.2150375,0.23625000000000002,9.107088186356073,0.014349042709867452,,,,stpaul
2022-05-14,54100.0,0.0,17.77777777777778,0.105,0.1308,0.1258,0.213,0.2029,0.1601,0.1628,0.2168,0.2398,9.104475873544093,0.014382916053019144,,,,stpaul
2022-05-15,58600.0,0.0,17.77777777777778,0.0984,0.1182,0.11779999999999999,0.2185,0.20505,0.16094999999999998,0.1599,0.22465000000000002,0.23675000000000002,9.101863560732113,0.014416789396170838,,,,stpaul
2022-05-16,61200.0,0.0,17.22222222222222,0.0918,0.1056,0.1098,0.224,0.2072,0.1618,0.157,0.2325,0.2337,9.099251247920133,0.014450662739322533,,,,stpaul
2022-05-17,63500.0,0.0,16.11111111111111,0.14397333333333334,0.15258666666666665,0.15528,0.26096,0.23224,0.18134,0.20230666666666666,0.27026,0.26981333333333335,9.096638935108153,0.014484536082474225,,,,stpaul
2022-05-18,65800.0,0.12,17.77777777777778,0.19614666666666666,0.19957333333333332,0.20076,0.29792,0.25728,0.20088,0.24761333333333335,0.30802,0.3059266666666667,9.094026622296173,0.01451840942562592,,,,stpaul
2022-05-19,67700.0,0.01,17.77777777777778,0.24831999999999999,0.24655999999999997,0.24624000000000001,0.33488,0.28232,0.22042,0.29292,0.34578000000000003,0.34204,9.091414309484193,0.014552282768777614,,,,stpaul
2022-05-20,68500.0,0.11,17.77777777777778,0.30049333333333333,0.2935466666666666,0.29172,0.37184,0.30735999999999997,0.23996,0.3382266666666667,0.38354,0.37815333333333334,9.088801996672213,0.014586156111929306,,,,stpaul
2022-05-21,68300.0,0.02,16.666666666666668,0.35266666666666663,0.34053333333333335,0.3372,0.4088,0.33240000000000003,0.2595,0.38353333333333334,0.4213,0.41426666666666667,9.086189683860233,0.014620029455081,,,,stpaul
2022-05-22,68500.0,0.0,16.11111111111111,0.40484,0.38752,0.38268,0.44576000000000005,0.35744,0.27904,0.42884,0.45906,0.45038,9.083577371048253,0.014653902798232695,,,,stpaul
2022-05-23,68300.0,0.0,16.11111111111111,0.45701333333333327,0.4345066666666666,0.42816,0.48272000000000004,0.38248,0.29858,0.4741466666666667,0.49682000000000004,0.48649333333333333,9.080965058236274,0.014687776141384386,,,,stpaul
2022-05-24,67300.0,0.0,-6.111111111111111,0.5091866666666667,0.48149333333333333,0.47364,0.51968,0.40752,0.31812,0.5194533333333333,0.53458,0.5226066666666667,9.078352745424294,0.014721649484536081,,,,stpaul
2022-05-25,66100.0,0.42,16.11111111111111,0.56136,0.52848,0.51912,0.55664,0.43256,0.33766,0.56476,0.5723400000000001,0.55872,9.075740432612314,0.014755522827687776,,,,stpaul
2022-05-26,63800.0,0.31,15.555555555555555,0.6135333333333333,0.5754666666666667,0.5646,0.5936,0.4576,0.3572,0.6100666666666666,0.6101000000000001,0.5948333333333333,9.073128119800334,0.014789396170839467,,,,stpaul
2022-05-27,60900.0,0.0,15.0,0.6657066666666666,0.6224533333333333,0.61008,0.63056,0.48264,0.37674,0.6553733333333334,0.64786,0.6309466666666667,9.070515806988354,0.014823269513991162,,,,stpaul
2022-05-28,57900.0,0.0,15.396825396825397,0.71788,0.6694399999999999,0.65556,0.66752,0.5076799999999999,0.39628,0.7006800000000001,0.68562,0.66706,9.067903494176374,0.014857142857142857,,,,stpaul
2022-05-29,55100.0,0.0,15.793650793650794,0.7700533333333333,0.7164266666666667,0.70104,0.70448,0.53272,0.41582,0.7459866666666667,0.72338,0.7031733333333333,9.065291181364394,0.014891016200294552,,,,stpaul
2022-05-30,52600.0,0.0,16.19047619047619,0.8222266666666666,0.7634133333333333,0.74652,0.74144,0.55776,0.43536,0.7912933333333334,0.76114,0.7392866666666666,9.062678868552414,0.014924889543446243,,,,stpaul
2022-05-31,50400.0,0.15,16.58730158730159,0.8744,0.8104,0.792,0.7784,0.5828,0.4549,0.8366,0.7989,0.7754,9.060066555740432,0.014958762886597938,,,,stpaul
2022-06-01,48900.0,0.0,16.984126984126984,0.6050666666666666,0.5703,0.5562666666666667,0.5895666666666667,0.45343333333333335,0.35086666666666666,0.6105333333333334,0.6055,0.5981333333333333,9.057454242928452,0.014992636229749633,,,,stpaul
2022-06-02,48000.0,0.0,17.38095238095238,0.33573333333333333,0.3302,0.32053333333333334,0.40073333333333333,0.32406666666666667,0.24683333333333332,0.3844666666666667,0.4121,0.42086666666666667,9.054841930116472,0.015026509572901324,,,,stpaul
2022-06-03,47100.0,0.0,17.77777777777778,0.0664,0.0901,0.0848,0.2119,0.1947,0.1428,0.1584,0.2187,0.2436,9.052229617304492,0.015060382916053019,,,,stpaul
2022-06-04,46500.0,0.0,18.174603174603174,0.05614,0.07458,0.07026,0.17514000000000002,0.15962,0.11764000000000001,0.13014,0.18008000000000002,0.20264000000000001,9.049617304492513,0.015094256259204714,,,,stpaul
2022-06-05,45900.0,0.0,18.571428571428573,0.045880000000000004,0.05906,0.05572,0.13838,0.12454000000000001,0.09248,0.10188000000000001,0.14146,0.16168,9.047004991680533,0.015128129602356405,,,,stpaul
2022-06-06,45000.0,0.47,18.96825396825397,0.03562,0.043539999999999995,0.041179999999999994,0.10162,0.08946000000000001,0.06731999999999999,0.07362000000000002,0.10284,0.12072,9.044392678868553,0.0151620029455081,,,,stpaul
2022-06-07,43600.0,0.0,19.365079365079367,0.02536,0.028019999999999996,0.026639999999999997,0.06486,0.05438000000000001,0.04215999999999999,0.04536000000000001,0.06422,0.07976,9.041780366056573,0.015195876288659795,,,,stpaul
2022-06-08,42100.0,0.0,19.761904761904763,0.0151,0.0125,0.0121,0.0281,0.0193,0.017,0.0171,0.0256,0.0388,9.039168053244593,0.015229749631811486,,,,stpaul
2022-06-09,40800.0,0.0,20.158730158730158,0.06385,0.06875,0.06745000000000001,0.13724999999999998,0.10129999999999999,0.07,0.08510000000000001,0.1316,0.136,9.036555740432613,0.01526362297496318,,,,stpaul
2022-06-10,39100.0,0.0,20.555555555555557,0.1126,0.125,0.1228,0.2464,0.1833,0.123,0.1531,0.2376,0.2332,9.033943427620633,0.015297496318114875,,,,stpaul
2022-06-11,37200.0,0.03,21.11111111111111,0.09895812499999998,0.1156625,0.11467249999999998,0.2499975,0.17920812499999997,0.11791625,0.15302500000000002,0.235775,0.2352,9.031331114808653,0.015331369661266567,,,,stpaul
2022-06-12,36100.0,0.0,21.11111111111111,0.08531624999999995,0.106325,0.10654499999999995,0.253595,0.17511624999999995,0.1128325,0.15295,0.23395,0.2372,9.028718801996673,0.015365243004418262,,,,stpaul
2022-06-13,34900.0,0.0,21.666666666666668,0.07167437499999993,0.0969875,0.09841749999999992,0.25719250000000005,0.17102437499999992,0.10774875,0.152875,0.232125,0.2392,9.026106489184693,0.015399116347569956,,,,stpaul
2022-06-14,33900.0,0.13,21.666666666666668,0.0580324999999999,0.08765,0.0902899999999999,0.26079,0.1669324999999999,0.102665,0.1528,0.2303,0.2412,9.023494176372713,0.015432989690721648,,,,stpaul
2022-06-15,33000.0,0.01,23.333333333333332,0.06737437499999992,0.09213750000000001,0.09426749999999992,0.24761750000000002,0.17244937499999993,0.11384875,0.152725,0.228475,0.2432,9.020881863560733,0.015466863033873342,,,,stpaul
2022-06-16,32700.0,0.0,22.22222222222222,0.07671624999999994,0.096625,0.09824499999999994,0.23444500000000001,0.17796624999999994,0.1250325,0.15265,0.22665000000000002,0.2452,9.018269550748752,0.015500736377025037,,,,stpaul
2022-06-17,32700.0,0.0,22.77777777777778,0.08605812499999997,0.1011125,0.10222249999999998,0.2212725,0.18348312499999997,0.13621625,0.152575,0.224825,0.2472,9.015657237936772,0.015534609720176729,,,,stpaul
2022-06-18,31900.0,0.0,22.77777777777778,0.0954,0.1056,0.1062,0.2081,0.189,0.1474,0.1525,0.223,0.2492,9.013044925124792,0.015568483063328423,,,,stpaul
2022-06-19,30800.0,0.0,22.77777777777778,0.08879999999999999,0.0989,0.10405,0.22315000000000002,0.2072,0.15234999999999999,0.1614,0.23765000000000003,0.2625,9.010432612312812,0.015602356406480118,,,,stpaul
2022-06-20,29000.0,0.0,23.88888888888889,0.0822,0.0922,0.1019,0.2382,0.2254,0.1573,0.1703,0.2523,0.2758,9.007820299500832,0.01563622974963181,,,,stpaul
2022-06-21,27300.0,0.33,25.0,0.08337499999999999,0.0945,0.1029125,0.2331625,0.22141249999999998,0.15638749999999998,0.16720000000000002,0.2471375,0.273,9.005207986688852,0.015670103092783504,,,,stpaul
2022-06-22,26200.0,0.0,25.0,0.08455,0.0968,0.103925,0.228125,0.21742499999999998,0.155475,0.1641,0.24197500000000002,0.2702,9.002595673876872,0.0157039764359352,,,,stpaul
2022-06-23,24800.0,0.0,25.555555555555557,0.085725,0.09910000000000001,0.1049375,0.2230875,0.2134375,0.1545625,0.161,0.2368125,0.26739999999999997,8.999983361064892,0.01573784977908689,,,,stpaul
2022-06-24,23800.0,0.0,25.555555555555557,0.0869,0.1014,0.10595,0.21805,0.20945,0.15365,0.15789999999999998,0.23165000000000002,0.2646,8.997371048252912,0.015771723122238585,,,,stpaul
2022-06-25,25900.0,0.0,24.72222222222222,0.088075,0.1037,0.1069625,0.2130125,0.2054625,0.1527375,0.1548,0.2264875,0.26180000000000003,8.994758735440932,0.01580559646539028,,,,stpaul
2022-06-26,26600.0,0.0,23.88888888888889,0.08925,0.10600000000000001,0.107975,0.207975,0.20147500000000002,0.151825,0.1517,0.221325,0.259,8.992146422628952,0.01583946980854197,,,,stpaul
2022-06-27,28300.0,0.0,23.333333333333332,0.090425,0.10830000000000001,0.1089875,0.2029375,0.1974875,0.1509125,0.14859999999999998,0.21616249999999998,0.2562,8.989534109816972,0.015873343151693666,,,,stpaul
2022-06-28,28400.0,0.0,23.88888888888889,0.0916,0.1106,0.11,0.1979,0.1935,0.15,0.1455,0.211,0.2534,8.986921797004992,0.01590721649484536,,,,stpaul
2022-06-29,26700.0,0.0,23.333333333333332,0.09164499999999998,0.111635,0.10865125,0.23294874999999998,0.204435625,0.14667812499999996,0.17049999999999998,0.23925000000000002,0.2777,8.984309484193012,0.015941089837997052,,,,stpaul
2022-06-30,25200.0,0.0,23.333333333333332,0.09168999999999995,0.11266999999999999,0.1073025,0.2679975,0.21537125000000001,0.14335624999999994,0.1955,0.2675,0.302,8.981697171381033,0.015974963181148747,,,,stpaul
2022-07-01,24300.0,0.0,23.88888888888889,0.170392,0.183336,0.178002,0.312718,0.271457,0.20742499999999994,0.25864,0.31316,0.34468,8.979084858569053,0.016008836524300442,,,,stpaul
2022-07-02,23700.0,0.0,24.0,0.24909399999999998,0.254002,0.2487015,0.3574385,0.32754275,0.27149375,0.32178,0.35882000000000003,0.38736,8.976472545757073,0.016042709867452133,,,,stpaul
2022-07-03,22800.0,0.0,24.11111111111111,0.32779600000000003,0.324668,0.319401,0.402159,0.38362850000000004,0.3355625,0.38492000000000004,0.40448,0.43004,8.973860232945093,0.016076583210603828,,,,stpaul
2022-07-04,22200.0,0.0,24.22222222222222,0.406498,0.395334,0.39010049999999996,0.4468795,0.43971425000000003,0.39963125,0.44806,0.45014,0.47272,8.971247920133113,0.016110456553755523,,,,stpaul
2022-07-05,21500.0,0.22,24.333333333333332,0.4852,0.466,0.4608,0.4916,0.4958,0.4637,0.5112,0.4958,0.5154,8.968635607321131,0.016144329896907214,,,,stpaul
2022-07-06,20700.0,0.05,24.444444444444443,0.27402249999999995,0.27980875000000005,0.2756687499999999,0.39083875,0.3465325,0.29108875,0.46595,0.45877500000000004,0.48287499999999994,8.966023294509151,0.01617820324005891,,,,stpaul
2022-07-07,20100.0,0.0,25.0,0.0628449999999999,0.0936175,0.0905374999999999,0.2900775,0.197265,0.1184775,0.42069999999999996,0.42175,0.45035,8.963410981697171,0.016212076583210604,,,,stpaul
2022-07-08,19700.0,0.0,25.0,0.07180416666666659,0.09901458333333334,0.09838124999999992,0.2791645833333333,0.19660416666666666,0.12216458333333333,0.37545,0.384725,0.417825,8.960798668885191,0.016245949926362295,,,,stpaul
2022-07-09,19600.0,0.0,25.185185185185187,0.08076333333333327,0.10441166666666667,0.10622499999999993,0.26825166666666667,0.19594333333333333,0.12585166666666667,0.3302,0.3477,0.3853,8.958186356073211,0.01627982326951399,,,,stpaul
2022-07-10,19200.0,0.0,25.37037037037037,0.08972249999999996,0.10980875000000001,0.11406874999999994,0.25733875,0.1952825,0.12953875,0.28495,0.31067500000000003,0.35277499999999995,8.955574043261231,0.016313696612665685,,,,stpaul
2022-07-11,18600.0,0.0,25.555555555555557,0.09868166666666664,0.11520583333333334,0.12191249999999997,0.24642583333333332,0.19462166666666667,0.13322583333333332,0.23970000000000002,0.27365,0.32025,8.952961730449251,0.016347569955817376,,,,stpaul
2022-07-12,18300.0,0.0,23.88888888888889,0.10764083333333332,0.12060291666666667,0.12975625,0.23551291666666666,0.19396083333333333,0.13691291666666666,0.19445,0.23662499999999997,0.287725,8.950349417637272,0.01638144329896907,,,,stpaul
2022-07-13,18100.0,0.0,24.444444444444446,0.1166,0.126,0.1376,0.2246,0.1933,0.1406,0.1492,0.1996,0.2552,8.947737104825292,0.016415316642120766,,,,stpaul
2022-07-14,16600.0,0.0,25.0,0.11199999999999999,0.1238,0.12940000000000002,0.2266,0.20635,0.15360000000000001,0.16444999999999999,0.20815,0.2652,8.945124792013312,0.01644918998527246,,,,stpaul
2022-07-15,15600.0,0.0,25.555555555555557,0.1074,0.1216,0.1212,0.2286,0.2194,0.1666,0.1797,0.2167,0.2752,8.942512479201332,0.01648306332842415,,,,stpaul
2022-07-16,14800.0,0.0,26.11111111111111,0.0978,0.11233333333333333,0.11560000000000001,0.2154,0.21063333333333334,0.16026666666666667,0.16846666666666665,0.21563333333333334,0.2655666666666667,8.939900166389352,0.016516936671575846,,,,stpaul
2022-07-17,13900.0,0.0,26.11111111111111,0.0882,0.10306666666666667,0.11,0.2022,0.20186666666666667,0.15393333333333334,0.15723333333333334,0.21456666666666666,0.25593333333333335,8.937287853577372,0.01655081001472754,,,,stpaul
2022-07-18,13700.0,0.88,26.666666666666668,0.0786,0.0938,0.1044,0.189,0.1931,0.1476,0.146,0.2135,0.2463,8.934675540765392,0.016584683357879233,,,,stpaul
2022-07-19,13000.0,0.0,27.22222222222222,0.08310000000000001,0.1,0.1076,0.1975,0.2066,0.1544,0.15635,0.21915,0.2547,8.932063227953412,0.016618556701030927,,,,stpaul
2022-07-20,12500.0,0.0,27.22222222222222,0.0876,0.1062,0.1108,0.206,0.2201,0.1612,0.1667,0.2248,0.2631,8.929450915141432,0.016652430044182622,,,,stpaul
2022-07-21,12300.0,0.0,27.22222222222222,0.08762,0.10532,0.10936,0.20879999999999999,0.2191,0.16148,0.16785999999999998,0.22472,0.2604,8.926838602329452,0.016686303387334313,,,,stpaul
2022-07-22,11700.0,0.0,27.22222222222222,0.08764,0.10444,0.10792,0.21159999999999998,0.2181,0.16176000000000001,0.16901999999999998,0.22464,0.2577,8.92422628951747,0.01672017673048601,,,,stpaul
2022-07-23,11200.0,0.0,27.22222222222222,0.08766,0.10356,0.10647999999999999,0.2144,0.21710000000000002,0.16204,0.17018,0.22455999999999998,0.255,8.92161397670549,0.016754050073637703,,,,stpaul
2022-07-24,11100.0,1.16,25.555555555555557,0.08768,0.10268000000000001,0.10504,0.2172,0.21610000000000001,0.16232,0.17134,0.22447999999999999,0.25229999999999997,8.91900166389351,0.016787923416789394,,,,stpaul
2022-07-25,10400.0,0.0,23.88888888888889,0.0877,0.1018,0.1036,0.22,0.2151,0.1626,0.1725,0.2244,0.2496,8.91638935108153,0.01682179675994109,,,,stpaul
2022-07-26,10200.0,0.0,24.074074074074076,0.11486666666666666,0.13126666666666667,0.13213333333333332,0.2286,0.21316666666666667,0.17616666666666667,0.18136666666666665,0.22973333333333332,0.25479999999999997,8.91377703826955,0.016855670103092784,,,,stpaul
2022-07-27,10100.0,0.0,24.25925925925926,0.14203333333333332,0.16073333333333334,0.16066666666666668,0.2372,0.21123333333333336,0.18973333333333334,0.19023333333333334,0.23506666666666667,0.26,8.91116472545757,0.016889543446244475,,,,stpaul
2022-07-28,10300.0,0.0,24.444444444444446,0.1692,0.1902,0.1892,0.2458,0.2093,0.2033,0.1991,0.2404,0.2652,8.90855241264559,0.01692341678939617,,,,stpaul
2022-07-29,9700.0,0.0,24.62962962962963,0.12409999999999999,0.1408,0.14650000000000002,0.2322,0.21645,0.18205,0.1817,0.2417,0.26305,8.905940099833611,0.016957290132547865,,,,stpaul
2022-07-30,9120.0,0.0,24.814814814814817,0.079,0.0914,0.1038,0.2186,0.2236,0.1608,0.1643,0.243,0.2609,8.903327787021631,0.016991163475699556,,,,stpaul
2022-07-31,9160.0,0.0,25.0,0.07301250000000001,0.08942875,0.09386875,0.23313625,0.1990475,0.14077999999999996,0.16013333333333332,0.23349999999999999,0.2503,8.900715474209651,0.01702503681885125,,,,stpaul
2022-08-01,8890.0,0.01,25.185185185185187,0.067025,0.0874575,0.0839375,0.2476725,0.174495,0.1207599999999999,0.15596666666666667,0.224,0.2397,8.898103161397671,0.017058910162002946,,,,stpaul
2022-08-02,8420.0,0.0,25.37037037037037,0.0774,0.0952,0.0906,0.179,0.2013,0.1413,0.1518,0.2145,0.2291,8.895490848585691,0.017092783505154637,,,,stpaul
2022-08-03,8420.0,0.35,25.555555555555557,0.07825,0.0906,0.0882,0.19519999999999998,0.2057,0.1497,0.15805,0.21289999999999998,0.2272,8.892878535773711,0.017126656848306332,,,,stpaul
2022-08-04,7900.0,0.0,25.555555555555557,0.0791,0.086,0.0858,0.2114,0.2101,0.1581,0.1643,0.2113,0.2253,8.890266222961731,0.017160530191458027,,,,stpaul
2022-08-05,7670.0,0.0,25.27777777777778,0.07416312499999998,0.08505812499999997,0.084564375,0.2092825,0.195994375,0.14402812499999998,0.16246,0.21633999999999998,0.22812,8.887653910149751,0.017194403534609718,,,,stpaul
2022-08-06,8000.0,0.0,25.0,0.06922624999999995,0.08411624999999995,0.08332875000000001,0.207165,0.18188875,0.12995624999999994,0.16061999999999999,0.22138,0.23094,8.885041597337771,0.017228276877761413,,,,stpaul
2022-08-07,8280.0,0.76,24.72222222222222,0.06428937499999993,0.08317437499999993,0.082093125,0.2050475,0.167783125,0.11588437499999993,0.15878,0.22641999999999998,0.23376,8.882429284525792,0.017262150220913108,,,,stpaul
2022-08-08,9460.0,0.95,24.444444444444443,0.0593524999999999,0.0822324999999999,0.0808575,0.20293,0.1536775,0.1018124999999999,0.15694,0.23146,0.23658,8.879816971713812,0.0172960235640648,,,,stpaul
2022-08-09,9140.0,0.0,24.35185185185185,0.1004,0.1108,0.0986,0.203,0.2087,0.1501,0.1551,0.2365,0.2394,8.87720465890183,0.017329896907216494,,,,stpaul
2022-08-10,8850.0,0.0,24.25925925925926,0.10455,0.11395,0.10189999999999999,0.203325,0.203125,0.1456625,0.15575,0.2320875,0.2374125,8.87459234608985,0.01736377025036819,,,,stpaul
2022-08-11,8270.0,0.0,24.166666666666664,0.1087,0.1171,0.10519999999999999,0.20365,0.19755,0.14122500000000002,0.15639999999999998,0.227675,0.235425,8.87198003327787,0.01739764359351988,,,,stpaul
2022-08-12,9580.0,0.17,24.074074074074073,0.11285,0.12025,0.1085,0.20397500000000002,0.191975,0.1367875,0.15705,0.22326249999999997,0.2334375,8.86936772046589,0.017431516936671575,,,,stpaul
2022-08-13,9480.0,0.89,23.98148148148148,0.11699999999999999,0.12340000000000001,0.1118,0.2043,0.1864,0.13235,0.1577,0.21885,0.23145,8.86675540765391,0.01746539027982327,,,,stpaul
2022-08-14,9300.0,0.0,23.888888888888886,0.12115000000000001,0.12655,0.1151,0.204625,0.18082499999999999,0.12791249999999998,0.15835,0.2144375,0.2294625,8.86414309484193,0.01749926362297496,,,,stpaul
2022-08-15,8690.0,0.0,23.796296296296294,0.1253,0.1297,0.1184,0.20495000000000002,0.17525,0.123475,0.159,0.210025,0.227475,8.86153078202995,0.017533136966126656,,,,stpaul
2022-08-16,8410.0,0.0,23.703703703703702,0.12945,0.13285000000000002,0.1217,0.205275,0.169675,0.11903749999999999,0.15965,0.20561249999999998,0.2254875,8.85891846921797,0.01756701030927835,,,,stpaul
2022-08-17,8220.0,0.0,23.61111111111111,0.1336,0.136,0.125,0.2056,0.1641,0.1146,0.1603,0.2012,0.2235,8.85630615640599,0.017600883652430042,,,,stpaul
2022-08-18,8810.0,0.0,23.51851851851852,0.13097142857142857,0.13165714285714286,0.12027142857142857,0.19551428571428572,0.15742857142857142,0.1098,0.15394285714285713,0.19347142857142857,0.21477142857142859,8.85369384359401,0.017634756995581737,,,,stpaul
2022-08-19,9010.0,0.0,23.425925925925924,0.12834285714285715,0.1273142857142857,0.11554285714285714,0.18542857142857144,0.15075714285714287,0.105,0.1475857142857143,0.18574285714285713,0.20604285714285714,8.85108153078203,0.01766863033873343,,,,stpaul
2022-08-20,8690.0,0.0,23.333333333333332,0.12571428571428572,0.12297142857142858,0.11081428571428571,0.17534285714285716,0.1440857142857143,0.1002,0.14122857142857143,0.1780142857142857,0.19731428571428572,8.84846921797005,0.017702503681885123,,,,stpaul
2022-08-21,8960.0,0.0,24.166666666666664,0.12308571428571428,0.11862857142857143,0.10608571428571428,0.16525714285714288,0.1374142857142857,0.0954,0.13487142857142856,0.1702857142857143,0.18858571428571427,8.84585690515807,0.017736377025036817,,,,stpaul
2022-08-22,8780.0,0.0,25.0,0.12045714285714286,0.1142857142857143,0.10135714285714285,0.15517142857142857,0.13074285714285716,0.0906,0.12851428571428572,0.16255714285714284,0.17985714285714285,8.84324459234609,0.017770250368188512,,,,stpaul
2022-08-23,8810.0,0.0,25.0,0.11782857142857142,0.10994285714285715,0.09662857142857142,0.1450857142857143,0.12407142857142858,0.0858,0.12215714285714285,0.15482857142857143,0.1711285714285714,8.84063227953411,0.017804123711340204,,,,stpaul
2022-08-24,8950.0,0.0,25.0,0.1152,0.1056,0.0919,0.135,0.1174,0.081,0.1158,0.1471,0.1624,8.83801996672213,0.0178379970544919,,,,stpaul
2022-08-25,8890.0,0.05,25.0,0.10851999999999999,0.10246,0.09265999999999999,0.15368,0.1341,0.09290000000000001,0.1218,0.1656,0.17951999999999999,8.835407653910151,0.017871870397643593,,,,stpaul
2022-08-26,8730.0,0.0,24.444444444444443,0.10184,0.09931999999999999,0.09341999999999999,0.17236,0.1508,0.1048,0.1278,0.1841,0.19663999999999998,8.83279534109817,0.017905743740795284,,,,stpaul
2022-08-27,8900.0,0.11,25.0,0.09516,0.09617999999999999,0.09418,0.19104,0.1675,0.11670000000000001,0.1338,0.2026,0.21376,8.83018302828619,0.01793961708394698,,,,stpaul
2022-08-28,9510.0,1.81,23.88888888888889,0.08848,0.09304,0.09494,0.20972,0.1842,0.12860000000000002,0.1398,0.22110000000000002,0.23088,8.82757071547421,0.017973490427098674,,,,stpaul
2022-08-29,9110.0,0.23,23.88888888888889,0.0818,0.0899,0.0957,0.2284,0.2009,0.1405,0.1458,0.2396,0.248,8.82495840266223,0.01800736377025037,,,,stpaul
2022-08-30,8620.0,0.0,23.333333333333332,0.07113333333333333,0.0802,0.08499999999999999,0.20856666666666665,0.19063333333333332,0.1338,0.14233333333333334,0.2183,0.22796666666666668,8.82234608985025,0.01804123711340206,,,,stpaul
2022-08-31,8040.0,0.0,23.333333333333332,0.06046666666666667,0.0705,0.0743,0.18873333333333334,0.18036666666666668,0.1271,0.13886666666666667,0.197,0.20793333333333333,8.81973377703827,0.018075110456553755,,,,stpaul
2022-09-01,8060.0,0.0,24.444444444444443,0.0498,0.0608,0.0636,0.1689,0.1701,0.1204,0.1354,0.1757,0.1879,8.81712146422629,0.01810898379970545,,,,stpaul
2022-09-02,8330.0,0.0,25.555555555555557,0.0578,0.07145,0.06845000000000001,0.17905,0.17295,0.12535,0.13135,0.1936,0.20725,8.81450915141431,0.01814285714285714,,,,stpaul
2022-09-03,7770.0,0.0,24.444444444444443,0.0658,0.0821,0.0733,0.1892,0.1758,0.1303,0.1273,0.2115,0.2266,8.81189683860233,0.018176730486008836,,,,stpaul
2022-09-04,7410.0,0.0,23.333333333333332,0.12033333333333332,0.12886666666666666,0.11193333333333333,0.2534,0.21933333333333335,0.1747,0.16553333333333334,0.24783333333333332,0.26803333333333335,8.80928452579035,0.01821060382916053,,,,stpaul
2022-09-05,7270.0,0.0,23.333333333333332,0.17486666666666667,0.1756333333333333,0.15056666666666668,0.3176,0.2628666666666667,0.21910000000000002,0.20376666666666665,0.2841666666666667,0.30946666666666667,8.80667221297837,0.018244477172312222,,,,stpaul
2022-09-06,7740.0,0.0,23.333333333333332,0.2294,0.2224,0.1892,0.3818,0.3064,0.2635,0.242,0.3205,0.3509,8.80405990016639,0.018278350515463917,,,,stpaul
2022-09-07,7900.0,0.0,24.444444444444443,0.15839999999999999,0.15794999999999998,0.1403,0.2933,0.24875,0.19815,0.19374999999999998,0.26825,0.3005,8.80144758735441,0.01831222385861561,,,,stpaul
2022-09-08,7170.0,0.0,25.0,0.0874,0.0935,0.0914,0.2048,0.1911,0.1328,0.1455,0.216,0.2501,8.79883527454243,0.018346097201767303,,,,stpaul
2022-09-09,7350.0,0.0,24.444444444444443,0.08700000000000001,0.09686666666666667,0.09533333333333333,0.19616666666666668,0.1829,0.1286,0.13833333333333334,0.20093333333333332,0.22726666666666667,8.79622296173045,0.018379970544918998,,,,stpaul
2022-09-10,7610.0,0.16,22.77777777777778,0.0866,0.10023333333333333,0.09926666666666667,0.18753333333333333,0.1747,0.1244,0.13116666666666665,0.18586666666666668,0.20443333333333333,8.79361064891847,0.018413843888070693,,,,stpaul
2022-09-11,7390.0,0.0,22.418300653594773,0.0862,0.1036,0.1032,0.1789,0.1665,0.1202,0.124,0.1708,0.1816,8.79099833610649,0.018447717231222384,,,,stpaul
2022-09-12,7400.0,0.0,22.058823529411764,0.08515,0.09770000000000001,0.09459999999999999,0.19515,0.17585,0.128,0.13069999999999998,0.18635000000000002,0.2089,8.78838602329451,0.01848159057437408,,,,stpaul
2022-09-13,7090.0,0.0,21.69934640522876,0.0841,0.0918,0.086,0.2114,0.1852,0.1358,0.1374,0.2019,0.2362,8.78577371048253,0.018515463917525773,,,,stpaul
2022-09-14,6330.0,0.0,21.339869281045754,0.09093749999999999,0.099125,0.092125,0.2207,0.1899125,0.1429625,0.140925,0.205725,0.238175,8.783161397670549,0.018549337260677465,,,,stpaul
2022-09-15,6800.0,0.0,20.980392156862745,0.097775,0.10645,0.09825,0.23,0.194625,0.150125,0.14445,0.20955000000000001,0.24015,8.780549084858569,0.01858321060382916,,,,stpaul
2022-09-16,6470.0,0.0,20.62091503267974,0.1046125,0.11377500000000002,0.104375,0.2393,0.1993375,0.1572875,0.147975,0.213375,0.242125,8.777936772046589,0.018617083946980854,,,,stpaul
2022-09-17,6540.0,0.04,20.26143790849673,0.11145,0.12110000000000001,0.1105,0.2486,0.20405,0.16444999999999999,0.1515,0.2172,0.24409999999999998,8.775324459234609,0.018650957290132546,,,,stpaul
2022-09-18,6940.0,0.0,19.901960784313726,0.1182875,0.128425,0.116625,0.2579,0.2087625,0.1716125,0.155025,0.221025,0.246075,8.772712146422629,0.01868483063328424,,,,stpaul
2022-09-19,6710.0,0.0,19.54248366013072,0.125125,0.13575,0.12275,0.2672,0.213475,0.178775,0.15855,0.22485,0.24805,8.770099833610649,0.018718703976435935,,,,stpaul
2022-09-20,6360.0,0.0,19.18300653594771,0.1319625,0.143075,0.12887500000000002,0.27649999999999997,0.21818749999999998,0.18593749999999998,0.162075,0.22867500000000002,0.250025,8.767487520798669,0.018752577319587627,,,,stpaul
2022-09-21,5710.0,0.0,18.823529411764707,0.1388,0.1504,0.135,0.2858,0.2229,0.1931,0.1656,0.2325,0.252,8.76487520798669,0.01878645066273932,,,,stpaul
2022-09-22,6640.0,0.0,18.4640522875817,0.11407062499999998,0.127926875,0.11687874999999998,0.261390625,0.200231875,0.16625625,0.16392,0.22448,0.24272,8.76226289517471,0.018820324005891016,,,,stpaul
2022-09-23,6090.0,0.0,18.104575163398692,0.08934124999999996,0.10545374999999996,0.09875749999999996,0.23698125,0.17756375,0.1394125,0.16224,0.21646,0.23344,8.75965058236273,0.018854197349042708,,,,stpaul
2022-09-24,5850.0,0.05,17.745098039215687,0.06461187499999993,0.08298062499999993,0.08063624999999994,0.21257187500000002,0.15489562499999998,0.11256875,0.16056,0.20844000000000001,0.22416,8.75703826955075,0.018888070692194402,,,,stpaul
2022-09-25,5960.0,0.01,17.385620915032682,0.0398824999999999,0.0605074999999999,0.0625149999999999,0.1881625,0.1322275,0.085725,0.15888,0.20042,0.21488000000000002,8.75442595673877,0.018921944035346097,,,,stpaul
2022-09-26,6080.0,0.0,17.026143790849673,0.1268,0.1272,0.1202,0.2124,0.1375,0.1165,0.1572,0.1924,0.2056,8.75181364392679,0.01895581737849779,,,,stpaul
2022-09-27,6970.0,0.0,16.666666666666668,0.10644999999999999,0.1102,0.1095,0.20400000000000001,0.15665,0.12329999999999999,0.14025,0.1911,0.20325,8.74920133111481,0.018989690721649483,,,,stpaul
2022-09-28,6720.0,0.0,16.666666666666668,0.0861,0.0932,0.0988,0.1956,0.1758,0.1301,0.1233,0.1898,0.2009,8.74658901830283,0.019023564064801178,,,,stpaul
2022-09-29,6240.0,0.0,16.11111111111111,0.45233333333333337,0.4093333333333334,0.39066666666666666,0.46186666666666665,0.30266666666666664,0.2394,0.4285333333333333,0.45820000000000005,0.4522333333333334,8.74397670549085,0.01905743740795287,,,,stpaul
2022-09-30,6060.0,0.0,16.11111111111111,0.8185666666666667,0.7254666666666667,0.6825333333333333,0.7281333333333333,0.4295333333333333,0.3487,0.7337666666666666,0.7266,0.7035666666666667,8.741364392678868,0.019091310751104564,,,,stpaul
2022-10-01,5710.0,0.0,16.666666666666668,1.1848,1.0416,0.9744,0.9944,0.5564,0.458,1.039,0.995,0.9549,8.738752079866888,0.01912518409425626,,,,stpaul
2022-10-02,5760.0,0.01,16.666666666666668,0.80548,0.7172183333333333,0.6753516666666667,0.7334091666666667,0.41797,0.33302833333333337,0.8548199999999999,0.82908,0.79678,8.736139767054908,0.01915905743740795,,,,stpaul
2022-10-03,6260.0,0.0,17.22222222222222,0.42616,0.3928366666666666,0.3763033333333333,0.4724183333333333,0.27954,0.2080566666666667,0.6706399999999999,0.66316,0.63866,8.733527454242928,0.019192930780559645,,,,stpaul
2022-10-04,6290.0,0.0,17.77777777777778,0.0468399999999999,0.0684549999999999,0.077255,0.2114275,0.14111,0.083085,0.48646,0.49723999999999996,0.48054,8.730915141430948,0.01922680412371134,,,,stpaul
2022-10-05,6660.0,0.0,17.77777777777778,0.051269999999999954,0.06877749999999995,0.0750275,0.18301374999999998,0.145205,0.10024250000000001,0.30228,0.33131999999999995,0.32242000000000004,8.728302828618968,0.01926067746686303,,,,stpaul
2022-10-06,5640.0,0.0,18.333333333333332,0.0557,0.0691,0.0728,0.1546,0.1493,0.1174,0.1181,0.1654,0.1643,8.725690515806988,0.019294550810014726,,,,stpaul
2022-10-07,5860.0,0.0,16.666666666666668,0.06,0.07825,0.07930000000000001,0.1687,0.1578,0.1197,0.13055,0.17930000000000001,0.1693,8.723078202995008,0.01932842415316642,,,,stpaul
2022-10-08,5310.0,0.0,15.0,0.0643,0.0874,0.0858,0.1828,0.1663,0.122,0.143,0.1932,0.1743,8.720465890183029,0.019362297496318112,,,,stpaul
2022-10-09,5190.0,0.0,15.0,0.05678708333333333,0.07646666666666667,0.07772416666666665,0.17292541666666664,0.15743208333333333,0.11267833333333331,0.13496666666666665,0.18166666666666667,0.1754666666666667,8.717853577371049,0.019396170839469807,,,,stpaul
2022-10-10,4960.0,0.0,15.0,0.04927416666666667,0.06553333333333333,0.0696483333333333,0.1630508333333333,0.14856416666666664,0.10335666666666664,0.12693333333333334,0.17013333333333333,0.17663333333333334,8.715241264559069,0.019430044182621502,,,,stpaul
2022-10-11,5020.0,0.0,15.555555555555555,0.04176125,0.054599999999999996,0.06157249999999995,0.15317624999999996,0.13969624999999997,0.09403499999999995,0.1189,0.1586,0.1778,8.712628951747089,0.019463917525773193,,,,stpaul
2022-10-12,5210.0,0.04,16.11111111111111,0.04532392857142857,0.05865714285714285,0.06646214285714282,0.1578653571428571,0.14346821428571427,0.09818714285714282,0.1197,0.15982857142857143,0.17980000000000002,8.710016638935109,0.019497790868924888,,,,stpaul
2022-10-13,5180.0,0.04,14.444444444444445,0.04888660714285714,0.06271428571428571,0.07135178571428567,0.16255446428571427,0.14724017857142854,0.10233928571428567,0.12050000000000001,0.16105714285714284,0.18180000000000002,8.707404326123129,0.019531664212076583,,,,stpaul
2022-10-14,5230.0,0.03,12.777777777777779,0.05244928571428571,0.06677142857142856,0.07624142857142854,0.1672435714285714,0.15101214285714284,0.10649142857142854,0.1213,0.16228571428571428,0.18380000000000002,8.704792013311149,0.019565537555228274,,,,stpaul
2022-10-15,5230.0,0.12,10.555555555555555,0.05601196428571428,0.07082857142857144,0.0811310714285714,0.17193267857142855,0.15478410714285712,0.11064357142857141,0.1221,0.1635142857142857,0.1858,8.702179700499169,0.01959941089837997,,,,stpaul
2022-10-16,5100.0,0.0,11.11111111111111,0.059574642857142854,0.07488571428571428,0.08602071428571427,0.1766217857142857,0.15855607142857142,0.11479571428571428,0.1229,0.16474285714285714,0.1878,8.699567387687189,0.019633284241531664,,,,stpaul
2022-10-17,5500.0,0.0,9.444444444444445,0.06313732142857142,0.07894285714285715,0.09091035714285714,0.18131089285714286,0.16232803571428572,0.11894785714285713,0.1237,0.16597142857142855,0.1898,8.69695507487521,0.01966715758468336,,,,stpaul
2022-10-18,6010.0,0.0,8.333333333333334,0.0667,0.083,0.0958,0.186,0.1661,0.1231,0.1245,0.1672,0.1918,8.69434276206323,0.01970103092783505,,,,stpaul
2022-10-19,5740.0,0.0,8.333333333333334,0.06063333333333333,0.07686666666666667,0.09026666666666666,0.18393333333333334,0.17956666666666665,0.13066666666666668,0.13316666666666666,0.17423333333333332,0.19823333333333334,8.691730449251247,0.019734904270986744,,,,stpaul
2022-10-20,5310.0,0.0,8.333333333333334,0.054566666666666666,0.07073333333333334,0.08473333333333334,0.18186666666666665,0.19303333333333333,0.13823333333333335,0.14183333333333334,0.18126666666666666,0.20466666666666666,8.689118136439268,0.01976877761413844,,,,stpaul
2022-10-21,5600.0,0.0,8.88888888888889,0.0485,0.0646,0.0792,0.1798,0.2065,0.1458,0.1505,0.1883,0.2111,8.686505823627288,0.01980265095729013,,,,stpaul
2022-10-22,4910.0,0.0,10.0,0.04955,0.0614,0.0796,0.1881,0.1936,0.1441,0.14905000000000002,0.17275000000000001,0.19485000000000002,8.683893510815308,0.019836524300441825,,,,stpaul
2022-10-23,5260.0,0.0,10.092592592592592,0.0506,0.0582,0.08,0.1964,0.1807,0.1424,0.1476,0.1572,0.1786,8.681281198003328,0.01987039764359352,,,,stpaul
2022-10-24,5750.0,0.03,10.185185185185185,0.044833333333333336,0.054566666666666666,0.07796666666666667,0.18216666666666667,0.17353333333333334,0.1384,0.13636666666666666,0.1489,0.16570000000000001,8.678668885191348,0.01990427098674521,,,,stpaul
2022-10-25,5820.0,0.13,10.277777777777779,0.039066666666666666,0.05093333333333334,0.07593333333333332,0.16793333333333332,0.16636666666666666,0.1344,0.12513333333333335,0.1406,0.1528,8.676056572379368,0.019938144329896906,,,,stpaul
2022-10-26,5560.0,0.0,10.37037037037037,0.0333,0.0473,0.0739,0.1537,0.1592,0.1304,0.1139,0.1323,0.1399,8.673444259567388,0.0199720176730486,,,,stpaul
2022-10-27,5580.0,0.0,10.462962962962962,0.0334,0.04685,0.07064999999999999,0.15034999999999998,0.17020000000000002,0.13585,0.11865,0.1394,0.1512,8.670831946755408,0.020005891016200292,,,,stpaul
2022-10-28,5720.0,0.0,10.555555555555555,0.0335,0.0464,0.0674,0.147,0.1812,0.1413,0.1234,0.1465,0.1625,8.668219633943428,0.020039764359351987,,,,stpaul
2022-10-29,5570.0,0.0,11.11111111111111,0.0385,0.04973333333333333,0.07156666666666667,0.14553333333333332,0.17913333333333334,0.13920000000000002,0.12163333333333333,0.14253333333333332,0.16190000000000002,8.665607321131448,0.020073637702503682,,,,stpaul
2022-10-30,5620.0,0.0,11.666666666666666,0.043500000000000004,0.053066666666666665,0.07573333333333333,0.14406666666666668,0.17706666666666665,0.1371,0.11986666666666666,0.13856666666666667,0.1613,8.662995008319468,0.020107511045655373,,,,stpaul
2022-10-31,6060.0,0.0,11.666666666666666,0.0485,0.0564,0.0799,0.1426,0.175,0.135,0.1181,0.1346,0.1607,8.660382695507488,0.020141384388807068,,,,stpaul
2022-11-01,6060.0,0.0,12.222222222222221,0.068,0.07629999999999999,0.09765,0.1647,0.20124999999999998,0.1565,0.14665,0.1659,0.17930000000000001,8.657770382695508,0.020175257731958763,,,,stpaul
2022-11-02,5560.0,0.0,11.666666666666666,0.0875,0.0962,0.1154,0.1868,0.2275,0.178,0.1752,0.1972,0.1979,8.655158069883528,0.020209131075110454,,,,stpaul
2022-11-03,5380.0,0.0,12.222222222222221,0.09175555555555555,0.09995555555555555,0.11736666666666667,0.18714444444444445,0.2203388888888889,0.17322222222222222,0.18038333333333334,0.20076111111111108,0.2043111111111111,8.652545757071548,0.02024300441826215,,,,stpaul
2022-11-04,5670.0,0.0,12.222222222222221,0.0960111111111111,0.1037111111111111,0.11933333333333333,0.18748888888888887,0.21317777777777777,0.16844444444444442,0.18556666666666666,0.2043222222222222,0.21072222222222223,8.649933444259569,0.020276877761413844,,,,stpaul
2022-11-05,5520.0,0.0,11.11111111111111,0.10026666666666666,0.10746666666666665,0.1213,0.18783333333333332,0.20601666666666668,0.16366666666666665,0.19075,0.2078833333333333,0.21713333333333334,8.647321131447587,0.020310751104565535,,,,stpaul
2022-11-06,5270.0,0.0,10.555555555555555,0.10452222222222221,0.11122222222222222,0.12326666666666666,0.18817777777777778,0.19885555555555556,0.15888888888888889,0.19593333333333335,0.21144444444444443,0.22354444444444443,8.644708818635607,0.02034462444771723,,,,stpaul
2022-11-07,5610.0,0.0,8.333333333333334,0.10877777777777778,0.11497777777777778,0.12523333333333334,0.18852222222222223,0.19169444444444445,0.15411111111111112,0.20111666666666667,0.21500555555555553,0.22995555555555555,8.642096505823627,0.020378497790868925,,,,stpaul
2022-11-08,5210.0,0.0,7.777777777777778,0.11303333333333333,0.11873333333333333,0.1272,0.18886666666666665,0.18453333333333333,0.14933333333333332,0.2063,0.21856666666666666,0.23636666666666667,8.639484193011647,0.020412371134020616,,,,stpaul
2022-11-09,5590.0,1.21,8.333333333333334,0.11728888888888889,0.12248888888888888,0.12916666666666665,0.1892111111111111,0.1773722222222222,0.14455555555555555,0.21148333333333336,0.22212777777777776,0.2427777777777778,8.636871880199667,0.02044624447717231,,,,stpaul
2022-11-10,6580.0,0.83,10.0,0.12154444444444444,0.12624444444444444,0.13113333333333332,0.18955555555555556,0.17021111111111112,0.13977777777777778,0.21666666666666667,0.22568888888888888,0.2491888888888889,8.634259567387687,0.020480117820324006,,,,stpaul
2022-11-11,6980.0,0.03,9.444444444444445,0.1258,0.13,0.1331,0.1899,0.16305,0.135,0.22185,0.22924999999999998,0.2556,8.631647254575707,0.020513991163475697,,,,stpaul
2022-11-12,7380.0,0.02,6.666666666666667,0.13005555555555554,0.13375555555555554,0.13506666666666667,0.19024444444444444,0.15588888888888888,0.1302222222222222,0.22703333333333334,0.23281111111111108,0.26201111111111114,8.629034941763727,0.020547864506627392,,,,stpaul
2022-11-13,7110.0,0.0,5.555555555555555,0.1343111111111111,0.1375111111111111,0.13703333333333334,0.1905888888888889,0.1487277777777778,0.12544444444444444,0.23221666666666668,0.2363722222222222,0.26842222222222223,8.626422628951747,0.020581737849779087,,,,stpaul
2022-11-14,7500.0,0.1,5.555555555555555,0.13856666666666667,0.14126666666666665,0.13899999999999998,0.19093333333333334,0.14156666666666667,0.12066666666666666,0.2374,0.2399333333333333,0.2748333333333334,8.623810316139767,0.020615611192930778,,,,stpaul
2022-11-15,7860.0,0.22,5.0,0.1428222222222222,0.14502222222222222,0.14096666666666666,0.19127777777777777,0.13440555555555556,0.11588888888888887,0.24258333333333335,0.24349444444444443,0.28124444444444446,8.621198003327788,0.020649484536082473,,,,stpaul
2022-11-16,7900.0,0.18,5.0,0.14707777777777778,0.1487777777777778,0.14293333333333333,0.19162222222222222,0.12724444444444444,0.1111111111111111,0.2477666666666667,0.24705555555555553,0.28765555555555555,8.618585690515808,0.020683357879234168,,,,stpaul
2022-11-17,7650.0,0.02,3.888888888888889,0.15133333333333332,0.15253333333333333,0.1449,0.19196666666666667,0.12008333333333333,0.10633333333333334,0.25295,0.25061666666666665,0.2940666666666667,8.615973377703828,0.020717231222385862,,,,stpaul
2022-11-18,7360.0,0.08,2.7777777777777777,0.1555888888888889,0.1562888888888889,0.14686666666666665,0.19231111111111113,0.11292222222222222,0.10155555555555555,0.2581333333333333,0.2541777777777777,0.3004777777777778,8.613361064891848,0.020751104565537554,,,,stpaul
2022-11-19,6960.0,0.0,1.6666666666666667,0.15984444444444446,0.16004444444444443,0.14883333333333332,0.19265555555555555,0.1057611111111111,0.09677777777777777,0.2633166666666667,0.25773888888888885,0.30688888888888893,8.610748752079868,0.02078497790868925,,,,stpaul
2022-11-20,5530.0,0.0,0.5555555555555556,0.1641,0.1638,0.1508,0.193,0.0986,0.092,0.2685,0.2613,0.3133,8.608136439267888,0.020818851251840943,,,,stpaul
2022-11-21,5330.0,0.0,1.6666666666666667,0.0613325,0.1100625,0.1097874999999999,0.1854124999999999,0.076925,0.0762375,0.24760000000000001,0.26005,0.29885,8.605524126455908,0.020852724594992635,,,,stpaul
2022-11-22,4990.0,0.0,1.9444444444444446,0.183,0.1394,0.1946,0.2148,0.1183,0.1081,0.2267,0.2588,0.2844,8.602911813643928,0.02088659793814433,,,,stpaul
2022-11-23,5940.0,0.0,2.2222222222222223,0.14776666666666666,0.1169,0.155,0.18343333333333334,0.10986666666666667,0.10436666666666666,0.18973333333333334,0.21676666666666666,0.2306,8.600299500831948,0.020920471281296024,,,,stpaul
2022-11-24,6680.0,0.0,2.2222222222222223,0.11253333333333333,0.09440000000000001,0.1154,0.15206666666666668,0.10143333333333333,0.10063333333333334,0.15276666666666666,0.17473333333333335,0.1768,8.597687188019966,0.020954344624447716,,,,stpaul
2022-11-25,7110.0,0.0,1.6666666666666667,0.0773,0.0719,0.0758,0.1207,0.093,0.0969,0.1158,0.1327,0.123,8.595074875207986,0.02098821796759941,,,,stpaul
2022-11-26,7500.0,0.0,2.2222222222222223,0.09772499999999999,0.091075,0.09598333333333334,0.13894166666666666,0.09505,0.09821666666666666,0.13408333333333333,0.1521,0.1393,8.592462562396006,0.021022091310751105,,,,stpaul
2022-11-27,7670.0,0.0,2.2222222222222223,0.11815,0.11025,0.11616666666666667,0.15718333333333334,0.09709999999999999,0.09953333333333333,0.15236666666666665,0.1715,0.1556,8.589850249584027,0.021055964653902796,,,,stpaul
2022-11-28,7680.0,0.0,2.7777777777777777,0.138575,0.129425,0.13635000000000003,0.175425,0.09915,0.10085,0.17065,0.19090000000000001,0.1719,8.587237936772047,0.02108983799705449,,,,stpaul
2022-11-29,7570.0,0.01,2.7777777777777777,0.159,0.1486,0.15653333333333336,0.19366666666666665,0.1012,0.10216666666666667,0.18893333333333334,0.2103,0.18819999999999998,8.584625623960067,0.021123711340206186,,,,stpaul
2022-11-30,6830.0,0.52,1.6666666666666667,0.179425,0.167775,0.1767166666666667,0.21190833333333334,0.10325,0.10348333333333333,0.20721666666666666,0.22970000000000002,0.2045,8.582013311148087,0.021157584683357877,,,,stpaul
2022-12-01,4950.0,0.0,0.5555555555555556,0.19985000000000003,0.18695,0.19690000000000002,0.23015,0.1053,0.1048,0.22549999999999998,0.2491,0.2208,8.579400998336107,0.021191458026509572,,,,stpaul
2022-12-02,5030.0,0.0,1.1111111111111112,0.220275,0.206125,0.21708333333333335,0.24839166666666668,0.10735,0.10611666666666666,0.24378333333333335,0.26849999999999996,0.23709999999999998,8.576788685524127,0.021225331369661267,,,,stpaul
2022-12-03,4100.0,0.0,1.1111111111111112,0.24070000000000003,0.2253,0.23726666666666668,0.26663333333333333,0.1094,0.10743333333333333,0.26206666666666667,0.2879,0.25339999999999996,8.574176372712147,0.021259204712812958,,,,stpaul
2022-12-04,3940.0,0.0,0.2777777777777778,0.261125,0.244475,0.25745,0.284875,0.11145,0.10875,0.28035,0.3073,0.2697,8.571564059900167,0.021293078055964653,,,,stpaul
2022-12-05,4170.0,0.0,-0.5555555555555556,0.28155,0.26365,0.27763333333333334,0.3031166666666667,0.11349999999999999,0.11006666666666666,0.2986333333333333,0.3267,0.286,8.568951747088187,0.021326951399116348,,,,stpaul
2022-12-06,3900.0,0.0,-1.3888888888888888,0.301975,0.282825,0.2978166666666667,0.3213583333333333,0.11555,0.11138333333333333,0.3169166666666667,0.34609999999999996,0.3023,8.566339434276207,0.02136082474226804,,,,stpaul
2022-12-07,3990.0,0.0,-2.2222222222222223,0.3224,0.302,0.318,0.3396,0.1176,0.1127,0.3352,0.3655,0.3186,8.563727121464227,0.021394698085419734,,,,stpaul
2022-12-08,3700.0,0.0,-0.8333333333333335,0.33562307692307697,0.3132846153846154,0.32794615384615383,0.3500384615384616,0.11591538461538461,0.11207692307692307,0.3490923076923077,0.3768384615384615,0.3371153846153846,8.561114808652247,0.02142857142857143,,,,stpaul
2022-12-09,3730.0,0.0,0.5555555555555556,0.34884615384615386,0.3245692307692308,0.3378923076923077,0.3604769230769231,0.11423076923076923,0.11145384615384615,0.3629846153846154,0.3881769230769231,0.35563076923076925,8.558502495840266,0.02146244477172312,,,,stpaul
2022-12-10,3820.0,0.0,1.1111111111111112,0.3620692307692308,0.33585384615384617,0.34783846153846154,0.37091538461538465,0.11254615384615384,0.11083076923076923,0.3768769230769231,0.3995153846153846,0.37414615384615385,8.555890183028286,0.021496318114874815,,,,stpaul
2022-12-11,4260.0,0.04,1.1111111111111112,0.3752923076923077,0.3471384615384615,0.35778461538461537,0.38135384615384615,0.11086153846153846,0.1102076923076923,0.39076923076923076,0.4108538461538461,0.39266153846153845,8.553277870216306,0.02153019145802651,,,,stpaul
2022-12-12,5100.0,0.0,1.25,0.38851538461538465,0.3584230769230769,0.3677307692307692,0.3917923076923077,0.10917692307692307,0.10958461538461538,0.40466153846153846,0.4221923076923077,0.4111769230769231,8.550665557404326,0.021564064801178204,,,,stpaul
2022-12-13,6050.0,0.0,1.3888888888888888,0.40173846153846154,0.3697076923076923,0.3776769230769231,0.4022307692307692,0.10749230769230769,0.10896153846153846,0.41855384615384617,0.4335307692307692,0.4296923076923077,8.548053244592346,0.021597938144329896,,,,stpaul
2022-12-14,7030.0,0.45,1.527777777777778,0.4149615384615385,0.3809923076923077,0.3876230769230769,0.4126692307692308,0.1058076923076923,0.10833846153846154,0.43244615384615387,0.4448692307692308,0.4482076923076923,8.545440931780366,0.02163181148748159,,,,stpaul
2022-12-15,6280.0,0.31,1.6666666666666667,0.4281846153846154,0.3922769230769231,0.3975692307692308,0.4231076923076923,0.10412307692307692,0.10771538461538462,0.4463384615384616,0.4562076923076923,0.4667230769230769,8.542828618968386,0.021665684830633285,,,,stpaul
2022-12-16,5970.0,0.41,1.1111111111111112,0.44140769230769233,0.4035615384615384,0.4075153846153846,0.43354615384615386,0.10243846153846153,0.1070923076923077,0.4602307692307692,0.46754615384615383,0.48523846153846156,8.540216306156406,0.021699558173784977,,,,stpaul
2022-12-17,5060.0,0.0,1.1111111111111112,0.4546307692307693,0.41484615384615386,0.41746153846153844,0.44398461538461537,0.10075384615384615,0.10646923076923076,0.474123076923077,0.4788846153846154,0.5037538461538462,8.537603993344426,0.02173343151693667,,,,stpaul
2022-12-18,4150.0,0.0,1.1111111111111112,0.4678538461538462,0.4261307692307692,0.42740769230769227,0.45442307692307693,0.09906923076923077,0.10584615384615384,0.48801538461538463,0.49022307692307693,0.5222692307692308,8.534991680532446,0.021767304860088366,,,,stpaul
2022-12-19,3490.0,0.0,1.1111111111111112,0.48107692307692307,0.4374153846153846,0.43735384615384615,0.46486153846153844,0.09738461538461538,0.10522307692307692,0.5019076923076924,0.5015615384615385,0.5407846153846154,8.532379367720466,0.021801178203240058,,,,stpaul
2022-12-20,3480.0,0.0,1.1111111111111112,0.4943,0.4487,0.4473,0.4753,0.0957,0.1046,0.5158,0.5129,0.5593,8.529767054908486,0.021835051546391752,,,,stpaul
2022-12-21,3340.0,0.0,1.1111111111111112,0.475077125,0.433913875,0.431067875,0.45684725,0.09399587499999999,0.10209375,0.49692000000000003,0.49671000000000004,0.53388,8.527154742096506,0.021868924889543447,,,,stpaul
2022-12-22,3380.0,0.43,1.1111111111111112,0.45585425,0.41912774999999997,0.41483574999999995,0.4383945,0.09229174999999999,0.0995875,0.47804,0.48052,0.50846,8.524542429284526,0.02190279823269514,,,,stpaul
2022-12-23,3230.0,0.0,1.1111111111111112,0.43663137500000004,0.404341625,0.39860362499999996,0.41994175,0.09058762499999999,0.09708124999999998,0.45916,0.46433,0.48304,8.521930116472547,0.021936671575846833,,,,stpaul
2022-12-24,3510.0,0.0,1.1111111111111112,0.4174085,0.38955549999999994,0.3823715,0.401489,0.08888349999999999,0.09457499999999998,0.44028,0.44814,0.45762,8.519317803660567,0.021970544918998528,,,,stpaul
2022-12-25,3710.0,0.0,1.1111111111111112,0.398185625,0.37476937499999996,0.36613937499999993,0.38303624999999997,0.087179375,0.09206874999999998,0.4214,0.43195,0.43220000000000003,8.516705490848587,0.02200441826215022,,,,stpaul
2022-12-26,4110.0,0.0,1.1111111111111112,0.37896275,0.35998325,0.34990724999999995,0.3645835,0.08547525,0.08956249999999998,0.40252000000000004,0.41576,0.40678,8.514093178036607,0.022038291605301914,,,,stpaul
2022-12-27,4430.0,0.0,1.1111111111111112,0.35973987500000004,0.34519712499999994,0.33367512499999996,0.34613075,0.083771125,0.08705624999999997,0.38364000000000004,0.39957,0.38136,8.511480865224627,0.02207216494845361,,,,stpaul
2022-12-28,4780.0,0.0,1.1111111111111112,0.340517,0.33041099999999995,0.3174429999999999,0.327678,0.082067,0.08454999999999996,0.36476000000000003,0.38338,0.35594,8.508868552412647,0.0221060382916053,,,,stpaul
2022-12-29,5140.0,0.0,1.1111111111111112,0.321294125,0.3156248749999999,0.30121087499999993,0.30922525,0.080362875,0.08204374999999996,0.34588,0.36719,0.33052,8.506256239600665,0.022139911634756995,,,,stpaul
2022-12-30,4690.0,0.0,1.1111111111111112,0.30207125,0.30083874999999993,0.28497874999999995,0.2907725,0.07865875,0.07953749999999996,0.327,0.351,0.3051,8.503643926788685,0.02217378497790869,,,,stpaul
2022-12-31,4870.0,0.0,1.1111111111111112,0.495435625,0.47901937499999997,0.468889375,0.48358625,0.330479375,0.31306875,0.5102,0.50915,0.48275,8.501031613976705,0.02220765832106038,,,,stpaul
2023-01-01,4930.0,0.0,1.1111111111111112,0.6888,0.6572,0.6528,0.6764,0.5823,0.5466,0.6934,0.6673,0.6604,8.498419301164725,0.022241531664212076,,,,stpaul
2023-01-02,4640.0,0.0,1.1111111111111112,0.68368,0.66376,0.6581600000000001,0.68416,0.49698000000000003,0.46704,0.69942,0.67132,0.66588,8.495806988352745,0.02227540500736377,,,,stpaul
2023-01-03,4860.0,0.01,1.1111111111111112,0.6785599999999999,0.67032,0.66352,0.69192,0.41166,0.38748,0.7054400000000001,0.67534,0.67136,8.493194675540765,0.022309278350515462,,,,stpaul
2023-01-04,5140.0,1.08,1.1111111111111112,0.67344,0.6768799999999999,0.66888,0.69968,0.32634,0.30791999999999997,0.71146,0.67936,0.67684,8.490582362728786,0.022343151693667157,,,,stpaul
2023-01-05,4880.0,0.24,1.1111111111111112,0.66832,0.6834399999999999,0.67424,0.70744,0.24102,0.22836,0.71748,0.68338,0.6823199999999999,8.487970049916806,0.022377025036818852,,,,stpaul
2023-01-06,4410.0,0.0,1.1111111111111112,0.6632,0.69,0.6796,0.7152,0.1557,0.1488,0.7235,0.6874,0.6878,8.485357737104826,0.022410898379970543,,,,stpaul
2023-01-07,4230.0,0.0,1.1111111111111112,0.43452250000000003,0.40489875,0.38197499999999995,0.4536475,0.07675375000000001,0.09033999999999995,0.80242,0.76676,0.7651,8.482745424292846,0.022444771723122238,,,,stpaul
2023-01-08,4010.0,0.0,1.1111111111111112,0.205845,0.1197975,0.0843499999999999,0.192095,-0.0021925,0.0318799999999999,0.88134,0.84612,0.8424,8.480133111480866,0.022478645066273933,,,,stpaul
2023-01-09,4220.0,0.0,1.1111111111111112,0.46203000000000005,0.415065,0.4082333333333332,0.49073,0.27773833333333336,0.28831999999999997,0.9602600000000001,0.9254800000000001,0.9197,8.477520798668886,0.022512518409425624,,,,stpaul
2023-01-10,4390.0,0.0,1.1111111111111112,0.718215,0.7103325,0.7321166666666666,0.7893650000000001,0.5576691666666667,0.54476,1.03918,1.0048400000000002,0.997,8.474908485856906,0.02254639175257732,,,,stpaul
2023-01-11,4780.0,0.05,1.1111111111111112,0.9744,1.0056,1.056,1.088,0.8376,0.8012,1.1181,1.0842,1.0743,8.472296173044926,0.022580265095729014,,,,stpaul
2023-01-12,4770.0,0.0,1.1111111111111112,0.92756,0.9544,1.0015466666666668,1.03204,0.78776,0.7540866666666667,1.0682,1.0334266666666667,1.0237866666666666,8.469683860232946,0.022614138438880705,,,,stpaul
2023-01-13,4250.0,0.0,1.1111111111111112,0.8807200000000001,0.9032,0.9470933333333333,0.9760800000000001,0.73792,0.7069733333333333,1.0183,0.9826533333333334,0.9732733333333333,8.467071547420966,0.0226480117820324,,,,stpaul
2023-01-14,4390.0,0.0,1.1111111111111112,0.83388,0.8520000000000001,0.8926400000000001,0.92012,0.68808,0.65986,0.9684,0.93188,0.92276,8.464459234608984,0.022681885125184095,,,,stpaul
2023-01-15,4610.0,0.0,1.1111111111111112,0.78704,0.8008000000000001,0.8381866666666666,0.86416,0.63824,0.6127466666666667,0.9185000000000001,0.8811066666666667,0.8722466666666667,8.461846921797004,0.022715758468335786,,,,stpaul
2023-01-16,5510.0,0.0,1.1111111111111112,0.7402,0.7496,0.7837333333333334,0.8082,0.5884,0.5656333333333333,0.8686,0.8303333333333334,0.8217333333333334,8.459234608985025,0.02274963181148748,,,,stpaul
2023-01-17,5710.0,0.0,1.1111111111111112,0.69336,0.6984,0.72928,0.75224,0.5385599999999999,0.5185200000000001,0.8187,0.77956,0.77122,8.456622296173045,0.022783505154639175,,,,stpaul
2023-01-18,5680.0,0.0,1.1111111111111112,0.64652,0.6472,0.6748266666666667,0.69628,0.48872,0.4714066666666667,0.7687999999999999,0.7287866666666667,0.7207066666666667,8.454009983361065,0.022817378497790867,,,,stpaul
2023-01-19,6230.0,0.2,1.1111111111111112,0.59968,0.5960000000000001,0.6203733333333333,0.64032,0.43888,0.42429333333333336,0.7189,0.6780133333333334,0.6701933333333334,8.451397670549085,0.02285125184094256,,,,stpaul
2023-01-20,6010.0,0.01,1.1111111111111112,0.55284,0.5448,0.56592,0.58436,0.38904,0.37718,0.669,0.62724,0.61968,8.448785357737105,0.022885125184094256,,,,stpaul
2023-01-21,5360.0,0.0,1.1111111111111112,0.506,0.49360000000000004,0.5114666666666666,0.5284,0.3392,0.3300666666666667,0.6191,0.5764666666666667,0.5691666666666667,8.446173044925125,0.022918998527245948,,,,stpaul
2023-01-22,4750.0,0.0,1.6666666666666667,0.45916,0.4424,0.45701333333333327,0.47243999999999997,0.28935999999999995,0.2829533333333334,0.5691999999999999,0.5256933333333333,0.5186533333333334,8.443560732113145,0.022952871870397643,,,,stpaul
2023-01-23,4590.0,0.0,1.6666666666666667,0.4123199999999999,0.3912,0.40256000000000003,0.41647999999999996,0.23951999999999996,0.23584000000000005,0.5192999999999999,0.47492,0.46814,8.440948419301165,0.022986745213549337,,,,stpaul
2023-01-24,4490.0,0.0,1.6666666666666667,0.3654799999999999,0.33999999999999997,0.3481066666666667,0.36051999999999995,0.18967999999999996,0.1887266666666667,0.46939999999999993,0.42414666666666667,0.4176266666666667,8.438336106489185,0.02302061855670103,,,,stpaul
2023-01-25,4780.0,0.0,1.6666666666666667,0.3186399999999999,0.28880000000000006,0.2936533333333333,0.30455999999999994,0.13983999999999996,0.14161333333333337,0.4194999999999999,0.37337333333333333,0.3671133333333334,8.435723793677205,0.023054491899852723,,,,stpaul
2023-01-26,4610.0,0.0,1.6666666666666667,0.2718,0.2376,0.2392,0.2486,0.09,0.0945,0.3696,0.3226,0.3166,8.433111480865225,0.023088365243004418,,,,stpaul
2023-01-27,4790.0,0.08,1.1111111111111112,0.28406666666666663,0.25416666666666665,0.25753333333333334,0.2672333333333333,0.08643333333333333,0.08940000000000001,0.3590333333333333,0.336,0.3226333333333333,8.430499168053245,0.02312223858615611,,,,stpaul
2023-01-28,3830.0,0.0,1.1111111111111112,0.29633333333333334,0.2707333333333333,0.2758666666666667,0.28586666666666666,0.08286666666666666,0.0843,0.34846666666666665,0.3494,0.32866666666666666,8.427886855241265,0.023156111929307804,,,,stpaul
2023-01-29,3820.0,0.0,0.9259259259259259,0.3086,0.2873,0.2942,0.3045,0.0793,0.0792,0.3379,0.3628,0.3347,8.425274542429285,0.0231899852724595,,,,stpaul
2023-01-30,3700.0,0.0,0.7407407407407407,0.28859999999999997,0.27218,0.27641000000000004,0.28934,0.077,0.07662000000000001,0.32839999999999997,0.34742,0.32545999999999997,8.422662229617305,0.023223858615611194,,,,stpaul
2023-01-31,3640.0,0.0,0.5555555555555556,0.2686,0.25706,0.25862,0.27418,0.0747,0.07404000000000001,0.31889999999999996,0.33204,0.31622,8.420049916805326,0.023257731958762885,,,,stpaul
2023-02-01,3850.0,0.0,-2.7777777777777777,0.2486,0.24194,0.24083000000000002,0.25902000000000003,0.07239999999999999,0.07146000000000001,0.3094,0.31666,0.30698,8.417437603993346,0.02329160530191458,,,,stpaul
2023-02-02,4020.0,0.0,0.5555555555555556,0.2286,0.22682,0.22304000000000002,0.24386,0.0701,0.06888000000000001,0.2999,0.30128,0.29774,8.414825291181364,0.023325478645066275,,,,stpaul
2023-02-03,3580.0,0.0,0.5555555555555556,0.2086,0.2117,0.20525000000000002,0.22870000000000001,0.0678,0.0663,0.2904,0.2859,0.2885,8.412212978369384,0.023359351988217966,,,,stpaul
2023-02-04,3690.0,0.0,0.5555555555555556,0.1886,0.19658,0.18746000000000002,0.21354,0.0655,0.06372,0.2809,0.27052,0.27926,8.409600665557404,0.02339322533136966,,,,stpaul
2023-02-05,4070.0,0.0,0.5555555555555556,0.1686,0.18146,0.16967000000000002,0.19838,0.0632,0.06114,0.2714,0.25514000000000003,0.27002,8.406988352745424,0.023427098674521356,,,,stpaul
2023-02-06,4350.0,0.0,0.5555555555555556,0.1486,0.16634,0.15188000000000001,0.18322,0.0609,0.05856,0.2619,0.23976,0.26078,8.404376039933444,0.023460972017673047,,,,stpaul
2023-02-07,4680.0,0.07,0.5555555555555556,0.12860000000000002,0.15122,0.13409000000000001,0.16806000000000001,0.0586,0.05598,0.2524,0.22438,0.25154,8.401763727121464,0.023494845360824742,,,,stpaul
2023-02-08,4610.0,0.0,1.1111111111111112,0.1086,0.1361,0.1163,0.1529,0.0563,0.0534,0.2429,0.209,0.2423,8.399151414309484,0.023528718703976437,,,,stpaul
2023-02-09,5040.0,0.0,0.5555555555555556,0.14450000000000002,0.13835,0.13475,0.16315000000000002,0.0636,0.06265000000000001,0.24130000000000001,0.2256,0.2517,8.396539101497504,0.023562592047128128,,,,stpaul
2023-02-10,4780.0,0.0,0.625,0.1804,0.1406,0.1532,0.1734,0.0709,0.0719,0.2397,0.2422,0.2611,8.393926788685524,0.023596465390279823,,,,stpaul
2023-02-11,4260.0,0.0,0.6944444444444444,0.17746666666666666,0.14023333333333335,0.15473333333333333,0.16416666666666666,0.06776666666666667,0.06953333333333334,0.23096666666666665,0.24653333333333333,0.25756666666666667,8.391314475873545,0.023630338733431518,,,,stpaul
2023-02-12,4190.0,0.0,0.763888888888889,0.17453333333333335,0.13986666666666667,0.15626666666666666,0.15493333333333334,0.06463333333333333,0.06716666666666667,0.22223333333333334,0.2508666666666667,0.25403333333333333,8.388702163061565,0.02366421207658321,,,,stpaul
2023-02-13,4240.0,0.0,0.8333333333333334,0.1716,0.1395,0.1578,0.1457,0.0615,0.0648,0.2135,0.2552,0.2505,8.386089850249585,0.023698085419734904,,,,stpaul
2023-02-14,5490.0,0.0,0.9027777777777778,0.2353,0.21725,0.2315,0.23485,0.1691,0.17165000000000002,0.2676,0.28485,0.27935,8.383477537437605,0.0237319587628866,,,,stpaul
2023-02-15,6370.0,1.13,0.9722222222222223,0.299,0.295,0.3052,0.324,0.2767,0.2785,0.3217,0.3145,0.3082,8.380865224625625,0.02376583210603829,,,,stpaul
2023-02-16,5760.0,0.0,1.0416666666666667,0.24639999999999998,0.24226666666666666,0.2501333333333334,0.263,0.20963333333333334,0.20800000000000002,0.27286666666666665,0.26776666666666665,0.2652333333333333,8.378252911813645,0.023799705449189985,,,,stpaul
2023-02-17,4870.0,0.0,1.1111111111111112,0.19379999999999997,0.18953333333333333,0.19506666666666667,0.202,0.14256666666666667,0.1375,0.2240333333333333,0.22103333333333336,0.22226666666666667,8.375640599001665,0.02383357879234168,,,,stpaul
2023-02-18,4750.0,0.0,1.1111111111111112,0.1412,0.1368,0.14,0.141,0.0755,0.067,0.1752,0.1743,0.1793,8.373028286189683,0.02386745213549337,,,,stpaul
2023-02-19,4550.0,0.0,1.3888888888888888,0.19326339285714284,0.19053857142857145,0.19743446428571432,0.19202089285714286,0.07800839285714285,0.07123,0.23518571428571428,0.23235714285714287,0.23625714285714283,8.370415973377703,0.023901325478645066,,,,stpaul
2023-02-20,4590.0,0.0,1.6666666666666667,0.24532678571428568,0.24427714285714286,0.2548689285714286,0.2430417857142857,0.08051678571428571,0.07545999999999999,0.29517142857142853,0.29041428571428574,0.2932142857142857,8.367803660565723,0.02393519882179676,,,,stpaul
2023-02-21,4550.0,0.09,1.1111111111111112,0.2973901785714286,0.2980157142857143,0.31230339285714287,0.29406267857142854,0.08302517857142858,0.07968999999999998,0.35515714285714284,0.34847142857142854,0.3501714285714286,8.365191347753743,0.02396907216494845,,,,stpaul
2023-02-22,5170.0,0.35,0.5555555555555556,0.34945357142857136,0.3517542857142857,0.3697378571428572,0.3450835714285714,0.08553357142857143,0.08391999999999997,0.4151428571428571,0.40652857142857146,0.4071285714285714,8.362579034941763,0.024002945508100147,,,,stpaul
2023-02-23,5220.0,0.81,0.5555555555555556,0.40151696428571426,0.4054928571428571,0.4271723214285715,0.3961044642857142,0.08804196428571429,0.08814999999999996,0.47512857142857134,0.46458571428571427,0.4640857142857142,8.359966722129784,0.02403681885125184,,,,stpaul
2023-02-24,4890.0,0.11,0.5555555555555556,0.4535803571428571,0.4592314285714286,0.4846067857142857,0.44712535714285717,0.09055035714285714,0.09237999999999996,0.5351142857142857,0.5226428571428572,0.5210428571428571,8.357354409317804,0.024070692194403533,,,,stpaul
2023-02-25,5250.0,0.0,0.5555555555555556,0.50564375,0.51297,0.54204125,0.49814625,0.09305875,0.09660999999999995,0.5951,0.5807,0.578,8.354742096505824,0.024104565537555227,,,,stpaul
2023-02-26,5080.0,0.0,0.5555555555555556,0.49195156249999994,0.49845150000000005,0.5254891875000001,0.4844589375,0.09389081249999999,0.09580449999999995,0.5755899999999999,0.562065,0.5587599999999999,8.352129783693844,0.024138438880706922,,,,stpaul
2023-02-27,6330.0,0.24,0.5555555555555556,0.47825937499999993,0.48393300000000006,0.508937125,0.470771625,0.094722875,0.09499899999999994,0.5560799999999999,0.54343,0.53952,8.349517470881864,0.024172312223858614,,,,stpaul
2023-02-28,6060.0,0.21,0.5555555555555556,0.4645671874999999,0.46941450000000007,0.4923850625,0.45708431250000003,0.09555493749999999,0.09419349999999996,0.53657,0.524795,0.52028,8.346905158069884,0.02420618556701031,,,,stpaul
2023-03-01,6330.0,0.07,0.5555555555555556,0.45087499999999997,0.454896,0.475833,0.443397,0.096387,0.09338799999999996,0.51706,0.5061599999999999,0.5010399999999999,8.344292845257904,0.024240058910162003,,,,stpaul
2023-03-02,5560.0,0.01,1.1111111111111112,0.43718281249999996,0.44037750000000003,0.4592809375,0.4297096875,0.0972190625,0.09258249999999996,0.49754999999999994,0.487525,0.4818,8.341680532445924,0.024273932253313694,,,,stpaul
2023-03-03,5870.0,0.0,1.1111111111111112,0.42349062499999995,0.42585900000000004,0.442728875,0.416022375,0.098051125,0.09177699999999997,0.47803999999999996,0.46889,0.46255999999999997,8.339068219633944,0.02430780559646539,,,,stpaul
2023-03-04,6040.0,0.0,1.1111111111111112,0.40979843749999995,0.41134050000000005,0.4261768125,0.4023350625,0.0988831875,0.09097149999999997,0.45853,0.45025499999999996,0.44332,8.336455906821964,0.024341678939617084,,,,stpaul
2023-03-05,5830.0,0.0,1.6666666666666667,0.39610625,0.396822,0.40962475,0.38864775,0.09971525,0.09016599999999997,0.43901999999999997,0.43162,0.42408,8.333843594009984,0.024375552282768775,,,,stpaul
2023-03-06,7080.0,0.38,2.2222222222222223,0.3824140625,0.3823035,0.3930726875,0.37496043749999997,0.1005473125,0.08936049999999997,0.41950999999999994,0.41298499999999994,0.40484,8.331231281198004,0.02440942562592047,,,,stpaul
2023-03-07,7060.0,0.01,2.0634920634920637,0.368721875,0.36778500000000003,0.376520625,0.361273125,0.101379375,0.08855499999999997,0.39999999999999997,0.39435,0.3856,8.328618968386024,0.024443298969072165,,,,stpaul
2023-03-08,7510.0,0.0,1.9047619047619049,0.35502968749999997,0.35326650000000004,0.3599685625,0.3475858125,0.1022114375,0.08774949999999998,0.38049,0.37571499999999997,0.36636,8.326006655574044,0.024477172312223856,,,,stpaul
2023-03-09,8530.0,0.01,1.746031746031746,0.34133749999999996,0.33874800000000005,0.3434165,0.3338985,0.10304350000000001,0.08694399999999998,0.36097999999999997,0.35707999999999995,0.34712,8.323394342762064,0.02451104565537555,,,,stpaul
2023-03-10,9080.0,0.29,1.5873015873015874,0.32764531249999995,0.32422950000000006,0.3268644375,0.3202111875,0.1038755625,0.08613849999999998,0.34146999999999994,0.338445,0.32788,8.320782029950083,0.024544918998527246,,,,stpaul
2023-03-11,9370.0,0.0,1.4285714285714286,0.31395312499999994,0.30971100000000007,0.310312375,0.306523875,0.104707625,0.08533299999999999,0.32195999999999997,0.31981,0.30864,8.318169717138103,0.024578792341678937,,,,stpaul
2023-03-12,10500.0,0.29,1.2698412698412698,0.3002609375,0.2951925,0.2937603125,0.2928365625,0.1055396875,0.08452749999999999,0.30245,0.30117499999999997,0.2894,8.315557404326123,0.024612665684830632,,,,stpaul
2023-03-13,10200.0,0.02,1.1111111111111112,0.28656875,0.28067400000000003,0.27720825,0.27914925,0.10637175,0.08372199999999999,0.28293999999999997,0.28253999999999996,0.27016,8.312945091514143,0.024646539027982327,,,,stpaul
2023-03-14,10200.0,0.0,1.4814814814814816,0.2728765625,0.26615550000000004,0.26065618749999997,0.2654619375,0.10720381250000001,0.08291649999999999,0.26342999999999994,0.26390499999999995,0.25092000000000003,8.310332778702163,0.024680412371134018,,,,stpaul
2023-03-15,10000.0,0.0,1.851851851851852,0.259184375,0.25163700000000006,0.244104125,0.251774625,0.108035875,0.08211099999999999,0.24391999999999997,0.24526999999999993,0.23168,8.307720465890183,0.024714285714285713,,,,stpaul
2023-03-16,10500.0,0.0,2.2222222222222223,0.24549218750000001,0.2371185,0.22755206249999999,0.23808731249999998,0.10886793750000001,0.0813055,0.22441,0.22663499999999998,0.21244000000000002,8.305108153078203,0.024748159057437408,,,,stpaul
2023-03-17,9200.0,0.3,1.1111111111111112,0.2318,0.2226,0.211,0.2244,0.1097,0.0805,0.2049,0.208,0.1932,8.302495840266223,0.024782032400589103,,,,stpaul
2023-03-18,8380.0,0.01,0.5555555555555556,0.21096666666666666,0.20573333333333332,0.1944,0.21713333333333332,0.10476666666666667,0.08206666666666666,0.22656666666666667,0.2133,0.20543333333333333,8.299883527454243,0.024815905743740794,,,,stpaul
2023-03-19,8210.0,0.0,0.925925925925926,0.19013333333333335,0.18886666666666665,0.1778,0.20986666666666667,0.09983333333333333,0.08363333333333334,0.2482333333333333,0.2186,0.21766666666666667,8.297271214642263,0.02484977908689249,,,,stpaul
2023-03-20,9760.0,0.0,1.2962962962962963,0.1693,0.172,0.1612,0.2026,0.0949,0.0852,0.2699,0.2239,0.2299,8.294658901830283,0.024883652430044183,,,,stpaul
2023-03-21,11600.0,0.0,1.6666666666666667,0.16146,0.16404,0.15634,0.19488,0.09694,0.08854,0.25389999999999996,0.21978,0.22648,8.292046589018303,0.024917525773195875,,,,stpaul
2023-03-22,13400.0,0.0,2.7777777777777777,0.15362,0.15608,0.15148,0.18716,0.09898,0.09188,0.2379,0.21566,0.22305999999999998,8.289434276206324,0.02495139911634757,,,,stpaul
2023-03-23,13500.0,0.0,0.5555555555555556,0.14578,0.14812,0.14662,0.17944,0.10102,0.09522,0.2219,0.21154,0.21964,8.286821963394344,0.024985272459499264,,,,stpaul
2023-03-24,14700.0,0.0,2.2222222222222223,0.13794,0.14016,0.14176,0.17172,0.10306,0.09856000000000001,0.2059,0.20742,0.21622,8.284209650582364,0.025019145802650956,,,,stpaul
2023-03-25,16800.0,0.0,3.888888888888889,0.1301,0.1322,0.1369,0.164,0.1051,0.1019,0.1899,0.2033,0.2128,8.281597337770382,0.02505301914580265,,,,stpaul
2023-03-26,18800.0,0.0,3.888888888888889,0.12073187499999997,0.13072875,0.139485625,0.167290625,0.11361437499999999,0.108093125,0.26377142857142855,0.27377142857142855,0.27904285714285715,8.278985024958402,0.025086892488954345,,,,stpaul
2023-03-27,20100.0,0.0,3.3333333333333335,0.11136374999999996,0.12925750000000003,0.14207124999999998,0.17058125000000002,0.12212875,0.11428625,0.33764285714285713,0.34424285714285713,0.3452857142857143,8.276372712146422,0.025120765832106037,,,,stpaul
2023-03-28,20000.0,0.0,2.7777777777777777,0.10199562499999992,0.12778625000000002,0.144656875,0.173871875,0.130643125,0.120479375,0.4115142857142857,0.4147142857142857,0.4115285714285714,8.273760399334442,0.02515463917525773,,,,stpaul
2023-03-29,18500.0,0.0,2.2222222222222223,0.0926274999999999,0.126315,0.1472425,0.1771625,0.1391575,0.1266725,0.48538571428571425,0.4851857142857142,0.47777142857142857,8.271148086522462,0.025188512518409426,,,,stpaul
2023-03-30,16700.0,0.0,2.7777777777777777,0.27268499999999996,0.28874333333333335,0.3089616666666667,0.33210833333333334,0.11527166666666666,0.105415,0.5592571428571429,0.5556571428571428,0.5440142857142858,8.268535773710482,0.025222385861561118,,,,stpaul
2023-03-31,16500.0,0.81,2.7777777777777777,0.45274250000000005,0.4511716666666667,0.4706808333333333,0.4870541666666667,0.09138583333333333,0.0841575,0.6331285714285714,0.6261285714285714,0.6102571428571428,8.265923460898502,0.025256259204712812,,,,stpaul
2023-04-01,17300.0,1.31,1.1111111111111112,0.6328,0.6136,0.6324,0.642,0.0675,0.0629,0.707,0.6966,0.6765,8.263311148086522,0.025290132547864507,,,,stpaul
2023-04-02,20300.0,0.0,3.3333333333333335,0.52928,0.5137200000000001,0.5339999999999999,0.54772,0.08682000000000001,0.07838,0.59982,0.59642,0.58294,8.260698835274543,0.0253240058910162,,,,stpaul
2023-04-03,21900.0,0.0,3.888888888888889,0.42576,0.41384,0.4356,0.45344,0.10614,0.09386,0.49263999999999997,0.49624,0.48938,8.258086522462563,0.025357879234167893,,,,stpaul
2023-04-04,23200.0,0.0,4.444444444444445,0.32223999999999997,0.31396,0.33719999999999994,0.35916000000000003,0.12546,0.10934,0.38546,0.39605999999999997,0.39581999999999995,8.255474209650583,0.025391752577319588,,,,stpaul
2023-04-05,23800.0,0.05,3.888888888888889,0.21871999999999997,0.21408,0.23879999999999996,0.26488,0.14478,0.12482000000000001,0.27828,0.29588,0.30226,8.252861896838603,0.02542562592047128,,,,stpaul
2023-04-06,23600.0,0.0,2.7777777777777777,0.1152,0.1142,0.1404,0.1706,0.1641,0.1403,0.1711,0.1957,0.2087,8.250249584026623,0.025459499263622974,,,,stpaul
2023-04-07,24000.0,0.0,3.888888888888889,0.11368,0.11368,0.13672,0.16612,0.1724,0.14828,0.16834,0.18928,0.19906,8.247637271214643,0.02549337260677467,,,,stpaul
2023-04-08,24200.0,0.0,5.0,0.11216,0.11316,0.13304,0.16164,0.1807,0.15626,0.16558,0.18286,0.18942,8.245024958402663,0.02552724594992636,,,,stpaul
2023-04-09,25100.0,0.0,6.111111111111111,0.11064,0.11264,0.12936,0.15716,0.189,0.16424,0.16282,0.17643999999999999,0.17978,8.242412645590683,0.025561119293078055,,,,stpaul
2023-04-10,28100.0,0.0,6.666666666666667,0.10912,0.11212,0.12568,0.15268,0.1973,0.17221999999999998,0.16006,0.17002,0.17014,8.239800332778703,0.02559499263622975,,,,stpaul
2023-04-11,31100.0,0.0,7.777777777777778,0.1076,0.1116,0.122,0.1482,0.2056,0.1802,0.1573,0.1636,0.1605,8.237188019966723,0.02562886597938144,,,,stpaul
2023-04-12,35700.0,0.0,8.333333333333334,0.09479083333333334,0.10249291666666667,0.11530791666666665,0.15130708333333334,0.2052925,0.17988,0.15233333333333332,0.16613333333333333,0.16373333333333334,8.234575707154743,0.025662739322533136,,,,stpaul
2023-04-13,45100.0,0.0,8.88888888888889,0.08198166666666666,0.09338583333333333,0.1086158333333333,0.15441416666666666,0.20498499999999997,0.17956,0.14736666666666667,0.16866666666666666,0.16696666666666665,8.231963394342763,0.02569661266568483,,,,stpaul
2023-04-14,53400.0,0.0,9.444444444444445,0.0691725,0.08427875,0.10192374999999995,0.15752125,0.20467749999999996,0.17924,0.1424,0.1712,0.1702,8.229351081530782,0.025730486008836522,,,,stpaul
2023-04-15,60100.0,0.02,9.444444444444445,0.07034525,0.083150875,0.09835137499999996,0.151949125,0.19353974999999995,0.168746,0.13606,0.1633,0.16324,8.226738768718802,0.025764359351988217,,,,stpaul
2023-04-16,66400.0,0.72,8.88888888888889,0.071518,0.082023,0.09477899999999996,0.146377,0.18240199999999995,0.158252,0.12972,0.15539999999999998,0.15628,8.224126455906822,0.02579823269513991,,,,stpaul
2023-04-17,71400.0,0.11,7.222222222222222,0.07269075,0.080895125,0.09120662499999996,0.140804875,0.17126424999999995,0.147758,0.12337999999999999,0.1475,0.14932,8.221514143094842,0.025832106038291603,,,,stpaul
2023-04-18,76700.0,0.0,6.666666666666667,0.0738635,0.07976725,0.08763424999999997,0.13523275,0.16012649999999998,0.137264,0.11704,0.1396,0.14236,8.218901830282862,0.025865979381443298,,,,stpaul
2023-04-19,81100.0,0.2,7.222222222222222,0.07503625,0.078639375,0.08406187499999998,0.129660625,0.14898874999999998,0.12677,0.11069999999999999,0.13169999999999998,0.1354,8.216289517470882,0.025899852724594993,,,,stpaul
2023-04-20,86400.0,0.96,7.222222222222222,0.076209,0.0775115,0.08048949999999998,0.1240885,0.13785099999999997,0.11627600000000002,0.10436,0.1238,0.12844,8.213677204658902,0.025933726067746684,,,,stpaul
2023-04-21,90400.0,0.32,7.222222222222222,0.07738175,0.076383625,0.07691712499999998,0.11851637500000001,0.12671325,0.10578200000000001,0.09802,0.1159,0.12148,8.211064891846922,0.02596759941089838,,,,stpaul
2023-04-22,93100.0,0.03,6.666666666666667,0.0785545,0.07525575,0.07334474999999999,0.11294425,0.11557549999999998,0.09528800000000001,0.09168,0.108,0.11452,8.208452579034942,0.026001472754050074,,,,stpaul
2023-04-23,95500.0,0.0,6.111111111111111,0.07972725,0.074127875,0.069772375,0.10737212500000001,0.10443774999999998,0.08479400000000001,0.08534,0.1001,0.10756,8.205840266222962,0.026035346097201765,,,,stpaul
2023-04-24,97200.0,0.0,6.111111111111111,0.0809,0.073,0.0662,0.1018,0.0933,0.0743,0.079,0.0922,0.1006,8.203227953410982,0.02606921944035346,,,,stpaul
2023-04-25,98500.0,0.0,5.833333333333333,0.09215000000000001,0.0958,0.10339999999999999,0.1436,0.15389999999999998,0.1268,0.11524999999999999,0.13419999999999999,0.14450000000000002,8.200615640599002,0.026103092783505154,,,,stpaul
2023-04-26,99000.0,0.0,5.555555555555555,0.1034,0.1186,0.1406,0.1854,0.2145,0.1793,0.1515,0.1762,0.1884,8.198003327787022,0.026136966126656846,,,,stpaul
2023-04-27,97900.0,0.0,7.222222222222222,0.33426666666666666,0.31,0.3064,0.32666666666666666,0.2297,0.20203333333333331,0.31179999999999997,0.3197333333333333,0.32330000000000003,8.195391014975042,0.02617083946980854,,,,stpaul
2023-04-28,95400.0,0.03,8.333333333333334,0.5651333333333334,0.5014,0.4722,0.4679333333333333,0.2449,0.22476666666666667,0.47209999999999996,0.4632666666666666,0.4582,8.192778702163062,0.026204712812960235,,,,stpaul
2023-04-29,92100.0,0.24,7.777777777777778,0.796,0.6928,0.638,0.6092,0.2601,0.2475,0.6324,0.6068,0.5931,8.190166389351083,0.026238586156111927,,,,stpaul
2023-04-30,88100.0,0.03,8.333333333333334,0.437,0.39699999999999996,0.3769,0.41509999999999997,0.24814999999999998,0.22215000000000001,0.4038,0.41015,0.4102,8.1875540765391,0.02627245949926362,,,,stpaul
2023-05-01,83400.0,0.0,8.61111111111111,0.078,0.1012,0.1158,0.221,0.2362,0.1968,0.1752,0.2135,0.2273,8.184941763727121,0.026306332842415316,,,,stpaul
2023-05-02,78900.0,0.0,8.88888888888889,0.07816666666666666,0.09946666666666666,0.11526666666666667,0.1993,0.22369999999999998,0.18686666666666668,0.16606666666666667,0.2036,0.2138,8.182329450915141,0.02634020618556701,,,,stpaul
2023-05-03,74800.0,0.0,10.0,0.07833333333333334,0.09773333333333334,0.11473333333333333,0.1776,0.2112,0.17693333333333333,0.1569333333333333,0.19369999999999998,0.2003,8.179717138103161,0.026374079528718702,,,,stpaul
2023-05-04,70500.0,0.0,10.555555555555555,0.0785,0.096,0.1142,0.1559,0.1987,0.167,0.1478,0.1838,0.1868,8.177104825291181,0.026407952871870397,,,,stpaul
2023-05-05,66600.0,0.01,12.222222222222221,0.086149375,0.104598125,0.12094531249999999,0.1656372916666667,0.19976520833333333,0.16541083333333334,0.15335833333333332,0.19069999999999998,0.19511666666666666,8.174492512479201,0.026441826215022092,,,,stpaul
2023-05-06,62900.0,0.09,12.962962962962962,0.09379874999999999,0.11319625,0.127690625,0.17537458333333333,0.20083041666666665,0.16382166666666667,0.15891666666666665,0.1976,0.20343333333333333,8.171880199667221,0.026475699558173783,,,,stpaul
2023-05-07,59200.0,0.47,13.703703703703704,0.10144812499999999,0.12179437500000001,0.1344359375,0.185111875,0.201895625,0.1622325,0.16447499999999998,0.2045,0.21175,8.169267886855241,0.026509572901325478,,,,stpaul
2023-05-08,55800.0,0.0,14.444444444444445,0.10909749999999999,0.1303925,0.14118124999999998,0.19484916666666668,0.20296083333333334,0.16064333333333333,0.17003333333333331,0.2114,0.22006666666666666,8.166655574043261,0.026543446244477173,,,,stpaul
2023-05-09,52800.0,0.0,15.555555555555555,0.11674687499999999,0.138990625,0.14792656249999997,0.20458645833333336,0.20402604166666666,0.15905416666666666,0.17559166666666665,0.2183,0.22838333333333333,8.164043261231281,0.026577319587628864,,,,stpaul
2023-05-10,50500.0,0.01,16.11111111111111,0.12439624999999999,0.14758875,0.15467187499999996,0.21432375000000004,0.20509125,0.15746500000000002,0.18114999999999998,0.2252,0.23670000000000002,8.161430948419302,0.02661119293078056,,,,stpaul
2023-05-11,48700.0,0.0,16.666666666666668,0.13204562499999997,0.156186875,0.16141718749999998,0.22406104166666668,0.20615645833333335,0.15587583333333335,0.18670833333333334,0.2321,0.24501666666666666,8.158818635607322,0.026645066273932254,,,,stpaul
2023-05-12,47300.0,0.0,17.77777777777778,0.13969499999999996,0.16478500000000001,0.16816249999999996,0.23379833333333336,0.20722166666666667,0.15428666666666668,0.19226666666666667,0.239,0.25333333333333335,8.156206322795342,0.026678939617083945,,,,stpaul
2023-05-13,47100.0,0.06,17.77777777777778,0.14734437499999997,0.173383125,0.17490781249999995,0.24353562500000003,0.208286875,0.1526975,0.197825,0.2459,0.26165,8.153594009983362,0.02671281296023564,,,,stpaul
2023-05-14,48300.0,0.62,16.666666666666668,0.15499374999999999,0.18198124999999998,0.18165312499999997,0.2532729166666667,0.20935208333333336,0.15110833333333334,0.20338333333333333,0.2528,0.2699666666666667,8.150981697171382,0.026746686303387335,,,,stpaul
2023-05-15,49200.0,0.22,16.666666666666668,0.16264312499999994,0.190579375,0.18839843749999996,0.26301020833333333,0.21041729166666667,0.14951916666666668,0.20894166666666666,0.2597,0.2782833333333333,8.148369384359402,0.026780559646539026,,,,stpaul
2023-05-16,52500.0,0.0,16.666666666666668,0.17029249999999996,0.1991775,0.19514374999999995,0.27274750000000003,0.21148250000000002,0.14793,0.2145,0.2666,0.2866,8.145757071547422,0.02681443298969072,,,,stpaul
2023-05-17,59600.0,0.0,17.22222222222222,0.15663399999999997,0.185022,0.18063499999999996,0.261718,0.206686,0.14838400000000002,0.20086,0.2569,0.27686,8.143144758735442,0.026848306332842416,,,,stpaul
2023-05-18,67400.0,0.0,16.666666666666668,0.14297549999999998,0.1708665,0.16612624999999998,0.25068850000000004,0.2018895,0.148838,0.18722,0.2472,0.26712,8.140532445923462,0.026882179675994107,,,,stpaul
2023-05-19,74200.0,0.11,15.0,0.12931699999999996,0.156711,0.15161749999999996,0.239659,0.19709300000000002,0.149292,0.17358,0.2375,0.25738,8.13792013311148,0.026916053019145802,,,,stpaul
2023-05-20,78000.0,0.0,15.555555555555555,0.11565849999999998,0.1425555,0.13710875,0.22862949999999999,0.1922965,0.149746,0.15994000000000003,0.2278,0.24764,8.1353078202995,0.026949926362297497,,,,stpaul
2023-05-21,77800.0,0.0,16.38888888888889,0.102,0.1284,0.1226,0.2176,0.1875,0.1502,0.1463,0.2181,0.2379,8.13269550748752,0.026983799705449188,,,,stpaul
2023-05-22,74600.0,0.0,17.22222222222222,0.07886125,0.10774999999999998,0.1025675,0.23076625,0.18040624999999993,0.133995,0.15123333333333333,0.2148,0.2343,8.13008319467554,0.027017673048600883,,,,stpaul
2023-05-23,70000.0,0.0,17.555555555555554,0.0557225,0.0871,0.082535,0.2439325,0.1733124999999999,0.11779,0.15616666666666668,0.2115,0.2307,8.12747088186356,0.027051546391752578,,,,stpaul
2023-05-24,64200.0,0.0,17.88888888888889,0.1506,0.1548,0.1292,0.2264,0.1377,0.1111,0.1611,0.2082,0.2271,8.12485856905158,0.02708541973490427,,,,stpaul
2023-05-25,57900.0,0.0,18.22222222222222,0.132,0.133,0.13090000000000002,0.2254,0.1734,0.133,0.16444999999999999,0.2136,0.22535,8.1222462562396,0.027119293078055964,,,,stpaul
2023-05-26,51600.0,0.0,18.555555555555557,0.1134,0.1112,0.1326,0.2244,0.2091,0.1549,0.1678,0.219,0.2236,8.11963394342762,0.02715316642120766,,,,stpaul
2023-05-27,46100.0,0.0,18.88888888888889,0.1058,0.1108,0.12806666666666666,0.21853333333333333,0.20636666666666667,0.15206666666666668,0.1628,0.21363333333333334,0.22963333333333333,8.11702163061564,0.02718703976435935,,,,stpaul
2023-05-28,41100.0,0.0,19.444444444444446,0.0982,0.1104,0.12353333333333333,0.21266666666666667,0.20363333333333333,0.14923333333333333,0.1578,0.20826666666666666,0.23566666666666666,8.114409317803661,0.027220913107511045,,,,stpaul
2023-05-29,36000.0,0.0,20.0,0.0906,0.11,0.119,0.2068,0.2009,0.1464,0.1528,0.2029,0.2417,8.111797004991681,0.02725478645066274,,,,stpaul
2023-05-30,31700.0,0.09,20.555555555555557,0.096,0.11399999999999999,0.1207,0.2238,0.2094,0.15395,0.1583,0.2165,0.2571,8.109184692179701,0.02728865979381443,,,,stpaul
2023-05-31,28400.0,0.0,20.555555555555557,0.1014,0.118,0.1224,0.2408,0.2179,0.1615,0.1638,0.2301,0.2725,8.106572379367721,0.027322533136966125,,,,stpaul
2023-06-01,23700.0,0.15,22.22222222222222,0.1494,0.14526666666666666,0.15246666666666667,0.2513333333333333,0.22326666666666667,0.1795,0.18506666666666666,0.24223333333333333,0.27563333333333334,8.103960066555741,0.02735640648011782,,,,stpaul
2023-06-02,21400.0,0.01,22.77777777777778,0.19740000000000002,0.17253333333333334,0.18253333333333333,0.26186666666666664,0.22863333333333336,0.1975,0.20633333333333334,0.2543666666666667,0.27876666666666666,8.101347753743761,0.02739027982326951,,,,stpaul
2023-06-03,20800.0,0.24,23.333333333333332,0.2454,0.1998,0.2126,0.2724,0.234,0.2155,0.2276,0.2665,0.2819,8.098735440931781,0.027424153166421206,,,,stpaul
2023-06-04,19900.0,0.0,23.88888888888889,0.21755675,0.186125,0.1968965,0.27446,0.2301205,0.205986,0.22052,0.26856,0.28762,8.0961231281198,0.0274580265095729,,,,stpaul
2023-06-05,18800.0,0.0,17.77777777777778,0.1897135,0.17245,0.181193,0.27652,0.226241,0.196472,0.21344,0.27062,0.29334,8.09351081530782,0.027491899852724593,,,,stpaul
2023-06-06,18100.0,0.0,24.444444444444443,0.16187025,0.158775,0.1654895,0.27858,0.22236149999999996,0.186958,0.20636,0.27268,0.29906,8.09089850249584,0.027525773195876287,,,,stpaul
2023-06-07,17000.0,0.0,15.0,0.134027,0.1451,0.149786,0.28064,0.21848199999999995,0.17744400000000002,0.19928,0.27474,0.30478,8.08828618968386,0.027559646539027982,,,,stpaul
2023-06-08,16300.0,0.0,23.88888888888889,0.10618375,0.131425,0.1340825,0.2827,0.21460249999999995,0.16793000000000002,0.1922,0.2768,0.3105,8.08567387687188,0.027593519882179673,,,,stpaul
2023-06-09,15500.0,0.0,23.88888888888889,0.5134918749999999,0.4685125,0.42404125,0.48555000000000004,0.35845125,0.297715,0.46109999999999995,0.47445000000000004,0.4742,8.0830615640599,0.027627393225331368,,,,stpaul
2023-06-10,14400.0,0.0,24.444444444444443,0.9208,0.8056,0.714,0.6884,0.5023,0.4275,0.73,0.6721,0.6379,8.08044925124792,0.027661266568483063,,,,stpaul
2023-06-11,14200.0,2.47,24.166666666666664,0.6394,0.568,0.5098666666666667,0.5276333333333334,0.3994333333333333,0.33366666666666667,0.5335333333333333,0.5113333333333333,0.49829999999999997,8.07783693843594,0.027695139911634754,,,,stpaul
2023-06-12,14300.0,0.0,23.888888888888886,0.358,0.33039999999999997,0.30573333333333336,0.3668666666666667,0.29656666666666665,0.23983333333333334,0.3370666666666667,0.35056666666666664,0.35869999999999996,8.07522462562396,0.02772901325478645,,,,stpaul
2023-06-13,14200.0,0.0,23.61111111111111,0.0766,0.0928,0.1016,0.2061,0.1937,0.146,0.1406,0.1898,0.2191,8.07261231281198,0.027762886597938144,,,,stpaul
2023-06-14,14100.0,0.0,23.333333333333332,0.14800000000000002,0.1558,0.15410000000000001,0.25745,0.21355000000000002,0.156,0.18775,0.24355,0.2698,8.07,0.027796759941089835,,,,stpaul
2023-06-15,13300.0,0.0,22.77777777777778,0.2194,0.2188,0.2066,0.3088,0.2334,0.166,0.2349,0.2973,0.3205,8.065757575757576,0.02783063328424153,,,,stpaul
2023-06-16,12500.0,0.0,22.22222222222222,0.19554000000000002,0.1976,0.18796000000000002,0.29268,0.23066,0.16544,0.22039999999999998,0.2852,0.30768,8.061515151515152,0.027864506627393225,,,,stpaul
2023-06-17,11800.0,0.0,21.666666666666668,0.17168,0.1764,0.16932,0.27656000000000003,0.22792,0.16488,0.2059,0.2731,0.29486,8.057272727272727,0.02789837997054492,,,,stpaul
2023-06-18,11300.0,0.0,23.333333333333332,0.14782,0.1552,0.15068,0.26044,0.22518,0.16432000000000002,0.1914,0.261,0.28204,8.053030303030303,0.02793225331369661,,,,stpaul
2023-06-19,11200.0,0.0,22.77777777777778,0.12396,0.134,0.13204,0.24431999999999998,0.22244,0.16376000000000002,0.1769,0.2489,0.26922,8.048787878787879,0.027966126656848306,,,,stpaul
2023-06-20,10600.0,0.0,22.941176470588236,0.1001,0.1128,0.1134,0.2282,0.2197,0.1632,0.1624,0.2368,0.2564,8.044545454545455,0.028,,,,stpaul
2023-06-21,10500.0,0.0,23.104575163398692,0.14246666666666666,0.15146666666666667,0.146,0.26093333333333335,0.24013333333333334,0.1882,0.19193333333333332,0.25743333333333335,0.27936666666666665,8.040303030303031,0.02714814814814815,,,,stpaul
2023-06-22,10100.0,0.0,23.267973856209153,0.18483333333333335,0.19013333333333332,0.17859999999999998,0.2936666666666667,0.26056666666666667,0.2132,0.22146666666666667,0.2780666666666667,0.30233333333333334,8.036060606060607,0.026296296296296297,,,,stpaul
2023-06-23,9830.0,0.0,23.43137254901961,0.2272,0.2288,0.2112,0.3264,0.281,0.2382,0.251,0.2987,0.3253,8.031818181818181,0.025444444444444447,,,,stpaul
2023-06-24,9700.0,0.0,23.594771241830067,0.32416,0.31632,0.29408,0.37392000000000003,0.32312,0.27736,0.33168,0.35904,0.37751999999999997,8.027575757575757,0.024592592592592593,,,,stpaul
2023-06-25,9930.0,0.0,23.758169934640524,0.42112,0.40384,0.37696,0.42144,0.36524,0.31652,0.41236,0.41938000000000003,0.42974,8.023333333333333,0.023740740740740743,,,,stpaul
2023-06-26,10100.0,0.0,23.92156862745098,0.51808,0.49136,0.45984,0.46896,0.40736,0.35568,0.49304000000000003,0.47972000000000004,0.48196,8.01909090909091,0.02288888888888889,,,,stpaul
2023-06-27,9730.0,0.0,24.084967320261438,0.61504,0.5788800000000001,0.5427200000000001,0.5164799999999999,0.44948,0.39483999999999997,0.57372,0.54006,0.53418,8.014848484848486,0.02203703703703704,,,,stpaul
2023-06-28,9560.0,0.0,24.248366013071898,0.712,0.6664,0.6256,0.564,0.4916,0.434,0.6544,0.6004,0.5864,8.01060606060606,0.021185185185185185,,,,stpaul
2023-06-29,9380.0,0.0,24.411764705882355,0.5746,0.5347999999999999,0.49820000000000003,0.52,0.44415,0.37234999999999996,0.53625,0.5205,0.52015,8.006363636363636,0.020333333333333335,,,,stpaul
2023-06-30,9330.0,0.0,24.575163398692812,0.4372,0.4032,0.3708,0.476,0.3967,0.3107,0.4181,0.4406,0.4539,8.002121212121212,0.01948148148148148,,,,stpaul
2023-07-01,9450.0,0.0,24.73856209150327,0.3216333333333333,0.3022666666666667,0.2813,0.3774666666666667,0.3288333333333333,0.25626666666666664,0.32653333333333334,0.3587666666666667,0.38533333333333336,7.997878787878788,0.01862962962962963,,,,stpaul
2023-07-02,9530.0,0.0,24.901960784313726,0.20606666666666665,0.20133333333333334,0.1918,0.27893333333333337,0.2609666666666667,0.2018333333333333,0.23496666666666666,0.27693333333333336,0.31676666666666664,7.993636363636363,0.01777777777777778,,,,stpaul
2023-07-03,9500.0,0.0,25.065359477124183,0.0905,0.1004,0.1023,0.1804,0.1931,0.1474,0.1434,0.1951,0.2482,7.989393939393939,0.016925925925925928,,,,stpaul
2023-07-04,9840.0,0.52,25.228758169934643,0.16304000000000002,0.16888000000000003,0.17128,0.25002,0.25372,0.20002,0.2106,0.25708,0.30116,7.985151515151515,0.016074074074074074,,,,stpaul
2023-07-05,9470.0,0.95,25.3921568627451,0.23558,0.23736000000000002,0.24026,0.31964,0.31433999999999995,0.25264,0.2778,0.31906,0.35412,7.9809090909090905,0.015222222222222224,,,,stpaul
2023-07-06,9190.0,0.0,25.555555555555557,0.30812000000000006,0.30584000000000006,0.30924,0.38925999999999994,0.37495999999999996,0.30526,0.345,0.38104,0.40708,7.976666666666667,0.014370370370370372,,,,stpaul
2023-07-07,8650.0,0.0,25.555555555555557,0.38066,0.37432000000000004,0.37822,0.45887999999999995,0.43557999999999997,0.35788,0.4122,0.44301999999999997,0.46004,7.972424242424243,0.01351851851851852,,,,stpaul
2023-07-08,8350.0,0.0,24.444444444444443,0.4532,0.4428,0.4472,0.5285,0.4962,0.4105,0.4794,0.505,0.513,7.968181818181818,0.012666666666666668,,,,stpaul
2023-07-09,7930.0,0.0,24.444444444444443,0.26353,0.26674125000000004,0.26942437499999994,0.3826225,0.34404124999999997,0.27473375,0.31965,0.3549,0.39435,7.963939393939394,0.011814814814814816,,,,stpaul
2023-07-10,6830.0,0.0,25.0,0.07385999999999995,0.0906825,0.09164874999999995,0.23674499999999998,0.1918825,0.13896749999999997,0.1599,0.2048,0.2757,7.95969696969697,0.010962962962962966,,,,stpaul
2023-07-11,6730.0,0.0,25.0,0.0985733333333333,0.112855,0.10929916666666663,0.23369666666666666,0.19838833333333333,0.147745,0.16333333333333333,0.21863333333333335,0.26206666666666667,7.955454545454545,0.010111111111111112,,,,stpaul
2023-07-12,6960.0,0.0,25.0,0.12328666666666666,0.1350275,0.1269495833333333,0.23064833333333332,0.20489416666666668,0.15652249999999998,0.16676666666666665,0.23246666666666665,0.24843333333333334,7.951212121212121,0.009259259259259262,,,,stpaul
2023-07-13,7110.0,0.0,23.88888888888889,0.148,0.1572,0.1446,0.2276,0.2114,0.1653,0.1702,0.2463,0.2348,7.946969696969696,0.008407407407407409,,,,stpaul
2023-07-14,6600.0,0.17,24.444444444444443,0.1469,0.1588,0.1493,0.2316,0.22715000000000002,0.1644,0.17895,0.2625,0.24685,7.942727272727272,0.007555555555555558,,,,stpaul
2023-07-15,5910.0,0.01,25.0,0.1458,0.1604,0.154,0.2356,0.2429,0.1635,0.1877,0.2787,0.2589,7.9384848484848485,0.006703703703703705,,,,stpaul
2023-07-16,6090.0,0.0,24.444444444444443,0.13123333333333334,0.1501333333333333,0.14186666666666667,0.22853333333333334,0.22923333333333334,0.1572,0.17423333333333332,0.2642,0.2605,7.934242424242424,0.005851851851851855,,,,stpaul
2023-07-17,5420.0,0.0,23.333333333333332,0.11666666666666667,0.13986666666666667,0.12973333333333334,0.22146666666666667,0.21556666666666666,0.1509,0.16076666666666667,0.2497,0.2621,7.93,0.005,,,,stpaul
2023-07-18,5300.0,0.0,22.77777777777778,0.1021,0.1296,0.1176,0.2144,0.2019,0.1446,0.1473,0.2352,0.2637,8.6,0.005,,,,stpaul
2023-07-19,6400.0,0.07,25.0,0.13535,0.1345,0.1175,0.1904,0.16795,0.12015,0.14784999999999998,0.198,0.22235,8.58235294117647,0.005,,,,stpaul
2023-07-20,6420.0,0.46,25.0,0.1686,0.1394,0.1174,0.1664,0.134,0.0957,0.1484,0.1608,0.181,8.564705882352941,0.005,,,,stpaul
2023-07-21,5540.0,0.0,24.444444444444443,0.16433333333333333,0.14506666666666668,0.12726666666666667,0.18839999999999998,0.15356666666666668,0.11303333333333333,0.1558,0.181,0.20099999999999998,8.547058823529412,0.005,,,,stpaul
2023-07-22,5420.0,0.0,25.0,0.16006666666666666,0.15073333333333333,0.13713333333333333,0.2104,0.17313333333333333,0.13036666666666666,0.1632,0.20120000000000002,0.221,8.529411764705882,0.005,,,,stpaul
2023-07-23,5240.0,0.0,25.0,0.1558,0.1564,0.147,0.2324,0.1927,0.1477,0.1706,0.2214,0.241,8.511764705882353,0.005,,,,stpaul
2023-07-24,4720.0,0.0,26.11111111111111,0.1227,0.1296,0.1257,0.215,0.1982,0.1477,0.15894999999999998,0.21275,0.2317,8.494117647058824,0.005,,,,stpaul
2023-07-25,4840.0,0.0,26.666666666666668,0.0896,0.1028,0.1044,0.1976,0.2037,0.1477,0.1473,0.2041,0.2224,8.476470588235294,0.005,,,,stpaul
2023-07-26,6360.0,0.0,26.666666666666668,0.055475,0.0913074999999999,0.0926274999999999,0.247535,0.1800225,0.115315,0.1465,0.20256666666666667,0.22443333333333332,8.458823529411765,0.005,,,,stpaul
2023-07-27,5050.0,0.0,27.77777777777778,0.0727375,0.09115374999999995,0.09951374999999996,0.2141675,0.18281124999999998,0.1235575,0.1457,0.20103333333333334,0.22646666666666668,8.441176470588236,0.005,,,,stpaul
2023-07-28,5600.0,0.0,27.77777777777778,0.09,0.091,0.1064,0.1808,0.1856,0.1318,0.1449,0.1995,0.2285,8.423529411764706,0.005,,,,stpaul
2023-07-29,5270.0,0.0,26.666666666666668,0.5058,0.4599,0.4412,0.4668,0.3745,0.3002,0.4919,0.4797,0.47524999999999995,8.405882352941177,0.005,,,,stpaul
2023-07-30,5200.0,0.0,26.666666666666668,0.9216,0.8288,0.776,0.7528,0.5634,0.4686,0.8389,0.7599,0.722,8.388235294117647,0.005,,,,stpaul
2023-07-31,4830.0,0.0,26.666666666666668,0.7705333333333333,0.6906666666666667,0.6454666666666666,0.6477333333333334,0.5038666666666667,0.4259,0.7010666666666666,0.6529,0.6286,8.370588235294118,0.005,,,,stpaul
2023-08-01,4540.0,0.0,26.666666666666668,0.6194666666666666,0.5525333333333333,0.5149333333333334,0.5426666666666666,0.4443333333333333,0.38320000000000004,0.5632333333333333,0.5459,0.5352,8.352941176470589,0.005,,,,stpaul
2023-08-02,4610.0,0.0,27.77777777777778,0.4684,0.4144,0.3844,0.4376,0.3848,0.3405,0.4254,0.4389,0.4418,8.33529411764706,0.005,,,,stpaul
2023-08-03,5010.0,0.0,28.88888888888889,0.40992,0.36584,0.34176,0.39004,0.34096,0.2982,0.37934,0.39562,0.40056,8.31764705882353,0.005,,,,stpaul
2023-08-04,5030.0,0.0,28.88888888888889,0.35144,0.31728,0.29912,0.34248,0.29712,0.2559,0.33328,0.35234,0.35932000000000003,8.3,0.005,,,,stpaul
2023-08-05,5310.0,0.0,28.333333333333332,0.29296,0.26871999999999996,0.25648000000000004,0.29491999999999996,0.25327999999999995,0.2136,0.28722,0.30906,0.31808000000000003,8.28235294117647,0.005,,,,stpaul
2023-08-06,4980.0,0.54,27.22222222222222,0.23448,0.22016,0.21384,0.24736,0.20944,0.1713,0.24115999999999999,0.26578,0.27684,8.26470588235294,0.005,,,,stpaul
2023-08-07,5060.0,0.28,25.555555555555557,0.176,0.1716,0.1712,0.1998,0.1656,0.129,0.1951,0.2225,0.2356,8.24705882352941,0.005,,,,stpaul
2023-08-08,4640.0,0.0,25.555555555555557,0.3798,0.3436,0.30879999999999996,0.2885,0.19795000000000001,0.20385,0.3335,0.3378,0.3556,8.229411764705882,0.005,,,,stpaul
2023-08-09,4850.0,0.0,26.11111111111111,0.5836,0.5156,0.4464,0.3772,0.2303,0.2787,0.4719,0.4531,0.4756,8.211764705882352,0.005,,,,stpaul
2023-08-10,4570.0,0.0,26.11111111111111,0.31608624999999996,0.29457124999999995,0.26032875,0.2932,0.18520999999999999,0.18442625,0.3938333333333333,0.40186666666666665,0.4275,8.194117647058823,0.005,,,,stpaul
2023-08-11,5370.0,0.28,26.11111111111111,0.0485724999999999,0.0735425,0.0742574999999999,0.2092,0.14012,0.0901525,0.31576666666666664,0.35063333333333335,0.3794,8.176470588235293,0.005,,,,stpaul
2023-08-12,5310.0,0.9,26.11111111111111,0.1786,0.194,0.2022,0.3012,0.2624,0.2103,0.2377,0.2994,0.3313,8.158823529411764,0.005,,,,stpaul
2023-08-13,5160.0,0.0,26.11111111111111,0.27344,0.27792,0.2812,0.36192,0.3145,0.25762,0.31626,0.36234,0.38505999999999996,8.141176470588235,0.005,,,,stpaul
2023-08-14,7360.0,1.36,25.0,0.36828000000000005,0.36184000000000005,0.36019999999999996,0.42264,0.36660000000000004,0.30494,0.39481999999999995,0.42528,0.43882,8.123529411764705,0.005,,,,stpaul
2023-08-15,5980.0,0.02,23.333333333333332,0.46312,0.44576000000000005,0.4391999999999999,0.48336,0.4187,0.35226,0.47337999999999997,0.48822,0.49257999999999996,8.105882352941176,0.005,,,,stpaul
2023-08-16,6670.0,0.0,23.88888888888889,0.55796,0.52968,0.5182,0.54408,0.4708,0.39958000000000005,0.55194,0.55116,0.5463399999999999,8.088235294117647,0.005,,,,stpaul
2023-08-17,5920.0,0.0,24.444444444444443,0.6528,0.6136,0.5972,0.6048,0.5229,0.4469,0.6305,0.6141,0.6001,8.070588235294117,0.005,,,,stpaul
2023-08-18,5110.0,0.0,23.333333333333332,0.3687,0.3639,0.34524999999999995,0.3951,0.35265,0.2893,0.38189999999999996,0.41555,0.4239,8.052941176470588,0.005,,,,stpaul
2023-08-19,4850.0,0.0,23.88888888888889,0.0846,0.1142,0.0933,0.1854,0.1824,0.1317,0.1333,0.217,0.2477,8.035294117647059,0.005,,,,stpaul
2023-08-20,5010.0,0.0,25.555555555555557,0.0520375,0.08204,0.073075,0.2418425,0.1525225,0.0962299999999999,0.13173333333333334,0.21173333333333333,0.23953333333333335,8.01764705882353,0.005,,,,stpaul
2023-08-21,4580.0,0.0,25.0,0.06561875,0.08982000000000001,0.0830375,0.20762124999999998,0.15826125000000002,0.10726499999999994,0.13016666666666665,0.20646666666666666,0.23136666666666666,8.0,0.005,,,,stpaul
2023-08-22,4710.0,0.0,24.444444444444443,0.0792,0.0976,0.093,0.1734,0.164,0.1183,0.1286,0.2012,0.2232,7.63,0.005,,,,stpaul
2023-08-23,4870.0,0.0,26.666666666666668,0.359,0.3496,0.3449,0.3865,0.38844999999999996,0.3353,0.38765,0.41285000000000005,0.41879999999999995,7.6292857142857144,0.005,,,,stpaul
2023-08-24,4790.0,0.0,28.333333333333332,0.6388,0.6016,0.5968,0.5996,0.6129,0.5523,0.6467,0.6245,0.6144,7.628571428571428,0.005,,,,stpaul
2023-08-25,4660.0,0.0,26.666666666666668,0.4968,0.47213333333333335,0.4696666666666667,0.49406666666666665,0.5165333333333333,0.47946666666666665,0.5231,0.5238666666666667,0.5234666666666666,7.627857142857143,0.005,,,,stpaul
2023-08-26,4420.0,0.0,26.296296296296298,0.3548,0.3426666666666667,0.34253333333333336,0.3885333333333333,0.4201666666666667,0.4066333333333333,0.39949999999999997,0.42323333333333335,0.4325333333333333,7.627142857142857,0.005,,,,stpaul
2023-08-27,4240.0,0.0,25.925925925925927,0.2128,0.2132,0.2154,0.283,0.3238,0.3338,0.2759,0.3226,0.3416,7.626428571428572,0.005,,,,stpaul
2023-08-28,4360.0,0.0,25.555555555555557,0.1592,0.1663,0.164,0.2512,0.25915,0.2359,0.21565,0.26195,0.29315,7.6257142857142854,0.005,,,,stpaul
2023-08-29,3890.0,0.0,25.185185185185183,0.1056,0.1194,0.1126,0.2194,0.1945,0.138,0.1554,0.2013,0.2447,7.625,0.005,,,,stpaul
2023-08-30,3800.0,0.0,24.814814814814813,0.09466666666666666,0.1061,0.1009,0.20283333333333334,0.1834,0.1313666666666667,0.14353333333333335,0.19663333333333333,0.22553333333333334,7.6242857142857146,0.005,,,,stpaul
2023-08-31,3670.0,0.0,24.444444444444443,0.08373333333333334,0.09280000000000001,0.0892,0.18626666666666666,0.1723,0.12473333333333333,0.13166666666666668,0.19196666666666667,0.20636666666666667,7.623571428571428,0.005,,,,stpaul
2023-09-01,4010.0,0.0,23.88888888888889,0.0728,0.0795,0.0775,0.1697,0.1612,0.1181,0.1198,0.1873,0.1872,7.622857142857143,0.005,,,,stpaul
2023-09-02,3870.0,0.0,24.444444444444443,0.07291428571428572,0.081,0.07918571428571429,0.17437142857142857,0.16434285714285715,0.11989999999999999,0.12141428571428571,0.1886142857142857,0.1896857142857143,7.622142857142857,0.005,,,,stpaul
2023-09-03,3830.0,0.0,25.0,0.07302857142857143,0.0825,0.08087142857142857,0.17904285714285714,0.1674857142857143,0.1217,0.12302857142857143,0.18992857142857142,0.19217142857142858,7.621428571428572,0.005,,,,stpaul
2023-09-04,3820.0,0.0,26.11111111111111,0.07314285714285715,0.084,0.08255714285714286,0.18371428571428572,0.17062857142857143,0.1235,0.12464285714285714,0.19124285714285713,0.19465714285714286,7.6207142857142856,0.005,,,,stpaul
2023-09-05,3810.0,0.0,26.666666666666668,0.07325714285714285,0.08549999999999999,0.08424285714285715,0.18838571428571427,0.17377142857142858,0.1253,0.12625714285714285,0.19255714285714287,0.19714285714285715,7.62,0.005,,,,stpaul
2023-09-06,3430.0,0.01,25.555555555555557,0.07337142857142857,0.087,0.08592857142857144,0.19305714285714284,0.17691428571428572,0.12710000000000002,0.12787142857142858,0.19387142857142858,0.19962857142857143,6.16,0.005,,,,stpaul
2023-09-07,3250.0,0.0,23.88888888888889,0.07348571428571428,0.0885,0.08761428571428571,0.19772857142857142,0.18005714285714286,0.12890000000000001,0.1294857142857143,0.1951857142857143,0.20211428571428572,6.283142857142857,0.005,,,,stpaul
2023-09-08,3410.0,0.0,22.22222222222222,0.0736,0.09,0.0893,0.2024,0.1832,0.1307,0.1311,0.1965,0.2046,6.406285714285715,0.005,,,,stpaul
2023-09-09,3790.0,0.0,22.77777777777778,0.0822,0.09433333333333332,0.09393333333333334,0.19696666666666665,0.17486666666666667,0.12733333333333335,0.13543333333333332,0.1968,0.20316666666666666,6.529428571428571,0.005,,,,stpaul
2023-09-10,3560.0,0.04,22.22222222222222,0.0908,0.09866666666666667,0.09856666666666666,0.19153333333333333,0.16653333333333334,0.12396666666666667,0.13976666666666668,0.1971,0.20173333333333335,6.652571428571429,0.005,,,,stpaul
2023-09-11,3610.0,0.0,22.22222222222222,0.0994,0.103,0.1032,0.1861,0.1582,0.1206,0.1441,0.1974,0.2003,6.775714285714286,0.005,,,,stpaul
2023-09-12,4140.0,0.19,21.666666666666668,0.09605,0.09655,0.10055,0.18435,0.166,0.11985,0.13765,0.20965,0.20365,6.898857142857143,0.005,,,,stpaul
2023-09-13,3660.0,0.0,20.555555555555557,0.0927,0.0901,0.0979,0.1826,0.1738,0.1191,0.1312,0.2219,0.207,7.022,0.005,,,,stpaul
2023-09-14,3690.0,0.0,20.555555555555557,0.08586666666666667,0.08973333333333333,0.09933333333333333,0.18116666666666667,0.17170000000000002,0.11753333333333334,0.12773333333333334,0.2147,0.21306666666666665,7.145142857142857,0.005,,,,stpaul
2023-09-15,3660.0,0.16,21.11111111111111,0.07903333333333333,0.08936666666666666,0.10076666666666667,0.17973333333333333,0.1696,0.11596666666666666,0.12426666666666668,0.2075,0.21913333333333335,7.268285714285714,0.005,,,,stpaul
2023-09-16,3440.0,0.18,20.555555555555557,0.0722,0.089,0.1022,0.1783,0.1675,0.1144,0.1208,0.2003,0.2252,7.3914285714285715,0.005,,,,stpaul
2023-09-17,3300.0,0.0,20.0,0.07844999999999999,0.0915,0.0965,0.19815,0.17305,0.12380000000000001,0.1335,0.20400000000000001,0.2218,7.514571428571428,0.005,,,,stpaul
2023-09-18,3150.0,0.0,20.555555555555557,0.0847,0.094,0.0908,0.218,0.1786,0.1332,0.1462,0.2077,0.2184,7.637714285714285,0.005,,,,stpaul
2023-09-19,3290.0,0.0,20.555555555555557,0.08295384615384616,0.0922,0.08905384615384616,0.21323846153846154,0.17607692307692308,0.13166153846153847,0.14435384615384614,0.2047076923076923,0.21580000000000002,7.760857142857143,0.005,,,,stpaul
2023-09-20,3260.0,0.0,21.11111111111111,0.0812076923076923,0.0904,0.08730769230769231,0.2084769230769231,0.17355384615384617,0.13012307692307692,0.1425076923076923,0.2017153846153846,0.2132,7.8839999999999995,0.005,,,,stpaul
2023-09-21,3320.0,0.0,21.666666666666664,0.07946153846153846,0.0886,0.08556153846153847,0.2037153846153846,0.17103076923076924,0.12858461538461538,0.14066153846153845,0.19872307692307692,0.2106,8.007142857142856,0.005,,,,stpaul
2023-09-22,3410.0,0.0,22.22222222222222,0.07771538461538462,0.0868,0.08381538461538461,0.19895384615384615,0.16850769230769233,0.12704615384615386,0.13881538461538462,0.19573076923076924,0.208,8.130285714285714,0.005,,,,stpaul
2023-09-23,3410.0,0.0,21.666666666666668,0.07596923076923076,0.08499999999999999,0.08206923076923077,0.1941923076923077,0.1659846153846154,0.12550769230769232,0.13696923076923076,0.19273846153846153,0.2054,8.253428571428572,0.005,,,,stpaul
2023-09-24,5180.0,2.34,21.666666666666668,0.07422307692307692,0.0832,0.08032307692307693,0.18943076923076924,0.16346153846153846,0.12396923076923078,0.13512307692307693,0.18974615384615384,0.2028,8.376571428571427,0.005,,,,stpaul
2023-09-25,6050.0,0.15,21.11111111111111,0.07247692307692308,0.0814,0.07857692307692307,0.18466923076923075,0.16093846153846156,0.12243076923076923,0.13327692307692307,0.18675384615384616,0.2002,8.499714285714285,0.005,,,,stpaul
2023-09-26,5990.0,1.29,20.555555555555557,0.07073076923076924,0.0796,0.07683076923076923,0.1799076923076923,0.15841538461538462,0.12089230769230769,0.13143076923076924,0.18376153846153848,0.1976,8.622857142857143,0.005,,,,stpaul
2023-09-27,5080.0,0.01,20.0,0.06898461538461538,0.0778,0.07508461538461539,0.17514615384615384,0.15589230769230772,0.11935384615384616,0.12958461538461538,0.18076923076923077,0.195,8.745999999999999,0.005,,,,stpaul
2023-09-28,4940.0,0.02,20.555555555555557,0.06723846153846154,0.076,0.07333846153846153,0.17038461538461538,0.15336923076923079,0.11781538461538461,0.12773846153846155,0.17777692307692308,0.1924,8.869142857142856,0.005,,,,stpaul
2023-09-29,5980.0,0.14,20.0,0.06549230769230768,0.07419999999999999,0.07159230769230769,0.16562307692307693,0.15084615384615385,0.11627692307692308,0.1258923076923077,0.17478461538461537,0.1898,8.992285714285714,0.005,,,,stpaul
2023-09-30,6460.0,0.54,20.555555555555557,0.06374615384615384,0.07239999999999999,0.06984615384615384,0.16086153846153844,0.14832307692307695,0.11473846153846154,0.12404615384615385,0.1717923076923077,0.18719999999999998,9.11542857142857,0.005,,,,stpaul
2023-10-01,6390.0,0.0,21.666666666666668,0.062,0.0706,0.0681,0.1561,0.1458,0.1132,0.1222,0.1688,0.1846,9.238571428571428,0.005,,,,stpaul
2023-10-02,6200.0,0.0,22.22222222222222,0.0624,0.07248571428571428,0.06871428571428571,0.1606,0.14644285714285715,0.11327142857142856,0.12075714285714285,0.1712,0.1848,9.361714285714285,0.005,,,,stpaul
2023-10-03,5540.0,0.0,22.22222222222222,0.0628,0.07437142857142857,0.06932857142857142,0.1651,0.1470857142857143,0.11334285714285713,0.11931428571428572,0.1736,0.185,9.484857142857141,0.005,,,,stpaul
2023-10-04,5450.0,0.18,21.666666666666668,0.06319999999999999,0.07625714285714286,0.06994285714285714,0.16959999999999997,0.14772857142857143,0.1134142857142857,0.11787142857142857,0.176,0.1852,9.607999999999999,0.005,,,,stpaul
2023-10-05,5040.0,0.0,20.555555555555557,0.0636,0.07814285714285714,0.07055714285714286,0.17409999999999998,0.14837142857142857,0.11348571428571429,0.11642857142857144,0.1784,0.18539999999999998,9.731142857142856,0.005,,,,stpaul
2023-10-06,5200.0,0.09,17.77777777777778,0.064,0.08002857142857142,0.07117142857142858,0.17859999999999998,0.1490142857142857,0.11355714285714286,0.11498571428571429,0.1808,0.1856,9.854285714285712,0.005,,,,stpaul
2023-10-07,4800.0,0.0,15.555555555555555,0.0644,0.08191428571428572,0.07178571428571429,0.18309999999999998,0.14965714285714285,0.11362857142857143,0.11354285714285714,0.18319999999999997,0.1858,9.97742857142857,0.005,,,,stpaul
2023-10-08,4890.0,0.0,15.555555555555555,0.0648,0.0838,0.0724,0.1876,0.1503,0.1137,0.1121,0.1856,0.186,10.100571428571428,0.005,,,,stpaul
2023-10-09,5450.0,0.0,15.555555555555555,0.05603333333333333,0.0732,0.06593333333333334,0.1822,0.14776666666666666,0.11336666666666666,0.11223333333333334,0.17743333333333333,0.18856666666666666,10.223714285714284,0.005,,,,stpaul
2023-10-10,5220.0,0.0,15.0,0.047266666666666665,0.0626,0.05946666666666667,0.17679999999999998,0.14523333333333333,0.11303333333333333,0.11236666666666667,0.16926666666666665,0.19113333333333335,10.346857142857143,0.005,,,,stpaul
2023-10-11,5320.0,0.0,15.555555555555555,0.0385,0.052,0.053,0.1714,0.1427,0.1127,0.1125,0.1611,0.1937,10.469999999999999,0.005,,,,stpaul
2023-10-12,5270.0,0.0,15.0,0.047,0.0593,0.06044,0.1685,0.14179999999999998,0.10991999999999999,0.11460000000000001,0.15675999999999998,0.18632,10.463594470046083,0.005,,,,stpaul
2023-10-13,7960.0,0.0,13.88888888888889,0.0555,0.06659999999999999,0.06788,0.1656,0.1409,0.10714,0.1167,0.15242,0.17894000000000002,10.457188940092164,0.005,,,,stpaul
2023-10-14,7870.0,0.0,12.777777777777779,0.064,0.0739,0.07532,0.1627,0.13999999999999999,0.10436,0.1188,0.14808,0.17156,10.450783410138248,0.005,,,,stpaul
2023-10-15,7580.0,0.0,12.777777777777779,0.07250000000000001,0.0812,0.08276,0.1598,0.1391,0.10158,0.1209,0.14374,0.16418,10.44437788018433,0.005,,,,stpaul
2023-10-16,7080.0,0.0,12.777777777777779,0.081,0.0885,0.0902,0.1569,0.1382,0.0988,0.123,0.1394,0.1568,10.437972350230414,0.005,,,,stpaul
2023-10-17,6920.0,0.0,13.333333333333334,0.0581,0.0723,0.0993,0.12925,0.14075,0.10250000000000001,0.12675,0.15025,0.16035,10.431566820276496,0.005,,,,stpaul
2023-10-18,6760.0,0.0,13.333333333333334,0.0352,0.0561,0.1084,0.1016,0.1433,0.1062,0.1305,0.1611,0.1639,10.42516129032258,0.005,,,,stpaul
2023-10-19,6820.0,0.0,13.333333333333334,0.047966666666666664,0.06386666666666667,0.10146666666666666,0.14233333333333334,0.1628666666666667,0.1209,0.1408,0.1885,0.19883333333333333,10.418755760368663,0.005,,,,stpaul
2023-10-20,6690.0,0.0,12.777777777777779,0.060733333333333334,0.07163333333333333,0.09453333333333333,0.18306666666666666,0.18243333333333334,0.1356,0.15109999999999998,0.21589999999999998,0.23376666666666668,10.412350230414745,0.005,,,,stpaul
2023-10-21,6460.0,0.0,13.88888888888889,0.0735,0.0794,0.0876,0.2238,0.202,0.1503,0.1614,0.2433,0.2687,10.405944700460829,0.005,,,,stpaul
2023-10-22,6690.0,0.0,13.333333333333334,0.09593062499999998,0.10368187499999998,0.109115625,0.21603624999999999,0.195571875,0.150971875,0.2128,0.27615,0.29035,10.39953917050691,0.005,,,,stpaul
2023-10-23,6550.0,0.0,13.333333333333334,0.11836124999999996,0.12796374999999996,0.13063125,0.2082725,0.18914374999999997,0.15164375000000002,0.2642,0.309,0.312,10.393133640552994,0.005,,,,stpaul
2023-10-24,6270.0,0.02,13.88888888888889,0.10724428571428568,0.11798928571428567,0.12136785714285715,0.196965,0.18113071428571426,0.14397107142857143,0.27925,0.3202875,0.324125,10.386728110599078,0.005,,,,stpaul
2023-10-25,7220.0,1.12,13.88888888888889,0.0961273214285714,0.10801482142857137,0.11210446428571429,0.1856575,0.17311767857142854,0.13629839285714287,0.2943,0.331575,0.33625,10.38032258064516,0.005,,,,stpaul
2023-10-26,7540.0,0.11,13.88888888888889,0.08501035714285712,0.09804035714285708,0.10284107142857143,0.17435,0.16510464285714282,0.1286257142857143,0.30935,0.3428625,0.348375,10.373917050691244,0.005,,,,stpaul
2023-10-27,7570.0,0.0,13.88888888888889,0.07389339285714283,0.08806589285714278,0.09357767857142857,0.1630425,0.15709160714285714,0.12095303571428573,0.3244,0.35414999999999996,0.3605,10.367511520737326,0.005,,,,stpaul
2023-10-28,7430.0,0.0,11.11111111111111,0.06277642857142857,0.07809142857142849,0.08431428571428572,0.151735,0.1490785714285714,0.11328035714285714,0.33945000000000003,0.36543749999999997,0.372625,10.36110599078341,0.005,,,,stpaul
2023-10-29,6360.0,0.0,10.0,0.051659464285714274,0.0681169642857142,0.07505089285714286,0.1404275,0.1410655357142857,0.10560767857142857,0.3545,0.376725,0.38475,10.354700460829491,0.005,,,,stpaul
2023-10-30,6880.0,0.0,8.88888888888889,0.0405425,0.0581424999999999,0.0657875,0.12912,0.1330525,0.097935,0.36955,0.3880125,0.396875,10.348294930875575,0.005,,,,stpaul
2023-10-31,6940.0,0.2,7.777777777777778,0.3628,0.3547,0.3387,0.3877,0.1232,0.1095,0.3846,0.3993,0.409,10.341889400921659,0.005,,,,stpaul
2023-11-01,6690.0,0.0,7.222222222222222,0.335975,0.32980833333333337,0.3147,0.366175,0.12783333333333333,0.1122,0.3616666666666667,0.3787833333333333,0.3871583333333333,10.33548387096774,0.005,,,,stpaul
2023-11-02,6380.0,0.0,6.666666666666667,0.30915000000000004,0.30491666666666667,0.2907,0.34465,0.13246666666666668,0.1149,0.33873333333333333,0.3582666666666667,0.3653166666666666,10.329078341013824,0.005,,,,stpaul
2023-11-03,6220.0,0.0,7.222222222222222,0.282325,0.280025,0.2667,0.323125,0.1371,0.1176,0.31579999999999997,0.33775,0.343475,10.322672811059906,0.005,,,,stpaul
2023-11-04,6200.0,0.0,7.222222222222222,0.2555,0.2551333333333333,0.24270000000000003,0.3016,0.14173333333333332,0.1203,0.29286666666666666,0.3172333333333333,0.3216333333333333,10.31626728110599,0.005,,,,stpaul
2023-11-05,6180.0,0.0,7.777777777777778,0.22867500000000002,0.23024166666666668,0.2187,0.28007499999999996,0.14636666666666667,0.123,0.26993333333333336,0.29671666666666663,0.2997916666666667,10.309861751152074,0.005,,,,stpaul
2023-11-06,6110.0,0.0,7.777777777777778,0.20185,0.20535,0.1947,0.25855,0.151,0.1257,0.247,0.2762,0.27795,10.303456221198156,0.005,,,,stpaul
2023-11-07,6200.0,0.0,7.777777777777778,0.175025,0.18045833333333333,0.17070000000000002,0.23702499999999999,0.15563333333333335,0.1284,0.22406666666666666,0.2556833333333333,0.2561083333333333,10.29705069124424,0.005,,,,stpaul
2023-11-08,6380.0,0.0,7.777777777777778,0.1482,0.15556666666666666,0.14670000000000002,0.2155,0.16026666666666667,0.1311,0.20113333333333333,0.23516666666666666,0.23426666666666665,10.290645161290321,0.005,,,,stpaul
2023-11-09,6100.0,0.0,7.222222222222222,0.12137500000000001,0.13067499999999999,0.12270000000000003,0.193975,0.1649,0.1338,0.1782,0.21465,0.21242499999999997,10.284239631336405,0.005,,,,stpaul
2023-11-10,6010.0,0.0,6.666666666666667,0.09455000000000002,0.10578333333333331,0.09870000000000004,0.17245,0.1695333333333333,0.1365,0.15526666666666666,0.19413333333333332,0.19058333333333333,10.277834101382487,0.005,,,,stpaul
2023-11-11,6090.0,0.0,6.666666666666667,0.06772499999999998,0.08089166666666664,0.07470000000000004,0.150925,0.17416666666666666,0.1392,0.13233333333333336,0.17361666666666667,0.16874166666666665,10.27142857142857,0.005,,,,stpaul
2023-11-12,6100.0,0.0,7.222222222222222,0.0409,0.056,0.0507,0.1294,0.1788,0.1419,0.1094,0.1531,0.1469,10.265023041474654,0.005,,,,stpaul
2023-11-13,6030.0,0.0,7.222222222222222,0.04251708333333333,0.05656999999999998,0.05512333333333334,0.13005374999999997,0.16717791666666665,0.13188458333333333,0.10746666666666667,0.14980000000000002,0.1495,10.258617511520736,0.005,,,,stpaul
2023-11-14,6290.0,0.0,7.777777777777778,0.04413416666666667,0.05713999999999997,0.059546666666666664,0.13070749999999995,0.15555583333333328,0.12186916666666667,0.10553333333333333,0.1465,0.1521,10.25221198156682,0.005,,,,stpaul
2023-11-15,5870.0,0.0,8.333333333333334,0.04575125,0.05770999999999995,0.06397,0.13136124999999993,0.14393374999999994,0.11185375,0.1036,0.1432,0.1547,10.245806451612902,0.005,,,,stpaul
2023-11-16,6200.0,0.0,8.333333333333334,0.046625625000000004,0.053004999999999976,0.06343499999999999,0.14038062499999998,0.15541687499999995,0.124726875,0.1152,0.13679999999999998,0.16155,10.239400921658985,0.005,,,,stpaul
2023-11-17,6600.0,0.0,8.333333333333334,0.0475,0.0483,0.0629,0.1494,0.1669,0.1376,0.1268,0.1304,0.1684,10.232995391705067,0.005,,,,stpaul
2023-11-18,6700.0,0.0,7.777777777777778,0.06424,0.05878,0.07184,0.15672,0.17049999999999998,0.14424,0.12818,0.13835999999999998,0.17085999999999998,10.226589861751151,0.005,,,,stpaul
2023-11-19,6340.0,0.0,7.777777777777778,0.08098,0.06926,0.08077999999999999,0.16404,0.1741,0.15088000000000001,0.12956,0.14631999999999998,0.17332,10.220184331797235,0.005,,,,stpaul
2023-11-20,6230.0,0.0,7.777777777777778,0.09772,0.07974,0.08972,0.17136,0.1777,0.15752,0.13094,0.15427999999999997,0.17578,10.213778801843317,0.005,,,,stpaul
2023-11-21,6220.0,0.02,7.777777777777778,0.11446,0.09022,0.09866,0.17868,0.18130000000000002,0.16416,0.13232000000000002,0.16224,0.17824,10.2073732718894,0.005,,,,stpaul
2023-11-22,6090.0,0.0,6.666666666666667,0.1312,0.1007,0.1076,0.186,0.1849,0.1708,0.1337,0.1702,0.1807,10.200967741935482,0.005,,,,stpaul
2023-11-23,6040.0,0.0,6.111111111111111,0.08922625000000001,0.07987499999999995,0.08900374999999999,0.15658375,0.15662500000000001,0.13768125,0.17766666666666667,0.20523333333333332,0.21109999999999998,10.194562211981566,0.005,,,,stpaul
2023-11-24,5830.0,0.0,4.444444444444445,0.0472525,0.0590499999999999,0.0704075,0.1271675,0.12835,0.1045625,0.22163333333333335,0.24026666666666666,0.2415,10.18815668202765,0.005,,,,stpaul
2023-11-25,5720.0,0.0,4.444444444444445,0.2592,0.2518,0.254,0.2792,0.1453,0.1379,0.2656,0.2753,0.2719,10.181751152073732,0.005,,,,stpaul
2023-11-26,5730.0,0.03,4.444444444444445,0.2157,0.21140000000000003,0.21402,0.24716,0.14492000000000002,0.13586,0.23164,0.24275999999999998,0.24403999999999998,10.175345622119815,0.005,,,,stpaul
2023-11-27,5980.0,0.0,2.2222222222222223,0.1722,0.171,0.17404,0.21512,0.14454,0.13382,0.19768,0.21022,0.21617999999999998,10.168940092165897,0.005,,,,stpaul
2023-11-28,4310.0,0.0,1.6666666666666667,0.12869999999999998,0.1306,0.13406,0.18308000000000002,0.14416,0.13178,0.16371999999999998,0.17768,0.18832,10.162534562211981,0.005,,,,stpaul
2023-11-29,4290.0,0.0,1.6666666666666667,0.0852,0.0902,0.09408,0.15104,0.14378,0.12974,0.12976,0.14514,0.16046,10.156129032258063,0.005,,,,stpaul
2023-11-30,4290.0,0.0,2.2222222222222223,0.0417,0.0498,0.0541,0.119,0.1434,0.1277,0.0958,0.1126,0.1326,10.149723502304147,0.005,,,,stpaul
2023-12-01,4800.0,0.0,2.7777777777777777,0.07694999999999999,0.0843,0.10464999999999999,0.1649,0.20355,0.1771,0.13935,0.15835,0.17804999999999999,10.14331797235023,0.005,,,,stpaul
2023-12-02,5140.0,0.0,2.7777777777777777,0.1122,0.1188,0.1552,0.2108,0.2637,0.2265,0.1829,0.2041,0.2235,10.136912442396312,0.005,,,,stpaul
2023-12-03,6370.0,0.0,3.3333333333333335,0.10268,0.10586,0.13828000000000001,0.19068,0.24045999999999998,0.20576,0.16784000000000002,0.18726,0.20500000000000002,10.130506912442396,0.005,,,,stpaul
2023-12-04,6790.0,0.0,3.3333333333333335,0.09315999999999999,0.09292,0.12136,0.17056,0.21722,0.18502000000000002,0.15278,0.17042000000000002,0.1865,10.124101382488478,0.005,,,,stpaul
2023-12-05,6940.0,0.04,2.7777777777777777,0.08364,0.07998,0.10444,0.15044000000000002,0.19397999999999999,0.16428,0.13772,0.15358,0.168,10.117695852534561,0.005,,,,stpaul
2023-12-06,6710.0,0.0,2.2222222222222223,0.07412,0.06703999999999999,0.08752,0.13032,0.17074,0.14354,0.12266,0.13674,0.14950000000000002,10.111290322580643,0.005,,,,stpaul
2023-12-07,6680.0,0.0,2.7777777777777777,0.0646,0.0541,0.0706,0.1102,0.1475,0.1228,0.1076,0.1199,0.131,10.104884792626727,0.005,,,,stpaul
2023-12-08,5960.0,0.0,3.3333333333333335,0.07808000000000001,0.06992000000000001,0.08412,0.12312000000000001,0.14038,0.11856,0.12342,0.13488,0.1363,10.09847926267281,0.005,,,,stpaul
2023-12-09,6610.0,0.0,3.888888888888889,0.09156,0.08574000000000001,0.09763999999999999,0.13604,0.13326,0.11432,0.13924,0.14986,0.1416,10.092073732718893,0.005,,,,stpaul
2023-12-10,6240.0,0.06,2.2222222222222223,0.10504000000000001,0.10156000000000001,0.11116,0.14896,0.12614,0.11008,0.15506,0.16484,0.1469,10.085668202764976,0.005,,,,stpaul
2023-12-11,6660.0,0.0,2.7777777777777777,0.11852000000000001,0.11738000000000001,0.12467999999999999,0.16188000000000002,0.11902,0.10583999999999999,0.17088,0.17982,0.1522,10.079262672811058,0.005,,,,stpaul
2023-12-12,6130.0,0.0,2.2222222222222223,0.132,0.1332,0.1382,0.1748,0.1119,0.1016,0.1867,0.1948,0.1575,10.072857142857142,0.005,,,,stpaul
2023-12-13,5050.0,0.0,1.6666666666666667,0.12492500000000001,0.12645,0.13185,0.16745000000000002,0.113325,0.10341249999999999,0.1778625,0.184425,0.1535875,10.066451612903226,0.005,,,,stpaul
2023-12-14,5170.0,0.0,2.2222222222222223,0.11785000000000001,0.11970000000000001,0.1255,0.16010000000000002,0.11475,0.105225,0.169025,0.17405,0.149675,10.060046082949308,0.005,,,,stpaul
2023-12-15,5630.0,0.0,2.7777777777777777,0.110775,0.11295000000000001,0.11914999999999999,0.15275,0.116175,0.1070375,0.1601875,0.16367500000000001,0.14576250000000002,10.053640552995391,0.005,,,,stpaul
2023-12-16,6610.0,0.41,3.3333333333333335,0.1037,0.10620000000000002,0.1128,0.1454,0.11760000000000001,0.10885,0.15135,0.1533,0.14185,10.047235023041473,0.005,,,,stpaul
2023-12-17,6840.0,0.06,3.3333333333333335,0.096625,0.09945000000000001,0.10645,0.13805,0.119025,0.1106625,0.14251250000000001,0.142925,0.1379375,10.040829493087557,0.005,,,,stpaul
2023-12-18,6930.0,0.0,2.2222222222222223,0.08954999999999999,0.0927,0.1001,0.1307,0.12045,0.11247499999999999,0.133675,0.13255,0.134025,10.034423963133639,0.005,,,,stpaul
2023-12-19,6350.0,0.0,1.6666666666666667,0.08247499999999999,0.08595,0.09375,0.12335000000000002,0.12187500000000001,0.1142875,0.1248375,0.12217499999999999,0.13011250000000002,10.028018433179723,0.005,,,,stpaul
2023-12-20,5600.0,0.0,1.6666666666666667,0.0754,0.0792,0.0874,0.116,0.1233,0.1161,0.116,0.1118,0.1262,10.021612903225806,0.005,,,,stpaul
2023-12-21,5790.0,0.0,2.2222222222222223,0.08918799999999999,0.092588,0.101484,0.130852,0.12694,0.119852,0.129864,0.125796,0.139384,10.015207373271888,0.005,,,,stpaul
2023-12-22,6510.0,0.0,2.7777777777777777,0.102976,0.10597600000000001,0.115568,0.145704,0.13058,0.12360399999999999,0.14372800000000002,0.139792,0.152568,10.008801843317972,0.005,,,,stpaul
2023-12-23,7510.0,0.02,3.3333333333333335,0.11676399999999999,0.11936400000000001,0.129652,0.160556,0.13422,0.127356,0.157592,0.15378799999999998,0.165752,10.002396313364054,0.005,,,,stpaul
2023-12-24,6960.0,0.0,3.888888888888889,0.130552,0.132752,0.143736,0.175408,0.13786,0.131108,0.171456,0.167784,0.178936,9.995990783410138,0.005,,,,stpaul
2023-12-25,8050.0,0.72,5.0,0.14434,0.14614,0.15782000000000002,0.19026,0.14150000000000001,0.13485999999999998,0.18532,0.18178,0.19212,9.989585253456221,0.005,,,,stpaul
2023-12-26,10700.0,0.7,5.555555555555555,0.158128,0.159528,0.171904,0.20511200000000002,0.14514,0.13861199999999999,0.19918400000000003,0.195776,0.205304,9.983179723502303,0.005,,,,stpaul
2023-12-27,11600.0,0.0,5.555555555555555,0.171916,0.17291600000000001,0.185988,0.219964,0.14878,0.142364,0.21304800000000002,0.20977200000000001,0.21848800000000002,9.976774193548387,0.005,,,,stpaul
2023-12-28,13500.0,0.0,5.0,0.18570399999999998,0.18630400000000003,0.200072,0.23481600000000002,0.15242,0.146116,0.226912,0.223768,0.231672,9.970368663594469,0.005,,,,stpaul
2023-12-29,15200.0,0.0,5.0,0.199492,0.199692,0.21415599999999999,0.249668,0.15606,0.149868,0.24077600000000002,0.23776399999999998,0.24485600000000002,9.963963133640553,0.005,,,,stpaul
2023-12-30,16000.0,0.0,4.444444444444445,0.21328,0.21308,0.22824,0.26452000000000003,0.1597,0.15361999999999998,0.25464000000000003,0.25176,0.25804,9.957557603686634,0.005,,,,stpaul
2023-12-31,16900.0,0.11,2.7777777777777777,0.227068,0.226468,0.242324,0.279372,0.16333999999999999,0.157372,0.268504,0.265756,0.271224,9.951152073732718,0.005,,,,stpaul
2024-01-01,16300.0,0.0,2.2222222222222223,0.240856,0.239856,0.25640799999999997,0.294224,0.16698,0.161124,0.282368,0.279752,0.284408,9.944746543778802,0.005,,,,stpaul
2024-01-02,15400.0,0.0,1.6666666666666667,0.254644,0.253244,0.27049199999999995,0.309076,0.17062,0.164876,0.296232,0.293748,0.29759199999999997,9.938341013824884,0.005,,,,stpaul
2024-01-03,14900.0,0.0,1.6666666666666667,0.268432,0.26663200000000004,0.284576,0.323928,0.17426,0.168628,0.31009600000000004,0.307744,0.310776,9.931935483870967,0.005,,,,stpaul
2024-01-04,15300.0,0.0,1.1111111111111112,0.28222,0.28002,0.29866000000000004,0.33878,0.1779,0.17238,0.32396,0.32173999999999997,0.32396,9.92552995391705,0.005,,,,stpaul
2024-01-05,14900.0,0.0,1.1111111111111112,0.296008,0.293408,0.312744,0.353632,0.18153999999999998,0.176132,0.337824,0.335736,0.337144,9.919124423963133,0.005,,,,stpaul
2024-01-06,14500.0,0.02,1.6666666666666667,0.30979599999999996,0.306796,0.326828,0.368484,0.18517999999999998,0.179884,0.351688,0.349732,0.350328,9.912718894009217,0.005,,,,stpaul
2024-01-07,13400.0,0.01,1.6666666666666667,0.323584,0.320184,0.340912,0.383336,0.18882,0.183636,0.36555200000000004,0.363728,0.363512,9.906313364055299,0.005,,,,stpaul
2024-01-08,12200.0,0.0,1.1111111111111112,0.337372,0.333572,0.354996,0.398188,0.19246,0.187388,0.37941600000000003,0.377724,0.37669600000000003,9.899907834101382,0.005,,,,stpaul
2024-01-09,12000.0,0.0,1.1111111111111112,0.35116,0.34696,0.36907999999999996,0.41304,0.1961,0.19113999999999998,0.39328,0.39172,0.38988,9.893502304147464,0.005,,,,stpaul
2024-01-10,11900.0,0.0,1.1111111111111112,0.36494799999999994,0.360348,0.38316399999999995,0.427892,0.19973999999999997,0.194892,0.407144,0.405716,0.403064,9.887096774193548,0.005,,,,stpaul
2024-01-11,11200.0,0.0,1.1111111111111112,0.37873599999999996,0.373736,0.39724800000000005,0.442744,0.20338,0.198644,0.42100800000000005,0.41971200000000003,0.41624799999999995,9.88069124423963,0.005,,,,stpaul
2024-01-12,8840.0,0.0,0.5555555555555556,0.392524,0.387124,0.41133200000000003,0.457596,0.20701999999999998,0.202396,0.43487200000000004,0.433708,0.42943200000000004,9.874285714285714,0.005,,,,stpaul
2024-01-13,6190.0,0.1,0.5555555555555556,0.406312,0.40051200000000003,0.425416,0.472448,0.21066,0.206148,0.448736,0.447704,0.442616,9.867880184331797,0.005,,,,stpaul
2024-01-14,6030.0,0.01,0.5555555555555556,0.4201,0.4139,0.4395,0.4873,0.2143,0.2099,0.4626,0.4617,0.4558,9.86147465437788,0.005,,,,stpaul
2024-01-15,5980.0,0.0,0.5555555555555556,0.40359999999999996,0.39583999999999997,0.41712,0.462,0.21131999999999998,0.20652,0.43718,0.4362,0.43116,9.855069124423963,0.005,,,,stpaul
2024-01-16,5800.0,0.0,1.1111111111111112,0.3871,0.37778,0.39474,0.43670000000000003,0.20834,0.20314000000000002,0.41176,0.4107,0.40652,9.848663594470045,0.005,,,,stpaul
2024-01-17,6190.0,0.0,1.1111111111111112,0.3706,0.35972,0.37236,0.4114,0.20536,0.19976,0.38634,0.3852,0.38188,9.842258064516129,0.005,,,,stpaul
2024-01-18,7860.0,0.0,0.5555555555555556,0.35409999999999997,0.34165999999999996,0.34998,0.3861,0.20238,0.19638,0.36092,0.3597,0.35724,9.83585253456221,0.005,,,,stpaul
2024-01-19,8550.0,0.0,0.5555555555555556,0.3376,0.3236,0.3276,0.3608,0.1994,0.193,0.3355,0.3342,0.3326,9.829447004608294,0.005,,,,stpaul
2024-01-20,9410.0,0.0,1.1111111111111112,0.2643,0.2512,0.2579,0.29810000000000003,0.1804,0.17205,0.29600000000000004,0.3282,0.30195,9.823041474654378,0.005,,,,stpaul
2024-01-21,9610.0,0.0,1.1111111111111112,0.191,0.1788,0.1882,0.2354,0.1614,0.1511,0.2565,0.3222,0.2713,9.81663594470046,0.005,,,,stpaul
2024-01-22,9260.0,0.0,1.1111111111111112,0.1696125,0.15967499999999998,0.16970000000000002,0.2139625,0.1561,0.14476250000000002,0.233525,0.29491249999999997,0.2502,9.810230414746544,0.005,,,,stpaul
2024-01-23,9790.0,0.0,0.5555555555555556,0.148225,0.14054999999999998,0.1512,0.192525,0.1508,0.13842500000000002,0.21055000000000001,0.267625,0.22909999999999997,9.803824884792625,0.005,,,,stpaul
2024-01-24,9570.0,0.0,0.5555555555555556,0.1268375,0.12142499999999999,0.13269999999999998,0.1710875,0.1455,0.13208750000000002,0.187575,0.24033749999999998,0.208,9.79741935483871,0.005,,,,stpaul
2024-01-25,9170.0,0.01,0.5555555555555556,0.10545,0.10229999999999999,0.1142,0.14965,0.1402,0.12575,0.1646,0.21305,0.18689999999999998,9.791013824884793,0.005,,,,stpaul
2024-01-26,9090.0,0.01,0.5555555555555556,0.0840625,0.08317499999999999,0.0957,0.1282125,0.1349,0.1194125,0.141625,0.1857625,0.16579999999999998,9.784608294930875,0.005,,,,stpaul
2024-01-27,9910.0,0.0,0.5555555555555556,0.06267500000000001,0.06405,0.07719999999999999,0.10677500000000001,0.1296,0.11307500000000001,0.11864999999999998,0.15847499999999998,0.1447,9.778202764976959,0.005,,,,stpaul
2024-01-28,9170.0,0.0,0.5555555555555556,0.041287500000000005,0.04492499999999999,0.0587,0.08533750000000001,0.1243,0.10673750000000001,0.09567499999999998,0.13118749999999998,0.12359999999999999,9.77179723502304,0.005,,,,stpaul
2024-01-29,9120.0,0.0,1.1111111111111112,0.0199,0.0258,0.0402,0.0639,0.119,0.1004,0.0727,0.1039,0.1025,9.765391705069124,0.005,,,,stpaul
2024-01-30,9370.0,0.0,1.1111111111111112,0.03375,0.0432,0.05485,0.08224999999999999,0.12885,0.10700000000000001,0.07655,0.10785,0.1179,9.758986175115206,0.005,,,,stpaul
2024-01-31,9630.0,0.0,1.6666666666666667,0.0476,0.0606,0.0695,0.1006,0.1387,0.1136,0.0804,0.1118,0.1333,9.75258064516129,0.005,,,,stpaul
2024-02-01,9400.0,0.0,1.6666666666666667,0.04767645833333333,0.06038145833333333,0.06943354166666667,0.10186062499999998,0.13796583333333332,0.11272083333333333,0.11516,0.14214666666666667,0.1627,9.746175115207373,0.005,,,,stpaul
2024-02-02,9020.0,0.0,2.2222222222222223,0.04775291666666665,0.06016291666666667,0.06936708333333334,0.10312124999999998,0.13723166666666667,0.11184166666666666,0.14992,0.17249333333333333,0.1921,9.739769585253455,0.005,,,,stpaul
2024-02-03,8780.0,0.0,2.2222222222222223,0.04782937499999998,0.059944375,0.069300625,0.10438187499999997,0.1364975,0.11096249999999998,0.18468,0.20284,0.2215,9.733364055299539,0.005,,,,stpaul
2024-02-04,9470.0,0.0,2.2222222222222223,0.0479058333333333,0.05972583333333333,0.06923416666666667,0.10564249999999996,0.13576333333333332,0.11008333333333331,0.21944,0.23318666666666665,0.2509,9.726958525345621,0.005,,,,stpaul
2024-02-05,9560.0,0.0,2.7777777777777777,0.04798229166666663,0.05950729166666667,0.06916770833333334,0.10690312499999996,0.13502916666666667,0.10920416666666663,0.2542,0.26353333333333334,0.2803,9.720552995391705,0.005,,,,stpaul
2024-02-06,9290.0,0.0,2.7777777777777777,0.048058749999999956,0.05928875,0.06910125,0.10816374999999995,0.134295,0.10832499999999995,0.28896,0.29388,0.3097,9.714147465437787,0.005,,,,stpaul
2024-02-07,9190.0,0.0,3.3333333333333335,0.048135208333333276,0.05907020833333333,0.06903479166666666,0.10942437499999993,0.13356083333333332,0.10744583333333328,0.32372,0.32422666666666666,0.3391,9.70774193548387,0.005,,,,stpaul
2024-02-08,9970.0,0.08,3.3333333333333335,0.048211666666666604,0.05885166666666667,0.06896833333333334,0.11068499999999994,0.13282666666666668,0.1065666666666666,0.35848,0.3545733333333333,0.36850000000000005,9.701336405529954,0.005,,,,stpaul
2024-02-09,10600.0,0.11,3.888888888888889,0.048288124999999925,0.058633125,0.068901875,0.11194562499999992,0.1320925,0.10568749999999993,0.39324000000000003,0.38492,0.39790000000000003,9.694930875576036,0.005,,,,stpaul
2024-02-10,11200.0,0.0,2.2222222222222223,0.04836458333333325,0.05841458333333333,0.06883541666666666,0.11320624999999991,0.13135833333333333,0.10480833333333325,0.42800000000000005,0.4152666666666667,0.4273,9.68852534562212,0.005,,,,stpaul
2024-02-11,12000.0,0.0,2.2222222222222223,0.04844104166666657,0.05819604166666667,0.06876895833333334,0.11446687499999991,0.13062416666666668,0.10392916666666657,0.46275999999999995,0.4456133333333333,0.4567,9.682119815668202,0.005,,,,stpaul
2024-02-12,12000.0,0.0,2.7777777777777777,0.0485174999999999,0.0579775,0.0687025,0.1157274999999999,0.12989,0.1030499999999999,0.49751999999999996,0.47596,0.4861,9.675714285714285,0.005,,,,stpaul
2024-02-13,12000.0,0.0,2.7777777777777777,0.22954499999999994,0.20771833333333334,0.22060166666666667,0.2724849999999999,0.11206,0.0929666666666666,0.53228,0.5063066666666666,0.5155000000000001,9.669308755760369,0.005,,,,stpaul
2024-02-14,12300.0,0.0,2.7777777777777777,0.41057249999999995,0.35745916666666666,0.37250083333333334,0.42924249999999997,0.09423000000000001,0.08288333333333331,0.56704,0.5366533333333333,0.5449,9.662903225806451,0.005,,,,stpaul
2024-02-15,12700.0,0.46,2.7777777777777777,0.5916,0.5072,0.5244,0.586,0.0764,0.0728,0.6018,0.567,0.5743,9.656497695852535,0.005,,,,stpaul
2024-02-16,11900.0,0.0,1.6666666666666667,0.46073333333333333,0.39776666666666666,0.4103,0.4480666666666666,0.07646666666666667,0.07453333333333334,0.4811666666666667,0.4516333333333333,0.4772666666666667,9.650092165898617,0.005,,,,stpaul
2024-02-17,9150.0,0.0,1.1111111111111112,0.3298666666666667,0.28833333333333333,0.2962,0.3101333333333333,0.07653333333333333,0.07626666666666666,0.3605333333333334,0.3362666666666666,0.3802333333333333,9.6436866359447,0.005,,,,stpaul
2024-02-18,9620.0,0.0,1.1111111111111112,0.199,0.1789,0.1821,0.1722,0.0766,0.078,0.2399,0.2209,0.2832,9.637281105990784,0.005,,,,stpaul
2024-02-19,10000.0,0.0,2.2222222222222223,0.1686,0.16085,0.15765,0.1663,0.0892,0.0829,0.20850000000000002,0.2018,0.23775000000000002,9.630875576036866,0.005,,,,stpaul
2024-02-20,10800.0,0.0,2.2222222222222223,0.1382,0.1428,0.1332,0.1604,0.1018,0.0878,0.1771,0.1827,0.1923,9.62447004608295,0.005,,,,stpaul
2024-02-21,11000.0,0.0,2.7777777777777777,0.1280346875,0.1346584375,0.127554375,0.15678906249999996,0.10617406249999999,0.091954375,0.17339000000000002,0.17651,0.18634,9.618064516129031,0.005,,,,stpaul
2024-02-22,10300.0,0.0,3.3333333333333335,0.117869375,0.126516875,0.12190874999999998,0.15317812499999997,0.11054812499999997,0.09610875,0.16968,0.17032,0.18038,9.611658986175115,0.005,,,,stpaul
2024-02-23,9780.0,0.0,3.3333333333333335,0.10770406249999999,0.11837531250000001,0.11626312499999997,0.14956718749999995,0.11492218749999997,0.10026312500000001,0.16597,0.16413,0.17442000000000002,9.605253456221197,0.005,,,,stpaul
2024-02-24,9820.0,0.0,3.3333333333333335,0.09753875,0.11023375,0.11061749999999995,0.14595624999999995,0.11929624999999995,0.1044175,0.16226000000000002,0.15794,0.16846,9.59884792626728,0.005,,,,stpaul
2024-02-25,9570.0,0.0,3.3333333333333335,0.0873734375,0.1020921875,0.10497187499999994,0.14234531249999993,0.12367031249999993,0.10857187500000001,0.15855000000000002,0.15175,0.1625,9.592442396313364,0.005,,,,stpaul
2024-02-26,9230.0,0.0,3.888888888888889,0.07720812499999999,0.09395062500000001,0.09932624999999994,0.1387343749999999,0.12804437499999993,0.11272625,0.15484,0.14556000000000002,0.15654,9.586036866359446,0.005,,,,stpaul
2024-02-27,9150.0,0.0,4.444444444444445,0.06704281249999999,0.0858090625,0.09368062499999992,0.13512343749999992,0.1324184374999999,0.116880625,0.15113000000000001,0.13937,0.15058000000000002,9.57963133640553,0.005,,,,stpaul
2024-02-28,8530.0,0.01,2.7777777777777777,0.0568775,0.0776675,0.0880349999999999,0.1315124999999999,0.1367924999999999,0.121035,0.14742000000000002,0.13318000000000002,0.14462000000000003,9.573225806451612,0.005,,,,stpaul
2024-02-29,7940.0,0.0,1.6666666666666667,0.055188749999999995,0.07043375,0.08441749999999995,0.12155624999999995,0.15324624999999995,0.1346175,0.14371,0.12699,0.13866,9.566820276497696,0.005,,,,stpaul
2024-03-01,7990.0,0.0,2.7777777777777777,0.0535,0.0632,0.0808,0.1116,0.1697,0.1482,0.14,0.1208,0.1327,9.560414746543778,0.005,,,,stpaul
2024-03-02,8420.0,0.0,3.888888888888889,0.05531599999999999,0.0656955,0.08185199999999998,0.11365049999999999,0.169262,0.14625749999999998,0.13448000000000002,0.12316,0.13588,9.554009216589861,0.005,,,,stpaul
2024-03-03,8800.0,0.0,5.0,0.05713199999999998,0.068191,0.08290399999999998,0.11570099999999998,0.168824,0.14431499999999997,0.12896000000000002,0.12552,0.13906000000000002,9.547603686635945,0.005,,,,stpaul
2024-03-04,8330.0,0.0,6.111111111111111,0.05894799999999997,0.07068650000000001,0.08395599999999996,0.11775149999999997,0.16838599999999998,0.14237249999999996,0.12344000000000001,0.12788,0.14224,9.541198156682027,0.005,,,,stpaul
2024-03-05,8080.0,0.0,5.555555555555555,0.060763999999999964,0.07318200000000001,0.08500799999999996,0.11980199999999996,0.167948,0.14042999999999994,0.11792,0.13024,0.14542000000000002,9.53479262672811,0.005,,,,stpaul
2024-03-06,7940.0,0.0,5.0,0.06257999999999996,0.07567750000000001,0.08605999999999994,0.12185249999999995,0.16751,0.13848749999999993,0.1124,0.1326,0.1486,9.528387096774193,0.005,,,,stpaul
2024-03-07,8060.0,0.0,5.555555555555555,0.11605333333333331,0.12505166666666667,0.13897333333333328,0.18190166666666663,0.22694,0.1995916666666666,0.16093333333333334,0.17773333333333333,0.19286666666666666,9.521981566820276,0.005,,,,stpaul
2024-03-08,7770.0,0.0,5.555555555555555,0.16952666666666666,0.17442583333333334,0.19188666666666665,0.2419508333333333,0.28637,0.2606958333333333,0.2094666666666667,0.22286666666666666,0.2371333333333333,9.51557603686636,0.005,,,,stpaul
2024-03-09,7540.0,0.0,5.0,0.223,0.2238,0.2448,0.302,0.3458,0.3218,0.258,0.268,0.2814,9.509170506912442,0.005,,,,stpaul
2024-03-10,7490.0,0.0,5.0,0.19665125,0.20014583333333333,0.21904374999999998,0.27604208333333335,0.31639208333333335,0.29235875,0.2447,0.25439,0.26829,9.502764976958526,0.005,,,,stpaul
2024-03-11,7480.0,0.0,6.111111111111111,0.1703025,0.17649166666666663,0.1932875,0.25008416666666666,0.28698416666666665,0.26291749999999997,0.2314,0.24078000000000002,0.25517999999999996,9.496359447004608,0.005,,,,stpaul
2024-03-12,7410.0,0.0,7.222222222222222,0.14395375,0.15283749999999996,0.16753125,0.22412625,0.25757625,0.23347625,0.21810000000000002,0.22717,0.24206999999999998,9.489953917050691,0.005,,,,stpaul
2024-03-13,7270.0,0.0,8.333333333333334,0.117605,0.12918333333333326,0.14177499999999998,0.19816833333333334,0.2281683333333333,0.20403499999999997,0.2048,0.21356,0.22896,9.483548387096773,0.005,,,,stpaul
2024-03-14,7300.0,0.0,8.333333333333334,0.09125625000000001,0.10552916666666659,0.11601875,0.17221041666666667,0.19876041666666666,0.17459375,0.1915,0.19995000000000002,0.21585,9.477142857142857,0.005,,,,stpaul
2024-03-15,7170.0,0.0,8.333333333333334,0.0649075,0.0818749999999999,0.0902625,0.1462525,0.1693525,0.1451525,0.1782,0.18634,0.20273999999999998,9.47073732718894,0.005,,,,stpaul
2024-03-16,7180.0,0.0,8.88888888888889,0.067580625,0.08208124999999993,0.090921875,0.141389375,0.173039375,0.147139375,0.1649,0.17273,0.18962999999999997,9.464331797235022,0.005,,,,stpaul
2024-03-17,7060.0,0.0,6.666666666666667,0.07025375,0.08228749999999996,0.09158125,0.13652625000000002,0.17672625,0.14912625000000002,0.1516,0.15911999999999998,0.17651999999999998,9.457926267281106,0.005,,,,stpaul
2024-03-18,7040.0,0.0,5.0,0.072926875,0.08249374999999998,0.09224062499999999,0.131663125,0.180413125,0.15111312500000001,0.13829999999999998,0.14551,0.16341,9.451520737327188,0.005,,,,stpaul
2024-03-19,7070.0,0.0,5.555555555555555,0.0756,0.0827,0.0929,0.1268,0.1841,0.1531,0.125,0.1319,0.1503,9.445115207373272,0.005,,,,stpaul
2024-03-20,6630.0,0.0,5.0,0.10944,0.11112,0.11649,0.14888,0.18866000000000002,0.16339,0.14952,0.15521,0.17226999999999998,9.438709677419354,0.005,,,,stpaul
2024-03-21,6570.0,0.0,5.555555555555555,0.14328,0.13954,0.14007999999999998,0.17096,0.19322,0.17368,0.17404,0.17851999999999998,0.19424,9.432304147465437,0.005,,,,stpaul
2024-03-22,6720.0,0.18,5.555555555555555,0.17712,0.16796,0.16366999999999998,0.19304,0.19778,0.18397000000000002,0.19856,0.20183,0.21620999999999999,9.425898617511521,0.005,,,,stpaul
2024-03-23,6530.0,0.0,4.444444444444445,0.21095999999999998,0.19638,0.18725999999999998,0.21512,0.20234,0.19426000000000002,0.22308,0.22514,0.23818,9.419493087557603,0.005,,,,stpaul
2024-03-24,6710.0,0.0,5.555555555555555,0.24479999999999996,0.2248,0.21084999999999998,0.23720000000000002,0.2069,0.20455,0.2476,0.24845,0.26015,9.413087557603687,0.005,,,,stpaul
2024-03-25,7420.0,1.52,4.444444444444445,0.27864,0.25322,0.23443999999999998,0.25928,0.21145999999999998,0.21484,0.27212,0.27176,0.28212,9.406682027649769,0.005,,,,stpaul
2024-03-26,8480.0,1.02,4.444444444444445,0.31248,0.28164,0.25803,0.28136000000000005,0.21602,0.22513,0.29664,0.29507,0.30408999999999997,9.400276497695852,0.005,,,,stpaul
2024-03-27,8500.0,0.52,2.7777777777777777,0.34631999999999996,0.31006,0.28162,0.30344000000000004,0.22058,0.23542000000000002,0.32116,0.31838,0.32606,9.393870967741936,0.005,,,,stpaul
2024-03-28,8390.0,0.0,3.3333333333333335,0.38015999999999994,0.33848,0.30521,0.32552000000000003,0.22513999999999998,0.24570999999999998,0.34568,0.34169,0.34802999999999995,9.387465437788018,0.005,,,,stpaul
2024-03-29,8510.0,0.0,4.444444444444445,0.414,0.3669,0.3288,0.3476,0.2297,0.256,0.3702,0.365,0.37,9.381059907834102,0.005,,,,stpaul
2024-03-30,9090.0,0.0,5.555555555555555,0.3670857142857143,0.3268,0.29817142857142853,0.317,0.22365714285714286,0.24162857142857144,0.33847142857142853,0.3327,0.3412857142857143,9.374654377880184,0.005,,,,stpaul
2024-03-31,9730.0,0.0,6.111111111111111,0.32017142857142855,0.2867,0.26754285714285714,0.2864,0.2176142857142857,0.22725714285714285,0.3067428571428571,0.3004,0.31257142857142856,9.368248847926267,0.005,,,,stpaul
2024-04-01,9940.0,0.0,6.666666666666667,0.27325714285714287,0.24659999999999999,0.2369142857142857,0.2558,0.21157142857142858,0.2128857142857143,0.2750142857142857,0.2681,0.28385714285714286,9.361843317972351,0.005,,,,stpaul
2024-04-02,10300.0,0.02,6.111111111111111,0.22634285714285715,0.2065,0.2062857142857143,0.2252,0.20552857142857142,0.19851428571428573,0.24328571428571427,0.23579999999999998,0.2551428571428571,9.355437788018433,0.005,,,,stpaul
2024-04-03,10400.0,0.0,5.555555555555555,0.17942857142857144,0.1664,0.17565714285714285,0.1946,0.1994857142857143,0.18414285714285716,0.21155714285714283,0.2035,0.22642857142857142,9.349032258064517,0.005,,,,stpaul
2024-04-04,10700.0,0.0,6.111111111111111,0.13251428571428575,0.12629999999999997,0.14502857142857142,0.16399999999999998,0.19344285714285714,0.16977142857142857,0.17982857142857142,0.17119999999999996,0.19771428571428573,9.342626728110599,0.005,,,,stpaul
2024-04-05,11100.0,0.0,7.222222222222222,0.0856,0.0862,0.1144,0.1334,0.1874,0.1554,0.1481,0.1389,0.169,9.336221198156682,0.005,,,,stpaul
2024-04-06,11500.0,0.0,7.777777777777778,0.0828,0.08635999999999999,0.10896,0.13608,0.19078,0.15664,0.14550000000000002,0.14798,0.17198000000000002,9.329815668202764,0.005,,,,stpaul
2024-04-07,12300.0,0.01,8.88888888888889,0.08,0.08652,0.10352,0.13876,0.19416,0.15788,0.1429,0.15706,0.17496,9.323410138248848,0.005,,,,stpaul
2024-04-08,13800.0,1.03,8.333333333333334,0.07719999999999999,0.08668,0.09808,0.14144,0.19754000000000002,0.15912,0.1403,0.16614,0.17794000000000001,9.31700460829493,0.005,,,,stpaul
2024-04-09,14800.0,0.14,8.88888888888889,0.0744,0.08684,0.09264,0.14412,0.20092000000000002,0.16036,0.1377,0.17522,0.18092,9.310599078341014,0.005,,,,stpaul
2024-04-10,15800.0,0.01,10.0,0.0716,0.087,0.0872,0.1468,0.2043,0.1616,0.1351,0.1843,0.1839,9.304193548387097,0.005,,,,stpaul
2024-04-11,16300.0,0.0,11.11111111111111,0.07136666666666666,0.0831,0.0874,0.13953333333333334,0.19733333333333333,0.15933333333333333,0.1308,0.1712,0.1781,9.29778801843318,0.005,,,,stpaul
2024-04-12,17300.0,0.0,10.555555555555555,0.07113333333333334,0.0792,0.0876,0.13226666666666667,0.19036666666666668,0.15706666666666666,0.1265,0.1581,0.1723,9.291382488479263,0.005,,,,stpaul
2024-04-13,17700.0,0.0,11.666666666666666,0.0709,0.0753,0.0878,0.125,0.1834,0.1548,0.1222,0.145,0.1665,9.284976958525345,0.005,,,,stpaul
2024-04-14,17300.0,0.0,13.333333333333334,0.07236000000000001,0.07836,0.08938,0.12812,0.18184,0.1543,0.1235,0.14714,0.16654,9.278571428571428,0.005,,,,stpaul
2024-04-15,17100.0,0.0,13.88888888888889,0.07382000000000001,0.08142,0.09096,0.13124,0.18028,0.1538,0.12480000000000001,0.14928,0.16658,9.272165898617512,0.005,,,,stpaul
2024-04-16,17900.0,0.0,0.0,0.07528,0.08448,0.09254,0.13436,0.17872000000000002,0.1533,0.12610000000000002,0.15142,0.16662,9.265760368663594,0.005,,,,stpaul
2024-04-17,20000.0,1.02,12.777777777777779,0.07674,0.08754,0.09412,0.13748,0.17716,0.1528,0.1274,0.15356,0.16666,9.259354838709678,0.005,,,,stpaul
2024-04-18,22500.0,0.0,12.222222222222221,0.0782,0.0906,0.0957,0.1406,0.1756,0.1523,0.1287,0.1557,0.1667,9.25294930875576,0.005,,,,stpaul
2024-04-19,25200.0,0.0,11.11111111111111,0.08014285714285715,0.09268571428571429,0.09768571428571428,0.14485714285714285,0.17982857142857142,0.15367142857142857,0.1315,0.16144285714285714,0.1743142857142857,9.246543778801843,0.005,,,,stpaul
2024-04-20,27500.0,0.01,9.444444444444445,0.08208571428571429,0.09477142857142858,0.09967142857142856,0.14911428571428573,0.18405714285714286,0.15504285714285712,0.1343,0.1671857142857143,0.1819285714285714,9.240138248847927,0.005,,,,stpaul
2024-04-21,28200.0,0.0,9.444444444444445,0.08402857142857144,0.09685714285714286,0.10165714285714286,0.15337142857142858,0.18828571428571428,0.1564142857142857,0.1371,0.17292857142857143,0.18954285714285712,9.233732718894009,0.005,,,,stpaul
2024-04-22,28600.0,0.0,10.0,0.08597142857142857,0.09894285714285714,0.10364285714285715,0.15762857142857142,0.19251428571428572,0.15778571428571428,0.1399,0.17867142857142856,0.19715714285714286,9.227327188940093,0.005,,,,stpaul
2024-04-23,28300.0,0.02,10.0,0.08791428571428572,0.10102857142857143,0.10562857142857143,0.16188571428571427,0.19674285714285714,0.15915714285714286,0.1427,0.1844142857142857,0.20477142857142858,9.220921658986175,0.005,,,,stpaul
2024-04-24,27700.0,0.06,10.0,0.08985714285714286,0.10311428571428571,0.10761428571428572,0.16614285714285715,0.20097142857142858,0.1605285714285714,0.1455,0.19015714285714286,0.2123857142857143,9.214516129032258,0.005,,,,stpaul
2024-04-25,26300.0,0.0,11.11111111111111,0.0918,0.1052,0.1096,0.1704,0.2052,0.1619,0.1483,0.1959,0.22,9.20811059907834,0.005,,,,stpaul
2024-04-26,24500.0,0.0,11.666666666666666,0.0889,0.1024625,0.10727500000000001,0.16772499999999999,0.2011625,0.15835,0.1454875,0.19451249999999998,0.2172125,9.201705069124424,0.005,,,,stpaul
2024-04-27,23400.0,0.13,11.666666666666666,0.08600000000000001,0.09972500000000001,0.10495,0.16505,0.197125,0.1548,0.142675,0.193125,0.214425,9.195299539170506,0.005,,,,stpaul
2024-04-28,23600.0,0.0,6.666666666666667,0.08310000000000001,0.0969875,0.102625,0.162375,0.1930875,0.15125,0.1398625,0.1917375,0.2116375,9.18889400921659,0.005,,,,stpaul
2024-04-29,24700.0,0.57,11.666666666666666,0.0802,0.09425,0.1003,0.1597,0.18905,0.1477,0.13705,0.19035,0.20884999999999998,9.182488479262673,0.005,,,,stpaul
2024-04-30,29000.0,0.08,11.666666666666666,0.0773,0.0915125,0.097975,0.157025,0.1850125,0.14415,0.13423749999999998,0.18896249999999998,0.20606249999999998,9.176082949308755,0.005,,,,stpaul
2024-05-01,32400.0,0.58,12.777777777777779,0.0744,0.08877499999999999,0.09565,0.15435,0.180975,0.1406,0.131425,0.187575,0.20327499999999998,9.169677419354839,0.005,,,,stpaul
2024-05-02,35900.0,0.11,12.777777777777779,0.0715,0.0860375,0.09332499999999999,0.151675,0.1769375,0.13705,0.1286125,0.1861875,0.20048749999999999,9.16327188940092,0.005,,,,stpaul
2024-05-03,39300.0,0.82,6.111111111111111,0.0686,0.0833,0.091,0.149,0.1729,0.1335,0.1258,0.1848,0.1977,9.156866359447005,0.005,,,,stpaul
2024-05-04,42000.0,0.04,13.333333333333334,0.0743,0.08965000000000001,0.1017,0.1757,0.18585000000000002,0.1416,0.13895000000000002,0.19195,0.2183,9.150460829493088,0.005,,,,stpaul
2024-05-05,44300.0,0.48,12.777777777777779,0.08,0.096,0.1124,0.2024,0.1988,0.1497,0.1521,0.1991,0.2389,9.14405529953917,0.005,,,,stpaul
2024-05-06,46500.0,0.0,13.88888888888889,0.07873333333333334,0.09613333333333333,0.10806666666666667,0.1964,0.18986666666666666,0.14633333333333334,0.14966666666666667,0.1992,0.23533333333333334,9.137649769585254,0.005,,,,stpaul
2024-05-07,48600.0,0.31,14.444444444444445,0.07746666666666667,0.09626666666666667,0.10373333333333333,0.1904,0.18093333333333333,0.14296666666666666,0.14723333333333335,0.1993,0.23176666666666665,9.131244239631336,0.005,,,,stpaul
2024-05-08,49700.0,0.04,15.0,0.0762,0.0964,0.0994,0.1844,0.172,0.1396,0.1448,0.1994,0.2282,9.12483870967742,0.005,,,,stpaul
2024-05-09,50400.0,0.0,16.11111111111111,0.07728,0.09492,0.09712,0.17734,0.16598,0.13348,0.13868,0.18944,0.21475999999999998,9.118433179723503,0.005,,,,stpaul
2024-05-10,50500.0,0.0,16.11111111111111,0.07836,0.09344,0.09484,0.17028000000000001,0.15996,0.12736,0.13256,0.17948,0.20132,9.112027649769585,0.005,,,,stpaul
2024-05-11,50400.0,0.0,16.11111111111111,0.07944000000000001,0.09196,0.09256,0.16322,0.15394,0.12124,0.12644,0.16952,0.18788,9.105622119815669,0.005,,,,stpaul
2024-05-12,50000.0,0.0,16.666666666666668,0.08052000000000001,0.09047999999999999,0.09028,0.15616000000000002,0.14792,0.11512,0.12032,0.15956,0.17443999999999998,9.09921658986175,0.005,,,,stpaul
2024-05-13,49000.0,0.0,17.22222222222222,0.0816,0.089,0.088,0.1491,0.1419,0.109,0.1142,0.1496,0.161,9.092811059907834,0.005,,,,stpaul
2024-05-14,47800.0,0.0,17.77777777777778,0.0799135,0.08889025,0.08840624999999999,0.16164375,0.14791925,0.11223525,0.11874,0.15656,0.1724,9.086405529953916,0.005,,,,stpaul
2024-05-15,46300.0,0.0,17.77777777777778,0.07822699999999998,0.0887805,0.08881249999999999,0.1741875,0.1539385,0.11547049999999999,0.12328,0.16352,0.1838,9.08,0.005,,,,stpaul
2024-05-16,44400.0,0.15,18.333333333333332,0.07654049999999997,0.08867075,0.08921875,0.18673125000000002,0.15995775,0.11870575,0.12782,0.17048000000000002,0.19519999999999998,9.05639705882353,0.005,,,,stpaul
2024-05-17,42000.0,0.0,17.77777777777778,0.07485399999999995,0.088561,0.089625,0.199275,0.165977,0.121941,0.13236,0.17744000000000001,0.2066,9.03279411764706,0.005,,,,stpaul
2024-05-18,40100.0,0.0,18.88888888888889,0.07316749999999994,0.08845125000000001,0.09003125,0.21181875,0.17199625000000002,0.12517625,0.1369,0.1844,0.218,9.009191176470589,0.005,,,,stpaul
2024-05-19,37900.0,0.0,17.77777777777778,0.08229399999999995,0.09964100000000001,0.096345,0.213635,0.17119700000000002,0.12214099999999999,0.14004,0.18962,0.21952,8.985588235294118,0.005,,,,stpaul
2024-05-20,36000.0,0.3,18.88888888888889,0.09142049999999996,0.11083075,0.10265875,0.21545125,0.17039775000000001,0.11910575,0.14318,0.19484,0.22104,8.961985294117648,0.005,,,,stpaul
2024-05-21,35800.0,0.36,20.0,0.10054699999999998,0.1220205,0.1089725,0.2172675,0.1695985,0.1160705,0.14632,0.20006000000000002,0.22256,8.938382352941176,0.005,,,,stpaul
2024-05-22,37400.0,2.42,18.88888888888889,0.1096735,0.13321025,0.11528625,0.21908375000000002,0.16879925,0.11303525,0.14946,0.20528,0.22408,8.914779411764705,0.005,,,,stpaul
2024-05-23,37100.0,0.0,18.88888888888889,0.1188,0.1444,0.1216,0.2209,0.168,0.11,0.1526,0.2105,0.2256,8.891176470588235,0.005,,,,stpaul
2024-05-24,38800.0,0.0,20.0,0.09964124999999999,0.121860625,0.114693125,0.23204750000000002,0.172395625,0.12202812499999996,0.16295,0.215,0.24125000000000002,8.867573529411764,0.005,,,,stpaul
2024-05-25,40500.0,0.0,18.333333333333332,0.08048249999999996,0.09932125,0.10778625,0.243195,0.17679124999999996,0.13405624999999993,0.1733,0.2195,0.2569,8.843970588235294,0.005,,,,stpaul
2024-05-26,41400.0,0.0,18.88888888888889,0.09232166666666664,0.10821416666666667,0.11272416666666667,0.23746333333333333,0.17869416666666663,0.13720416666666663,0.17,0.22916666666666666,0.2522666666666667,8.820367647058823,0.005,,,,stpaul
2024-05-27,43000.0,0.0,18.333333333333332,0.10416083333333333,0.11710708333333333,0.11766208333333333,0.23173166666666667,0.18059708333333332,0.1403520833333333,0.1667,0.23883333333333334,0.24763333333333334,8.796764705882353,0.005,,,,stpaul
2024-05-28,44200.0,0.0,15.555555555555555,0.116,0.126,0.1226,0.226,0.1825,0.1435,0.1634,0.2485,0.243,8.773161764705883,0.005,,,,stpaul
2024-05-29,45000.0,0.13,17.77777777777778,0.11280000000000001,0.12331,0.1224,0.22566,0.18334,0.14417,0.16412,0.24792,0.2419,8.749558823529412,0.005,,,,stpaul
2024-05-30,45600.0,0.0,17.77777777777778,0.1096,0.12062,0.1222,0.22532,0.18417999999999998,0.14484,0.16484,0.24734,0.2408,8.725955882352942,0.005,,,,stpaul
2024-05-31,45700.0,0.18,-2.7777777777777777,0.10640000000000001,0.11793000000000001,0.122,0.22498,0.18502,0.14551,0.16555999999999998,0.24676,0.2397,8.702352941176471,0.005,,,,stpaul
2024-06-01,46400.0,1.16,17.77777777777778,0.1032,0.11524,0.1218,0.22464,0.18586,0.14618,0.16627999999999998,0.24618,0.2386,8.67875,0.005,,,,stpaul
2024-06-02,45100.0,0.0,18.88888888888889,0.1,0.11255,0.1216,0.2243,0.18669999999999998,0.14684999999999998,0.16699999999999998,0.24559999999999998,0.2375,8.655147058823529,0.005,,,,stpaul
2024-06-03,46000.0,1.07,20.0,0.0968,0.10986,0.1214,0.22396,0.18753999999999998,0.14751999999999998,0.16772,0.24502,0.2364,8.631544117647058,0.005,,,,stpaul
2024-06-04,48600.0,0.0,20.555555555555557,0.0936,0.10717,0.1212,0.22361999999999999,0.18838,0.14819,0.16844,0.24444,0.2353,8.607941176470588,0.005,,,,stpaul
2024-06-05,53000.0,0.9,19.444444444444443,0.09040000000000001,0.10447999999999999,0.121,0.22328,0.18922,0.14886,0.16916,0.24386,0.23420000000000002,8.584338235294117,0.005,,,,stpaul
2024-06-06,57100.0,0.02,20.0,0.0872,0.10178999999999999,0.1208,0.22294,0.19005999999999998,0.14953,0.16988,0.24328,0.2331,8.560735294117647,0.005,,,,stpaul
2024-06-07,60200.0,0.0,19.444444444444443,0.084,0.0991,0.1206,0.2226,0.1909,0.1502,0.1706,0.2427,0.232,8.537132352941176,0.005,,,,stpaul
2024-06-08,62400.0,0.06,20.0,0.09095,0.11124999999999999,0.1295,0.2368,0.20295,0.15239999999999998,0.16615000000000002,0.2524,0.2548,8.513529411764706,0.005,,,,stpaul
2024-06-09,63300.0,0.06,20.0,0.0979,0.1234,0.1384,0.251,0.215,0.1546,0.1617,0.2621,0.2776,8.489926470588236,0.005,,,,stpaul
2024-06-10,63300.0,0.0,19.444444444444443,0.0590775,0.0869625,0.0920774999999999,0.2458024999999999,0.1545575,0.1073124999999999,0.16522,0.26232,0.27964,8.466323529411765,0.005,,,,stpaul
2024-06-11,62100.0,0.05,20.0,0.063258125,0.091821875,0.09515812499999993,0.2543018749999999,0.171693125,0.12290937499999992,0.16874,0.26254,0.28168,8.442720588235295,0.005,,,,stpaul
2024-06-12,60500.0,0.05,18.88888888888889,0.06743875,0.09668125,0.09823874999999996,0.26280124999999993,0.18882875,0.13850624999999994,0.17226,0.26276,0.28372,8.419117647058824,0.005,,,,stpaul
2024-06-13,57900.0,0.73,20.0,0.071619375,0.101540625,0.10131937499999998,0.27130062499999996,0.20596437499999998,0.15410312499999995,0.17578,0.26298,0.28576,8.395514705882352,0.005,,,,stpaul
2024-06-14,54500.0,0.0,17.77777777777778,0.0758,0.1064,0.1044,0.2798,0.2231,0.1697,0.1793,0.2632,0.2878,8.371911764705882,0.005,,,,stpaul
2024-06-15,51500.0,0.0,21.666666666666668,0.07431708333333333,0.10428749999999999,0.10207375,0.277764375,0.21712229166666666,0.16381125,0.1769391304347826,0.2594565217391304,0.28370869565217394,8.348308823529411,0.005,,,,stpaul
2024-06-16,51800.0,1.61,21.11111111111111,0.07283416666666666,0.10217499999999999,0.0997475,0.27572874999999997,0.21114458333333333,0.15792249999999997,0.1745782608695652,0.25571304347826085,0.2796173913043478,8.32470588235294,0.005,,,,stpaul
2024-06-17,50400.0,0.63,22.22222222222222,0.07135124999999998,0.1000625,0.09742125,0.273693125,0.205166875,0.15203374999999997,0.17221739130434782,0.2519695652173913,0.27552608695652175,8.30110294117647,0.005,,,,stpaul
2024-06-18,50600.0,0.47,21.666666666666668,0.06986833333333331,0.09795,0.095095,0.2716575,0.19918916666666667,0.14614499999999997,0.16985652173913043,0.24822608695652174,0.27143478260869564,8.2775,0.005,,,,stpaul
2024-06-19,52100.0,0.47,21.11111111111111,0.06838541666666663,0.09583749999999999,0.09276875000000001,0.269621875,0.1932114583333333,0.14025624999999994,0.16749565217391305,0.24448260869565216,0.26734347826086957,8.25389705882353,0.005,,,,stpaul
2024-06-20,56000.0,0.0,21.11111111111111,0.06690249999999995,0.093725,0.09044250000000001,0.26758625,0.18723374999999998,0.13436749999999995,0.16513478260869563,0.2407391304347826,0.2632521739130435,8.230294117647059,0.005,,,,stpaul
2024-06-21,60800.0,0.0,21.11111111111111,0.06541958333333328,0.0916125,0.08811625000000001,0.265550625,0.18125604166666665,0.12847874999999992,0.16277391304347824,0.23699565217391305,0.2591608695652174,8.206691176470589,0.005,,,,stpaul
2024-06-22,66200.0,0.0,20.555555555555557,0.0639366666666666,0.0895,0.08579,0.263515,0.1752783333333333,0.12258999999999992,0.16041304347826085,0.23325217391304348,0.2550695652173913,8.183088235294118,0.005,,,,stpaul
2024-06-23,71900.0,0.0,20.0,0.062453749999999926,0.08738749999999999,0.08346375,0.261479375,0.16930062499999998,0.11670124999999992,0.15805217391304346,0.2295086956521739,0.2509782608695652,8.159485294117648,0.005,,,,stpaul
2024-06-24,79900.0,0.0,20.555555555555557,0.06097083333333325,0.08527499999999999,0.0811375,0.25944375,0.16332291666666665,0.11081249999999991,0.15569130434782608,0.22576521739130434,0.24688695652173914,8.135882352941177,0.005,,,,stpaul
2024-06-25,89100.0,0.0,21.666666666666668,0.05948791666666657,0.0831625,0.07881125,0.257408125,0.15734520833333332,0.1049237499999999,0.1533304347826087,0.22202173913043477,0.24279565217391305,8.112279411764705,0.005,,,,stpaul
2024-06-26,98300.0,0.0,19.72222222222222,0.0580049999999999,0.08105,0.076485,0.2553725,0.1513675,0.0990349999999999,0.1509695652173913,0.2182782608695652,0.23870434782608696,8.088676470588235,0.005,,,,stpaul
2024-06-27,107000.0,0.0,17.77777777777778,0.0615499999999999,0.0817,0.07660454545454545,0.24550227272727274,0.1514431818181818,0.10017727272727264,0.1486086956521739,0.21453478260869566,0.2346130434782609,8.065073529411764,0.005,,,,stpaul
2024-06-28,113000.0,0.0,21.666666666666668,0.06509499999999992,0.08234999999999999,0.07672409090909091,0.23563204545454547,0.15151886363636363,0.10131954545454537,0.14624782608695652,0.2107913043478261,0.23052173913043478,8.041470588235294,0.005,,,,stpaul
2024-06-29,114000.0,0.0,21.666666666666668,0.06863999999999992,0.083,0.07684363636363636,0.22576181818181817,0.15159454545454545,0.10246181818181811,0.1438869565217391,0.20704782608695652,0.2264304347826087,8.017867647058823,0.005,,,,stpaul
2024-06-30,111000.0,0.0,21.666666666666668,0.07218499999999993,0.08365,0.07696318181818182,0.2158915909090909,0.15167022727272728,0.10360409090909085,0.14152608695652175,0.20330434782608697,0.22233913043478262,7.994264705882353,0.005,,,,stpaul
2024-07-01,106000.0,0.0,22.22222222222222,0.07572999999999994,0.0843,0.07708272727272727,0.20602136363636364,0.1517459090909091,0.10474636363636358,0.13916521739130433,0.1995608695652174,0.21824782608695653,7.970661764705882,0.005,,,,stpaul
2024-07-02,99600.0,0.0,21.666666666666668,0.07927499999999996,0.08495,0.07720227272727272,0.19615113636363637,0.1518215909090909,0.10588863636363632,0.13680434782608694,0.19581739130434783,0.21415652173913047,7.947058823529412,0.005,,,,stpaul
2024-07-03,93700.0,0.0,21.666666666666668,0.08281999999999996,0.0856,0.07732181818181817,0.1862809090909091,0.15189727272727271,0.10703090909090907,0.13444347826086955,0.19207391304347826,0.21006521739130435,7.9234558823529415,0.005,,,,stpaul
2024-07-04,88400.0,0.0,21.666666666666668,0.08636499999999997,0.08625,0.07744136363636363,0.1764106818181818,0.15197295454545454,0.1081731818181818,0.13208260869565216,0.1883304347826087,0.20597391304347829,7.89985294117647,0.005,,,,stpaul
2024-07-05,83000.0,0.52,12.777777777777779,0.08990999999999999,0.0869,0.07756090909090908,0.16654045454545457,0.15204863636363636,0.10931545454545454,0.12972173913043478,0.18458695652173912,0.2018826086956522,7.87625,0.005,,,,stpaul
2024-07-06,77900.0,0.06,16.666666666666668,0.09345499999999998,0.08755,0.07768045454545454,0.15667022727272728,0.15212431818181818,0.11045772727272726,0.1273608695652174,0.18084347826086958,0.1977913043478261,7.852647058823529,0.005,,,,stpaul
2024-07-07,73500.0,0.03,21.666666666666668,0.097,0.0882,0.0778,0.1468,0.1522,0.1116,0.125,0.1771,0.1937,7.829044117647059,0.005,,,,stpaul
2024-07-08,69900.0,0.0,22.22222222222222,0.0786,0.0712,0.06475,0.11115,0.10425000000000001,0.0733,0.0933,0.12695,0.14200000000000002,7.8054411764705875,0.005,,,,stpaul
2024-07-09,66900.0,0.0,22.77777777777778,0.0602,0.0542,0.0517,0.0755,0.0563,0.035,0.0616,0.0768,0.0903,7.781838235294117,0.005,,,,stpaul
2024-07-10,64000.0,0.05,23.333333333333332,0.06540749999999998,0.06543541666666665,0.06254416666666666,0.11692625000000001,0.09136625000000001,0.06034958333333332,0.08783333333333333,0.11736666666666667,0.1267,7.758235294117647,0.005,,,,stpaul
2024-07-11,61600.0,0.0,23.333333333333332,0.07061499999999996,0.0766708333333333,0.07338833333333333,0.1583525,0.1264325,0.08569916666666663,0.11406666666666668,0.15793333333333334,0.16310000000000002,7.734632352941176,0.005,,,,stpaul
2024-07-12,59200.0,0.0,22.77777777777778,0.07582249999999995,0.08790624999999995,0.0842325,0.19977875,0.16149875000000002,0.11104874999999995,0.1403,0.1985,0.1995,7.711029411764706,0.005,,,,stpaul
2024-07-13,57100.0,0.0,22.77777777777778,0.07925799999999995,0.08960499999999996,0.087086,0.196283,0.164639,0.11557899999999996,0.13944,0.1946,0.20004,7.687426470588235,0.005,,,,stpaul
2024-07-14,55600.0,0.85,23.88888888888889,0.08269349999999996,0.09130374999999998,0.0899395,0.19278725,0.16777925000000002,0.12010924999999997,0.13858,0.1907,0.20058,7.663823529411765,0.005,,,,stpaul
2024-07-15,53400.0,0.0,25.0,0.08612899999999998,0.09300249999999997,0.092793,0.1892915,0.1709195,0.12463949999999999,0.13772,0.1868,0.20112,7.640220588235294,0.005,,,,stpaul
2024-07-16,50200.0,0.21,24.444444444444443,0.08956449999999999,0.09470124999999999,0.09564650000000001,0.18579574999999998,0.17405975,0.12916975,0.13686,0.1829,0.20166,7.616617647058823,0.005,,,,stpaul
2024-07-17,46900.0,0.0,22.22222222222222,0.093,0.0964,0.0985,0.1823,0.1772,0.1337,0.136,0.179,0.2022,7.593014705882353,0.005,,,,stpaul
2024-07-18,43700.0,0.0,23.88888888888889,0.1042,0.1104,0.11395,0.20395,0.20174999999999998,0.1558,0.15610000000000002,0.20445,0.22775,7.569411764705882,0.005,,,,stpaul
2024-07-19,40800.0,0.0,18.88888888888889,0.1154,0.1244,0.1294,0.2256,0.2263,0.1779,0.1762,0.2299,0.2533,7.545808823529411,0.005,,,,stpaul
2024-07-20,38400.0,0.0,22.22222222222222,0.10846666666666667,0.11993333333333334,0.12279999999999999,0.21093333333333333,0.2148,0.1624,0.16233333333333333,0.2243,0.2416,7.5222058823529405,0.005,,,,stpaul
2024-07-21,37100.0,0.0,24.444444444444443,0.10153333333333334,0.11546666666666666,0.1162,0.19626666666666667,0.2033,0.1469,0.14846666666666666,0.2187,0.22990000000000002,7.49860294117647,0.005,,,,stpaul
2024-07-22,34800.0,0.5,24.444444444444443,0.0946,0.111,0.1096,0.1816,0.1918,0.1314,0.1346,0.2131,0.2182,7.475,0.005,,,,stpaul
2024-07-23,32800.0,0.0,24.444444444444443,0.125,0.1354,0.13540000000000002,0.2074,0.2207,0.1566,0.16565000000000002,0.22605,0.24345,7.54452380952381,0.005,,,,stpaul
2024-07-24,30900.0,0.0,23.88888888888889,0.1554,0.1598,0.1612,0.2332,0.2496,0.1818,0.1967,0.239,0.2687,7.614047619047619,0.005,,,,stpaul
2024-07-25,29200.0,0.0,24.444444444444443,0.13013333333333335,0.1382,0.13873333333333335,0.21936666666666665,0.22973333333333332,0.1681,0.17913333333333334,0.22123333333333334,0.25403333333333333,7.683571428571429,0.005,,,,stpaul
2024-07-26,28100.0,0.0,24.166666666666664,0.10486666666666666,0.11660000000000001,0.11626666666666666,0.20553333333333335,0.20986666666666667,0.15439999999999998,0.16156666666666666,0.20346666666666666,0.23936666666666667,7.753095238095238,0.005,,,,stpaul
2024-07-27,25000.0,0.0,23.88888888888889,0.0796,0.095,0.0938,0.1917,0.19,0.1407,0.144,0.1857,0.2247,7.822619047619048,0.005,,,,stpaul
2024-07-28,22400.0,0.0,25.555555555555557,0.044915,0.0722225,0.0660625,0.2426125,0.1524125,0.1008775,0.42325,0.45200000000000007,0.4714,7.892142857142857,0.005,,,,stpaul
2024-07-29,22200.0,0.0,26.11111111111111,0.6344,0.626,0.6276,0.7104,0.7375,0.6244,0.7025,0.7183,0.7181,7.961666666666667,0.005,,,,stpaul
2024-07-30,21300.0,0.0,26.666666666666668,0.52304,0.51776,0.52,0.61572,0.6310600000000001,0.5296799999999999,0.59014,0.61644,0.62022,8.031190476190476,0.005,,,,stpaul
2024-07-31,21000.0,0.0,26.296296296296298,0.41168,0.40952,0.41240000000000004,0.52104,0.5246200000000001,0.43495999999999996,0.47778,0.51458,0.52234,8.100714285714286,0.005,,,,stpaul
2024-08-01,22000.0,1.68,25.925925925925927,0.30032000000000003,0.30128,0.30480000000000007,0.42635999999999996,0.41818,0.34024,0.36541999999999997,0.41272,0.42445999999999995,8.170238095238096,0.005,,,,stpaul
2024-08-02,23400.0,0.32,25.555555555555557,0.18896000000000002,0.19304,0.19720000000000004,0.33168,0.31174,0.24551999999999996,0.25305999999999995,0.31085999999999997,0.32658,8.239761904761904,0.005,,,,stpaul
2024-08-03,24500.0,0.0,26.11111111111111,0.0776,0.0848,0.0896,0.237,0.2053,0.1508,0.1407,0.209,0.2287,8.309285714285714,0.005,,,,stpaul
2024-08-04,26000.0,0.07,25.833333333333336,0.075,0.08216666666666667,0.0873,0.21559999999999999,0.19153333333333333,0.14366666666666666,0.13473333333333332,0.1974,0.22483333333333333,8.378809523809524,0.005,,,,stpaul
2024-08-05,28400.0,0.07,25.555555555555557,0.0724,0.07953333333333333,0.08499999999999999,0.1942,0.17776666666666668,0.1365333333333333,0.12876666666666667,0.1858,0.22096666666666664,8.448333333333334,0.005,,,,stpaul
2024-08-06,31200.0,1.07,23.333333333333332,0.0698,0.0769,0.0827,0.1728,0.164,0.1294,0.1228,0.1742,0.2171,8.517857142857142,0.005,,,,stpaul
2024-08-07,31700.0,0.0,23.88888888888889,0.08045,0.09175,0.09275,0.1935,0.1819,0.13795,0.1453,0.1871,0.22555,8.587380952380952,0.005,,,,stpaul
2024-08-08,31200.0,0.03,23.333333333333332,0.0911,0.1066,0.1028,0.2142,0.1998,0.1465,0.1678,0.2,0.234,8.656904761904762,0.005,,,,stpaul
2024-08-09,30500.0,0.0,21.666666666666668,0.081,0.09486666666666667,0.09453333333333333,0.1958,0.18596666666666667,0.13576666666666665,0.1507,0.18556666666666669,0.21443333333333334,8.726428571428572,0.005,,,,stpaul
2024-08-10,29600.0,0.0,21.11111111111111,0.0709,0.08313333333333334,0.08626666666666667,0.1774,0.17213333333333333,0.12503333333333333,0.1336,0.17113333333333333,0.1948666666666667,8.795952380952382,0.005,,,,stpaul
2024-08-11,28600.0,0.0,21.666666666666668,0.0608,0.0714,0.078,0.159,0.1583,0.1143,0.1165,0.1567,0.1753,8.86547619047619,0.005,,,,stpaul
2024-08-12,27100.0,0.0,21.11111111111111,0.067595,0.079650625,0.08359625000000001,0.180018125,0.162873125,0.11612375,0.1342,0.1869,0.20900000000000002,8.935,0.005,,,,stpaul
2024-08-13,25100.0,0.0,22.22222222222222,0.07439,0.08790125,0.08919250000000001,0.20103625,0.16744625000000002,0.11794750000000001,0.1519,0.2171,0.2427,8.938979591836736,0.005,,,,stpaul
2024-08-14,23400.0,0.0,22.77777777777778,0.07899199999999999,0.091761,0.09183400000000001,0.204069,0.174157,0.12249800000000001,0.15180000000000002,0.21758,0.24566,8.94295918367347,0.005,,,,stpaul
2024-08-15,22900.0,0.0,22.77777777777778,0.083594,0.09562075,0.0944755,0.20710175,0.18086775000000002,0.1270485,0.1517,0.21806,0.24862,8.946938775510205,0.005,,,,stpaul
2024-08-16,22100.0,0.0,22.77777777777778,0.088196,0.0994805,0.09711700000000001,0.2101345,0.1875785,0.131599,0.1516,0.21853999999999998,0.25158,8.950918367346938,0.005,,,,stpaul
2024-08-17,21500.0,0.0,23.333333333333332,0.09279799999999999,0.10334025000000001,0.0997585,0.21316725,0.19428925000000002,0.1361495,0.1515,0.21902,0.25454,8.954897959183674,0.005,,,,stpaul
2024-08-18,20300.0,0.0,23.333333333333332,0.0974,0.1072,0.1024,0.2162,0.201,0.1407,0.1514,0.2195,0.2575,8.958877551020409,0.005,,,,stpaul
2024-08-19,19200.0,0.0,23.88888888888889,0.1212,0.12732000000000002,0.12044,0.23172,0.21138,0.14992,0.16578,0.22844,0.26416,8.962857142857143,0.005,,,,stpaul
2024-08-20,18400.0,0.0,23.61111111111111,0.14500000000000002,0.14744000000000002,0.13848,0.24724000000000002,0.22176,0.15914,0.18016000000000001,0.23738,0.27082,8.966836734693878,0.005,,,,stpaul
2024-08-21,17600.0,0.0,23.333333333333332,0.1688,0.16756000000000001,0.15652,0.26276,0.23214,0.16836,0.19454,0.24631999999999998,0.27748,8.970816326530613,0.005,,,,stpaul
2024-08-22,17000.0,0.0,22.77777777777778,0.1926,0.18768,0.17456,0.27828,0.24252,0.17758,0.20892,0.25526,0.28414,8.974795918367347,0.005,,,,stpaul
2024-08-23,16400.0,0.12,23.055555555555557,0.2164,0.2078,0.1926,0.2938,0.2529,0.1868,0.2233,0.2642,0.2908,8.978775510204082,0.005,,,,stpaul
2024-08-24,16200.0,0.0,23.333333333333332,0.19077541666666667,0.18673458333333334,0.173935,0.28963208333333335,0.23742625,0.17220458333333333,0.2111875,0.25225,0.2767875,8.982755102040816,0.005,,,,stpaul
2024-08-25,15800.0,0.0,23.88888888888889,0.16515083333333333,0.16566916666666667,0.15527,0.2854641666666667,0.2219525,0.15760916666666666,0.199075,0.24029999999999999,0.262775,8.986734693877551,0.005,,,,stpaul
2024-08-26,15300.0,0.0,25.0,0.13952625000000002,0.14460375,0.136605,0.28129625,0.20647875,0.14301375,0.1869625,0.22835,0.2487625,8.990714285714287,0.005,,,,stpaul
2024-08-27,16200.0,1.62,25.0,0.11390166666666666,0.12353833333333333,0.11794,0.2771283333333333,0.191005,0.12841833333333333,0.17485,0.21639999999999998,0.23475000000000001,8.99469387755102,0.005,,,,stpaul
2024-08-28,15600.0,0.05,21.296296296296298,0.08827708333333334,0.10247291666666666,0.099275,0.27296041666666665,0.17553125,0.11382291666666666,0.1627375,0.20445,0.2207375,8.998673469387755,0.005,,,,stpaul
2024-08-29,15300.0,0.0,17.59259259259259,0.0626525,0.0814075,0.08061,0.2687925,0.1600575,0.0992275,0.150625,0.1925,0.206725,9.002653061224489,0.005,,,,stpaul
2024-08-30,15400.0,2.36,13.88888888888889,0.06092625,0.07350375,0.074905,0.20724625,0.16157875,0.10861375,0.1385125,0.18055,0.1927125,9.006632653061224,0.005,,,,stpaul
2024-08-31,15400.0,0.0,23.88888888888889,0.0592,0.0656,0.0692,0.1457,0.1631,0.118,0.1264,0.1686,0.1787,9.01061224489796,0.005,,,,stpaul
2024-09-01,15600.0,0.0,23.333333333333332,0.07150000000000001,0.0763,0.0789,0.15885,0.1689,0.129,0.127,0.1837,0.20155,9.014591836734693,0.005,,,,stpaul
2024-09-02,15300.0,0.0,22.77777777777778,0.0838,0.087,0.0886,0.172,0.1747,0.14,0.1276,0.1988,0.2244,9.018571428571429,0.005,,,,stpaul
2024-09-03,15300.0,0.0,22.22222222222222,0.0822,0.08879999999999999,0.08646666666666666,0.1723333333333333,0.17303333333333332,0.139,0.128,0.19176666666666667,0.21483333333333332,9.022551020408162,0.005,,,,stpaul
2024-09-04,13800.0,0.0,22.22222222222222,0.0806,0.0906,0.08433333333333333,0.17266666666666666,0.17136666666666667,0.138,0.1284,0.18473333333333333,0.20526666666666668,9.026530612244898,0.005,,,,stpaul
2024-09-05,13200.0,0.04,22.22222222222222,0.079,0.0924,0.0822,0.173,0.1697,0.137,0.1288,0.1777,0.1957,9.030510204081633,0.005,,,,stpaul
2024-09-06,12600.0,0.0,22.22222222222222,0.07424624999999999,0.084383125,0.080105,0.19523187499999997,0.161235625,0.12021000000000001,0.12755,0.19225,0.197,9.034489795918367,0.005,,,,stpaul
2024-09-07,12000.0,0.22,21.666666666666668,0.06949249999999996,0.07636625,0.07801,0.21746374999999996,0.15277125,0.10342000000000001,0.1263,0.2068,0.1983,9.038469387755102,0.005,,,,stpaul
2024-09-08,11900.0,0.0,21.666666666666668,0.07715399999999997,0.083893,0.083288,0.21169099999999996,0.159577,0.10995600000000001,0.13028,0.20900000000000002,0.20408,9.042448979591837,0.005,,,,stpaul
2024-09-09,11100.0,0.0,21.666666666666668,0.08481549999999997,0.09141975,0.088566,0.20591824999999997,0.16638275,0.11649200000000001,0.13426,0.2112,0.20986000000000002,9.04642857142857,0.005,,,,stpaul
2024-09-10,10700.0,0.0,13.333333333333334,0.09247699999999999,0.09894649999999999,0.09384400000000001,0.20014549999999998,0.1731885,0.123028,0.13824,0.2134,0.21564,9.050408163265306,0.005,,,,stpaul
2024-09-11,10400.0,0.01,21.666666666666668,0.10013849999999999,0.10647325,0.099122,0.19437274999999998,0.17999425,0.129564,0.14221999999999999,0.21559999999999999,0.22142,9.05438775510204,0.005,,,,stpaul
2024-09-12,9880.0,0.0,22.22222222222222,0.1078,0.114,0.1044,0.1886,0.1868,0.1361,0.1462,0.2178,0.2272,9.058367346938775,0.005,,,,stpaul
2024-09-13,9500.0,0.0,22.77777777777778,0.09606,0.10386000000000001,0.09596,0.18108,0.17764,0.12928,0.1375,0.20808,0.21522000000000002,9.06234693877551,0.005,,,,stpaul
2024-09-14,9610.0,0.0,22.77777777777778,0.08432,0.09372,0.08752,0.17356,0.16848,0.12246,0.1288,0.19835999999999998,0.20324,9.066326530612244,0.005,,,,stpaul
2024-09-15,9180.0,0.0,22.77777777777778,0.07258,0.08358,0.07908000000000001,0.16604,0.15932,0.11563999999999999,0.1201,0.18863999999999997,0.19126,9.07030612244898,0.005,,,,stpaul
2024-09-16,9090.0,0.0,23.88888888888889,0.06084,0.07344,0.07064000000000001,0.15852,0.15016,0.10882,0.1114,0.17892,0.17928,9.074285714285713,0.005,,,,stpaul
2024-09-17,9030.0,0.0,23.88888888888889,0.0491,0.0633,0.0622,0.151,0.141,0.102,0.1027,0.1692,0.1673,9.078265306122448,0.005,,,,stpaul
2024-09-18,8820.0,0.0,22.77777777777778,0.045233333333333334,0.059666666666666666,0.0606,0.15693333333333334,0.14823333333333333,0.10803333333333333,0.10683333333333334,0.16746666666666665,0.16983333333333334,9.082244897959184,0.005,,,,stpaul
2024-09-19,8530.0,0.08,23.333333333333332,0.04136666666666666,0.05603333333333333,0.059,0.16286666666666666,0.15546666666666667,0.11406666666666666,0.11096666666666666,0.16573333333333334,0.17236666666666667,9.086224489795917,0.005,,,,stpaul
2024-09-20,8230.0,0.48,23.88888888888889,0.0375,0.0524,0.0574,0.1688,0.1627,0.1201,0.1151,0.164,0.1749,9.090204081632653,0.005,,,,stpaul
2024-09-21,8190.0,0.0,23.333333333333332,0.048049999999999995,0.067,0.0644,0.1874,0.17195,0.13075,0.12434999999999999,0.17295,0.1926,9.094183673469388,0.005,,,,stpaul
2024-09-22,7960.0,0.0,22.22222222222222,0.0586,0.0816,0.0714,0.206,0.1812,0.1414,0.1336,0.1819,0.2103,9.098163265306122,0.005,,,,stpaul
2024-09-23,7990.0,0.0,21.11111111111111,0.0547325,0.0660625,0.0587475,0.2225099999999999,0.1344274999999999,0.0886675,0.13019999999999998,0.17533333333333334,0.20193333333333333,9.102142857142857,0.005,,,,stpaul
2024-09-24,7630.0,0.0,21.11111111111111,0.05681625,0.06778125,0.06547375,0.19185499999999994,0.14801374999999994,0.10613375,0.1268,0.16876666666666668,0.19356666666666666,9.10612244897959,0.005,,,,stpaul
2024-09-25,7410.0,0.0,21.11111111111111,0.0589,0.0695,0.0722,0.1612,0.1616,0.1236,0.1234,0.1622,0.1852,9.110102040816326,0.005,,,,stpaul
2024-09-26,7480.0,0.0,21.666666666666668,0.05375,0.06230000000000001,0.0678,0.18630000000000002,0.1658,0.124,0.12235,0.17195,0.19585,9.114081632653061,0.005,,,,stpaul
2024-09-27,7070.0,0.0,21.666666666666668,0.0486,0.0551,0.0634,0.2114,0.17,0.1244,0.1213,0.1817,0.2065,9.118061224489795,0.005,,,,stpaul
2024-09-28,6970.0,0.0,17.22222222222222,0.04931208333333333,0.05844541666666667,0.06347791666666665,0.19498625,0.16161291666666666,0.11714833333333331,0.1246,0.17176666666666668,0.19553333333333334,9.12204081632653,0.005,,,,stpaul
2024-09-29,7150.0,0.0,21.666666666666668,0.05002416666666666,0.061790833333333336,0.0635558333333333,0.1785725,0.15322583333333334,0.10989666666666664,0.1279,0.16183333333333333,0.18456666666666666,9.126020408163264,0.005,,,,stpaul
2024-09-30,7130.0,0.0,22.22222222222222,0.05073625,0.06513625,0.06363374999999995,0.16215875,0.14483875,0.10264499999999996,0.1312,0.1519,0.1736,9.129999999999999,0.005,,,,stpaul
2024-10-01,6710.0,0.0,20.555555555555557,0.055168125,0.065868125,0.06001687499999997,0.184079375,0.159119375,0.11522249999999998,0.132,0.16355,0.1855,9.129999999999999,0.005,,,,stpaul
2024-10-02,6760.0,0.0,18.88888888888889,0.0596,0.0666,0.0564,0.206,0.1734,0.1278,0.1328,0.1752,0.1974,9.129999999999999,0.005,,,,stpaul
2024-10-03,6130.0,0.0,18.88888888888889,0.063,0.07126666666666667,0.06526666666666667,0.1901,0.1675,0.12586666666666665,0.13366666666666666,0.1713,0.19573333333333331,9.129999999999999,0.005,,,,stpaul
2024-10-04,5980.0,0.0,18.333333333333332,0.0664,0.07593333333333334,0.07413333333333333,0.1742,0.1616,0.12393333333333333,0.13453333333333334,0.1674,0.19406666666666667,9.129999999999999,0.005,,,,stpaul
2024-10-05,5950.0,0.0,18.333333333333332,0.0698,0.0806,0.083,0.1583,0.1557,0.122,0.1354,0.1635,0.1924,9.129999999999999,0.005,,,,stpaul
2024-10-06,6020.0,0.0,17.22222222222222,0.06443,0.07408000000000001,0.07602,0.14762999999999998,0.14279,0.11202999999999999,0.12422,0.15036,0.17715999999999998,9.129999999999999,0.005,,,,stpaul
2024-10-07,5990.0,0.0,16.666666666666668,0.05906,0.06756000000000001,0.06904,0.13696,0.12988,0.10206,0.11304,0.13722,0.16191999999999998,9.129999999999999,0.005,,,,stpaul
2024-10-08,5820.0,0.0,16.666666666666668,0.05369,0.061040000000000004,0.062060000000000004,0.12629,0.11697,0.09209,0.10185999999999999,0.12408,0.14667999999999998,9.129999999999999,0.005,,,,stpaul
2024-10-09,5630.0,0.0,16.666666666666668,0.04832,0.05452,0.055080000000000004,0.11562,0.10406000000000001,0.08212,0.09068,0.11094,0.13144,9.129999999999999,0.005,,,,stpaul
2024-10-10,5650.0,0.0,16.666666666666668,0.04295,0.048,0.048100000000000004,0.10495,0.09115000000000001,0.07214999999999999,0.0795,0.0978,0.1162,9.129999999999999,0.005,,,,stpaul
2024-10-11,6080.0,0.0,17.22222222222222,0.03758,0.04148,0.041120000000000004,0.09428,0.07824,0.06218,0.06831999999999999,0.08465999999999999,0.10096,9.129999999999999,0.005,,,,stpaul
2024-10-12,5810.0,0.0,17.22222222222222,0.03221,0.03496,0.034140000000000004,0.08361,0.06533000000000001,0.052210000000000006,0.057139999999999996,0.07151999999999999,0.08572,9.129999999999999,0.005,,,,stpaul
2024-10-13,5670.0,0.01,16.11111111111111,0.026840000000000003,0.02844,0.027160000000000004,0.07294,0.05242000000000001,0.04224,0.04596,0.05837999999999999,0.07048,9.129999999999999,0.005,,,,stpaul
2024-10-14,5650.0,0.0,13.88888888888889,0.021470000000000003,0.021920000000000002,0.020180000000000003,0.062270000000000006,0.03951,0.03226999999999999,0.034780000000000005,0.04523999999999999,0.05524000000000001,9.129999999999999,0.005,,,,stpaul
2024-10-15,5330.0,0.0,13.333333333333334,0.0161,0.0154,0.0132,0.0516,0.0266,0.0223,0.0236,0.0321,0.04,9.129999999999999,0.005,,,,stpaul
2024-10-16,5260.0,0.0,13.333333333333334,0.0466475,0.0557774999999999,0.065375,0.1604975,0.1045625,0.07071,0.07315,0.10195000000000001,0.1187,9.129999999999999,0.005,,,,stpaul
2024-10-17,5580.0,0.0,13.333333333333334,0.0736,0.081,0.0878,0.1674,0.1626,0.1212,0.1227,0.1718,0.1974,9.129999999999999,0.005,,,,stpaul
2024-10-18,5190.0,0.0,12.777777777777779,0.07206666666666667,0.07826666666666666,0.08926666666666667,0.1598,0.1641,0.11926666666666667,0.132,0.1652,0.18533333333333332,9.129999999999999,0.005,,,,stpaul
2024-10-19,5100.0,0.0,13.333333333333334,0.07053333333333334,0.07553333333333334,0.09073333333333333,0.1522,0.1656,0.11733333333333333,0.1413,0.1586,0.17326666666666668,9.129999999999999,0.005,,,,stpaul
2024-10-20,5510.0,0.0,13.88888888888889,0.069,0.0728,0.0922,0.1446,0.1671,0.1154,0.1506,0.152,0.1612,9.129999999999999,0.005,,,,stpaul
2024-10-21,5860.0,0.0,15.0,0.06908824999999999,0.07321399999999999,0.09308275,0.14932025000000002,0.16241599999999998,0.11269625,0.14536000000000002,0.15128,0.16154000000000002,9.129999999999999,0.005,,,,stpaul
2024-10-22,5860.0,0.0,15.555555555555555,0.06917649999999999,0.07362799999999997,0.09396550000000001,0.1540405,0.15773199999999998,0.1099925,0.14012,0.15056,0.16188,9.129999999999999,0.005,,,,stpaul
2024-10-23,5530.0,0.0,15.0,0.06926474999999997,0.07404199999999997,0.09484825,0.15876075,0.15304799999999996,0.10728875,0.13488,0.14984,0.16222,9.129999999999999,0.005,,,,stpaul
2024-10-24,5510.0,0.0,15.0,0.06935299999999997,0.07445599999999995,0.095731,0.163481,0.14836399999999997,0.10458500000000001,0.12964,0.14912,0.16255999999999998,9.129999999999999,0.005,,,,stpaul
2024-10-25,5510.0,0.43,13.88888888888889,0.06944124999999995,0.07486999999999994,0.09661375,0.16820125,0.14367999999999995,0.10188125,0.1244,0.1484,0.1629,9.129999999999999,0.005,,,,stpaul
2024-10-26,5210.0,0.0,13.333333333333334,0.06798588235294113,0.07292470588235288,0.09489529411764706,0.16424235294117648,0.14456941176470584,0.10313529411764706,0.1241235294117647,0.14907058823529412,0.16206470588235294,9.129999999999999,0.005,,,,stpaul
2024-10-27,5310.0,0.0,13.333333333333334,0.06653051470588231,0.07097941176470583,0.09317683823529412,0.16028345588235293,0.14545882352941172,0.10438933823529413,0.12384705882352941,0.14974117647058824,0.16122941176470587,9.129999999999999,0.005,,,,stpaul
2024-10-28,5340.0,0.0,13.333333333333334,0.06507514705882349,0.06903411764705877,0.09145838235294118,0.1563245588235294,0.1463482352941176,0.10564338235294118,0.12357058823529411,0.15041176470588236,0.16039411764705883,9.129999999999999,0.005,,,,stpaul
2024-10-29,5240.0,0.0,13.88888888888889,0.06361977941176467,0.06708882352941171,0.08973992647058823,0.1523656617647059,0.1472376470588235,0.10689742647058824,0.12329411764705882,0.15108235294117647,0.15955882352941175,9.129999999999999,0.005,,,,stpaul
2024-10-30,5910.0,0.0,15.555555555555555,0.06216441176470585,0.06514352941176466,0.0880214705882353,0.14840676470588235,0.14812705882352936,0.1081514705882353,0.12301764705882352,0.1517529411764706,0.1587235294117647,9.129999999999999,0.005,,,,stpaul
2024-10-31,7220.0,0.2,15.0,0.06070904411764703,0.06319823529411761,0.08630301470588235,0.14444786764705883,0.14901647058823525,0.10940551470588236,0.12274117647058823,0.1524235294117647,0.15788823529411763,9.129999999999999,0.005,,,,stpaul
2024-11-01,6670.0,1.0,12.222222222222221,0.059253676470588205,0.06125294117647055,0.08458455882352942,0.14048897058823528,0.14990588235294114,0.11065955882352942,0.12246470588235293,0.15309411764705882,0.1570529411764706,9.129999999999999,0.005,,,,stpaul
2024-11-02,6410.0,0.0,11.666666666666666,0.05779830882352939,0.05930764705882349,0.08286610294117647,0.13653007352941177,0.15079529411764703,0.11191360294117647,0.12218823529411764,0.15376470588235294,0.15621764705882352,9.129999999999999,0.005,,,,stpaul
2024-11-03,6250.0,0.0,11.666666666666666,0.05634294117647057,0.05736235294117644,0.08114764705882353,0.13257117647058825,0.15168470588235292,0.11316764705882354,0.12191176470588236,0.15443529411764706,0.15538235294117647,9.129999999999999,0.005,,,,stpaul
2024-11-04,5990.0,0.16,11.666666666666666,0.054887573529411746,0.05541705882352939,0.07942919117647058,0.1286122794117647,0.1525741176470588,0.1144216911764706,0.12163529411764706,0.15510588235294118,0.1545470588235294,9.129999999999999,0.005,,,,stpaul
2024-11-05,6400.0,0.18,11.666666666666666,0.05343220588235292,0.05347176470588233,0.07771073529411765,0.12465338235294118,0.1534635294117647,0.11567573529411765,0.12135882352941177,0.1557764705882353,0.15371176470588235,9.129999999999999,0.005,,,,stpaul
2024-11-06,6730.0,0.41,11.11111111111111,0.0519768382352941,0.05152647058823527,0.0759922794117647,0.12069448529411765,0.15435294117647058,0.11692977941176472,0.12108235294117647,0.1564470588235294,0.15287647058823528,9.129999999999999,0.005,,,,stpaul
2024-11-07,6750.0,0.0,10.555555555555555,0.05052147058823528,0.04958117647058822,0.07427382352941177,0.11673558823529412,0.15524235294117644,0.11818382352941177,0.12080588235294118,0.15711764705882353,0.15204117647058824,9.129999999999999,0.005,,,,stpaul
2024-11-08,6640.0,0.0,10.0,0.04906610294117646,0.04763588235294117,0.07255536764705883,0.1127766911764706,0.15613176470588233,0.11943786764705883,0.12052941176470588,0.15778823529411765,0.15120588235294116,9.129999999999999,0.005,,,,stpaul
2024-11-09,6350.0,0.0,10.555555555555555,0.04761073529411764,0.04569058823529411,0.07083691176470588,0.10881779411764707,0.15702117647058822,0.1206919117647059,0.12025294117647059,0.15845882352941176,0.15037058823529412,9.129999999999999,0.005,,,,stpaul
2024-11-10,6080.0,0.18,10.555555555555555,0.04615536764705882,0.04374529411764705,0.06911845588235294,0.10485889705882354,0.1579105882352941,0.12194595588235295,0.1199764705882353,0.15912941176470588,0.14953529411764704,9.129999999999999,0.005,,,,stpaul
2024-11-11,6370.0,0.06,10.555555555555555,0.0447,0.0418,0.0674,0.1009,0.1588,0.1232,0.1197,0.1598,0.1487,9.129999999999999,0.005,,,,stpaul
2024-11-12,6180.0,0.0,10.0,0.04412625,0.043157916666666664,0.06633833333333332,0.10260583333333331,0.15187791666666667,0.11797166666666667,0.12042777777777777,0.1587,0.14972777777777777,9.129999999999999,0.005,,,,stpaul
2024-11-13,6500.0,0.0,8.88888888888889,0.0435525,0.04451583333333333,0.06527666666666664,0.10431166666666664,0.14495583333333334,0.11274333333333333,0.12115555555555556,0.1576,0.15075555555555556,9.129999999999999,0.005,,,,stpaul
2024-11-14,6360.0,0.06,8.333333333333334,0.042978749999999996,0.04587375,0.06421499999999995,0.10601749999999996,0.13803375,0.107515,0.12188333333333333,0.1565,0.15178333333333333,9.129999999999999,0.005,,,,stpaul
2024-11-15,6540.0,0.0,8.88888888888889,0.042405,0.047231666666666665,0.06315333333333327,0.10772333333333327,0.13111166666666665,0.10228666666666666,0.12261111111111112,0.1554,0.15281111111111112,9.129999999999999,0.005,,,,stpaul
2024-11-16,7020.0,0.0,9.444444444444445,0.04183125,0.04858958333333333,0.06209166666666658,0.10942916666666658,0.12418958333333333,0.09705833333333333,0.12333888888888889,0.1543,0.1538388888888889,9.129999999999999,0.005,,,,stpaul
2024-11-17,6860.0,0.0,8.88888888888889,0.0412575,0.0499475,0.0610299999999999,0.1111349999999999,0.1172675,0.09183,0.12406666666666667,0.1532,0.15486666666666665,9.129999999999999,0.005,,,,stpaul
2024-11-18,6760.0,0.0,8.88888888888889,0.04730270833333333,0.05508520833333333,0.06576083333333324,0.11337374999999991,0.12025354166666666,0.09451083333333332,0.12479444444444444,0.1521,0.15589444444444445,9.129999999999999,0.005,,,,stpaul
2024-11-19,8490.0,1.01,8.88888888888889,0.05334791666666667,0.06022291666666667,0.07049166666666658,0.11561249999999992,0.12323958333333333,0.09719166666666666,0.12552222222222223,0.151,0.1569222222222222,9.129999999999999,0.005,,,,stpaul
2024-11-20,9120.0,0.0,8.333333333333334,0.059393125000000005,0.065360625,0.07522249999999993,0.11785124999999994,0.126225625,0.0998725,0.12625,0.1499,0.15794999999999998,9.129999999999999,0.005,,,,stpaul
2024-11-21,9870.0,0.02,6.666666666666667,0.06543833333333333,0.07049833333333333,0.07995333333333327,0.12008999999999993,0.12921166666666667,0.10255333333333333,0.12697777777777777,0.14880000000000002,0.15897777777777777,9.129999999999999,0.005,,,,stpaul
2024-11-22,10000.0,0.0,7.222222222222222,0.07148354166666666,0.07563604166666667,0.08468416666666662,0.12232874999999994,0.13219770833333333,0.10523416666666666,0.12770555555555554,0.1477,0.16000555555555554,9.129999999999999,0.005,,,,stpaul
2024-11-23,10500.0,0.0,6.666666666666667,0.07752875000000001,0.08077375,0.08941499999999995,0.12456749999999996,0.13518375,0.107915,0.12843333333333334,0.1466,0.16103333333333333,9.129999999999999,0.005,,,,stpaul
2024-11-24,10700.0,0.0,7.222222222222222,0.08357395833333334,0.08591145833333333,0.09414583333333329,0.12680624999999995,0.13816979166666668,0.11059583333333334,0.12916111111111112,0.14550000000000002,0.1620611111111111,9.129999999999999,0.005,,,,stpaul
2024-11-25,10800.0,0.01,6.666666666666667,0.08961916666666667,0.09104916666666667,0.09887666666666664,0.12904499999999997,0.14115583333333334,0.11327666666666666,0.1298888888888889,0.1444,0.1630888888888889,9.129999999999999,0.005,,,,stpaul
2024-11-26,10400.0,0.0,4.444444444444445,0.095664375,0.096186875,0.10360749999999998,0.13128374999999998,0.144141875,0.11595749999999999,0.13061666666666666,0.1433,0.16411666666666666,9.129999999999999,0.005,,,,stpaul
2024-11-27,10400.0,0.0,2.7777777777777777,0.10170958333333333,0.10132458333333333,0.10833833333333331,0.1335225,0.1471279166666667,0.11863833333333333,0.13134444444444446,0.14220000000000002,0.16514444444444443,9.129999999999999,0.005,,,,stpaul
2024-11-28,9800.0,0.0,2.7777777777777777,0.10775479166666667,0.10646229166666667,0.11306916666666667,0.13576125,0.15011395833333335,0.12131916666666667,0.13207222222222223,0.1411,0.16617222222222222,9.129999999999999,0.005,,,,stpaul
2024-11-29,9440.0,0.0,1.1111111111111112,0.1138,0.1116,0.1178,0.138,0.1531,0.124,0.1328,0.14,0.1672,9.129999999999999,0.005,,,,stpaul
2024-11-30,6810.0,0.0,0.0,0.3405,0.32220000000000004,0.3265,0.3556,0.35185,0.33465,0.3396,0.33785,0.35185,9.129999999999999,0.005,,,,stpaul
2024-12-01,4740.0,0.0,0.5555555555555556,0.5672,0.5328,0.5352,0.5732,0.5506,0.5453,0.5464,0.5357,0.5365,9.129999999999999,0.005,,,,stpaul
2024-12-02,4769.183673469388,0.0,0.5555555555555556,0.5308,0.49740000000000006,0.49934,0.5361400000000001,0.50403,0.49825,0.51313,0.5029199999999999,0.5038699999999999,9.129999999999999,0.005,,,,stpaul
2024-12-03,4798.367346938776,0.0,0.5555555555555556,0.49440000000000006,0.462,0.46348,0.49908,0.45746,0.4512,0.47986,0.47013999999999995,0.47124,9.129999999999999,0.005,,,,stpaul
2024-12-04,4827.551020408163,0.0,0.5555555555555556,0.458,0.42660000000000003,0.42762,0.46202000000000004,0.41089,0.40415,0.44659,0.43735999999999997,0.43860999999999994,9.129999999999999,0.005,,,,stpaul
2024-12-05,4856.734693877551,0.0,0.5555555555555556,0.42160000000000003,0.3912,0.39176,0.42496,0.36432,0.3571,0.41332,0.40457999999999994,0.40598,9.129999999999999,0.005,,,,stpaul
2024-12-06,4885.918367346939,0.0,0.5555555555555556,0.38520000000000004,0.3558,0.3559,0.3879,0.31775,0.31005,0.38005,0.37179999999999996,0.37334999999999996,9.129999999999999,0.005,,,,stpaul
2024-12-07,4915.102040816327,0.0,0.5555555555555556,0.3488,0.3204,0.32004,0.35084000000000004,0.27118,0.263,0.34678,0.33902,0.34071999999999997,9.129999999999999,0.005,,,,stpaul
2024-12-08,4944.285714285715,0.0,0.5555555555555556,0.3124,0.28500000000000003,0.28418,0.31378,0.22460999999999998,0.21594999999999998,0.31350999999999996,0.30623999999999996,0.30809,9.129999999999999,0.005,,,,stpaul
2024-12-09,4973.469387755102,0.0,0.5555555555555556,0.276,0.2496,0.24831999999999999,0.27672,0.17803999999999998,0.1689,0.28024,0.27346,0.27546,9.129999999999999,0.005,,,,stpaul
2024-12-10,5002.65306122449,0.0,0.5555555555555556,0.23960000000000004,0.2142,0.21245999999999998,0.23966000000000004,0.13146999999999998,0.12185000000000001,0.24696999999999997,0.24068,0.24283,9.129999999999999,0.005,,,,stpaul
2024-12-11,5031.836734693878,0.03,0.5555555555555556,0.2032,0.1788,0.1766,0.2026,0.0849,0.0748,0.2137,0.2079,0.2102,9.129999999999999,0.005,,,,stpaul
2024-12-12,5061.0204081632655,0.0,0.0,0.28056,0.24935999999999997,0.24559999999999998,0.27848,0.17606,0.16696,0.2766,0.2676,0.2646,9.129999999999999,0.005,,,,stpaul
2024-12-13,5090.2040816326535,0.0,0.5555555555555556,0.35792,0.31992,0.3146,0.35436,0.26722,0.25912,0.3395,0.3273,0.319,9.129999999999999,0.005,,,,stpaul
2024-12-14,5119.3877551020405,0.0,0.5555555555555556,0.43528,0.39047999999999994,0.38359999999999994,0.43023999999999996,0.3583799999999999,0.3512799999999999,0.4024,0.387,0.3734,9.129999999999999,0.005,,,,stpaul
2024-12-15,5148.571428571428,0.04,0.5555555555555556,0.51264,0.46104,0.4526,0.5061199999999999,0.44953999999999994,0.44343999999999995,0.4653,0.4467,0.4278,9.129999999999999,0.005,,,,stpaul
2024-12-16,5177.755102040816,0.0,0.5555555555555556,0.59,0.5316,0.5216,0.582,0.5407,0.5356,0.5282,0.5064,0.4822,9.129999999999999,0.005,,,,stpaul
2024-12-17,5206.938775510204,0.0,0.5555555555555556,0.5594555555555555,0.5045944444444445,0.49574999999999997,0.5537833333333333,0.5167166666666666,0.5116999999999999,0.5053111111111112,0.48438888888888887,0.46276666666666666,9.129999999999999,0.005,,,,stpaul
2024-12-18,5236.122448979592,0.0,0.5555555555555556,0.5289111111111111,0.47758888888888884,0.4699,0.5255666666666666,0.4927333333333333,0.48779999999999996,0.4824222222222222,0.4623777777777778,0.44333333333333336,9.129999999999999,0.005,,,,stpaul
2024-12-19,5265.306122448979,0.21,0.5555555555555556,0.4983666666666666,0.45058333333333334,0.44404999999999994,0.49734999999999996,0.46874999999999994,0.4639,0.45953333333333335,0.44036666666666663,0.4239,9.129999999999999,0.005,,,,stpaul
2024-12-20,5294.489795918367,0.27,0.5555555555555556,0.4678222222222222,0.4235777777777777,0.41819999999999996,0.4691333333333333,0.44476666666666664,0.43999999999999995,0.43664444444444445,0.41835555555555554,0.4044666666666667,9.129999999999999,0.005,,,,stpaul
2024-12-21,5323.673469387755,0.0,0.5555555555555556,0.43727777777777777,0.3965722222222222,0.39235,0.4409166666666666,0.4207833333333333,0.41609999999999997,0.41375555555555554,0.39634444444444444,0.38503333333333334,9.129999999999999,0.005,,,,stpaul
2024-12-22,5352.857142857143,0.0,0.5555555555555556,0.4067333333333333,0.36956666666666665,0.36649999999999994,0.41269999999999996,0.39679999999999993,0.3922,0.3908666666666667,0.3743333333333333,0.36560000000000004,9.129999999999999,0.005,,,,stpaul
2024-12-23,5382.040816326531,0.0,0.5555555555555556,0.37618888888888885,0.3425611111111111,0.34064999999999995,0.3844833333333333,0.37281666666666663,0.36829999999999996,0.3679777777777778,0.3523222222222222,0.3461666666666667,9.129999999999999,0.005,,,,stpaul
2024-12-24,5411.224489795918,0.0,0.5555555555555556,0.3456444444444444,0.31555555555555553,0.31479999999999997,0.3562666666666666,0.34883333333333333,0.3444,0.3450888888888889,0.3303111111111111,0.3267333333333333,9.129999999999999,0.005,,,,stpaul
2024-12-25,5440.408163265306,0.0,0.5555555555555556,0.3151,0.28855,0.28895,0.32804999999999995,0.32484999999999997,0.3205,0.3222,0.3083,0.3073,9.129999999999999,0.005,,,,stpaul
2024-12-26,5469.591836734694,0.0,0.5555555555555556,0.28455555555555556,0.2615444444444444,0.2631,0.2998333333333333,0.3008666666666666,0.2966,0.2993111111111111,0.2862888888888889,0.2878666666666667,9.129999999999999,0.005,,,,stpaul
2024-12-27,5498.775510204082,0.05,0.5555555555555556,0.2540111111111111,0.23453888888888885,0.23724999999999996,0.2716166666666666,0.2768833333333333,0.2727,0.27642222222222224,0.2642777777777778,0.26843333333333336,9.129999999999999,0.005,,,,stpaul
2024-12-28,5527.959183673469,0.76,1.1111111111111112,0.22346666666666665,0.20753333333333335,0.21139999999999998,0.24339999999999995,0.25289999999999996,0.24880000000000002,0.25353333333333333,0.24226666666666669,0.249,9.129999999999999,0.005,,,,stpaul
2024-12-29,5557.142857142857,0.0,1.6666666666666667,0.19292222222222222,0.1805277777777778,0.18555,0.21518333333333328,0.22891666666666666,0.2249,0.23064444444444443,0.2202555555555556,0.2295666666666667,9.129999999999999,0.005,,,,stpaul
2024-12-30,5586.326530612245,0.0,1.6666666666666667,0.16237777777777773,0.15352222222222223,0.15969999999999995,0.18696666666666661,0.2049333333333333,0.201,0.20775555555555558,0.19824444444444445,0.21013333333333334,9.129999999999999,0.005,,,,stpaul
2024-12-31,5615.510204081633,0.0,1.6666666666666667,0.1318333333333333,0.12651666666666667,0.13384999999999997,0.15874999999999995,0.18095,0.17709999999999998,0.18486666666666668,0.17623333333333335,0.19070000000000004,9.129999999999999,0.005,,,,stpaul
2025-01-01,5644.693877551021,0.0,1.6666666666666667,0.10128888888888887,0.0995111111111111,0.10799999999999998,0.13053333333333328,0.15696666666666664,0.1532,0.16197777777777778,0.15422222222222226,0.17126666666666668,9.129999999999999,0.005,,,,stpaul
2025-01-02,5673.877551020409,0.0,1.1111111111111112,0.07074444444444439,0.07250555555555555,0.08215,0.10231666666666661,0.1329833333333333,0.12930000000000003,0.13908888888888887,0.13221111111111117,0.15183333333333332,9.129999999999999,0.005,,,,stpaul
2025-01-03,5703.061224489796,0.0,0.0,0.0402,0.0455,0.0563,0.0741,0.109,0.1054,0.1162,0.1102,0.1324,9.129999999999999,0.005,,,,stpaul
2025-01-04,5732.244897959184,0.0,0.0,0.05729,0.07467,0.0834424999999999,0.1170475,0.1116025,0.094745,0.0886,0.09140000000000001,0.10039999999999999,9.129999999999999,0.005,,,,stpaul
2025-01-05,5761.428571428572,0.0,0.5555555555555556,0.0398,0.0478,0.055,0.0804,0.0703,0.0614,0.061,0.0726,0.0684,9.129999999999999,0.005,,,,stpaul
2025-01-06,5790.6122448979595,0.0,0.5555555555555556,0.0522,0.054233333333333335,0.06586666666666667,0.08793333333333334,0.091,0.0765,0.07476666666666666,0.09166666666666666,0.09136666666666667,9.129999999999999,0.005,,,,stpaul
2025-01-07,5819.7959183673465,0.0,0.5555555555555556,0.0646,0.060666666666666674,0.07673333333333333,0.09546666666666666,0.1117,0.0916,0.08853333333333334,0.11073333333333332,0.11433333333333334,9.129999999999999,0.005,,,,stpaul
2025-01-08,5848.9795918367345,0.0,0.5555555555555556,0.077,0.0671,0.0876,0.103,0.1324,0.1067,0.1023,0.1298,0.1373,9.129999999999999,0.005,,,,stpaul
2025-01-09,5878.163265306122,0.0,0.5555555555555556,0.16932024999999998,0.15737125000000002,0.18113524999999997,0.20016049999999996,0.1364725,0.11613875,0.19192,0.21408,0.21562000000000003,9.129999999999999,0.005,,,,stpaul
2025-01-10,5907.34693877551,0.03,0.5555555555555556,0.26164049999999994,0.24764250000000004,0.2746705,0.29732099999999995,0.140545,0.1255775,0.28154,0.29835999999999996,0.29394000000000003,9.129999999999999,0.005,,,,stpaul
2025-01-11,5936.530612244898,0.01,0.5555555555555556,0.35396074999999994,0.33791375,0.36820575,0.39448149999999993,0.1446175,0.13501625,0.37116,0.38264,0.37226000000000004,9.129999999999999,0.005,,,,stpaul
2025-01-12,5965.714285714286,0.0,0.5555555555555556,0.4462809999999999,0.42818500000000004,0.46174099999999996,0.4916419999999999,0.14869000000000002,0.144455,0.46078,0.46692,0.4505800000000001,9.129999999999999,0.005,,,,stpaul
2025-01-13,5994.897959183673,0.0,0.5555555555555556,0.5386012499999999,0.5184562500000001,0.5552762499999999,0.5888024999999999,0.15276250000000002,0.15389375,0.5504,0.5512,0.5289,9.129999999999999,0.005,,,,stpaul
2025-01-14,6024.081632653061,0.0,0.5555555555555556,0.4529409999999999,0.43250500000000003,0.4634609999999999,0.4952019999999999,0.14141,0.139915,0.47156,0.47140000000000004,0.459,9.129999999999999,0.005,,,,stpaul
2025-01-15,6053.265306122449,0.0,0.5555555555555556,0.36728074999999993,0.34655375000000005,0.37164574999999994,0.40160149999999994,0.13005750000000002,0.12593625,0.39272,0.3916,0.3891,9.129999999999999,0.005,,,,stpaul
2025-01-16,6082.448979591837,0.0,0.5555555555555556,0.2816205,0.26060250000000007,0.2798305,0.30800099999999997,0.118705,0.1119575,0.31388000000000005,0.31179999999999997,0.31920000000000004,9.129999999999999,0.005,,,,stpaul
2025-01-17,6111.632653061224,0.0,0.5555555555555556,0.19596025,0.17465125000000004,0.18801524999999997,0.2144005,0.1073525,0.09797875,0.23504000000000003,0.23199999999999998,0.24930000000000002,9.129999999999999,0.005,,,,stpaul
2025-01-18,6140.816326530612,0.0,0.5555555555555556,0.1103,0.0887,0.0962,0.1208,0.096,0.084,0.1562,0.1522,0.1794,9.129999999999999,0.005,,,,stpaul
2025-01-19,6170.0,0.0,0.5555555555555556,0.11116,0.09094000000000001,0.09502,0.12032000000000001,0.0956,0.08624000000000001,0.15738,0.14944,0.17284,9.129999999999999,0.005,,,,stpaul
2025-01-20,6199.183673469388,0.0,0.5555555555555556,0.11202,0.09318,0.09383999999999999,0.11984,0.0952,0.08848,0.15856,0.14668,0.16628,9.129999999999999,0.005,,,,stpaul
2025-01-21,6228.367346938776,0.0,0.5555555555555556,0.11288,0.09542,0.09266,0.11936000000000001,0.0948,0.09072000000000001,0.15974,0.14392,0.15972,9.129999999999999,0.005,,,,stpaul
2025-01-22,6257.551020408164,0.0,0.5555555555555556,0.11374,0.09766,0.09148,0.11888,0.0944,0.09296,0.16092,0.14116,0.15316000000000002,9.129999999999999,0.005,,,,stpaul
2025-01-23,6286.734693877551,0.0,0.5555555555555556,0.1146,0.0999,0.0903,0.1184,0.094,0.0952,0.1621,0.1384,0.1466,9.129999999999999,0.005,,,,stpaul
2025-01-24,6315.918367346939,0.0,0.5555555555555556,0.11682,0.10994000000000001,0.10564000000000001,0.12656,0.09752,0.09622,0.1598,0.13949999999999999,0.14368,9.129999999999999,0.005,,,,stpaul
2025-01-25,6345.102040816327,0.0,0.5555555555555556,0.11903999999999999,0.11998,0.12098,0.13472,0.10104,0.09724000000000001,0.1575,0.1406,0.14076,9.129999999999999,0.005,,,,stpaul
2025-01-26,6374.285714285714,0.0,0.5555555555555556,0.12126,0.13002000000000002,0.13632,0.14288,0.10456,0.09826,0.1552,0.1417,0.13784000000000002,9.129999999999999,0.005,,,,stpaul
2025-01-27,6403.469387755102,0.0,0.5555555555555556,0.12348,0.14006000000000002,0.15166000000000002,0.15104,0.10808000000000001,0.09928000000000001,0.1529,0.1428,0.13492,9.129999999999999,0.005,,,,stpaul
2025-01-28,6432.65306122449,0.0,0.5555555555555556,0.1257,0.1501,0.167,0.1592,0.1116,0.1003,0.1506,0.1439,0.132,9.129999999999999,0.005,,,,stpaul
2025-01-29,6461.836734693878,0.0,0.5555555555555556,0.12215000000000001,0.13085000000000002,0.1471,0.1552,0.1263,0.11135,0.13635,0.1388,0.13005,9.129999999999999,0.005,,,,stpaul
2025-01-30,6491.0204081632655,0.0,0.5555555555555556,0.1186,0.1116,0.1272,0.1512,0.141,0.1224,0.1221,0.1337,0.1281,9.129999999999999,0.005,,,,stpaul
2025-01-31,6520.2040816326535,0.0,0.5555555555555556,0.15489999999999998,0.1434,0.1592,0.18356,0.13573,0.11898,0.15869,0.17010000000000003,0.16235,9.129999999999999,0.005,,,,stpaul
2025-02-01,6549.387755102041,0.0,0.5555555555555556,0.19119999999999998,0.1752,0.19119999999999998,0.21592,0.13046,0.11556,0.19528,0.20650000000000002,0.1966,9.129999999999999,0.005,,,,stpaul
2025-02-02,6578.571428571428,0.02,0.5555555555555556,0.22749999999999998,0.207,0.22319999999999998,0.24828,0.12519,0.11213999999999999,0.23187,0.2429,0.23085,9.129999999999999,0.005,,,,stpaul
2025-02-03,6607.755102040816,0.05,0.5555555555555556,0.2638,0.23879999999999998,0.2552,0.28064,0.11992,0.10872,0.26846,0.2793,0.2651,9.129999999999999,0.005,,,,stpaul
2025-02-04,6636.938775510204,0.0,0.5555555555555556,0.3001,0.27059999999999995,0.2872,0.313,0.11465,0.1053,0.30505,0.3157,0.29935,9.129999999999999,0.005,,,,stpaul
2025-02-05,6666.122448979591,0.0,0.5555555555555556,0.3364,0.3024,0.31919999999999993,0.34536,0.10937999999999999,0.10188,0.34164,0.3521,0.3336,9.129999999999999,0.005,,,,stpaul
2025-02-06,6695.306122448979,0.0,0.5555555555555556,0.3727,0.33419999999999994,0.35119999999999996,0.37772,0.10411,0.09845999999999999,0.37822999999999996,0.38850000000000007,0.36785,9.129999999999999,0.005,,,,stpaul
2025-02-07,6724.489795918367,0.0,0.5555555555555556,0.409,0.366,0.3832,0.41008,0.09884,0.09504,0.41481999999999997,0.42490000000000006,0.4021,9.129999999999999,0.005,,,,stpaul
2025-02-08,6753.673469387755,0.01,0.5555555555555556,0.4453,0.39779999999999993,0.4151999999999999,0.44244,0.09357,0.09162000000000001,0.45141,0.46130000000000004,0.43635,9.129999999999999,0.005,,,,stpaul
2025-02-09,6782.857142857143,0.13,0.5555555555555556,0.4816,0.4296,0.4472,0.4748,0.0883,0.0882,0.488,0.4977,0.4706,9.129999999999999,0.005,,,,stpaul
2025-02-10,6812.040816326531,0.0,0.5555555555555556,0.4478610416666666,0.40409708333333333,0.4229322916666667,0.4545045833333333,0.08689375,0.087265,0.47246923076923075,0.47878461538461536,0.45292307692307693,9.129999999999999,0.005,,,,stpaul
2025-02-11,6841.224489795919,0.0,0.5555555555555556,0.4141220833333333,0.3785941666666666,0.3986645833333333,0.43420916666666665,0.08548750000000001,0.08632999999999999,0.4569384615384615,0.45986923076923075,0.43524615384615384,9.129999999999999,0.005,,,,stpaul
2025-02-12,6870.408163265306,0.0,0.5555555555555556,0.38038312499999993,0.35309124999999997,0.37439687499999996,0.41391374999999997,0.08408125,0.08539499999999997,0.4414076923076923,0.44095384615384614,0.4175692307692308,9.129999999999999,0.005,,,,stpaul
2025-02-13,6899.591836734694,0.0,0.5555555555555556,0.34664416666666664,0.3275883333333333,0.35012916666666666,0.39361833333333335,0.082675,0.08445999999999997,0.4258769230769231,0.42203846153846153,0.3998923076923077,9.129999999999999,0.005,,,,stpaul
2025-02-14,6928.775510204082,0.0,0.5555555555555556,0.31290520833333324,0.30208541666666666,0.32586145833333335,0.37332291666666667,0.08126875,0.08352499999999996,0.41034615384615386,0.4031230769230769,0.3822153846153846,9.129999999999999,0.005,,,,stpaul
2025-02-15,6957.959183673469,0.17,0.5555555555555556,0.27916624999999995,0.27658249999999995,0.30159375,0.3530275,0.0798625,0.08258999999999994,0.3948153846153846,0.3842076923076923,0.36453846153846153,9.129999999999999,0.005,,,,stpaul
2025-02-16,6987.142857142857,0.0,0.5555555555555556,0.2454272916666666,0.2510795833333333,0.27732604166666663,0.3327320833333334,0.07845625,0.08165499999999994,0.3792846153846154,0.3652923076923077,0.34686153846153844,9.129999999999999,0.005,,,,stpaul
2025-02-17,7016.326530612245,0.0,0.5555555555555556,0.21168833333333326,0.22557666666666662,0.25305833333333333,0.3124366666666667,0.07705000000000001,0.08071999999999993,0.36375384615384615,0.3463769230769231,0.3291846153846154,9.129999999999999,0.005,,,,stpaul
2025-02-18,7045.510204081633,0.0,0.5555555555555556,0.1779493749999999,0.20007374999999994,0.228790625,0.29214125,0.07564375000000001,0.07978499999999993,0.34822307692307697,0.32746153846153847,0.31150769230769226,9.129999999999999,0.005,,,,stpaul
2025-02-19,7074.693877551021,0.0,0.5555555555555556,0.14421041666666656,0.1745708333333333,0.20452291666666667,0.27184583333333334,0.0742375,0.07884999999999992,0.33269230769230773,0.30854615384615386,0.29383076923076923,9.129999999999999,0.005,,,,stpaul
2025-02-20,7103.877551020409,0.0,0.5555555555555556,0.11047145833333322,0.14906791666666663,0.18025520833333336,0.25155041666666667,0.07283125,0.0779149999999999,0.3171615384615385,0.28963076923076925,0.27615384615384614,9.129999999999999,0.005,,,,stpaul
2025-02-21,7133.061224489797,0.0,0.5555555555555556,0.0767324999999999,0.1235649999999999,0.1559875,0.231255,0.071425,0.0769799999999999,0.30163076923076926,0.27071538461538464,0.25847692307692305,9.129999999999999,0.005,,,,stpaul
2025-02-22,7162.244897959184,0.0,0.5555555555555556,0.2193,0.171,0.1668,0.1886,0.091,0.0971,0.2861,0.2518,0.2408,9.129999999999999,0.005,,,,stpaul
2025-02-23,7191.428571428572,0.0,0.5555555555555556,0.19044,0.15244000000000002,0.15208,0.17215999999999998,0.10149999999999999,0.10260000000000001,0.25566,0.22618000000000002,0.21716,9.129999999999999,0.005,,,,stpaul
2025-02-24,7220.612244897959,0.0,0.5555555555555556,0.16158,0.13388,0.13736,0.15572,0.11199999999999999,0.1081,0.22522,0.20056000000000002,0.19352,9.129999999999999,0.005,,,,stpaul
2025-02-25,7249.7959183673465,0.0,0.5555555555555556,0.13272,0.11532,0.12264,0.13928,0.1225,0.1136,0.19478,0.17494,0.16987999999999998,9.129999999999999,0.005,,,,stpaul
2025-02-26,7278.9795918367345,0.03,0.5555555555555556,0.10386000000000001,0.09676000000000001,0.10792,0.12283999999999999,0.133,0.11910000000000001,0.16433999999999999,0.14932,0.14623999999999998,9.129999999999999,0.005,,,,stpaul
2025-02-27,7308.163265306122,0.0,1.1111111111111112,0.075,0.0782,0.0932,0.1064,0.1435,0.1246,0.1339,0.1237,0.1226,9.129999999999999,0.005,,,,stpaul
2025-02-28,7337.34693877551,0.0,1.6666666666666667,0.09489166666666667,0.11026166666666667,0.12789749999999997,0.15801916666666666,0.19531083333333332,0.17849416666666668,0.18934285714285715,0.18018571428571428,0.17618571428571428,9.129999999999999,0.005,,,,stpaul
2025-03-01,7366.530612244898,0.0,1.6666666666666667,0.11478333333333332,0.14232333333333336,0.16259499999999993,0.20963833333333332,0.24712166666666666,0.23238833333333334,0.24478571428571427,0.2366714285714286,0.22977142857142857,9.129999999999999,0.005,,,,stpaul
2025-03-02,7395.714285714286,0.0,1.6666666666666667,0.134675,0.174385,0.1972924999999999,0.2612575,0.2989325,0.2862825,0.3002285714285714,0.2931571428571429,0.28335714285714286,9.129999999999999,0.005,,,,stpaul
2025-03-03,7424.897959183674,0.0,1.1111111111111112,0.22450625,0.27298875,0.2644693749999999,0.311043125,0.24284937499999998,0.231211875,0.3556714285714285,0.34964285714285714,0.33694285714285716,9.129999999999999,0.005,,,,stpaul
2025-03-04,7454.081632653061,0.04,2.2222222222222223,0.3143375,0.3715925,0.3316462499999999,0.36082875,0.18676625,0.17614125,0.41111428571428565,0.4061285714285714,0.3905285714285714,9.129999999999999,0.005,,,,stpaul
2025-03-05,7483.265306122449,1.17,1.6666666666666667,0.40416874999999997,0.47019625,0.39882312499999995,0.410614375,0.130683125,0.12107062499999999,0.4665571428571429,0.46261428571428576,0.4441142857142857,9.129999999999999,0.005,,,,stpaul
2025-03-06,7512.448979591836,0.19,1.6666666666666667,0.494,0.5688,0.466,0.4604,0.0746,0.066,0.522,0.5191,0.4977,9.129999999999999,0.005,,,,stpaul
2025-03-07,7541.632653061224,0.0,2.2222222222222223,0.3633441666666667,0.42346833333333334,0.3598025,0.36397999999999997,0.08757583333333334,0.07523333333333333,0.4445,0.44706,0.42818,9.129999999999999,0.005,,,,stpaul
2025-03-08,7570.816326530612,0.0,2.7777777777777777,0.23268833333333333,0.27813666666666664,0.25360499999999997,0.26756,0.10055166666666666,0.08446666666666668,0.367,0.37502,0.35866,9.129999999999999,0.005,,,,stpaul
2025-03-09,7600.0,0.0,3.3333333333333335,0.1020325,0.132805,0.1474075,0.17114,0.1135275,0.0937,0.28950000000000004,0.30298,0.28913999999999995,9.129999999999999,0.005,,,,stpaul
2025-03-10,8110.0,0.0,3.888888888888889,0.10661625,0.12430250000000001,0.13530375,0.16107,0.14326375,0.1223,0.21200000000000002,0.23094000000000003,0.21961999999999998,9.129999999999999,0.005,,,,stpaul
2025-03-11,8450.0,0.0,3.888888888888889,0.1112,0.1158,0.1232,0.151,0.173,0.1509,0.1345,0.1589,0.1501,9.129999999999999,0.005,,,,stpaul
2025-03-12,9190.0,0.0,3.888888888888889,0.1146,0.11868000000000001,0.12348,0.15204,0.174,0.1514,0.13824,0.15714,0.15284,9.129999999999999,0.005,,,,stpaul
2025-03-13,9690.0,0.0,4.444444444444445,0.118,0.12156,0.12376000000000001,0.15308,0.175,0.1519,0.14198,0.15538000000000002,0.15558,9.129999999999999,0.005,,,,stpaul
2025-03-14,10400.0,0.0,5.0,0.12140000000000001,0.12444000000000001,0.12404,0.15412,0.176,0.1524,0.14572000000000002,0.15362,0.15832000000000002,9.129999999999999,0.005,,,,stpaul
2025-03-15,11300.0,0.0,7.222222222222222,0.12480000000000001,0.12732000000000002,0.12432,0.15516,0.177,0.1529,0.14946,0.15186000000000002,0.16106,9.129999999999999,0.005,,,,stpaul
2025-03-16,12400.0,0.0,3.888888888888889,0.1282,0.1302,0.1246,0.1562,0.178,0.1534,0.1532,0.1501,0.1638,9.129999999999999,0.005,,,,stpaul
2025-03-17,13800.0,0.0,4.444444444444445,0.125775,0.12760000000000002,0.122425,0.1533625,0.1772625,0.1527,0.15025,0.149625,0.1621,9.129999999999999,0.005,,,,stpaul
2025-03-18,13600.0,0.0,6.111111111111111,0.12335,0.125,0.12025,0.15052500000000002,0.176525,0.152,0.1473,0.14915,0.1604,9.129999999999999,0.005,,,,stpaul
2025-03-19,13500.0,0.0,5.555555555555555,0.120925,0.12240000000000001,0.118075,0.1476875,0.17578749999999999,0.1513,0.14435,0.148675,0.1587,9.129999999999999,0.005,,,,stpaul
2025-03-20,12700.0,0.0,3.888888888888889,0.1185,0.1198,0.1159,0.14485,0.17504999999999998,0.1506,0.1414,0.1482,0.157,9.129999999999999,0.005,,,,stpaul
2025-03-21,12100.0,0.0,4.444444444444445,0.116075,0.1172,0.113725,0.1420125,0.1743125,0.1499,0.13845,0.14772500000000002,0.1553,9.129999999999999,0.005,,,,stpaul
2025-03-22,11400.0,0.0,3.888888888888889,0.11365,0.11460000000000001,0.11155000000000001,0.139175,0.173575,0.1492,0.1355,0.14725000000000002,0.15360000000000001,9.129999999999999,0.005,,,,stpaul
2025-03-23,11400.0,0.01,4.444444444444445,0.11122499999999999,0.112,0.109375,0.1363375,0.1728375,0.1485,0.13255,0.14677500000000002,0.1519,9.129999999999999,0.005,,,,stpaul
2025-03-24,11000.0,0.0,3.888888888888889,0.1088,0.1094,0.1072,0.1335,0.1721,0.1478,0.1296,0.1463,0.1502,9.129999999999999,0.005,,,,stpaul
2025-03-25,10500.0,0.0,3.888888888888889,0.0725799999999999,0.0823975,0.0991175,0.1390475,0.15519,0.1294225,0.1444,0.14975,0.15805,9.129999999999999,0.005,,,,stpaul
2025-03-26,9870.0,0.0,5.0,0.1106,0.1108,0.1382,0.145,0.201,0.1579,0.1592,0.1532,0.1659,9.129999999999999,0.005,,,,stpaul
2025-03-27,9660.0,0.02,6.111111111111111,0.1282,0.12516,0.1482,0.15824,0.18458000000000002,0.1479,0.17004,0.16746,0.17906,9.129999999999999,0.005,,,,stpaul
2025-03-28,9470.0,0.02,7.777777777777778,0.14579999999999999,0.13952,0.1582,0.17148,0.16816,0.1379,0.18088,0.18172,0.19222,9.129999999999999,0.005,,,,stpaul
2025-03-29,10000.0,0.69,8.333333333333334,0.1634,0.15388000000000002,0.16820000000000002,0.18472,0.15174,0.1279,0.19172,0.19598,0.20538,9.129999999999999,0.005,,,,stpaul
2025-03-30,11800.0,1.93,7.222222222222222,0.181,0.16824,0.1782,0.19796,0.13532,0.1179,0.20256000000000002,0.21024,0.21853999999999998,9.129999999999999,0.005,,,,stpaul
2025-03-31,12300.0,0.22,6.111111111111111,0.1986,0.1826,0.1882,0.2112,0.1189,0.1079,0.2134,0.2245,0.2317,9.129999999999999,0.005,,,,stpaul
2025-04-01,14200.0,0.0,7.222222222222222,0.18508,0.17008,0.17904,0.19972,0.13538,0.11866,0.19946,0.21154,0.21833999999999998,9.129999999999999,0.005,,,,stpaul
2025-04-02,17000.0,0.29,5.555555555555555,0.17156,0.15756,0.16988,0.18824,0.15186,0.12942,0.18552,0.19858,0.20498,9.129999999999999,0.005,,,,stpaul
2025-04-03,18700.0,0.33,5.555555555555555,0.15804,0.14504,0.16072,0.17676,0.16834000000000002,0.14018,0.17158,0.18562,0.19161999999999998,9.129999999999999,0.005,,,,stpaul
2025-04-04,19700.0,0.0,5.555555555555555,0.14452,0.13252,0.15156,0.16527999999999998,0.18482,0.15094000000000002,0.15764,0.17266,0.17825999999999997,9.129999999999999,0.005,,,,stpaul
2025-04-05,20500.0,0.0,5.555555555555555,0.131,0.12,0.1424,0.1538,0.2013,0.1617,0.1437,0.1597,0.1649,9.129999999999999,0.005,,,,stpaul
2025-04-06,20200.0,0.0,5.555555555555555,0.1252,0.1176,0.1324,0.15226666666666666,0.19533333333333333,0.15976666666666667,0.14453333333333332,0.15816666666666668,0.15926666666666667,9.129999999999999,0.005,,,,stpaul
2025-04-07,20800.0,0.0,5.555555555555555,0.1194,0.1152,0.1224,0.15073333333333333,0.18936666666666668,0.15783333333333335,0.14536666666666667,0.15663333333333332,0.15363333333333332,9.129999999999999,0.005,,,,stpaul
2025-04-08,20400.0,0.0,5.555555555555555,0.1136,0.1128,0.1124,0.1492,0.1834,0.1559,0.1462,0.1551,0.148,9.129999999999999,0.005,,,,stpaul
2025-04-09,19900.0,0.0,7.222222222222222,0.1119234090909091,0.11180113636363635,0.11298749999999999,0.15177954545454544,0.18401295454545455,0.15560545454545455,0.14523333333333333,0.15412666666666666,0.14776,9.129999999999999,0.005,,,,stpaul
2025-04-10,19200.0,0.11,7.777777777777778,0.11024681818181818,0.11080227272727271,0.11357499999999998,0.1543590909090909,0.1846259090909091,0.1553109090909091,0.14426666666666665,0.15315333333333334,0.14751999999999998,9.129999999999999,0.005,,,,stpaul
2025-04-11,18300.0,0.07,7.777777777777778,0.10857022727272728,0.10980340909090906,0.11416249999999997,0.15693863636363634,0.18523886363636363,0.15501636363636365,0.1433,0.15217999999999998,0.14728,9.129999999999999,0.005,,,,stpaul
2025-04-12,18200.0,0.0,8.333333333333334,0.10689363636363637,0.10880454545454542,0.11474999999999996,0.15951818181818178,0.18585181818181817,0.15472181818181818,0.14233333333333334,0.15120666666666666,0.14704,9.129999999999999,0.005,,,,stpaul
2025-04-13,17700.0,0.0,9.444444444444445,0.10521704545454547,0.10780568181818177,0.11533749999999995,0.16209772727272723,0.18646477272727272,0.15442727272727272,0.14136666666666667,0.15023333333333333,0.14679999999999999,9.129999999999999,0.005,,,,stpaul
2025-04-14,17200.0,0.0,10.0,0.10354045454545455,0.10680681818181813,0.11592499999999994,0.16467727272727267,0.18707772727272728,0.15413272727272728,0.1404,0.14926,0.14656,9.129999999999999,0.005,,,,stpaul
2025-04-15,16600.0,0.0,8.88888888888889,0.10186386363636364,0.10580795454545448,0.11651249999999994,0.16725681818181812,0.18769068181818183,0.15383818181818182,0.13943333333333333,0.14828666666666668,0.14632,9.129999999999999,0.005,,,,stpaul
2025-04-16,16100.0,0.0,10.0,0.10018727272727274,0.10480909090909084,0.11709999999999993,0.16983636363636356,0.18830363636363637,0.15354363636363635,0.13846666666666668,0.14731333333333332,0.14608,9.129999999999999,0.005,,,,stpaul
2025-04-17,15900.0,0.0,11.11111111111111,0.09851068181818183,0.10381022727272719,0.11768749999999992,0.172415909090909,0.1889165909090909,0.1532490909090909,0.1375,0.14634,0.14584,9.129999999999999,0.005,,,,stpaul
2025-04-18,16400.0,0.33,11.666666666666666,0.09683409090909091,0.10281136363636355,0.11827499999999991,0.17499545454545445,0.18952954545454545,0.15295454545454545,0.13653333333333334,0.14536666666666667,0.1456,9.129999999999999,0.005,,,,stpaul
2025-04-19,16800.0,0.0,11.11111111111111,0.0951575,0.1018124999999999,0.1188624999999999,0.1775749999999999,0.1901425,0.15266,0.13556666666666667,0.14439333333333335,0.14536,9.129999999999999,0.005,,,,stpaul
2025-04-20,17100.0,0.0,11.666666666666666,0.097468125,0.10305937499999993,0.11679687499999993,0.16913124999999993,0.17725687499999998,0.143295,0.1346,0.14342000000000002,0.14512,9.129999999999999,0.005,,,,stpaul
2025-04-21,17800.0,0.96,11.11111111111111,0.09977875,0.10430624999999996,0.11473124999999995,0.16068749999999996,0.16437125,0.13393,0.13363333333333335,0.14244666666666667,0.14488,9.129999999999999,0.005,,,,stpaul
2025-04-22,17600.0,0.0,12.222222222222221,0.10208937500000001,0.10555312499999998,0.11266562499999998,0.15224374999999998,0.151485625,0.124565,0.13266666666666668,0.14147333333333334,0.14464,9.129999999999999,0.005,,,,stpaul
2025-04-23,17400.0,0.0,12.777777777777779,0.1044,0.1068,0.1106,0.1438,0.1386,0.1152,0.1317,0.1405,0.1444,9.129999999999999,0.005,,,,stpaul
2025-04-24,17000.0,0.02,12.777777777777779,0.09310583333333333,0.10103999999999998,0.107405,0.14728499999999997,0.1451658333333333,0.11863,0.147575,0.16205000000000003,0.16435,9.129999999999999,0.005,,,,stpaul
2025-04-25,16900.0,0.46,12.222222222222221,0.08181166666666667,0.09527999999999993,0.10421,0.15076999999999993,0.1517316666666666,0.12205999999999999,0.16345,0.1836,0.18430000000000002,9.129999999999999,0.005,,,,stpaul
2025-04-26,16900.0,0.0,12.777777777777779,0.0705175,0.0895199999999999,0.101015,0.1542549999999999,0.1582974999999999,0.12549,0.179325,0.20515,0.20425000000000001,9.129999999999999,0.005,,,,stpaul
2025-04-27,16700.0,0.01,13.88888888888889,0.1664,0.1688,0.1756,0.2336,0.2545,0.1948,0.1952,0.2267,0.2242,9.129999999999999,0.005,,,,stpaul
2025-04-28,16800.0,0.04,13.88888888888889,0.15203333333333333,0.15653333333333333,0.16396666666666668,0.21306666666666665,0.23395,0.18356666666666668,0.18415,0.21483333333333335,0.21233333333333335,9.129999999999999,0.005,,,,stpaul
2025-04-29,16800.0,0.0,13.333333333333334,0.13766666666666666,0.14426666666666668,0.15233333333333332,0.19253333333333333,0.2134,0.17233333333333334,0.1731,0.20296666666666666,0.20046666666666665,9.129999999999999,0.005,,,,stpaul
2025-04-30,17400.0,0.0,13.88888888888889,0.1233,0.132,0.1407,0.172,0.19285,0.16110000000000002,0.16205,0.1911,0.1886,9.129999999999999,0.005,,,,stpaul
2025-05-01,18200.0,0.0,15.0,0.12233333333333334,0.12866666666666668,0.1366,0.16786666666666666,0.1871,0.1580666666666667,0.1618,0.1919,0.18476666666666666,9.129999999999999,0.005,,,,stpaul
2025-05-02,20000.0,0.36,14.444444444444445,0.12136666666666666,0.12533333333333332,0.13249999999999998,0.16373333333333331,0.18135,0.15503333333333333,0.16155,0.1927,0.18093333333333333,9.129999999999999,0.005,,,,stpaul
2025-05-03,20300.0,0.0,13.88888888888889,0.1204,0.122,0.1284,0.1596,0.1756,0.152,0.1613,0.1935,0.1771,9.129999999999999,0.005,,,,stpaul
2025-05-04,20400.0,0.0,14.444444444444445,0.10886375000000001,0.122404375,0.12260937499999996,0.17842375,0.1804175,0.144794375,0.15645,0.19845000000000002,0.18755,9.129999999999999,0.005,,,,stpaul
2025-05-05,20600.0,0.0,15.0,0.09732750000000001,0.12280875,0.11681874999999994,0.19724750000000002,0.18523499999999998,0.13758875,0.1516,0.2034,0.198,9.129999999999999,0.005,,,,stpaul
2025-05-06,20400.0,0.0,15.555555555555555,0.104885,0.12560583333333333,0.12147916666666662,0.19309833333333334,0.1838233333333333,0.13892583333333333,0.15423333333333333,0.19536666666666666,0.19943333333333335,9.129999999999999,0.005,,,,stpaul
2025-05-07,19600.0,0.0,17.22222222222222,0.1124425,0.12840291666666667,0.1261395833333333,0.18894916666666667,0.18241166666666667,0.14026291666666668,0.15686666666666668,0.18733333333333332,0.20086666666666667,9.129999999999999,0.005,,,,stpaul
2025-05-08,18700.0,0.0,16.666666666666668,0.12,0.1312,0.1308,0.1848,0.181,0.1416,0.1595,0.1793,0.2023,9.129999999999999,0.005,,,,stpaul
2025-05-09,17800.0,0.0,17.22222222222222,0.12719999999999998,0.1411,0.1379,0.2067,0.1915,0.1512,0.16305,0.19824999999999998,0.20905,9.129999999999999,0.005,,,,stpaul
2025-05-10,17100.0,0.0,18.333333333333332,0.1344,0.151,0.145,0.2286,0.202,0.1608,0.1666,0.2172,0.2158,9.129999999999999,0.005,,,,stpaul
2025-05-11,16500.0,0.0,18.333333333333332,0.10067124999999999,0.12008124999999994,0.11664124999999995,0.22538999999999998,0.18646000000000001,0.14296624999999996,0.16373333333333334,0.21336666666666668,0.2166,9.129999999999999,0.005,,,,stpaul
2025-05-12,15100.0,0.0,18.88888888888889,0.0669425,0.0891624999999999,0.0882824999999999,0.22218,0.17092,0.1251324999999999,0.16086666666666666,0.20953333333333332,0.2174,9.129999999999999,0.005,,,,stpaul
2025-05-13,14200.0,0.0,19.444444444444443,0.1184,0.1282,0.1232,0.187,0.1899,0.1589,0.158,0.2057,0.2182,9.129999999999999,0.005,,,,stpaul
2025-05-14,13800.0,0.0,20.555555555555557,0.12356,0.13112000000000001,0.12788,0.19502,0.19166,0.15516000000000002,0.15572,0.20676,0.2179,9.129999999999999,0.005,,,,stpaul
2025-05-15,13400.0,0.0,21.666666666666668,0.12872,0.13404000000000002,0.13256,0.20304,0.19342,0.15142,0.15344,0.20782,0.21760000000000002,9.129999999999999,0.005,,,,stpaul
2025-05-16,13300.0,0.09,20.0,0.13388,0.13696,0.13724,0.21106,0.19518,0.14768,0.15116000000000002,0.20887999999999998,0.2173,9.129999999999999,0.005,,,,stpaul
2025-05-17,13100.0,0.21,17.77777777777778,0.13904,0.13988,0.14192000000000002,0.21908,0.19694,0.14393999999999998,0.14888,0.20994,0.217,9.129999999999999,0.005,,,,stpaul
2025-05-18,12400.0,0.0,16.666666666666668,0.1442,0.1428,0.1466,0.2271,0.1987,0.1402,0.1466,0.211,0.2167,9.129999999999999,0.005,,,,stpaul
2025-05-19,12500.0,0.0,17.22222222222222,0.14368,0.14348,0.14516,0.2249,0.19704,0.14228,0.14738,0.21086,0.22226,9.129999999999999,0.005,,,,stpaul
2025-05-20,15700.0,0.82,15.555555555555555,0.14316,0.14416,0.14372000000000001,0.22269999999999998,0.19538,0.14436,0.14816000000000001,0.21072,0.22782,9.129999999999999,0.005,,,,stpaul
2025-05-21,19500.0,1.67,13.88888888888889,0.14264,0.14484,0.14228,0.2205,0.19372,0.14644000000000001,0.14894,0.21058,0.23338,9.129999999999999,0.005,,,,stpaul
2025-05-22,27700.0,0.14,13.333333333333334,0.14212,0.14552,0.14084,0.2183,0.19206,0.14852,0.14972,0.21044,0.23893999999999999,9.129999999999999,0.005,,,,stpaul
2025-05-23,31000.0,0.0,13.333333333333334,0.1416,0.1462,0.1394,0.2161,0.1904,0.1506,0.1505,0.2103,0.2445,9.129999999999999,0.005,,,,stpaul
2025-05-24,32300.0,0.0,13.333333333333334,0.1501,0.155,0.1522,0.23645,0.19925,0.1547,0.1646,0.2224,0.2493,9.129999999999999,0.005,,,,stpaul
2025-05-25,33100.0,0.0,14.444444444444445,0.1586,0.1638,0.165,0.2568,0.2081,0.1588,0.1787,0.2345,0.2541,9.129999999999999,0.005,,,,stpaul
2025-05-26,33100.0,0.0,15.0,0.154325,0.1596,0.16045,0.25397499999999995,0.2068125,0.15766249999999998,0.1758875,0.233975,0.252675,9.129999999999999,0.005,,,,stpaul
2025-05-27,32600.0,0.0,16.11111111111111,0.15005,0.1554,0.1559,0.25115,0.205525,0.156525,0.173075,0.23345,0.25125,9.129999999999999,0.005,,,,stpaul
2025-05-28,31600.0,0.07,16.11111111111111,0.145775,0.1512,0.15135,0.248325,0.20423750000000002,0.1553875,0.1702625,0.232925,0.249825,9.129999999999999,0.005,,,,stpaul
2025-05-29,30000.0,0.07,16.11111111111111,0.1415,0.14700000000000002,0.14679999999999999,0.2455,0.20295000000000002,0.15425,0.16745,0.2324,0.2484,9.129999999999999,0.005,,,,stpaul
2025-05-30,27900.0,0.0,17.22222222222222,0.13722499999999999,0.1428,0.14225,0.24267499999999997,0.2016625,0.15311249999999998,0.1646375,0.231875,0.246975,9.129999999999999,0.005,,,,stpaul
2025-05-31,25500.0,0.0,17.77777777777778,0.13294999999999998,0.1386,0.1377,0.23984999999999998,0.200375,0.151975,0.161825,0.23135,0.24555,9.129999999999999,0.005,,,,stpaul
2025-06-01,22800.0,0.0,18.333333333333332,0.12867499999999998,0.13440000000000002,0.13315,0.23702499999999999,0.1990875,0.1508375,0.1590125,0.230825,0.244125,9.129999999999999,0.005,,,,stpaul
2025-06-02,21100.0,0.0,19.444444444444443,0.1244,0.1302,0.1286,0.2342,0.1978,0.1497,0.1562,0.2303,0.2427,9.129999999999999,0.005,,,,stpaul
2025-06-03,20400.0,0.12,20.555555555555557,0.1413,0.1529,0.1454,0.2572,0.21075,0.15275,0.1736,0.24185,0.2748,9.129999999999999,0.005,,,,stpaul
2025-06-04,19400.0,0.99,19.444444444444443,0.1582,0.1756,0.1622,0.2802,0.2237,0.1558,0.191,0.2534,0.3069,9.129999999999999,0.005,,,,stpaul
2025-06-05,20300.0,0.0,20.0,0.15485131944444444,0.17259930555555555,0.16010993055555556,0.27853048611111114,0.22190305555555556,0.15475138888888887,0.19058333333333333,0.2539666666666667,0.3060277777777778,9.129999999999999,0.005,,,,stpaul
2025-06-06,20900.0,0.0,20.555555555555557,0.1515026388888889,0.16959861111111113,0.1580198611111111,0.2768609722222222,0.2201061111111111,0.15370277777777777,0.19016666666666668,0.25453333333333333,0.30515555555555557,9.129999999999999,0.005,,,,stpaul
2025-06-07,21400.0,0.0,20.555555555555557,0.14815395833333334,0.16659791666666668,0.15592979166666668,0.27519145833333336,0.21830916666666667,0.15265416666666665,0.18975,0.2551,0.30428333333333335,9.129999999999999,0.005,,,,stpaul
2025-06-08,21000.0,0.14,20.0,0.14480527777777777,0.16359722222222223,0.15383972222222222,0.27352194444444444,0.21651222222222222,0.15160555555555555,0.18933333333333333,0.25566666666666665,0.30341111111111113,9.129999999999999,0.005,,,,stpaul
2025-06-09,20000.0,0.05,18.88888888888889,0.1414565972222222,0.16059652777777778,0.15174965277777777,0.2718524305555556,0.2147152777777778,0.15055694444444442,0.18891666666666668,0.25623333333333337,0.3025388888888889,9.129999999999999,0.005,,,,stpaul
2025-06-10,18600.0,0.02,18.88888888888889,0.13810791666666666,0.15759583333333332,0.14965958333333332,0.27018291666666666,0.21291833333333335,0.14950833333333333,0.1885,0.25680000000000003,0.3016666666666667,9.129999999999999,0.005,,,,stpaul
2025-06-11,17700.0,0.0,20.0,0.1347592361111111,0.1545951388888889,0.1475695138888889,0.2685134027777778,0.2111213888888889,0.1484597222222222,0.18808333333333332,0.2573666666666667,0.3007944444444445,9.129999999999999,0.005,,,,stpaul
2025-06-12,16900.0,0.01,19.444444444444443,0.13141055555555553,0.15159444444444445,0.14547944444444444,0.2668438888888889,0.20932444444444445,0.1474111111111111,0.18766666666666668,0.25793333333333335,0.29992222222222226,9.129999999999999,0.005,,,,stpaul
2025-06-13,18000.0,0.98,18.88888888888889,0.128061875,0.14859375,0.14338937499999999,0.265174375,0.2075275,0.14636249999999998,0.18725,0.2585,0.29905000000000004,9.129999999999999,0.005,,,,stpaul
2025-06-14,18800.0,0.32,17.77777777777778,0.12471319444444443,0.14559305555555557,0.14129930555555553,0.26350486111111115,0.20573055555555556,0.14531388888888885,0.18683333333333332,0.25906666666666667,0.29817777777777776,9.129999999999999,0.005,,,,stpaul
2025-06-15,18900.0,0.0,18.333333333333332,0.12136451388888886,0.14259236111111112,0.13920923611111108,0.26183534722222224,0.2039336111111111,0.14426527777777776,0.18641666666666667,0.2596333333333333,0.29730555555555555,9.129999999999999,0.005,,,,stpaul
2025-06-16,20400.0,0.07,18.88888888888889,0.1180158333333333,0.13959166666666667,0.13711916666666665,0.2601658333333334,0.20213666666666666,0.14321666666666663,0.186,0.2602,0.2964333333333333,9.129999999999999,0.005,,,,stpaul
2025-06-17,22600.0,0.27,19.444444444444443,0.11466715277777775,0.13659097222222222,0.1350290972222222,0.25849631944444446,0.2003397222222222,0.14216805555555553,0.18558333333333332,0.26076666666666665,0.2955611111111111,9.129999999999999,0.005,,,,stpaul
2025-06-18,25700.0,0.0,20.555555555555557,0.11131847222222219,0.13359027777777777,0.13293902777777775,0.2568268055555556,0.1985427777777778,0.1411194444444444,0.18516666666666667,0.26133333333333336,0.2946888888888889,9.129999999999999,0.005,,,,stpaul
2025-06-19,27500.0,0.0,21.666666666666668,0.10796979166666662,0.13058958333333334,0.1308489583333333,0.2551572916666667,0.19674583333333334,0.1400708333333333,0.18475,0.2619,0.29381666666666667,9.129999999999999,0.005,,,,stpaul
2025-06-20,28600.0,0.02,22.22222222222222,0.10462111111111107,0.1275888888888889,0.12875888888888887,0.2534877777777778,0.1949488888888889,0.13902222222222219,0.18433333333333332,0.2624666666666667,0.29294444444444445,9.129999999999999,0.005,,,,stpaul
2025-06-21,29200.0,0.0,23.333333333333332,0.10127243055555551,0.12458819444444444,0.1266688194444444,0.2518182638888889,0.19315194444444445,0.1379736111111111,0.18391666666666667,0.26303333333333334,0.29207222222222223,9.129999999999999,0.005,,,,stpaul
2025-06-22,30300.0,0.0,23.88888888888889,0.09792374999999995,0.1215875,0.12457874999999996,0.25014875000000003,0.191355,0.13692499999999996,0.1835,0.2636,0.2912,9.129999999999999,0.005,,,,stpaul
2025-06-23,30700.0,0.0,25.0,0.12396187499999997,0.13389375,0.13838937499999998,0.24477437500000002,0.2006775,0.14236249999999998,0.17615,0.24995,0.27575,9.129999999999999,0.005,,,,stpaul
2025-06-24,30800.0,0.0,25.0,0.15,0.1462,0.1522,0.2394,0.21,0.1478,0.1688,0.2363,0.2603,9.129999999999999,0.005,,,,stpaul
2025-06-25,33700.0,0.0,25.0,0.1476,0.14464615384615384,0.15035384615384614,0.23733076923076923,0.20834615384615385,0.1472230769230769,0.16777692307692307,0.23642307692307693,0.2605692307692307,9.129999999999999,0.005,,,,stpaul
2025-06-26,36100.0,0.0,23.88888888888889,0.1452,0.14309230769230769,0.1485076923076923,0.23526153846153847,0.20669230769230768,0.14664615384615384,0.16675384615384617,0.23654615384615385,0.2608384615384615,9.129999999999999,0.005,,,,stpaul
2025-06-27,36100.0,0.0,22.77777777777778,0.14279999999999998,0.14153846153846153,0.14666153846153845,0.2331923076923077,0.20503846153846153,0.14606923076923076,0.16573076923076924,0.23666923076923077,0.26110769230769226,9.129999999999999,0.005,,,,stpaul
2025-06-28,36400.0,0.0,22.22222222222222,0.1404,0.13998461538461537,0.14481538461538462,0.23112307692307693,0.20338461538461539,0.1454923076923077,0.1647076923076923,0.2367923076923077,0.26137692307692306,9.129999999999999,0.005,,,,stpaul
2025-06-29,38900.0,0.0,22.22222222222222,0.138,0.13843076923076922,0.14296923076923077,0.22905384615384616,0.2017307692307692,0.1449153846153846,0.1636846153846154,0.2369153846153846,0.2616461538461538,9.129999999999999,0.005,,,,stpaul
2025-06-30,40300.0,0.0,22.22222222222222,0.1356,0.13687692307692306,0.14112307692307693,0.2269846153846154,0.20007692307692307,0.14433846153846153,0.16266153846153847,0.23703846153846153,0.2619153846153846,9.129999999999999,0.005,,,,stpaul
2025-07-01,41200.0,0.0,22.22222222222222,0.13319999999999999,0.13532307692307693,0.13927692307692308,0.2249153846153846,0.19842307692307692,0.14376153846153847,0.16163846153846154,0.23716153846153848,0.26218461538461535,9.129999999999999,0.005,,,,stpaul
2025-07-02,41800.0,0.0,23.333333333333332,0.1308,0.13376923076923078,0.13743076923076925,0.22284615384615383,0.19676923076923078,0.14318461538461538,0.1606153846153846,0.2372846153846154,0.26245384615384615,9.129999999999999,0.005,,,,stpaul
2025-07-03,42000.0,0.0,23.88888888888889,0.12840000000000001,0.13221538461538462,0.1355846153846154,0.22077692307692307,0.1951153846153846,0.1426076923076923,0.1595923076923077,0.23740769230769232,0.2627230769230769,9.129999999999999,0.005,,,,stpaul
2025-07-04,42100.0,0.0,25.0,0.126,0.13066153846153847,0.13373846153846156,0.2187076923076923,0.19346153846153846,0.14203076923076924,0.15856923076923077,0.23753076923076924,0.2629923076923077,9.129999999999999,0.005,,,,stpaul
2025-07-05,42300.0,0.58,25.555555555555557,0.1236,0.1291076923076923,0.1318923076923077,0.21663846153846153,0.19180769230769232,0.14145384615384615,0.15754615384615384,0.23765384615384616,0.26326153846153844,9.129999999999999,0.005,,,,stpaul
2025-07-06,43500.0,0.99,25.555555555555557,0.1212,0.12755384615384616,0.13004615384615387,0.21456923076923076,0.19015384615384615,0.1408769230769231,0.15652307692307693,0.23777692307692308,0.26353076923076924,9.129999999999999,0.005,,,,stpaul
2025-07-07,44500.0,0.0,25.555555555555557,0.1188,0.126,0.1282,0.2125,0.1885,0.1403,0.1555,0.2379,0.2638,9.129999999999999,0.005,,,,stpaul
2025-07-08,45000.0,0.33,25.555555555555557,0.133,0.1417,0.14250000000000002,0.23864999999999997,0.19924999999999998,0.14705000000000001,0.16125,0.2524,0.268,9.129999999999999,0.005,,,,stpaul
2025-07-09,45300.0,0.0,26.11111111111111,0.1472,0.1574,0.1568,0.2648,0.21,0.1538,0.167,0.2669,0.2722,9.129999999999999,0.005,,,,stpaul
2025-07-10,45200.0,0.0,25.555555555555557,0.14356,0.15460000000000002,0.1544,0.25748,0.21014,0.15112,0.16666,0.26218,0.26988,9.129999999999999,0.005,,,,stpaul
2025-07-11,45100.0,0.0,21.666666666666668,0.13992,0.15180000000000002,0.152,0.25016,0.21028,0.14844,0.16632,0.25746,0.26756,9.129999999999999,0.005,,,,stpaul
2025-07-12,44500.0,0.0,25.0,0.13628,0.149,0.1496,0.24284,0.21042,0.14576,0.16598000000000002,0.25274,0.26524,9.129999999999999,0.005,,,,stpaul
2025-07-13,43900.0,0.0,25.0,0.13264,0.1462,0.1472,0.23551999999999998,0.21056,0.14307999999999998,0.16564,0.24802,0.26292,9.129999999999999,0.005,,,,stpaul
2025-07-14,42800.0,0.0,15.0,0.129,0.1434,0.1448,0.2282,0.2107,0.1404,0.1653,0.2433,0.2606,9.129999999999999,0.005,,,,stpaul
2025-07-15,41900.0,0.0,25.555555555555557,0.0508275,0.0811049999999999,0.0819024999999999,0.2413475,0.160855,0.101125,0.2487666666666667,0.31333333333333335,0.32306666666666667,9.129999999999999,0.005,,,,stpaul
2025-07-16,42200.0,0.0,22.77777777777778,0.23401375,0.23735249999999994,0.22635124999999998,0.36837375,0.3089275,0.24291249999999998,0.3322333333333334,0.3833666666666667,0.38553333333333334,9.129999999999999,0.005,,,,stpaul
2025-07-17,40900.0,0.0,23.88888888888889,0.4172,0.3936,0.3708,0.4954,0.457,0.3847,0.4157,0.4534,0.448,9.129999999999999,0.005,,,,stpaul
2025-07-18,40000.0,0.0,23.333333333333332,0.3688,0.3469857142857143,0.3263142857142857,0.4361714285714286,0.4029714285714286,0.3377142857142857,0.36655714285714286,0.4005571428571429,0.39572857142857143,9.129999999999999,0.005,,,,stpaul
2025-07-19,38800.0,0.1,23.88888888888889,0.3204,0.30037142857142857,0.28182857142857143,0.37694285714285714,0.34894285714285717,0.29072857142857145,0.3174142857142857,0.34771428571428575,0.34345714285714285,9.129999999999999,0.005,,,,stpaul
2025-07-20,36700.0,0.01,21.666666666666668,0.272,0.25375714285714285,0.23734285714285716,0.3177142857142857,0.2949142857142857,0.24374285714285715,0.2682714285714286,0.29487142857142856,0.29118571428571427,9.129999999999999,0.005,,,,stpaul
2025-07-21,34900.0,0.0,23.88888888888889,0.22360000000000002,0.20714285714285713,0.19285714285714287,0.2584857142857143,0.2408857142857143,0.19675714285714285,0.21912857142857142,0.24202857142857145,0.23891428571428572,9.129999999999999,0.005,,,,stpaul
2025-07-22,34000.0,0.38,23.88888888888889,0.17520000000000002,0.1605285714285714,0.14837142857142857,0.19925714285714285,0.18685714285714283,0.14977142857142856,0.16998571428571427,0.1891857142857143,0.18664285714285717,9.129999999999999,0.005,,,,stpaul
2025-07-23,34800.0,0.0,25.0,0.12680000000000002,0.11391428571428569,0.1038857142857143,0.14002857142857145,0.1328285714285714,0.10278571428571431,0.12084285714285714,0.13634285714285715,0.13437142857142859,9.129999999999999,0.005,,,,stpaul
2025-07-24,36400.0,0.85,24.444444444444443,0.0784,0.0673,0.0594,0.0808,0.0788,0.0558,0.0717,0.0835,0.0821,9.129999999999999,0.005,,,,stpaul
2025-07-25,37300.0,0.0,25.0,0.08653333333333334,0.08366666666666667,0.0758,0.12133333333333332,0.11263333333333334,0.07836666666666667,0.09346666666666667,0.12473333333333333,0.13063333333333335,9.129999999999999,0.005,,,,stpaul
2025-07-26,37900.0,0.0,25.555555555555557,0.09466666666666666,0.10003333333333334,0.0922,0.16186666666666666,0.14646666666666666,0.10093333333333333,0.11523333333333334,0.16596666666666665,0.1791666666666667,9.129999999999999,0.005,,,,stpaul
2025-07-27,39300.0,0.0,25.0,0.1028,0.1164,0.1086,0.2024,0.1803,0.1235,0.137,0.2072,0.2277,9.129999999999999,0.005,,,,stpaul
2025-07-28,41000.0,0.78,24.444444444444446,0.1169,0.1237,0.1235,0.22820000000000001,0.19195,0.13545000000000001,0.14915,0.2295,0.25429999999999997,9.129999999999999,0.005,,,,stpaul
2025-07-29,41500.0,0.54,23.88888888888889,0.131,0.131,0.1384,0.254,0.2036,0.1474,0.1613,0.2518,0.2809,9.129999999999999,0.005,,,,stpaul
2025-07-30,41500.0,0.0,25.555555555555557,0.09278374999999996,0.10994375,0.11039874999999999,0.237815,0.17371624999999996,0.12114124999999995,0.15889999999999999,0.24220000000000003,0.2694,9.129999999999999,0.005,,,,stpaul
2025-07-31,41400.0,0.0,25.0,0.0545674999999999,0.0888875,0.0823975,0.22163,0.1438324999999999,0.0948824999999999,0.1565,0.2326,0.2579,9.129999999999999,0.005,,,,stpaul
2025-08-01,40500.0,0.0,24.444444444444443,0.138,0.1416,0.1262,0.2459,0.1741,0.1279,0.1541,0.223,0.2464,9.129999999999999,0.005,,,,stpaul
2025-08-02,39600.0,0.0,23.88888888888889,0.13721666666666668,0.14206666666666667,0.1272,0.24435833333333334,0.17595833333333333,0.12862500000000002,0.1545,0.22290833333333335,0.24536666666666668,9.129999999999999,0.005,,,,stpaul
2025-08-03,38000.0,0.0,23.88888888888889,0.13643333333333335,0.14253333333333335,0.1282,0.24281666666666668,0.17781666666666668,0.12935000000000002,0.15489999999999998,0.22281666666666666,0.24433333333333335,9.129999999999999,0.005,,,,stpaul
2025-08-04,36300.0,0.0,23.88888888888889,0.13565,0.14300000000000002,0.1292,0.24127500000000002,0.179675,0.130075,0.1553,0.222725,0.24330000000000002,9.129999999999999,0.005,,,,stpaul
2025-08-05,35100.0,0.0,23.61111111111111,0.13486666666666666,0.14346666666666666,0.1302,0.23973333333333333,0.18153333333333332,0.1308,0.1557,0.22263333333333332,0.24226666666666669,9.129999999999999,0.005,,,,stpaul
2025-08-06,34200.0,0.0,23.333333333333332,0.13408333333333333,0.14393333333333333,0.1312,0.23819166666666666,0.18339166666666668,0.131525,0.1561,0.22254166666666667,0.24123333333333336,9.129999999999999,0.005,,,,stpaul
2025-08-07,32900.0,0.0,23.88888888888889,0.1333,0.1444,0.13219999999999998,0.23665,0.18525,0.13225,0.1565,0.22244999999999998,0.24020000000000002,9.129999999999999,0.005,,,,stpaul
2025-08-08,31500.0,0.0,25.0,0.13251666666666667,0.14486666666666667,0.13319999999999999,0.23510833333333334,0.18710833333333332,0.132975,0.1569,0.22235833333333332,0.23916666666666667,9.129999999999999,0.005,,,,stpaul
2025-08-09,31900.0,0.0,25.555555555555557,0.13173333333333334,0.14533333333333334,0.13419999999999999,0.23356666666666667,0.18896666666666667,0.1337,0.1573,0.22226666666666667,0.23813333333333334,9.129999999999999,0.005,,,,stpaul
2025-08-10,29700.0,0.0,25.555555555555557,0.13095,0.14579999999999999,0.1352,0.23202499999999998,0.190825,0.13442500000000002,0.1577,0.22217499999999998,0.2371,9.129999999999999,0.005,,,,stpaul
2025-08-11,27900.0,0.0,25.555555555555557,0.13016666666666665,0.14626666666666666,0.1362,0.23048333333333332,0.19268333333333332,0.13515,0.15810000000000002,0.22208333333333333,0.23606666666666667,9.129999999999999,0.005,,,,stpaul
2025-08-12,26300.0,0.0,25.555555555555557,0.12938333333333332,0.14673333333333333,0.1372,0.22894166666666665,0.19454166666666667,0.135875,0.1585,0.22199166666666664,0.23503333333333334,9.129999999999999,0.005,,,,stpaul
2025-08-13,25600.0,0.0,25.416666666666668,0.1286,0.1472,0.1382,0.2274,0.1964,0.1366,0.1589,0.2219,0.234,9.129999999999999,0.005,,,,stpaul
2025-08-14,26400.0,0.0,25.27777777777778,0.13205999999999998,0.14936,0.14143999999999998,0.22655999999999998,0.19773,0.13727,0.163,0.22726,0.2401,9.129999999999999,0.005,,,,stpaul
2025-08-15,26300.0,0.11,25.13888888888889,0.13552,0.15152,0.14468,0.22572,0.19906,0.13794,0.1671,0.23262,0.2462,9.129999999999999,0.005,,,,stpaul
2025-08-16,28300.0,2.8,25.0,0.13898,0.15368,0.14792,0.22488,0.20038999999999998,0.13861,0.17120000000000002,0.23798,0.2523,9.129999999999999,0.005,,,,stpaul
2025-08-17,27400.0,0.02,25.0,0.14244,0.15584,0.15116,0.22404,0.20171999999999998,0.13928000000000001,0.1753,0.24334,0.2584,9.129999999999999,0.005,,,,stpaul
2025-08-18,27900.0,1.0,25.0,0.1459,0.158,0.15439999999999998,0.2232,0.20305,0.13995000000000002,0.1794,0.2487,0.2645,9.129999999999999,0.005,,,,stpaul
2025-08-19,27900.0,0.05,25.0,0.14936,0.16016,0.15764,0.22236,0.20438,0.14062,0.1835,0.25406,0.2706,9.129999999999999,0.005,,,,stpaul
2025-08-20,29500.0,0.0,23.333333333333332,0.15282,0.16232,0.16088,0.22152,0.20571,0.14129,0.1876,0.25942,0.2767,9.129999999999999,0.005,,,,stpaul
2025-08-21,31200.0,0.0,23.333333333333332,0.15628,0.16448000000000002,0.16412,0.22068,0.20704,0.14196,0.19169999999999998,0.26478,0.2828,9.129999999999999,0.005,,,,stpaul
2025-08-22,32600.0,0.0,23.333333333333332,0.15974000000000002,0.16664,0.16736,0.21984,0.20837,0.14263,0.1958,0.27014000000000005,0.2889,9.129999999999999,0.005,,,,stpaul
2025-08-23,33400.0,0.03,23.333333333333332,0.1632,0.1688,0.1706,0.219,0.2097,0.1433,0.1999,0.2755,0.295,9.129999999999999,0.005,,,,stpaul
2025-08-24,34600.0,0.0,22.22222222222222,0.1457,0.1501,0.1495,0.2131,0.1936,0.136,0.17559999999999998,0.23600000000000002,0.2648,9.129999999999999,0.005,,,,stpaul
2025-08-25,36500.0,0.0,21.666666666666668,0.1282,0.1314,0.1284,0.2072,0.1775,0.1287,0.1513,0.1965,0.2346,9.129999999999999,0.005,,,,stpaul
2025-08-26,38400.0,0.0,21.666666666666668,0.101,0.1064,0.1062,0.1822,0.165,0.114,0.128,0.1736,0.1911,9.129999999999999,0.005,,,,stpaul
2025-08-27,39600.0,0.0,21.11111111111111,0.10285,0.11315,0.1099,0.18445,0.1701,0.12040000000000001,0.130625,0.18872499999999998,0.2077,9.129999999999999,0.005,,,,stpaul
2025-08-28,39600.0,0.0,21.666666666666668,0.10469999999999999,0.1199,0.1136,0.1867,0.1752,0.1268,0.13325,0.20384999999999998,0.2243,9.129999999999999,0.005,,,,stpaul
2025-08-29,38700.0,0.03,21.666666666666668,0.1276,0.1414,0.13586666666666666,0.22906666666666667,0.1993,0.15123333333333333,0.15813333333333335,0.22723333333333331,0.24806666666666666,9.129999999999999,0.005,,,,stpaul
2025-08-30,37600.0,0.0,13.88888888888889,0.1505,0.16290000000000002,0.15813333333333335,0.27143333333333336,0.2234,0.17566666666666667,0.18301666666666666,0.25061666666666665,0.2718333333333333,9.129999999999999,0.005,,,,stpaul
2025-08-31,36100.0,0.0,22.22222222222222,0.1734,0.1844,0.1804,0.3138,0.2475,0.2001,0.2079,0.274,0.2956,9.129999999999999,0.005,,,,stpaul
2025-09-01,34000.0,0.0,22.22222222222222,0.23416,0.22944,0.21608,0.33984000000000003,0.26574,0.2137,0.24548,0.29556,0.30798,9.129999999999999,0.005,,,,stpaul
2025-09-02,32200.0,0.0,21.944444444444443,0.29492,0.27448,0.25176,0.36588000000000004,0.28398,0.2273,0.28306,0.31712,0.32036,9.129999999999999,0.005,,,,stpaul
2025-09-03,29600.0,0.84,21.666666666666668,0.35568,0.31952,0.28744000000000003,0.39192000000000005,0.30222,0.2409,0.32064,0.33868,0.33274,9.129999999999999,0.005,,,,stpaul
2025-09-04,26700.0,0.01,20.0,0.41644000000000003,0.36456,0.32312,0.41796,0.32045999999999997,0.2545,0.35822,0.36024,0.34512,9.129999999999999,0.005,,,,stpaul
2025-09-05,23900.0,0.54,18.88888888888889,0.4772,0.4096,0.3588,0.444,0.3387,0.2681,0.3958,0.3818,0.3575,9.129999999999999,0.005,,,,stpaul
2025-09-06,21800.0,0.0,18.333333333333332,0.44171020833333335,0.38128812500000003,0.334620625,0.42362208333333334,0.3219179166666667,0.2531129166666667,0.38214499999999996,0.37026499999999996,0.3488,9.129999999999999,0.005,,,,stpaul
2025-09-07,20500.0,0.1,18.333333333333332,0.40622041666666664,0.35297625,0.31044125,0.4032441666666667,0.30513583333333333,0.23812583333333331,0.36849,0.35873,0.34009999999999996,9.129999999999999,0.005,,,,stpaul
2025-09-08,19400.0,0.0,18.333333333333332,0.370730625,0.324664375,0.286261875,0.38286625,0.28835375,0.22313875,0.354835,0.347195,0.3314,9.129999999999999,0.005,,,,stpaul
2025-09-09,18400.0,0.0,18.333333333333332,0.3352408333333333,0.2963525,0.2620825,0.36248833333333336,0.27157166666666666,0.20815166666666665,0.34118,0.33565999999999996,0.3227,9.129999999999999,0.005,,,,stpaul
2025-09-10,18000.0,0.27,-11.666666666666666,0.2997510416666666,0.26804062500000003,0.237903125,0.3421104166666667,0.25478958333333335,0.1931645833333333,0.32752499999999996,0.324125,0.314,9.129999999999999,0.005,,,,stpaul
2025-09-11,17500.0,0.0,18.88888888888889,0.26426124999999995,0.23972875000000002,0.21372374999999996,0.3217325,0.2380075,0.17817749999999996,0.31387,0.31259,0.3053,9.129999999999999,0.005,,,,stpaul
2025-09-12,16900.0,0.0,19.444444444444443,0.22877145833333326,0.211416875,0.18954437499999996,0.3013545833333333,0.22122541666666667,0.16319041666666662,0.300215,0.30105499999999996,0.2966,9.129999999999999,0.005,,,,stpaul
2025-09-13,16300.0,0.06,20.0,0.19328166666666657,0.18310500000000002,0.16536499999999996,0.28097666666666665,0.20444333333333334,0.1482033333333333,0.28656,0.28952,0.2879,9.129999999999999,0.005,,,,stpaul
2025-09-14,15600.0,0.0,20.833333333333332,0.15779187499999991,0.15479312500000003,0.14118562499999995,0.26059875,0.18766125,0.13321624999999995,0.27290499999999995,0.277985,0.2792,9.129999999999999,0.005,,,,stpaul
2025-09-15,15300.0,0.0,21.666666666666664,0.1223020833333332,0.12648125000000005,0.11700624999999995,0.24022083333333336,0.17087916666666667,0.11822916666666661,0.25925,0.26644999999999996,0.27049999999999996,9.129999999999999,0.005,,,,stpaul
2025-09-16,14500.0,0.0,22.5,0.08681229166666654,0.098169375,0.09282687499999992,0.2198429166666667,0.15409708333333333,0.10324208333333326,0.24559499999999998,0.254915,0.2618,9.129999999999999,0.005,,,,stpaul
2025-09-17,13900.0,0.0,23.333333333333332,0.0513224999999999,0.0698575,0.0686474999999999,0.199465,0.137315,0.0882549999999999,0.23193999999999998,0.24337999999999999,0.2531,9.129999999999999,0.005,,,,stpaul
2025-09-18,13800.0,0.0,23.333333333333332,0.05466968749999992,0.07190031250000001,0.07107906249999991,0.192856875,0.139000625,0.09157312499999992,0.21828499999999998,0.231845,0.2444,9.129999999999999,0.005,,,,stpaul
2025-09-19,13900.0,0.49,7.777777777777778,0.058016874999999926,0.073943125,0.07351062499999993,0.18624875000000002,0.14068624999999998,0.09489124999999993,0.20462999999999998,0.22031,0.2357,9.129999999999999,0.005,,,,stpaul
2025-09-20,14000.0,2.26,22.77777777777778,0.06136406249999994,0.0759859375,0.07594218749999994,0.179640625,0.14237187499999998,0.09820937499999993,0.19097499999999998,0.208775,0.22699999999999998,9.129999999999999,0.005,,,,stpaul
2025-09-21,13600.0,0.08,22.22222222222222,0.06471124999999996,0.07802875000000001,0.07837374999999995,0.1730325,0.1440575,0.10152749999999995,0.17731999999999998,0.19724,0.2183,9.129999999999999,0.005,,,,stpaul
2025-09-22,14500.0,1.33,21.666666666666668,0.06805843749999996,0.0800715625,0.08080531249999996,0.166424375,0.145743125,0.10484562499999997,0.16366499999999998,0.185705,0.2096,9.129999999999999,0.005,,,,stpaul
2025-09-23,14300.0,0.0,21.666666666666668,0.07140562499999997,0.082114375,0.08323687499999997,0.15981625,0.14742875,0.10816374999999998,0.15000999999999998,0.17417,0.2009,9.129999999999999,0.005,,,,stpaul
2025-09-24,14000.0,0.0,22.22222222222222,0.07475281249999999,0.0841571875,0.08566843749999999,0.153208125,0.149114375,0.11148187499999998,0.13635499999999995,0.162635,0.19219999999999998,9.129999999999999,0.005,,,,stpaul
2025-09-25,14000.0,0.0,22.22222222222222,0.0781,0.0862,0.0881,0.1466,0.1508,0.1148,0.1227,0.1511,0.1835,9.129999999999999,0.005,,,,stpaul
2025-09-26,14000.0,0.0,22.22222222222222,0.055475,0.067905,0.0678774999999999,0.2052399999999999,0.1332725,0.0845425,0.12940000000000002,0.1562,0.19569999999999999,9.129999999999999,0.005,,,,stpaul
2025-09-27,14100.0,0.0,22.22222222222222,0.0926,0.1144,0.1062,0.1566,0.1603,0.1202,0.1361,0.1613,0.2079,9.129999999999999,0.005,,,,stpaul
2025-09-28,13600.0,0.0,21.11111111111111,0.09214,0.11252,0.10732,0.15331999999999998,0.16144,0.12090000000000001,0.1377,0.16148,0.2025,9.129999999999999,0.005,,,,stpaul
2025-09-29,13200.0,0.0,21.11111111111111,0.09168,0.11064,0.10844,0.15003999999999998,0.16258,0.1216,0.1393,0.16166,0.1971,9.129999999999999,0.005,,,,stpaul
2025-09-30,13000.0,0.0,21.11111111111111,0.09122000000000001,0.10876,0.10956,0.14676,0.16372,0.1223,0.1409,0.16184,0.1917,9.129999999999999,0.005,,,,stpaul
2025-10-01,13200.0,0.0,21.666666666666668,0.09076000000000001,0.10688,0.11068,0.14348,0.16486,0.123,0.14250000000000002,0.16202,0.1863,9.129999999999999,0.005,,,,stpaul
2025-10-02,12500.0,0.0,21.666666666666668,0.0903,0.105,0.1118,0.1402,0.166,0.1237,0.1441,0.1622,0.1809,9.129999999999999,0.005,,,,stpaul
2025-10-03,12200.0,0.0,21.666666666666668,0.0345749999999999,0.05619,0.05553,0.1491124999999999,0.1060475,0.0679325,0.13743333333333335,0.15786666666666668,0.17583333333333334,9.129999999999999,0.005,,,,stpaul
2025-10-04,12000.0,0.0,21.11111111111111,0.057387499999999945,0.073345,0.074415,0.13935624999999996,0.12817375,0.08891625,0.13076666666666667,0.15353333333333333,0.17076666666666665,9.129999999999999,0.005,,,,stpaul
2025-10-05,12100.0,0.0,21.11111111111111,0.0802,0.0905,0.0933,0.1296,0.1503,0.1099,0.1241,0.1492,0.1657,9.129999999999999,0.005,,,,stpaul
2025-10-06,11500.0,0.1,19.444444444444443,0.08929999999999999,0.0952,0.09712499999999999,0.135425,0.150225,0.11225,0.125475,0.149225,0.17272500000000002,9.129999999999999,0.005,,,,stpaul
2025-10-07,11400.0,0.0,18.88888888888889,0.09839999999999999,0.0999,0.10095,0.14125,0.15015,0.11460000000000001,0.12685000000000002,0.14925,0.17975000000000002,9.129999999999999,0.005,,,,stpaul
2025-10-08,10900.0,0.0,17.77777777777778,0.09136666666666665,0.09093333333333334,0.09113333333333333,0.1346,0.14676666666666668,0.11393333333333334,0.12206666666666668,0.14816666666666667,0.1716,9.129999999999999,0.005,,,,stpaul
2025-10-09,11000.0,0.0,17.22222222222222,0.08433333333333333,0.08196666666666666,0.08131666666666666,0.12795,0.14338333333333333,0.11326666666666667,0.11728333333333334,0.14708333333333332,0.16345,9.129999999999999,0.005,,,,stpaul
2025-10-10,10600.0,0.0,17.22222222222222,0.0773,0.073,0.0715,0.1213,0.14,0.1126,0.1125,0.146,0.1553,9.129999999999999,0.005,,,,stpaul
2025-10-11,9890.0,0.0,16.666666666666668,0.07285527777777777,0.07123916666666665,0.07084694444444443,0.12315277777777778,0.13686305555555556,0.10851694444444444,0.1133764705882353,0.1464676470588235,0.1555176470588235,9.129999999999999,0.005,,,,stpaul
2025-10-12,10200.0,0.0,16.11111111111111,0.06841055555555556,0.06947833333333331,0.07019388888888886,0.12500555555555556,0.13372611111111113,0.10443388888888887,0.1142529411764706,0.14693529411764705,0.15573529411764706,9.129999999999999,0.005,,,,stpaul
2025-10-13,9520.0,0.0,15.555555555555555,0.06396583333333333,0.06771749999999996,0.0695408333333333,0.12685833333333332,0.13058916666666667,0.1003508333333333,0.11512941176470588,0.14740294117647057,0.15595294117647057,9.129999999999999,0.005,,,,stpaul
2025-10-14,9200.0,0.0,15.555555555555555,0.05952111111111111,0.06595666666666662,0.06888777777777773,0.1287111111111111,0.12745222222222224,0.09626777777777774,0.11600588235294118,0.14787058823529411,0.15617058823529412,9.129999999999999,0.005,,,,stpaul
2025-10-15,9510.0,0.52,14.444444444444445,0.05507638888888888,0.06419583333333327,0.06823472222222217,0.1305638888888889,0.12431527777777779,0.09218472222222218,0.11688235294117648,0.14833823529411763,0.15638823529411763,9.129999999999999,0.005,,,,stpaul
2025-10-16,9510.0,0.01,14.444444444444445,0.050631666666666665,0.06243499999999993,0.0675816666666666,0.13241666666666665,0.12117833333333335,0.0881016666666666,0.11775882352941178,0.14880588235294118,0.15660588235294118,9.129999999999999,0.005,,,,stpaul
2025-10-17,9600.0,0.12,15.0,0.04618694444444445,0.060674166666666585,0.06692861111111104,0.13426944444444444,0.1180413888888889,0.08401861111111104,0.11863529411764706,0.1492735294117647,0.1568235294117647,9.129999999999999,0.005,,,,stpaul
2025-10-18,9370.0,0.0,15.0,0.04174222222222222,0.05891333333333324,0.06627555555555546,0.1361222222222222,0.11490444444444445,0.07993555555555548,0.11951176470588236,0.14974117647058824,0.15704117647058824,9.129999999999999,0.005,,,,stpaul
2025-10-19,9180.0,0.01,13.88888888888889,0.0372975,0.0571524999999999,0.0656224999999999,0.137975,0.1117675,0.0758524999999999,0.12038823529411766,0.15020882352941176,0.15725882352941176,9.129999999999999,0.005,,,,stpaul
2025-10-20,8830.0,0.0,13.333333333333334,0.0456728125,0.06292093749999991,0.07086343749999992,0.138390625,0.1158215625,0.07959593749999992,0.12126470588235296,0.1506764705882353,0.1574764705882353,9.129999999999999,0.005,,,,stpaul
2025-10-21,8720.0,0.12,12.222222222222221,0.054048125,0.06868937499999993,0.07610437499999993,0.13880625,0.119875625,0.08333937499999994,0.12214117647058824,0.15114411764705882,0.15769411764705882,9.129999999999999,0.005,,,,stpaul
2025-10-22,8350.0,0.11,11.11111111111111,0.0624234375,0.07445781249999994,0.08134531249999993,0.139221875,0.1239296875,0.08708281249999994,0.12301764705882354,0.15161176470588236,0.15791176470588236,9.129999999999999,0.005,,,,stpaul
2025-10-23,8510.0,0.0,11.11111111111111,0.07079875,0.08022624999999994,0.08658624999999995,0.1396375,0.12798375,0.09082624999999996,0.12389411764705884,0.15207941176470588,0.15812941176470588,9.129999999999999,0.005,,,,stpaul
2025-10-24,8210.0,0.0,11.11111111111111,0.0791740625,0.08599468749999997,0.09182718749999996,0.140053125,0.1320378125,0.09456968749999997,0.12477058823529413,0.15254705882352942,0.15834705882352942,9.129999999999999,0.005,,,,stpaul
2025-10-25,7840.0,0.0,11.11111111111111,0.087549375,0.09176312499999997,0.09706812499999998,0.14046875,0.136091875,0.09831312499999997,0.12564705882352942,0.15301470588235294,0.15856470588235294,9.129999999999999,0.005,,,,stpaul
2025-10-26,7930.0,0.0,10.555555555555555,0.0959246875,0.09753156249999999,0.10230906249999999,0.140884375,0.14014593749999998,0.10205656249999999,0.12652352941176473,0.1534823529411765,0.15878235294117649,9.129999999999999,0.005,,,,stpaul
2025-10-27,7800.0,0.0,11.11111111111111,0.1043,0.1033,0.10755,0.1413,0.1442,0.1058,0.1274,0.15395,0.159,9.129999999999999,0.005,,,,stpaul
2025-10-28,8070.0,0.0,10.555555555555555,0.10794285714285715,0.10740000000000001,0.11098571428571428,0.14351428571428573,0.14395714285714284,0.10671428571428572,0.1257,0.1522857142857143,0.15524285714285715,9.129999999999999,0.005,,,,stpaul
2025-10-29,8260.0,0.0,10.555555555555555,0.11158571428571429,0.1115,0.11442142857142858,0.14572857142857143,0.1437142857142857,0.10762857142857143,0.12400000000000001,0.15062142857142857,0.15148571428571428,9.129999999999999,0.005,,,,stpaul
2025-10-30,8600.0,0.0,10.555555555555555,0.11522857142857143,0.11560000000000001,0.11785714285714285,0.14794285714285715,0.14347142857142856,0.10854285714285715,0.1223,0.14895714285714287,0.14772857142857143,9.129999999999999,0.005,,,,stpaul
2025-10-31,8580.0,0.01,10.0,0.11887142857142857,0.1197,0.12129285714285715,0.15015714285714285,0.14322857142857143,0.10945714285714285,0.12060000000000001,0.14729285714285714,0.14397142857142858,9.129999999999999,0.005,,,,stpaul
2025-11-01,8660.0,0.1,10.0,0.12251428571428571,0.12380000000000001,0.12472857142857142,0.15237142857142857,0.14298571428571427,0.11037142857142856,0.1189,0.14562857142857144,0.14021428571428574,9.129999999999999,0.005,,,,stpaul
2025-11-02,8780.0,0.0,10.0,0.12615714285714286,0.1279,0.1281642857142857,0.15458571428571427,0.14274285714285714,0.11128571428571428,0.1172,0.1439642857142857,0.13645714285714286,9.129999999999999,0.005,,,,stpaul
2025-11-03,8740.0,0.0,9.444444444444445,0.1298,0.132,0.1316,0.1568,0.1425,0.1122,0.1155,0.1423,0.1327,9.129999999999999,0.005,,,,stpaul
2025-11-04,8640.0,0.0,9.444444444444445,0.08,0.0881,0.0846,0.1166,0.1311,0.1203,0.1033,0.1304,0.1431,9.129999999999999,0.005,,,,stpaul
2025-11-05,8960.0,0.0,9.444444444444445,0.0827,0.09045,0.08653999999999999,0.11674,0.13408,0.1196,0.10657,0.13213,0.14243,9.129999999999999,0.005,,,,stpaul
2025-11-06,8710.0,0.0,8.88888888888889,0.0854,0.0928,0.08847999999999999,0.11688,0.13706,0.1189,0.10984000000000001,0.13385999999999998,0.14176,9.129999999999999,0.005,,,,stpaul
2025-11-07,8750.0,0.0,8.88888888888889,0.0881,0.09515,0.09042,0.11702,0.14004,0.1182,0.11311,0.13559,0.14109,9.129999999999999,0.005,,,,stpaul
2025-11-08,8610.0,0.0,7.777777777777778,0.0908,0.0975,0.09236,0.11716,0.14301999999999998,0.11750000000000001,0.11638000000000001,0.13732,0.14042,9.129999999999999,0.005,,,,stpaul
2025-11-09,8330.0,0.0,6.111111111111111,0.0935,0.09985,0.0943,0.11729999999999999,0.146,0.1168,0.11965,0.13905,0.13974999999999999,9.129999999999999,0.005,,,,stpaul
2025-11-10,8040.0,0.0,4.444444444444445,0.09620000000000001,0.1022,0.09623999999999999,0.11743999999999999,0.14898,0.1161,0.12292,0.14078,0.13908,9.129999999999999,0.005,,,,stpaul
2025-11-11,8430.0,0.0,5.0,0.0989,0.10455,0.09817999999999999,0.11757999999999999,0.15195999999999998,0.1154,0.12619,0.14251,0.13841,9.129999999999999,0.005,,,,stpaul
2025-11-12,8430.0,0.0,5.0,0.1016,0.1069,0.10012,0.11771999999999999,0.15494,0.1147,0.12946000000000002,0.14424,0.13774,9.129999999999999,0.005,,,,stpaul
2025-11-13,7990.0,0.0,5.555555555555555,0.1043,0.10925,0.10206,0.11785999999999999,0.15791999999999998,0.114,0.13273000000000001,0.14597,0.13707,9.129999999999999,0.005,,,,stpaul
2025-11-14,7930.0,0.0,5.555555555555555,0.107,0.1116,0.104,0.118,0.1609,0.1133,0.136,0.1477,0.1364,9.129999999999999,0.005,,,,stpaul
2025-11-15,8060.0,0.0,6.111111111111111,0.09567500000000001,0.10245,0.101775,0.11574999999999999,0.1543,0.11599999999999999,0.1233,0.1381,0.13265,9.129999999999999,0.005,,,,stpaul
2025-11-16,7910.0,0.0,6.111111111111111,0.08435000000000001,0.0933,0.09955,0.11349999999999999,0.1477,0.1187,0.1106,0.1285,0.12890000000000001,9.129999999999999,0.005,,,,stpaul
2025-11-17,8050.0,0.0,5.555555555555555,0.08721428571428572,0.09662857142857142,0.10318571428571428,0.11679999999999999,0.14772857142857143,0.11885714285714286,0.11731428571428572,0.12894285714285714,0.13451428571428573,9.129999999999999,0.005,,,,stpaul
2025-11-18,7780.0,0.0,5.0,0.09007857142857144,0.09995714285714286,0.10682142857142857,0.1201,0.14775714285714286,0.11901428571428571,0.12402857142857143,0.1293857142857143,0.14012857142857144,9.129999999999999,0.005,,,,stpaul
2025-11-19,7570.0,0.0,6.111111111111111,0.09294285714285715,0.10328571428571429,0.11045714285714286,0.1234,0.1477857142857143,0.11917142857142857,0.13074285714285713,0.12982857142857143,0.14574285714285715,9.129999999999999,0.005,,,,stpaul
2025-11-20,7430.0,0.0,6.111111111111111,0.09580714285714287,0.1066142857142857,0.11409285714285715,0.1267,0.1478142857142857,0.11932857142857144,0.13745714285714286,0.13027142857142857,0.15135714285714286,9.129999999999999,0.005,,,,stpaul
2025-11-21,7350.0,0.0,6.111111111111111,0.09867142857142858,0.10994285714285713,0.11772857142857143,0.13,0.14784285714285714,0.11948571428571429,0.14417142857142856,0.1307142857142857,0.15697142857142857,9.129999999999999,0.005,,,,stpaul
2025-11-22,7480.0,0.0,6.111111111111111,0.10153571428571428,0.11327142857142856,0.12136428571428572,0.1333,0.14787142857142857,0.11964285714285715,0.1508857142857143,0.13115714285714286,0.16258571428571428,9.129999999999999,0.005,,,,stpaul
2025-11-23,7330.0,0.0,5.555555555555555,0.1044,0.1166,0.125,0.1366,0.1479,0.1198,0.1576,0.1316,0.1682,9.129999999999999,0.005,,,,stpaul
2025-11-24,7570.0,0.0,5.555555555555555,0.12096000000000001,0.13101,0.13725,0.15039,0.1444,0.117735,0.17618999999999999,0.15277,0.18664499999999998,9.129999999999999,0.005,,,,stpaul
2025-11-25,7670.0,0.02,6.111111111111111,0.13752,0.14542,0.1495,0.16418,0.1409,0.11567000000000001,0.19478,0.17393999999999998,0.20509,9.129999999999999,0.005,,,,stpaul
2025-11-26,8210.0,0.66,5.0,0.15408,0.15983,0.16175,0.17797000000000002,0.1374,0.113605,0.21337,0.19511,0.22353499999999998,9.129999999999999,0.005,,,,stpaul
2025-11-27,8170.0,0.0,2.7777777777777777,0.17064000000000001,0.17424,0.174,0.19175999999999999,0.1339,0.11154,0.23196,0.21628,0.24197999999999997,9.129999999999999,0.005,,,,stpaul
2025-11-28,7820.0,0.0,2.7777777777777777,0.18719999999999998,0.18864999999999998,0.18625,0.20555,0.13040000000000002,0.109475,0.25055,0.23745,0.260425,9.129999999999999,0.005,,,,stpaul
2025-11-29,8020.0,0.0,2.2222222222222223,0.20376,0.20306000000000002,0.1985,0.21934,0.1269,0.10741,0.26914,0.25862,0.27886999999999995,9.129999999999999,0.005,,,,stpaul
2025-11-30,7900.0,0.48,1.6666666666666667,0.22032000000000002,0.21747,0.21075,0.23313,0.1234,0.10534500000000001,0.28773000000000004,0.27979,0.297315,9.129999999999999,0.005,,,,stpaul
2025-12-01,7020.0,0.0,1.6666666666666667,0.23687999999999998,0.23188,0.223,0.24692,0.1199,0.10328000000000001,0.30632000000000004,0.30096,0.31576,9.129999999999999,0.005,,,,stpaul
2025-12-02,5700.0,0.0,1.1111111111111112,0.25344,0.24629,0.23525000000000001,0.26071,0.1164,0.101215,0.32491000000000003,0.32213,0.334205,9.129999999999999,0.005,,,,stpaul
2025-12-03,6050.0,0.02,0.5555555555555556,0.26999999999999996,0.2607,0.2475,0.27449999999999997,0.1129,0.09915,0.3435,0.3433,0.35265,9.129999999999999,0.005,,,,stpaul
2025-12-04,4390.0,0.0,0.0,0.28656,0.27511,0.25975000000000004,0.28829,0.1094,0.097085,0.36209,0.36447,0.37109499999999995,9.129999999999999,0.005,,,,stpaul
2025-12-05,4890.0,0.0,0.5555555555555556,0.30312,0.28952,0.272,0.30208,0.1059,0.09502000000000001,0.38068,0.38564000000000004,0.38954,9.129999999999999,0.005,,,,stpaul
2025-12-06,5550.0,0.08,0.2777777777777778,0.31967999999999996,0.30393000000000003,0.28425,0.31587,0.10239999999999999,0.09295500000000001,0.39927,0.40681,0.407985,9.129999999999999,0.005,,,,stpaul
2025-12-07,5830.0,0.01,0.0,0.33624,0.31834,0.2965,0.32966,0.09889999999999999,0.09089,0.41786,0.42798,0.42643,9.129999999999999,0.005,,,,stpaul
2025-12-08,6130.0,0.0,0.0,0.3528,0.33275,0.30874999999999997,0.34345000000000003,0.0954,0.088825,0.43645,0.44915,0.444875,9.129999999999999,0.005,,,,stpaul
2025-12-09,6520.0,0.08,0.0,0.36935999999999997,0.34716,0.321,0.35724,0.0919,0.08676,0.45504,0.47032,0.46331999999999995,9.129999999999999,0.005,,,,stpaul
2025-12-10,6910.0,0.57,0.0,0.38592,0.36157,0.33325000000000005,0.37102999999999997,0.08839999999999999,0.084695,0.47363,0.49149000000000004,0.481765,9.129999999999999,0.005,,,,stpaul
2025-12-11,6590.0,0.0,0.0,0.40247999999999995,0.37598,0.34550000000000003,0.38482,0.08489999999999999,0.08263000000000001,0.49222,0.51266,0.5002099999999999,9.129999999999999,0.005,,,,stpaul
2025-12-12,6740.0,0.0,0.0,0.41903999999999997,0.39039,0.35775,0.39861,0.0814,0.080565,0.51081,0.53383,0.518655,9.129999999999999,0.005,,,,stpaul
2025-12-13,5930.0,0.0,0.0,0.4356,0.4048,0.37,0.4124,0.0779,0.0785,0.5294,0.555,0.5371,9.129999999999999,0.005,,,,stpaul
2025-12-14,5400.0,0.0,0.0,0.401125,0.373825,0.340025,0.37725,0.0782375,0.07785,0.49306249999999996,0.5100125000000001,0.49760000000000004,9.129999999999999,0.005,,,,stpaul
2025-12-15,5690.0,0.0,0.0,0.36665,0.34285,0.31005,0.34209999999999996,0.078575,0.0772,0.456725,0.465025,0.4581,9.129999999999999,0.005,,,,stpaul
2025-12-16,6350.0,0.0,0.0,0.332175,0.311875,0.280075,0.30695,0.0789125,0.07655,0.4203875,0.42003750000000006,0.41859999999999997,9.129999999999999,0.005,,,,stpaul
2025-12-17,7210.0,0.0,0.0,0.29769999999999996,0.2809,0.2501,0.2718,0.07925,0.0759,0.38405,0.37505,0.3791,9.129999999999999,0.005,,,,stpaul
2025-12-18,8220.0,0.03,0.0,0.263225,0.249925,0.22012500000000002,0.23664999999999997,0.0795875,0.07525,0.3477125,0.33006250000000004,0.3396,9.129999999999999,0.005,,,,stpaul
2025-12-19,7260.0,0.08,0.0,0.22875,0.21895,0.19015,0.20149999999999998,0.079925,0.0746,0.311375,0.285075,0.3001,9.129999999999999,0.005,,,,stpaul
2025-12-20,6820.0,0.0,0.0,0.194275,0.187975,0.160175,0.16635,0.0802625,0.07395,0.27503750000000005,0.2400875,0.26059999999999994,9.129999999999999,0.005,,,,stpaul
2025-12-21,6620.0,0.0,0.0,0.1598,0.157,0.1302,0.1312,0.0806,0.0733,0.2387,0.1951,0.2211,9.129999999999999,0.005,,,,stpaul
2025-12-22,7240.0,0.0,0.0,0.1814875,0.1743625,0.14655,0.14902500000000002,0.0783875,0.0729125,0.26195,0.23065,0.2479875,9.129999999999999,0.005,,,,stpaul
2025-12-23,7520.0,0.0,0.0,0.203175,0.191725,0.16290000000000002,0.16685,0.076175,0.072525,0.2852,0.2662,0.274875,9.129999999999999,0.005,,,,stpaul
2025-12-24,7310.0,0.0,0.0,0.2248625,0.20908749999999998,0.17925000000000002,0.184675,0.0739625,0.07213750000000001,0.30845,0.30174999999999996,0.3017625,9.129999999999999,0.005,,,,stpaul
2025-12-25,7280.0,0.0,0.0,0.24655,0.22644999999999998,0.1956,0.2025,0.07175000000000001,0.07175000000000001,0.3317,0.3373,0.32865,9.129999999999999,0.005,,,,stpaul
2025-12-26,7650.0,0.03,0.0,0.2682375,0.2438125,0.21195000000000003,0.220325,0.0695375,0.0713625,0.35495,0.37285,0.35553749999999995,9.129999999999999,0.005,,,,stpaul
2025-12-27,7640.0,0.0,0.0,0.289925,0.261175,0.2283,0.23815,0.067325,0.070975,0.3782,0.4084,0.382425,9.129999999999999,0.005,,,,stpaul
2025-12-28,7810.0,0.02,0.5555555555555556,0.31161249999999996,0.2785375,0.24465,0.255975,0.0651125,0.0705875,0.40145000000000003,0.44394999999999996,0.40931249999999997,9.129999999999999,0.005,,,,stpaul
2025-12-29,7370.0,0.71,0.0,0.3333,0.2959,0.261,0.2738,0.0629,0.0702,0.4247,0.4795,0.4362,9.129999999999999,0.005,,,,stpaul
2025-12-30,7020.0,0.0,0.0,0.3333,0.2959,0.261,0.2738,0.0629,0.0702,0.4247,0.4795,0.4362,9.129999999999999,0.005,,,,stpaul
2025-12-31,7640.0,0.05,0.0,0.3333,0.2959,0.261,0.2738,0.0629,0.0702,0.4247,0.4795,0.4362,9.129999999999999,0.005,,,,stpaul
