ActivityIdentifier,ActivityTypeCode,ActivityMediaName,ActivityMediaSubdivisionName,ActivityStartDate,ActivityStartTime/Time,ActivityStartTime/TimeZoneCode,ActivityEndDate,ActivityEndTime/Time,ActivityEndTime/TimeZoneCode,ActivityDepthHeightMeasure/MeasureValue,ActivityDepthHeightMeasure/MeasureUnitCode,ActivityDepthAltitudeReferencePointText,ActivityTopDepthHeightMeasure/MeasureValue,ActivityTopDepthHeightMeasure/MeasureUnitCode,ActivityBottomDepthHeightMeasure/MeasureValue,ActivityBottomDepthHeightMeasure/MeasureUnitCode,ActivityConductingOrganizationText,ActivityCommentText,SampleAquifer,SampleCollectionMethod/MethodIdentifier,SampleCollectionMethod/MethodIdentifierContext,SampleCollectionMethod/MethodName,SampleCollectionEquipmentName,ResultDetectionConditionText,CharacteristicName,ResultSampleFractionText,ResultMeasureValue,ResultMeasure/MeasureUnitCode,MeasureQualifierCode,ResultStatusIdentifier,ResultValueTypeName,ResultWeightBasisText,ResultTimeBasisText,ResultTemperatureBasisText,ResultParticleSizeBasisText,ResultCommentText,ResultDepthHeightMeasure/MeasureValue,ResultDepthHeightMeasure/MeasureUnitCode,ResultDepthAltitudeReferencePointText,SampleTissueAnatomyName,ResultAnalyticalMethod/MethodIdentifier,ResultAnalyticalMethod/MethodIdentifierContext,ResultAnalyticalMethod/MethodName,AnalysisStartDate,ResultLaboratoryCommentText,DetectionQuantitationLimitMeasure/MeasureValue,DetectionQuantitationLimitMeasure/MeasureUnitCode,PreparationStartDate
nwismn.01.01900063,Sample-Routine,Water,Surface Water,2019-03-20,10:30:00,CDT,,,,,,,,,,,U.S. Geological Survey-Water Resources Discipline,MM-56665A,,60,USGS parameter code 82398,Weighted bottle,US WBH-96 weighted-bottle sampler,,Phosphorus,Total,0.26,mg/l as P,,Accepted,Actual,,,,,,,,,,KJ009,USGS,"Phosphorus, wu, microKJ ASF, H+",2019-03-26,,0.02,mg/l as P,
nwismn.01.01900063,Sample-Routine,Water,Surface Water,2019-03-20,10:30:00,CDT,,,,,,,,,,,U.S. Geological Survey-Water Resources Discipline,MM-56665A,,60,USGS parameter code 82398,Weighted bottle,US WBH-96 weighted-bottle sampler,,Phosphorus,Dissolved,0.19,mg/l as P,,Accepted,Actual,,,,,,,,,,KJ005,USGS,"P, wf, FCC, Kjeldahl, CF",2019-03-25,,0.02,mg/l as P,
nwismn.01.01900063,Sample-Routine,Water,Surface Water,2019-03-20,10:30:00,CDT,,,,,,,,,,,U.S. Geological Survey-Water Resources Discipline,MM-56665A,,60,USGS parameter code 82398,Weighted bottle,US WBH-96 weighted-bottle sampler,,Nitrogen,Suspended,0.273,mg/l,,Accepted,Actual,,,,,,,,,,COMB7,USGS,"TPN, GF/F, combusion",2019-04-16,,0.03,mg/l,
nwismn.01.01900063,Sample-Routine,Water,Surface Water,2019-03-20,10:30:00,CDT,,,,,,,,,,,U.S. Geological Survey-Water Resources Discipline,MM-56665A,,60,USGS parameter code 82398,Weighted bottle,US WBH-96 weighted-bottle sampler,,Turbidity,Total,33.0,NTRU,,Accepted,Actual,,,,,,,,,,TS098,USGS,"HACH, sensor model 2100 AN, R-On",2019-03-22,,2.0,NTRU,
nwismn.01.01900249,Sample-Routine,Water,Surface Water,2019-06-18,11:20:00,CDT,,,,,,,,,,,U.S. Geological Survey-Water Resources Discipline,MM-57170A,,40,USGS parameter code 82398,Multiple verticals,US WBH-96 weighted-bottle sampler,,Phosphorus,Total,0.12,mg/l as P,,Accepted,Actual,,,,,,,,,,KJ009,USGS,"Phosphorus, wu, microKJ ASF, H+",2019-06-24,,0.02,mg/l as P,
nwismn.01.01900249,Sample-Routine,Water,Surface Water,2019-06-18,11:20:00,CDT,,,,,,,,,,,U.S. Geological Survey-Water Resources Discipline,MM-57170A,,40,USGS parameter code 82398,Multiple verticals,US WBH-96 weighted-bottle sampler,,Phosphorus,Dissolved,0.07,mg/l as P,,Accepted,Actual,,,,,,,,,,KJ005,USGS,"P, wf, FCC, Kjeldahl, CF",2019-06-20,,0.02,mg/l as P,
nwismn.01.01900249,Sample-Routine,Water,Surface Water,2019-06-18,11:20:00,CDT,,,,,,,,,,,U.S. Geological Survey-Water Resources Discipline,MM-57170A,,40,USGS parameter code 82398,Multiple verticals,US WBH-96 weighted-bottle sampler,,Nitrogen,Suspended,0.193,mg/l,,Accepted,Actual,,,,,,,,,,COMB7,USGS,"TPN, GF/F, combusion",2019-07-19,,0.03,mg/l,
nwismn.01.01900249,Sample-Routine,Water,Surface Water,2019-06-18,11:20:00,CDT,,,,,,,,,,,U.S. Geological Survey-Water Resources Discipline,MM-57170A,,40,USGS parameter code 82398,Multiple verticals,US WBH-96 weighted-bottle sampler,,Turbidity,Total,22.0,NTRU,,Accepted,Actual,,,,,The holding time for the processing of this sample has been exceeded,,,,,TS098,USGS,"HACH, sensor model 2100 AN, R-On",2019-07-17,holding time exceededsee result laboratory comment,2.0,NTRU,
nwismn.01.01900249,Sample-Routine,Water,Surface Water,2019-06-18,11:20:00,CDT,,,,,,,,,,,U.S. Geological Survey-Water Resources Discipline,MM-57170A,,40,USGS parameter code 82398,Multiple verticals,US WBH-96 weighted-bottle sampler,,Chlorophyll a,,20.2,ug/l,,Accepted,Actual,,,,,,,,,,00050,USGS,"Plant pigments, sonication & 445",2019-07-09,,0.1,ug/l,2019-07-09
nwismn.01.01900292,Quality Control Sample-Field Replicate,Water,Surface Water,2019-07-24,11:30:00,CDT,,,,,,,,,,,U.S. Geological Survey-Water Resources Discipline,MM-57485A,,20,USGS parameter code 82398,Equal discharge increment (edi),US D-96 bag sampler,,Phosphorus,Total,0.22,mg/l as P,,Accepted,Actual,,,,,,,,,,KJ009,USGS,"Phosphorus, wu, microKJ ASF, H+",2019-08-07,,0.02,mg/l as P,
nwismn.01.01900292,Quality Control Sample-Field Replicate,Water,Surface Water,2019-07-24,11:30:00,CDT,,,,,,,,,,,U.S. Geological Survey-Water Resources Discipline,MM-57485A,,20,USGS parameter code 82398,Equal discharge increment (edi),US D-96 bag sampler,,Phosphorus,Dissolved,0.13,mg/l as P,,Accepted,Actual,,,,,,,,,,KJ005,USGS,"P, wf, FCC, Kjeldahl, CF",2019-08-08,,0.02,mg/l as P,
nwismn.01.01900292,Quality Control Sample-Field Replicate,Water,Surface Water,2019-07-24,11:30:00,CDT,,,,,,,,,,,U.S. Geological Survey-Water Resources Discipline,MM-57485A,,20,USGS parameter code 82398,Equal discharge increment (edi),US D-96 bag sampler,,Nitrogen,Suspended,0.243,mg/l,,Accepted,Actual,,,,,,,,,,COMB7,USGS,"TPN, GF/F, combusion",2019-08-27,,0.03,mg/l,
nwismn.01.01900292,Quality Control Sample-Field Replicate,Water,Surface Water,2019-07-24,11:30:00,CDT,,,,,,,,,,,U.S. Geological Survey-Water Resources Discipline,MM-57485A,,20,USGS parameter code 82398,Equal discharge increment (edi),US D-96 bag sampler,,Turbidity,Total,36.0,NTRU,,Accepted,Actual,,,,,,,,,,TS098,USGS,"HACH, sensor model 2100 AN, R-On",2019-07-29,,2.0,NTRU,
nwismn.01.01900292,Quality Control Sample-Field Replicate,Water,Surface Water,2019-07-24,11:30:00,CDT,,,,,,,,,,,U.S. Geological Survey-Water Resources Discipline,MM-57485A,,20,USGS parameter code 82398,Equal discharge increment (edi),US D-96 bag sampler,,Chlorophyll a,,12.6,ug/l,,Accepted,Actual,,,,,,,,,,00050,USGS,"Plant pigments, sonication & 445",2019-08-07,,0.1,ug/l,2019-08-07
nwismn.01.01900066,Sample-Routine,Water,Surface Water,2019-04-16,11:00:00,CDT,,,,,,,,,,,U.S. Geological Survey-Water Resources Discipline,MM-56666A,,20,USGS parameter code 82398,Equal discharge increment (edi),US WBH-96 weighted-bottle sampler,,Phosphorus,Total,0.24,mg/l as P,,Accepted,Actual,,,,,,,,,,KJ009,USGS,"Phosphorus, wu, microKJ ASF, H+",2019-05-02,,0.02,mg/l as P,
nwismn.01.01900066,Sample-Routine,Water,Surface Water,2019-04-16,11:00:00,CDT,,,,,,,,,,,U.S. Geological Survey-Water Resources Discipline,MM-56666A,,20,USGS parameter code 82398,Equal discharge increment (edi),US WBH-96 weighted-bottle sampler,,Phosphorus,Dissolved,0.14,mg/l as P,,Accepted,Actual,,,,,,,,,,KJ005,USGS,"P, wf, FCC, Kjeldahl, CF",2019-04-30,,0.02,mg/l as P,
nwismn.01.01900066,Sample-Routine,Water,Surface Water,2019-04-16,11:00:00,CDT,,,,,,,,,,,U.S. Geological Survey-Water Resources Discipline,MM-56666A,,20,USGS parameter code 82398,Equal discharge increment (edi),US WBH-96 weighted-bottle sampler,,Nitrogen,Suspended,0.26,mg/l,,Accepted,Actual,,,,,,,,,,COMB7,USGS,"TPN, GF/F, combusion",2019-05-15,,0.03,mg/l,
nwismn.01.01900066,Sample-Routine,Water,Surface Water,2019-04-16,11:00:00,CDT,,,,,,,,,,,U.S. Geological Survey-Water Resources Discipline,MM-56666A,,20,USGS parameter code 82398,Equal discharge increment (edi),US WBH-96 weighted-bottle sampler,,Turbidity,Total,24.0,NTRU,,Accepted,Actual,,,,,,,,,,TS098,USGS,"HACH, sensor model 2100 AN, R-On",2019-04-22,,2.0,NTRU,
nwismn.01.02000128,Sample-Routine,Water,Surface Water,2019-11-25,11:30:00,CST,,,,,,,,,,,USGS - Minnesota Water Science Center,ID-00395A,,70,USGS parameter code 82398,Grab sample  (dip),Weighted-bottle sampler,,Phosphorus,Total,0.05,mg/l as P,,Accepted,Actual,,,,,The holding time for the processing of this sample has been exceeded,,,,,KJ009,USGS,"Phosphorus, wu, microKJ ASF, H+",2020-01-07,holding time exceededsee result laboratory comment,0.02,mg/l as P,
nwismn.01.02000128,Sample-Routine,Water,Surface Water,2019-11-25,11:30:00,CST,,,,,,,,,,,USGS - Minnesota Water Science Center,ID-00395A,,70,USGS parameter code 82398,Grab sample  (dip),Weighted-bottle sampler,Not Detected,Phosphorus,Dissolved,,,,Accepted,Actual,,,,,,,,,,KJ005,USGS,"P, wf, FCC, Kjeldahl, CF",2019-12-16,,0.02,mg/l as P,
nwismn.01.02000128,Sample-Routine,Water,Surface Water,2019-11-25,11:30:00,CST,,,,,,,,,,,USGS - Minnesota Water Science Center,ID-00395A,,70,USGS parameter code 82398,Grab sample  (dip),Weighted-bottle sampler,,Nitrogen,Suspended,0.119,mg/l,,Accepted,Actual,,,,,,,,,,COMB7,USGS,"TPN, GF/F, combusion",2020-01-08,,0.03,mg/l,
nwismn.01.02000128,Sample-Routine,Water,Surface Water,2019-11-25,11:30:00,CST,,,,,,,,,,,USGS - Minnesota Water Science Center,ID-00395A,,70,USGS parameter code 82398,Grab sample  (dip),Weighted-bottle sampler,,Turbidity,Total,8.4,NTRU,,Accepted,Estimated,,,,,,,,,,TS098,USGS,"HACH, sensor model 2100 AN, R-On",2019-12-03,value extrapolated at low end,2.0,NTRU,
nwismn.01.01900210,Quality Control Sample-Field Replicate,Water,Surface Water,2019-05-20,11:30:00,CDT,,,,,,,,,,,U.S. Geological Survey-Water Resources Discipline,MM-57165A,,40,USGS parameter code 82398,Multiple verticals,US WBH-96 weighted-bottle sampler,,Phosphorus,Total,0.09,mg/l as P,,Accepted,Actual,,,,,,,,,,KJ009,USGS,"Phosphorus, wu, microKJ ASF, H+",2019-06-03,,0.02,mg/l as P,
nwismn.01.01900210,Quality Control Sample-Field Replicate,Water,Surface Water,2019-05-20,11:30:00,CDT,,,,,,,,,,,U.S. Geological Survey-Water Resources Discipline,MM-57165A,,40,USGS parameter code 82398,Multiple verticals,US WBH-96 weighted-bottle sampler,Not Detected,Phosphorus,Dissolved,,,,Accepted,Actual,,,,,,,,,,KJ005,USGS,"P, wf, FCC, Kjeldahl, CF",2019-05-31,,0.02,mg/l as P,
nwismn.01.01900210,Quality Control Sample-Field Replicate,Water,Surface Water,2019-05-20,11:30:00,CDT,,,,,,,,,,,U.S. Geological Survey-Water Resources Discipline,MM-57165A,,40,USGS parameter code 82398,Multiple verticals,US WBH-96 weighted-bottle sampler,,Nitrogen,Suspended,0.312,mg/l,,Accepted,Actual,,,,,,,,,,COMB7,USGS,"TPN, GF/F, combusion",2019-06-20,,0.03,mg/l,
nwismn.01.01900210,Quality Control Sample-Field Replicate,Water,Surface Water,2019-05-20,11:30:00,CDT,,,,,,,,,,,U.S. Geological Survey-Water Resources Discipline,MM-57165A,,40,USGS parameter code 82398,Multiple verticals,US WBH-96 weighted-bottle sampler,,Turbidity,Total,17.0,NTRU,,Accepted,Estimated,,,,,,,,,,TS098,USGS,"HACH, sensor model 2100 AN, R-On",2019-05-24,value extrapolated at low end,2.0,NTRU,
nwismn.01.02000078,Sample-Routine,Water,Surface Water,2019-10-23,10:30:00,CDT,,,,,,,,,,,USGS - Minnesota Water Science Center,MM-58629A,,70,USGS parameter code 82398,Grab sample  (dip),Weighted-bottle sampler,,Phosphorus,Total,0.09,mg/l as P,,Accepted,Actual,,,,,,,,,,KJ009,USGS,"Phosphorus, wu, microKJ ASF, H+",2019-11-04,,0.02,mg/l as P,
nwismn.01.02000078,Sample-Routine,Water,Surface Water,2019-10-23,10:30:00,CDT,,,,,,,,,,,USGS - Minnesota Water Science Center,MM-58629A,,70,USGS parameter code 82398,Grab sample  (dip),Weighted-bottle sampler,,Phosphorus,Dissolved,0.05,mg/l as P,,Accepted,Actual,,,,,,,,,,KJ005,USGS,"P, wf, FCC, Kjeldahl, CF",2019-11-05,,0.02,mg/l as P,
nwismn.01.02000078,Sample-Routine,Water,Surface Water,2019-10-23,10:30:00,CDT,,,,,,,,,,,USGS - Minnesota Water Science Center,MM-58629A,,70,USGS parameter code 82398,Grab sample  (dip),Weighted-bottle sampler,,Nitrogen,Suspended,0.19,mg/l,,Accepted,Actual,,,,,,,,,,COMB7,USGS,"TPN, GF/F, combusion",2019-12-03,,0.03,mg/l,
nwismn.01.02000078,Sample-Routine,Water,Surface Water,2019-10-23,10:30:00,CDT,,,,,,,,,,,USGS - Minnesota Water Science Center,MM-58629A,,70,USGS parameter code 82398,Grab sample  (dip),Weighted-bottle sampler,,Turbidity,Total,17.0,NTRU,,Accepted,Estimated,,,,,,,,,,TS098,USGS,"HACH, sensor model 2100 AN, R-On",2019-10-25,value extrapolated at low end,2.0,NTRU,
nwismn.01.02000078,Sample-Routine,Water,Surface Water,2019-10-23,10:30:00,CDT,,,,,,,,,,,USGS - Minnesota Water Science Center,MM-58629A,,70,USGS parameter code 82398,Grab sample  (dip),Weighted-bottle sampler,,Chlorophyll a,,10.3,ug/l,,Accepted,Actual,,,,,,,,,,00050,USGS,"Plant pigments, sonication & 445",2019-11-07,,0.1,ug/l,2019-11-07
nwismn.01.01900048,Sample-Routine,Water,Surface Water,2019-02-01,11:30:00,CST,,,,,,,,,,,U.S. Geological Survey-Water Resources Discipline,MM-55827G,,60,USGS parameter code 82398,Weighted bottle,US WBH-96 weighted-bottle sampler,,Phosphorus,Total,0.04,mg/l as P,,Accepted,Actual,,,,,,,,,,KJ009,USGS,"Phosphorus, wu, microKJ ASF, H+",2019-02-11,below the reporting level but at or above the detection level,0.02,mg/l as P,
nwismn.01.01900048,Sample-Routine,Water,Surface Water,2019-02-01,11:30:00,CST,,,,,,,,,,,U.S. Geological Survey-Water Resources Discipline,MM-55827G,,60,USGS parameter code 82398,Weighted bottle,US WBH-96 weighted-bottle sampler,,Phosphorus,Dissolved,0.04,mg/l as P,,Accepted,Actual,,,,,,,,,,KJ005,USGS,"P, wf, FCC, Kjeldahl, CF",2019-02-14,below the reporting level but at or above the detection level,0.02,mg/l as P,
nwismn.01.01900048,Sample-Routine,Water,Surface Water,2019-02-01,11:30:00,CST,,,,,,,,,,,U.S. Geological Survey-Water Resources Discipline,MM-55827G,,60,USGS parameter code 82398,Weighted bottle,US WBH-96 weighted-bottle sampler,,Nitrogen,Suspended,0.047,mg/l,,Accepted,Actual,,,,,,,,,,COMB7,USGS,"TPN, GF/F, combusion",2019-02-28,below the reporting level but at or above the detection level,0.03,mg/l,
nwismn.01.01900048,Sample-Routine,Water,Surface Water,2019-02-01,11:30:00,CST,,,,,,,,,,,U.S. Geological Survey-Water Resources Discipline,MM-55827G,,60,USGS parameter code 82398,Weighted bottle,US WBH-96 weighted-bottle sampler,,Turbidity,Total,3.7,NTRU,,Accepted,Estimated,,,,,,,,,,TS098,USGS,"HACH, sensor model 2100 AN, R-On",2019-02-08,value extrapolated at low end,2.0,NTRU,
nwismn.01.01900205,Sample-Routine,Water,Surface Water,2019-04-24,11:00:00,CDT,,,,,,,,,,,U.S. Geological Survey-Water Resources Discipline,MM-56663A,,20,USGS parameter code 82398,Equal discharge increment (edi),US WBH-96 weighted-bottle sampler,,Phosphorus,Total,0.21,mg/l as P,,Accepted,Actual,,,,,,,,,,KJ009,USGS,"Phosphorus, wu, microKJ ASF, H+",2019-05-07,,0.02,mg/l as P,
nwismn.01.01900205,Sample-Routine,Water,Surface Water,2019-04-24,11:00:00,CDT,,,,,,,,,,,U.S. Geological Survey-Water Resources Discipline,MM-56663A,,20,USGS parameter code 82398,Equal discharge increment (edi),US WBH-96 weighted-bottle sampler,,Phosphorus,Dissolved,0.11,mg/l as P,,Accepted,Actual,,,,,,,,,,KJ005,USGS,"P, wf, FCC, Kjeldahl, CF",2019-05-08,,0.02,mg/l as P,
nwismn.01.01900205,Sample-Routine,Water,Surface Water,2019-04-24,11:00:00,CDT,,,,,,,,,,,U.S. Geological Survey-Water Resources Discipline,MM-56663A,,20,USGS parameter code 82398,Equal discharge increment (edi),US WBH-96 weighted-bottle sampler,,Nitrogen,Suspended,0.268,mg/l,,Accepted,Actual,,,,,,,,,,COMB7,USGS,"TPN, GF/F, combusion",2019-05-21,,0.03,mg/l,
nwismn.01.01900205,Sample-Routine,Water,Surface Water,2019-04-24,11:00:00,CDT,,,,,,,,,,,U.S. Geological Survey-Water Resources Discipline,MM-56663A,,20,USGS parameter code 82398,Equal discharge increment (edi),US WBH-96 weighted-bottle sampler,,Turbidity,Total,56.0,NTRU,,Accepted,Actual,,,,,,,,,,TS098,USGS,"HACH, sensor model 2100 AN, R-On",2019-04-26,,2.0,NTRU,
nwismn.01.01900229,Quality Control Sample-Field Replicate,Water,Surface Water,2019-05-29,09:40:00,CDT,,,,,,,,,,,U.S. Geological Survey-Water Resources Discipline,MM-57166A,,40,USGS parameter code 82398,Multiple verticals,US WBH-96 weighted-bottle sampler,,Phosphorus,Total,0.1,mg/l as P,,Accepted,Actual,,,,,,,,,,KJ009,USGS,"Phosphorus, wu, microKJ ASF, H+",2019-06-04,,0.02,mg/l as P,
nwismn.01.01900229,Quality Control Sample-Field Replicate,Water,Surface Water,2019-05-29,09:40:00,CDT,,,,,,,,,,,U.S. Geological Survey-Water Resources Discipline,MM-57166A,,40,USGS parameter code 82398,Multiple verticals,US WBH-96 weighted-bottle sampler,,Nitrogen,Suspended,0.159,mg/l,,Accepted,Actual,,,,,,,,,,COMB7,USGS,"TPN, GF/F, combusion",2019-06-27,,0.03,mg/l,
nwismn.01.01900229,Quality Control Sample-Field Replicate,Water,Surface Water,2019-05-29,09:40:00,CDT,,,,,,,,,,,U.S. Geological Survey-Water Resources Discipline,MM-57166A,,40,USGS parameter code 82398,Multiple verticals,US WBH-96 weighted-bottle sampler,,Phosphorus,Dissolved,0.03,mg/l as P,,Accepted,Actual,,,,,,,,,,KJ005,USGS,"P, wf, FCC, Kjeldahl, CF",2019-06-05,below the reporting level but at or above the detection level,0.02,mg/l as P,
nwismn.01.01900229,Quality Control Sample-Field Replicate,Water,Surface Water,2019-05-29,09:40:00,CDT,,,,,,,,,,,U.S. Geological Survey-Water Resources Discipline,MM-57166A,,40,USGS parameter code 82398,Multiple verticals,US WBH-96 weighted-bottle sampler,,Turbidity,Total,12.0,NTRU,,Accepted,Estimated,,,,,,,,,,TS098,USGS,"HACH, sensor model 2100 AN, R-On",2019-06-03,value extrapolated at low end,2.0,NTRU,
nwismn.01.01900252,Sample-Routine,Water,Surface Water,2019-06-25,11:40:00,CDT,,,,,,,,,,,U.S. Geological Survey-Water Resources Discipline,MM-57219A,,40,USGS parameter code 82398,Multiple verticals,US WBH-96 weighted-bottle sampler,,Phosphorus,Total,0.16,mg/l as P,,Accepted,Actual,,,,,,,,,,KJ009,USGS,"Phosphorus, wu, microKJ ASF, H+",2019-07-01,,0.02,mg/l as P,
nwismn.01.01900252,Sample-Routine,Water,Surface Water,2019-06-25,11:40:00,CDT,,,,,,,,,,,U.S. Geological Survey-Water Resources Discipline,MM-57219A,,40,USGS parameter code 82398,Multiple verticals,US WBH-96 weighted-bottle sampler,,Phosphorus,Dissolved,0.09,mg/l as P,,Accepted,Actual,,,,,,,,,,KJ005,USGS,"P, wf, FCC, Kjeldahl, CF",2019-07-01,,0.02,mg/l as P,
nwismn.01.01900252,Sample-Routine,Water,Surface Water,2019-06-25,11:40:00,CDT,,,,,,,,,,,U.S. Geological Survey-Water Resources Discipline,MM-57219A,,40,USGS parameter code 82398,Multiple verticals,US WBH-96 weighted-bottle sampler,,Nitrogen,Suspended,0.265,mg/l,,Accepted,Actual,,,,,,,,,,COMB7,USGS,"TPN, GF/F, combusion",2019-07-25,,0.03,mg/l,
nwismn.01.01900252,Sample-Routine,Water,Surface Water,2019-06-25,11:40:00,CDT,,,,,,,,,,,U.S. Geological Survey-Water Resources Discipline,MM-57219A,,40,USGS parameter code 82398,Multiple verticals,US WBH-96 weighted-bottle sampler,,Turbidity,Total,34.0,NTRU,,Accepted,Actual,,,,,The holding time for the processing of this sample has been exceeded,,,,,TS098,USGS,"HACH, sensor model 2100 AN, R-On",2019-07-16,holding time exceededsee result laboratory comment,2.0,NTRU,
nwismn.01.01900252,Sample-Routine,Water,Surface Water,2019-06-25,11:40:00,CDT,,,,,,,,,,,U.S. Geological Survey-Water Resources Discipline,MM-57219A,,40,USGS parameter code 82398,Multiple verticals,US WBH-96 weighted-bottle sampler,,Chlorophyll a,,13.2,ug/l,,Accepted,Actual,,,,,,,,,,00050,USGS,"Plant pigments, sonication & 445",2019-07-16,,0.1,ug/l,2019-07-16
nwismn.01.01900055,Sample-Routine,Water,Surface Water,2019-02-11,11:30:00,CST,,,,,,,,,,,U.S. Geological Survey-Water Resources Discipline,MM-56662A,,60,USGS parameter code 82398,Weighted bottle,US WBH-96 weighted-bottle sampler,,Phosphorus,Total,0.06,mg/l as P,,Accepted,Actual,,,,,,,,,,KJ009,USGS,"Phosphorus, wu, microKJ ASF, H+",2019-02-22,,0.02,mg/l as P,
nwismn.01.01900055,Sample-Routine,Water,Surface Water,2019-02-11,11:30:00,CST,,,,,,,,,,,U.S. Geological Survey-Water Resources Discipline,MM-56662A,,60,USGS parameter code 82398,Weighted bottle,US WBH-96 weighted-bottle sampler,,Phosphorus,Dissolved,0.04,mg/l as P,,Accepted,Actual,,,,,,,,,,KJ005,USGS,"P, wf, FCC, Kjeldahl, CF",2019-02-25,below the reporting level but at or above the detection level,0.02,mg/l as P,
nwismn.01.01900055,Sample-Routine,Water,Surface Water,2019-02-11,11:30:00,CST,,,,,,,,,,,U.S. Geological Survey-Water Resources Discipline,MM-56662A,,60,USGS parameter code 82398,Weighted bottle,US WBH-96 weighted-bottle sampler,Not Detected,Nitrogen,Suspended,,,,Accepted,Actual,,,,,,,,,,COMB7,USGS,"TPN, GF/F, combusion",2019-03-15,,0.03,mg/l,
nwismn.01.01900055,Sample-Routine,Water,Surface Water,2019-02-11,11:30:00,CST,,,,,,,,,,,U.S. Geological Survey-Water Resources Discipline,MM-56662A,,60,USGS parameter code 82398,Weighted bottle,US WBH-96 weighted-bottle sampler,,Turbidity,Total,3.2,NTRU,,Accepted,Estimated,,,,,,,,,,TS098,USGS,"HACH, sensor model 2100 AN, R-On",2019-02-15,value extrapolated at low end,2.0,NTRU,
nwismn.01.02000136,Sample-Routine,Water,Surface Water,2019-12-05,11:00:00,CST,,,,,,,,,,,USGS - Minnesota Water Science Center,ID-00397A,,70,USGS parameter code 82398,Grab sample  (dip),Weighted-bottle sampler,,Phosphorus,Total,0.04,mg/l as P,,Accepted,Actual,,,,,,,,,,KJ009,USGS,"Phosphorus, wu, microKJ ASF, H+",2019-12-11,below the reporting level but at or above the detection level,0.02,mg/l as P,
nwismn.01.02000136,Sample-Routine,Water,Surface Water,2019-12-05,11:00:00,CST,,,,,,,,,,,USGS - Minnesota Water Science Center,ID-00397A,,70,USGS parameter code 82398,Grab sample  (dip),Weighted-bottle sampler,Not Detected,Phosphorus,Dissolved,,,,Accepted,Actual,,,,,,,,,,KJ005,USGS,"P, wf, FCC, Kjeldahl, CF",2019-12-13,,0.02,mg/l as P,
nwismn.01.02000136,Sample-Routine,Water,Surface Water,2019-12-05,11:00:00,CST,,,,,,,,,,,USGS - Minnesota Water Science Center,ID-00397A,,70,USGS parameter code 82398,Grab sample  (dip),Weighted-bottle sampler,,Nitrogen,Suspended,0.09,mg/l,,Accepted,Actual,,,,,,,,,,COMB7,USGS,"TPN, GF/F, combusion",2020-01-21,,0.03,mg/l,
nwismn.01.02000136,Sample-Routine,Water,Surface Water,2019-12-05,11:00:00,CST,,,,,,,,,,,USGS - Minnesota Water Science Center,ID-00397A,,70,USGS parameter code 82398,Grab sample  (dip),Weighted-bottle sampler,,Turbidity,Total,5.5,NTRU,,Accepted,Estimated,,,,,,,,,,TS098,USGS,"HACH, sensor model 2100 AN, R-On",2019-12-12,value extrapolated at low end,2.0,NTRU,
nwismn.01.01900266,Sample-Routine,Water,Surface Water,2019-07-17,12:20:00,CDT,,,,,,,,,,,U.S. Geological Survey-Water Resources Discipline,MM-57389A,,20,USGS parameter code 82398,Equal discharge increment (edi),US D-96 bag sampler,,Phosphorus,Total,0.19,mg/l as P,,Accepted,Actual,,,,,,,,,,KJ009,USGS,"Phosphorus, wu, microKJ ASF, H+",2019-07-25,,0.02,mg/l as P,
nwismn.01.01900266,Sample-Routine,Water,Surface Water,2019-07-17,12:20:00,CDT,,,,,,,,,,,U.S. Geological Survey-Water Resources Discipline,MM-57389A,,20,USGS parameter code 82398,Equal discharge increment (edi),US D-96 bag sampler,,Phosphorus,Dissolved,0.11,mg/l as P,,Accepted,Actual,,,,,,,,,,KJ005,USGS,"P, wf, FCC, Kjeldahl, CF",2019-07-25,,0.02,mg/l as P,
nwismn.01.01900266,Sample-Routine,Water,Surface Water,2019-07-17,12:20:00,CDT,,,,,,,,,,,U.S. Geological Survey-Water Resources Discipline,MM-57389A,,20,USGS parameter code 82398,Equal discharge increment (edi),US D-96 bag sampler,,Nitrogen,Suspended,0.356,mg/l,,Accepted,Actual,,,,,,,,,,COMB7,USGS,"TPN, GF/F, combusion",2019-08-21,,0.03,mg/l,
nwismn.01.01900266,Sample-Routine,Water,Surface Water,2019-07-17,12:20:00,CDT,,,,,,,,,,,U.S. Geological Survey-Water Resources Discipline,MM-57389A,,20,USGS parameter code 82398,Equal discharge increment (edi),US D-96 bag sampler,,Turbidity,Total,31.0,NTRU,,Accepted,Actual,,,,,,,,,,TS098,USGS,"HACH, sensor model 2100 AN, R-On",2019-07-26,,2.0,NTRU,
nwismn.01.01900266,Sample-Routine,Water,Surface Water,2019-07-17,12:20:00,CDT,,,,,,,,,,,U.S. Geological Survey-Water Resources Discipline,MM-57389A,,20,USGS parameter code 82398,Equal discharge increment (edi),US D-96 bag sampler,,Chlorophyll a,,16.0,ug/l,,Accepted,Actual,,,,,,,,,,00050,USGS,"Plant pigments, sonication & 445",2019-08-01,,0.1,ug/l,2019-08-01
nwismn.01.01900376,Quality Control Sample-Field Replicate,Water,Surface Water,2019-08-06,10:30:00,CDT,,,,,,,,,,,U.S. Geological Survey-Water Resources Discipline,MM-57727A,,40,USGS parameter code 82398,Multiple verticals,US WBH-96 weighted-bottle sampler,,Phosphorus,Total,0.16,mg/l as P,,Accepted,Actual,,,,,,,,,,KJ009,USGS,"Phosphorus, wu, microKJ ASF, H+",2019-08-20,,0.02,mg/l as P,
nwismn.01.01900376,Quality Control Sample-Field Replicate,Water,Surface Water,2019-08-06,10:30:00,CDT,,,,,,,,,,,U.S. Geological Survey-Water Resources Discipline,MM-57727A,,40,USGS parameter code 82398,Multiple verticals,US WBH-96 weighted-bottle sampler,,Phosphorus,Dissolved,0.07,mg/l as P,,Accepted,Actual,,,,,,,,,,KJ005,USGS,"P, wf, FCC, Kjeldahl, CF",2019-08-21,,0.02,mg/l as P,
nwismn.01.01900376,Quality Control Sample-Field Replicate,Water,Surface Water,2019-08-06,10:30:00,CDT,,,,,,,,,,,U.S. Geological Survey-Water Resources Discipline,MM-57727A,,40,USGS parameter code 82398,Multiple verticals,US WBH-96 weighted-bottle sampler,,Nitrogen,Suspended,0.327,mg/l,,Accepted,Actual,,,,,,,,,,COMB7,USGS,"TPN, GF/F, combusion",2019-09-10,,0.03,mg/l,
nwismn.01.01900376,Quality Control Sample-Field Replicate,Water,Surface Water,2019-08-06,10:30:00,CDT,,,,,,,,,,,U.S. Geological Survey-Water Resources Discipline,MM-57727A,,40,USGS parameter code 82398,Multiple verticals,US WBH-96 weighted-bottle sampler,,Turbidity,Total,23.0,NTRU,,Accepted,Actual,,,,,,,,,,TS098,USGS,"HACH, sensor model 2100 AN, R-On",2019-08-09,,2.0,NTRU,
nwismn.01.01900376,Quality Control Sample-Field Replicate,Water,Surface Water,2019-08-06,10:30:00,CDT,,,,,,,,,,,U.S. Geological Survey-Water Resources Discipline,MM-57727A,,40,USGS parameter code 82398,Multiple verticals,US WBH-96 weighted-bottle sampler,,Chlorophyll a,,5.9,ug/l,,Accepted,Actual,,,,,,,,,,00050,USGS,"Plant pigments, sonication & 445",2019-08-19,,0.1,ug/l,2019-08-19
nwismn.01.02000149,Sample-Routine,Water,Surface Water,2020-02-21,10:30:00,CST,,,,,,,,,,,USGS - Minnesota Water Science Center,ID-00895A,,70,USGS parameter code 82398,Grab sample  (dip),Weighted-bottle sampler,,Phosphorus,Total,0.04,mg/l as P,,Accepted,Actual,,,,,,,,,,KJ009,USGS,"Phosphorus, wu, microKJ ASF, H+",2020-02-27,,0.02,mg/l as P,
nwismn.01.02000149,Sample-Routine,Water,Surface Water,2020-02-21,10:30:00,CST,,,,,,,,,,,USGS - Minnesota Water Science Center,ID-00895A,,70,USGS parameter code 82398,Grab sample  (dip),Weighted-bottle sampler,,Phosphorus,Dissolved,0.03,mg/l as P,,Accepted,Actual,,,,,,,,,,KJ005,USGS,"P, wf, FCC, Kjeldahl, CF",2020-02-27,below the reporting level but at or above the detection level,0.02,mg/l as P,
nwismn.01.02000149,Sample-Routine,Water,Surface Water,2020-02-21,10:30:00,CST,,,,,,,,,,,USGS - Minnesota Water Science Center,ID-00895A,,70,USGS parameter code 82398,Grab sample  (dip),Weighted-bottle sampler,,Nitrogen,Suspended,0.041,mg/l,,Accepted,Actual,,,,,,,,,,COMB7,USGS,"TPN, GF/F, combusion",2020-03-17,below the reporting level but at or above the detection level,0.03,mg/l,
nwismn.01.02000149,Sample-Routine,Water,Surface Water,2020-02-21,10:30:00,CST,,,,,,,,,,,USGS - Minnesota Water Science Center,ID-00895A,,70,USGS parameter code 82398,Grab sample  (dip),Weighted-bottle sampler,,Turbidity,Total,2.5,NTRU,,Accepted,Estimated,,,,,,,,,,TS098,USGS,"HACH, sensor model 2100 AN, R-On",2020-02-26,value extrapolated at low end,2.0,NTRU,
nwismn.01.02000205,Quality Control Sample-Field Replicate,Water,Surface Water,2020-06-02,11:30:00,CDT,,,,,,,,,,,USGS - Minnesota Water Science Center,ID-00911A,,70,USGS parameter code 82398,Grab sample  (dip),US WBH-96 weighted-bottle sampler,,Phosphorus,Total,0.14,mg/l as P,,Accepted,Actual,,,,,,,,,,KJ009,USGS,"Phosphorus, wu, microKJ ASF, H+",2020-06-08,,0.02,mg/l as P,
nwismn.01.02000205,Quality Control Sample-Field Replicate,Water,Surface Water,2020-06-02,11:30:00,CDT,,,,,,,,,,,USGS - Minnesota Water Science Center,ID-00911A,,70,USGS parameter code 82398,Grab sample  (dip),US WBH-96 weighted-bottle sampler,,Phosphorus,Dissolved,0.04,mg/l as P,,Accepted,Actual,,,,,,,,,,KJ005,USGS,"P, wf, FCC, Kjeldahl, CF",2020-06-09,below the reporting level but at or above the detection level,0.02,mg/l as P,
nwismn.01.02000205,Quality Control Sample-Field Replicate,Water,Surface Water,2020-06-02,11:30:00,CDT,,,,,,,,,,,USGS - Minnesota Water Science Center,ID-00911A,,70,USGS parameter code 82398,Grab sample  (dip),US WBH-96 weighted-bottle sampler,,Nitrogen,Suspended,0.45,mg/l,,Accepted,Actual,,,,,,,,,,COMB7,USGS,"TPN, GF/F, combusion",2020-07-02,,0.03,mg/l,
nwismn.01.02000205,Quality Control Sample-Field Replicate,Water,Surface Water,2020-06-02,11:30:00,CDT,,,,,,,,,,,USGS - Minnesota Water Science Center,ID-00911A,,70,USGS parameter code 82398,Grab sample  (dip),US WBH-96 weighted-bottle sampler,,Turbidity,Total,38.0,NTRU,,Accepted,Actual,,,,,,,,,,TS098,USGS,"HACH, sensor model 2100 AN, R-On",2020-06-05,,2.0,NTRU,
nwismn.01.02000153,Sample-Routine,Water,Surface Water,2020-03-06,10:30:00,CST,,,,,,,,,,,USGS - Minnesota Water Science Center,ID-00898A,,70,USGS parameter code 82398,Grab sample  (dip),Weighted-bottle sampler,,Phosphorus,Total,0.12,mg/l as P,,Accepted,Actual,,,,,,,,,,KJ009,USGS,"Phosphorus, wu, microKJ ASF, H+",2020-03-13,,0.02,mg/l as P,
nwismn.01.02000153,Sample-Routine,Water,Surface Water,2020-03-06,10:30:00,CST,,,,,,,,,,,USGS - Minnesota Water Science Center,ID-00898A,,70,USGS parameter code 82398,Grab sample  (dip),Weighted-bottle sampler,,Phosphorus,Dissolved,0.08,mg/l as P,,Accepted,Actual,,,,,,,,,,KJ005,USGS,"P, wf, FCC, Kjeldahl, CF",2020-03-13,sample was diluted,0.02,mg/l as P,
nwismn.01.02000153,Sample-Routine,Water,Surface Water,2020-03-06,10:30:00,CST,,,,,,,,,,,USGS - Minnesota Water Science Center,ID-00898A,,70,USGS parameter code 82398,Grab sample  (dip),Weighted-bottle sampler,,Nitrogen,Suspended,0.103,mg/l,,Accepted,Actual,,,,,"Sample submitted on 47mm filter,  subsampled filter for analysis, sample volume based on weight ratio.  For questions, contact: labhelp@usgs.gov or: Armin Burdick 303-236-3238 aburdick@usgs.gov",,,,,COMB7,USGS,"TPN, GF/F, combusion",2020-04-01,see result laboratory comment,0.03,mg/l,
nwismn.01.02000153,Sample-Routine,Water,Surface Water,2020-03-06,10:30:00,CST,,,,,,,,,,,USGS - Minnesota Water Science Center,ID-00898A,,70,USGS parameter code 82398,Grab sample  (dip),Weighted-bottle sampler,,Turbidity,Total,5.6,NTRU,,Accepted,Estimated,,,,,,,,,,TS098,USGS,"HACH, sensor model 2100 AN, R-On",2020-03-12,value extrapolated at low end,2.0,NTRU,
nwismn.01.02000168,Sample-Routine,Water,Surface Water,2020-04-30,11:30:00,CDT,,,,,,,,,,,USGS - Minnesota Water Science Center,ID-00903A,,70,USGS parameter code 82398,Grab sample  (dip),Weighted-bottle sampler,,Phosphorus,Total,0.06,mg/l as P,,Accepted,Actual,,,,,,,,,,KJ009,USGS,"Phosphorus, wu, microKJ ASF, H+",2020-05-06,,0.02,mg/l as P,
nwismn.01.02000168,Sample-Routine,Water,Surface Water,2020-04-30,11:30:00,CDT,,,,,,,,,,,USGS - Minnesota Water Science Center,ID-00903A,,70,USGS parameter code 82398,Grab sample  (dip),Weighted-bottle sampler,Not Detected,Phosphorus,Dissolved,,,,Accepted,Actual,,,,,,,,,,KJ005,USGS,"P, wf, FCC, Kjeldahl, CF",2020-05-11,,0.02,mg/l as P,
nwismn.01.02000168,Sample-Routine,Water,Surface Water,2020-04-30,11:30:00,CDT,,,,,,,,,,,USGS - Minnesota Water Science Center,ID-00903A,,70,USGS parameter code 82398,Grab sample  (dip),Weighted-bottle sampler,,Nitrogen,Suspended,0.285,mg/l,,Accepted,Actual,,,,,,,,,,COMB7,USGS,"TPN, GF/F, combusion",2020-06-05,,0.03,mg/l,
nwismn.01.02000168,Sample-Routine,Water,Surface Water,2020-04-30,11:30:00,CDT,,,,,,,,,,,USGS - Minnesota Water Science Center,ID-00903A,,70,USGS parameter code 82398,Grab sample  (dip),Weighted-bottle sampler,,Turbidity,Total,12.0,NTRU,,Accepted,Estimated,,,,,,,,,,TS098,USGS,"HACH, sensor model 2100 AN, R-On",2020-05-08,value extrapolated at low end,2.0,NTRU,
nwismn.01.02100014,Sample-Routine,Water,Surface Water,2020-10-28,12:00:00,CDT,,,,,,,,,,,USGS - Minnesota Water Science Center,ID-03321A,,70,USGS parameter code 82398,Grab sample  (dip),US WBH-96 weighted-bottle sampler,,Phosphorus,Total,0.05,mg/l as P,,Accepted,Actual,,,,,,,,,,KJ009,USGS,"Phosphorus, wu, microKJ ASF, H+",2020-11-18,,0.02,mg/l as P,
nwismn.01.02100014,Sample-Routine,Water,Surface Water,2020-10-28,12:00:00,CDT,,,,,,,,,,,USGS - Minnesota Water Science Center,ID-03321A,,70,USGS parameter code 82398,Grab sample  (dip),US WBH-96 weighted-bottle sampler,,Phosphorus,Dissolved,0.02,mg/l as P,,Accepted,Actual,,,,,,,,,,KJ005,USGS,"P, wf, FCC, Kjeldahl, CF",2020-11-19,below the reporting level but at or above the detection level,0.02,mg/l as P,
nwismn.01.02100014,Sample-Routine,Water,Surface Water,2020-10-28,12:00:00,CDT,,,,,,,,,,,USGS - Minnesota Water Science Center,ID-03321A,,70,USGS parameter code 82398,Grab sample  (dip),US WBH-96 weighted-bottle sampler,,Nitrogen,Suspended,0.18,mg/l,,Accepted,Actual,,,,,,,,,,COMB7,USGS,"TPN, GF/F, combusion",2020-12-01,,0.03,mg/l,
nwismn.01.02100014,Sample-Routine,Water,Surface Water,2020-10-28,12:00:00,CDT,,,,,,,,,,,USGS - Minnesota Water Science Center,ID-03321A,,70,USGS parameter code 82398,Grab sample  (dip),US WBH-96 weighted-bottle sampler,,Turbidity,Total,6.3,NTRU,,Accepted,Estimated,,,,,,,,,,TS098,USGS,"HACH, sensor model 2100 AN, R-On",2020-10-30,value extrapolated at low end,2.0,NTRU,
nwismn.01.02000243,Sample-Routine,Water,Surface Water,2020-07-17,12:00:00,CDT,,,,,,,,,,,USGS - Minnesota Water Science Center,ID-01759A,,70,USGS parameter code 82398,Grab sample  (dip),US WBH-96 weighted-bottle sampler,,Phosphorus,Total,0.11,mg/l as P,,Accepted,Actual,,,,,,,,,,KJ009,USGS,"Phosphorus, wu, microKJ ASF, H+",2020-08-04,,0.02,mg/l as P,
nwismn.01.02000243,Sample-Routine,Water,Surface Water,2020-07-17,12:00:00,CDT,,,,,,,,,,,USGS - Minnesota Water Science Center,ID-01759A,,70,USGS parameter code 82398,Grab sample  (dip),US WBH-96 weighted-bottle sampler,,Phosphorus,Dissolved,0.05,mg/l as P,,Accepted,Actual,,,,,,,,,,KJ005,USGS,"P, wf, FCC, Kjeldahl, CF",2020-08-04,,0.02,mg/l as P,
nwismn.01.02000243,Sample-Routine,Water,Surface Water,2020-07-17,12:00:00,CDT,,,,,,,,,,,USGS - Minnesota Water Science Center,ID-01759A,,70,USGS parameter code 82398,Grab sample  (dip),US WBH-96 weighted-bottle sampler,,Nitrogen,Suspended,0.329,mg/l,,Accepted,Actual,,,,,,,,,,COMB7,USGS,"TPN, GF/F, combusion",2020-08-21,,0.03,mg/l,
nwismn.01.02000243,Sample-Routine,Water,Surface Water,2020-07-17,12:00:00,CDT,,,,,,,,,,,USGS - Minnesota Water Science Center,ID-01759A,,70,USGS parameter code 82398,Grab sample  (dip),US WBH-96 weighted-bottle sampler,,Turbidity,Total,22.0,NTRU,,Accepted,Actual,,,,,,,,,,TS098,USGS,"HACH, sensor model 2100 AN, R-On",2020-07-27,,2.0,NTRU,
nwismn.01.02000278,Quality Control Sample-Field Replicate,Water,Surface Water,2020-07-31,11:30:00,CDT,,,,,,,,,,,USGS - Minnesota Water Science Center,ID-01761A,,70,USGS parameter code 82398,Grab sample  (dip),US WBH-96 weighted-bottle sampler,,Phosphorus,Total,0.21,mg/l as P,,Accepted,Actual,,,,,,,,,,KJ009,USGS,"Phosphorus, wu, microKJ ASF, H+",2020-08-17,,0.02,mg/l as P,
nwismn.01.02000278,Quality Control Sample-Field Replicate,Water,Surface Water,2020-07-31,11:30:00,CDT,,,,,,,,,,,USGS - Minnesota Water Science Center,ID-01761A,,70,USGS parameter code 82398,Grab sample  (dip),US WBH-96 weighted-bottle sampler,,Phosphorus,Dissolved,0.1,mg/l as P,,Accepted,Actual,,,,,Hold time parameters were exceeded during the collection to analysis phase of sample processing.,,,,,KJ005,USGS,"P, wf, FCC, Kjeldahl, CF",2020-09-01,holding time exceededsee result laboratory comment,0.02,mg/l as P,
nwismn.01.02000278,Quality Control Sample-Field Replicate,Water,Surface Water,2020-07-31,11:30:00,CDT,,,,,,,,,,,USGS - Minnesota Water Science Center,ID-01761A,,70,USGS parameter code 82398,Grab sample  (dip),US WBH-96 weighted-bottle sampler,,Nitrogen,Suspended,0.293,mg/l,,Accepted,Actual,,,,,,,,,,COMB7,USGS,"TPN, GF/F, combusion",2020-09-08,,0.03,mg/l,
nwismn.01.02000278,Quality Control Sample-Field Replicate,Water,Surface Water,2020-07-31,11:30:00,CDT,,,,,,,,,,,USGS - Minnesota Water Science Center,ID-01761A,,70,USGS parameter code 82398,Grab sample  (dip),US WBH-96 weighted-bottle sampler,,Turbidity,Total,67.0,NTRU,,Accepted,Actual,,,,,,,,,,TS098,USGS,"HACH, sensor model 2100 AN, R-On",2020-08-07,,2.0,NTRU,
nwismn.01.02000164,Sample-Routine,Water,Surface Water,2020-04-23,11:00:00,CDT,,,,,,,,,,,USGS - Minnesota Water Science Center,ID-00901A,,70,USGS parameter code 82398,Grab sample  (dip),Weighted-bottle sampler,,Phosphorus,Total,0.05,mg/l as P,,Accepted,Actual,,,,,,,,,,KJ009,USGS,"Phosphorus, wu, microKJ ASF, H+",2020-04-29,,0.02,mg/l as P,
nwismn.01.02000164,Sample-Routine,Water,Surface Water,2020-04-23,11:00:00,CDT,,,,,,,,,,,USGS - Minnesota Water Science Center,ID-00901A,,70,USGS parameter code 82398,Grab sample  (dip),Weighted-bottle sampler,Not Detected,Phosphorus,Dissolved,,,,Accepted,Actual,,,,,,,,,,KJ005,USGS,"P, wf, FCC, Kjeldahl, CF",2020-05-06,,0.02,mg/l as P,
nwismn.01.02000164,Sample-Routine,Water,Surface Water,2020-04-23,11:00:00,CDT,,,,,,,,,,,USGS - Minnesota Water Science Center,ID-00901A,,70,USGS parameter code 82398,Grab sample  (dip),Weighted-bottle sampler,,Nitrogen,Suspended,0.207,mg/l,,Accepted,Actual,,,,,,,,,,COMB7,USGS,"TPN, GF/F, combusion",2020-06-01,,0.03,mg/l,
nwismn.01.02000164,Sample-Routine,Water,Surface Water,2020-04-23,11:00:00,CDT,,,,,,,,,,,USGS - Minnesota Water Science Center,ID-00901A,,70,USGS parameter code 82398,Grab sample  (dip),Weighted-bottle sampler,,Turbidity,Total,11.0,NTRU,,Accepted,Estimated,,,,,,,,,,TS098,USGS,"HACH, sensor model 2100 AN, R-On",2020-05-01,value extrapolated at low end,2.0,NTRU,
nwismn.01.02100029,Sample-Routine,Water,Surface Water,2020-12-08,11:30:00,CST,,,,,,,,,,,USGS - Minnesota Water Science Center,ID-03324A,,70,USGS parameter code 82398,Grab sample  (dip),US WBH-96 weighted-bottle sampler,,Phosphorus,Total,0.04,mg/l as P,,Accepted,Actual,,,,,,,,,,KJ009,USGS,"Phosphorus, wu, microKJ ASF, H+",2020-12-17,below the reporting level but at or above the detection level,0.02,mg/l as P,
nwismn.01.02100029,Sample-Routine,Water,Surface Water,2020-12-08,11:30:00,CST,,,,,,,,,,,USGS - Minnesota Water Science Center,ID-03324A,,70,USGS parameter code 82398,Grab sample  (dip),US WBH-96 weighted-bottle sampler,Not Detected,Phosphorus,Dissolved,,,,Accepted,Actual,,,,,,,,,,KJ005,USGS,"P, wf, FCC, Kjeldahl, CF",2020-12-17,,0.02,mg/l as P,
nwismn.01.02100029,Sample-Routine,Water,Surface Water,2020-12-08,11:30:00,CST,,,,,,,,,,,USGS - Minnesota Water Science Center,ID-03324A,,70,USGS parameter code 82398,Grab sample  (dip),US WBH-96 weighted-bottle sampler,,Nitrogen,Suspended,0.165,mg/l,,Accepted,Actual,,,,,,,,,,COMB7,USGS,"TPN, GF/F, combusion",2021-01-14,,0.03,mg/l,
nwismn.01.02100029,Sample-Routine,Water,Surface Water,2020-12-08,11:30:00,CST,,,,,,,,,,,USGS - Minnesota Water Science Center,ID-03324A,,70,USGS parameter code 82398,Grab sample  (dip),US WBH-96 weighted-bottle sampler,,Turbidity,Total,3.4,NTRU,,Accepted,Estimated,,,,,,,,,,TS098,USGS,"HACH, sensor model 2100 AN, R-On",2020-12-14,value extrapolated at low end,2.0,NTRU,
nwismn.01.02000301,Quality Control Sample-Field Replicate,Water,Surface Water,2020-08-11,11:30:00,CDT,,,,,,,,,,,USGS - Minnesota Water Science Center,ID-01763A,,70,USGS parameter code 82398,Grab sample  (dip),US WBH-96 weighted-bottle sampler,,Phosphorus,Total,0.09,mg/l as P,,Accepted,Actual,,,,,,,,,,KJ009,USGS,"Phosphorus, wu, microKJ ASF, H+",2020-08-24,,0.02,mg/l as P,
nwismn.01.02000301,Quality Control Sample-Field Replicate,Water,Surface Water,2020-08-11,11:30:00,CDT,,,,,,,,,,,USGS - Minnesota Water Science Center,ID-01763A,,70,USGS parameter code 82398,Grab sample  (dip),US WBH-96 weighted-bottle sampler,,Phosphorus,Dissolved,0.03,mg/l as P,,Accepted,Actual,,,,,,,,,,KJ005,USGS,"P, wf, FCC, Kjeldahl, CF",2020-08-26,below the reporting level but at or above the detection level,0.02,mg/l as P,
nwismn.01.02000301,Quality Control Sample-Field Replicate,Water,Surface Water,2020-08-11,11:30:00,CDT,,,,,,,,,,,USGS - Minnesota Water Science Center,ID-01763A,,70,USGS parameter code 82398,Grab sample  (dip),US WBH-96 weighted-bottle sampler,,Nitrogen,Suspended,0.391,mg/l,,Accepted,Actual,,,,,,,,,,COMB7,USGS,"TPN, GF/F, combusion",2020-09-21,,0.03,mg/l,
nwismn.01.02000301,Quality Control Sample-Field Replicate,Water,Surface Water,2020-08-11,11:30:00,CDT,,,,,,,,,,,USGS - Minnesota Water Science Center,ID-01763A,,70,USGS parameter code 82398,Grab sample  (dip),US WBH-96 weighted-bottle sampler,,Turbidity,Total,16.0,NTRU,,Accepted,Estimated,,,,,,,,,,TS098,USGS,"HACH, sensor model 2100 AN, R-On",2020-08-14,value extrapolated at low end,2.0,NTRU,
nwismn.01.02000142,Sample-Routine,Water,Surface Water,2020-01-13,12:00:00,CST,,,,,,,,,,,USGS - Minnesota Water Science Center,ID-03327A,,70,USGS parameter code 82398,Grab sample  (dip),Weighted-bottle sampler,,Phosphorus,Total,0.04,mg/l as P,,Accepted,Actual,,,,,,,,,,KJ009,USGS,"Phosphorus, wu, microKJ ASF, H+",2020-01-21,below the reporting level but at or above the detection level,0.02,mg/l as P,
nwismn.01.02000142,Sample-Routine,Water,Surface Water,2020-01-13,12:00:00,CST,,,,,,,,,,,USGS - Minnesota Water Science Center,ID-03327A,,70,USGS parameter code 82398,Grab sample  (dip),Weighted-bottle sampler,,Phosphorus,Dissolved,0.03,mg/l as P,,Accepted,Actual,,,,,,,,,,KJ005,USGS,"P, wf, FCC, Kjeldahl, CF",2020-01-21,below the reporting level but at or above the detection level,0.02,mg/l as P,
nwismn.01.02000142,Sample-Routine,Water,Surface Water,2020-01-13,12:00:00,CST,,,,,,,,,,,USGS - Minnesota Water Science Center,ID-03327A,,70,USGS parameter code 82398,Grab sample  (dip),Weighted-bottle sampler,,Nitrogen,Suspended,0.032,mg/l,,Accepted,Actual,,,,,,,,,,COMB7,USGS,"TPN, GF/F, combusion",2020-02-17,below the reporting level but at or above the detection level,0.03,mg/l,
nwismn.01.02000142,Sample-Routine,Water,Surface Water,2020-01-13,12:00:00,CST,,,,,,,,,,,USGS - Minnesota Water Science Center,ID-03327A,,70,USGS parameter code 82398,Grab sample  (dip),Weighted-bottle sampler,,Turbidity,Total,3.5,NTRU,,Accepted,Estimated,,,,,,,,,,TS098,USGS,"HACH, sensor model 2100 AN, R-On",2020-01-16,value extrapolated at low end,2.0,NTRU,
nwismn.01.02000234,Sample-Routine,Water,Surface Water,2020-06-24,11:00:00,CDT,,,,,,,,,,,USGS - Minnesota Water Science Center,ID-01755A,,70,USGS parameter code 82398,Grab sample  (dip),US WBH-96 weighted-bottle sampler,,Phosphorus,Total,0.13,mg/l as P,,Accepted,Actual,,,,,,,,,,KJ009,USGS,"Phosphorus, wu, microKJ ASF, H+",2020-06-29,,0.02,mg/l as P,
nwismn.01.02000234,Sample-Routine,Water,Surface Water,2020-06-24,11:00:00,CDT,,,,,,,,,,,USGS - Minnesota Water Science Center,ID-01755A,,70,USGS parameter code 82398,Grab sample  (dip),US WBH-96 weighted-bottle sampler,Not Detected,Phosphorus,Dissolved,,,,Accepted,Actual,,,,,,,,,,KJ005,USGS,"P, wf, FCC, Kjeldahl, CF",2020-06-29,,0.02,mg/l as P,
nwismn.01.02000234,Sample-Routine,Water,Surface Water,2020-06-24,11:00:00,CDT,,,,,,,,,,,USGS - Minnesota Water Science Center,ID-01755A,,70,USGS parameter code 82398,Grab sample  (dip),US WBH-96 weighted-bottle sampler,,Nitrogen,Suspended,0.679,mg/l,,Accepted,Actual,,,,,,,,,,COMB7,USGS,"TPN, GF/F, combusion",2020-07-30,,0.03,mg/l,
nwismn.01.02000234,Sample-Routine,Water,Surface Water,2020-06-24,11:00:00,CDT,,,,,,,,,,,USGS - Minnesota Water Science Center,ID-01755A,,70,USGS parameter code 82398,Grab sample  (dip),US WBH-96 weighted-bottle sampler,,Turbidity,Total,36.0,NTRU,,Accepted,Actual,,,,,,,,,,TS098,USGS,"HACH, sensor model 2100 AN, R-On",2020-07-01,,2.0,NTRU,
nwismn.01.02000229,Sample-Routine,Water,Surface Water,2020-06-17,11:00:00,CDT,,,,,,,,,,,USGS - Minnesota Water Science Center,ID-01753A,,70,USGS parameter code 82398,Grab sample  (dip),US WBH-96 weighted-bottle sampler,,Phosphorus,Total,0.11,mg/l as P,,Accepted,Actual,,,,,,,,,,KJ009,USGS,"Phosphorus, wu, microKJ ASF, H+",2020-06-23,,0.02,mg/l as P,
nwismn.01.02000229,Sample-Routine,Water,Surface Water,2020-06-17,11:00:00,CDT,,,,,,,,,,,USGS - Minnesota Water Science Center,ID-01753A,,70,USGS parameter code 82398,Grab sample  (dip),US WBH-96 weighted-bottle sampler,Not Detected,Phosphorus,Dissolved,,,,Accepted,Actual,,,,,,,,,,KJ005,USGS,"P, wf, FCC, Kjeldahl, CF",2020-06-23,,0.02,mg/l as P,
nwismn.01.02000229,Sample-Routine,Water,Surface Water,2020-06-17,11:00:00,CDT,,,,,,,,,,,USGS - Minnesota Water Science Center,ID-01753A,,70,USGS parameter code 82398,Grab sample  (dip),US WBH-96 weighted-bottle sampler,,Nitrogen,Suspended,0.478,mg/l,,Accepted,Actual,,,,,,,,,,COMB7,USGS,"TPN, GF/F, combusion",2020-07-21,,0.03,mg/l,
nwismn.01.02000229,Sample-Routine,Water,Surface Water,2020-06-17,11:00:00,CDT,,,,,,,,,,,USGS - Minnesota Water Science Center,ID-01753A,,70,USGS parameter code 82398,Grab sample  (dip),US WBH-96 weighted-bottle sampler,,Turbidity,Total,27.0,NTRU,,Accepted,Actual,,,,,,,,,,TS098,USGS,"HACH, sensor model 2100 AN, R-On",2020-06-19,,2.0,NTRU,
nwismn.01.02000171,Quality Control Sample-Field Replicate,Water,Surface Water,2020-05-07,11:30:00,CDT,,,,,,,,,,,USGS - Minnesota Water Science Center,ID-00907A,,70,USGS parameter code 82398,Grab sample  (dip),Weighted-bottle sampler,,Phosphorus,Total,0.05,mg/l as P,,Accepted,Actual,,,,,,,,,,KJ009,USGS,"Phosphorus, wu, microKJ ASF, H+",2020-05-12,,0.02,mg/l as P,
nwismn.01.02000171,Quality Control Sample-Field Replicate,Water,Surface Water,2020-05-07,11:30:00,CDT,,,,,,,,,,,USGS - Minnesota Water Science Center,ID-00907A,,70,USGS parameter code 82398,Grab sample  (dip),Weighted-bottle sampler,Not Detected,Phosphorus,Dissolved,,,,Accepted,Actual,,,,,,,,,,KJ005,USGS,"P, wf, FCC, Kjeldahl, CF",2020-05-12,,0.02,mg/l as P,
nwismn.01.02000171,Quality Control Sample-Field Replicate,Water,Surface Water,2020-05-07,11:30:00,CDT,,,,,,,,,,,USGS - Minnesota Water Science Center,ID-00907A,,70,USGS parameter code 82398,Grab sample  (dip),Weighted-bottle sampler,,Nitrogen,Suspended,0.376,mg/l,,Preliminary,Actual,,,,,,,,,,COMB7,USGS,"TPN, GF/F, combusion",2020-06-11,,0.03,mg/l,
nwismn.01.02000171,Quality Control Sample-Field Replicate,Water,Surface Water,2020-05-07,11:30:00,CDT,,,,,,,,,,,USGS - Minnesota Water Science Center,ID-00907A,,70,USGS parameter code 82398,Grab sample  (dip),Weighted-bottle sampler,,Turbidity,Total,15.0,NTRU,,Accepted,Estimated,,,,,,,,,,TS098,USGS,"HACH, sensor model 2100 AN, R-On",2020-05-13,value extrapolated at low end,2.0,NTRU,
nwismn.01.02100171,Sample-Routine,Water,Surface Water,2021-06-21,11:00:00,CDT,,,,,,,,,,,USGS - Minnesota Water Science Center,ID-04372A,,70,USGS parameter code 82398,Grab sample  (dip),US WBH-96 weighted-bottle sampler,,Phosphorus,Total,0.12,mg/l as P,,Accepted,Actual,,,,,,,,,,KJ009,USGS,"Phosphorus, wu, microKJ ASF, H+",2021-06-29,,0.02,mg/l as P,
nwismn.01.02100171,Sample-Routine,Water,Surface Water,2021-06-21,11:00:00,CDT,,,,,,,,,,,USGS - Minnesota Water Science Center,ID-04372A,,70,USGS parameter code 82398,Grab sample  (dip),US WBH-96 weighted-bottle sampler,,Phosphorus,Dissolved,0.05,mg/l as P,,Accepted,Actual,,,,,,,,,,KJ005,USGS,"P, wf, FCC, Kjeldahl, CF",2021-06-29,,0.02,mg/l as P,
nwismn.01.02100171,Sample-Routine,Water,Surface Water,2021-06-21,11:00:00,CDT,,,,,,,,,,,USGS - Minnesota Water Science Center,ID-04372A,,70,USGS parameter code 82398,Grab sample  (dip),US WBH-96 weighted-bottle sampler,,Nitrogen,Suspended,0.542,mg/l,,Accepted,Actual,,,,,,,,,,COMB7,USGS,"TPN, GF/F, combusion",2021-09-09,,0.03,mg/l,
nwismn.01.02100171,Sample-Routine,Water,Surface Water,2021-06-21,11:00:00,CDT,,,,,,,,,,,USGS - Minnesota Water Science Center,ID-04372A,,70,USGS parameter code 82398,Grab sample  (dip),US WBH-96 weighted-bottle sampler,,Turbidity,Total,38.0,NTRU,,Accepted,Actual,,,,,,,,,,TS098,USGS,"HACH, sensor model 2100 AN, R-On",2021-06-29,,2.0,NTRU,
nwismn.01.02100205,Quality Control Sample-Field Replicate,Water,Surface Water,2021-07-30,11:30:00,CDT,,,,,,,,,,,USGS - Minnesota Water Science Center,ID-05187A,,70,USGS parameter code 82398,Grab sample  (dip),US WBH-96 weighted-bottle sampler,,Phosphorus,Total,0.14,mg/l as P,,Accepted,Actual,,,,,,,,,,KJ009,USGS,"Phosphorus, wu, microKJ ASF, H+",2021-08-17,,0.02,mg/l as P,
nwismn.01.02100205,Quality Control Sample-Field Replicate,Water,Surface Water,2021-07-30,11:30:00,CDT,,,,,,,,,,,USGS - Minnesota Water Science Center,ID-05187A,,70,USGS parameter code 82398,Grab sample  (dip),US WBH-96 weighted-bottle sampler,,Phosphorus,Dissolved,0.07,mg/l as P,,Accepted,Actual,,,,,,,,,,KJ005,USGS,"P, wf, FCC, Kjeldahl, CF",2021-08-17,,0.02,mg/l as P,
nwismn.01.02100205,Quality Control Sample-Field Replicate,Water,Surface Water,2021-07-30,11:30:00,CDT,,,,,,,,,,,USGS - Minnesota Water Science Center,ID-05187A,,70,USGS parameter code 82398,Grab sample  (dip),US WBH-96 weighted-bottle sampler,,Nitrogen,Suspended,0.331,mg/l,,Accepted,Actual,,,,,Hold time parameters were exceeded during the collection to analysis phase of sample processing.,,,,,COMB7,USGS,"TPN, GF/F, combusion",2021-12-01,holding time exceededsee result laboratory comment,0.03,mg/l,
nwismn.01.02100205,Quality Control Sample-Field Replicate,Water,Surface Water,2021-07-30,11:30:00,CDT,,,,,,,,,,,USGS - Minnesota Water Science Center,ID-05187A,,70,USGS parameter code 82398,Grab sample  (dip),US WBH-96 weighted-bottle sampler,,Turbidity,Total,16.0,NTRU,,Accepted,Estimated,,,,,,,,,,TS098,USGS,"HACH, sensor model 2100 AN, R-On",2021-08-05,value extrapolated at low end,2.0,NTRU,
nwismn.01.02100147,Sample-Routine,Water,Surface Water,2021-04-30,11:00:00,CDT,,,,,,,,,,,USGS - Minnesota Water Science Center,ID-03782A,,70,USGS parameter code 82398,Grab sample  (dip),US WBH-96 weighted-bottle sampler,,Phosphorus,Total,0.05,mg/l as P,,Accepted,Actual,,,,,,,,,,KJ009,USGS,"Phosphorus, wu, microKJ ASF, H+",2021-05-10,,0.02,mg/l as P,
nwismn.01.02100147,Sample-Routine,Water,Surface Water,2021-04-30,11:00:00,CDT,,,,,,,,,,,USGS - Minnesota Water Science Center,ID-03782A,,70,USGS parameter code 82398,Grab sample  (dip),US WBH-96 weighted-bottle sampler,Not Detected,Phosphorus,Dissolved,,,,Accepted,Actual,,,,,,,,,,KJ005,USGS,"P, wf, FCC, Kjeldahl, CF",2021-05-11,,0.02,mg/l as P,
nwismn.01.02100147,Sample-Routine,Water,Surface Water,2021-04-30,11:00:00,CDT,,,,,,,,,,,USGS - Minnesota Water Science Center,ID-03782A,,70,USGS parameter code 82398,Grab sample  (dip),US WBH-96 weighted-bottle sampler,,Nitrogen,Suspended,0.253,mg/l,,Accepted,Actual,,,,,,,,,,COMB7,USGS,"TPN, GF/F, combusion",2021-07-01,,0.03,mg/l,
nwismn.01.02100147,Sample-Routine,Water,Surface Water,2021-04-30,11:00:00,CDT,,,,,,,,,,,USGS - Minnesota Water Science Center,ID-03782A,,70,USGS parameter code 82398,Grab sample  (dip),US WBH-96 weighted-bottle sampler,,Turbidity,Total,13.0,NTRU,,Accepted,Estimated,,,,,,,,,,TS098,USGS,"HACH, sensor model 2100 AN, R-On",2021-05-07,value extrapolated at low end,2.0,NTRU,
nwismn.01.02100092,Sample-Routine,Water,Surface Water,2021-03-26,12:00:00,CDT,,,,,,,,,,,USGS - Minnesota Water Science Center,ID-03777A,,70,USGS parameter code 82398,Grab sample  (dip),US WBH-96 weighted-bottle sampler,,Phosphorus,Total,0.09,mg/l as P,,Accepted,Actual,,,,,,,,,,KJ009,USGS,"Phosphorus, wu, microKJ ASF, H+",2021-04-09,,0.02,mg/l as P,
nwismn.01.02100092,Sample-Routine,Water,Surface Water,2021-03-26,12:00:00,CDT,,,,,,,,,,,USGS - Minnesota Water Science Center,ID-03777A,,70,USGS parameter code 82398,Grab sample  (dip),US WBH-96 weighted-bottle sampler,,Phosphorus,Dissolved,0.03,mg/l as P,,Accepted,Actual,,,,,,,,,,KJ005,USGS,"P, wf, FCC, Kjeldahl, CF",2021-04-09,below the reporting level but at or above the detection level,0.02,mg/l as P,
nwismn.01.02100092,Sample-Routine,Water,Surface Water,2021-03-26,12:00:00,CDT,,,,,,,,,,,USGS - Minnesota Water Science Center,ID-03777A,,70,USGS parameter code 82398,Grab sample  (dip),US WBH-96 weighted-bottle sampler,,Nitrogen,Suspended,0.048,mg/l,,Accepted,Actual,,,,,,,,,,COMB7,USGS,"TPN, GF/F, combusion",2021-06-09,below the reporting level but at or above the detection level,0.03,mg/l,
nwismn.01.02100092,Sample-Routine,Water,Surface Water,2021-03-26,12:00:00,CDT,,,,,,,,,,,USGS - Minnesota Water Science Center,ID-03777A,,70,USGS parameter code 82398,Grab sample  (dip),US WBH-96 weighted-bottle sampler,,Turbidity,Total,10.0,NTRU,,Accepted,Estimated,,,,,,,,,,TS098,USGS,"HACH, sensor model 2100 AN, R-On",2021-04-05,value extrapolated at low end,2.0,NTRU,
nwismn.01.02100150,Quality Control Sample-Field Replicate,Water,Surface Water,2021-05-12,12:00:00,CDT,,,,,,,,,,,USGS - Minnesota Water Science Center,ID-04370A,,70,USGS parameter code 82398,Grab sample  (dip),US WBH-96 weighted-bottle sampler,,Phosphorus,Total,0.06,mg/l as P,,Accepted,Actual,,,,,,,,,,KJ009,USGS,"Phosphorus, wu, microKJ ASF, H+",2021-05-27,,0.02,mg/l as P,
nwismn.01.02100150,Quality Control Sample-Field Replicate,Water,Surface Water,2021-05-12,12:00:00,CDT,,,,,,,,,,,USGS - Minnesota Water Science Center,ID-04370A,,70,USGS parameter code 82398,Grab sample  (dip),US WBH-96 weighted-bottle sampler,Not Detected,Phosphorus,Dissolved,,,,Accepted,Actual,,,,,,,,,,KJ005,USGS,"P, wf, FCC, Kjeldahl, CF",2021-05-25,,0.02,mg/l as P,
nwismn.01.02100150,Quality Control Sample-Field Replicate,Water,Surface Water,2021-05-12,12:00:00,CDT,,,,,,,,,,,USGS - Minnesota Water Science Center,ID-04370A,,70,USGS parameter code 82398,Grab sample  (dip),US WBH-96 weighted-bottle sampler,,Nitrogen,Suspended,0.458,mg/l,,Accepted,Actual,,,,,,,,,,COMB7,USGS,"TPN, GF/F, combusion",2021-07-14,lab control sample (LCS) recovery outside of range or criteria,0.03,mg/l,
nwismn.01.02100150,Quality Control Sample-Field Replicate,Water,Surface Water,2021-05-12,12:00:00,CDT,,,,,,,,,,,USGS - Minnesota Water Science Center,ID-04370A,,70,USGS parameter code 82398,Grab sample  (dip),US WBH-96 weighted-bottle sampler,,Turbidity,Total,15.0,NTRU,,Accepted,Estimated,,,,,,,,,,TS098,USGS,"HACH, sensor model 2100 AN, R-On",2021-05-19,value extrapolated at low end,2.0,NTRU,
nwismn.01.02100037,Sample-Routine,Water,Surface Water,2021-01-11,12:00:00,CST,,,,,,,,,,,USGS - Minnesota Water Science Center,,,70,USGS parameter code 82398,Grab sample  (dip),US WBH-96 weighted-bottle sampler,Not Detected,Phosphorus,Total,,,,Accepted,Actual,,,,,,,,,,KJ009,USGS,"Phosphorus, wu, microKJ ASF, H+",2021-01-21,,0.02,mg/l as P,
nwismn.01.02100037,Sample-Routine,Water,Surface Water,2021-01-11,12:00:00,CST,,,,,,,,,,,USGS - Minnesota Water Science Center,,,70,USGS parameter code 82398,Grab sample  (dip),US WBH-96 weighted-bottle sampler,,Phosphorus,Dissolved,0.03,mg/l as P,,Accepted,Actual,,,,,,,,,,KJ005,USGS,"P, wf, FCC, Kjeldahl, CF",2021-01-25,below the reporting level but at or above the detection level,0.02,mg/l as P,
nwismn.01.02100037,Sample-Routine,Water,Surface Water,2021-01-11,12:00:00,CST,,,,,,,,,,,USGS - Minnesota Water Science Center,,,70,USGS parameter code 82398,Grab sample  (dip),US WBH-96 weighted-bottle sampler,,Nitrogen,Suspended,0.035,mg/l,,Accepted,Actual,,,,,,,,,,COMB7,USGS,"TPN, GF/F, combusion",2021-03-18,below the reporting level but at or above the detection level,0.03,mg/l,
nwismn.01.02100037,Sample-Routine,Water,Surface Water,2021-01-11,12:00:00,CST,,,,,,,,,,,USGS - Minnesota Water Science Center,,,70,USGS parameter code 82398,Grab sample  (dip),US WBH-96 weighted-bottle sampler,Not Detected,Turbidity,Total,,,,Accepted,Actual,,,,,,,,,,TS098,USGS,"HACH, sensor model 2100 AN, R-On",2021-01-15,,2.0,NTRU,
nwismn.01.02200013,Sample-Routine,Water,Surface Water,2021-10-29,13:00:00,CDT,,,,,,,,,,,U.S. Geological Survey-Water Resources Discipline,ID-05679A,,60,USGS parameter code 82398,Weighted bottle,US WBH-96 weighted-bottle sampler,,Phosphorus,Total,0.06,mg/l as P,,Accepted,Actual,,,,,,,,,,KJ009,USGS,"Phosphorus, wu, microKJ ASF, H+",2021-11-03,,0.02,mg/l as P,
nwismn.01.02200013,Sample-Routine,Water,Surface Water,2021-10-29,13:00:00,CDT,,,,,,,,,,,U.S. Geological Survey-Water Resources Discipline,ID-05679A,,60,USGS parameter code 82398,Weighted bottle,US WBH-96 weighted-bottle sampler,,Phosphorus,Dissolved,0.03,mg/l as P,,Accepted,Actual,,,,,,,,,,KJ005,USGS,"P, wf, FCC, Kjeldahl, CF",2021-11-04,below the reporting level but at or above the detection level,0.02,mg/l as P,
nwismn.01.02200013,Sample-Routine,Water,Surface Water,2021-10-29,13:00:00,CDT,,,,,,,,,,,U.S. Geological Survey-Water Resources Discipline,ID-05679A,,60,USGS parameter code 82398,Weighted bottle,US WBH-96 weighted-bottle sampler,,Turbidity,Total,11.0,NTRU,,Accepted,Estimated,,,,,,,,,,TS098,USGS,"HACH, sensor model 2100 AN, R-On",2021-11-05,value extrapolated at low end,2.0,NTRU,
nwismn.01.02200013,Sample-Routine,Water,Surface Water,2021-10-29,13:00:00,CDT,,,,,,,,,,,U.S. Geological Survey-Water Resources Discipline,ID-05679A,,60,USGS parameter code 82398,Weighted bottle,US WBH-96 weighted-bottle sampler,,Nitrogen,Suspended,0.199,mg/l,,Accepted,Actual,,,,,Hold time parameters were exceeded during the collection to analysis phase of sample processing.,,,,,COMB7,USGS,"TPN, GF/F, combusion",2022-02-15,holding time exceededsee result laboratory comment,0.03,mg/l,
nwismn.01.02100144,Sample-Routine,Water,Surface Water,2021-04-21,12:00:00,CDT,,,,,,,,,,,USGS - Minnesota Water Science Center,ID-03780A,,70,USGS parameter code 82398,Grab sample  (dip),US WBH-96 weighted-bottle sampler,,Phosphorus,Total,0.08,mg/l as P,,Accepted,Actual,,,,,,,,,,KJ009,USGS,"Phosphorus, wu, microKJ ASF, H+",2021-05-05,,0.02,mg/l as P,
nwismn.01.02100144,Sample-Routine,Water,Surface Water,2021-04-21,12:00:00,CDT,,,,,,,,,,,USGS - Minnesota Water Science Center,ID-03780A,,70,USGS parameter code 82398,Grab sample  (dip),US WBH-96 weighted-bottle sampler,Not Detected,Phosphorus,Dissolved,,,,Accepted,Actual,,,,,,,,,,KJ005,USGS,"P, wf, FCC, Kjeldahl, CF",2021-05-05,,0.02,mg/l as P,
nwismn.01.02100144,Sample-Routine,Water,Surface Water,2021-04-21,12:00:00,CDT,,,,,,,,,,,USGS - Minnesota Water Science Center,ID-03780A,,70,USGS parameter code 82398,Grab sample  (dip),US WBH-96 weighted-bottle sampler,,Nitrogen,Suspended,0.191,mg/l,,Accepted,Actual,,,,,,,,,,COMB7,USGS,"TPN, GF/F, combusion",2021-06-24,,0.03,mg/l,
nwismn.01.02100144,Sample-Routine,Water,Surface Water,2021-04-21,12:00:00,CDT,,,,,,,,,,,USGS - Minnesota Water Science Center,ID-03780A,,70,USGS parameter code 82398,Grab sample  (dip),US WBH-96 weighted-bottle sampler,,Turbidity,Total,17.0,NTRU,,Accepted,Estimated,,,,,,,,,,TS098,USGS,"HACH, sensor model 2100 AN, R-On",2021-04-29,value extrapolated at low end,2.0,NTRU,
nwismn.01.02100075,Sample-Routine,Water,Surface Water,2021-02-26,11:00:00,CST,,,,,,,,,,,USGS - Minnesota Water Science Center,ID-03775A,,70,USGS parameter code 82398,Grab sample  (dip),US WBH-96 weighted-bottle sampler,,Phosphorus,Total,0.04,mg/l as P,,Accepted,Actual,,,,,,,,,,KJ009,USGS,"Phosphorus, wu, microKJ ASF, H+",2021-03-10,,0.02,mg/l as P,
nwismn.01.02100075,Sample-Routine,Water,Surface Water,2021-02-26,11:00:00,CST,,,,,,,,,,,USGS - Minnesota Water Science Center,ID-03775A,,70,USGS parameter code 82398,Grab sample  (dip),US WBH-96 weighted-bottle sampler,,Phosphorus,Dissolved,0.02,mg/l as P,,Accepted,Actual,,,,,,,,,,KJ005,USGS,"P, wf, FCC, Kjeldahl, CF",2021-03-10,below the reporting level but at or above the detection level,0.02,mg/l as P,
nwismn.01.02100075,Sample-Routine,Water,Surface Water,2021-02-26,11:00:00,CST,,,,,,,,,,,USGS - Minnesota Water Science Center,ID-03775A,,70,USGS parameter code 82398,Grab sample  (dip),US WBH-96 weighted-bottle sampler,Not Detected,Nitrogen,Suspended,,,,Accepted,Actual,,,,,,,,,,COMB7,USGS,"TPN, GF/F, combusion",2021-05-10,,0.03,mg/l,
nwismn.01.02100075,Sample-Routine,Water,Surface Water,2021-02-26,11:00:00,CST,,,,,,,,,,,USGS - Minnesota Water Science Center,ID-03775A,,70,USGS parameter code 82398,Grab sample  (dip),US WBH-96 weighted-bottle sampler,,Turbidity,Total,2.1,NTRU,,Accepted,Estimated,,,,,,,,,,TS098,USGS,"HACH, sensor model 2100 AN, R-On",2021-03-09,value extrapolated at low end,2.0,NTRU,
nwismn.01.02100241,Quality Control Sample-Field Replicate,Water,Surface Water,2021-08-23,12:00:00,CDT,,,,,,,,,,,USGS - Minnesota Water Science Center,ID-05190A,,70,USGS parameter code 82398,Grab sample  (dip),US WBH-96 weighted-bottle sampler,,Phosphorus,Total,0.11,mg/l as P,,Accepted,Actual,,,,,,,,,,KJ009,USGS,"Phosphorus, wu, microKJ ASF, H+",2021-09-09,,0.02,mg/l as P,
nwismn.01.02100241,Quality Control Sample-Field Replicate,Water,Surface Water,2021-08-23,12:00:00,CDT,,,,,,,,,,,USGS - Minnesota Water Science Center,ID-05190A,,70,USGS parameter code 82398,Grab sample  (dip),US WBH-96 weighted-bottle sampler,,Phosphorus,Dissolved,0.07,mg/l as P,,Accepted,Actual,,,,,,,,,,KJ005,USGS,"P, wf, FCC, Kjeldahl, CF",2021-09-09,,0.02,mg/l as P,
nwismn.01.02100241,Quality Control Sample-Field Replicate,Water,Surface Water,2021-08-23,12:00:00,CDT,,,,,,,,,,,USGS - Minnesota Water Science Center,ID-05190A,,70,USGS parameter code 82398,Grab sample  (dip),US WBH-96 weighted-bottle sampler,,Nitrogen,Suspended,0.468,mg/l,,Accepted,Actual,,,,,Hold time parameters were exceeded during the collection to analysis phase of sample processing.,,,,,COMB7,USGS,"TPN, GF/F, combusion",2021-12-06,holding time exceededsee result laboratory comment,0.03,mg/l,
nwismn.01.02100241,Quality Control Sample-Field Replicate,Water,Surface Water,2021-08-23,12:00:00,CDT,,,,,,,,,,,USGS - Minnesota Water Science Center,ID-05190A,,70,USGS parameter code 82398,Grab sample  (dip),US WBH-96 weighted-bottle sampler,,Turbidity,Total,19.0,NTRU,,Accepted,Estimated,,,,,,,,,,TS098,USGS,"HACH, sensor model 2100 AN, R-On",2021-09-01,value extrapolated at low end,2.0,NTRU,
nwismn.01.02200018,Sample-Routine,Water,Surface Water,2021-12-14,12:00:00,CST,,,,,,,,,,,U.S. Geological Survey-Water Resources Discipline,ID-05681A,,60,USGS parameter code 82398,Weighted bottle,US WBH-96 weighted-bottle sampler,,Phosphorus,Total,0.04,mg/l as P,,Accepted,Actual,,,,,,,,,,KJ009,USGS,"Phosphorus, wu, microKJ ASF, H+",2021-12-21,,0.02,mg/l as P,
nwismn.01.02200018,Sample-Routine,Water,Surface Water,2021-12-14,12:00:00,CST,,,,,,,,,,,U.S. Geological Survey-Water Resources Discipline,ID-05681A,,60,USGS parameter code 82398,Weighted bottle,US WBH-96 weighted-bottle sampler,,Phosphorus,Dissolved,0.05,mg/l as P,,Accepted,Actual,,,,,,,,,,KJ005,USGS,"P, wf, FCC, Kjeldahl, CF",2021-12-22,,0.02,mg/l as P,
nwismn.01.02200018,Sample-Routine,Water,Surface Water,2021-12-14,12:00:00,CST,,,,,,,,,,,U.S. Geological Survey-Water Resources Discipline,ID-05681A,,60,USGS parameter code 82398,Weighted bottle,US WBH-96 weighted-bottle sampler,,Nitrogen,Suspended,0.191,mg/l,,Accepted,Actual,,,,,,,,,,COMB7,USGS,"TPN, GF/F, combusion",2022-03-15,,0.03,mg/l,
nwismn.01.02200018,Sample-Routine,Water,Surface Water,2021-12-14,12:00:00,CST,,,,,,,,,,,U.S. Geological Survey-Water Resources Discipline,ID-05681A,,60,USGS parameter code 82398,Weighted bottle,US WBH-96 weighted-bottle sampler,,Turbidity,Total,2.8,NTRU,,Accepted,Estimated,,,,,Hold time parameters were exceeded during the collection to analysis phase of sample processing.,,,,,TS098,USGS,"HACH, sensor model 2100 AN, R-On",2022-01-07,holding time exceededvalue extrapolated at low endsee result laboratory comment,2.0,NTRU,
nwismn.01.02100169,Sample-Routine,Water,Surface Water,2021-06-28,11:00:00,CDT,,,,,,,,,,,USGS - Minnesota Water Science Center,ID-04373A,,70,USGS parameter code 82398,Grab sample  (dip),US WBH-96 weighted-bottle sampler,,Phosphorus,Total,0.11,mg/l as P,,Accepted,Actual,,,,,,,,,,KJ009,USGS,"Phosphorus, wu, microKJ ASF, H+",2021-07-07,,0.02,mg/l as P,
nwismn.01.02100169,Sample-Routine,Water,Surface Water,2021-06-28,11:00:00,CDT,,,,,,,,,,,USGS - Minnesota Water Science Center,ID-04373A,,70,USGS parameter code 82398,Grab sample  (dip),US WBH-96 weighted-bottle sampler,Not Detected,Phosphorus,Dissolved,,,,Accepted,Actual,,,,,,,,,,KJ005,USGS,"P, wf, FCC, Kjeldahl, CF",2021-07-08,,0.02,mg/l as P,
nwismn.01.02100169,Sample-Routine,Water,Surface Water,2021-06-28,11:00:00,CDT,,,,,,,,,,,USGS - Minnesota Water Science Center,ID-04373A,,70,USGS parameter code 82398,Grab sample  (dip),US WBH-96 weighted-bottle sampler,,Turbidity,Total,18.0,NTRU,,Accepted,Estimated,,,,,,,,,,TS098,USGS,"HACH, sensor model 2100 AN, R-On",2021-07-02,value extrapolated at low end,2.0,NTRU,
nwismn.01.02100169,Sample-Routine,Water,Surface Water,2021-06-28,11:00:00,CDT,,,,,,,,,,,USGS - Minnesota Water Science Center,ID-04373A,,70,USGS parameter code 82398,Grab sample  (dip),US WBH-96 weighted-bottle sampler,,Nitrogen,Suspended,0.458,mg/l,,Accepted,Actual,,,,,Hold time parameters were exceeded during the collection to analysis phase of sample processing.,,,,,COMB7,USGS,"TPN, GF/F, combusion",2021-11-01,holding time exceededsee result laboratory comment,0.03,mg/l,
nwismn.01.02100201,Sample-Routine,Water,Surface Water,2021-07-21,12:00:00,CDT,,,,,,,,,,,USGS - Minnesota Water Science Center,ID-04374A,,70,USGS parameter code 82398,Grab sample  (dip),US WBH-96 weighted-bottle sampler,,Phosphorus,Total,0.09,mg/l as P,,Accepted,Actual,,,,,,,,,,KJ009,USGS,"Phosphorus, wu, microKJ ASF, H+",2021-08-10,,0.02,mg/l as P,
nwismn.01.02100201,Sample-Routine,Water,Surface Water,2021-07-21,12:00:00,CDT,,,,,,,,,,,USGS - Minnesota Water Science Center,ID-04374A,,70,USGS parameter code 82398,Grab sample  (dip),US WBH-96 weighted-bottle sampler,Not Detected,Phosphorus,Dissolved,,,,Accepted,Actual,,,,,,,,,,KJ005,USGS,"P, wf, FCC, Kjeldahl, CF",2021-08-09,,0.02,mg/l as P,
nwismn.01.02100201,Sample-Routine,Water,Surface Water,2021-07-21,12:00:00,CDT,,,,,,,,,,,USGS - Minnesota Water Science Center,ID-04374A,,70,USGS parameter code 82398,Grab sample  (dip),US WBH-96 weighted-bottle sampler,,Nitrogen,Suspended,0.461,mg/l,,Accepted,Actual,,,,,,,,,,COMB7,USGS,"TPN, GF/F, combusion",2021-10-21,,0.03,mg/l,
nwismn.01.02100201,Sample-Routine,Water,Surface Water,2021-07-21,12:00:00,CDT,,,,,,,,,,,USGS - Minnesota Water Science Center,ID-04374A,,70,USGS parameter code 82398,Grab sample  (dip),US WBH-96 weighted-bottle sampler,,Turbidity,Total,19.0,NTRU,,Accepted,Estimated,,,,,,,,,,TS098,USGS,"HACH, sensor model 2100 AN, R-On",2021-07-29,value extrapolated at low end,2.0,NTRU,
nwismn.01.02100157,Quality Control Sample-Field Replicate,Water,Surface Water,2021-05-26,12:00:00,CDT,,,,,,,,,,,USGS - Minnesota Water Science Center,ID-04371A,,70,USGS parameter code 82398,Grab sample  (dip),US WBH-96 weighted-bottle sampler,,Phosphorus,Total,0.11,mg/l as P,,Accepted,Actual,,,,,,,,,,KJ009,USGS,"Phosphorus, wu, microKJ ASF, H+",2021-06-03,,0.02,mg/l as P,
nwismn.01.02100157,Quality Control Sample-Field Replicate,Water,Surface Water,2021-05-26,12:00:00,CDT,,,,,,,,,,,USGS - Minnesota Water Science Center,ID-04371A,,70,USGS parameter code 82398,Grab sample  (dip),US WBH-96 weighted-bottle sampler,Not Detected,Phosphorus,Dissolved,,,,Accepted,Actual,,,,,,,,,,KJ005,USGS,"P, wf, FCC, Kjeldahl, CF",2021-06-08,,0.02,mg/l as P,
nwismn.01.02100157,Quality Control Sample-Field Replicate,Water,Surface Water,2021-05-26,12:00:00,CDT,,,,,,,,,,,USGS - Minnesota Water Science Center,ID-04371A,,70,USGS parameter code 82398,Grab sample  (dip),US WBH-96 weighted-bottle sampler,,Nitrogen,Suspended,0.574,mg/l,,Accepted,Actual,,,,,,,,,,COMB7,USGS,"TPN, GF/F, combusion",2021-08-13,,0.03,mg/l,
nwismn.01.02100157,Quality Control Sample-Field Replicate,Water,Surface Water,2021-05-26,12:00:00,CDT,,,,,,,,,,,USGS - Minnesota Water Science Center,ID-04371A,,70,USGS parameter code 82398,Grab sample  (dip),US WBH-96 weighted-bottle sampler,,Turbidity,Total,29.0,NTRU,,Accepted,Actual,,,,,,,,,,TS098,USGS,"HACH, sensor model 2100 AN, R-On",2021-06-04,,2.0,NTRU,
nwismn.01.02200253,Sample-Routine,Water,Surface Water,2022-04-11,11:30:00,CDT,,,,,,,,,,,U.S. Geological Survey-Water Resources Discipline,ID-05855A,,60,USGS parameter code 82398,Weighted bottle,US WBH-96 weighted-bottle sampler,,Phosphorus,Total,0.14,mg/l as P,,Accepted,Actual,,,,,Hold time parameters were exceeded during the collection to analysis phase of sample processing.,,,,,KJ009,USGS,"Phosphorus, wu, microKJ ASF, H+",2022-06-14,holding time exceededsee result laboratory comment,0.02,mg/l as P,
nwismn.01.02200253,Sample-Routine,Water,Surface Water,2022-04-11,11:30:00,CDT,,,,,,,,,,,U.S. Geological Survey-Water Resources Discipline,ID-05855A,,60,USGS parameter code 82398,Weighted bottle,US WBH-96 weighted-bottle sampler,,Phosphorus,Dissolved,0.11,mg/l as P,,Accepted,Actual,,,,,Hold time parameters were exceeded during the collection to analysis phase of sample processing.,,,,,KJ005,USGS,"P, wf, FCC, Kjeldahl, CF",2022-07-18,holding time exceededsee result laboratory comment,0.02,mg/l as P,
nwismn.01.02200253,Sample-Routine,Water,Surface Water,2022-04-11,11:30:00,CDT,,,,,,,,,,,U.S. Geological Survey-Water Resources Discipline,ID-05855A,,60,USGS parameter code 82398,Weighted bottle,US WBH-96 weighted-bottle sampler,,Nitrogen,Suspended,0.317,mg/l,,Accepted,Actual,,,,,,,,,,COMB7,USGS,"TPN, GF/F, combusion",2022-05-16,,0.03,mg/l,
nwismn.01.02200253,Sample-Routine,Water,Surface Water,2022-04-11,11:30:00,CDT,,,,,,,,,,,U.S. Geological Survey-Water Resources Discipline,ID-05855A,,60,USGS parameter code 82398,Weighted bottle,US WBH-96 weighted-bottle sampler,,Turbidity,Total,16.0,NTRU,,Accepted,Estimated,,,,,,,,,,TS098,USGS,"HACH, sensor model 2100 AN, R-On",2022-04-26,value extrapolated at low end,2.0,NTRU,
nwismn.01.02200361,Sample-Routine,Water,Surface Water,2022-06-27,11:30:00,CDT,,,,,,,,,,,U.S. Geological Survey-Water Resources Discipline,ID-06536A,,60,USGS parameter code 82398,Weighted bottle,US WBH-96 weighted-bottle sampler,,Phosphorus,Total,0.13,mg/l as P,,Accepted,Actual,,,,,Hold time parameters were exceeded during the collection to analysis phase of sample processing.,,,,,KJ009,USGS,"Phosphorus, wu, microKJ ASF, H+",2022-10-20,holding time exceededsee result laboratory comment,0.02,mg/l as P,
nwismn.01.02200361,Sample-Routine,Water,Surface Water,2022-06-27,11:30:00,CDT,,,,,,,,,,,U.S. Geological Survey-Water Resources Discipline,ID-06536A,,60,USGS parameter code 82398,Weighted bottle,US WBH-96 weighted-bottle sampler,,Phosphorus,Dissolved,0.08,mg/l as P,,Accepted,Actual,,,,,Hold time parameters were exceeded during the collection to analysis phase of sample processing.,,,,,KJ005,USGS,"P, wf, FCC, Kjeldahl, CF",2022-10-19,holding time exceededsee result laboratory comment,0.02,mg/l as P,
nwismn.01.02200361,Sample-Routine,Water,Surface Water,2022-06-27,11:30:00,CDT,,,,,,,,,,,U.S. Geological Survey-Water Resources Discipline,ID-06536A,,60,USGS parameter code 82398,Weighted bottle,US WBH-96 weighted-bottle sampler,,Nitrogen,Suspended,0.286,mg/l,,Accepted,Actual,,,,,,,,,,COMB7,USGS,"TPN, GF/F, combusion",2022-08-30,,0.03,mg/l,
nwismn.01.02200361,Sample-Routine,Water,Surface Water,2022-06-27,11:30:00,CDT,,,,,,,,,,,U.S. Geological Survey-Water Resources Discipline,ID-06536A,,60,USGS parameter code 82398,Weighted bottle,US WBH-96 weighted-bottle sampler,,Turbidity,Total,23.0,NTRU,,Accepted,Actual,,,,,,,,,,TS098,USGS,"HACH, sensor model 2100 AN, R-On",2022-07-01,,2.0,NTRU,
nwismn.01.02300007,Sample-Routine,Water,Surface Water,2022-10-28,12:00:00,CDT,,,,,,,,,,,U.S. Geological Survey-Water Resources Discipline,ID-07551A,,60,USGS parameter code 82398,Weighted bottle,US WBH-96 weighted-bottle sampler,,Phosphorus,Total,0.06,mg/l as P,,Accepted,Actual,,,,,Hold time parameters were exceeded during the collection to analysis phase of sample processing.,,,,,KJ009,USGS,"Phosphorus, wu, microKJ ASF, H+",2022-12-09,holding time exceededsee result laboratory comment,0.02,mg/l as P,
nwismn.01.02300007,Sample-Routine,Water,Surface Water,2022-10-28,12:00:00,CDT,,,,,,,,,,,U.S. Geological Survey-Water Resources Discipline,ID-07551A,,60,USGS parameter code 82398,Weighted bottle,US WBH-96 weighted-bottle sampler,Not Detected,Phosphorus,Dissolved,,,,Accepted,Actual,,,,,Hold time parameters were exceeded during the collection to analysis phase of sample processing.,,,,,KJ005,USGS,"P, wf, FCC, Kjeldahl, CF",2022-12-07,holding time exceededsee result laboratory comment,0.02,mg/l as P,
nwismn.01.02300007,Sample-Routine,Water,Surface Water,2022-10-28,12:00:00,CDT,,,,,,,,,,,U.S. Geological Survey-Water Resources Discipline,ID-07551A,,60,USGS parameter code 82398,Weighted bottle,US WBH-96 weighted-bottle sampler,,Nitrogen,Suspended,0.16,mg/l,,Accepted,Actual,,,,,,,,,,COMB7,USGS,"TPN, GF/F, combusion",2022-12-08,,0.03,mg/l,
nwismn.01.02300007,Sample-Routine,Water,Surface Water,2022-10-28,12:00:00,CDT,,,,,,,,,,,U.S. Geological Survey-Water Resources Discipline,ID-07551A,,60,USGS parameter code 82398,Weighted bottle,US WBH-96 weighted-bottle sampler,,Turbidity,Total,13.0,NTRU,,Accepted,Actual,,,,,,,,,,TS098,USGS,"HACH, sensor model 2100 AN, R-On",2022-11-04,,2.0,NTRU,
nwismn.01.02200019,Sample-Routine,Water,Surface Water,2022-01-04,12:30:00,CST,,,,,,,,,,,U.S. Geological Survey-Water Resources Discipline,ID-05682A,,60,USGS parameter code 82398,Weighted bottle,US WBH-96 weighted-bottle sampler,,Phosphorus,Total,0.04,mg/l as P,,Accepted,Actual,,,,,,,,,,KJ009,USGS,"Phosphorus, wu, microKJ ASF, H+",2022-01-10,,0.02,mg/l as P,
nwismn.01.02200019,Sample-Routine,Water,Surface Water,2022-01-04,12:30:00,CST,,,,,,,,,,,U.S. Geological Survey-Water Resources Discipline,ID-05682A,,60,USGS parameter code 82398,Weighted bottle,US WBH-96 weighted-bottle sampler,Not Detected,Phosphorus,Dissolved,,,,Accepted,Actual,,,,,,,,,,KJ005,USGS,"P, wf, FCC, Kjeldahl, CF",2022-01-12,,0.02,mg/l as P,
nwismn.01.02200019,Sample-Routine,Water,Surface Water,2022-01-04,12:30:00,CST,,,,,,,,,,,U.S. Geological Survey-Water Resources Discipline,ID-05682A,,60,USGS parameter code 82398,Weighted bottle,US WBH-96 weighted-bottle sampler,,Nitrogen,Suspended,0.09,mg/l,,Accepted,Actual,,,,,,,,,,COMB7,USGS,"TPN, GF/F, combusion",2022-03-18,,0.03,mg/l,
nwismn.01.02200019,Sample-Routine,Water,Surface Water,2022-01-04,12:30:00,CST,,,,,,,,,,,U.S. Geological Survey-Water Resources Discipline,ID-05682A,,60,USGS parameter code 82398,Weighted bottle,US WBH-96 weighted-bottle sampler,,Turbidity,Total,2.5,NTRU,,Accepted,Estimated,,,,,,,,,,TS098,USGS,"HACH, sensor model 2100 AN, R-On",2022-01-12,value extrapolated at low end,2.0,NTRU,
nwismn.01.02200432,Sample-Routine,Water,Surface Water,2022-07-29,11:00:00,CDT,,,,,,,,,,,U.S. Geological Survey-Water Resources Discipline,ID-06542A,,60,USGS parameter code 82398,Weighted bottle,US WBH-96 weighted-bottle sampler,,Phosphorus,Total,0.12,mg/l as P,,Accepted,Actual,,,,,Hold time parameters were exceeded during the collection to analysis phase of sample processing.,,,,,KJ009,USGS,"Phosphorus, wu, microKJ ASF, H+",2022-11-23,holding time exceededsee result laboratory comment,0.02,mg/l as P,
nwismn.01.02200432,Sample-Routine,Water,Surface Water,2022-07-29,11:00:00,CDT,,,,,,,,,,,U.S. Geological Survey-Water Resources Discipline,ID-06542A,,60,USGS parameter code 82398,Weighted bottle,US WBH-96 weighted-bottle sampler,,Phosphorus,Dissolved,0.03,mg/l as P,,Accepted,Actual,,,,,Hold time parameters were exceeded during the collection to analysis phase of sample processing.,,,,,KJ005,USGS,"P, wf, FCC, Kjeldahl, CF",2023-01-11,holding time exceededbelow the reporting level but at or above the detection levelsee result laboratory comment,0.02,mg/l as P,
nwismn.01.02200432,Sample-Routine,Water,Surface Water,2022-07-29,11:00:00,CDT,,,,,,,,,,,U.S. Geological Survey-Water Resources Discipline,ID-06542A,,60,USGS parameter code 82398,Weighted bottle,US WBH-96 weighted-bottle sampler,,Nitrogen,Suspended,0.317,mg/l,,Accepted,Actual,,,,,,,,,,COMB7,USGS,"TPN, GF/F, combusion",2022-10-05,,0.03,mg/l,
nwismn.01.02200432,Sample-Routine,Water,Surface Water,2022-07-29,11:00:00,CDT,,,,,,,,,,,U.S. Geological Survey-Water Resources Discipline,ID-06542A,,60,USGS parameter code 82398,Weighted bottle,US WBH-96 weighted-bottle sampler,,Turbidity,Total,20.0,NTRU,,Accepted,Estimated,,,,,,,,,,TS098,USGS,"HACH, sensor model 2100 AN, R-On",2022-08-12,value extrapolated at low end,2.0,NTRU,
nwismn.01.02200254,Sample-Routine,Water,Surface Water,2022-04-21,11:00:00,CDT,,,,,,,,,,,U.S. Geological Survey-Water Resources Discipline,ID-05857A,,60,USGS parameter code 82398,Weighted bottle,US WBH-96 weighted-bottle sampler,,Phosphorus,Total,0.12,mg/l as P,,Accepted,Actual,,,,,Hold time parameters were exceeded during the collection to analysis phase of sample processing.,,,,,KJ009,USGS,"Phosphorus, wu, microKJ ASF, H+",2022-07-28,holding time exceededsee result laboratory comment,0.02,mg/l as P,
nwismn.01.02200254,Sample-Routine,Water,Surface Water,2022-04-21,11:00:00,CDT,,,,,,,,,,,U.S. Geological Survey-Water Resources Discipline,ID-05857A,,60,USGS parameter code 82398,Weighted bottle,US WBH-96 weighted-bottle sampler,,Phosphorus,Dissolved,0.04,mg/l as P,,Accepted,Actual,,,,,Hold time parameters were exceeded during the collection to analysis phase of sample processing.,,,,,KJ005,USGS,"P, wf, FCC, Kjeldahl, CF",2022-08-02,holding time exceededsee result laboratory comment,0.02,mg/l as P,
nwismn.01.02200254,Sample-Routine,Water,Surface Water,2022-04-21,11:00:00,CDT,,,,,,,,,,,U.S. Geological Survey-Water Resources Discipline,ID-05857A,,60,USGS parameter code 82398,Weighted bottle,US WBH-96 weighted-bottle sampler,,Nitrogen,Suspended,0.208,mg/l,,Accepted,Actual,,,,,,,,,,COMB7,USGS,"TPN, GF/F, combusion",2022-06-02,,0.03,mg/l,
nwismn.01.02200254,Sample-Routine,Water,Surface Water,2022-04-21,11:00:00,CDT,,,,,,,,,,,U.S. Geological Survey-Water Resources Discipline,ID-05857A,,60,USGS parameter code 82398,Weighted bottle,US WBH-96 weighted-bottle sampler,,Turbidity,Total,21.0,NTRU,,Accepted,Actual,,,,,Hold time parameters were exceeded during the collection to analysis phase of sample processing.,,,,,TS098,USGS,"HACH, sensor model 2100 AN, R-On",2022-05-11,holding time exceededsee result laboratory comment,2.0,NTRU,
nwismn.01.02200255,Quality Control Sample-Field Replicate,Water,Surface Water,2022-05-06,12:00:00,CDT,,,,,,,,,,,U.S. Geological Survey-Water Resources Discipline,ID-05859A,,60,USGS parameter code 82398,Weighted bottle,US WBH-96 weighted-bottle sampler,,Phosphorus,Total,0.13,mg/l as P,,Accepted,Actual,,,,,Hold time parameters were exceeded during the collection to analysis phase of sample processing.,,,,,KJ009,USGS,"Phosphorus, wu, microKJ ASF, H+",2022-09-26,holding time exceededsee result laboratory comment,0.02,mg/l as P,
nwismn.01.02200255,Quality Control Sample-Field Replicate,Water,Surface Water,2022-05-06,12:00:00,CDT,,,,,,,,,,,U.S. Geological Survey-Water Resources Discipline,ID-05859A,,60,USGS parameter code 82398,Weighted bottle,US WBH-96 weighted-bottle sampler,Not Detected,Phosphorus,Dissolved,,,,Accepted,Actual,,,,,Hold time parameters were exceeded during the collection to analysis phase of sample processing.,,,,,KJ005,USGS,"P, wf, FCC, Kjeldahl, CF",2022-08-11,holding time exceededsee result laboratory comment,0.02,mg/l as P,
nwismn.01.02200255,Quality Control Sample-Field Replicate,Water,Surface Water,2022-05-06,12:00:00,CDT,,,,,,,,,,,U.S. Geological Survey-Water Resources Discipline,ID-05859A,,60,USGS parameter code 82398,Weighted bottle,US WBH-96 weighted-bottle sampler,,Nitrogen,Suspended,0.264,mg/l,,Accepted,Actual,,,,,,,,,,COMB7,USGS,"TPN, GF/F, combusion",2022-06-13,,0.03,mg/l,
nwismn.01.02200255,Quality Control Sample-Field Replicate,Water,Surface Water,2022-05-06,12:00:00,CDT,,,,,,,,,,,U.S. Geological Survey-Water Resources Discipline,ID-05859A,,60,USGS parameter code 82398,Weighted bottle,US WBH-96 weighted-bottle sampler,,Turbidity,Total,31.0,NTRU,,Accepted,Actual,,,,,,,,,,TS098,USGS,"HACH, sensor model 2100 AN, R-On",2022-05-17,,2.0,NTRU,
nwismn.01.02200304,Quality Control Sample-Field Replicate,Water,Surface Water,2022-05-23,12:00:00,CDT,,,,,,,,,,,U.S. Geological Survey-Water Resources Discipline,ID-06531A,,60,USGS parameter code 82398,Weighted bottle,US WBH-96 weighted-bottle sampler,,Phosphorus,Total,0.17,mg/l as P,,Accepted,Actual,,,,,Hold time parameters were exceeded during the collection to analysis phase of sample processing.,,,,,KJ009,USGS,"Phosphorus, wu, microKJ ASF, H+",2022-09-08,holding time exceededsee result laboratory comment,0.02,mg/l as P,
nwismn.01.02200304,Quality Control Sample-Field Replicate,Water,Surface Water,2022-05-23,12:00:00,CDT,,,,,,,,,,,U.S. Geological Survey-Water Resources Discipline,ID-06531A,,60,USGS parameter code 82398,Weighted bottle,US WBH-96 weighted-bottle sampler,,Phosphorus,Dissolved,0.06,mg/l as P,,Accepted,Actual,,,,,Hold time parameters were exceeded during the collection to analysis phase of sample processing.,,,,,KJ005,USGS,"P, wf, FCC, Kjeldahl, CF",2022-08-24,holding time exceededsee result laboratory comment,0.02,mg/l as P,
nwismn.01.02200304,Quality Control Sample-Field Replicate,Water,Surface Water,2022-05-23,12:00:00,CDT,,,,,,,,,,,U.S. Geological Survey-Water Resources Discipline,ID-06531A,,60,USGS parameter code 82398,Weighted bottle,US WBH-96 weighted-bottle sampler,,Nitrogen,Suspended,0.259,mg/l,,Accepted,Actual,,,,,,,,,,COMB7,USGS,"TPN, GF/F, combusion",2022-07-14,,0.03,mg/l,
nwismn.01.02200304,Quality Control Sample-Field Replicate,Water,Surface Water,2022-05-23,12:00:00,CDT,,,,,,,,,,,U.S. Geological Survey-Water Resources Discipline,ID-06531A,,60,USGS parameter code 82398,Weighted bottle,US WBH-96 weighted-bottle sampler,,Turbidity,Total,31.0,NTRU,,Accepted,Actual,,,,,,,,,,TS098,USGS,"HACH, sensor model 2100 AN, R-On",2022-05-31,,2.0,NTRU,
nwismn.01.02200225,Sample-Routine,Water,Surface Water,2022-02-28,11:30:00,CST,,,,,,,,,,,U.S. Geological Survey-Water Resources Discipline,ID-05686A,,60,USGS parameter code 82398,Weighted bottle,US WBH-96 weighted-bottle sampler,Not Detected,Phosphorus,Total,,,,Accepted,Actual,,,,,Hold time parameters were exceeded during the collection to analysis phase of sample processing.,,,,,KJ009,USGS,"Phosphorus, wu, microKJ ASF, H+",2022-05-04,holding time exceededsee result laboratory comment,0.02,mg/l as P,
nwismn.01.02200225,Sample-Routine,Water,Surface Water,2022-02-28,11:30:00,CST,,,,,,,,,,,U.S. Geological Survey-Water Resources Discipline,ID-05686A,,60,USGS parameter code 82398,Weighted bottle,US WBH-96 weighted-bottle sampler,Not Detected,Phosphorus,Dissolved,,,,Accepted,Actual,,,,,Hold time parameters were exceeded during the collection to analysis phase of sample processing.,,,,,KJ005,USGS,"P, wf, FCC, Kjeldahl, CF",2022-05-27,holding time exceededsee result laboratory comment,0.02,mg/l as P,
nwismn.01.02200225,Sample-Routine,Water,Surface Water,2022-02-28,11:30:00,CST,,,,,,,,,,,U.S. Geological Survey-Water Resources Discipline,ID-05686A,,60,USGS parameter code 82398,Weighted bottle,US WBH-96 weighted-bottle sampler,,Turbidity,Total,2.0,NTRU,,Accepted,Estimated,,,,,Hold time parameters were exceeded during the collection to analysis phase of sample processing.,,,,,TS098,USGS,"HACH, sensor model 2100 AN, R-On",2022-03-21,holding time exceededvalue extrapolated at low endsee result laboratory comment,2.0,NTRU,
nwismn.01.02200431,Sample-Routine,Water,Surface Water,2022-07-13,11:00:00,CDT,,,,,,,,,,,U.S. Geological Survey-Water Resources Discipline,ID-06539A,,60,USGS parameter code 82398,Weighted bottle,US WBH-96 weighted-bottle sampler,,Phosphorus,Total,0.16,mg/l as P,,Accepted,Actual,,,,,Hold time parameters were exceeded during the collection to analysis phase of sample processing.,,,,,KJ009,USGS,"Phosphorus, wu, microKJ ASF, H+",2022-11-04,holding time exceededsee result laboratory comment,0.02,mg/l as P,
nwismn.01.02200431,Sample-Routine,Water,Surface Water,2022-07-13,11:00:00,CDT,,,,,,,,,,,U.S. Geological Survey-Water Resources Discipline,ID-06539A,,60,USGS parameter code 82398,Weighted bottle,US WBH-96 weighted-bottle sampler,,Phosphorus,Dissolved,0.12,mg/l as P,,Accepted,Actual,,,,,Hold time parameters were exceeded during the collection to analysis phase of sample processing.,,,,,KJ005,USGS,"P, wf, FCC, Kjeldahl, CF",2022-11-09,holding time exceededsee result laboratory comment,0.02,mg/l as P,
nwismn.01.02200431,Sample-Routine,Water,Surface Water,2022-07-13,11:00:00,CDT,,,,,,,,,,,U.S. Geological Survey-Water Resources Discipline,ID-06539A,,60,USGS parameter code 82398,Weighted bottle,US WBH-96 weighted-bottle sampler,,Nitrogen,Suspended,0.251,mg/l,,Accepted,Actual,,,,,,,,,,COMB7,USGS,"TPN, GF/F, combusion",2022-09-15,,0.03,mg/l,
nwismn.01.02200431,Sample-Routine,Water,Surface Water,2022-07-13,11:00:00,CDT,,,,,,,,,,,U.S. Geological Survey-Water Resources Discipline,ID-06539A,,60,USGS parameter code 82398,Weighted bottle,US WBH-96 weighted-bottle sampler,,Turbidity,Total,29.0,NTRU,,Accepted,Actual,,,,,,,,,,TS098,USGS,"HACH, sensor model 2100 AN, R-On",2022-07-22,,2.0,NTRU,
nwismn.01.02200252,Sample-Routine,Water,Surface Water,2022-03-24,12:00:00,CDT,,,,,,,,,,,U.S. Geological Survey-Water Resources Discipline,ID-05853A,,60,USGS parameter code 82398,Weighted bottle,US WBH-96 weighted-bottle sampler,,Phosphorus,Total,0.18,mg/l as P,,Accepted,Actual,,,,,Hold time parameters were exceeded during the collection to analysis phase of sample processing.,,,,,KJ009,USGS,"Phosphorus, wu, microKJ ASF, H+",2022-05-25,holding time exceededsee result laboratory comment,0.02,mg/l as P,
nwismn.01.02200252,Sample-Routine,Water,Surface Water,2022-03-24,12:00:00,CDT,,,,,,,,,,,U.S. Geological Survey-Water Resources Discipline,ID-05853A,,60,USGS parameter code 82398,Weighted bottle,US WBH-96 weighted-bottle sampler,,Phosphorus,Dissolved,0.14,mg/l as P,,Accepted,Actual,,,,,Hold time parameters were exceeded during the collection to analysis phase of sample processing.,,,,,KJ005,USGS,"P, wf, FCC, Kjeldahl, CF",2022-06-30,holding time exceededsee result laboratory comment,0.02,mg/l as P,
nwismn.01.02200252,Sample-Routine,Water,Surface Water,2022-03-24,12:00:00,CDT,,,,,,,,,,,U.S. Geological Survey-Water Resources Discipline,ID-05853A,,60,USGS parameter code 82398,Weighted bottle,US WBH-96 weighted-bottle sampler,,Nitrogen,Suspended,0.211,mg/l,,Accepted,Actual,,,,,,,,,,COMB7,USGS,"TPN, GF/F, combusion",2022-05-09,,0.03,mg/l,
nwismn.01.02200252,Sample-Routine,Water,Surface Water,2022-03-24,12:00:00,CDT,,,,,,,,,,,U.S. Geological Survey-Water Resources Discipline,ID-05853A,,60,USGS parameter code 82398,Weighted bottle,US WBH-96 weighted-bottle sampler,,Turbidity,Total,11.0,NTRU,,Accepted,Estimated,,,,,Hold time parameters were exceeded during the collection to analysis phase of sample processing.,,,,,TS098,USGS,"HACH, sensor model 2100 AN, R-On",2022-04-07,holding time exceededvalue extrapolated at low endsee result laboratory comment,2.0,NTRU,
nwismn.01.02200360,Sample-Routine,Water,Surface Water,2022-06-17,11:00:00,CDT,,,,,,,,,,,U.S. Geological Survey-Water Resources Discipline,ID-06534A,,60,USGS parameter code 82398,Weighted bottle,US WBH-96 weighted-bottle sampler,,Phosphorus,Total,0.16,mg/l as P,,Accepted,Actual,,,,,Hold time parameters were exceeded during the collection to analysis phase of sample processing.,,,,,KJ009,USGS,"Phosphorus, wu, microKJ ASF, H+",2022-10-18,holding time exceededsee result laboratory comment,0.02,mg/l as P,
nwismn.01.02200360,Sample-Routine,Water,Surface Water,2022-06-17,11:00:00,CDT,,,,,,,,,,,U.S. Geological Survey-Water Resources Discipline,ID-06534A,,60,USGS parameter code 82398,Weighted bottle,US WBH-96 weighted-bottle sampler,,Phosphorus,Dissolved,0.06,mg/l as P,,Accepted,Actual,,,,,Hold time parameters were exceeded during the collection to analysis phase of sample processing.,,,,,KJ005,USGS,"P, wf, FCC, Kjeldahl, CF",2022-10-17,holding time exceededsee result laboratory comment,0.02,mg/l as P,
nwismn.01.02200360,Sample-Routine,Water,Surface Water,2022-06-17,11:00:00,CDT,,,,,,,,,,,U.S. Geological Survey-Water Resources Discipline,ID-06534A,,60,USGS parameter code 82398,Weighted bottle,US WBH-96 weighted-bottle sampler,,Nitrogen,Suspended,0.245,mg/l,,Accepted,Actual,,,,,,,,,,COMB7,USGS,"TPN, GF/F, combusion",2022-08-22,,0.03,mg/l,
nwismn.01.02200360,Sample-Routine,Water,Surface Water,2022-06-17,11:00:00,CDT,,,,,,,,,,,U.S. Geological Survey-Water Resources Discipline,ID-06534A,,60,USGS parameter code 82398,Weighted bottle,US WBH-96 weighted-bottle sampler,,Turbidity,Total,28.0,NTRU,,Accepted,Actual,,,,,,,,,,TS098,USGS,"HACH, sensor model 2100 AN, R-On",2022-06-24,,2.0,NTRU,
nwismn.01.02200485,Quality Control Sample-Field Replicate,Water,Surface Water,2022-08-31,12:00:00,CDT,,,,,,,,,,,U.S. Geological Survey-Water Resources Discipline,ID-06924A,,60,USGS parameter code 82398,Weighted bottle,US WBH-96 weighted-bottle sampler,,Phosphorus,Total,0.1,mg/l as P,,Accepted,Actual,,,,,Hold time parameters were exceeded during the collection to analysis phase of sample processing.,,,,,KJ009,USGS,"Phosphorus, wu, microKJ ASF, H+",2023-02-23,holding time exceededsee result laboratory comment,0.02,mg/l as P,
nwismn.01.02200485,Quality Control Sample-Field Replicate,Water,Surface Water,2022-08-31,12:00:00,CDT,,,,,,,,,,,U.S. Geological Survey-Water Resources Discipline,ID-06924A,,60,USGS parameter code 82398,Weighted bottle,US WBH-96 weighted-bottle sampler,Not Detected,Phosphorus,Dissolved,,,,Accepted,Actual,,,,,Hold time parameters were exceeded during the collection to analysis phase of sample processing.,,,,,KJ005,USGS,"P, wf, FCC, Kjeldahl, CF",2023-02-08,holding time exceededsee result laboratory comment,0.02,mg/l as P,
nwismn.01.02200485,Quality Control Sample-Field Replicate,Water,Surface Water,2022-08-31,12:00:00,CDT,,,,,,,,,,,U.S. Geological Survey-Water Resources Discipline,ID-06924A,,60,USGS parameter code 82398,Weighted bottle,US WBH-96 weighted-bottle sampler,,Nitrogen,Suspended,0.411,mg/l,,Accepted,Actual,,,,,,,,,,COMB7,USGS,"TPN, GF/F, combusion",2022-11-02,,0.03,mg/l,
nwismn.01.02200485,Quality Control Sample-Field Replicate,Water,Surface Water,2022-08-31,12:00:00,CDT,,,,,,,,,,,U.S. Geological Survey-Water Resources Discipline,ID-06924A,,60,USGS parameter code 82398,Weighted bottle,US WBH-96 weighted-bottle sampler,,Turbidity,Total,19.0,NTRU,,Accepted,Estimated,,,,,Hold time parameters were exceeded during the collection to analysis phase of sample processing.,,,,,TS098,USGS,"HACH, sensor model 2100 AN, R-On",2022-09-16,holding time exceededvalue extrapolated at low endsee result laboratory comment,2.0,NTRU,
nwismn.01.02300069,Sample-Routine,Water,Surface Water,2022-12-09,11:30:00,CST,,,,,,,,,,,U.S. Geological Survey-Water Resources Discipline,ID-07554A,,60,USGS parameter code 82398,Weighted bottle,US WBH-96 weighted-bottle sampler,,Phosphorus,Total,0.06,mg/l as P,,Accepted,Actual,,,,,Hold time parameters were exceeded during the collection to analysis phase of sample processing.,,,,,KJ009,USGS,"Phosphorus, wu, microKJ ASF, H+",2023-03-23,holding time exceededsee result laboratory comment,0.02,mg/l as P,
nwismn.01.02300069,Sample-Routine,Water,Surface Water,2022-12-09,11:30:00,CST,,,,,,,,,,,U.S. Geological Survey-Water Resources Discipline,ID-07554A,,60,USGS parameter code 82398,Weighted bottle,US WBH-96 weighted-bottle sampler,Not Detected,Phosphorus,Dissolved,,,,Accepted,Actual,,,,,,,,,,KJ005,USGS,"P, wf, FCC, Kjeldahl, CF",2022-12-20,,0.02,mg/l as P,
nwismn.01.02300069,Sample-Routine,Water,Surface Water,2022-12-09,11:30:00,CST,,,,,,,,,,,U.S. Geological Survey-Water Resources Discipline,ID-07554A,,60,USGS parameter code 82398,Weighted bottle,US WBH-96 weighted-bottle sampler,,Nitrogen,Suspended,0.211,mg/l,,Accepted,Actual,,,,,,,,,,COMB7,USGS,"TPN, GF/F, combusion",2023-01-13,,0.03,mg/l,
nwismn.01.02300069,Sample-Routine,Water,Surface Water,2022-12-09,11:30:00,CST,,,,,,,,,,,U.S. Geological Survey-Water Resources Discipline,ID-07554A,,60,USGS parameter code 82398,Weighted bottle,US WBH-96 weighted-bottle sampler,,Turbidity,Total,3.6,NTRU,,Accepted,Actual,,,,,,,,,,TS098,USGS,"HACH, sensor model 2100 AN, R-On",2022-12-16,,2.0,NTRU,
nwismn.01.02300081,Sample-Routine,Water,Surface Water,2023-02-21,10:00:00,CST,,,,,,,,,,,U.S. Geological Survey-Water Resources Discipline,ID-07559A,,60,USGS parameter code 82398,Weighted bottle,US WBH-96 weighted-bottle sampler,,Phosphorus,Total,0.03,mg/l as P,,Accepted,Actual,,,,,,,,,,KJ009,USGS,"Phosphorus, wu, microKJ ASF, H+",2023-02-28,below the reporting level but at or above the detection level,0.02,mg/l as P,
nwismn.01.02300081,Sample-Routine,Water,Surface Water,2023-02-21,10:00:00,CST,,,,,,,,,,,U.S. Geological Survey-Water Resources Discipline,ID-07559A,,60,USGS parameter code 82398,Weighted bottle,US WBH-96 weighted-bottle sampler,,Phosphorus,Dissolved,0.03,mg/l as P,,Accepted,Actual,,,,,,,,,,KJ005,USGS,"P, wf, FCC, Kjeldahl, CF",2023-02-28,below the reporting level but at or above the detection level,0.02,mg/l as P,
nwismn.01.02300081,Sample-Routine,Water,Surface Water,2023-02-21,10:00:00,CST,,,,,,,,,,,U.S. Geological Survey-Water Resources Discipline,ID-07559A,,60,USGS parameter code 82398,Weighted bottle,US WBH-96 weighted-bottle sampler,,Nitrogen,Suspended,0.074,mg/l,,Accepted,Actual,,,,,,,,,,COMB7,USGS,"TPN, GF/F, combusion",2023-03-03,,0.03,mg/l,
nwismn.01.02300081,Sample-Routine,Water,Surface Water,2023-02-21,10:00:00,CST,,,,,,,,,,,U.S. Geological Survey-Water Resources Discipline,ID-07559A,,60,USGS parameter code 82398,Weighted bottle,US WBH-96 weighted-bottle sampler,,Turbidity,Total,3.6,NTRU,,Accepted,Actual,,,,,Hold time parameters were exceeded during the collection to analysis phase of sample processing.,,,,,TS098,USGS,"HACH, sensor model 2100 AN, R-On",2023-03-10,holding time exceededsee result laboratory comment,2.0,NTRU,
nwismn.01.02300076,Sample-Routine,Water,Surface Water,2023-01-23,12:00:00,CST,,,,,,,,,,,U.S. Geological Survey-Water Resources Discipline,ID-07555A,,60,USGS parameter code 82398,Weighted bottle,US WBH-96 weighted-bottle sampler,,Phosphorus,Total,0.03,mg/l as P,,Accepted,Actual,,,,,,,,,,KJ009,USGS,"Phosphorus, wu, microKJ ASF, H+",2023-02-01,below the reporting level but at or above the detection level,0.02,mg/l as P,
nwismn.01.02300076,Sample-Routine,Water,Surface Water,2023-01-23,12:00:00,CST,,,,,,,,,,,U.S. Geological Survey-Water Resources Discipline,ID-07555A,,60,USGS parameter code 82398,Weighted bottle,US WBH-96 weighted-bottle sampler,Not Detected,Phosphorus,Dissolved,,,,Accepted,Actual,,,,,,,,,,KJ005,USGS,"P, wf, FCC, Kjeldahl, CF",2023-02-13,,0.02,mg/l as P,
nwismn.01.02300076,Sample-Routine,Water,Surface Water,2023-01-23,12:00:00,CST,,,,,,,,,,,U.S. Geological Survey-Water Resources Discipline,ID-07555A,,60,USGS parameter code 82398,Weighted bottle,US WBH-96 weighted-bottle sampler,,Nitrogen,Suspended,0.07,mg/l,,Accepted,Actual,,,,,,,,,,COMB7,USGS,"TPN, GF/F, combusion",2023-02-10,,0.03,mg/l,
nwismn.01.02300076,Sample-Routine,Water,Surface Water,2023-01-23,12:00:00,CST,,,,,,,,,,,U.S. Geological Survey-Water Resources Discipline,ID-07555A,,60,USGS parameter code 82398,Weighted bottle,US WBH-96 weighted-bottle sampler,,Turbidity,Total,2.8,NTRU,,Accepted,Actual,,,,,,,,,,TS098,USGS,"HACH, sensor model 2100 AN, R-On",2023-01-27,,2.0,NTRU,
nwismn.01.02300094,Sample-Routine,Water,Surface Water,2023-03-20,13:00:00,CDT,,,,,,,,,,,U.S. Geological Survey-Water Resources Discipline,ID-07563A,,60,USGS parameter code 82398,Weighted bottle,US WBH-96 weighted-bottle sampler,,Phosphorus,Total,0.13,mg/l as P,,Accepted,Actual,,,,,,,,,,KJ009,USGS,"Phosphorus, wu, microKJ ASF, H+",2023-03-27,,0.02,mg/l as P,
nwismn.01.02300094,Sample-Routine,Water,Surface Water,2023-03-20,13:00:00,CDT,,,,,,,,,,,U.S. Geological Survey-Water Resources Discipline,ID-07563A,,60,USGS parameter code 82398,Weighted bottle,US WBH-96 weighted-bottle sampler,,Phosphorus,Dissolved,0.08,mg/l as P,,Accepted,Actual,,,,,,,,,,KJ005,USGS,"P, wf, FCC, Kjeldahl, CF",2023-03-23,,0.02,mg/l as P,
nwismn.01.02300094,Sample-Routine,Water,Surface Water,2023-03-20,13:00:00,CDT,,,,,,,,,,,U.S. Geological Survey-Water Resources Discipline,ID-07563A,,60,USGS parameter code 82398,Weighted bottle,US WBH-96 weighted-bottle sampler,,Nitrogen,Suspended,0.07,mg/l,,Accepted,Actual,,,,,,,,,,COMB7,USGS,"TPN, GF/F, combusion",2023-04-04,,0.03,mg/l,
nwismn.01.02300094,Sample-Routine,Water,Surface Water,2023-03-20,13:00:00,CDT,,,,,,,,,,,U.S. Geological Survey-Water Resources Discipline,ID-07563A,,60,USGS parameter code 82398,Weighted bottle,US WBH-96 weighted-bottle sampler,,Turbidity,Total,7.1,NTRU,,Accepted,Estimated,,,,,,,,,,TS098,USGS,"HACH, sensor model 2100 AN, R-On",2023-03-24,value extrapolated at low end,2.0,NTRU,
nwismn.01.02300097,Sample-Routine,Water,Surface Water,2023-04-03,11:30:00,CDT,,,,,,,,,,,U.S. Geological Survey-Water Resources Discipline,,,60,USGS parameter code 82398,Weighted bottle,US WBH-96 weighted-bottle sampler,,Phosphorus,Total,0.98,mg/l as P,,Accepted,Actual,,,,,,,,,,KJ009,USGS,"Phosphorus, wu, microKJ ASF, H+",2023-05-01,,0.02,mg/l as P,
nwismn.01.02300097,Sample-Routine,Water,Surface Water,2023-04-03,11:30:00,CDT,,,,,,,,,,,U.S. Geological Survey-Water Resources Discipline,,,60,USGS parameter code 82398,Weighted bottle,US WBH-96 weighted-bottle sampler,,Phosphorus,Dissolved,0.12,mg/l as P,,Accepted,Actual,,,,,,,,,,KJ005,USGS,"P, wf, FCC, Kjeldahl, CF",2023-04-26,,0.02,mg/l as P,
nwismn.01.02300097,Sample-Routine,Water,Surface Water,2023-04-03,11:30:00,CDT,,,,,,,,,,,U.S. Geological Survey-Water Resources Discipline,,,60,USGS parameter code 82398,Weighted bottle,US WBH-96 weighted-bottle sampler,,Nitrogen,Suspended,0.102,mg/l,,Accepted,Actual,,,,,,,,,,COMB7,USGS,"TPN, GF/F, combusion",2023-04-20,,0.03,mg/l,
nwismn.01.02300097,Sample-Routine,Water,Surface Water,2023-04-03,11:30:00,CDT,,,,,,,,,,,U.S. Geological Survey-Water Resources Discipline,,,60,USGS parameter code 82398,Weighted bottle,US WBH-96 weighted-bottle sampler,,Turbidity,Total,22.0,NTRU,,Accepted,Actual,,,,,,,,,,TS098,USGS,"HACH, sensor model 2100 AN, R-On",2023-04-07,,2.0,NTRU,
nwismn.01.02300129,Sample-Routine,Water,Surface Water,2023-06-20,11:00:00,CDT,,,,,,,,,,,U.S. Geological Survey-Water Resources Discipline,,,60,USGS parameter code 82398,Weighted bottle,US WBH-96 weighted-bottle sampler,,Phosphorus,Total,0.13,mg/l as P,,Accepted,Actual,,,,,,,,,,KJ009,USGS,"Phosphorus, wu, microKJ ASF, H+",2023-06-29,,0.02,mg/l as P,
nwismn.01.02300129,Sample-Routine,Water,Surface Water,2023-06-20,11:00:00,CDT,,,,,,,,,,,U.S. Geological Survey-Water Resources Discipline,,,60,USGS parameter code 82398,Weighted bottle,US WBH-96 weighted-bottle sampler,,Phosphorus,Dissolved,0.07,mg/l as P,,Accepted,Actual,,,,,,,,,,KJ005,USGS,"P, wf, FCC, Kjeldahl, CF",2023-06-28,,0.02,mg/l as P,
nwismn.01.02300129,Sample-Routine,Water,Surface Water,2023-06-20,11:00:00,CDT,,,,,,,,,,,U.S. Geological Survey-Water Resources Discipline,,,60,USGS parameter code 82398,Weighted bottle,US WBH-96 weighted-bottle sampler,,Nitrogen,Suspended,0.242,mg/l,,Accepted,Actual,,,,,,,,,,COMB7,USGS,"TPN, GF/F, combusion",2023-07-13,,0.03,mg/l,
nwismn.01.02300129,Sample-Routine,Water,Surface Water,2023-06-20,11:00:00,CDT,,,,,,,,,,,U.S. Geological Survey-Water Resources Discipline,,,60,USGS parameter code 82398,Weighted bottle,US WBH-96 weighted-bottle sampler,,Turbidity,Total,22.0,NTRU,,Accepted,Actual,,,,,,,,,,TS098,USGS,"HACH, sensor model 2100 AN, R-On",2023-06-22,,2.0,NTRU,
nwismn.01.02300113,Quality Control Sample-Field Replicate,Water,Surface Water,2023-05-23,11:00:00,CDT,,,,,,,,,,,U.S. Geological Survey-Water Resources Discipline,,,60,USGS parameter code 82398,Weighted bottle,US WBH-96 weighted-bottle sampler,,Nitrogen,Suspended,0.152,mg/l,,Accepted,Actual,,,,,,,,,,COMB7,USGS,"TPN, GF/F, combusion",2023-06-15,,0.03,mg/l,
nwismn.01.02300113,Quality Control Sample-Field Replicate,Water,Surface Water,2023-05-23,11:00:00,CDT,,,,,,,,,,,U.S. Geological Survey-Water Resources Discipline,,,60,USGS parameter code 82398,Weighted bottle,US WBH-96 weighted-bottle sampler,,Turbidity,Total,44.0,NTRU,,Accepted,Actual,,,,,,,,,,TS098,USGS,"HACH, sensor model 2100 AN, R-On",2023-05-26,,2.0,NTRU,
nwismn.01.02300102,Sample-Routine,Water,Surface Water,2023-04-18,11:30:00,CDT,,,,,,,,,,,U.S. Geological Survey-Water Resources Discipline,,,60,USGS parameter code 82398,Weighted bottle,US WBH-96 weighted-bottle sampler,,Phosphorus,Total,0.22,mg/l as P,,Accepted,Actual,,,,,,,,,,KJ009,USGS,"Phosphorus, wu, microKJ ASF, H+",2023-05-02,,0.02,mg/l as P,
nwismn.01.02300102,Sample-Routine,Water,Surface Water,2023-04-18,11:30:00,CDT,,,,,,,,,,,U.S. Geological Survey-Water Resources Discipline,,,60,USGS parameter code 82398,Weighted bottle,US WBH-96 weighted-bottle sampler,,Phosphorus,Dissolved,0.18,mg/l as P,,Accepted,Actual,,,,,,,,,,KJ005,USGS,"P, wf, FCC, Kjeldahl, CF",2023-05-04,,0.02,mg/l as P,
nwismn.01.02300102,Sample-Routine,Water,Surface Water,2023-04-18,11:30:00,CDT,,,,,,,,,,,U.S. Geological Survey-Water Resources Discipline,,,60,USGS parameter code 82398,Weighted bottle,US WBH-96 weighted-bottle sampler,,Nitrogen,Suspended,0.297,mg/l,,Accepted,Actual,,,,,,,,,,COMB7,USGS,"TPN, GF/F, combusion",2023-05-15,,0.03,mg/l,
nwismn.01.02300102,Sample-Routine,Water,Surface Water,2023-04-18,11:30:00,CDT,,,,,,,,,,,U.S. Geological Survey-Water Resources Discipline,,,60,USGS parameter code 82398,Weighted bottle,US WBH-96 weighted-bottle sampler,,Turbidity,Total,37.0,NTRU,,Accepted,Actual,,,,,,,,,,TS098,USGS,"HACH, sensor model 2100 AN, R-On",2023-04-28,,2.0,NTRU,
nwismn.01.02300110,Quality Control Sample-Field Replicate,Water,Surface Water,2023-05-09,10:30:00,CDT,,,,,,,,,,,U.S. Geological Survey-Water Resources Discipline,,,60,USGS parameter code 82398,Weighted bottle,US WBH-96 weighted-bottle sampler,,Phosphorus,Total,0.12,mg/l as P,,Accepted,Actual,,,,,,,,,,KJ009,USGS,"Phosphorus, wu, microKJ ASF, H+",2023-05-25,,0.02,mg/l as P,
nwismn.01.02300110,Quality Control Sample-Field Replicate,Water,Surface Water,2023-05-09,10:30:00,CDT,,,,,,,,,,,U.S. Geological Survey-Water Resources Discipline,,,60,USGS parameter code 82398,Weighted bottle,US WBH-96 weighted-bottle sampler,,Phosphorus,Dissolved,0.04,mg/l as P,,Accepted,Actual,,,,,,,,,,KJ005,USGS,"P, wf, FCC, Kjeldahl, CF",2023-05-23,below the reporting level but at or above the detection level,0.02,mg/l as P,
nwismn.01.02300110,Quality Control Sample-Field Replicate,Water,Surface Water,2023-05-09,10:30:00,CDT,,,,,,,,,,,U.S. Geological Survey-Water Resources Discipline,,,60,USGS parameter code 82398,Weighted bottle,US WBH-96 weighted-bottle sampler,,Nitrogen,Suspended,0.277,mg/l,,Accepted,Actual,,,,,,,,,,COMB7,USGS,"TPN, GF/F, combusion",2023-06-07,,0.03,mg/l,
nwismn.01.02300110,Quality Control Sample-Field Replicate,Water,Surface Water,2023-05-09,10:30:00,CDT,,,,,,,,,,,U.S. Geological Survey-Water Resources Discipline,,,60,USGS parameter code 82398,Weighted bottle,US WBH-96 weighted-bottle sampler,,Turbidity,Total,23.0,NTRU,,Accepted,Actual,,,,,,,,,,TS098,USGS,"HACH, sensor model 2100 AN, R-On",2023-05-18,,2.0,NTRU,
nwismn.01.02300130,Sample-Routine,Water,Surface Water,2023-06-27,10:00:00,CDT,,,,,,,,,,,U.S. Geological Survey-Water Resources Discipline,,,60,USGS parameter code 82398,Weighted bottle,US WBH-96 weighted-bottle sampler,,Phosphorus,Total,0.13,mg/l as P,,Accepted,Actual,,,,,,,,,,KJ009,USGS,"Phosphorus, wu, microKJ ASF, H+",2023-07-19,,0.02,mg/l as P,
nwismn.01.02300130,Sample-Routine,Water,Surface Water,2023-06-27,10:00:00,CDT,,,,,,,,,,,U.S. Geological Survey-Water Resources Discipline,,,60,USGS parameter code 82398,Weighted bottle,US WBH-96 weighted-bottle sampler,,Phosphorus,Dissolved,0.05,mg/l as P,,Accepted,Actual,,,,,,,,,,KJ005,USGS,"P, wf, FCC, Kjeldahl, CF",2023-07-26,,0.02,mg/l as P,
nwismn.01.02300130,Sample-Routine,Water,Surface Water,2023-06-27,10:00:00,CDT,,,,,,,,,,,U.S. Geological Survey-Water Resources Discipline,,,60,USGS parameter code 82398,Weighted bottle,US WBH-96 weighted-bottle sampler,,Nitrogen,Suspended,0.273,mg/l,,Accepted,Actual,,,,,,,,,,COMB7,USGS,"TPN, GF/F, combusion",2023-07-26,,0.03,mg/l,
nwismn.01.02300130,Sample-Routine,Water,Surface Water,2023-06-27,10:00:00,CDT,,,,,,,,,,,U.S. Geological Survey-Water Resources Discipline,,,60,USGS parameter code 82398,Weighted bottle,US WBH-96 weighted-bottle sampler,,Turbidity,Total,24.0,NTRU,,Accepted,Actual,,,,,,,,,,TS098,USGS,"HACH, sensor model 2100 AN, R-On",2023-06-29,,2.0,NTRU,
nwismn.01.02300173,Sample-Routine,Water,Surface Water,2023-08-15,10:30:00,CDT,,,,,,,,,,,U.S. Geological Survey-Water Resources Discipline,,,60,USGS parameter code 82398,Weighted bottle,US WBH-96 weighted-bottle sampler,,Phosphorus,Total,0.11,mg/l as P,,Preliminary,Actual,,,,,,,,,,KJ009,USGS,"Phosphorus, wu, microKJ ASF, H+",2023-08-25,,0.02,mg/l as P,
nwismn.01.02300173,Sample-Routine,Water,Surface Water,2023-08-15,10:30:00,CDT,,,,,,,,,,,U.S. Geological Survey-Water Resources Discipline,,,60,USGS parameter code 82398,Weighted bottle,US WBH-96 weighted-bottle sampler,,Phosphorus,Dissolved,0.06,mg/l as P,,Preliminary,Actual,,,,,Hold time parameters were exceeded during the collection to analysis phase of sample processing.,,,,,KJ005,USGS,"P, wf, FCC, Kjeldahl, CF",2023-09-26,holding time exceededsee result laboratory comment,0.02,mg/l as P,
nwismn.01.02300173,Sample-Routine,Water,Surface Water,2023-08-15,10:30:00,CDT,,,,,,,,,,,U.S. Geological Survey-Water Resources Discipline,,,60,USGS parameter code 82398,Weighted bottle,US WBH-96 weighted-bottle sampler,,Nitrogen,Suspended,0.324,mg/l,,Accepted,Actual,,,,,,,,,,COMB7,USGS,"TPN, GF/F, combusion",2023-09-22,,0.03,mg/l,
nwismn.01.02300173,Sample-Routine,Water,Surface Water,2023-08-15,10:30:00,CDT,,,,,,,,,,,U.S. Geological Survey-Water Resources Discipline,,,60,USGS parameter code 82398,Weighted bottle,US WBH-96 weighted-bottle sampler,,Turbidity,Total,17.0,NTRU,,Accepted,Estimated,,,,,,,,,,TS098,USGS,"HACH, sensor model 2100 AN, R-On",2023-08-18,value extrapolated at low end,2.0,NTRU,
nwismn.01.02300131,Quality Control Sample-Field Replicate,Water,Surface Water,2023-07-10,10:30:00,CDT,,,,,,,,,,,U.S. Geological Survey-Water Resources Discipline,,,60,USGS parameter code 82398,Weighted bottle,US WBH-96 weighted-bottle sampler,,Nitrogen,Suspended,0.249,mg/l,,Accepted,Actual,,,,,,,,,,COMB7,USGS,"TPN, GF/F, combusion",2023-08-04,,0.03,mg/l,
nwismn.01.02300131,Quality Control Sample-Field Replicate,Water,Surface Water,2023-07-10,10:30:00,CDT,,,,,,,,,,,U.S. Geological Survey-Water Resources Discipline,,,60,USGS parameter code 82398,Weighted bottle,US WBH-96 weighted-bottle sampler,,Turbidity,Total,15.0,NTRU,,Accepted,Estimated,,,,,,,,,,TS098,USGS,"HACH, sensor model 2100 AN, R-On",2023-07-13,value extrapolated at low end,2.0,NTRU,
nwismn.01.02300134,Quality Control Sample-Field Replicate,Water,Surface Water,2023-07-24,10:30:00,CDT,,,,,,,,,,,U.S. Geological Survey-Water Resources Discipline,,,60,USGS parameter code 82398,Weighted bottle,US WBH-96 weighted-bottle sampler,,Phosphorus,Total,0.08,mg/l as P,,Accepted,Actual,,,,,,,,,,KJ009,USGS,"Phosphorus, wu, microKJ ASF, H+",2023-08-09,,0.02,mg/l as P,
nwismn.01.02300134,Quality Control Sample-Field Replicate,Water,Surface Water,2023-07-24,10:30:00,CDT,,,,,,,,,,,U.S. Geological Survey-Water Resources Discipline,,,60,USGS parameter code 82398,Weighted bottle,US WBH-96 weighted-bottle sampler,Not Detected,Phosphorus,Dissolved,,,,Accepted,Actual,,,,,,,,,,KJ005,USGS,"P, wf, FCC, Kjeldahl, CF",2023-08-07,,0.02,mg/l as P,
nwismn.01.02300134,Quality Control Sample-Field Replicate,Water,Surface Water,2023-07-24,10:30:00,CDT,,,,,,,,,,,U.S. Geological Survey-Water Resources Discipline,,,60,USGS parameter code 82398,Weighted bottle,US WBH-96 weighted-bottle sampler,,Nitrogen,Suspended,0.332,mg/l,,Accepted,Actual,,,,,,,,,,COMB7,USGS,"TPN, GF/F, combusion",2023-08-23,,0.03,mg/l,
nwismn.01.02300134,Quality Control Sample-Field Replicate,Water,Surface Water,2023-07-24,10:30:00,CDT,,,,,,,,,,,U.S. Geological Survey-Water Resources Discipline,,,60,USGS parameter code 82398,Weighted bottle,US WBH-96 weighted-bottle sampler,,Turbidity,Total,12.0,NTRU,,Accepted,Estimated,,,,,,,,,,TS098,USGS,"HACH, sensor model 2100 AN, R-On",2023-07-28,value extrapolated at low end,2.0,NTRU,
nwismn.01.02400006,Sample-Routine,Water,Surface Water,2023-10-17,11:00:00,CDT,,,,,,,,,,,U.S. Geological Survey-Water Resources Discipline,,,60,USGS parameter code 82398,Weighted bottle,US WBH-96 weighted-bottle sampler,,Nitrogen,Suspended,0.255,mg/l,,Accepted,Actual,,,,,,,,,,COMB7,USGS,"TPN, GF/F, combusion",2023-12-12,,0.03,mg/l,
nwismn.01.02400006,Sample-Routine,Water,Surface Water,2023-10-17,11:00:00,CDT,,,,,,,,,,,U.S. Geological Survey-Water Resources Discipline,,,60,USGS parameter code 82398,Weighted bottle,US WBH-96 weighted-bottle sampler,,Turbidity,Total,14.0,NTRU,,Accepted,Estimated,,,,,,,,,,TS098,USGS,"HACH, sensor model 2100 AN, R-On",2023-10-27,value extrapolated at low end,2.0,NTRU,
