date,streamflow,precipitation,water_temp_c,Blue,Green,Red,NIR,SWIR1,SWIR2,RedEdge1,RedEdge2,RedEdge3,dissolved_oxygen,total_phosphorus,nitrate_n,electrical_conductance,oxygen_demand,chlorophyll_a,station_id
2012-12-01,3688.78,0.0,-1.02,0.0409029992374618,0.0791803517477335,0.0703685911637664,0.1718845363342784,0.0849862820075892,0.0524245459654201,0.0703924579407599,0.1304197099836094,0.1572511495156862,,,,,,,SRB00040
2012-12-02,3688.78,0.0,-1.02,0.0409029992374618,0.0791803517477335,0.0703685911637664,0.1718845363342784,0.0849862820075892,0.0524245459654201,0.0703924579407599,0.1304197099836094,0.1572511495156862,,,,,,,SRB00040
2012-12-03,3688.78,0.0,-1.02,0.0409029992374618,0.0791803517477335,0.0703685911637664,0.1718845363342784,0.0849862820075892,0.0524245459654201,0.0703924579407599,0.1304197099836094,0.1572511495156862,,,,,,,SRB00040
2012-12-04,3688.78,0.0,-1.02,0.0409029992374618,0.0791803517477335,0.0703685911637664,0.1718845363342784,0.0849862820075892,0.0524245459654201,0.0703924579407599,0.1304197099836094,0.1572511495156862,,,,,,,SRB00040
2012-12-05,3688.78,0.0,-1.02,0.0409029992374618,0.0791803517477335,0.0703685911637664,0.1718845363342784,0.0849862820075892,0.0524245459654201,0.0703924579407599,0.1304197099836094,0.1572511495156862,,,,,,,SRB00040
2012-12-06,3688.78,0.0,-1.02,0.0409029992374618,0.0791803517477335,0.0703685911637664,0.1718845363342784,0.0849862820075892,0.0524245459654201,0.0703924579407599,0.1304197099836094,0.1572511495156862,,,,,,,SRB00040
2012-12-07,3688.78,0.0,-1.02,0.0409029992374618,0.0791803517477335,0.0703685911637664,0.1718845363342784,0.0849862820075892,0.0524245459654201,0.0703924579407599,0.1304197099836094,0.1572511495156862,,,,,,,SRB00040
2012-12-08,3688.78,0.0,-1.02,0.0409029992374618,0.0791803517477335,0.0703685911637664,0.1718845363342784,0.0849862820075892,0.0524245459654201,0.0703924579407599,0.1304197099836094,0.1572511495156862,,,,,,,SRB00040
2012-12-09,3688.78,0.0,-1.02,0.0409029992374618,0.0791803517477335,0.0703685911637664,0.1718845363342784,0.0849862820075892,0.0524245459654201,0.0703924579407599,0.1304197099836094,0.1572511495156862,,,,,,,SRB00040
2012-12-10,3688.78,0.0,-1.02,0.0409029992374618,0.0791803517477335,0.0703685911637664,0.1718845363342784,0.0849862820075892,0.0524245459654201,0.0703924579407599,0.1304197099836094,0.1572511495156862,,,,,,,SRB00040
2012-12-11,3688.78,0.0,-1.02,0.0409029992374618,0.0791803517477335,0.0703685911637664,0.1718845363342784,0.0849862820075892,0.0524245459654201,0.0703924579407599,0.1304197099836094,0.1572511495156862,,,,,,,SRB00040
2012-12-12,3688.78,0.0,-1.02,0.0409029992374618,0.0791803517477335,0.0703685911637664,0.1718845363342784,0.0849862820075892,0.0524245459654201,0.0703924579407599,0.1304197099836094,0.1572511495156862,,,,,,,SRB00040
2012-12-13,3688.78,0.0,-1.02,0.0409029992374618,0.0791803517477335,0.0703685911637664,0.1718845363342784,0.0849862820075892,0.0524245459654201,0.0703924579407599,0.1304197099836094,0.1572511495156862,,,,,,,SRB00040
2012-12-14,3688.78,0.0,-1.02,0.0409029992374618,0.0791803517477335,0.0703685911637664,0.1718845363342784,0.0849862820075892,0.0524245459654201,0.0703924579407599,0.1304197099836094,0.1572511495156862,,,,,,,SRB00040
2012-12-15,3688.78,0.0,-1.02,0.0409029992374618,0.0791803517477335,0.0703685911637664,0.1718845363342784,0.0849862820075892,0.0524245459654201,0.0703924579407599,0.1304197099836094,0.1572511495156862,,,,,,,SRB00040
2012-12-16,3688.78,0.0,-1.02,0.0409029992374618,0.0791803517477335,0.0703685911637664,0.1718845363342784,0.0849862820075892,0.0524245459654201,0.0703924579407599,0.1304197099836094,0.1572511495156862,,,,,,,SRB00040
2012-12-17,3688.78,0.0,-1.02,0.0409029992374618,0.0791803517477335,0.0703685911637664,0.1718845363342784,0.0849862820075892,0.0524245459654201,0.0703924579407599,0.1304197099836094,0.1572511495156862,,,,,,,SRB00040
2012-12-18,3688.78,0.0,-1.02,0.0409029992374618,0.0791803517477335,0.0703685911637664,0.1718845363342784,0.0849862820075892,0.0524245459654201,0.0703924579407599,0.1304197099836094,0.1572511495156862,,,,,,,SRB00040
2012-12-19,3688.78,0.0,-1.02,0.0409029992374618,0.0791803517477335,0.0703685911637664,0.1718845363342784,0.0849862820075892,0.0524245459654201,0.0703924579407599,0.1304197099836094,0.1572511495156862,,,,,,,SRB00040
2012-12-20,3688.78,0.0,-1.02,0.0409029992374618,0.0791803517477335,0.0703685911637664,0.1718845363342784,0.0849862820075892,0.0524245459654201,0.0703924579407599,0.1304197099836094,0.1572511495156862,,,,,,,SRB00040
2012-12-21,3688.78,0.0,-1.02,0.0409029992374618,0.0791803517477335,0.0703685911637664,0.1718845363342784,0.0849862820075892,0.0524245459654201,0.0703924579407599,0.1304197099836094,0.1572511495156862,,,,,,,SRB00040
2012-12-22,3688.78,0.0,-1.02,0.0409029992374618,0.0791803517477335,0.0703685911637664,0.1718845363342784,0.0849862820075892,0.0524245459654201,0.0703924579407599,0.1304197099836094,0.1572511495156862,,,,,,,SRB00040
2012-12-23,3688.78,0.0,-1.02,0.0409029992374618,0.0791803517477335,0.0703685911637664,0.1718845363342784,0.0849862820075892,0.0524245459654201,0.0703924579407599,0.1304197099836094,0.1572511495156862,,,,,,,SRB00040
2012-12-24,3688.78,0.0,-1.02,0.0409029992374618,0.0791803517477335,0.0703685911637664,0.1718845363342784,0.0849862820075892,0.0524245459654201,0.0703924579407599,0.1304197099836094,0.1572511495156862,,,,,,,SRB00040
2012-12-25,3688.78,0.0,-1.02,0.0409029992374618,0.0791803517477335,0.0703685911637664,0.1718845363342784,0.0849862820075892,0.0524245459654201,0.0703924579407599,0.1304197099836094,0.1572511495156862,,,,,,,SRB00040
2012-12-26,3688.78,0.0,-1.02,0.0409029992374618,0.0791803517477335,0.0703685911637664,0.1718845363342784,0.0849862820075892,0.0524245459654201,0.0703924579407599,0.1304197099836094,0.1572511495156862,,,,,,,SRB00040
2012-12-27,3688.78,0.0,-1.02,0.0409029992374618,0.0791803517477335,0.0703685911637664,0.1718845363342784,0.0849862820075892,0.0524245459654201,0.0703924579407599,0.1304197099836094,0.1572511495156862,,,,,,,SRB00040
2012-12-28,3688.78,0.0,-1.02,0.0409029992374618,0.0791803517477335,0.0703685911637664,0.1718845363342784,0.0849862820075892,0.0524245459654201,0.0703924579407599,0.1304197099836094,0.1572511495156862,,,,,,,SRB00040
2012-12-29,3688.78,0.0,-1.02,0.0409029992374618,0.0791803517477335,0.0703685911637664,0.1718845363342784,0.0849862820075892,0.0524245459654201,0.0703924579407599,0.1304197099836094,0.1572511495156862,,,,,,,SRB00040
2012-12-30,3688.78,0.0,-1.02,0.0409029992374618,0.0791803517477335,0.0703685911637664,0.1718845363342784,0.0849862820075892,0.0524245459654201,0.0703924579407599,0.1304197099836094,0.1572511495156862,,,,,,,SRB00040
2012-12-31,3688.78,0.0,-1.02,0.0409029992374618,0.0791803517477335,0.0703685911637664,0.1718845363342784,0.0849862820075892,0.0524245459654201,0.0703924579407599,0.1304197099836094,0.1572511495156862,,,,,,,SRB00040
2013-01-01,3688.78,0.01,-1.02,0.0409029992374618,0.0791803517477335,0.0703685911637664,0.1718845363342784,0.0849862820075892,0.0524245459654201,0.0703924579407599,0.1304197099836094,0.1572511495156862,,,,,,,SRB00040
2013-01-02,3671.82,0.04,-0.32,0.0409029992374618,0.0791803517477335,0.0703685911637664,0.1718845363342784,0.0849862820075892,0.0524245459654201,0.0703924579407599,0.1304197099836094,0.1572511495156862,,,,,,,SRB00040
2013-01-03,3547.13,0.01,1.32,0.0409029992374618,0.0791803517477335,0.0703685911637664,0.1718845363342784,0.0849862820075892,0.0524245459654201,0.0703924579407599,0.1304197099836094,0.1572511495156862,,,,,,,SRB00040
2013-01-04,3340.95,0.25,3.93,0.0409029992374618,0.0791803517477335,0.0703685911637664,0.1718845363342784,0.0849862820075892,0.0524245459654201,0.0703924579407599,0.1304197099836094,0.1572511495156862,,,,,,,SRB00040
2013-01-05,3125.08,2.95,5.71,0.0409029992374618,0.0791803517477335,0.0703685911637664,0.1718845363342784,0.0849862820075892,0.0524245459654201,0.0703924579407599,0.1304197099836094,0.1572511495156862,,,,,,,SRB00040
2013-01-06,2923.15,3.62,0.57,0.0409029992374618,0.0791803517477335,0.0703685911637664,0.1718845363342784,0.0849862820075892,0.0524245459654201,0.0703924579407599,0.1304197099836094,0.1572511495156862,,,,,,,SRB00040
2013-01-07,2785.12,0.86,-1.21,0.0409029992374618,0.0791803517477335,0.0703685911637664,0.1718845363342784,0.0849862820075892,0.0524245459654201,0.0703924579407599,0.1304197099836094,0.1572511495156862,,,,,,,SRB00040
2013-01-08,3146.75,0.13,-2.72,0.0409029992374618,0.0791803517477335,0.0703685911637664,0.1718845363342784,0.0849862820075892,0.0524245459654201,0.0703924579407599,0.1304197099836094,0.1572511495156862,,,,,,,SRB00040
2013-01-09,4665.59,1.27,-1.32,0.0409029992374618,0.0791803517477335,0.0703685911637664,0.1718845363342784,0.0849862820075892,0.0524245459654201,0.0703924579407599,0.1304197099836094,0.1572511495156862,12.2,0.103,2.39729508,430.0,1.2,,SRB00040
2013-01-10,5532.5,2.26,0.61,0.0409029992374618,0.0791803517477335,0.0703685911637664,0.1718845363342784,0.0849862820075892,0.0524245459654201,0.0703924579407599,0.1304197099836094,0.1572511495156862,,,,,,,SRB00040
2013-01-11,5431.5,5.75,1.14,0.0409029992374618,0.0791803517477335,0.0703685911637664,0.1718845363342784,0.0849862820075892,0.0524245459654201,0.0703924579407599,0.1304197099836094,0.1572511495156862,,,,,,,SRB00040
2013-01-12,5092.31,0.0,-2.42,0.0409029992374618,0.0791803517477335,0.0703685911637664,0.1718845363342784,0.0849862820075892,0.0524245459654201,0.0703924579407599,0.1304197099836094,0.1572511495156862,,,,,,,SRB00040
2013-01-13,4719.63,0.48,-1.14,0.0409029992374618,0.0791803517477335,0.0703685911637664,0.1718845363342784,0.0849862820075892,0.0524245459654201,0.0703924579407599,0.1304197099836094,0.1572511495156862,,,,,,,SRB00040
2013-01-14,4334.11,1.91,2.1,0.0409029992374618,0.0791803517477335,0.0703685911637664,0.1718845363342784,0.0849862820075892,0.0524245459654201,0.0703924579407599,0.1304197099836094,0.1572511495156862,,,,,,,SRB00040
2013-01-15,3961.78,5.4,3.24,0.0409029992374618,0.0791803517477335,0.0703685911637664,0.1718845363342784,0.0849862820075892,0.0524245459654201,0.0703924579407599,0.1304197099836094,0.1572511495156862,,,,,,,SRB00040
2013-01-16,3604.79,4.91,3.48,0.0409029992374618,0.0791803517477335,0.0703685911637664,0.1718845363342784,0.0849862820075892,0.0524245459654201,0.0703924579407599,0.1304197099836094,0.1572511495156862,,,,,,,SRB00040
2013-01-17,3279.95,1.76,3.24,0.0409029992374618,0.0791803517477335,0.0703685911637664,0.1718845363342784,0.0849862820075892,0.0524245459654201,0.0703924579407599,0.1304197099836094,0.1572511495156862,,,,,,,SRB00040
2013-01-18,2991.27,12.43,-0.37,0.0409029992374618,0.0791803517477335,0.0703685911637664,0.1718845363342784,0.0849862820075892,0.0524245459654201,0.0703924579407599,0.1304197099836094,0.1572511495156862,,,,,,,SRB00040
2013-01-19,2753.23,1.14,-3.21,0.0409029992374618,0.0791803517477335,0.0703685911637664,0.1718845363342784,0.0849862820075892,0.0524245459654201,0.0703924579407599,0.1304197099836094,0.1572511495156862,,,,,,,SRB00040
2013-01-20,2545.83,2.37,4.01,0.0409029992374618,0.0791803517477335,0.0703685911637664,0.1718845363342784,0.0849862820075892,0.0524245459654201,0.0703924579407599,0.1304197099836094,0.1572511495156862,,,,,,,SRB00040
2013-01-21,2375.84,0.2,7.47,0.0409029992374618,0.0791803517477335,0.0703685911637664,0.1718845363342784,0.0849862820075892,0.0524245459654201,0.0703924579407599,0.1304197099836094,0.1572511495156862,,,,,,,SRB00040
2013-01-22,2232.57,0.97,1.91,0.0409029992374618,0.0791803517477335,0.0703685911637664,0.1718845363342784,0.0849862820075892,0.0524245459654201,0.0703924579407599,0.1304197099836094,0.1572511495156862,,,,,,,SRB00040
2013-01-23,2141.89,0.07,0.62,0.0409029992374618,0.0791803517477335,0.0703685911637664,0.1718845363342784,0.0849862820075892,0.0524245459654201,0.0703924579407599,0.1304197099836094,0.1572511495156862,,,,,,,SRB00040
2013-01-24,2112.49,6.3,1.56,0.0409029992374618,0.0791803517477335,0.0703685911637664,0.1718845363342784,0.0849862820075892,0.0524245459654201,0.0703924579407599,0.1304197099836094,0.1572511495156862,,,,,,,SRB00040
2013-01-25,2083.49,1.69,-1.41,0.0409029992374618,0.0791803517477335,0.0703685911637664,0.1718845363342784,0.0849862820075892,0.0524245459654201,0.0703924579407599,0.1304197099836094,0.1572511495156862,,,,,,,SRB00040
2013-01-26,2026.68,0.43,-1.89,0.0409029992374618,0.0791803517477335,0.0703685911637664,0.1718845363342784,0.0849862820075892,0.0524245459654201,0.0703924579407599,0.1304197099836094,0.1572511495156862,,,,,,,SRB00040
2013-01-27,1953.34,0.28,-2.39,0.0409029992374618,0.0791803517477335,0.0703685911637664,0.1718845363342784,0.0849862820075892,0.0524245459654201,0.0703924579407599,0.1304197099836094,0.1572511495156862,,,,,,,SRB00040
2013-01-28,1878.32,0.26,-0.4,0.0409029992374618,0.0791803517477335,0.0703685911637664,0.1718845363342784,0.0849862820075892,0.0524245459654201,0.0703924579407599,0.1304197099836094,0.1572511495156862,,,,,,,SRB00040
2013-01-29,1797.87,0.25,-0.09,0.0409029992374618,0.0791803517477335,0.0703685911637664,0.1718845363342784,0.0849862820075892,0.0524245459654201,0.0703924579407599,0.1304197099836094,0.1572511495156862,,,,,,,SRB00040
2013-01-30,1720.87,0.43,2.75,0.0409029992374618,0.0791803517477335,0.0703685911637664,0.1718845363342784,0.0849862820075892,0.0524245459654201,0.0703924579407599,0.1304197099836094,0.1572511495156862,,,,,,,SRB00040
2013-01-31,1650.96,1.2,4.7,0.0409029992374618,0.0791803517477335,0.0703685911637664,0.1718845363342784,0.0849862820075892,0.0524245459654201,0.0703924579407599,0.1304197099836094,0.1572511495156862,,,,,,,SRB00040
2013-02-01,1609.65,0.1,4.31,0.0409029992374618,0.0791803517477335,0.0703685911637664,0.1718845363342784,0.0849862820075892,0.0524245459654201,0.0703924579407599,0.1304197099836094,0.1572511495156862,,,,,,,SRB00040
2013-02-02,1752.88,3.67,9.32,0.0409029992374618,0.0791803517477335,0.0703685911637664,0.1718845363342784,0.0849862820075892,0.0524245459654201,0.0703924579407599,0.1304197099836094,0.1572511495156862,,,,,,,SRB00040
2013-02-03,2765.94,6.9,1.13,0.0409029992374618,0.0791803517477335,0.0703685911637664,0.1718845363342784,0.0849862820075892,0.0524245459654201,0.0703924579407599,0.1304197099836094,0.1572511495156862,,,,,,,SRB00040
2013-02-04,4139.0,0.04,-0.67,0.0409029992374618,0.0791803517477335,0.0703685911637664,0.1718845363342784,0.0849862820075892,0.0524245459654201,0.0703924579407599,0.1304197099836094,0.1572511495156862,,,,,,,SRB00040
2013-02-05,4851.89,0.01,3.12,0.0409029992374618,0.0791803517477335,0.0703685911637664,0.1718845363342784,0.0849862820075892,0.0524245459654201,0.0703924579407599,0.1304197099836094,0.1572511495156862,,,,,,,SRB00040
2013-02-06,5247.07,2.06,5.15,0.0409029992374618,0.0791803517477335,0.0703685911637664,0.1718845363342784,0.0849862820075892,0.0524245459654201,0.0703924579407599,0.1304197099836094,0.1572511495156862,12.8,0.128,2.53725016,470.0,2.3,,SRB00040
2013-02-07,5320.08,0.59,1.12,0.0409029992374618,0.0791803517477335,0.0703685911637664,0.1718845363342784,0.0849862820075892,0.0524245459654201,0.0703924579407599,0.1304197099836094,0.1572511495156862,,,,,,,SRB00040
2013-02-08,5210.95,0.02,-0.49,0.0409029992374618,0.0791803517477335,0.0703685911637664,0.1718845363342784,0.0849862820075892,0.0524245459654201,0.0703924579407599,0.1304197099836094,0.1572511495156862,,,,,,,SRB00040
2013-02-09,5057.25,0.46,-1.72,0.0409029992374618,0.0791803517477335,0.0703685911637664,0.1718845363342784,0.0849862820075892,0.0524245459654201,0.0703924579407599,0.1304197099836094,0.1572511495156862,,,,,,,SRB00040
2013-02-10,4818.48,3.36,-1.87,0.0409029992374618,0.0791803517477335,0.0703685911637664,0.1718845363342784,0.0849862820075892,0.0524245459654201,0.0703924579407599,0.1304197099836094,0.1572511495156862,,,,,,,SRB00040
2013-02-11,4476.13,0.01,-1.84,0.0409029992374618,0.0791803517477335,0.0703685911637664,0.1718845363342784,0.0849862820075892,0.0524245459654201,0.0703924579407599,0.1304197099836094,0.1572511495156862,,,,,,,SRB00040
2013-02-12,4091.61,0.85,1.69,0.0409029992374618,0.0791803517477335,0.0703685911637664,0.1718845363342784,0.0849862820075892,0.0524245459654201,0.0703924579407599,0.1304197099836094,0.1572511495156862,,,,,,,SRB00040
2013-02-13,3731.5,4.36,3.19,0.0409029992374618,0.0791803517477335,0.0703685911637664,0.1718845363342784,0.0849862820075892,0.0524245459654201,0.0703924579407599,0.1304197099836094,0.1572511495156862,,,,,,,SRB00040
2013-02-14,3410.93,3.63,3.95,0.0409029992374618,0.0791803517477335,0.0703685911637664,0.1718845363342784,0.0849862820075892,0.0524245459654201,0.0703924579407599,0.1304197099836094,0.1572511495156862,,,,,,,SRB00040
2013-02-15,3146.75,0.47,3.77,0.0409029992374618,0.0791803517477335,0.0703685911637664,0.1718845363342784,0.0849862820075892,0.0524245459654201,0.0703924579407599,0.1304197099836094,0.1572511495156862,,,,,,,SRB00040
2013-02-16,2923.15,1.88,2.74,0.0409029992374618,0.0791803517477335,0.0703685911637664,0.1718845363342784,0.0849862820075892,0.0524245459654201,0.0703924579407599,0.1304197099836094,0.1572511495156862,,,,,,,SRB00040
2013-02-17,2727.98,0.0,1.56,0.0409029992374618,0.0791803517477335,0.0703685911637664,0.1718845363342784,0.0849862820075892,0.0524245459654201,0.0703924579407599,0.1304197099836094,0.1572511495156862,,,,,,,SRB00040
2013-02-18,2545.83,0.08,1.07,0.0409029992374618,0.0791803517477335,0.0703685911637664,0.1718845363342784,0.0849862820075892,0.0524245459654201,0.0703924579407599,0.1304197099836094,0.1572511495156862,,,,,,,SRB00040
2013-02-19,2392.32,0.09,1.06,0.0409029992374618,0.0791803517477335,0.0703685911637664,0.1718845363342784,0.0849862820075892,0.0524245459654201,0.0703924579407599,0.1304197099836094,0.1572511495156862,,,,,,,SRB00040
2013-02-20,2258.44,1.21,1.43,0.0409029992374618,0.0791803517477335,0.0703685911637664,0.1718845363342784,0.0849862820075892,0.0524245459654201,0.0703924579407599,0.1304197099836094,0.1572511495156862,,,,,,,SRB00040
2013-02-21,2156.74,4.92,-0.26,0.0409029992374618,0.0791803517477335,0.0703685911637664,0.1718845363342784,0.0849862820075892,0.0524245459654201,0.0703924579407599,0.1304197099836094,0.1572511495156862,,,,,,,SRB00040
2013-02-22,2088.3,3.15,0.81,0.0409029992374618,0.0791803517477335,0.0703685911637664,0.1718845363342784,0.0849862820075892,0.0524245459654201,0.0703924579407599,0.1304197099836094,0.1572511495156862,,,,,,,SRB00040
2013-02-23,2036.04,3.08,4.39,0.0409029992374618,0.0791803517477335,0.0703685911637664,0.1718845363342784,0.0849862820075892,0.0524245459654201,0.0703924579407599,0.1304197099836094,0.1572511495156862,,,,,,,SRB00040
2013-02-24,1985.1,6.41,6.26,0.0409029992374618,0.0791803517477335,0.0703685911637664,0.1718845363342784,0.0849862820075892,0.0524245459654201,0.0703924579407599,0.1304197099836094,0.1572511495156862,,,,,,,SRB00040
2013-02-25,1962.36,8.78,6.6,0.0409029992374618,0.0791803517477335,0.0703685911637664,0.1718845363342784,0.0849862820075892,0.0524245459654201,0.0703924579407599,0.1304197099836094,0.1572511495156862,,,,,,,SRB00040
2013-02-26,1975.97,8.94,5.45,0.0409029992374618,0.0791803517477335,0.0703685911637664,0.1718845363342784,0.0849862820075892,0.0524245459654201,0.0703924579407599,0.1304197099836094,0.1572511495156862,,,,,,,SRB00040
2013-02-27,2026.68,3.94,4.87,0.0409029992374618,0.0791803517477335,0.0703685911637664,0.1718845363342784,0.0849862820075892,0.0524245459654201,0.0703924579407599,0.1304197099836094,0.1572511495156862,,,,,,,SRB00040
2013-02-28,2117.36,0.15,5.33,0.0409029992374618,0.0791803517477335,0.0703685911637664,0.1718845363342784,0.0849862820075892,0.0524245459654201,0.0703924579407599,0.1304197099836094,0.1572511495156862,,,,,,,SRB00040
2013-03-01,2242.88,0.0,3.39,0.0409029992374618,0.0791803517477335,0.0703685911637664,0.1718845363342784,0.0849862820075892,0.0524245459654201,0.0703924579407599,0.1304197099836094,0.1572511495156862,,,,,,,SRB00040
2013-03-02,2375.84,0.01,2.56,0.0409029992374618,0.0791803517477335,0.0703685911637664,0.1718845363342784,0.0849862820075892,0.0524245459654201,0.0703924579407599,0.1304197099836094,0.1572511495156862,,,,,,,SRB00040
2013-03-03,2476.42,0.0,2.73,0.0409029992374618,0.0791803517477335,0.0703685911637664,0.1718845363342784,0.0849862820075892,0.0524245459654201,0.0703924579407599,0.1304197099836094,0.1572511495156862,,,,,,,SRB00040
2013-03-04,2557.59,0.0,2.39,0.0409029992374618,0.0791803517477335,0.0703685911637664,0.1718845363342784,0.0849862820075892,0.0524245459654201,0.0703924579407599,0.1304197099836094,0.1572511495156862,,,,,,,SRB00040
2013-03-05,2599.16,0.0,3.81,0.0409029992374618,0.0791803517477335,0.0703685911637664,0.1718845363342784,0.0849862820075892,0.0524245459654201,0.0703924579407599,0.1304197099836094,0.1572511495156862,,,,,,,SRB00040
2013-03-06,2581.26,0.01,7.59,0.0409029992374618,0.0791803517477335,0.0703685911637664,0.1718845363342784,0.0849862820075892,0.0524245459654201,0.0703924579407599,0.1304197099836094,0.1572511495156862,12.6,0.109,2.7878149,480.0,2.0,,SRB00040
2013-03-07,2505.11,0.45,8.71,0.0409029992374618,0.0791803517477335,0.0703685911637664,0.1718845363342784,0.0849862820075892,0.0524245459654201,0.0703924579407599,0.1304197099836094,0.1572511495156862,,,,,,,SRB00040
2013-03-08,2375.84,0.4,11.01,0.0409029992374618,0.0791803517477335,0.0703685911637664,0.1718845363342784,0.0849862820075892,0.0524245459654201,0.0703924579407599,0.1304197099836094,0.1572511495156862,,,,,,,SRB00040
2013-03-09,2248.05,6.37,11.63,0.0409029992374618,0.0791803517477335,0.0703685911637664,0.1718845363342784,0.0849862820075892,0.0524245459654201,0.0703924579407599,0.1304197099836094,0.1572511495156862,,,,,,,SRB00040
2013-03-10,2217.2,3.83,10.67,0.0409029992374618,0.0791803517477335,0.0703685911637664,0.1718845363342784,0.0849862820075892,0.0524245459654201,0.0703924579407599,0.1304197099836094,0.1572511495156862,,,,,,,SRB00040
2013-03-11,2476.42,2.18,7.43,0.0409029992374618,0.0791803517477335,0.0703685911637664,0.1718845363342784,0.0849862820075892,0.0524245459654201,0.0703924579407599,0.1304197099836094,0.1572511495156862,,,,,,,SRB00040
2013-03-12,3075.1,3.7,8.23,0.0409029992374618,0.0791803517477335,0.0703685911637664,0.1718845363342784,0.0849862820075892,0.0524245459654201,0.0703924579407599,0.1304197099836094,0.1572511495156862,,,,,,,SRB00040
2013-03-13,3563.51,3.09,8.32,0.0409029992374618,0.0791803517477335,0.0703685911637664,0.1718845363342784,0.0849862820075892,0.0524245459654201,0.0703924579407599,0.1304197099836094,0.1572511495156862,,,,,,,SRB00040
2013-03-14,3792.15,20.57,4.61,0.0409029992374618,0.0791803517477335,0.0703685911637664,0.1718845363342784,0.0849862820075892,0.0524245459654201,0.0703924579407599,0.1304197099836094,0.1572511495156862,,,,,,,SRB00040
2013-03-15,3853.78,1.88,-1.88,0.0409029992374618,0.0791803517477335,0.0703685911637664,0.1718845363342784,0.0849862820075892,0.0524245459654201,0.0703924579407599,0.1304197099836094,0.1572511495156862,,,,,,,SRB00040
2013-03-16,3836.07,0.18,-2.78,0.0409029992374618,0.0791803517477335,0.0703685911637664,0.1718845363342784,0.0849862820075892,0.0524245459654201,0.0703924579407599,0.1304197099836094,0.1572511495156862,,,,,,,SRB00040
2013-03-17,3722.92,0.0,-1.4,0.0409029992374618,0.0791803517477335,0.0703685911637664,0.1718845363342784,0.0849862820075892,0.0524245459654201,0.0703924579407599,0.1304197099836094,0.1572511495156862,,,,,,,SRB00040
2013-03-18,3547.13,3.32,3.3,0.0409029992374618,0.0791803517477335,0.0703685911637664,0.1718845363342784,0.0849862820075892,0.0524245459654201,0.0703924579407599,0.1304197099836094,0.1572511495156862,,,,,,,SRB00040
2013-03-19,3333.26,2.36,8.07,0.0409029992374618,0.0791803517477335,0.0703685911637664,0.1718845363342784,0.0849862820075892,0.0524245459654201,0.0703924579407599,0.1304197099836094,0.1572511495156862,,,,,,,SRB00040
2013-03-20,3146.75,0.11,7.9,0.0409029992374618,0.0791803517477335,0.0703685911637664,0.1718845363342784,0.0849862820075892,0.0524245459654201,0.0703924579407599,0.1304197099836094,0.1572511495156862,,,,,,,SRB00040
2013-03-21,3018.95,13.3,5.3,0.0409029992374618,0.0791803517477335,0.0703685911637664,0.1718845363342784,0.0849862820075892,0.0524245459654201,0.0703924579407599,0.1304197099836094,0.1572511495156862,,,,,,,SRB00040
2013-03-22,2957.01,0.14,1.99,0.0409029992374618,0.0791803517477335,0.0703685911637664,0.1718845363342784,0.0849862820075892,0.0524245459654201,0.0703924579407599,0.1304197099836094,0.1572511495156862,,,,,,,SRB00040
2013-03-23,2957.01,0.04,1.15,0.0409029992374618,0.0791803517477335,0.0703685911637664,0.1718845363342784,0.0849862820075892,0.0524245459654201,0.0703924579407599,0.1304197099836094,0.1572511495156862,,,,,,,SRB00040
2013-03-24,3025.91,0.8,-1.1,0.0409029992374618,0.0791803517477335,0.0703685911637664,0.1718845363342784,0.0849862820075892,0.0524245459654201,0.0703924579407599,0.1304197099836094,0.1572511495156862,,,,,,,SRB00040
2013-03-25,3053.92,9.23,-0.32,0.0409029992374618,0.0791803517477335,0.0703685911637664,0.1718845363342784,0.0849862820075892,0.0524245459654201,0.0703924579407599,0.1304197099836094,0.1572511495156862,,,,,,,SRB00040
2013-03-26,2970.67,7.29,-0.36,0.0409029992374618,0.0791803517477335,0.0703685911637664,0.1718845363342784,0.0849862820075892,0.0524245459654201,0.0703924579407599,0.1304197099836094,0.1572511495156862,,,,,,,SRB00040
2013-03-27,2817.38,1.06,-0.89,0.0409029992374618,0.0791803517477335,0.0703685911637664,0.1718845363342784,0.0849862820075892,0.0524245459654201,0.0703924579407599,0.1304197099836094,0.1572511495156862,,,,,,,SRB00040
2013-03-28,2635.33,0.01,2.11,0.0409029992374618,0.0791803517477335,0.0703685911637664,0.1718845363342784,0.0849862820075892,0.0524245459654201,0.0703924579407599,0.1304197099836094,0.1572511495156862,,,,,,,SRB00040
2013-03-29,2476.42,3.57,7.56,0.0409029992374618,0.0791803517477335,0.0703685911637664,0.1718845363342784,0.0849862820075892,0.0524245459654201,0.0703924579407599,0.1304197099836094,0.1572511495156862,,,,,,,SRB00040
2013-03-30,2364.92,11.45,11.19,0.0409029992374618,0.0791803517477335,0.0703685911637664,0.1718845363342784,0.0849862820075892,0.0524245459654201,0.0703924579407599,0.1304197099836094,0.1572511495156862,,,,,,,SRB00040
2013-03-31,2327.09,3.69,9.17,0.0409029992374618,0.0791803517477335,0.0703685911637664,0.1718845363342784,0.0849862820075892,0.0524245459654201,0.0703924579407599,0.1304197099836094,0.1572511495156862,,,,,,,SRB00040
2013-04-01,2403.36,2.01,3.58,0.0409029992374618,0.0791803517477335,0.0703685911637664,0.1718845363342784,0.0849862820075892,0.0524245459654201,0.0703924579407599,0.1304197099836094,0.1572511495156862,,,,,,,SRB00040
2013-04-02,2599.16,16.63,6.35,0.0409029992374618,0.0791803517477335,0.0703685911637664,0.1718845363342784,0.0849862820075892,0.0524245459654201,0.0703924579407599,0.1304197099836094,0.1572511495156862,,,,,,,SRB00040
2013-04-03,2836.92,0.7,3.89,0.0409029992374618,0.0791803517477335,0.0703685911637664,0.1718845363342784,0.0849862820075892,0.0524245459654201,0.0703924579407599,0.1304197099836094,0.1572511495156862,,,,,,,SRB00040
2013-04-04,3096.42,0.02,4.22,0.0409029992374618,0.0791803517477335,0.0703685911637664,0.1718845363342784,0.0849862820075892,0.0524245459654201,0.0703924579407599,0.1304197099836094,0.1572511495156862,12.2,0.184,2.32731754,490.0,1.5,,SRB00040
2013-04-05,3356.38,3.81,6.98,0.0409029992374618,0.0791803517477335,0.0703685911637664,0.1718845363342784,0.0849862820075892,0.0524245459654201,0.0703924579407599,0.1304197099836094,0.1572511495156862,,,,,,,SRB00040
2013-04-06,3410.93,0.91,7.27,0.0409029992374618,0.0791803517477335,0.0703685911637664,0.1718845363342784,0.0849862820075892,0.0524245459654201,0.0703924579407599,0.1304197099836094,0.1572511495156862,,,,,,,SRB00040
2013-04-07,3264.88,0.1,5.54,0.0409029992374618,0.0791803517477335,0.0703685911637664,0.1718845363342784,0.0849862820075892,0.0524245459654201,0.0703924579407599,0.1304197099836094,0.1572511495156862,,,,,,,SRB00040
2013-04-08,3053.92,0.15,5.88,0.0409029992374618,0.0791803517477335,0.0703685911637664,0.1718845363342784,0.0849862820075892,0.0524245459654201,0.0703924579407599,0.1304197099836094,0.1572511495156862,,,,,,,SRB00040
2013-04-09,2856.59,0.63,8.8,0.0409029992374618,0.0791803517477335,0.0703685911637664,0.1718845363342784,0.0849862820075892,0.0524245459654201,0.0703924579407599,0.1304197099836094,0.1572511495156862,,,,,,,SRB00040
2013-04-10,2702.96,4.66,10.16,0.0409029992374618,0.0791803517477335,0.0703685911637664,0.1718845363342784,0.0849862820075892,0.0524245459654201,0.0703924579407599,0.1304197099836094,0.1572511495156862,,,,,,,SRB00040
2013-04-11,2605.15,0.88,11.79,0.0409029992374618,0.0791803517477335,0.0703685911637664,0.1718845363342784,0.0849862820075892,0.0524245459654201,0.0703924579407599,0.1304197099836094,0.1572511495156862,,,,,,,SRB00040
2013-04-12,2534.13,2.2,13.6,0.0409029992374618,0.0791803517477335,0.0703685911637664,0.1718845363342784,0.0849862820075892,0.0524245459654201,0.0703924579407599,0.1304197099836094,0.1572511495156862,,,,,,,SRB00040
2013-04-13,2482.13,2.87,12.6,0.0409029992374618,0.0791803517477335,0.0703685911637664,0.1718845363342784,0.0849862820075892,0.0524245459654201,0.0703924579407599,0.1304197099836094,0.1572511495156862,,,,,,,SRB00040
2013-04-14,2476.42,0.0,11.53,0.0409029992374618,0.0791803517477335,0.0703685911637664,0.1718845363342784,0.0849862820075892,0.0524245459654201,0.0703924579407599,0.1304197099836094,0.1572511495156862,,,,,,,SRB00040
2013-04-15,2623.22,0.0,10.65,0.0409029992374618,0.0791803517477335,0.0703685911637664,0.1718845363342784,0.0849862820075892,0.0524245459654201,0.0703924579407599,0.1304197099836094,0.1572511495156862,,,,,,,SRB00040
2013-04-16,3012.01,0.0,12.54,0.0409029992374618,0.0791803517477335,0.0703685911637664,0.1718845363342784,0.0849862820075892,0.0524245459654201,0.0703924579407599,0.1304197099836094,0.1572511495156862,,,,,,,SRB00040
2013-04-17,3458.39,0.0,14.09,0.0409029992374618,0.0791803517477335,0.0703685911637664,0.1718845363342784,0.0849862820075892,0.0524245459654201,0.0703924579407599,0.1304197099836094,0.1572511495156862,,,,,,,SRB00040
2013-04-18,3740.11,0.0,15.78,0.0409029992374618,0.0791803517477335,0.0703685911637664,0.1718845363342784,0.0849862820075892,0.0524245459654201,0.0703924579407599,0.1304197099836094,0.1572511495156862,,,,,,,SRB00040
2013-04-19,3916.42,0.0,14.81,0.0409029992374618,0.0791803517477335,0.0703685911637664,0.1718845363342784,0.0849862820075892,0.0524245459654201,0.0703924579407599,0.1304197099836094,0.1572511495156862,,,,,,,SRB00040
2013-04-20,4158.11,0.0,15.78,0.0409029992374618,0.0791803517477335,0.0703685911637664,0.1718845363342784,0.0849862820075892,0.0524245459654201,0.0703924579407599,0.1304197099836094,0.1572511495156862,,,,,,,SRB00040
2013-04-21,4465.84,0.01,15.79,0.0409029992374618,0.0791803517477335,0.0703685911637664,0.1718845363342784,0.0849862820075892,0.0524245459654201,0.0703924579407599,0.1304197099836094,0.1572511495156862,,,,,,,SRB00040
2013-04-22,4840.72,1.53,15.66,0.0409029992374618,0.0791803517477335,0.0703685911637664,0.1718845363342784,0.0849862820075892,0.0524245459654201,0.0703924579407599,0.1304197099836094,0.1572511495156862,,,,,,,SRB00040
2013-04-23,5198.96,0.08,15.5,0.0409029992374618,0.0791803517477335,0.0703685911637664,0.1718845363342784,0.0849862820075892,0.0524245459654201,0.0703924579407599,0.1304197099836094,0.1572511495156862,,,,,,,SRB00040
2013-04-24,5356.97,0.0,17.37,0.0409029992374618,0.0791803517477335,0.0703685911637664,0.1718845363342784,0.0849862820075892,0.0524245459654201,0.0703924579407599,0.1304197099836094,0.1572511495156862,,,,,,,SRB00040
2013-04-25,5332.35,0.0,18.5,0.0409029992374618,0.0791803517477335,0.0703685911637664,0.1718845363342784,0.0849862820075892,0.0524245459654201,0.0703924579407599,0.1304197099836094,0.1572511495156862,,,,,,,SRB00040
2013-04-26,5210.95,0.0,20.55,0.0409029992374618,0.0791803517477335,0.0703685911637664,0.1718845363342784,0.0849862820075892,0.0524245459654201,0.0703924579407599,0.1304197099836094,0.1572511495156862,,,,,,,SRB00040
2013-04-27,5057.25,0.01,19.5,0.0409029992374618,0.0791803517477335,0.0703685911637664,0.1718845363342784,0.0849862820075892,0.0524245459654201,0.0703924579407599,0.1304197099836094,0.1572511495156862,,,,,,,SRB00040
2013-04-28,4896.79,0.08,19.45,0.0409029992374618,0.0791803517477335,0.0703685911637664,0.1718845363342784,0.0849862820075892,0.0524245459654201,0.0703924579407599,0.1304197099836094,0.1572511495156862,,,,,,,SRB00040
2013-04-29,4796.33,0.0,20.45,0.0409029992374618,0.0791803517477335,0.0703685911637664,0.1718845363342784,0.0849862820075892,0.0524245459654201,0.0703924579407599,0.1304197099836094,0.1572511495156862,,,,,,,SRB00040
2013-04-30,4774.29,0.03,22.56,0.0409029992374618,0.0791803517477335,0.0703685911637664,0.1718845363342784,0.0849862820075892,0.0524245459654201,0.0703924579407599,0.1304197099836094,0.1572511495156862,,,,,,,SRB00040
2013-05-01,4741.42,0.0,23.38,0.0409029992374618,0.0791803517477335,0.0703685911637664,0.1718845363342784,0.0849862820075892,0.0524245459654201,0.0703924579407599,0.1304197099836094,0.1572511495156862,,,,,,,SRB00040
2013-05-02,4654.86,2.87,22.55,0.0409029992374618,0.0791803517477335,0.0703685911637664,0.1718845363342784,0.0849862820075892,0.0524245459654201,0.0703924579407599,0.1304197099836094,0.1572511495156862,,,,,,,SRB00040
2013-05-03,4527.97,1.58,20.27,0.0409029992374618,0.0791803517477335,0.0703685911637664,0.1718845363342784,0.0849862820075892,0.0524245459654201,0.0703924579407599,0.1304197099836094,0.1572511495156862,,,,,,,SRB00040
2013-05-04,4445.31,0.19,18.89,0.0409029992374618,0.0791803517477335,0.0703685911637664,0.1718845363342784,0.0849862820075892,0.0524245459654201,0.0703924579407599,0.1304197099836094,0.1572511495156862,,,,,,,SRB00040
2013-05-05,4559.37,0.46,19.12,0.0409029992374618,0.0791803517477335,0.0703685911637664,0.1718845363342784,0.0849862820075892,0.0524245459654201,0.0703924579407599,0.1304197099836094,0.1572511495156862,,,,,,,SRB00040
2013-05-06,4942.11,13.56,19.12,0.0409029992374618,0.0791803517477335,0.0703685911637664,0.1718845363342784,0.0849862820075892,0.0524245459654201,0.0703924579407599,0.1304197099836094,0.1572511495156862,,,,,,,SRB00040
2013-05-07,5320.08,14.55,18.01,0.0409029992374618,0.0791803517477335,0.0703685911637664,0.1718845363342784,0.0849862820075892,0.0524245459654201,0.0703924579407599,0.1304197099836094,0.1572511495156862,,,,,,,SRB00040
2013-05-08,5444.03,2.49,18.55,0.0409029992374618,0.0791803517477335,0.0703685911637664,0.1718845363342784,0.0849862820075892,0.0524245459654201,0.0703924579407599,0.1304197099836094,0.1572511495156862,9.1,0.173,1.52821918,369.0,2.0,,SRB00040
2013-05-09,5356.97,0.02,17.3,0.0409029992374618,0.0791803517477335,0.0703685911637664,0.1718845363342784,0.0849862820075892,0.0524245459654201,0.0703924579407599,0.1304197099836094,0.1572511495156862,,,,,,,SRB00040
2013-05-10,5163.16,0.35,18.82,0.0409029992374618,0.0791803517477335,0.0703685911637664,0.1718845363342784,0.0849862820075892,0.0524245459654201,0.0703924579407599,0.1304197099836094,0.1572511495156862,,,,,,,SRB00040
2013-05-11,4999.34,6.42,18.66,0.0409029992374618,0.0791803517477335,0.0703685911637664,0.1718845363342784,0.0849862820075892,0.0524245459654201,0.0703924579407599,0.1304197099836094,0.1572511495156862,,,,,,,SRB00040
2013-05-12,4863.07,9.01,13.77,0.0409029992374618,0.0791803517477335,0.0703685911637664,0.1718845363342784,0.0849862820075892,0.0524245459654201,0.0703924579407599,0.1304197099836094,0.1572511495156862,,,,,,,SRB00040
2013-05-13,4840.72,0.54,12.17,0.0409029992374618,0.0791803517477335,0.0703685911637664,0.1718845363342784,0.0849862820075892,0.0524245459654201,0.0703924579407599,0.1304197099836094,0.1572511495156862,,,,,,,SRB00040
2013-05-14,5034.0,0.0,13.22,0.0409029992374618,0.0791803517477335,0.0703685911637664,0.1718845363342784,0.0849862820075892,0.0524245459654201,0.0703924579407599,0.1304197099836094,0.1572511495156862,,,,,,,SRB00040
2013-05-15,5307.84,0.0,15.88,0.0409029992374618,0.0791803517477335,0.0703685911637664,0.1718845363342784,0.0849862820075892,0.0524245459654201,0.0703924579407599,0.1304197099836094,0.1572511495156862,,,,,,,SRB00040
2013-05-16,5320.08,0.23,17.93,0.0409029992374618,0.0791803517477335,0.0703685911637664,0.1718845363342784,0.0849862820075892,0.0524245459654201,0.0703924579407599,0.1304197099836094,0.1572511495156862,,,,,,,SRB00040
2013-05-17,5115.82,5.21,18.18,0.0409029992374618,0.0791803517477335,0.0703685911637664,0.1718845363342784,0.0849862820075892,0.0524245459654201,0.0703924579407599,0.1304197099836094,0.1572511495156862,,,,,,,SRB00040
2013-05-18,4840.72,0.0,17.99,0.0409029992374618,0.0791803517477335,0.0703685911637664,0.1718845363342784,0.0849862820075892,0.0524245459654201,0.0703924579407599,0.1304197099836094,0.1572511495156862,,,,,,,SRB00040
2013-05-19,4580.42,0.19,21.22,0.0409029992374618,0.0791803517477335,0.0703685911637664,0.1718845363342784,0.0849862820075892,0.0524245459654201,0.0703924579407599,0.1304197099836094,0.1572511495156862,,,,,,,SRB00040
2013-05-20,4354.12,0.19,18.46,0.03923430429084673,0.07680120552858342,0.0675798634038017,0.16712322695569243,0.08243065432864163,0.050676074693880815,0.0703924579407599,0.1304197099836094,0.1572511495156862,,,,,,,SRB00040
2013-05-21,4186.94,8.17,16.97,0.03756560934423167,0.07442205930943334,0.064791135643837,0.16236191757710647,0.07987502664969406,0.04892760342234152,0.0703924579407599,0.1304197099836094,0.1572511495156862,,,,,,,SRB00040
2013-05-22,4091.61,6.13,15.08,0.0358969143976166,0.07204291309028327,0.0620024078838723,0.15760060819852048,0.0773193989707465,0.04717913215080224,0.0703924579407599,0.1304197099836094,0.1572511495156862,,,,,,,SRB00040
2013-05-23,4016.91,13.63,12.83,0.03422821945100153,0.06966376687113318,0.0592136801239076,0.15283929881993452,0.07476377129179894,0.045430660879262945,0.0703924579407599,0.1304197099836094,0.1572511495156862,,,,,,,SRB00040
2013-05-24,3943.57,2.19,13.88,0.03255952450438647,0.06728462065198311,0.0564249523639429,0.14807798944134856,0.07220814361285137,0.04368218960772366,0.0703924579407599,0.1304197099836094,0.1572511495156862,,,,,,,SRB00040
2013-05-25,3889.45,6.44,14.15,0.0308908295577714,0.06490547443283304,0.0536362246039782,0.1433166800627626,0.0696525159339038,0.04193371833618437,0.0703924579407599,0.1304197099836094,0.1572511495156862,,,,,,,SRB00040
2013-05-26,3880.5,9.47,11.29,0.029222134611156334,0.06252632821368295,0.0508474968440135,0.13855537068417662,0.06709688825495623,0.04018524706464508,0.0703924579407599,0.1304197099836094,0.1572511495156862,,,,,,,SRB00040
2013-05-27,3916.42,2.82,12.07,0.027553439664541268,0.06014718199453288,0.0480587690840488,0.13379406130559066,0.06454126057600866,0.038436775793105796,0.0703924579407599,0.1304197099836094,0.1572511495156862,,,,,,,SRB00040
2013-05-28,3943.57,0.31,14.23,0.0258847447179262,0.0577680357753828,0.0452700413240841,0.1290327519270047,0.0619856328970611,0.0366883045215665,0.0703924579407599,0.1304197099836094,0.1572511495156862,,,,,,,SRB00040
2013-05-29,3961.78,2.46,19.28,0.025606890109998198,0.05877808199520721,0.046232315529484494,0.12973889081440468,0.06150044258651438,0.03609424591780955,0.0703924579407599,0.1304197099836094,0.1572511495156862,,,,,,,SRB00040
2013-05-30,4016.91,7.66,15.75,0.025329035502070198,0.05978812821503163,0.047194589734884884,0.13044502970180466,0.06101525227596766,0.03550018731405259,0.0703924579407599,0.1304197099836094,0.1572511495156862,,,,,,,SRB00040
2013-05-31,4129.47,2.94,13.58,0.0250511808941422,0.06079817443485604,0.04815686394028528,0.13115116858920467,0.06053006196542094,0.034906128710295636,0.0703924579407599,0.1304197099836094,0.1572511495156862,,,,,,,SRB00040
2013-06-01,4264.8,3.3,13.26,0.0247733262862142,0.06180822065468045,0.04911913814568567,0.13185730747660465,0.060044871654874224,0.03431207010653868,0.0703924579407599,0.1304197099836094,0.1572511495156862,,,,,,,SRB00040
2013-06-02,4559.37,0.9,14.16,0.0244954716782862,0.06281826687450487,0.05008141235108607,0.13256344636400463,0.05955968134432751,0.03371801150278172,0.0703924579407599,0.1304197099836094,0.1572511495156862,,,,,,,SRB00040
2013-06-03,5753.4,0.56,14.08,0.0242176170703582,0.06382831309432928,0.05104368655648646,0.13326958525140462,0.05907449103378079,0.03312395289902476,0.0703924579407599,0.1304197099836094,0.1572511495156862,,,,,,,SRB00040
2013-06-04,8164.82,1.29,11.93,0.023939762462430198,0.06483835931415369,0.052005960761886856,0.1339757241388046,0.05858930072323407,0.03252989429526781,0.0703924579407599,0.1304197099836094,0.1572511495156862,,,,,,,SRB00040
2013-06-05,9439.61,1.35,15.68,0.0236619078545022,0.0658484055339781,0.05296823496728725,0.1346818630262046,0.05810411041268735,0.03193583569151085,0.0703924579407599,0.1304197099836094,0.1572511495156862,,,,,,,SRB00040
2013-06-06,9417.9,1.84,16.38,0.0233840532465742,0.0668584517538025,0.05393050917268764,0.1353880019136046,0.05761892010214063,0.031341777087753896,0.0703924579407599,0.1304197099836094,0.1572511495156862,,,,,,,SRB00040
2013-06-07,10114.8,8.7,17.64,0.0231061986386462,0.06786849797362693,0.05489278337808804,0.13609414080100457,0.05713372979159391,0.03074771848399694,0.0703924579407599,0.1304197099836094,0.1572511495156862,,,,,,,SRB00040
2013-06-08,10763.65,8.47,19.82,0.0228283440307182,0.06887854419345134,0.05585505758348843,0.13680027968840455,0.05664853948104719,0.03015365988023998,0.0703924579407599,0.1304197099836094,0.1572511495156862,,,,,,,SRB00040
2013-06-09,10045.15,0.11,21.24,0.0225504894227902,0.06988859041327575,0.05681733178888883,0.13750641857580453,0.056163349170500476,0.029559601276483025,0.0703924579407599,0.1304197099836094,0.1572511495156862,,,,,,,SRB00040
2013-06-10,8911.51,2.52,20.84,0.022272634814862198,0.07089863663310016,0.05777960599428922,0.13821255746320452,0.05567815885995376,0.02896554267272607,0.0703924579407599,0.1304197099836094,0.1572511495156862,8.0,0.195,1.81941604,322.0,1.7,,SRB00040
2013-06-11,7942.28,0.37,18.26,0.0219947802069342,0.07190868285292458,0.058741880199689615,0.13891869635060453,0.05519296854940704,0.02837148406896911,0.0703924579407599,0.1304197099836094,0.1572511495156862,,,,,,,SRB00040
2013-06-12,7193.49,5.51,17.77,0.0217169255990062,0.07291872907274899,0.059704154405090006,0.1396248352380045,0.05470777823886032,0.027777425465212155,0.0703924579407599,0.1304197099836094,0.1572511495156862,,,,,,,SRB00040
2013-06-13,6744.28,1.16,20.09,0.0214390709910782,0.0739287752925734,0.0606664286104904,0.1403309741254045,0.0542225879283136,0.0271833668614552,0.0703924579407599,0.1304197099836094,0.1572511495156862,,,,,,,SRB00040
2013-06-14,6575.58,0.01,21.52,0.021909805659729727,0.07113788078332856,0.05772195528965895,0.13212712108751373,0.05157145586498636,0.026295514231347857,0.0703924579407599,0.1304197099836094,0.1572511495156862,,,,,,,SRB00040
2013-06-15,6425.88,0.0,22.84,0.022380540328381257,0.06834698627408371,0.054777481968827486,0.12392326804962298,0.048920323801659116,0.025407661601240514,0.0703924579407599,0.1304197099836094,0.1572511495156862,,,,,,,SRB00040
2013-06-16,6179.16,0.0,25.39,0.022851274997032784,0.06555609176483887,0.05183300864799603,0.11571941501173222,0.046269191738331876,0.02451980897113317,0.0703924579407599,0.1304197099836094,0.1572511495156862,,,,,,,SRB00040
2013-06-17,5914.62,0.0,26.87,0.023322009665684314,0.06276519725559403,0.04888853532716457,0.10751556197384146,0.04361805967500463,0.023631956341025828,0.0703924579407599,0.1304197099836094,0.1572511495156862,,,,,,,SRB00040
2013-06-18,5753.4,0.0,27.6,0.02379274433433584,0.059974302746349184,0.045944062006333115,0.09931170893595072,0.04096692761167739,0.022744103710918485,0.0703924579407599,0.1304197099836094,0.1572511495156862,,,,,,,SRB00040
2013-06-19,5661.39,0.0,28.58,0.024263479002987372,0.05718340823710434,0.042999588685501654,0.09110785589805996,0.03831579554835014,0.021856251080811143,0.0703924579407599,0.1304197099836094,0.1572511495156862,,,,,,,SRB00040
2013-06-20,5519.78,0.0,29.15,0.0247342136716389,0.0543925137278595,0.0400551153646702,0.0829040028601692,0.0356646634850229,0.0209683984507038,0.0703924579407599,0.1304197099836094,0.1572511495156862,,,,,,,SRB00040
2013-06-21,5320.08,0.0,29.41,0.02478164401148279,0.05442239880121539,0.04016938309513173,0.0840361220355178,0.03636901650573118,0.02131458406600641,0.0703924579407599,0.1304197099836094,0.1572511495156862,,,,,,,SRB00040
2013-06-22,5092.31,1.46,29.32,0.02482907435132668,0.05445228387457128,0.040283650825593265,0.0851682412108664,0.03707336952643946,0.02166076968130902,0.0703924579407599,0.1304197099836094,0.1572511495156862,,,,,,,SRB00040
2013-06-23,4885.52,5.04,25.07,0.02487650469117057,0.05448216894792717,0.04039791855605479,0.086300360386215,0.037777722547147743,0.02200695529661163,0.0703924579407599,0.1304197099836094,0.1572511495156862,,,,,,,SRB00040
2013-06-24,4763.31,12.55,22.03,0.024923935031014463,0.05451205402128306,0.04051218628651632,0.08743247956156361,0.03848207556785603,0.02235314091191424,0.0703924579407599,0.1304197099836094,0.1572511495156862,,,,,,,SRB00040
2013-06-25,4741.42,2.18,16.25,0.024971365370858353,0.054541939094638954,0.040626454016977856,0.0885645987369122,0.03918642858856431,0.022699326527216845,0.0703924579407599,0.1304197099836094,0.1572511495156862,,,,,,,SRB00040
2013-06-26,4908.08,0.01,16.67,0.025018795710702244,0.054571824167994845,0.04074072174743939,0.0896967179122608,0.03989078160927259,0.023045512142519455,0.0703924579407599,0.1304197099836094,0.1572511495156862,,,,,,,SRB00040
2013-06-27,5394.11,0.02,16.57,0.025066226050546134,0.054601709241350736,0.040854989477900915,0.0908288370876094,0.04059513462998087,0.023391697757822065,0.0703924579407599,0.1304197099836094,0.1572511495156862,,,,,,,SRB00040
2013-06-28,6038.48,0.03,17.78,0.025113656390390024,0.05463159431470663,0.04096925720836245,0.091960956262958,0.04129948765068915,0.023737883373124675,0.0703924579407599,0.1304197099836094,0.1572511495156862,,,,,,,SRB00040
2013-06-29,6425.88,0.18,18.36,0.025161086730233914,0.05466147938806251,0.04108352493882398,0.0930930754383066,0.04200384067139743,0.024084068988427285,0.0703924579407599,0.1304197099836094,0.1572511495156862,,,,,,,SRB00040
2013-06-30,6381.64,0.72,18.98,0.025208517070077804,0.0546913644614184,0.04119779266928551,0.09422519461365521,0.04270819369210572,0.024430254603729894,0.0703924579407599,0.1304197099836094,0.1572511495156862,,,,,,,SRB00040
2013-07-01,6038.48,0.07,18.61,0.025255947409921695,0.054721249534774294,0.041312060399747046,0.0953573137890038,0.043412546712814,0.024776440219032504,0.0703924579407599,0.1304197099836094,0.1572511495156862,,,,,,,SRB00040
2013-07-02,5609.48,0.0,21.65,0.025303377749765585,0.054751134608130185,0.04142632813020857,0.0964894329643524,0.04411689973352228,0.02512262583433511,0.0703924579407599,0.1304197099836094,0.1572511495156862,,,,,,,SRB00040
2013-07-03,5247.07,0.0,22.75,0.02535080808960948,0.054781019681486076,0.041540595860670104,0.097621552139701,0.04482125275423056,0.02546881144963772,0.0703924579407599,0.1304197099836094,0.1572511495156862,8.7,0.142,1.2979705,354.0,2.3,,SRB00040
2013-07-04,4964.92,0.0,24.67,0.02539823842945337,0.05481090475484197,0.04165486359113164,0.0987536713150496,0.04552560577493884,0.02581499706494033,0.0703924579407599,0.1304197099836094,0.1572511495156862,,,,,,,SRB00040
2013-07-05,4708.77,0.2,24.95,0.02544566876929726,0.05484078982819786,0.04176913132159317,0.0998857904903982,0.04622995879564712,0.02616118268024294,0.0703924579407599,0.1304197099836094,0.1572511495156862,,,,,,,SRB00040
2013-07-06,4496.8,3.49,24.72,0.02549309910914115,0.05487067490155375,0.041883399052054696,0.10101790966574681,0.046934311816355406,0.02650736829554555,0.0703924579407599,0.1304197099836094,0.1572511495156862,,,,,,,SRB00040
2013-07-07,4404.55,6.94,24.46,0.02554052944898504,0.05490055997490964,0.04199766678251623,0.1021500288410954,0.047638664837063686,0.02685355391084816,0.0703924579407599,0.1304197099836094,0.1572511495156862,,,,,,,SRB00040
2013-07-08,4435.09,1.18,23.95,0.02558795978882893,0.05493044504826553,0.04211193451297776,0.103282148016444,0.04834301785777197,0.02719973952615077,0.0703924579407599,0.1304197099836094,0.1572511495156862,,,,,,,SRB00040
2013-07-09,4445.31,3.97,24.05,0.02563539012867282,0.05496033012162142,0.042226202243439294,0.1044142671917926,0.04904737087848025,0.02754592514145338,0.0703924579407599,0.1304197099836094,0.1572511495156862,,,,,,,SRB00040
2013-07-10,4384.31,1.24,24.84,0.025682820468516714,0.054990215194977314,0.04234046997390083,0.1055463863671412,0.04975172389918853,0.02789211075675599,0.0703924579407599,0.1304197099836094,0.1572511495156862,,,,,,,SRB00040
2013-07-11,4245.2,2.95,24.22,0.025730250808360604,0.055020100268333205,0.04245473770436235,0.1066785055424898,0.05045607691989681,0.028238296372058595,0.0703924579407599,0.1304197099836094,0.1572511495156862,,,,,,,SRB00040
2013-07-12,4044.76,0.0,21.13,0.025777681148204494,0.055049985341689096,0.042569005434823885,0.1078106247178384,0.05116042994060509,0.028584481987361205,0.0703924579407599,0.1304197099836094,0.1572511495156862,,,,,,,SRB00040
2013-07-13,3853.78,0.0,21.61,0.025825111488048384,0.05507987041504499,0.04268327316528542,0.108942743893187,0.051864782961313374,0.028930667602663815,0.0703924579407599,0.1304197099836094,0.1572511495156862,,,,,,,SRB00040
2013-07-14,3688.78,0.0,22.2,0.025872541827892274,0.05510975548840087,0.04279754089574695,0.1100748630685356,0.052569135982021654,0.029276853217966425,0.0703924579407599,0.1304197099836094,0.1572511495156862,,,,,,,SRB00040
2013-07-15,3563.51,2.51,21.7,0.025919972167736165,0.05513964056175676,0.042911808626208484,0.1112069822438842,0.053273489002729935,0.029623038833269034,0.0703924579407599,0.1304197099836094,0.1572511495156862,,,,,,,SRB00040
2013-07-16,3458.39,0.09,20.8,0.025967402507580055,0.055169525635112654,0.04302607635667001,0.1123391014192328,0.053977842023438215,0.029969224448571644,0.0703924579407599,0.1304197099836094,0.1572511495156862,,,,,,,SRB00040
2013-07-17,3340.95,0.0,23.74,0.026014832847423945,0.055199410708468545,0.04314034408713154,0.1134712205945814,0.054682195044146495,0.030315410063874254,0.0703924579407599,0.1304197099836094,0.1572511495156862,,,,,,,SRB00040
2013-07-18,3190.54,0.0,25.71,0.026062263187267835,0.055229295781824436,0.043254611817593075,0.11460333976993,0.055386548064854775,0.03066159567917686,0.0703924579407599,0.1304197099836094,0.1572511495156862,,,,,,,SRB00040
2013-07-19,3032.89,0.17,26.59,0.02610969352711173,0.05525918085518033,0.04336887954805461,0.1157354589452786,0.05609090108556306,0.03100778129447947,0.0703924579407599,0.1304197099836094,0.1572511495156862,,,,,,,SRB00040
2013-07-20,2889.68,0.18,26.49,0.02615712386695562,0.05528906592853622,0.043483147278516134,0.1168675781206272,0.05679525410627134,0.03135396690978208,0.0703924579407599,0.1304197099836094,0.1572511495156862,,,,,,,SRB00040
2013-07-21,2772.32,0.0,23.56,0.02620455420679951,0.05531895100189211,0.043597415008977666,0.1179996972959758,0.05749960712697962,0.03170015252508469,0.0703924579407599,0.1304197099836094,0.1572511495156862,,,,,,,SRB00040
2013-07-22,2672.01,0.0,23.96,0.0262519845466434,0.055348836075248,0.0437116827394392,0.1191318164713244,0.0582039601476879,0.0320463381403873,0.0703924579407599,0.1304197099836094,0.1572511495156862,,,,,,,SRB00040
2013-07-23,2593.18,0.0,25.31,0.026227131968829382,0.05504615519272568,0.042986364988053874,0.12115198436964421,0.059295724795415505,0.032430361406062376,0.0703924579407599,0.1304197099836094,0.1572511495156862,,,,,,,SRB00040
2013-07-24,2522.48,0.0,27.0,0.026202279391015368,0.05474347431020336,0.042261047236668556,0.12317215226796402,0.060387489443143115,0.03281438467173745,0.0703924579407599,0.1304197099836094,0.1572511495156862,,,,,,,SRB00040
2013-07-25,2465.04,0.05,26.81,0.02617742681320135,0.05444079342768105,0.04153572948528323,0.12519232016628382,0.06147925409087072,0.033198407937412536,0.0703924579407599,0.1304197099836094,0.1572511495156862,,,,,,,SRB00040
2013-07-26,2408.91,0.0,27.55,0.026152574235387333,0.05413811254515873,0.04081041173389791,0.12721248806460364,0.06257101873859833,0.03358243120308761,0.0703924579407599,0.1304197099836094,0.1572511495156862,,,,,,,SRB00040
2013-07-27,2348.63,0.0,29.3,0.02612772165757332,0.053835431662636414,0.04008509398251259,0.12923265596292344,0.06366278338632593,0.03396645446876269,0.0703924579407599,0.1304197099836094,0.1572511495156862,,,,,,,SRB00040
2013-07-28,2295.15,0.0,29.82,0.0261028690797593,0.053532750780114095,0.03935977623112727,0.13125282386124326,0.06475454803405353,0.034350477734437765,0.0703924579407599,0.1304197099836094,0.1572511495156862,,,,,,,SRB00040
2013-07-29,2253.24,0.03,31.64,0.026078016501945283,0.053230069897591784,0.038634458479741944,0.13327299175956306,0.06584631268178115,0.03473450100011285,0.0703924579407599,0.1304197099836094,0.1572511495156862,,,,,,,SRB00040
2013-07-30,2227.44,5.28,24.52,0.02605316392413127,0.052927389015069465,0.03790914072835662,0.13529315965788286,0.06693807732950875,0.035118524265787925,0.0703924579407599,0.1304197099836094,0.1572511495156862,,,,,,,SRB00040
2013-07-31,2201.93,0.0,24.84,0.02602831134631725,0.052624708132547146,0.0371838229769713,0.13731332755620268,0.06802984197723635,0.035502547531463,0.0703924579407599,0.1304197099836094,0.1572511495156862,,,,,,,SRB00040
2013-08-01,2176.71,0.0,26.33,0.025783226774970514,0.052301984321745223,0.037331720221768346,0.1379444180646395,0.06838171796567875,0.035832526024964347,0.0703924579407599,0.1304197099836094,0.1572511495156862,,,,,,,SRB00040
2013-08-02,2166.7,0.0,28.02,0.02553814220362378,0.05197926051094331,0.03747961746656538,0.13857550857307632,0.06873359395412114,0.036162504518465685,0.0703924579407599,0.1304197099836094,0.1572511495156862,,,,,,,SRB00040
2013-08-03,2242.88,0.0,29.99,0.025293057632277044,0.051656536700141385,0.03762751471136243,0.13920659908151314,0.06908546994256354,0.03649248301196703,0.0703924579407599,0.1304197099836094,0.1572511495156862,,,,,,,SRB00040
2013-08-04,2397.83,0.0,30.52,0.025047973060930307,0.05133381288933946,0.03777541195615947,0.13983768958994994,0.06943734593100592,0.03682246150546837,0.0703924579407599,0.1304197099836094,0.1572511495156862,,,,,,,SRB00040
2013-08-05,2465.04,0.0,28.94,0.02480288848958357,0.05101108907853754,0.03792330920095652,0.14046878009838676,0.06978922191944832,0.037152439998969715,0.0703924579407599,0.1304197099836094,0.1572511495156862,,,,,,,SRB00040
2013-08-06,2397.83,0.0,30.42,0.024557803918236837,0.050688365267735624,0.038071206445753555,0.14109987060682358,0.0701410979078907,0.037482418492471054,0.0703924579407599,0.1304197099836094,0.1572511495156862,,,,,,,SRB00040
2013-08-07,2284.6,0.0,29.98,0.0243127193468901,0.0503656414569337,0.0382191036905506,0.1417309611152604,0.0704929738963331,0.0378123969859724,0.0703924579407599,0.1304197099836094,0.1572511495156862,10.1,0.094,0.70880476,367.0,4.0,,SRB00040
2013-08-08,2181.73,0.0,31.14,0.024597536286461455,0.05088295949780357,0.038398821040892074,0.14427723035429965,0.07086619414193884,0.03783805848799713,0.0703924579407599,0.1304197099836094,0.1572511495156862,,,,,,,SRB00040
2013-08-09,2107.63,0.0,31.09,0.02488235322603281,0.05140027753867343,0.03857853839123355,0.1468234995933389,0.07123941438754457,0.03786371999002187,0.0703924579407599,0.1304197099836094,0.1572511495156862,,,,,,,SRB00040
2013-08-10,2059.63,0.14,26.08,0.02516717016560417,0.0519175955795433,0.038758255741575015,0.14936976883237812,0.0716126346331503,0.0378893814920466,0.0703924579407599,0.1304197099836094,0.1572511495156862,,,,,,,SRB00040
2013-08-11,2045.45,0.01,24.17,0.025451987105175523,0.052434913620413165,0.03893797309191649,0.15191603807141738,0.07198585487875604,0.037915042994071335,0.0703924579407599,0.1304197099836094,0.1572511495156862,,,,,,,SRB00040
2013-08-12,2054.89,0.0,26.04,0.02573680404474688,0.05295223166128304,0.03911769044225796,0.15446230731045663,0.07235907512436177,0.037940704496096066,0.0703924579407599,0.1304197099836094,0.1572511495156862,,,,,,,SRB00040
2013-08-13,2151.78,0.19,28.15,0.026021620984318233,0.0534695497021529,0.03929740779259944,0.15700857654949588,0.0727322953699675,0.0379663659981208,0.0703924579407599,0.1304197099836094,0.1572511495156862,,,,,,,SRB00040
2013-08-14,2442.43,0.09,24.22,0.026306437923889592,0.05398686774302277,0.039477125142940904,0.1595548457885351,0.07310551561557324,0.037992027500145534,0.0703924579407599,0.1304197099836094,0.1572511495156862,,,,,,,SRB00040
2013-08-15,2765.94,0.01,22.84,0.026591254863460947,0.054504185783892635,0.03965684249328238,0.16210111502757435,0.07347873586117896,0.03801768900217027,0.0703924579407599,0.1304197099836094,0.1572511495156862,,,,,,,SRB00040
2013-08-16,2817.38,0.0,23.52,0.026876071803032302,0.0550215038247625,0.03983655984362385,0.1646473842666136,0.0738519561067847,0.038043350504195,0.0703924579407599,0.1304197099836094,0.1572511495156862,,,,,,,SRB00040
2013-08-17,2696.74,0.0,25.21,0.02711537210278096,0.0563908503524106,0.04092260941750809,0.17011791809034457,0.07508555312861717,0.03836826200207787,0.0703924579407599,0.1304197099836094,0.1572511495156862,,,,,,,SRB00040
2013-08-18,2551.7,0.0,27.47,0.027354672402529614,0.0577601968800587,0.04200865899139232,0.17558845191407554,0.07631915015044964,0.038693173499960744,0.0703924579407599,0.1304197099836094,0.1572511495156862,,,,,,,SRB00040
2013-08-19,2420.03,0.02,28.68,0.02759397270227827,0.0591295434077068,0.04309470856527656,0.18105898573780652,0.07755274717228211,0.039018084997843615,0.0703924579407599,0.1304197099836094,0.1572511495156862,,,,,,,SRB00040
2013-08-20,2295.15,0.3,26.62,0.02783327300202693,0.060498889935354905,0.044180758139160795,0.1865295195615375,0.0787863441941146,0.039342996495726486,0.0703924579407599,0.1304197099836094,0.1572511495156862,,,,,,,SRB00040
2013-08-21,2171.7,1.96,23.01,0.028072573301775587,0.061868236463003004,0.04526680771304503,0.19200005338526846,0.08001994121594706,0.03966790799360936,0.0703924579407599,0.1304197099836094,0.1572511495156862,,,,,,,SRB00040
2013-08-22,2064.38,0.45,23.98,0.02831187360152424,0.0632375829906511,0.04635285728692926,0.19747058720899943,0.08125353823777953,0.03999281949149223,0.0703924579407599,0.1304197099836094,0.1572511495156862,,,,,,,SRB00040
2013-08-23,2012.72,0.02,24.8,0.0285511739012729,0.0646069295182992,0.0474389068608135,0.2029411210327304,0.082487135259612,0.0403177309893751,0.0703924579407599,0.1304197099836094,0.1572511495156862,,,,,,,SRB00040
2013-08-24,2083.49,3.31,22.28,0.02822997873847216,0.0636779825619889,0.046468818591719134,0.19743970030250318,0.0803206255890168,0.03918421167647976,0.0703924579407599,0.1304197099836094,0.1572511495156862,,,,,,,SRB00040
2013-08-25,2253.24,4.47,22.37,0.027908783575671423,0.06274903560567859,0.04549873032262477,0.191938279572276,0.07815411591842159,0.03805069236358441,0.0703924579407599,0.1304197099836094,0.1572511495156862,,,,,,,SRB00040
2013-08-26,2337.84,1.86,21.63,0.027587588412870682,0.061820088649368284,0.0445286420535304,0.18643685884204877,0.07598760624782638,0.03691717305068907,0.0703924579407599,0.1304197099836094,0.1572511495156862,,,,,,,SRB00040
2013-08-27,2332.46,0.09,21.05,0.027266393250069944,0.06089114169305798,0.04355855378443604,0.18093543811182158,0.07382109657723118,0.03578365373779372,0.0703924579407599,0.1304197099836094,0.1572511495156862,,,,,,,SRB00040
2013-08-28,2321.74,9.26,20.75,0.026945198087269206,0.05996219473674767,0.042588465515341664,0.17543401738159436,0.07165458690663597,0.03465013442489838,0.0703924579407599,0.1304197099836094,0.1572511495156862,,,,,,,SRB00040
2013-08-29,2408.91,5.48,19.65,0.026624002924468468,0.05903324778043737,0.0416183772462473,0.16993259665136717,0.06948807723604077,0.03351661511200303,0.0703924579407599,0.1304197099836094,0.1572511495156862,,,,,,,SRB00040
2013-08-30,2702.96,0.47,19.83,0.026302807761667726,0.05810430082412706,0.04064828897715293,0.16443117592113995,0.06732156756544556,0.03238309579910769,0.0703924579407599,0.1304197099836094,0.1572511495156862,,,,,,,SRB00040
2013-08-31,3039.89,0.0,20.8,0.02598161259886699,0.05717535386781676,0.03967820070805857,0.15892975519091274,0.06515505789485035,0.031249576486212346,0.0703924579407599,0.1304197099836094,0.1572511495156862,,,,,,,SRB00040
2013-09-01,3272.41,0.01,21.17,0.02566041743606625,0.05624640691150645,0.0387081124389642,0.15342833446068554,0.06298854822425515,0.030116057173317,0.0703924579407599,0.1304197099836094,0.1572511495156862,,,,,,,SRB00040
2013-09-02,3418.79,0.0,17.91,0.0260904875072522,0.056173813270808615,0.03885542097153134,0.1522876984139074,0.06289526964812106,0.0302279443421667,0.0703924579407599,0.1304197099836094,0.1572511495156862,,,,,,,SRB00040
2013-09-03,3348.66,0.02,19.3,0.02652055757843815,0.056101219630110784,0.039002729504098485,0.15114706236712924,0.06280199107198696,0.0303398315110164,0.0703924579407599,0.1304197099836094,0.1572511495156862,,,,,,,SRB00040
2013-09-04,3125.08,0.0,19.06,0.026950627649624102,0.056028625989412946,0.03915003803666563,0.1500064263203511,0.06270871249585287,0.0304517186798661,0.0703924579407599,0.1304197099836094,0.1572511495156862,,,,,,,SRB00040
2013-09-05,2896.34,0.0,20.21,0.02738069772081005,0.05595603234871511,0.039297346569232776,0.14886579027357294,0.06261543391971879,0.0305636058487158,0.0703924579407599,0.1304197099836094,0.1572511495156862,,,,,,,SRB00040
2013-09-06,2740.57,0.0,19.51,0.027810767791996,0.05588343870801727,0.03944465510179992,0.1477251542267948,0.06252215534358468,0.0306754930175655,0.0703924579407599,0.1304197099836094,0.1572511495156862,,,,,,,SRB00040
2013-09-07,2635.33,0.0,19.14,0.02824083786318195,0.05581084506731944,0.03959196363436706,0.14658451818001664,0.0624288767674506,0.0307873801864152,0.0703924579407599,0.1304197099836094,0.1572511495156862,,,,,,,SRB00040
2013-09-08,2505.11,0.0,20.4,0.0286709079343679,0.0557382514266216,0.0397392721669342,0.1454438821332385,0.0623355981913165,0.0308992673552649,0.0703924579407599,0.1304197099836094,0.1572511495156862,,,,,,,SRB00040
2013-09-09,2354.05,1.0,18.87,0.02939000784746067,0.056735323615394385,0.04121299226292335,0.14520217685902628,0.06189256473926966,0.030564728494427647,0.0703924579407599,0.1304197099836094,0.1572511495156862,,,,,,,SRB00040
2013-09-10,2217.2,1.41,19.88,0.03010910776055344,0.05773239580416716,0.04268671235891249,0.14496047158481407,0.06144953128722283,0.0302301896335904,0.0703924579407599,0.1304197099836094,0.1572511495156862,,,,,,,SRB00040
2013-09-11,2107.63,0.79,19.58,0.030828207673646208,0.058729467992939946,0.04416043245490163,0.14471876631060185,0.06100649783517599,0.02989565077275315,0.0703924579407599,0.1304197099836094,0.1572511495156862,,,,,,,SRB00040
2013-09-12,2045.45,4.16,16.84,0.031547307586738974,0.05972654018171272,0.045634152550890775,0.14447706103638963,0.06056346438312915,0.029561111911915898,0.0703924579407599,0.1304197099836094,0.1572511495156862,,,,,,,SRB00040
2013-09-13,2045.45,3.29,15.11,0.03226640749983174,0.06072361237048551,0.04710787264687992,0.14423535576217741,0.06012043093108232,0.02922657305107865,0.0703924579407599,0.1304197099836094,0.1572511495156862,,,,,,,SRB00040
2013-09-14,2161.72,0.57,15.71,0.03298550741292451,0.06172068455925829,0.048581592742869065,0.1439936504879652,0.05967739747903548,0.0288920341902414,0.0703924579407599,0.1304197099836094,0.1572511495156862,,,,,,,SRB00040
2013-09-15,2403.36,0.03,17.96,0.03370460732601728,0.06271775674803107,0.05005531283885821,0.14375194521375298,0.05923436402698864,0.02855749532940415,0.0703924579407599,0.1304197099836094,0.1572511495156862,,,,,,,SRB00040
2013-09-16,2653.61,0.02,21.29,0.03442370723911005,0.06371482893680386,0.051529032934847355,0.14351023993954076,0.058791330574941805,0.0282229564685669,0.0703924579407599,0.1304197099836094,0.1572511495156862,,,,,,,SRB00040
2013-09-17,2850.02,4.84,14.04,0.03514280715220282,0.06471190112557663,0.05300275303083649,0.14326853466532852,0.058348297122894965,0.02788841760772965,0.0703924579407599,0.1304197099836094,0.1572511495156862,,,,,,,SRB00040
2013-09-18,3046.89,0.0,13.64,0.03586190706529559,0.06570897331434941,0.05447647312682564,0.1430268293911163,0.057905263670848126,0.0275538787468924,0.0703924579407599,0.1304197099836094,0.1572511495156862,,,,,,,SRB00040
2013-09-19,3227.49,5.0,14.26,0.036581006978388356,0.06670604550312219,0.05595019322281478,0.14278512411690408,0.057462230218801286,0.027219339886055148,0.0703924579407599,0.1304197099836094,0.1572511495156862,,,,,,,SRB00040
2013-09-20,3514.6,0.0,14.99,0.037300106891481125,0.06770311769189498,0.05742391331880393,0.14254341884269187,0.05701919676675445,0.0268848010252179,0.0703924579407599,0.1304197099836094,0.1572511495156862,,,,,,,SRB00040
2013-09-21,4072.8,0.4,15.74,0.03801920680457389,0.06870018988066776,0.05889763341479307,0.14230171356847965,0.05657616331470761,0.02655026216438065,0.0703924579407599,0.1304197099836094,0.1572511495156862,,,,,,,SRB00040
2013-09-22,4719.63,0.0,14.95,0.03873830671766666,0.06969726206944053,0.06037135351078221,0.14206000829426743,0.05613312986266077,0.0262157233035434,0.0703924579407599,0.1304197099836094,0.1572511495156862,,,,,,,SRB00040
2013-09-23,4930.74,0.0,15.58,0.03945740663075943,0.07069433425821332,0.061845073606771356,0.14181830302005521,0.05569009641061394,0.02588118444270615,0.0703924579407599,0.1304197099836094,0.1572511495156862,,,,,,,SRB00040
2013-09-24,4676.35,0.0,17.28,0.0401765065438522,0.0716914064469861,0.0633187937027605,0.141576597745843,0.0552470629585671,0.0255466455818689,0.0703924579407599,0.1304197099836094,0.1572511495156862,,,,,,,SRB00040
2013-09-25,4294.36,0.0,18.42,0.03994498187918784,0.07134791983671401,0.06269244241524646,0.14084459448202027,0.05567875692890113,0.025962108976697994,0.0703924579407599,0.1304197099836094,0.1572511495156862,,,,,,,SRB00040
2013-09-26,3925.45,1.61,19.83,0.039713457214523476,0.07100443322644193,0.06206609112773242,0.14011259121819752,0.056110450899235165,0.02637757237152709,0.0703924579407599,0.1304197099836094,0.1572511495156862,,,,,,,SRB00040
2013-09-27,3604.79,1.7,14.11,0.039481932549859114,0.07066094661616985,0.06143973984021838,0.1393805879543748,0.0565421448695692,0.026793035766356183,0.0703924579407599,0.1304197099836094,0.1572511495156862,,,,,,,SRB00040
2013-09-28,3310.31,1.78,14.78,0.03925040788519475,0.07031746000589777,0.060813388552704344,0.13864858469055208,0.05697383883990323,0.027208499161185278,0.0703924579407599,0.1304197099836094,0.1572511495156862,,,,,,,SRB00040
2013-09-29,3068.02,17.12,12.27,0.03901888322053039,0.06997397339562568,0.0601870372651903,0.13791658142672933,0.05740553281023726,0.02762396255601437,0.0703924579407599,0.1304197099836094,0.1572511495156862,,,,,,,SRB00040
2013-09-30,2936.65,23.69,11.29,0.03878735855586603,0.06963048678535359,0.05956068597767626,0.1371845781629066,0.057837226780571294,0.028039425950843463,0.0703924579407599,0.1304197099836094,0.1572511495156862,,,,,,,SRB00040
2013-10-01,2943.42,3.89,11.21,0.038555833891201666,0.0692870001750815,0.058934334690162224,0.13645257489908388,0.05826892075090532,0.028454889345672557,0.0703924579407599,0.1304197099836094,0.1572511495156862,,,,,,,SRB00040
2013-10-02,3039.89,0.71,9.49,0.038324309226537304,0.06894351356480943,0.058307983402648186,0.13572057163526113,0.05870061472123935,0.02887035274050165,0.0703924579407599,0.1304197099836094,0.1572511495156862,9.8,0.098,1.55982194,401.0,2.7,,SRB00040
2013-10-03,3046.89,0.0,6.11,0.03809278456187294,0.06860002695453735,0.05768163211513414,0.1349885683714384,0.05913230869157338,0.029285816135330746,0.0703924579407599,0.1304197099836094,0.1572511495156862,,,,,,,SRB00040
2013-10-04,2936.65,0.0,5.89,0.03786125989720858,0.06825654034426526,0.057055280827620104,0.1342565651076157,0.059564002661907416,0.02970127953015984,0.0703924579407599,0.1304197099836094,0.1572511495156862,,,,,,,SRB00040
2013-10-05,2804.43,0.0,7.82,0.03762973523254422,0.06791305373399317,0.05642892954010607,0.13352456184379294,0.05999569663224145,0.030116742924988935,0.0703924579407599,0.1304197099836094,0.1572511495156862,,,,,,,SRB00040
2013-10-06,2696.74,0.0,9.93,0.037398210567879855,0.06756956712372109,0.05580257825259202,0.13279255857997022,0.06042739060257548,0.030532206319818025,0.0703924579407599,0.1304197099836094,0.1572511495156862,,,,,,,SRB00040
2013-10-07,2587.21,0.0,11.81,0.03716668590321549,0.06722608051344901,0.055176226965077985,0.1320605553161475,0.06085908457290951,0.03094766971464712,0.0703924579407599,0.1304197099836094,0.1572511495156862,,,,,,,SRB00040
2013-10-08,2459.37,0.28,13.99,0.03693516123855113,0.06688259390317693,0.05454987567756395,0.13132855205232477,0.061290778543243545,0.031363133109476214,0.0703924579407599,0.1304197099836094,0.1572511495156862,,,,,,,SRB00040
2013-10-09,2332.46,4.17,14.44,0.03670363657388677,0.06653910729290484,0.0539235243900499,0.13059654878850202,0.06172247251357758,0.03177859650430531,0.0703924579407599,0.1304197099836094,0.1572511495156862,9.8,0.103,1.3995508,411.0,1.0,,SRB00040
2013-10-10,2232.57,1.96,15.21,0.03647211190922241,0.06619562068263275,0.053297173102535865,0.1298645455246793,0.06215416648391161,0.0321940598991344,0.0703924579407599,0.1304197099836094,0.1572511495156862,,,,,,,SRB00040
2013-10-11,2176.71,0.56,17.81,0.036240587244558045,0.06585213407236067,0.05267082181502183,0.12913254226085658,0.06258586045424563,0.032609523293963494,0.0703924579407599,0.1304197099836094,0.1572511495156862,,,,,,,SRB00040
2013-10-12,2151.78,0.37,17.88,0.03600906257989368,0.06550864746208859,0.05204447052750778,0.12840053899703383,0.06301755442457967,0.03302498668879259,0.0703924579407599,0.1304197099836094,0.1572511495156862,,,,,,,SRB00040
2013-10-13,2136.96,0.13,17.98,0.03577753791522932,0.0651651608518165,0.051418119239993745,0.1276685357332111,0.0634492483949137,0.03344045008362168,0.0703924579407599,0.1304197099836094,0.1572511495156862,,,,,,,SRB00040
2013-10-14,2201.93,0.45,17.0,0.03554601325056496,0.06482167424154442,0.05079176795247971,0.12693653246938838,0.06388094236524773,0.03385591347845078,0.0703924579407599,0.1304197099836094,0.1572511495156862,,,,,,,SRB00040
2013-10-15,2482.13,1.24,17.13,0.0353144885859006,0.06447818763127233,0.05016541666496566,0.12620452920556563,0.06431263633558176,0.03427137687327987,0.0703924579407599,0.1304197099836094,0.1572511495156862,,,,,,,SRB00040
2013-10-16,2876.4,7.81,12.16,0.035082963921236235,0.06413470102100025,0.049539065377451626,0.1254725259417429,0.0647443303059158,0.03468684026810897,0.0703924579407599,0.1304197099836094,0.1572511495156862,,,,,,,SRB00040
2013-10-17,3039.89,4.32,12.44,0.03485143925657187,0.06379121441072817,0.04891271408993759,0.12474052267792017,0.06517602427624983,0.03510230366293806,0.0703924579407599,0.1304197099836094,0.1572511495156862,,,,,,,SRB00040
2013-10-18,2984.38,0.0,11.55,0.03461991459190751,0.06344772780045609,0.048286362802423544,0.12400851941409745,0.06560771824658386,0.03551776705776716,0.0703924579407599,0.1304197099836094,0.1572511495156862,,,,,,,SRB00040
2013-10-19,2903.02,0.0,11.36,0.03438838992724315,0.063104241190184,0.047660011514909506,0.12327651615027471,0.06603941221691789,0.03593323045259625,0.0703924579407599,0.1304197099836094,0.1572511495156862,,,,,,,SRB00040
2013-10-20,2923.15,0.0,14.88,0.03302435589884593,0.06182014963892913,0.046673142844901136,0.12069728461790169,0.0655540022438703,0.03538777369383866,0.0703924579407599,0.1304197099836094,0.1572511495156862,,,,,,,SRB00040
2013-10-21,3053.92,0.07,16.24,0.031660321870448704,0.060536058087674254,0.04568627417489276,0.11811805308552868,0.06506859227082269,0.034842316935081066,0.0703924579407599,0.1304197099836094,0.1572511495156862,,,,,,,SRB00040
2013-10-22,3117.89,0.04,16.84,0.030296287842051486,0.059251966536419384,0.04469940550488439,0.11553882155315566,0.0645831822977751,0.034296860176323475,0.0703924579407599,0.1304197099836094,0.1572511495156862,,,,,,,SRB00040
2013-10-23,3018.95,0.0,18.13,0.028932253813654264,0.057967874985164515,0.04371253683487602,0.11295959002078265,0.06409777232472749,0.03375140341756588,0.0703924579407599,0.1304197099836094,0.1572511495156862,,,,,,,SRB00040
2013-10-24,2850.02,0.0,18.09,0.027568219785257045,0.056683783433909646,0.04272566816486765,0.11038035848840963,0.0636123623516799,0.033205946658808286,0.0703924579407599,0.1304197099836094,0.1572511495156862,,,,,,,SRB00040
2013-10-25,2672.01,0.0,17.69,0.026204185756859823,0.05539969188265477,0.04173879949485927,0.10780112695603662,0.06312695237863229,0.032660489900050695,0.0703924579407599,0.1304197099836094,0.1572511495156862,,,,,,,SRB00040
2013-10-26,2522.48,0.0,17.68,0.0248401517284626,0.0541156003313999,0.0407519308248509,0.1052218954236636,0.0626415424055847,0.0321150331412931,0.0703924579407599,0.1304197099836094,0.1572511495156862,,,,,,,SRB00040
2013-10-27,2408.91,0.0,17.08,0.024789324432043302,0.05370997986444319,0.040610138029010256,0.10302502313219265,0.0617347858296902,0.031979795582970344,0.0703924579407599,0.1304197099836094,0.1572511495156862,,,,,,,SRB00040
2013-10-28,2354.05,0.01,17.16,0.024738497135624,0.05330435939748648,0.04046834523316961,0.1008281508407217,0.0608280292537957,0.031844558024647585,0.0703924579407599,0.1304197099836094,0.1572511495156862,,,,,,,SRB00040
2013-10-29,2359.48,0.0,17.62,0.0246876698392047,0.052898738930529765,0.040326552437328966,0.09863127854925077,0.0599212726779012,0.031709320466324825,0.0703924579407599,0.1304197099836094,0.1572511495156862,,,,,,,SRB00040
2013-10-30,2381.32,0.0,14.02,0.0246368425427854,0.05249311846357305,0.04018475964148833,0.09643440625777983,0.0590145161020067,0.031574082908002066,0.0703924579407599,0.1304197099836094,0.1572511495156862,,,,,,,SRB00040
2013-10-31,2348.63,0.0,11.84,0.0245860152463661,0.05208749799661634,0.04004296684564768,0.09423753396630888,0.0581077595261122,0.0314388453496793,0.0703924579407599,0.1304197099836094,0.1572511495156862,,,,,,,SRB00040
2013-11-01,2274.1,0.02,12.61,0.024535187949946802,0.05168187752965963,0.03990117404980704,0.09204066167483793,0.0572010029502177,0.03130360779135654,0.0703924579407599,0.1304197099836094,0.1572511495156862,,,,,,,SRB00040
2013-11-02,2222.31,0.31,14.03,0.0244843606535275,0.05127625706270292,0.03975938125396639,0.089843789383367,0.0562942463743232,0.031168370233033784,0.0703924579407599,0.1304197099836094,0.1572511495156862,,,,,,,SRB00040
2013-11-03,2253.24,3.83,16.46,0.0244335333571082,0.050870636595746206,0.03961758845812575,0.08764691709189605,0.055387489798428696,0.03103313267471102,0.0703924579407599,0.1304197099836094,0.1572511495156862,,,,,,,SRB00040
2013-11-04,2392.32,0.39,14.19,0.0243827060606889,0.050465016128789494,0.0394757956622851,0.0854500448004251,0.054480733222534196,0.030897895116388262,0.0703924579407599,0.1304197099836094,0.1572511495156862,,,,,,,SRB00040
2013-11-05,2516.68,10.23,14.88,0.0243318787642696,0.05005939566183278,0.039334002866444465,0.08325317250895416,0.053573976646639695,0.030762657558065502,0.0703924579407599,0.1304197099836094,0.1572511495156862,,,,,,,SRB00040
2013-11-06,2534.13,2.44,8.57,0.0242810514678503,0.04965377519487607,0.03919221007060382,0.08105630021748321,0.0526672200707452,0.030627419999742743,0.0703924579407599,0.1304197099836094,0.1572511495156862,,,,,,,SRB00040
2013-11-07,2528.3,0.01,10.83,0.024230224171431,0.04924815472791936,0.039050417274763174,0.07885942792601228,0.0517604634948507,0.030492182441419984,0.0703924579407599,0.1304197099836094,0.1572511495156862,9.8,0.087,1.50790312,438.0,1.1,,SRB00040
2013-11-08,2605.15,0.0,12.6,0.0241793968750117,0.04884253426096264,0.03890862447892253,0.07666255563454133,0.0508537069189562,0.03035694488309722,0.0703924579407599,0.1304197099836094,0.1572511495156862,,,,,,,SRB00040
2013-11-09,2740.57,0.31,13.77,0.0241285695785924,0.04843691379400593,0.038766831683081884,0.07446568334307038,0.0499469503430617,0.03022170732477446,0.0703924579407599,0.1304197099836094,0.1572511495156862,,,,,,,SRB00040
2013-11-10,2923.15,1.7,12.19,0.0240777422821731,0.04803129332704922,0.03862503888724124,0.07226881105159944,0.0490401937671672,0.030086469766451702,0.0703924579407599,0.1304197099836094,0.1572511495156862,,,,,,,SRB00040
2013-11-11,3168.57,3.04,11.46,0.0240269149857538,0.047625672860092505,0.0384832460914006,0.07007193876012849,0.0481334371912727,0.029951232208128942,0.0703924579407599,0.1304197099836094,0.1572511495156862,,,,,,,SRB00040
2013-11-12,3333.26,0.26,8.82,0.0239760876893345,0.04722005239313579,0.038341453295559956,0.06787506646865755,0.0472266806153782,0.029815994649806183,0.0703924579407599,0.1304197099836094,0.1572511495156862,,,,,,,SRB00040
2013-11-13,3387.44,0.37,10.44,0.0239252603929152,0.04681443192617908,0.03819966049971931,0.06567819417718661,0.0463199240394837,0.02968075709148342,0.0703924579407599,0.1304197099836094,0.1572511495156862,,,,,,,SRB00040
2013-11-14,3418.79,0.38,7.45,0.0238744330964959,0.04640881145922237,0.038057867703878666,0.06348132188571566,0.0454131674635892,0.02954551953316066,0.0703924579407599,0.1304197099836094,0.1572511495156862,,,,,,,SRB00040
2013-11-15,3458.39,0.0,7.68,0.0238236058000766,0.04600319099226566,0.03791607490803802,0.06128444959424472,0.0445064108876947,0.0294102819748379,0.0703924579407599,0.1304197099836094,0.1572511495156862,,,,,,,SRB00040
2013-11-16,3450.44,0.0,6.28,0.0237727785036573,0.045597570525308946,0.037774282112197376,0.059087577302773774,0.0435996543118002,0.029275044416515142,0.0703924579407599,0.1304197099836094,0.1572511495156862,,,,,,,SRB00040
2013-11-17,3333.26,0.0,6.16,0.023721951207238,0.045191950058352234,0.03763248931635674,0.05689070501130283,0.0426928977359057,0.029139806858192382,0.0703924579407599,0.1304197099836094,0.1572511495156862,,,,,,,SRB00040
2013-11-18,3154.01,0.01,5.64,0.0236711239108187,0.04478632959139552,0.03749069652051609,0.054693832719831886,0.0417861411600112,0.02900456929986962,0.0703924579407599,0.1304197099836094,0.1572511495156862,,,,,,,SRB00040
2013-11-19,2970.67,0.52,7.73,0.0236202966143994,0.04438070912443881,0.03734890372467545,0.05249696042836094,0.0408793845841167,0.02886933174154686,0.0703924579407599,0.1304197099836094,0.1572511495156862,,,,,,,SRB00040
2013-11-20,2797.98,0.16,10.6,0.0235694693179801,0.0439750886574821,0.0372071109288348,0.05030008813689,0.0399726280082222,0.0287340941832241,0.0703924579407599,0.1304197099836094,0.1572511495156862,,,,,,,SRB00040
2013-11-21,2641.41,1.09,8.15,0.02386251065681169,0.04452211410552767,0.03763821507716668,0.05140649949974181,0.04109525545313908,0.02922885386541845,0.0703924579407599,0.1304197099836094,0.1572511495156862,,,,,,,SRB00040
2013-11-22,2516.68,0.18,8.63,0.024155551995643273,0.04506913955357324,0.03806931922549855,0.052512910862593624,0.04221788289805596,0.029723613547612805,0.0703924579407599,0.1304197099836094,0.1572511495156862,,,,,,,SRB00040
2013-11-23,2425.61,4.58,9.5,0.024448593334474862,0.04561616500161881,0.038500423373830424,0.05361932222544544,0.04334051034297284,0.030218373229807156,0.0703924579407599,0.1304197099836094,0.1572511495156862,,,,,,,SRB00040
2013-11-24,2370.37,0.81,6.39,0.024741634673306447,0.046163190449664375,0.0389315275221623,0.05472573358829725,0.044463137787889725,0.03071313291200151,0.0703924579407599,0.1304197099836094,0.1572511495156862,,,,,,,SRB00040
2013-11-25,2392.32,2.78,2.69,0.025034676012138036,0.04671021589770995,0.03936263167049417,0.05583214495114906,0.04558576523280661,0.03120789259419586,0.0703924579407599,0.1304197099836094,0.1572511495156862,,,,,,,SRB00040
2013-11-26,2516.68,2.55,1.41,0.02532771735096962,0.04725724134575552,0.039793735818826045,0.05693855631400088,0.0467083926777235,0.031702652276390214,0.0703924579407599,0.1304197099836094,0.1572511495156862,,,,,,,SRB00040
2013-11-27,2665.86,2.9,0.45,0.02562075868980121,0.047804266793801085,0.04022483996715792,0.058044967676852695,0.04783102012264038,0.03219741195858457,0.0703924579407599,0.1304197099836094,0.1572511495156862,,,,,,,SRB00040
2013-11-28,2856.59,0.09,-1.66,0.025913800028632795,0.04835129224184666,0.04065594411548979,0.05915137903970451,0.04895364756755726,0.032692171640778915,0.0703924579407599,0.1304197099836094,0.1572511495156862,,,,,,,SRB00040
2013-11-29,3103.56,0.01,-0.32,0.026206841367464383,0.04889831768989222,0.04108704826382167,0.06025779040255632,0.05007627501247414,0.03318693132297327,0.0703924579407599,0.1304197099836094,0.1572511495156862,,,,,,,SRB00040
2013-11-30,3175.87,0.0,0.41,0.02649988270629597,0.049445343137937796,0.041518152412153536,0.06136420176540813,0.051198902457391025,0.03368169100516762,0.0703924579407599,0.1304197099836094,0.1572511495156862,,,,,,,SRB00040
2013-12-01,3046.89,0.0,0.2,0.026792924045127557,0.04999236858598337,0.04194925656048541,0.062470613128259946,0.05232152990230791,0.03417645068736197,0.0703924579407599,0.1304197099836094,0.1572511495156862,,,,,,,SRB00040
2013-12-02,2830.39,0.01,0.6,0.027085965383959142,0.050539394034028934,0.04238036070881729,0.06357702449111176,0.05344415734722479,0.034671210369556324,0.0703924579407599,0.1304197099836094,0.1572511495156862,,,,,,,SRB00040
2013-12-03,2611.16,0.0,-1.56,0.02737900672279073,0.051086419482074506,0.04281146485714916,0.06468343585396358,0.05456678479214167,0.03516597005175068,0.0703924579407599,0.1304197099836094,0.1572511495156862,,,,,,,SRB00040
2013-12-04,2425.61,0.0,-2.36,0.027672048061622316,0.05163344493012008,0.043242569005481034,0.06578984721681538,0.055689412237058554,0.03566072973394503,0.0703924579407599,0.1304197099836094,0.1572511495156862,12.0,0.128,2.03837802,464.0,1.0,,SRB00040
2013-12-05,2284.6,0.02,-0.52,0.027965089400453905,0.052180470378165644,0.04367367315381291,0.0668962585796672,0.056812039681975436,0.03615548941613938,0.0703924579407599,0.1304197099836094,0.1572511495156862,,,,,,,SRB00040
2013-12-06,2181.73,1.28,0.34,0.02825813073928549,0.05272749582621122,0.04410477730214478,0.06800266994251901,0.057934667126892325,0.03665024909833373,0.0703924579407599,0.1304197099836094,0.1572511495156862,,,,,,,SRB00040
2013-12-07,2088.3,0.01,0.56,0.02855117207811708,0.05327452127425678,0.044535881450476655,0.06910908130537083,0.05905729457180921,0.03714500878052809,0.0703924579407599,0.1304197099836094,0.1572511495156862,,,,,,,SRB00040
2013-12-08,2003.47,0.03,0.86,0.028844213416948664,0.053821546722302355,0.04496698559880853,0.07021549266822263,0.06017992201672609,0.037639768462722434,0.0703924579407599,0.1304197099836094,0.1572511495156862,,,,,,,SRB00040
2013-12-09,1926.53,0.85,3.66,0.029137254755780252,0.05436857217034793,0.0453980897471404,0.07132190403107445,0.06130254946164297,0.03813452814491679,0.0703924579407599,0.1304197099836094,0.1572511495156862,,,,,,,SRB00040
2013-12-10,1861.09,0.02,1.45,0.029430296094611837,0.05491559761839349,0.04582919389547228,0.07242831539392626,0.062425176906559854,0.03862928782711114,0.0703924579407599,0.1304197099836094,0.1572511495156862,,,,,,,SRB00040
2013-12-11,1831.31,0.0,-1.89,0.029723337433443426,0.055462623066439065,0.04626029804380415,0.07353472675677808,0.06354780435147674,0.039124047509305496,0.0703924579407599,0.1304197099836094,0.1572511495156862,,,,,,,SRB00040
2013-12-12,1844.02,0.0,-0.37,0.03001637877227501,0.05600964851448463,0.04669140219213602,0.0746411381196299,0.06467043179639362,0.03961880719149984,0.0703924579407599,0.1304197099836094,0.1572511495156862,,,,,,,SRB00040
2013-12-13,1891.34,0.03,0.15,0.0303094201111066,0.0565566739625302,0.0471225063404679,0.0757475494824817,0.0657930592413105,0.0401135668736942,0.0703924579407599,0.1304197099836094,0.1572511495156862,,,,,,,SRB00040
2013-12-14,1962.36,0.03,-1.61,0.02994808337978679,0.05536837590233687,0.04564692116891869,0.0746440508689991,0.06538449130492605,0.03965246666555016,0.0703924579407599,0.1304197099836094,0.1572511495156862,,,,,,,SRB00040
2013-12-15,2036.04,0.18,-1.08,0.02958674664846698,0.054180077842143536,0.044171335997369485,0.07354055225551648,0.06497592336854158,0.03919136645740612,0.0703924579407599,0.1304197099836094,0.1572511495156862,,,,,,,SRB00040
2013-12-16,2054.89,0.04,-0.16,0.029225409917147168,0.0529917797819502,0.042695750825820285,0.07243705364203387,0.06456735543215712,0.03873026624926208,0.0703924579407599,0.1304197099836094,0.1572511495156862,,,,,,,SRB00040
2013-12-17,2008.09,0.05,-0.82,0.028864073185827357,0.05180348172175687,0.04122016565427108,0.07133355502855127,0.06415878749577265,0.03826916604111805,0.0703924579407599,0.1304197099836094,0.1572511495156862,,,,,,,SRB00040
2013-12-18,1930.97,0.07,-1.85,0.028502736454507543,0.050615183661563534,0.03974458048272187,0.07023005641506865,0.0637502195593882,0.037808065832974004,0.0703924579407599,0.1304197099836094,0.1572511495156862,,,,,,,SRB00040
2013-12-19,1852.53,0.03,-2.76,0.028141399723187733,0.0494268856013702,0.038268995311172664,0.06912655780158604,0.06334165162300373,0.03734696562482997,0.0703924579407599,0.1304197099836094,0.1572511495156862,,,,,,,SRB00040
2013-12-20,1781.38,0.04,-0.26,0.027780062991867922,0.04823858754117687,0.036793410139623464,0.06802305918810343,0.06293308368661928,0.03688586541668593,0.0703924579407599,0.1304197099836094,0.1572511495156862,,,,,,,SRB00040
2013-12-21,1712.96,0.04,0.37,0.027418726260548112,0.04705028948098353,0.03531782496807426,0.06691956057462081,0.06252451575023481,0.03642476520854189,0.0703924579407599,0.1304197099836094,0.1572511495156862,,,,,,,SRB00040
2013-12-22,1654.77,0.02,1.99,0.0270573895292283,0.0458619914207902,0.03384223979652505,0.0658160619611382,0.06211594781385035,0.035963665000397854,0.0703924579407599,0.1304197099836094,0.1572511495156862,,,,,,,SRB00040
2013-12-23,1605.94,0.04,2.77,0.02748381298488094,0.04652900338516426,0.034724243117100276,0.06625903697448088,0.06305154794757643,0.0369166588941851,0.0703924579407599,0.1304197099836094,0.1572511495156862,,,,,,,SRB00040
2013-12-24,1569.36,0.0,2.41,0.02791023644053358,0.04719601534953833,0.0356062464376755,0.06670201198782355,0.06398714808130251,0.037869652787972344,0.0703924579407599,0.1304197099836094,0.1572511495156862,,,,,,,SRB00040
2013-12-25,1540.7,0.0,3.81,0.02833665989618622,0.04786302731391239,0.03648824975825072,0.06714498700116621,0.0649227482150286,0.03882264668175959,0.0703924579407599,0.1304197099836094,0.1572511495156862,,,,,,,SRB00040
2013-12-26,1516.05,0.13,6.42,0.02876308335183886,0.04853003927828646,0.037370253078825945,0.06758796201450888,0.06585834834875468,0.03977564057554683,0.0703924579407599,0.1304197099836094,0.1572511495156862,,,,,,,SRB00040
2013-12-27,1502.14,0.17,6.74,0.029189506807491498,0.04919705124266052,0.03825225639940117,0.06803093702785155,0.06679394848248076,0.04072863446933408,0.0703924579407599,0.1304197099836094,0.1572511495156862,,,,,,,SRB00040
2013-12-28,1495.24,0.01,4.93,0.029615930263144137,0.04986406320703459,0.039134259719976396,0.06847391204119423,0.06772954861620684,0.04168162836312133,0.0703924579407599,0.1304197099836094,0.1572511495156862,,,,,,,SRB00040
2013-12-29,1512.56,0.05,4.37,0.030042353718796776,0.05053107517140865,0.040016263040551614,0.06891688705453689,0.06866514874993292,0.042634622256908575,0.0703924579407599,0.1304197099836094,0.1572511495156862,,,,,,,SRB00040
2013-12-30,1598.56,0.01,3.66,0.030468777174449416,0.05119808713578272,0.04089826636112684,0.06935986206787956,0.069600748883659,0.04358761615069582,0.0703924579407599,0.1304197099836094,0.1572511495156862,,,,,,,SRB00040
2013-12-31,1773.19,0.01,2.56,0.030895200630102055,0.051865099100156783,0.041780269681702065,0.06980283708122223,0.07053634901738508,0.044540610044483064,0.0703924579407599,0.1304197099836094,0.1572511495156862,,,,,,,SRB00040
2014-01-01,1989.67,0.01,1.73,0.031321624085754694,0.05253211106453085,0.04266227300227729,0.0702458120945649,0.07147194915111116,0.04549360393827031,0.0703924579407599,0.1304197099836094,0.1572511495156862,,,,,,,SRB00040
2014-01-02,2141.89,0.01,0.99,0.03174804754140733,0.053199123028904914,0.043544276322852515,0.07068878710790757,0.07240754928483724,0.046446597832057554,0.0703924579407599,0.1304197099836094,0.1572511495156862,,,,,,,SRB00040
2014-01-03,2161.72,0.28,4.74,0.03217447099705997,0.05386613499327898,0.044426279643427734,0.07113176212125023,0.07334314941856332,0.0473995917258448,0.0703924579407599,0.1304197099836094,0.1572511495156862,,,,,,,SRB00040
2014-01-04,2112.49,0.26,5.99,0.03260089445271261,0.054533146957653045,0.04530828296400296,0.0715747371345929,0.0742787495522894,0.048352585619632044,0.0703924579407599,0.1304197099836094,0.1572511495156862,,,,,,,SRB00040
2014-01-05,2026.68,0.74,9.59,0.03302731790836525,0.055200158922027114,0.046190286284578184,0.07201771214793558,0.07521434968601548,0.04930557951341929,0.0703924579407599,0.1304197099836094,0.1572511495156862,,,,,,,SRB00040
2014-01-06,1939.89,0.05,7.44,0.03345374136401789,0.055867170886401175,0.04707228960515341,0.07246068716127825,0.07614994981974156,0.05025857340720653,0.0703924579407599,0.1304197099836094,0.1572511495156862,,,,,,,SRB00040
2014-01-07,1865.38,0.05,6.53,0.03388016481967053,0.056534182850775244,0.04795429292572863,0.07290366217462091,0.07708554995346764,0.051211567300993785,0.0703924579407599,0.1304197099836094,0.1572511495156862,,,,,,,SRB00040
2014-01-08,1818.7,0.19,4.88,0.034306588275323166,0.057201194815149306,0.048836296246303854,0.07334663718796358,0.07802115008719372,0.05216456119478103,0.0703924579407599,0.1304197099836094,0.1572511495156862,,,,,,,SRB00040
2014-01-09,1806.17,0.18,4.1,0.03473301173097581,0.057868206779523375,0.04971829956687908,0.07378961220130625,0.0789567502209198,0.053117555088568275,0.0703924579407599,0.1304197099836094,0.1572511495156862,,,,,,,SRB00040
2014-01-10,1806.17,0.23,6.03,0.035159435186628445,0.05853521874389744,0.050600302887454304,0.07423258721464893,0.07989235035464588,0.05407054898235552,0.0703924579407599,0.1304197099836094,0.1572511495156862,,,,,,,SRB00040
2014-01-11,1818.7,0.01,6.84,0.03558585864228109,0.059202230708271505,0.05148230620802953,0.0746755622279916,0.08082795048837196,0.055023542876142764,0.0703924579407599,0.1304197099836094,0.1572511495156862,,,,,,,SRB00040
2014-01-12,1835.54,0.1,6.44,0.03601228209793372,0.05986924267264557,0.05236430952860475,0.07511853724133426,0.08176355062209804,0.05597653676993001,0.0703924579407599,0.1304197099836094,0.1572511495156862,,,,,,,SRB00040
2014-01-13,1831.31,0.0,3.29,0.03643870555358636,0.060536254637019636,0.05324631284917997,0.07556151225467693,0.08269915075582412,0.056929530663717254,0.0703924579407599,0.1304197099836094,0.1572511495156862,,,,,,,SRB00040
2014-01-14,1797.87,0.2,4.37,0.036865129009239,0.0612032666013937,0.0541283161697552,0.0760044872680196,0.0836347508895502,0.0578825245575045,0.0703924579407599,0.1304197099836094,0.1572511495156862,,,,,,,SRB00040
2014-01-15,1760.98,1.9,4.87,0.03717237485397505,0.06167412029154565,0.054860995390129286,0.07576823926392731,0.08313180187539454,0.05746999391463238,0.0703924579407599,0.1304197099836094,0.1572511495156862,,,,,,,SRB00040
2014-01-16,1744.82,0.01,2.91,0.0374796206987111,0.062144973981697604,0.055593674610503366,0.07553199125983502,0.08262885286123889,0.05705746327176026,0.0703924579407599,0.1304197099836094,0.1572511495156862,,,,,,,SRB00040
2014-01-17,1756.92,0.01,7.14,0.03778686654344715,0.06261582767184956,0.05632635383087745,0.07529574325574274,0.08212590384708322,0.056644932628888145,0.0703924579407599,0.1304197099836094,0.1572511495156862,,,,,,,SRB00040
2014-01-18,1777.28,0.24,10.27,0.0380941123881832,0.0630866813620015,0.05705903305125154,0.07505949525165045,0.08162295483292757,0.05623240198601602,0.0703924579407599,0.1304197099836094,0.1572511495156862,,,,,,,SRB00040
2014-01-19,1789.61,2.77,10.42,0.03840135823291925,0.06355753505215346,0.05779171227162562,0.07482324724755816,0.0811200058187719,0.0558198713431439,0.0703924579407599,0.1304197099836094,0.1572511495156862,,,,,,,SRB00040
2014-01-20,1797.87,0.22,10.9,0.0387086040776553,0.06402838874230542,0.05852439149199971,0.07458699924346587,0.08061705680461624,0.055407340700271784,0.0703924579407599,0.1304197099836094,0.1572511495156862,,,,,,,SRB00040
2014-01-21,1818.7,1.43,7.56,0.03901584992239135,0.06449924243245737,0.059257070712373794,0.0743507512393736,0.08011410779046059,0.054994810057399666,0.0703924579407599,0.1304197099836094,0.1572511495156862,,,,,,,SRB00040
2014-01-22,1844.02,0.1,3.48,0.039323095767127406,0.06497009612260932,0.059989749932747874,0.0741145032352813,0.07961115877630492,0.05458227941452755,0.0703924579407599,0.1304197099836094,0.1572511495156862,,,,,,,SRB00040
2014-01-23,1873.99,0.43,1.46,0.039630341611863455,0.06544094981276127,0.06072242915312196,0.07387825523118902,0.07910820976214927,0.05416974877165543,0.0703924579407599,0.1304197099836094,0.1572511495156862,,,,,,,SRB00040
2014-01-24,1900.08,7.86,1.82,0.039937587456599505,0.06591180350291323,0.06145510837349605,0.07364200722709673,0.07860526074799361,0.05375721812878331,0.0703924579407599,0.1304197099836094,0.1572511495156862,,,,,,,SRB00040
2014-01-25,1935.42,5.8,-2.17,0.040244833301335554,0.06638265719306519,0.06218778759387013,0.07340575922300444,0.07810231173383794,0.053344687485911195,0.0703924579407599,0.1304197099836094,0.1572511495156862,,,,,,,SRB00040
2014-01-26,1985.1,0.11,-6.77,0.040552079146071604,0.06685351088321713,0.06292046681424421,0.07316951121891216,0.07759936271968229,0.05293215684303908,0.0703924579407599,0.1304197099836094,0.1572511495156862,,,,,,,SRB00040
2014-01-27,2036.04,0.07,-6.03,0.040859324990807654,0.06732436457336909,0.0636531460346183,0.07293326321481987,0.07709641370552663,0.05251962620016695,0.0703924579407599,0.1304197099836094,0.1572511495156862,,,,,,,SRB00040
2014-01-28,2031.36,0.68,-3.81,0.0411665708355437,0.06779521826352104,0.06438582525499238,0.07269701521072758,0.07659346469137097,0.052107095557294834,0.0703924579407599,0.1304197099836094,0.1572511495156862,,,,,,,SRB00040
2014-01-29,1980.53,3.5,-4.06,0.04147381668027975,0.068266071953673,0.06511850447536646,0.07246076720663529,0.07609051567721531,0.051694564914422717,0.0703924579407599,0.1304197099836094,0.1572511495156862,,,,,,,SRB00040
2014-01-30,1917.67,3.66,-4.41,0.0417810625250158,0.06873692564382494,0.06585118369574056,0.072224519202543,0.07558756666305966,0.0512820342715506,0.0703924579407599,0.1304197099836094,0.1572511495156862,,,,,,,SRB00040
2014-01-31,1856.8,3.58,-6.88,0.04208830836975185,0.0692077793339769,0.06658386291611464,0.07198827119845072,0.07508461764890399,0.05086950362867848,0.0703924579407599,0.1304197099836094,0.1572511495156862,,,,,,,SRB00040
2014-02-01,1797.87,2.61,-5.1,0.0423955542144879,0.06967863302412886,0.06731654213648872,0.07175202319435843,0.07458166863474833,0.05045697298580636,0.0703924579407599,0.1304197099836094,0.1572511495156862,,,,,,,SRB00040
2014-02-02,1748.85,2.34,-1.41,0.04270280005922395,0.0701494867142808,0.06804922135686281,0.07151577519026614,0.07407871962059268,0.050044442342934245,0.0703924579407599,0.1304197099836094,0.1572511495156862,,,,,,,SRB00040
2014-02-03,1709.02,2.44,-2.09,0.04301004590396,0.07062034040443275,0.06878190057723689,0.07127952718617385,0.07357577060643701,0.04963191170006212,0.0703924579407599,0.1304197099836094,0.1572511495156862,,,,,,,SRB00040
2014-02-04,1689.44,0.49,-5.03,0.04331729174869605,0.07109119409458471,0.06951457979761097,0.07104327918208157,0.07307282159228136,0.04921938105719,0.0703924579407599,0.1304197099836094,0.1572511495156862,,,,,,,SRB00040
2014-02-05,1697.24,0.89,-3.26,0.0436245375934321,0.07156204778473667,0.07024725901798506,0.07080703117798928,0.0725698725781257,0.048806850414317884,0.0703924579407599,0.1304197099836094,0.1572511495156862,,,,,,,SRB00040
2014-02-06,1736.8,0.63,0.92,0.04393178343816815,0.07203290147488861,0.07097993823835914,0.07057078317389699,0.07206692356397003,0.048394319771445767,0.0703924579407599,0.1304197099836094,0.1572511495156862,,,,,,,SRB00040
2014-02-07,1785.49,0.27,2.77,0.0442390292829042,0.07250375516504057,0.07171261745873322,0.0703345351698047,0.07156397454981438,0.04798178912857365,0.0703924579407599,0.1304197099836094,0.1572511495156862,,,,,,,SRB00040
2014-02-08,1822.9,1.76,4.88,0.044546275127640256,0.07297460885519252,0.07244529667910732,0.07009828716571241,0.07106102553565871,0.04756925848570153,0.0703924579407599,0.1304197099836094,0.1572511495156862,,,,,,,SRB00040
2014-02-09,1865.38,2.95,6.56,0.044853520972376305,0.07344546254534448,0.0731779758994814,0.06986203916162013,0.07055807652150306,0.04715672784282941,0.0703924579407599,0.1304197099836094,0.1572511495156862,,,,,,,SRB00040
2014-02-10,1948.84,0.62,5.7,0.045160766817112355,0.07391631623549642,0.07391065511985548,0.06962579115752784,0.0700551275073474,0.046744197199957295,0.0703924579407599,0.1304197099836094,0.1572511495156862,13.0,0.087,2.22799458,493.0,2.4,,SRB00040
2014-02-11,2050.16,0.09,10.64,0.045468012661848405,0.07438716992564838,0.07464333434022957,0.06938954315343555,0.06955217849319173,0.04633166655708518,0.0703924579407599,0.1304197099836094,0.1572511495156862,,,,,,,SRB00040
2014-02-12,2132.04,0.98,7.28,0.045775258506584454,0.07485802361580034,0.07537601356060365,0.06915329514934326,0.06904922947903608,0.04591913591421305,0.0703924579407599,0.1304197099836094,0.1572511495156862,,,,,,,SRB00040
2014-02-13,2222.31,0.01,4.63,0.046082504351320504,0.0753288773059523,0.07610869278097773,0.06891704714525099,0.06854628046488041,0.045506605271340934,0.0703924579407599,0.1304197099836094,0.1572511495156862,,,,,,,SRB00040
2014-02-14,2359.48,4.15,4.04,0.04638975019605655,0.07579973099610424,0.07684137200135183,0.0686807991411587,0.06804333145072476,0.04509407462846882,0.0703924579407599,0.1304197099836094,0.1572511495156862,,,,,,,SRB00040
2014-02-15,2493.6,0.0,4.29,0.0466969960407926,0.0762705846862562,0.0775740512217259,0.0684445511370664,0.0675403824365691,0.0446815439855967,0.0703924579407599,0.1304197099836094,0.1572511495156862,,,,,,,SRB00040
2014-02-16,2563.48,0.01,10.05,0.0464292482943887,0.07565659511399087,0.07674195797607375,0.06895738106738732,0.06841018842877916,0.04535383708734602,0.0703924579407599,0.1304197099836094,0.1572511495156862,,,,,,,SRB00040
2014-02-17,2563.48,2.09,6.77,0.0461615005479848,0.07504260554172554,0.07590986473042159,0.06947021099770823,0.06927999442098923,0.04602613018909534,0.0703924579407599,0.1304197099836094,0.1572511495156862,,,,,,,SRB00040
2014-02-18,2522.48,0.59,7.22,0.04589375280158089,0.07442861596946021,0.07507777148476943,0.06998304092802914,0.07014980041319929,0.04669842329084466,0.0703924579407599,0.1304197099836094,0.1572511495156862,,,,,,,SRB00040
2014-02-19,2476.42,0.02,9.76,0.045626005055176985,0.0738146263971949,0.07424567823911728,0.07049587085835003,0.07101960640540936,0.04737071639259398,0.0703924579407599,0.1304197099836094,0.1572511495156862,,,,,,,SRB00040
2014-02-20,2448.06,1.86,7.33,0.04535825730877308,0.07320063682492957,0.07341358499346512,0.07100870078867094,0.07188941239761942,0.0480430094943433,0.0703924579407599,0.1304197099836094,0.1572511495156862,,,,,,,SRB00040
2014-02-21,2408.91,0.98,8.19,0.04509050956236918,0.07258664725266424,0.07258149174781296,0.07152153071899185,0.07275921838982949,0.04871530259609262,0.0703924579407599,0.1304197099836094,0.1572511495156862,,,,,,,SRB00040
2014-02-22,2386.81,5.07,7.92,0.04482276181596527,0.07197265768039891,0.0717493985021608,0.07203436064931276,0.07362902438203954,0.049387595697841936,0.0703924579407599,0.1304197099836094,0.1572511495156862,,,,,,,SRB00040
2014-02-23,2392.32,3.29,6.66,0.04455501406956137,0.07135866810813359,0.07091730525650863,0.07254719057963367,0.0744988303742496,0.05005988879959126,0.0703924579407599,0.1304197099836094,0.1572511495156862,,,,,,,SRB00040
2014-02-24,2397.83,0.37,6.19,0.044287266323157465,0.07074467853586826,0.07008521201085648,0.07306002050995458,0.07536863636645967,0.05073218190134058,0.0703924579407599,0.1304197099836094,0.1572511495156862,,,,,,,SRB00040
2014-02-25,2403.36,0.0,4.99,0.04401951857675356,0.07013068896360293,0.06925311876520432,0.07357285044027548,0.07623844235866974,0.0514044750030899,0.0703924579407599,0.1304197099836094,0.1572511495156862,,,,,,,SRB00040
2014-02-26,2392.32,0.0,5.82,0.04375177083034965,0.06951669939133762,0.06842102551955216,0.07408568037059639,0.0771082483508798,0.052076768104839216,0.0703924579407599,0.1304197099836094,0.1572511495156862,,,,,,,SRB00040
2014-02-27,2343.23,0.03,6.86,0.04348402308394575,0.06890270981907229,0.0675889322739,0.0745985103009173,0.07797805434308987,0.05274906120658854,0.0703924579407599,0.1304197099836094,0.1572511495156862,,,,,,,SRB00040
2014-02-28,2268.86,0.56,6.84,0.04321627533754185,0.06828872024680696,0.06675683902824785,0.07511134023123821,0.07884786033529993,0.05342135430833786,0.0703924579407599,0.1304197099836094,0.1572511495156862,,,,,,,SRB00040
2014-03-01,2186.76,0.01,7.01,0.042948527591137944,0.06767473067454163,0.06592474578259569,0.07562417016155912,0.07971766632751,0.05409364741008718,0.0703924579407599,0.1304197099836094,0.1572511495156862,,,,,,,SRB00040
2014-03-02,2097.94,3.65,6.68,0.042680779844734035,0.0670607411022763,0.06509265253694353,0.07613700009188003,0.08058747231972006,0.054765940511836496,0.0703924579407599,0.1304197099836094,0.1572511495156862,,,,,,,SRB00040
2014-03-03,2012.72,0.76,5.73,0.04241303209833013,0.06644675153001098,0.06426055929129137,0.07664983002220094,0.08145727831193013,0.05543823361358582,0.0703924579407599,0.1304197099836094,0.1572511495156862,,,,,,,SRB00040
2014-03-04,1930.97,0.01,6.36,0.04214528435192623,0.06583276195774565,0.06342846604563922,0.07716265995252183,0.0823270843041402,0.05611052671533514,0.0703924579407599,0.1304197099836094,0.1572511495156862,,,,,,,SRB00040
2014-03-05,1865.38,2.78,7.06,0.04187753660552233,0.06521877238548034,0.06259637279998706,0.07767548988284274,0.08319689029635026,0.05678281981708446,0.0703924579407599,0.1304197099836094,0.1572511495156862,,,,,,,SRB00040
2014-03-06,1827.1,2.73,8.33,0.04160978885911842,0.06460478281321501,0.0617642795543349,0.07818831981316365,0.08406669628856032,0.05745511291883378,0.0703924579407599,0.1304197099836094,0.1572511495156862,,,,,,,SRB00040
2014-03-07,1814.52,1.75,7.04,0.041342041112714514,0.06399079324094968,0.060932186308682745,0.07870114974348456,0.08493650228077038,0.0581274060205831,0.0703924579407599,0.1304197099836094,0.1572511495156862,,,,,,,SRB00040
2014-03-08,1806.17,0.85,8.26,0.04107429336631061,0.06337680366868435,0.06010009306303058,0.07921397967380547,0.08580630827298044,0.05879969912233242,0.0703924579407599,0.1304197099836094,0.1572511495156862,,,,,,,SRB00040
2014-03-09,1802.02,0.01,7.52,0.04080654561990671,0.06276281409641903,0.059267999817378424,0.07972680960412638,0.08667611426519051,0.05947199222408174,0.0703924579407599,0.1304197099836094,0.1572511495156862,,,,,,,SRB00040
2014-03-10,1802.02,0.02,6.74,0.0405387978735028,0.0621488245241537,0.058435906571726266,0.08023963953444728,0.08754592025740057,0.06014428532583106,0.0703924579407599,0.1304197099836094,0.1572511495156862,,,,,,,SRB00040
2014-03-11,1822.9,0.0,6.7,0.0402710501270989,0.06153483495188838,0.05760381332607411,0.08075246946476819,0.08841572624961064,0.06081657842758038,0.0703924579407599,0.1304197099836094,0.1572511495156862,,,,,,,SRB00040
2014-03-12,1848.27,0.0,7.34,0.040003302380694994,0.06092084537962305,0.05677172008042195,0.0812652993950891,0.0892855322418207,0.0614888715293297,0.0703924579407599,0.1304197099836094,0.1572511495156862,,,,,,,SRB00040
2014-03-13,1848.27,0.0,7.84,0.04054720784703923,0.06226398618101023,0.05821337551695823,0.09034146680223358,0.09416929047274983,0.06421973655273946,0.0703924579407599,0.1304197099836094,0.1572511495156862,,,,,,,SRB00040
2014-03-14,1806.17,0.0,10.16,0.04109111331338347,0.0636071269823974,0.0596550309534945,0.09941763420937808,0.09905304870367894,0.06695060157614924,0.0703924579407599,0.1304197099836094,0.1572511495156862,,,,,,,SRB00040
2014-03-15,1752.88,0.55,10.6,0.041635018779727716,0.06495026778378457,0.06109668639003078,0.10849380161652256,0.10393680693460805,0.06968146659955901,0.0703924579407599,0.1304197099836094,0.1572511495156862,,,,,,,SRB00040
2014-03-16,1705.08,0.2,10.82,0.042178924246071954,0.06629340858517176,0.06253834182656706,0.11756996902366704,0.10882056516553718,0.07241233162296878,0.0703924579407599,0.1304197099836094,0.1572511495156862,,,,,,,SRB00040
2014-03-17,1666.25,0.0,13.67,0.04272282971241619,0.06763654938655893,0.06397999726310333,0.12664613643081152,0.1137043233964663,0.07514319664637854,0.0703924579407599,0.1304197099836094,0.1572511495156862,,,,,,,SRB00040
2014-03-18,1650.96,0.0,13.33,0.04326673517876043,0.0689796901879461,0.06542165269963961,0.13572230383795603,0.11858808162739541,0.07787406166978832,0.0703924579407599,0.1304197099836094,0.1572511495156862,,,,,,,SRB00040
2014-03-19,1670.09,1.8,10.96,0.04381064064510467,0.07032283098933328,0.06686330813617589,0.1447984712451005,0.12347183985832452,0.08060492669319809,0.0703924579407599,0.1304197099836094,0.1572511495156862,,,,,,,SRB00040
2014-03-20,1748.85,0.0,11.09,0.04435454611144891,0.07166597179072046,0.06830496357271217,0.153874638652245,0.12835559808925365,0.08333579171660785,0.0703924579407599,0.1304197099836094,0.1572511495156862,,,,,,,SRB00040
2014-03-21,1939.89,0.0,13.14,0.04489845157779315,0.07300911259210763,0.06974661900924843,0.16295080605938947,0.13323935632018277,0.08606665674001762,0.0703924579407599,0.1304197099836094,0.1572511495156862,,,,,,,SRB00040
2014-03-22,2176.71,0.0,13.95,0.04544235704413739,0.07435225339349481,0.07118827444578471,0.17202697346653395,0.13812311455111187,0.0887975217634274,0.0703924579407599,0.1304197099836094,0.1572511495156862,,,,,,,SRB00040
2014-03-23,2316.39,0.01,13.73,0.04598626251048163,0.07569539419488198,0.07262992988232099,0.18110314087367846,0.143006872782041,0.09152838678683717,0.0703924579407599,0.1304197099836094,0.1572511495156862,,,,,,,SRB00040
2014-03-24,2364.92,7.6,8.89,0.04653016797682587,0.07703853499626916,0.07407158531885727,0.19017930828082294,0.14789063101297012,0.09425925181024694,0.0703924579407599,0.1304197099836094,0.1572511495156862,11.7,0.112,1.55982194,444.0,3.3,,SRB00040
2014-03-25,2386.81,0.48,7.38,0.047074073443170106,0.07838167579765634,0.07551324075539353,0.19925547568796742,0.15277438924389924,0.0969901168336567,0.0703924579407599,0.1304197099836094,0.1572511495156862,,,,,,,SRB00040
2014-03-26,2436.81,0.0,8.41,0.047617978909514344,0.07972481659904351,0.07695489619192981,0.2083316430951119,0.15765814747482837,0.09972098185706647,0.0703924579407599,0.1304197099836094,0.1572511495156862,,,,,,,SRB00040
2014-03-27,2629.27,0.79,11.04,0.04816188437585859,0.08106795740043068,0.0783965516284661,0.21740781050225638,0.16254190570575747,0.10245184688047625,0.0703924579407599,0.1304197099836094,0.1572511495156862,,,,,,,SRB00040
2014-03-28,2957.01,4.97,11.17,0.04870578984220283,0.08241109820181787,0.07983820706500237,0.2264839779094009,0.1674256639366866,0.105182711903886,0.0703924579407599,0.1304197099836094,0.1572511495156862,,,,,,,SRB00040
2014-03-29,3132.29,0.0,12.31,0.049249695308547066,0.08375423900320504,0.08127986250153865,0.23556014531654537,0.17230942216761572,0.10791357692729578,0.0703924579407599,0.1304197099836094,0.1572511495156862,,,,,,,SRB00040
2014-03-30,3046.89,0.0,13.61,0.049793600774891304,0.08509737980459221,0.08272151793807492,0.24463631272368985,0.17719318039854481,0.11064444195070555,0.0703924579407599,0.1304197099836094,0.1572511495156862,,,,,,,SRB00040
2014-03-31,2856.59,0.0,13.8,0.05033750624123554,0.0864405206059794,0.0841631733746112,0.25371248013083436,0.18207693862947394,0.11337530697411533,0.0703924579407599,0.1304197099836094,0.1572511495156862,,,,,,,SRB00040
2014-04-01,2672.01,0.0,13.16,0.05088141170757978,0.08778366140736657,0.08560482881114748,0.2627886475379788,0.18696069686040306,0.1161061719975251,0.0703924579407599,0.1304197099836094,0.1572511495156862,,,,,,,SRB00040
2014-04-02,2522.48,0.14,12.94,0.051425317173924026,0.08912680220875374,0.08704648424768376,0.2718648149451233,0.1918444550913322,0.11883703702093486,0.0703924579407599,0.1304197099836094,0.1572511495156862,,,,,,,SRB00040
2014-04-03,2408.91,0.03,15.09,0.051969222640268264,0.09046994301014093,0.08848813968422002,0.2809409823522678,0.1967282133222613,0.12156790204434463,0.0703924579407599,0.1304197099836094,0.1572511495156862,,,,,,,SRB00040
2014-04-04,2321.74,0.05,16.99,0.0525131281066125,0.0918130838115281,0.0899297951207563,0.2900171497594123,0.2016119715531904,0.1242987670677544,0.0703924579407599,0.1304197099836094,0.1572511495156862,,,,,,,SRB00040
2014-04-05,2274.1,1.28,15.01,0.04987273218525585,0.08793151909901453,0.0845785312465911,0.27231832762472524,0.18702637923655013,0.11482089060741935,0.0703924579407599,0.1304197099836094,0.1572511495156862,,,,,,,SRB00040
2014-04-06,2253.24,0.06,12.65,0.047232336263899194,0.08404995438650097,0.07922726737242589,0.2546195054900382,0.17244078691990986,0.1053430141470843,0.0703924579407599,0.1304197099836094,0.1572511495156862,,,,,,,SRB00040
2014-04-07,2258.44,0.18,14.26,0.04459194034254253,0.0801683896739874,0.07387600349826066,0.2369206833553512,0.15785519460326958,0.09586513768674926,0.0703924579407599,0.1304197099836094,0.1572511495156862,,,,,,,SRB00040
2014-04-08,2284.6,0.01,16.16,0.04195154442118588,0.07628682496147383,0.06852473962409546,0.21922186122066417,0.14326960228662933,0.0863872612264142,0.0703924579407599,0.1304197099836094,0.1572511495156862,,,,,,,SRB00040
2014-04-09,2321.74,1.34,11.54,0.039311148499829224,0.07240526024896027,0.06317347574993025,0.20152303908597713,0.12868400996998905,0.07690938476607914,0.0703924579407599,0.1304197099836094,0.1572511495156862,,,,,,,SRB00040
2014-04-10,2364.92,0.75,8.81,0.03667075257847256,0.0685236955364467,0.057822211875765035,0.18382421695129011,0.11409841765334877,0.0674315083057441,0.0703924579407599,0.1304197099836094,0.1572511495156862,,,,,,,SRB00040
2014-04-11,2442.43,1.02,9.62,0.03403035665711591,0.06464213082393314,0.05247094800159982,0.1661253948166031,0.0995128253367085,0.05795363184540905,0.0703924579407599,0.1304197099836094,0.1572511495156862,,,,,,,SRB00040
2014-04-12,2581.26,0.05,11.2,0.031389960735759254,0.06076056611141956,0.04711968412743461,0.14842657268191606,0.08492723302006822,0.048475755385073996,0.0703924579407599,0.1304197099836094,0.1572511495156862,,,,,,,SRB00040
2014-04-13,2765.94,0.02,12.03,0.0287495648144026,0.056879001398906,0.0417684202532694,0.13072775054722904,0.07034164070342795,0.03899787892473895,0.0703924579407599,0.1304197099836094,0.1572511495156862,,,,,,,SRB00040
2014-04-14,2916.43,6.0,13.44,0.029247836651520708,0.057593229405018195,0.04280644029117207,0.13190345008807264,0.06994749212663248,0.03872035288003499,0.0703924579407599,0.1304197099836094,0.1572511495156862,,,,,,,SRB00040
2014-04-15,2957.01,1.63,8.64,0.029746108488638817,0.0583074574111304,0.04384446032907473,0.13307914962891626,0.069553343549837,0.038442826835331026,0.0703924579407599,0.1304197099836094,0.1572511495156862,,,,,,,SRB00040
2014-04-16,2896.34,4.12,8.27,0.030244380325756926,0.0590216854172426,0.044882480366977395,0.13425484916975985,0.06915919497304153,0.03816530079062706,0.0703924579407599,0.1304197099836094,0.1572511495156862,,,,,,,SRB00040
2014-04-17,2785.12,10.19,8.22,0.030742652162875035,0.0597359134233548,0.045920500404880056,0.13543054871060345,0.06876504639624605,0.0378877747459231,0.0703924579407599,0.1304197099836094,0.1572511495156862,,,,,,,SRB00040
2014-04-18,2690.54,1.0,12.92,0.031240923999993144,0.060450141429466996,0.046958520442782724,0.13660624825144707,0.06837089781945058,0.03761024870121914,0.0703924579407599,0.1304197099836094,0.1572511495156862,,,,,,,SRB00040
2014-04-19,2659.72,4.41,12.42,0.03173919583711125,0.0611643694355792,0.04799654048068539,0.13778194779229067,0.0679767492426551,0.037332722656515174,0.0703924579407599,0.1304197099836094,0.1572511495156862,,,,,,,SRB00040
2014-04-20,2665.86,4.16,12.97,0.03223746767422936,0.0618785974416914,0.04903456051858805,0.13895764733313426,0.06758260066585962,0.03705519661181121,0.0703924579407599,0.1304197099836094,0.1572511495156862,,,,,,,SRB00040
2014-04-21,2629.27,0.53,15.97,0.03273573951134747,0.0625928254478036,0.05007258055649072,0.14013334687397785,0.06718845208906414,0.03677767056710725,0.0703924579407599,0.1304197099836094,0.1572511495156862,,,,,,,SRB00040
2014-04-22,2569.4,2.79,16.75,0.03323401134846558,0.0633070534539158,0.05111060059439338,0.14130904641482148,0.06679430351226867,0.036500144522403286,0.0703924579407599,0.1304197099836094,0.1572511495156862,11.4,0.078,1.16027276,407.0,2.9,,SRB00040
2014-04-23,2545.83,4.19,16.46,0.03373228318558369,0.064021281460028,0.05214862063229605,0.14248474595566507,0.06640015493547319,0.03622261847769932,0.0703924579407599,0.1304197099836094,0.1572511495156862,,,,,,,SRB00040
2014-04-24,2587.21,7.54,14.71,0.034230555022701795,0.06473550946614019,0.053186640670198716,0.14366044549650867,0.06600600635867772,0.03594509243299535,0.0703924579407599,0.1304197099836094,0.1572511495156862,,,,,,,SRB00040
2014-04-25,2641.41,1.08,15.97,0.03472882685981991,0.0654497374722524,0.05422466070810138,0.1448361450373523,0.06561185778188224,0.03566756638829139,0.0703924579407599,0.1304197099836094,0.1572511495156862,,,,,,,SRB00040
2014-04-26,2678.17,0.01,15.72,0.03522709869693801,0.0661639654783646,0.055262680746004045,0.14601184457819588,0.06521770920508677,0.03539004034358743,0.0703924579407599,0.1304197099836094,0.1572511495156862,,,,,,,SRB00040
2014-04-27,2690.54,0.59,15.4,0.035725370534056125,0.0668781934844768,0.056300700783906706,0.14718754411903948,0.06482356062829128,0.035112514298883464,0.0703924579407599,0.1304197099836094,0.1572511495156862,,,,,,,SRB00040
2014-04-28,2727.98,1.78,15.88,0.03622364237117423,0.067592421490589,0.05733872082180937,0.1483632436598831,0.06442941205149581,0.0348349882541795,0.0703924579407599,0.1304197099836094,0.1572511495156862,,,,,,,SRB00040
2014-04-29,2785.12,8.25,16.25,0.03672191420829234,0.0683066494967012,0.058376740859712034,0.1495389432007267,0.06403526347470033,0.03455746220947554,0.0703924579407599,0.1304197099836094,0.1572511495156862,,,,,,,SRB00040
2014-04-30,2856.59,3.12,15.59,0.03722018604541045,0.0690208775028134,0.0594147608976147,0.1507146427415703,0.06364111489790486,0.034279936164771575,0.0703924579407599,0.1304197099836094,0.1572511495156862,,,,,,,SRB00040
2014-05-01,2916.43,2.06,15.89,0.03771845788252856,0.0697351055089256,0.06045278093551737,0.15189034228241388,0.06324696632110938,0.03400241012006761,0.0703924579407599,0.1304197099836094,0.1572511495156862,,,,,,,SRB00040
2014-05-02,2984.38,1.32,16.18,0.03821672971964667,0.07044933351503781,0.06149080097342003,0.1530660418232575,0.06285281774431391,0.03372488407536365,0.0703924579407599,0.1304197099836094,0.1572511495156862,,,,,,,SRB00040
2014-05-03,3060.96,18.21,15.67,0.03871500155676478,0.07116356152115,0.06252882101132269,0.1542417413641011,0.06245866916751843,0.03344735803065969,0.0703924579407599,0.1304197099836094,0.1572511495156862,,,,,,,SRB00040
2014-05-04,3154.01,28.49,10.68,0.039213273393882885,0.0718777895272622,0.06356684104922536,0.1554174409049447,0.062064520590722955,0.033169831985955724,0.0703924579407599,0.1304197099836094,0.1572511495156862,,,,,,,SRB00040
2014-05-05,3220.07,0.0,11.39,0.039711545231001,0.0725920175333744,0.06460486108712803,0.15659314044578831,0.06167037201392748,0.03289230594125176,0.0703924579407599,0.1304197099836094,0.1572511495156862,,,,,,,SRB00040
2014-05-06,3249.87,0.0,13.1,0.0402098170681191,0.0733062455394866,0.0656428811250307,0.1577688399866319,0.061276223437132,0.0326147798965478,0.0703924579407599,0.1304197099836094,0.1572511495156862,,,,,,,SRB00040
2014-05-07,3302.7,0.11,16.93,0.04081084611521381,0.07449898812914782,0.06724786503477327,0.15672821013464883,0.06169135274476856,0.033619308395527764,0.0703924579407599,0.1304197099836094,0.1572511495156862,,,,,,,SRB00040
2014-05-08,3371.87,0.46,14.68,0.041411875162308515,0.07569173071880902,0.06885284894451586,0.15568758028266572,0.06210648205240511,0.03462383689450774,0.0703924579407599,0.1304197099836094,0.1572511495156862,,,,,,,SRB00040
2014-05-09,3302.7,0.0,16.99,0.04201290420940322,0.07688447330847023,0.07045783285425844,0.15464695043068263,0.06252161136004167,0.0356283653934877,0.0703924579407599,0.1304197099836094,0.1572511495156862,,,,,,,SRB00040
2014-05-10,3139.51,0.06,17.71,0.04261393325649793,0.07807721589813145,0.07206281676400102,0.15360632057869952,0.06293674066767822,0.036632893892467676,0.0703924579407599,0.1304197099836094,0.1572511495156862,,,,,,,SRB00040
2014-05-11,3018.95,0.7,19.21,0.04321496230359263,0.07926995848779267,0.07366780067374361,0.15256569072671644,0.06335186997531478,0.03763742239144764,0.0703924579407599,0.1304197099836094,0.1572511495156862,,,,,,,SRB00040
2014-05-12,3018.95,2.15,14.02,0.04381599135068734,0.08046270107745387,0.07527278458348619,0.15152506087473333,0.06376699928295133,0.038641950890427615,0.0703924579407599,0.1304197099836094,0.1572511495156862,,,,,,,SRB00040
2014-05-13,3125.08,3.0,14.42,0.044417020397782045,0.08165544366711508,0.07687776849322876,0.15048443102275025,0.06418212859058789,0.03964647938940758,0.0703924579407599,0.1304197099836094,0.1572511495156862,,,,,,,SRB00040
2014-05-14,3295.1,40.66,11.78,0.04501804944487675,0.0828481862567763,0.07848275240297134,0.14944380117076717,0.06459725789822446,0.04065100788838755,0.0703924579407599,0.1304197099836094,0.1572511495156862,,,,,,,SRB00040
2014-05-15,3563.51,35.58,10.62,0.04561907849197146,0.08404092884643752,0.08008773631271393,0.14840317131878406,0.06501238720586101,0.04165553638736752,0.0703924579407599,0.1304197099836094,0.1572511495156862,,,,,,,SRB00040
2014-05-16,3889.45,14.54,11.51,0.04622010753906616,0.08523367143609872,0.08169272022245651,0.14736254146680097,0.06542751651349757,0.042660064886347486,0.0703924579407599,0.1304197099836094,0.1572511495156862,,,,,,,SRB00040
2014-05-17,4101.04,4.18,11.45,0.04682113658616087,0.08642641402575993,0.08329770413219909,0.14632191161481786,0.06584264582113412,0.04366459338532746,0.0703924579407599,0.1304197099836094,0.1572511495156862,,,,,,,SRB00040
2014-05-18,4304.27,0.21,13.77,0.047422165633255575,0.08761915661542115,0.08490268804194168,0.14528128176283478,0.06625777512877068,0.044669121884307425,0.0703924579407599,0.1304197099836094,0.1572511495156862,,,,,,,SRB00040
2014-05-19,4851.89,0.0,16.79,0.04802319468035028,0.08881189920508237,0.08650767195168425,0.14424065191085167,0.06667290443640723,0.0456736503832874,0.0703924579407599,0.1304197099836094,0.1572511495156862,,,,,,,SRB00040
2014-05-20,5570.86,0.02,19.17,0.04862422372744499,0.09000464179474357,0.08811265586142683,0.1432000220588686,0.06708803374404379,0.046678178882267364,0.0703924579407599,0.1304197099836094,0.1572511495156862,,,,,,,SRB00040
2014-05-21,5846.9,0.0,20.67,0.04922525277453969,0.09119738438440478,0.08971763977116942,0.14215939220688548,0.06750316305168035,0.04768270738124734,0.0703924579407599,0.1304197099836094,0.1572511495156862,,,,,,,SRB00040
2014-05-22,5740.17,0.0,20.8,0.0498262818216344,0.092390126974066,0.091322623680912,0.1411187623549024,0.0679182923593169,0.0486872358802273,0.0703924579407599,0.1304197099836094,0.1572511495156862,,,,,,,SRB00040
2014-05-23,5469.16,0.01,21.34,0.04863071083899929,0.09040247597914465,0.08868991980974791,0.14081920812311557,0.06710031550293202,0.04729206636995791,0.0703924579407599,0.1304197099836094,0.1572511495156862,,,,,,,SRB00040
2014-05-24,5057.25,1.24,21.17,0.047435139856364175,0.08841482498422332,0.08605721593858383,0.14051965389132873,0.06628233864654715,0.045896896859688514,0.0703924579407599,0.1304197099836094,0.1572511495156862,,,,,,,SRB00040
2014-05-25,4622.81,5.02,21.31,0.04623956887372906,0.08642717398930197,0.08342451206741974,0.1402200996595419,0.06546436179016228,0.04450172734941912,0.0703924579407599,0.1304197099836094,0.1572511495156862,,,,,,,SRB00040
2014-05-26,4264.8,0.99,21.27,0.04504399789109395,0.08443952299438062,0.08079180819625564,0.13992054542775506,0.0646463849337774,0.043106557839149726,0.0703924579407599,0.1304197099836094,0.1572511495156862,,,,,,,SRB00040
2014-05-27,3998.45,2.36,20.09,0.04384842690845884,0.08245187199945928,0.07815910432509156,0.13962099119596824,0.06382840807739253,0.041711388328880335,0.0703924579407599,0.1304197099836094,0.1572511495156862,9.2,0.114,1.2189636,331.0,1.6,,SRB00040
2014-05-28,3800.89,0.2,17.54,0.04265285592582373,0.08046422100453793,0.07552640045392747,0.1393214369641814,0.06301043122100765,0.04031621881861094,0.0703924579407599,0.1304197099836094,0.1572511495156862,,,,,,,SRB00040
2014-05-29,3671.82,0.05,16.64,0.041457284943188615,0.0784765700096166,0.07289369658276339,0.13902188273239457,0.06219245436462278,0.038921049308341546,0.0703924579407599,0.1304197099836094,0.1572511495156862,,,,,,,SRB00040
2014-05-30,3671.82,0.27,14.37,0.0402617139605535,0.07648891901469525,0.0702609927115993,0.13872232850060773,0.0613744775082379,0.03752587979807215,0.0703924579407599,0.1304197099836094,0.1572511495156862,,,,,,,SRB00040
2014-05-31,4054.09,0.58,13.72,0.03906614297791838,0.0745012680197739,0.06762828884043522,0.1384227742688209,0.06055650065185302,0.03613071028780276,0.0703924579407599,0.1304197099836094,0.1572511495156862,,,,,,,SRB00040
2014-06-01,4908.08,2.5,14.86,0.03787057199528327,0.07251361702485257,0.06499558496927112,0.1381232200370341,0.05973852379546815,0.034735540777533366,0.0703924579407599,0.1304197099836094,0.1572511495156862,,,,,,,SRB00040
2014-06-02,5394.11,1.57,16.08,0.03667500101264816,0.07052596602993122,0.06236288109810704,0.13782366580524724,0.058920546939083274,0.03334037126726397,0.0703924579407599,0.1304197099836094,0.1572511495156862,,,,,,,SRB00040
2014-06-03,5283.45,0.03,17.4,0.03547943003001305,0.06853831503500987,0.059730177226942946,0.13752411157346042,0.058102570082698396,0.03194520175699458,0.0703924579407599,0.1304197099836094,0.1572511495156862,,,,,,,SRB00040
2014-06-04,4964.92,0.03,18.5,0.034283859047377935,0.06655066404008853,0.05709747335577886,0.13722455734167358,0.057284593226313525,0.030550032246725183,0.0703924579407599,0.1304197099836094,0.1572511495156862,,,,,,,SRB00040
2014-06-05,4633.47,0.0,20.66,0.03308828806474282,0.06456301304516718,0.054464769484614775,0.13692500310988676,0.05646661636992865,0.02915486273645579,0.0703924579407599,0.1304197099836094,0.1572511495156862,,,,,,,SRB00040
2014-06-06,4294.36,0.01,21.1,0.03189271708210771,0.06257536205024584,0.05183206561345068,0.1366254488780999,0.05564863951354378,0.027759693226186394,0.0703924579407599,0.1304197099836094,0.1572511495156862,,,,,,,SRB00040
2014-06-07,3989.25,0.0,22.52,0.0306971460994726,0.0605877110553245,0.0491993617422866,0.1363258946463131,0.0548306626571589,0.026364523715917,0.0703924579407599,0.1304197099836094,0.1572511495156862,,,,,,,SRB00040
2014-06-08,3714.35,0.01,24.57,0.030634403984239524,0.06064089790460162,0.04891600737501718,0.13783475724388541,0.055721834166621693,0.026898819660161295,0.0703924579407599,0.1304197099836094,0.1572511495156862,,,,,,,SRB00040
2014-06-09,3490.4,0.0,26.16,0.03057166186900645,0.060694084753878746,0.048632653007747766,0.13934361984145774,0.056613005676084495,0.027433115604405593,0.0703924579407599,0.1304197099836094,0.1572511495156862,,,,,,,SRB00040
2014-06-10,3310.31,0.0,27.59,0.030508919753773376,0.06074727160315587,0.04834929864047835,0.14085248243903006,0.05750417718554729,0.027967411548649887,0.0703924579407599,0.1304197099836094,0.1572511495156862,8.2,0.16,1.67946096,345.0,1.5,,SRB00040
2014-06-11,3168.57,0.61,26.92,0.030446177638540302,0.060800458452432996,0.048065944273208934,0.1423613450366024,0.058395348695010084,0.028501707492894185,0.0703924579407599,0.1304197099836094,0.1572511495156862,,,,,,,SRB00040
2014-06-12,3046.89,0.0,26.39,0.030383435523307228,0.06085364530171012,0.04778258990593952,0.14387020763417468,0.05928652020447288,0.02903600343713848,0.0703924579407599,0.1304197099836094,0.1572511495156862,,,,,,,SRB00040
2014-06-13,2970.67,0.83,24.24,0.030320693408074154,0.060906832150987245,0.0474992355386701,0.145379070231747,0.06017769171393568,0.029570299381382777,0.0703924579407599,0.1304197099836094,0.1572511495156862,,,,,,,SRB00040
2014-06-14,2963.83,1.04,19.94,0.03025795129284108,0.06096001900026437,0.047215881171400687,0.14688793282931933,0.061068863223398474,0.030104595325627072,0.0703924579407599,0.1304197099836094,0.1572511495156862,,,,,,,SRB00040
2014-06-15,2991.27,0.01,20.14,0.030195209177608005,0.061013205849541494,0.04693252680413127,0.14839679542689166,0.06196003473286127,0.03063889126987137,0.0703924579407599,0.1304197099836094,0.1572511495156862,,,,,,,SRB00040
2014-06-16,3005.08,4.41,18.64,0.03013246706237493,0.06106639269881862,0.046649172436861855,0.14990565802446398,0.06285120624232407,0.031173187214115664,0.0703924579407599,0.1304197099836094,0.1572511495156862,,,,,,,SRB00040
2014-06-17,2991.27,3.61,17.65,0.030069724947141857,0.06111957954809574,0.04636581806959244,0.1514145206220363,0.06374237775178686,0.03170748315835996,0.0703924579407599,0.1304197099836094,0.1572511495156862,,,,,,,SRB00040
2014-06-18,2950.21,0.21,18.72,0.030006982831908783,0.06117276639737287,0.04608246370232302,0.15292338321960863,0.06463354926124966,0.03224177910260426,0.0703924579407599,0.1304197099836094,0.1572511495156862,,,,,,,SRB00040
2014-06-19,2863.18,0.9,21.23,0.02994424071667571,0.06122595324664999,0.04579910933505361,0.15443224581718096,0.06552472077071246,0.032776075046848555,0.0703924579407599,0.1304197099836094,0.1572511495156862,,,,,,,SRB00040
2014-06-20,2746.89,0.77,20.07,0.029881498601442638,0.06127914009592711,0.04551575496778419,0.15594110841475325,0.06641589228017525,0.033310370991092846,0.0703924579407599,0.1304197099836094,0.1572511495156862,,,,,,,SRB00040
2014-06-21,2623.22,0.01,18.43,0.029818756486209564,0.061332326945204234,0.045232400600514776,0.15744997101232558,0.06730706378963805,0.033844666935337143,0.0703924579407599,0.1304197099836094,0.1572511495156862,,,,,,,SRB00040
2014-06-22,2516.68,0.0,22.04,0.02975601437097649,0.06138551379448136,0.04494904623324536,0.1589588336098979,0.06819823529910085,0.03437896287958144,0.0703924579407599,0.1304197099836094,0.1572511495156862,,,,,,,SRB00040
2014-06-23,2431.2,0.54,23.51,0.029693272255743416,0.06143870064375848,0.044665691865975944,0.16046769620747023,0.06908940680856364,0.03491325882382573,0.0703924579407599,0.1304197099836094,0.1572511495156862,,,,,,,SRB00040
2014-06-24,2386.81,3.07,22.61,0.02963053014051034,0.06149188749303561,0.04438233749870653,0.16197655880504255,0.06998057831802644,0.03544755476807003,0.0703924579407599,0.1304197099836094,0.1572511495156862,,,,,,,SRB00040
2014-06-25,2414.46,33.44,20.16,0.029567788025277267,0.06154507434231273,0.04409898313143711,0.16348542140261488,0.07087174982748924,0.03598185071231433,0.0703924579407599,0.1304197099836094,0.1572511495156862,,,,,,,SRB00040
2014-06-26,2545.83,0.78,18.69,0.029505045910044193,0.061598261191589856,0.0438156287641677,0.1649942840001872,0.07176292133695203,0.036516146656558626,0.0703924579407599,0.1304197099836094,0.1572511495156862,,,,,,,SRB00040
2014-06-27,2702.96,0.0,19.69,0.02944230379481112,0.06165144804086698,0.04353227439689828,0.16650314659775953,0.07265409284641483,0.03705044260080292,0.0703924579407599,0.1304197099836094,0.1572511495156862,,,,,,,SRB00040
2014-06-28,2791.54,0.0,21.98,0.029379561679578045,0.061704634890144106,0.043248920029628865,0.16801200919533185,0.07354526435587762,0.037584738545047215,0.0703924579407599,0.1304197099836094,0.1572511495156862,,,,,,,SRB00040
2014-06-29,2830.39,0.0,24.69,0.02931681956434497,0.06175782173942123,0.04296556566235945,0.16952087179290415,0.07443643586534042,0.03811903448929151,0.0703924579407599,0.1304197099836094,0.1572511495156862,,,,,,,SRB00040
2014-06-30,2843.46,11.41,20.37,0.029254077449111897,0.061811008588698355,0.04268221129509003,0.17102973439047647,0.07532760737480322,0.03865333043353581,0.0703924579407599,0.1304197099836094,0.1572511495156862,,,,,,,SRB00040
2014-07-01,2836.92,0.01,20.2,0.029191335333878823,0.06186419543797548,0.04239885692782062,0.1725385969880488,0.07621877888426601,0.0391876263777801,0.0703924579407599,0.1304197099836094,0.1572511495156862,,,,,,,SRB00040
2014-07-02,2863.18,0.01,22.34,0.02912859321864575,0.061917382287252604,0.0421155025605512,0.17404745958562112,0.07710995039372881,0.0397219223220244,0.0703924579407599,0.1304197099836094,0.1572511495156862,,,,,,,SRB00040
2014-07-03,3039.89,3.35,20.41,0.02948603855981653,0.06200246148115782,0.04244187848017697,0.18131568275606608,0.08055284584041222,0.04164302930384861,0.0703924579407599,0.1304197099836094,0.1572511495156862,,,,,,,SRB00040
2014-07-04,3482.37,0.0,21.33,0.02984348390098731,0.06208754067506303,0.04276825439980273,0.18858390592651103,0.08399574128709564,0.04356413628567282,0.0703924579407599,0.1304197099836094,0.1572511495156862,,,,,,,SRB00040
2014-07-05,3871.58,0.01,23.73,0.03020092924215809,0.06217261986896824,0.0430946303194285,0.19585212909695596,0.08743863673377905,0.04548524326749704,0.0703924579407599,0.1304197099836094,0.1572511495156862,,,,,,,SRB00040
2014-07-06,3934.5,0.09,26.31,0.03055837458332887,0.062257699062873456,0.04342100623905426,0.2031203522674009,0.09088153218046247,0.04740635024932125,0.0703924579407599,0.1304197099836094,0.1572511495156862,,,,,,,SRB00040
2014-07-07,3871.58,0.0,27.8,0.03091581992449965,0.06234277825677867,0.04374738215868003,0.21038857543784587,0.09432442762714588,0.04932745723114546,0.0703924579407599,0.1304197099836094,0.1572511495156862,,,,,,,SRB00040
2014-07-08,3757.37,3.35,25.54,0.03127326526567043,0.06242785745068388,0.04407375807830579,0.2176567986082908,0.09776732307382928,0.05124856421296968,0.0703924579407599,0.1304197099836094,0.1572511495156862,,,,,,,SRB00040
2014-07-09,3604.79,10.55,21.39,0.03163071060684121,0.0625129366445891,0.04440013399793156,0.22492502177873575,0.1012102185205127,0.05316967119479389,0.0703924579407599,0.1304197099836094,0.1572511495156862,,,,,,,SRB00040
2014-07-10,3490.4,10.01,20.15,0.03198815594801199,0.06259801583849431,0.04472650991755732,0.2321932449491807,0.1046531139671961,0.0550907781766181,0.0703924579407599,0.1304197099836094,0.1572511495156862,,,,,,,SRB00040
2014-07-11,3450.44,10.4,16.97,0.03234560128918277,0.06268309503239952,0.04505288583718309,0.23946146811962565,0.10809600941387952,0.05701188515844231,0.0703924579407599,0.1304197099836094,0.1572511495156862,,,,,,,SRB00040
2014-07-12,3547.13,0.71,20.78,0.032703046630353554,0.06276817422630473,0.045379261756808856,0.2467296912900706,0.11153890486056293,0.058932992140266524,0.0703924579407599,0.1304197099836094,0.1572511495156862,,,,,,,SRB00040
2014-07-13,3766.04,4.01,22.75,0.03306049197152433,0.06285325342020995,0.04570563767643462,0.25399791446051556,0.11498180030724635,0.06085409912209074,0.0703924579407599,0.1304197099836094,0.1572511495156862,,,,,,,SRB00040
2014-07-14,3871.58,0.89,23.17,0.033417937312695115,0.06293833261411516,0.046032013596060385,0.2612661376309605,0.11842469575392976,0.06277520610391496,0.0703924579407599,0.1304197099836094,0.1572511495156862,,,,,,,SRB00040
2014-07-15,3809.66,8.86,22.9,0.03377538265386589,0.06302341180802037,0.046358389515686146,0.2685343608014054,0.12186759120061318,0.06469631308573917,0.0703924579407599,0.1304197099836094,0.1572511495156862,,,,,,,SRB00040
2014-07-16,3705.81,0.65,24.29,0.034132827995036676,0.06310849100192559,0.046684765435311915,0.27580258397185037,0.12531048664729658,0.06661742006756338,0.0703924579407599,0.1304197099836094,0.1572511495156862,,,,,,,SRB00040
2014-07-17,3638.15,3.27,23.66,0.03449027333620745,0.0631935701958308,0.047011141354937676,0.2830708071422953,0.12875338209398,0.0685385270493876,0.0703924579407599,0.1304197099836094,0.1572511495156862,,,,,,,SRB00040
2014-07-18,3571.73,2.31,22.61,0.03484771867737824,0.06327864938973601,0.047337517274563444,0.2903390303127403,0.1321962775406634,0.0704596340312118,0.0703924579407599,0.1304197099836094,0.1572511495156862,,,,,,,SRB00040
2014-07-19,3490.4,0.0,25.57,0.035205164018549014,0.06336372858364123,0.04766389319418921,0.29760725348318523,0.13563917298734682,0.07238074101303602,0.0703924579407599,0.1304197099836094,0.1572511495156862,,,,,,,SRB00040
2014-07-20,3379.65,0.0,26.74,0.0355626093597198,0.06344880777754644,0.04799026911381497,0.3048754766536302,0.13908206843403023,0.07430184799486023,0.0703924579407599,0.1304197099836094,0.1572511495156862,,,,,,,SRB00040
2014-07-21,3242.4,3.49,25.61,0.035920054700890575,0.06353388697145165,0.04831664503344074,0.31214369982407514,0.14252496388071365,0.07622295497668444,0.0703924579407599,0.1304197099836094,0.1572511495156862,8.6,0.098,1.00000162,310.0,1.3,,SRB00040
2014-07-22,3103.56,1.09,22.99,0.03627750004206136,0.06361896616535687,0.0486430209530665,0.31941192299452004,0.14596785932739706,0.07814406195850865,0.0703924579407599,0.1304197099836094,0.1572511495156862,,,,,,,SRB00040
2014-07-23,2963.83,7.93,20.49,0.036634945383232136,0.06370404535926208,0.04896939687269227,0.326680146164965,0.14941075477408047,0.08006516894033287,0.0703924579407599,0.1304197099836094,0.1572511495156862,,,,,,,SRB00040
2014-07-24,2923.15,0.02,23.0,0.03699239072440291,0.06378912455316729,0.04929577279231803,0.33394836933540994,0.1528536502207639,0.08198627592215708,0.0703924579407599,0.1304197099836094,0.1572511495156862,,,,,,,SRB00040
2014-07-25,3279.95,0.0,24.91,0.0373498360655737,0.0638742037470725,0.0496221487119438,0.3412165925058549,0.1562965456674473,0.0839073829039813,0.0703924579407599,0.1304197099836094,0.1572511495156862,,,,,,,SRB00040
2014-07-26,4110.5,0.03,26.32,0.03751169037656741,0.06450848441715128,0.050509488629138274,0.3343311858996549,0.15337476143621137,0.08241481675046054,0.0703924579407599,0.1304197099836094,0.1572511495156862,,,,,,,SRB00040
2014-07-27,4517.56,12.78,22.37,0.03767354468756112,0.06514276508723005,0.05139682854633275,0.3274457792934549,0.1504529772049754,0.08092225059693979,0.0703924579407599,0.1304197099836094,0.1572511495156862,,,,,,,SRB00040
2014-07-28,4445.31,7.16,21.49,0.037835398998554835,0.06577704575730883,0.05228416846352722,0.3205603726872549,0.14753119297373948,0.07942968444341904,0.0703924579407599,0.1304197099836094,0.1572511495156862,,,,,,,SRB00040
2014-07-29,4235.43,0.28,23.7,0.03799725330954855,0.0664113264273876,0.053171508380721696,0.3136749660810549,0.14460940874250353,0.07793711828989829,0.0703924579407599,0.1304197099836094,0.1572511495156862,8.1,0.118,1.02934704,323.0,1.0,,SRB00040
2014-07-30,4063.43,6.01,25.77,0.038159107620542254,0.06704560709746638,0.05405884829791617,0.30678955947485487,0.1416876245112676,0.07644455213637753,0.0703924579407599,0.1304197099836094,0.1572511495156862,,,,,,,SRB00040
2014-07-31,4007.67,6.23,20.64,0.03832096193153597,0.06767988776754515,0.054946188215110645,0.2999041528686549,0.13876584028003164,0.07495198598285677,0.0703924579407599,0.1304197099836094,0.1572511495156862,,,,,,,SRB00040
2014-08-01,4139.0,4.61,22.48,0.03848281624252968,0.06831416843762392,0.05583352813230512,0.2930187462624549,0.1358440560487957,0.07345941982933601,0.0703924579407599,0.1304197099836094,0.1572511495156862,,,,,,,SRB00040
2014-08-02,4394.42,0.78,24.24,0.03864467055352339,0.0689484491077027,0.05672086804949959,0.28613333965625487,0.13292227181755978,0.07196685367581526,0.0703924579407599,0.1304197099836094,0.1572511495156862,,,,,,,SRB00040
2014-08-03,4908.08,1.22,25.32,0.038806524864517106,0.06958272977778147,0.05760820796669407,0.2792479330500549,0.13000048758632382,0.07047428752229451,0.0703924579407599,0.1304197099836094,0.1572511495156862,,,,,,,SRB00040
2014-08-04,5419.01,3.81,23.63,0.03896837917551082,0.07021701044786025,0.05849554788388854,0.2723625264438549,0.1270787033550879,0.06898172136877376,0.0703924579407599,0.1304197099836094,0.1572511495156862,,,,,,,SRB00040
2014-08-05,5394.11,6.23,23.71,0.03913023348650453,0.07085129111793902,0.059382887801083015,0.2654771198376549,0.12415691912385193,0.067489155215253,0.0703924579407599,0.1304197099836094,0.1572511495156862,,,,,,,SRB00040
2014-08-06,5151.29,20.75,20.68,0.039292087797498244,0.07148557178801779,0.06027022771827749,0.25859171323145486,0.121235134892616,0.06599658906173225,0.0703924579407599,0.1304197099836094,0.1572511495156862,,,,,,,SRB00040
2014-08-07,5045.61,2.67,22.06,0.03945394210849195,0.07211985245809657,0.06115756763547196,0.2517063066252549,0.11831335066138006,0.0645040229082115,0.0703924579407599,0.1304197099836094,0.1572511495156862,,,,,,,SRB00040
2014-08-08,5080.6,3.46,23.04,0.03961579641948566,0.07275413312817534,0.06204490755266644,0.24482090001905488,0.11539156643014412,0.06301145675469075,0.0703924579407599,0.1304197099836094,0.1572511495156862,,,,,,,SRB00040
2014-08-09,5068.91,0.0,24.18,0.039777650730479376,0.07338841379825412,0.06293224746986091,0.23793549341285486,0.11246978219890817,0.06151889060116999,0.0703924579407599,0.1304197099836094,0.1572511495156862,,,,,,,SRB00040
2014-08-10,4896.79,0.12,25.67,0.03993950504147309,0.07402269446833289,0.06381958738705538,0.23105008680665487,0.10954799796767223,0.060026324447649236,0.0703924579407599,0.1304197099836094,0.1572511495156862,,,,,,,SRB00040
2014-08-11,4559.37,0.04,26.99,0.0401013593524668,0.07465697513841166,0.06470692730424986,0.22416468020045488,0.10662621373643628,0.058533758294128484,0.0703924579407599,0.1304197099836094,0.1572511495156862,,,,,,,SRB00040
2014-08-12,4177.3,0.0,25.99,0.040263213663460515,0.07529125580849044,0.06559426722144433,0.21727927359425486,0.10370442950520034,0.05704119214060773,0.0703924579407599,0.1304197099836094,0.1572511495156862,,,,,,,SRB00040
2014-08-13,3889.45,0.0,27.07,0.04042506797445423,0.07592553647856921,0.0664816071386388,0.21039386698805487,0.1007826452739644,0.05554862598708697,0.0703924579407599,0.1304197099836094,0.1572511495156862,,,,,,,SRB00040
2014-08-14,3740.11,3.74,23.83,0.04058692228544794,0.07655981714864799,0.06736894705583328,0.20350846038185486,0.09786086104272845,0.05405605983356622,0.0703924579407599,0.1304197099836094,0.1572511495156862,,,,,,,SRB00040
2014-08-15,3792.15,0.62,21.06,0.040748776596441647,0.07719409781872676,0.06825628697302775,0.19662305377565487,0.09493907681149252,0.05256349368004547,0.0703924579407599,0.1304197099836094,0.1572511495156862,,,,,,,SRB00040
2014-08-16,4334.11,0.57,19.81,0.04091063090743536,0.07782837848880553,0.06914362689022223,0.18973764716945485,0.09201729258025658,0.051070927526524715,0.0703924579407599,0.1304197099836094,0.1572511495156862,,,,,,,SRB00040
2014-08-17,5198.96,0.03,19.22,0.04107248521842907,0.07846265915888431,0.0700309668074167,0.18285224056325486,0.08909550834902064,0.04957836137300396,0.0703924579407599,0.1304197099836094,0.1572511495156862,,,,,,,SRB00040
2014-08-18,5431.5,0.0,20.38,0.041234339529422785,0.07909693982896308,0.07091830672461118,0.17596683395705487,0.08617372411778469,0.04808579521948321,0.0703924579407599,0.1304197099836094,0.1572511495156862,,,,,,,SRB00040
2014-08-19,5163.16,0.0,22.63,0.0413961938404165,0.07973122049904185,0.07180564664180565,0.16908142735085485,0.08325193988654875,0.04659322906596245,0.0703924579407599,0.1304197099836094,0.1572511495156862,,,,,,,SRB00040
2014-08-20,4840.72,0.12,24.1,0.041040473178740794,0.07903571417107232,0.07116402536601459,0.16698420403811862,0.08223586104964861,0.04596286550265849,0.0703924579407599,0.1304197099836094,0.1572511495156862,,,,,,,SRB00040
2014-08-21,4538.42,4.36,20.03,0.04068475251706509,0.07834020784310276,0.07052240409022353,0.16488698072538235,0.08121978221274849,0.04533250193935453,0.0703924579407599,0.1304197099836094,0.1572511495156862,,,,,,,SRB00040
2014-08-22,4254.98,0.05,21.12,0.040329031855389386,0.07764470151513322,0.06988078281443247,0.16278975741264612,0.08020370337584835,0.04470213837605057,0.0703924579407599,0.1304197099836094,0.1572511495156862,,,,,,,SRB00040
2014-08-23,4063.43,4.22,22.06,0.03997331119371368,0.07694919518716369,0.06923916153864142,0.16069253409990988,0.07918762453894822,0.04407177481274661,0.0703924579407599,0.1304197099836094,0.1572511495156862,,,,,,,SRB00040
2014-08-24,3970.92,1.22,19.85,0.03961759053203797,0.07625368885919415,0.06859754026285035,0.15859531078717365,0.07817154570204808,0.043441411249442646,0.0703924579407599,0.1304197099836094,0.1572511495156862,,,,,,,SRB00040
2014-08-25,3970.92,0.01,17.87,0.039261869870362266,0.0755581825312246,0.06795591898705929,0.1564980874744374,0.07715546686514796,0.04281104768613869,0.0703924579407599,0.1304197099836094,0.1572511495156862,,,,,,,SRB00040
2014-08-26,3980.07,0.0,21.17,0.03890614920868656,0.07486267620325505,0.06731429771126823,0.15440086416170115,0.07613938802824782,0.04218068412283473,0.0703924579407599,0.1304197099836094,0.1572511495156862,,,,,,,SRB00040
2014-08-27,3961.78,9.79,19.66,0.03855042854701086,0.07416716987528552,0.06667267643547717,0.15230364084896492,0.07512330919134769,0.04155032055953077,0.0703924579407599,0.1304197099836094,0.1572511495156862,,,,,,,SRB00040
2014-08-28,3934.5,0.01,17.73,0.038194707885335154,0.07347166354731598,0.0660310551596861,0.15020641753622868,0.07410723035444756,0.04091995699622681,0.0703924579407599,0.1304197099836094,0.1572511495156862,,,,,,,SRB00040
2014-08-29,3853.78,0.0,19.63,0.03783898722365945,0.07277615721934642,0.06538943388389505,0.14810919422349242,0.07309115151754743,0.04028959343292285,0.0703924579407599,0.1304197099836094,0.1572511495156862,,,,,,,SRB00040
2014-08-30,3757.37,0.0,21.25,0.037483266561983745,0.07208065089137689,0.06474781260810399,0.14601197091075618,0.07207507268064729,0.03965922986961889,0.0703924579407599,0.1304197099836094,0.1572511495156862,,,,,,,SRB00040
2014-08-31,3705.81,0.03,22.97,0.037127545900308034,0.07138514456340735,0.06410619133231293,0.14391474759801995,0.07105899384374717,0.03902886630631493,0.0703924579407599,0.1304197099836094,0.1572511495156862,,,,,,,SRB00040
2014-09-01,3697.28,4.66,20.65,0.03677182523863233,0.07068963823543781,0.06346457005652187,0.1418175242852837,0.07004291500684703,0.038398502743010966,0.0703924579407599,0.1304197099836094,0.1572511495156862,,,,,,,SRB00040
2014-09-02,3705.81,2.31,19.63,0.036416104576956626,0.06999413190746825,0.0628229487807308,0.13972030097254745,0.0690268361699469,0.037768139179707005,0.0703924579407599,0.1304197099836094,0.1572511495156862,,,,,,,SRB00040
2014-09-03,3961.78,19.78,19.82,0.03606038391528092,0.06929862557949872,0.062181327504939744,0.13762307765981122,0.06801075733304676,0.037137775616403045,0.0703924579407599,0.1304197099836094,0.1572511495156862,,,,,,,SRB00040
2014-09-04,4829.59,9.8,19.2,0.03570466325360522,0.06860311925152918,0.061539706229148686,0.13552585434707498,0.06699467849614664,0.036507412053099084,0.0703924579407599,0.1304197099836094,0.1572511495156862,,,,,,,SRB00040
2014-09-05,5873.89,2.18,18.95,0.035348942591929514,0.06790761292355964,0.06089808495335763,0.13342863103433872,0.0659785996592465,0.03587704848979513,0.0703924579407599,0.1304197099836094,0.1572511495156862,,,,,,,SRB00040
2014-09-06,6265.14,3.12,19.03,0.03499322193025381,0.06721210659559008,0.06025646367756657,0.13133140772160248,0.06496252082234637,0.03524668492649117,0.0703924579407599,0.1304197099836094,0.1572511495156862,,,,,,,SRB00040
2014-09-07,6136.62,0.35,19.44,0.034637501268578105,0.06651660026762055,0.05961484240177551,0.12923418440886625,0.06394644198544625,0.03461632136318721,0.0703924579407599,0.1304197099836094,0.1572511495156862,,,,,,,SRB00040
2014-09-08,5779.96,2.17,20.24,0.0342817806069024,0.06582109393965101,0.058973221125984444,0.12713696109613,0.06293036314854611,0.03398595779988325,0.0703924579407599,0.1304197099836094,0.1572511495156862,,,,,,,SRB00040
2014-09-09,5332.35,0.0,21.37,0.03392605994522669,0.06512558761168147,0.058331599850193386,0.12503973778339375,0.06191428431164597,0.033355594236579286,0.0703924579407599,0.1304197099836094,0.1572511495156862,,,,,,,SRB00040
2014-09-10,4896.79,4.86,20.53,0.033570339283550986,0.06443008128371192,0.05768997857440233,0.12294251447065752,0.060898205474745844,0.032725230673275325,0.0703924579407599,0.1304197099836094,0.1572511495156862,,,,,,,SRB00040
2014-09-11,4548.88,8.04,20.2,0.03321461862187528,0.06373457495574238,0.05704835729861127,0.12084529115792128,0.059882126637845715,0.032094867109971364,0.0703924579407599,0.1304197099836094,0.1572511495156862,,,,,,,SRB00040
2014-09-12,4354.12,11.32,19.09,0.03285889796019958,0.06303906862777284,0.0564067360228202,0.11874806784518503,0.05886604780094558,0.031464503546667404,0.0703924579407599,0.1304197099836094,0.1572511495156862,,,,,,,SRB00040
2014-09-13,4334.11,7.44,20.57,0.03250317729852387,0.06234356229980329,0.055765114747029144,0.1166508445324488,0.05784996896404545,0.030834139983363446,0.0703924579407599,0.1304197099836094,0.1572511495156862,,,,,,,SRB00040
2014-09-14,4496.8,10.84,17.62,0.03214745663684817,0.06164805597183375,0.055123493471238086,0.11455362121971255,0.05683389012714531,0.030203776420059485,0.0703924579407599,0.1304197099836094,0.1572511495156862,,,,,,,SRB00040
2014-09-15,4863.07,7.55,16.34,0.031791735975172465,0.06095254964386421,0.05448187219544703,0.11245639790697631,0.055817811290245184,0.029573412856755524,0.0703924579407599,0.1304197099836094,0.1572511495156862,,,,,,,SRB00040
2014-09-16,5532.5,1.05,17.1,0.031436015313496754,0.06025704331589467,0.05384025091965596,0.11035917459424006,0.054801732453345055,0.028943049293451564,0.0703924579407599,0.1304197099836094,0.1572511495156862,8.3,0.169,1.28894114,336.0,2.0,,SRB00040
2014-09-17,6381.64,0.01,16.55,0.031080294651821053,0.05956153698792512,0.0531986296438649,0.10826195128150383,0.05378565361644492,0.028312685730147603,0.0703924579407599,0.1304197099836094,0.1572511495156862,,,,,,,SRB00040
2014-09-18,6791.04,0.0,16.37,0.030724573990145346,0.05886603065995558,0.052557008368073845,0.10616472796876758,0.05276957477954479,0.027682322166843645,0.0703924579407599,0.1304197099836094,0.1572511495156862,,,,,,,SRB00040
2014-09-19,6605.93,0.05,18.64,0.03036885332846964,0.05817052433198604,0.051915387092282786,0.10406750465603135,0.05175349594264465,0.027051958603539684,0.0703924579407599,0.1304197099836094,0.1572511495156862,,,,,,,SRB00040
2014-09-20,6164.95,4.48,19.75,0.030013132666793937,0.0574750180040165,0.05127376581649172,0.1019702813432951,0.050737417105744524,0.026421595040235724,0.0703924579407599,0.1304197099836094,0.1572511495156862,,,,,,,SRB00040
2014-09-21,5661.39,2.98,19.4,0.029657412005118233,0.05677951167604695,0.05063214454070066,0.09987305803055885,0.049721338268844395,0.025791231476931763,0.0703924579407599,0.1304197099836094,0.1572511495156862,,,,,,,SRB00040
2014-09-22,5163.16,9.59,15.06,0.02930169134344253,0.056084005348077406,0.0499905232649096,0.09777583471782261,0.04870525943194426,0.025160867913627802,0.0703924579407599,0.1304197099836094,0.1572511495156862,,,,,,,SRB00040
2014-09-23,4752.35,0.14,12.24,0.02894597068176682,0.05538849902010787,0.049348901989118545,0.09567861140508636,0.04768918059504413,0.024530504350323844,0.0703924579407599,0.1304197099836094,0.1572511495156862,,,,,,,SRB00040
2014-09-24,4455.56,0.0,11.42,0.028590250020091117,0.05469299269213832,0.048707280713327486,0.09358138809235013,0.046673101758143994,0.023900140787019884,0.0703924579407599,0.1304197099836094,0.1572511495156862,,,,,,,SRB00040
2014-09-25,4334.11,0.84,13.6,0.028234529358415413,0.05399748636416878,0.04806565943753642,0.09148416477961388,0.045657022921243864,0.023269777223715923,0.0703924579407599,0.1304197099836094,0.1572511495156862,,,,,,,SRB00040
2014-09-26,4445.31,0.75,13.02,0.027878808696739706,0.05330198003619924,0.04742403816174536,0.08938694146687765,0.044640944084343735,0.022639413660411962,0.0703924579407599,0.1304197099836094,0.1572511495156862,,,,,,,SRB00040
2014-09-27,4590.98,0.11,14.2,0.027523088035064,0.0526064737082297,0.0467824168859543,0.0872897181541414,0.0436248652474436,0.022009050097108,0.0703924579407599,0.1304197099836094,0.1572511495156862,,,,,,,SRB00040
2014-09-28,4538.42,0.02,15.64,0.027970625995411252,0.05329299101107353,0.04739922559036076,0.08848932304601032,0.045618303826970484,0.023232799554532894,0.0703924579407599,0.1304197099836094,0.1572511495156862,,,,,,,SRB00040
2014-09-29,4384.31,0.0,15.18,0.028418163955758503,0.05397950831391736,0.04801603429476723,0.08968892793787923,0.047611742406497376,0.02445654901195779,0.0703924579407599,0.1304197099836094,0.1572511495156862,,,,,,,SRB00040
2014-09-30,4254.98,0.0,16.72,0.02886570191610575,0.05466602561676119,0.04863284299917369,0.09088853282974815,0.04960518098602426,0.025680298469382683,0.0703924579407599,0.1304197099836094,0.1572511495156862,,,,,,,SRB00040
2014-10-01,4110.5,0.0,16.88,0.029313239876453002,0.05535254291960502,0.04924965170358015,0.09208813772161707,0.051598619565551146,0.026904047926807576,0.0703924579407599,0.1304197099836094,0.1572511495156862,,,,,,,SRB00040
2014-10-02,3898.42,1.39,15.6,0.029760777836800253,0.05603906022244886,0.04986646040798662,0.09328774261348599,0.05359205814507804,0.028127797384232472,0.0703924579407599,0.1304197099836094,0.1572511495156862,,,,,,,SRB00040
2014-10-03,3646.54,1.37,14.9,0.0302083157971475,0.05672557752529269,0.05048326911239308,0.09448734750535491,0.05558549672460492,0.029351546841657365,0.0703924579407599,0.1304197099836094,0.1572511495156862,,,,,,,SRB00040
2014-10-04,3434.58,0.18,13.28,0.03065585375749475,0.05741209482813652,0.05110007781679954,0.09568695239722383,0.05757893530413181,0.030575296299082257,0.0703924579407599,0.1304197099836094,0.1572511495156862,,,,,,,SRB00040
2014-10-05,3333.26,0.14,12.28,0.031103391717842002,0.05809861213098035,0.051716886521206,0.09688655728909275,0.0595723738836587,0.031799045756507154,0.0703924579407599,0.1304197099836094,0.1572511495156862,,,,,,,SRB00040
2014-10-06,3379.65,0.0,13.71,0.03155092967818925,0.05878512943382418,0.052333695225612466,0.09808616218096167,0.061565812463185585,0.033022795213932046,0.0703924579407599,0.1304197099836094,0.1572511495156862,,,,,,,SRB00040
2014-10-07,3418.79,0.0,14.81,0.031998467638536504,0.059471646736668014,0.052950503930018926,0.09928576707283059,0.06355925104271247,0.03424654467135694,0.0703924579407599,0.1304197099836094,0.1572511495156862,,,,,,,SRB00040
2014-10-08,3310.31,0.02,15.72,0.032446005598883755,0.060158164039511845,0.053567312634425386,0.1004853719646995,0.06555268962223935,0.03547029412878183,0.0703924579407599,0.1304197099836094,0.1572511495156862,,,,,,,SRB00040
2014-10-09,3125.08,0.0,16.92,0.032893543559231006,0.06084468134235568,0.05418412133883185,0.10168497685656842,0.06754612820176624,0.036694043586206725,0.0703924579407599,0.1304197099836094,0.1572511495156862,,,,,,,SRB00040
2014-10-10,2943.42,0.0,17.86,0.03334108151957825,0.061531198645199514,0.05480093004323831,0.10288458174843734,0.06953956678129314,0.037917793043631624,0.0703924579407599,0.1304197099836094,0.1572511495156862,,,,,,,SRB00040
2014-10-11,2778.71,0.0,17.57,0.0337886194799255,0.062217715948043345,0.055417738747644774,0.10408418664030626,0.07153300536082002,0.03914154250105652,0.0703924579407599,0.1304197099836094,0.1572511495156862,,,,,,,SRB00040
2014-10-12,2635.33,0.0,18.44,0.03423615744027275,0.06290423325088718,0.05603454745205124,0.10528379153217518,0.07352644394034691,0.04036529195848141,0.0703924579407599,0.1304197099836094,0.1572511495156862,,,,,,,SRB00040
2014-10-13,2505.11,0.0,19.41,0.03468369540062,0.063590750553731,0.0566513561564577,0.1064833964240441,0.0755198825198738,0.0415890414159063,0.0703924579407599,0.1304197099836094,0.1572511495156862,9.2,0.125,1.27991178,437.0,1.0,,SRB00040
2014-10-14,2392.32,2.85,20.04,0.03475558483016034,0.06365230844826773,0.05670859907412699,0.10572011122272401,0.07526206426472624,0.04154826851682406,0.0703924579407599,0.1304197099836094,0.1572511495156862,,,,,,,SRB00040
2014-10-15,2305.75,6.43,18.55,0.03482747425970069,0.06371386634280446,0.05676584199179627,0.10495682602140392,0.0750042460095787,0.04150749561774182,0.0703924579407599,0.1304197099836094,0.1572511495156862,,,,,,,SRB00040
2014-10-16,2258.44,23.15,17.65,0.03489936368924103,0.06377542423734119,0.056823084909465554,0.10419354082008384,0.07474642775443115,0.04146672271865958,0.0703924579407599,0.1304197099836094,0.1572511495156862,,,,,,,SRB00040
2014-10-17,2258.44,5.12,16.93,0.03497125311878137,0.06383698213187791,0.05688032782713484,0.10343025561876373,0.0744886094992836,0.04142594981957734,0.0703924579407599,0.1304197099836094,0.1572511495156862,,,,,,,SRB00040
2014-10-18,2284.6,0.06,14.18,0.03504314254832171,0.06389854002641462,0.05693757074480412,0.10266697041744365,0.07423079124413605,0.04138517692049509,0.0703924579407599,0.1304197099836094,0.1572511495156862,,,,,,,SRB00040
2014-10-19,2316.39,0.0,13.29,0.03511503197786205,0.06396009792095135,0.05699481366247341,0.10190368521612356,0.0739729729889885,0.04134440402141285,0.0703924579407599,0.1304197099836094,0.1572511495156862,,,,,,,SRB00040
2014-10-20,2354.05,0.0,15.16,0.03518692140740239,0.06402165581548808,0.05705205658014269,0.10114040001480347,0.07371515473384095,0.04130363112233061,0.0703924579407599,0.1304197099836094,0.1572511495156862,,,,,,,SRB00040
2014-10-21,2408.91,0.17,15.87,0.03525881083694273,0.0640832137100248,0.057109299497811974,0.10037711481348338,0.0734573364786934,0.04126285822324837,0.0703924579407599,0.1304197099836094,0.1572511495156862,,,,,,,SRB00040
2014-10-22,2516.68,16.74,9.81,0.03533070026648308,0.06414477160456153,0.05716654241548126,0.0996138296121633,0.07319951822354585,0.04122208532416613,0.0703924579407599,0.1304197099836094,0.1572511495156862,,,,,,,SRB00040
2014-10-23,2672.01,12.35,7.08,0.03540258969602342,0.06420632949909826,0.05722378533315054,0.0988505444108432,0.0729416999683983,0.04118131242508389,0.0703924579407599,0.1304197099836094,0.1572511495156862,,,,,,,SRB00040
2014-10-24,2950.21,8.14,9.1,0.03547447912556376,0.06426788739363498,0.05728102825081983,0.0980872592095231,0.07268388171325076,0.04114053952600165,0.0703924579407599,0.1304197099836094,0.1572511495156862,,,,,,,SRB00040
2014-10-25,3621.43,0.17,8.88,0.0355463685551041,0.06432944528817171,0.057338271168489115,0.09732397400820302,0.07242606345810321,0.04109976662691941,0.0703924579407599,0.1304197099836094,0.1572511495156862,,,,,,,SRB00040
2014-10-26,5381.7,0.03,6.76,0.03561825798464444,0.06439100318270842,0.057395514086158395,0.09656068880688293,0.07216824520295566,0.04105899372783716,0.0703924579407599,0.1304197099836094,0.1572511495156862,,,,,,,SRB00040
2014-10-27,6838.12,0.0,6.09,0.03569014741418478,0.06445256107724515,0.05745275700382768,0.09579740360556284,0.07191042694780811,0.04101822082875492,0.0703924579407599,0.1304197099836094,0.1572511495156862,,,,,,,SRB00040
2014-10-28,6636.43,0.0,4.51,0.03576203684372512,0.06451411897178187,0.05750999992149697,0.09503411840424275,0.07165260869266056,0.04097744792967268,0.0703924579407599,0.1304197099836094,0.1572511495156862,,,,,,,SRB00040
2014-10-29,5969.35,0.0,5.21,0.03583392627326547,0.0645756768663186,0.05756724283916625,0.09427083320292266,0.07139479043751301,0.04093667503059044,0.0703924579407599,0.1304197099836094,0.1572511495156862,,,,,,,SRB00040
2014-10-30,5356.97,0.01,5.97,0.03590581570280581,0.06463723476085532,0.057624485756835535,0.09350754800160256,0.07113697218236546,0.0408959021315082,0.0703924579407599,0.1304197099836094,0.1572511495156862,,,,,,,SRB00040
2014-10-31,4785.3,0.0,6.08,0.03597770513234615,0.06469879265539205,0.057681728674504815,0.09274426280028247,0.07087915392721791,0.04085512923242596,0.0703924579407599,0.1304197099836094,0.1572511495156862,,,,,,,SRB00040
2014-11-01,4254.98,0.01,6.83,0.03604959456188649,0.06476035054992878,0.0577389715921741,0.09198097759896239,0.07062133567207036,0.04081435633334372,0.0703924579407599,0.1304197099836094,0.1572511495156862,,,,,,,SRB00040
2014-11-02,3792.15,0.0,7.11,0.03612148399142683,0.0648219084444655,0.05779621450984339,0.0912176923976423,0.07036351741692282,0.040773583434261476,0.0703924579407599,0.1304197099836094,0.1572511495156862,,,,,,,SRB00040
2014-11-03,3418.79,0.01,6.82,0.03619337342096717,0.06488346633900222,0.05785345742751267,0.09045440719632221,0.07010569916177527,0.04073281053517923,0.0703924579407599,0.1304197099836094,0.1572511495156862,,,,,,,SRB00040
2014-11-04,3125.08,0.2,9.84,0.03626526285050751,0.06494502423353894,0.057910700345181955,0.08969112199500212,0.06984788090662773,0.04069203763609699,0.0703924579407599,0.1304197099836094,0.1572511495156862,,,,,,,SRB00040
2014-11-05,2903.02,0.0,12.45,0.03633715228004786,0.06500658212807567,0.05796794326285124,0.08892783679368203,0.06959006265148018,0.04065126473701475,0.0703924579407599,0.1304197099836094,0.1572511495156862,,,,,,,SRB00040
2014-11-06,2740.57,0.02,14.16,0.0364090417095882,0.0650681400226124,0.05802518618052052,0.08816455159236193,0.06933224439633263,0.04061049183793251,0.0703924579407599,0.1304197099836094,0.1572511495156862,,,,,,,SRB00040
2014-11-07,2611.16,0.53,15.83,0.036480931139128536,0.06512969791714912,0.05808242909818981,0.08740126639104184,0.06907442614118509,0.040569718938850266,0.0703924579407599,0.1304197099836094,0.1572511495156862,,,,,,,SRB00040
2014-11-08,2516.68,0.04,13.75,0.03655282056866888,0.06519125581168585,0.05813967201585909,0.08663798118972175,0.06881660788603754,0.040528946039768025,0.0703924579407599,0.1304197099836094,0.1572511495156862,,,,,,,SRB00040
2014-11-09,2563.48,0.03,12.14,0.03662470999820922,0.06525281370622257,0.058196914933528375,0.08587469598840167,0.06855878963088999,0.040488173140685785,0.0703924579407599,0.1304197099836094,0.1572511495156862,,,,,,,SRB00040
2014-11-10,2923.15,0.02,11.56,0.03669659942774956,0.0653143716007593,0.05825415785119766,0.08511141078708158,0.06830097137574244,0.040447400241603544,0.0703924579407599,0.1304197099836094,0.1572511495156862,,,,,,,SRB00040
2014-11-11,3371.87,0.01,12.02,0.0367684888572899,0.06537592949529601,0.05831140076886694,0.08434812558576149,0.06804315312059489,0.0404066273425213,0.0703924579407599,0.1304197099836094,0.1572511495156862,,,,,,,SRB00040
2014-11-12,3613.1,0.02,10.85,0.03684037828683025,0.06543748738983274,0.05836864368653623,0.0835848403844414,0.06778533486544734,0.040365854443439056,0.0703924579407599,0.1304197099836094,0.1572511495156862,,,,,,,SRB00040
2014-11-13,3621.43,0.19,10.58,0.036912267716370586,0.06549904528436946,0.058425886604205515,0.0828215551831213,0.06752751661029979,0.040325081544356815,0.0703924579407599,0.1304197099836094,0.1572511495156862,10.2,0.124,1.51918982,393.0,1.8,,SRB00040
2014-11-14,3506.52,0.1,10.89,0.036984157145910926,0.06556060317890619,0.058483129521874795,0.08205826998180121,0.06726969835515224,0.040284308645274575,0.0703924579407599,0.1304197099836094,0.1572511495156862,,,,,,,SRB00040
2014-11-15,3348.66,0.01,9.04,0.03705604657545127,0.06562216107344292,0.05854037243954408,0.08129498478048112,0.0670118801000047,0.040243535746192334,0.0703924579407599,0.1304197099836094,0.1572511495156862,,,,,,,SRB00040
2014-11-16,3197.9,3.93,8.18,0.03712793600499161,0.06568371896797964,0.05859761535721337,0.08053169957916104,0.06675406184485715,0.04020276284711009,0.0703924579407599,0.1304197099836094,0.1572511495156862,,,,,,,SRB00040
2014-11-17,3053.92,0.33,9.17,0.03719982543453195,0.06574527686251637,0.05865485827488265,0.07976841437784095,0.0664962435897096,0.04016198994802785,0.0703924579407599,0.1304197099836094,0.1572511495156862,,,,,,,SRB00040
2014-11-18,2929.89,3.22,9.55,0.0372717148640723,0.0658068347570531,0.058712101192551935,0.07900512917652086,0.06623842533456205,0.04012121704894561,0.0703924579407599,0.1304197099836094,0.1572511495156862,,,,,,,SRB00040
2014-11-19,2850.02,0.58,7.8,0.03734360429361264,0.06586839265158981,0.058769344110221215,0.07824184397520077,0.0659806070794145,0.040080444149863365,0.0703924579407599,0.1304197099836094,0.1572511495156862,,,,,,,SRB00040
2014-11-20,2823.88,0.02,6.35,0.037415493723152976,0.06592995054612653,0.0588265870278905,0.07747855877388067,0.06572278882426695,0.040039671250781124,0.0703924579407599,0.1304197099836094,0.1572511495156862,,,,,,,SRB00040
2014-11-21,2856.59,0.03,4.77,0.037487383152693315,0.06599150844066326,0.05888382994555979,0.07671527357256058,0.0654649705691194,0.03999889835169888,0.0703924579407599,0.1304197099836094,0.1572511495156862,,,,,,,SRB00040
2014-11-22,2923.15,0.0,4.97,0.03755927258223366,0.06605306633519999,0.05894107286322907,0.0759519883712405,0.06520715231397185,0.03995812545261664,0.0703924579407599,0.1304197099836094,0.1572511495156862,,,,,,,SRB00040
2014-11-23,3082.19,0.0,3.03,0.037631162011774,0.06611462422973671,0.058998315780898355,0.0751887031699204,0.0649493340588243,0.0399173525535344,0.0703924579407599,0.1304197099836094,0.1572511495156862,,,,,,,SRB00040
2014-11-24,3264.88,0.0,2.69,0.03722387917589568,0.06544689795100798,0.05828431820402911,0.07438286766948193,0.06458397744538313,0.03971969120299619,0.0703924579407599,0.1304197099836094,0.1572511495156862,,,,,,,SRB00040
2014-11-25,3302.7,0.03,1.44,0.03681659634001737,0.06477917167227927,0.05757032062715987,0.07357703216904347,0.06421862083194198,0.03952202985245798,0.0703924579407599,0.1304197099836094,0.1572511495156862,,,,,,,SRB00040
2014-11-26,3175.87,0.0,0.34,0.03640931350413905,0.06411144539355054,0.05685632305029062,0.072771196668605,0.06385326421850081,0.03932436850191976,0.0703924579407599,0.1304197099836094,0.1572511495156862,,,,,,,SRB00040
2014-11-27,3005.08,0.19,0.46,0.03600203066826073,0.06344371911482183,0.05614232547342137,0.07196536116816654,0.06348790760505964,0.03912670715138155,0.0703924579407599,0.1304197099836094,0.1572511495156862,,,,,,,SRB00040
2014-11-28,2830.39,0.57,2.84,0.035594747832382416,0.0627759928360931,0.05542832789655213,0.07115952566772807,0.06312255099161848,0.03892904580084334,0.0703924579407599,0.1304197099836094,0.1572511495156862,,,,,,,SRB00040
2014-11-29,2672.01,0.46,3.47,0.035187464996504096,0.06210826655736438,0.05471433031968288,0.0703536901672896,0.06275719437817731,0.03873138445030513,0.0703924579407599,0.1304197099836094,0.1572511495156862,,,,,,,SRB00040
2014-11-30,2539.97,7.47,4.04,0.03478018216062578,0.06144054027863566,0.054000332742813635,0.06954785466685114,0.06239183776473614,0.038533723099766916,0.0703924579407599,0.1304197099836094,0.1572511495156862,,,,,,,SRB00040
2014-12-01,2425.61,5.96,1.45,0.03437289932474746,0.06077281399990693,0.05328633516594439,0.06874201916641266,0.06202648115129498,0.0383360617492287,0.0703924579407599,0.1304197099836094,0.1572511495156862,,,,,,,SRB00040
2014-12-02,2343.23,3.85,1.87,0.033965616488869144,0.06010508772117821,0.05257233758907515,0.0679361836659742,0.061661124537853815,0.038138400398690486,0.0703924579407599,0.1304197099836094,0.1572511495156862,,,,,,,SRB00040
2014-12-03,2305.75,0.05,4.15,0.03355833365299083,0.05943736144244949,0.0518583400122059,0.06713034816553573,0.061295767924412645,0.037940739048152275,0.0703924579407599,0.1304197099836094,0.1572511495156862,,,,,,,SRB00040
2014-12-04,2316.39,0.0,3.8,0.03315105081711251,0.05876963516372077,0.05114434243533665,0.06632451266509726,0.06093041131097148,0.037743077697614064,0.0703924579407599,0.1304197099836094,0.1572511495156862,,,,,,,SRB00040
2014-12-05,2343.23,0.24,3.51,0.0327437679812342,0.058101908884992046,0.05043034485846741,0.0655186771646588,0.06056505469753032,0.03754541634707585,0.0703924579407599,0.1304197099836094,0.1572511495156862,,,,,,,SRB00040
2014-12-06,2370.37,7.99,3.71,0.03233648514535588,0.057434182606263325,0.04971634728159816,0.06471284166422032,0.06019969808408915,0.03734775499653764,0.0703924579407599,0.1304197099836094,0.1572511495156862,,,,,,,SRB00040
2014-12-07,2397.83,5.61,3.12,0.03192920230947756,0.056766456327534597,0.049002349704728915,0.06390700616378187,0.059834341470647985,0.03715009364599942,0.0703924579407599,0.1304197099836094,0.1572511495156862,,,,,,,SRB00040
2014-12-08,2425.61,0.63,3.33,0.031521919473599246,0.056098730048805875,0.048288352127859674,0.06310117066334339,0.059468984857206815,0.03695243229546121,0.0703924579407599,0.1304197099836094,0.1572511495156862,,,,,,,SRB00040
2014-12-09,2476.42,5.91,2.57,0.031114636637720926,0.055431003770077154,0.047574354550990426,0.062295335162904926,0.05910362824376565,0.036754770944923,0.0703924579407599,0.1304197099836094,0.1572511495156862,,,,,,,SRB00040
2014-12-10,2534.13,1.43,1.56,0.03070735380184261,0.05476327749134843,0.04686035697412118,0.06148949966246646,0.05873827163032449,0.03655710959438479,0.0703924579407599,0.1304197099836094,0.1572511495156862,,,,,,,SRB00040
2014-12-11,2575.32,0.27,0.52,0.030300070965964293,0.05409555121261971,0.04614635939725194,0.06068366416202799,0.05837291501688332,0.03635944824384658,0.0703924579407599,0.1304197099836094,0.1572511495156862,,,,,,,SRB00040
2014-12-12,2593.18,0.01,0.57,0.029892788130085973,0.053427824933890984,0.04543236182038269,0.05987782866158952,0.058007558403442155,0.03616178689330836,0.0703924579407599,0.1304197099836094,0.1572511495156862,,,,,,,SRB00040
2014-12-13,2593.18,0.0,3.13,0.029485505294207657,0.05276009865516226,0.04471836424351344,0.059071993161151054,0.057642201790000985,0.03596412554277015,0.0703924579407599,0.1304197099836094,0.1572511495156862,,,,,,,SRB00040
2014-12-14,2539.97,0.0,5.38,0.02907822245832934,0.05209237237643354,0.0440043666666442,0.05826615766071259,0.05727684517655982,0.035766464192231937,0.0703924579407599,0.1304197099836094,0.1572511495156862,,,,,,,SRB00040
2014-12-15,2442.43,0.0,4.25,0.02867093962245102,0.05142464609770482,0.043290369089774954,0.05746032216027412,0.05691148856311866,0.035568802841693725,0.0703924579407599,0.1304197099836094,0.1572511495156862,,,,,,,SRB00040
2014-12-16,2327.09,6.2,6.98,0.028263656786572704,0.0507569198189761,0.042576371512905706,0.056654486659835655,0.05654613194967749,0.035371141491155514,0.0703924579407599,0.1304197099836094,0.1572511495156862,,,,,,,SRB00040
2014-12-17,2227.44,0.62,5.31,0.027856373950694388,0.05008919354024738,0.041862373936036465,0.05584865115939719,0.056180775336236326,0.0351734801406173,0.0703924579407599,0.1304197099836094,0.1572511495156862,,,,,,,SRB00040
2014-12-18,2151.78,0.05,3.84,0.02744909111481607,0.04942146726151865,0.04114837635916722,0.055042815658958716,0.05581541872279516,0.034975818790079084,0.0703924579407599,0.1304197099836094,0.1572511495156862,,,,,,,SRB00040
2014-12-19,2102.78,0.01,5.73,0.027041808278937755,0.04875374098278993,0.04043437878229797,0.05423698015852025,0.05545006210935399,0.03477815743954087,0.0703924579407599,0.1304197099836094,0.1572511495156862,,,,,,,SRB00040
2014-12-20,2069.14,0.31,6.73,0.026634525443059436,0.04808601470406121,0.03972038120542872,0.05343114465808178,0.05508470549591283,0.03458049608900266,0.0703924579407599,0.1304197099836094,0.1572511495156862,,,,,,,SRB00040
2014-12-21,2059.63,3.74,3.98,0.02622724260718112,0.04741828842533249,0.03900638362855948,0.05262530915764332,0.054719348882471666,0.03438283473846445,0.0703924579407599,0.1304197099836094,0.1572511495156862,,,,,,,SRB00040
2014-12-22,2088.3,0.02,4.27,0.025819959771302803,0.046750562146603766,0.03829238605169023,0.05181947365720485,0.054353992269030496,0.03418517338792624,0.0703924579407599,0.1304197099836094,0.1572511495156862,,,,,,,SRB00040
2014-12-23,2186.76,0.0,6.37,0.025412676935424483,0.04608283586787504,0.037578388474820985,0.05101363815676638,0.05398863565558933,0.03398751203738802,0.0703924579407599,0.1304197099836094,0.1572511495156862,11.8,0.115,1.7381518,494.0,1.6,,SRB00040
2014-12-24,2370.37,0.01,5.2,0.025005394099546167,0.04541510958914632,0.036864390897951745,0.05020780265632791,0.05362327904214816,0.03378985068684981,0.0703924579407599,0.1304197099836094,0.1572511495156862,,,,,,,SRB00040
2014-12-25,2593.18,1.14,5.05,0.02459811126366785,0.044747383310417596,0.0361503933210825,0.049401967155889445,0.053257922428707,0.0335921893363116,0.0703924579407599,0.1304197099836094,0.1572511495156862,,,,,,,SRB00040
2014-12-26,2727.98,1.96,2.03,0.024765936870633064,0.04493057319763467,0.036387014209657724,0.04965235322200858,0.053468703779347974,0.03379313938597655,0.0703924579407599,0.1304197099836094,0.1572511495156862,,,,,,,SRB00040
2014-12-27,2721.7,0.05,-2.39,0.02493376247759828,0.04511376308485174,0.03662363509823295,0.04990273928812772,0.05367948512998894,0.03399408943564149,0.0703924579407599,0.1304197099836094,0.1572511495156862,,,,,,,SRB00040
2014-12-28,2629.27,9.13,-1.68,0.025101588084563493,0.04529695297206881,0.03686025598680817,0.050153125354246854,0.05389026648062992,0.034195039485306444,0.0703924579407599,0.1304197099836094,0.1572511495156862,,,,,,,SRB00040
2014-12-29,2516.68,0.94,-3.75,0.025269413691528707,0.04548014285928588,0.0370968768753834,0.050403511420366,0.05410104783127089,0.034395989534971395,0.0703924579407599,0.1304197099836094,0.1572511495156862,,,,,,,SRB00040
2014-12-30,2397.83,0.38,-6.56,0.025437239298493917,0.04566333274650295,0.037333497763958626,0.05065389748648513,0.054311829181911866,0.034596939584636346,0.0703924579407599,0.1304197099836094,0.1572511495156862,,,,,,,SRB00040
2014-12-31,2295.15,0.0,-10.0,0.02560506490545913,0.04584652263372002,0.03757011865253385,0.05090428355260427,0.054522610532552834,0.03479788963430129,0.0703924579407599,0.1304197099836094,0.1572511495156862,,,,,,,SRB00040
2015-01-01,2207.01,0.0,-8.21,0.025772890512424346,0.04602971252093709,0.03780673954110907,0.051154669618723406,0.05473339188319381,0.03499883968396624,0.0703924579407599,0.1304197099836094,0.1572511495156862,,,,,,,SRB00040
2015-01-02,2117.36,0.9,-4.29,0.02594071611938956,0.04621290240815416,0.0380433604296843,0.05140505568484254,0.054944173233834784,0.03519978973363119,0.0703924579407599,0.1304197099836094,0.1572511495156862,,,,,,,SRB00040
2015-01-03,2036.04,0.09,0.11,0.026108541726354774,0.046396092295371234,0.03827998131825953,0.05165544175096168,0.05515495458447576,0.035400739783296144,0.0703924579407599,0.1304197099836094,0.1572511495156862,,,,,,,SRB00040
2015-01-04,1962.36,1.69,1.25,0.026276367333319988,0.046579282182588305,0.038516602206834755,0.05190582781708082,0.055365735935116726,0.03560168983296109,0.0703924579407599,0.1304197099836094,0.1572511495156862,,,,,,,SRB00040
2015-01-05,1913.26,2.02,-0.03,0.026444192940285202,0.046762472069805376,0.038753223095409975,0.05215621388319996,0.0555765172857577,0.03580263988262604,0.0703924579407599,0.1304197099836094,0.1572511495156862,,,,,,,SRB00040
2015-01-06,1895.71,0.03,-2.44,0.026612018547250413,0.04694566195702245,0.0389898439839852,0.052406599949319094,0.055787298636398676,0.03600358993229099,0.0703924579407599,0.1304197099836094,0.1572511495156862,,,,,,,SRB00040
2015-01-07,1935.42,0.0,-8.0,0.026779844154215627,0.04712885184423952,0.03922646487256043,0.05265698601543823,0.055998079987039644,0.036204539981955934,0.0703924579407599,0.1304197099836094,0.1572511495156862,,,,,,,SRB00040
2015-01-08,2141.89,0.0,-4.88,0.02694766976118084,0.04731204173145659,0.039463085761135656,0.052907372081557366,0.05620886133768062,0.036405490031620885,0.0703924579407599,0.1304197099836094,0.1572511495156862,,,,,,,SRB00040
2015-01-09,2459.37,0.11,0.97,0.027115495368146055,0.04749523161867366,0.03969970664971088,0.0531577581476765,0.05641964268832159,0.036606440081285836,0.0703924579407599,0.1304197099836094,0.1572511495156862,,,,,,,SRB00040
2015-01-10,2581.26,3.21,4.89,0.02728332097511127,0.04767842150589073,0.039936327538286104,0.053408144213795646,0.05663042403896257,0.03680739013095079,0.0703924579407599,0.1304197099836094,0.1572511495156862,,,,,,,SRB00040
2015-01-11,2516.68,6.62,2.55,0.027451146582076483,0.0478616113931078,0.04017294842686133,0.05365853027991478,0.056841205389603536,0.03700834018061573,0.0703924579407599,0.1304197099836094,0.1572511495156862,,,,,,,SRB00040
2015-01-12,2465.04,0.15,0.52,0.027618972189041698,0.04804480128032487,0.04040956931543656,0.05390891634603392,0.05705198674024451,0.03720929023028068,0.0703924579407599,0.1304197099836094,0.1572511495156862,,,,,,,SRB00040
2015-01-13,2977.52,0.0,1.65,0.02778679779600691,0.04822799116754194,0.04064619020401178,0.054159302412153054,0.057262768090885485,0.037410240279945634,0.0703924579407599,0.1304197099836094,0.1572511495156862,,,,,,,SRB00040
2015-01-14,4507.17,0.03,2.18,0.027954623402972126,0.048411181054759014,0.040882811092587006,0.05440968847827219,0.05747354944152646,0.037611190329610585,0.0703924579407599,0.1304197099836094,0.1572511495156862,,,,,,,SRB00040
2015-01-15,5283.45,0.2,1.72,0.028122449009937336,0.048594370941976085,0.04111943198116223,0.05466007454439133,0.05768433079216743,0.03781214037927553,0.0703924579407599,0.1304197099836094,0.1572511495156862,,,,,,,SRB00040
2015-01-16,5369.32,0.0,4.11,0.02829027461690255,0.048777560829193156,0.04135605286973746,0.05491046061051047,0.0578951121428084,0.03801309042894048,0.0703924579407599,0.1304197099836094,0.1572511495156862,,,,,,,SRB00040
2015-01-17,5356.97,0.05,5.33,0.028458100223867765,0.04896075071641023,0.04159267375831269,0.055160846676629606,0.05810589349344938,0.03821404047860543,0.0703924579407599,0.1304197099836094,0.1572511495156862,,,,,,,SRB00040
2015-01-18,5092.31,6.0,5.72,0.02862592583083298,0.0491439406036273,0.04182929464688791,0.05541123274274874,0.058316674844090345,0.038414990528270375,0.0703924579407599,0.1304197099836094,0.1572511495156862,,,,,,,SRB00040
2015-01-19,4644.15,8.6,3.42,0.028793751437798193,0.04932713049084437,0.042065915535463135,0.05566161880886788,0.05852745619473132,0.038615940577935326,0.0703924579407599,0.1304197099836094,0.1572511495156862,12.0,0.131,2.3589203,409.0,1.2,,SRB00040
2015-01-20,4206.27,0.6,3.93,0.028961577044763407,0.04951032037806145,0.04230253642403836,0.055912004874987015,0.058738237545372295,0.03881689062760028,0.0703924579407599,0.1304197099836094,0.1572511495156862,,,,,,,SRB00040
2015-01-21,3862.67,4.07,5.06,0.02912940265172862,0.04969351026527852,0.04253915731261359,0.05616239094110615,0.05894901889601327,0.03901784067726523,0.0703924579407599,0.1304197099836094,0.1572511495156862,,,,,,,SRB00040
2015-01-22,3638.15,2.31,5.24,0.029297228258693832,0.04987670015249559,0.04277577820118881,0.056412777007225294,0.05915980024665424,0.03921879072693017,0.0703924579407599,0.1304197099836094,0.1572511495156862,,,,,,,SRB00040
2015-01-23,3458.39,9.09,4.8,0.029465053865659046,0.05005989003971266,0.043012399089764036,0.05666316307334443,0.05937058159729521,0.03941974077659512,0.0703924579407599,0.1304197099836094,0.1572511495156862,,,,,,,SRB00040
2015-01-24,3272.41,9.65,2.52,0.02963287947262426,0.05024307992692973,0.04324901997833926,0.056913549139463566,0.05958136294793619,0.039620690826260074,0.0703924579407599,0.1304197099836094,0.1572511495156862,,,,,,,SRB00040
2015-01-25,3110.72,1.49,0.74,0.029800705079589474,0.0504262698141468,0.04348564086691449,0.0571639352055827,0.05979214429857716,0.039821640875925025,0.0703924579407599,0.1304197099836094,0.1572511495156862,,,,,,,SRB00040
2015-01-26,2998.16,1.85,0.19,0.02996853068655469,0.05060945970136387,0.04372226175548971,0.05741432127170184,0.06000292564921813,0.04002259092558997,0.0703924579407599,0.1304197099836094,0.1572511495156862,,,,,,,SRB00040
2015-01-27,2896.34,0.73,-0.19,0.030136356293519902,0.05079264958858094,0.04395888264406494,0.057664707337820975,0.060213706999859104,0.04022354097525492,0.0703924579407599,0.1304197099836094,0.1572511495156862,,,,,,,SRB00040
2015-01-28,2746.89,0.17,-1.1,0.030304181900485117,0.050975839475798014,0.044195503532640165,0.05791509340394012,0.06042448835050008,0.04042449102491987,0.0703924579407599,0.1304197099836094,0.1572511495156862,,,,,,,SRB00040
2015-01-29,2575.32,0.01,-0.65,0.03047200750745033,0.051159029363015085,0.04443212442121539,0.058165479470059255,0.06063526970114105,0.040625441074584816,0.0703924579407599,0.1304197099836094,0.1572511495156862,,,,,,,SRB00040
2015-01-30,2420.03,3.87,4.3,0.030639833114415545,0.051342219250232156,0.04466874530979061,0.05841586553617839,0.06084605105178202,0.04082639112424977,0.0703924579407599,0.1304197099836094,0.1572511495156862,,,,,,,SRB00040
2015-01-31,2295.15,4.98,0.78,0.030807658721380755,0.05152540913744923,0.04490536619836584,0.05866625160229753,0.061056832402422996,0.04102734117391472,0.0703924579407599,0.1304197099836094,0.1572511495156862,,,,,,,SRB00040
2015-02-01,2232.57,3.21,-0.46,0.03097548432834597,0.0517085990246663,0.04514198708694107,0.05891663766841666,0.06126761375306397,0.04122829122357967,0.0703924579407599,0.1304197099836094,0.1572511495156862,,,,,,,SRB00040
2015-02-02,2227.44,4.46,-1.01,0.031143309935311184,0.05189178891188337,0.045378607975516294,0.0591670237345358,0.06147839510370494,0.04142924127324461,0.0703924579407599,0.1304197099836094,0.1572511495156862,,,,,,,SRB00040
2015-02-03,2201.93,0.01,-0.42,0.031311135542276394,0.05207497879910044,0.045615228864091514,0.05941740980065494,0.06168917645434591,0.041630191322909564,0.0703924579407599,0.1304197099836094,0.1572511495156862,,,,,,,SRB00040
2015-02-04,2136.96,4.77,1.21,0.03147896114924161,0.05225816868631751,0.04585184975266674,0.05966779586677408,0.06189995780498689,0.041831141372574515,0.0703924579407599,0.1304197099836094,0.1572511495156862,,,,,,,SRB00040
2015-02-05,2064.38,2.99,1.09,0.03164678675620682,0.05244135857353458,0.04608847064124197,0.059918181932893215,0.06211073915562786,0.042032091422239466,0.0703924579407599,0.1304197099836094,0.1572511495156862,,,,,,,SRB00040
2015-02-06,2008.09,15.21,1.96,0.03181461236317204,0.05262454846075165,0.046325091529817196,0.06016856799901235,0.06232152050626883,0.04223304147190441,0.0703924579407599,0.1304197099836094,0.1572511495156862,,,,,,,SRB00040
2015-02-07,1953.34,1.05,-1.05,0.03198243797013725,0.05280773834796872,0.04656171241839242,0.06041895406513149,0.0625323018569098,0.04243399152156936,0.0703924579407599,0.1304197099836094,0.1572511495156862,,,,,,,SRB00040
2015-02-08,1891.34,1.13,-2.13,0.03215026357710247,0.052990928235185794,0.04679833330696764,0.060669340131250624,0.06274308320755077,0.04263494157123431,0.0703924579407599,0.1304197099836094,0.1572511495156862,,,,,,,SRB00040
2015-02-09,1822.9,1.42,-2.06,0.03231808918406768,0.053174118122402865,0.04703495419554287,0.06091972619736977,0.06295386455819175,0.04283589162089926,0.0703924579407599,0.1304197099836094,0.1572511495156862,,,,,,,SRB00040
2015-02-10,1765.04,0.72,0.67,0.0324859147910329,0.053357308009619936,0.0472715750841181,0.0611701122634889,0.06316464590883272,0.04303684167056421,0.0703924579407599,0.1304197099836094,0.1572511495156862,,,,,,,SRB00040
2015-02-11,1724.84,0.08,1.02,0.03265374039799811,0.05354049789683701,0.047508195972693325,0.06142049832960804,0.06337542725947369,0.04323779172022916,0.0703924579407599,0.1304197099836094,0.1572511495156862,,,,,,,SRB00040
2015-02-12,1709.02,0.04,0.21,0.03282156600496332,0.05372368778405408,0.047744816861268545,0.061670884395727175,0.06358620861011467,0.04343874176989411,0.0703924579407599,0.1304197099836094,0.1572511495156862,,,,,,,SRB00040
2015-02-13,1720.87,0.0,-0.07,0.032989391611928535,0.05390687767127115,0.04798143774984377,0.06192127046184631,0.06379698996075564,0.043639691819559054,0.0703924579407599,0.1304197099836094,0.1572511495156862,,,,,,,SRB00040
2015-02-14,1752.88,0.0,0.9,0.033157217218893746,0.05409006755848822,0.048218058638419,0.06217165652796545,0.06400777131139662,0.043840641869224005,0.0703924579407599,0.1304197099836094,0.1572511495156862,,,,,,,SRB00040
2015-02-15,1793.73,0.0,1.98,0.033325042825858964,0.05427325744570529,0.04845467952699423,0.06242204259408459,0.06421855266203759,0.044041591918888956,0.0703924579407599,0.1304197099836094,0.1572511495156862,,,,,,,SRB00040
2015-02-16,1839.77,0.0,1.8,0.033492868432824174,0.05445644733292236,0.04869130041556945,0.06267242866020373,0.06442933401267856,0.04424254196855391,0.0703924579407599,0.1304197099836094,0.1572511495156862,,,,,,,SRB00040
2015-02-17,1886.99,0.0,-0.8,0.03366069403978939,0.05463963722013943,0.048927921304144674,0.06292281472632286,0.06464011536331954,0.04444349201821885,0.0703924579407599,0.1304197099836094,0.1572511495156862,,,,,,,SRB00040
2015-02-18,1908.85,0.0,-0.9,0.0338285196467546,0.0548228271073565,0.0491645421927199,0.063173200792442,0.0648508967139605,0.0446444420678838,0.0703924579407599,0.1304197099836094,0.1572511495156862,,,,,,,SRB00040
2015-02-19,1904.46,0.0,0.21,0.03259617740023851,0.053113522512088084,0.0473441143554849,0.05996081646631285,0.06151694476814362,0.042487677179547684,0.0703924579407599,0.1304197099836094,0.1572511495156862,,,,,,,SRB00040
2015-02-20,1882.65,0.0,1.32,0.03136383515372243,0.051404217916819664,0.04552368651824989,0.0567484321401837,0.05818299282232673,0.040330912291211565,0.0703924579407599,0.1304197099836094,0.1572511495156862,,,,,,,SRB00040
2015-02-21,1856.8,0.0,4.28,0.03013149290720634,0.049694913321551244,0.043703258681014885,0.05353604781405455,0.054849040876509846,0.03817414740287545,0.0703924579407599,0.1304197099836094,0.1572511495156862,,,,,,,SRB00040
2015-02-22,1839.77,7.79,5.49,0.02889915066069025,0.047985608726282825,0.041882830843779875,0.0503236634879254,0.051515088930692954,0.03601738251453933,0.0703924579407599,0.1304197099836094,0.1572511495156862,,,,,,,SRB00040
2015-02-23,1831.31,0.82,7.14,0.027666808414174165,0.046276304131014405,0.04006240300654487,0.04711127916179625,0.04818113698487607,0.03386061762620321,0.0703924579407599,0.1304197099836094,0.1572511495156862,,,,,,,SRB00040
2015-02-24,1822.9,0.07,7.25,0.026434466167658075,0.04456699953574599,0.03824197516930986,0.0438988948356671,0.04484718503905918,0.03170385273786709,0.0703924579407599,0.1304197099836094,0.1572511495156862,12.8,0.084,2.65914652,593.0,2.1,,SRB00040
2015-02-25,1831.31,11.58,5.25,0.02520212392114199,0.04285769494047757,0.03642154733207486,0.04068651050953795,0.04151323309324229,0.02954708784953097,0.0703924579407599,0.1304197099836094,0.1572511495156862,,,,,,,SRB00040
2015-02-26,1873.99,1.7,5.28,0.0239697816746259,0.04114839034520915,0.03460111949483985,0.0374741261834088,0.0381792811474254,0.02739032296119485,0.0703924579407599,0.1304197099836094,0.1572511495156862,,,,,,,SRB00040
2015-02-27,1975.97,1.52,5.56,0.022737439428109813,0.03943908574994073,0.032780691657604846,0.03426174185727965,0.034845329201608516,0.025233558072858733,0.0703924579407599,0.1304197099836094,0.1572511495156862,,,,,,,SRB00040
2015-02-28,2171.7,2.85,5.55,0.021505097181593727,0.037729781154672314,0.03096026382036984,0.031049357531150498,0.03151137725579163,0.023076793184522614,0.0703924579407599,0.1304197099836094,0.1572511495156862,,,,,,,SRB00040
2015-03-01,2414.46,0.05,6.92,0.020272754935077637,0.036020476559403894,0.029139835983134833,0.027836973205021348,0.02817742530997474,0.020920028296186496,0.0703924579407599,0.1304197099836094,0.1572511495156862,,,,,,,SRB00040
2015-03-02,2569.4,15.21,7.72,0.01904041268856155,0.034311171964135474,0.027319408145899827,0.024624588878892198,0.024843473364157855,0.018763263407850374,0.0703924579407599,0.1304197099836094,0.1572511495156862,,,,,,,SRB00040
2015-03-03,2587.21,0.0,5.3,0.01780807044204546,0.032601867368867055,0.02549898030866482,0.021412204552763048,0.021509521418340966,0.016606498519514255,0.0703924579407599,0.1304197099836094,0.1572511495156862,,,,,,,SRB00040
2015-03-04,2534.13,0.15,4.5,0.016575728195529375,0.03089256277359864,0.023678552471429814,0.018199820226633898,0.018175569472524078,0.014449733631178137,0.0703924579407599,0.1304197099836094,0.1572511495156862,,,,,,,SRB00040
2015-03-05,2459.37,4.8,3.41,0.015343385949013287,0.02918325817833022,0.021858124634194807,0.014987435900504747,0.01484161752670719,0.012292968742842018,0.0703924579407599,0.1304197099836094,0.1572511495156862,,,,,,,SRB00040
2015-03-06,2420.03,0.59,3.35,0.0141110437024972,0.0274739535830618,0.0200376967969598,0.0117750515743756,0.0115076655808903,0.0101362038545059,0.0703924579407599,0.1304197099836094,0.1572511495156862,,,,,,,SRB00040
2015-03-07,2522.48,0.04,2.34,0.017727258254115745,0.03528168309829771,0.028043883114944733,0.026715762548519678,0.03036494560125791,0.024772767339251586,0.0703924579407599,0.1304197099836094,0.1572511495156862,,,,,,,SRB00040
2015-03-08,2727.98,0.02,2.61,0.021343472805734287,0.04308941261353362,0.03605006943292967,0.04165647352266375,0.04922222562162552,0.03940933082399728,0.0703924579407599,0.1304197099836094,0.1572511495156862,,,,,,,SRB00040
2015-03-09,2810.9,0.0,3.4,0.024959687357352833,0.05089714212876953,0.044056255750914604,0.056597184496807826,0.06807950564199314,0.054045894308742966,0.0703924579407599,0.1304197099836094,0.1572511495156862,12.5,0.101,2.45824326,555.0,2.1,,SRB00040
2015-03-10,2746.89,0.0,5.11,0.028575901908971378,0.05870487164400544,0.05206244206889954,0.0715378954709519,0.08693678566236074,0.06868245779348865,0.0703924579407599,0.1304197099836094,0.1572511495156862,,,,,,,SRB00040
2015-03-11,2641.41,0.11,6.55,0.03219211646058992,0.06651260115924135,0.06006862838688447,0.08647860644509597,0.10579406568272835,0.08331902127823435,0.0703924579407599,0.1304197099836094,0.1572511495156862,,,,,,,SRB00040
2015-03-12,2528.3,7.91,3.66,0.03580833101220846,0.07432033067447727,0.0680748147048694,0.10141931741924005,0.12465134570309597,0.09795558476298002,0.0703924579407599,0.1304197099836094,0.1572511495156862,,,,,,,SRB00040
2015-03-13,2414.46,3.31,3.84,0.03942454556382701,0.08212806018971318,0.07608100102285434,0.11636002839338414,0.14350862572346357,0.11259214824772572,0.0703924579407599,0.1304197099836094,0.1572511495156862,,,,,,,SRB00040
2015-03-14,2316.39,0.55,5.4,0.04304076011544555,0.08993578970494909,0.08408718734083927,0.1313007393675282,0.1623659057438312,0.1272287117324714,0.0703924579407599,0.1304197099836094,0.1572511495156862,,,,,,,SRB00040
2015-03-15,2263.64,0.02,5.67,0.0466569746670641,0.097743519220185,0.0920933736588242,0.1462414503416723,0.1812231857641988,0.1418652752172171,0.0703924579407599,0.1304197099836094,0.1572511495156862,,,,,,,SRB00040
2015-03-16,2268.86,0.01,7.91,0.04449019269952764,0.09205067163656196,0.08711805560613119,0.13674293262929255,0.16511670994558122,0.12910523390134293,0.0703924579407599,0.1304197099836094,0.1572511495156862,,,,,,,SRB00040
2015-03-17,2305.75,0.0,6.91,0.04232341073199119,0.08635782405293892,0.08214273755343816,0.12724441491691282,0.14901023412696365,0.11634519258546877,0.0703924579407599,0.1304197099836094,0.1572511495156862,,,,,,,SRB00040
2015-03-18,2300.44,0.0,5.66,0.04015662876445473,0.08066497646931586,0.07716741950074515,0.11774589720453307,0.13290375830834608,0.10358515126959462,0.0703924579407599,0.1304197099836094,0.1572511495156862,,,,,,,SRB00040
2015-03-19,2242.88,0.0,4.2,0.037989846796918275,0.07497212888569282,0.07219210144805213,0.10824737949215332,0.11679728248972851,0.09082510995372046,0.0703924579407599,0.1304197099836094,0.1572511495156862,,,,,,,SRB00040
2015-03-20,2171.7,0.0,4.91,0.035823064829381815,0.06927928130206978,0.06721678339535912,0.09874886177977359,0.10069080667111094,0.0780650686378463,0.0703924579407599,0.1304197099836094,0.1572511495156862,,,,,,,SRB00040
2015-03-21,2127.14,0.0,5.93,0.03365628286184536,0.06358643371844674,0.062241465342666114,0.08925034406739385,0.08458433085249337,0.06530502732197216,0.0703924579407599,0.1304197099836094,0.1572511495156862,,,,,,,SRB00040
2015-03-22,2136.96,0.0,7.52,0.0314895008943089,0.0578935861348237,0.0572661472899731,0.0797518263550141,0.0684778550338758,0.052544986006098,0.0703924579407599,0.1304197099836094,0.1572511495156862,,,,,,,SRB00040
2015-03-23,2196.86,0.0,6.65,0.03206757156219475,0.058543626044278235,0.058089388949643994,0.08266261796383917,0.07211499356426611,0.05489213982766075,0.0703924579407599,0.1304197099836094,0.1572511495156862,,,,,,,SRB00040
2015-03-24,2263.64,0.0,9.34,0.0326456422300806,0.05919366595373277,0.058912630609314884,0.08557340957266424,0.07575213209465644,0.05723929364922351,0.0703924579407599,0.1304197099836094,0.1572511495156862,,,,,,,SRB00040
2015-03-25,2295.15,0.15,9.2,0.033223712897966454,0.05984370586318731,0.05973587226898578,0.08848420118148931,0.07938927062504675,0.05958644747078627,0.0703924579407599,0.1304197099836094,0.1572511495156862,,,,,,,SRB00040
2015-03-26,2295.15,0.19,12.75,0.0338017835658523,0.06049374577264185,0.06055911392865667,0.09139499279031438,0.08302640915543708,0.061933601292349025,0.0703924579407599,0.1304197099836094,0.1572511495156862,,,,,,,SRB00040
2015-03-27,2300.44,1.64,11.33,0.03437985423373815,0.061143785682096385,0.06138235558832757,0.09430578439913945,0.08666354768582739,0.06428075511391178,0.0703924579407599,0.1304197099836094,0.1572511495156862,,,,,,,SRB00040
2015-03-28,2300.44,6.24,7.98,0.034957924901624,0.06179382559155092,0.062205597247998456,0.09721657600796452,0.0903006862162177,0.06662790893547454,0.0703924579407599,0.1304197099836094,0.1572511495156862,,,,,,,SRB00040
2015-03-29,2311.07,0.0,7.4,0.03553599556950985,0.06244386550100546,0.06302883890766935,0.10012736761678959,0.09393782474660803,0.0689750627570373,0.0703924579407599,0.1304197099836094,0.1572511495156862,,,,,,,SRB00040
2015-03-30,2386.81,7.78,8.83,0.0361140662373957,0.06309390541046,0.06385208056734025,0.10303815922561466,0.09757496327699834,0.07132221657860005,0.0703924579407599,0.1304197099836094,0.1572511495156862,,,,,,,SRB00040
2015-03-31,2575.32,8.73,10.58,0.03669213690528155,0.06374394531991454,0.06467532222701114,0.10594895083443973,0.10121210180738865,0.0736693704001628,0.0703924579407599,0.1304197099836094,0.1572511495156862,,,,,,,SRB00040
2015-04-01,2759.58,0.76,7.77,0.0372702075731674,0.06439398522936908,0.06549856388668203,0.1088597424432648,0.10484924033777898,0.07601652422172556,0.0703924579407599,0.1304197099836094,0.1572511495156862,,,,,,,SRB00040
2015-04-02,2883.03,1.37,6.87,0.03784827824105325,0.06504402513882361,0.06632180554635293,0.11177053405208986,0.1084863788681693,0.07836367804328832,0.0703924579407599,0.1304197099836094,0.1572511495156862,,,,,,,SRB00040
2015-04-03,3161.28,0.16,4.27,0.038426348908939104,0.06569406504827816,0.06714504720602382,0.11468132566091493,0.11212351739855961,0.08071083186485108,0.0703924579407599,0.1304197099836094,0.1572511495156862,,,,,,,SRB00040
2015-04-04,3714.35,0.01,5.83,0.03900441957682495,0.06634410495773269,0.06796828886569471,0.11759211726974,0.11576065592894993,0.08305798568641383,0.0703924579407599,0.1304197099836094,0.1572511495156862,,,,,,,SRB00040
2015-04-05,4101.04,0.63,5.66,0.0395824902447108,0.06699414486718723,0.0687915305253656,0.12050290887856507,0.11939779445934025,0.0854051395079766,0.0703924579407599,0.1304197099836094,0.1572511495156862,,,,,,,SRB00040
2015-04-06,4158.11,0.24,4.49,0.04016056091259665,0.06764418477664176,0.0696147721850365,0.12341370048739014,0.12303493298973057,0.08775229332953935,0.0703924579407599,0.1304197099836094,0.1572511495156862,,,,,,,SRB00040
2015-04-07,4035.45,1.73,5.76,0.0407386315804825,0.0682942246860963,0.0704380138447074,0.1263244920962152,0.1266720715201209,0.0900994471511021,0.0703924579407599,0.1304197099836094,0.1572511495156862,11.1,0.108,2.04740738,446.0,2.3,,SRB00040
2015-04-08,3844.92,0.14,5.81,0.03893284731601404,0.06633020476001826,0.06723101972654907,0.12229311220501328,0.120596487681076,0.08533907608940977,0.0703924579407599,0.1304197099836094,0.1572511495156862,,,,,,,SRB00040
2015-04-09,3646.54,0.0,8.5,0.03712706305154559,0.0643661848339402,0.06402402560839075,0.11826173231381136,0.11452090384203112,0.08057870502771744,0.0703924579407599,0.1304197099836094,0.1572511495156862,,,,,,,SRB00040
2015-04-10,3450.44,0.0,10.34,0.03532127878707713,0.06240216490786215,0.06081703149023243,0.11423035242260943,0.10844532000298622,0.0758183339660251,0.0703924579407599,0.1304197099836094,0.1572511495156862,,,,,,,SRB00040
2015-04-11,3264.88,0.0,13.79,0.03351549452260868,0.0604381449817841,0.05761003737207411,0.1101989725314075,0.10236973616394134,0.07105796290433276,0.0703924579407599,0.1304197099836094,0.1572511495156862,,,,,,,SRB00040
2015-04-12,3103.56,0.05,14.34,0.03170971025814022,0.05847412505570605,0.05440304325391579,0.10616759264020557,0.09629415232489645,0.06629759184264043,0.0703924579407599,0.1304197099836094,0.1572511495156862,,,,,,,SRB00040
2015-04-13,3018.95,0.15,14.58,0.029903925993671764,0.056510105129628,0.05119604913575747,0.10213621274900364,0.09021856848585155,0.061537220780948095,0.0703924579407599,0.1304197099836094,0.1572511495156862,,,,,,,SRB00040
2015-04-14,3075.1,0.43,11.03,0.02809814172920331,0.05454608520354995,0.04798905501759915,0.09810483285780171,0.08414298464680667,0.056776849719255756,0.0703924579407599,0.1304197099836094,0.1572511495156862,,,,,,,SRB00040
2015-04-15,3227.49,0.0,13.64,0.026292357464734854,0.0525820652774719,0.044782060899440826,0.09407345296659977,0.07806740080776178,0.052016478657563425,0.0703924579407599,0.1304197099836094,0.1572511495156862,,,,,,,SRB00040
2015-04-16,3364.12,0.0,16.51,0.0244865732002664,0.050618045351393845,0.041575066781282505,0.09004207307539785,0.0719918169687169,0.047256107595871094,0.0703924579407599,0.1304197099836094,0.1572511495156862,,,,,,,SRB00040
2015-04-17,3466.37,0.25,14.76,0.02433757364959154,0.05049417998474828,0.04139397428103869,0.09173127986221281,0.07137708366861224,0.0465358108053318,0.0703924579407599,0.1304197099836094,0.1572511495156862,,,,,,,SRB00040
2015-04-18,3547.13,4.46,9.76,0.024188574098916685,0.050370314618102714,0.04121288178079487,0.09342048664902779,0.07076235036850759,0.045815514014792495,0.0703924579407599,0.1304197099836094,0.1572511495156862,,,,,,,SRB00040
2015-04-19,3646.54,0.0,7.53,0.024039574548241828,0.05024644925145715,0.04103178928055106,0.09510969343584275,0.07014761706840293,0.0450952172242532,0.0703924579407599,0.1304197099836094,0.1572511495156862,,,,,,,SRB00040
2015-04-20,3925.45,0.0,9.87,0.02389057499756697,0.05012258388481159,0.04085069678030724,0.0967989002226577,0.06953288376829826,0.044374920433713896,0.0703924579407599,0.1304197099836094,0.1572511495156862,,,,,,,SRB00040
2015-04-21,4354.12,0.0,10.35,0.023741575446892114,0.04999871851816603,0.04066960428006343,0.09848810700947266,0.0689181504681936,0.0436546236431746,0.0703924579407599,0.1304197099836094,0.1572511495156862,,,,,,,SRB00040
2015-04-22,4455.56,0.0,12.33,0.023592575896217258,0.04987485315152046,0.04048851177981961,0.10017731379628764,0.06830341716808895,0.0429343268526353,0.0703924579407599,0.1304197099836094,0.1572511495156862,,,,,,,SRB00040
2015-04-23,4167.69,0.0,13.42,0.0234435763455424,0.0497509877848749,0.0403074192795758,0.1018665205831026,0.0676886838679843,0.042214030062096,0.0703924579407599,0.1304197099836094,0.1572511495156862,,,,,,,SRB00040
2015-04-24,3800.89,0.11,15.77,0.0238521359585241,0.05015926473607613,0.04047944190159892,0.10486316116209947,0.06766897339976273,0.04190186425375295,0.0703924579407599,0.1304197099836094,0.1572511495156862,,,,,,,SRB00040
2015-04-25,3490.4,0.01,15.23,0.0242606955715058,0.050567541687277374,0.04065146452362203,0.10785980174109634,0.06764926293154117,0.0415896984454099,0.0703924579407599,0.1304197099836094,0.1572511495156862,,,,,,,SRB00040
2015-04-26,3287.52,0.04,16.84,0.0246692551844875,0.05097581863847861,0.040823487145645154,0.11085644232009323,0.06762955246331961,0.04127753263706685,0.0703924579407599,0.1304197099836094,0.1572511495156862,,,,,,,SRB00040
2015-04-27,3220.07,0.03,17.75,0.0250778147974692,0.05138409558967985,0.040995509767668276,0.1138530828990901,0.06760984199509805,0.0409653668287238,0.0703924579407599,0.1304197099836094,0.1572511495156862,,,,,,,SRB00040
2015-04-28,3227.49,3.2,16.52,0.0254863744104509,0.051792372540881086,0.04116753238969139,0.11684972347808698,0.06759013152687648,0.04065320102038075,0.0703924579407599,0.1304197099836094,0.1572511495156862,,,,,,,SRB00040
2015-04-29,3183.2,0.62,11.24,0.0258949340234326,0.05220064949208232,0.04133955501171451,0.11984636405708385,0.06757042105865492,0.040341035212037704,0.0703924579407599,0.1304197099836094,0.1572511495156862,,,,,,,SRB00040
2015-04-30,3139.51,0.07,13.04,0.0263034936364143,0.05260892644328356,0.041511577633737626,0.12284300463608072,0.06755071059043335,0.04002886940369465,0.0703924579407599,0.1304197099836094,0.1572511495156862,,,,,,,SRB00040
2015-05-01,3183.2,1.42,14.83,0.026712053249396,0.0530172033944848,0.04168360025576075,0.1258396452150776,0.0675310001222118,0.0397167035953516,0.0703924579407599,0.1304197099836094,0.1572511495156862,,,,,,,SRB00040
2015-05-02,3302.7,8.69,14.53,0.0271206128623777,0.05342548034568603,0.04185562287778387,0.12883628579407447,0.06751128965399024,0.03940453778700855,0.0703924579407599,0.1304197099836094,0.1572511495156862,,,,,,,SRB00040
2015-05-03,3418.79,0.08,16.08,0.0275291724753594,0.053833757296887275,0.04202764549980698,0.13183292637307134,0.06749157918576867,0.0390923719786655,0.0703924579407599,0.1304197099836094,0.1572511495156862,,,,,,,SRB00040
2015-05-04,3434.58,0.01,19.28,0.027937732088341098,0.05424203424808851,0.042199668121830104,0.13482956695206824,0.06747186871754711,0.03878020617032245,0.0703924579407599,0.1304197099836094,0.1572511495156862,,,,,,,SRB00040
2015-05-05,3434.58,0.0,23.03,0.0283462917013228,0.054650311199289744,0.04237169074385322,0.13782620753106511,0.06745215824932554,0.0384680403619794,0.0703924579407599,0.1304197099836094,0.1572511495156862,,,,,,,SRB00040
2015-05-06,3571.73,0.31,23.18,0.0287548513143045,0.055058588150490986,0.04254371336587634,0.140822848110062,0.06743244778110398,0.03815587455363635,0.0703924579407599,0.1304197099836094,0.1572511495156862,,,,,,,SRB00040
2015-05-07,3871.58,0.15,18.46,0.0291634109272862,0.05546686510169222,0.04271573598789946,0.14381948868905886,0.06741273731288243,0.0378437087452933,0.0703924579407599,0.1304197099836094,0.1572511495156862,,,,,,,SRB00040
2015-05-08,4177.3,0.0,17.38,0.0295719705402679,0.05587514205289346,0.042887758609922576,0.14681612926805573,0.06739302684466086,0.03753154293695025,0.0703924579407599,0.1304197099836094,0.1572511495156862,,,,,,,SRB00040
2015-05-09,4435.09,0.07,18.52,0.0299805301532496,0.0562834190040947,0.0430597812319457,0.1498127698470526,0.0673733163764393,0.0372193771286072,0.0703924579407599,0.1304197099836094,0.1572511495156862,,,,,,,SRB00040
2015-05-10,4569.88,0.13,17.64,0.02990440570927691,0.05632162494405035,0.04301677098323042,0.1505426896433545,0.0668977105965012,0.036660486946401304,0.0703924579407599,0.1304197099836094,0.1572511495156862,,,,,,,SRB00040
2015-05-11,4527.97,0.06,15.52,0.02982828126530422,0.05635983088400601,0.04297376073451514,0.15127260943965637,0.06642210481656309,0.03610159676419541,0.0703924579407599,0.1304197099836094,0.1572511495156862,,,,,,,SRB00040
2015-05-12,4374.22,0.0,16.81,0.029752156821331532,0.05639803682396167,0.04293075048579986,0.15200252923595822,0.06594649903662499,0.03554270658198951,0.0703924579407599,0.1304197099836094,0.1572511495156862,,,,,,,SRB00040
2015-05-13,4245.2,0.1,19.01,0.029676032377358844,0.05643624276391732,0.04288774023708459,0.1527324490322601,0.06547089325668688,0.03498381639978362,0.0703924579407599,0.1304197099836094,0.1572511495156862,,,,,,,SRB00040
2015-05-14,4129.47,5.75,19.32,0.029599907933386155,0.05647444870387298,0.04284472998836931,0.15346236882856198,0.06499528747674876,0.03442492621757773,0.0703924579407599,0.1304197099836094,0.1572511495156862,,,,,,,SRB00040
2015-05-15,4016.91,4.03,15.93,0.029523783489413466,0.05651265464382863,0.042801719739654034,0.15419228862486387,0.06451968169681066,0.03386603603537183,0.0703924579407599,0.1304197099836094,0.1572511495156862,,,,,,,SRB00040
2015-05-16,3916.42,0.17,15.69,0.029447659045440777,0.05655086058378429,0.042758709490938754,0.15492220842116572,0.06404407591687256,0.03330714585316594,0.0703924579407599,0.1304197099836094,0.1572511495156862,,,,,,,SRB00040
2015-05-17,3925.45,0.0,18.5,0.02937153460146809,0.05658906652373995,0.04271569924222348,0.1556521282174676,0.06356847013693445,0.03274825567096004,0.0703924579407599,0.1304197099836094,0.1572511495156862,,,,,,,SRB00040
2015-05-18,4035.45,0.0,18.66,0.0292954101574954,0.0566272724636956,0.0426726889935082,0.15638204801376948,0.06309286435699635,0.032189365488754146,0.0703924579407599,0.1304197099836094,0.1572511495156862,9.3,0.104,1.50790312,375.0,1.0,,SRB00040
2015-05-19,4119.98,0.51,22.47,0.028991944047832393,0.05644469112843334,0.042635814546665124,0.1539500950898972,0.062148081650947845,0.031698394856803085,0.0703924579407599,0.1304197099836094,0.1572511495156862,,,,,,,SRB00040
2015-05-20,4063.43,2.65,22.95,0.028688477938169386,0.056262109793171075,0.04259894009982205,0.15151814216602494,0.06120329894489934,0.031207424224852023,0.0703924579407599,0.1304197099836094,0.1572511495156862,,,,,,,SRB00040
2015-05-21,3916.42,5.97,17.8,0.02838501182850638,0.05607952845790881,0.04256206565297897,0.1490861892421527,0.06025851623885084,0.03071645359290096,0.0703924579407599,0.1304197099836094,0.1572511495156862,,,,,,,SRB00040
2015-05-22,3853.78,6.73,18.08,0.028081545718843373,0.05589694712264655,0.042525191206135904,0.14665423631828042,0.05931373353280234,0.030225482960949897,0.0703924579407599,0.1304197099836094,0.1572511495156862,,,,,,,SRB00040
2015-05-23,4129.47,14.34,18.64,0.02777807960918037,0.05571436578738429,0.04248831675929283,0.14422228339440815,0.058368950826753835,0.029734512328998836,0.0703924579407599,0.1304197099836094,0.1572511495156862,,,,,,,SRB00040
2015-05-24,4908.08,17.64,17.12,0.027474613499517363,0.05553178445212203,0.04245144231244975,0.1417903304705359,0.05742416812070533,0.02924354169704777,0.0703924579407599,0.1304197099836094,0.1572511495156862,,,,,,,SRB00040
2015-05-25,5596.57,30.23,14.1,0.027171147389854357,0.055349203116859765,0.04241456786560668,0.13935837754666364,0.05647938541465683,0.02875257106509671,0.0703924579407599,0.1304197099836094,0.1572511495156862,,,,,,,SRB00040
2015-05-26,6038.48,9.92,15.54,0.02686768128019135,0.0551666217815975,0.0423776934187636,0.13692642462279137,0.05553460270860833,0.02826160043314565,0.0703924579407599,0.1304197099836094,0.1572511495156862,,,,,,,SRB00040
2015-05-27,6323.12,7.4,13.86,0.026564215170528344,0.05498404044633524,0.042340818971920526,0.1344944716989191,0.05458982000255982,0.027770629801194588,0.0703924579407599,0.1304197099836094,0.1572511495156862,,,,,,,SRB00040
2015-05-28,6250.73,0.16,12.28,0.026260749060865337,0.054801459111072974,0.04230394452507745,0.13206251877504682,0.053645037296511315,0.027279659169243527,0.0703924579407599,0.1304197099836094,0.1572511495156862,,,,,,,SRB00040
2015-05-29,6038.48,0.0,14.54,0.02595728295120233,0.05461887777581071,0.042267070078234374,0.12963056585117458,0.05270025459046281,0.026788688537292462,0.0703924579407599,0.1304197099836094,0.1572511495156862,,,,,,,SRB00040
2015-05-30,5860.38,0.0,18.4,0.025653816841539327,0.054436296440548454,0.0422301956313913,0.1271986129273023,0.05175547188441431,0.0262977179053414,0.0703924579407599,0.1304197099836094,0.1572511495156862,,,,,,,SRB00040
2015-05-31,5635.38,0.11,19.6,0.02535035073187632,0.05425371510528619,0.04219332118454823,0.12476666000343004,0.05081068917836581,0.02580674727339034,0.0703924579407599,0.1304197099836094,0.1572511495156862,,,,,,,SRB00040
2015-06-01,5259.17,0.0,21.27,0.025046884622213314,0.05407113377002393,0.042156446737705154,0.12233470707955778,0.049865906472317305,0.025315776641439275,0.0703924579407599,0.1304197099836094,0.1572511495156862,,,,,,,SRB00040
2015-06-02,4851.89,0.0,22.94,0.024743418512550307,0.05388855243476166,0.04211957229086208,0.11990275415568552,0.0489211237662688,0.024824806009488214,0.0703924579407599,0.1304197099836094,0.1572511495156862,,,,,,,SRB00040
2015-06-03,4548.88,0.0,24.26,0.0244399524028873,0.0537059710994994,0.042082697844019,0.11747080123181325,0.0479763410602203,0.024333835377537152,0.0703924579407599,0.1304197099836094,0.1572511495156862,,,,,,,SRB00040
2015-06-04,4334.11,0.31,24.55,0.024938091515172258,0.054350162793400617,0.042350814453035485,0.12121127598578825,0.04940967087980603,0.025007233738052904,0.0703924579407599,0.1304197099836094,0.1572511495156862,,,,,,,SRB00040
2015-06-05,4148.54,0.0,22.42,0.025436230627457215,0.054994354487301826,0.04261893106205197,0.12495175073976326,0.05084300069939176,0.02568063209856865,0.0703924579407599,0.1304197099836094,0.1572511495156862,,,,,,,SRB00040
2015-06-06,3998.45,0.0,23.27,0.025934369739742173,0.05563854618120304,0.042887047671068455,0.12869222549373827,0.05227633051897749,0.026354030459084403,0.0703924579407599,0.1304197099836094,0.1572511495156862,,,,,,,SRB00040
2015-06-07,3925.45,0.0,22.81,0.02643250885202713,0.05628273787510426,0.043155164280084944,0.13243270024771328,0.05370966033856321,0.02702742881960015,0.0703924579407599,0.1304197099836094,0.1572511495156862,,,,,,,SRB00040
2015-06-08,3907.41,0.0,22.76,0.026930647964312087,0.056926929569005476,0.043423280889101426,0.1361731750016883,0.05514299015814894,0.027700827180115902,0.0703924579407599,0.1304197099836094,0.1572511495156862,9.0,0.086,1.42889622,384.0,2.0,,SRB00040
2015-06-09,3889.45,1.17,23.36,0.027428787076597044,0.057571121262906685,0.043691397498117915,0.13991364975566328,0.05657631997773467,0.02837422554063165,0.0703924579407599,0.1304197099836094,0.1572511495156862,,,,,,,SRB00040
2015-06-10,3844.92,0.75,23.33,0.027926926188882,0.0582153129568079,0.0439595141071344,0.1436541245096383,0.0580096497973204,0.0290476239011474,0.0703924579407599,0.1304197099836094,0.1572511495156862,,,,,,,SRB00040
2015-06-11,3827.25,0.57,24.6,0.027981212919988004,0.05827301423980913,0.04392473146434314,0.1443539556076903,0.058351341564927585,0.02916921485928365,0.0703924579407599,0.1304197099836094,0.1572511495156862,,,,,,,SRB00040
2015-06-12,3907.41,0.0,26.54,0.028035499651094007,0.058330715522810356,0.04388994882155189,0.1450537867057423,0.05869303333253477,0.0292908058174199,0.0703924579407599,0.1304197099836094,0.1572511495156862,,,,,,,SRB00040
2015-06-13,4007.67,0.01,26.61,0.028089786382200006,0.05838841680581158,0.04385516617876063,0.14575361780379428,0.05903472510014195,0.029412396775556144,0.0703924579407599,0.1304197099836094,0.1572511495156862,,,,,,,SRB00040
2015-06-14,4007.67,4.32,26.49,0.02814407311330601,0.058446118088812817,0.04382038353596937,0.14645344890184628,0.05937641686774914,0.029533987733692393,0.0703924579407599,0.1304197099836094,0.1572511495156862,,,,,,,SRB00040
2015-06-15,3934.5,0.68,24.62,0.028198359844412012,0.05850381937181404,0.043785600893178116,0.14715327999989827,0.05971810863535632,0.02965557869182864,0.0703924579407599,0.1304197099836094,0.1572511495156862,,,,,,,SRB00040
2015-06-16,3844.92,0.8,22.01,0.028252646575518015,0.05856152065481527,0.04375081825038686,0.14785311109795027,0.060059800402963506,0.02977716964996489,0.0703924579407599,0.1304197099836094,0.1572511495156862,,,,,,,SRB00040
2015-06-17,3774.72,1.67,18.05,0.028306933306624014,0.0586192219378165,0.043716035607595606,0.14855294219600226,0.06040149217057069,0.029898760608101135,0.0703924579407599,0.1304197099836094,0.1572511495156862,,,,,,,SRB00040
2015-06-18,3792.15,0.01,19.61,0.028361220037730017,0.058676923220817724,0.04368125296480435,0.14925277329405426,0.060743183938177875,0.030020351566237384,0.0703924579407599,0.1304197099836094,0.1572511495156862,,,,,,,SRB00040
2015-06-19,4007.67,3.22,18.9,0.02841550676883602,0.05873462450381895,0.043646470322013096,0.14995260439210625,0.06108487570578506,0.030141942524373633,0.0703924579407599,0.1304197099836094,0.1572511495156862,,,,,,,SRB00040
2015-06-20,4274.63,0.14,17.73,0.028469793499942022,0.058792325786820185,0.043611687679221835,0.15065243549015825,0.06142656747339224,0.03026353348250988,0.0703924579407599,0.1304197099836094,0.1572511495156862,,,,,,,SRB00040
2015-06-21,4294.36,0.02,17.35,0.02852408023104802,0.05885002706982141,0.04357690503643058,0.15135226658821024,0.06176825924099943,0.030385124440646127,0.0703924579407599,0.1304197099836094,0.1572511495156862,,,,,,,SRB00040
2015-06-22,4167.69,0.0,19.33,0.028578366962154024,0.05890772835282264,0.043542122393639325,0.15205209768626224,0.06210995100860661,0.030506715398782375,0.0703924579407599,0.1304197099836094,0.1572511495156862,,,,,,,SRB00040
2015-06-23,4101.04,0.42,20.76,0.028632653693260027,0.058965429635823866,0.04350733975084807,0.15275192878431426,0.06245164277621379,0.030628306356918624,0.0703924579407599,0.1304197099836094,0.1572511495156862,,,,,,,SRB00040
2015-06-24,4139.0,7.27,14.51,0.02868694042436603,0.05902313091882509,0.043472557108056815,0.15345175988236626,0.06279333454382098,0.030749897315054873,0.0703924579407599,0.1304197099836094,0.1572511495156862,,,,,,,SRB00040
2015-06-25,4215.96,1.09,16.85,0.02874122715547203,0.05908083220182632,0.04343777446526556,0.15415159098041825,0.06313502631142816,0.030871488273191118,0.0703924579407599,0.1304197099836094,0.1572511495156862,,,,,,,SRB00040
2015-06-26,4245.2,0.34,18.04,0.02879551388657803,0.05913853348482755,0.0434029918224743,0.15485142207847025,0.06347671807903535,0.030993079231327367,0.0703924579407599,0.1304197099836094,0.1572511495156862,,,,,,,SRB00040
2015-06-27,4215.96,0.65,21.51,0.028849800617684034,0.05919623476782878,0.043368209179683044,0.15555125317652224,0.06381840984664253,0.031114670189463615,0.0703924579407599,0.1304197099836094,0.1572511495156862,,,,,,,SRB00040
2015-06-28,4139.0,2.91,20.53,0.028904087348790037,0.05925393605083001,0.04333342653689179,0.15625108427457424,0.06416010161424972,0.031236261147599864,0.0703924579407599,0.1304197099836094,0.1572511495156862,,,,,,,SRB00040
2015-06-29,3998.45,0.77,21.37,0.028958374079896036,0.059311637333831234,0.043298643894100534,0.15695091537262623,0.0645017933818569,0.03135785210573611,0.0703924579407599,0.1304197099836094,0.1572511495156862,,,,,,,SRB00040
2015-06-30,3827.25,0.07,21.69,0.02901266081100204,0.05936933861683246,0.04326386125130928,0.15765074647067823,0.06484348514946409,0.03147944306387236,0.0703924579407599,0.1304197099836094,0.1572511495156862,,,,,,,SRB00040
2015-07-01,3714.35,0.0,24.42,0.02906694754210804,0.05942703989983369,0.043229078608518025,0.15835057756873022,0.06518517691707126,0.0316010340220086,0.0703924579407599,0.1304197099836094,0.1572511495156862,,,,,,,SRB00040
2015-07-02,3688.78,0.0,26.24,0.029121234273214044,0.05948474118283492,0.04319429596572676,0.15905040866678222,0.06552686868467845,0.03172262498014485,0.0703924579407599,0.1304197099836094,0.1572511495156862,,,,,,,SRB00040
2015-07-03,3646.54,0.0,25.37,0.029175521004320044,0.05954244246583615,0.04315951332293551,0.1597502397648342,0.06586856045228563,0.0318442159382811,0.0703924579407599,0.1304197099836094,0.1572511495156862,,,,,,,SRB00040
2015-07-04,3555.31,0.0,26.68,0.029229807735426046,0.059600143748837375,0.04312473068014425,0.1604500708628862,0.06621025221989282,0.03196580689641735,0.0703924579407599,0.1304197099836094,0.1572511495156862,,,,,,,SRB00040
2015-07-05,3426.68,0.0,27.51,0.02928409446653205,0.0596578450318386,0.043089948037353,0.1611499019609382,0.0665519439875,0.0320873978545536,0.0703924579407599,0.1304197099836094,0.1572511495156862,,,,,,,SRB00040
2015-07-06,3287.52,0.0,29.41,0.0289442355530429,0.05900460520231156,0.042916469024234516,0.16082002213283322,0.0661978035269941,0.031959971378912315,0.0703924579407599,0.1304197099836094,0.1572511495156862,10.1,0.117,0.9593695,384.0,2.9,,SRB00040
2015-07-07,3154.01,0.0,30.59,0.02860437663955375,0.058351365372784514,0.042742990011116026,0.16049014230472827,0.0658436630664882,0.031832544903271025,0.0703924579407599,0.1304197099836094,0.1572511495156862,,,,,,,SRB00040
2015-07-08,3039.89,5.86,30.33,0.0282645177260646,0.05769812554325747,0.042569510997997544,0.1601602624766233,0.0654895226059823,0.03170511842762974,0.0703924579407599,0.1304197099836094,0.1572511495156862,,,,,,,SRB00040
2015-07-09,2963.83,1.22,21.82,0.02792465881257545,0.05704488571373043,0.042396031984879054,0.15983038264851832,0.0651353821454764,0.03157769195198846,0.0703924579407599,0.1304197099836094,0.1572511495156862,,,,,,,SRB00040
2015-07-10,2916.43,0.0,21.24,0.0275847998990863,0.05639164588420339,0.04222255297176057,0.15950050282041334,0.0647812416849705,0.031450265476347175,0.0703924579407599,0.1304197099836094,0.1572511495156862,,,,,,,SRB00040
2015-07-11,2923.15,0.0,23.71,0.02724494098559715,0.055738406054676344,0.04204907395864208,0.15917062299230839,0.0644271012244646,0.031322839000705885,0.0703924579407599,0.1304197099836094,0.1572511495156862,,,,,,,SRB00040
2015-07-12,2950.21,0.0,26.75,0.026905082072108,0.0550851662251493,0.0418755949455236,0.1588407431642034,0.0640729607639587,0.0311954125250646,0.0703924579407599,0.1304197099836094,0.1572511495156862,,,,,,,SRB00040
2015-07-13,3012.01,0.39,23.14,0.026628981055206984,0.05470387304883789,0.041266843239873854,0.15928960164917397,0.06487741214057681,0.03159584742042077,0.0703924579407599,0.1304197099836094,0.1572511495156862,,,,,,,SRB00040
2015-07-14,3053.92,0.0,24.32,0.026352880038305968,0.054322579872526484,0.04065809153422411,0.1597384601341445,0.06568186351719492,0.03199628231577693,0.0703924579407599,0.1304197099836094,0.1572511495156862,,,,,,,SRB00040
2015-07-15,2977.52,0.03,26.75,0.026076779021404952,0.053941286696215084,0.040049339828574365,0.16018731861911506,0.06648631489381303,0.0323967172111331,0.0703924579407599,0.1304197099836094,0.1572511495156862,,,,,,,SRB00040
2015-07-16,2836.92,0.0,28.81,0.025800678004503936,0.053559993519903676,0.03944058812292462,0.16063617710408562,0.06729076627043114,0.032797152106489265,0.0703924579407599,0.1304197099836094,0.1572511495156862,,,,,,,SRB00040
2015-07-17,2696.74,0.06,30.94,0.025524576987602916,0.05317870034359227,0.038831836417274876,0.16108503558905615,0.06809521764704926,0.033197587001845434,0.0703924579407599,0.1304197099836094,0.1572511495156862,,,,,,,SRB00040
2015-07-18,2587.21,1.12,32.05,0.0252484759707019,0.05279740716728086,0.03822308471162513,0.1615338940740267,0.06889966902366737,0.033598021897201596,0.0703924579407599,0.1304197099836094,0.1572511495156862,,,,,,,SRB00040
2015-07-19,2510.89,0.03,32.41,0.024972374953800884,0.05241611399096946,0.03761433300597539,0.16198275255899727,0.06970412040028548,0.033998456792557766,0.0703924579407599,0.1304197099836094,0.1572511495156862,,,,,,,SRB00040
2015-07-20,2448.06,0.0,30.67,0.024696273936899868,0.05203482081465805,0.03700558130032564,0.1624316110439678,0.07050857177690359,0.03439889168791393,0.0703924579407599,0.1304197099836094,0.1572511495156862,,,,,,,SRB00040
2015-07-21,2381.32,0.0,30.1,0.024420172919998852,0.051653527638346644,0.0363968295946759,0.16288046952893837,0.0713130231535217,0.0347993265832701,0.0703924579407599,0.1304197099836094,0.1572511495156862,,,,,,,SRB00040
2015-07-22,2311.07,0.0,31.78,0.027780746098813314,0.05327706717355549,0.03728811589896737,0.16182669140882297,0.07351681471735265,0.03703515182753342,0.0703924579407599,0.1304197099836094,0.1572511495156862,,,,,,,SRB00040
2015-07-23,2242.88,0.21,32.1,0.031141319277627776,0.05490060670876432,0.03817940220325885,0.16077291328870758,0.0757206062811836,0.03927097707179675,0.0703924579407599,0.1304197099836094,0.1572511495156862,,,,,,,SRB00040
2015-07-24,2191.81,0.31,30.2,0.03450189245644224,0.05652414624397316,0.03907068850755033,0.1597191351685922,0.07792439784501455,0.041506802316060076,0.0703924579407599,0.1304197099836094,0.1572511495156862,,,,,,,SRB00040
2015-07-25,2166.7,0.06,30.75,0.0378624656352567,0.058147685779182,0.0399619748118418,0.1586653570484768,0.0801281894088455,0.0437426275603234,0.0703924579407599,0.1304197099836094,0.1572511495156862,,,,,,,SRB00040
2015-07-26,2156.74,2.36,24.08,0.03701849156579394,0.05809492442079571,0.04006884802336587,0.15964525267651197,0.07963811222550597,0.04306459243075956,0.07084444009764346,0.13080148881993708,0.15752655872914448,,,,,,,SRB00040
2015-07-27,2166.7,2.46,24.16,0.03617451749633118,0.058042163062409426,0.04017572123488994,0.16062514830454716,0.07914803504216644,0.04238655730119571,0.07129642225452701,0.13118326765626476,0.1578019679426028,,,,,,,SRB00040
2015-07-28,2212.09,0.02,24.46,0.03533054342686843,0.05798940170402314,0.04028259444641401,0.16160504393258235,0.07865795785882691,0.04170852217163187,0.07174840441141056,0.13156504649259243,0.15807737715606107,,,,,,,SRB00040
2015-07-29,2305.75,0.01,27.3,0.03448656935740567,0.05793664034563685,0.040389467657938084,0.1625849395606175,0.07816788067548738,0.041030487042068034,0.07220038656829411,0.13194682532892008,0.15835278636951938,,,,,,,SRB00040
2015-07-30,2425.61,0.26,23.79,0.03364259528794291,0.05788387898725056,0.040496340869462154,0.16356483518865267,0.07767780349214785,0.04035245191250419,0.07265236872517765,0.13232860416524775,0.15862819558297767,,,,,,,SRB00040
2015-07-31,2539.97,1.76,19.95,0.03279862121848015,0.057831117628864274,0.04060321408098622,0.16454473081668786,0.07718772630880832,0.03967441678294035,0.0731043508820612,0.13271038300157542,0.15890360479643598,,,,,,,SRB00040
2015-08-01,2629.27,0.0,23.35,0.03195464714901739,0.05777835627047799,0.04071008729251029,0.16552462644472304,0.0766976491254688,0.03899638165337651,0.07355633303894475,0.1330921618379031,0.15917901400989426,,,,,,,SRB00040
2015-08-02,2734.27,3.42,27.12,0.031110673079554636,0.0577255949120917,0.04081696050403436,0.1665045220727582,0.07620757194212927,0.03831834652381266,0.0740083151958283,0.13347394067423077,0.15945442322335257,,,,,,,SRB00040
2015-08-03,2869.78,3.54,27.5,0.030266699010091876,0.05767283355370541,0.04092383371555843,0.16748441770079336,0.07571749475878974,0.037640311394248824,0.07446029735271185,0.13385571951055844,0.15972983243681085,9.7,0.109,0.74040752,362.0,2.2,,SRB00040
2015-08-04,2950.21,1.01,28.06,0.029422724940629117,0.05762007219531912,0.04103070692708251,0.16846431332882855,0.0752274175754502,0.036962276264684985,0.0749122795095954,0.13423749834688609,0.16000524165026914,,,,,,,SRB00040
2015-08-05,2903.02,0.08,29.19,0.02857875087116636,0.05756731083693284,0.04113758013860658,0.16944420895686374,0.07473734039211068,0.03628424113512114,0.07536426166647896,0.13461927718321376,0.16028065086372745,,,,,,,SRB00040
2015-08-06,2823.88,1.59,29.35,0.027734776801703602,0.05751454947854655,0.04124445335013065,0.1704241045848989,0.07424726320877115,0.0356062060055573,0.07581624382336251,0.13500105601954143,0.16055606007718573,,,,,,,SRB00040
2015-08-07,2772.32,0.0,30.08,0.027602684048308217,0.057071929592701756,0.04101349376601542,0.17041306051583413,0.07414653099799412,0.03553513537837883,0.07626822598024606,0.1353828348558691,0.16083146929064404,,,,,,,SRB00040
2015-08-08,2721.7,0.0,29.86,0.02747059129491283,0.056629309706856965,0.040782534181900205,0.1704020164467694,0.07404579878721711,0.035464064751200355,0.07672020813712961,0.13576461369219678,0.16110687850410232,,,,,,,SRB00040
2015-08-09,2623.22,0.0,29.05,0.027338498541517445,0.05618668982101217,0.04055157459778498,0.17039097237770462,0.07394506657644008,0.03539299412402189,0.07717219029401315,0.13614639252852445,0.16138228771756064,,,,,,,SRB00040
2015-08-10,2482.13,0.0,29.02,0.027206405788122057,0.055744069935167374,0.040320615013669764,0.17037992830863988,0.07384433436566307,0.03532192349684341,0.0776241724508967,0.13652817136485212,0.16165769693101892,,,,,,,SRB00040
2015-08-11,2348.63,0.0,29.86,0.027074313034726672,0.05530145004932258,0.04008965542955454,0.1703688842395751,0.07374360215488604,0.03525085286966494,0.07807615460778025,0.13690995020117977,0.16193310614447723,,,,,,,SRB00040
2015-08-12,2237.72,0.0,31.27,0.026942220281331284,0.05485883016347779,0.03985869584543932,0.17035784017051037,0.07364286994410903,0.03517978224248647,0.0785281367646638,0.13729172903750744,0.1622085153579355,,,,,,,SRB00040
2015-08-13,2146.83,0.42,31.12,0.0268101275279359,0.054416210277633,0.0396277362613241,0.1703467961014456,0.073542137733332,0.035108711615308,0.07898011892154735,0.13767350787383512,0.16248392457139382,,,,,,,SRB00040
2015-08-14,2078.7,0.0,31.55,0.0514628695963195,0.068897124875268,0.050639498114301,0.1607316088507461,0.0850855106520683,0.045921092939097,0.0794321010784309,0.1380552867101628,0.1627593337848521,,,,,,,SRB00040
2015-08-15,2026.68,0.0,31.75,0.049639891989651706,0.06763704440892193,0.04968814823040448,0.15933625230691417,0.08386065874097673,0.04508873854864952,0.07916271464438918,0.137237571888216,0.16175687980043432,,,,,,,SRB00040
2015-08-16,1980.53,15.19,26.9,0.04781691438298392,0.06637696394257585,0.04873679834650797,0.1579408957630822,0.08263580682988515,0.04425638415820204,0.07889332821034746,0.13641985706626922,0.16075442581601657,,,,,,,SRB00040
2015-08-17,1948.84,5.66,22.33,0.04599393677631612,0.06511688347622978,0.04778544846261146,0.15654553921925027,0.08141095491879359,0.04342402976775456,0.07862394177630573,0.13560214224432243,0.15975197183159878,,,,,,,SRB00040
2015-08-18,1953.34,2.72,21.77,0.044170959169648326,0.06385680300988371,0.04683409857871494,0.15515018267541833,0.08018610300770201,0.04259167537730708,0.07835455534226402,0.13478442742237565,0.15874951784718103,,,,,,,SRB00040
2015-08-19,2008.09,11.47,21.35,0.04234798156298054,0.06259672254353764,0.04588274869481843,0.15375482613158636,0.07896125109661044,0.0417593209868596,0.07808516890822229,0.13396671260042886,0.15774706386276324,,,,,,,SRB00040
2015-08-20,2176.71,14.63,20.02,0.04052500395631274,0.06133664207719156,0.04493139881092192,0.15235946958775443,0.07773639918551886,0.040926966596412116,0.07781578247418057,0.13314899777848208,0.1567446098783455,,,,,,,SRB00040
2015-08-21,2487.86,5.67,19.04,0.038702026349644945,0.060076561610845486,0.0439800489270254,0.1509641130439225,0.07651154727442729,0.040094612205964636,0.07754639604013884,0.13233128295653532,0.1557421558939277,,,,,,,SRB00040
2015-08-22,2957.01,1.88,18.5,0.03687904874297716,0.058816481144499416,0.04302869904312889,0.14956875650009052,0.07528669536333572,0.03926225781551716,0.07727700960609712,0.13151356813458853,0.15473970190950995,,,,,,,SRB00040
2015-08-23,3295.1,0.0,19.88,0.03505607113630936,0.05755640067815334,0.04207734915923238,0.14817339995625858,0.07406184345224415,0.03842990342506968,0.0770076231720554,0.13069585331264175,0.15373724792509216,,,,,,,SRB00040
2015-08-24,3333.26,0.0,22.94,0.033233093529641565,0.05629632021180727,0.04112599927533586,0.14677804341242665,0.07283699154115257,0.0375975490346222,0.07673823673801367,0.12987813849069496,0.1527347939406744,,,,,,,SRB00040
2015-08-25,3205.27,0.76,23.7,0.031410115922973776,0.05503623974546119,0.04017464939143935,0.14538268686859468,0.071612139630061,0.03676519464417472,0.07646885030397195,0.12906042366874818,0.15173233995625662,,,,,,,SRB00040
2015-08-26,3012.01,1.18,22.11,0.02958713831630598,0.053776159279115124,0.03922329950754284,0.14398733032476274,0.07038728771896942,0.03593284025372724,0.07619946386993022,0.1282427088468014,0.15072988597183887,,,,,,,SRB00040
2015-08-27,2804.43,0.0,25.3,0.027764160709638188,0.05251607881276905,0.03827194962364632,0.1425919737809308,0.06916243580787786,0.03510048586327976,0.0759300774358885,0.1274249940248546,0.14972743198742108,,,,,,,SRB00040
2015-08-28,2599.16,0.0,26.92,0.025941183102970396,0.05125599834642298,0.03732059973974981,0.14119661723709884,0.06793758389678628,0.03426813147283228,0.07566069100184677,0.12660727920290782,0.14872497800300333,,,,,,,SRB00040
2015-08-29,2425.61,0.0,27.88,0.0241182054963026,0.0499959178800769,0.0363692498558533,0.1398012606932669,0.0667127319856947,0.0334357770823848,0.07539130456780506,0.12578956438096103,0.14772252401858554,,,,,,,SRB00040
2015-08-30,2305.75,0.0,28.52,0.023368836452017677,0.0502961949594094,0.036612999211217974,0.1432388540088544,0.06935399718175043,0.03519481982253134,0.07512191813376333,0.12497184955901426,0.1467200700341678,,,,,,,SRB00040
2015-08-31,2222.31,0.0,28.96,0.022619467407732755,0.0505964720387419,0.03685674856658265,0.14667644732444188,0.07199526237780617,0.03695386256267788,0.07485253169972161,0.12415413473706748,0.14571761604975,,,,,,,SRB00040
2015-09-01,2151.78,0.0,29.19,0.021870098363447835,0.0508967491180744,0.037100497921947334,0.1501140406400294,0.07463652757386188,0.03871290530282442,0.07458314526567988,0.12333641991512069,0.14471516206533225,,,,,,,SRB00040
2015-09-02,2073.91,0.03,26.73,0.021120729319162913,0.0511970261974069,0.03734424727731201,0.15355163395561688,0.07727779276991761,0.040471948042970954,0.07431375883163815,0.1225187050931739,0.14371270808091446,,,,,,,SRB00040
2015-09-03,1989.67,0.23,26.56,0.02037136027487799,0.051497303276739397,0.03758799663267669,0.15698922727120437,0.07991905796597334,0.0422309907831175,0.07404437239759644,0.12170099027122712,0.1427102540964967,,,,,,,SRB00040
2015-09-04,1908.85,1.24,25.22,0.019621991230593067,0.0517975803560719,0.037831745988041364,0.16042682058679186,0.08256032316202908,0.043990033523264034,0.07377498596355471,0.12088327544928033,0.14170780011207892,,,,,,,SRB00040
2015-09-05,1856.8,19.97,21.26,0.018872622186308148,0.0520978574354044,0.03807549534340605,0.16386441390237938,0.08520158835808479,0.04574907626341057,0.073505599529513,0.12006556062733356,0.14070534612766117,,,,,,,SRB00040
2015-09-06,1844.02,2.45,17.29,0.018123253142023225,0.0523981345147369,0.038319244698770724,0.16730200721796687,0.08784285355414052,0.047508119003557114,0.07323621309547126,0.11924784580538678,0.13970289214324338,,,,,,,SRB00040
2015-09-07,1922.09,0.0,15.53,0.017373884097738303,0.0526984115940694,0.0385629940541354,0.17073960053355436,0.09048411875019625,0.04926716174370365,0.07296682666142955,0.11843013098343999,0.13870043815882563,,,,,,,SRB00040
2015-09-08,2166.7,0.0,15.43,0.01886958222991389,0.05298278435087993,0.038850913830719626,0.166600983418589,0.08787303637864737,0.0475588234360755,0.07269744022738782,0.1176124161614932,0.13769798417440784,,,,,,,SRB00040
2015-09-09,2499.35,0.0,15.67,0.020365280362089472,0.053267157107690456,0.03913883360730386,0.16246236630362365,0.08526195400709846,0.04585048512844735,0.0724280537933461,0.11679470133954642,0.1366955301899901,,,,,,,SRB00040
2015-09-10,2702.96,8.87,14.96,0.02186097849426506,0.053551529864500985,0.03942675338388808,0.1583237491886583,0.08265087163554957,0.044142146820819204,0.07215866735930437,0.11597698651759963,0.1356930762055723,,,,,,,SRB00040
2015-09-11,2740.57,0.82,16.46,0.023356676626440642,0.053835902621311514,0.039714673160472315,0.15418513207369297,0.08003978926400068,0.04243380851319105,0.07188928092526264,0.11515927169565286,0.13469062222115455,,,,,,,SRB00040
2015-09-12,2678.17,0.0,17.5,0.02485237475861623,0.05412027537812204,0.04000259293705654,0.15004651495872762,0.07742870689245179,0.0407254702055629,0.07161989449122093,0.11434155687370608,0.13368816823673677,,,,,,,SRB00040
2015-09-13,2569.4,0.0,19.01,0.026348072890791812,0.05440464813493257,0.04029051271364077,0.14590789784376226,0.07481762452090289,0.03901713189793475,0.0713505080571792,0.11352384205175929,0.132685714252319,,,,,,,SRB00040
2015-09-14,2442.43,0.01,22.96,0.0278437710229674,0.0546890208917431,0.040578432490225,0.1417692807287969,0.072206542149354,0.0373087935903066,0.07108112162313748,0.1127061272298125,0.13168326026790123,9.2,0.105,1.02934704,391.0,1.6,,SRB00040
2015-09-15,2316.39,0.02,25.23,0.027790032709215377,0.0541736749104954,0.040119026854038994,0.1408892363952528,0.07193021722675678,0.037109579570824926,0.07081173518909575,0.11188841240786572,0.13068080628348347,,,,,,,SRB00040
2015-09-16,2201.93,0.0,26.25,0.027736294395463355,0.0536583289292477,0.039659621217853,0.14000919206170873,0.07165389230415957,0.03691036555134325,0.07054234875505404,0.11107069758591893,0.12967835229906569,,,,,,,SRB00040
2015-09-17,2097.94,0.0,28.44,0.027682556081711333,0.053142982948,0.039200215581666996,0.13912914772816462,0.07137756738156235,0.036711151531861566,0.07027296232101231,0.11025298276397216,0.12867589831464793,,,,,,,SRB00040
2015-09-18,2017.37,0.0,27.53,0.02762881776795931,0.0526276369667523,0.038740809945481,0.13824910339462054,0.07110124245896514,0.03651193751237989,0.07000357588697059,0.10943526794202538,0.12767344433023015,,,,,,,SRB00040
2015-09-19,1962.36,0.41,24.06,0.027575079454207285,0.0521122909855046,0.038281404309295,0.13736905906107644,0.07082491753636791,0.03631272349289821,0.06973418945292886,0.10861755312007859,0.1266709903458124,,,,,,,SRB00040
2015-09-20,1935.42,2.7,18.68,0.027521341140455263,0.0515969450042569,0.037821998673109,0.13648901472753236,0.0705485926137707,0.03611350947341654,0.06946480301888713,0.1077998382981318,0.1256685363613946,,,,,,,SRB00040
2015-09-21,1939.89,0.02,16.76,0.02746760282670324,0.051081599023009204,0.037362593036923,0.13560897039398825,0.07027226769117348,0.035914295453934854,0.06919541658484542,0.10698212347618502,0.12466608237697684,,,,,,,SRB00040
2015-09-22,1971.42,0.0,18.01,0.02741386451295122,0.0505662530417615,0.036903187400737,0.13472892606044418,0.06999594276857626,0.03571508143445318,0.06892603015080369,0.10616440865423823,0.12366362839255907,,,,,,,SRB00040
2015-09-23,2012.72,0.0,20.85,0.027360126199199197,0.0500509070605138,0.036443781764551,0.13384888172690007,0.06971961784597905,0.0355158674149715,0.06865664371676197,0.10534669383229146,0.1226611744081413,,,,,,,SRB00040
2015-09-24,2054.89,3.14,21.5,0.02747095262798143,0.05031768843092359,0.03687688855305247,0.13283312992283008,0.0695985542213929,0.03555451563625453,0.06838725728272024,0.10452897901034468,0.12165872042372353,,,,,,,SRB00040
2015-09-25,2097.94,7.16,17.27,0.027581779056763667,0.050584469801333375,0.037309995341553936,0.13181737811876013,0.06947749059680675,0.035593163857537566,0.06811787084867853,0.10371126418839789,0.12065626643930576,,,,,,,SRB00040
2015-09-26,2156.74,2.32,15.74,0.0276926054855459,0.05085125117174316,0.037743102130055405,0.13080162631469014,0.06935642697222061,0.035631812078820595,0.0678484844146368,0.1028935493664511,0.11965381245488799,,,,,,,SRB00040
2015-09-27,2289.87,1.33,15.91,0.027803431914328134,0.05111803254215295,0.03817620891855687,0.12978587451062015,0.06923536334763446,0.035670460300103624,0.06757909798059508,0.10207583454450432,0.11865135847047022,,,,,,,SRB00040
2015-09-28,2493.6,4.43,12.71,0.02791425834311037,0.051384813912562735,0.03860931570705835,0.12877012270655017,0.0691142997230483,0.03570910852138666,0.06730971154655335,0.10125811972255754,0.11764890448605245,,,,,,,SRB00040
2015-09-29,2696.74,3.57,12.75,0.028025084771892604,0.05165159528297253,0.039042422495559816,0.1277543709024802,0.06899323609846215,0.03574775674266969,0.06704032511251162,0.10044040490061076,0.11664645050163468,,,,,,,SRB00040
2015-09-30,2734.27,0.13,12.93,0.028135911200674837,0.051918376653382316,0.039475529284061284,0.12673861909841022,0.068872172473876,0.03578640496395272,0.06677093867846991,0.09962269007866398,0.11564399651721691,,,,,,,SRB00040
2015-10-01,2629.27,0.0,12.9,0.02824673762945707,0.0521851580237921,0.03990863607256275,0.12572286729434023,0.06875110884928987,0.03582505318523575,0.06650155224442818,0.09880497525671719,0.11464154253279914,,,,,,,SRB00040
2015-10-02,2476.42,0.0,14.6,0.028357564058239308,0.05245193939420189,0.04034174286106422,0.12470711549027026,0.06863004522470371,0.03586370140651878,0.06623216581038646,0.0979872604347704,0.11363908854838137,,,,,,,SRB00040
2015-10-03,2316.39,0.0,15.77,0.02846839048702154,0.052718720764611676,0.04077484964956569,0.12369136368620029,0.06850898160011756,0.03590234962780181,0.06596277937634473,0.09716954561282362,0.1126366345639636,,,,,,,SRB00040
2015-10-04,2171.7,0.02,19.06,0.028579216915803774,0.05298550213502146,0.041207956438067156,0.1226756118821303,0.06838791797553141,0.035940997849084846,0.06569339294230302,0.09635183079087684,0.11163418057954583,,,,,,,SRB00040
2015-10-05,2040.74,1.74,16.68,0.02869004334458601,0.05325228350543125,0.04164106322656863,0.12165986007806033,0.06826685435094526,0.035979646070367875,0.06542400650826129,0.09553411596893006,0.11063172659512806,,,,,,,SRB00040
2015-10-06,1935.42,0.0,15.97,0.028800869773368244,0.05351906487584104,0.0420741700150701,0.12064410827399034,0.06814579072635911,0.036018294291650904,0.06515462007421957,0.09471640114698328,0.10962927261071029,,,,,,,SRB00040
2015-10-07,1852.53,0.66,14.92,0.028911696202150478,0.053785846246250824,0.04250727680357157,0.11962835646992037,0.06802472710177297,0.03605694251293394,0.06488523364017784,0.09389868632503649,0.10862681862629252,,,,,,,SRB00040
2015-10-08,1802.02,2.76,12.28,0.029022522630932714,0.05405262761666061,0.042940383592073035,0.11861260466585039,0.06790366347718682,0.03609559073421697,0.06461584720613611,0.09308097150308971,0.10762436464187475,,,,,,,SRB00040
2015-10-09,1789.61,0.12,12.72,0.029133349059714948,0.0543194089870704,0.0433734903805745,0.11759685286178041,0.06778259985260067,0.0361342389555,0.0643464607720944,0.09226325668114292,0.10662191065745698,,,,,,,SRB00040
2015-10-10,1839.77,12.9,12.03,0.02924417548849718,0.05458619035748019,0.04380659716907597,0.11658110105771044,0.06766153622801452,0.03617288717678303,0.06407707433805267,0.09144554185919614,0.10561945667303921,,,,,,,SRB00040
2015-10-11,2083.49,24.1,12.3,0.029355001917279418,0.05485297172788998,0.04423970395757744,0.11556534925364045,0.06754047260342837,0.03621153539806606,0.06380768790401095,0.09062782703724936,0.10461700268862144,,,,,,,SRB00040
2015-10-12,2753.23,1.87,7.65,0.02946582834606165,0.055119753098299765,0.04467281074607891,0.11454959744957048,0.06741940897884223,0.0362501836193491,0.06353830146996922,0.08981011221530258,0.10361454870420367,9.2,0.079,1.16930212,427.0,1.0,,SRB00040
2015-10-13,3227.49,0.27,10.39,0.029576654774843884,0.05538653446870955,0.045105917534580375,0.1135338456455005,0.06729834535425608,0.03628883184063213,0.0632689150359275,0.0889923973933558,0.1026120947197859,,,,,,,SRB00040
2015-10-14,3205.27,11.12,10.79,0.02968748120362612,0.05565331583911934,0.04553902432308185,0.11251809384143052,0.06717728172966993,0.036327480061915156,0.06299952860188578,0.08817468257140901,0.10160964073536813,,,,,,,SRB00040
2015-10-15,3046.89,6.13,13.85,0.029798307632408354,0.055920097209529125,0.04597213111158332,0.11150234203736054,0.06705621810508378,0.03636612828319819,0.06273014216784406,0.08735696774946222,0.10060718675095036,,,,,,,SRB00040
2015-10-16,2977.52,15.12,12.98,0.029909134061190588,0.05618687857993891,0.046405237900084786,0.11048659023329056,0.06693515448049762,0.03640477650448122,0.06246075573380233,0.08653925292751544,0.09960473276653259,,,,,,,SRB00040
2015-10-17,3012.01,1.07,13.23,0.030019960489972825,0.0564536599503487,0.046838344688586254,0.10947083842922059,0.06681409085591147,0.03644342472576425,0.06219136929976061,0.08572153810556865,0.09860227878211482,,,,,,,SRB00040
2015-10-18,3060.96,0.13,13.1,0.030130786918755058,0.056720441320758486,0.04727145147708772,0.1084550866251506,0.06669302723132534,0.036482072947047285,0.061921982865718886,0.08490382328362188,0.09759982479769705,,,,,,,SRB00040
2015-10-19,3175.87,5.37,11.5,0.03024161334753729,0.05698722269116827,0.04770455826558919,0.10743933482108063,0.06657196360673918,0.036520721168330314,0.06165259643167716,0.0840861084616751,0.09659737081327928,,,,,,,SRB00040
2015-10-20,3348.66,0.45,8.75,0.030352439776319524,0.057254004061578066,0.04813766505409066,0.10642358301701065,0.06645089998215303,0.03655936938961334,0.06138320999763544,0.08326839363972831,0.09559491682886151,,,,,,,SRB00040
2015-10-21,3474.36,0.01,7.99,0.03046326620510176,0.05752078543198785,0.048570771842592134,0.10540783121294067,0.06632983635756688,0.03659801761089638,0.06111382356359372,0.08245067881778152,0.09459246284444374,,,,,,,SRB00040
2015-10-22,3498.45,0.02,8.38,0.030574092633883995,0.05778756680239764,0.0490038786310936,0.10439207940887069,0.06620877273298073,0.03663666583217941,0.06084443712955199,0.08163296399583474,0.09359000886002597,,,,,,,SRB00040
2015-10-23,3418.79,0.02,9.32,0.030684919062666228,0.05805434817280743,0.04943698541959507,0.10337632760480071,0.0660877091083946,0.036675314053462436,0.060575050695510266,0.08081524917388795,0.0925875548756082,,,,,,,SRB00040
2015-10-24,3317.94,0.0,9.24,0.030795745491448465,0.058321129543217214,0.04987009220809654,0.10236057580073073,0.06596664548380844,0.03671396227474547,0.06030566426146854,0.07999753435194118,0.09158510089119043,,,,,,,SRB00040
2015-10-25,3234.94,0.0,9.48,0.030906571920230698,0.058587910913627,0.050303198996598006,0.10134482399666075,0.06584558185922229,0.0367526104960285,0.06003627782742682,0.0791798195299944,0.09058264690677266,,,,,,,SRB00040
2015-10-26,3117.89,0.01,9.43,0.030257497282326098,0.05757203539534959,0.04914349927198268,0.10002250013636083,0.06664478986399341,0.037495717481190786,0.0597668913933851,0.07836210470804761,0.08958019292235489,,,,,,,SRB00040
2015-10-27,2929.89,0.01,9.79,0.029608422644421498,0.056556159877072174,0.047983799547367346,0.09870017627606091,0.06744399786876455,0.03823882446635307,0.059497504959343375,0.07754438988610082,0.08857773893793712,,,,,,,SRB00040
2015-10-28,2721.7,0.01,9.84,0.028959348006516897,0.05554028435879476,0.04682409982275202,0.09737785241576098,0.06824320587353568,0.03898193145151536,0.05922811852530165,0.07672667506415404,0.08757528495351935,,,,,,,SRB00040
2015-10-29,2528.3,0.0,9.41,0.0283102733686123,0.05452440884051734,0.04566440009813669,0.09605552855546107,0.06904241387830681,0.03972503843667764,0.05895873209125993,0.07590896024220725,0.08657283096910158,,,,,,,SRB00040
2015-10-30,2375.84,0.0,8.52,0.0276611987307077,0.053508533322239926,0.04450470037352136,0.09473320469516114,0.06984162188307794,0.04046814542183993,0.05868934565721821,0.07509124542026048,0.08557037698468381,,,,,,,SRB00040
2015-10-31,2248.05,0.0,7.3,0.0270121240928031,0.05249265780396251,0.04334500064890603,0.09341088083486122,0.07064082988784907,0.041211252407002213,0.05841995922317648,0.0742735305983137,0.08456792300026604,,,,,,,SRB00040
2015-11-01,2146.83,0.0,4.74,0.0263630494548985,0.0514767822856851,0.0421853009242907,0.0920885569745613,0.0714400378926202,0.0419543593921645,0.058150572789134755,0.07345581577636691,0.08356546901584827,,,,,,,SRB00040
2015-11-02,2059.63,0.0,4.81,0.02644922356859,0.05101859113280245,0.04211988287313508,0.09097821571616005,0.07280451982556094,0.04302952292489023,0.05788118635509303,0.07263810095442012,0.0825630150314305,,,,,,,SRB00040
2015-11-03,1985.1,0.0,5.46,0.0265353976822815,0.05056039997991981,0.04205446482197946,0.0898678744577588,0.07416900175850168,0.044104686457615956,0.05761179992105131,0.07182038613247334,0.08156056104701273,,,,,,,SRB00040
2015-11-04,1917.67,0.0,6.37,0.026621571795973,0.05010220882703716,0.041989046770823844,0.08875753319935756,0.0755334836914424,0.04517984999034168,0.05734241348700959,0.07100267131052655,0.08055810706259496,10.4,0.083,1.61851278,455.0,1.3,,SRB00040
2015-11-05,1856.8,0.0,6.04,0.0267077459096645,0.049644017674154516,0.041923628719668225,0.08764719194095631,0.07689796562438314,0.046255013523067406,0.057073027052967865,0.07018495648857978,0.07955565307817719,,,,,,,SRB00040
2015-11-06,1810.34,0.03,4.71,0.026793920023356,0.049185826521271875,0.041858210668512606,0.08653685068255507,0.07826244755732388,0.047330177055793135,0.05680364061892614,0.069367241666633,0.07855319909375942,,,,,,,SRB00040
2015-11-07,1765.04,0.03,5.98,0.026880094137047502,0.04872763536838923,0.041792792617356994,0.08542650942415383,0.07962692949026462,0.048405340588518864,0.05653425418488442,0.06854952684468621,0.07755074510934165,,,,,,,SRB00040
2015-11-08,1720.87,0.01,10.66,0.026966268250739,0.048269444215506586,0.041727374566201375,0.08431616816575259,0.08099141142320536,0.04948050412124459,0.0562648677508427,0.06773181202273942,0.07654829112492388,,,,,,,SRB00040
2015-11-09,1681.67,0.04,11.59,0.027052442364430503,0.04781125306262394,0.041661956515045756,0.08320582690735134,0.0823558933561461,0.05055566765397032,0.05599548131680097,0.06691409720079264,0.07554583714050611,,,,,,,SRB00040
2015-11-10,1643.37,0.02,13.81,0.027138616478122,0.04735306190974129,0.04159653846389014,0.0820954856489501,0.08372037528908682,0.05163083118669604,0.055726094882759244,0.06609638237884585,0.07454338315608834,,,,,,,SRB00040
2015-11-11,1609.65,0.04,13.97,0.027224790591813503,0.04689487075685865,0.04153112041273452,0.08098514439054885,0.08508485722202756,0.05270599471942177,0.05545670844871752,0.06527866755689908,0.07354092917167057,,,,,,,SRB00040
2015-11-12,1583.89,0.01,12.51,0.027310964705505,0.046436679603976,0.0414657023615789,0.0798748031321476,0.0864493391549683,0.0537811582521475,0.0551873220146758,0.0644609527349523,0.0725384751872528,,,,,,,SRB00040
2015-11-13,1565.75,0.0,10.19,0.02772972822919878,0.047119449649865745,0.04223361709183212,0.08077756325631306,0.08666081611152598,0.05393535716701132,0.055223273326602644,0.0645886411019046,0.0727038928743477,,,,,,,SRB00040
2015-11-14,1551.39,0.01,9.39,0.028148491752892562,0.04780221969575548,0.04300153182208534,0.08168032338047852,0.08687229306808367,0.05408955608187514,0.05525922463852948,0.0647163294688569,0.0728693105614426,,,,,,,SRB00040
2015-11-15,1540.7,0.0,9.65,0.02856725527658634,0.048484989741645224,0.04376944655233856,0.08258308350464398,0.08708377002464134,0.05424375499673896,0.05529517595045633,0.0648440178358092,0.0730347282485375,,,,,,,SRB00040
2015-11-16,1530.09,0.01,13.0,0.028986018800280122,0.04916775978753496,0.04453736128259178,0.08348584362880944,0.08729524698119902,0.054397953911602785,0.055331127262383165,0.06497170620276152,0.0732001459356324,,,,,,,SRB00040
2015-11-17,1523.05,0.0,11.5,0.0294047823239739,0.0498505298334247,0.045305276012845,0.0843886037529749,0.0875067239377567,0.0545521528264666,0.05536707857431001,0.06509939456971382,0.0733655636227273,,,,,,,SRB00040
2015-11-18,1519.55,0.0,10.56,0.029620490452437493,0.05014599632461081,0.045658340148581555,0.08567158146987383,0.08852985131814661,0.055104579651867075,0.05540302988623685,0.06522708293666613,0.07353098130982219,,,,,,,SRB00040
2015-11-19,1519.55,0.01,9.51,0.02983619858090109,0.050441462815796916,0.046011404284318116,0.08695455918677278,0.08955297869853653,0.05565700647726754,0.05543898119816369,0.06535477130361843,0.0736963989969171,,,,,,,SRB00040
2015-11-20,1537.15,0.01,10.99,0.03005190670936468,0.05073692930698302,0.04636446842005467,0.08823753690367171,0.09057610607892644,0.05620943330266801,0.05547493251009053,0.06548245967057073,0.073861816684012,,,,,,,SRB00040
2015-11-21,1583.89,24.81,7.36,0.030267614837828277,0.05103239579816912,0.046717532555791225,0.08952051462057065,0.09159923345931635,0.05676186012806848,0.055510883822017375,0.06561014803752303,0.07402723437110689,,,,,,,SRB00040
2015-11-22,1647.16,7.15,2.41,0.03048332296629187,0.05132786228935523,0.047070596691527786,0.0908034923374696,0.09262236083970626,0.05731428695346895,0.05554683513394422,0.06573783640447535,0.07419265205820179,,,,,,,SRB00040
2015-11-23,1701.16,0.04,2.79,0.030699031094755462,0.051623328780541336,0.04742366082726434,0.09208647005436853,0.09364548822009618,0.057866713778869414,0.05558278644587106,0.06586552477142765,0.07435806974529668,,,,,,,SRB00040
2015-11-24,1793.73,1.62,1.3,0.030914739223219058,0.05191879527172744,0.047776724963000894,0.09336944777126746,0.09466861560048609,0.058419140604269885,0.0556187377577979,0.06599321313837996,0.0745234874323916,,,,,,,SRB00040
2015-11-25,2078.7,2.17,1.13,0.03113044735168265,0.05221426176291355,0.048129789098737455,0.09465242548816641,0.095691742980876,0.05897156742967036,0.05565468906972474,0.06612090150533226,0.07468890511948649,,,,,,,SRB00040
2015-11-26,2528.3,3.98,0.65,0.03134615548014624,0.05250972825409966,0.04848285323447401,0.09593540320506534,0.09671487036126591,0.05952399425507082,0.055690640381651585,0.06624858987228456,0.07485432280658139,,,,,,,SRB00040
2015-11-27,2715.44,2.67,1.09,0.03156186360860984,0.05280519474528576,0.04883591737021056,0.09721838092196428,0.09773799774165583,0.060076421080471294,0.05572659169357842,0.06637627823923686,0.07501974049367628,,,,,,,SRB00040
2015-11-28,2672.01,8.16,0.41,0.031777571737073435,0.05310066123647187,0.04918898150594712,0.09850135863886321,0.09876112512204574,0.06062884790587176,0.05576254300550527,0.06650396660618917,0.07518515818077119,,,,,,,SRB00040
2015-11-29,2545.83,0.15,2.21,0.03199327986553702,0.05339612772765798,0.04954204564168368,0.09978433635576216,0.09978425250243565,0.06118127473127223,0.055798494317432105,0.06663165497314148,0.07535057586786609,,,,,,,SRB00040
2015-11-30,2375.84,0.05,5.05,0.03220898799400062,0.05369159421884408,0.04989510977742023,0.10106731407266109,0.10080737988282557,0.061733701556672696,0.05583444562935895,0.06675934334009379,0.07551599355496098,11.3,0.073,1.8284454,493.0,1.0,,SRB00040
2015-12-01,2191.81,0.39,7.84,0.032424696122464215,0.053987060710030184,0.050248173913156786,0.10235029178956002,0.10183050726321548,0.06228612838207317,0.055870396941285795,0.06688703170704609,0.07568141124205588,,,,,,,SRB00040
2015-12-02,2031.36,0.07,6.53,0.032640404250927804,0.05428252720121629,0.05060123804889335,0.10363326950645897,0.10285363464360539,0.06283855520747364,0.05590634825321263,0.06701472007399839,0.07584682892915078,,,,,,,SRB00040
2015-12-03,1908.85,0.03,6.61,0.0328561123793914,0.0545779936924024,0.0509543021846299,0.1049162472233579,0.1038767620239953,0.0633909820328741,0.05594229956513948,0.0671424084409507,0.07601224661624569,,,,,,,SRB00040
2015-12-04,1856.8,0.08,5.53,0.03285212003729481,0.05465487516862514,0.05100522293673771,0.10407203330235869,0.10316893445980344,0.06307476878546742,0.055978250877066316,0.067270096807903,0.07617766430334058,,,,,,,SRB00040
2015-12-05,1989.67,0.09,4.19,0.032848127695198216,0.05473175664484788,0.05105614368884552,0.10322781938135947,0.10246110689561155,0.06275855553806071,0.05601420218899316,0.06739778517485531,0.07634308199043548,,,,,,,SRB00040
2015-12-06,2408.91,0.09,4.22,0.03284413535310163,0.054808638121070626,0.05110706444095333,0.10238360546036025,0.10175327933141967,0.06244234229065402,0.05605015350092,0.06752547354180762,0.07650849967753037,,,,,,,SRB00040
2015-12-07,2727.98,0.19,2.95,0.03284014301100503,0.054885519597293375,0.05115798519306114,0.10153939153936103,0.1010454517672278,0.06212612904324733,0.05608610481284684,0.06765316190875992,0.07667391736462528,,,,,,,SRB00040
2015-12-08,2721.7,0.38,3.53,0.032836150668908444,0.05496240107351612,0.051208905945168956,0.10069517761836182,0.10033762420303594,0.061809915795840636,0.05612205612477369,0.06778085027571222,0.07683933505172018,,,,,,,SRB00040
2015-12-09,2599.16,0.38,3.07,0.03283215832681185,0.05503928254973886,0.051259826697276765,0.0998509636973626,0.09962979663884405,0.06149370254843394,0.056158007436700526,0.06790853864266452,0.07700475273881507,,,,,,,SRB00040
2015-12-10,2459.37,0.62,2.7,0.03282816598471526,0.0551161640259616,0.051310747449384575,0.09900674977636338,0.09892196907465217,0.061177489301027246,0.05619395874862737,0.06803622700961683,0.07717017042590997,,,,,,,SRB00040
2015-12-11,2305.75,0.11,1.8,0.032824173642618665,0.055193045502184346,0.051361668201492384,0.09816253585536416,0.0982141415104603,0.06086127605362055,0.05622991006055421,0.06816391537656913,0.07733558811300487,,,,,,,SRB00040
2015-12-12,2141.89,0.02,0.14,0.032820181300522076,0.05526992697840709,0.051412588953600194,0.09731832193436496,0.09750631394626844,0.060545062806213856,0.05626586137248105,0.06829160374352145,0.07750100580009978,,,,,,,SRB00040
2015-12-13,1998.86,0.07,1.07,0.03281618895842548,0.05534680845462984,0.051463509705708003,0.09647410801336574,0.09679848638207655,0.06022884955880717,0.05630181268440789,0.06841929211047375,0.07766642348719467,,,,,,,SRB00040
2015-12-14,1886.99,0.05,1.88,0.03281219661632889,0.05542368993085258,0.05151443045781581,0.09562989409236652,0.09609065881788467,0.05991263631140047,0.056337763996334736,0.06854698047742605,0.07783184117428957,,,,,,,SRB00040
2015-12-15,1810.34,0.08,0.46,0.0328082042742323,0.05550057140707532,0.05156535120992363,0.0947856801713673,0.0953828312536928,0.05959642306399378,0.056373715308261574,0.06867466884437835,0.07799725886138446,,,,,,,SRB00040
2015-12-16,1756.92,0.06,1.06,0.03280421193213571,0.055577452883298066,0.05161627196203144,0.09394146625036809,0.09467500368950094,0.05928020981658708,0.05640966662018842,0.06880235721133066,0.07816267654847937,,,,,,,SRB00040
2015-12-17,1709.02,0.04,-0.26,0.03280021959003912,0.05565433435952081,0.05166719271413925,0.09309725232936887,0.09396717612530905,0.05896399656918039,0.05644561793211526,0.06893004557828296,0.07832809423557427,,,,,,,SRB00040
2015-12-18,1658.59,0.03,0.47,0.032796227247942525,0.05573121583574355,0.05171811346624706,0.09225303840836965,0.09325934856111717,0.05864778332177369,0.0564815692440421,0.06905773394523528,0.07849351192266917,,,,,,,SRB00040
2015-12-19,1613.36,0.45,1.89,0.032792234905845936,0.0558080973119663,0.05176903421835487,0.09140882448737044,0.0925515209969253,0.058331570074367005,0.056517520555968946,0.06918542231218758,0.07865892960976406,,,,,,,SRB00040
2015-12-20,1572.98,0.07,3.39,0.03278824256374934,0.055884978788189044,0.05181995497046268,0.09056461056637122,0.09184369343273344,0.05801535682696031,0.056553471867895784,0.06931311067913988,0.07882434729685896,,,,,,,SRB00040
2015-12-21,1540.7,0.09,3.08,0.03278425022165275,0.055961860264411786,0.051870875722570486,0.089720396645372,0.09113586586854155,0.057699143579553615,0.05658942317982263,0.06944079904609218,0.07898976498395387,,,,,,,SRB00040
2015-12-22,1519.55,0.07,4.83,0.03278025787955616,0.05603874174063453,0.051921796474678296,0.08887618272437278,0.09042803830434967,0.05738293033214692,0.05662537449174947,0.06956848741304449,0.07915518267104876,,,,,,,SRB00040
2015-12-23,1523.05,0.05,5.85,0.03277626553745957,0.05611562321685727,0.051972717226786105,0.08803196880337356,0.0897202107401578,0.057066717084740225,0.05666132580367631,0.06969617577999679,0.07932060035814366,,,,,,,SRB00040
2015-12-24,1551.39,0.07,4.02,0.03277227319536297,0.056192504693080014,0.05202363797889392,0.08718775488237435,0.08901238317596594,0.05675050383733353,0.05669727711560315,0.06982386414694909,0.07948601804523855,,,,,,,SRB00040
2015-12-25,1583.89,0.06,4.0,0.032768280853266385,0.056269386169302764,0.05207455873100173,0.08634354096137513,0.08830455561177405,0.05643429058992684,0.056733228427529994,0.06995155251390141,0.07965143573233345,,,,,,,SRB00040
2015-12-26,1587.55,0.05,4.58,0.03276428851116979,0.05634626764552551,0.05212547948310954,0.08549932704037591,0.08759672804758217,0.056118077342520147,0.05676917973945684,0.07007924088085371,0.07981685341942836,,,,,,,SRB00040
2015-12-27,1565.75,0.09,2.4,0.0327602961690732,0.05642314912174825,0.05217640023521735,0.08465511311937671,0.0868889004833903,0.05580186409511345,0.05680513105138368,0.07020692924780601,0.07998227110652326,,,,,,,SRB00040
2015-12-28,1537.15,0.07,0.54,0.03275630382697661,0.05650003059797099,0.05222732098732516,0.08381089919837749,0.08618107291919844,0.055485650847706756,0.05684108236331052,0.07033461761475832,0.08014768879361815,,,,,,,SRB00040
2015-12-29,1505.61,0.08,1.23,0.03275231148488002,0.056576912074193735,0.05227824173943297,0.08296668527737827,0.08547324535500656,0.05516943760030006,0.05687703367523736,0.07046230598171062,0.08031310648071305,,,,,,,SRB00040
2015-12-30,1478.11,0.03,-1.01,0.03274831914278343,0.05665379355041648,0.05232916249154078,0.08212247135637905,0.08476541779081467,0.054853224352893366,0.056912984987164204,0.07058999434866292,0.08047852416780796,,,,,,,SRB00040
2015-12-31,1454.46,0.0,-3.3,0.032744326800686833,0.05673067502663923,0.052380083243648595,0.08127825743537984,0.0840575902266228,0.05453701110548668,0.05694893629909104,0.07071768271561524,0.08064394185490285,,,,,,,SRB00040
2016-01-01,1431.19,0.09,-3.49,0.032740334458590245,0.05680755650286197,0.052431003995756405,0.08043404351438062,0.08334976266243094,0.05422079785807998,0.05698488761101789,0.07084537108256754,0.08080935954199775,,,,,,,SRB00040
2016-01-02,1411.54,0.57,-2.21,0.03273634211649365,0.05688443797908471,0.052481924747864214,0.0795898295933814,0.08264193509823906,0.05390458461067329,0.057020838922944725,0.07097305944951984,0.08097477722909265,,,,,,,SRB00040
2016-01-03,1395.37,2.72,-6.49,0.03273234977439706,0.056961319455307455,0.052532845499972024,0.07874561567238218,0.08193410753404717,0.05358837136326659,0.05705679023487157,0.07110074781647215,0.08114019491618754,,,,,,,SRB00040
2016-01-04,1379.38,3.35,-7.68,0.032728357432300466,0.0570382009315302,0.05258376625207983,0.07790140175138296,0.0812262799698553,0.0532721581158599,0.057092741546798415,0.07122843618342445,0.08130561260328245,,,,,,,SRB00040
2016-01-05,1366.73,0.52,-3.35,0.03272436509020388,0.05711508240775294,0.05263468700418764,0.07705718783038375,0.08051845240566344,0.0529559448684532,0.05712869285872525,0.07135612455037675,0.08147103029037735,,,,,,,SRB00040
2016-01-06,1354.19,7.98,0.25,0.03272037274810728,0.05719196388397569,0.05268560775629545,0.07621297390938453,0.07981062484147156,0.052639731621046515,0.0571646441706521,0.07148381291732905,0.08163644797747224,,,,,,,SRB00040
2016-01-07,1347.96,6.36,-1.43,0.032716380406010694,0.05726884536019843,0.05273652850840326,0.07536875998838531,0.07910279727727967,0.05232351837363982,0.057200595482578935,0.07161150128428137,0.08180186566456714,,,,,,,SRB00040
2016-01-08,1341.77,0.03,-1.39,0.0327123880639141,0.057345726836421175,0.05278744926051107,0.0745245460673861,0.0783949697130878,0.052007305126233125,0.05723654679450578,0.07173918965123367,0.08196728335166205,,,,,,,SRB00040
2016-01-09,1351.07,1.93,2.13,0.03270839572181751,0.05742260831264392,0.05283837001261889,0.07368033214638688,0.07768714214889594,0.05169109187882643,0.05727249810643262,0.07186687801818598,0.08213270103875694,,,,,,,SRB00040
2016-01-10,1376.21,3.27,3.79,0.03270440337972092,0.05749948978886666,0.0528892907647267,0.07283611822538766,0.07697931458470406,0.051374878631419735,0.05730844941835946,0.07199456638513828,0.08229811872585184,,,,,,,SRB00040
2016-01-11,1427.89,4.5,7.65,0.032700411037624326,0.0575763712650894,0.05294021151683451,0.07199190430438844,0.07627148702051217,0.05105866538401304,0.05734440073028631,0.07212225475209058,0.08246353641294674,,,,,,,SRB00040
2016-01-12,1530.09,5.22,6.87,0.03269641869552774,0.05765325274131215,0.052991132268942316,0.07114769038338922,0.0755636594563203,0.05074245213660635,0.057380352042213145,0.07224994311904288,0.08262895410004163,,,,,,,SRB00040
2016-01-13,1677.8,1.7,2.39,0.03269242635343114,0.057730134217534895,0.053042053021050126,0.07030347646239002,0.07485583189212844,0.05042623888919966,0.05741630335413999,0.0723776314859952,0.08279437178713654,,,,,,,SRB00040
2016-01-14,1848.27,0.02,2.56,0.032688434011334554,0.05780701569375764,0.053092973773157935,0.0694592625413908,0.07414800432793656,0.05011002564179296,0.05745225466606683,0.0725053198529475,0.08295978947423144,,,,,,,SRB00040
2016-01-15,2008.09,12.55,2.1,0.03268444166923796,0.05788389716998038,0.053143894525265745,0.06861504862039158,0.07344017676374467,0.049793812394386266,0.05748820597799367,0.0726330082198998,0.08312520716132633,,,,,,,SRB00040
2016-01-16,2141.89,0.02,-0.53,0.03268044932714137,0.05796077864620312,0.05319481527737356,0.06777083469939237,0.0727323491995528,0.04947759914697957,0.05752415728992051,0.07276069658685211,0.08329062484842123,,,,,,,SRB00040
2016-01-17,2263.64,0.14,-2.2,0.032676456985044774,0.058037660122425866,0.05324573602948137,0.06692662077839315,0.07202452163536094,0.049161385899572876,0.057560108601847355,0.07288838495380441,0.08345604253551614,,,,,,,SRB00040
2016-01-18,2337.84,0.36,-2.57,0.032672464642948186,0.058114541598648616,0.05329665678158918,0.06608240685739393,0.07131669407116906,0.04884517265216619,0.05759605991377419,0.07301607332075671,0.08362146022261104,12.2,0.136,2.31828818,510.0,1.0,,SRB00040
2016-01-19,2316.39,0.0,-3.48,0.03266847230085159,0.05819142307487136,0.05334757753369699,0.06523819293639471,0.07060886650697717,0.04852895940475949,0.05763201122570104,0.07314376168770902,0.08378687790970593,,,,,,,SRB00040
2016-01-20,2227.44,0.0,-3.35,0.032664479958755,0.0582683045510941,0.0533984982858048,0.0643939790153955,0.0699010389427853,0.0482127461573528,0.05766796253762788,0.07327145005466133,0.08395229559680083,,,,,,,SRB00040
2016-01-21,2107.63,0.02,-2.15,0.032939218139127334,0.0584416242220198,0.05390361241719156,0.0642525865333414,0.06950438083776202,0.04779840696553973,0.05770391384955472,0.07339913842161364,0.08411771328389572,,,,,,,SRB00040
2016-01-22,1985.1,0.01,-4.56,0.033213956319499666,0.058614943892945505,0.054408726548578326,0.06411119405128729,0.06910772273273874,0.047384067773726675,0.057739865161481566,0.07352682678856594,0.08428313097099063,,,,,,,SRB00040
2016-01-23,1865.38,0.03,-3.89,0.033488694499872,0.05878826356387121,0.05491384067996508,0.0639698015692332,0.06871106462771545,0.04696972858191361,0.0577758164734084,0.07365451515551824,0.08444854865808553,,,,,,,SRB00040
2016-01-24,1760.98,1.03,-1.74,0.03376343268024433,0.05896158323479691,0.055418954811351846,0.0638284090871791,0.06831440652269216,0.04655538939010055,0.05781176778533525,0.07378220352247054,0.08461396634518042,,,,,,,SRB00040
2016-01-25,1666.25,0.53,0.18,0.03403817086061666,0.05913490290572261,0.05592406894273861,0.06368701660512499,0.06791774841766887,0.04614105019828749,0.057847719097262086,0.07390989188942285,0.08477938403227532,,,,,,,SRB00040
2016-01-26,1591.21,0.31,2.03,0.03431290904098899,0.05930822257664831,0.05642918307412537,0.0635456241230709,0.0675210903126456,0.04572671100647443,0.05788367040918893,0.07403758025637516,0.08494480171937023,,,,,,,SRB00040
2016-01-27,1533.62,0.0,4.07,0.034587647221361324,0.059481542247574015,0.05693429720551213,0.0634042316410168,0.0671244322076223,0.04531237181466136,0.05791962172111577,0.07416526862332747,0.08511021940646513,,,,,,,SRB00040
2016-01-28,1495.24,0.02,4.89,0.034862385401733656,0.05965486191849972,0.05743941133689889,0.06326283915896269,0.06672777410259902,0.044898032622848305,0.057955573033042614,0.07429295699027977,0.08527563709356002,,,,,,,SRB00040
2016-01-29,1495.24,0.12,2.89,0.03513712358210599,0.05982818158942542,0.05794452546828566,0.0631214466769086,0.06633111599757573,0.04448369343103524,0.05799152434496946,0.07442064535723207,0.08544105478065492,,,,,,,SRB00040
2016-01-30,1583.89,0.07,3.53,0.03541186176247832,0.06000150126035112,0.05844963959967242,0.0629800541948545,0.06593445789255245,0.044069354239222175,0.058027475656896296,0.07454833372418437,0.08560647246774981,,,,,,,SRB00040
2016-01-31,1810.34,5.39,6.08,0.03568659994285065,0.06017482093127682,0.05895475373105918,0.06283866171280039,0.06553779978752916,0.04365501504740912,0.05806342696882314,0.07467602209113668,0.08577189015484472,,,,,,,SRB00040
2016-02-01,2054.89,1.16,7.39,0.03596133812322298,0.060348140602202525,0.05945986786244594,0.0626972692307463,0.06514114168250587,0.04324067585559605,0.05809937828074998,0.07480371045808898,0.08593730784193962,,,,,,,SRB00040
2016-02-02,2186.76,0.01,8.34,0.03623607630359532,0.06052146027312823,0.059964981993832704,0.0625558767486922,0.06474448357748258,0.04282633666378299,0.058135329592676824,0.0749313988250413,0.08610272552903452,,,,,,,SRB00040
2016-02-03,2258.44,3.01,9.17,0.03651081448396765,0.06069477994405393,0.06047009612521947,0.0624144842666381,0.0643478254724593,0.04241199747196993,0.05817128090460366,0.0750590871919936,0.08626814321612941,,,,,,,SRB00040
2016-02-04,2414.46,5.64,2.88,0.036785552664339985,0.06086809961497963,0.060975210256606224,0.062273091784584,0.06395116736743602,0.04199765828015687,0.058207232216530506,0.0751867755589459,0.08643356090322432,,,,,,,SRB00040
2016-02-05,2923.15,0.13,0.56,0.03706029084471232,0.061041419285905334,0.06148032438799299,0.0621316993025299,0.06355450926241273,0.041583319088343805,0.058243183528457344,0.0753144639258982,0.08659897859031922,,,,,,,SRB00040
2016-02-06,3490.4,0.0,1.87,0.03733502902508465,0.061214738956831036,0.06198543851937975,0.0619903068204758,0.06315785115738944,0.04116897989653074,0.05827913484038419,0.0754421522928505,0.08676439627741411,,,,,,,SRB00040
2016-02-07,3629.78,0.0,3.86,0.03760976720545698,0.06138805862775674,0.062490552650766515,0.0618489143384217,0.06276119305236616,0.04075464070471768,0.058315086152311034,0.07556984065980281,0.08692981396450901,,,,,,,SRB00040
2016-02-08,3555.31,0.0,7.51,0.03788450538582931,0.06156137829868244,0.06299566678215328,0.0617075218563676,0.06236453494734287,0.04034030151290462,0.05835103746423787,0.07569752902675513,0.0870952316516039,12.5,0.174,2.53725016,479.0,1.2,,SRB00040
2016-02-09,3418.79,0.0,10.22,0.038159243566201644,0.06173469796960814,0.06350078091354004,0.0615661293743135,0.06196787684231958,0.03992596232109156,0.05838698877616472,0.07582521739370743,0.08726064933869881,,,,,,,SRB00040
2016-02-10,3249.87,3.71,7.7,0.038433981746573975,0.061908017640533844,0.0640058950449268,0.061424736892259406,0.0615712187372963,0.03951162312927849,0.058422940088091554,0.07595290576065973,0.08742606702579371,,,,,,,SRB00040
2016-02-11,3053.92,0.07,5.12,0.03870871992694631,0.062081337311459546,0.06451100917631356,0.061283344410205304,0.061174560632273015,0.039097283937465435,0.0584588914000184,0.07608059412761203,0.0875914847128886,,,,,,,SRB00040
2016-02-12,2889.68,0.02,4.58,0.03898345810731864,0.06225465698238525,0.06501612330770032,0.0611419519281512,0.060777902527249725,0.03868294474565237,0.05849484271194524,0.07620828249456434,0.0877569023999835,,,,,,,SRB00040
2016-02-13,2823.88,5.2,4.61,0.03925819628769097,0.06242797665331095,0.06552123743908708,0.061000559446097107,0.06038124442222644,0.038268605553839305,0.05853079402387208,0.07633597086151664,0.08792232008707841,,,,,,,SRB00040
2016-02-14,2883.03,2.59,9.85,0.0395329344680633,0.06260129632423665,0.06602635157047385,0.060859166964043004,0.05998458631720315,0.03785426636202625,0.05856674533579893,0.07646365922846896,0.08808773777417331,,,,,,,SRB00040
2016-02-15,3005.08,9.82,9.66,0.0394138946029357,0.06259190512620004,0.06562824318561337,0.06087064845107138,0.059907326180108376,0.037896199706960974,0.058602696647725765,0.07659134759542126,0.0882531554612682,,,,,,,SRB00040
2016-02-16,3075.1,6.95,6.88,0.0392948547378081,0.06258251392816343,0.0652301348007529,0.06088212993809975,0.05983006604301361,0.0379381330518957,0.05863864795965261,0.07671903596237356,0.0884185731483631,,,,,,,SRB00040
2016-02-17,3068.02,0.06,8.56,0.0391758148726805,0.06257312273012683,0.06483202641589245,0.06089361142512813,0.05975280590591883,0.03798006639683043,0.05867459927157945,0.07684672432932586,0.088583990835458,,,,,,,SRB00040
2016-02-18,3032.89,3.04,7.28,0.039056775007552905,0.06256373153209022,0.06443391803103198,0.0609050929121565,0.059675545768824056,0.03802199974176516,0.05871055058350629,0.07697441269627817,0.0887494085225529,,,,,,,SRB00040
2016-02-19,2991.27,2.56,5.01,0.0389377351424253,0.0625543403340536,0.0640358096461715,0.060916574399184874,0.05959828563172929,0.038063933086699885,0.05874650189543313,0.07710210106323047,0.0889148262096478,,,,,,,SRB00040
2016-02-20,2950.21,0.07,3.97,0.0388186952772977,0.06254494913601699,0.06363770126131103,0.060928055886213243,0.05952102549463451,0.03810586643163462,0.058782453207359975,0.07722978943018277,0.0890802438967427,,,,,,,SRB00040
2016-02-21,2943.42,0.42,6.08,0.0386996554121701,0.0625355579379804,0.06323959287645056,0.06093953737324162,0.059443765357539737,0.03814779977656935,0.05881840451928681,0.07735747779713509,0.0892456615838376,,,,,,,SRB00040
2016-02-22,2950.21,0.01,9.54,0.0385806155470425,0.06252616673994378,0.06284148449159009,0.06095101886026999,0.05936650522044497,0.038189733121504074,0.05885435583121366,0.07748516616408739,0.0894110792709325,,,,,,,SRB00040
2016-02-23,2970.67,3.33,9.5,0.0384615756819149,0.06251677554190717,0.06244337610672963,0.060962500347298366,0.05928924508335019,0.0382316664664388,0.0588903071431405,0.0776128545310397,0.0895764969580274,,,,,,,SRB00040
2016-02-24,3046.89,3.01,5.39,0.0383425358167873,0.06250738434387056,0.062045267721869156,0.060973981834326736,0.059211984946255417,0.03827359981137353,0.05892625845506734,0.077740542897992,0.0897419146451223,,,,,,,SRB00040
2016-02-25,3279.95,5.34,4.43,0.0382234959516597,0.06249799314583395,0.06164715933700869,0.06098546332135511,0.05913472480916064,0.03831553315630826,0.058962209766994185,0.0778682312649443,0.08990733233221719,,,,,,,SRB00040
2016-02-26,3638.15,5.63,2.68,0.038104456086532096,0.06248860194779734,0.06124905095214822,0.06099694480838348,0.05905746467206587,0.038357466501242984,0.05899816107892102,0.0779959196318966,0.09007275001931209,,,,,,,SRB00040
2016-02-27,3871.58,0.0,3.5,0.0379854162214045,0.06247921074976073,0.06085094256728775,0.06100842629541186,0.0589802045349711,0.03839939984617771,0.05903411239084787,0.07812360799884892,0.090238167706407,,,,,,,SRB00040
2016-02-28,3889.45,0.07,7.65,0.0378663763562769,0.06246981955172412,0.060452834182427286,0.06101990778244023,0.05890294439787632,0.03844133319111244,0.059070063702774706,0.07825129636580122,0.09040358539350189,,,,,,,SRB00040
2016-02-29,3783.43,13.82,9.18,0.0377473364911493,0.062460428353687515,0.060054725797566814,0.061031389269468606,0.05882568426078155,0.03848326653604717,0.05910601501470155,0.07837898473275352,0.09056900308059679,,,,,,,SRB00040
2016-03-01,3596.49,0.63,5.42,0.0376282966260217,0.0624510371556509,0.05965661741270635,0.061042870756496975,0.05874842412368678,0.038525199880981895,0.05914196632662839,0.07850667309970583,0.09073442076769168,,,,,,,SRB00040
2016-03-02,3395.25,0.03,3.93,0.037509256760894095,0.06244164595761429,0.05925850902784588,0.06105435224352535,0.058671163986592,0.03856713322591663,0.05917791763855523,0.07863436146665813,0.09089983845478658,,,,,,,SRB00040
2016-03-03,3249.87,2.94,6.71,0.0373902168957665,0.062432254759577685,0.05886040064298541,0.06106583373055373,0.05859390384949723,0.03860906657085136,0.05921386895048208,0.07876204983361043,0.09106525614188149,,,,,,,SRB00040
2016-03-04,3212.66,7.83,4.93,0.0372711770306389,0.06242286356154107,0.058462292258124944,0.0610773152175821,0.05851664371240246,0.038650999915786084,0.059249820262408916,0.07888973820056273,0.09123067382897639,,,,,,,SRB00040
2016-03-05,3249.87,0.01,6.95,0.0371521371655113,0.06241347236350447,0.05806418387326447,0.061088796704610475,0.05843938357530768,0.03869293326072081,0.05928577157433576,0.07901742656751505,0.09139609151607128,,,,,,,SRB00040
2016-03-06,3333.26,2.71,8.29,0.0370330973003837,0.062404081165467855,0.057666075488404,0.061100278191638845,0.05836212343821291,0.03873486660565554,0.0593217228862626,0.07914511493446735,0.09156150920316618,,,,,,,SRB00040
2016-03-07,3379.65,2.35,8.09,0.036914057435256095,0.06239468996743125,0.05726796710354354,0.06111175967866722,0.05828486330111814,0.03877679995059027,0.05935767419818944,0.07927280330141966,0.09172692689026109,,,,,,,SRB00040
2016-03-08,3340.95,1.46,6.88,0.0367950175701285,0.06238529876939464,0.05686985871868307,0.06112324116569559,0.05820760316402336,0.038818733295524994,0.05939362551011628,0.07940049166837196,0.09189234457735598,,,,,,,SRB00040
2016-03-09,3257.37,0.02,6.59,0.036675977705000896,0.062375907571358025,0.056471750333822596,0.06113472265272397,0.058130343026928585,0.03886066664045972,0.059429576822043126,0.07952818003532426,0.09205776226445088,,,,,,,SRB00040
2016-03-10,3183.2,5.83,7.58,0.036556937839873294,0.06236651637332142,0.05607364194896213,0.06114620413975234,0.05805308288983382,0.03890259998539445,0.059465528133969964,0.07965586840227656,0.09222317995154578,,,,,,,SRB00040
2016-03-11,3125.08,3.5,9.19,0.0364378979747457,0.06235712517528481,0.05567553356410166,0.061157685626780714,0.05797582275273904,0.03894453333032918,0.05950147944589681,0.07978355676922888,0.09238859763864067,,,,,,,SRB00040
2016-03-12,3053.92,2.17,7.84,0.036318858109618095,0.0623477339772482,0.05527742517924119,0.061169167113809084,0.057898562615644265,0.03898646667526391,0.05953743075782365,0.07991124513618118,0.09255401532573558,,,,,,,SRB00040
2016-03-13,2943.42,1.35,7.94,0.03619981824449049,0.06233834277921159,0.054879316794380725,0.06118064860083746,0.0578213024785495,0.03902840002019864,0.05957338206975049,0.08003893350313349,0.09271943301283048,,,,,,,SRB00040
2016-03-14,2810.9,0.19,5.71,0.036080778379362896,0.062328951581174984,0.054481208409520254,0.06119213008786583,0.05774404234145472,0.03907033336513337,0.059609333381677336,0.08016662187008579,0.09288485069992537,,,,,,,SRB00040
2016-03-15,2672.01,0.98,2.07,0.03596173851423529,0.06231956038313837,0.05408310002465978,0.06120361157489421,0.057666782204359945,0.039112266710068094,0.059645284693604174,0.08029431023703809,0.09305026838702027,,,,,,,SRB00040
2016-03-16,2551.7,0.12,5.08,0.0358426986491077,0.062310169185101766,0.05368499163979932,0.061215093061922576,0.05758952206726518,0.03915420005500282,0.05968123600553102,0.0804219986039904,0.09321568607411518,,,,,,,SRB00040
2016-03-17,2459.37,0.0,6.79,0.035723658783980095,0.06230077798706515,0.05328688325493885,0.06122657454895095,0.0575122619301704,0.03919613339993755,0.05971718731745786,0.0805496869709427,0.09338110376121007,,,,,,,SRB00040
2016-03-18,2386.81,0.0,6.72,0.035886907261830726,0.06219089390573278,0.05348596886565538,0.06367209536023415,0.05968465118148299,0.04054930673581024,0.0597531386293847,0.08067737533789501,0.09354652144830497,,,,,,,SRB00040
2016-03-19,2327.09,0.01,6.4,0.03605015573968135,0.062081009824400395,0.05368505447637192,0.06611761617151735,0.06185704043279557,0.041902480071682936,0.059789089941311546,0.08080506370484732,0.09371193913539987,,,,,,,SRB00040
2016-03-20,2263.64,0.01,8.3,0.03621340421753198,0.06197112574306802,0.05388414008708845,0.06856313698280053,0.06402942968410816,0.043255653407555626,0.059825041253238384,0.08093275207179962,0.09387735682249476,,,,,,,SRB00040
2016-03-21,2201.93,0.32,7.99,0.03637665269538261,0.061861241661735636,0.05408322569780499,0.07100865779408372,0.06620181893542074,0.04460882674342832,0.05986099256516523,0.08106044043875192,0.09404277450958967,,,,,,,SRB00040
2016-03-22,2136.96,4.72,7.2,0.03653990117323324,0.06175135758040326,0.05428231130852153,0.07345417860536692,0.06837420818673333,0.04596200007930101,0.05989694387709207,0.08118812880570422,0.09420819219668457,,,,,,,SRB00040
2016-03-23,2078.7,14.46,4.19,0.036703149651083865,0.06164147349907088,0.05448139691923806,0.07589969941665012,0.07054659743804592,0.04731517341517371,0.05993289518901891,0.08131581717265653,0.09437360988377946,11.3,0.094,2.76749884,516.0,1.4,,SRB00040
2016-03-24,2026.68,0.07,5.03,0.0368663981289345,0.0615315894177385,0.0546804825299546,0.0783452202279333,0.0727189866893585,0.0486683467510464,0.05996884650094575,0.08144350553960884,0.09453902757087436,,,,,,,SRB00040
2016-03-25,1989.67,0.0,4.2,0.036737224326191024,0.061549750465320935,0.05456600633992635,0.0803557520939958,0.07300027833529313,0.0486637372049751,0.060004797812872594,0.08157119390656115,0.09470444525796927,,,,,,,SRB00040
2016-03-26,1962.36,0.24,6.01,0.03660805052344755,0.06156791151290337,0.054451530149898106,0.08236628396005831,0.07328156998122777,0.048659127658903796,0.06004074912479943,0.08169888227351345,0.09486986294506417,,,,,,,SRB00040
2016-03-27,1944.36,0.78,7.03,0.03647887672070407,0.0615860725604858,0.05433705395986987,0.0843768158261208,0.0735628616271624,0.048654518112832494,0.06007670043672628,0.08182657064046575,0.09503528063215906,,,,,,,SRB00040
2016-03-28,1926.53,0.18,8.05,0.0363497029179606,0.06160423360806823,0.05422257776984162,0.0863873476921833,0.07384415327309703,0.04864990856676119,0.06011265174865312,0.08195425900741805,0.09520069831925396,,,,,,,SRB00040
2016-03-29,1908.85,0.68,12.81,0.03622052911521713,0.06162239465565066,0.05410810157981338,0.08839787955824581,0.07412544491903167,0.04864529902068989,0.06014860306057996,0.08208194737437036,0.09536611600634885,,,,,,,SRB00040
2016-03-30,1917.67,0.03,12.71,0.03609135531247366,0.061640555703233096,0.05399362538978514,0.0904084114243083,0.0744067365649663,0.04864068947461859,0.060184554372506804,0.08220963574132266,0.09553153369344376,,,,,,,SRB00040
2016-03-31,1966.89,0.0,14.99,0.035962181509730184,0.06165871675081553,0.05387914919975689,0.0924189432903708,0.07468802821090093,0.048636079928547286,0.06022050568443364,0.08233732410827498,0.09569695138053866,,,,,,,SRB00040
2016-04-01,2040.74,0.0,14.89,0.03583300770698671,0.061676877798397964,0.05376467300972865,0.0944294751564333,0.07496931985683557,0.048631470382475984,0.06025645699636049,0.08246501247522728,0.09586236906763355,,,,,,,SRB00040
2016-04-02,2097.94,0.0,10.15,0.03570383390424323,0.0616950388459804,0.0536501968197004,0.0964400070224958,0.0752506115027702,0.04862686083640468,0.060292408308287325,0.08259270084217958,0.09602778675472845,,,,,,,SRB00040
2016-04-03,2151.78,0.0,12.94,0.03557466010149976,0.06171319989356283,0.05353572062967216,0.0984505388885583,0.07553190314870482,0.04862225129033338,0.06032835962021417,0.08272038920913188,0.09619320444182336,,,,,,,SRB00040
2016-04-04,2258.44,0.0,16.44,0.03544548629875629,0.06173136094114526,0.05342124443964392,0.1004610707546208,0.07581319479463947,0.048617641744262086,0.06036431093214101,0.08284807757608419,0.09635862212891826,,,,,,,SRB00040
2016-04-05,2476.42,0.0,18.55,0.03531631249601282,0.06174952198872769,0.05330676824961567,0.1024716026206833,0.0760944864405741,0.048613032198190784,0.06040026224406785,0.08297576594303649,0.09652403981601315,,,,,,,SRB00040
2016-04-06,2778.71,0.0,17.1,0.035187138693269344,0.061767683036310125,0.05319229205958743,0.1044821344867458,0.07637577808650872,0.04860842265211948,0.0604362135559947,0.0831034543099888,0.09668945750310805,,,,,,,SRB00040
2016-04-07,3053.92,1.08,17.96,0.03505796489052587,0.06178584408389256,0.05307781586955919,0.1064926663528083,0.07665706973244336,0.04860381310604818,0.060472164867921535,0.08323114267694111,0.09685487519020294,12.5,0.077,1.02031768,493.0,2.1,0.0569,SRB00040
2016-04-08,3257.37,1.42,15.59,0.03492879108778239,0.06180400513147499,0.052963339679530944,0.1085031982188708,0.07693836137837799,0.04859920355997688,0.06050811617984838,0.08335883104389341,0.09702029287729785,,,,,,,SRB00040
2016-04-09,3410.93,2.23,12.14,0.03479961728503892,0.061822166179057426,0.0528488634895027,0.1105137300849333,0.07721965302431262,0.048594594013905576,0.06054406749177522,0.08348651941084571,0.09718571056439275,,,,,,,SRB00040
2016-04-10,3538.97,0.27,9.58,0.03467044348229545,0.06184032722663986,0.05273438729947445,0.1125242619509958,0.07750094467024726,0.048589984467834274,0.06058001880370206,0.08361420777779802,0.09735112825148765,,,,,,,SRB00040
2016-04-11,3705.81,0.0,10.95,0.03454126967955198,0.06185848827422229,0.05261991110944621,0.1145347938170583,0.07778223631618189,0.04858537492176297,0.0606159701156289,0.08374189614475032,0.09751654593858254,,,,,,,SRB00040
2016-04-12,3889.45,0.0,14.9,0.034412095876808504,0.06187664932180472,0.05250543491941797,0.1165453256831208,0.07806352796211652,0.04858076537569167,0.060651921427555745,0.08386958451170262,0.09768196362567745,,,,,,,SRB00040
2016-04-13,3952.67,0.0,16.66,0.03428292207406503,0.061894810369387154,0.052390958729389724,0.1185558575491833,0.07834481960805116,0.04857615582962037,0.06068787273948258,0.08399727287865494,0.09784738131277235,,,,,,,SRB00040
2016-04-14,3853.78,6.32,13.73,0.03415374827132155,0.06191297141696959,0.05227648253936148,0.1205663894152458,0.07862611125398579,0.048571546283549066,0.06072382405140943,0.08412496124560724,0.09801279899986724,,,,,,,SRB00040
2016-04-15,3671.82,0.01,12.95,0.03402457446857808,0.06193113246455202,0.05216200634933324,0.1225769212813083,0.07890740289992042,0.048566936737477764,0.06075977536333627,0.08425264961255954,0.09817821668696214,,,,,,,SRB00040
2016-04-16,3506.52,0.0,16.45,0.03389540066583461,0.061949293512134455,0.052047530159304994,0.1245874531473708,0.07918869454585506,0.04856232719140646,0.06079572667526311,0.08438033797951185,0.09834363437405703,,,,,,,SRB00040
2016-04-17,3466.37,0.0,17.5,0.03376622686309114,0.06196745455971689,0.05193305396927675,0.1265979850134333,0.07946998619178969,0.04855771764533516,0.060831677987189955,0.08450802634646415,0.09850905206115194,,,,,,,SRB00040
2016-04-18,3530.83,0.21,17.53,0.033637053060347664,0.061985615607299316,0.051818577779248504,0.1286085168794958,0.07975127783772432,0.04855310809926386,0.06086762929911679,0.08463571471341645,0.09867446974824684,,,,,,,SRB00040
2016-04-19,3555.31,7.43,13.66,0.03350787925760419,0.06200377665488175,0.05170410158922026,0.1306190487455583,0.08003256948365896,0.04854849855319256,0.06090358061104364,0.08476340308036877,0.09883988743534174,,,,,,,SRB00040
2016-04-20,3522.71,0.25,10.49,0.03337870545486071,0.06202193770246418,0.05158962539919202,0.1326295806116208,0.08031386112959359,0.048543889007121255,0.060939531922970476,0.08489109144732107,0.09900530512243663,,,,,,,SRB00040
2016-04-21,3646.54,0.0,10.95,0.03324953165211724,0.06204009875004662,0.051475149209163774,0.1346401124776833,0.08059515277552821,0.04853927946104995,0.06097548323489732,0.08501877981427337,0.09917072280953154,,,,,,,SRB00040
2016-04-22,3952.67,0.0,13.1,0.03312035784937377,0.06205825979762905,0.05136067301913553,0.1366506443437458,0.08087644442146286,0.04853466991497865,0.06101143454682416,0.08514646818122568,0.09933614049662644,,,,,,,SRB00040
2016-04-23,4091.61,0.18,14.71,0.0329911840466303,0.062076420845211484,0.05124619682910729,0.1386611762098083,0.08115773606739748,0.04853006036890735,0.061047385858751003,0.08527415654817798,0.09950155818372133,,,,,,,SRB00040
2016-04-24,3934.5,5.99,10.1,0.032862010243886824,0.06209458189279392,0.051131720639079045,0.1406717080758708,0.08143902771333211,0.04852545082283605,0.06108333717067785,0.08540184491513028,0.09966697587081623,,,,,,,SRB00040
2016-04-25,3697.28,7.87,5.3,0.032732836441143345,0.062112742940376345,0.0510172444490508,0.1426822399419333,0.08172031935926674,0.048520841276764745,0.061119288482604686,0.08552953328208258,0.09983239355791113,,,,,,,SRB00040
2016-04-26,3490.4,0.0,7.39,0.03260366263839987,0.06213090398795878,0.050902768259022554,0.1446927718079958,0.08200161100520138,0.04851623173069345,0.06115523979453153,0.0856572216490349,0.09999781124500604,,,,,,,SRB00040
2016-04-27,3371.87,1.07,11.62,0.0324744888356564,0.06214906503554121,0.05078829206899431,0.1467033036740583,0.08228290265113601,0.04851162218462215,0.06119119110645837,0.0857849100159872,0.10016322893210093,,,,,,,SRB00040
2016-04-28,3340.95,3.07,9.16,0.03234531503291293,0.062167226083123646,0.05067381587896607,0.1487138355401208,0.08256419429707064,0.048507012638550846,0.061227142418385214,0.0859125983829395,0.10032864661919583,,,,,,,SRB00040
2016-04-29,3310.31,4.67,10.52,0.03221614123016946,0.06218538713070608,0.050559339688937825,0.1507243674061833,0.08284548594300528,0.048502403092479544,0.06126309373031205,0.08604028674989181,0.10049406430629072,,,,,,,SRB00040
2016-04-30,3242.4,0.01,11.67,0.032086967427425984,0.06220354817828851,0.05044486349890958,0.1527348992722458,0.08312677758893991,0.04849779354640824,0.061299045042238896,0.08616797511684411,0.10065948199338563,,,,,,,SRB00040
2016-05-01,3183.2,7.96,12.95,0.031957793624682505,0.06222170922587095,0.05033038730888134,0.1547454311383083,0.08340806923487454,0.04849318400033694,0.06133499635416574,0.08629566348379641,0.10082489968048053,,,,,,,SRB00040
2016-05-02,3117.89,5.4,12.99,0.03182861982193903,0.06223987027345338,0.050215911118853096,0.1567559630043708,0.08368936088080918,0.04848857445426564,0.06137094766609258,0.08642335185074873,0.10099031736757542,,,,,,,SRB00040
2016-05-03,3053.92,6.67,13.3,0.03169944601919556,0.06225803132103581,0.05010143492882485,0.1587664948704333,0.08397065252674381,0.04848396490819434,0.061406898978019424,0.08655104021770103,0.10115573505467032,,,,,,,SRB00040
2016-05-04,3025.91,3.58,13.21,0.03157027221645209,0.06227619236861824,0.049986958738796605,0.1607770267364958,0.08425194417267844,0.048479355362123035,0.06144285028994626,0.08667872858465334,0.10132115274176522,,,,,,,SRB00040
2016-05-05,3053.92,0.9,15.02,0.03144109841370862,0.062294353416200675,0.04987248254876836,0.1627875586025583,0.08453323581861308,0.04847474581605173,0.061478801601873106,0.08680641695160564,0.10148657042886013,,,,,,,SRB00040
2016-05-06,3161.28,0.2,15.18,0.031311924610965144,0.06231251446378311,0.04975800635874012,0.1647980904686208,0.0848145274645477,0.04847013626998043,0.061514752913799944,0.08693410531855794,0.10165198811595502,,,,,,,SRB00040
2016-05-07,3371.87,0.67,15.31,0.03118275080822167,0.06233067551136554,0.049643530168711876,0.1668086223346833,0.08509581911048233,0.04846552672390913,0.06155070422572679,0.08706179368551024,0.10181740580304992,,,,,,,SRB00040
2016-05-08,3588.22,0.37,14.52,0.031053577005478197,0.062348836558947976,0.04952905397868363,0.1688191542007458,0.08537711075641698,0.04846091717783783,0.06158665553765363,0.08718948205246255,0.10198282349014481,,,,,,,SRB00040
2016-05-09,3671.82,0.05,16.8,0.03092440320273472,0.06236699760653041,0.04941457778865539,0.1708296860668083,0.0856584024023516,0.048456307631766525,0.06162260684958047,0.08731717041941486,0.10214824117723972,,,,,,,SRB00040
2016-05-10,3563.51,5.28,15.44,0.03079522939999125,0.062385158654112836,0.04930010159862715,0.1728402179328708,0.08593969404828623,0.04845169808569522,0.06165855816150732,0.08744485878636717,0.10231365886433462,,,,,,,SRB00040
2016-05-11,3379.65,3.62,17.75,0.030666055597247777,0.06240331970169527,0.0491856254085989,0.17485074979893328,0.08622098569422088,0.04844708853962392,0.061694509473434155,0.08757254715331947,0.10247907655142952,,,,,,,SRB00040
2016-05-12,3212.66,12.46,16.76,0.0305368817945043,0.062421480749277704,0.049071149218570656,0.1768612816649958,0.0865022773401555,0.04844247899355262,0.061730460785361,0.08770023552027177,0.10264449423852441,,,,,,,SRB00040
2016-05-13,3075.1,1.17,16.12,0.03040770799176083,0.06243964179686014,0.04895667302854241,0.1788718135310583,0.08678356898609013,0.04843786944748132,0.06176641209728784,0.08782792388722407,0.10280991192561931,,,,,,,SRB00040
2016-05-14,2998.16,3.24,14.88,0.030278534189017353,0.06245780284444257,0.04884219683851417,0.18088234539712078,0.08706486063202477,0.048433259901410015,0.06180236340921468,0.08795561225417638,0.10297532961271422,,,,,,,SRB00040
2016-05-15,3060.96,2.49,11.53,0.03014936038627388,0.062475963892025005,0.04872772064848593,0.1828928772631833,0.0873461522779594,0.048428650355338713,0.06183831472114152,0.0880833006211287,0.10314074729980911,,,,,,,SRB00040
2016-05-16,3800.89,0.0,10.64,0.03002018658353041,0.06249412493960744,0.04861324445845768,0.1849034091292458,0.08762744392389403,0.04842404080926741,0.061874266033068365,0.088210988988081,0.10330616498690401,,,,,,,SRB00040
2016-05-17,5431.5,0.07,11.26,0.029891012780786933,0.06251228598718987,0.04849876826842944,0.18691394099530828,0.08790873556982867,0.04841943126319612,0.0619102173449952,0.0883386773550333,0.1034715826739989,9.7,0.058,1.60948342,406.0,1.0,0.0071,SRB00040
2016-05-18,5996.91,0.01,13.92,0.02976183897804346,0.0625304470347723,0.0483842920784012,0.1889244728613708,0.0881900272157633,0.048414821717124815,0.06194616865692205,0.0884663657219856,0.1036370003610938,,,,,,,SRB00040
2016-05-19,5753.4,0.42,15.85,0.02963266517529999,0.06254860808235474,0.04826981588837295,0.1909350047274333,0.08847131886169793,0.04841021217105351,0.06198211996884889,0.0885940540889379,0.10380241804818871,,,,,,,SRB00040
2016-05-20,5356.97,0.07,16.67,0.029503491372556513,0.06256676912993717,0.04815533969834471,0.19294553659349578,0.08875261050763257,0.04840560262498221,0.06201807128077573,0.0887217424558902,0.1039678357352836,,,,,,,SRB00040
2016-05-21,4896.79,0.0,17.51,0.02937431756981304,0.0625849301775196,0.04804086350831646,0.1949560684595583,0.0890339021535672,0.04840099307891091,0.062054022592702575,0.08884943082284251,0.1041332534223785,,,,,,,SRB00040
2016-05-22,4465.84,0.0,18.89,0.02924514376706957,0.06260309122510203,0.04792638731828822,0.1969666003256208,0.08931519379950183,0.04839638353283961,0.06208997390462941,0.08897711918979483,0.1042986711094734,,,,,,,SRB00040
2016-05-23,4158.11,0.19,20.91,0.029115969964326093,0.06262125227268446,0.04781191112825998,0.19897713219168328,0.08959648544543647,0.048391773986768305,0.06212592521655626,0.08910480755674713,0.10446408879656831,,,,,,,SRB00040
2016-05-24,3980.07,4.38,16.87,0.02898679616158262,0.0626394133202669,0.04769743493823173,0.2009876640577458,0.0898777770913711,0.048387164440697,0.062161876528483095,0.08923249592369943,0.1046295064836632,,,,,,,SRB00040
2016-05-25,3818.44,2.27,18.08,0.02885762235883915,0.06265757436784933,0.047582958748203494,0.2029981959238083,0.09015906873730573,0.0483825548946257,0.06219782784040994,0.08936018429065173,0.1047949241707581,,,,,,,SRB00040
2016-05-26,3714.35,1.47,19.14,0.028728448556095673,0.06267573541543177,0.04746848255817525,0.20500872778987078,0.09044036038324037,0.0483779453485544,0.06223377915233678,0.08948787265760404,0.104960341857853,,,,,,,SRB00040
2016-05-27,3862.67,0.0,21.6,0.0285992747533522,0.0626938964630142,0.047354006368147,0.2070192596559333,0.090721652029175,0.0483733358024831,0.06226973046426362,0.08961556102455634,0.10512575954494789,,,,,,,SRB00040
2016-05-28,4254.98,0.0,23.31,0.02960287463933483,0.06446245801259397,0.04801818836008146,0.2303191060080722,0.10298412771657375,0.05359513527201652,0.06230568177619047,0.08974324939150866,0.1052911772320428,,,,,,,SRB00040
2016-05-29,4384.31,0.01,24.16,0.030606474525317458,0.06623101956217374,0.048682370352015926,0.2536189523602111,0.11524660340397253,0.058816934741549955,0.062341633088117306,0.08987093775846096,0.1054565949191377,,,,,,,SRB00040
2016-05-30,4186.94,0.72,23.04,0.031610074411300086,0.06799958111175351,0.049346552343950384,0.27691879871235003,0.12750907909137127,0.06403873421108339,0.06237758440004415,0.08999862612541326,0.1056220126062326,,,,,,,SRB00040
2016-05-31,3989.25,0.51,21.94,0.03261367429728271,0.06976814266133329,0.05001073433588485,0.3002186450644889,0.13977155477877004,0.06926053368061681,0.06241353571197099,0.09012631449236556,0.10578743029332749,,,,,,,SRB00040
2016-06-01,3934.5,9.86,20.54,0.033617274183265336,0.07153670421091306,0.05067491632781931,0.3235184914166278,0.1520340304661688,0.07448233315015024,0.06244948702389783,0.09025400285931787,0.1059528479804224,,,,,,,SRB00040
2016-06-02,4026.17,6.41,19.29,0.034620874069247964,0.07330526576049283,0.05133909831975377,0.34681833776876675,0.16429650615356756,0.07970413261968368,0.06248543833582467,0.09038169122627017,0.1061182656675173,,,,,,,SRB00040
2016-06-03,4215.96,2.14,20.1,0.03562447395523059,0.0750738273100726,0.05200328031168823,0.37011818412090564,0.17655898184096633,0.0849259320892171,0.06252138964775152,0.09050937959322247,0.10628368335461219,,,,,,,SRB00040
2016-06-04,4517.56,2.55,19.47,0.03662807384121322,0.07684238885965237,0.052667462303622695,0.3934180304730446,0.1888214575283651,0.09014773155875053,0.06255734095967835,0.09063706796017479,0.10644910104170709,,,,,,,SRB00040
2016-06-05,4807.39,3.85,20.48,0.03763167372719585,0.07861095040923215,0.05333164429555715,0.41671787682518346,0.20108393321576384,0.09536953102828395,0.0625932922716052,0.09076475632712709,0.10661451872880198,,,,,,,SRB00040
2016-06-06,4908.08,1.51,20.54,0.03607070345447098,0.07827295195894364,0.05321493275507099,0.4136014783306465,0.2004435954590212,0.09533046365240008,0.06262924358353204,0.0908924446940794,0.10677993641589689,,,,,,,SRB00040
2016-06-07,4919.39,0.0,19.08,0.03450973318174611,0.07793495350865513,0.05309822121458482,0.4104850798361095,0.1998032577022786,0.0952913962765162,0.06266519489545888,0.0910201330610317,0.10694535410299179,,,,,,,SRB00040
2016-06-08,4964.92,0.0,19.36,0.03294876290902124,0.07759695505836663,0.05298150967409866,0.4073686813415725,0.19916291994553598,0.09525232890063233,0.06270114620738572,0.091147821427984,0.10711077179008668,,,,,,,SRB00040
2016-06-09,5022.43,0.0,21.15,0.03138779263629637,0.07725895660807812,0.052864798133612494,0.4042522828470355,0.19852258218879335,0.09521326152474846,0.06273709751931257,0.0912755097949363,0.10727618947718158,,,,,,,SRB00040
2016-06-10,5010.87,0.23,20.89,0.0298268223635715,0.07692095815778961,0.05274808659312633,0.4011358843524986,0.19788224443205074,0.09517419414886459,0.06277304883123941,0.09140319816188862,0.10744160716427649,,,,,,,SRB00040
2016-06-11,4919.39,3.49,21.94,0.028265852090846626,0.0765829597075011,0.05263137505264017,0.3980194858579616,0.1972419066753081,0.09513512677298071,0.06280900014316625,0.09153088652884092,0.10760702485137139,,,,,,,SRB00040
2016-06-12,4942.11,9.31,19.29,0.026704881818121758,0.0762449612572126,0.052514663512154,0.3949030873634246,0.19660156891856548,0.09509605939709684,0.06284495145509308,0.09165857489579322,0.10777244253846628,,,,,,,SRB00040
2016-06-13,5127.61,16.2,18.4,0.025143911545396885,0.07590696280692408,0.05239795197166784,0.3917866888688876,0.19596123116182285,0.09505699202121297,0.06288090276701994,0.09178626326274553,0.10793786022556118,,,,,,,SRB00040
2016-06-14,5247.07,0.76,20.06,0.023582941272672017,0.07556896435663557,0.05228124043118167,0.38867029037435064,0.19532089340508024,0.09501792464532909,0.06291685407894677,0.09191395162969783,0.10810327791265607,,,,,,,SRB00040
2016-06-15,5198.96,2.24,20.99,0.022021970999947148,0.07523096590634706,0.05216452889069551,0.38555389187981365,0.1946805556483376,0.09497885726944522,0.06295280539087361,0.09204163999665013,0.10826869559975098,,,,,,,SRB00040
2016-06-16,5139.44,0.0,23.85,0.020461000727222275,0.07489296745605856,0.05204781735020935,0.38243749338527666,0.19404021789159498,0.09493978989356135,0.06298875670280046,0.09216932836360243,0.10843411328684588,,,,,,,SRB00040
2016-06-17,5151.29,0.23,25.98,0.018900030454497407,0.07455496900577005,0.05193110580972318,0.37932109489073973,0.19339988013485238,0.09490072251767748,0.0630247080147273,0.09229701673055475,0.10859953097394077,,,,,,,SRB00040
2016-06-18,5271.3,0.2,23.12,0.017339060181772534,0.07421697055548154,0.05181439426923702,0.37620469639620274,0.19275954237810974,0.0948616551417936,0.06306065932665414,0.09242470509750705,0.10876494866103567,,,,,,,SRB00040
2016-06-19,5469.16,18.47,20.15,0.015778089909047666,0.07387897210519304,0.05169768272875085,0.37308829790166576,0.1921192046213671,0.09482258776590972,0.06309661063858098,0.09255239346445936,0.10893036634813058,,,,,,,SRB00040
2016-06-20,5648.37,4.94,22.29,0.014217119636322795,0.07354097365490453,0.05158097118826469,0.36997189940712877,0.1914788668646245,0.09478352039002585,0.06313256195050783,0.09268008183141166,0.10909578403522548,8.1,0.13,1.44921228,355.0,1.0,,SRB00040
2016-06-21,5740.17,0.71,22.05,0.012656149363597925,0.07320297520461602,0.051464259647778524,0.3668555009125918,0.19083852910788188,0.09474445301414197,0.06316851326243467,0.09280777019836396,0.10926120172232037,,,,,,,SRB00040
2016-06-22,5860.38,0.34,25.33,0.011095179090873054,0.07286497675432752,0.05134754810729236,0.3637391024180548,0.19019819135113925,0.0947053856382581,0.0632044645743615,0.09293545856531626,0.10942661940941527,,,,,,,SRB00040
2016-06-23,6094.37,0.35,26.42,0.009534208818148183,0.07252697830403901,0.0512308365668062,0.3606227039235178,0.18955785359439664,0.09466631826237423,0.06324041588628836,0.09306314693226858,0.10959203709651016,,,,,,,SRB00040
2016-06-24,6207.69,0.28,26.92,0.007973238545423313,0.0721889798537505,0.05111412502632003,0.3575063054289808,0.188917515837654,0.09462725088649036,0.0632763671982152,0.09319083529922088,0.10975745478360507,,,,,,,SRB00040
2016-06-25,6052.41,0.3,26.64,0.006412268272698443,0.071850981403462,0.05099741348583387,0.35438990693444383,0.18827717808091138,0.09458818351060648,0.06331231851014203,0.09331852366617319,0.10992287247069997,,,,,,,SRB00040
2016-06-26,5766.66,3.46,26.38,0.004851297999973573,0.07151298295317349,0.0508807019453477,0.3512735084399069,0.18763684032416877,0.09454911613472261,0.06334826982206887,0.09344621203312549,0.11008829015779487,,,,,,,SRB00040
2016-06-27,5456.58,16.81,22.95,0.0032903277272487027,0.07117498450288498,0.05076399040486154,0.3481571099453699,0.18699650256742614,0.09451004875883874,0.06338422113399572,0.09357390040007779,0.11025370784488976,,,,,,,SRB00040
2016-06-28,5344.64,6.9,20.55,0.0017293574545238324,0.07083698605259647,0.05064727886437538,0.3450407114508329,0.1863561648106835,0.09447098138295487,0.06342017244592256,0.0937015887670301,0.11041912553198467,,,,,,,SRB00040
2016-06-29,5674.45,0.0,23.46,0.00016838718179896205,0.07049898760230797,0.05053056732388921,0.34192431295629594,0.1857158270539409,0.09443191400707099,0.0634561237578494,0.0938292771339824,0.11058454321907957,,,,,,,SRB00040
2016-06-30,6038.48,0.0,25.04,-0.0013925830909259083,0.07016098915201945,0.05041385578340305,0.33880791446175895,0.18507548929719828,0.09439284663118712,0.06349207506977625,0.09395696550093471,0.11074996090617446,,,,,,,SRB00040
2016-07-01,6108.42,0.0,26.6,-0.0029535533636507786,0.06982299070173094,0.05029714424291688,0.33569151596722197,0.18443515154045564,0.09435377925530325,0.06352802638170309,0.09408465386788702,0.11091537859326936,,,,,,,SRB00040
2016-07-02,5846.9,0.03,27.28,-0.004514523636375649,0.06948499225144243,0.05018043270243072,0.332575117472685,0.183794813783713,0.09431471187941937,0.06356397769362993,0.09421234223483932,0.11108079628036426,,,,,,,SRB00040
2016-07-03,5444.03,0.34,24.35,-0.006075493909100519,0.06914699380115392,0.05006372116194456,0.32945871897814805,0.1831544760269704,0.0942756445035355,0.06359992900555676,0.09434003060179162,0.11124621396745916,,,,,,,SRB00040
2016-07-04,5080.6,0.0,22.68,-0.00763646418182539,0.06880899535086542,0.04994700962145839,0.32634232048361106,0.18251413827022778,0.09423657712765163,0.06363588031748361,0.09446771896874392,0.11141163165455406,,,,,,,SRB00040
2016-07-05,4942.11,0.0,24.46,-0.00919743445455026,0.06847099690057691,0.04983029808097223,0.32322592198907407,0.18187380051348515,0.09419750975176776,0.06367183162941045,0.09459540733569623,0.11157704934164896,,,,,,,SRB00040
2016-07-06,5080.6,0.47,22.09,-0.01075840472727513,0.0681329984502884,0.04971358654048606,0.3201095234945371,0.18123346275674254,0.09415844237588387,0.06370778294133729,0.09472309570264854,0.11174246702874385,,,,,,,SRB00040
2016-07-07,5115.82,0.0,21.87,-0.012319375,0.0677949999999999,0.0495968749999999,0.3169931250000001,0.1805931249999999,0.094119375,0.06374373425326413,0.09485078406960085,0.11190788471583876,,,,,,,SRB00040
2016-07-08,4896.79,0.0,23.38,-0.009133244889062218,0.0683412516418015,0.05064234442568592,0.3067255322448278,0.17327051983889175,0.09016772486272281,0.06377968556519098,0.09497847243655315,0.11207330240293366,,,,,,,SRB00040
2016-07-09,4612.18,0.01,24.77,-0.005947114778124438,0.06888750328360312,0.051687813851371944,0.29645793948965543,0.16594791467778355,0.08621607472544562,0.06381563687711782,0.09510616080350545,0.11223872009002855,,,,,,,SRB00040
2016-07-10,4324.14,0.0,26.04,-0.002760984667186657,0.06943375492540471,0.052733283277057966,0.28619034673448307,0.1586253095166754,0.08226442458816842,0.06385158818904466,0.09523384917045775,0.11240413777712345,,,,,,,SRB00040
2016-07-11,4044.76,0.0,26.71,0.0004251454437511244,0.06998000656720632,0.05377875270274399,0.27592275397931076,0.15130270435556722,0.07831277445089123,0.06388753950097151,0.09536153753741006,0.11256955546421835,,,,,,,SRB00040
2016-07-12,3792.15,0.0,28.82,0.0036112755546889056,0.07052625820900793,0.05482422212843001,0.26565516122413846,0.14398009919445903,0.07436112431361404,0.06392349081289835,0.09548922590436236,0.11273497315131326,,,,,,,SRB00040
2016-07-13,3571.73,0.05,30.65,0.006797405665626687,0.07107250985080954,0.05586969155411603,0.2553875684689661,0.13665749403335087,0.07040947417633683,0.06395944212482518,0.09561691427131468,0.11290039083840815,,,,,,,SRB00040
2016-07-14,3418.79,7.28,23.92,0.009983535776564467,0.07161876149261115,0.05691516097980205,0.24511997571379376,0.1293348888722427,0.06645782403905964,0.06399539343675202,0.09574460263826698,0.11306580852550305,8.2,0.124,1.09932458,354.0,1.5,0.0012,SRB00040
2016-07-15,3514.6,37.15,17.99,0.01316966588750225,0.07216501313441276,0.05796063040548807,0.23485238295862143,0.12201228371113453,0.06250617390178245,0.06403134474867887,0.09587229100521928,0.11323122621259794,,,,,,,SRB00040
2016-07-16,4235.43,26.69,17.78,0.01635579599844003,0.07271126477621435,0.059006099831174094,0.2245847902034491,0.11468967855002635,0.05855452376450526,0.06406729606060571,0.09599997937217158,0.11339664389969285,,,,,,,SRB00040
2016-07-17,5494.41,2.89,17.08,0.019541926109377813,0.07325751641801596,0.060051569256860116,0.21431719744827676,0.10736707338891818,0.054602873627228064,0.06410324737253255,0.09612766773912389,0.11356206158678775,,,,,,,SRB00040
2016-07-18,6265.14,0.04,21.12,0.022728056220315592,0.07380376805981757,0.06109703868254614,0.20404960469310443,0.10004446822781,0.05065122348995087,0.0641391986844594,0.09625535610607619,0.11372747927388265,,,,,,,SRB00040
2016-07-19,6294.06,0.0,21.59,0.025914186331253374,0.07435001970161918,0.06214250810823216,0.1937820119379321,0.09272186306670183,0.046699573352673676,0.06417514999638624,0.0963830444730285,0.11389289696097754,,,,,,,SRB00040
2016-07-20,5983.12,0.02,22.83,0.029100316442191156,0.07489627134342079,0.06318797753391818,0.18351441918275976,0.08539925790559366,0.042747923215396486,0.06421110130831308,0.09651073283998081,0.11405831464807244,,,,,,,SRB00040
2016-07-21,5583.7,0.0,24.45,0.032286446553128935,0.07544252298522239,0.0642334469596042,0.17324682642758743,0.07807665274448548,0.03879627307811929,0.06424705262023991,0.09663842120693311,0.11422373233516735,,,,,,,SRB00040
2016-07-22,5175.07,0.0,26.21,0.03547257666406672,0.075988774627024,0.06527891638529022,0.1629792336724151,0.07075404758337732,0.03484462294084209,0.06428300393216677,0.09676610957388541,0.11438915002226224,,,,,,,SRB00040
2016-07-23,4774.29,0.0,27.69,0.0386587067750045,0.0765350262688256,0.06632438581097624,0.15271164091724276,0.06343144242226914,0.0308929728035649,0.0643189552440936,0.09689379794083772,0.11455456770935714,,,,,,,SRB00040
2016-07-24,4384.31,2.55,28.14,0.03785190996318653,0.07459651380211692,0.06475430742426722,0.14952040393528984,0.06216956890430935,0.030074250133652756,0.06435490655602044,0.09702148630779002,0.11471998539645203,,,,,,,SRB00040
2016-07-25,4063.43,3.06,26.12,0.037045113151368554,0.07265800133540823,0.06318422903755817,0.14632916695333695,0.060907695386349554,0.029255527463740615,0.0643908578679473,0.09714917467474232,0.11488540308354694,,,,,,,SRB00040
2016-07-26,3853.78,5.83,23.7,0.03623831633955058,0.07071948886869954,0.06161415065084914,0.14313792997138403,0.059645821868389765,0.02843680479382847,0.06442680917987413,0.09727686304169464,0.11505082077064184,,,,,,,SRB00040
2016-07-27,3809.66,0.25,24.79,0.035431519527732616,0.06878097640199086,0.06004407226414011,0.13994669298943113,0.058383948350429975,0.027618082123916327,0.06446276049180097,0.09740455140864694,0.11521623845773674,,,,,,,SRB00040
2016-07-28,3889.45,1.8,25.22,0.034624722715914644,0.06684246393528218,0.058473993877431074,0.1367554560074782,0.057122074832470185,0.026799359454004183,0.0644987118037278,0.09753223977559924,0.11538165614483163,,,,,,,SRB00040
2016-07-29,3934.5,0.46,24.76,0.03381792590409667,0.06490395146857349,0.05690391549072204,0.13356421902552532,0.05586020131451039,0.025980636784092043,0.06453466311565466,0.09765992814255155,0.11554707383192653,,,,,,,SRB00040
2016-07-30,3980.07,0.0,26.69,0.0330111290922787,0.0629654390018648,0.055333837104013,0.1303729820435724,0.0545983277965506,0.0251619141141799,0.0645706144275815,0.09778761650950385,0.11571249151902144,,,,,,,SRB00040
2016-07-31,4054.09,0.0,27.55,0.03221957124937437,0.06279553884871795,0.05440082263265536,0.13209735769869965,0.05535671723844966,0.02559493595028111,0.06460656573950833,0.09791530487645615,0.11587790920611633,,,,,,,SRB00040
2016-08-01,4101.04,4.19,22.87,0.03142801340647004,0.0626256386955711,0.05346780816129772,0.1338217333538269,0.05611510668034872,0.02602795778638232,0.06464251705143517,0.09804299324340847,0.11604332689321123,,,,,,,SRB00040
2016-08-02,4054.09,4.8,21.78,0.030636455563565715,0.06245573854242425,0.05253479368994007,0.13554610900895417,0.056873496122247784,0.026460979622483533,0.06467846836336202,0.09817068161036077,0.11620874458030613,,,,,,,SRB00040
2016-08-03,3961.78,0.0,22.83,0.029844897720661387,0.0622858383892774,0.05160177921858242,0.13727048466408143,0.05763188556414684,0.026894001458584744,0.06471441967528886,0.09829836997731307,0.11637416226740102,,,,,,,SRB00040
2016-08-04,3961.78,0.0,25.44,0.02905333987775706,0.062115938236130555,0.05066876474722478,0.1389948603192087,0.058390275006045905,0.027327023294685955,0.0647503709872157,0.09842605834426538,0.11653957995449593,7.7,0.116,0.47855608,364.0,1.0,0.001,SRB00040
2016-08-05,4035.45,0.0,27.42,0.02826178203485273,0.061946038082983705,0.04973575027586714,0.14071923597433597,0.05914866444794496,0.027760045130787166,0.06478632229914255,0.09855374671121768,0.11670499764159083,,,,,,,SRB00040
2016-08-06,4007.67,6.06,22.74,0.027470224191948403,0.061776137929836855,0.04880273580450949,0.14244361162946323,0.05990705388984403,0.028193066966888378,0.06482227361106939,0.09868143507816998,0.11687041532868572,,,,,,,SRB00040
2016-08-07,3871.58,1.75,22.86,0.026678666349044075,0.061606237776690005,0.04786972133315184,0.1441679872845905,0.06066544333174309,0.02862608880298959,0.06485822492299623,0.0988091234451223,0.11703583301578062,,,,,,,SRB00040
2016-08-08,3853.78,0.09,22.78,0.025887108506139747,0.061436337623543155,0.0469367068617942,0.14589236293971775,0.06142383277364215,0.0290591106390908,0.06489417623492306,0.0989368118120746,0.11720125070287553,,,,,,,SRB00040
2016-08-09,4404.55,0.01,24.58,0.027605314535542356,0.0627680196656763,0.049245356359379086,0.14374620264104582,0.06006497579435149,0.028381133046186145,0.06493012754684992,0.0990645001790269,0.11736666838997042,,,,,,,SRB00040
2016-08-10,4942.11,3.78,23.66,0.02932352056494496,0.06409970170780946,0.05155400585696397,0.14160004234237392,0.05870611881506082,0.027703155453281485,0.06496607885877675,0.0991921885459792,0.11753208607706532,,,,,,,SRB00040
2016-08-11,4785.3,3.76,15.86,0.03104172659434757,0.0654313837499426,0.05386265535454886,0.139453882043702,0.05734726183577016,0.02702517786037683,0.06500203017070359,0.09931987691293151,0.11769750376416022,,,,,,,SRB00040
2016-08-12,4687.13,0.01,17.12,0.032759932623750175,0.06676306579207575,0.056171304852133744,0.13730772174503006,0.05598840485647949,0.02634720026747217,0.06503798148263044,0.09944756527988381,0.11786292145125511,,,,,,,SRB00040
2016-08-13,5283.45,0.0,19.19,0.03447813865315278,0.0680947478342089,0.05847995434971863,0.13516156144635813,0.05462954787718883,0.025669222674567515,0.06507393279455728,0.09957525364683611,0.11802833913835002,,,,,,,SRB00040
2016-08-14,5740.17,0.0,22.07,0.03619634468255539,0.06942642987634205,0.060788603847303516,0.13301540114768623,0.05327069089789816,0.024991245081662856,0.06510988410648412,0.09970294201378843,0.11819375682544492,,,,,,,SRB00040
2016-08-15,5481.77,0.0,24.03,0.037914550711958,0.0707581119184752,0.0630972533448884,0.1308692408490143,0.0519118339186075,0.0243132674887582,0.06514583541841096,0.09983063038074073,0.11835917451253981,,,,,,,SRB00040
2016-08-16,5010.87,0.25,24.23,0.03770641936905538,0.0705006287907818,0.062339156123505435,0.13126385138169636,0.0526264509611831,0.024648651674460856,0.06518178673033781,0.09995831874769304,0.11852459219963471,,,,,,,SRB00040
2016-08-17,4590.98,10.46,21.69,0.037498288026152765,0.07024314566308838,0.06158105890212247,0.13165846191437838,0.053341068003758686,0.02498403586016351,0.06521773804226465,0.10008600711464534,0.11869000988672962,,,,,,,SRB00040
2016-08-18,4245.2,0.12,22.27,0.03729015668325015,0.06998566253539498,0.0608229616807395,0.13205307244706044,0.05405568504633428,0.025319420045866167,0.06525368935419149,0.10021369548159764,0.11885542757382452,,,,,,,SRB00040
2016-08-19,3952.67,0.35,23.64,0.03708202534034753,0.06972817940770158,0.060064864459356535,0.1324476829797425,0.05477030208890988,0.025654804231568823,0.06528964066611832,0.10034138384854994,0.11902084526091941,,,,,,,SRB00040
2016-08-20,3714.35,1.11,23.8,0.036873893997444916,0.06947069628000817,0.05930676723797357,0.13284229351242452,0.05548491913148547,0.02599018841727148,0.06532559197804517,0.10046907221550226,0.11918626294801431,,,,,,,SRB00040
2016-08-21,3522.71,0.45,25.38,0.0366657626545423,0.06921321315231477,0.0585486700165906,0.13323690404510657,0.056199536174061065,0.026325572602974134,0.06536154328997201,0.10059676058245456,0.1193516806351092,,,,,,,SRB00040
2016-08-22,3387.44,16.35,17.29,0.036457631311639684,0.06895573002462137,0.057790572795207634,0.13363151457778863,0.05691415321663666,0.02666095678867679,0.06539749460189885,0.10072444894940687,0.11951709832220411,,,,,,,SRB00040
2016-08-23,3348.66,0.52,20.51,0.03624949996873707,0.06869824689692795,0.05703247557382467,0.13402612511047066,0.05762877025921225,0.026996340974379446,0.0654334459138257,0.10085213731635917,0.11968251600929901,,,,,,,SRB00040
2016-08-24,3458.39,0.01,22.36,0.03604136862583445,0.06844076376923455,0.0562743783524417,0.1344207356431527,0.05834338730178785,0.0273317251600821,0.06546939722575254,0.10097982568331147,0.1198479336963939,,,,,,,SRB00040
2016-08-25,3836.07,0.0,22.59,0.03811396485028547,0.0685705440942704,0.05495923161627497,0.13201885136515026,0.05932022158003991,0.0283002093117537,0.06550534853767938,0.10110751405026377,0.1200133513834888,,,,,,,SRB00040
2016-08-26,4186.94,0.0,23.18,0.04018656107473648,0.06870032441930624,0.05364408488010825,0.12961696708714782,0.060297055858291974,0.0292686934634253,0.06554129984960622,0.10123520241721608,0.12017876907058371,,,,,,,SRB00040
2016-08-27,4110.5,0.0,23.96,0.042259157299187486,0.06883010474434206,0.05232893814394153,0.12721508280914534,0.06127389013654404,0.0302371776150969,0.06557725116153307,0.1013628907841684,0.1203441867576786,,,,,,,SRB00040
2016-08-28,3792.15,0.0,24.15,0.0443317535236385,0.0689598850693779,0.0510137914077748,0.1248131985311429,0.0622507244147961,0.0312056617667685,0.0656132024734599,0.1014905791511207,0.1205096044447735,,,,,,,SRB00040
2016-08-29,3474.36,0.0,25.01,0.040487108406385336,0.06697910556997094,0.05096625396101764,0.12554657913980305,0.06127129298426524,0.03041136675619023,0.0656133216519207,0.10159433913475126,0.12065376739384094,,,,,,,SRB00040
2016-08-30,3197.9,0.09,23.91,0.03664246328913216,0.06499832607056397,0.05091871651426046,0.12627995974846323,0.060291861553734366,0.029617071745611966,0.0656134408303815,0.1016980991183818,0.12079793034290837,,,,,,,SRB00040
2016-08-31,2977.52,0.0,22.71,0.032797818171879,0.063017546571157,0.0508711790675033,0.1270133403571234,0.0593124301232035,0.0288227767350337,0.06561356000884229,0.10180185910201237,0.1209420932919758,,,,,,,SRB00040
2016-09-01,2810.9,0.0,22.51,0.0327990223055293,0.06323257840119426,0.0507011826687158,0.12833133617090475,0.06050145572049092,0.029461366815727252,0.06561367918730308,0.10190561908564291,0.12108625624104324,,,,,,,SRB00040
2016-09-02,2678.17,0.0,22.83,0.03280022643917961,0.06344761023123151,0.05053118626992831,0.12964933198468612,0.06169048131777834,0.03009995689642081,0.06561379836576386,0.10200937906927347,0.12123041919011067,,,,,,,SRB00040
2016-09-03,2593.18,0.0,23.91,0.032801430572829915,0.06366264206126875,0.05036118987114081,0.1309673277984675,0.06287950691506575,0.030738546977114364,0.06561391754422466,0.10211313905290402,0.12137458213917811,,,,,,,SRB00040
2016-09-04,2539.97,0.0,25.02,0.03280263470648022,0.063877673891306,0.05019119347235332,0.13228532361224887,0.06406853251235317,0.03137713705780792,0.06561403672268545,0.10221689903653458,0.12151874508824555,,,,,,,SRB00040
2016-09-05,2505.11,18.24,17.83,0.03280383884013053,0.06409270572134325,0.05002119707356583,0.13360331942603024,0.06525755810964058,0.032015727138501475,0.06561415590114625,0.10232065902016513,0.12166290803731299,,,,,,,SRB00040
2016-09-06,2476.42,0.39,18.48,0.03280504297378083,0.0643077375513805,0.049851200674778336,0.1349213152398116,0.066446583706928,0.03265431721919503,0.06561427507960704,0.10242441900379569,0.12180707098638041,,,,,,,SRB00040
2016-09-07,2470.72,0.03,22.33,0.03280624710743114,0.06452276938141774,0.04968120427599084,0.136239311053593,0.06763560930421542,0.03329290729988859,0.06561439425806784,0.10252817898742625,0.12195123393544785,,,,,,,SRB00040
2016-09-08,2487.86,0.01,23.81,0.03280745124108145,0.06473780121145499,0.049511207877203346,0.13755730686737436,0.06882463490150284,0.03393149738058214,0.06561451343652863,0.1026319389710568,0.12209539688451529,8.1,0.094,1.26862508,401.0,1.0,0.0059,SRB00040
2016-09-09,2599.16,0.0,24.49,0.03280865537473175,0.06495283304149224,0.04934121147841585,0.13887530268115572,0.07001366049879025,0.0345700874612757,0.06561463261498943,0.10273569895468736,0.12223955983358271,,,,,,,SRB00040
2016-09-10,2929.89,0.23,22.98,0.03251439735495387,0.06456592731502667,0.048948453398701776,0.13714307041367194,0.06939955754580812,0.034297232572264726,0.06561475179345022,0.1028394589383179,0.12238372278265015,,,,,,,SRB00040
2016-09-11,3234.94,0.46,25.19,0.03222013933517599,0.06417902158856109,0.04855569531898769,0.13541083814618818,0.06878545459282598,0.034024377683253754,0.06561487097191102,0.10294321892194847,0.12252788573171759,,,,,,,SRB00040
2016-09-12,3220.07,0.31,25.04,0.031925881315398114,0.06379211586209552,0.04816293723927362,0.1336786058787044,0.06817135163984385,0.03375152279424278,0.0656149901503718,0.10304697890557901,0.12267204868078502,,,,,,,SRB00040
2016-09-13,3025.91,4.25,24.45,0.031631623295620234,0.06340521013562993,0.047770179159559535,0.13194637361122064,0.0675572486868617,0.03347866790523182,0.06561510932883259,0.10315073888920957,0.12281621162985246,,,,,,,SRB00040
2016-09-14,2810.9,2.03,22.19,0.031337365275842355,0.06301830440916435,0.04737742107984546,0.13021414134373685,0.06694314573387958,0.033205813016220845,0.06561522850729339,0.10325449887284012,0.1229603745789199,,,,,,,SRB00040
2016-09-15,2611.16,0.0,23.24,0.03104310725606448,0.06263139868269878,0.04698466300013138,0.1284819090762531,0.06632904278089743,0.03293295812720987,0.06561534768575418,0.10335825885647068,0.12310453752798732,,,,,,,SRB00040
2016-09-16,2453.71,0.0,24.25,0.0307488492362866,0.0622444929562332,0.0465919049204173,0.1267496768087693,0.0657149398279153,0.0326601032381989,0.06561546686421497,0.10346201884010124,0.12324870047705476,,,,,,,SRB00040
2016-09-17,2321.74,0.5,23.13,0.03069696029217612,0.06206047760086273,0.04655985138587266,0.12596079826874465,0.06575006300256889,0.03279742019945569,0.06561558604267577,0.10356577882373179,0.1233928634261222,,,,,,,SRB00040
2016-09-18,2222.31,6.21,20.79,0.030645071348065635,0.06187646224549226,0.04652779785132802,0.12517191972872,0.06578518617722247,0.032934737160712484,0.06561570522113656,0.10366953880736235,0.12353702637518962,,,,,,,SRB00040
2016-09-19,2161.72,22.77,16.85,0.030593182403955154,0.06169244689012179,0.046495744316783376,0.12438304118869535,0.06582030935187605,0.03307205412196927,0.06561582439959736,0.1037732987909929,0.12368118932425706,,,,,,,SRB00040
2016-09-20,2191.81,1.69,16.6,0.03054129345984467,0.061508431534751315,0.046463690782238734,0.12359416264867071,0.06585543252652963,0.03320937108322606,0.06561594357805815,0.10387705877462346,0.1238253522733245,,,,,,,SRB00040
2016-09-21,2672.01,0.0,13.02,0.03048940451573419,0.06132441617938084,0.04643163724769409,0.12280528410864605,0.06589055570118321,0.033346688044482854,0.06561606275651895,0.103980818758254,0.12396951522239194,,,,,,,SRB00040
2016-09-22,3688.78,1.15,13.39,0.030437515571623705,0.06114040082401037,0.04639958371314944,0.12201640556862141,0.0659256788758368,0.03348400500573964,0.06561618193497973,0.10408457874188456,0.12411367817145937,,,,,,,SRB00040
2016-09-23,4110.5,0.0,15.23,0.030385626627513224,0.060956385468639906,0.0463675301786048,0.12122752702859675,0.06596080205049037,0.03362132196699643,0.06561630111344052,0.10418833872551511,0.1242578411205268,,,,,,,SRB00040
2016-09-24,4082.19,0.0,16.46,0.030333737683402744,0.060772370113269435,0.04633547664406016,0.1204386484885721,0.06599592522514396,0.033758638928253225,0.06561642029190132,0.10429209870914567,0.12440200406959424,,,,,,,SRB00040
2016-09-25,3880.5,0.0,15.51,0.03028184873929226,0.06058835475789896,0.04630342310951552,0.11964976994854745,0.06603104839979754,0.03389595588951001,0.06561653947036211,0.10439585869277623,0.12454616701866167,,,,,,,SRB00040
2016-09-26,3588.22,0.0,15.43,0.03022995979518178,0.06040433940252849,0.046271369574970876,0.1188608914085228,0.06606617157445113,0.03403327285076681,0.0656166586488229,0.10449961867640678,0.12469032996772911,,,,,,,SRB00040
2016-09-27,3272.41,0.0,16.89,0.030178070851071295,0.06022032404715802,0.046239316040426234,0.11807201286849815,0.06610129474910471,0.034170589812023595,0.0656167778272837,0.10460337866003734,0.12483449291679655,,,,,,,SRB00040
2016-09-28,2977.52,0.0,16.57,0.030126181906960814,0.06003630869178755,0.04620726250588159,0.1172831343284735,0.0661364179237583,0.03430790677328038,0.0656168970057445,0.10470713864366789,0.12497865586586397,,,,,,,SRB00040
2016-09-29,2721.7,0.0,17.04,0.03007429296285033,0.059852293336417076,0.04617520897133695,0.11649425578844884,0.06617154109841188,0.03444522373453718,0.06561701618420529,0.10481089862729845,0.12512281881493142,,,,,,,SRB00040
2016-09-30,2516.68,0.0,18.09,0.03002240401873985,0.059668277981046604,0.04614315543679231,0.1157053772484242,0.06620666427306546,0.034582540695793966,0.06561713536266608,0.104914658610929,0.12526698176399884,,,,,,,SRB00040
2016-10-01,2348.63,0.0,18.61,0.02997051507462937,0.05948426262567613,0.04611110190224767,0.11491649870839954,0.06624178744771904,0.034719857657050754,0.06561725454112688,0.10501841859455956,0.12541114471306627,,,,,,,SRB00040
2016-10-02,2217.2,5.14,18.2,0.029918626130518884,0.05930024727030566,0.04607904836770302,0.1141276201683749,0.06627691062237262,0.03485717461830755,0.06561737371958766,0.10512217857819012,0.1255553076621337,,,,,,,SRB00040
2016-10-03,2117.36,5.11,15.57,0.029866737186408403,0.05911623191493519,0.046046994833158376,0.11333874162835024,0.0663120337970262,0.03499449157956434,0.06561749289804845,0.10522593856182066,0.12569947061120115,,,,,,,SRB00040
2016-10-04,2045.45,3.32,12.56,0.02981484824229792,0.05893221655956472,0.046014941298613735,0.1125498630883256,0.06634715697167978,0.035131808540821124,0.06561761207650925,0.10532969854545123,0.1258436335602686,,,,,,,SRB00040
2016-10-05,1998.86,0.06,9.0,0.02976295929818744,0.05874820120419425,0.04598288776406909,0.11176098454830094,0.06638228014633336,0.03526912550207792,0.06561773125497004,0.10543345852908177,0.12598779650933603,,,,,,,SRB00040
2016-10-06,1994.26,0.37,8.74,0.029711070354076958,0.05856418584882378,0.04595083422952445,0.11097210600827628,0.06641740332098695,0.03540644246333471,0.06561785043343084,0.10553721851271233,0.12613195945840344,,,,,,,SRB00040
2016-10-07,2078.7,0.15,9.5,0.029659181409966474,0.05838017049345331,0.04591878069497981,0.11018322746825164,0.06645252649564053,0.035543759424591495,0.06561796961189163,0.10564097849634288,0.12627612240747088,,,,,,,SRB00040
2016-10-08,2364.92,0.02,8.28,0.029607292465855993,0.058196155138082836,0.04588672716043517,0.10939434892822698,0.06648764967029411,0.03568107638584829,0.06561808879035243,0.10574473847997344,0.12642028535653832,,,,,,,SRB00040
2016-10-09,2823.88,0.0,10.08,0.02955540352174551,0.058012139782712364,0.045854673625890525,0.10860547038820234,0.06652277284494769,0.03581839334710508,0.06561820796881322,0.10584849846360399,0.12656444830560576,,,,,,,SRB00040
2016-10-10,3096.42,4.57,10.31,0.029503514577635028,0.05782812442734189,0.045822620091345884,0.10781659184817768,0.06655789601960127,0.03595571030836187,0.06561832714727402,0.10595225844723455,0.1267086112546732,,,,,,,SRB00040
2016-10-11,3117.89,2.74,9.39,0.029451625633524544,0.05764410907197142,0.04579056655680124,0.10702771330815304,0.06659301919425485,0.03609302726961866,0.06561844632573481,0.10605601843086511,0.12685277420374064,,,,,,,SRB00040
2016-10-12,3032.89,24.22,7.32,0.029399736689414063,0.05746009371660095,0.0457585130222566,0.10623883476812838,0.06662814236890843,0.03623034423087545,0.06561856550419559,0.10615977841449566,0.12699693715280808,,,,,,,SRB00040
2016-10-13,2909.72,0.08,8.34,0.029347847745303583,0.05727607836123048,0.04572645948771195,0.10544995622810373,0.06666326554356201,0.03636766119213224,0.06561868468265639,0.10626353839812622,0.1271411001018755,,,,,,,SRB00040
2016-10-14,2772.32,0.0,11.03,0.0292959588011931,0.057092063005860005,0.04569440595316731,0.10466107768807908,0.06669838871821561,0.03650497815338903,0.06561880386111718,0.10636729838175676,0.12728526305094293,,,,,,,SRB00040
2016-10-15,2641.41,2.1,12.54,0.029244069857082618,0.056908047650489534,0.04566235241862267,0.10387219914805443,0.06673351189286919,0.03664229511464582,0.06561892303957798,0.10647105836538732,0.12742942600001037,,,,,,,SRB00040
2016-10-16,2539.97,1.59,13.44,0.029192180912972134,0.05672403229511906,0.045630298884078026,0.10308332060802979,0.06676863506752277,0.036779612075902614,0.06561904221803877,0.10657481834901787,0.1275735889490778,,,,,,,SRB00040
2016-10-17,2476.42,0.22,11.98,0.029140291968861653,0.0565400169397486,0.045598245349533384,0.10229444206800513,0.06680375824217635,0.0369169290371594,0.06561916139649956,0.10667857833264843,0.12771775189814524,,,,,,,SRB00040
2016-10-18,2403.36,1.85,9.81,0.02908840302475117,0.056356001584378125,0.04556619181498874,0.10150556352798049,0.06683888141682993,0.03705424599841619,0.06561928057496036,0.10678233831627898,0.12786191484721268,,,,,,,SRB00040
2016-10-19,2311.07,0.91,9.33,0.029036514080640688,0.05617198622900765,0.0455341382804441,0.10071668498795583,0.06687400459148352,0.037191562959672984,0.06561939975342115,0.10688609829990954,0.1280060777962801,,,,,,,SRB00040
2016-10-20,2232.57,1.12,11.07,0.028984625136530207,0.05598797087363718,0.04550208474589946,0.09992780644793117,0.0669091277661371,0.03732887992092977,0.06561951893188195,0.1069898582835401,0.12815024074534753,,,,,,,SRB00040
2016-10-21,2201.93,9.88,10.82,0.028932736192419723,0.05580395551826671,0.04547003121135482,0.09913892790790653,0.06694425094079068,0.03746619688218656,0.06561963811034274,0.10709361826717065,0.12829440369441497,,,,,,,SRB00040
2016-10-22,2222.31,3.69,9.7,0.028880847248309242,0.05561994016289624,0.045437977676810175,0.09835004936788187,0.06697937411544426,0.037603513843443355,0.06561975728880352,0.10719737825080121,0.1284385666434824,,,,,,,SRB00040
2016-10-23,2343.23,0.04,9.01,0.028828958304198758,0.055435924807525766,0.045405924142265526,0.09756117082785723,0.06701449729009784,0.03774083080470014,0.06561987646726432,0.10730113823443176,0.12858272959254985,,,,,,,SRB00040
2016-10-24,2593.18,0.0,13.33,0.028777069360088278,0.055251909452155294,0.045373870607720884,0.09677229228783257,0.06704962046475142,0.03787814776595694,0.06561999564572511,0.10740489821806232,0.1287268925416173,,,,,,,SRB00040
2016-10-25,2817.38,0.28,15.74,0.028725180415977793,0.05506789409678482,0.04534181707317624,0.09598341374780792,0.067084743639405,0.038015464727213726,0.06562011482418591,0.10750865820169286,0.1288710554906847,,,,,,,SRB00040
2016-10-26,2883.03,5.85,13.33,0.028673291471867313,0.05488387874141435,0.0453097635386316,0.09519453520778327,0.06711986681405858,0.03815278168847051,0.0656202340026467,0.10761241818532342,0.12901521843975214,,,,,,,SRB00040
2016-10-27,2823.88,0.0,7.8,0.028621402527756832,0.05469986338604388,0.04527771000408696,0.09440565666775862,0.06715498998871217,0.03829009864972731,0.0656203531811075,0.10771617816895397,0.12915938138881958,10.6,0.09,1.67946096,438.0,1.0,,SRB00040
2016-10-28,2721.7,0.0,7.21,0.028569513583646348,0.05451584803067341,0.04524565646954232,0.09361677812773397,0.06719011316336575,0.038427415610984096,0.06562047235956829,0.10781993815258453,0.12930354433788702,,,,,,,SRB00040
2016-10-29,2623.22,0.04,8.66,0.028517624639535867,0.05433183267530294,0.045213602934997675,0.09282789958770932,0.06722523633801933,0.038564732572240884,0.06562059153802909,0.1079236981362151,0.12944770728695446,,,,,,,SRB00040
2016-10-30,2575.32,0.0,7.73,0.028465735695425383,0.05414781731993247,0.04518154940045303,0.09203902104768467,0.06726035951267291,0.03870204953349768,0.06562071071648988,0.10802745811984564,0.1295918702360219,,,,,,,SRB00040
2016-10-31,2575.32,0.0,5.24,0.028413846751314902,0.053963801964562,0.04514949586590839,0.09125014250766002,0.06729548268732649,0.03883936649475447,0.06562082989495067,0.1081312181034762,0.12973603318508933,,,,,,,SRB00040
2016-11-01,2569.4,0.0,6.4,0.02836195780720442,0.05377978660919153,0.04511744233136375,0.09046126396763536,0.06733060586198009,0.038976683456011255,0.06562094907341146,0.10823497808710675,0.12988019613415674,,,,,,,SRB00040
2016-11-02,2499.35,8.35,10.6,0.028310068863093937,0.053595771253821055,0.04508538879681911,0.08967238542761072,0.06736572903663367,0.03911400041726805,0.06562106825187225,0.10833873807073731,0.13002435908322418,,,,,,,SRB00040
2016-11-03,2392.32,3.0,6.42,0.028258179918983457,0.05341175589845058,0.04505333526227446,0.08888350688758606,0.06740085221128725,0.03925131737852484,0.06562118743033304,0.10844249805436786,0.13016852203229162,,,,,,,SRB00040
2016-11-04,2279.34,0.0,4.35,0.028206290974872972,0.05322774054308011,0.04502128172772982,0.08809462834756142,0.06743597538594083,0.039388634339781625,0.06562130660879384,0.10854625803799842,0.13031268498135906,,,,,,,SRB00040
2016-11-05,2166.7,1.17,9.58,0.028154402030762492,0.05304372518770964,0.044989228193185175,0.08730574980753676,0.06747109856059441,0.03952595130103842,0.06562142578725463,0.10865001802162896,0.1304568479304265,,,,,,,SRB00040
2016-11-06,2064.38,1.09,15.92,0.028102513086652008,0.05285970983233917,0.044957174658640534,0.08651687126751212,0.06750622173524799,0.03966326826229521,0.06562154496571543,0.10875377800525952,0.13060101087949394,,,,,,,SRB00040
2016-11-07,1998.86,8.07,9.41,0.028050624142541527,0.052675694476968696,0.04492512112409589,0.08572799272748746,0.06754134490990157,0.039800585223551996,0.06562166414417622,0.10885753798889009,0.13074517382856135,,,,,,,SRB00040
2016-11-08,2026.68,5.91,6.81,0.027998735198431046,0.052491679121598224,0.04489306758955125,0.0849391141874628,0.06757646808455516,0.03993790218480879,0.06562178332263702,0.10896129797252063,0.1308893367776288,,,,,,,SRB00040
2016-11-09,2156.74,9.1,3.49,0.027946846254320562,0.05230766376622775,0.04486101405500661,0.08415023564743816,0.06761159125920874,0.04007521914606558,0.06562190250109781,0.10906505795615119,0.13103349972669623,,,,,,,SRB00040
2016-11-10,2305.75,0.0,2.93,0.02789495731021008,0.05212364841085729,0.044828960520461966,0.0833613571074135,0.06764671443386232,0.04021253610732237,0.0656220216795586,0.10916881793978174,0.13117766267576367,,,,,,,SRB00040
2016-11-11,2442.43,1.98,5.9,0.027843068366099597,0.051939633055486815,0.044796906985917324,0.08257247856738886,0.0676818376085159,0.04034985306857916,0.06562214085801939,0.1092725779234123,0.1313218256248311,,,,,,,SRB00040
2016-11-12,2605.15,9.2,6.37,0.027791179421989116,0.051755617700116344,0.04476485345137268,0.0817836000273642,0.06771696078316948,0.04048717002983595,0.06562226003648018,0.10937633790704285,0.13146598857389855,,,,,,,SRB00040
2016-11-13,2659.72,1.32,1.17,0.027739290477878632,0.05157160234474587,0.044732799916828034,0.08099472148733955,0.06775208395782306,0.040624486991092744,0.06562237921494098,0.10948009789067341,0.13161015152296598,,,,,,,SRB00040
2016-11-14,2629.27,0.0,-0.04,0.02768740153376815,0.0513875869893754,0.04470074638228339,0.0802058429473149,0.06778720713247664,0.04076180395234953,0.06562249839340177,0.10958385787430396,0.1317543144720334,,,,,,,SRB00040
2016-11-15,2581.26,0.0,0.04,0.02763551258965767,0.05120357163400493,0.04466869284773875,0.07941696440729025,0.06782233030713022,0.04089912091360632,0.06562261757186257,0.10968761785793452,0.13189847742110083,,,,,,,SRB00040
2016-11-16,2534.13,0.13,0.39,0.027583623645547187,0.051019556278634456,0.04463663931319411,0.0786280858672656,0.0678574534817838,0.041036437874863115,0.06562273675032336,0.10979137784156508,0.13204264037016827,,,,,,,SRB00040
2016-11-17,2493.6,0.0,5.65,0.027531734701436706,0.050835540923263985,0.044604585778649466,0.07783920732724095,0.06789257665643739,0.0411737548361199,0.06562285592878415,0.10989513782519562,0.1321868033192357,,,,,,,SRB00040
2016-11-18,2436.81,0.0,7.67,0.027479845757326222,0.05065152556789351,0.044572532244104825,0.07705032878721631,0.06792769983109097,0.04131107179737669,0.06562297510724495,0.10999889780882618,0.13233096626830315,,,,,,,SRB00040
2016-11-19,2354.05,0.0,9.85,0.02742795681321574,0.05046751021252304,0.04454047870956018,0.07626145024719165,0.06796282300574455,0.041448388758633485,0.06562309428570574,0.11010265779245673,0.1324751292173706,,,,,,,SRB00040
2016-11-20,2311.07,0.02,8.96,0.027376067869105257,0.05028349485715257,0.04450842517501554,0.075472571707167,0.06799794618039814,0.04158570571989027,0.06562321346416654,0.11020641777608729,0.132619292166438,,,,,,,SRB00040
2016-11-21,2420.03,0.0,7.98,0.027324178924994776,0.0500994795017821,0.0444763716404709,0.07468369316714235,0.06803306935505173,0.04172302268114706,0.06562333264262732,0.11031017775971784,0.13276345511550544,,,,,,,SRB00040
2016-11-22,2690.54,0.0,6.64,0.027272289980884296,0.049915464146411626,0.04444431810592626,0.0738948146271177,0.06806819252970531,0.041860339642403856,0.06562345182108811,0.1104139377433484,0.13290761806457288,,,,,,,SRB00040
2016-11-23,2909.72,0.01,5.12,0.02722040103677381,0.04973144879104116,0.04441226457138161,0.07310593608709305,0.06810331570435889,0.041997656603660644,0.06562357099954891,0.11051769772697896,0.13305178101364032,,,,,,,SRB00040
2016-11-24,3039.89,0.01,6.43,0.02716851209266333,0.04954743343567069,0.04438021103683697,0.0723170575470684,0.06813843887901247,0.04213497356491744,0.0656236901780097,0.11062145771060951,0.13319594396270776,11.3,0.108,1.80812934,466.0,1.8,,SRB00040
2016-11-25,3060.96,0.01,7.51,0.027116623148552847,0.04936341808030022,0.044348157502292325,0.07152817900704375,0.06817356205366605,0.042272290526174226,0.0656238093564705,0.11072521769424007,0.1333401069117752,,,,,,,SRB00040
2016-11-26,2977.52,0.71,6.12,0.027064734204442366,0.049179402724929745,0.04431610396774768,0.0707393004670191,0.06820868522831963,0.042409607487431014,0.06562392853493129,0.11082897767787062,0.13348426986084264,,,,,,,SRB00040
2016-11-27,2850.02,4.57,5.81,0.02701284526033188,0.04899538736955927,0.04428405043320304,0.06995042192699444,0.06824380840297321,0.04254692444868781,0.06562404771339209,0.11093273766150118,0.13362843280991005,,,,,,,SRB00040
2016-11-28,2727.98,0.02,1.37,0.0269609563162214,0.0488113720141888,0.0442519968986584,0.0691615433869698,0.0682789315776268,0.0426842414099446,0.06562416689185288,0.11103649764513172,0.13377259575897749,,,,,,,SRB00040
2016-11-29,2611.16,0.0,-1.75,0.02666583734857446,0.04808637890878193,0.043751502086680154,0.06804890044667017,0.06618116932742854,0.041334236187071695,0.06562428607031368,0.11114025762876228,0.13391675870804493,,,,,,,SRB00040
2016-11-30,2493.6,0.0,-1.66,0.026370718380927513,0.04736138580337506,0.043251007274701915,0.06693625750637054,0.06408340707723029,0.0399842309641988,0.06562440524877447,0.11124401761239283,0.13406092165711236,,,,,,,SRB00040
2016-12-01,2375.84,0.13,2.09,0.02607559941328057,0.04663639269796819,0.04275051246272367,0.06582361456607091,0.061985644827032026,0.0386342257413259,0.06562452442723525,0.11134777759602339,0.1342050846061798,,,,,,,SRB00040
2016-12-02,2279.34,0.2,2.46,0.02578048044563363,0.04591139959256131,0.04225001765074543,0.06471097162577129,0.05988788257683377,0.037284220518453,0.06562464360569605,0.11145153757965395,0.13434924755524724,,,,,,,SRB00040
2016-12-03,2191.81,0.01,-0.47,0.025485361477986686,0.04518640648715444,0.041749522838767185,0.06359832868547166,0.05779012032663551,0.0359342152955801,0.06562476278415684,0.1115552975632845,0.13449341050431465,,,,,,,SRB00040
2016-12-04,2117.36,0.0,-0.96,0.02519024251033974,0.04446141338174757,0.041249028026788946,0.06248568574517203,0.05569235807643726,0.034584210072707205,0.06562488196261763,0.11165905754691506,0.1346375734533821,,,,,,,SRB00040
2016-12-05,2045.45,0.0,-1.0,0.0248951235426928,0.0437364202763407,0.0407485332148107,0.0613730428048724,0.053594595826239,0.0332342048498343,0.06562500114107843,0.11176281753054561,0.13478173640244953,,,,,,,SRB00040
2016-12-06,1980.53,0.0,-1.1,0.025101836477879714,0.04393379716715908,0.040789766263850676,0.06160192353657449,0.05451223771972782,0.033921133100527176,0.06562512031953922,0.11186657751417617,0.13492589935151697,,,,,,,SRB00040
2016-12-07,1926.53,0.0,-1.58,0.025308549413066626,0.044131174057977465,0.040830999312890644,0.06183080426827658,0.05542987961321663,0.03460806135122005,0.06562523949800002,0.11197033749780672,0.1350700623005844,,,,,,,SRB00040
2016-12-08,1882.65,0.01,-1.81,0.02551526234825354,0.04432855094879584,0.04087223236193062,0.06205968499997867,0.056347521506705446,0.03529498960191293,0.06562535867646081,0.11207409748143728,0.13521422524965185,,,,,,,SRB00040
2016-12-09,1839.77,0.0,-0.28,0.025721975283440456,0.044525927839614225,0.04091346541097059,0.06228856573168076,0.05726516340019426,0.0359819178526058,0.06562547785492161,0.11217785746506782,0.1353583881987193,,,,,,,SRB00040
2016-12-10,1793.73,0.03,2.41,0.025928688218627368,0.04472330473043261,0.04095469846001056,0.06251744646338285,0.05818280529368307,0.03666884610329867,0.0656255970333824,0.11228161744869838,0.1355025511477867,,,,,,,SRB00040
2016-12-11,1748.85,0.0,2.23,0.026135401153814283,0.04492068162125099,0.04099593150905053,0.06274632719508494,0.05910044718717188,0.037355774353991546,0.06562571621184318,0.11238537743232895,0.13564671409685414,,,,,,,SRB00040
2016-12-12,1709.02,0.05,2.91,0.026342114089001195,0.045118058512069376,0.041037164558090505,0.06297520792678703,0.0600180890806607,0.03804270260468442,0.06562583539030398,0.11248913741595949,0.13579087704592158,,,,,,,SRB00040
2016-12-13,1673.94,0.0,-2.82,0.02654882702418811,0.04531543540288775,0.041078397607130474,0.06320408865848912,0.06093573097414951,0.0387296308553773,0.06562595456876477,0.11259289739959005,0.13593503999498902,,,,,,,SRB00040
2016-12-14,1643.37,0.2,-1.55,0.026755539959375026,0.045512812293706136,0.04111963065617045,0.0634329693901912,0.061853372867638326,0.03941655910607017,0.06562607374722557,0.1126966573832206,0.13607920294405645,,,,,,,SRB00040
2016-12-15,1624.55,0.12,-0.55,0.026962252894561937,0.04571018918452452,0.041160863705210424,0.0636618501218933,0.06277101476112713,0.04010348735676304,0.06562619292568636,0.11280041736685116,0.1362233658931239,,,,,,,SRB00040
2016-12-16,1628.3,0.01,-1.58,0.027168965829748853,0.0459075660753429,0.04120209675425039,0.0638907308535954,0.06368865665461595,0.040790415607455915,0.06562631210414716,0.11290417735048171,0.1363675288421913,,,,,,,SRB00040
2016-12-17,1658.59,0.01,-3.26,0.027375678764935768,0.046104942966161286,0.04124332980329037,0.06411961158529748,0.06460629854810476,0.04147734385814879,0.06562643128260795,0.11300793733411227,0.13651169179125874,,,,,,,SRB00040
2016-12-18,1716.91,0.07,-4.13,0.02758239170012268,0.04630231985697966,0.041284562852330335,0.06434849231699957,0.06552394044159358,0.04216427210884167,0.06562655046106874,0.11311169731774282,0.13665585474032618,,,,,,,SRB00040
2016-12-19,1748.85,0.01,-4.44,0.027789104635309595,0.046499696747798046,0.04132579590137031,0.06457737304870166,0.06644158233508239,0.04285120035953454,0.06562666963952954,0.11321545730137338,0.13680001768939362,,,,,,,SRB00040
2016-12-20,1736.8,0.08,-3.91,0.02799581757049651,0.04669707363861643,0.04136702895041028,0.06480625378040375,0.06735922422857121,0.04353812861022741,0.06562678881799033,0.11331921728500394,0.13694418063846106,12.7,0.107,2.13770098,496.0,3.2,,SRB00040
2016-12-21,1689.44,0.06,-2.9,0.028202530505683422,0.04689445052943481,0.041408261999450253,0.06503513451210584,0.06827686612206002,0.044225056860920285,0.06562690799645111,0.11342297726863448,0.1370883435875285,,,,,,,SRB00040
2016-12-22,1639.59,0.09,-3.4,0.028409243440870337,0.047091827420253196,0.04144949504849023,0.06526401524380793,0.06919450801554883,0.04491198511161316,0.06562702717491191,0.11352673725226504,0.1372325065365959,,,,,,,SRB00040
2016-12-23,1594.88,0.14,-3.4,0.028615956376057253,0.04728920431107157,0.0414907280975302,0.06549289597551002,0.07011214990903765,0.04559891336230604,0.0656271463533727,0.11363049723589559,0.13737666948566335,,,,,,,SRB00040
2016-12-24,1558.55,0.16,-2.04,0.028822669311244165,0.047486581201889956,0.04153196114657017,0.0657217767072121,0.07102979180252646,0.04628584161299891,0.0656272655318335,0.11373425721952615,0.1375208324347308,,,,,,,SRB00040
2016-12-25,1530.09,1.02,-0.46,0.02902938224643108,0.04768395809270834,0.04157319419561014,0.06595065743891419,0.07194743369601528,0.04697276986369178,0.06562738471029429,0.1138380172031567,0.13766499538379823,,,,,,,SRB00040
2016-12-26,1505.61,0.25,2.13,0.02923609518161799,0.04788133498352672,0.041614427244650115,0.0661795381706163,0.07286507558950409,0.047659698114384655,0.06562750388875509,0.11394177718678726,0.13780915833286567,,,,,,,SRB00040
2016-12-27,1484.94,0.39,3.01,0.029442808116804907,0.048078711874345106,0.04165566029369008,0.06640841890231838,0.07378271748299291,0.04834662636507753,0.06562762306721588,0.11404553717041781,0.1379533212819331,,,,,,,SRB00040
2016-12-28,1467.93,0.0,0.75,0.029649521051991822,0.04827608876516348,0.04169689334273006,0.06663729963402047,0.07470035937648171,0.04903355461577041,0.06562774224567668,0.11414929715404837,0.13809748423100054,,,,,,,SRB00040
2016-12-29,1467.93,0.01,-1.0,0.029856233987178734,0.048473465655981866,0.04173812639177003,0.06686618036572256,0.07561800126997054,0.04972048286646328,0.06562786142413747,0.11425305713767893,0.13824164718006796,,,,,,,SRB00040
2016-12-30,1498.69,0.0,-2.51,0.03006294692236565,0.04867084254680025,0.04177935944081,0.06709506109742465,0.07653564316345934,0.05040741111715615,0.06562798060259827,0.11435681712130948,0.1383858101291354,,,,,,,SRB00040
2016-12-31,1605.94,0.0,-4.31,0.0410334737541648,0.06003535506833726,0.052082789035261645,0.08182461870484845,0.07129189526028261,0.04927741777773877,0.06562809978105905,0.11446057710494004,0.13852997307820283,,,,,,,SRB00040
2017-01-01,1785.49,0.0,-3.11,0.05200400058596395,0.07139986758987427,0.06238621862971329,0.09655417631227223,0.06604814735710587,0.048147424438321394,0.06562821895951984,0.11456433708857058,0.13867413602727027,,,,,,,SRB00040
2017-01-02,1926.53,0.5,-0.5,0.0629745274177631,0.08276438011141127,0.07268964822416493,0.11128373391969602,0.06080439945392914,0.047017431098904015,0.06562833813798064,0.11466809707220114,0.1388182989763377,,,,,,,SRB00040
2017-01-03,1957.84,0.95,-0.91,0.07394505424956224,0.09412889263294827,0.08299307781861658,0.12601329152711982,0.055560651550752405,0.045887437759486636,0.06562845731644143,0.11477185705583169,0.13896246192540515,,,,,,,SRB00040
2017-01-04,1900.08,3.13,-2.02,0.0849155810813614,0.10549340515448528,0.09329650741306822,0.1407428491345436,0.05031690364757567,0.04475744442006926,0.06562857649490222,0.11487561703946225,0.13910662487447256,,,,,,,SRB00040
2017-01-05,1810.34,0.24,-0.8,0.09588610791316055,0.11685791767602229,0.10359993700751986,0.1554724067419674,0.045073155744398935,0.04362745108065188,0.06562869567336302,0.1149793770230928,0.13925078782354,,,,,,,SRB00040
2017-01-06,1709.02,0.0,-7.22,0.1068566347449597,0.1282224301975593,0.1139033666019715,0.1702019643493912,0.0398294078412222,0.0424974577412345,0.06562881485182381,0.11508313700672336,0.13939495077260744,,,,,,,SRB00040
2017-01-07,1620.81,0.0,-11.26,0.09967833777890596,0.12324807053011556,0.10898529322575431,0.16224335481514884,0.039053541453943304,0.040983890518908245,0.06562893403028461,0.11518689699035392,0.13953911372167488,,,,,,,SRB00040
2017-01-08,1551.39,0.0,-12.13,0.09250004081285221,0.11827371086267183,0.10406721984953714,0.15428474528090647,0.038277675066664414,0.03947032329658199,0.0656290532087454,0.11529065697398447,0.13968327667074232,,,,,,,SRB00040
2017-01-09,1502.14,0.26,-11.08,0.08532174384679847,0.11329935119522809,0.09914914647331995,0.14632613574666412,0.03750180867938552,0.037956756074255735,0.0656291723872062,0.11539441695761503,0.13982743961980976,,,,,,,SRB00040
2017-01-10,1474.71,3.9,-10.23,0.07814344688074472,0.10832499152778435,0.09423107309710277,0.13836752621242177,0.03672594229210662,0.03644318885192947,0.06562929156566698,0.11549817694124558,0.1399716025688772,,,,,,,SRB00040
2017-01-11,1454.46,2.76,-9.73,0.07096514991469098,0.1033506318603406,0.08931299972088558,0.1304089166781794,0.03595007590482773,0.03492962162960322,0.06562941074412777,0.11560193692487614,0.1401157655179446,,,,,,,SRB00040
2017-01-12,1434.49,0.06,-3.81,0.06378685294863723,0.09837627219289687,0.0843949263446684,0.12245030714393704,0.035174209517548835,0.03341605440727696,0.06562952992258857,0.11570569690850668,0.14025992846701205,,,,,,,SRB00040
2017-01-13,1418.06,6.53,1.36,0.05660855598258349,0.09340191252545313,0.07947685296845121,0.11449169760969467,0.03439834313026994,0.03190248718495071,0.06562964910104936,0.11580945689213724,0.14040409141607949,,,,,,,SRB00040
2017-01-14,1414.79,1.6,0.06,0.04943025901652975,0.08842755285800939,0.07455877959223403,0.10653308807545231,0.03362247674299105,0.030388919962624453,0.06562976827951016,0.1159132168757678,0.14054825436514692,,,,,,,SRB00040
2017-01-15,1421.33,0.0,-1.38,0.042251962050476,0.08345319319056566,0.06964070621601684,0.09857447854120995,0.03284661035571215,0.028875352740298198,0.06562988745797095,0.11601697685939835,0.14069241731421436,,,,,,,SRB00040
2017-01-16,1441.12,1.29,-2.83,0.06224470841945544,0.09866019820633548,0.08307234143423697,0.11059234339466076,0.03098248277049726,0.028627571263577928,0.06563000663643175,0.11612073684302891,0.1408365802632818,,,,,,,SRB00040
2017-01-17,1461.18,3.17,-1.67,0.08223745478843489,0.1138672032221053,0.09650397665245711,0.12261020824811156,0.029118355185282368,0.028379789786857654,0.06563012581489254,0.11622449682665946,0.1409807432123492,,,,,,,SRB00040
2017-01-18,1491.79,0.55,-2.77,0.10223020115741432,0.12907420823787513,0.10993561187067726,0.13462807310156238,0.027254227600067474,0.028132008310137385,0.06563024499335333,0.11632825681029002,0.14112490616141665,,,,,,,SRB00040
2017-01-19,1526.57,0.02,-4.6,0.12222294752639376,0.14428121325364496,0.12336724708889739,0.14664593795501318,0.02539010001485258,0.027884226833417115,0.06563036417181413,0.11643201679392057,0.1412690691104841,,,,,,,SRB00040
2017-01-20,1547.82,0.0,-5.38,0.1422156938953732,0.15948821826941476,0.13679888230711754,0.15866380280846398,0.02352597242963769,0.027636445356696845,0.06563048335027491,0.11653577677755113,0.14141323205955153,,,,,,,SRB00040
2017-01-21,1540.7,0.0,-5.82,0.16220844026435263,0.17469522328518458,0.15023051752533767,0.1706816676619148,0.021661844844422795,0.02738866387997657,0.0656306025287357,0.11663953676118168,0.14155739500861897,,,,,,,SRB00040
2017-01-22,1509.08,0.02,-6.51,0.1822011866333321,0.1899022283009544,0.1636621527435578,0.1826995325153656,0.0197977172592079,0.0271408824032563,0.0656307217071965,0.11674329674481224,0.1417015579576864,,,,,,,SRB00040
2017-01-23,1467.93,0.03,-5.7,0.1788344169079663,0.18693051478832198,0.16133408640835936,0.1799493598580781,0.021292370811544448,0.027801623074363416,0.0656308408856573,0.1168470567284428,0.14184572090675385,,,,,,,SRB00040
2017-01-24,1431.19,0.12,-5.36,0.1754676471826005,0.1839588012756896,0.15900602007316095,0.17719918720079061,0.022787024363880994,0.02846236374547053,0.06563096006411809,0.11695081671207334,0.14198988385582126,,,,,,,SRB00040
2017-01-25,1398.59,0.07,-5.13,0.1721008774572347,0.18098708776305716,0.1566779537379625,0.17444901454350312,0.02428167791621754,0.029123104416577644,0.06563107924257888,0.1170545766957039,0.1421340468048887,,,,,,,SRB00040
2017-01-26,1373.04,0.01,-4.04,0.1687341077318689,0.17801537425042477,0.1543498874027641,0.17169884188621562,0.025776331468554087,0.02978384508768476,0.06563119842103968,0.11715833667933445,0.14227820975395614,,,,,,,SRB00040
2017-01-27,1354.19,0.01,-6.44,0.1653673380065031,0.17504366073779234,0.15202182106756565,0.16894866922892812,0.027270985020890634,0.030444585758791873,0.06563131759950047,0.11726209666296501,0.14242237270302358,,,,,,,SRB00040
2017-01-28,1338.68,0.02,-7.34,0.1620005682811373,0.17207194722515995,0.14969375473236723,0.16619849657164062,0.02876563857322718,0.03110532642989899,0.06563143677796127,0.11736585664659556,0.14256653565209101,,,,,,,SRB00040
2017-01-29,1326.39,0.03,-6.99,0.1586337985557715,0.16910023371252753,0.1473656883971688,0.16344832391435313,0.030260292125563727,0.0317660671010061,0.06563155595642206,0.11746961663022612,0.14271069860115845,,,,,,,SRB00040
2017-01-30,1317.26,0.06,-4.94,0.1552670288304057,0.1661285201998951,0.14503762206197038,0.16069815125706563,0.03175494567790027,0.032426807772113216,0.06563167513488284,0.11757337661385667,0.14285486155022586,13.9,0.075,2.36794966,542.0,2.0,,SRB00040
2017-01-31,1308.18,0.19,-2.12,0.1519002591050399,0.1631568066872627,0.14270955572677194,0.15794797859977813,0.03324959923023682,0.03308754844322033,0.06563179431334364,0.11767713659748723,0.1429990244992933,,,,,,,SRB00040
2017-02-01,1308.18,7.9,1.89,0.1485334893796741,0.16018509317463028,0.14038148939157352,0.15519780594249064,0.034744252782573364,0.033748289114327444,0.06563191349180443,0.11778089658111779,0.14314318744836074,,,,,,,SRB00040
2017-02-02,1320.3,1.0,4.33,0.1451667196543083,0.1572133796619979,0.13805342305637508,0.15244763328520314,0.036238906334909914,0.034409029785434565,0.06563203267026523,0.11788465656474834,0.14328735039742818,,,,,,,SRB00040
2017-02-03,1344.86,0.42,6.55,0.1417999499289425,0.15424166614936546,0.13572535672117667,0.14969746062791564,0.03773355988724646,0.03506977045654168,0.06563215184872602,0.1179884165483789,0.14343151334649562,,,,,,,SRB00040
2017-02-04,1373.04,1.17,6.38,0.1384331802035767,0.15126995263673307,0.13339729038597822,0.14694728797062814,0.03922821343958301,0.035730511127648794,0.06563227102718681,0.11809217653200944,0.14357567629556306,,,,,,,SRB00040
2017-02-05,1414.79,1.91,6.61,0.13506641047821089,0.14829823912410064,0.1310692240507798,0.14419711531334065,0.04072286699191955,0.03639125179875591,0.06563239020564761,0.11819593651564,0.1437198392446305,,,,,,,SRB00040
2017-02-06,1547.82,5.04,6.27,0.1316996407528451,0.14532652561146825,0.12874115771558137,0.14144694265605315,0.0422175205442561,0.03705199246986302,0.0656325093841084,0.11829969649927055,0.1438640021936979,,,,,,,SRB00040
2017-02-07,1835.54,6.7,1.65,0.1283328710274793,0.14235481209883583,0.12641309138038292,0.13869676999876565,0.04371217409659264,0.03771273314097014,0.0656326285625692,0.11840345648290111,0.14400816514276535,,,,,,,SRB00040
2017-02-08,2186.76,0.34,0.85,0.1249661013021135,0.1393830985862034,0.12408502504518451,0.13594659734147815,0.045206827648929186,0.03837347381207725,0.06563274774102999,0.11850721646653166,0.1441523280918328,,,,,,,SRB00040
2017-02-09,2487.86,0.02,0.11,0.1215993315767477,0.136411385073571,0.12175695870998608,0.13319642468419066,0.046701481201265736,0.039034214483184365,0.06563286691949077,0.11861097645016222,0.14429649104090023,,,,,,,SRB00040
2017-02-10,2653.61,0.0,-1.12,0.1182325618513819,0.13343967156093858,0.11942889237478765,0.13044625202690316,0.04819613475360228,0.03969495515429148,0.06563298609795157,0.11871473643379278,0.14444065398996767,,,,,,,SRB00040
2017-02-11,2629.27,0.0,-0.85,0.1148657921260161,0.1304679580483062,0.11710082603958923,0.12769607936961566,0.04969078830593883,0.040355695825398594,0.06563310527641236,0.11881849641742333,0.1445848169390351,,,,,,,SRB00040
2017-02-12,2482.13,0.0,-1.56,0.1114990224006503,0.12749624453567376,0.1147727597043908,0.12494590671232815,0.05118544185827537,0.04101643649650571,0.06563322445487316,0.11892225640105389,0.14472897988810252,,,,,,,SRB00040
2017-02-13,2295.15,0.0,-2.1,0.1081322526752845,0.12452453102304135,0.11244469336919237,0.12219573405504065,0.05268009541061192,0.04167717716761282,0.06563334363333395,0.11902601638468444,0.14487314283716995,,,,,,,SRB00040
2017-02-14,2107.63,0.01,-2.27,0.10476548294991869,0.12155281751040894,0.11011662703399394,0.11944556139775316,0.054174748962948466,0.042337917838719936,0.06563346281179475,0.119129776368315,0.1450173057862374,,,,,,,SRB00040
2017-02-15,1944.36,0.0,-0.4,0.1013987132245529,0.11858110399777654,0.1077885606987955,0.11669538874046566,0.055669402515285016,0.04299865850982705,0.06563358199025554,0.11923353635194554,0.14516146873530483,,,,,,,SRB00040
2017-02-16,1806.17,0.0,0.14,0.0980319434991871,0.11560939048514413,0.10546049436359707,0.11394521608317816,0.05716405606762156,0.043659399180934165,0.06563370116871634,0.1193372963355761,0.14530563168437227,,,,,,,SRB00040
2017-02-17,1693.34,0.11,-0.14,0.0946651737738213,0.11263767697251172,0.10313242802839864,0.11119504342589066,0.05865870961995811,0.04432013985204128,0.06563382034717713,0.11944105631920665,0.1454497946334397,,,,,,,SRB00040
2017-02-18,1609.65,0.77,0.82,0.0912984040484555,0.1096659634598793,0.10080436169320021,0.10844487076860317,0.06015336317229465,0.044980880523148394,0.06563393952563792,0.11954481630283721,0.14559395758250712,,,,,,,SRB00040
2017-02-19,1547.82,0.14,1.02,0.0879316343230897,0.10669424994724688,0.09847629535800179,0.10569469811131567,0.0616480167246312,0.04564162119425551,0.0656340587040987,0.11964857628646777,0.14573812053157456,,,,,,,SRB00040
2017-02-20,1509.08,0.04,0.52,0.0845648645977239,0.10372253643461447,0.09614822902280336,0.10294452545402817,0.06314267027696775,0.04630236186536262,0.0656341778825595,0.11975233627009832,0.145882283480642,,,,,,,SRB00040
2017-02-21,1498.69,0.32,3.29,0.0811980948723581,0.10075082292198206,0.09382016268760493,0.10019435279674067,0.06463732382930429,0.046963102536469736,0.0656342970610203,0.11985609625372888,0.14602644642970944,,,,,,,SRB00040
2017-02-22,1519.55,0.03,6.08,0.0778313251469923,0.09777910940934965,0.0914920963524065,0.09744418013945318,0.06613197738164084,0.04762384320757685,0.06563441623948109,0.11995985623735943,0.14617060937877688,,,,,,,SRB00040
2017-02-23,1576.61,0.0,7.88,0.0744645554216265,0.09480739589671724,0.08916403001720807,0.09469400748216568,0.06762663093397739,0.048284583878683965,0.06563453541794188,0.12006361622098999,0.14631477232784432,,,,,,,SRB00040
2017-02-24,1677.8,8.16,8.33,0.0710977856962607,0.09183568238408484,0.08683596368200965,0.09194383482487818,0.06912128448631392,0.048945324549791086,0.06563465459640268,0.12016737620462054,0.14645893527691176,,,,,,,SRB00040
2017-02-25,1886.99,1.29,4.0,0.0677310159708949,0.08886396887145243,0.08450789734681122,0.08919366216759068,0.07061593803865047,0.0496060652208982,0.06563477377486347,0.1202711361882511,0.14660309822597917,,,,,,,SRB00040
2017-02-26,2442.43,0.0,4.72,0.0643642462455291,0.08589225535882002,0.08217983101161279,0.08644348951030319,0.07211059159098702,0.050266805892005315,0.06563489295332427,0.12037489617188164,0.1467472611750466,,,,,,,SRB00040
2017-02-27,3125.08,0.0,8.42,0.060997476520163296,0.0829205418461876,0.07985176467641436,0.08369331685301569,0.07360524514332357,0.05092754656311243,0.06563501213178506,0.1204786561555122,0.14689142412411405,,,,,,,SRB00040
2017-02-28,3426.68,0.0,11.16,0.0576307067947975,0.07994882833355518,0.07752369834121593,0.08094314419572819,0.07509989869566011,0.05158828723421954,0.06563513131024586,0.12058241613914276,0.14703558707318148,11.8,0.129,2.31828818,507.0,3.3,,SRB00040
2017-03-01,3450.44,6.93,6.74,0.0542639370694317,0.07697711482092277,0.0751956320060175,0.0781929715384407,0.07659455224799666,0.05224902790532666,0.06563525048870664,0.12068617612277331,0.14717975002224892,,,,,,,SRB00040
2017-03-02,3348.66,0.71,6.34,0.0508971673440659,0.07400540130829036,0.07286756567081908,0.0754427988811532,0.07808920580033321,0.05290976857643377,0.06563536966716743,0.12078993610640387,0.14732391297131636,,,,,,,SRB00040
2017-03-03,3168.57,0.18,8.2,0.0475303976187001,0.07103368779565795,0.07053949933562065,0.0726926262238657,0.07958385935266976,0.053570509247540886,0.06563548884562823,0.12089369609003442,0.14746807592038377,,,,,,,SRB00040
2017-03-04,3005.08,0.0,10.32,0.044163627893334306,0.06806197428302554,0.0682114330004222,0.0699424535665782,0.0810785129050063,0.054231249918648,0.06563560802408902,0.12099745607366498,0.1476122388694512,,,,,,,SRB00040
2017-03-05,2896.34,4.52,10.55,0.04488087055156011,0.06915424605467155,0.06989247662977709,0.07749084893883484,0.08899482826923144,0.05957731079764242,0.06563572720254982,0.12110121605729553,0.14775640181851865,,,,,,,SRB00040
2017-03-06,2836.92,1.66,6.81,0.04559811320978592,0.07024651782631755,0.07157352025913195,0.08503924431109149,0.09691114363345657,0.06492337167663684,0.06563584638101061,0.12120497604092609,0.1479005647675861,,,,,,,SRB00040
2017-03-07,2797.98,14.55,6.36,0.046315355868011734,0.07133878959796357,0.07325456388848683,0.09258763968334814,0.10482745899768171,0.07026943255563127,0.0656359655594714,0.12130873602455665,0.14804472771665353,,,,,,,SRB00040
2017-03-08,2765.94,2.66,7.39,0.04703259852623754,0.07243106136960957,0.0749356075178417,0.10013603505560478,0.11274377436190686,0.07561549343462569,0.0656360847379322,0.1214124960081872,0.14818889066572097,,,,,,,SRB00040
2017-03-09,2753.23,0.04,6.8,0.04774984118446335,0.07352333314125557,0.07661665114719658,0.10768443042786142,0.120660089726132,0.08096155431362011,0.065636203916393,0.12151625599181776,0.1483330536147884,,,,,,,SRB00040
2017-03-10,2727.98,2.72,5.9,0.04846708384268916,0.07461560491290159,0.07829769477655145,0.11523282580011807,0.12857640509035714,0.08630761519261454,0.06563632309485379,0.1216200159754483,0.14847721656385582,,,,,,,SRB00040
2017-03-11,2684.34,0.0,5.63,0.04918432650091497,0.07570787668454759,0.07997873840590633,0.12278122117237471,0.13649272045458227,0.09165367607160896,0.06563644227331457,0.12172377595907886,0.14862137951292326,,,,,,,SRB00040
2017-03-12,2659.72,1.76,3.68,0.04990156915914078,0.0768001484561936,0.0816597820352612,0.13032961654463135,0.14440903581880743,0.09699973695060338,0.06563656145177536,0.12182753594270941,0.1487655424619907,,,,,,,SRB00040
2017-03-13,2869.78,0.33,5.41,0.050618811817366584,0.0778924202278396,0.08334082566461608,0.137878011916888,0.15232535118303256,0.1023457978295978,0.06563668063023616,0.12193129592633997,0.14890970541105814,,,,,,,SRB00040
2017-03-14,3371.87,0.0,5.37,0.05133605447559239,0.0789846919994856,0.08502186929397096,0.14542640728914463,0.1602416665472577,0.10769185870859221,0.06563679980869695,0.12203505590997052,0.14905386836012557,,,,,,,SRB00040
2017-03-15,3571.73,0.03,6.43,0.052053297133818205,0.08007696377113162,0.08670291292332583,0.1529748026614013,0.16815798191148285,0.11303791958758665,0.06563691898715775,0.12213881589360108,0.149198031309193,,,,,,,SRB00040
2017-03-16,3403.08,0.01,7.9,0.05277053979204401,0.08116923554277762,0.0883839565526807,0.16052319803365794,0.17607429727570797,0.11838398046658107,0.06563703816561854,0.12224257587723164,0.14934219425826042,,,,,,,SRB00040
2017-03-17,3146.75,0.0,7.82,0.05348778245026982,0.08226150731442362,0.09006500018203557,0.16807159340591457,0.1839906126399331,0.12373004134557548,0.06563715734407934,0.12234633586086219,0.14948635720732786,,,,,,,SRB00040
2017-03-18,2896.34,1.24,10.2,0.05420502510849563,0.08335377908606964,0.09174604381139045,0.17561998877817123,0.19190692800415826,0.12907610222456992,0.06563727652254013,0.12245009584449275,0.1496305201563953,,,,,,,SRB00040
2017-03-19,2678.17,2.86,9.91,0.05492226776672144,0.08444605085771564,0.09342708744074532,0.18316838415042785,0.1998232433683834,0.13442216310356433,0.06563739570100093,0.1225538558281233,0.14977468310546274,,,,,,,SRB00040
2017-03-20,2499.35,0.02,12.1,0.05563951042494725,0.08553832262936165,0.0951081310701002,0.1907167795226845,0.20773955873260852,0.13976822398255875,0.06563751487946172,0.12265761581175386,0.14991884605453018,,,,,,,SRB00040
2017-03-21,2436.81,0.0,14.51,0.052772588154266296,0.0822961890174806,0.09003238369219373,0.17352224964954133,0.18602367363286507,0.12531909808067382,0.0656376340579225,0.1227613757953844,0.15006300900359762,,,,,,,SRB00040
2017-03-22,2772.32,0.01,15.75,0.049905665883585346,0.07905405540559958,0.08495663631428726,0.15632771977639817,0.1643077885331216,0.11086997217878888,0.0656377532363833,0.12286513577901496,0.15020717195266506,,,,,,,SRB00040
2017-03-23,3638.15,0.02,15.36,0.047038743612904395,0.07581192179371854,0.07988088893638079,0.139133189903255,0.14259190343337816,0.09642084627690395,0.06563787241484409,0.12296889576264551,0.15035133490173247,11.5,0.118,1.72912244,457.0,3.6,,SRB00040
2017-03-24,4082.19,0.0,14.84,0.044171821342223444,0.0725697881818375,0.07480514155847431,0.12193866003011182,0.12087601833363469,0.08197172037501901,0.06563799159330488,0.12307265574627607,0.1504954978507999,,,,,,,SRB00040
2017-03-25,4035.45,0.0,10.22,0.0413048990715425,0.06932765456995646,0.06972939418056785,0.10474413015696865,0.09916013323389124,0.06752259447313408,0.06563811077176568,0.12317641572990663,0.15063966079986735,,,,,,,SRB00040
2017-03-26,3934.5,0.19,6.44,0.03843797680086155,0.06608552095807543,0.06465364680266138,0.08754960028382547,0.07744424813414777,0.053073468571249144,0.06563822995022647,0.12328017571353718,0.1507838237489348,,,,,,,SRB00040
2017-03-27,3871.58,0.0,6.32,0.0355710545301806,0.0628433873461944,0.0595778994247549,0.0703550704106823,0.0557283630344043,0.0386243426693642,0.06563834912868727,0.12338393569716774,0.15092798669800223,,,,,,,SRB00040
2017-03-28,3757.37,0.0,9.81,0.03506792536012485,0.0622152592953777,0.05852464085231569,0.07285625576357165,0.05653780736905048,0.03901053461478733,0.06563846830714806,0.12348769568079829,0.15107214964706966,,,,,,,SRB00040
2017-03-29,3571.73,0.0,12.5,0.03456479619006911,0.06158713124456102,0.05747138227987649,0.07535744111646099,0.05734725170369665,0.03939672656021046,0.06563858748560886,0.12359145566442885,0.15121631259613708,,,,,,,SRB00040
2017-03-30,3348.66,0.01,13.27,0.03406166702001337,0.06095900319374433,0.05641812370743728,0.07785862646935034,0.05815669603834282,0.0397829185056336,0.06563870666406965,0.1236952156480594,0.15136047554520451,,,,,,,SRB00040
2017-03-31,3110.72,0.0,12.92,0.033558537849957625,0.06033087514292765,0.055364865134998074,0.08035981182223967,0.058966140372989,0.04016911045105673,0.06563882584253043,0.12379897563168996,0.15150463849427195,,,,,,,SRB00040
2017-04-01,2889.68,0.0,14.26,0.03305540867990188,0.05970274709211096,0.05431160656255887,0.08286099717512901,0.05977558470763518,0.04055530239647986,0.06563894502099123,0.1239027356153205,0.1516488014433394,,,,,,,SRB00040
2017-04-02,2709.19,0.0,14.93,0.032552279509846134,0.05907461904129427,0.053258347990119664,0.08536218252801836,0.06058502904228135,0.04094149434190299,0.06563906419945202,0.12400649559895106,0.15179296439240683,,,,,,,SRB00040
2017-04-03,2587.21,0.0,14.62,0.032049150339790396,0.058446490990477586,0.052205089417680456,0.0878633678809077,0.06139447337692752,0.04132768628732612,0.06563918337791282,0.12411025558258162,0.15193712734147427,,,,,,,SRB00040
2017-04-04,2522.48,0.91,13.65,0.03154602116973465,0.057818362939660896,0.05115183084524125,0.09036455323379705,0.0622039177115737,0.041713878232749246,0.06563930255637361,0.12421401556621217,0.15208129029054168,,,,,,,SRB00040
2017-04-05,2487.86,2.26,11.45,0.031042891999678905,0.057190234888844206,0.050098572272802046,0.0928657385866864,0.06301336204621988,0.04210007017817238,0.0656394217348344,0.12431777554984273,0.15222545323960912,,,,,,,SRB00040
2017-04-06,2465.04,2.09,10.6,0.03053976282962316,0.05656210683802752,0.04904531370036284,0.09536692393957574,0.06382280638086604,0.04248626212359551,0.0656395409132952,0.12442153553347328,0.15236961618867656,,,,,,,SRB00040
2017-04-07,2465.04,0.69,7.61,0.030036633659567418,0.055933978787210833,0.04799205512792363,0.09786810929246509,0.06463225071551222,0.04287245406901864,0.065639660091756,0.12452529551710384,0.152513779137744,,,,,,,SRB00040
2017-04-08,2522.48,0.09,10.82,0.029533504489511673,0.055305850736394144,0.04693879655548443,0.10036929464535443,0.0654416950501584,0.04325864601444177,0.06563977927021679,0.12462905550073439,0.15265794208681144,,,,,,,SRB00040
2017-04-09,2629.27,0.0,12.41,0.02903037531945593,0.05467772268557746,0.04588553798304522,0.10287047999824377,0.06625113938480458,0.0436448379598649,0.06563989844867758,0.12473281548436495,0.15280210503587888,,,,,,,SRB00040
2017-04-10,2690.54,0.0,13.95,0.028527246149400186,0.05404959463476077,0.04483227941060601,0.10537166535113311,0.06706058371945076,0.04403102990528804,0.06564001762713836,0.1248365754679955,0.15294626798494632,,,,,,,SRB00040
2017-04-11,2696.74,1.0,12.52,0.028024116979344444,0.05342146658394409,0.04377902083816681,0.10787285070402246,0.06787002805409692,0.04441722185071117,0.06564013680559916,0.12494033545162606,0.15309043093401373,,,,,,,SRB00040
2017-04-12,2659.72,0.0,10.74,0.0275209878092887,0.0527933385331274,0.0427257622657276,0.1103740360569118,0.0686794723887431,0.0448034137961343,0.06564025598405995,0.1250440954352566,0.15323459388308117,,,,,,,SRB00040
2017-04-13,2593.18,0.03,13.49,0.02670535358691911,0.05335747372874131,0.04289275423939467,0.11388415046311864,0.06990474379568146,0.04531579855050652,0.06564037516252075,0.12514785541888718,0.1533787568321486,,,,,,,SRB00040
2017-04-14,2493.6,0.01,13.34,0.02588971936454952,0.05392160892435522,0.04305974621306173,0.11739426486932548,0.07113001520261981,0.04582818330487874,0.06564049434098154,0.12525161540251772,0.15352291978121604,,,,,,,SRB00040
2017-04-15,2403.36,0.87,12.68,0.025074085142179934,0.054485744119969134,0.0432267381867288,0.12090437927553234,0.07235528660955817,0.046340568059250964,0.06564061351944234,0.12535537538614827,0.15366708273028348,,,,,,,SRB00040
2017-04-16,2337.84,2.7,11.21,0.024258450919810343,0.05504987931558304,0.04339373016039587,0.12441449368173918,0.07358055801649653,0.046852952813623186,0.06564073269790313,0.12545913536977882,0.15381124567935092,,,,,,,SRB00040
2017-04-17,2284.6,0.0,8.68,0.023442816697440756,0.055614014511196956,0.04356072213406293,0.12792460808794603,0.07480582942343487,0.047365337567995415,0.06564085187636393,0.1255628953534094,0.15395540862841833,,,,,,,SRB00040
2017-04-18,2242.88,12.72,7.58,0.022627182475071166,0.05617814970681086,0.04372771410773,0.13143472249415286,0.07603110083037323,0.04787772232236764,0.06564097105482472,0.12566665533703994,0.15409957157748577,,,,,,,SRB00040
2017-04-19,2222.31,17.06,2.38,0.02181154825270158,0.05674228490242478,0.04389470608139707,0.13494483690035972,0.07725637223731159,0.04839010707673986,0.06564109023328552,0.1257704153206705,0.1542437345265532,,,,,,,SRB00040
2017-04-20,2242.88,8.62,3.12,0.02099591403033199,0.057306420098038685,0.04406169805506413,0.13845495130656654,0.07848164364424995,0.04890249183111208,0.0656412094117463,0.12587417530430106,0.15438789747562065,12.1,0.086,1.19864754,417.0,3.6,0.0758,SRB00040
2017-04-21,2364.92,0.15,5.08,0.0201802798079624,0.0578705552936526,0.0442286900287312,0.1419650657127734,0.0797069150511883,0.0494148765854843,0.06564132859020709,0.1259779352879316,0.1545320604246881,,,,,,,SRB00040
2017-04-22,2617.18,0.02,8.51,0.020432591080954483,0.05786601577365507,0.044221596188990624,0.14238585171958457,0.07856450857686781,0.0483430279347529,0.06564144776866788,0.12608169527156216,0.15467622337375553,,,,,,,SRB00040
2017-04-23,2810.9,2.52,7.25,0.020684902353946565,0.05786147625365755,0.04421450234925004,0.1428066377263957,0.0774221021025473,0.04727117928402148,0.06564156694712868,0.1261854552551927,0.15482038632282297,,,,,,,SRB00040
2017-04-24,2791.54,0.0,9.15,0.02093721362693865,0.05785693673366002,0.044207408509509466,0.14322742373320688,0.0762796956282268,0.04619933063329008,0.06564168612558947,0.12628921523882328,0.15496454927189038,,,,,,,SRB00040
2017-04-25,2641.41,0.01,14.38,0.021189524899930732,0.0578523972136625,0.044200314669768884,0.14364820974001802,0.07513728915390629,0.04512748198255867,0.06564180530405027,0.12639297522245382,0.15510871222095782,,,,,,,SRB00040
2017-04-26,2493.6,0.0,15.85,0.021441836172922814,0.05784785769366497,0.04419322083002831,0.1440689957468292,0.07399488267958579,0.04405563333182726,0.06564192448251106,0.12649673520608437,0.15525287517002526,,,,,,,SRB00040
2017-04-27,2431.2,0.47,17.37,0.021694147445914896,0.057843318173667446,0.04418612699028773,0.14448978175364033,0.07285247620526528,0.04298378468109585,0.06564204366097186,0.12660049518971492,0.1553970381190927,,,,,,,SRB00040
2017-04-28,2436.81,4.35,17.2,0.021946458718906978,0.05783877865366992,0.04417903315054715,0.1449105677604515,0.07171006973094478,0.041911936030364444,0.06564216283943265,0.1267042551733455,0.15554120106816013,,,,,,,SRB00040
2017-04-29,2470.72,2.95,8.0,0.02219876999189906,0.05783423913367239,0.044171939310806575,0.14533135376726267,0.07056766325662427,0.04084008737963303,0.06564228201789345,0.12680801515697604,0.15568536401722757,,,,,,,SRB00040
2017-04-30,2721.7,0.0,10.51,0.022451081264891145,0.057829699613674866,0.04416484547106599,0.1457521397740738,0.06942525678230377,0.039768238728901624,0.06564240119635423,0.1269117751406066,0.15582952696629498,,,,,,,SRB00040
2017-05-01,3506.52,0.01,14.7,0.022703392537883227,0.05782516009367734,0.04415775163132542,0.14617292578088498,0.06828285030798326,0.03869639007817022,0.06564252037481502,0.12701553512423716,0.15597368991536242,,,,,,,SRB00040
2017-05-02,4235.43,0.57,17.43,0.02295570381087531,0.057820620573679815,0.04415065779158484,0.14659371178769612,0.06714044383366276,0.03762454142743881,0.06564263955327582,0.1271192951078677,0.15611785286442986,,,,,,,SRB00040
2017-05-03,4304.27,3.92,17.31,0.02320801508386739,0.057816081053682286,0.04414356395184426,0.1470144977945073,0.06599803735934225,0.0365526927767074,0.06564275873173661,0.12722305509149825,0.1562620158134973,,,,,,,SRB00040
2017-05-04,4072.8,0.85,16.74,0.023460326356859473,0.057811541533684764,0.044136470112103685,0.14743528380131843,0.06485563088502175,0.03548084412597599,0.0656428779101974,0.1273268150751288,0.15640617876256474,,,,,,,SRB00040
2017-05-05,3898.42,12.67,14.4,0.023712637629851555,0.057807002013687235,0.04412937627236311,0.1478560698081296,0.06371322441070124,0.034408995475244585,0.0656429970886582,0.12743057505875938,0.15655034171163218,,,,,,,SRB00040
2017-05-06,3862.67,0.95,15.98,0.02396494890284364,0.05780246249368971,0.04412228243262253,0.14827685581494074,0.06257081793638074,0.03333714682451317,0.065643116267119,0.12753433504238992,0.15669450466069962,,,,,,,SRB00040
2017-05-07,3862.67,8.63,14.32,0.024217260175835722,0.057797922973692184,0.04411518859288195,0.1486976418217519,0.061428411462060226,0.032265298173781765,0.06564323544557979,0.12763809502602047,0.15683866760976703,,,,,,,SRB00040
2017-05-08,3809.66,0.01,15.4,0.024469571448827804,0.057793383453694655,0.04410809475314137,0.14911842782856308,0.06028600498773973,0.031193449523050355,0.06564335462404058,0.12774185500965105,0.15698283055883447,,,,,,,SRB00040
2017-05-09,3748.73,1.21,11.96,0.024721882721819886,0.05778884393369713,0.044101000913400794,0.14953921383537422,0.05914359851341922,0.030121600872318948,0.06564347380250138,0.1278456149932816,0.1571269935079019,,,,,,,SRB00040
2017-05-10,3688.78,0.01,9.97,0.024974193994811968,0.057784304413699604,0.04409390707366022,0.1499599998421854,0.05800119203909872,0.029049752221587538,0.06564359298096216,0.12794937497691214,0.15727115645696935,,,,,,,SRB00040
2017-05-11,3714.35,0.0,16.49,0.02522650526780405,0.05777976489370208,0.044086813233919636,0.15038078584899653,0.05685878556477821,0.02797790357085613,0.06564371215942295,0.12805313496054269,0.15741531940603679,,,,,,,SRB00040
2017-05-12,3998.45,1.01,20.61,0.025478816540796135,0.05777522537370455,0.04407971939417906,0.1508015718558077,0.05571637909045771,0.02690605492012472,0.06564383133788375,0.12815689494417326,0.15755948235510422,,,,,,,SRB00040
2017-05-13,4304.27,5.92,18.19,0.025731127813788217,0.05777068585370703,0.04407262555443848,0.15122235786261884,0.0545739726161372,0.02583420626939331,0.06564395051634454,0.1282606549278038,0.15770364530417164,,,,,,,SRB00040
2017-05-14,4225.69,1.88,18.71,0.0259834390867803,0.0577661463337095,0.0440655317146979,0.15164314386943,0.0534315661418167,0.0247623576186619,0.06564406969480534,0.12836441491143435,0.15784780825323907,,,,,,,SRB00040
2017-05-15,3934.5,1.64,18.27,0.025495629745684333,0.057861027748484804,0.04327012307705617,0.15666479654951423,0.055492872115267766,0.025799240398642044,0.06564418887326613,0.1284681748950649,0.1579919712023065,10.1,0.095,1.54853524,392.0,2.4,,SRB00040
2017-05-16,3671.82,0.27,19.22,0.025007820404588366,0.0579559091632601,0.04247471443941443,0.16168644922959846,0.057554178088718835,0.02683612317862219,0.06564430805172693,0.12857193487869548,0.15813613415137395,,,,,,,SRB00040
2017-05-17,3547.13,0.16,18.89,0.0245200110634924,0.0580507905780354,0.041679305801772704,0.16670810190968266,0.0596154840621699,0.027873005958602332,0.06564442723018772,0.12867569486232602,0.1582802971004414,,,,,,,SRB00040
2017-05-18,3538.97,0.0,18.92,0.024032201722396434,0.058145671992810705,0.04088389716413097,0.1717297545897669,0.06167679003562097,0.028909888738582478,0.06564454640864852,0.12877945484595657,0.15842446004950883,,,,,,,SRB00040
2017-05-19,3563.51,0.0,19.97,0.023544392381300464,0.058240553407586,0.04008848852648923,0.1767514072698511,0.06373809600907203,0.02994677151856262,0.06564466558710931,0.12888321482958714,0.15856862299857627,,,,,,,SRB00040
2017-05-20,3530.83,0.82,19.67,0.023056583040204498,0.0583354348223613,0.0392930798888475,0.18177305994993534,0.0657994019825231,0.030983654298542766,0.06564478476557009,0.1289869748132177,0.15871278594764368,,,,,,,SRB00040
2017-05-21,3426.68,2.74,19.57,0.022568773699108532,0.058430316237136605,0.03849767125120577,0.18679471263001954,0.06786070795597417,0.03202053707852291,0.06564490394403089,0.12909073479684824,0.15885694889671112,,,,,,,SRB00040
2017-05-22,3325.6,0.66,20.35,0.022080964358012566,0.0585251976519119,0.03770226261356403,0.19181636531010376,0.06992201392942524,0.03305741985850305,0.06564502312249168,0.12919449478047879,0.15900111184577856,,,,,,,SRB00040
2017-05-23,3272.41,12.52,19.51,0.0215931550169166,0.0586200790666872,0.0369068539759223,0.196838017990188,0.0719833199028763,0.0340943026384832,0.06564514230095247,0.12929825476410936,0.159145274794846,,,,,,,SRB00040
2017-05-24,3242.4,2.07,18.31,0.021386199974495312,0.057326111772107134,0.03656814287889837,0.19179644607705326,0.07060569289832908,0.033739328803377024,0.06564526147941327,0.1294020147477399,0.15928943774391344,,,,,,,SRB00040
2017-05-25,3183.2,0.08,15.83,0.02117924493207403,0.05603214447752706,0.03622943178187444,0.18675487416391853,0.06922806589378185,0.03338435496827086,0.06564538065787406,0.12950577473137045,0.15943360069298088,,,,,,,SRB00040
2017-05-26,3096.42,0.02,17.88,0.020972289889652742,0.05473817718294699,0.03589072068485051,0.1817133022507838,0.06785043888923462,0.033029381133164684,0.06564549983633486,0.12960953471500103,0.1595777636420483,,,,,,,SRB00040
2017-05-27,3053.92,0.01,19.15,0.02076533484723146,0.053444209888366914,0.03555200958782659,0.17667173033764907,0.06647281188468739,0.03267440729805851,0.06564561901479565,0.12971329469863158,0.15972192659111573,,,,,,,SRB00040
2017-05-28,3096.42,0.0,19.68,0.02055837980481017,0.052150242593786846,0.03521329849080266,0.17163015842451435,0.06509518488014016,0.03231943346295234,0.06564573819325645,0.12981705468226212,0.15986608954018316,,,,,,,SRB00040
2017-05-29,3175.87,0.0,20.84,0.020351424762388888,0.05085627529920677,0.03487458739377873,0.16658858651137962,0.06371755787559293,0.03196445962784617,0.06564585737171724,0.12992081466589267,0.1600102524892506,,,,,,,SRB00040
2017-05-30,3161.28,0.0,21.8,0.0201444697199676,0.0495623080046267,0.0345358762967548,0.1615470145982449,0.0623399308710457,0.03160948579274,0.06564597655017802,0.13002457464952324,0.16015441543831804,,,,,,,SRB00040
2017-05-31,3060.96,0.01,24.41,0.02074521423483056,0.04951872657190466,0.0335688491877531,0.1618816476477446,0.06412091441578696,0.03270070042680928,0.06564609572863882,0.1301283346331538,0.16029857838738548,,,,,,,SRB00040
2017-06-01,3012.01,3.79,23.2,0.02134595874969352,0.04947514513918262,0.032601822078751404,0.1622162806972443,0.06590189796052823,0.03379191506087856,0.06564621490709961,0.13023209461678434,0.1604427413364529,,,,,,,SRB00040
2017-06-02,3046.89,0.04,23.18,0.02194670326455648,0.04943156370646058,0.0316347949697497,0.162550913746744,0.06768288150526948,0.03488312969494784,0.0656463340855604,0.1303358546004149,0.16058690428552033,,,,,,,SRB00040
2017-06-03,3125.08,0.05,24.3,0.02254744777941944,0.04938798227373854,0.030667767860748,0.1628855467962437,0.06946386505001073,0.03597434432901712,0.0656464532640212,0.13043961458404546,0.16073106723458777,,,,,,,SRB00040
2017-06-04,3197.9,0.01,25.2,0.0231481922942824,0.0493444008410165,0.0297007407517463,0.1632201798457434,0.071244848594752,0.0370655589630864,0.065646572442482,0.130543374567676,0.1608752301836552,,,,,,,SRB00040
2017-06-05,3264.88,0.32,24.01,0.023259796091823562,0.04994967900114167,0.03125601816950245,0.16405762599349882,0.069764895667495,0.0359224503754918,0.06476438862603802,0.12576470079444915,0.15499615757581775,,,,,,,SRB00040
2017-06-06,3287.52,4.52,24.86,0.023371399889364722,0.05055495716126683,0.0328112955872586,0.1648950721412542,0.068284942740238,0.0347793417878972,0.06388220480959404,0.1209860270212223,0.14911708496798026,,,,,,,SRB00040
2017-06-07,3287.52,9.89,18.7,0.023483003686905885,0.05116023532139199,0.03436657300501475,0.16573251828900962,0.066804989812981,0.0336362332003026,0.06300002099315005,0.11620735324799544,0.1432380123601428,,,,,,,SRB00040
2017-06-08,3272.41,0.2,19.2,0.02359460748444705,0.05176551348151715,0.0359218504227709,0.16656996443676503,0.065325036885724,0.032493124612708,0.062117837176706076,0.11142867947476859,0.13735893975230534,,,,,,,SRB00040
2017-06-09,3272.41,0.0,21.12,0.023568927520640555,0.05149318152591953,0.03586039860809604,0.1661595345172028,0.06523575870057127,0.0324273780520946,0.0612356533602621,0.10665000570154173,0.13147986714446785,,,,,,,SRB00040
2017-06-10,3317.94,0.02,21.98,0.023543247556834065,0.05122084957032191,0.03579894679342119,0.16574910459764058,0.06514648051541853,0.0323616314914812,0.060353469543818115,0.10187133192831488,0.1256007945366304,,,,,,,SRB00040
2017-06-11,3356.38,0.01,21.64,0.02351756759302757,0.050948517614724284,0.03573749497874633,0.16533867467807836,0.06505720233026581,0.032295884930867796,0.05947128572737414,0.09709265815508802,0.11972172192879292,,,,,,,SRB00040
2017-06-12,3310.31,0.0,24.49,0.023491887629221078,0.05067618565912667,0.03567604316407147,0.16492824475851617,0.06496792414511308,0.0322301383702544,0.058589101910930155,0.09231398438186117,0.11384264932095545,,,,,,,SRB00040
2017-06-13,3183.2,0.02,25.62,0.023466207665414584,0.050403853703529046,0.03561459134939661,0.16451781483895395,0.06487864595996036,0.032164391809641,0.05770691809448618,0.0875353106086343,0.10796357671311797,,,,,,,SRB00040
2017-06-14,3053.92,0.79,22.96,0.023440527701608094,0.05013152174793142,0.03555313953472176,0.16410738491939172,0.06478936777480762,0.0320986452490276,0.056824734278042195,0.08275663683540745,0.1020845041052805,,,,,,,SRB00040
2017-06-15,2963.83,0.0,22.75,0.0234148477378016,0.0498591897923338,0.0354916877200469,0.1636969549998295,0.0647000895896549,0.0320328986884142,0.05594255046159822,0.07797796306218059,0.09620543149744304,,,,,,,SRB00040
2017-06-16,2916.43,0.43,22.4,0.024178617061625947,0.050539856746361994,0.03590560198213824,0.16094824577579117,0.06494368207620434,0.0326837445384933,0.05506036664515424,0.07319928928895374,0.09032635888960557,,,,,,,SRB00040
2017-06-17,2889.68,0.25,19.79,0.024942386385450297,0.05122052370039019,0.036319516244229584,0.15819953655175284,0.06518727456275376,0.03333459038857241,0.05417818282871026,0.06842061551572688,0.08444728628176809,,,,,,,SRB00040
2017-06-18,2850.02,1.72,18.85,0.025706155709274644,0.05190119065441838,0.036733430506320934,0.15545082732771454,0.0654308670493032,0.03398543623865151,0.05329599901226628,0.06364194174250003,0.07856821367393063,,,,,,,SRB00040
2017-06-19,2791.54,0.12,23.81,0.02646992503309899,0.052581857608446574,0.03714734476841228,0.1527021181036762,0.06567445953585263,0.03463628208873061,0.0524138151958223,0.05886326796927317,0.07268914106609316,10.8,0.11,0.1693005,323.0,4.2,0.1176,SRB00040
2017-06-20,2740.57,0.0,26.09,0.02723369435692334,0.05326252456247476,0.03756125903050362,0.14995340887963787,0.06591805202240207,0.03528712793880972,0.05153163137937832,0.05408459419604632,0.06681006845825568,,,,,,,SRB00040
2017-06-21,2727.98,1.23,27.15,0.027997463680747688,0.05394319151650295,0.03797517329259496,0.14720469965559954,0.0661616445089515,0.03593797378888882,0.05064944756293434,0.04930592042281946,0.06093099585041821,,,,,,,SRB00040
2017-06-22,2702.96,0.28,28.34,0.028761233004572034,0.054623858470531146,0.03838908755468631,0.14445599043156124,0.06640523699550094,0.03658881963896792,0.04976726374649036,0.04452724664959261,0.05505192324258074,,,,,,,SRB00040
2017-06-23,2641.41,2.48,28.72,0.029525002328396385,0.05530452542455934,0.038803001816777656,0.1417072812075229,0.06664882948205036,0.03723966548904703,0.04888507993004638,0.039748572876365754,0.049172850634743276,,,,,,,SRB00040
2017-06-24,2557.59,0.42,28.02,0.03028877165222073,0.05598519237858753,0.039216916078869,0.13895857198348457,0.0668924219685998,0.03789051133912613,0.0480028961136024,0.0349698991031389,0.0432937780269058,,,,,,,SRB00040
2017-06-25,2476.42,0.59,29.3,0.03070767280134287,0.05615518444596636,0.03899906979576368,0.1417162102036498,0.06785966420841853,0.03813360673928367,0.04982745963053587,0.04475529035393259,0.05507715488900379,,,,,,,SRB00040
2017-06-26,2414.46,12.25,24.13,0.031126573950465006,0.05632517651334518,0.03878122351265836,0.14447384842381503,0.06882690644823726,0.03837670213944121,0.05165202314746934,0.05454068160472628,0.06686053175110178,,,,,,,SRB00040
2017-06-27,2436.81,0.08,26.88,0.03154547509958714,0.056495168580724016,0.03856337722955304,0.14723148664398025,0.06979414868805599,0.038619797539598745,0.05347658666440281,0.06432607285551997,0.07864390861319977,,,,,,,SRB00040
2017-06-28,2499.35,0.23,28.77,0.03196437624870928,0.05666516064810284,0.03834553094644772,0.14998912486414548,0.07076139092787471,0.03886289293975628,0.05530115018133628,0.07411146410631365,0.09042728547529777,,,,,,,SRB00040
2017-06-29,2499.35,1.93,27.88,0.032383277397831416,0.05683515271548167,0.0381276846633424,0.1527467630843107,0.07172863316769346,0.039105988339913814,0.05712571369826975,0.08389685535710734,0.10221066233739576,,,,,,,SRB00040
2017-06-30,2459.37,0.26,27.05,0.03280217854695355,0.05700514478286049,0.03790983838023708,0.1555044013044759,0.07269587540751218,0.03934908374007135,0.058950277215203226,0.09368224660790103,0.11399403919949375,,,,,,,SRB00040
2017-07-01,2448.06,3.06,23.34,0.03322107969607569,0.05717513685023932,0.03769199209713176,0.15826203952464113,0.07366311764733091,0.03959217914022889,0.060774840732136695,0.10346763785869473,0.12577741606159173,,,,,,,SRB00040
2017-07-02,2453.71,0.91,23.81,0.03363998084519783,0.05734512891761815,0.037474145814026444,0.16101967774480636,0.07463035988714964,0.03983527454038643,0.06259940424907016,0.11325302910948841,0.13756079292368972,,,,,,,SRB00040
2017-07-03,2487.86,0.63,22.54,0.034058881994319966,0.057515120984996976,0.03725629953092112,0.16377731596497158,0.07559760212696837,0.040078369940543965,0.06442396776600363,0.12303842036028209,0.1493441697857877,,,,,,,SRB00040
2017-07-04,2593.18,0.0,23.01,0.0344777831434421,0.0576851130523758,0.0370384532478158,0.1665349541851368,0.0765648443667871,0.0403214653407015,0.0662485312829371,0.1328238116110758,0.1611275466478857,,,,,,,SRB00040
2017-07-05,2734.27,0.0,25.85,0.03313252237041916,0.057754132421002705,0.03802962823305198,0.16967987588124656,0.0777957092811348,0.04052673061998716,0.06524744271707904,0.13151067406493752,0.15949750471889013,,,,,,,SRB00040
2017-07-06,2791.54,0.0,27.4,0.03178726159739622,0.0578231517896296,0.039020803218288165,0.17282479757735633,0.0790265741954825,0.040731995899272816,0.06424635415122096,0.13019753651879926,0.15786746278989455,,,,,,,SRB00040
2017-07-07,2778.71,0.16,28.53,0.030442000824373275,0.0578921711582565,0.04001197820352435,0.17596971927346608,0.0802574391098302,0.040937261178558476,0.06324526558536289,0.128884398972661,0.15623742086089895,,,,,,,SRB00040
2017-07-08,2727.98,1.81,27.76,0.029096740051350333,0.0579611905268834,0.041003153188760535,0.17911464096957583,0.08148830402417791,0.041142526457844136,0.062244177019504826,0.12757126142652273,0.15460737893190338,,,,,,,SRB00040
2017-07-09,2635.33,0.69,29.01,0.02775147927832739,0.058030209895510304,0.04199432817399672,0.1822595626656856,0.0827191689385256,0.04134779173712979,0.06124308845364675,0.12625812388038443,0.1529773370029078,,,,,,,SRB00040
2017-07-10,2516.68,0.0,31.16,0.02640621850530445,0.0580992292641372,0.0429855031592329,0.18540448436179535,0.08395003385287331,0.04155305701641545,0.06024199988778868,0.12494498633424618,0.15134729507391223,,,,,,,SRB00040
2017-07-11,2408.91,0.91,30.83,0.025041274252922838,0.0545185577562892,0.03883841783089145,0.17750091389838368,0.08172581014313018,0.04125044265170324,0.059240911321930614,0.12363184878810791,0.14971725314491666,,,,,,,SRB00040
2017-07-12,2337.84,3.32,27.17,0.023676330000541226,0.0509378862484412,0.03469133250255,0.16959734343497201,0.07950158643338706,0.04094782828699102,0.05823982275607254,0.12231871124196964,0.14808721121592106,,,,,,,SRB00040
2017-07-13,2321.74,6.59,23.43,0.022311385748159614,0.0473572147405932,0.03054424717420855,0.16169377297156037,0.07727736272364392,0.04064521392227881,0.057238734190214476,0.12100557369583137,0.14645716928692548,,,,,,,SRB00040
2017-07-14,2364.92,0.01,21.68,0.020946441495778,0.0437765432327452,0.0263971618458671,0.1537902025081487,0.0750531390139008,0.0403425995575666,0.0562376456243564,0.1196924361496931,0.1448271273579299,,,,,,,SRB00040
2017-07-15,2470.72,0.35,21.0,0.0218338291768323,0.0446955473009092,0.028869468488393165,0.1537662172742367,0.07289682358477344,0.038342574910115564,0.0596314774535225,0.12161723683418514,0.14714000572076777,,,,,,,SRB00040
2017-07-16,2635.33,0.0,20.66,0.0227212168578866,0.0456145513690732,0.03134177513091923,0.1537422320403247,0.07074050815564606,0.03634255026266453,0.0630253092826886,0.12354203751867718,0.14945288408360563,,,,,,,SRB00040
2017-07-17,2759.58,0.0,22.76,0.0236086045389409,0.0465335554372372,0.0338140817734453,0.1537182468064127,0.0685841927265187,0.0343425256152135,0.06641914111185471,0.12546683820316923,0.15176576244644346,,,,,,,SRB00040
2017-07-18,2791.54,0.02,25.14,0.03313859953551955,0.0535660539324899,0.036947467578448495,0.15680608383164504,0.07517080109297031,0.03957471513679475,0.0698129729410208,0.12739163888766125,0.15407864080928133,,,,,,,SRB00040
2017-07-19,2791.54,0.02,27.62,0.0426685945320982,0.0605985524277426,0.0400808533834517,0.1598939208568774,0.0817574094594219,0.044806904658376,0.0732068047701869,0.1293164395721533,0.1563915191721192,,,,,,,SRB00040
2017-07-20,2772.32,0.0,29.18,0.03960069811930516,0.058570170987568636,0.038907329329398874,0.15891489395970662,0.0804472593964275,0.043628300294062644,0.07323249187469177,0.12811522283314983,0.1549001628868773,,,,,,,SRB00040
2017-07-21,2696.74,0.0,29.29,0.036532801706512116,0.05654178954739467,0.03773380527534604,0.15793586706253587,0.0791371093334331,0.04244969592974929,0.07325817897919665,0.12691400609414635,0.15340880660163542,,,,,,,SRB00040
2017-07-22,2557.59,0.01,29.6,0.03346490529371907,0.05451340810722071,0.03656028122129321,0.1569568401653651,0.07782695927043869,0.04127109156543593,0.07328386608370152,0.12571278935514285,0.15191745031639356,,,,,,,SRB00040
2017-07-23,2414.46,0.03,29.78,0.03039700888092603,0.05248502666704674,0.035386757167240386,0.15597781326819435,0.07651680920744428,0.04009248720112257,0.0733095531882064,0.12451157261613938,0.15042609403115167,,,,,,,SRB00040
2017-07-24,2316.39,4.31,28.0,0.027329112468132986,0.05045664522687278,0.03421323311318756,0.15499878637102357,0.07520665914444986,0.038913882836809216,0.07333524029271127,0.1233103558771359,0.1489347377459098,,,,,,,SRB00040
2017-07-25,2305.75,10.54,21.19,0.024261216055339943,0.048428263786698816,0.033039709059134725,0.15401975947385282,0.07389650908145547,0.03773527847249586,0.07336092739721614,0.12210913913813243,0.1474433814606679,,,,,,,SRB00040
2017-07-26,2397.83,0.62,22.47,0.0211933196425469,0.046399882346524854,0.0318661850050819,0.15304073257668205,0.07258635901846106,0.0365566741081825,0.07338661450172101,0.12090792239912894,0.14595202517542602,,,,,,,SRB00040
2017-07-27,2551.7,4.17,19.46,0.023580439027265115,0.049960399975854705,0.035920080985035116,0.15349969581027234,0.07233220199871436,0.036295273878528586,0.07341230160622589,0.11970670566012546,0.14446066889018416,,,,,,,SRB00040
2017-07-28,2823.88,0.0,23.27,0.02596755841198333,0.05352091760518455,0.03997397696498833,0.15395865904386263,0.07207804497896766,0.03603387364887467,0.07343798871073076,0.11850548892112198,0.14296931260494228,,,,,,,SRB00040
2017-07-29,3410.93,0.0,25.26,0.028354677796701543,0.0570814352345144,0.044027872944941544,0.15441762227745293,0.07182388795922097,0.035772473419220754,0.07346367581523564,0.1173042721821185,0.1414779563197004,,,,,,,SRB00040
2017-07-30,4177.3,1.43,27.89,0.03074179718141976,0.06064195286384425,0.048081768924894755,0.15487658551104322,0.07156973093947429,0.035511073189566845,0.07348936291974051,0.11610305544311503,0.1399866000344585,,,,,,,SRB00040
2017-07-31,4445.31,0.56,28.92,0.03312891656613797,0.0642024704931741,0.05213566490484797,0.1553355487446335,0.07131557391972759,0.03524967295991293,0.07351505002424538,0.11490183870411154,0.13849524374921662,8.6,0.14,1.02934704,351.0,1.7,0.022,SRB00040
2017-08-01,4158.11,0.0,30.4,0.03551603595085619,0.06776298812250395,0.05618956088480119,0.1557945119782238,0.0710614168999809,0.034988272730259014,0.07354073712875026,0.11370062196510806,0.13700388746397477,,,,,,,SRB00040
2017-08-02,3766.04,0.0,30.93,0.0379031553355744,0.0713235057518338,0.0602434568647544,0.1562534752118141,0.0708072598802342,0.0347268725006051,0.07356642423325513,0.11249940522610458,0.13551253117873288,,,,,,,SRB00040
2017-08-03,3418.79,0.0,31.81,0.0425909392796025,0.0708658482664857,0.0489955329446027,0.134869862852049,0.0720662729081592,0.0370338952586672,0.07359211133776,0.1112981884871011,0.134021174893491,,,,,,,SRB00040
2017-08-04,3139.51,0.0,32.93,0.04192447627561644,0.07094597693007032,0.05147654100701621,0.13941441832277918,0.07338333535371132,0.037782862407736574,0.07405415121088098,0.11177160243397738,0.1343897745803013,,,,,,,SRB00040
2017-08-05,2909.72,0.0,33.18,0.04125801327163038,0.07102610559365494,0.05395754906942971,0.14395897379350936,0.07470039779926343,0.03853182955680594,0.07451619108400194,0.11224501638085366,0.13475837426711162,,,,,,,SRB00040
2017-08-06,2715.44,0.29,32.17,0.040591550267644314,0.07110623425723955,0.05643855713184322,0.14850352926423954,0.07601746024481554,0.03928079670587531,0.07497823095712292,0.11271843032772993,0.13512697395392193,,,,,,,SRB00040
2017-08-07,2575.32,5.98,23.24,0.03992508726365825,0.07118636292082417,0.05891956519425673,0.15304808473496972,0.07733452269036765,0.04002976385494468,0.07544027083024388,0.11319184427460623,0.13549557364073223,,,,,,,SRB00040
2017-08-08,2551.7,0.0,25.24,0.03925862425967219,0.0712664915844088,0.061400573256670234,0.1575926402056999,0.07865158513591977,0.040778731004014045,0.07590231070336485,0.1136652582214825,0.13586417332754255,,,,,,,SRB00040
2017-08-09,2734.27,0.0,30.89,0.038592161255686125,0.07134662024799342,0.06388158131908374,0.1621371956764301,0.07996864758147187,0.041527698153083416,0.07636435057648583,0.11413867216835878,0.13623277301435285,,,,,,,SRB00040
2017-08-10,3146.75,0.0,32.38,0.037925698251700064,0.07142674891157803,0.06636258938149724,0.16668175114716027,0.08128571002702399,0.04227666530215278,0.07682639044960679,0.11461208611523506,0.13660137270116315,,,,,,,SRB00040
2017-08-11,3426.68,0.0,31.46,0.037259235247714004,0.07150687757516265,0.06884359744391075,0.17122630661789046,0.08260277247257611,0.04302563245122215,0.07728843032272777,0.11508550006211134,0.13696997238797348,,,,,,,SRB00040
2017-08-12,3356.38,11.5,23.73,0.03786347074873746,0.07211328440774634,0.06892892282131012,0.166444207733684,0.07885748902649413,0.0406882728144701,0.07775047019584873,0.11555891400898761,0.13733857207478378,,,,,,,SRB00040
2017-08-13,3161.28,0.78,18.73,0.03846770624976092,0.07271969124033004,0.06901424819870951,0.16166210884947754,0.07511220558041216,0.03835091317771805,0.0782125100689697,0.11603232795586389,0.13770717176159408,,,,,,,SRB00040
2017-08-14,3103.56,0.0,22.43,0.03907194175078437,0.07332609807291372,0.06909957357610888,0.1568800099652711,0.07136692213433019,0.036013553540966,0.07867454994209068,0.11650574190274018,0.1380757714484044,,,,,,,SRB00040
2017-08-15,3302.7,0.0,24.66,0.03967617725180783,0.07393250490549742,0.06918489895350827,0.15209791108106466,0.06762163868824822,0.03367619390421395,0.07913658981521164,0.11697915584961646,0.1384443711352147,8.0,0.125,0.96839886,348.0,1.6,0.0183,SRB00040
2017-08-16,3514.6,0.0,25.87,0.040280412752831285,0.07453891173808111,0.06927022433090764,0.14731581219685821,0.06387635524216624,0.0313388342674619,0.07959862968833262,0.11745256979649274,0.13881297082202504,,,,,,,SRB00040
2017-08-17,3458.39,0.0,26.63,0.040884648253854745,0.07514531857066481,0.06935554970830703,0.14253371331265174,0.06013107179608427,0.02900147463070985,0.08006066956145358,0.11792598374336902,0.13918157050883534,,,,,,,SRB00040
2017-08-18,3257.37,0.0,28.04,0.0414888837548782,0.0757517254032485,0.0694408750857064,0.1377516144284453,0.0563857883500023,0.0266641149939578,0.08052270943457455,0.1183993976902453,0.13955017019564564,,,,,,,SRB00040
2017-08-19,3032.89,0.0,29.28,0.04333579721025134,0.07658530314260475,0.06813616074908439,0.1392923089502999,0.059077008042953676,0.0283786786115515,0.08098474930769553,0.11887281163712157,0.13991876988245597,,,,,,,SRB00040
2017-08-20,2836.92,9.4,20.22,0.04518271066562448,0.07741888088196101,0.0668314464124624,0.1408330034721545,0.061768227735905054,0.0300932422291452,0.08144678918081649,0.11934622558399786,0.14028736956926627,,,,,,,SRB00040
2017-08-21,2690.54,0.0,19.56,0.04702962412099762,0.07825245862131729,0.0655267320758404,0.14237369799400912,0.06445944742885644,0.031807805846738896,0.08190882905393747,0.11981963953087414,0.14065596925607657,,,,,,,SRB00040
2017-08-22,2647.5,0.0,19.48,0.04887653757637076,0.07908603636067355,0.0642220177392184,0.14391439251586371,0.06715066712180781,0.033522369464332596,0.08237086892705843,0.12029305347775042,0.1410245689428869,,,,,,,SRB00040
2017-08-23,2804.43,0.0,19.97,0.0507234510317439,0.0799196141000298,0.0629173034025964,0.1454550870377183,0.0698418868147592,0.0352369330819263,0.0828329088001794,0.1207664674246267,0.1413931686296972,,,,,,,SRB00040
2017-08-24,3168.57,0.0,22.87,0.048638630569395866,0.0799026251430714,0.06419297694917789,0.14804186445155063,0.07038838614336906,0.035270905612080385,0.08345509793450849,0.12201766549679467,0.1428048123314315,,,,,,,SRB00040
2017-08-25,3356.38,0.0,26.38,0.04655381010704782,0.079885636186113,0.06546865049575937,0.15062864186538294,0.07093488547197893,0.03530487814223447,0.08407728706883756,0.12326886356896266,0.14421645603316582,,,,,,,SRB00040
2017-08-26,3234.94,0.0,28.16,0.04446898964469978,0.0798686472291546,0.06674432404234086,0.15321541927921528,0.07148138480058878,0.03533885067238856,0.08469947620316665,0.12452006164113064,0.14562809973490012,,,,,,,SRB00040
2017-08-27,2998.16,0.23,28.75,0.042384169182351744,0.0798516582721962,0.06801999758892235,0.1558021966930476,0.07202788412919865,0.03537282320254265,0.08532166533749572,0.1257712597132986,0.14703974343663445,,,,,,,SRB00040
2017-08-28,2772.32,0.98,25.34,0.04298350295925205,0.07964417220502629,0.0670772486564792,0.1561692499437947,0.07519988001185846,0.0378089247589368,0.0859438544718248,0.12702245778546659,0.14845138713836875,,,,,,,SRB00040
2017-08-29,2581.26,0.01,22.35,0.04358283673615236,0.07943668613785637,0.06613449972403604,0.1565363031945418,0.07837187589451827,0.040245026315330966,0.08656604360615389,0.12827365585763456,0.14986303084010305,,,,,,,SRB00040
2017-08-30,2425.61,0.0,22.66,0.044182170513052677,0.07922920007068646,0.06519175079159288,0.15690335644528888,0.08154387177717808,0.04268112787172512,0.08718823274048296,0.12952485392980256,0.15127467454183738,,,,,,,SRB00040
2017-08-31,2321.74,0.01,25.4,0.044781504289952985,0.07902171400351653,0.06424900185914972,0.157270409696036,0.08471586765983788,0.04511722942811928,0.08781042187481204,0.13077605200197054,0.15268631824357168,,,,,,,SRB00040
2017-09-01,2268.86,0.21,25.6,0.04538083806685329,0.07881422793634661,0.06330625292670657,0.1576374629467831,0.0878878635424977,0.04755333098451344,0.08843261100914111,0.1320272500741385,0.154097961945306,,,,,,,SRB00040
2017-09-02,2279.34,13.42,22.44,0.0459801718437536,0.0786067418691767,0.0623635039942634,0.1580045161975302,0.0910598594251575,0.0499894325409076,0.0890548001434702,0.1332784481463065,0.1555096056470403,,,,,,,SRB00040
2017-09-03,2327.09,5.25,16.66,0.051595950886585064,0.0830845518058566,0.06689910059326623,0.16199018945073757,0.09537005648619967,0.05502381131143259,0.09321195759058017,0.13711581370967393,0.15905846677823382,,,,,,,SRB00040
2017-09-04,2408.91,0.08,17.32,0.05721172992941652,0.0875623617425365,0.07143469719226907,0.16597586270394493,0.09968025354724183,0.06005819008195758,0.09736911503769013,0.1409531792730414,0.16260732790942733,,,,,,,SRB00040
2017-09-05,2778.71,0.01,17.75,0.06282750897224798,0.0920401716792164,0.0759702937912719,0.1699615359571523,0.103990450608284,0.06509256885248257,0.1015262724848001,0.14479054483640885,0.16615618904062082,,,,,,,SRB00040
2017-09-06,3714.35,0.0,20.45,0.06844328801507944,0.0965179816158963,0.08050589039027474,0.17394720921035967,0.10830064766932618,0.07012694762300756,0.10568342993191007,0.1486279103997763,0.16970505017181434,,,,,,,SRB00040
2017-09-07,4284.48,1.38,18.21,0.0740590670579109,0.1009957915525762,0.08504148698927758,0.17793288246356703,0.11261084473036835,0.07516132639353254,0.10984058737902005,0.15246527596314377,0.17325391130300785,,,,,,,SRB00040
2017-09-08,4148.54,0.59,16.92,0.07967484610074235,0.1054736014892561,0.08957708358828041,0.18191855571677443,0.11692104179141052,0.08019570516405754,0.11399774482613002,0.15630264152651122,0.17680277243420137,,,,,,,SRB00040
2017-09-09,3818.44,0.04,20.54,0.08529062514357381,0.109951411425936,0.09411268018728325,0.1859042289699818,0.12123123885245268,0.08523008393458253,0.11815490227323999,0.16014000708987866,0.18035163356539488,,,,,,,SRB00040
2017-09-10,3514.6,0.0,23.27,0.09090640418640528,0.11442922136261591,0.09864827678628607,0.18988990222318916,0.12554143591349487,0.09026446270510752,0.12231205972034996,0.16397737265324613,0.18390049469658837,,,,,,,SRB00040
2017-09-11,3272.41,6.72,24.67,0.09652218322923674,0.1189070312992958,0.10318387338528891,0.19387557547639653,0.12985163297453703,0.0952988414756325,0.12646921716745993,0.16781473821661358,0.18744935582778188,8.0,0.09,1.10835394,349.0,1.3,0.0044,SRB00040
2017-09-12,3068.02,1.03,18.94,0.1021379622720682,0.1233848412359757,0.10771946998429174,0.1978612487296039,0.1341618300355792,0.1003332202461575,0.1306263746145699,0.17165210377998102,0.1909982169589754,,,,,,,SRB00040
2017-09-13,2923.15,0.54,18.6,0.10775374131489965,0.1278626511726556,0.11225506658329458,0.20184692198281126,0.13847202709662138,0.1053675990166825,0.13478353206167987,0.1754894693433485,0.1945470780901689,,,,,,,SRB00040
2017-09-14,2950.21,0.0,22.14,0.11336952035773111,0.1323404611093355,0.11679066318229742,0.20583259523601863,0.14278222415766353,0.11040197778720748,0.13894068950878985,0.17932683490671594,0.19809593922136243,,,,,,,SRB00040
2017-09-15,3227.49,0.01,17.96,0.11898529940056257,0.1368182710460154,0.12132625978130025,0.209818268489226,0.1470924212187057,0.11543635655773246,0.1430978469558998,0.1831642004700834,0.20164480035255591,,,,,,,SRB00040
2017-09-16,3522.71,0.15,21.8,0.12460107844339403,0.1412960809826953,0.1258618563803031,0.21380394174243336,0.15140261827974788,0.12047073532825746,0.1472550044030098,0.18700156603345086,0.20519366148374943,,,,,,,SRB00040
2017-09-17,3621.43,9.77,20.03,0.1302168574862255,0.1457738909193752,0.1303974529793059,0.21778961499564073,0.15571281534079004,0.12550511409878246,0.15141216185011974,0.1908389315968183,0.20874252261494294,,,,,,,SRB00040
2017-09-18,3621.43,0.0,17.1,0.13583263652905694,0.1502517008560551,0.13493304957830876,0.22177528824884812,0.1600230124018322,0.13053949286930744,0.15556931929722972,0.19467629716018575,0.21229138374613646,,,,,,,SRB00040
2017-09-19,3680.29,4.26,18.13,0.14144841557188842,0.154729510792735,0.13946864617731158,0.2257609615020555,0.16433320946287439,0.13557387163983242,0.1597264767443397,0.19851366272355322,0.21584024487732997,,,,,,,SRB00040
2017-09-20,3800.89,14.65,13.81,0.14706419461471987,0.1592073207294149,0.14400424277631443,0.22974663475526286,0.16864340652391654,0.1406082504103574,0.16388363419144966,0.20235102828692067,0.21938910600852346,,,,,,,SRB00040
2017-09-21,4026.17,7.19,12.78,0.15267997365755132,0.1636851306660948,0.14853983937531726,0.23373230800847022,0.17295360358495873,0.14564262918088242,0.16804079163855964,0.20618839385028814,0.22293796713971697,,,,,,,SRB00040
2017-09-22,4254.98,0.43,14.63,0.1582957527003828,0.1681629406027747,0.1530754359743201,0.2377179812616776,0.1772638006460009,0.1506770079514074,0.1721979490856696,0.2100257594136556,0.2264868282709105,,,,,,,SRB00040
2017-09-23,4455.56,0.04,14.81,0.13851892341614727,0.1522355064665542,0.13798912835443264,0.21899508893498487,0.15838445275070093,0.13099066194713657,0.16260794427164077,0.19914326996023324,0.2153203618344995,,,,,,,SRB00040
2017-09-24,4644.15,0.34,14.97,0.11874209413191172,0.13630807233033373,0.12290282073454517,0.20027219660829215,0.13950510485540096,0.11130431594286574,0.15301793945761194,0.18826078050681086,0.20415389539808854,,,,,,,SRB00040
2017-09-25,4644.15,0.79,14.19,0.0989652648476762,0.12038063819411325,0.1078165131146577,0.18154930428159943,0.12062575696010099,0.0916179699385949,0.1434279346435831,0.1773782910533885,0.19298742896167756,,,,,,,SRB00040
2017-09-26,4465.84,0.48,17.64,0.07918843556344067,0.10445320405789277,0.09273020549477023,0.1628264119549067,0.10174640906480102,0.07193162393432408,0.13383792982955428,0.16649580159996616,0.18182096252526658,,,,,,,SRB00040
2017-09-27,4177.3,0.03,16.18,0.05941160627920514,0.08852576992167228,0.07764389787488277,0.14410351962821402,0.08286706116950106,0.05224527793005325,0.12424792501552545,0.15561331214654378,0.17065449608885558,,,,,,,SRB00040
2017-09-28,3889.45,0.0,14.36,0.0396347769949696,0.0725983357854518,0.0625575902549953,0.1253806273015213,0.0639877132742011,0.0325589319257824,0.11465792020149662,0.14473082269312143,0.1594880296524446,,,,,,,SRB00040
2017-09-29,3621.43,0.0,13.36,0.0438152449403008,0.07418787327861612,0.06268613292812478,0.12461722155229113,0.0648976844793534,0.033358573789044325,0.10506791538746779,0.13384833323969908,0.14832156321603363,,,,,,,SRB00040
2017-09-30,3387.44,0.0,11.95,0.047995712885632,0.07577741077178045,0.06281467560125426,0.12385381580306096,0.0658076556845057,0.03415821565230625,0.09547791057343896,0.12296584378627672,0.13715509677962265,,,,,,,SRB00040
2017-10-01,3190.54,0.0,11.86,0.052176180830963204,0.07736694826494478,0.06294321827438372,0.12309041005383077,0.06671762688965799,0.03495785751556817,0.08588790575941013,0.11208335433285435,0.12598863034321167,,,,,,,SRB00040
2017-10-02,3005.08,0.0,13.01,0.0563566487762944,0.0789564857581091,0.0630717609475132,0.1223270043046006,0.0676275980948103,0.0357574993788301,0.0762979009453813,0.101200864879432,0.1148221639068007,,,,,,,SRB00040
2017-10-03,2843.46,3.16,15.8,0.0551230081673873,0.07763196113009692,0.06148263188935338,0.11997188787185716,0.0676218687757733,0.03583964888349685,0.07478221456724488,0.09912655281550359,0.11259123270742102,,,,,,,SRB00040
2017-10-04,2696.74,0.05,15.21,0.0538893675584802,0.07630743650208474,0.05989350283119356,0.11761677143911371,0.0676161394567363,0.035921798388163596,0.07326652818910846,0.09705224075157516,0.11036030150804135,,,,,,,SRB00040
2017-10-05,2587.21,0.01,17.62,0.0526557269495731,0.07498291187407255,0.05830437377303374,0.11526165500637028,0.06761041013769929,0.036003947892830346,0.07175084181097205,0.09497792868764673,0.10812937030866168,,,,,,,SRB00040
2017-10-06,2551.7,5.96,13.06,0.051422086340666,0.07365838724606037,0.05671524471487392,0.11290653857362684,0.06760468081866229,0.036086097397497095,0.07023515543283562,0.09290361662371832,0.10589843910928201,,,,,,,SRB00040
2017-10-07,2605.15,0.02,11.3,0.0501884457317589,0.0723338626180482,0.0551261156567141,0.1105514221408834,0.06759895149962529,0.036168246902163845,0.0687194690546992,0.09082930455978991,0.10366750790990234,,,,,,,SRB00040
2017-10-08,2765.94,0.06,10.86,0.048954805122851795,0.07100933799003602,0.05353698659855428,0.10819630570813996,0.0675932221805883,0.0362503964068306,0.06720378267656278,0.08875499249586148,0.10143657671052268,,,,,,,SRB00040
2017-10-09,2929.89,0.16,12.08,0.047721164513944696,0.06968481336202384,0.05194785754039446,0.10584118927539651,0.0675874928615513,0.03633254591149735,0.06568809629842637,0.08668068043193305,0.09920564551114301,,,,,,,SRB00040
2017-10-10,3025.91,2.03,12.37,0.046487523905037596,0.06836028873401165,0.05035872848223464,0.10348607284265307,0.0675817635425143,0.0364146954161641,0.06417240992028994,0.08460636836800464,0.09697471431176334,9.6,0.056,1.25959572,387.0,1.0,,SRB00040
2017-10-11,3082.19,0.0,14.21,0.0452538832961305,0.06703576410599947,0.04876959942407482,0.10113095640990964,0.0675760342234773,0.03649684492083085,0.06265672354215351,0.08253205630407623,0.09474378311238367,,,,,,,SRB00040
2017-10-12,3117.89,0.0,15.08,0.0440202426872234,0.0657112394779873,0.047180470365915,0.0987758399771662,0.0675703049044403,0.0365789944254976,0.0611410371640171,0.0804577442401478,0.092512851913004,,,,,,,SRB00040
2017-10-13,3154.01,0.0,15.76,0.04346472435865308,0.06533085394838782,0.04735950054196102,0.09857756335404554,0.06790066307167865,0.03691763587436812,0.061124803953147816,0.08011198456892724,0.09198824219329205,,,,,,,SRB00040
2017-10-14,3161.28,0.0,14.15,0.04290920603008276,0.06495046841878835,0.047538530718007024,0.09837928673092487,0.068231021238917,0.037256277323238635,0.06110857074227853,0.07976622489770666,0.09146363247358011,,,,,,,SRB00040
2017-10-15,3082.19,0.0,15.67,0.042353687701512446,0.06457008288918889,0.04771756089405303,0.09818101010780421,0.06856137940615534,0.03759491877210916,0.061092337531409246,0.07942046522648609,0.09093902275386817,,,,,,,SRB00040
2017-10-16,2929.89,0.0,17.82,0.04179816937294213,0.06418969735958942,0.04789659107009905,0.09798273348468356,0.06889173757339369,0.03793356022097968,0.06107610432053996,0.07907470555526552,0.09041441303415622,,,,,,,SRB00040
2017-10-17,2746.89,0.0,18.28,0.04124265104437182,0.06380931182998995,0.04807562124614506,0.0977844568615629,0.06922209574063204,0.038272201669850195,0.06105987110967068,0.07872894588404494,0.08988980331444427,,,,,,,SRB00040
2017-10-18,2575.32,0.0,17.82,0.040687132715801495,0.06342892630039047,0.04825465142219107,0.09758618023844223,0.06955245390787039,0.03861084311872071,0.06104363789880139,0.07838318621282438,0.08936519359473233,,,,,,,SRB00040
2017-10-19,2420.03,0.0,16.18,0.04013161438723118,0.06304854077079101,0.04843368159823708,0.09738790361532157,0.06988281207510873,0.03894948456759124,0.06102740468793211,0.07803742654160381,0.08884058387502039,,,,,,,SRB00040
2017-10-20,2284.6,0.0,16.83,0.039576096058660866,0.06266815524119154,0.04861271177428309,0.0971896269922009,0.07021317024234708,0.039288126016461755,0.06101117147706282,0.07769166687038324,0.08831597415530844,,,,,,,SRB00040
2017-10-21,2166.7,0.0,14.22,0.039020577730090544,0.06228776971159207,0.04879174195032911,0.09699135036908024,0.07054352840958543,0.03962676746533227,0.06099493826619354,0.07734590719916266,0.08779136443559649,,,,,,,SRB00040
2017-10-22,2073.91,12.39,14.38,0.03846505940152023,0.0619073841819926,0.048970772126375114,0.09679307374595959,0.07087388657682378,0.03996540891420279,0.06097870505532425,0.0770001475279421,0.08726675471588455,,,,,,,SRB00040
2017-10-23,2017.37,14.13,9.66,0.037909541072949915,0.06152699865239313,0.04914980230242112,0.09659479712283893,0.07120424474406213,0.04030405036307331,0.06096247184445496,0.07665438785672153,0.08674214499617261,,,,,,,SRB00040
2017-10-24,2022.02,7.05,10.53,0.0373540227443796,0.06114661312279366,0.04932883247846714,0.09639652049971827,0.07153460291130047,0.04064269181194383,0.06094623863358568,0.07630862818550095,0.08621753527646066,,,,,,,SRB00040
2017-10-25,2078.7,0.06,9.17,0.03679850441580928,0.060766227593194194,0.04950786265451315,0.0961982438765976,0.07186496107853882,0.04098133326081435,0.06093000542271639,0.07596286851428039,0.0856929255567487,,,,,,,SRB00040
2017-10-26,2151.78,0.0,11.16,0.036242986087238964,0.06038584206359472,0.04968689283055916,0.09599996725347694,0.07219531924577717,0.04131997470968487,0.06091377221184711,0.07561710884305982,0.08516831583703677,,,,,,,SRB00040
2017-10-27,2201.93,3.0,11.75,0.03568746775866865,0.060005456533995256,0.04986592300660517,0.09580169063035628,0.07252567741301552,0.04165861615855539,0.06089753900097782,0.07527134917183924,0.08464370611732483,,,,,,,SRB00040
2017-10-28,2305.75,0.05,9.79,0.03513194943009833,0.059625071004395784,0.05004495318265118,0.09560341400723563,0.07285603558025386,0.04199725760742591,0.06088130579010854,0.07492558950061867,0.08411909639761288,,,,,,,SRB00040
2017-10-29,2459.37,4.21,10.33,0.03457643110152801,0.05924468547479632,0.0502239833586972,0.09540513738411496,0.07318639374749221,0.04233589905629643,0.06086507257923925,0.0745798298293981,0.08359448667790093,,,,,,,SRB00040
2017-10-30,2528.3,0.02,7.25,0.0340209127729577,0.058864299945196846,0.050403013534743205,0.0952068607609943,0.07351675191473056,0.04267454050516695,0.06084883936836997,0.07423407015817754,0.08306987695818899,,,,,,,SRB00040
2017-10-31,2539.97,0.0,5.32,0.03513703390853045,0.05882023688068992,0.049560230184703805,0.0928821982882478,0.07416748546968649,0.04338233092188412,0.060832606157500684,0.07388831048695696,0.08254526723847705,,,,,,,SRB00040
2017-11-01,2690.54,0.0,6.6,0.0362531550441032,0.058776173816183,0.0487174468346644,0.0905575358155013,0.0748182190246424,0.0440901213386013,0.0608163729466314,0.0735425508157364,0.0820206575187651,,,,,,,SRB00040
2017-11-02,3018.95,0.0,9.54,0.03850025043094878,0.06393014463766523,0.05481261828638314,0.09781068307074768,0.08026180016790378,0.048869909801409026,0.05890352244628872,0.0713657967059929,0.07959812032869824,,,,,,,SRB00040
2017-11-03,3257.37,0.83,10.53,0.040747345817794364,0.06908411545914747,0.060907789738101875,0.10506383032599406,0.08570538131116516,0.05364969826421674,0.056990671945946036,0.06918904259624942,0.07717558313863138,,,,,,,SRB00040
2017-11-04,3220.07,0.0,7.71,0.04299444120463994,0.07423808628062972,0.06700296118982062,0.11231697758124043,0.09114896245442654,0.058429486727024464,0.05507782144560336,0.06701228848650592,0.07475304594856452,,,,,,,SRB00040
2017-11-05,3005.08,0.01,8.26,0.04524153659148552,0.07939205710211196,0.07309813264153936,0.11957012483648681,0.09659254359768792,0.06320927518983219,0.05316497094526068,0.06483553437676244,0.07233050875849766,,,,,,,SRB00040
2017-11-06,2785.12,0.0,8.79,0.0474886319783311,0.0845460279235942,0.0791933040932581,0.1268232720917332,0.1020361247409493,0.0679890636526399,0.051252120444917997,0.06265878026701895,0.0699079715684308,,,,,,,SRB00040
2017-11-07,2617.18,0.04,10.02,0.041677681849151,0.0737424385019,0.06945666290307038,0.11417911754575294,0.09359936691281323,0.06166977280734352,0.04933926994457532,0.06048202615727546,0.06748543437836393,,,,,,,SRB00040
2017-11-08,2505.11,0.18,8.91,0.0358667317199709,0.0629388490802058,0.05972002171288266,0.10153496299977267,0.08516260908467718,0.05535048196204714,0.04742641944423264,0.05830527204753197,0.06506289718829708,,,,,,,SRB00040
2017-11-09,2482.13,0.02,9.09,0.0300557815907908,0.052135259658511596,0.04998338052269494,0.08889080845379242,0.07672585125654112,0.04903119111675076,0.04551356894388996,0.056128517937788475,0.06264035999823023,,,,,,,SRB00040
2017-11-10,2629.27,0.05,8.66,0.0242448314616107,0.0413316702368174,0.04024673933250722,0.07624665390781216,0.06828909342840506,0.04271190027145438,0.04360071844354728,0.05395176382804499,0.06021782280816336,,,,,,,SRB00040
2017-11-11,2869.78,0.01,8.49,0.0184338813324306,0.0305280808151232,0.0305100981423195,0.0636024993618319,0.059852335600269,0.036392609426158,0.0416878679432046,0.0517750097183015,0.0577952856180965,,,,,,,SRB00040
2017-11-12,2950.21,0.05,10.53,0.01871343885803788,0.031281207283574676,0.031130164498874412,0.06355615074289991,0.05975138547691185,0.03632132068229453,0.04205365001412625,0.05157867962991535,0.05757497815884366,,,,,,,SRB00040
2017-11-13,2843.46,8.63,8.81,0.01899299638364516,0.032034333752026155,0.03175023085542932,0.06350980212396794,0.059650435353554694,0.03625003193843106,0.04241943208504789,0.05138234954152921,0.05735467069959082,,,,,,,SRB00040
2017-11-14,2702.96,6.76,5.31,0.01927255390925244,0.032787460220477634,0.032370297211984235,0.06346345350503595,0.05954948523019754,0.03617874319456759,0.04278521415596954,0.051186019453143064,0.05713436324033798,,,,,,,SRB00040
2017-11-15,2665.86,2.06,3.83,0.019552111434859718,0.03354058668892911,0.03299036356853915,0.06341710488610397,0.059448535106840394,0.03610745445070412,0.04315099622689118,0.05098968936475692,0.05691405578108514,,,,,,,SRB00040
2017-11-16,2889.68,1.3,6.01,0.019831668960466998,0.03429371315738059,0.03361042992509406,0.06337075626717198,0.05934758498348324,0.03603616570684065,0.04351677829781282,0.05079335927637078,0.0566937483218323,,,,,,,SRB00040
2017-11-17,3310.31,0.36,6.88,0.02011122648607428,0.03504683962583206,0.034230496281648974,0.06332440764823999,0.05924663486012609,0.03596487696297718,0.04388256036873447,0.05059702918798463,0.05647344086257946,,,,,,,SRB00040
2017-11-18,3458.39,0.27,4.88,0.02039078401168156,0.03579996609428354,0.03485056263820389,0.06327805902930801,0.059145684736768935,0.03589358821911371,0.04424834243965611,0.05040069909959848,0.05625313340332662,,,,,,,SRB00040
2017-11-19,3310.31,0.07,2.63,0.02067034153728884,0.03655309256273502,0.0354706289947588,0.06323171041037602,0.05904473461341178,0.03582229947525024,0.04461412451057776,0.050204369011212335,0.05603282594407378,,,,,,,SRB00040
2017-11-20,3096.42,0.09,2.8,0.02094989906289612,0.0373062190311865,0.03609069535131371,0.06318536179144404,0.05894378449005463,0.03575101073138677,0.044979906581499404,0.050008038922826195,0.05581251848482094,,,,,,,SRB00040
2017-11-21,2903.02,0.07,4.58,0.0212294565885034,0.03805934549963798,0.036710761707868626,0.06313901317251205,0.05884283436669748,0.035679721987523304,0.04534568865242105,0.04981170883444005,0.0555922110255681,,,,,,,SRB00040
2017-11-22,2734.27,0.01,8.73,0.02150901411411068,0.03881247196808946,0.03733082806442354,0.06309266455358006,0.05874188424334033,0.03560843324365983,0.045711470723342695,0.0496153787460539,0.05537190356631526,11.4,0.07,1.62979948,392.0,1.2,,SRB00040
2017-11-23,2587.21,0.0,8.72,0.02178857163971796,0.03956559843654093,0.03795089442097845,0.06304631593464809,0.058640934119983175,0.035537144499796364,0.04607725279426434,0.04941904865766776,0.05515159610706242,,,,,,,SRB00040
2017-11-24,2510.89,0.0,6.96,0.02206812916532524,0.04031872490499241,0.03857096077753336,0.0629999673157161,0.05853998399662602,0.03546585575593289,0.046443034865185986,0.049222718569281614,0.05493128864780958,,,,,,,SRB00040
2017-11-25,2510.89,0.33,8.18,0.022347686690932518,0.041071851373443886,0.03919102713408827,0.06295361869678412,0.05843903387326887,0.035394567012069424,0.04680881693610763,0.049026388480895466,0.05471098118855674,,,,,,,SRB00040
2017-11-26,2581.26,14.47,5.8,0.022627244216539798,0.041824977841895365,0.039811093490643185,0.06290727007785213,0.058338083749911715,0.03532327826820595,0.04717459900702927,0.048830058392509326,0.0544906737293039,,,,,,,SRB00040
2017-11-27,2635.33,0.54,2.08,0.022906801742147077,0.042578104310346844,0.0404311598471981,0.06286092145892014,0.05823713362655456,0.035251989524342484,0.047540381077950916,0.04863372830412318,0.05427036627005106,,,,,,,SRB00040
2017-11-28,2629.27,0.01,0.33,0.02318635926775436,0.04333123077879832,0.04105122620375301,0.06281457283998816,0.058136183503197415,0.03518070078047901,0.04790616314887256,0.04843739821573703,0.05405005881079822,,,,,,,SRB00040
2017-11-29,2593.18,0.72,3.46,0.02346591679336164,0.044084357247249795,0.041671292560307924,0.06276822422105617,0.05803523337984026,0.035109412036615543,0.04827194521979421,0.048241068127350885,0.05382975135154538,,,,,,,SRB00040
2017-11-30,2557.59,8.06,4.22,0.02374547431896892,0.04483748371570127,0.04229135891686284,0.0627218756021242,0.05793428325648311,0.03503812329275207,0.04863772729071585,0.048044738038964745,0.05360944389229254,,,,,,,SRB00040
2017-12-01,2516.68,0.9,2.56,0.0240250318445762,0.04559061018415275,0.04291142527341775,0.0626755269831922,0.057833333133125955,0.0349668345488886,0.0490035093616375,0.0478484079505786,0.0533891364330397,,,,,,,SRB00040
2017-12-02,2499.35,1.21,0.74,0.023777492499974812,0.04510670997419043,0.042301230175965626,0.06231736547554416,0.05882039304019676,0.03569972135758229,0.04919395762115844,0.04770483948358678,0.05320984076500112,,,,,,,SRB00040
2017-12-03,2482.13,6.73,-0.75,0.02352995315537343,0.04462280976422811,0.04169103507851351,0.061959203967896115,0.05980745294726757,0.03643260816627598,0.049384405880679376,0.04756127101659496,0.05303054509696254,,,,,,,SRB00040
2017-12-04,2442.43,0.46,-1.48,0.02328241381077204,0.04413890955426579,0.041080839981061386,0.06160104246024807,0.06079451285433837,0.03716549497496966,0.04957485414020032,0.04741770254960314,0.05285124942892396,,,,,,,SRB00040
2017-12-05,2375.84,0.77,1.07,0.023034874466170658,0.04365500934430346,0.04047064488360926,0.06124288095260003,0.06178157276140918,0.037898381783663344,0.04976530239972126,0.047274134082611316,0.05267195376088538,,,,,,,SRB00040
2017-12-06,2284.6,0.0,2.6,0.02278733512156927,0.04317110913434114,0.03986044978615714,0.06088471944495199,0.06276863266847998,0.03863126859235703,0.049955750659242196,0.0471305656156195,0.05249265809284681,,,,,,,SRB00040
2017-12-07,2181.73,0.02,1.37,0.022539795776967887,0.04268720892437882,0.03925025468870502,0.060526557937303944,0.06375569257555079,0.03936415540105072,0.05014619891876314,0.046986997148627675,0.05231336242480823,,,,,,,SRB00040
2017-12-08,2088.3,1.85,5.51,0.0222922564323665,0.0422033087144165,0.0386400595912529,0.0601683964296559,0.0647427524826216,0.0400970422097444,0.05033664717828408,0.04684342868163586,0.052134066756769654,,,,,,,SRB00040
2017-12-09,2031.36,8.49,3.14,0.02250035536146904,0.042784632250267095,0.039139404358770113,0.059736363122455206,0.06442983658745223,0.039892408614195365,0.050527095437805015,0.046699860214644034,0.051954771088731075,,,,,,,SRB00040
2017-12-10,2031.36,0.15,-0.47,0.022708454290571577,0.04336595578611769,0.039638749126287336,0.05930432981525451,0.06411692069228288,0.03968777501864633,0.05071754369732596,0.04655629174765222,0.051775475420692496,,,,,,,SRB00040
2017-12-11,2073.91,0.01,7.16,0.02291655321967411,0.043947279321968284,0.04013809389380456,0.05887229650805382,0.06380400479711351,0.039483141423097286,0.0509079919568469,0.0464127232806604,0.05159617975265392,,,,,,,SRB00040
2017-12-12,2093.11,0.08,10.92,0.02312465214877665,0.04452860285781887,0.04063743866132177,0.058440263200853125,0.06349108890194415,0.03927850782754825,0.051098440216367835,0.04626915481366858,0.05141688408461534,11.9,0.076,1.97968718,447.0,1.6,,SRB00040
2017-12-13,2059.63,6.2,3.2,0.023332751077879188,0.04510992639366947,0.04113678342883899,0.05800822989365243,0.06317817300677478,0.03907387423199921,0.05128888847588878,0.04612558634667676,0.05123758841657676,,,,,,,SRB00040
2017-12-14,2022.02,1.06,4.73,0.023540850006981723,0.04569124992952006,0.04163612819635621,0.05757619658645174,0.06286525711160543,0.03886924063645018,0.05147933673540972,0.045982017879684936,0.05105829274853819,,,,,,,SRB00040
2017-12-15,2064.38,12.9,8.45,0.02374894893608426,0.046272573465370656,0.04213547296387343,0.057144163279251044,0.06255234121643606,0.03866460704090114,0.05166978499493066,0.04583844941269312,0.05087899708049961,,,,,,,SRB00040
2017-12-16,2232.57,4.9,3.7,0.0239570478651868,0.04685389700122125,0.04263481773139065,0.05671212997205035,0.062239425321266695,0.0384599734453521,0.0518602332544516,0.045694880945701295,0.05069970141246103,,,,,,,SRB00040
2017-12-17,2499.35,0.04,1.21,0.024165146794289338,0.047435220537071845,0.04313416249890786,0.056280096664849656,0.061926509426097336,0.03825533984980306,0.05205068151397254,0.04555131247870948,0.05052040574442245,,,,,,,SRB00040
2017-12-18,2702.96,0.03,-0.7,0.024373245723391876,0.04801654407292244,0.043633507266425085,0.05584806335764896,0.061613593530927976,0.038050706254254024,0.05224112977349348,0.045407744011717655,0.05034111007638387,,,,,,,SRB00040
2017-12-19,2709.19,0.0,-1.81,0.02458134465249441,0.048597867608773035,0.04413285203394231,0.05541603005044827,0.06130067763575861,0.03784607265870499,0.05243157803301442,0.04526417554472584,0.050161814408345294,,,,,,,SRB00040
2017-12-20,2599.16,0.01,-2.26,0.02478944358159695,0.04917919114462363,0.04463219680145952,0.054983996743247575,0.06098776174058925,0.03764143906315595,0.05262202629253536,0.04512060707773402,0.049982518740306715,,,,,,,SRB00040
2017-12-21,2470.72,0.11,-1.37,0.024997542510699487,0.04976051468047422,0.04513154156897674,0.05455196343604688,0.060674845845419885,0.037436805467606915,0.0528124745520563,0.0449770386107422,0.04980322307226814,,,,,,,SRB00040
2017-12-22,2343.23,0.66,0.28,0.025205641439802022,0.05034183821632481,0.04563088633649396,0.05411993012884619,0.060361929950250526,0.03723217187205787,0.05300292281157724,0.04483347014375038,0.049623927404229565,,,,,,,SRB00040
2017-12-23,2217.2,0.12,1.02,0.02541374036890456,0.05092316175217541,0.04613023110401118,0.053687896821645494,0.06004901405508116,0.037027538276508835,0.05319337107109818,0.044689901676758556,0.049444631736190986,,,,,,,SRB00040
2017-12-24,2093.11,0.29,4.03,0.0256218392980071,0.051504485288026,0.0466295758715284,0.0532558635144448,0.0597360981599118,0.0368229046809598,0.05338381933061912,0.04454633320976674,0.04926533606815241,,,,,,,SRB00040
2017-12-25,1998.86,0.01,3.36,0.02616462591262316,0.05203234495934248,0.047438426579697254,0.053226152319037615,0.059208007496260706,0.03659338322071472,0.05357426759014006,0.044402764742774915,0.04908604040011383,,,,,,,SRB00040
2017-12-26,1975.97,0.0,4.21,0.026707412527239224,0.05256020463065896,0.04824727728786612,0.05319644112363043,0.05867991683260961,0.036363861760469636,0.053764715849661,0.0442591962757831,0.04890674473207525,,,,,,,SRB00040
2017-12-27,2097.94,0.0,6.78,0.027250199141855284,0.05308806430197544,0.049056127996034975,0.053166729928223244,0.05815182616895851,0.03613434030022456,0.05395516410918194,0.04411562780879128,0.04872744906403667,,,,,,,SRB00040
2017-12-28,2316.39,1.41,7.63,0.027792985756471347,0.05361592397329192,0.04986497870420384,0.053137018732816066,0.057623735505307416,0.03590481883997948,0.054145612368702876,0.04397205934179946,0.04854815339599809,,,,,,,SRB00040
2017-12-29,2442.43,0.36,1.27,0.02833577237108741,0.0541437836446084,0.050673829412372695,0.05310730753740888,0.05709564484165632,0.0356752973797344,0.05433606062822382,0.04382849087480764,0.04836885772795951,,,,,,,SRB00040
2017-12-30,2448.06,0.0,-0.53,0.02887855898570347,0.05467164331592488,0.05148268012054156,0.053077596342001696,0.05656755417800523,0.03544577591948932,0.05452650888774476,0.04368492240781582,0.04818956205992094,,,,,,,SRB00040
2017-12-31,2425.61,0.13,2.91,0.02942134560031953,0.05519950298724136,0.052291530828710416,0.05304788514659451,0.056039463514354126,0.03521625445924424,0.054716957147265696,0.043541353940824,0.04801026639188236,,,,,,,SRB00040
2018-01-01,2420.03,0.11,4.42,0.029964132214935595,0.05572736265855784,0.05310038153687928,0.053018173951187325,0.05551137285070303,0.03498673299899916,0.05490740540678664,0.043397785473832176,0.047830970723843784,,,,,,,SRB00040
2018-01-02,2414.46,12.35,3.78,0.030506918829551657,0.05625522232987432,0.053909232245048136,0.05298846275578014,0.05498328218705194,0.03475721153875408,0.05509785366630758,0.04325421700684036,0.047651675055805205,,,,,,,SRB00040
2018-01-03,2408.91,1.19,3.11,0.03104970544416772,0.0567830820011908,0.054718082953217,0.05295875156037296,0.054455191523400844,0.034527690078509,0.055288301925828516,0.043110648539848535,0.047472379387766626,,,,,,,SRB00040
2018-01-04,2453.71,0.12,3.67,0.03159249205878378,0.057310941672507276,0.055526933661385856,0.052929040364965776,0.05392710085974974,0.03429816861826392,0.05547875018534946,0.04296708007285672,0.04729308371972805,,,,,,,SRB00040
2018-01-05,2599.16,1.04,7.62,0.03213527867339984,0.057838801343823756,0.05633578436955472,0.05289932916955859,0.05339901019609865,0.03406864715801884,0.0556691984448704,0.0428235116058649,0.04711378805168947,,,,,,,SRB00040
2018-01-06,2772.32,0.0,7.96,0.0326780652880159,0.058366661015140237,0.05714463507772358,0.052869617974151406,0.052870919532447554,0.03383912569777376,0.055859646704391336,0.04267994313887308,0.04693449238365089,,,,,,,SRB00040
2018-01-07,2936.65,0.0,9.9,0.033220851902631965,0.05889452068645672,0.05795348578589244,0.05283990677874422,0.05234282886879646,0.03360960423752868,0.05605009496391228,0.04253637467188126,0.04675519671561231,,,,,,,SRB00040
2018-01-08,3302.7,0.0,8.89,0.03376363851724803,0.0594223803577732,0.0587623364940613,0.052810195583337036,0.05181473820514536,0.033380082777283604,0.05624054322343322,0.04239280620488944,0.04657590104757374,,,,,,,SRB00040
2018-01-09,3818.44,0.01,6.79,0.03430642513186409,0.05995024002908968,0.05957118720223016,0.05278048438792986,0.051286647541494264,0.03315056131703852,0.05643099148295416,0.04224923773789762,0.04639660537953516,,,,,,,SRB00040
2018-01-10,4054.09,1.79,5.24,0.03484921174648015,0.06047809970040616,0.06038003791039902,0.05275077319252267,0.05075855687784317,0.03292103985679344,0.0566214397424751,0.042105669270905796,0.04621730971149658,,,,,,,SRB00040
2018-01-11,4072.8,2.06,4.55,0.035391998361096216,0.06100595937172264,0.06118888861856788,0.05272106199711549,0.050230466214192075,0.03269151839654836,0.05681188800199604,0.04196210080391398,0.046038014043458,,,,,,,SRB00040
2018-01-12,4082.19,0.21,4.84,0.03593478497571228,0.06153381904303912,0.06199773932673674,0.0526913508017083,0.04970237555054098,0.032461996936303285,0.05700233626151698,0.041818532336922155,0.045858718375419424,,,,,,,SRB00040
2018-01-13,4072.8,0.1,2.13,0.03647757159032834,0.0620616787143556,0.0628065900349056,0.05266163960630112,0.04917428488688988,0.0322324754760582,0.05719278452103792,0.04167496386993034,0.045679422707380846,,,,,,,SRB00040
2018-01-14,4007.67,0.12,-1.32,0.0370203582049444,0.06258953838567208,0.06361544074307446,0.05263192841089393,0.048646194223238785,0.03200295401581312,0.05738323278055886,0.04153139540293852,0.04550012703934227,,,,,,,SRB00040
2018-01-15,3836.07,1.12,-2.66,0.03756314481956046,0.06311739805698856,0.06442429145124332,0.05260221721548675,0.04811810355958769,0.03177343255556804,0.0575736810400798,0.0413878269359467,0.04532083137130369,,,,,,,SRB00040
2018-01-16,3588.22,0.96,0.84,0.038105931434176524,0.06364525772830504,0.06523314215941219,0.05257250602007957,0.0475900128959366,0.03154391109532296,0.05776412929960074,0.04124425846895488,0.045141535703265116,,,,,,,SRB00040
2018-01-17,3333.26,19.93,1.91,0.03864871804879259,0.06417311739962152,0.06604199286758104,0.05254279482467238,0.047061922232285495,0.031314389635077884,0.05795457755912168,0.04110069000196306,0.04496224003522654,,,,,,,SRB00040
2018-01-18,3082.19,0.0,1.19,0.03919150466340865,0.064700977070938,0.0668508435757499,0.0525130836292652,0.0465338315686344,0.031084868174832803,0.05814502581864262,0.04095712153497124,0.04478294436718796,,,,,,,SRB00040
2018-01-19,2863.18,6.34,3.23,0.03134549659990572,0.055594007995469194,0.0617814642313531,0.051230066808306746,0.0464393695872814,0.03093283304906025,0.05833547407816356,0.040813553067979416,0.04460364869914938,,,,,,,SRB00040
2018-01-20,2696.74,0.32,1.22,0.0234994885364028,0.0464870389200004,0.0567120848869563,0.0499470499873483,0.0463449076059284,0.0307807979232877,0.0585259223376845,0.0406699846009876,0.0444243530311108,,,,,,,SRB00040
2018-01-21,2635.33,5.08,0.17,0.02418074434404294,0.04872454010562856,0.057858121252212125,0.05134320994706383,0.048784456275073135,0.03279694019089767,0.0578925156294462,0.04063068189468902,0.04461950227228108,,,,,,,SRB00040
2018-01-22,2721.7,0.01,-0.81,0.02486200015168308,0.05096204129125672,0.05900415761746794,0.05273936990677936,0.05122400494421786,0.034813082458507644,0.0572591089212079,0.04059137918839044,0.04481465151345136,,,,,,,SRB00040
2018-01-23,2909.72,0.03,-0.31,0.02554325595932322,0.053199542476884874,0.06015019398272376,0.05413552986649489,0.05366355361336259,0.03682922472611761,0.0566257022129696,0.04055207648209186,0.04500980075462164,,,,,,,SRB00040
2018-01-24,3068.02,0.0,0.21,0.02622451176696336,0.055437043662513036,0.061296230347979576,0.05553168982621042,0.056103102282507325,0.03884536699372758,0.055992295504731296,0.04051277377579328,0.04520494999579192,,,,,,,SRB00040
2018-01-25,3103.56,0.0,-0.16,0.0269057675746035,0.0576745448481412,0.0624422667132354,0.05692784978592595,0.05854265095165205,0.04086150926133755,0.055358888796493,0.0404734710694947,0.0454000992369622,,,,,,,SRB00040
2018-01-26,3068.02,0.0,1.97,0.02840650275799042,0.05795023831034736,0.06201031993103178,0.05590834946918686,0.05825196632235876,0.04074885676846318,0.05610058841858094,0.0409477927114682,0.04567044757322778,,,,,,,SRB00040
2018-01-27,3096.42,0.01,2.69,0.02990723794137734,0.058225931772553516,0.06157837314882816,0.05488884915244777,0.05796128169306547,0.04063620427558881,0.05684228804066888,0.0414221143534417,0.04594079590949336,,,,,,,SRB00040
2018-01-28,3175.87,0.04,1.73,0.03140797312476426,0.05850162523475968,0.06114642636662454,0.05386934883570868,0.05767059706377218,0.04052355178271444,0.05758398766275682,0.0418964359954152,0.04621114424575894,,,,,,,SRB00040
2018-01-29,3161.28,0.04,3.91,0.03290870830815118,0.058777318696965834,0.060714479584420916,0.052849848518969594,0.05737991243447889,0.04041089928984007,0.05832568728484476,0.0423707576373887,0.04648149258202452,12.6,0.123,2.4492139,452.0,2.2,,SRB00040
2018-01-30,3096.42,0.0,5.05,0.0344094434915381,0.059053012159172,0.0602825328022173,0.0518303482022305,0.0570892278051856,0.0402982467969657,0.0590673869069327,0.0428450792793622,0.0467518409182901,,,,,,,SRB00040
2018-01-31,3068.02,0.0,5.16,0.03766136448068164,0.061496925712089,0.06279076029863812,0.053813968407755104,0.05376793171334844,0.03769808221689674,0.06241704055440454,0.0463212233548003,0.05005543705340874,,,,,,,SRB00040
2018-02-01,3068.02,0.02,7.13,0.04091328546982518,0.063940839265006,0.06529898779505894,0.0557975886132797,0.05044663562151128,0.03509791763682778,0.06576669420187638,0.0497973674302384,0.053359033188527374,,,,,,,SRB00040
2018-02-02,3068.02,0.46,9.44,0.04416520645896872,0.066384752817923,0.06780721529147976,0.0577812088188043,0.04712533952967412,0.03249775305675882,0.06911634784934821,0.053273511505676496,0.05666262932364602,,,,,,,SRB00040
2018-02-03,3082.19,21.41,1.79,0.04741712744811226,0.06882866637084001,0.07031544278790058,0.059764829024328905,0.04380404343783696,0.02989758847668986,0.07246600149682006,0.0567496555811146,0.059966225458764656,,,,,,,SRB00040
2018-02-04,3082.19,0.03,0.32,0.0506690484372558,0.071272579923757,0.0728236702843214,0.0617484492298535,0.0404827473459998,0.0272974238966209,0.0758156551442919,0.0602257996565527,0.0632698215938833,,,,,,,SRB00040
2018-02-05,3068.02,0.0,0.03,0.04791048930184464,0.06809707181489547,0.06937586858746661,0.0610941956927641,0.04393141102837736,0.02935193833181688,0.07222783279698948,0.05802962666663976,0.06125076865815225,,,,,,,SRB00040
2018-02-06,3025.91,0.21,0.6,0.04515193016643348,0.06492156370603393,0.0659280668906118,0.0604399421556747,0.04738007471075492,0.03140645276701286,0.06864001044968705,0.05583345367672682,0.05923171572242122,,,,,,,SRB00040
2018-02-07,2923.15,2.7,4.77,0.04239337103102232,0.06174605559717238,0.062480265193757004,0.059785688618585305,0.050828738393132476,0.03346096720220884,0.06505218810238464,0.05363728068681388,0.057212662786690176,,,,,,,SRB00040
2018-02-08,2778.71,4.56,1.87,0.03963481189561116,0.05857054748831084,0.0590324634969022,0.0591314350814959,0.05427740207551004,0.035515481637404825,0.06146436575508222,0.05144110769690094,0.05519360985095914,,,,,,,SRB00040
2018-02-09,2647.5,0.23,1.04,0.0368762527602,0.0553950393794493,0.0555846618000474,0.0584771815444065,0.0577260657578876,0.0375699960726008,0.0578765434077798,0.049244934706988,0.0531745569152281,,,,,,,SRB00040
2018-02-10,2534.13,0.03,0.84,0.040732717219240835,0.05922843715670835,0.05933006534371199,0.06192303182191344,0.056860081936367886,0.037194193103807595,0.06211326337820409,0.05346026981232643,0.057221653018286286,,,,,,,SRB00040
2018-02-11,2420.03,0.1,0.33,0.04458918167828167,0.0630618349339674,0.06307546888737658,0.06536888209942038,0.055994098114848165,0.036818390135014395,0.06634998334862838,0.057675604917664866,0.061268749121344473,,,,,,,SRB00040
2018-02-12,2284.6,0.24,1.48,0.04844564613732251,0.06689523271122645,0.06682087243104118,0.06881473237692733,0.05512811429332845,0.03644258716622119,0.07058670331905266,0.0618909400230033,0.06531584522440266,,,,,,,SRB00040
2018-02-13,2146.83,6.62,0.25,0.052302110596363346,0.0707286304884855,0.07056627597470579,0.07226058265443426,0.05426213047180874,0.03606678419742799,0.07482342328947694,0.06610627512834173,0.06936294132746085,12.2,0.103,2.45824326,510.0,2.1,,SRB00040
2018-02-14,2022.02,2.45,0.05,0.056158575055404183,0.07456202826574455,0.07431167951837038,0.07570643293194121,0.05339614665028902,0.03569098122863478,0.07906014325990124,0.07032161023368017,0.07341003743051903,,,,,,,SRB00040
2018-02-15,1926.53,0.3,0.45,0.06001503951444502,0.0783954260430036,0.07805708306203497,0.07915228320944814,0.0525301628287693,0.035315178259841574,0.08329686323032552,0.0745369453390186,0.07745713353357722,,,,,,,SRB00040
2018-02-16,1861.09,1.7,1.71,0.06387150397348586,0.08222882382026266,0.08180248660569957,0.08259813348695508,0.05166417900724959,0.034939375291048375,0.08753358320074982,0.07875228044435703,0.08150422963663541,,,,,,,SRB00040
2018-02-17,1814.52,0.56,2.66,0.0677279684325267,0.08606222159752171,0.08554789014936416,0.08604398376446203,0.05079819518572987,0.03456357232225517,0.0917703031711741,0.08296761554969545,0.0855513257396936,,,,,,,SRB00040
2018-02-18,1777.28,2.19,1.81,0.07158443289156753,0.08989561937478076,0.08929329369302876,0.08948983404196896,0.04993221136421015,0.03418776935346197,0.09600702314159838,0.08718295065503388,0.0895984218427518,,,,,,,SRB00040
2018-02-19,1736.8,2.47,0.54,0.07544089735060837,0.09372901715203981,0.09303869723669336,0.09293568431947591,0.04906622754269044,0.03381196638466876,0.10024374311202268,0.09139828576037232,0.09364551794580998,,,,,,,SRB00040
2018-02-20,1709.02,17.56,0.71,0.0792973618096492,0.09756241492929886,0.09678410078035796,0.09638153459698284,0.048200243721170724,0.033436163415875554,0.10448046308244696,0.09561362086571075,0.09769261404886817,,,,,,,SRB00040
2018-02-21,1712.96,10.34,0.68,0.08315382626869004,0.10139581270655791,0.10052950432402255,0.09982738487448978,0.04733425989965101,0.033060360447082354,0.10871718305287126,0.09982895597104918,0.10173971015192636,,,,,,,SRB00040
2018-02-22,1769.11,7.1,0.34,0.08701029072773088,0.10522921048381696,0.10427490786768714,0.10327323515199673,0.04646827607813129,0.03268455747828915,0.11295390302329554,0.10404429107638762,0.10578680625498454,,,,,,,SRB00040
2018-02-23,1852.53,0.2,0.89,0.09086675518677172,0.10906260826107601,0.10802031141135174,0.10671908542950366,0.045602292256611575,0.03230875450949595,0.11719062299371982,0.10825962618172605,0.10983390235804273,,,,,,,SRB00040
2018-02-24,1886.99,0.2,-2.13,0.09472321964581255,0.11289600603833506,0.11176571495501633,0.11016493570701061,0.04473630843509186,0.03193295154070274,0.12142734296414412,0.11247496128706448,0.11388099846110092,,,,,,,SRB00040
2018-02-25,1852.53,0.04,-4.74,0.09857968410485338,0.11672940381559413,0.11551111849868093,0.11361078598451754,0.04387032461357214,0.031557148571909534,0.1256640629345684,0.11669029639240291,0.1179280945641591,,,,,,,SRB00040
2018-02-26,1777.28,4.16,-4.74,0.10243614856389421,0.12056280159285318,0.11925652204234553,0.11705663626202448,0.043004340792052426,0.031181345603116334,0.12990078290499268,0.12090563149774135,0.12197519066721729,,,,,,,SRB00040
2018-02-27,1701.16,3.35,-6.35,0.10629261302293505,0.12439619937011223,0.12300192558601013,0.12050248653953143,0.04213835697053271,0.030805542634323127,0.13413750287541698,0.12512096660307978,0.1260222867702755,,,,,,,SRB00040
2018-02-28,1628.3,1.53,-7.0,0.11014907748197589,0.12822959714737128,0.1267473291296747,0.12394833681703836,0.041272373149013,0.030429739665529924,0.13837422284584128,0.1293363017084182,0.13006938287333367,,,,,,,SRB00040
2018-03-01,1572.98,2.86,-7.09,0.11400554194101672,0.13206299492463033,0.13049273267333933,0.1273941870945453,0.040406389327493276,0.03005393669673672,0.14261094281626555,0.13355163681375665,0.13411647897639187,,,,,,,SRB00040
2018-03-02,1526.57,11.31,-2.36,0.11786200640005756,0.13589639270188938,0.13423813621700392,0.13084003737205224,0.03954040550597356,0.029678133727943517,0.14684766278668984,0.13776697191909507,0.13816357507945004,,,,,,,SRB00040
2018-03-03,1488.36,1.59,-3.07,0.1217184708590984,0.13972979047914844,0.13798353976066852,0.13428588764955918,0.03867442168445385,0.029302330759150313,0.15108438275711414,0.1419823070244335,0.14221067118250824,,,,,,,SRB00040
2018-03-04,1461.18,1.52,-4.23,0.12557493531813924,0.1435631882564075,0.1417289433043331,0.1377317379270661,0.037808437862934134,0.028926527790357107,0.1553211027275384,0.14619764212977193,0.14625776728556641,,,,,,,SRB00040
2018-03-05,1437.8,0.33,-1.94,0.12943139977718007,0.14739658603366654,0.1454743468479977,0.14117758820457307,0.03694245404141441,0.028550724821563903,0.1595578226979627,0.15041297723511038,0.15030486338862462,,,,,,,SRB00040
2018-03-06,1421.33,7.67,2.55,0.1332878642362209,0.1512299838109256,0.1492197503916623,0.14462343848208,0.0360764702198947,0.0281749218527707,0.163794542668387,0.1546283123404488,0.1543519594916828,,,,,,,SRB00040
2018-03-07,1421.33,1.56,4.45,0.11513863834464119,0.13462691373337304,0.13296322348715112,0.12841913242161215,0.04564373657971654,0.03459783749584226,0.14681170341924163,0.13611251751299397,0.13659586248492211,,,,,,,SRB00040
2018-03-08,1451.11,4.45,1.85,0.09698941245306146,0.11802384365582051,0.11670669658263993,0.11221482636114428,0.05521100293953838,0.04102075313891382,0.12982886417009626,0.11759672268553917,0.11883976547816144,,,,,,,SRB00040
2018-03-09,1530.09,0.01,5.43,0.07884018656148173,0.10142077357826798,0.10045016967812877,0.09601052030067642,0.06477826929936022,0.04744366878198538,0.11284602492095086,0.09908092785808434,0.10108366847140075,,,,,,,SRB00040
2018-03-10,1697.24,0.01,8.24,0.06069096066990201,0.08481770350071544,0.08419364277361759,0.07980621424020856,0.07434553565918206,0.05386658442505694,0.09586318567180549,0.08056513303062952,0.08332757146464008,,,,,,,SRB00040
2018-03-11,1980.53,0.02,11.82,0.0425417347783223,0.0682146334231629,0.0679371158691064,0.0636019081797407,0.0839128020190039,0.0602895000681285,0.0788803464226601,0.0620493382031747,0.0655714744578794,,,,,,,SRB00040
2018-03-12,2354.05,3.78,13.45,0.042261329400451554,0.06761340247687167,0.06720340712637468,0.06419265203477631,0.08381956256006996,0.06002788765268676,0.08049427064589669,0.06414129985292279,0.06794166703068652,,,,,,,SRB00040
2018-03-13,2659.72,0.61,9.42,0.04198092402258081,0.06701217153058044,0.06646969838364296,0.06478339588981193,0.08372632310113601,0.05976627523724502,0.08210819486913327,0.06623326150267088,0.07031185960349362,,,,,,,SRB00040
2018-03-14,2810.9,1.13,7.92,0.041700518644710055,0.06641094058428919,0.06573598964091124,0.06537413974484754,0.08363308364220207,0.059504662821803285,0.08372211909236987,0.06832522315241897,0.07268205217630073,,,,,,,SRB00040
2018-03-15,2896.34,0.1,8.1,0.04142011326683931,0.06580970963799795,0.06500228089817953,0.06596488359988316,0.08353984418326811,0.059243050406361554,0.08533604331560646,0.07041718480216705,0.07505224474910784,,,,,,,SRB00040
2018-03-16,3060.96,4.8,9.45,0.04113970788896856,0.06520847869170672,0.0642685721554478,0.06655562745491878,0.08344660472433417,0.058981437990919816,0.08694996753884304,0.07250914645191514,0.07742243732191495,,,,,,,SRB00040
2018-03-17,3325.6,13.22,7.77,0.04085930251109782,0.06460724774541549,0.06353486341271608,0.06714637130995439,0.08335336526540021,0.05871982557547808,0.08856389176207963,0.07460110810166323,0.07979262989472205,,,,,,,SRB00040
2018-03-18,3563.51,1.11,1.1,0.04057889713322707,0.06400601679912425,0.06280115466998436,0.06773711516499001,0.08326012580646627,0.05845821316003634,0.09017781598531623,0.07669306975141131,0.08216282246752916,,,,,,,SRB00040
2018-03-19,3740.11,5.75,0.09,0.04029849175535632,0.063404785852833,0.062067445927252635,0.06832785902002562,0.08316688634753232,0.0581966007445946,0.09179174020855281,0.0787850314011594,0.08453301504033627,,,,,,,SRB00040
2018-03-20,3836.07,0.58,-1.06,0.04001808637748557,0.06280355490654177,0.06133373718452091,0.06891860287506124,0.08307364688859838,0.057934988329152864,0.0934056644317894,0.0808769930509075,0.08690320761314338,,,,,,,SRB00040
2018-03-21,3774.72,2.14,-1.12,0.039737680999614826,0.062202323960250536,0.060600028441789196,0.06950934673009686,0.08298040742966442,0.057673375913711133,0.09501958865502598,0.08296895470065557,0.08927340018595048,,,,,,,SRB00040
2018-03-22,3579.96,5.14,-0.97,0.03945727562174408,0.061601093013959295,0.05986631969905747,0.07010009058513247,0.08288716797073048,0.057411763498269396,0.09663351287826258,0.08506091635040366,0.0916435927587576,,,,,,,SRB00040
2018-03-23,3340.95,2.67,-0.81,0.03917687024387333,0.06099986206766806,0.05913261095632575,0.07069083444016809,0.08279392851179652,0.05715015108282766,0.09824743710149916,0.08715287800015176,0.0940137853315647,,,,,,,SRB00040
2018-03-24,3096.42,0.11,-0.02,0.03889646486600258,0.060398631121376826,0.05839890221359403,0.0712815782952037,0.08270068905286258,0.05688853866738592,0.09986136132473575,0.08924483964989983,0.09638397790437181,,,,,,,SRB00040
2018-03-25,2863.18,0.0,2.22,0.038616059488131835,0.059797400175085585,0.05766519347086231,0.07187232215023932,0.08260744959392863,0.05662692625194418,0.10147528554797233,0.09133680129964793,0.09875417047717891,,,,,,,SRB00040
2018-03-26,2665.86,1.35,2.31,0.03833565411026109,0.05919616922879435,0.05693148472813059,0.07246306600527494,0.08251421013499469,0.056365313836502444,0.10308920977120893,0.09342876294939602,0.10112436304998602,,,,,,,SRB00040
2018-03-27,2487.86,0.29,4.57,0.03805524873239034,0.05859493828250311,0.056197775985398865,0.07305380986031056,0.08242097067606073,0.056103701421060706,0.10470313399444552,0.0955207245991441,0.10349455562279314,,,,,,,SRB00040
2018-03-28,2343.23,0.01,6.49,0.03777484335451959,0.057993707336211876,0.05546406724266715,0.07364455371534617,0.08232773121712679,0.055842089005618975,0.1063170582176821,0.09761268624889219,0.10586474819560024,,,,,,,SRB00040
2018-03-29,2227.44,0.62,9.34,0.037494437976648844,0.057392476389920635,0.054730358499935426,0.07423529757038179,0.08223449175819283,0.05558047659017724,0.10793098244091869,0.09970464789864028,0.10823494076840735,,,,,,,SRB00040
2018-03-30,2141.89,0.48,13.36,0.0372140325987781,0.0567912454436294,0.0539966497572037,0.0748260414254174,0.0821412522992589,0.0553188641747355,0.10954490666415527,0.10179660954838837,0.11060513334121445,,,,,,,SRB00040
2018-03-31,2102.78,12.22,14.21,0.04412959780506643,0.06489842826616551,0.06136837256470254,0.08293115132037342,0.09119729372631961,0.06382530149687872,0.11115883088739187,0.10388857119813645,0.11297532591402157,,,,,,,SRB00040
2018-04-01,2146.83,10.63,9.8,0.05104516301135476,0.07300561108870163,0.06874009537220137,0.09103626121532944,0.10025333515338032,0.07233173881902193,0.11277275511062845,0.10598053284788454,0.11534551848682867,,,,,,,SRB00040
2018-04-02,2300.44,0.1,9.36,0.057960728217643094,0.08111279391123774,0.0761118181797002,0.09914137111028545,0.10930937658044104,0.08083817614116515,0.11438667933386504,0.10807249449763263,0.11771571105963578,,,,,,,SRB00040
2018-04-03,2569.4,0.0,12.43,0.06487629342393143,0.08921997673377385,0.08348354098719904,0.10724648100524148,0.11836541800750175,0.08934461346330835,0.11600060355710162,0.11016445614738071,0.12008590363244288,12.3,0.114,1.96840048,490.0,3.0,,SRB00040
2018-04-04,2869.78,0.0,13.6,0.07179185863021977,0.09732715955630998,0.09085526379469787,0.11535159090019749,0.12742145943456248,0.09785105078545157,0.11761452778033822,0.1122564177971288,0.12245609620525,,,,,,,SRB00040
2018-04-05,3139.51,6.62,12.84,0.0787074238365081,0.1054343423788461,0.0982269866021967,0.1234567007951535,0.1364775008616232,0.1063574881075948,0.1192284520035748,0.1143483794468769,0.1248262887780571,,,,,,,SRB00040
2018-04-06,3272.41,0.66,11.89,0.06523415789364864,0.09108633862378851,0.08465378434010988,0.1107472367403447,0.11829160865227605,0.08878986552801536,0.11185957009004968,0.10889457195355971,0.11873207202369196,,,,,,,SRB00040
2018-04-07,3264.88,0.84,10.06,0.0517608919507892,0.07673833486873094,0.07108058207802306,0.0980377726855359,0.1001057164429289,0.07122224294843593,0.10449068817652456,0.10344076446024254,0.11263785526932682,,,,,,,SRB00040
2018-04-08,3295.1,0.01,14.15,0.03828762600792975,0.062390331113673356,0.057507379815936246,0.0853283086307271,0.08191982423358174,0.0536546203688565,0.09712180626299945,0.09798695696692536,0.10654363851496168,,,,,,,SRB00040
2018-04-09,3403.08,1.09,16.01,0.044307855835659674,0.06714804323120094,0.059614333753790424,0.09199263869260765,0.08770670141783442,0.05825351342633585,0.08975292434947432,0.09253314947360819,0.10044942176059654,,,,,,,SRB00040
2018-04-10,3458.39,0.07,15.72,0.0503280856633896,0.0719057553487285,0.0617212876916446,0.0986569687544882,0.0934935786020871,0.0628524064838152,0.0823840424359492,0.087079341980291,0.0943552050062314,,,,,,,SRB00040
2018-04-11,3434.58,0.01,16.48,0.048873930815656504,0.0706981986195417,0.06037754571872606,0.1005451170981641,0.09160652279895401,0.06106186906131124,0.08126336942299278,0.08835158903874905,0.0960525265800766,,,,,,,SRB00040
2018-04-12,3466.37,0.02,17.47,0.0474197759679234,0.06949064189035488,0.05903380374580752,0.10243326544184,0.08971946699582094,0.059271331638807274,0.08014269641003638,0.0896238360972071,0.0977498481539218,12.2,0.089,1.79909998,482.0,2.4,0.0293,SRB00040
2018-04-13,3579.96,1.1,16.93,0.0459656211201903,0.06828308516116807,0.05769006177288898,0.1043214137855159,0.08783241119268786,0.05748079421630332,0.07902202339707998,0.09089608315566515,0.099447169727767,,,,,,,SRB00040
2018-04-14,3697.28,0.0,16.87,0.0445114662724572,0.06707552843198127,0.05634631979997044,0.1062095621291918,0.08594535538955478,0.05569025679379936,0.07790135038412356,0.0921683302141232,0.1011444913016122,,,,,,,SRB00040
2018-04-15,3792.15,0.02,17.78,0.0430573114247241,0.06586797170279446,0.0550025778270519,0.1080977104728677,0.08405829958642169,0.053899719371295396,0.07678067737116714,0.09344057727258125,0.10284181287545739,,,,,,,SRB00040
2018-04-16,3889.45,0.53,15.67,0.041603156576991,0.06466041497360764,0.053658835854133356,0.1099858588165436,0.08217124378328862,0.05210918194879144,0.07566000435821074,0.09471282433103931,0.1045391344493026,,,,,,,SRB00040
2018-04-17,3952.67,1.18,14.66,0.0401490017292579,0.06345285824442083,0.052315093881214816,0.1118740071602195,0.08028418798015555,0.05031864452628748,0.07453933134525434,0.09598507138949736,0.1062364560231478,,,,,,,SRB00040
2018-04-18,3998.45,0.64,15.73,0.0386948468815248,0.06224530151523402,0.05097135190829628,0.1137621555038954,0.07839713217702246,0.048528107103783524,0.07341865833229792,0.0972573184479554,0.10793377759699299,,,,,,,SRB00040
2018-04-19,4101.04,0.0,15.84,0.0372406920337917,0.06103774478604721,0.04962760993537774,0.1156503038475713,0.07651007637388937,0.04673756968127956,0.0722979853193415,0.09852956550641345,0.1096310991708382,,,,,,,SRB00040
2018-04-20,4245.2,0.0,15.38,0.0357865371860586,0.0598301880568604,0.0482838679624592,0.1175384521912472,0.0746230205707563,0.0449470322587756,0.0711773123063851,0.0998018125648715,0.1113284207446834,,,,,,,SRB00040
2018-04-21,4324.14,0.0,16.75,0.036009604955736636,0.0595323752419459,0.0475657578957455,0.12021585845847166,0.07476917244087926,0.044719490580253284,0.07074198977874306,0.10215640722120416,0.11508077696380012,,,,,,,SRB00040
2018-04-22,4344.1,0.0,18.1,0.03623267272541468,0.0592345624270314,0.0468476478290318,0.12289326472569612,0.07491532431100222,0.044491948901730964,0.07030666725110102,0.10451100187753681,0.11883313318291684,,,,,,,SRB00040
2018-04-23,4364.16,0.01,19.41,0.03645574049509272,0.058936749612116895,0.046129537762318096,0.12557067099292057,0.07506147618112519,0.04426440722320864,0.06987134472345899,0.10686559653386948,0.12258548940203357,,,,,,,SRB00040
2018-04-24,4435.09,0.07,18.67,0.03667880826477076,0.0586389367972024,0.0454114276956044,0.12824807726014503,0.07520762805124814,0.04403686554468632,0.06943602219581695,0.10922019119020214,0.1263378456211503,,,,,,,SRB00040
2018-04-25,4486.45,0.03,19.96,0.0369018760344488,0.0583411239822879,0.0446933176288907,0.1309254835273695,0.0753537799213711,0.043809323866164,0.0690006996681749,0.1115747858465348,0.130090201840267,,,,,,,SRB00040
2018-04-26,4507.17,0.26,18.38,0.036623191673111996,0.059765272077611876,0.04618450135803748,0.13501249068653218,0.07655479248904865,0.0443900104897628,0.07059684435476454,0.11483307273904021,0.13375910642650773,,,,,,,SRB00040
2018-04-27,4486.45,0.38,15.51,0.0363445073117752,0.061189420172935854,0.04767568508718426,0.13909949784569486,0.07775580505672618,0.0449706971133616,0.07219298904135418,0.11809135963154563,0.13742801101274846,,,,,,,SRB00040
2018-04-28,4424.88,0.47,19.73,0.0360658229504384,0.06261356826825984,0.04916686881633104,0.14318650500485752,0.07895681762440372,0.045551383736960396,0.07378913372794382,0.12134964652405106,0.14109691559898915,,,,,,,SRB00040
2018-04-29,4344.1,0.69,21.22,0.035787138589101604,0.06403771636358381,0.050658052545477825,0.1472735121640202,0.08015783019208125,0.0461320703605592,0.07538527841453346,0.12460793341655647,0.14476582018522988,,,,,,,SRB00040
2018-04-30,4245.2,0.59,21.15,0.0355084542277648,0.0654618644589078,0.0521492362746246,0.1513605193231829,0.0813588427597588,0.046712756984158,0.0769814231011231,0.1278662203090619,0.1484347247714706,,,,,,,SRB00040
2018-05-01,4110.5,0.1,20.46,0.0255578497230249,0.0563345125673814,0.0437558429252161,0.1463895588645926,0.0680029049824589,0.0377514335462778,0.08313637398859507,0.13644550691502788,0.158878579413616,,,,,,,SRB00040
2018-05-02,3961.78,0.08,20.96,0.04002175180601258,0.06688300787163425,0.052472331861108,0.16009169355415576,0.08089212931623567,0.048063749312812806,0.08929132487606703,0.14502479352099384,0.1693224340557614,,,,,,,SRB00040
2018-05-03,3827.25,1.97,20.75,0.05448565388900026,0.0774315031758871,0.0611888207969999,0.17379382824371892,0.09378135365001244,0.058376065079347804,0.09544627576353898,0.15360408012695984,0.1797662886979068,,,,,,,SRB00040
2018-05-04,3722.92,0.54,20.05,0.06894955597198793,0.08797999848013995,0.0699053097328918,0.18749596293328205,0.10667057798378922,0.0686883808458828,0.10160122665101094,0.16218336673292583,0.1902101433400522,,,,,,,SRB00040
2018-05-05,3621.43,1.84,20.03,0.0834134580549756,0.0985284937843928,0.0786217986687837,0.2011980976228452,0.119559802317566,0.0790006966124178,0.1077561775384829,0.1707626533388918,0.2006539979821976,,,,,,,SRB00040
2018-05-06,3555.31,1.32,19.57,0.07766641640851368,0.0937294705278702,0.07422692483450315,0.19568964180253862,0.1142777339106874,0.07469214823727906,0.1032135584390996,0.16517979046523762,0.19459814506530201,,,,,,,SRB00040
2018-05-07,3555.31,1.36,17.84,0.07191937476205176,0.08893044727134759,0.06983205100022258,0.19018118598223202,0.10899566550380882,0.07038359986214031,0.09867093933971628,0.15959692759158348,0.18854229214840645,,,,,,,SRB00040
2018-05-08,3646.54,0.05,17.0,0.06617233311558984,0.084131424014825,0.06543717716594202,0.1846727301619254,0.10371359709693022,0.06607505148700156,0.09412832024033298,0.1540140647179293,0.18248643923151087,,,,,,,SRB00040
2018-05-09,3748.73,0.01,19.09,0.06042529146912792,0.07933240075830239,0.06104230333166146,0.1791642743416188,0.09843152869005163,0.061766503111862804,0.08958570114094966,0.14843120184427516,0.17643058631461528,,,,,,,SRB00040
2018-05-10,3757.37,1.95,19.22,0.054678249822666,0.0745333775017798,0.0566474294973809,0.1736558185213122,0.09314946028317304,0.057457954736724055,0.08504308204156635,0.142848338970621,0.17037473339771972,,,,,,,SRB00040
2018-05-11,3654.95,0.02,20.34,0.04893120817620408,0.0697343542452572,0.052252555663100345,0.1681473627010056,0.08786739187629446,0.0531494063615853,0.08050046294218305,0.13726547609696682,0.16431888048082413,,,,,,,SRB00040
2018-05-12,3514.6,0.07,21.15,0.04318416652974216,0.0649353309887346,0.04785768182881978,0.162638906880699,0.08258532346941587,0.04884085798644655,0.07595784384279973,0.13168261322331268,0.15826302756392854,,,,,,,SRB00040
2018-05-13,3387.44,1.99,21.17,0.03743712488328024,0.060136307732212,0.04346280799453922,0.15713045106039242,0.07730325506253727,0.0445323096113078,0.07141522474341643,0.1260997503496585,0.15220717464703298,,,,,,,SRB00040
2018-05-14,3287.52,4.57,18.93,0.03169008323681832,0.0553372844756894,0.03906793416025866,0.1516219952400858,0.07202118665565868,0.04022376123616905,0.06687260564403312,0.12051688747600435,0.1461513217301374,,,,,,,SRB00040
2018-05-15,3249.87,9.91,18.32,0.0259430415903564,0.0505382612191668,0.0346730603259781,0.1461135394197792,0.0667391182487801,0.0359152128610303,0.0623299865446498,0.1149340246023502,0.1400954688132418,,,,,,,SRB00040
2018-05-16,3317.94,11.38,16.28,0.023998596538362248,0.05086300473761135,0.0358718763145789,0.13812624633531273,0.0604501860775096,0.0315562995312855,0.06498742976768204,0.11787622433664978,0.14269693121841368,,,,,,,SRB00040
2018-05-17,3466.37,0.85,16.92,0.0220541514863681,0.0511877482560559,0.0370706923031797,0.1301389532508463,0.0541612539062391,0.0271973862015407,0.06764487299071428,0.12081842407094937,0.14529839362358557,,,,,,,SRB00040
2018-05-18,3638.15,0.78,17.62,0.0254617285565791,0.05487369011582963,0.0396076307645222,0.13875777842864928,0.05969626962455913,0.030732430700063432,0.07030231621374652,0.12376062380524894,0.14789985602875744,,,,,,,SRB00040
2018-05-19,3916.42,0.93,17.17,0.0288693056267901,0.05855963197560336,0.0421445692258647,0.1473766036064523,0.06523128534287917,0.03426747519858617,0.07295975943677876,0.12670282353954854,0.15050131843392933,,,,,,,SRB00040
2018-05-20,4264.8,0.0,18.39,0.0322768826970011,0.0622455738353771,0.0446815076872072,0.1559954287842553,0.0707663010611992,0.0378025196971089,0.075617202659811,0.1296450232738481,0.1531027808391012,,,,,,,SRB00040
2018-05-21,4445.31,0.68,19.4,0.038724371331059965,0.06530996248918132,0.04778251600506414,0.1464627965901081,0.06832415469904604,0.0379808376441519,0.07558356112057657,0.12330144827491779,0.14532982463923305,10.9,0.05,0.81941442,329.0,2.5,0.0517,SRB00040
2018-05-22,4414.7,1.13,20.25,0.04517185996511882,0.06837435114298554,0.05088352432292108,0.13693016439596092,0.06588200833689288,0.0381591555911949,0.07554991958134212,0.11695787327598747,0.13755686843936488,,,,,,,SRB00040
2018-05-23,4294.36,3.68,21.13,0.05161934859917768,0.07143873979678976,0.05398453264077802,0.12739753220181377,0.06343986197473972,0.0383374735382379,0.07551627804210768,0.11061429827705714,0.12978391223949673,,,,,,,SRB00040
2018-05-24,4139.0,2.66,22.11,0.05806683723323654,0.07450312845059398,0.05708554095863496,0.11786490000766658,0.06099771561258656,0.0385157914852809,0.07548263650287323,0.10427072327812682,0.12201095603962857,,,,,,,SRB00040
2018-05-25,4016.91,7.11,21.22,0.0645143258672954,0.0775675171043982,0.0601865492764919,0.1083322678135194,0.0585555692504334,0.0386941094323239,0.0754489949636388,0.0979271482791965,0.1142379998397604,,,,,,,SRB00040
2018-05-26,3907.41,1.0,20.6,0.06051780050083371,0.07587204845185677,0.058906907709137826,0.1160462330452838,0.06064850635057626,0.03879264323208619,0.07548295263131377,0.0989375793218863,0.11565862625165171,,,,,,,SRB00040
2018-05-27,3818.44,0.11,22.97,0.05652127513437202,0.07417657979931536,0.05762726614178375,0.1237601982770482,0.06274144345071912,0.03889117703184848,0.07551691029898874,0.0999480103645761,0.11707925266354302,,,,,,,SRB00040
2018-05-28,3783.43,0.05,23.3,0.052524749767910335,0.07248111114677393,0.05634762457442967,0.1314741635088126,0.06483438055086199,0.03898971083161076,0.07555086796666372,0.10095844140726588,0.11849987907543434,,,,,,,SRB00040
2018-05-29,3844.92,0.0,22.55,0.04852822440144865,0.0707856424942325,0.0550679830070756,0.139188128740577,0.06692731765100485,0.03908824463137305,0.07558482563433869,0.10196887244995567,0.11992050548732565,,,,,,,SRB00040
2018-05-30,3943.57,0.0,22.64,0.044531699034986966,0.06909017384169107,0.053788341439721526,0.14690209397234139,0.0690202547511477,0.03918677843113534,0.07561878330201367,0.10297930349264547,0.12134113189921696,,,,,,,SRB00040
2018-05-31,3989.25,0.0,24.06,0.04053517366852528,0.06739470518914964,0.05250869987236745,0.1546160592041058,0.07111319185129057,0.03928531223089762,0.07565274096968864,0.10398973453533526,0.12276175831110826,,,,,,,SRB00040
2018-06-01,3980.07,0.04,26.22,0.03653864830206359,0.06569923653660822,0.05122905830501337,0.1623300244358702,0.07320612895143344,0.03938384603065991,0.07568669863736362,0.10500016557802506,0.12418238472299957,,,,,,,SRB00040
2018-06-02,3916.42,1.27,24.23,0.0325421229356019,0.0640037678840668,0.0499494167376593,0.1700439896676346,0.0752990660515763,0.0394823798304222,0.07572065630503859,0.10601059662071485,0.1256030111348909,,,,,,,SRB00040
2018-06-03,3844.92,2.26,23.28,0.03235506180912649,0.06464656725413893,0.05021339998027918,0.17046119280883798,0.07588402540792138,0.03961585504759275,0.07575461397271356,0.10702102766340464,0.1270236375467822,,,,,,,SRB00040
2018-06-04,3827.25,0.07,23.44,0.03216800068265109,0.06528936662421107,0.05047738322289907,0.17087839595004134,0.07646898476426646,0.03974933026476329,0.07578857164038853,0.10803145870609444,0.1284442639586735,,,,,,,SRB00040
2018-06-05,3827.25,1.19,24.81,0.03198093955617568,0.06593216599428321,0.050741366465518946,0.17129559909124473,0.07705394412061155,0.03988280548193383,0.0758225293080635,0.10904188974878423,0.1298648903705648,,,,,,,SRB00040
2018-06-06,3836.07,1.63,24.65,0.03179387842970028,0.06657496536435535,0.05100534970813883,0.17171280223244811,0.07763890347695664,0.04001628069910438,0.07585648697573848,0.11005232079147402,0.13128551678245612,,,,,,,SRB00040
2018-06-07,3827.25,2.43,23.8,0.03160681730322487,0.0672177647344275,0.051269332950758716,0.17213000537365147,0.07822386283330171,0.04014975591627492,0.07589044464341345,0.11106275183416382,0.13270614319434743,,,,,,,SRB00040
2018-06-08,3818.44,2.2,26.79,0.03141975617674947,0.06786056410449964,0.0515333161933786,0.17254720851485486,0.0788088221896468,0.040283231133445466,0.07592440231108842,0.11207318287685361,0.13412676960623873,,,,,,,SRB00040
2018-06-09,3809.66,27.98,22.24,0.03123269505027406,0.06850336347457178,0.05179729943599848,0.17296441165605825,0.07939378154599189,0.04041670635061601,0.0759583599787634,0.1130836139195434,0.13554739601813007,,,,,,,SRB00040
2018-06-10,3792.15,1.54,22.89,0.031045633923798655,0.06914616284464392,0.05206128267861836,0.1733816147972616,0.07997874090233696,0.04055018156778655,0.07599231764643838,0.1140940449622332,0.13696802243002137,,,,,,,SRB00040
2018-06-11,3783.43,0.04,26.16,0.03085857279732325,0.06978896221471606,0.05232526592123825,0.173798817938465,0.08056370025868205,0.0406836567849571,0.07602627531411335,0.11510447600492299,0.13838864884191268,,,,,,,SRB00040
2018-06-12,3783.43,0.37,26.87,0.031552462001971246,0.07040507827776112,0.05378484360187197,0.1698958958320149,0.07673345818437424,0.03837982693570341,0.07606023298178832,0.11611490704761278,0.139809275253804,,,,,,,SRB00040
2018-06-13,3827.25,13.78,22.05,0.032246351206619235,0.07102119434080616,0.055244421282505694,0.16599297372556476,0.07290321611006643,0.03607599708644973,0.0760941906494633,0.11712533809030258,0.1412299016656953,,,,,,,SRB00040
2018-06-14,3916.42,1.4,20.23,0.03294024041126723,0.07163731040385121,0.056703998963139414,0.16209005161911466,0.06907297403575863,0.03377216723719604,0.07612814831713827,0.11813576913299237,0.1426505280775866,,,,,,,SRB00040
2018-06-15,4072.8,3.3,19.66,0.03363412961591522,0.07225342646689625,0.058163576643773134,0.15818712951266453,0.06524273196145082,0.03146833738794236,0.07616210598481324,0.11914620017568217,0.1440711544894779,,,,,,,SRB00040
2018-06-16,4569.88,8.01,21.44,0.034328018820563216,0.07286954252994131,0.05962315432440685,0.15428420740621443,0.06141248988714301,0.02916450753868867,0.07619606365248821,0.12015663121837196,0.14549178090136922,,,,,,,SRB00040
2018-06-17,5456.58,8.48,22.05,0.035021908025211206,0.07348565859298635,0.06108273200504058,0.1503812852997643,0.057582247812835205,0.026860677689434984,0.07623002132016318,0.12116706226106175,0.14691240731326052,,,,,,,SRB00040
2018-06-18,5583.7,1.18,22.02,0.0357157972298592,0.0741017746560314,0.0625423096856743,0.1464783631933142,0.0537520057385274,0.0245568478401813,0.07626397898783815,0.12217749330375155,0.14833303372515183,,,,,,,SRB00040
2018-06-19,5163.16,2.92,22.69,0.03925540913904975,0.07461194365326818,0.06139780543877202,0.14879794336751873,0.0575354760533144,0.027308481444750517,0.07629793665551314,0.12318792434644134,0.14975366013704317,,,,,,,SRB00040
2018-06-20,4687.13,0.45,25.88,0.0427950210482403,0.07512211265050493,0.06025330119186973,0.15111752354172325,0.0613189463681014,0.03006011504931973,0.07633189432318811,0.12419835538913113,0.15117428654893447,,,,,,,SRB00040
2018-06-21,4274.63,0.14,25.2,0.04633463295743085,0.0756322816477417,0.05910879694496745,0.1534371037159278,0.0651024166828884,0.032811748653888945,0.07636585199086308,0.12520878643182093,0.15259491296082578,,,,,,,SRB00040
2018-06-22,3952.67,3.33,17.77,0.0498742448666214,0.07614245064497847,0.05796429269806517,0.15575668389013234,0.06888588699767541,0.03556338225845816,0.07639980965853806,0.12621921747451073,0.1540155393727171,,,,,,,SRB00040
2018-06-23,3714.35,0.02,15.81,0.05341385677581195,0.07665261964221523,0.05681978845116288,0.15807626406433686,0.07266935731246241,0.03831501586302738,0.07643376732621303,0.1272296485172005,0.1554361657846084,,,,,,,SRB00040
2018-06-24,3555.31,0.06,17.25,0.0569534686850025,0.077162788639452,0.0556752842042606,0.1603958442385414,0.0764528276272494,0.0410666494675966,0.076467724993888,0.1282400795598903,0.1568567921964997,,,,,,,SRB00040
2018-06-25,3466.37,0.06,18.63,0.055328851763635584,0.07592070707889746,0.05474939449060611,0.15820143384836916,0.07497334947846367,0.04011495583169139,0.07708471815901112,0.1294080434588759,0.15815962785387824,,,,,,,SRB00040
2018-06-26,3410.93,0.61,19.02,0.05370423484226866,0.07467862551834291,0.053823504776951615,0.15600702345819692,0.07349387132967793,0.03916326219578619,0.07770171132413424,0.1305760073578615,0.1594624635112568,,,,,,,SRB00040
2018-06-27,3371.87,8.15,16.95,0.052079617920901745,0.07343654395778837,0.052897615063297126,0.15381261306802468,0.07201439318089219,0.03821156855988098,0.07831870448925736,0.13174397125684714,0.16076529916863536,,,,,,,SRB00040
2018-06-28,3325.6,2.38,20.15,0.05045500099953482,0.07219446239723382,0.05197172534964263,0.15161820267785245,0.07053491503210643,0.037259874923975776,0.07893569765438048,0.13291193515583274,0.1620681348260139,,,,,,,SRB00040
2018-06-29,3302.7,20.74,21.16,0.04883038407816791,0.07095238083667928,0.05104583563598814,0.14942379228768018,0.06905543688332069,0.03630818128807057,0.0795526908195036,0.13407989905481835,0.16337097048339244,,,,,,,SRB00040
2018-06-30,3364.12,3.1,21.55,0.04720576715680099,0.06971029927612474,0.050119945922333646,0.14722938189750795,0.06757595873453495,0.03535648765216537,0.08016968398462672,0.13524786295380398,0.16467380614077098,,,,,,,SRB00040
2018-07-01,3654.95,0.0,17.78,0.04558115023543407,0.06846821771557018,0.04919405620867916,0.1450349715073357,0.06609648058574921,0.03440479401626016,0.08078667714974984,0.13641582685278958,0.16597664179814955,,,,,,,SRB00040
2018-07-02,4324.14,0.57,20.02,0.04395653331406715,0.06722613615501564,0.04826816649502466,0.14284056111716348,0.06461700243696347,0.033453100380354955,0.08140367031487296,0.13758379075177518,0.1672794774555281,,,,,,,SRB00040
2018-07-03,4719.63,1.61,22.78,0.04233191639270023,0.06598405459446109,0.04734227678137017,0.14064615072699124,0.06313752428817773,0.03250140674444975,0.08202066347999608,0.13875175465076078,0.16858231311290664,9.4,0.088,1.19864754,365.0,2.3,0.022,SRB00040
2018-07-04,4538.42,0.13,23.43,0.040707299471333315,0.06474197303390655,0.04641638706771568,0.138451740336819,0.061658046139391985,0.03154971310854455,0.0826376566451192,0.13991971854974639,0.1698851487702852,,,,,,,SRB00040
2018-07-05,4177.3,0.0,24.42,0.0390826825499664,0.06349989147335201,0.04549049735406119,0.13625732994664677,0.060178567990606245,0.03059801947263934,0.08325464981024232,0.14108768244873202,0.17118798442766375,,,,,,,SRB00040
2018-07-06,3853.78,0.59,24.43,0.03745806562859948,0.06225780991279747,0.04456460764040669,0.13406291955647454,0.0586990898418205,0.029646325836734135,0.08387164297536544,0.14225564634771762,0.1724908200850423,,,,,,,SRB00040
2018-07-07,3579.96,8.32,21.06,0.03583344870723256,0.06101572835224292,0.0436387179267522,0.1318685091663023,0.05721961169303476,0.02869463220082893,0.08448863614048856,0.14342361024670322,0.17379365574242084,,,,,,,SRB00040
2018-07-08,3371.87,4.06,21.71,0.03420883178586564,0.059773646791688374,0.04271282821309771,0.12967409877613004,0.05574013354424902,0.027742938564923724,0.08510562930561168,0.14459157414568885,0.17509649139979938,,,,,,,SRB00040
2018-07-09,3264.88,10.12,18.11,0.03258421486449872,0.05853156523113383,0.04178693849944322,0.1274796883859578,0.05426065539546327,0.02679124492901852,0.0857226224707348,0.14575953804467445,0.17639932705717795,,,,,,,SRB00040
2018-07-10,3371.87,3.12,21.68,0.030959597943131804,0.05728948367057929,0.04086104878578872,0.12528527799578557,0.05278117724667753,0.025839551293113314,0.08633961563585792,0.14692750194366005,0.1777021627145565,,,,,,,SRB00040
2018-07-11,3629.78,0.16,24.12,0.029334981021764885,0.05604740211002474,0.039935159072134234,0.12309086760561333,0.05130169909789179,0.02488785765720811,0.08695660880098104,0.14809546584264566,0.17900499837193504,,,,,,,SRB00040
2018-07-12,3680.29,3.36,21.81,0.027710364100397965,0.054805320549470196,0.039009269358479745,0.1208964572154411,0.049822220949106044,0.023936164021302907,0.08757360196610416,0.14926342974163126,0.1803078340293136,,,,,,,SRB00040
2018-07-13,3538.97,0.1,23.75,0.02608574717903105,0.05356323898891565,0.03808337964482525,0.11870204682526886,0.048342742800320304,0.0229844703853977,0.08819059513122728,0.1504313936406169,0.18161066968669215,,,,,,,SRB00040
2018-07-14,3387.44,0.01,24.07,0.0548778944531499,0.077328659690406,0.0577141105929989,0.1812805413919481,0.0990001045970604,0.0563537847805266,0.0888075882963504,0.1515993575396025,0.1829135053440707,,,,,,,SRB00040
2018-07-15,3287.52,0.05,23.28,0.04974209006012607,0.07256832552957596,0.054132993621775746,0.17521838390607575,0.09373251598702965,0.052719772798017095,0.11106578871489846,0.1734731947777324,0.20492718957519618,,,,,,,SRB00040
2018-07-16,3220.07,0.01,24.48,0.04460628566710224,0.0678079913687459,0.0505518766505526,0.16915622642020336,0.0884649273769989,0.0490857608155076,0.1333239891334465,0.1953470320158623,0.22694087380632166,,,,,,,SRB00040
2018-07-17,3132.29,5.16,23.27,0.0394704812740784,0.06304765720791584,0.046970759679329455,0.16309406893433098,0.08319733876696815,0.0454517488329981,0.1555821895519946,0.2172208692539922,0.24895455803744712,,,,,,,SRB00040
2018-07-18,3005.08,0.78,23.35,0.03433467688105457,0.058287323047085796,0.0433896427081063,0.15703191144845863,0.0779297501569374,0.0418177368504886,0.17784038997054263,0.2390947064921221,0.27096824226857263,,,,,,,SRB00040
2018-07-19,2856.59,1.01,22.65,0.029198872488030735,0.05352698888625575,0.03980852573688315,0.15096975396258627,0.07266216154690665,0.038183724867979094,0.20009859038909072,0.260968543730252,0.29298192649969806,,,,,,,SRB00040
2018-07-20,2740.57,0.0,24.57,0.0240630680950069,0.0487666547254257,0.03622740876566,0.1449075964767139,0.0673945729368759,0.0345497128854696,0.22235679080763876,0.28284238096838193,0.31499561073082355,,,,,,,SRB00040
2018-07-21,2690.54,0.07,27.03,0.09305169679469431,0.10912491097981082,0.09436235274153004,0.2086534154620287,0.1292879697356188,0.09463348556530107,0.24461499122618685,0.30471621820651185,0.33700929496194904,,,,,,,SRB00040
2018-07-22,2715.44,7.55,24.47,0.16204032549438174,0.16948316723419593,0.1524972967174001,0.2723992344473435,0.19118136653436169,0.15471725824513255,0.2668731916447349,0.3265900554446417,0.3590229791930745,,,,,,,SRB00040
2018-07-23,2791.54,14.04,21.0,0.23102895419406916,0.22984142348858105,0.21063224069327013,0.3361450534326583,0.2530747633331046,0.21480103092496403,0.289131392063283,0.3484638926827716,0.3810366634242,,,,,,,SRB00040
2018-07-24,2830.39,0.95,23.15,0.3000175828937566,0.2901996797429662,0.2687671846691402,0.3998908724179731,0.3149681601318475,0.2748848036047955,0.311389592481831,0.3703377299209015,0.4030503476553255,9.0,0.101,0.70880476,371.0,2.4,0.0298,SRB00040
2018-07-25,2869.78,0.47,25.37,0.24574787945331017,0.24321674104652238,0.22282977295994053,0.3504740824582532,0.2667377192329792,0.22749918012876122,0.26330540790016005,0.3215175901800838,0.35251175751142577,,,,,,,SRB00040
2018-07-26,3046.89,0.12,25.73,0.1914781760128638,0.1962338023500786,0.17689236125074087,0.3010572924985332,0.21850727833411085,0.18011355665272694,0.21522122331848914,0.2726974504392661,0.30197316736752605,,,,,,,SRB00040
2018-07-27,3325.6,13.61,24.3,0.13720847257241742,0.1492508636536348,0.1309549495415412,0.25164050253881326,0.17027683743524252,0.13272793317669268,0.16713703873681818,0.22387731069844835,0.25143457722362633,,,,,,,SRB00040
2018-07-28,3434.58,1.69,23.95,0.08293876913197101,0.102267924957191,0.08501753783234153,0.2022237125790933,0.12204639653637422,0.0853423097006584,0.11905285415514724,0.17505717095763063,0.2008959870797266,,,,,,,SRB00040
2018-07-29,3325.6,1.01,26.7,0.028669065691524633,0.0552849862607472,0.03908012612314187,0.15280692261937334,0.07381595563750593,0.0379566862246241,0.0709686695734763,0.1262370312168129,0.1503573969358269,,,,,,,SRB00040
2018-07-30,3146.75,1.36,27.26,0.03930567585071221,0.0629450956508495,0.04755611165320662,0.155615666579692,0.08146728060833403,0.04617876045692234,0.07740650475495814,0.13077967228258075,0.15532201054787217,,,,,,,SRB00040
2018-07-31,2957.01,0.58,27.51,0.04994228600989978,0.0706052050409518,0.05603209718327136,0.15842441054001064,0.08911860557916211,0.05440083468922058,0.08384433993643998,0.13532231334834863,0.16028662415991746,,,,,,,SRB00040
2018-08-01,2797.98,3.7,26.5,0.060578896169087355,0.0782653144310541,0.0645080827133361,0.1612331545003293,0.09676993054999021,0.06262290892151882,0.09028217511792182,0.13986495441411648,0.16525123777196274,,,,,,,SRB00040
2018-08-02,2653.61,3.76,25.3,0.07121550632827493,0.08592542382115641,0.07298406824340085,0.16404189846064793,0.1044212555208183,0.07084498315381707,0.09672001029940366,0.14440759547988435,0.17021585138400802,,,,,,,SRB00040
2018-08-03,2545.83,5.27,26.58,0.0818521164874625,0.0935855332112587,0.0814600537734656,0.1668506424209666,0.1120725804916464,0.0790670573861153,0.1031578454808855,0.1489502365456522,0.1751804649960533,,,,,,,SRB00040
2018-08-04,2465.04,4.71,26.83,0.0512575515183793,0.0702300099732911,0.0561797307336321,0.15628963817140404,0.09009099852875799,0.056251209099385455,0.09573052099154766,0.1437941385169661,0.1695120015308845,,,,,,,SRB00040
2018-08-05,2414.46,0.12,28.0,0.0206629865492961,0.0468744867353235,0.0308994076937986,0.1457286339218415,0.0681094165658696,0.0334353608126556,0.08830319650220982,0.13863804048827996,0.1638435380657157,,,,,,,SRB00040
2018-08-06,2348.63,0.03,27.53,0.025291908043178133,0.05050388679108237,0.034538383046225196,0.1467535726938738,0.07235249171108983,0.036598261987507735,0.08087587201287198,0.13348194245959383,0.15817507460054692,,,,,,,SRB00040
2018-08-07,2289.87,0.0,28.06,0.029920829537060163,0.05413328684684123,0.0381773583986518,0.1477785114659061,0.07659556685631007,0.039761163162359864,0.07344854752353414,0.12832584443090772,0.1525066111353781,,,,,,,SRB00040
2018-08-08,2258.44,0.0,28.31,0.0345497510309422,0.0577626869026001,0.0418163337510784,0.1488034502379384,0.0808386420015303,0.042924064337212,0.0660212230341963,0.1231697464022216,0.1468381476702093,,,,,,,SRB00040
2018-08-09,2242.88,0.0,28.65,0.035767332053588896,0.05821808592921984,0.04238723059906994,0.14962903593143684,0.08114163606234104,0.043225469995472,0.0666298943309194,0.12404384835029156,0.1483834294110091,,,,,,,SRB00040
2018-08-10,2212.09,0.0,27.65,0.036984913076235595,0.05867348495583958,0.04295812744706148,0.15045462162493528,0.08144463012315178,0.043526875653732,0.0672385656276425,0.12491795029836152,0.1499287111518089,,,,,,,SRB00040
2018-08-11,2161.72,0.03,25.04,0.0382024940988823,0.05912888398245932,0.04352902429505302,0.15128020731843372,0.08174762418396252,0.043828281311992,0.0678472369243656,0.12579205224643147,0.1514739928926087,,,,,,,SRB00040
2018-08-12,2117.36,0.03,26.37,0.039420075121529,0.05958428300907906,0.04409992114304456,0.15210579301193217,0.08205061824477326,0.044129686970252,0.0684559082210887,0.12666615419450145,0.1530192746334085,,,,,,,SRB00040
2018-08-13,2097.94,0.0,27.47,0.0406376561441757,0.0600396820356988,0.0446708179910361,0.1529313787054306,0.082353612305584,0.044431092628512,0.0690645795178118,0.1275402561425714,0.1545645563742083,,,,,,,SRB00040
2018-08-14,2102.78,2.69,26.91,0.02396661357729775,0.04749123367612885,0.03379764265243585,0.14850153655097093,0.07395421636903145,0.036660842687827155,0.0690529242793425,0.1268278718305276,0.15367456126341955,,,,,,,SRB00040
2018-08-15,2132.04,2.64,23.13,0.023850266607870114,0.04756150199704708,0.03397666918193989,0.14787717570419082,0.07330201520617688,0.03632434466710869,0.0690412690408732,0.12611548751848378,0.1527845661526308,,,,,,,SRB00040
2018-08-16,2201.93,0.17,24.19,0.02373391963844248,0.04763177031796532,0.034155695711443924,0.1472528148574107,0.07264981404332232,0.03598784664639022,0.0690296138024039,0.12540310320644,0.15189457104184204,,,,,,,SRB00040
2018-08-17,2268.86,0.05,26.83,0.023617572669014843,0.04770203863888355,0.03433472224094796,0.1466284540106306,0.07199761288046776,0.03565134862567176,0.0690179585639346,0.1246907188943962,0.1510045759310533,,,,,,,SRB00040
2018-08-18,2274.1,0.75,27.11,0.023501225699587205,0.047772306959801794,0.03451374877045199,0.14600409316385052,0.07134541171761319,0.0353148506049533,0.0690063033254653,0.1239783345823524,0.15011458082026455,,,,,,,SRB00040
2018-08-19,2248.05,0.11,27.29,0.02338487873015957,0.04784257528072003,0.03469277529995603,0.1453797323170704,0.07069321055475862,0.03497835258423483,0.068994648086996,0.1232659502703086,0.1492245857094758,,,,,,,SRB00040
2018-08-20,2232.57,0.0,27.35,0.023268531760731934,0.047912843601638264,0.034871801829460064,0.1447553714702903,0.07004100939190407,0.034641854563516365,0.0689829928485267,0.1225535659582648,0.14833459059868706,8.3,0.071,0.5304749,365.0,3.0,0.0288,SRB00040
2018-08-21,2196.86,0.0,28.16,0.0231521847913043,0.0479831119225565,0.0350508283589641,0.1441310106235102,0.0693888082290495,0.0343053565427979,0.0689713376100574,0.121841181646221,0.1474445954878983,,,,,,,SRB00040
2018-08-22,2122.24,0.0,28.79,0.03089665393358965,0.05344097634096055,0.03983110101240985,0.14407940717332784,0.0776046683523489,0.0408489671296077,0.0689596823715881,0.12112879733417721,0.14655460037710955,,,,,,,SRB00040
2018-08-23,2022.02,0.03,27.9,0.038641123075875,0.0588988407593646,0.0446113736658556,0.1440278037231455,0.0858205284756483,0.0473925777164175,0.0689480271331188,0.1204164130221334,0.1456646052663208,,,,,,,SRB00040
2018-08-24,1926.53,0.02,27.39,0.0363319392936292,0.05752854633188184,0.04349644488775578,0.14326150905108803,0.08347265688557265,0.04567780345170278,0.06782128397901642,0.11910171936929183,0.14332247971177617,,,,,,,SRB00040
2018-08-25,1852.53,0.85,26.35,0.0340227555113834,0.05615825190439908,0.04238151610965596,0.14249521437903057,0.08112478529549698,0.04396302918698806,0.06669454082491404,0.11778702571645025,0.14098035415723156,,,,,,,SRB00040
2018-08-26,1806.17,14.33,19.73,0.0317135717291376,0.05478795747691632,0.041266587331556144,0.14172891970697313,0.07877691370542132,0.04224825492227334,0.06556779767081167,0.11647233206360866,0.13863822860268693,,,,,,,SRB00040
2018-08-27,1814.52,4.85,18.6,0.029404387946891798,0.05341766304943356,0.04015165855345632,0.14096262503491566,0.07642904211534565,0.040533480657558615,0.06444105451670928,0.11515763841076708,0.13629610304814233,,,,,,,SRB00040
2018-08-28,1922.09,0.01,21.48,0.027095204164646,0.0520473686219508,0.0390367297753565,0.1401963303628582,0.07408117052527,0.0388187063928439,0.0633143113626069,0.1138429447579255,0.1339539774935977,,,,,,,SRB00040
2018-08-29,2186.76,0.0,22.94,0.0274575460291357,0.054369738059438275,0.04097471092381115,0.146938319592256,0.07387936442378001,0.037398588351512926,0.07378864577864667,0.12164541590356379,0.14113336809549157,,,,,,,SRB00040
2018-08-30,2684.34,0.0,24.23,0.0278198878936254,0.05669210749692575,0.0429126920722658,0.15368030882165384,0.07367755832229005,0.03597847031018195,0.08426298019468646,0.12944788704920207,0.14831275869738544,,,,,,,SRB00040
2018-08-31,3053.92,1.15,24.63,0.05150350314982357,0.07363426278607284,0.0595252053978951,0.16149532873644212,0.0894510770808274,0.0549195463400496,0.09473731461072624,0.13725035819484033,0.15549214929927935,,,,,,,SRB00040
2018-09-01,3032.89,2.52,25.55,0.07518711840602174,0.09057641807521992,0.0761377187235244,0.16931034865123043,0.10522459583936475,0.07386062236991725,0.10521164902676602,0.1450528293404786,0.16267153990117322,,,,,,,SRB00040
2018-09-02,2869.78,1.48,25.15,0.0988707336622199,0.107518573364367,0.0927502320491537,0.1771253685660187,0.1209981145979021,0.0928016983997849,0.1156859834428058,0.1528553004861169,0.1698509305030671,,,,,,,SRB00040
2018-09-03,2785.12,9.8,23.59,0.08186208859789945,0.0949756432842649,0.0815557183530223,0.16472954692675473,0.10592412732247942,0.07679402356715033,0.12273744187048366,0.16162079092009415,0.1793070451330304,,,,,,,SRB00040
2018-09-04,2929.89,5.35,20.02,0.064853443533579,0.0824327132041628,0.0703612046568909,0.15233372528749076,0.09085014004705676,0.06078634873451575,0.12978890029816154,0.1703862813540714,0.1887631597629937,,,,,,,SRB00040
2018-09-05,3348.66,2.42,20.79,0.047844798469258557,0.0698897831240607,0.0591666909607595,0.13993790364822678,0.07577615277163408,0.04477867390188117,0.13684035872583938,0.1791517717880487,0.198219274392957,,,,,,,SRB00040
2018-09-06,3818.44,0.05,21.75,0.0308361534049381,0.0573468530439586,0.0479721772646281,0.1275420820089628,0.0607021654962114,0.0287709990692466,0.14389181715351723,0.18791726222202595,0.20767538902292032,,,,,,,SRB00040
2018-09-07,4026.17,0.27,21.53,0.1059912547739947,0.1326297488787976,0.1215842620845578,0.213664154667395,0.1619524909429367,0.1215300139462739,0.1509432755811951,0.1966827526560032,0.2171315036528836,,,,,,,SRB00040
2018-09-08,4016.91,0.67,22.11,0.09383499156410716,0.12004378144374919,0.10886928384002197,0.196975442961569,0.1466148467412608,0.10736312957612072,0.13569436227853277,0.17896158457533956,0.19922176940355737,,,,,,,SRB00040
2018-09-09,3862.67,0.0,21.36,0.08167872835421962,0.10745781400870076,0.09615430559548613,0.18028673125574302,0.13127720253958491,0.09319624520596753,0.12044544897587042,0.16124041649467588,0.1813120351542311,,,,,,,SRB00040
2018-09-10,3621.43,0.0,20.87,0.06952246514433208,0.09487184657365234,0.08343932735095028,0.163598019549917,0.115939558337909,0.07902936083581436,0.10519653567320808,0.14351924841401223,0.16340230090490487,7.8,0.127,1.14898606,367.0,1.0,0.0078,SRB00040
2018-09-11,3340.95,0.0,21.61,0.05736620193444454,0.08228587913860391,0.07072434910641444,0.146909307844091,0.1006019141362331,0.06486247646566118,0.08994762237054574,0.12579808033334855,0.14549256665557864,,,,,,,SRB00040
2018-09-12,3089.3,0.0,23.95,0.045209938724557,0.0696999117035555,0.0580093708618786,0.130220596138265,0.0852642699345572,0.050695592095508,0.0746987090678834,0.1080769122526849,0.1275828324062524,,,,,,,SRB00040
2018-09-13,2883.03,0.0,24.15,0.037182015072812866,0.06035408906475623,0.04864870343767687,0.13151369402298996,0.07976884609247373,0.0440116479546715,0.07430407373892366,0.10743011742923744,0.12667613994164909,,,,,,,SRB00040
2018-09-14,2702.96,0.01,24.72,0.029154091421068732,0.05100826642595696,0.039288036013475136,0.13280679190771494,0.07427342225039027,0.037327703813835,0.0739094384099639,0.10678332260578999,0.1257694474770458,,,,,,,SRB00040
2018-09-15,2539.97,0.08,22.4,0.0211261677693246,0.0416624437871577,0.0299273685892734,0.1340998897924399,0.0687779984083068,0.0306437596729985,0.07351480308100417,0.10613652778234253,0.12486275501244248,,,,,,,SRB00040
2018-09-16,2386.81,0.0,20.98,0.0219133307041027,0.04280790045378538,0.030916037268315617,0.13343659379140788,0.06897857338450435,0.031096416423555345,0.07312016775204443,0.10548973295889508,0.12395606254783918,,,,,,,SRB00040
2018-09-17,2274.1,0.0,21.07,0.022700493638880805,0.04395335712041306,0.03190470594735783,0.13277329779037586,0.0691791483607019,0.03154907317411219,0.07272553242308467,0.10484293813544762,0.12304937008323588,,,,,,,SRB00040
2018-09-18,2217.2,0.0,21.84,0.023487656573658908,0.04509881378704075,0.032893374626400046,0.13211000178934384,0.06937972333689944,0.032001729924669035,0.07233089709412494,0.10419614331200017,0.12214267761863258,,,,,,,SRB00040
2018-09-19,2232.57,0.0,22.92,0.02427481950843701,0.046244270453668426,0.03388204330544226,0.13144670578831183,0.06958029831309698,0.03245438667522588,0.07193626176516518,0.10354934848855271,0.12123598515402927,,,,,,,SRB00040
2018-09-20,2300.44,0.0,22.54,0.025061982443215117,0.047389727120296106,0.03487071198448448,0.13078340978727981,0.06978087328929453,0.03290704342578272,0.07154162643620544,0.10290255366510526,0.12032929268942597,,,,,,,SRB00040
2018-09-21,2311.07,0.0,22.53,0.02584914537799322,0.048535183786923786,0.035859380663526695,0.13012011378624777,0.06998144826549207,0.03335970017633957,0.0711469911072457,0.1022557588416578,0.11942260022482266,,,,,,,SRB00040
2018-09-22,2248.05,0.08,18.47,0.026636308312771324,0.049680640453551465,0.03684804934256891,0.12945681778521576,0.07018202324168962,0.03381235692689641,0.07075235577828595,0.10160896401821035,0.11851590776021936,,,,,,,SRB00040
2018-09-23,2161.72,0.03,18.51,0.027423471247549427,0.050826097120179145,0.03783671802161113,0.12879352178418374,0.07038259821788717,0.03426501367745325,0.07035772044932621,0.10096216919476289,0.11760921529561605,,,,,,,SRB00040
2018-09-24,2083.49,8.86,14.48,0.02821063418232753,0.05197155378680683,0.038825386700653344,0.12813022578315172,0.07058317319408472,0.0347176704280101,0.06996308512036647,0.10031537437131544,0.11670252283101275,,,,,,,SRB00040
2018-09-25,2036.04,0.0,10.65,0.028997797117105633,0.05311701045343451,0.03981405537969556,0.1274669297821197,0.07078374817028227,0.03517032717856694,0.06956844979140672,0.09966857954786797,0.11579583036640945,,,,,,,SRB00040
2018-09-26,2026.68,0.0,10.66,0.029784960051883736,0.05426246712006219,0.04080272405873777,0.1268036337810877,0.07098432314647982,0.03562298392912378,0.06917381446244698,0.09902178472442051,0.11488913790180615,,,,,,,SRB00040
2018-09-27,2069.14,0.0,12.72,0.030572122986661843,0.05540792378668987,0.04179139273777999,0.12614033778005568,0.07118489812267736,0.03607564067968063,0.06877917913348724,0.09837498990097306,0.11398244543720283,,,,,,,SRB00040
2018-09-28,2207.01,0.0,15.16,0.031359285921439946,0.05655338045331755,0.0427800614168222,0.12547704177902366,0.0713854730988749,0.03652829743023747,0.06838454380452749,0.0977281950775256,0.11307575297259953,,,,,,,SRB00040
2018-09-29,2420.03,0.0,13.66,0.03214644885621805,0.05769883711994524,0.04376873009586442,0.12481374577799163,0.07158604807507245,0.03698095418079431,0.06798990847556775,0.09708140025407815,0.11216906050799623,,,,,,,SRB00040
2018-09-30,2499.35,0.0,11.42,0.03293361179099615,0.05884429378657292,0.044757398774906636,0.12415044977695962,0.07178662305127,0.03743361093135116,0.06759527314660801,0.09643460543063069,0.11126236804339293,,,,,,,SRB00040
2018-10-01,2420.03,0.0,13.54,0.033720774725774255,0.059989750453200597,0.04574606745394885,0.1234871537759276,0.07198719802746754,0.037886267681908004,0.06720063781764826,0.09578781060718324,0.11035567557878961,,,,,,,SRB00040
2018-10-02,2274.1,0.41,11.5,0.03494838096322711,0.060462217517263696,0.04601059264812064,0.12114514809734275,0.07331474440878592,0.03901081865200312,0.06680600248868852,0.09514101578373578,0.10944898311418631,9.0,0.102,1.27991178,412.0,1.7,,SRB00040
2018-10-03,2136.96,0.0,12.59,0.03617598720067997,0.0609346845813268,0.046275117842292435,0.1188031424187579,0.0746422907901043,0.04013536962209824,0.06641136715972877,0.09449422096028832,0.10854229064958301,,,,,,,SRB00040
2018-10-04,2022.02,0.0,13.37,0.03740359343813283,0.0614071516453899,0.046539643036464226,0.11646113674017305,0.07596983717142267,0.041259920592193355,0.06601673183076903,0.09384742613684087,0.10763559818497971,,,,,,,SRB00040
2018-10-05,1944.36,0.0,13.88,0.03863119967558568,0.061879618709453,0.04680416823063602,0.11411913106158819,0.07729738355274104,0.042384471562288466,0.0656220965018093,0.09320063131339341,0.1067289057203764,,,,,,,SRB00040
2018-10-06,1922.09,0.01,17.48,0.039858805913038545,0.06235208577351611,0.04706869342480781,0.11177712538300334,0.07862492993405942,0.04350902253238358,0.06522746117284954,0.09255383648994596,0.1058222132557731,,,,,,,SRB00040
2018-10-07,1975.97,0.2,18.64,0.0410864121504914,0.0628245528375792,0.0473332186189796,0.1094351197044185,0.0799524763153778,0.0446335735024787,0.0648328258438898,0.0919070416664985,0.1049155207911698,,,,,,,SRB00040
2018-10-08,2059.63,0.7,18.34,0.04317564725943672,0.06334097227692259,0.04831859537514784,0.11025200843147835,0.08196048764872986,0.04655797363232334,0.06557381653034312,0.0922822906355566,0.10546997195716684,,,,,,,SRB00040
2018-10-09,2078.7,0.0,17.64,0.04526488236838204,0.06385739171626596,0.04930397213131608,0.11106889715853821,0.08396849898208192,0.048482373762167984,0.06631480721679645,0.0926575396046147,0.10602442312316387,,,,,,,SRB00040
2018-10-10,2031.36,0.0,16.87,0.04735411747732736,0.06437381115560935,0.05028934888748432,0.11188578588559808,0.08597651031543398,0.05040677389201262,0.06705579790324975,0.0930327885736728,0.10657887428916092,,,,,,,SRB00040
2018-10-11,1980.53,0.0,16.15,0.04944335258627268,0.06489023059495272,0.051274725643652555,0.11270267461265794,0.08798452164878603,0.05233117402185726,0.06779678858970307,0.0934080375427309,0.10713332545515795,,,,,,,SRB00040
2018-10-12,1953.34,0.0,15.74,0.051532587695218,0.0654066500342961,0.0522601023998208,0.1135195633397178,0.0899925329821381,0.0542555741517019,0.0685377792761564,0.093783286511789,0.107687776621155,,,,,,,SRB00040
2018-10-13,1948.84,0.0,15.83,0.05041629377747688,0.06528691360950255,0.0523811238895449,0.11309726426941116,0.09004698030088658,0.05424067864857404,0.06847958747279874,0.0933097279474536,0.1066696687058425,,,,,,,SRB00040
2018-10-14,1930.97,0.0,14.74,0.04929999985973576,0.06516717718470899,0.052502145379269,0.11267496519910453,0.09010142761963506,0.05422578314544618,0.06842139566944108,0.0928361693831182,0.10565156079053001,,,,,,,SRB00040
2018-10-15,1869.68,0.0,15.06,0.04818370594199464,0.06504744075991542,0.0526231668689931,0.11225266612879788,0.09015587493838353,0.05421088764231832,0.06836320386608341,0.09236261081878279,0.1046334528752175,,,,,,,SRB00040
2018-10-16,1789.61,0.0,15.13,0.04706741202425352,0.06492770433512186,0.0527441883587172,0.11183036705849124,0.09021032225713202,0.05419599213919046,0.06830501206272575,0.09188905225444739,0.103615344959905,,,,,,,SRB00040
2018-10-17,1712.96,0.0,15.5,0.0459511181065124,0.0648079679103283,0.0528652098484413,0.1114080679881846,0.0902647695758805,0.0541810966360626,0.0682468202593681,0.091415493690112,0.1025972370445925,,,,,,,SRB00040
2018-10-18,1647.16,0.4,15.78,0.05561550005877712,0.0741175780660848,0.06287650164528948,0.1226002233372371,0.103103519607607,0.0667314997188039,0.07930719029317848,0.102254558955739,0.1136013458322151,,,,,,,SRB00040
2018-10-19,1598.56,1.89,15.67,0.06527988201104185,0.0834271882218413,0.07288779344213764,0.1337923786862896,0.11594226963933349,0.0792819028015452,0.09036756032698885,0.113093624221366,0.1246054546198377,,,,,,,SRB00040
2018-10-20,1562.15,2.42,14.01,0.07494426396330656,0.09273679837759778,0.08289908523898581,0.1449845340353421,0.12878101967105998,0.09183230588428651,0.10142793036079924,0.123932689486993,0.1356095634074603,,,,,,,SRB00040
2018-10-21,1537.15,0.02,11.27,0.08460864591557128,0.10204640853335428,0.09291037703583399,0.15617668938439458,0.14161976970278647,0.10438270896702781,0.11248830039460961,0.13477175475262,0.1466136721950829,,,,,,,SRB00040
2018-10-22,1516.05,0.06,10.33,0.094273027867836,0.11135601868911077,0.10292166883268217,0.16736884473344707,0.15445851973451297,0.1169331120497691,0.12354867042842,0.145610820018247,0.15761778098270549,,,,,,,SRB00040
2018-10-23,1495.24,0.0,11.65,0.10393740982010072,0.12066562884486726,0.11293296062953034,0.17856100008249956,0.16729726976623946,0.1294835151325104,0.13460904046223038,0.156449885283874,0.1686218897703281,,,,,,,SRB00040
2018-10-24,1478.11,2.07,11.14,0.11360179177236544,0.12997523900062374,0.1229442524263785,0.18975315543155205,0.18013601979796595,0.14203391821525171,0.14566941049604076,0.167288950549501,0.1796259985579507,,,,,,,SRB00040
2018-10-25,1464.55,0.01,9.08,0.12326617372463017,0.13928484915638023,0.1329555442232267,0.20094531078060457,0.19297476982969244,0.154584321297993,0.15672978052985115,0.178128015815128,0.19063010734557329,,,,,,,SRB00040
2018-10-26,1457.81,0.0,13.55,0.13293055567689488,0.14859445931213675,0.14296683602007484,0.21213746612965706,0.20581351986141894,0.1671347243807343,0.1677901505636615,0.188967081080755,0.20163421613319588,,,,,,,SRB00040
2018-10-27,1457.81,0.0,18.7,0.1425949376291596,0.15790406946789323,0.15297812781692302,0.22332962147870955,0.21865226989314543,0.1796851274634756,0.1788505205974719,0.199806146346382,0.21263832492081847,,,,,,,SRB00040
2018-10-28,1498.69,2.96,19.08,0.15225931958142433,0.16721367962364972,0.1629894196137712,0.23452177682776204,0.23149101992487192,0.1922355305462169,0.18991089063128228,0.210645211612009,0.22364243370844109,,,,,,,SRB00040
2018-10-29,1728.82,0.07,19.9,0.16192370153368904,0.1765232897794062,0.17300071141061937,0.24571393217681453,0.2443297699565984,0.2047859336289582,0.20097126066509266,0.221484276877636,0.23464654249606368,,,,,,,SRB00040
2018-10-30,2176.71,2.39,17.49,0.17158808348595375,0.1858328999351627,0.18301200320746755,0.256906087525867,0.2571685199883249,0.2173363367116995,0.21203163069890305,0.232323342143263,0.24565065128368627,,,,,,,SRB00040
2018-10-31,2436.81,0.0,14.24,0.1812524654382185,0.1951425100909192,0.19302329500431573,0.2680982428749195,0.2700072700200514,0.2298867397944408,0.2230920007327134,0.24316240740889,0.2566547600713089,,,,,,,SRB00040
2018-11-01,2641.41,0.1,16.78,0.1909168473904832,0.2044521202466757,0.2030345868011639,0.279290398223972,0.2828460200517779,0.2424371428771821,0.2341523707665238,0.254001472674517,0.2676588688589315,,,,,,,SRB00040
2018-11-02,2929.89,0.14,17.53,0.1676088015721616,0.1853881378992936,0.1865536065156084,0.24855373290608057,0.2419416601376996,0.20338215893743916,0.21435452941341443,0.22752989911994045,0.23957377062385637,,,,,,,SRB00040
2018-11-03,3110.72,0.01,17.2,0.14430075575384,0.1663241555519115,0.1700726262300529,0.2178170675881891,0.20103730022362132,0.16432717499769625,0.19455668806030507,0.2010583255653639,0.21148867238878127,,,,,,,SRB00040
2018-11-04,3068.02,0.0,14.2,0.1209927099355184,0.1472601732045294,0.1535916459444974,0.18708040227029768,0.16013294030954306,0.12527219105795334,0.17475884670719571,0.17458675201078738,0.1834035741537062,,,,,,,SRB00040
2018-11-05,2903.02,0.0,12.17,0.0976846641171968,0.12819619085714729,0.13711066565894192,0.15634373695240622,0.11922858039546477,0.0862172071182104,0.15496100535408636,0.14811517845621083,0.1553184759186311,,,,,,,SRB00040
2018-11-06,2715.44,0.0,11.68,0.0743766182988752,0.1091322085097652,0.1206296853733864,0.1256070716345148,0.0783242204813865,0.0471622231784675,0.135163164000977,0.1216436049016343,0.127233377683556,,,,,,,SRB00040
2018-11-07,2545.83,0.0,12.17,0.06940874957786963,0.10516239892381407,0.11306957467664377,0.1155500737101437,0.0771043582451612,0.04587394067884247,0.12682081344252494,0.11322249852722494,0.11913850914122218,,,,,,,SRB00040
2018-11-08,2397.83,0.0,10.68,0.06444088085686406,0.10119258933786293,0.10550946397990113,0.10549307578577259,0.0758844960089359,0.04458565817921743,0.11847846288407288,0.10480139215281559,0.11104364059888835,,,,,,,SRB00040
2018-11-09,2279.34,0.0,8.98,0.0594730121358585,0.0972227797519118,0.0979493532831585,0.0954360778614015,0.0746646337727106,0.0432973756795924,0.11013611232562082,0.09638028577840622,0.10294877205655455,,,,,,,SRB00040
2018-11-10,2171.7,0.0,9.18,0.06708632157033584,0.09765818946728885,0.0936968821198022,0.0932340115876044,0.07755651124352385,0.0466985580452635,0.10179376176716876,0.08795917940399686,0.09485390351422072,,,,,,,SRB00040
2018-11-11,2073.91,0.0,11.76,0.0746996310048132,0.0980935991826659,0.0894444109564459,0.0910319453138073,0.0804483887143371,0.0500997404109346,0.0934514112087167,0.0795380730295875,0.0867590349718869,,,,,,,SRB00040
2018-11-12,1985.1,0.0,12.68,0.07027588680073266,0.09355418608461766,0.08440169255211248,0.08957408040387162,0.08069073036600874,0.050291711544550165,0.0889247636146495,0.07757548402189708,0.08460574515386986,,,,,,,SRB00040
2018-11-13,1913.26,0.0,12.28,0.06585214259665212,0.08901477298656942,0.07935897414777907,0.08811621549393595,0.08093307201768038,0.05048368267816572,0.0843981160205823,0.07561289501420666,0.08245245533585283,,,,,,,SRB00040
2018-11-14,1848.27,0.0,10.43,0.061428398392571575,0.08447535988852119,0.07431625574344564,0.08665835058400026,0.08117541366935202,0.05067565381178128,0.0798714684265151,0.07365030600651623,0.08029916551783578,,,,,,,SRB00040
2018-11-15,1793.73,0.0,7.27,0.05700465418849104,0.07993594679047294,0.06927353733911222,0.08520048567406459,0.08141775532102366,0.05086762494539684,0.0753448208324479,0.07168771699882581,0.07814587569981875,,,,,,,SRB00040
2018-11-16,1744.82,0.0,6.09,0.0525809099844105,0.0753965336924247,0.0642308189347788,0.0837426207641289,0.0816600969726953,0.0510595960790124,0.0708181732383807,0.0697251279911354,0.0759925858818017,,,,,,,SRB00040
2018-11-17,1701.16,0.0,3.13,0.055990546400206787,0.07815017946575913,0.06737990757433915,0.08731595561468257,0.0853565495064969,0.05477988672530575,0.07849619908503694,0.07752990463367301,0.0836228900886501,,,,,,,SRB00040
2018-11-18,1662.41,3.1,1.58,0.059400182816003066,0.08090382523909355,0.0705289962138995,0.09088929046523625,0.08905300204029849,0.0585001773715991,0.08617422493169319,0.08533468127621065,0.09125319429549852,,,,,,,SRB00040
2018-11-19,1628.3,1.87,1.75,0.06280981923179935,0.08365747101242799,0.07367808485345985,0.09446262531578992,0.0927494545741001,0.06222046801789245,0.09385225077834942,0.09313945791874827,0.09888349850234693,10.7,0.061,1.31828656,427.0,1.2,,SRB00040
2018-11-20,1598.56,8.62,3.11,0.06621945564759563,0.08641111678576241,0.07682717349302019,0.09803596016634358,0.09644590710790168,0.0659407586641858,0.10153027662500566,0.1009442345612859,0.10651380270919533,,,,,,,SRB00040
2018-11-21,1576.61,1.31,3.69,0.06962909206339192,0.08916476255909683,0.07997626213258055,0.10160929501689725,0.10014235964170329,0.06966104931047916,0.1092083024716619,0.10874901120382352,0.11414410691604375,,,,,,,SRB00040
2018-11-22,1565.75,0.04,3.61,0.0730387284791882,0.09191840833243126,0.0831253507721409,0.10518262986745093,0.10383881217550489,0.0733813399567725,0.11688632831831813,0.11655378784636114,0.12177441112289215,,,,,,,SRB00040
2018-11-23,1565.75,0.0,2.87,0.07644836489498448,0.09467205410576568,0.08627443941170124,0.1087559647180046,0.10753526470930648,0.07710163060306585,0.12456435416497438,0.12435856448889877,0.12940471532974057,,,,,,,SRB00040
2018-11-24,1562.15,0.36,4.32,0.07985800131078077,0.0974256998791001,0.08942352805126158,0.11232929956855826,0.11123171724310808,0.0808219212493592,0.13224238001163063,0.1321633411314364,0.13703501953658898,,,,,,,SRB00040
2018-11-25,1554.97,7.49,7.25,0.08326763772657705,0.10017934565243454,0.09257261669082194,0.11590263441911194,0.11492816977690967,0.08454221189565256,0.13992040585828686,0.13996811777397403,0.14466532374343738,,,,,,,SRB00040
2018-11-26,1551.39,4.38,7.58,0.08667727414237333,0.10293299142576896,0.09572170533038228,0.11947596926966561,0.11862462231071128,0.08826250254194591,0.1475984317049431,0.14777289441651165,0.15229562795028578,,,,,,,SRB00040
2018-11-27,1558.55,1.94,4.53,0.09008691055816961,0.10568663719910339,0.09887079396994262,0.12304930412021928,0.12232107484451288,0.09198279318823925,0.15527645755159933,0.15557767105904927,0.1599259321571342,,,,,,,SRB00040
2018-11-28,1598.56,2.4,0.08,0.0934965469739659,0.10844028297243781,0.10201988260950298,0.12662263897077294,0.12601752737831448,0.0957030838345326,0.16295448339825558,0.16338244770158689,0.1675562363639826,,,,,,,SRB00040
2018-11-29,1685.55,0.06,-2.6,0.09690618338976219,0.11119392874577223,0.10516897124906333,0.1301959738213266,0.12971397991211606,0.09942337448082596,0.17063250924491183,0.1711872243441245,0.17518654057083102,,,,,,,SRB00040
2018-11-30,1760.98,0.0,-4.37,0.10031581980555847,0.11394757451910667,0.10831805988862367,0.13376930867188028,0.13341043244591766,0.10314366512711931,0.17831053509156805,0.17899200098666215,0.18281684477767943,,,,,,,SRB00040
2018-12-01,1822.9,0.0,-2.67,0.10372545622135475,0.1167012202924411,0.11146714852818403,0.13734264352243397,0.13710688497971926,0.10686395577341266,0.1859885609382243,0.18679677762919977,0.19044714898452783,,,,,,,SRB00040
2018-12-02,1908.85,0.02,0.2,0.10713509263715104,0.11945486606577552,0.11461623716774437,0.14091597837298764,0.14080333751352087,0.11058424641970602,0.19366658678488052,0.1946015542717374,0.19807745319137623,,,,,,,SRB00040
2018-12-03,1957.84,1.51,4.41,0.11054472905294732,0.12220851183910994,0.11776532580730471,0.1444893132235413,0.14449979004732247,0.11430453706599936,0.20134461263153677,0.202406330914275,0.20570775739822464,,,,,,,SRB00040
2018-12-04,1913.26,3.87,6.72,0.1139543654687436,0.12496215761244436,0.12091441444686507,0.14806264807409497,0.14819624258112404,0.11802482771229271,0.20902263847819302,0.21021110755681263,0.21333806160507304,,,,,,,SRB00040
2018-12-05,1810.34,0.02,2.04,0.11736400188453988,0.1277158033857788,0.12406350308642541,0.15163598292464864,0.15189269511492565,0.12174511835858606,0.21670066432484925,0.21801588419935028,0.22096836581192145,,,,,,,SRB00040
2018-12-06,1716.91,0.0,-0.49,0.12077363830033616,0.1304694491591132,0.12721259172598576,0.1552093177752023,0.15558914764872725,0.1254654090048794,0.2243786901715055,0.2258206608418879,0.22859867001876988,,,,,,,SRB00040
2018-12-07,1709.02,0.0,1.48,0.12418327471613246,0.13322309493244763,0.1303616803655461,0.15878265262575597,0.15928560018252885,0.12918569965117277,0.23205671601816175,0.23362543748442552,0.23622897422561828,,,,,,,SRB00040
2018-12-08,1922.09,3.92,3.88,0.12759291113192872,0.13597674070578208,0.13351076900510644,0.16235598747630967,0.16298205271633046,0.1329059902974661,0.23973474186481797,0.24143021412696314,0.2438592784324667,,,,,,,SRB00040
2018-12-09,2332.46,0.2,4.37,0.13100254754772503,0.1387303864791165,0.13665985764466682,0.16592932232686333,0.16667850525013203,0.13662628094375948,0.24741276771147422,0.24923499076950076,0.2514895826393151,,,,,,,SRB00040
2018-12-10,2575.32,0.54,4.31,0.1344121839635213,0.14148403225245093,0.13980894628422716,0.169502657177417,0.17037495778393363,0.14034657159005282,0.25509079355813047,0.2570397674120384,0.2591198868461635,,,,,,,SRB00040
2018-12-11,2599.16,0.48,1.65,0.1378218203793176,0.14423767802578535,0.1429580349237875,0.17307599202797067,0.17407141031773524,0.14406686223634615,0.2627688194047867,0.264844544054576,0.2667501910530119,12.4,0.066,1.3882641,488.0,1.8,,SRB00040
2018-12-12,2581.26,0.22,1.52,0.15950925575361832,0.16411476866690916,0.16026379580391842,0.18482866017629837,0.14906683091399922,0.12343441775736916,0.2537238043365925,0.253461634927064,0.2545254719864398,,,,,,,SRB00040
2018-12-13,2599.16,0.01,0.45,0.18119669112791909,0.18399185930803297,0.17756955668404933,0.19658132832462608,0.12406225151026323,0.10280197327839218,0.2446787892683983,0.24207872579955197,0.24230075291986777,,,,,,,SRB00040
2018-12-14,2678.17,11.41,-1.23,0.20288412650221982,0.20386894994915677,0.19487531756418028,0.20833399647295378,0.09905767210652722,0.08216952879941519,0.2356337742002041,0.23069581667203995,0.23007603385329572,,,,,,,SRB00040
2018-12-15,2740.57,14.9,-2.38,0.22457156187652055,0.22374604059028058,0.2121810784443112,0.22008666462128149,0.07405309270279122,0.061537084320438196,0.2265887591320099,0.21931290754452792,0.21785131478672365,,,,,,,SRB00040
2018-12-16,2665.86,0.26,-5.46,0.2462589972508213,0.2436231312314044,0.2294868393244421,0.2318393327696092,0.0490485132990552,0.0409046398414612,0.2175437440638157,0.2079299984170159,0.2056265957201516,,,,,,,SRB00040
2018-12-17,2499.35,0.02,-7.44,0.2420007123620907,0.2408779445919686,0.22847463325814102,0.2366997813772966,0.07688817447571196,0.0676303473644344,0.21994852459032757,0.21195069594115146,0.2105395526546347,,,,,,,SRB00040
2018-12-18,2305.75,0.02,-6.59,0.23774242747336008,0.23813275795253283,0.2274624271918399,0.24156022998498403,0.10472783565236872,0.0943560548874076,0.22235330511683943,0.215971393465287,0.2154525095891178,,,,,,,SRB00040
2018-12-19,2122.24,0.03,-4.96,0.2334841425846295,0.23538757131309707,0.2264502211255388,0.24642067859267144,0.13256749682902547,0.1210817624103808,0.22475808564335129,0.21999209098942255,0.2203654665236009,,,,,,,SRB00040
2018-12-20,1966.89,0.1,-5.57,0.2292258576958989,0.23264238467366127,0.2254380150592377,0.2512811272003589,0.16040715800568223,0.147807469933354,0.22716286616986314,0.2240127885135581,0.225278423458084,,,,,,,SRB00040
2018-12-21,1839.77,0.46,0.15,0.22496757280716828,0.22989719803422548,0.2244258089929366,0.2561415758080463,0.188246819182339,0.1745331774563272,0.229567646696375,0.22803348603769363,0.2301913803925671,,,,,,,SRB00040
2018-12-22,1744.82,0.29,5.03,0.2207092879184377,0.22715201139478972,0.2234136029266355,0.2610020244157337,0.21608648035899575,0.2012588849793004,0.23197242722288688,0.2320541835618292,0.23510433732705022,,,,,,,SRB00040
2018-12-23,1677.8,0.39,5.53,0.2164510030297071,0.22440682475535395,0.2224013968603344,0.26586247302342114,0.2439261415356525,0.2279845925022736,0.23437720774939874,0.23607488108596475,0.24001729426153331,,,,,,,SRB00040
2018-12-24,1635.82,1.33,5.67,0.2121927181409765,0.22166163811591816,0.2213891907940333,0.27072292163110856,0.27176580271230927,0.2547103000252468,0.2367819882759106,0.24009557861010028,0.2449302511960164,,,,,,,SRB00040
2018-12-25,1628.3,1.21,-0.21,0.2079344332522459,0.21891645147648237,0.22037698472773218,0.275583370238796,0.29960546388896603,0.28143600754822,0.23918676880242246,0.24411627613423584,0.2498432081304995,,,,,,,SRB00040
2018-12-26,1756.92,0.05,0.35,0.2036761483635153,0.2161712648370466,0.2193647786614311,0.2804438188464834,0.3274451250656228,0.3081617150711932,0.2415915493289343,0.2481369736583714,0.2547561650649826,,,,,,,SRB00040
2018-12-27,2510.89,0.02,1.39,0.19966905209458108,0.21231948188580807,0.2153479329854336,0.27531988769093724,0.32140993598359624,0.3019993461036285,0.2382689186418107,0.24459285774557762,0.25119625960265135,,,,,,,SRB00040
2018-12-28,3596.49,0.15,3.24,0.19566195582564685,0.20846769893456954,0.2113310873094361,0.2701959565353911,0.3153747469015697,0.2958369771360638,0.2349462879546871,0.24104874183278385,0.24763635414032012,,,,,,,SRB00040
2018-12-29,3889.45,0.02,2.22,0.19165485955671263,0.204615915983331,0.2073142416334386,0.265072025379845,0.30933955781954314,0.28967460816849905,0.2316236572675635,0.23750462591999008,0.24407644867798886,,,,,,,SRB00040
2018-12-30,3714.35,1.51,2.41,0.1876477632877784,0.20076413303209248,0.20329739595744112,0.2599480942242988,0.30330436873751665,0.2835122392009344,0.22830102658043988,0.2339605100071963,0.24051654321565763,,,,,,,SRB00040
2018-12-31,3442.5,1.91,3.41,0.18364066701884418,0.19691235008085395,0.19928055028144362,0.25482416306875266,0.2972691796554901,0.27734987023336966,0.22497839589331628,0.23041639409440254,0.23695663775332637,,,,,,,SRB00040
2019-01-01,3161.28,0.08,0.1,0.17963357074991,0.19306056712961542,0.19526370460544612,0.2497002319132065,0.29123399057346355,0.27118750126580493,0.22165576520619268,0.22687227818160877,0.2333967322909951,,,,,,,SRB00040
2019-01-02,2883.03,0.61,1.77,0.17562647448097576,0.18920878417837692,0.19124685892944862,0.24457630075766035,0.285198801491437,0.2650251322982402,0.21833313451906908,0.223328162268815,0.22983682682866388,,,,,,,SRB00040
2019-01-03,2659.72,0.33,-1.41,0.17161937821204154,0.18535700122713838,0.18723001325345112,0.23945236960211422,0.27916361240941046,0.2588627633306755,0.21501050383194548,0.21978404635602122,0.22627692136633262,,,,,,,SRB00040
2019-01-04,2551.7,0.12,-2.92,0.16761228194310732,0.18150521827589985,0.18321316757745362,0.23432843844656806,0.2731284233273839,0.25270039436311076,0.21168787314482188,0.21623993044322745,0.2227170159040014,,,,,,,SRB00040
2019-01-05,2575.32,4.59,-1.66,0.1636051856741731,0.17765343532466132,0.17919632190145615,0.2292045072910219,0.26709323424535736,0.24653802539554603,0.20836524245769825,0.21269581453043368,0.21915711044167013,,,,,,,SRB00040
2019-01-06,2617.18,0.92,-0.45,0.15959808940523887,0.1738016523734228,0.17517947622545865,0.22408057613547577,0.26105804516333087,0.24037565642798134,0.20504261177057465,0.2091516986176399,0.21559720497933887,,,,,,,SRB00040
2019-01-07,2563.48,0.06,-3.7,0.15559099313630465,0.16994986942218426,0.17116263054946115,0.21895664497992962,0.2550228560813043,0.2342132874604166,0.20171998108345104,0.20560758270484614,0.21203729951700764,,,,,,,SRB00040
2019-01-08,2448.06,9.9,-3.46,0.15158389686737042,0.16609808647094573,0.16714578487346365,0.21383271382438346,0.24898766699927777,0.2280509184928519,0.19839735039632744,0.20206346679205237,0.20847739405467638,,,,,,,SRB00040
2019-01-09,2381.32,2.21,-0.48,0.1475768005984362,0.1622463035197072,0.16312893919746616,0.20870878266883733,0.24295247791725122,0.2218885495252872,0.19507471970920384,0.1985193508792586,0.20491748859234515,,,,,,,SRB00040
2019-01-10,2470.72,0.98,-1.65,0.14356970432950197,0.15839452056846867,0.15911209352146866,0.20358485151329117,0.23691728883522467,0.21572618055772247,0.19175208902208024,0.19497523496646482,0.2013575831300139,,,,,,,SRB00040
2019-01-11,2734.27,0.06,-4.06,0.13956260806056775,0.15454273761723014,0.15509524784547118,0.19846092035774504,0.23088209975319812,0.20956381159015774,0.1884294583349566,0.19143111905367105,0.19779767766768264,,,,,,,SRB00040
2019-01-12,2977.52,0.14,-2.88,0.13555551179163355,0.1506909546659916,0.15107840216947369,0.19333698920219888,0.2248469106711716,0.20340144262259302,0.185106827647833,0.18788700314087725,0.1942377722053514,,,,,,,SRB00040
2019-01-13,3075.1,0.1,-0.67,0.13154841552269933,0.14683917171475308,0.1470615564934762,0.18821305804665273,0.21881172158914505,0.1972390736550283,0.1817841969607094,0.18434288722808348,0.19067786674302015,,,,,,,SRB00040
2019-01-14,2998.16,1.82,2.19,0.1275413192537651,0.14298738876351455,0.1430447108174787,0.1830891268911066,0.2127765325071185,0.1910767046874636,0.1784615662735858,0.1807987713152897,0.18711796128068892,,,,,,,SRB00040
2019-01-15,2836.92,0.01,-0.38,0.12353422298483088,0.13913560581227605,0.1390278651414812,0.17796519573556044,0.20674134342509198,0.18491433571989888,0.1751389355864622,0.17725465540249594,0.18355805581835766,,,,,,,SRB00040
2019-01-16,2753.23,0.01,1.76,0.11952712671589666,0.13528382286103752,0.1350110194654837,0.17284126458001428,0.20070615434306543,0.17875196675233415,0.1718163048993386,0.17371053948970216,0.17999815035602643,,,,,,,SRB00040
2019-01-17,3053.92,0.0,3.56,0.11552003044696244,0.131432039909799,0.1309941737894862,0.16771733342446815,0.1946709652610389,0.17258959778476946,0.168493674212215,0.1701664235769084,0.17643824489369517,,,,,,,SRB00040
2019-01-18,3697.28,2.46,1.9,0.11151293417802821,0.12758025695856046,0.12697732811348872,0.162593402268922,0.18863577617901234,0.16642722881720473,0.16517104352509138,0.16662230766411462,0.1728783394313639,,,,,,,SRB00040
2019-01-19,3925.45,1.06,-0.2,0.10750583790909399,0.12372847400732193,0.12296048243749122,0.15746947111337584,0.18260058709698582,0.16026485984964,0.16184841283796778,0.16307819175132085,0.16931843396903268,,,,,,,SRB00040
2019-01-20,3748.73,1.74,-0.41,0.10349874164015978,0.1198766910560834,0.11894363676149372,0.1523455399578297,0.17656539801495927,0.15410249088207528,0.15852578215084417,0.15953407583852708,0.16575852850670142,,,,,,,SRB00040
2019-01-21,3506.52,1.22,-0.65,0.09949164537122555,0.11602490810484486,0.11492679108549622,0.14722160880228355,0.17053020893293272,0.14794012191451056,0.15520315146372057,0.1559899599257333,0.1621986230443702,,,,,,,SRB00040
2019-01-22,3302.7,7.75,-1.25,0.09548454910229133,0.11217312515360633,0.11090994540949872,0.1420976776467374,0.1644950198509062,0.14177775294694586,0.15188052077659697,0.15244584401293954,0.15863871758203893,,,,,,,SRB00040
2019-01-23,3110.72,2.37,-0.62,0.0914774528333571,0.1083213422023678,0.10689309973350124,0.13697374649119126,0.15845983076887965,0.13561538397938114,0.14855789008947337,0.14890172810014576,0.15507881211970767,,,,,,,SRB00040
2019-01-24,2903.02,9.74,-1.88,0.08747035656442288,0.10446955925112929,0.10287625405750374,0.1318498153356451,0.1524246416868531,0.1294530150118164,0.14523525940234974,0.145357612187352,0.15151890665737644,,,,,,,SRB00040
2019-01-25,2690.54,3.67,-3.11,0.08346326029548867,0.10061777629989076,0.09885940838150624,0.12672588418009895,0.14638945260482655,0.1232906460442517,0.14191262871522614,0.14181349627455822,0.14795900119504518,,,,,,,SRB00040
2019-01-26,2499.35,1.34,-3.57,0.07945616402655445,0.09676599334865223,0.09484256270550875,0.1216019530245528,0.14035426352280003,0.11712827707668699,0.13858999802810254,0.13826938036176445,0.14439909573271395,,,,,,,SRB00040
2019-01-27,2337.84,0.02,-2.36,0.07544906775762023,0.0929142103974137,0.09082571702951125,0.11647802186900666,0.13431907444077348,0.11096590810912227,0.13526736734097894,0.13472526444897068,0.1408391902703827,,,,,,,SRB00040
2019-01-28,2196.86,3.26,-0.23,0.071441971488686,0.08906242744617517,0.08680887135351376,0.11135409071346052,0.12828388535874694,0.10480353914155754,0.13194473665385534,0.1311811485361769,0.13727928480805143,,,,,,,SRB00040
2019-01-29,2083.49,0.82,-0.33,0.06743487521975178,0.08521064449493664,0.08279202567751627,0.10623015955791436,0.1222486962767204,0.09864117017399283,0.12862210596673174,0.12763703262338313,0.1337193793457202,,,,,,,SRB00040
2019-01-30,1994.26,0.22,-0.24,0.06342777895081757,0.0813588615436981,0.07877518000151877,0.10110622840236821,0.11621350719469387,0.09247880120642812,0.12529947527960814,0.12409291671058936,0.13015947388338894,,,,,,,SRB00040
2019-01-31,1926.53,0.21,-0.08,0.059420682681883344,0.07750707859245959,0.07475833432552127,0.09598229724682207,0.11017831811266732,0.0863164322388634,0.12197684459248452,0.12054880079779559,0.1265995684210577,12.8,0.127,3.23702556,515.0,1.7,,SRB00040
2019-02-01,1904.46,0.06,3.94,0.05541358641294912,0.07365529564122106,0.07074148864952379,0.09085836609127591,0.10414312903064078,0.08015406327129868,0.1186542139053609,0.11700468488500182,0.12303966295872645,,,,,,,SRB00040
2019-02-02,1913.26,0.06,7.74,0.051406490144014896,0.06980351268998253,0.06672464297352629,0.08573443493572977,0.09810793994861423,0.07399169430373397,0.1153315832182373,0.11346056897220805,0.11947975749639521,,,,,,,SRB00040
2019-02-03,1939.89,5.54,8.1,0.04739939387508068,0.065951729738744,0.06270779729752879,0.08061050378018363,0.0920727508665877,0.06782932533616925,0.1120089525311137,0.10991645305941428,0.11591985203406396,,,,,,,SRB00040
2019-02-04,1953.34,0.04,2.8,0.043392297606146456,0.06209994678750547,0.0586909516215313,0.07548657262463748,0.08603756178456115,0.06166695636860453,0.1086863218439901,0.1063723371466205,0.1123599465717327,,,,,,,SRB00040
2019-02-05,1953.34,1.6,1.36,0.03938520133721223,0.05824816383626694,0.054674105945533805,0.07036264146909132,0.08000237270253462,0.055504587401039814,0.10536369115686649,0.10282822123382672,0.10880004110940146,,,,,,,SRB00040
2019-02-06,2017.37,0.02,1.07,0.035378105068278,0.0543963808850284,0.0506572602695363,0.0652387103135452,0.0739671836205081,0.0493422184334751,0.10204106046974289,0.09928410532103295,0.10524013564707022,,,,,,,SRB00040
2019-02-07,2217.2,0.0,-0.19,0.035971059780638484,0.05518604206877783,0.05164541318379051,0.06517483332549961,0.0746371808713788,0.04993822564680343,0.09871842978261929,0.09573998940823918,0.10168023018473897,,,,,,,SRB00040
2019-02-08,2493.6,0.02,1.75,0.036564014492998974,0.05597570325252726,0.052633566098044725,0.06511095633745402,0.07530717812224949,0.050534232860131756,0.09539579909549567,0.0921958734954454,0.09812032472240773,,,,,,,SRB00040
2019-02-09,2593.18,0.02,0.81,0.03715696920535946,0.05676536443627669,0.05362171901229894,0.06504707934940844,0.0759771753731202,0.051130240073460086,0.09207316840837207,0.08865175758265163,0.09456041926007648,,,,,,,SRB00040
2019-02-10,2487.86,0.0,4.32,0.037749923917719946,0.05755502562002611,0.05460987192655316,0.06498320236136286,0.0766471726239909,0.051726247286788415,0.08875053772124847,0.08510764166985786,0.09100051379774522,,,,,,,SRB00040
2019-02-11,2321.74,9.5,5.39,0.03834287863008043,0.05834468680377554,0.05559802484080737,0.06491932537331728,0.0773171698748616,0.052322254500116745,0.08542790703412485,0.08156352575706409,0.08744060833541398,,,,,,,SRB00040
2019-02-12,2166.7,0.18,2.96,0.03893583334244092,0.05913434798752497,0.056586177755061584,0.06485544838527169,0.0779871671257323,0.05291826171344507,0.08210527634700125,0.07801940984427032,0.08388070287308273,,,,,,,SRB00040
2019-02-13,2050.16,0.0,0.82,0.0395287880548014,0.0599240091712744,0.0575743306693158,0.0647915713972261,0.078657164376603,0.0535142689267734,0.07878264565987765,0.07447529393147655,0.08032079741075149,,,,,,,SRB00040
2019-02-14,2003.47,0.01,4.01,0.04012221637908003,0.060253161565503414,0.05734461992004238,0.06516280112795211,0.08077654553588767,0.055514343361296195,0.07546001497275404,0.07093117801868278,0.07676089194842024,,,,,,,SRB00040
2019-02-15,2083.49,0.0,4.26,0.040715644703358665,0.06058231395973243,0.05711490917076897,0.06553403085867814,0.08289592669517233,0.057514417795819,0.07213738428563043,0.067387062105889,0.07320098648608898,,,,,,,SRB00040
2019-02-16,2295.15,0.0,3.32,0.041309073027637304,0.06091146635396145,0.056885198421495545,0.06590526058940416,0.085015307854457,0.059514492230341796,0.06881475359850683,0.06384294619309523,0.06964108102375774,,,,,,,SRB00040
2019-02-17,2453.71,0.0,5.37,0.041902501351915936,0.061240618748190465,0.05665548767222213,0.06627649032013017,0.08713468901374168,0.061514566664864594,0.06549212291138322,0.06029883028030145,0.0660811755614265,,,,,,,SRB00040
2019-02-18,2459.37,0.0,6.62,0.04249592967619457,0.06156977114241948,0.056425776922948714,0.06664772005085617,0.08925407017302633,0.0635146410993874,0.06216949222425962,0.05675471436750768,0.06252127009909525,,,,,,,SRB00040
2019-02-19,2386.81,0.0,6.03,0.0430893580004732,0.0618989235366485,0.0561960661736753,0.0670189497815822,0.091373451332311,0.0655147155339102,0.058846861537136,0.0532105984547139,0.058961364636764,,,,,,,SRB00040
2019-02-20,2316.39,0.0,5.7,0.04758388433809318,0.06491146857301881,0.05964033817696122,0.07185013740207784,0.09297900740996122,0.06764417811945267,0.06316932005899124,0.05823046558694602,0.06366963137614338,,,,,,,SRB00040
2019-02-21,2263.64,0.02,5.65,0.05207841067571316,0.06792401360938914,0.06308461018024714,0.07668132502257348,0.09458456348761145,0.06977364070499516,0.06749177858084648,0.06325033271917814,0.06837789811552276,,,,,,,SRB00040
2019-02-22,2232.57,4.03,4.78,0.056572937013333144,0.07093655864575946,0.06652888218353306,0.08151251264306912,0.09619011956526166,0.07190310329053763,0.07181423710270173,0.06827019985141027,0.07308616485490214,,,,,,,SRB00040
2019-02-23,2207.01,0.01,-2.34,0.06106746335095312,0.07394910368212979,0.06997315418681897,0.08634370026356476,0.09779567564291189,0.07403256587608012,0.07613669562455697,0.07329006698364238,0.07779443159428152,,,,,,,SRB00040
2019-02-24,2191.81,0.0,-1.7,0.0655619896885731,0.0769616487185001,0.0734174261901049,0.0911748878840604,0.0994012317205621,0.0761620284616226,0.0804591541464122,0.0783099341158745,0.0825026983336609,,,,,,,SRB00040
2019-02-25,2227.44,0.0,0.73,0.0623946375828373,0.07570694985881932,0.0723235137759975,0.08834311184201633,0.09823058971868509,0.07402655533414808,0.0791264110484156,0.07568071637965938,0.08008660258927833,,,,,,,SRB00040
2019-02-26,2436.81,0.05,4.32,0.0592272854771015,0.07445225099913852,0.07122960136189008,0.08551133579997226,0.09705994771680808,0.07189108220667356,0.077793667950419,0.07305149864344426,0.07767050684489574,13.3,0.071,2.65914652,523.0,1.7,,SRB00040
2019-02-27,2791.54,0.0,5.13,0.0560599333713657,0.07319755213945774,0.07013568894778267,0.08267955975792819,0.09588930571493107,0.06975560907919903,0.0764609248524224,0.07042228090722914,0.07525441110051316,,,,,,,SRB00040
2019-02-28,2903.02,0.0,8.13,0.0528925812656299,0.07194285327977694,0.06904177653367526,0.07984778371588412,0.09471866371305405,0.06762013595172452,0.0751281817544258,0.06779306317101402,0.07283831535613057,,,,,,,SRB00040
2019-03-01,2778.71,0.02,10.52,0.0497252291598941,0.07068815442009616,0.06794786411956785,0.07701600767384005,0.09354802171117704,0.06548466282425,0.0737954386564292,0.0651638454347989,0.070422219611748,,,,,,,SRB00040
2019-03-02,2629.27,0.03,6.77,0.04421849433585428,0.0662467370585898,0.06414198515519114,0.07418938203749144,0.09300831114882295,0.06525408940002098,0.07040377654501122,0.0630532169454439,0.0685311909968514,,,,,,,SRB00040
2019-03-03,2575.32,0.04,6.42,0.038711759511814464,0.06180531969708345,0.060336106190814434,0.07136275640114283,0.09246860058646886,0.06502351597579197,0.06701211443359324,0.0609425884560889,0.06664016238195479,,,,,,,SRB00040
2019-03-04,2665.86,0.03,10.59,0.03320502468777464,0.0573639023355771,0.05653022722643772,0.06853613076479423,0.09192889002411478,0.06479294255156294,0.06362045232217525,0.058831959966733904,0.0647491337670582,,,,,,,SRB00040
2019-03-05,2957.01,0.99,9.56,0.02769828986373482,0.052922484974070746,0.05272434826206101,0.06570950512844562,0.09138917946176069,0.06456236912733393,0.06022879021075728,0.0567213314773789,0.0628581051521616,,,,,,,SRB00040
2019-03-06,3302.7,0.0,8.61,0.022191555039695,0.0484810676125644,0.0489184692976843,0.062882879492097,0.0908494688994066,0.0643317957031049,0.0568371280993393,0.0546107029880239,0.060967076537265,,,,,,,SRB00040
2019-03-07,3450.44,0.0,12.45,0.023848057283220946,0.04979673913106438,0.049999206044618036,0.06349755009393107,0.08985354028213466,0.06320346002602377,0.05870036546854281,0.05551530013080129,0.06174846172929553,,,,,,,SRB00040
2019-03-08,3466.37,3.8,13.17,0.02550455952674689,0.05111241064956436,0.05107994279155177,0.06411222069576515,0.08885761166486272,0.062075124348942634,0.060563602837746325,0.05641989727357868,0.06252984692132607,,,,,,,SRB00040
2019-03-09,3458.39,0.2,10.69,0.027161061770272835,0.05242808216806434,0.05216067953848551,0.06472689129759922,0.08786168304759079,0.06094678867186149,0.062426840206949843,0.057324494416356064,0.0633112321133566,,,,,,,SRB00040
2019-03-10,3426.68,0.04,12.46,0.02881756401379878,0.053743753686564325,0.053241416285419244,0.0653415618994333,0.08686575443031885,0.059818452994780356,0.06429007757615335,0.058229091559133445,0.06409261730538714,,,,,,,SRB00040
2019-03-11,3395.25,1.99,7.55,0.030474066257324725,0.05505942520506431,0.05432215303235298,0.06595623250126736,0.08586982581304692,0.05869011731769922,0.06615331494535687,0.05913368870191083,0.06487400249741766,,,,,,,SRB00040
2019-03-12,3418.79,0.1,4.47,0.03213056850085067,0.056375096723564284,0.05540288977928672,0.06657090310310144,0.08487389719577497,0.057561781640618086,0.06801655231456039,0.06003828584468822,0.0656553876894482,,,,,,,SRB00040
2019-03-13,3450.44,0.0,5.45,0.03378707074437662,0.05769076824206427,0.05648362652622046,0.06718557370493551,0.08387796857850303,0.05643344596353695,0.06987978968376389,0.060942882987465606,0.06643677288147873,,,,,,,SRB00040
2019-03-14,3522.71,0.01,6.79,0.03544357298790256,0.05900643976056425,0.057564363273154194,0.06780024430676959,0.0828820399612311,0.05530511028645581,0.07174302705296741,0.06184748013024299,0.06721815807350927,,,,,,,SRB00040
2019-03-15,3604.79,0.04,8.99,0.037100075231428505,0.06032211127906423,0.05864510002008793,0.06841491490860366,0.08188611134395916,0.05417677460937467,0.07360626442217091,0.06275207727302037,0.06799954326553981,,,,,,,SRB00040
2019-03-16,3579.96,0.19,11.3,0.03875657747495445,0.06163778279756421,0.059725836767021666,0.06902958551043774,0.08089018272668723,0.05304843893229354,0.07546950179137443,0.06365667441579777,0.06878092845757033,,,,,,,SRB00040
2019-03-17,3458.39,0.0,13.61,0.0404130797184804,0.0629534543160642,0.0608065735139554,0.0696442561122718,0.0798942541094153,0.0519201032552124,0.07733273916057795,0.06456127155857515,0.06956231364960087,,,,,,,SRB00040
2019-03-18,3450.44,0.1,10.71,0.043094604905359775,0.06573564888718482,0.06526364710002751,0.07186043829054978,0.07962520277052479,0.05274496151800945,0.07919597652978146,0.06546586870135254,0.0703436988416314,,,,,,,SRB00040
2019-03-19,3792.15,0.88,7.81,0.045776130092239145,0.06851784345830544,0.06972072068609961,0.07407662046882775,0.0793561514316343,0.0535698197808065,0.08105921389898497,0.06637046584412992,0.07112508403366194,,,,,,,SRB00040
2019-03-20,4354.12,0.28,7.74,0.04845765527911852,0.07130003802942607,0.07417779427217171,0.07629280264710572,0.0790871000927438,0.05439467804360355,0.08292245126818848,0.06727506298690732,0.07190646922569247,,,,,,,SRB00040
2019-03-21,4644.15,0.0,7.35,0.0511391804659979,0.0740822326005467,0.0786348678582438,0.0785089848253837,0.0788180487538533,0.0552195363064006,0.084785688637392,0.0681796601296847,0.072687854417723,11.0,0.095,1.95937112,380.0,1.0,,SRB00040
2019-03-22,4622.81,0.0,10.23,0.04989264006388038,0.07311040891439481,0.07605215379528883,0.07722038254959002,0.07486535601072505,0.0523352790857971,0.08244561271435316,0.06705863904596272,0.07162118231748608,,,,,,,SRB00040
2019-03-23,4424.88,0.0,11.15,0.04864609966176286,0.07213858522824293,0.07346943973233384,0.07593178027379634,0.07091266326759682,0.0494510218651936,0.08010553679131432,0.06593761796224074,0.07055451021724916,,,,,,,SRB00040
2019-03-24,4139.0,0.0,12.87,0.04739955925964534,0.07116676154209106,0.07088672566937887,0.07464317799800266,0.06695997052446859,0.0465667646445901,0.07776546086827547,0.06481659687851876,0.06948783811701224,,,,,,,SRB00040
2019-03-25,3818.44,2.31,11.26,0.04615301885752782,0.07019493785593918,0.06830401160642388,0.07335457572220898,0.06300727778134034,0.043682507423986605,0.07542538494523664,0.06369557579479677,0.06842116601677532,,,,,,,SRB00040
2019-03-26,3498.45,0.0,7.75,0.0449064784554103,0.0692231141697873,0.0657212975434689,0.0720659734464153,0.0590545850382121,0.0407982502033831,0.0730853090221978,0.0625745547110748,0.0673544939165384,,,,,,,SRB00040
2019-03-27,3257.37,0.0,6.05,0.04623134481362906,0.06903886254007986,0.06451409673763847,0.07402946792011347,0.06200333163680352,0.04317612523995192,0.07237619733578059,0.06425137869746535,0.06917474994890337,,,,,,,SRB00040
2019-03-28,3117.89,0.0,6.75,0.04755621117184782,0.06885461091037243,0.06330689593180802,0.07599296239381166,0.06495207823539494,0.04555400027652074,0.07166708564936336,0.06592820268385588,0.07099500598126832,,,,,,,SRB00040
2019-03-29,3075.1,0.0,8.56,0.048881077530066576,0.06867035928066498,0.062099695125977586,0.07795645686750984,0.06790082483398635,0.04793187531308956,0.07095797396294615,0.06760502667024643,0.07281526201363328,,,,,,,SRB00040
2019-03-30,3032.89,0.0,12.02,0.05020594388828534,0.06848610765095754,0.06089249432014714,0.07991995134120802,0.07084957143257778,0.05030975034965838,0.07024886227652892,0.06928185065663696,0.07463551804599823,,,,,,,SRB00040
2019-03-31,2936.65,0.0,14.39,0.0515308102465041,0.0683018560212501,0.0596852935143167,0.0818834458149062,0.0737983180311692,0.0526876253862272,0.0695397505901117,0.0709586746430275,0.0764557740783632,,,,,,,SRB00040
2019-04-01,2785.12,0.0,14.27,0.0435222687634295,0.0647220492901885,0.0572353201858889,0.0821828002015057,0.07065392350965649,0.0482954946551056,0.07006687259797453,0.07225134597581852,0.0777762540392762,,,,,,,SRB00040
2019-04-02,2629.27,0.0,13.21,0.0355137272803549,0.0611422425591269,0.0547853468574611,0.0824821545881052,0.0675095289881438,0.043903363923984,0.07059399460583736,0.07354401730860952,0.0790967340001892,,,,,,,SRB00040
2019-04-03,2493.6,0.02,12.85,0.03704619638922069,0.061816890069331415,0.055179542645611625,0.08378189470206936,0.06752591417047887,0.04383556644072929,0.07112111661370019,0.07483668864140053,0.0804172139611022,,,,,,,SRB00040
2019-04-04,2403.36,0.0,13.99,0.03857866549808647,0.062491537579535926,0.05557373843376215,0.0850816348160335,0.06754229935281396,0.043767768957474584,0.07164823862156301,0.07612935997419153,0.0817376939220152,,,,,,,SRB00040
2019-04-05,2354.05,4.9,12.59,0.04011113460695225,0.06316618508974045,0.05596793422191267,0.08638137492999765,0.06755868453514903,0.043699971474219876,0.07217536062942584,0.07742203130698254,0.0830581738829282,,,,,,,SRB00040
2019-04-06,2354.05,0.38,12.98,0.04164360371581804,0.06384083259994495,0.05636213001006319,0.08768111504396178,0.06757506971748412,0.04363217399096517,0.07270248263728867,0.07871470263977355,0.0843786538438412,,,,,,,SRB00040
2019-04-07,2392.32,0.2,14.71,0.043176072824683824,0.06451548011014947,0.056756325798213714,0.08898085515792593,0.06759145489981919,0.04356437650771046,0.07322960464515149,0.08000737397256455,0.0856991338047542,,,,,,,SRB00040
2019-04-08,2482.13,0.42,13.72,0.04470854193354961,0.06519012762035399,0.05715052158636424,0.09028059527189009,0.06760784008215426,0.04349657902445575,0.07375672665301432,0.08130004530535556,0.08701961376566719,,,,,,,SRB00040
2019-04-09,2599.16,0.44,15.29,0.04624101104241539,0.06586477513055851,0.05754471737451476,0.09158033538585422,0.06762422526448934,0.04342878154120105,0.07428384866087714,0.08259271663814656,0.0883400937265802,,,,,,,SRB00040
2019-04-10,2659.72,2.03,14.79,0.047773480151281175,0.06653942264076303,0.057938913162665286,0.09288007549981837,0.06764061044682441,0.04336098405794634,0.07481097066873997,0.08388538797093757,0.0896605736874932,,,,,,,SRB00040
2019-04-11,2665.86,14.51,13.13,0.04930594926014696,0.06721407015096754,0.05833310895081581,0.09417981561378251,0.06765699562915949,0.04329318657469163,0.0753380926766028,0.08517805930372858,0.0909810536484062,,,,,,,SRB00040
2019-04-12,2672.01,11.27,9.5,0.05083841836901275,0.06788871766117205,0.05872730473896633,0.09547955572774666,0.06767338081149457,0.043225389091436923,0.07586521468446562,0.08647073063651958,0.0923015336093192,,,,,,,SRB00040
2019-04-13,2721.7,1.03,9.64,0.05237088747787853,0.06856336517137657,0.05912150052711685,0.09677929584171081,0.06768976599382964,0.043157591608182215,0.07639233669232845,0.0877634019693106,0.0936220135702322,,,,,,,SRB00040
2019-04-14,2817.38,0.9,10.41,0.05390335658674431,0.06923801268158108,0.059515696315267375,0.09807903595567495,0.06770615117616473,0.04308979412492751,0.07691945870019128,0.0890560733021016,0.0949424935311452,,,,,,,SRB00040
2019-04-15,2909.72,0.48,10.89,0.0554358256956101,0.0699126601917856,0.0599098921034179,0.0993787760696391,0.0677225363584998,0.0430219966416728,0.0774465807080541,0.0903487446348926,0.0962629734920582,,,,,,,SRB00040
2019-04-16,2943.42,0.0,10.59,0.05377739508233472,0.06865853130987466,0.05809529672104716,0.1011512051625179,0.06989738471279924,0.0447468233051068,0.0760073235776204,0.09042348786113065,0.0970047542470006,,,,,,,SRB00040
2019-04-17,2869.78,0.36,11.41,0.05211896446905934,0.06740440242796372,0.056280701338676416,0.1029236342553967,0.07207223306709869,0.0464716499685408,0.0745680664471867,0.09049823108736868,0.097746535001943,,,,,,,SRB00040
2019-04-18,2734.27,0.01,12.6,0.05046053385578396,0.06615027354605278,0.05446610595630568,0.1046960633482755,0.07424708142139812,0.0481964766319748,0.073128809316753,0.09057297431360672,0.09848831575688541,,,,,,,SRB00040
2019-04-19,2575.32,0.0,14.35,0.048802103242508575,0.06489614466414184,0.05265151057393494,0.1064684924411543,0.07642192977569756,0.0499213032954088,0.07168955218631931,0.09064771753984475,0.0992300965118278,,,,,,,SRB00040
2019-04-20,2442.43,0.0,13.51,0.0471436726292332,0.0636420157822309,0.0508369151915642,0.1082409215340331,0.078596778129997,0.0516461299588428,0.0702502950558856,0.0907224607660828,0.0999718772667702,,,,,,,SRB00040
2019-04-21,2327.09,0.0,14.76,0.04903684037727054,0.0663927246459067,0.053388137786105835,0.11385716756364164,0.08156034429865883,0.05346831419394158,0.07378169043477945,0.09678332288030604,0.10684243938580243,,,,,,,SRB00040
2019-04-22,2232.57,0.03,15.89,0.05093000812530788,0.0691434335095825,0.05593936038064748,0.11947341359325017,0.08452391046732065,0.05529049842904036,0.07731308581367329,0.10284418499452928,0.11371300150483464,,,,,,,SRB00040
2019-04-23,2176.71,1.82,13.62,0.052823175873345216,0.0718941423732583,0.058490582975189116,0.1250896596228587,0.08748747663598246,0.057112682664139144,0.08084448119256712,0.10890504710875251,0.12058356362386687,,,,,,,SRB00040
2019-04-24,2171.7,0.11,18.28,0.05471634362138256,0.0746448512369341,0.06104180556973075,0.13070590565246726,0.09045104280464428,0.05893486689923792,0.08437587657146096,0.11496590922297575,0.12745412574289908,,,,,,,SRB00040
2019-04-25,2232.57,0.03,20.14,0.0566095113694199,0.0773955601006099,0.0635930281642724,0.1363221516820758,0.0934146089733061,0.0607570511343367,0.0879072719503548,0.121026771337199,0.1343246878619313,,,,,,,SRB00040
2019-04-26,2359.48,1.61,22.38,0.056091403153582894,0.07702354656333811,0.06310470353209592,0.13628561239159126,0.09248258570075697,0.05992371647730583,0.08748270220695825,0.12105293626392093,0.13461831477503558,,,,,,,SRB00040
2019-04-27,2505.11,18.41,15.24,0.0555732949377459,0.07665153302606632,0.06261637889991943,0.1362490731011067,0.09155056242820785,0.05909038182027496,0.08705813246356169,0.12107910119064284,0.13491194168813986,,,,,,,SRB00040
2019-04-28,2635.33,0.15,13.95,0.05505518672190889,0.07627951948879455,0.062128054267742955,0.13621253381062218,0.09061853915565872,0.05825704716324409,0.08663356272016513,0.12110526611736477,0.13520556860124416,,,,,,,SRB00040
2019-04-29,2791.54,6.67,12.91,0.05453707850607189,0.07590750595152276,0.06163972963556648,0.13617599452013765,0.0896865158831096,0.05742371250621322,0.08620899297676858,0.12113143104408669,0.13549919551434844,,,,,,,SRB00040
2019-04-30,2957.01,11.45,11.03,0.05401897029023489,0.07553549241425098,0.061151405003389996,0.13613945522965312,0.08875449261056045,0.056590377849182354,0.08578442323337203,0.12115759597080862,0.13579282242745272,,,,,,,SRB00040
2019-05-01,3025.91,2.06,14.07,0.05350086207439789,0.07516347887697919,0.06066308037121352,0.13610291593916857,0.08782246933801133,0.05575704319215148,0.08535985348997546,0.12118376089753054,0.136086449340557,,,,,,,SRB00040
2019-05-02,3012.01,0.04,16.03,0.05298275385856088,0.0747914653397074,0.060174755739037036,0.13606637664868404,0.0868904460654622,0.05492370853512061,0.08493528374657891,0.12120992582425247,0.13638007625366128,,,,,,,SRB00040
2019-05-03,3032.89,1.41,15.11,0.05246464564272388,0.07441945180243563,0.05968643110686056,0.1360298373581995,0.08595842279291308,0.05409037387808974,0.08451071400318236,0.12123609075097438,0.13667370316676558,,,,,,,SRB00040
2019-05-04,3183.2,4.29,15.66,0.05194653742688688,0.07404743826516384,0.05919810647468408,0.13599329806771496,0.08502639952036395,0.05325703922105887,0.08408614425978579,0.12126225567769632,0.13696733007986986,,,,,,,SRB00040
2019-05-05,3364.12,6.47,13.4,0.05142842921104988,0.07367542472789206,0.058709781842507594,0.13595675877723043,0.08409437624781482,0.052423704564028,0.08366157451638924,0.12128842060441825,0.13726095699297414,,,,,,,SRB00040
2019-05-06,3426.68,8.2,7.59,0.05091032099521287,0.07330341119062027,0.05822145721033112,0.1359202194867459,0.0831623529752657,0.05159036990699713,0.08323700477299269,0.12131458553114016,0.13755458390607841,,,,,,,SRB00040
2019-05-07,3530.83,0.36,9.78,0.050392212779375875,0.07293139765334848,0.057733132578154635,0.13588368019626137,0.08223032970271657,0.05075703524996626,0.08281243502959613,0.12134075045786209,0.1378482108191827,,,,,,,SRB00040
2019-05-08,3714.35,0.0,11.86,0.04987410456353887,0.07255938411607671,0.05724480794597816,0.13584714090577682,0.08129830643016743,0.04992370059293539,0.08238786528619957,0.12136691538458401,0.138141837732287,,,,,,,SRB00040
2019-05-09,3818.44,9.75,11.42,0.049355996347701867,0.07218737057880492,0.056756483313801676,0.1358106016152923,0.0803662831576183,0.04909036593590452,0.08196329554280302,0.12139308031130594,0.13843546464539128,,,,,,,SRB00040
2019-05-10,3722.92,1.81,14.03,0.04883788813186487,0.07181535704153313,0.0562681586816252,0.13577406232480776,0.07943425988506918,0.04825703127887365,0.08153872579940646,0.12141924523802786,0.13872909155849555,,,,,,,SRB00040
2019-05-11,3514.6,0.03,17.15,0.048319779916027865,0.07144334350426135,0.055779834049448716,0.13573752303432324,0.07850223661252005,0.04742369662184278,0.08111415605600991,0.12144541016474979,0.13902271847159983,,,,,,,SRB00040
2019-05-12,3317.94,4.12,18.17,0.04780167170019086,0.07107132996698956,0.05529150941727223,0.13570098374383868,0.07757021333997093,0.04659036196481191,0.08068958631261335,0.12147157509147172,0.1393163453847041,,,,,,,SRB00040
2019-05-13,3227.49,7.97,15.94,0.04728356348435386,0.07069931642971779,0.05480318478509576,0.13566444445335415,0.0766381900674218,0.04575702730778104,0.0802650165692168,0.12149774001819363,0.13960997229780842,,,,,,,SRB00040
2019-05-14,3287.52,17.33,8.63,0.04676545526851686,0.070327302892446,0.054314860152919274,0.13562790516286963,0.07570616679487267,0.04492369265075017,0.07984044682582024,0.12152390494491556,0.1399035992109127,,,,,,,SRB00040
2019-05-15,3563.51,18.17,7.17,0.046247347052679855,0.06995528935517421,0.0538265355207428,0.13559136587238507,0.07477414352232355,0.0440903579937193,0.07941587708242367,0.12155006987163748,0.14019722612401697,,,,,,,SRB00040
2019-05-16,4026.17,0.01,10.71,0.04572923883684286,0.06958327581790243,0.053338210888566315,0.13555482658190054,0.07384212024977442,0.04325702333668843,0.07899130733902712,0.12157623479835941,0.14049085303712125,10.7,0.103,1.07900852,349.0,0.7,,SRB00040
2019-05-17,4314.19,0.03,13.33,0.04521113062100585,0.06921126228063064,0.05284988625638984,0.13551828729141602,0.07291009697722528,0.04242368867965756,0.07856673759563057,0.12160239972508133,0.14078447995022553,,,,,,,SRB00040
2019-05-18,4235.43,0.4,16.79,0.04469302240516885,0.06883924874335887,0.052361561624213356,0.1354817480009315,0.07197807370467615,0.04159035402262669,0.07814216785223402,0.12162856465180326,0.14107810686332983,,,,,,,SRB00040
2019-05-19,4016.91,21.97,16.67,0.04417491418933185,0.06846723520608708,0.05187323699203687,0.13544520871044693,0.07104605043212703,0.04075701936559582,0.07771759810883745,0.12165472957852518,0.1413717337764341,,,,,,,SRB00040
2019-05-20,3774.72,1.02,16.17,0.04365680597349485,0.06809522166881529,0.051384912359860396,0.1354086694199624,0.0701140271595779,0.03992368470856495,0.0772930283654409,0.1216808945052471,0.1416653606895384,,,,,,,SRB00040
2019-05-21,3555.31,0.6,15.87,0.0440548878094656,0.06785424410555019,0.05076233507963538,0.13669874297938447,0.07090793356275972,0.0402374458572543,0.07688988273908076,0.12165898639035874,0.1412295073117747,,,,,,,SRB00040
2019-05-22,3395.25,3.04,16.87,0.04445296964543635,0.0676132665422851,0.05013975779941036,0.1379888165388065,0.07170183996594154,0.04055120700594365,0.07648673711272062,0.12163707827547038,0.140793653934011,,,,,,,SRB00040
2019-05-23,3474.36,0.71,15.26,0.0448510514814071,0.06737228897901999,0.04951718051918534,0.13927889009822858,0.07249574636912336,0.040864968154633,0.07608359148636047,0.12161517016058203,0.1403578005562473,,,,,,,SRB00040
2019-05-24,4601.57,0.57,15.36,0.04524913331737785,0.0671313114157549,0.04889460323896032,0.14056896365765062,0.07328965277230517,0.04117872930332235,0.07568044586000033,0.12159326204569366,0.1399219471784836,,,,,,,SRB00040
2019-05-25,6094.37,0.18,18.35,0.0456472151533486,0.0668903338524898,0.0482720259587353,0.1418590372170727,0.074083559175487,0.0414924904520117,0.0752773002336402,0.1215713539308053,0.1394860938007199,,,,,,,SRB00040
2019-05-26,6250.73,0.3,20.02,0.043083610708456115,0.06500698483586206,0.046265739161351876,0.15387109111721245,0.07630161255241184,0.041915317389944654,0.0747927319803844,0.11927628161790119,0.13699704191697107,,,,,,,SRB00040
2019-05-27,5833.45,2.42,18.26,0.04052000626356362,0.06312363581923433,0.04425945236396845,0.1658831450173522,0.07851966592933671,0.04233814432787761,0.07430816372712859,0.11698120930499706,0.1345079900332222,,,,,,,SRB00040
2019-05-28,5469.16,9.38,19.03,0.03795640181867113,0.06124028680260659,0.04225316556658502,0.17789519891749198,0.08073771930626156,0.04276097126581056,0.0738235954738728,0.11468613699209294,0.13201893814947335,,,,,,,SRB00040
2019-05-29,5295.63,7.63,17.68,0.03539279737377864,0.05935693778597885,0.04024687876920159,0.18990725281763174,0.08295577268318641,0.04318379820374352,0.073339027220617,0.11239106467918882,0.1295298862657245,,,,,,,SRB00040
2019-05-30,5283.45,0.83,15.26,0.03282919292888615,0.05747358876935112,0.038240591971818165,0.2019193067177715,0.08517382606011127,0.04360662514167647,0.0728544589673612,0.1100959923662847,0.12704083438197564,,,,,,,SRB00040
2019-05-31,5687.53,5.78,15.51,0.030265588483993657,0.05559023975272338,0.03623430517443474,0.21393136061791126,0.08739187943703612,0.04402945207960943,0.07236989071410539,0.10780092005338059,0.12455178249822679,,,,,,,SRB00040
2019-06-01,6500.3,25.15,16.51,0.027701984039101166,0.05370689073609564,0.03422801837705131,0.22594341451805103,0.08960993281396099,0.04445227901754238,0.0718853224608496,0.10550584774047646,0.12206273061447794,,,,,,,SRB00040
2019-06-02,6759.83,2.46,19.01,0.025138379594208674,0.05182354171946791,0.03222173157966789,0.23795546841819082,0.09182798619088584,0.044875105955475336,0.0714007542075938,0.10321077542757234,0.11957367873072908,,,,,,,SRB00040
2019-06-03,6352.31,2.92,19.08,0.022574775149316183,0.049940192702840176,0.030215444782284457,0.24996752231833058,0.09404603956781069,0.04529793289340829,0.070916185954338,0.10091570311466821,0.11708462684698023,,,,,,,SRB00040
2019-06-04,5806.64,2.85,20.11,0.02001117070442369,0.048056843686212436,0.028209157984901027,0.26197957621847034,0.09626409294473555,0.045720759831341246,0.0704316177010822,0.0986206308017641,0.11459557496323138,,,,,,,SRB00040
2019-06-05,5406.54,4.31,19.79,0.0174475662595312,0.0461734946695847,0.0262028711875176,0.2739916301186101,0.0984821463216604,0.0461435867692742,0.0699470494478264,0.09632555848885999,0.11210652307948252,,,,,,,SRB00040
2019-06-06,5104.05,1.94,20.33,0.02630040341856425,0.052990419205354126,0.03429634574179785,0.2304555097905572,0.08587048375989642,0.04138679275640372,0.0694624811945706,0.09403048617595586,0.10961747119573366,,,,,,,SRB00040
2019-06-07,4840.72,0.15,23.24,0.0351532405775973,0.05980734374112355,0.0423898202960781,0.1869193894625043,0.07325882119813246,0.036629998743533246,0.0689779129413148,0.09173541386305174,0.10712841931198482,,,,,,,SRB00040
2019-06-08,4601.57,0.0,22.81,0.044006077736630345,0.06662426827689297,0.05048329485035835,0.1433832691344514,0.06064715863636848,0.031873204730662776,0.068493344688059,0.08944034155014761,0.10463936742823596,,,,,,,SRB00040
2019-06-09,4445.31,0.0,23.39,0.0528589148956634,0.0734411928126624,0.0585767694046386,0.0998471488063985,0.0480354960746045,0.0271164107177923,0.0680087764348032,0.0871452692372435,0.1021503155444871,,,,,,,SRB00040
2019-06-10,4354.12,0.01,25.24,0.04991107623744194,0.07216160421081909,0.05786015540002477,0.09991774692067432,0.04747697693769674,0.026600355221343505,0.06761658255152714,0.08612602617331105,0.10082094719451556,,,,,,,SRB00040
2019-06-11,4264.8,0.02,24.37,0.04696323757922048,0.07088201560897578,0.05714354139541093,0.09998834503495015,0.04691845780078897,0.026084299724894712,0.06722438866825108,0.08510678310937862,0.09949157884454402,,,,,,,SRB00040
2019-06-12,4148.54,0.01,24.32,0.04401539892099902,0.06960242700713246,0.0564269273907971,0.10005894314922596,0.0463599386638812,0.02556824422844592,0.06683219478497503,0.08408754004544618,0.09816221049457248,,,,,,,SRB00040
2019-06-13,4026.17,0.0,27.04,0.04106756026277756,0.06832283840528915,0.05571031338618326,0.10012954126350179,0.04580141952697343,0.025052188731997126,0.06644000090169896,0.08306829698151375,0.09683284214460093,,,,,,,SRB00040
2019-06-14,3970.92,0.0,26.88,0.0381197216045561,0.06704324980344584,0.05499369938156943,0.10020013937777761,0.04524290039006567,0.024536133235548332,0.0660478070184229,0.0820490539175813,0.0955034737946294,,,,,,,SRB00040
2019-06-15,3961.78,0.0,27.32,0.1032789739014158,0.12095656470929102,0.10509077005979969,0.1672375836131446,0.10748825816739527,0.08500905148681318,0.1230706762899991,0.14547179594785709,0.160918478409026,,,,,,,SRB00040
2019-06-16,3970.92,1.13,27.28,0.16843822619827548,0.1748698796151362,0.15518784073802996,0.2342750278485116,0.16973361594472489,0.14548196973807803,0.1800935455615753,0.2088945379781329,0.22633348302342263,,,,,,,SRB00040
2019-06-17,3961.78,6.58,23.66,0.23359747849513518,0.2287831945209814,0.20528491141626024,0.30131247208387857,0.23197897372205448,0.2059548879893429,0.23711641483315152,0.2723172800084087,0.29174848763781924,7.8,0.142,0.7787823,291.0,1.7,0.0107,SRB00040
2019-06-18,3970.92,3.57,22.0,0.2987567307919949,0.28269650942682656,0.25538198209449053,0.3683499163192456,0.2942243314993841,0.26642780624060775,0.2941392841047277,0.33574002203868447,0.3571634922522159,,,,,,,SRB00040
2019-06-19,4035.45,3.28,23.36,0.3639159830888546,0.3366098243326717,0.3054790527727208,0.4353873605546126,0.3564696892767137,0.3269007244918726,0.3511621533763039,0.3991627640689603,0.4225784968666125,,,,,,,SRB00040
2019-06-20,4091.61,7.15,24.59,0.2060306940969488,0.21117535565988557,0.1905502263011543,0.274930335470551,0.1978402568744177,0.1724146629918226,0.32512703451443387,0.37003492409129707,0.3929598793683942,,,,,,,SRB00040
2019-06-21,4177.3,0.59,25.28,0.048145405105043,0.0857408869870994,0.0756213998295878,0.1144733103864894,0.0392108244721217,0.0179286014917726,0.2990919156525639,0.3409070841136338,0.363341261870176,,,,,,,SRB00040
2019-06-22,4294.36,0.32,25.81,0.050826240466135174,0.08668362271603362,0.07593934737381292,0.11578700895574544,0.04212069598520029,0.020220148033386762,0.27305679679069383,0.3117792441359706,0.33372264437195776,,,,,,,SRB00040
2019-06-23,4374.22,33.72,22.65,0.05350707582722735,0.08762635844496786,0.07625729491803804,0.11710070752500149,0.04503056749827888,0.022511694575000924,0.24702167792882382,0.28265140415830736,0.3041040268737395,,,,,,,SRB00040
2019-06-24,4435.09,5.68,23.05,0.05618791118831953,0.08856909417390207,0.07657524246226317,0.11841440609425752,0.047940439011357465,0.024803241116615086,0.2209865590669538,0.2535235641806441,0.2744854093755213,,,,,,,SRB00040
2019-06-25,4590.98,0.32,25.21,0.058868746549411696,0.08951182990283629,0.0768931900064883,0.11972810466351355,0.050850310524436046,0.02709478765822925,0.19495144020508376,0.22439572420298087,0.24486679187730304,,,,,,,SRB00040
2019-06-26,4796.33,0.0,26.96,0.06154958191050387,0.09045456563177053,0.07721113755071342,0.12104180323276958,0.053760182037514634,0.029386334199843413,0.16891632134321374,0.19526788422531763,0.2152481743790848,,,,,,,SRB00040
2019-06-27,4919.39,0.92,27.48,0.06423041727159605,0.09139730136070474,0.07752908509493855,0.12235550180202562,0.05667005355059322,0.031677880741457574,0.14288120248134373,0.16614004424765438,0.18562955688086658,,,,,,,SRB00040
2019-06-28,4885.52,1.37,23.1,0.06691125263268823,0.09234003708963898,0.07784703263916368,0.12366920037128167,0.05957992506367181,0.033969427283071736,0.11684608361947371,0.13701220426999114,0.15601093938264834,,,,,,,SRB00040
2019-06-29,4676.35,0.0,22.55,0.0695920879937804,0.0932827728185732,0.0781649801833888,0.1249828989405377,0.0624897965767504,0.0362609738246859,0.0908109647576037,0.1078843642923279,0.1263923218844301,,,,,,,SRB00040
2019-06-30,4374.22,0.0,24.16,0.04656193343350755,0.082359401550569,0.07186339212618775,0.1330962912700722,0.06355130994727876,0.033879969535051346,0.09659987307982279,0.11421666474522331,0.13267922676430083,,,,,,,SRB00040
2019-07-01,4119.98,0.0,26.88,0.04582988869963626,0.08104357277360445,0.07033716714210064,0.13115953798834193,0.06260344030918673,0.03322559080712964,0.1023887814020419,0.12054896519811874,0.13896613164417154,,,,,,,SRB00040
2019-07-02,3961.78,0.0,28.45,0.04509784396576497,0.07972774399663989,0.06881094215801353,0.12922278470661167,0.06165557067109471,0.032571212079207934,0.10817768972426099,0.12688126565101415,0.14525303652404228,,,,,,,SRB00040
2019-07-03,3836.07,2.18,25.68,0.044365799231893675,0.07841191521967533,0.06728471717392644,0.12728603142488137,0.06070770103300269,0.03191683335128623,0.1139665980464801,0.13321356610390958,0.151539941403913,,,,,,,SRB00040
2019-07-04,3671.82,1.01,23.95,0.04363375449802238,0.07709608644271078,0.06575849218983933,0.1253492781431511,0.059759831394910666,0.03126245462336452,0.1197555063686992,0.13954586655680498,0.15782684628378374,,,,,,,SRB00040
2019-07-05,3474.36,0.0,25.34,0.042901709764151086,0.07578025766574623,0.06423226720575222,0.12341252486142085,0.058811961756818645,0.030608075895442812,0.1255444146909183,0.1458781670097004,0.16411375116365448,,,,,,,SRB00040
2019-07-06,3302.7,0.01,27.46,0.042169665030279795,0.07446442888878166,0.0627060422216651,0.12147577157969057,0.05786409211872662,0.029953697167521106,0.13133332301313738,0.15221046746259584,0.1704006560435252,,,,,,,SRB00040
2019-07-07,3175.87,11.16,24.85,0.0414376202964085,0.0731486001118171,0.061179817237578,0.1195390182979603,0.0569162224806346,0.0292993184395994,0.1371222313353565,0.15854276791549127,0.17668756092339594,,,,,,,SRB00040
2019-07-08,3060.96,1.74,22.74,0.09925017029992894,0.11283899994018912,0.09793211581287165,0.1551260820039749,0.09596209597731095,0.06797373949391805,0.1429111396575756,0.16487506836838667,0.18297446580326665,,,,,,,SRB00040
2019-07-09,2943.42,7.8,20.54,0.1570627203034494,0.1525293997685611,0.1346844143881653,0.1907131457099895,0.1350079694739873,0.1066481605482367,0.1487000479797947,0.1712073688212821,0.1892613706831374,,,,,,,SRB00040
2019-07-10,2836.92,1.77,18.86,0.14051097962877737,0.1412936221699079,0.12362893100883204,0.18332658649460293,0.12548282441952324,0.09666722771164588,0.1420754455598955,0.1662600997975992,0.18481808407509084,,,,,,,SRB00040
2019-07-11,2746.89,0.0,19.95,0.12395923895410532,0.13005784457125466,0.11257344762949878,0.17594002727921634,0.1159576793650592,0.08668629487505505,0.13545084313999636,0.16131283077391634,0.18037479746704432,,,,,,,SRB00040
2019-07-12,2709.19,0.03,20.26,0.1074074982794333,0.11882206697260143,0.10151796425016552,0.16855346806382976,0.10643253431059516,0.07670536203846423,0.12882624072009718,0.15636556175023347,0.17593151085899777,,,,,,,SRB00040
2019-07-13,2702.96,4.18,18.57,0.09085575760476126,0.10758628937394821,0.09046248087083225,0.1611669088484432,0.0969073892561311,0.06672442920187341,0.12220163830019802,0.15141829272655058,0.17148822425095123,,,,,,,SRB00040
2019-07-14,2690.54,1.5,19.61,0.07430401693008923,0.096350511775295,0.07940699749149897,0.15378034963305662,0.08738224420166706,0.056743496365282586,0.11557703588029884,0.1464710237028677,0.1670449376429047,,,,,,,SRB00040
2019-07-15,2659.72,0.75,20.74,0.0577522762554172,0.08511473417664177,0.06835151411216571,0.14639379041767003,0.07785709914720301,0.046762563528691764,0.10895243346039968,0.14152375467918482,0.16260165103485816,,,,,,,SRB00040
2019-07-16,2665.86,0.0,22.57,0.04120053558074515,0.07387895657798854,0.057296030732832445,0.13900723120228345,0.06833195409273896,0.03678163069210095,0.10232783104050051,0.13657648565550196,0.1581583644268116,,,,,,,SRB00040
2019-07-17,2772.32,0.0,22.9,0.048236478189382766,0.07639605122230983,0.057744077025303764,0.13970285852151693,0.0710678637661543,0.039098220230165036,0.09570322862060135,0.13162921663181906,0.1537150778187651,,,,,,,SRB00040
2019-07-18,2984.38,0.05,24.58,0.05527242079802038,0.07891314586663112,0.05819212331777508,0.14039848584075043,0.07380377343956965,0.041414809768229116,0.08907862620070217,0.12668194760813617,0.14927179121071854,,,,,,,SRB00040
2019-07-19,3082.19,0.15,24.48,0.062308363406658,0.0814302405109524,0.0586401696102464,0.1410941131599839,0.076539683112985,0.0437313993062932,0.082454023780803,0.1217346785844533,0.144828504602672,,,,,,,SRB00040
2019-07-20,2998.16,0.0,25.85,0.06002427241923778,0.08030388996202481,0.05744853139966478,0.14084060119657557,0.07724189286615978,0.04392439324687728,0.08200095801490002,0.1215442107630777,0.1441870620248555,,,,,,,SRB00040
2019-07-21,2836.92,0.0,27.34,0.05774018143181756,0.0791775394130972,0.05625689318908316,0.14058708923316723,0.07794410261933456,0.04411738718746136,0.08154789224899704,0.1213537429417021,0.14354561944703903,,,,,,,SRB00040
2019-07-22,2665.86,0.0,26.31,0.05545609044439734,0.0780511888641696,0.05506525497850154,0.14033357726975887,0.07864631237250934,0.044310381128045445,0.08109482648309406,0.1211632751203265,0.14290417686922255,,,,,,,SRB00040
2019-07-23,2516.68,0.0,26.79,0.05317199945697712,0.076924838315242,0.05387361676791992,0.14008006530635053,0.07934852212568412,0.044503375068629523,0.08064176071719108,0.12097280729895091,0.14226273429140607,,,,,,,SRB00040
2019-07-24,2397.83,0.0,25.36,0.0508879084695569,0.0757984877663144,0.0526819785573383,0.1398265533429422,0.0800507318788589,0.0446963690092136,0.0801886949512881,0.1207823394775753,0.1416212917135896,,,,,,,SRB00040
2019-07-25,2311.07,0.0,27.47,0.09167637120349689,0.10986517447319992,0.08418755381833401,0.1576370648142616,0.08649736541721816,0.05490067183608096,0.11187948872190412,0.14351582864758197,0.16207268765498592,,,,,,,SRB00040
2019-07-26,2237.72,2.42,25.16,0.1324648339374369,0.14393186118008544,0.11569312907932974,0.175447576285581,0.09294399895557742,0.06510497466294832,0.14357028249252013,0.16624931781758862,0.18252408359638223,,,,,,,SRB00040
2019-07-27,2181.73,0.15,28.95,0.1732532966713769,0.17799854788697095,0.14719870434032545,0.1932580877569004,0.09939063249393668,0.07530927748981568,0.17526107626313617,0.1889828069875953,0.20297547953777856,,,,,,,SRB00040
2019-07-28,2127.14,8.6,26.18,0.2140417594053169,0.21206523459385648,0.17870427960132118,0.2110685992282198,0.10583726603229593,0.08551358031668305,0.2069518700337522,0.21171629615760196,0.2234268754791749,,,,,,,SRB00040
2019-07-29,2083.49,2.37,24.18,0.2548302221392569,0.246131921300742,0.2102098548623169,0.2288791106995392,0.1122838995706552,0.0957178831435504,0.2386426638043682,0.2344497853276086,0.2438782714205712,9.6,0.122,0.95034014,339.0,4.0,0.0502,SRB00040
2019-07-30,2064.38,2.05,26.06,0.23679978681366887,0.22929791220955387,0.19519904056866585,0.2396866936324487,0.12585555844167048,0.09795093733702936,0.2250353385860662,0.23862776319369805,0.25192725295453355,,,,,,,SRB00040
2019-07-31,2102.78,0.14,27.93,0.21876935148808085,0.21246390311836577,0.1801882262750148,0.2504942765653582,0.13942721731268579,0.10018399153050832,0.21142801336776423,0.24280574105978753,0.2599762344884959,,,,,,,SRB00040
2019-08-01,2232.57,2.48,26.44,0.20073891616249281,0.19562989402717765,0.1651774119813637,0.2613018594982677,0.1529988761837011,0.10241704572398729,0.19782068814946224,0.24698371892587698,0.2680252160224582,,,,,,,SRB00040
2019-08-02,2575.32,3.5,26.65,0.1827084808369048,0.17879588493598952,0.15016659768771265,0.2721094424311772,0.1665705350547164,0.10465009991746624,0.18421336293116025,0.2511616967919664,0.2760741975564206,,,,,,,SRB00040
2019-08-03,3005.08,24.91,22.27,0.1646780455113168,0.1619618758448014,0.1351557833940616,0.2829170253640867,0.1801421939257317,0.1068831541109452,0.1706060377128583,0.2553396746580559,0.2841231790903829,,,,,,,SRB00040
2019-08-04,3139.51,0.54,21.53,0.1414663825528089,0.14499201824949068,0.11984251247628071,0.25720631268515626,0.1607829687510648,0.09533456863864961,0.15442902802478306,0.2290753120090435,0.2566864513478206,,,,,,,SRB00040
2019-08-05,3046.89,0.01,22.98,0.11825471959430106,0.12802216065417996,0.10452924155849981,0.23149560000622588,0.14142374357639786,0.08378598316635402,0.13825201833670786,0.2028109493600311,0.22924972360525825,,,,,,,SRB00040
2019-08-06,2896.34,0.0,25.9,0.09504305663579318,0.11105230305886923,0.08921597064071893,0.20578488732729547,0.12206451840173096,0.07223739769405843,0.12207500864863263,0.1765465867110187,0.20181299586269588,,,,,,,SRB00040
2019-08-07,2778.71,0.0,28.95,0.07183139367728532,0.09408244546355851,0.07390269972293803,0.18007417464836506,0.10270529322706407,0.06068881222176284,0.10589799896055742,0.1502822240620063,0.17437626812013354,,,,,,,SRB00040
2019-08-08,2715.44,2.04,26.92,0.048619730718777454,0.07711258786824779,0.05858942880515715,0.15436346196943465,0.08334606805239715,0.04914022674946725,0.0897209892724822,0.1240178614129939,0.1469395403775712,,,,,,,SRB00040
2019-08-09,2647.5,1.31,26.68,0.04935964624039954,0.07719237043886713,0.057920118365238756,0.15340055852534307,0.08337334857686796,0.048314367327862776,0.08803796663208895,0.12523761983544351,0.14810735736808137,,,,,,,SRB00040
2019-08-10,2545.83,0.0,28.35,0.050099561762021634,0.07727215300948648,0.05725080792532037,0.15243765508125148,0.08340062910133877,0.04748850790625831,0.08635494399169569,0.12645737825789313,0.14927517435859153,,,,,,,SRB00040
2019-08-11,2465.04,0.0,29.33,0.05083947728364372,0.07735193558010581,0.05658149748540198,0.15147475163715987,0.08342790962580958,0.04666264848465384,0.08467192135130241,0.12767713668034275,0.15044299134910166,,,,,,,SRB00040
2019-08-12,2470.72,0.0,30.61,0.051579392805265814,0.07743171815072515,0.05591218704548359,0.1505118481930683,0.0834551901502804,0.045836789063049374,0.08298889871090916,0.12889689510279237,0.15161080833961182,,,,,,,SRB00040
2019-08-13,2534.13,0.0,28.57,0.0523193083268879,0.0775115007213445,0.0552428766055652,0.1495489447489767,0.0834824706747512,0.0450109296414449,0.0813058760705159,0.130116653525242,0.152778625330122,,,,,,,SRB00040
2019-08-14,2545.83,5.8,19.79,0.04365517744557708,0.0678122643529185,0.04862717916371834,0.13581956992969235,0.07309316996444949,0.03952228526787471,0.0776739189633262,0.12602899160017506,0.1490208630159221,,,,,,,SRB00040
2019-08-15,2534.13,0.38,20.27,0.03499104656426625,0.0581130279844925,0.042011481721871476,0.122090195110408,0.06270386925414778,0.03403364089430452,0.0740419618561365,0.12194132967510811,0.1452631007017222,,,,,,,SRB00040
2019-08-16,2593.18,0.71,20.91,0.026326915682955424,0.0484137916160665,0.035395784280024614,0.10836082029112365,0.05231456854384606,0.02854499652073434,0.0704100047489468,0.11785366775004118,0.1415053383875223,,,,,,,SRB00040
2019-08-17,2791.54,0.0,22.61,0.0176627848016446,0.0387145552476405,0.02878008683817775,0.0946314454718393,0.04192526783354435,0.02305635214716415,0.0667780476417571,0.11376600582497423,0.1377475760733224,,,,,,,SRB00040
2019-08-18,2957.01,0.0,24.61,0.0449993093488133,0.0681849299444053,0.0441229848334596,0.1346319684952148,0.0734206487021547,0.0387270868816846,0.0631460905345674,0.1096783438999073,0.1339898137591225,,,,,,,SRB00040
2019-08-19,2929.89,0.0,27.2,0.04191623892824913,0.06713822192790132,0.043971475925484484,0.13691304503862495,0.07214578345971394,0.0378648339611629,0.06372311604563027,0.1102796891443477,0.13463591475339554,,,,,,,SRB00040
2019-08-20,2810.9,0.0,28.62,0.038833168507684965,0.06609151391139736,0.04381996701750936,0.1391941215820351,0.07087091821727316,0.0370025810406412,0.06430014155669314,0.1108810343887881,0.13528201574766857,,,,,,,SRB00040
2019-08-21,2684.34,0.0,28.14,0.0357500980871208,0.06504480589489339,0.04366845810953425,0.14147519812544526,0.0695960529748324,0.036140328120119504,0.06487716706775601,0.1114823796332285,0.13592811674194163,,,,,,,SRB00040
2019-08-22,2563.48,0.01,26.26,0.03266702766655663,0.06399809787838943,0.04351694920155914,0.1437562746688554,0.06832118773239164,0.0352780751995978,0.06545419257881888,0.1120837248776689,0.13657421773621467,,,,,,,SRB00040
2019-08-23,2448.06,0.11,27.27,0.029583957245992467,0.06295138986188546,0.043365440293584016,0.14603735121226555,0.06704632248995086,0.0344158222790761,0.06603121808988176,0.1126850701221093,0.1372203187304877,,,,,,,SRB00040
2019-08-24,2392.32,0.24,27.78,0.0265008868254283,0.0619046818453815,0.0432139313856089,0.1483184277556757,0.0657714572475101,0.0335535693585544,0.06660824360094462,0.1132864153665497,0.13786641972476074,,,,,,,SRB00040
2019-08-25,2505.11,2.19,26.0,0.0333311613740155,0.06517861204641044,0.0450674091758644,0.1463290986275745,0.0680832692583246,0.03482855325724872,0.06718526911200749,0.1138877606109901,0.13851252071903378,,,,,,,SRB00040
2019-08-26,2709.19,6.95,25.91,0.0401614359226027,0.0684525422474394,0.0469208869661199,0.14433976949947336,0.0703950812691391,0.03610353715594305,0.06776229462307036,0.1144891058554305,0.13915862171330684,,,,,,,SRB00040
2019-08-27,2817.38,0.37,26.52,0.0469917104711899,0.07172647244846835,0.0487743647563754,0.14235044037137218,0.0727068932799536,0.037378521054637376,0.06833932013413323,0.1150904510998709,0.13980472270757988,,,,,,,SRB00040
2019-08-28,2785.12,0.0,27.52,0.0538219850197771,0.0750004026494973,0.0506278425466309,0.140361111243271,0.0750187052907681,0.0386535049533317,0.0689163456451961,0.1156917963443113,0.1404508237018529,8.0,0.101,0.93905344,351.0,1.9,0.0224,SRB00040
2019-08-29,2709.19,0.0,25.69,0.0500857376578712,0.07244187609169021,0.04930332343068546,0.14103961286415403,0.07443573225380963,0.03811818556127984,0.06845036393565528,0.11562269578886528,0.1396441540862972,,,,,,,SRB00040
2019-08-30,2641.41,0.78,27.88,0.0463494902959653,0.06988334953388314,0.04797880431474003,0.1417181144850371,0.07385275921685115,0.03758286616922799,0.06798438222611446,0.11555359523341927,0.1388374844707415,,,,,,,SRB00040
2019-08-31,2587.21,0.0,27.48,0.0426132429340594,0.06732482297607606,0.046654285198794596,0.14239661610592014,0.07326978617989269,0.03704754677717614,0.06751840051657364,0.11548449467797324,0.1380308148551858,,,,,,,SRB00040
2019-09-01,2528.3,0.0,26.85,0.0388769955721535,0.06476629641826898,0.045329766082849166,0.1430751177268032,0.07268681314293421,0.03651222738512429,0.06705241880703282,0.11541539412252723,0.1372241452396301,,,,,,,SRB00040
2019-09-02,2453.71,0.0,25.95,0.035140748210247603,0.0622077698604619,0.04400524696690373,0.14375361934768624,0.07210384010597574,0.03597690799307243,0.066586437097492,0.1153462935670812,0.1364174756240744,,,,,,,SRB00040
2019-09-03,2386.81,0.97,18.8,0.034966453229441814,0.06004691491351361,0.042605657969354595,0.13516139043922135,0.06709246650098234,0.03349238643962438,0.0637297454654572,0.10923649451566828,0.1287936153913961,,,,,,,SRB00040
2019-09-04,2359.48,0.2,19.66,0.034792158248636025,0.05788605996656532,0.04120606897180546,0.12656916153075648,0.06208109289598893,0.031007864886176326,0.0608730538334224,0.10312669546425535,0.1211697551587178,,,,,,,SRB00040
2019-09-05,2403.36,0.0,20.66,0.03461786326783023,0.05572520501961703,0.03980647997425633,0.11797693262229159,0.05706971929099553,0.02852334333272827,0.0580163622013876,0.09701689641284242,0.11354589492603952,,,,,,,SRB00040
2019-09-06,2617.18,0.06,22.58,0.03444356828702444,0.05356435007266874,0.0384068909767072,0.1093847037138267,0.05205834568600212,0.02603882177928022,0.0551596705693528,0.09090709736142949,0.10592203469336121,,,,,,,SRB00040
2019-09-07,3012.01,9.9,21.35,0.03426927330621865,0.05140349512572045,0.037007301979158067,0.10079247480536183,0.04704697208100872,0.023554300225832166,0.052302978937318,0.08479729831001655,0.09829817446068291,,,,,,,SRB00040
2019-09-08,3146.75,0.69,22.36,0.03409497832541286,0.04924264017877216,0.03560771298160893,0.09220024589689693,0.04203559847601532,0.02106977867238411,0.0494462873052832,0.07868749925860362,0.09067431422800461,,,,,,,SRB00040
2019-09-09,3025.91,10.52,21.15,0.03392068334460707,0.04708178523182387,0.0342081239840598,0.08360801698843205,0.03702422487102191,0.01858525711893606,0.0465895956732484,0.07257770020719069,0.0830504539953263,,,,,,,SRB00040
2019-09-10,2950.21,0.01,18.61,0.033746388363801276,0.04492093028487558,0.032808534986510665,0.07501578807996717,0.03201285126602851,0.016100735565488005,0.043732904041213605,0.06646790115577776,0.07542659376264801,,,,,,,SRB00040
2019-09-11,2991.27,0.03,20.92,0.03357209338299549,0.04276007533792729,0.03140894598896153,0.06642355917150229,0.0270014776610351,0.013616214012039952,0.040876212409178804,0.06035810210436483,0.06780273352996971,,,,,,,SRB00040
2019-09-12,3110.72,0.46,22.21,0.0333977984021897,0.040599220390979,0.0300093569914124,0.0578313302630374,0.0219901040560417,0.0111316924585919,0.038019520777144,0.0542483030529519,0.0601788732972914,,,,,,,SRB00040
2019-09-13,3279.95,0.0,20.99,0.03403487559562211,0.04218121713893465,0.030932264018277568,0.062052029298992714,0.025603729336069272,0.013188650517575026,0.0393995939149356,0.05722294618394397,0.0640473325645509,,,,,,,SRB00040
2019-09-14,3364.12,0.0,21.76,0.03467195278905452,0.043763213886890306,0.03185517104514273,0.06627272833494804,0.029217354616096845,0.015245608576558153,0.0407796670527272,0.060197589314936045,0.06791579183181042,,,,,,,SRB00040
2019-09-15,3279.95,0.0,21.08,0.03530902998248694,0.04534521063484596,0.0327780780720079,0.07049342737090336,0.03283097989612442,0.017302566635541278,0.0421597401905188,0.06317223244592812,0.07178425109906993,,,,,,,SRB00040
2019-09-16,3096.42,0.0,22.62,0.03594610717591935,0.046927207382801615,0.033700985098873065,0.07471412640685868,0.036444605176151994,0.019359524694524406,0.0435398133283104,0.06614687557692019,0.07565271036632942,8.5,0.157,0.7787823,350.0,1.0,0.0177,SRB00040
2019-09-17,2896.34,0.17,22.06,0.03658318436935176,0.048509204130757266,0.034623892125738236,0.078934825442814,0.04005823045617957,0.021416482753507535,0.044919886466102,0.06912151870791226,0.07952116963358893,,,,,,,SRB00040
2019-09-18,2715.44,3.41,16.85,0.03722026156278418,0.05009120087871292,0.0355467991526034,0.08315552447876931,0.04367185573620714,0.02347344081249066,0.0462999596038936,0.07209616183890434,0.08338962890084844,,,,,,,SRB00040
2019-09-19,2557.59,0.0,14.22,0.037857338756216594,0.051673197626668575,0.03646970617946857,0.08737622351472464,0.04728548101623471,0.025530398871473785,0.047680032741685204,0.0750708049698964,0.08725808816810794,,,,,,,SRB00040
2019-09-20,2431.2,0.0,13.11,0.038494415949649,0.053255194374624226,0.03739261320633373,0.09159692255067996,0.050899106296262285,0.027587356930456913,0.049060105879476804,0.07804544810088848,0.09112654743536745,,,,,,,SRB00040
2019-09-21,2316.39,0.0,14.62,0.03913149314308142,0.054837191122579884,0.038315520233198896,0.09581762158663527,0.05451273157628986,0.029644314989440042,0.0504401790172684,0.08102009123188056,0.09499500670262696,,,,,,,SRB00040
2019-09-22,2212.09,0.36,17.18,0.039768570336513834,0.056419187870535535,0.03923842726006407,0.1000383206225906,0.05812635685631743,0.03170127304842317,0.05182025215506,0.08399473436287262,0.09886346596988646,,,,,,,SRB00040
2019-09-23,2122.24,3.61,19.13,0.04040564752994624,0.058001184618491186,0.04016133428692923,0.10425901965854592,0.061739982136345004,0.03375823110740629,0.0532003252928516,0.0869693774938647,0.10273192523714597,,,,,,,SRB00040
2019-09-24,2054.89,5.23,15.99,0.04104272472337866,0.059583181366446844,0.0410842413137944,0.10847971869450124,0.06535360741637258,0.03581518916638942,0.0545803984306432,0.08994402062485678,0.10660038450440548,,,,,,,SRB00040
2019-09-25,1998.86,2.1,17.89,0.041679801916811074,0.061165178114402495,0.042007148340659564,0.11270041773045655,0.06896723269640015,0.03787214722537255,0.0559604715684348,0.09291866375584884,0.11046884377166498,,,,,,,SRB00040
2019-09-26,1953.34,10.71,16.28,0.04231687911024348,0.06274717486235815,0.042930055367524735,0.11692111676641187,0.07258085797642773,0.03992910528435567,0.0573405447062264,0.09589330688684092,0.11433730303892449,,,,,,,SRB00040
2019-09-27,1926.53,0.0,17.94,0.0429539563036759,0.0643291716103138,0.0438529623943899,0.1211418158023672,0.0761944832564553,0.0419860633433388,0.058720617844018,0.098867950017833,0.118205762306184,,,,,,,SRB00040
2019-09-28,1944.36,0.09,19.22,0.042858384526447656,0.06438524138002003,0.04400620112233384,0.12086402437959404,0.07633594030152797,0.0419497432663137,0.0592914000476897,0.09914950487718784,0.11779119636394882,,,,,,,SRB00040
2019-09-29,2003.47,0.33,19.4,0.04276281274921942,0.06444131114972625,0.04415943985027778,0.12058623295682087,0.07647739734660065,0.0419134231892886,0.0598621822513614,0.09943105973654268,0.11737663042171365,,,,,,,SRB00040
2019-09-30,2064.38,0.05,21.36,0.04266724097199118,0.06449738091943245,0.044312678578221715,0.12030844153404772,0.07661885439167335,0.0418771031122635,0.0604329644550331,0.09971261459589752,0.11696206447947846,,,,,,,SRB00040
2019-10-01,2093.11,0.0,20.03,0.04257166919476294,0.06455345068913868,0.044465917306165656,0.12003065011127456,0.07676031143674603,0.0418407830352384,0.0610037466587048,0.09999416945525236,0.11654749853724329,,,,,,,SRB00040
2019-10-02,2107.63,1.8,21.01,0.0424760974175347,0.0646095204588449,0.0446191560341096,0.1197528586885014,0.0769017684818187,0.0418044629582133,0.0615745288623765,0.1002757243146072,0.1161329325950081,,,,,,,SRB00040
2019-10-03,2112.49,9.73,12.9,0.041596304502100855,0.06393785861547839,0.044340561180150076,0.11885184266060052,0.07514285160135942,0.04055017875728402,0.06161276619150449,0.0997352615026695,0.1153594077592175,,,,,,,SRB00040
2019-10-04,2122.24,0.04,12.73,0.04071651158666701,0.0632661967721119,0.044061966326190555,0.11795082663269964,0.07338393472090013,0.039295894556354745,0.06165100352063248,0.09919479869073179,0.1145858829234269,,,,,,,SRB00040
2019-10-05,2132.04,1.53,12.43,0.039836718671233166,0.0625945349287454,0.043783371472231034,0.11704981060479877,0.07162501784044084,0.03804161035542547,0.06168924084976047,0.0986543358787941,0.1138123580876363,,,,,,,SRB00040
2019-10-06,2176.71,0.37,11.59,0.03895692575579932,0.0619228730853789,0.04350477661827151,0.11614879457689789,0.06986610095998155,0.03678732615449619,0.06172747817888846,0.0981138730668564,0.1130388332518457,,,,,,,SRB00040
2019-10-07,2370.37,0.0,10.01,0.03807713284036548,0.061251211242012396,0.043226181764311984,0.11524777854899701,0.06810718407952225,0.03553304195356691,0.061765715508016454,0.0975734102549187,0.1122653084160551,,,,,,,SRB00040
2019-10-08,2635.33,0.0,9.47,0.037197339924931634,0.0605795493986459,0.04294758691035246,0.11434676252109613,0.06634826719906296,0.03427875775263763,0.06180395283714444,0.097032947442981,0.1114917835802645,,,,,,,SRB00040
2019-10-09,2753.23,0.0,14.97,0.03631754700949779,0.0599078875552794,0.04266899205639294,0.11344574649319526,0.06458935031860367,0.03302447355170836,0.06184219016627243,0.09649248463104329,0.1107182587444739,,,,,,,SRB00040
2019-10-10,2810.9,4.89,13.67,0.035437754094063946,0.0592362257119129,0.04239039720243342,0.11254473046529438,0.06283043343814439,0.03177018935077908,0.061880427495400424,0.0959520218191056,0.1099447339086833,,,,,,,SRB00040
2019-10-11,2856.59,0.01,13.29,0.0345579611786301,0.0585645638685464,0.0421118023484739,0.1116437144373935,0.0610715165576851,0.0305159051498498,0.06191866482452841,0.0954115590071679,0.1091712090728927,,,,,,,SRB00040
2019-10-12,2883.03,0.0,15.68,0.0460401146259553,0.0674050005117894,0.0472882166588524,0.1149412528364931,0.0714494985552778,0.0382358089640878,0.0619569021536564,0.0948710961952302,0.1083976842371021,,,,,,,SRB00040
2019-10-13,2916.43,0.0,17.98,0.04669812535817478,0.06773858997393746,0.04741940786065318,0.11370609334862114,0.07236707362671246,0.03913625764941104,0.06202215006071344,0.09380802672234363,0.10745909742955674,,,,,,,SRB00040
2019-10-14,2984.38,0.0,18.86,0.04735613609039426,0.06807217943608553,0.04755059906245396,0.11247093386074918,0.07328464869814712,0.04003670633473428,0.06208739796777048,0.09274495724945707,0.10652051062201139,9.6,0.072,0.81941442,412.0,1.0,,SRB00040
2019-10-15,2998.16,0.0,17.85,0.04801414682261374,0.06840576889823358,0.04768179026425474,0.11123577437287722,0.07420222376958178,0.04093715502005752,0.06215264587482752,0.09168188777657052,0.10558192381446602,,,,,,,SRB00040
2019-10-16,2896.34,0.0,17.17,0.04867215755483322,0.06873935836038164,0.04781298146605552,0.11000061488500526,0.07511979884101644,0.04183760370538076,0.06221789378188456,0.09061881830368396,0.10464333700692066,,,,,,,SRB00040
2019-10-17,2734.27,0.0,17.07,0.0493301682870527,0.0690729478225297,0.0479441726678563,0.1087654553971333,0.0760373739124511,0.042738052390704,0.0622831416889416,0.0895557488307974,0.1037047501993753,,,,,,,SRB00040
2019-10-18,2563.48,0.0,17.65,0.04369975935836335,0.0643819854342799,0.04544188328075135,0.10690516172042866,0.07322390977835135,0.04024232160147652,0.0630223026481889,0.08991350926144874,0.10353434326270684,,,,,,,SRB00040
2019-10-19,2414.46,0.0,18.24,0.038069350429674,0.0596910230460301,0.0429395938936464,0.10504486804372404,0.0704104456442516,0.037746590812249035,0.0637614636074362,0.09027126969210007,0.10336393632603838,,,,,,,SRB00040
2019-10-20,2295.15,0.0,17.96,0.03243894150098465,0.0550000606577803,0.04043730450654145,0.1031845743670194,0.06759698151015184,0.03525086002302155,0.0645006245666835,0.09062903012275142,0.10319352938936993,,,,,,,SRB00040
2019-10-21,2222.31,0.0,18.94,0.03900434500358532,0.0612971242137699,0.04549044549008657,0.10564293844494299,0.07567413374146252,0.041851578901018774,0.06523978552593081,0.09098679055340275,0.10302312245270147,,,,,,,SRB00040
2019-10-22,2191.81,0.0,18.99,0.045569748506186,0.0675941877697595,0.0505435864736317,0.1081013025228666,0.0837512859727732,0.048452297779016,0.0659789464851781,0.0913445509840541,0.102852715516033,,,,,,,SRB00040
2019-10-23,2161.72,0.0,17.44,0.04716844686535698,0.06859483523525083,0.05189195456141537,0.10923948036341467,0.082884012485852,0.04784973870880362,0.06749733956774573,0.09213817687523318,0.10357300458063048,,,,,,,SRB00040
2019-10-24,2097.94,0.0,16.14,0.048767145224527964,0.06959548270074215,0.05324032264919904,0.11037765820396275,0.0820167389989308,0.04724717963859124,0.06901573265031334,0.09293180276641226,0.10429329364522796,,,,,,,SRB00040
2019-10-25,2022.02,0.0,14.61,0.05036584358369894,0.07059613016623346,0.054588690736982706,0.11151583604451085,0.0811494655120096,0.046644620568378856,0.07053412573288097,0.09372542865759134,0.10501358270982544,,,,,,,SRB00040
2019-10-26,1953.34,0.01,14.76,0.05196454194286992,0.07159677763172478,0.05593705882476638,0.11265401388505893,0.0802821920250884,0.046042061498166476,0.07205251881544858,0.09451905454877042,0.10573387177442292,,,,,,,SRB00040
2019-10-27,1900.08,0.0,14.98,0.0535632403020409,0.0725974250972161,0.05728542691255005,0.113792191725607,0.0794149185381672,0.045439502427954095,0.0735709118980162,0.0953126804399495,0.1064541608390204,,,,,,,SRB00040
2019-10-28,1852.53,0.05,13.67,0.053545670032501054,0.0727770786160886,0.05767255331413873,0.11296694150455323,0.07928947365125323,0.04561898547367898,0.0736255645176326,0.09462070172710958,0.10557004185042419,,,,,,,SRB00040
2019-10-29,1806.17,6.99,9.41,0.05352809976296122,0.07295673213496112,0.058059679715727404,0.11214169128349946,0.07916402876433927,0.04579846851940386,0.07368021713724898,0.09392872301426965,0.10468592286182798,,,,,,,SRB00040
2019-10-30,1769.11,1.83,8.21,0.053510529493421374,0.07313638565383362,0.058446806117316084,0.11131644106244569,0.0790385838774253,0.045977951565128745,0.07373486975686537,0.09323674430142972,0.10380180387323179,,,,,,,SRB00040
2019-10-31,1736.8,0.01,5.7,0.05349295922388154,0.07331603917270614,0.058833932518904765,0.11049119084139192,0.07891313899051132,0.04615743461085363,0.07378952237648176,0.09254476558858979,0.10291768488463558,,,,,,,SRB00040
2019-11-01,1720.87,0.0,6.2,0.053475388954341695,0.07349569269157864,0.059221058920493445,0.10966594062033815,0.07878769410359734,0.04633691765657851,0.07384417499609815,0.09185278687574987,0.10203356589603937,,,,,,,SRB00040
2019-11-02,1732.8,2.75,10.36,0.05345781868480186,0.07367534621045116,0.05960818532208212,0.10884069039928437,0.07866224921668338,0.046516400702303395,0.07389882761571454,0.09116080816290993,0.10114944690744317,,,,,,,SRB00040
2019-11-03,1785.49,2.07,15.83,0.053440248415262015,0.07385499972932366,0.0599953117236708,0.1080154401782306,0.07853680432976941,0.04669588374802828,0.07395348023533092,0.09046882945007001,0.10026532791884696,,,,,,,SRB00040
2019-11-04,1882.65,4.92,15.01,0.05342267814572218,0.07403465324819616,0.06038243812525948,0.10719018995717683,0.07841135944285543,0.04687536679375316,0.07400813285494731,0.08977685073723007,0.09938120893025075,,,,,,,SRB00040
2019-11-05,1966.89,0.42,17.19,0.053405107876182335,0.07421430676706868,0.060769564526848154,0.10636493973612306,0.07828591455594146,0.04705484983947804,0.0740627854745637,0.08908487202439015,0.09849708994165456,,,,,,,SRB00040
2019-11-06,2008.09,13.4,14.37,0.0533875376066425,0.07439396028594118,0.061156690928436834,0.10553968951506928,0.0781604696690275,0.04723433288520292,0.07411743809418009,0.08839289331155022,0.09761297095305835,,,,,,,SRB00040
2019-11-07,2054.89,0.31,12.17,0.053369967337102656,0.0745736138048137,0.061543817330025515,0.10471443929401551,0.07803502478211352,0.047413815930927805,0.07417209071379648,0.0877009145987103,0.09672885196446214,,,,,,,SRB00040
2019-11-08,2156.74,3.96,11.58,0.05335239706756282,0.0747532673236862,0.061930943731614195,0.10388918907296174,0.07790957989519955,0.04759329897665269,0.07422674333341286,0.08700893588587036,0.09584473297586593,,,,,,,SRB00040
2019-11-09,2321.74,2.1,13.23,0.053334826798022976,0.07493292084255872,0.06231807013320287,0.10306393885190797,0.07778413500828557,0.04777278202237757,0.07428139595302925,0.08631695717303044,0.09496061398726972,,,,,,,SRB00040
2019-11-10,2528.3,7.77,9.0,0.05331725652848314,0.07511257436143122,0.06270519653479155,0.1022386886308542,0.07765869012137161,0.047952265068102455,0.07433604857264564,0.0856249784601905,0.09407649499867352,,,,,,,SRB00040
2019-11-11,2721.7,0.02,7.54,0.053299686258943296,0.07529222788030372,0.06309232293638023,0.10141343840980042,0.07753324523445763,0.04813174811382734,0.07439070119226203,0.08493299974735058,0.09319237601007732,,,,,,,SRB00040
2019-11-12,2785.12,1.14,11.43,0.05328211598940346,0.07547188139917624,0.06347944933796891,0.10058818818874665,0.07740780034754366,0.04831123115955222,0.07444535381187842,0.08424102103451064,0.09230825702148111,,,,,,,SRB00040
2019-11-13,2734.27,0.52,15.71,0.05326454571986362,0.07565153491804874,0.06386657573955759,0.0997629379676929,0.07728235546062968,0.048490714205277105,0.0745000064314948,0.08354904232167072,0.0914241380328849,,,,,,,SRB00040
2019-11-14,2659.72,0.5,9.04,0.05324697545032378,0.07583118843692126,0.06425370214114626,0.09893768774663912,0.07715691057371572,0.04867019725100199,0.0745546590511112,0.08285706360883079,0.0905400190442887,,,,,,,SRB00040
2019-11-15,2641.41,0.07,11.35,0.05322940518078394,0.07601084195579376,0.06464082854273494,0.09811243752558535,0.07703146568680175,0.04884968029672687,0.07460931167072758,0.08216508489599086,0.08965590005569249,,,,,,,SRB00040
2019-11-16,2678.17,0.0,13.82,0.0532118349112441,0.07619049547466628,0.06502795494432362,0.09728718730453158,0.07690602079988777,0.049029163342451755,0.07466396429034397,0.08147310618315093,0.08877178106709628,,,,,,,SRB00040
2019-11-17,2740.57,0.0,12.41,0.05319426464170426,0.07637014899353878,0.0654150813459123,0.0964619370834778,0.0767805759129738,0.04920864638817664,0.07471861690996036,0.080781127470311,0.08788766207850009,,,,,,,SRB00040
2019-11-18,2843.46,0.26,12.53,0.05317669437216442,0.07654980251241128,0.06580220774750098,0.09563668686242403,0.07665513102605984,0.04938812943390152,0.07477326952957675,0.08008914875747107,0.08700354308990388,,,,,,,SRB00040
2019-11-19,2984.38,0.03,10.06,0.05315912410262458,0.0767294560312838,0.06618933414908966,0.09481143664137026,0.07652968613914586,0.049567612479626405,0.07482792214919314,0.07939717004463115,0.08611942410130767,,,,,,,SRB00040
2019-11-20,3168.57,3.79,10.94,0.05314155383308474,0.0769091095501563,0.06657646055067834,0.09398618642031649,0.07640424125223189,0.04974709552535129,0.07488257476880952,0.07870519133179121,0.08523530511271146,,,,,,,SRB00040
2019-11-21,3403.08,0.17,11.25,0.0531239835635449,0.07708876306902882,0.066963586952267,0.09316093619926272,0.07627879636531791,0.04992657857107617,0.07493722738842591,0.07801321261895129,0.08435118612411525,,,,,,,SRB00040
2019-11-22,3579.96,0.01,8.27,0.05310641329400506,0.07726841658790132,0.06735071335385569,0.09233568597820895,0.07615335147840395,0.05010606161680105,0.0749918800080423,0.07732123390611136,0.08346706713551905,,,,,,,SRB00040
2019-11-23,3555.31,0.0,5.27,0.05308884302446522,0.07744807010677383,0.06773783975544437,0.09151043575715517,0.07602790659148997,0.05028554466252593,0.07504653262765869,0.07662925519327143,0.08258294814692285,,,,,,,SRB00040
2019-11-24,3356.38,0.0,6.37,0.05307127275492538,0.07762772362564634,0.06812496615703305,0.0906851855361014,0.075902461704576,0.050465027708250815,0.07510118524727508,0.0759372764804315,0.08169882915832664,,,,,,,SRB00040
2019-11-25,3117.89,0.03,7.86,0.05305370248538554,0.07780737714451884,0.06851209255862173,0.08985993531504763,0.07577701681766202,0.0506445107539757,0.07515583786689146,0.07524529776759158,0.08081471016973044,10.6,0.151,1.22799296,383.0,1.0,,SRB00040
2019-11-26,2909.72,0.01,8.03,0.0530361322158457,0.07798703066339135,0.06889921896021041,0.08903468509399386,0.07565157193074806,0.05082399379970058,0.07521049048650785,0.07455331905475164,0.07993059118113423,,,,,,,SRB00040
2019-11-27,2740.57,2.73,7.37,0.05301856194630586,0.07816668418226386,0.06928634536179909,0.08820943487294008,0.07552612704383409,0.051003476845425465,0.07526514310612424,0.07386134034191172,0.07904647219253802,,,,,,,SRB00040
2019-11-28,2593.18,3.47,10.83,0.05300099167676602,0.07834633770113637,0.06967347176338776,0.08738418465188631,0.07540068215692011,0.05118295989115035,0.07531979572574063,0.07316936162907178,0.07816235320394183,,,,,,,SRB00040
2019-11-29,2476.42,5.08,10.26,0.05298342140722618,0.07852599122000888,0.07006059816497644,0.08655893443083254,0.07527523727000615,0.05136244293687523,0.07537444834535702,0.07247738291623186,0.07727823421534562,,,,,,,SRB00040
2019-11-30,2381.32,3.24,4.65,0.05296585113768634,0.07870564473888139,0.07044772456656512,0.08573368420977877,0.07514979238309218,0.051541925982600115,0.0754291009649734,0.07178540420339194,0.07639411522674941,,,,,,,SRB00040
2019-12-01,2316.39,0.02,0.51,0.0529482808681465,0.0788852982577539,0.0708348509681538,0.084908433988725,0.0750243474961782,0.051721409028325,0.0754837535845898,0.071093425490552,0.0755099962381532,,,,,,,SRB00040
2019-12-02,2263.64,8.12,2.43,0.05244025150357298,0.07779023698036357,0.06987586807129952,0.08452044645366001,0.07618104388280048,0.05276565922897646,0.07465413757780757,0.0705860730607479,0.07518384644806987,,,,,,,SRB00040
2019-12-03,2222.31,0.17,0.93,0.05193222213899946,0.07669517570297323,0.06891688517444523,0.08413245891859503,0.07733774026942275,0.05380990942962793,0.07382452157102537,0.07007872063094382,0.07485769665798654,,,,,,,SRB00040
2019-12-04,2222.31,0.03,-1.06,0.05142419277442594,0.0756001144255829,0.06795790227759095,0.08374447138353004,0.07849443665604502,0.0548541596302794,0.07299490556424315,0.06957136820113972,0.07453154686790323,,,,,,,SRB00040
2019-12-05,2258.44,0.01,-1.26,0.050916163409852416,0.07450505314819256,0.06699891938073668,0.08335648384846504,0.0796511330426673,0.05589840983093086,0.07216528955746095,0.06906401577133563,0.0742053970778199,,,,,,,SRB00040
2019-12-06,2279.34,0.02,0.2,0.0504081340452789,0.07340999187080223,0.0660399364838824,0.08296849631340006,0.08080782942928957,0.05694266003158233,0.07133567355067873,0.06855666334153153,0.07387924728773657,,,,,,,SRB00040
2019-12-07,2242.88,0.3,3.07,0.04990010468070538,0.0723149305934119,0.06508095358702812,0.08258050877833507,0.08196452581591185,0.0579869102322338,0.07050605754389651,0.06804931091172745,0.07355309749765324,,,,,,,SRB00040
2019-12-08,2166.7,0.01,5.58,0.04939207531613186,0.07121986931602156,0.06412197069017384,0.08219252124327009,0.08312122220253412,0.05903116043288526,0.0696764415371143,0.06754195848192335,0.0732269477075699,,,,,,,SRB00040
2019-12-09,2078.7,0.19,7.09,0.04888404595155834,0.07012480803863123,0.06316298779331955,0.0818045337082051,0.0842779185891564,0.06007541063353673,0.06884682553033208,0.06703460605211925,0.07290079791748659,,,,,,,SRB00040
2019-12-10,1994.26,8.28,4.86,0.048376016586984816,0.06902974676124089,0.06220400489646528,0.08141654617314012,0.08543461497577866,0.0611196608341882,0.06801720952354988,0.06652725362231515,0.07257464812740326,,,,,,,SRB00040
2019-12-11,1935.42,0.42,2.72,0.0478679872224113,0.06793468548385057,0.061245021999610995,0.08102855863807513,0.08659131136240093,0.06216391103483966,0.06718759351676766,0.06601990119251107,0.07224849833731993,,,,,,,SRB00040
2019-12-12,1904.46,1.2,3.65,0.04735995785783778,0.06683962420646024,0.06028603910275672,0.08064057110301015,0.08774800774902321,0.06320816123549113,0.06635797750998544,0.06551254876270697,0.0719223485472366,,,,,,,SRB00040
2019-12-13,1886.99,0.58,3.91,0.04685192849326426,0.0657445629290699,0.05932705620590244,0.08025258356794515,0.08890470413564548,0.0642524114361426,0.06552836150320324,0.06500519633290287,0.07159619875715327,,,,,,,SRB00040
2019-12-14,1869.68,3.2,4.71,0.04634389912869074,0.06464950165167957,0.058368073309048155,0.07986459603288017,0.09006140052226776,0.06529666163679407,0.06469874549642102,0.06449784390309878,0.07127004896706995,,,,,,,SRB00040
2019-12-15,1861.09,0.0,4.33,0.045835869764117215,0.06355444037428923,0.05740909041219388,0.07947660849781518,0.09121809690889003,0.06634091183744553,0.06386912948963881,0.06399049147329469,0.07094389917698662,,,,,,,SRB00040
2019-12-16,1869.68,0.0,7.19,0.0453278403995437,0.0624593790968989,0.0564501075153396,0.0790886209627502,0.0923747932955123,0.067385162038097,0.0630395134828566,0.0634831390434906,0.0706177493869033,,,,,,,SRB00040
2019-12-17,1882.65,0.0,9.19,0.045115958097019716,0.06270141232638883,0.05721371111564325,0.0781228603189943,0.09033324938927276,0.06551341356920233,0.06197952396312866,0.06213929987251583,0.0691101262325275,11.7,0.096,1.62979948,446.0,1.6,,SRB00040
2019-12-18,1873.99,0.01,8.39,0.04490407579449574,0.06294344555587877,0.05797731471594691,0.07715709967523841,0.08829170548303322,0.06364166510030766,0.06091953444340072,0.06079546070154107,0.06760250307815173,,,,,,,SRB00040
2019-12-19,1852.53,0.0,9.05,0.04469219349197176,0.0631854787853687,0.05874091831625057,0.07619133903148252,0.08625016157679367,0.061769916631413006,0.05985954492367279,0.059451621530566316,0.06609487992377594,,,,,,,SRB00040
2019-12-20,1848.27,0.03,9.42,0.044480311189447785,0.06342751201485865,0.059504521916554226,0.07522557838772663,0.08420861767055413,0.05989816816251834,0.05879955540394485,0.058107782359591555,0.06458725676940015,,,,,,,SRB00040
2019-12-21,1873.99,2.42,12.14,0.044268428886923804,0.06366954524434858,0.06026812551685788,0.07425981774397074,0.08216707376431459,0.058026419693623675,0.05773956588421692,0.05676394318861679,0.06307963361502437,,,,,,,SRB00040
2019-12-22,1917.67,5.57,9.6,0.04405654658439983,0.06391157847383852,0.06103172911716154,0.07329405710021485,0.08012552985807504,0.05615467122472901,0.05667957636448898,0.05542010401764204,0.061572010460648585,,,,,,,SRB00040
2019-12-23,1998.86,14.81,6.26,0.04384466428187585,0.06415361170332845,0.0617953327174652,0.07232829645645895,0.0780839859518355,0.05428292275583435,0.05561958684476105,0.05407626484666728,0.0600643873062728,,,,,,,SRB00040
2019-12-24,2186.76,1.56,6.18,0.043632781979351866,0.06439564493281838,0.06255893631776885,0.07136253581270305,0.07604244204559596,0.052411174286939685,0.05455959732503311,0.052732425675692515,0.05855676415189702,,,,,,,SRB00040
2019-12-25,2470.72,1.11,4.85,0.04342089967682789,0.06463767816230832,0.0633225399180725,0.07039677516894716,0.07400089813935641,0.05053942581804502,0.05349960780530518,0.051388586504717754,0.05704914099752123,,,,,,,SRB00040
2019-12-26,2753.23,0.72,4.02,0.04320901737430391,0.06487971139179825,0.06408614351837617,0.06943101452519126,0.07195935423311686,0.048667677349150354,0.05243961828557725,0.05004474733374299,0.05554151784314545,,,,,,,SRB00040
2019-12-27,3039.89,0.04,2.37,0.042997135071779935,0.0651217446212882,0.06484974711867983,0.06846525388143537,0.06991781032687733,0.04679592888025569,0.05137962876584931,0.04870090816276824,0.054033894688769665,,,,,,,SRB00040
2019-12-28,3317.94,0.6,0.76,0.04278525276925595,0.06536377785077813,0.06561335071898348,0.06749949323767948,0.06787626642063778,0.04492418041136103,0.05031963924612138,0.047357068991793476,0.052526271534393876,,,,,,,SRB00040
2019-12-29,3604.79,0.53,-1.22,0.04257337046673198,0.06560581108026807,0.06637695431928714,0.06653373259392359,0.06583472251439823,0.043052431942466364,0.04925964972639344,0.046013229820818714,0.05101864838001809,,,,,,,SRB00040
2019-12-30,3783.43,0.0,-2.59,0.042361488164208,0.065847844309758,0.0671405579195908,0.0655679719501677,0.0637931786081587,0.0411806834735717,0.04819966020666551,0.04466939064984396,0.04951102522564231,,,,,,,SRB00040
2019-12-31,3705.81,0.0,-1.85,0.040184494663367966,0.06162638116323057,0.06266230589614401,0.06234579937788015,0.06160787063632951,0.04010006193828125,0.04713967068693757,0.0433255514788692,0.04800340207126652,,,,,,,SRB00040
2020-01-01,3458.39,0.03,-0.51,0.038007501162527935,0.05740491801670313,0.05818405387269723,0.0591236268055926,0.05942256266450033,0.039019440402990796,0.04607968116720964,0.04198171230789444,0.04649577891689074,,,,,,,SRB00040
2020-01-02,3183.2,0.02,-0.76,0.035830507661687896,0.0531834548701757,0.05370580184925045,0.055901454233305045,0.05723725469267115,0.03793881886770035,0.04501969164748171,0.040637873136919675,0.044988155762514956,,,,,,,SRB00040
2020-01-03,2923.15,0.02,-1.44,0.033653514160847865,0.04896199172364826,0.04922754982580367,0.0526792816610175,0.05505194672084197,0.0368581973324099,0.04395970212775377,0.03929403396594491,0.043480532608139166,,,,,,,SRB00040
2020-01-04,2690.54,0.4,-0.55,0.031476520660007834,0.04474052857712083,0.04474929780235688,0.04945710908872995,0.05286663874901278,0.035777575797119446,0.04289971260802584,0.03795019479497016,0.041972909453763384,,,,,,,SRB00040
2020-01-05,2482.13,0.39,0.91,0.0292995271591678,0.0405190654305934,0.0402710457789101,0.0462349365164424,0.0506813307771836,0.034696954261829,0.0418397230882979,0.0366063556239954,0.0404652862993876,,,,,,,SRB00040
2020-01-06,2305.75,0.0,-1.09,0.029675683978615638,0.042578346035993864,0.04170340629520654,0.0489898059064357,0.05468537726075886,0.037309237593626116,0.04324737343154472,0.03862386310006606,0.042760395021161184,,,,,,,SRB00040
2020-01-07,2161.72,0.0,-1.39,0.03005184079806348,0.04463762664139432,0.04313576681150298,0.051744675296429,0.05868942374433411,0.03992152092542324,0.04465502377479154,0.04064137057613672,0.04505550374293476,,,,,,,SRB00040
2020-01-08,2050.16,0.01,-1.76,0.030427997617511318,0.04669690724679478,0.04456812732779942,0.0544995446864223,0.06269347022790937,0.04253380425722036,0.04606267411803836,0.04265887805220738,0.04735061246470834,,,,,,,SRB00040
2020-01-09,1985.1,0.01,-1.31,0.03080415443695916,0.04875618785219524,0.04600048784409586,0.0572544140764156,0.06669751671148463,0.045146087589017475,0.04747032446128518,0.044676385528278045,0.04964572118648192,,,,,,,SRB00040
2020-01-10,1971.42,0.0,1.36,0.031180311256407,0.0508154684575957,0.0474328483603923,0.0600092834664089,0.0707015631950599,0.0477583709208146,0.048877974804532,0.0466938930043487,0.0519408299082555,,,,,,,SRB00040
2020-01-11,1962.36,0.02,0.78,0.030873177974344673,0.05056231061574951,0.04687425529164926,0.060218390216733045,0.07027101250334614,0.04743420958875927,0.04825221242320557,0.04649998172810372,0.05179667736401498,,,,,,,SRB00040
2020-01-12,1922.09,0.05,-0.22,0.03056604469228235,0.05030915277390332,0.046315662222906215,0.060427496967057195,0.06984046181163239,0.04711004825670394,0.04762645004187914,0.04630607045185874,0.05165252481977445,,,,,,,SRB00040
2020-01-13,1861.09,0.09,-1.21,0.030258911410220024,0.05005599493205713,0.04575706915416317,0.06063660371738134,0.06940991111991864,0.046785886924648606,0.04700068766055271,0.04611215917561376,0.051508372275533926,,,,,,,SRB00040
2020-01-14,1802.02,0.04,-0.25,0.029951778128157698,0.049802837090210945,0.045198476085420124,0.06084571046770548,0.06897936042820488,0.04646172559259327,0.04637492527922628,0.04591824789936878,0.051364219731293397,,,,,,,SRB00040
2020-01-15,1752.88,0.04,-0.09,0.029644644846095372,0.04954967924836475,0.04463988301667708,0.06105481721802963,0.06854880973649112,0.04613756426053794,0.04574916289789985,0.0457243366231238,0.051220067187052874,,,,,,,SRB00040
2020-01-16,1716.91,0.07,-0.54,0.02933751156403305,0.049296521406518565,0.04408128994793404,0.06126392396835378,0.06811825904477738,0.045813402928482606,0.045123400516573424,0.045530425346878824,0.05107591464281235,,,,,,,SRB00040
2020-01-17,1689.44,0.05,-0.98,0.029030378281970724,0.04904336356467237,0.043522696879191,0.06147303071867792,0.06768770835306362,0.045489241596427275,0.04449763813524699,0.04533651407063384,0.05093176209857182,,,,,,,SRB00040
2020-01-18,1658.59,0.16,-1.42,0.028723244999908398,0.048790205722826184,0.042964103810447955,0.06168213746900207,0.06725715766134986,0.045165080264371944,0.04387187575392056,0.045142602794388864,0.0507876095543313,,,,,,,SRB00040
2020-01-19,1624.55,0.4,-0.49,0.028416111717846075,0.04853704788098,0.04240551074170491,0.061891244219326215,0.06682660696963612,0.04484091893231661,0.04324611337259413,0.04494869151814388,0.05064345701009077,,,,,,,SRB00040
2020-01-20,1583.89,0.01,-0.23,0.02810897843578375,0.0482838900391338,0.04184691767296187,0.062100350969650366,0.06639605627792236,0.04451675760026128,0.0426203509912677,0.0447547802418989,0.05049930446585025,,,,,,,SRB00040
2020-01-21,1544.25,0.01,-0.81,0.027801845153721423,0.048030732197287616,0.04128832460421882,0.06230945771997451,0.0659655055862086,0.044192596268205944,0.04199458860994127,0.04456086896565392,0.05035515192160973,,,,,,,SRB00040
2020-01-22,1516.05,0.0,-1.03,0.027494711871659097,0.04777757435544143,0.04072973153547578,0.06251856447029866,0.06553495489449485,0.04386843493615061,0.04136882622861484,0.04436695768940894,0.0502109993773692,,,,,,,SRB00040
2020-01-23,1498.69,0.02,-1.19,0.027187578589596775,0.047524416513595236,0.04017113846673274,0.0627276712206228,0.0651044042027811,0.04354427360409528,0.04074306384728841,0.04417304641316396,0.050066846833128675,,,,,,,SRB00040
2020-01-24,1512.56,0.0,-1.71,0.02688044530753445,0.04727125867174905,0.039612545397989696,0.06293677797094695,0.06467385351106734,0.04322011227203995,0.04011730146596198,0.04397913513691898,0.049922694288888146,,,,,,,SRB00040
2020-01-25,1547.82,0.09,0.49,0.024907495904429842,0.044947195723929995,0.038151614617288894,0.06147061845541425,0.06498020902300972,0.04355025887148001,0.03949153908463555,0.043785223860674,0.049778541744647624,,,,,,,SRB00040
2020-01-26,1569.36,0.24,1.55,0.02293454650132523,0.042623132776110934,0.0366906838365881,0.060004458939881565,0.0652865645349521,0.043880405470920064,0.038865776703309124,0.04359131258442902,0.0496343892004071,,,,,,,SRB00040
2020-01-27,1562.15,7.03,0.93,0.020961597098220625,0.04029906982829187,0.0352297530558873,0.05853829942434888,0.06559292004689447,0.04421055207036012,0.03824001432198269,0.04339740130818404,0.04949023665616657,,,,,,,SRB00040
2020-01-28,1533.62,5.14,4.47,0.018988647695116018,0.03797500688047282,0.033768822275186496,0.05707213990881618,0.06589927555883685,0.044540698669800184,0.03761425194065626,0.04320349003193906,0.04934608411192605,,,,,,,SRB00040
2020-01-29,1502.14,4.67,2.15,0.017015698292011407,0.035650943932653764,0.0323078914944857,0.05560598039328349,0.06620563107077923,0.04487084526924024,0.03698848955932983,0.04300957875569408,0.04920193156768552,13.0,0.066,1.97968718,495.0,1.6,,SRB00040
2020-01-30,1481.52,0.38,2.62,0.0150427488889068,0.0333268809848347,0.0308469607137849,0.0541398208777508,0.0665119865827216,0.0452009918686803,0.0363627271780034,0.0428156674794491,0.049057779023445,,,,,,,SRB00040
2020-01-31,1484.94,0.0,7.23,0.01924446101720286,0.038784119342315716,0.03753176277461726,0.056741153006444174,0.0661114090601703,0.04489200830402302,0.043315459741152404,0.04634256031936772,0.05217371415345346,,,,,,,SRB00040
2020-02-01,1491.79,0.0,10.7,0.023446173145498926,0.04424135769979673,0.04421656483544963,0.05934248513513755,0.06571083153761899,0.04458302473936574,0.0502681923043014,0.04986945315928634,0.05528964928346192,,,,,,,SRB00040
2020-02-02,1491.79,0.05,11.6,0.02764788527379499,0.049698596057277736,0.050901366896281997,0.06194381726383092,0.06531025401506767,0.044274041174708456,0.0572209248674504,0.05339634599920496,0.05840558441347038,,,,,,,SRB00040
2020-02-03,1505.61,0.58,10.25,0.03184959740209105,0.05515583441475875,0.05758616895711437,0.0645451493925243,0.06490967649251636,0.04396505761005118,0.0641736574305994,0.05692323883912358,0.06152151954347884,,,,,,,SRB00040
2020-02-04,1565.75,11.58,7.38,0.03605130953038711,0.06061307277223976,0.06427097101794672,0.06714648152121767,0.06450909896996505,0.0436560740453939,0.0711263899937484,0.0604501316790422,0.0646374546734873,,,,,,,SRB00040
2020-02-05,1709.02,3.01,3.6,0.04025302165868318,0.06607031112972077,0.0709557730787791,0.06974781364991105,0.06410852144741375,0.04334709048073662,0.0780791225568974,0.06397702451896081,0.06775338980349577,,,,,,,SRB00040
2020-02-06,2217.2,0.0,0.54,0.04445473378697924,0.07152754948720179,0.07764057513961146,0.07234914577860442,0.06370794392486244,0.043038106916079344,0.0850318551200464,0.06750391735887944,0.07086932493350422,,,,,,,SRB00040
2020-02-07,3862.67,0.02,3.19,0.048656445915275306,0.0769847878446828,0.08432537720044384,0.0749504779072978,0.06330736640231112,0.04272912335142206,0.0919845876831954,0.07103081019879806,0.07398526006351268,,,,,,,SRB00040
2020-02-08,5022.43,0.0,-0.04,0.052858158043571364,0.0824420262021638,0.09101017926127619,0.07755181003599117,0.06290678887975981,0.04242013978676478,0.0989373202463444,0.07455770303871667,0.07710119519352114,,,,,,,SRB00040
2020-02-09,4942.11,0.0,2.92,0.05705987017186743,0.08789926455964482,0.09769498132210856,0.08015314216468454,0.0625062113572085,0.0421111562221075,0.1058900528094934,0.0780845958786353,0.0802171303235296,,,,,,,SRB00040
2020-02-10,4580.42,6.93,9.14,0.05581460819816491,0.08644150790934464,0.09530839803398698,0.0780843439820144,0.06233431132006129,0.042122726271257634,0.10326936502871424,0.07614026268990781,0.078330217309411,,,,,,,SRB00040
2020-02-11,4225.69,7.43,8.31,0.05456934622446239,0.08498375125904448,0.0929218147458654,0.07601554579934428,0.062162411282914075,0.04213429632040776,0.10064867724793508,0.07419592950118034,0.0764433042952924,,,,,,,SRB00040
2020-02-12,3880.5,0.04,4.45,0.05332408425075987,0.0835259946087443,0.09053523145774382,0.07394674761667414,0.06199051124576686,0.04214586636955789,0.09802798946715592,0.07225159631245286,0.0745563912811738,,,,,,,SRB00040
2020-02-13,3563.51,0.59,4.91,0.05207882227705736,0.08206823795844412,0.08814864816962224,0.07187794943400401,0.061818611208619645,0.04215743641870801,0.09540730168637676,0.07030726312372537,0.07266947826705521,,,,,,,SRB00040
2020-02-14,3348.66,8.84,6.21,0.05083356030335484,0.08061048130814394,0.08576206488150066,0.06980915125133387,0.06164671117147243,0.04216900646785814,0.0927866139055976,0.0683629299349979,0.07078256525293661,,,,,,,SRB00040
2020-02-15,3325.6,0.04,4.68,0.04958829832965232,0.07915272465784377,0.08337548159337908,0.06774035306866374,0.061474811134325215,0.04218057651700827,0.09016592612481844,0.06641859674627042,0.068895652238818,,,,,,,SRB00040
2020-02-16,3387.44,0.0,4.8,0.0483430363559498,0.0776949680075436,0.0809888983052575,0.0656715548859936,0.061302911097178,0.0421921465661584,0.08754523834403928,0.06447426355754293,0.0670087392246994,,,,,,,SRB00040
2020-02-17,3364.12,0.0,8.48,0.048348930201469936,0.07655340602694292,0.07964467183674791,0.0655875084614027,0.0638464322534797,0.044470803134457296,0.08492455056326012,0.06252993036881546,0.0651218262105808,,,,,,,SRB00040
2020-02-18,3264.88,0.01,7.5,0.04835482404699007,0.07541184404634227,0.0783004453682383,0.0655034620368118,0.0663899534097814,0.0467494597027562,0.08230386278248096,0.06058559718008798,0.0632349131964622,11.8,0.164,2.28894276,410.0,1.3,,SRB00040
2020-02-19,3190.54,0.07,5.44,0.0483607178925102,0.0742702820657416,0.0769562188997287,0.0654194156122209,0.0689334745660831,0.0490281162710551,0.0796831750017018,0.0586412639913605,0.0613480001823436,,,,,,,SRB00040
2020-02-20,3117.89,0.3,4.7,0.04563743050435942,0.07067329165101358,0.07224320425462966,0.06201662527263588,0.06484023994489967,0.0458877546015545,0.078518932699204,0.05840826357190352,0.06126221794861525,,,,,,,SRB00040
2020-02-21,3005.08,0.03,3.09,0.042914143116208635,0.06707630123628557,0.0675301896095306,0.05861383493305086,0.060747005323716234,0.0427473929320539,0.0773546903967062,0.05817526315244654,0.06117643571488691,,,,,,,SRB00040
2020-02-22,2909.72,0.0,3.4,0.04019085572805785,0.06347931082155756,0.06281717496443155,0.05521104459346585,0.0566537707025328,0.0396070312625533,0.0761904480942084,0.05794226273298956,0.06109065348115856,,,,,,,SRB00040
2020-02-23,2843.46,0.0,6.97,0.03746756833990707,0.05988232040682953,0.05810416031933251,0.05180825425388083,0.05256053608134936,0.0364666695930527,0.0750262057917106,0.05770926231353258,0.06100487124743021,,,,,,,SRB00040
2020-02-24,2778.71,0.0,8.46,0.03474428095175629,0.056285329992101514,0.053391145674233455,0.048405463914295815,0.04846730146016593,0.0333263079235521,0.0738619634892128,0.0574762618940756,0.06091908901370187,,,,,,,SRB00040
2020-02-25,2690.54,0.13,8.87,0.0320209935636055,0.0526883395773735,0.0486781310291344,0.0450026735747108,0.0443740668389825,0.0301859462540515,0.072697721186715,0.05724326147461862,0.06083330677997352,,,,,,,SRB00040
2020-02-26,2587.21,5.91,8.82,0.033567575845543346,0.053612788037271784,0.04950781860613584,0.04736077746377951,0.0477094093245521,0.03271212193221704,0.0715334788842172,0.05701026105516164,0.06074752454624517,,,,,,,SRB00040
2020-02-27,2539.97,1.13,4.27,0.03511415812748119,0.05453723649717007,0.050337506183137266,0.04971888135284822,0.0510447518101217,0.03523829761038259,0.0703692365817194,0.05677726063570466,0.06066174231251683,,,,,,,SRB00040
2020-02-28,2635.33,1.84,4.37,0.03666074040941903,0.055461684957068366,0.0511671937601387,0.05207698524191693,0.0543800942956913,0.03776447328854814,0.0692049942792216,0.05654426021624768,0.06057596007878848,,,,,,,SRB00040
2020-02-29,2869.78,0.01,4.16,0.038207322691356876,0.056386133416966654,0.05199688133714014,0.054435089130985645,0.0577154367812609,0.04029064896671368,0.0680407519767238,0.0563112597967907,0.06049017784506013,,,,,,,SRB00040
2020-03-01,3060.96,2.07,9.04,0.03975390497329472,0.05731058187686494,0.052826568914141565,0.05679319302005435,0.0610507792668305,0.04281682464487922,0.066876509674226,0.05607825937733372,0.06040439561133179,,,,,,,SRB00040
2020-03-02,3103.56,3.31,12.21,0.04130048725523257,0.05823503033676323,0.053656256491143,0.05915129690912307,0.0643861217524001,0.045343000323044766,0.0657122673717282,0.05584525895787674,0.06031861337760344,,,,,,,SRB00040
2020-03-03,3053.92,4.0,12.58,0.04284706953717041,0.05915947879666152,0.054485944068144436,0.061509400798191775,0.0677214642379697,0.047869176001210316,0.0645480250692304,0.05561225853841976,0.06023283114387509,,,,,,,SRB00040
2020-03-04,2984.38,5.75,6.32,0.04439365181910825,0.06008392725655981,0.055315631645145864,0.06386750468726049,0.0710568067235393,0.05039535167937586,0.0633837827667326,0.05537925811896278,0.06014704891014675,,,,,,,SRB00040
2020-03-05,2943.42,0.0,4.92,0.0459402341010461,0.0610083757164581,0.0561453192221473,0.0662256085763292,0.0743921492091089,0.0529215273575414,0.0622195404642348,0.0551462576995058,0.0600612666764184,,,,,,,SRB00040
2020-03-06,2970.67,6.01,7.14,0.04865898424631982,0.06449380353558334,0.05957173570145308,0.06759564626698968,0.07532531599533428,0.0532867002132016,0.065722258314665,0.05735551494014714,0.0619603913873739,,,,,,,SRB00040
2020-03-07,3075.1,7.34,7.29,0.05137773439159354,0.06797923135470858,0.06299815218075885,0.06896568395765015,0.07625848278155965,0.0536518730688618,0.0692249761650952,0.059564772180788476,0.0638595160983294,,,,,,,SRB00040
2020-03-08,3168.57,1.62,4.72,0.05409648453686726,0.07146465917383382,0.06642456866006465,0.07033572164831065,0.07719164956778504,0.054017045924522,0.0727276940155254,0.061774029421429816,0.06575864080928491,,,,,,,SRB00040
2020-03-09,3175.87,0.02,5.71,0.056815234682140975,0.07495008699295906,0.06985098513937042,0.07170575933897112,0.07812481635401042,0.0543822187801822,0.0762304118659556,0.06398328666207115,0.0676577655202404,,,,,,,SRB00040
2020-03-10,3125.08,0.0,6.5,0.0595339848274147,0.0784355148120843,0.0732774016186762,0.0730757970296316,0.0790579831402358,0.0547473916358424,0.0797331297163858,0.0661925439027125,0.0695568902311959,,,,,,,SRB00040
2020-03-11,3082.19,0.03,9.66,0.04742675760078027,0.06944828701049263,0.06456194227386275,0.06880037096683086,0.07581771290847462,0.0516495793322325,0.0766297799854927,0.065304540083517,0.06903933846366571,,,,,,,SRB00040
2020-03-12,3039.89,0.0,13.4,0.035319530374145855,0.06046105920890095,0.0558464829290493,0.06452494490403014,0.07257744267671346,0.0485517670286226,0.0735264302545996,0.06441653626432149,0.06852178669613551,,,,,,,SRB00040
2020-03-13,2950.21,0.02,9.52,0.039204230940372335,0.0612249733721937,0.056211469937825734,0.06832989804286653,0.0755268035977848,0.05169573650059423,0.07042308052370651,0.063528532445126,0.0680042349286053,,,,,,,SRB00040
2020-03-14,2850.02,0.0,7.41,0.04308893150659882,0.061988887535486446,0.05657645694660216,0.07213485118170292,0.07847616451885615,0.05483970597256587,0.0673197307928134,0.0626405286259305,0.0674866831610751,,,,,,,SRB00040
2020-03-15,2836.92,0.0,4.83,0.0469736320728253,0.0627528016987792,0.0569414439553786,0.0759398043205393,0.0814255254399275,0.0579836754445375,0.0642163810619203,0.061752524806735,0.0669691313935449,,,,,,,SRB00040
2020-03-16,2943.42,0.0,5.02,0.04457321244524118,0.06238578276659685,0.05648552138035315,0.07485447372615163,0.07898262741023787,0.05510141693203745,0.06508668006524258,0.06325058435091646,0.06846391661890941,,,,,,,SRB00040
2020-03-17,3068.02,0.0,7.32,0.042172792817657054,0.0620187638344145,0.05602959880532769,0.07376914313176394,0.07653972938054825,0.0522191584195374,0.06595697906856486,0.06474864389509792,0.0699587018442739,,,,,,,SRB00040
2020-03-18,3089.3,0.0,10.9,0.03977237319007292,0.06165174490223215,0.055573676230302245,0.07268381253737627,0.07409683135085862,0.04933689990703735,0.06682727807188714,0.06624670343927938,0.0714534870696384,,,,,,,SRB00040
2020-03-19,3005.08,0.0,12.74,0.0373719535624888,0.0612847259700498,0.0551177536552768,0.0715984819429886,0.071653933321169,0.0464546413945373,0.06769757707520942,0.06774476298346084,0.07294827229500289,,,,,,,SRB00040
2020-03-20,2856.59,0.0,13.71,0.0477095084639457,0.0659583024641555,0.0567829790003779,0.0797850597915423,0.0819852002673036,0.0557917920361952,0.0685678760785317,0.0692428225276423,0.0744430575203674,,,,,,,SRB00040
2020-03-21,2696.74,0.1,11.72,0.04737324053933038,0.06704070601976925,0.05866712119647209,0.0864829264406275,0.08780826728051819,0.059529338857246455,0.08396201524672445,0.08759119214600328,0.09318252891948339,,,,,,,SRB00040
2020-03-22,2563.48,0.02,4.52,0.04703697261471506,0.06812310957538299,0.06055126339256628,0.0931807930897127,0.09363133429373277,0.0632668856782977,0.09935615441491719,0.10593956176436427,0.11192200031859938,,,,,,,SRB00040
2020-03-23,2470.72,1.17,0.05,0.046700704690099744,0.06920551313099674,0.06243540558866047,0.09987865973879788,0.09945440130694737,0.06700443249934897,0.11475029358310994,0.12428793138272526,0.13066147171771536,,,,,,,SRB00040
2020-03-24,2442.43,11.44,0.6,0.04636443676548442,0.07028791668661047,0.06431954778475465,0.10657652638788308,0.10527746832016195,0.07074197932040022,0.1301444327513027,0.14263630100108624,0.14940094311683136,,,,,,,SRB00040
2020-03-25,2482.13,2.53,0.74,0.046028168840869105,0.07137032024222421,0.06620368998084884,0.11327439303696828,0.11110053533337653,0.07447952614145148,0.14553857191949543,0.1609846706194472,0.16814041451594736,,,,,,,SRB00040
2020-03-26,2581.26,0.01,4.4,0.04569190091625379,0.07245272379783796,0.06808783217694303,0.11997225968605346,0.11692360234659113,0.07821707296250273,0.1609327110876882,0.17933304023780822,0.18687988591506333,,,,,,,SRB00040
2020-03-27,2623.22,0.0,7.8,0.045355632991638466,0.0735351273534517,0.06997197437303722,0.12667012633513866,0.12274666935980572,0.08195461978355399,0.17632685025588093,0.1976814098561692,0.20561935731417932,,,,,,,SRB00040
2020-03-28,2551.7,0.0,10.64,0.04501936506702315,0.07461753090906545,0.0718561165691314,0.13336799298422386,0.1285697363730203,0.08569216660460524,0.19172098942407367,0.21602977947453017,0.22435882871329532,,,,,,,SRB00040
2020-03-29,2414.46,0.03,10.21,0.12548673690394543,0.14052542098174547,0.13232647983228096,0.20723440294786127,0.18491462131640668,0.13840694401388307,0.20711512859226644,0.23437814909289115,0.24309830011241132,,,,,,,SRB00040
2020-03-30,2274.1,0.05,6.06,0.2059541087408677,0.2064333110544255,0.1927968430954305,0.2811008129114987,0.2412595062597931,0.1911217214231609,0.2225092677604592,0.2527265187112521,0.2618377715115273,,,,,,,SRB00040
2020-03-31,2146.83,0.04,3.35,0.1727945539740347,0.1767962027452087,0.16457825811901428,0.2438739954059326,0.2105209829574699,0.1647250261841404,0.19280563666948414,0.21887467123059867,0.22752657629974843,,,,,,,SRB00040
2020-04-01,2036.04,0.0,2.45,0.13963499920720168,0.14715909443599196,0.13635967314259803,0.20664717790036652,0.1797824596551467,0.13832833094511987,0.1631020055785091,0.1850228237499452,0.1932153810879695,,,,,,,SRB00040
2020-04-02,1953.34,0.0,4.12,0.10647544444036869,0.11752198612677517,0.10814108816618181,0.16942036039480046,0.1490439363528235,0.11193163570609937,0.13339837448753403,0.1511709762692917,0.1589041858761906,,,,,,,SRB00040
2020-04-03,1895.71,0.0,7.07,0.0733158896735357,0.08788487781755838,0.07992250318976558,0.13219354288923438,0.11830541305050031,0.08553494046707887,0.10369474339655897,0.11731912878863826,0.1245929906644117,,,,,,,SRB00040
2020-04-04,1856.8,0.0,9.28,0.0401563349067027,0.058247769508341596,0.051703918213349354,0.0949667253836683,0.0875668897481771,0.05913824522805835,0.0739911123055839,0.0834672813079848,0.0902817954526328,,,,,,,SRB00040
2020-04-05,1818.7,0.0,10.95,0.04216118810578208,0.0609492492579872,0.05325274142343702,0.09745075369661528,0.08858244746333398,0.05969582542433842,0.07555449351578385,0.08519319277518883,0.09205203806972344,,,,,,,SRB00040
2020-04-06,1773.19,0.0,9.5,0.04416604130486146,0.0636507290076328,0.05480156463352469,0.09993478200956225,0.08959800517849086,0.06025340562061849,0.07711787472598379,0.08691910424239288,0.09382228068681409,,,,,,,SRB00040
2020-04-07,1716.91,0.0,9.08,0.046170894503940844,0.06635220875727839,0.05635038784361236,0.10241881032250924,0.09061356289364775,0.06081098581689856,0.07868125593618372,0.08864501570959692,0.09559252330390472,,,,,,,SRB00040
2020-04-08,1673.94,0.0,12.54,0.04817574770302022,0.06905368850692399,0.05789921105370003,0.10490283863545621,0.09162912060880463,0.06136856601317863,0.08024463714638366,0.09037092717680097,0.09736276592099537,,,,,,,SRB00040
2020-04-09,1639.59,0.0,14.02,0.0501806009020996,0.0717551682565696,0.0594480342637877,0.1073868669484032,0.0926446783239615,0.0619261462094587,0.0818080183565836,0.092096838644005,0.099133008538086,,,,,,,SRB00040
2020-04-10,1613.36,0.0,13.83,0.049489782463838825,0.07500456841423539,0.0643255778431017,0.13616649778733464,0.11204274950925425,0.07393679587936552,0.09114906028442575,0.1049820854670899,0.11259104385494399,,,,,,,SRB00040
2020-04-11,1602.25,0.0,13.57,0.048798964025578054,0.0782539685719012,0.06920312142241569,0.16494612862626606,0.131440820694547,0.08594744554927236,0.10049010221226788,0.11786733229017478,0.12604907917180197,,,,,,,SRB00040
2020-04-12,1602.25,0.0,14.61,0.048108145587317276,0.081503368729567,0.0740806650017297,0.1937257594651975,0.15083889187983976,0.09795809521917918,0.10983114414011003,0.13075257911325966,0.13950711448866,,,,,,,SRB00040
2020-04-13,1628.3,0.0,15.99,0.0474173271490565,0.0847527688872328,0.0789582085810437,0.2225053903041289,0.1702369630651325,0.109968744889086,0.11917218606795216,0.14363782593634455,0.15296514980551795,,,,,,,SRB00040
2020-04-14,1673.94,3.78,7.65,0.06485803733553665,0.09681551948562406,0.08988519311774826,0.22779459513033717,0.17592736753728247,0.11784876649029785,0.12851322799579432,0.15652307275942945,0.16642318512237597,,,,,,,SRB00040
2020-04-15,1728.82,0.0,7.21,0.0822987475220168,0.10887827008401534,0.1008121776544528,0.23308379995654543,0.18161777200943244,0.1257287880915097,0.13785426992363645,0.16940831958251434,0.17988122043923394,,,,,,,SRB00040
2020-04-16,1793.73,0.0,11.55,0.09973945770849695,0.1209410206824066,0.11173916219115734,0.2383730047827537,0.1873081764815824,0.13360880969272157,0.14719531185147858,0.18229356640559924,0.19333925575609195,,,,,,,SRB00040
2020-04-17,1878.32,0.0,15.83,0.1171801678949771,0.13300377128079788,0.1226661467278619,0.24366220960896195,0.19299858095373237,0.14148883129393341,0.15653635377932074,0.19517881322868413,0.20679729107294992,,,,,,,SRB00040
2020-04-18,1985.1,0.0,18.19,0.13462087808145723,0.14506652187918914,0.13359313126456646,0.24895141443517022,0.19868898542588234,0.14936885289514526,0.16587739570716287,0.208064060051769,0.22025532638980794,,,,,,,SRB00040
2020-04-19,2069.14,0.39,18.17,0.1520615882679374,0.1571292724775804,0.144520115801271,0.2542406192613785,0.2043793898980323,0.1572488744963571,0.175218437635005,0.2209493068748539,0.2337133617066659,,,,,,,SRB00040
2020-04-20,2069.14,0.29,12.81,0.0295660683585035,0.0564220531270644,0.0470001104893561,0.1160260165884948,0.0785794838778839,0.048016896151401,0.15521843529088852,0.19903942140448722,0.21197987773622318,,,,,,,SRB00040
2020-04-21,2022.02,0.0,12.1,0.03537152930048922,0.05955370039469825,0.048732203761956555,0.12027851931092265,0.08057816460981802,0.04965193065163635,0.13521843294677208,0.17712953593412054,0.19024639376578045,,,,,,,SRB00040
2020-04-22,2017.37,0.0,12.84,0.04117699024247495,0.06268534766233211,0.050464297034557,0.12453102203335051,0.08257684534175215,0.0512869651518717,0.11521843060265562,0.15521965046375386,0.16851290979533776,,,,,,,SRB00040
2020-04-23,2093.11,0.0,14.46,0.04698245118446068,0.06581699492996596,0.05219639030715745,0.12878352475577834,0.08457552607368628,0.052921999652107046,0.09521842825853916,0.13330976499338718,0.14677942582489503,,,,,,,SRB00040
2020-04-24,2207.01,0.0,15.49,0.0527879121264464,0.0689486421975998,0.0539284835797579,0.1330360274782062,0.0865742068056204,0.0545570341523424,0.0752184259144227,0.1113998795230205,0.1250459418544523,,,,,,,SRB00040
2020-04-25,2253.24,0.18,16.79,0.07455636457586107,0.08955134017951649,0.07490322703117289,0.15932166768583292,0.109966247475242,0.07510839063295185,0.09765519682081045,0.1358427610317828,0.15025346290911953,,,,,,,SRB00040
2020-04-26,2212.09,0.22,13.04,0.09632481702527572,0.1101540381614332,0.09587797048258787,0.18560730789345964,0.13335828814486358,0.09565974711356132,0.12009196772719821,0.1602856425405451,0.17546098396378673,,,,,,,SRB00040
2020-04-27,2127.14,0.0,15.49,0.11809326947469037,0.1307567361433499,0.11685271393400286,0.21189294810108636,0.15675032881448517,0.11621110359417078,0.14252873863358598,0.1847285240493074,0.20066850501845396,,,,,,,SRB00040
2020-04-28,2040.74,0.99,19.07,0.13986172192410504,0.1513594341252666,0.13782745738541785,0.23817858830871308,0.18014236948410678,0.13676246007478024,0.16496550953997374,0.20917140555806968,0.22587602607312118,,,,,,,SRB00040
2020-04-29,1971.42,3.85,16.78,0.1616301743735197,0.17196213210718328,0.15880220083683283,0.26446422851633977,0.20353441015372836,0.1573138165553897,0.18740228044636148,0.233614287066832,0.2510835471277884,,,,,,,SRB00040
2020-04-30,1935.42,0.64,16.71,0.18339862682293434,0.19256483008909997,0.1797769442882478,0.2907498687239665,0.22692645082334995,0.17786517303599914,0.20983905135274925,0.2580571685755943,0.2762910681824556,,,,,,,SRB00040
2020-05-01,1930.97,3.3,14.74,0.205167079272349,0.2131675280710167,0.2007516877396628,0.31703550893159327,0.25031849149297153,0.1984165295166086,0.232275822259137,0.2825000500843566,0.3014985892371228,,,,,,,SRB00040
2020-05-02,1957.84,8.93,13.99,0.22693553172176367,0.23377022605293338,0.2217264311910778,0.34332114913921996,0.2737105321625931,0.21896788599721806,0.25471259316552475,0.3069429315931189,0.32670611029179003,,,,,,,SRB00040
2020-05-03,2031.36,0.25,12.88,0.24870398417117834,0.25437292403485007,0.24270117464249277,0.36960678934684665,0.2971025728322147,0.23951924247782752,0.27714936407191254,0.3313858131018812,0.35191363134645726,,,,,,,SRB00040
2020-05-04,2176.71,0.0,13.52,0.270472436620593,0.2749756220167668,0.2636759180939078,0.3958924295544734,0.3204946135018363,0.260070598958437,0.2995861349783003,0.3558286946106435,0.3771211524011245,,,,,,,SRB00040
2020-05-05,2392.32,4.82,14.36,0.22414266685435344,0.2323062348213249,0.2197795175703286,0.3467868575948612,0.2728527699786389,0.21781271543588065,0.25372628491077287,0.30968401007497914,0.33082852348504416,,,,,,,SRB00040
2020-05-06,2587.21,0.45,11.61,0.17781289708811387,0.18963684762588298,0.17588311704674942,0.29768128563524904,0.22521092645544144,0.1755548319133243,0.2078664348432454,0.2635393255393148,0.2845358945689638,,,,,,,SRB00040
2020-05-07,2672.01,0.0,13.84,0.13148312732187434,0.14696746043044107,0.13198671652317026,0.24857571367563686,0.17756908293224405,0.13329694839076794,0.16200658477571797,0.2173946410036504,0.23824326565288345,,,,,,,SRB00040
2020-05-08,2647.5,0.0,15.52,0.08515335755563477,0.10429807323499918,0.08809031599959108,0.19947014171602467,0.12992723940904663,0.09103906486821162,0.11614673470819054,0.17124995646798608,0.19195063673680313,,,,,,,SRB00040
2020-05-09,2575.32,0.0,19.21,0.0388235877893952,0.0616286860395573,0.0441939154760119,0.1503645697564125,0.0822853958858492,0.0487811813456553,0.0702868846406631,0.1251052719323217,0.1456580078207228,,,,,,,SRB00040
2020-05-10,2487.86,0.0,19.46,0.03752483107791262,0.060566237849721136,0.04344193498198165,0.15042312638406116,0.0810073948369761,0.04774800977656319,0.07060188505945211,0.12614413215297737,0.14719078501359462,,,,,,,SRB00040
2020-05-11,2397.83,0.05,20.14,0.03622607436643005,0.059503789659884974,0.042689954487951404,0.15048168301170983,0.07972939378810298,0.04671483820747107,0.07091688547824111,0.12718299237363306,0.14872356220646643,,,,,,,SRB00040
2020-05-12,2305.75,0.54,13.79,0.03492731765494747,0.05844134147004881,0.04193797399392116,0.1505402396393585,0.07845139273922988,0.04568166663837896,0.07123188589703013,0.12822185259428873,0.15025633939933825,,,,,,,SRB00040
2020-05-13,2227.44,0.0,18.78,0.03362856094346489,0.05737889328021265,0.04118599349989091,0.15059879626700717,0.07717339169035677,0.04464849506928684,0.07154688631581914,0.12926071281494442,0.15178911659221006,,,,,,,SRB00040
2020-05-14,2212.09,1.58,21.25,0.03232980423198232,0.05631644509037649,0.040434013005860664,0.15065735289465584,0.07589539064148366,0.04361532350019472,0.07186188673460814,0.13029957303560008,0.15332189378508185,,,,,,,SRB00040
2020-05-15,2279.34,0.0,18.58,0.03103104752049974,0.05525399690054033,0.03968203251183042,0.15071590952230451,0.07461738959261055,0.04258215193110261,0.07217688715339715,0.13133843325625577,0.15485467097795366,,,,,,,SRB00040
2020-05-16,2397.83,0.06,15.98,0.02973229080901716,0.05419154871070417,0.03893005201780018,0.15077446614995318,0.07333938854373745,0.04154898036201049,0.07249188757218615,0.13237729347691143,0.15638744817082548,,,,,,,SRB00040
2020-05-17,2505.11,0.37,18.32,0.028433534097534584,0.05312910052086801,0.03817807152376993,0.15083302277760186,0.07206138749486433,0.04051580879291838,0.07280688799097516,0.1334161536975671,0.1579202253636973,,,,,,,SRB00040
2020-05-18,2593.18,0.02,19.51,0.02713477738605201,0.052066652331031846,0.037426091029739685,0.15089157940525053,0.07078338644599123,0.039482637223826264,0.07312188840976418,0.1344550139182228,0.1594530025565691,,,,,,,SRB00040
2020-05-19,2715.44,1.42,19.82,0.02583602067456943,0.051004204141195685,0.03667411053570944,0.1509501360328992,0.06950538539711812,0.038449465654734144,0.07343688882855318,0.13549387413887845,0.16098577974944092,,,,,,,SRB00040
2020-05-20,2850.02,9.78,16.71,0.024537263963086853,0.04994175595135952,0.03592213004167919,0.15100869266054787,0.06822738434824502,0.03741629408564203,0.07375188924734219,0.13653273435953414,0.16251855694231274,,,,,,,SRB00040
2020-05-21,2889.68,0.0,16.01,0.023238507251604278,0.04887930776152336,0.035170149547648945,0.15106724928819654,0.0669493832993719,0.03638312251654992,0.0740668896661312,0.1375715945801898,0.16405133413518455,11.7,0.067,0.6884887,360.0,2.9,0.0543,SRB00040
2020-05-22,2823.88,0.01,15.75,0.0219397505401217,0.0478168595716872,0.0344181690536187,0.1511258059158452,0.0656713822504988,0.0353499509474578,0.0743818900849202,0.1386104548008455,0.16558411132805634,,,,,,,SRB00040
2020-05-23,2715.44,0.11,19.63,0.025016053031506773,0.05011807405814074,0.03583319216255137,0.15414035458694086,0.06754635429229736,0.03655627162312136,0.07469689050370922,0.13964931502150116,0.16711688852092815,,,,,,,SRB00040
2020-05-24,2623.22,2.83,16.5,0.028092355522891847,0.05241928854459428,0.03724821527148403,0.15715490325803655,0.06942132633409592,0.03776259229878493,0.07501189092249823,0.14068817524215685,0.16864966571379997,,,,,,,SRB00040
2020-05-25,2551.7,1.06,14.68,0.031168658014276922,0.05472050303104783,0.0386632383804167,0.1601694519291322,0.07129629837589448,0.0389689129744485,0.07532689134128723,0.1417270354628125,0.17018244290667178,,,,,,,SRB00040
2020-05-26,2534.13,4.51,13.79,0.034244960505661996,0.05702171751750137,0.040078261489349364,0.16318400060022786,0.07317127041769303,0.040175233650112066,0.07564189176007624,0.14276589568346817,0.1717152200995436,,,,,,,SRB00040
2020-05-27,2678.17,1.31,14.83,0.03732126299704707,0.05932293200395491,0.04149328459828203,0.16619854927132355,0.0750462424594916,0.04138155432577563,0.07595689217886525,0.14380475590412387,0.1732479972924154,,,,,,,SRB00040
2020-05-28,3025.91,0.74,16.36,0.040397565488432145,0.06162414649040845,0.0429083077072147,0.1692130979424192,0.07692121450129015,0.0425878750014392,0.07627189259765425,0.14484361612477953,0.17478077448528723,,,,,,,SRB00040
2020-05-29,3356.38,5.28,14.99,0.04347386797981722,0.063925360976862,0.044323330816147366,0.17222764661351486,0.0787961865430887,0.04379419567710277,0.07658689301644327,0.14588247634543522,0.17631355167815904,,,,,,,SRB00040
2020-05-30,3506.52,2.22,14.36,0.0465501704712023,0.06622657546331553,0.045738353925080036,0.17524219528461055,0.08067115858488727,0.045000516352766334,0.07690189343523227,0.14692133656609088,0.17784632887103086,,,,,,,SRB00040
2020-05-31,3466.37,0.2,13.71,0.049626472962587376,0.06852778994976907,0.0471533770340127,0.1782567439557062,0.08254613062668582,0.0462068370284299,0.07721689385402128,0.14796019678674657,0.17937910606390264,,,,,,,SRB00040
2020-06-01,3302.7,1.24,16.72,0.05270277545397245,0.07082900443622261,0.04856840014294537,0.18127129262680186,0.08442110266848438,0.04741315770409347,0.07753189427281029,0.14899905700740224,0.18091188325677446,,,,,,,SRB00040
2020-06-02,3132.29,1.38,16.81,0.055779077945357525,0.07313021892267615,0.04998342325187804,0.18428584129789755,0.08629607471028294,0.04861947837975704,0.07784689469159929,0.15003791722805793,0.18244466044964627,,,,,,,SRB00040
2020-06-03,2991.27,6.29,15.76,0.0588553804367426,0.0754314334091297,0.0513984463608107,0.1873003899689932,0.0881710467520815,0.0498257990554206,0.0781618951103883,0.1510767774487136,0.1839774376425181,,,,,,,SRB00040
2020-06-04,2876.4,1.18,19.81,0.050852234882152875,0.07021961151625375,0.04853190060391105,0.1832422119240468,0.08462769307293964,0.046636893630921925,0.0751502229901137,0.14883672432634118,0.1824801216910337,,,,,,,SRB00040
2020-06-05,2765.94,2.31,20.73,0.04284908932756315,0.0650077896233778,0.0456653548470114,0.1791840338791004,0.0810843393937978,0.043447988206423246,0.0721385508698391,0.14659667120396877,0.1809828057395493,,,,,,,SRB00040
2020-06-06,2659.72,0.15,22.13,0.034845943772973426,0.059795967730501845,0.04279880909011175,0.175125855834154,0.07754098571465595,0.040259082781924575,0.06912687874956451,0.14435661808159633,0.1794854897880649,,,,,,,SRB00040
2020-06-07,2575.32,1.97,23.68,0.0268427982183837,0.0545841458376259,0.0399322633332121,0.1710676777892076,0.0739976320355141,0.0370701773574259,0.06611520662928991,0.14211656495922392,0.1779881738365805,,,,,,,SRB00040
2020-06-08,2551.7,9.49,21.48,0.0307950564363262,0.0540933144334607,0.0351915688064726,0.1592355188263301,0.0798889629061154,0.0436421976712251,0.0631035345090153,0.1398765118368515,0.1764908578850961,11.3,0.108,0.4288946,333.0,2.3,0.0442,SRB00040
2020-06-09,2617.18,12.85,20.54,0.032850195903543856,0.05623920197813322,0.0373762076247005,0.15894194857705704,0.08237591832405555,0.04612232173155266,0.06507016658310476,0.13750624959147212,0.1722338047241958,,,,,,,SRB00040
2020-06-10,2797.98,3.6,20.38,0.03490533537076152,0.058385089522805744,0.0395608464429284,0.15864837832778397,0.08486287374199572,0.04860244579188022,0.06703679865719422,0.13513598734609272,0.1679767515632955,,,,,,,SRB00040
2020-06-11,3103.56,5.68,19.1,0.03696047483797918,0.06053097706747826,0.041745485261156304,0.15835480807851093,0.08734982915993587,0.05108256985220778,0.06900343073128368,0.1327657251007133,0.1637196984023952,,,,,,,SRB00040
2020-06-12,3434.58,0.02,21.52,0.039015614305196844,0.06267686461215079,0.0439301240793842,0.15806123782923787,0.08983678457787604,0.05356269391253534,0.07097006280537314,0.1303954628553339,0.1594626452414949,,,,,,,SRB00040
2020-06-13,3731.5,0.52,23.93,0.0410707537724145,0.0648227521568233,0.0461147628976121,0.1577676675799648,0.0923237399958162,0.0560428179728629,0.0729366948794626,0.1280252006099545,0.1552055920805946,,,,,,,SRB00040
2020-06-14,3989.25,0.39,24.31,0.04218236916432569,0.06593476976309086,0.047380575432714296,0.15749816843037495,0.09088827203954229,0.05469923834525768,0.07358612225087634,0.12833619539532976,0.15539419325219433,,,,,,,SRB00040
2020-06-15,4082.19,7.62,21.21,0.04329398455623688,0.0670467873693584,0.048646387967816486,0.1572286692807851,0.0894528040832684,0.053355658717652465,0.07423554962229009,0.12864719018070497,0.15558279442379405,,,,,,,SRB00040
2020-06-16,3989.25,6.94,18.74,0.044405599948148064,0.06815880497562596,0.04991220050291868,0.15695917013119526,0.0880173361269945,0.05201207909004724,0.07488497699370383,0.12895818496608022,0.1557713955953938,,,,,,,SRB00040
2020-06-17,3980.07,8.12,18.69,0.045517215340059244,0.06927082258189352,0.05117801303802087,0.1566896709816054,0.0865818681707206,0.05066849946244202,0.07553440436511759,0.12926917975145547,0.15595999676699351,,,,,,,SRB00040
2020-06-18,4324.14,9.49,19.83,0.04662883073197043,0.07038284018816107,0.05244382557312307,0.15642017183201556,0.0851464002144467,0.0493249198348368,0.07618383173653133,0.1295801745368307,0.15614859793859326,,,,,,,SRB00040
2020-06-19,4976.37,1.73,21.05,0.04774044612388162,0.07149485779442862,0.05370963810822526,0.15615067268242572,0.0837109322581728,0.04798134020723158,0.07683325910794507,0.12989116932220593,0.156337199110193,,,,,,,SRB00040
2020-06-20,5163.16,1.91,18.87,0.048852061515792806,0.07260687540069617,0.054975450643327456,0.15588117353283587,0.0822754643018989,0.04663776057962636,0.07748268647935883,0.13020216410758118,0.15652580028179272,,,,,,,SRB00040
2020-06-21,4976.37,4.17,18.46,0.049963676907703994,0.07371889300696373,0.056241263178429646,0.15561167438324602,0.080839996345625,0.04529418095202114,0.07813211385077257,0.13051315889295642,0.15671440145339247,,,,,,,SRB00040
2020-06-22,4840.72,15.11,20.16,0.05107529229961518,0.07483091061323129,0.05750707571353184,0.15534217523365618,0.0794045283893511,0.043950601324415924,0.07878154122218632,0.13082415367833167,0.15690300262499218,7.7,0.107,1.16930212,340.0,1.0,0.007,SRB00040
2020-06-23,4840.72,2.1,21.25,0.05218690769152637,0.07594292821949883,0.05877288824863403,0.15507267608406633,0.0779690604330772,0.0426070216968107,0.07943096859360006,0.13113514846370689,0.15709160379659193,,,,,,,SRB00040
2020-06-24,4942.11,0.04,21.71,0.053298523083437556,0.07705494582576639,0.06003870078373623,0.15480317693447648,0.0765335924768033,0.04126344206920548,0.0800803959650138,0.13144614324908213,0.15728020496819167,,,,,,,SRB00040
2020-06-25,4987.84,0.0,23.36,0.05441013847534874,0.07816696343203394,0.06130451331883842,0.15453367778488664,0.0750981245205294,0.03991986244160026,0.08072982333642756,0.13175713803445738,0.1574688061397914,,,,,,,SRB00040
2020-06-26,4885.52,0.24,25.18,0.055521753867259924,0.0792789810383015,0.06257032585394061,0.1542641786352968,0.0736626565642555,0.03857628281399504,0.0813792507078413,0.13206813281983262,0.15765740731139113,,,,,,,SRB00040
2020-06-27,4708.77,0.03,27.03,0.05663336925917111,0.08039099864456904,0.06383613838904281,0.15399467948570694,0.07222718860798161,0.03723270318638982,0.08202867807925505,0.13237912760520784,0.15784600848299085,,,,,,,SRB00040
2020-06-28,4527.97,0.27,27.67,0.0577449846510823,0.0815030162508366,0.065101950924145,0.1537251803361171,0.0707917206517077,0.0358891235587846,0.0826781054506688,0.1326901223905831,0.1580346096545906,,,,,,,SRB00040
2020-06-29,4344.1,0.8,27.61,0.05099968035691961,0.07687424202158986,0.060818180529806254,0.15766546066812928,0.07086582195637653,0.0351564708340798,0.0908601353249521,0.1451222041325847,0.17326146674334528,,,,,,,SRB00040
2020-06-30,4206.27,0.5,23.82,0.04425437606275692,0.07224546779234312,0.0565344101354675,0.16160574100014147,0.07093992326104535,0.034423818109375,0.0990421651992354,0.1575542858745863,0.18848832383209996,,,,,,,SRB00040
2020-07-01,4101.04,0.0,26.87,0.037509071768594235,0.06761669356309638,0.05225063974112874,0.16554602133215365,0.07101402456571418,0.033691165384670194,0.1072241950735187,0.1699863676165879,0.20371518092085464,,,,,,,SRB00040
2020-07-02,4110.5,1.6,27.74,0.03076376747443155,0.06298791933384965,0.047966869346789995,0.16948630166416584,0.071088125870383,0.0329585126599654,0.115406224947802,0.1824184493585895,0.21894203800960932,,,,,,,SRB00040
2020-07-03,4354.12,2.07,25.6,0.10911662467088,0.1199270295393871,0.0984779092602923,0.2309323219083842,0.1285632990053263,0.0818443948398781,0.1235882548220853,0.1948505311005911,0.234168895098364,,,,,,,SRB00040
2020-07-04,4633.47,1.11,23.3,0.09595051235527739,0.10959555627218634,0.08926978269059535,0.21467688966895287,0.11633847931502969,0.07247195786862427,0.1124945736968453,0.17977957799494046,0.21617106915428563,,,,,,,SRB00040
2020-07-05,4654.86,0.0,25.31,0.0827844000396748,0.09926408300498557,0.08006165612089838,0.19842145742952155,0.1041136596247331,0.06309952089737046,0.1014008925716053,0.16470862488928978,0.19817324321020724,,,,,,,SRB00040
2020-07-06,4559.37,0.11,26.88,0.06961828772407219,0.08893260973778482,0.07085352955120142,0.18216602519009023,0.09188883993443649,0.05372708392611664,0.0903072114463653,0.14963767178363913,0.18017541726612887,,,,,,,SRB00040
2020-07-07,4445.31,1.04,20.1,0.05645217540846959,0.07860113647058406,0.06164540298150446,0.1659105929506589,0.07966402024413989,0.04435464695486282,0.0792135303211253,0.13456671867798847,0.1621775913220505,,,,,,,SRB00040
2020-07-08,4284.48,0.0,21.56,0.043286063092867,0.0682696632033833,0.0524372764118075,0.1496551607112276,0.0674392005538433,0.034982209983609,0.0681198491958853,0.1194957655723378,0.1441797653779721,,,,,,,SRB00040
2020-07-09,4091.61,0.0,24.68,0.0311458600450546,0.0602636647607041,0.0497518164878741,0.1454884950286594,0.0605846084012659,0.0297220561707838,0.07532739420057272,0.11880685252725737,0.1417255703748149,,,,,,,SRB00040
2020-07-10,3898.42,0.0,26.73,0.04748502338863063,0.07364026047440073,0.06138034225107932,0.14134954780164538,0.0675911417523253,0.038694465272281625,0.08253493920526014,0.11811793948217693,0.13927137537165768,,,,,,,SRB00040
2020-07-11,3714.35,0.02,27.82,0.06382418673220665,0.08701685618809735,0.07300886801428455,0.13721060057463136,0.0745976751033847,0.04766687437377945,0.08974248420994756,0.11742902643709648,0.13681718036850044,,,,,,,SRB00040
2020-07-12,3530.83,2.32,19.77,0.08016335007578268,0.10039345190179398,0.08463739377748977,0.13307165334761734,0.0816042084544441,0.056639283475277274,0.09695002921463497,0.11674011339201604,0.13436298536534322,,,,,,,SRB00040
2020-07-13,3371.87,0.0,20.21,0.0965025134193587,0.1137700476154906,0.096265919540695,0.1289327061206033,0.0886107418055035,0.0656116925767751,0.1041575742193224,0.1160512003469356,0.131908790362186,7.6,0.122,0.84875984,338.0,0.9,0.011,SRB00040
2020-07-14,3356.38,0.0,20.31,0.08758196677943039,0.10779583845427783,0.08911312790232605,0.1273402371253644,0.08306306168523342,0.06025159456192664,0.09985512181343045,0.11400301072622558,0.12942636230823026,,,,,,,SRB00040
2020-07-15,3722.92,0.0,21.36,0.07866142013950209,0.10182162929306506,0.0819603362639571,0.1257477681301255,0.07751538156496332,0.05489149654707818,0.09555266940753851,0.11195482110551556,0.12694393425427453,,,,,,,SRB00040
2020-07-16,4148.54,0.01,23.49,0.06974087349957377,0.0958474201318523,0.07480754462558814,0.12415529913488658,0.07196770144469324,0.04953139853222972,0.09125021700164658,0.10990663148480553,0.12446150620031877,,,,,,,SRB00040
2020-07-17,4110.5,20.98,16.96,0.06082032685964546,0.08987321097063952,0.0676547529872192,0.12256283013964767,0.06642002132442315,0.04417130051738126,0.08694776459575464,0.10785844186409552,0.12197907814636304,,,,,,,SRB00040
2020-07-18,3853.78,2.04,19.26,0.051899780219717154,0.08389900180942675,0.06050196134885025,0.12097036114440876,0.06087234120415305,0.0388112025025328,0.0826453121898627,0.1058102522433855,0.1194966500924073,,,,,,,SRB00040
2020-07-19,3671.82,18.51,18.15,0.048178755547615325,0.0757216619191428,0.055316821864209255,0.11565351891632035,0.056957332410171764,0.03631675871463232,0.07530735072013978,0.10041187103060656,0.1150331392558696,,,,,,,SRB00040
2020-07-20,3774.72,0.05,22.72,0.044457730875513496,0.06754432202885885,0.05013168237956827,0.11033667668823194,0.05304232361619047,0.03382231492673184,0.06796938925041686,0.09501348981782762,0.11056962841933189,,,,,,,SRB00040
2020-07-21,4186.94,0.0,25.74,0.04073670620341166,0.0593669821385749,0.04494654289492728,0.10501983446014353,0.04912731482220918,0.03132787113883136,0.060631427780693935,0.08961510860504868,0.1061061175827942,,,,,,,SRB00040
2020-07-22,4507.17,0.05,26.35,0.03701568153130983,0.05118964224829095,0.03976140341028629,0.09970299223205512,0.045212306028227886,0.02883342735093088,0.05329346631097102,0.08421672739226974,0.1016426067462565,,,,,,,SRB00040
2020-07-23,4476.13,1.09,25.43,0.033294656859208,0.043012302358007,0.0345762639256453,0.0943861500039667,0.0412972972342466,0.0263389835630304,0.0459555048412481,0.0788183461794908,0.0971790959097188,,,,,,,SRB00040
2020-07-24,4254.98,0.15,25.41,0.034760527554460845,0.04744664495208614,0.0371465928683494,0.104109812776882,0.04686096208357122,0.02804960459946352,0.04962747232396014,0.08645199509098243,0.1061662480257002,,,,,,,SRB00040
2020-07-25,4026.17,3.75,22.86,0.03622639824971368,0.05188098754616528,0.0397169218110535,0.11383347554979731,0.05242462693289583,0.02976022563589664,0.05329943980667218,0.09408564400247407,0.1151534001416816,,,,,,,SRB00040
2020-07-26,3871.58,2.36,22.79,0.03769226894496652,0.056315330140244424,0.0422872507537576,0.1235571383227126,0.05798829178222045,0.03147084667232976,0.05697140728938422,0.10171929291396573,0.12414055225766299,,,,,,,SRB00040
2020-07-27,3818.44,0.09,24.84,0.03915813964021936,0.060749672734323565,0.0448575796964617,0.1332808010956279,0.06355195663154507,0.033181467708762874,0.06064337477209626,0.10935294182545736,0.1331277043736444,,,,,,,SRB00040
2020-07-28,3757.37,0.0,26.95,0.0406240103354722,0.0651840153284027,0.0474279086391658,0.1430044638685432,0.0691156214808697,0.034892088745196,0.0643153422548083,0.116986590736949,0.1421148564896258,,,,,,,SRB00040
2020-07-29,3663.37,0.0,28.38,0.04070692946511236,0.06439827134117082,0.04663000941754538,0.1444337487106699,0.07018323337167201,0.0358316533248641,0.06375348484544896,0.11700667946411085,0.14282103023095488,,,,,,,SRB00040
2020-07-30,3530.83,0.0,30.35,0.04078984859475252,0.06361252735393895,0.04583211019592496,0.14586303355279662,0.07125084526247434,0.0367712179045322,0.06319162743608962,0.11702676819127268,0.14352720397228397,,,,,,,SRB00040
2020-07-31,3379.65,0.22,29.72,0.04087276772439268,0.06282678336670706,0.045034210974304545,0.1472923183949233,0.07231845715327666,0.037710782484200296,0.06262977002673027,0.11704685691843453,0.14423337771361303,,,,,,,SRB00040
2020-08-01,3242.4,0.01,26.26,0.04095568685403284,0.06204103937947518,0.044236311752684124,0.14872160323705,0.07338606904407899,0.0386503470638684,0.062067912617370935,0.11706694564559636,0.1449395514549421,,,,,,,SRB00040
2020-08-02,3132.29,0.0,24.71,0.041038605983673,0.0612552953922433,0.0434384125310637,0.1501508880791767,0.0744536809348813,0.0395899116435365,0.0615060552080116,0.1170870343727582,0.1456457251962712,,,,,,,SRB00040
2020-08-03,3032.89,0.02,27.43,0.02982536859304905,0.06467868724133785,0.04904594100496875,0.16932808702765229,0.07142780055276335,0.033486178145915896,0.06194379584136494,0.11753168934272153,0.14545571697077408,,,,,,,SRB00040
2020-08-04,2936.65,7.26,26.74,0.03298039309705974,0.06460046071120201,0.04840920873274579,0.16317368996546905,0.07093978320895698,0.0337435705265888,0.06238153647471828,0.11797634431268485,0.145265708745277,,,,,,,SRB00040
2020-08-05,2909.72,28.75,22.65,0.036135417601070426,0.06452223418106617,0.04777247646052282,0.1570192929032858,0.07045176586515062,0.0340009629072617,0.06281927710807161,0.11842099928264815,0.1450757005197799,,,,,,,SRB00040
2020-08-06,3654.95,1.22,23.69,0.03929044210508111,0.06444400765093034,0.04713574418829986,0.15086489584110255,0.06996374852134427,0.0342583552879346,0.06325701774142496,0.11886565425261147,0.1448856922942828,,,,,,,SRB00040
2020-08-07,6250.73,6.09,26.05,0.0424454666090918,0.0643657811207945,0.0464990119160769,0.1447104987789193,0.0694757311775379,0.0345157476686075,0.0636947583747783,0.1193103092225748,0.1446956840687857,,,,,,,SRB00040
2020-08-08,6965.26,1.68,24.57,0.041018411519766235,0.06631090664894783,0.052340918146039965,0.14400394690740603,0.06453568432884334,0.03136177396391727,0.06863791649467592,0.12029519622969624,0.14610922748458133,,,,,,,SRB00040
2020-08-09,6308.57,0.05,27.36,0.03959135643044066,0.06825603217710116,0.058182824376003035,0.14329739503589278,0.05959563748014877,0.028207800259227034,0.07358107461457354,0.12128008323681767,0.14752277090037696,,,,,,,SRB00040
2020-08-10,5648.37,0.36,27.57,0.0381643013411151,0.0702011577052545,0.0640247306059661,0.1425908431643795,0.0546555906314542,0.0250538265545368,0.07852423273447115,0.12226497024393912,0.14893631431617263,,,,,,,SRB00040
2020-08-11,5115.82,0.1,26.78,0.05070336040469654,0.0786924326107169,0.06827593410346045,0.1433471873074006,0.0585177358136245,0.02799923382918835,0.08346739085436877,0.12324985725106055,0.15034985773196827,,,,,,,SRB00040
2020-08-12,4601.57,0.27,26.15,0.063242419468278,0.0871837075161793,0.0725271376009548,0.1441035314504217,0.0623798809957948,0.0309446411038399,0.0884105489742664,0.124234744258182,0.1517634011477639,,,,,,,SRB00040
2020-08-13,4129.47,0.0,26.58,0.06069537102901847,0.08494347907314274,0.07023930989773841,0.14341652079865938,0.06329322169968114,0.03154013509451818,0.08641774680497966,0.12330176838163058,0.14998944759927843,,,,,,,SRB00040
2020-08-14,3740.11,2.04,25.19,0.05814832258975895,0.08270325063010618,0.067951482194522,0.14272951014689705,0.06420656240356748,0.03213562908519646,0.08442494463569292,0.12236879250507916,0.14821549405079298,,,,,,,SRB00040
2020-08-15,3450.44,8.92,23.92,0.05560127415049944,0.08046302218706962,0.0656636544913056,0.14204249949513476,0.06511990310745382,0.03273112307587474,0.08243214246640618,0.12143581662852773,0.1464415405023075,,,,,,,SRB00040
2020-08-16,3264.88,1.73,24.77,0.05305422571123992,0.07822279374403306,0.0633758267880892,0.14135548884337243,0.06603324381134017,0.03332661706655302,0.08043934029711944,0.12050284075197631,0.14466758695382206,,,,,,,SRB00040
2020-08-17,3190.54,0.08,25.06,0.0505071772719804,0.0759825653009965,0.0610879990848728,0.1406684781916101,0.0669465845152265,0.0339221110572313,0.0784465381278327,0.1195698648754249,0.1428936334053366,,,,,,,SRB00040
2020-08-18,3220.07,8.8,22.37,0.041800113492119095,0.07061447483892272,0.058312743348895926,0.14245304315387286,0.06394626229793421,0.031106962959637,0.07755972065371128,0.11832847932504804,0.142288255062538,,,,,,,SRB00040
2020-08-19,3348.66,2.41,22.22,0.0330930497122578,0.06524638437684895,0.055537487612919045,0.14423760811613565,0.0609459400806419,0.0282918148620427,0.07667290317958986,0.11708709377467118,0.14168287671973942,7.6,0.126,1.00903098,363.0,1.4,0.018,SRB00040
2020-08-20,3474.36,0.0,23.42,0.03838390017232467,0.0677100934560624,0.05676775372004096,0.1427087300051739,0.0631697513645908,0.030202080742013,0.07578608570546844,0.11584570822429432,0.14107749837694086,,,,,,,SRB00040
2020-08-21,3530.83,0.0,25.08,0.04367475063239153,0.07017380253527584,0.057998019827162885,0.14117985189421214,0.0653935626485397,0.0321123466219833,0.07489926823134702,0.11460432267391746,0.14047212003414228,,,,,,,SRB00040
2020-08-22,3571.73,0.0,26.26,0.0489656010924584,0.0726375116144893,0.0592282859342848,0.1396509737832504,0.0676173739324886,0.0340226125019536,0.0740124507572256,0.1133629371235406,0.1398667416913437,,,,,,,SRB00040
2020-08-23,3613.1,0.02,26.36,0.04513648659334918,0.07039010639798576,0.057450681170029425,0.13931539766741585,0.0655650636454538,0.03259439451774127,0.076045079078984,0.11444353382773133,0.14029406949692996,,,,,,,SRB00040
2020-08-24,3571.73,0.01,24.26,0.04130737209423995,0.06814270118148225,0.055673076405774055,0.13897982155158134,0.063512753358419,0.031166176533528947,0.0780777074007424,0.11552413053192205,0.14072139730251623,,,,,,,SRB00040
2020-08-25,3458.39,10.78,21.24,0.03747825759513072,0.06589529596497873,0.05389547164151868,0.13864424543574683,0.0614604430713842,0.029737958549316625,0.0801103357225008,0.11660472723611276,0.14114872510810247,,,,,,,SRB00040
2020-08-26,3442.5,0.0,22.66,0.0336491430960215,0.0636478907484752,0.0521178668772633,0.1383086693199123,0.0594081327843494,0.0283097405651043,0.08214296404425919,0.11768532394030348,0.14157605291368874,,,,,,,SRB00040
2020-08-27,3579.96,0.0,23.62,0.0453938776154277,0.0780777854639534,0.0686801274065262,0.1440535883782966,0.0663578767898708,0.0335857522572529,0.0841755923660176,0.1187659206444942,0.142003380719275,,,,,,,SRB00040
2020-08-28,3604.79,0.0,24.22,0.059308791322852425,0.08633944298968763,0.07480313084493445,0.1594181250425541,0.07758584872900443,0.0429488627474163,0.09138400162906914,0.1302667518805435,0.15407370483991834,,,,,,,SRB00040
2020-08-29,3434.58,0.0,27.43,0.07322370503027714,0.09460110051542184,0.08092613428334272,0.1747826617068116,0.08881382066813803,0.052311973237579704,0.09859241089212067,0.14176758311659285,0.16614402896056166,,,,,,,SRB00040
2020-08-30,3197.9,0.0,28.53,0.08713861873770186,0.10286275804115606,0.08704913772175098,0.1901471983710691,0.10004179260727165,0.06167508372774311,0.10580082015517223,0.15326841435264216,0.17821435308120495,,,,,,,SRB00040
2020-08-31,2977.52,4.15,24.14,0.10105353244512658,0.11112441556689029,0.09317214116015923,0.2055117350353266,0.11126976454640528,0.0710381942179065,0.11300922941822376,0.1647692455886915,0.19028467720184827,,,,,,,SRB00040
2020-09-01,2823.88,1.04,19.49,0.1149684461525513,0.1193860730926245,0.0992951445985675,0.2208762716995841,0.1224977364855389,0.0804013047080699,0.1202176386812753,0.1762700768247408,0.2023550013224916,,,,,,,SRB00040
2020-09-02,2916.43,0.0,18.42,0.088170504028382,0.1010219888650288,0.08402000865318882,0.1938968101176071,0.10187466743628398,0.06307485879260408,0.11147755884085592,0.16331167681912942,0.18857404356808252,,,,,,,SRB00040
2020-09-03,3426.68,0.0,19.22,0.0613725619042127,0.08265790463743311,0.06874487270781013,0.16691734853563012,0.08125159838702906,0.04574841287713827,0.10273747900043655,0.15035327681351804,0.17479308581367345,,,,,,,SRB00040
2020-09-04,3998.45,0.0,19.82,0.0345746197800434,0.0642938204098374,0.05346973676243145,0.1399378869536531,0.06062852933777415,0.02842196696167245,0.09399739916001716,0.13739487680790666,0.16101212805926435,,,,,,,SRB00040
2020-09-05,4334.11,0.0,22.22,0.041973643642811795,0.07072459716490115,0.05833993698964757,0.13801619632755285,0.06282681957232537,0.030524580748087525,0.08525731931959779,0.12443647680229528,0.14723117030485527,,,,,,,SRB00040
2020-09-06,4486.45,0.0,24.04,0.0493726675055802,0.0771553739199649,0.0632101372168637,0.1360945057014526,0.0650251098068766,0.0326271945345026,0.0765172394791784,0.1114780767966839,0.1334502125504462,,,,,,,SRB00040
2020-09-07,4394.42,0.0,24.3,0.04954884558327438,0.07760098193789555,0.06498162369015485,0.13778964655973838,0.06540098604692648,0.0329121825144742,0.07886772933206128,0.11329345351642375,0.1357474623190101,8.3,0.109,0.70880476,354.0,1.0,0.004,SRB00040
2020-09-08,4177.3,0.0,21.16,0.04972502366096856,0.07804658995582622,0.06675311016344601,0.13948478741802417,0.06577686228697636,0.0331971704944458,0.08121821918494417,0.11510883023616361,0.13804471208757405,,,,,,,SRB00040
2020-09-09,3998.45,0.0,22.47,0.04990120173866274,0.07849219797375688,0.06852459663673718,0.14117992827630993,0.06615273852702624,0.0334821584744174,0.08356870903782704,0.11692420695590348,0.14034196185613795,,,,,,,SRB00040
2020-09-10,4035.45,0.0,23.34,0.05007737981635692,0.07893780599168755,0.07029608311002834,0.14287506913459572,0.06652861476707612,0.033767146454389003,0.08591919889070992,0.11873958367564334,0.1426392116247019,,,,,,,SRB00040
2020-09-11,4167.69,0.0,23.3,0.0502535578940511,0.07938341400961821,0.0720675695833195,0.1445702099928815,0.066904491007126,0.0340521344343606,0.0882696887435928,0.1205549603953832,0.1449364613932658,,,,,,,SRB00040
2020-09-12,4082.19,0.0,24.64,0.04836359733903642,0.07751555657850395,0.069995696542101,0.1423296536365958,0.06732583770224757,0.03480181978135733,0.08661104687731676,0.11806199571492532,0.1419389297185907,,,,,,,SRB00040
2020-09-13,3827.25,0.0,25.5,0.046473636784021735,0.07564769914738971,0.0679238235008825,0.1400890972803101,0.06774718439736914,0.035551505128354054,0.08495240501104072,0.11556903103446742,0.1389413980439156,,,,,,,SRB00040
2020-09-14,3530.83,0.0,24.19,0.04458367622900705,0.07377984171627545,0.06585195045966401,0.13784854092402438,0.0681685310924907,0.036301190475350784,0.08329376314476468,0.11307606635400953,0.1359438663692405,,,,,,,SRB00040
2020-09-15,3257.37,0.0,24.52,0.04269371567399237,0.0719119842851612,0.0637800774184455,0.13560798456773868,0.06858987778761227,0.037050875822347513,0.08163512127848864,0.11058310167355163,0.1329463346945654,,,,,,,SRB00040
2020-09-16,3025.91,0.0,23.64,0.040803755118977686,0.07004412685404696,0.061708204377227,0.13336742821145298,0.06901122448273384,0.037800561169344236,0.0799764794122126,0.10809013699309375,0.1299488030198903,,,,,,,SRB00040
2020-09-17,2823.88,0.02,24.45,0.038913794563963,0.0681762694229327,0.059636331336008506,0.13112687185516728,0.06943257117785541,0.038550246516340966,0.07831783754593656,0.10559717231263586,0.1269512713452152,,,,,,,SRB00040
2020-09-18,2659.72,0.0,19.06,0.03702383400894832,0.06630841199181844,0.057564458294790004,0.12888631549888155,0.06985391787297697,0.039299931863337696,0.07665919567966052,0.10310420763217797,0.1239537396705401,,,,,,,SRB00040
2020-09-19,2522.48,0.0,17.06,0.03513387345393364,0.0644405545607042,0.05549258525357151,0.12664575914259585,0.07027526456809854,0.04004961721033442,0.07500055381338448,0.10061124295172008,0.120956207995865,,,,,,,SRB00040
2020-09-20,2420.03,0.0,19.65,0.033243912898918954,0.06257269712958995,0.053420712212353005,0.12440520278631015,0.0706966112632201,0.04079930255733115,0.07334191194710844,0.09811827827126218,0.1179586763211899,,,,,,,SRB00040
2020-09-21,2348.63,0.0,19.64,0.0560945345530979,0.0765579304053805,0.0637759091091148,0.1202648753375434,0.0818025301167399,0.0526486201002687,0.0716832700808324,0.0956253135908043,0.1149611446465148,,,,,,,SRB00040
2020-09-22,2337.84,0.37,21.69,0.057572667615788026,0.0789713684202122,0.06632849178953719,0.12533170095860682,0.08395692422524031,0.0542599257200565,0.07512307645604342,0.10020619682481761,0.11959693363296528,,,,,,,SRB00040
2020-09-23,2348.63,0.36,21.54,0.05905080067847814,0.0813848064350439,0.06888107446995957,0.13039852657967024,0.08611131833374074,0.0558712313398443,0.07856288283125444,0.10478708005883093,0.12423272261941576,,,,,,,SRB00040
2020-09-24,2316.39,0.17,21.8,0.060528933741168266,0.0837982444498756,0.07143365715038194,0.13546535220073366,0.08826571244224116,0.057482536959632104,0.08200268920646546,0.10936796329284426,0.12886851160586624,,,,,,,SRB00040
2020-09-25,2227.44,4.54,19.97,0.06200706680385838,0.0862116824647073,0.07398623983080432,0.14053217782179708,0.09042010655074158,0.0590938425794199,0.08544249558167648,0.11394884652685758,0.13350430059231672,,,,,,,SRB00040
2020-09-26,2151.78,9.36,16.09,0.0634851998665485,0.088625120479539,0.0765388225112267,0.1455990034428605,0.092574500659242,0.0607051481992077,0.0888823019568875,0.1185297297608709,0.1381400895787672,,,,,,,SRB00040
2020-09-27,2166.7,0.72,14.65,0.0312283058026134,0.060796119651816,0.0519078232299289,0.1130161249133754,0.0697184722752745,0.0419738799732567,0.08861811849324197,0.11702965550697653,0.13620410950029932,,,,,,,SRB00040
2020-09-28,2420.03,2.52,17.88,0.0321197166988886,0.06144301162957195,0.052913318162996374,0.11224915630449653,0.06892531750195205,0.04160130024624323,0.08835393502959644,0.11552958125308217,0.13426812942183147,,,,,,,SRB00040
2020-09-29,3212.66,0.78,14.95,0.0330111275951638,0.0620899036073279,0.05391881309606385,0.11148218769561766,0.06813216272862961,0.04122872051922975,0.08808975156595092,0.1140295069991878,0.1323321493433636,,,,,,,SRB00040
2020-09-30,4284.48,0.54,14.74,0.033902538491439003,0.06273679558508385,0.05492430802913133,0.11071521908673879,0.06733900795530716,0.04085614079221628,0.0878255681023054,0.11252943274529344,0.13039616926489572,,,,,,,SRB00040
2020-10-01,4644.15,1.57,14.83,0.0347939493877142,0.0633836875628398,0.0559298029621988,0.10994825047785992,0.06654585318198472,0.0404835610652028,0.08756138463865988,0.11102935849139907,0.12846018918642785,,,,,,,SRB00040
2020-10-02,4612.18,0.0,19.19,0.0356853602839894,0.06403057954059575,0.056935297895266274,0.10918128186898104,0.06575269840866227,0.04011098133818933,0.08729720117501436,0.10952928423750471,0.12652420910796,,,,,,,SRB00040
2020-10-03,4517.56,0.03,22.91,0.0365767711802646,0.0646774715183517,0.057940792828333754,0.10841431326010217,0.06495954363533983,0.03973840161117585,0.08703301771136883,0.10802920998361035,0.12458822902949213,,,,,,,SRB00040
2020-10-04,4344.1,6.05,20.84,0.0374681820765398,0.06532436349610765,0.05894628776140123,0.1076473446512233,0.06416638886201738,0.03936582188416238,0.0867688342477233,0.10652913572971598,0.12265224895102425,,,,,,,SRB00040
2020-10-05,4110.5,0.11,19.37,0.038359592972815,0.0659712554738636,0.0599517826944687,0.10688037604234443,0.06337323408869494,0.0389932421571489,0.08650465078407778,0.10502906147582163,0.12071626887255639,,,,,,,SRB00040
2020-10-06,3889.45,2.1,18.47,0.0392510038690902,0.06661814745161955,0.06095727762753617,0.10611340743346556,0.06258007931537249,0.03862066243013543,0.08624046732043227,0.10352898722192726,0.11878028879408851,,,,,,,SRB00040
2020-10-07,3697.28,12.02,14.86,0.0401424147653654,0.06726503942937549,0.061962772560603646,0.10534643882458669,0.061786924542050044,0.03824808270312195,0.08597628385678674,0.10202891296803289,0.11684430871562065,,,,,,,SRB00040
2020-10-08,3571.73,0.24,14.41,0.0410338256616406,0.06791193140713145,0.06296826749367113,0.10457947021570782,0.0609937697687276,0.03787550297610848,0.08571210039314121,0.10052883871413852,0.11490832863715278,,,,,,,SRB00040
2020-10-09,3482.37,0.0,14.84,0.0419252365579158,0.06855882338488739,0.0639737624267386,0.10381250160682895,0.06020061499540515,0.037502923249095,0.08544791692949569,0.09902876446024417,0.11297234855868492,,,,,,,SRB00040
2020-10-10,3410.93,0.0,16.41,0.042816647454191,0.06920571536264335,0.06497925735980607,0.10304553299795008,0.0594074602220827,0.03713034352208153,0.08518373346585016,0.0975286902063498,0.11103636848021704,,,,,,,SRB00040
2020-10-11,3356.38,0.04,15.38,0.0437080583504662,0.0698526073403993,0.06598475229287355,0.10227856438907121,0.05861430544876026,0.03675776379506805,0.08491955000220464,0.09602861595245543,0.10910038840174918,,,,,,,SRB00040
2020-10-12,3364.12,26.49,10.11,0.0445994692467414,0.07049949931815525,0.06699024722594102,0.10151159578019234,0.05782115067543781,0.03638518406805458,0.08465536653855912,0.09452854169856106,0.10716440832328131,,,,,,,SRB00040
2020-10-13,3418.79,15.76,6.53,0.045490880143016596,0.0711463912959112,0.0679957421590085,0.10074462717131347,0.057027995902115367,0.0360126043410411,0.0843911830749136,0.09302846744466671,0.10522842824481345,,,,,,,SRB00040
2020-10-14,3506.52,0.1,10.91,0.0463822910392918,0.07179328327366714,0.06900123709207598,0.0999776585624346,0.05623484112879292,0.03564002461402763,0.08412699961126807,0.09152839319077234,0.10329244816634557,9.5,0.147,1.19864754,369.0,1.0,,SRB00040
2020-10-15,3731.5,4.49,12.51,0.047273701935567,0.0724401752514231,0.07000673202514344,0.09921068995355573,0.055441686355470476,0.03526744488701415,0.08386281614762255,0.09002831893687797,0.10135646808787771,,,,,,,SRB00040
2020-10-16,4215.96,0.59,10.77,0.0481651128318422,0.07308706722917904,0.07101222695821093,0.09844372134467685,0.05464853158214803,0.034894865160000677,0.08359863268397702,0.08852824468298362,0.09942048800940984,,,,,,,SRB00040
2020-10-17,4796.33,0.25,9.29,0.0490565237281174,0.073733959206935,0.07201772189127839,0.09767675273579798,0.053855376808825586,0.0345222854329872,0.0833344492203315,0.08702817042908925,0.09748450793094197,,,,,,,SRB00040
2020-10-18,5080.6,0.01,8.86,0.0499479346243926,0.07438085118469094,0.07302321682434587,0.09690978412691911,0.053062222035503134,0.034149705705973726,0.08307026575668598,0.08552809617519488,0.0955485278524741,,,,,,,SRB00040
2020-10-19,5151.29,0.0,9.44,0.0508393455206678,0.0750277431624469,0.07402871175741335,0.09614281551804024,0.05226906726218069,0.03377712597896025,0.08280608229304046,0.08402802192130052,0.09361254777400624,,,,,,,SRB00040
2020-10-20,5175.07,0.04,8.78,0.051730756416943,0.07567463514020284,0.07503420669048082,0.09537584690916137,0.051475912488858244,0.033404546251946776,0.08254189882939493,0.08252794766740616,0.09167656769553836,,,,,,,SRB00040
2020-10-21,5151.29,0.0,11.54,0.0526221673132182,0.0763215271179588,0.0760397016235483,0.0946088783002825,0.0506827577155358,0.0330319665249333,0.0822777153657494,0.0810278734135118,0.0897405876170705,,,,,,,SRB00040
2020-10-22,4976.37,0.0,13.44,0.04012514401345685,0.07176860172355684,0.07112277222190044,0.08574335082009266,0.041721238201130204,0.0227332410620461,0.07908861728496511,0.0785079998917967,0.08698108140737136,,,,,,,SRB00040
2020-10-23,4676.35,0.0,14.59,0.040638925592417885,0.07092562955572403,0.06840512761090721,0.08409153103785572,0.042962466286948456,0.023815034301537898,0.07589951920418081,0.0759881263700816,0.08422157519767222,,,,,,,SRB00040
2020-10-24,4324.14,5.46,14.27,0.04115270717137892,0.07008265738789121,0.06568748299991398,0.08243971125561877,0.0442036943727667,0.0248968275410297,0.0727104211233965,0.0734682528483665,0.08146206898797308,,,,,,,SRB00040
2020-10-25,3989.25,4.02,13.37,0.041666488750339965,0.06923968522005841,0.06296983838892074,0.08078789147338183,0.045444922458584947,0.025978620780521502,0.0695213230426122,0.07094837932665139,0.07870256277827394,,,,,,,SRB00040
2020-10-26,3714.35,0.02,13.81,0.042180270329301,0.0683967130522256,0.0602521937779275,0.0791360716911449,0.0466861505444032,0.0270604140200133,0.0663322249618279,0.0684285058049363,0.0759430565685748,,,,,,,SRB00040
2020-10-27,3514.6,0.0,14.32,0.04206642799522868,0.06841500703849994,0.06023726071432554,0.07963104358905874,0.04807419827970631,0.028218005756496946,0.07011002606339314,0.07207849012620123,0.07938747205015075,,,,,,,SRB00040
2020-10-28,3434.58,0.01,12.65,0.04195258566115636,0.06843330102477427,0.06022232765072357,0.0801260154869726,0.04946224601500942,0.029375597492980587,0.07388782716495838,0.07572847444746614,0.08283188753172671,,,,,,,SRB00040
2020-10-29,3482.37,1.91,12.03,0.04183874332708404,0.06845159501104861,0.06020739458712161,0.08062098738488645,0.05085029375031253,0.03053318922946423,0.07766562826652362,0.07937845876873106,0.08627630301330266,,,,,,,SRB00040
2020-10-30,3588.22,0.48,10.41,0.04172490099301172,0.06846988899732294,0.06019246152351965,0.0811159592828003,0.05223834148561564,0.03169078096594787,0.08144342936808886,0.08302844308999598,0.08972071849487862,,,,,,,SRB00040
2020-10-31,3705.81,0.81,11.87,0.041611058658939395,0.06848818298359728,0.06017752845991768,0.08161093118071415,0.05362638922091875,0.032848372702431516,0.0852212304696541,0.0866784274112609,0.09316513397645458,,,,,,,SRB00040
2020-11-01,3853.78,0.01,9.04,0.041497216324867074,0.06850647696987161,0.060162595396315716,0.082105903078628,0.05501443695622186,0.03400596443891516,0.08899903157121934,0.09032841173252583,0.09660954945803053,,,,,,,SRB00040
2020-11-02,4054.09,0.12,12.88,0.04138337399079475,0.06852477095614595,0.06014766233271375,0.08260087497654185,0.05640248469152497,0.0351635561753988,0.09277683267278458,0.09397839605379074,0.1000539649396065,,,,,,,SRB00040
2020-11-03,4274.63,0.01,14.56,0.04126953165672243,0.06854306494242028,0.060132729269111784,0.08309584687445569,0.05779053242682808,0.03632114791188244,0.09655463377434982,0.09762838037505567,0.10349838042118245,,,,,,,SRB00040
2020-11-04,4294.36,2.84,13.09,0.04115568932265011,0.06856135892869462,0.060117796205509826,0.08359081877236954,0.05917858016213119,0.03747873964836609,0.10033243487591506,0.10127836469632058,0.1069427959027584,,,,,,,SRB00040
2020-11-05,4139.0,4.33,11.04,0.04104184698857779,0.06857965291496895,0.06010286314190786,0.08408579067028339,0.060566627897434305,0.03863633138484973,0.1041102359774803,0.1049283490175855,0.11038721138433437,,,,,,,SRB00040
2020-11-06,3961.78,0.01,8.36,0.04092800465450547,0.0685979469012433,0.060087930078305894,0.08458076256819724,0.06195467563273741,0.039793923121333376,0.10788803707904554,0.10857833333885043,0.11383162686591032,,,,,,,SRB00040
2020-11-07,3853.78,0.0,8.18,0.040814162320433146,0.06861624088751762,0.06007299701470393,0.0850757344661111,0.06334272336804052,0.04095151485781701,0.11166583818061078,0.11222831766011535,0.11727604234748629,,,,,,,SRB00040
2020-11-08,3853.78,0.0,8.06,0.040700319986360825,0.06863453487379197,0.06005806395110196,0.08557070636402495,0.06473077110334363,0.04210910659430066,0.11544363928217602,0.11587830198138027,0.12072045782906224,,,,,,,SRB00040
2020-11-09,3853.78,0.07,6.35,0.040586477652288504,0.0686528288600663,0.0600431308875,0.0860656782619388,0.06611881883864675,0.0432666983307843,0.11922144038374126,0.11952828630264518,0.12416487331063819,,,,,,,SRB00040
2020-11-10,3731.5,0.18,6.67,0.040472635318216175,0.06867112284634064,0.06002819782389804,0.08656065015985265,0.06750686657394986,0.044424290067267946,0.1229992414853065,0.12317827062391011,0.12760928879221414,,,,,,,SRB00040
2020-11-11,3514.6,0.32,7.25,0.040358792984143854,0.06868941683261498,0.06001326476029607,0.0870556220577665,0.06889491430925296,0.045581881803751584,0.12677704258687175,0.12682825494517502,0.1310537042737901,,,,,,,SRB00040
2020-11-12,3287.52,0.3,7.26,0.04024495065007153,0.06870771081888931,0.05999833169669411,0.08755059395568035,0.07028296204455607,0.04673947354023523,0.13055484368843698,0.13047823926643995,0.13449811975536607,,,,,,,SRB00040
2020-11-13,3075.1,0.25,8.07,0.04013110831599921,0.06872600480516365,0.05998339863309214,0.0880455658535942,0.07167100977985918,0.04789706527671887,0.13433264479000223,0.13412822358770488,0.13794253523694203,,,,,,,SRB00040
2020-11-14,2876.4,0.06,6.71,0.04001726598192689,0.06874429879143798,0.059968465569490176,0.08854053775150805,0.0730590575151623,0.04905465701320252,0.13811044589156746,0.1377782079089698,0.14138695071851798,,,,,,,SRB00040
2020-11-15,2696.74,0.01,7.86,0.03990342364785457,0.06876259277771232,0.05995353250588822,0.0890355096494219,0.07444710525046541,0.05021224874968616,0.1418882469931327,0.1414281922302347,0.14483136620009393,,,,,,,SRB00040
2020-11-16,2545.83,2.51,8.89,0.03978958131378225,0.06878088676398665,0.05993859944228625,0.08953048154733576,0.07583515298576851,0.0513698404861698,0.14566604809469794,0.14507817655149963,0.14827578168166988,,,,,,,SRB00040
2020-11-17,2420.03,3.35,7.21,0.039675738979709926,0.068799180750261,0.059923666378684286,0.09002545344524959,0.07722320072107162,0.05252743222265344,0.1494438491962632,0.14872816087276455,0.15172019716324586,,,,,,,SRB00040
2020-11-18,2321.74,0.02,6.49,0.039561896645637605,0.06881747473653532,0.05990873331508232,0.09052042534316344,0.07861124845637474,0.05368502395913709,0.15322165029782842,0.15237814519402948,0.15516461264482181,,,,,,,SRB00040
2020-11-19,2253.24,0.02,6.8,0.039448054311565284,0.06883576872280966,0.059893800251480354,0.0910153972410773,0.07999929619167785,0.05484261569562073,0.15699945139939367,0.1560281295152944,0.15860902812639777,,,,,,,SRB00040
2020-11-20,2201.93,3.83,4.82,0.03933421197749296,0.068854062709084,0.05987886718787839,0.09151036913899115,0.08138734392698097,0.056000207432104376,0.1607772525009589,0.1596781138365593,0.16205344360797372,,,,,,,SRB00040
2020-11-21,2156.74,0.02,2.82,0.03922036964342064,0.06887235669535834,0.05986393412427643,0.092005341036905,0.08277539166228406,0.057157799168588014,0.16455505360252415,0.16332809815782423,0.16549785908954967,,,,,,,SRB00040
2020-11-22,2122.24,0.01,1.84,0.03910652730934832,0.06889065068163266,0.059849001060674464,0.09250031293481885,0.08416343939758718,0.05831539090507166,0.16833285470408937,0.16697808247908916,0.16894227457112565,,,,,,,SRB00040
2020-11-23,2102.78,0.0,2.31,0.038992684975276,0.06890894466790701,0.0598340679970725,0.0929952848327327,0.08555148713289029,0.0594729826415553,0.17211065580565463,0.17062806680035408,0.1723866900527016,,,,,,,SRB00040
2020-11-24,2088.3,0.01,2.39,0.0688926832059593,0.09000372899073715,0.07906287276999954,0.10944149775557821,0.10052663374453129,0.07556694403819852,0.17588845690721985,0.174278051121619,0.17583110553427755,,,,,,,SRB00040
2020-11-25,2097.94,0.02,1.4,0.0987926814366426,0.1110985133135673,0.09829167754292659,0.12588771067842372,0.1155017803561723,0.09166090543484173,0.1796662580087851,0.1779280354428839,0.1792755210158535,11.5,0.095,1.32957326,437.0,1.2,,SRB00040
2020-11-26,2107.63,0.1,0.61,0.1286926796673259,0.13219329763639742,0.11752048231585363,0.14233392360126923,0.1304769269678133,0.10775486683148494,0.18344405911035033,0.18157801976414883,0.18271993649742946,,,,,,,SRB00040
2020-11-27,2083.49,0.15,0.45,0.15859267789800918,0.15328808195922755,0.13674928708878067,0.15878013652411477,0.1454520735794543,0.12384882822812816,0.1872218602119156,0.18522800408541376,0.18616435197900544,,,,,,,SRB00040
2020-11-28,2026.68,0.49,0.55,0.1884926761286925,0.1743828662820577,0.15597809186170772,0.17522634944696028,0.1604272201910953,0.13994278962477139,0.19099966131348084,0.1888779884066787,0.1896087674605814,,,,,,,SRB00040
2020-11-29,1962.36,0.05,0.25,0.2183926743593758,0.19547765060488784,0.17520689663463476,0.1916725623698058,0.1754023668027363,0.1560367510214146,0.19477746241504607,0.1925279727279436,0.19305318294215734,,,,,,,SRB00040
2020-11-30,1904.46,0.02,1.09,0.2482926725900591,0.216572434927718,0.1944357014075618,0.2081187752926513,0.1903775134143773,0.1721307124180578,0.1985552635166113,0.1961779570492085,0.1964975984237333,,,,,,,SRB00040
2020-12-01,1848.27,0.02,-0.76,0.24300823186010137,0.2124851485503147,0.19079804299925945,0.20426035503335468,0.18688909285306216,0.16868339194238507,0.19482341132833492,0.19233852557460715,0.1927658157239193,,,,,,,SRB00040
2020-12-02,1793.73,0.11,-0.69,0.23772379113014366,0.20839786217291137,0.1871603845909571,0.20040193477405807,0.183400672291747,0.16523607146671235,0.19109155914005854,0.18849909410000582,0.18903403302410526,,,,,,,SRB00040
2020-12-03,1748.85,1.19,2.58,0.23243935040018593,0.20431057579550807,0.18352272618265475,0.19654351451476146,0.17991225173043185,0.16178875099103962,0.18735970695178217,0.18465966262540445,0.18530225032429126,,,,,,,SRB00040
2020-12-04,1712.96,0.05,5.1,0.22715490967022822,0.20022328941810477,0.1798850677743524,0.19268509425546482,0.1764238311691167,0.1583414305153669,0.1836278547635058,0.1808202311508031,0.18157046762447726,,,,,,,SRB00040
2020-12-05,1681.67,0.01,7.36,0.2218704689402705,0.19613600304070145,0.17624740936605005,0.1888266739961682,0.17293541060780154,0.15489411003969417,0.17989600257522942,0.17698079967620173,0.17783868492466326,,,,,,,SRB00040
2020-12-06,1662.41,0.03,7.68,0.21658602821031278,0.19204871666329815,0.17260975095774767,0.1849682537368716,0.1694469900464864,0.15144678956402144,0.17616415038695304,0.17314136820160037,0.17410690222484923,,,,,,,SRB00040
2020-12-07,1650.96,2.13,5.05,0.21130158748035505,0.18796143028589485,0.1689720925494453,0.18110983347757498,0.16595856948517124,0.14799946908834874,0.17243229819867667,0.16930193672699903,0.17037511952503523,,,,,,,SRB00040
2020-12-08,1650.96,0.04,3.57,0.20601714675039734,0.18387414390849155,0.16533443414114296,0.17725141321827836,0.16247014892385608,0.144552148612676,0.1687004460104003,0.16546250525239767,0.16664333682522123,,,,,,,SRB00040
2020-12-09,1732.8,8.88,2.05,0.2007327060204396,0.17978685753108822,0.1616967757328406,0.17339299295898175,0.15898172836254093,0.14110482813700329,0.16496859382212392,0.1616230737777963,0.1629115541254072,,,,,,,SRB00040
2020-12-10,1962.36,0.9,1.82,0.19544826529048187,0.17569957115368492,0.15805911732453826,0.1695345726996851,0.15549330780122578,0.13765750766133056,0.16123674163384755,0.15778364230319497,0.1591797714255932,,,,,,,SRB00040
2020-12-11,2354.05,0.14,2.74,0.19016382456052416,0.17161228477628163,0.1544214589162359,0.1656761524403885,0.15200488723991062,0.13421018718565783,0.15750488944557117,0.1539442108285936,0.1554479887257792,,,,,,,SRB00040
2020-12-12,2696.74,0.15,3.46,0.18487938383056643,0.1675249983988783,0.15078380050793355,0.16181773218109188,0.14851646667859547,0.1307628667099851,0.1537730372572948,0.15010477935399225,0.15171620602596517,,,,,,,SRB00040
2020-12-13,2727.98,0.19,2.29,0.17959494310060872,0.163437712021475,0.1471461420996312,0.15795931192179527,0.14502804611728032,0.12731554623431238,0.15004118506901842,0.14626534787939088,0.14798442332615117,,,,,,,SRB00040
2020-12-14,2629.27,0.04,1.36,0.174310502370651,0.1593504256440717,0.14350848369132885,0.15410089166249866,0.14153962555596517,0.12386822575863965,0.14630933288074205,0.14242591640478952,0.14425264062633716,,,,,,,SRB00040
2020-12-15,2510.89,0.04,1.09,0.16902606164069328,0.15526313926666838,0.1398708252830265,0.15024247140320204,0.13805120499465,0.12042090528296692,0.14257748069246567,0.1385864849301882,0.14052085792652316,,,,,,,SRB00040
2020-12-16,2397.83,0.04,1.36,0.16374162091073555,0.15117585288926508,0.13623316687472414,0.1463840511439054,0.13456278443333486,0.1169735848072942,0.1388456285041893,0.13474705345558682,0.13678907522670913,,,,,,,SRB00040
2020-12-17,2279.34,0.07,1.78,0.1584571801807778,0.14708856651186178,0.13259550846642176,0.1425256308846088,0.1310743638720197,0.11352626433162148,0.13511377631591293,0.13090762198098546,0.13305729252689513,,,,,,,SRB00040
2020-12-18,2181.73,0.18,2.55,0.1531727394508201,0.14300128013445845,0.1289578500581194,0.13866721062531218,0.12758594331070455,0.11007894385594875,0.13138192412763655,0.12706819050638413,0.12932550982708113,,,,,,,SRB00040
2020-12-19,2132.04,0.08,1.89,0.14788829872086237,0.13891399375705515,0.12532019164981706,0.13480879036601556,0.1240975227493894,0.10663162338027603,0.12765007193936018,0.12322875903178276,0.1255937271272671,,,,,,,SRB00040
2020-12-20,2127.14,0.06,2.36,0.14260385799090466,0.13482670737965186,0.1216825332415147,0.13095037010671895,0.12060910218807425,0.1031843029046033,0.1239182197510838,0.1193893275571814,0.1218619444274531,,,,,,,SRB00040
2020-12-21,2117.36,0.21,2.99,0.13731941726094693,0.13073942100224853,0.11804487483321235,0.12709194984742234,0.1171206816267591,0.09973698242893057,0.12018636756280743,0.11554989608258004,0.1181301617276391,,,,,,,SRB00040
2020-12-22,2083.49,0.22,3.61,0.13203497653098922,0.12665213462484523,0.11440721642491,0.12323352958812571,0.11363226106544394,0.09628966195325785,0.11645451537453105,0.11171046460797869,0.11439837902782508,,,,,,,SRB00040
2020-12-23,2040.74,0.07,8.49,0.1267505358010315,0.12256484824744193,0.11076955801660765,0.1193751093288291,0.11014384050412879,0.09284234147758513,0.11272266318625468,0.10787103313337734,0.11066659632801107,,,,,,,SRB00040
2020-12-24,1994.26,5.18,10.19,0.12146609507107377,0.11847756187003862,0.1071318996083053,0.11551668906953247,0.10665541994281363,0.0893950210019124,0.1089908109979783,0.10403160165877598,0.10693481362819707,,,,,,,SRB00040
2020-12-25,1953.34,15.38,5.26,0.11618165434111605,0.11439027549263531,0.10349424120000293,0.11165826881023586,0.10316699938149848,0.08594770052623968,0.10525895880970193,0.10019217018417462,0.10320303092838305,,,,,,,SRB00040
2020-12-26,1953.34,2.38,1.86,0.11089721361115833,0.11030298911523201,0.09985658279170058,0.10779984855093924,0.09967857882018333,0.08250038005056695,0.10152710662142556,0.09635273870957327,0.09947124822856905,,,,,,,SRB00040
2020-12-27,2050.16,0.91,-0.15,0.1056127728812006,0.1062157027378287,0.09621892438339823,0.10394142829164263,0.09619015825886817,0.07905305957489422,0.09779525443314918,0.09251330723497192,0.09573946552875504,,,,,,,SRB00040
2020-12-28,2295.15,2.33,3.98,0.10032833215124287,0.10212841636042538,0.09258126597509587,0.100083008032346,0.09270173769755302,0.0756057390992215,0.0940634022448728,0.08867387576037056,0.09200768282894102,,,,,,,SRB00040
2020-12-29,2599.16,0.36,7.49,0.09504389142128515,0.09804112998302209,0.08894360756679352,0.09622458777304939,0.08921331713623787,0.07215841862354878,0.09033155005659643,0.0848344442857692,0.08827590012912702,,,,,,,SRB00040
2020-12-30,2810.9,8.81,7.86,0.08975945069132743,0.09395384360561877,0.08530594915849116,0.09236616751375278,0.08572489657492272,0.06871109814787606,0.08659969786832006,0.08099501281116785,0.084544117429313,,,,,,,SRB00040
2020-12-31,2876.4,7.98,4.11,0.08447500996136971,0.08986655722821547,0.0816682907501888,0.08850774725445615,0.08223647601360756,0.06526377767220333,0.08286784568004368,0.0771555813365665,0.080812334729499,,,,,,,SRB00040
2021-01-01,2856.59,0.08,3.63,0.07919056923141199,0.08577927085081216,0.07803063234188645,0.08464932699515954,0.07874805545229241,0.0618164571965306,0.07913599349176731,0.07331614986196514,0.07708055202968499,,,,,,,SRB00040
2021-01-02,2797.98,0.01,4.53,0.07390612850145427,0.08169198447340885,0.0743929739335841,0.08079090673586292,0.07525963489097726,0.058369136720857875,0.07540414130349093,0.06947671838736377,0.07334876932987097,,,,,,,SRB00040
2021-01-03,2727.98,2.38,5.88,0.06862168777149655,0.07760469809600555,0.07075531552528175,0.0769324864765663,0.0717712143296621,0.054921816245185155,0.07167228911521456,0.06563728691276242,0.06961698663005697,,,,,,,SRB00040
2021-01-04,2635.33,4.08,5.3,0.06333724704153883,0.07351741171860224,0.06711765711697938,0.07307406621726968,0.06828279376834695,0.05147449576951243,0.06794043692693819,0.06179785543816107,0.06588520393024296,,,,,,,SRB00040
2021-01-05,2522.48,0.37,3.36,0.0580528063115811,0.06943012534119894,0.06347999870867703,0.06921564595797307,0.0647943732070318,0.0480271752938397,0.06420858473866181,0.05795842396355971,0.06215342123042895,,,,,,,SRB00040
2021-01-06,2403.36,2.34,4.48,0.05276836558162338,0.06534283896379563,0.05984234030037468,0.06535722569867644,0.061305952645716644,0.04457985481816698,0.06047673255038544,0.05411899248895836,0.05842163853061494,,,,,,,SRB00040
2021-01-07,2295.15,0.04,2.25,0.04748392485166565,0.061255552586392314,0.056204681892072325,0.06149880543937983,0.05781753208440149,0.041132534342494254,0.05674488036210906,0.050279561014357,0.05468985583080093,,,,,,,SRB00040
2021-01-08,2191.81,3.69,0.83,0.04219948412170793,0.05716826620898901,0.052567023483769966,0.057640385180083215,0.05432911152308634,0.037685213866821526,0.05301302817383269,0.04644012953975565,0.05095807313098692,,,,,,,SRB00040
2021-01-09,2112.49,0.02,-0.19,0.0369150433917502,0.0530809798315857,0.0489293650754676,0.0537819649207866,0.0508406909617712,0.0342378933911488,0.0492811759855563,0.0426006980651543,0.0472262904311729,,,,,,,SRB00040
2021-01-10,2050.16,4.93,-0.42,0.04214112033070294,0.058525946601710024,0.05436584232506288,0.06208828396308704,0.0505902896456914,0.03497314546605788,0.055949458380461684,0.05208412640542118,0.056601088305425304,,,,,,,SRB00040
2021-01-11,2003.47,3.74,-1.23,0.04736719726965568,0.06397091337183435,0.05980231957465816,0.07039460300538748,0.0503398883296116,0.03570839754096696,0.06261774077536707,0.061567554745688056,0.0659758861796777,,,,,,,SRB00040
2021-01-12,1957.84,0.12,-1.76,0.05259327420860842,0.06941588014195865,0.06523879682425344,0.07870092204768792,0.050089487013531796,0.03644364961587604,0.06928602317027244,0.07105098308595494,0.0753506840539301,,,,,,,SRB00040
2021-01-13,1908.85,0.1,-0.96,0.057819351147561156,0.07486084691208297,0.07067527407384872,0.08700724108998836,0.049839085697452,0.037178901690785124,0.07595430556517782,0.08053441142622181,0.0847254819281825,,,,,,,SRB00040
2021-01-14,1839.77,0.92,-1.44,0.0630454280865139,0.0803058136822073,0.076111751323444,0.0953135601322888,0.0495886843813722,0.0379141537656942,0.0826225879600832,0.0900178397664887,0.0941002798024349,,,,,,,SRB00040
2021-01-15,1773.19,0.03,-2.45,0.08451548484454235,0.09511134070861443,0.0918465319579822,0.11583262610666753,0.05624119081996164,0.04402219509157246,0.09984191763378567,0.10825337564359327,0.1117944577614854,,,,,,,SRB00040
2021-01-16,1712.96,0.17,-3.18,0.10598554160257082,0.10991686773502157,0.10758131259252039,0.13635169208104628,0.06289369725855108,0.05013023641745072,0.11706124730748813,0.12648891152069786,0.1294886357205359,,,,,,,SRB00040
2021-01-17,1666.25,0.95,-3.35,0.12745559836059928,0.12472239476142871,0.12331609322705858,0.15687075805542502,0.06954620369714053,0.05623827774332898,0.13428057698119059,0.14472444739780244,0.1471828136795864,,,,,,,SRB00040
2021-01-18,1628.3,0.09,-4.33,0.14892565511862774,0.13952792178783585,0.13905087386159679,0.17738982402980374,0.07619871013572996,0.062346319069207234,0.15149990665489305,0.16295998327490702,0.1648769916386369,,,,,,,SRB00040
2021-01-19,1605.94,0.06,-0.76,0.1703957118766562,0.154333448814243,0.154785654496135,0.1979088900041825,0.0828512165743194,0.0684543603950855,0.1687192363285955,0.1811955191520116,0.1825711695976874,,,,,,,SRB00040
2021-01-20,1587.55,0.28,3.06,0.16205782314057868,0.14907160682387105,0.14992188318327518,0.18981498697736388,0.08050345423458512,0.06609775840826895,0.16340709511873258,0.1737911284336362,0.17527364915155588,,,,,,,SRB00040
2021-01-21,1569.36,0.0,4.37,0.15371993440450113,0.14380976483349914,0.14505811187041534,0.18172108395054523,0.07815569189485083,0.06374115642145241,0.15809495390886968,0.1663867377152608,0.16797612870542433,,,,,,,SRB00040
2021-01-22,1551.39,0.0,7.63,0.1453820456684236,0.1385479228431272,0.14019434055755553,0.17362718092372662,0.07580792955511655,0.061384554434635856,0.15278281269900676,0.1589823469968854,0.1606786082592928,,,,,,,SRB00040
2021-01-23,1544.25,0.62,8.47,0.13704415693234606,0.13328608085275526,0.13533056924469572,0.16553327789690797,0.07346016721538226,0.05902795244781931,0.14747067148914386,0.15157795627851003,0.15338108781316126,,,,,,,SRB00040
2021-01-24,1565.75,14.04,7.09,0.12870626819626854,0.12802423886238332,0.13046679793183588,0.15743937487008935,0.07111240487564797,0.056671350461002766,0.14215853027928094,0.14417356556013464,0.14608356736702974,,,,,,,SRB00040
2021-01-25,1628.3,2.7,2.25,0.12036837946019101,0.12276239687201139,0.12560302661897607,0.14934547184327074,0.06876464253591368,0.05431474847418622,0.136846389069418,0.13676917484175924,0.13878604692089822,,,,,,,SRB00040
2021-01-26,1769.11,0.5,0.1,0.11203049072411347,0.11750055488163946,0.12073925530611625,0.1412515688164521,0.06641688019617939,0.051958146487369676,0.13153424785955511,0.12936478412338384,0.13148852647476666,,,,,,,SRB00040
2021-01-27,2102.78,0.37,-0.84,0.10369260198803594,0.11223871289126752,0.11587548399325642,0.13315766578963348,0.0640691178564451,0.049601544500553124,0.1262221066496922,0.12196039340500844,0.12419100602863514,12.4,0.113,1.95937112,497.0,1.5,,SRB00040
2021-01-28,2623.22,4.21,-0.03,0.0953547132519584,0.1069768709008956,0.11101171268039661,0.12506376276281486,0.06172135551671082,0.04724494251373658,0.12090996543982928,0.11455600268663306,0.1168934855825036,,,,,,,SRB00040
2021-01-29,2889.68,3.06,5.7,0.08701682451588087,0.10171502891052367,0.10614794136753679,0.11696985973599622,0.05937359317697653,0.044888340526920034,0.11559782422996637,0.10715161196825766,0.10959596513637207,,,,,,,SRB00040
2021-01-30,2830.39,0.07,5.9,0.07867893577980334,0.09645318692015173,0.10128417005467696,0.1088759567091776,0.05702583083724225,0.04253173854010349,0.11028568302010346,0.09974722124988226,0.10229844469024053,,,,,,,SRB00040
2021-01-31,2740.57,21.85,1.55,0.07034104704372582,0.0911913449297798,0.09642039874181715,0.10078205368235897,0.05467806849750796,0.040175136553286944,0.10497354181024054,0.09234283053150688,0.095000924244109,,,,,,,SRB00040
2021-02-01,2929.89,4.24,-1.25,0.06200315830764828,0.08592950293940786,0.09155662742895733,0.09268815065554034,0.052330306157773676,0.0378185345664704,0.09966140060037763,0.08493843981313148,0.08770340379797746,,,,,,,SRB00040
2021-02-02,3688.78,0.03,1.6,0.05366526957157075,0.08066766094903594,0.0866928561160975,0.08459424762872172,0.049982543818039384,0.03546193257965385,0.09434925939051471,0.07753404909475609,0.08040588335184594,,,,,,,SRB00040
2021-02-03,4254.98,0.01,5.47,0.0453273808354932,0.075405818958664,0.0818290848032377,0.0765003446019031,0.0476347814783051,0.0331053305928373,0.0890371181806518,0.0701296583763807,0.0731083629057144,,,,,,,SRB00040
2021-02-04,4274.63,1.0,9.19,0.04477597384562731,0.07429383139289447,0.08018450279568291,0.07461110913764565,0.047184321257155236,0.03281145140821781,0.08699774844473604,0.06842639159509811,0.07138964723205184,,,,,,,SRB00040
2021-02-05,4196.59,0.01,9.1,0.04422456685576141,0.07318184382712493,0.07853992078812812,0.07272187367338821,0.046733861036005374,0.03251757222359832,0.08495837870882028,0.06672312481381552,0.06967093155838927,,,,,,,SRB00040
2021-02-06,4206.27,0.0,10.23,0.043673159865895525,0.07206985626135541,0.07689533878057334,0.07083263820913077,0.046283400814855505,0.03222369303897883,0.08291900897290452,0.06501985803253295,0.0679522158847267,,,,,,,SRB00040
2021-02-07,4304.27,0.32,9.6,0.04312175287602963,0.07095786869558587,0.07525075677301855,0.06894340274487332,0.04583294059370564,0.03192981385435934,0.08087963923698877,0.06331659125125036,0.06623350021106414,,,,,,,SRB00040
2021-02-08,4424.88,11.26,8.98,0.042570345886163735,0.06984588112981635,0.07360617476546376,0.06705416728061588,0.04538248037255578,0.03163593466973985,0.078840269501073,0.06161332446996777,0.06451478453740157,,,,,,,SRB00040
2021-02-09,4548.88,3.05,7.08,0.04201893889629784,0.06873389356404681,0.07196159275790898,0.06516493181635843,0.04493202015140592,0.03134205548512036,0.07680089976515724,0.05991005768868518,0.06279606886373901,,,,,,,SRB00040
2021-02-10,4654.86,4.09,7.56,0.041467531906431945,0.06762190599827729,0.0703170107503542,0.063275696352101,0.04448155993025606,0.03104817630050087,0.07476153002924148,0.05820679090740259,0.061077353190076435,,,,,,,SRB00040
2021-02-11,4730.51,2.61,-0.79,0.04091612491656606,0.06650991843250775,0.0686724287427994,0.06138646088784355,0.04403109970910619,0.03075429711588138,0.07272216029332572,0.05650352412612001,0.05935863751641387,,,,,,,SRB00040
2021-02-12,4763.31,0.0,-5.36,0.04036471792670016,0.06539793086673823,0.06702784673524462,0.059497225423586104,0.043580639487956326,0.03046041793126189,0.07068279055740996,0.05480025734483742,0.0576399218427513,,,,,,,SRB00040
2021-02-13,4644.15,0.0,-5.64,0.03981331093683427,0.06428594330096869,0.06538326472768984,0.05760798995932866,0.04313017926680646,0.0301665387466424,0.0686434208214942,0.05309699056355483,0.05592120616908874,,,,,,,SRB00040
2021-02-14,4344.1,0.01,-4.11,0.03926190394696837,0.06317395573519917,0.06373868272013504,0.05571875449507122,0.0426797190456566,0.02987265956202291,0.06660405108557844,0.05139372378227225,0.05420249049542617,,,,,,,SRB00040
2021-02-15,3989.25,0.0,-3.34,0.03871049695710248,0.06206196816942964,0.06209410071258026,0.05382951903081378,0.04222925882450674,0.02957878037740342,0.06456468134966267,0.04969045700098966,0.0524837748217636,,,,,,,SRB00040
2021-02-16,3654.95,0.0,-1.34,0.03815908996723659,0.06094998060366011,0.06044951870502547,0.05194028356655633,0.04177879860335687,0.02928490119278393,0.06252531161374691,0.04798719021970707,0.05076505914810103,,,,,,,SRB00040
2021-02-17,3356.38,1.04,1.9,0.037607682977370695,0.05983799303789058,0.05880493669747069,0.05005104810229889,0.04132833838220701,0.02899102200816444,0.060485941877831156,0.04628392343842449,0.04904634347443847,,,,,,,SRB00040
2021-02-18,3089.3,0.05,4.18,0.0370562759875048,0.05872600547212105,0.0571603546899159,0.04816181263804145,0.040877878161057146,0.02869714282354495,0.0584465721419154,0.0445806566571419,0.0473276278007759,,,,,,,SRB00040
2021-02-19,2850.02,0.06,5.87,0.03722145655498506,0.05853545366370806,0.055870317031540016,0.04962236026240356,0.04480291428138756,0.03191968783705734,0.0575198929783713,0.0452131108107673,0.04803901166798188,,,,,,,SRB00040
2021-02-20,2678.17,0.27,4.98,0.037386637122465316,0.05834490185529507,0.05458027937316414,0.05108290788676567,0.04872795040171797,0.03514223285056973,0.056593213814827195,0.0458455649643927,0.04875039553518786,,,,,,,SRB00040
2021-02-21,2641.41,0.0,4.66,0.03755181768994558,0.05815435004688208,0.05329024171478826,0.05254345551112778,0.052652986522048376,0.03836477786408212,0.0556665346512831,0.0464780191180181,0.04946177940239384,,,,,,,SRB00040
2021-02-22,2753.23,0.01,8.07,0.03771699825742584,0.05796379823846909,0.05200020405641238,0.05400400313548989,0.05657802264237879,0.04158732287759451,0.054739855487739,0.0471104732716435,0.05017316326959982,,,,,,,SRB00040
2021-02-23,2876.4,0.02,6.18,0.0378821788249061,0.0577732464300561,0.0507101663980365,0.055464550759852,0.0605030587627092,0.0448098678911069,0.0538131763241949,0.0477429274252689,0.0508845471368058,,,,,,,SRB00040
2021-02-24,2903.02,0.03,7.03,0.03884044038969418,0.05824147428468046,0.0507228563446072,0.05598092616246726,0.06163812242264438,0.04586044865526642,0.05381063159993444,0.047850019960379624,0.05130824664724172,12.4,0.098,2.59819834,477.0,1.5,,SRB00040
2021-02-25,2836.92,0.0,9.96,0.039798701954482256,0.05870970213930482,0.0507355462911779,0.05649730156508252,0.06277318608257956,0.04691102941942594,0.053808086875673976,0.04795711249549034,0.05173194615767764,,,,,,,SRB00040
2021-02-26,2746.89,0.0,12.07,0.04075696351927034,0.05917792999392918,0.0507482362377486,0.05701367696769778,0.06390824974251473,0.04796161018358546,0.05380554215141352,0.04806420503060106,0.05215564566811356,,,,,,,SRB00040
2021-02-27,2678.17,0.0,7.5,0.04171522508405842,0.05964615784855354,0.0507609261843193,0.05753005237031304,0.06504331340244991,0.04901219094774498,0.053802997427153054,0.04817129756571178,0.05257934517854948,,,,,,,SRB00040
2021-02-28,2665.86,0.0,4.91,0.0426734866488465,0.0601143857031779,0.05077361613089,0.0580464277729283,0.0661783770623851,0.0500627717119045,0.0538004527028926,0.0482783901008225,0.0530030446889854,,,,,,,SRB00040
2021-03-01,2715.44,0.0,3.95,0.04326213126530388,0.06026361166507284,0.05116573792097323,0.059943296429341604,0.06800681066629505,0.05149812560864601,0.054815558577360035,0.04996694643456797,0.05472401952529792,,,,,,,SRB00040
2021-03-02,2772.32,0.0,4.75,0.04385077588176126,0.06041283762696778,0.05155785971105646,0.061840165085754906,0.06983524427020499,0.05293347950538752,0.05583066445182748,0.05165550276831344,0.05644499436161044,,,,,,,SRB00040
2021-03-03,2778.71,0.01,6.72,0.04443942049821864,0.060562063588862715,0.05194998150113969,0.0637370337421682,0.07166367787411494,0.05436883340212903,0.05684577032629492,0.05334405910205891,0.05816596919792296,,,,,,,SRB00040
2021-03-04,2734.27,0.0,7.34,0.045028065114676025,0.060711289550757656,0.05234210329122292,0.06563390239858151,0.0734921114780249,0.055804187298870545,0.05786087620076236,0.05503261543580438,0.05988694403423548,,,,,,,SRB00040
2021-03-05,2647.5,0.7,6.73,0.0456167097311334,0.0608605155126526,0.05273422508130615,0.0675307710549948,0.07532054508193485,0.05723954119561205,0.0588759820752298,0.05672117176954985,0.061607918870548,,,,,,,SRB00040
2021-03-06,2534.13,0.44,2.93,0.04620535434759078,0.06100974147454754,0.05312634687138938,0.0694276397114081,0.07714897868584479,0.05867489509235356,0.05989108794969724,0.058409728103295325,0.06332889370686053,,,,,,,SRB00040
2021-03-07,2403.36,0.0,2.51,0.046793998964048164,0.06115896743644248,0.05351846866147261,0.07132450836782141,0.07897741228975474,0.060110248989095075,0.06090619382416468,0.060098284437040794,0.06504986854317305,,,,,,,SRB00040
2021-03-08,2289.87,0.0,2.89,0.04738264358050554,0.061308193398337416,0.05391059045155584,0.0732213770242347,0.0808058458936647,0.06154560288583658,0.06192129969863212,0.061786840770786264,0.06677084337948556,,,,,,,SRB00040
2021-03-09,2196.86,0.08,1.93,0.047971288196962926,0.06145741936023236,0.05430271224163907,0.07511824568064801,0.08263427949757464,0.06298095678257809,0.06293640557309955,0.06347539710453173,0.06849181821579808,,,,,,,SRB00040
2021-03-10,2151.78,0.19,2.63,0.0485599328134203,0.0616066453221273,0.0546948340317223,0.0770151143370613,0.0844627131014846,0.0644163106793196,0.063951511447567,0.0651639534382772,0.0702127930521106,,,,,,,SRB00040
2021-03-11,2136.96,0.1,3.37,0.08318394301794213,0.09316641251059342,0.08743411854596334,0.11374126573150872,0.11674710312654146,0.09293709210367274,0.09849967802138414,0.10025413941714373,0.1053814298354736,,,,,,,SRB00040
2021-03-12,2112.49,8.56,7.98,0.11780795322246397,0.12472617969905954,0.12017340306020438,0.15046741712595615,0.14903149315159836,0.12145787352802585,0.13304784459520128,0.13534432539601027,0.14055006661883662,,,,,,,SRB00040
2021-03-13,2059.63,4.12,8.12,0.1524319634269858,0.15628594688752567,0.15291268757444543,0.18719356852040359,0.18131588317665523,0.14997865495237897,0.1675960111690184,0.17043451137487678,0.1757187034021996,,,,,,,SRB00040
2021-03-14,2003.47,4.94,9.06,0.18705597363150764,0.18784571407599177,0.18565197208868645,0.223919719914851,0.2136002732017121,0.1784994363767321,0.20214417774283555,0.2055246973537433,0.2108873401855626,,,,,,,SRB00040
2021-03-15,1971.42,17.32,4.2,0.22167998383602946,0.2194054812644579,0.2183912566029275,0.26064587130929845,0.24588466322676897,0.20702021780108523,0.2366923443166527,0.24061488333260983,0.24605597696892562,,,,,,,SRB00040
2021-03-16,1989.67,0.08,4.7,0.2563039940405513,0.250965248452924,0.25113054111716854,0.29737202270374585,0.27816905325182584,0.23554099922543836,0.27124051089046985,0.27570506931147637,0.28122461375228863,,,,,,,SRB00040
2021-03-17,2093.11,1.2,4.32,0.29092800424507315,0.28252501564139015,0.28386982563140956,0.33409817409819326,0.31045344327688273,0.26406178064979147,0.30578867746428695,0.3107952552903429,0.3163932505356516,,,,,,,SRB00040
2021-03-18,2242.88,1.49,3.18,0.325552014449595,0.31408478282985625,0.31660911014565063,0.3708243254926407,0.34273783330193963,0.29258256207414457,0.3403368440381041,0.3458854412692094,0.3515618873190146,,,,,,,SRB00040
2021-03-19,2370.37,0.93,2.53,0.3601760246541168,0.3456445500183224,0.34934839465989165,0.4075504768870881,0.3750222233269965,0.32110334349849773,0.37488501061192125,0.38097562724807593,0.3867305241023776,,,,,,,SRB00040
2021-03-20,2465.04,0.07,2.57,0.3948000348586386,0.3772043172067885,0.3820876791741327,0.4442766282815356,0.4073066133520533,0.3496241249228509,0.4094331771857384,0.4160658132269424,0.4218991608857406,,,,,,,SRB00040
2021-03-21,2528.3,0.09,1.61,0.36220980441694417,0.34942369746071683,0.35354811743102976,0.41250977571048686,0.3794081712291394,0.3257270453844099,0.3923611011630156,0.3992379285780227,0.4051222080282255,,,,,,,SRB00040
2021-03-22,2545.83,1.11,1.76,0.32961957397524977,0.3216430777146451,0.32500855568792675,0.3807429231394382,0.3515097291062254,0.3018299658459689,0.37528902514029283,0.38241004392910294,0.3883452551707104,,,,,,,SRB00040
2021-03-23,2493.6,0.0,3.73,0.29702934353355537,0.29386245796857347,0.2964689939448238,0.34897607056838953,0.3236112869833115,0.2779328863075279,0.35821694911757,0.3655821592801832,0.37156830231319526,,,,,,,SRB00040
2021-03-24,2386.81,0.39,4.79,0.2644391130918609,0.26608183822250175,0.26792943220172083,0.3172092179973408,0.2957128448603975,0.2540358067690869,0.3411448730948472,0.3487542746312635,0.3547913494556802,,,,,,,SRB00040
2021-03-25,2258.44,0.01,5.57,0.23184888265016648,0.2383012184764301,0.23938987045861787,0.2854423654262921,0.2678144027374836,0.23013872723064588,0.32407279707212444,0.3319263899823438,0.3380143965981651,13.2,0.052,1.7381518,467.0,2.3,,SRB00040
2021-03-26,2136.96,0.0,7.41,0.19925865220847205,0.21052059873035842,0.21085030871551488,0.2536755128552434,0.23991596061456966,0.20624164769220488,0.3070007210494016,0.3150985053334241,0.32123744374065,,,,,,,SRB00040
2021-03-27,2054.89,0.02,9.96,0.16666842176677762,0.18273997898428673,0.1823107469724119,0.22190866028419473,0.2120175184916557,0.18234456815376388,0.28992864502667887,0.29827062068450433,0.30446049088313487,,,,,,,SRB00040
2021-03-28,2022.02,0.03,10.47,0.1340781913250832,0.15495935923821505,0.15377118522930894,0.19014180771314604,0.18411907636874175,0.15844748861532287,0.27285656900395605,0.2814427360355846,0.2876835380256198,,,,,,,SRB00040
2021-03-29,2031.36,0.0,11.02,0.10148796088338877,0.12717873949214337,0.12523162348620598,0.15837495514209735,0.1562206342458278,0.13455040907688187,0.25578449298123324,0.2646148513866649,0.27090658516810473,,,,,,,SRB00040
2021-03-30,2059.63,0.06,11.28,0.06889773044169434,0.09939811974607168,0.09669206174310299,0.12660810257104865,0.12832219212291385,0.11065332953844087,0.23871241695851048,0.24778696673774517,0.2541296323105896,,,,,,,SRB00040
2021-03-31,2117.36,0.0,13.37,0.0363074999999999,0.0716175,0.0681525,0.09484125,0.1004237499999999,0.0867562499999999,0.22164034093578766,0.23095908208882543,0.2373526794530745,,,,,,,SRB00040
2021-04-01,2201.93,0.0,14.73,0.04319643240314985,0.08140943303736589,0.07985155655973082,0.12155590899881966,0.12993334121698988,0.1104073063879639,0.20456826491306487,0.21413119743990572,0.2205757265955594,,,,,,,SRB00040
2021-04-02,2268.86,1.2,13.42,0.05008536480629979,0.09120136607473178,0.09155061311946164,0.14827056799763932,0.15944293243397983,0.1340583627759279,0.18749618889034209,0.197303312790986,0.2037987737380443,,,,,,,SRB00040
2021-04-03,2305.75,8.11,8.31,0.056974297209449735,0.10099329911209766,0.10324966967919245,0.17498522699645896,0.18895252365096982,0.1577094191638919,0.17042411286761927,0.18047542814206627,0.1870218208805292,,,,,,,SRB00040
2021-04-04,2343.23,0.67,5.32,0.06386322961259967,0.11078523214946355,0.11494872623892327,0.20169988599527863,0.2184621148679598,0.18136047555185592,0.15335203684489648,0.16364754349314653,0.1702448680230141,,,,,,,SRB00040
2021-04-05,2420.03,0.0,6.33,0.07075216201574962,0.12057716518682944,0.12664778279865407,0.2284145449940983,0.24797170608494976,0.2050115319398199,0.1362799608221737,0.14681965884422682,0.153467915165499,,,,,,,SRB00040
2021-04-06,2539.97,1.33,3.74,0.07764109441889956,0.13036909822419532,0.1383468393583849,0.25512920399291794,0.2774812973019397,0.2286625883277839,0.11920788479945091,0.1299917741953071,0.13669096230798392,,,,,,,SRB00040
2021-04-07,2623.22,0.16,2.7,0.0845300268220495,0.1401610312615612,0.1500458959181157,0.2818438629917376,0.3069908885189297,0.2523136447157479,0.10213580877672811,0.11316388954638737,0.11991400945046882,,,,,,,SRB00040
2021-04-08,2635.33,0.04,3.13,0.0647068032430684,0.09973985609631265,0.10057655297417806,0.18795057577831809,0.19919495133078766,0.1602326038301674,0.0850637327540053,0.09633600489746764,0.10313705659295372,,,,,,,SRB00040
2021-04-09,2563.48,0.0,6.67,0.0448835796640873,0.0593186809310641,0.0511072100302404,0.0940572885648986,0.0913990141426456,0.0681515629445869,0.0679916567312825,0.0795081202485479,0.0863601037354386,,,,,,,SRB00040
2021-04-10,2470.72,0.0,10.21,0.043720486024780986,0.05878695922804382,0.0506435416928736,0.09460878829291869,0.09074624834867215,0.0673206308829434,0.06832227670598144,0.080597085435627,0.08751826084009037,,,,,,,SRB00040
2021-04-11,2381.32,0.2,9.77,0.04255739238547467,0.05825523752502354,0.0501798733555068,0.09516028802093877,0.0900934825546987,0.06648969882129992,0.06865289668068038,0.08168605062270609,0.08867641794474214,,,,,,,SRB00040
2021-04-12,2295.15,1.35,13.39,0.04139429874616836,0.05772351582200326,0.04971620501814,0.09571178774895886,0.08944071676072525,0.06565876675965644,0.06898351665537933,0.08277501580978519,0.0898345750493939,,,,,,,SRB00040
2021-04-13,2212.09,3.98,4.86,0.04023120510686204,0.05719179411898299,0.0492525366807732,0.09626328747697895,0.08878795096675181,0.06482783469801295,0.06931413663007827,0.08386398099686428,0.09099273215404567,,,,,,,SRB00040
2021-04-14,2166.7,3.1,4.8,0.039068111467555726,0.05666007241596271,0.0487888683434064,0.09681478720499903,0.08813518517277835,0.06399690263636947,0.0696447566047772,0.08495294618394338,0.09215088925869744,,,,,,,SRB00040
2021-04-15,2207.01,0.43,4.54,0.03790501782824941,0.05612835071294243,0.0483252000060396,0.09736628693301912,0.08748241937880491,0.06316597057472598,0.06997537657947614,0.08604191137102246,0.0933090463633492,,,,,,,SRB00040
2021-04-16,2359.48,0.01,5.51,0.0367419241889431,0.05559662900992215,0.047861531668672797,0.0979177866610392,0.08682965358483145,0.062335038513082495,0.07030599655417508,0.08713087655810156,0.09446720346800097,,,,,,,SRB00040
2021-04-17,2569.4,2.23,7.38,0.035578830549636786,0.05506490730690187,0.047397863331306,0.09846928638905929,0.086176887790858,0.06150410645143901,0.07063661652887403,0.08821984174518065,0.09562536057265274,,,,,,,SRB00040
2021-04-18,2709.19,10.22,6.5,0.03441573691033047,0.05453318560388159,0.0469341949939392,0.09902078611707937,0.08552412199688456,0.060673174389795526,0.07096723650357296,0.08930880693225975,0.0967835176773045,,,,,,,SRB00040
2021-04-19,2709.19,1.35,8.46,0.03325264327102415,0.05400146390086131,0.0464705266565724,0.09957228584509946,0.0848713562029111,0.05984224232815204,0.0712978564782719,0.09039777211933883,0.09794167478195627,,,,,,,SRB00040
2021-04-20,2605.15,0.56,8.73,0.03208954963171784,0.053469742197841036,0.0460068583192056,0.10012378557311954,0.08421859040893766,0.059011310266508556,0.07162847645297084,0.09148673730641793,0.09909983188660804,,,,,,,SRB00040
2021-04-21,2476.42,0.28,10.98,0.030926455992411526,0.052938020494820756,0.0455431899818388,0.10067528530113963,0.0835658246149642,0.05818037820486507,0.07195909642766977,0.09257570249349702,0.1002579889912598,,,,,,,SRB00040
2021-04-22,2370.37,0.27,13.0,0.029763362353105213,0.052406298791800476,0.045079521644472,0.10122678502915972,0.08291305882099076,0.05734944614322158,0.07228971640236873,0.09366466768057612,0.10141614609591157,,,,,,,SRB00040
2021-04-23,2305.75,0.19,10.71,0.0286002687137989,0.0518745770887802,0.0446158533071052,0.1017782847571798,0.0822602930270173,0.0565185140815781,0.07262033637706766,0.0947536328676552,0.10257430320056334,,,,,,,SRB00040
2021-04-24,2316.39,0.0,10.53,0.0430040328979799,0.0609029724288751,0.0496760584836358,0.1110315290701831,0.0895464079826389,0.0623114924016851,0.0729509563517666,0.0958425980547343,0.1037324603052151,,,,,,,SRB00040
2021-04-25,2375.84,0.01,12.9,0.043651977295224305,0.06104864960712926,0.04920382646401796,0.11118437399731014,0.08862316514312911,0.061160599469400716,0.07251696144536304,0.09645427359144564,0.10502250580092896,,,,,,,SRB00040
2021-04-26,2420.03,0.42,9.38,0.0442999216924687,0.06119432678538342,0.048731594444400124,0.11133721892443718,0.08769992230361934,0.06000970653711634,0.07208296653895949,0.09706594912815698,0.10631255129664283,13.1,0.061,1.2979705,440.0,3.8,0.0427,SRB00040
2021-04-27,2431.2,5.61,8.74,0.0449478660897131,0.061340003963637584,0.04825936242478228,0.11149006385156422,0.08677667946410955,0.05885881360483196,0.07164897163255592,0.09767762466486832,0.10760259679235668,,,,,,,SRB00040
2021-04-28,2403.36,1.65,12.19,0.045595810486957496,0.06148568114189174,0.04778713040516444,0.11164290877869126,0.08585343662459978,0.05770792067254758,0.07121497672615236,0.09828930020157967,0.10889264228807054,,,,,,,SRB00040
2021-04-29,2348.63,0.81,15.24,0.0462437548842019,0.0616313583201459,0.0473148983855466,0.1117957537058183,0.08493019378509,0.0565570277402632,0.0707809818197488,0.098900975738291,0.1101826877837844,,,,,,,SRB00040
2021-04-30,2279.34,0.25,18.57,0.0418532361450399,0.06224258531534773,0.04879586336855275,0.12124637940145712,0.08671826241184906,0.0568350337826977,0.07118691582942294,0.10108204740731531,0.11259624894300845,,,,,,,SRB00040
2021-05-01,2212.09,0.9,19.69,0.0374627174058779,0.06285381231054957,0.0502768283515589,0.13069700509709595,0.08850633103860814,0.0571130398251322,0.07159284983909708,0.10326311907633964,0.11500981010223248,,,,,,,SRB00040
2021-05-02,2146.83,1.16,18.37,0.0330721986667159,0.0634650393057514,0.05175779333456505,0.14014763079273476,0.0902943996653672,0.0573910458675667,0.07199878384877122,0.10544419074536396,0.11742337126145652,,,,,,,SRB00040
2021-05-03,2112.49,0.02,11.79,0.03858812146805975,0.06380275206426719,0.05045219648196143,0.13402693604660673,0.08722811021784896,0.05703975714603905,0.07240471785844536,0.10762526241438829,0.11983693242068055,,,,,,,SRB00040
2021-05-04,2181.73,0.0,13.91,0.0441040442694036,0.064140464822783,0.0491465996293578,0.1279062413004787,0.0841618207703307,0.0566884684245114,0.0728106518681195,0.1098063340834126,0.1222504935799046,,,,,,,SRB00040
2021-05-05,2448.06,0.2,16.24,0.04342632303536362,0.06372561124529037,0.04913971527086709,0.12889512943500966,0.08354332015767828,0.056235220765379616,0.07185151248953024,0.10979068596235272,0.12289153239703605,,,,,,,SRB00040
2021-05-06,2850.02,0.01,13.26,0.04274860180132364,0.06331075766779774,0.04913283091237638,0.12988401756954063,0.08292481954502585,0.055781973106247836,0.07089237311094097,0.10977503784129285,0.12353257121416751,,,,,,,SRB00040
2021-05-07,3139.51,8.87,13.91,0.042070880567283656,0.06289590409030511,0.04912594655388567,0.13087290570407162,0.08230631893237345,0.05532872544711606,0.06993323373235172,0.10975938972023296,0.12417361003129898,,,,,,,SRB00040
2021-05-08,3190.54,0.02,11.99,0.041393159333243675,0.06248105051281248,0.049119062195394955,0.13186179383860258,0.08168781831972102,0.05487547778798428,0.06897409435376245,0.10974374159917308,0.12481464884843044,,,,,,,SRB00040
2021-05-09,3139.51,0.0,14.13,0.040715438099203694,0.06206619693531985,0.04911217783690425,0.13285068197313354,0.0810693177070686,0.0544222301288525,0.0680149549751732,0.1097280934781132,0.1254556876655619,,,,,,,SRB00040
2021-05-10,3110.72,0.0,17.93,0.03731868610949281,0.05782814308693058,0.04481648627700423,0.14425757707314235,0.07909544722337451,0.05118441919087988,0.06925112810776811,0.1178966615441481,0.13591052575909238,,,,,,,SRB00040
2021-05-11,3125.08,0.0,20.13,0.033921934119781914,0.053590089238541305,0.0405207947171042,0.15566447217315116,0.07712157673968043,0.047946608252907266,0.07048730124036301,0.12606522961018302,0.1463653638526229,,,,,,,SRB00040
2021-05-12,3125.08,2.79,18.0,0.030525182130071028,0.04935203539015204,0.03622510315720418,0.16707136727315997,0.07514770625598634,0.04470879731493465,0.07172347437295792,0.1342337976762179,0.15682020194615337,,,,,,,SRB00040
2021-05-13,3125.08,2.37,15.0,0.027128430140360142,0.045113981541762764,0.031929411597304155,0.17847826237316877,0.07317383577229225,0.04147098637696203,0.07295964750555282,0.1424023657422528,0.16727504003968385,,,,,,,SRB00040
2021-05-14,3227.49,2.48,15.62,0.023731678150649253,0.04087592769337349,0.027633720037404136,0.1898851574731776,0.07119996528859815,0.038233175438989415,0.07419582063814774,0.1505709338082877,0.17772987813321436,,,,,,,SRB00040
2021-05-15,3563.51,1.05,16.25,0.020334926160938363,0.03663787384498422,0.023338028477504116,0.20129205257318641,0.06922609480490406,0.0349953645010168,0.07543199377074264,0.15873950187432262,0.18818471622674485,,,,,,,SRB00040
2021-05-16,4225.69,3.4,16.08,0.016938174171227477,0.03239981999659495,0.019042336917604093,0.21269894767319522,0.06725222432120997,0.03175755356304418,0.07666816690333755,0.1669080699403575,0.19863955432027536,,,,,,,SRB00040
2021-05-17,4796.33,9.9,15.17,0.013541422181516587,0.028161766148205675,0.01474664535770407,0.22410584277320403,0.06527835383751589,0.028519742625071568,0.07790434003593247,0.1750766380063924,0.20909439241380584,,,,,,,SRB00040
2021-05-18,4896.79,0.1,15.42,0.0101446701918057,0.0239237122998164,0.010450953797804051,0.23551273787321284,0.0633044833538218,0.02528193168709895,0.07914051316852737,0.1832452060724273,0.21954923050733632,9.7,0.058,1.55982194,385.0,1.6,,SRB00040
2021-05-19,4874.28,10.77,14.33,0.013633720006494827,0.03031979331461003,0.01769314037758637,0.21983959825480826,0.06253327660821331,0.02659207186032483,0.08037668630112228,0.19141377413846222,0.23000406860086683,,,,,,,SRB00040
2021-05-20,4999.34,13.61,11.76,0.017122769821183957,0.03671587432940365,0.024935326957368692,0.20416645863640367,0.06176206986260483,0.02790221203355071,0.08161285943371718,0.1995823422044971,0.24045890669439732,,,,,,,SRB00040
2021-05-21,5247.07,0.14,15.0,0.020611819635873087,0.04311195534419728,0.032177513537151016,0.1884933190179991,0.06099086311699634,0.02921235220677659,0.0828490325663121,0.207750910270532,0.25091374478792783,,,,,,,SRB00040
2021-05-22,5369.32,0.2,17.31,0.024100869450562216,0.04950803635899091,0.03941970011693334,0.17282017939959454,0.060219656371387854,0.030522492380002465,0.084085205698907,0.2159194783365669,0.2613685828814583,,,,,,,SRB00040
2021-05-23,5283.45,0.23,18.58,0.027589919265251343,0.05590411737378454,0.04666188669671566,0.15714703978118996,0.059448449625779366,0.031832632553228345,0.08532137883150191,0.22408804640260183,0.2718234209749888,,,,,,,SRB00040
2021-05-24,5080.6,0.03,15.81,0.031078969079940472,0.06230019838857817,0.05390407327649798,0.14147390016278538,0.058677242880170885,0.033142772726454224,0.08655755196409681,0.2322566144686367,0.2822782590685193,,,,,,,SRB00040
2021-05-25,4885.52,0.99,18.78,0.0345680188946296,0.0686962794033718,0.0611462598562803,0.1258007605443808,0.0579060361345624,0.0344529128996801,0.08779372509669173,0.2404251825346716,0.29273309716204976,,,,,,,SRB00040
2021-05-26,4796.33,0.0,16.02,0.03399418718263212,0.06767852225281536,0.05919034430938186,0.13596638553542031,0.06043644605355136,0.035271591896452355,0.08902989822928664,0.24859375060070651,0.3031879352555803,,,,,,,SRB00040
2021-05-27,4807.39,0.03,18.92,0.033420355470634634,0.06666076510225893,0.057234428762483414,0.1461320105264598,0.06296685597254033,0.03609027089322461,0.09026607136188154,0.25676231866674143,0.3136427733491108,,,,,,,SRB00040
2021-05-28,4829.59,1.39,16.31,0.032846523758637156,0.0656430079517025,0.055278513215584975,0.1562976355174993,0.0654972658915293,0.036908949889996864,0.09150224449447646,0.2649308867327763,0.32409761144264126,,,,,,,SRB00040
2021-05-29,4763.31,0.0,16.43,0.03227269204663967,0.06462525080114606,0.053322597668686536,0.1664632605085388,0.06802767581051825,0.03772762888676912,0.09273841762707136,0.2730994547988112,0.33455244953617175,,,,,,,SRB00040
2021-05-30,4590.98,0.64,14.72,0.03169886033464219,0.06360749365058962,0.05136668212178809,0.1766288854995783,0.07055808572950721,0.038546307883541374,0.09397459075966627,0.2812680228648461,0.34500728762970223,,,,,,,SRB00040
2021-05-31,4384.31,6.96,12.75,0.03112502862264471,0.0625897365000332,0.04941076657488965,0.1867945104906178,0.07308849564849618,0.03936498688031363,0.09521076389226117,0.28943659093088103,0.35546212572323277,,,,,,,SRB00040
2021-06-01,4186.94,0.14,15.48,0.03055119691064723,0.061571979349476766,0.04745485102799121,0.1969601354816573,0.07561890556748514,0.04018366587708588,0.09644693702485609,0.2976051589969159,0.36591696381676325,,,,,,,SRB00040
2021-06-02,4016.91,0.0,17.19,0.02997736519864975,0.06055422219892033,0.04549893548109277,0.20712576047269682,0.07814931548647411,0.041002344873858135,0.09768311015745099,0.3057737270629508,0.37637180191029374,,,,,,,SRB00040
2021-06-03,3862.67,0.0,18.77,0.029403533486652266,0.0595364650483639,0.04354301993419433,0.2172913854637363,0.08067972540546307,0.04182102387063039,0.0989192832900459,0.3139422951289857,0.3868266400038243,,,,,,,SRB00040
2021-06-04,3705.81,0.0,20.84,0.031543359062123716,0.0590770174049838,0.0426801071718109,0.1989187200897866,0.07693941080219067,0.040504946668850635,0.0919709232676983,0.27205496721420164,0.3345939698604627,,,,,,,SRB00040
2021-06-05,3530.83,0.0,21.75,0.03368318463759516,0.0586175697616037,0.04181719440942747,0.18054605471583685,0.07319909619891829,0.039188869467070876,0.08502256324535071,0.23016763929941758,0.2823612997171011,,,,,,,SRB00040
2021-06-06,3371.87,5.74,22.18,0.03582301021306661,0.058158122118223604,0.04095428164704405,0.16217338934188713,0.06945878159564589,0.03787279226529112,0.0780742032230031,0.18828031138463353,0.23012862957373947,,,,,,,SRB00040
2021-06-07,3287.52,0.1,22.58,0.037962835788538055,0.0576986744748435,0.040091368884660625,0.14380072396793742,0.06571846699237349,0.03655671506351136,0.0711258432006555,0.14639298346984947,0.1778959594303779,,,,,,,SRB00040
2021-06-08,3426.68,0.18,22.83,0.0401026613640095,0.0572392268314634,0.0392284561222772,0.1254280585939877,0.0619781523891011,0.0352406378617316,0.0641774831783079,0.1045056555550654,0.1256632892870163,,,,,,,SRB00040
2021-06-09,3980.07,0.01,23.52,0.04444979817764966,0.06081205931738926,0.0433090210230467,0.1270317853735395,0.06577782406751022,0.0388917915047987,0.06763542519301029,0.10559596553193502,0.12488472993827451,,,,,,,SRB00040
2021-06-10,4590.98,2.31,20.67,0.04879693499128982,0.06438489180331512,0.0473895859238162,0.1286355121530913,0.06957749574591934,0.0425429451478658,0.07109336720771266,0.10668627550880463,0.1241061705895327,,,,,,,SRB00040
2021-06-11,4829.59,1.79,21.3,0.05314407180492998,0.06795772428924098,0.0514701508245857,0.1302392389326431,0.07337716742432847,0.0461940987909329,0.07455130922241504,0.10777658548567426,0.1233276112407909,,,,,,,SRB00040
2021-06-12,4829.59,2.27,22.34,0.05749120861857014,0.07153055677516684,0.0555507157253552,0.1318429657121949,0.07717683910273758,0.049845252433999995,0.07800925123711741,0.10886689546254387,0.1225490518920491,,,,,,,SRB00040
2021-06-13,4807.39,1.3,20.48,0.0618383454322103,0.0751033892610927,0.0596312806261247,0.1334466924917467,0.0809765107811467,0.0534964060770671,0.0814671932518198,0.1099572054394135,0.1217704925433073,,,,,,,SRB00040
2021-06-14,4796.33,0.37,17.46,0.0570627745888582,0.07235267821900976,0.056283709608338665,0.1315368046278789,0.07800139589773951,0.05033745020459974,0.07741194225699884,0.10951354472491824,0.12445459539834186,,,,,,,SRB00040
2021-06-15,4752.35,0.02,20.54,0.0522872037455061,0.06960196717692682,0.05293613859055262,0.1296269167640111,0.0750262810143323,0.04717849433213238,0.07335669126217788,0.10906988401042297,0.12713869825337643,,,,,,,SRB00040
2021-06-16,4676.35,0.0,23.12,0.047511632902154,0.06685125613484388,0.049588567572766584,0.1277170289001433,0.0720511661309251,0.04401953845966502,0.06930144026735692,0.10862622329592772,0.12982280110841096,,,,,,,SRB00040
2021-06-17,4580.42,0.0,25.22,0.0427360620588019,0.06410054509276095,0.04624099655498054,0.1258071410362755,0.0690760512475179,0.04086058258719766,0.06524618927253595,0.10818256258143245,0.13250690396344553,,,,,,,SRB00040
2021-06-18,4445.31,0.02,26.99,0.0379604912154498,0.061349834050678,0.0428934255371945,0.1238972531724077,0.0661009363641107,0.0377016267147303,0.061190938277715,0.1077389018669372,0.1351910068184801,,,,,,,SRB00040
2021-06-19,4274.63,0.0,27.46,0.0284593827232332,0.0588789583688675,0.0430702207203682,0.1402662886904856,0.061779357796451,0.03116579347498105,0.06188937521290086,0.107651728457069,0.1344080991881779,,,,,,,SRB00040
2021-06-20,4101.04,0.0,27.56,0.028183990610447025,0.058471567298640253,0.04282673054988155,0.1386280320451761,0.06575843426743165,0.03444479345592656,0.06258781214808672,0.1075645550472008,0.1336251915578757,,,,,,,SRB00040
2021-06-21,3970.92,0.0,29.46,0.02790859849766085,0.058064176228413,0.0425832403793949,0.13698977539986662,0.0697375107384123,0.03772379343687207,0.06328624908327257,0.1074773816373326,0.1328422839275735,9.3,0.106,0.93002408,330.0,1.7,0.0268,SRB00040
2021-06-22,3853.78,0.0,30.33,0.027633206384874674,0.057656785158185744,0.042339750208908254,0.13535151875455712,0.07371658720939295,0.04100279341781759,0.06398468601845844,0.10739020822746441,0.1320593762972713,,,,,,,SRB00040
2021-06-23,3774.72,0.0,30.67,0.0273578142720885,0.0572493940879585,0.0420962600384216,0.1337132621092476,0.0776956636803736,0.0442817933987631,0.0646831229536443,0.1073030348175962,0.1312764686669691,,,,,,,SRB00040
2021-06-24,3766.04,0.0,32.44,0.026955038260919134,0.05648797135058477,0.04196587935510817,0.13441880641985185,0.07277901271441857,0.040671895510374735,0.06397455988081506,0.10686756761739093,0.13110566219758052,,,,,,,SRB00040
2021-06-25,3836.07,10.11,29.31,0.026552262249749766,0.05572654861321103,0.04183549867179473,0.13512435073045606,0.06786236174846354,0.037061997621986364,0.06326599680798582,0.10643210041718565,0.13093485572819194,,,,,,,SRB00040
2021-06-26,3961.78,1.13,25.91,0.0261494862385804,0.0549651258758373,0.0417051179884813,0.1358298950410603,0.0629457107825085,0.033452099733598,0.06255743373515658,0.10599663321698036,0.13076404925880336,,,,,,,SRB00040
2021-06-27,4167.69,0.0,26.5,0.03285310943643165,0.05753410084886515,0.0408332074002324,0.1335043104944596,0.06593575321575551,0.03558085271536545,0.06184887066232734,0.10556116601677508,0.13059324278941478,,,,,,,SRB00040
2021-06-28,4435.09,0.0,28.55,0.0395567326342829,0.060103075821893,0.0399612968119835,0.1311787259478589,0.0689257956490025,0.0377096056971329,0.0611403075894981,0.1051256988165698,0.1304224363200262,,,,,,,SRB00040
2021-06-29,4601.57,0.02,30.58,0.06507894819259344,0.08394195769434874,0.06426221788789233,0.15925012137942465,0.09532762586956378,0.06266068396970895,0.08848554092262467,0.13514746545087353,0.16022393792443052,,,,,,,SRB00040
2021-06-30,4569.88,0.22,30.84,0.09060116375090396,0.10778083956680448,0.08856313896380114,0.1873215168109904,0.12172945609012506,0.08761176224228498,0.11583077425575125,0.16516923208517723,0.1900254395288348,,,,,,,SRB00040
2021-07-01,4394.42,1.49,24.79,0.1161233793092145,0.13161972143926023,0.11286406003970995,0.2153929122425562,0.14813128631068634,0.11256284051486101,0.14317600758887783,0.19519099871948095,0.2198269411332391,,,,,,,SRB00040
2021-07-02,4235.43,1.12,22.32,0.14164559486752504,0.15545860331171596,0.13716498111561876,0.24346430767412194,0.17453311653124762,0.13751391878743707,0.1705212409220044,0.22521276535378465,0.2496284427376434,,,,,,,SRB00040
2021-07-03,4167.69,0.09,22.45,0.1671678104258356,0.1792974851841717,0.1614659021915276,0.2715357031056877,0.2009349467518089,0.1624649970600131,0.197866474255131,0.2552345319880884,0.2794299443420477,,,,,,,SRB00040
2021-07-04,4158.11,0.0,24.71,0.1436297911633464,0.15713496725685722,0.13889484996196416,0.2478005624803806,0.17711011996571813,0.13903983290964333,0.17297918376632337,0.2289678539507013,0.25420064811257015,,,,,,,SRB00040
2021-07-05,4082.19,0.17,25.69,0.12009177190085724,0.13497244932954272,0.11632379773240076,0.2240654218550735,0.15328529317962739,0.11561466875927354,0.14809189327751576,0.2027011759133142,0.22897135188309262,,,,,,,SRB00040
2021-07-06,3952.67,0.0,27.82,0.09655375263836805,0.1128099314022282,0.09375274550283733,0.2003302812297664,0.12946046639353662,0.09218950460890377,0.12320460278870812,0.17643449787592716,0.20374205565361508,,,,,,,SRB00040
2021-07-07,3827.25,0.0,29.98,0.07301573337587887,0.0906474134749137,0.07118169327327391,0.1765951406044593,0.10563563960744586,0.06876434045853398,0.09831731229990051,0.15016781983854008,0.17851275942413752,,,,,,,SRB00040
2021-07-08,3792.15,0.0,31.43,0.0494777141133897,0.0684848955475992,0.0486106410437105,0.1528599999791522,0.0818108128213551,0.0453391763081642,0.0734300218110929,0.123901141801153,0.15328346319466,,,,,,,SRB00040
2021-07-09,3818.44,0.35,30.67,0.0439519064130224,0.06563308217649468,0.04750688194480957,0.15522682791286802,0.07974718190418763,0.043626423202694824,0.07925760625017592,0.13223155891699903,0.16258257160490439,,,,,,,SRB00040
2021-07-10,3809.66,3.03,27.38,0.0384260987126551,0.06278126880539014,0.04640312284590865,0.1575936558465838,0.07768355098702015,0.04191367009722545,0.08508519068925893,0.14056197603284504,0.17188168001514875,,,,,,,SRB00040
2021-07-11,3774.72,0.06,28.65,0.0329002910122878,0.05992945543428563,0.04529936374700772,0.1599604837802996,0.07561992006985267,0.040200916991756076,0.09091277512834196,0.14889239314869107,0.18118078842539315,,,,,,,SRB00040
2021-07-12,3907.41,0.1,28.72,0.0273744833119205,0.0570776420631811,0.0441956046481068,0.1623273117140154,0.0735562891526852,0.0384881638862867,0.09674035956742498,0.1572228102645371,0.19047989683563754,,,,,,,SRB00040
2021-07-13,4215.96,0.0,31.1,0.0413990377370966,0.0759469202861875,0.0657014546156914,0.1999953852410864,0.1188973117353108,0.0669885676614741,0.102567944006508,0.1655532273803831,0.1997790052458819,,,,,,,SRB00040
2021-07-14,4334.11,0.39,31.48,0.062457082082643375,0.0929831225855334,0.08155702737949894,0.2023415578257593,0.12863175117922251,0.08027388419782881,0.11488267189384757,0.1716243825867925,0.20433748676506472,,,,,,,SRB00040
2021-07-15,4245.2,1.78,27.01,0.08351512642819015,0.11001932488487931,0.09741260014330648,0.2046877304104322,0.1383661906231342,0.09355920073418353,0.12719739978118716,0.17769553779320188,0.20889596828424753,,,,,,,SRB00040
2021-07-16,4119.98,26.29,25.02,0.10457317077373693,0.12705552718422522,0.11326817290711402,0.2070339029951051,0.1481006300670459,0.10684451727053826,0.13951212766852675,0.18376669299961124,0.21345444980343037,,,,,,,SRB00040
2021-07-17,4101.04,6.07,24.77,0.1256312151192837,0.14409172948357113,0.12912374567092155,0.209380075579778,0.1578350695109576,0.12012983380689297,0.1518268555558663,0.18983784820602062,0.21801293132261318,,,,,,,SRB00040
2021-07-18,4225.69,23.03,25.21,0.1466892594648305,0.161127931782917,0.1449793184347291,0.2117262481644509,0.1675695089548693,0.1334151503432477,0.1641415834432059,0.19590900341243,0.222571412841796,,,,,,,SRB00040
2021-07-19,4538.42,21.73,23.27,0.10995390759710144,0.13031504529687285,0.11458511787036103,0.192354799051332,0.13328735900902394,0.09965395912991998,0.1543531454159628,0.18564164401732958,0.21159233619138634,,,,,,,SRB00040
2021-07-20,5307.84,1.45,23.76,0.07321855572937237,0.09950215881082872,0.08419091730599296,0.1729833499382131,0.09900520906317857,0.06589276791659227,0.14456470738871965,0.17537428462222912,0.20061325954097672,,,,,,,SRB00040
2021-07-21,6500.3,0.0,22.1,0.036483203861643304,0.06868927232478456,0.053796716741624895,0.15361190082509418,0.0647230591173332,0.03213157670326455,0.13477626936147655,0.1651069252271287,0.18963418289056708,,,,,,,SRB00040
2021-07-22,6838.12,0.0,24.2,0.0581240725805258,0.08672022278193359,0.0749985791752345,0.15893364678644534,0.0627782541177354,0.031831152147022826,0.12498783133423343,0.15483956583202824,0.17865510624015746,,,,,,,SRB00040
2021-07-23,6323.12,0.0,25.04,0.0797649412994083,0.1047511732390826,0.0962004416088441,0.1642553927477965,0.0608334491181376,0.0315307275907811,0.1151993933069903,0.1445722064369278,0.1676760295897478,,,,,,,SRB00040
2021-07-24,5687.53,0.0,25.25,0.07651470414694378,0.10387125257989455,0.09606023252052032,0.16412442061510088,0.06295401934863959,0.03296618394417641,0.11651028675099605,0.14408952277995044,0.16797847005760805,,,,,,,SRB00040
2021-07-25,5115.82,0.18,27.9,0.07326446699447926,0.10299133192070649,0.09592002343219654,0.16399344848240527,0.06507458957914158,0.03440164029757172,0.11782118019500179,0.1436068391229731,0.16828091052546829,,,,,,,SRB00040
2021-07-26,4622.81,0.87,27.96,0.07001422984201473,0.10211141126151842,0.09577981434387275,0.16386247634970963,0.06719515980964356,0.03583709665096703,0.11913207363900752,0.14312415546599572,0.16858335099332852,7.1,0.114,1.26862508,324.0,1.7,0.007,SRB00040
2021-07-27,4225.69,0.0,30.45,0.06676399268955022,0.10123149060233036,0.09563960525554897,0.16373150421701402,0.06931573004014555,0.037272553004362344,0.12044296708301326,0.14264147180901837,0.16888579146118876,,,,,,,SRB00040
2021-07-28,3989.25,0.0,31.65,0.0635137555370857,0.1003515699431423,0.09549939616722519,0.1636005320843184,0.07143630027064754,0.03870800935775765,0.121753860527019,0.142158788152041,0.169188231929049,,,,,,,SRB00040
2021-07-29,3916.42,0.0,28.03,0.12274105878011482,0.1515817234594694,0.14441052903294088,0.229341953977106,0.13371982211499356,0.0957437966959869,0.17625186163193518,0.20441279154712205,0.2304761413756238,,,,,,,SRB00040
2021-07-30,3925.45,0.0,28.86,0.18196836202314393,0.20281187697579653,0.1933216618986566,0.29508337586989364,0.19600334395933955,0.15277958403421615,0.23074986273685139,0.2666667949422031,0.2917640508221986,,,,,,,SRB00040
2021-07-31,3907.41,0.3,28.75,0.24119566526617306,0.25404203049212365,0.24223279476437232,0.3608247977626812,0.25828686580368554,0.20981537137244538,0.28524786384176753,0.32892079833728416,0.3530519602687734,,,,,,,SRB00040
2021-08-01,3889.45,1.23,30.5,0.3004229685092022,0.30527218400845074,0.291143927630088,0.4265662196554688,0.3205703876480316,0.26685115871067466,0.33974586494668374,0.3911748017323652,0.4143398697153482,,,,,,,SRB00040
2021-08-02,3961.78,0.95,23.71,0.3596502717522313,0.3565023375247779,0.3400550604958037,0.4923076415482564,0.3828539094923775,0.3238869460489039,0.3942438660515999,0.4534288051274462,0.475627779161923,,,,,,,SRB00040
2021-08-03,4304.27,1.26,25.28,0.2789894434876651,0.2850423556596971,0.27003806799006336,0.4035877769988931,0.3013263429951431,0.24964559420303056,0.3310109386147171,0.3846843939851368,0.40710042708541405,,,,,,,SRB00040
2021-08-04,4874.28,0.89,26.42,0.19832861522309886,0.21358237379461634,0.20002107548432296,0.31486791244952983,0.21979877649790872,0.1754042423571572,0.2677780111778343,0.3159399828428274,0.3385730750089051,,,,,,,SRB00040
2021-08-05,5307.84,8.33,23.34,0.11766778695853264,0.14212239192953557,0.1300040829785826,0.22614804790016652,0.13827121000067433,0.10116289051128387,0.20454508374095148,0.2471955717005181,0.2700457229323962,8.0,0.108,0.74943688,345.0,1.0,0.0076,SRB00040
2021-08-06,5456.58,0.11,22.88,0.0370069586939664,0.0706624100644548,0.059987090472842244,0.1374281833508032,0.0567436435034399,0.026921538665410548,0.14131215630406868,0.1784511605582087,0.20151837085588725,,,,,,,SRB00040
2021-08-07,5635.38,0.0,25.75,0.0535911045910495,0.0786832321489843,0.0637769508766882,0.1322105049267565,0.0642956120831643,0.0344557126125625,0.0780792288671859,0.1097067494158993,0.1329910187793783,,,,,,,SRB00040
2021-08-08,6066.36,0.11,29.19,0.05469104049028364,0.08030851841332282,0.06504996855902535,0.13410936041131027,0.06432776201363312,0.03412616024590366,0.07987972492175273,0.11221215242516867,0.13515677356138836,,,,,,,SRB00040
2021-08-09,6279.58,0.23,27.85,0.05579097638951778,0.08193380467766134,0.06632298624136251,0.13600821589586404,0.06435991194410194,0.03379660787924482,0.08168022097631955,0.11471755543443805,0.13732252834339842,,,,,,,SRB00040
2021-08-10,6052.41,0.0,28.05,0.05689091228875192,0.08355909094199986,0.06759600392369967,0.13790707138041777,0.06439206187457075,0.033467055512585976,0.08348071703088636,0.11722295844370743,0.13948828312540848,,,,,,,SRB00040
2021-08-11,5713.79,0.05,28.38,0.057990848187986055,0.08518437720633838,0.06886902160603683,0.13980592686497154,0.06442421180503957,0.03313750314592714,0.08528121308545318,0.11972836145297681,0.14165403790741854,,,,,,,SRB00040
2021-08-12,5494.41,0.0,26.91,0.0590907840872202,0.0868096634706769,0.070142039288374,0.1417047823495253,0.0644563617355084,0.0328079507792683,0.08708170914002,0.1222337644622462,0.1438197926894286,,,,,,,SRB00040
2021-08-13,5283.45,0.0,27.85,0.0381872934564226,0.072270202092044,0.0621830089628403,0.1400652070618722,0.0575383687665295,0.0277530753940929,0.0875563148031502,0.12294426454896434,0.14430920972459654,,,,,,,SRB00040
2021-08-14,5010.87,0.0,29.53,0.03872168823648301,0.0732382571460177,0.06280174736787411,0.14405294799969356,0.05918664859682838,0.028512097333510844,0.08803092046628039,0.12365476463568251,0.14479862675976451,,,,,,,SRB00040
2021-08-15,4676.35,0.0,30.4,0.039256083016543424,0.0742063121999914,0.06342048577290792,0.14804068893751493,0.06083492842712727,0.02927111927292879,0.08850552612941058,0.12436526472240066,0.14528804379493246,,,,,,,SRB00040
2021-08-16,4344.1,0.0,30.61,0.03979047779660383,0.07517436725396508,0.06403922417794172,0.1520284298753363,0.06248320825742615,0.030030141212346734,0.08898013179254079,0.1250757648091188,0.14577746083010043,,,,,,,SRB00040
2021-08-17,4054.09,0.09,22.93,0.04032487257666424,0.07614242230793877,0.06465796258297553,0.15601617081315766,0.06413148808772504,0.03078916315176468,0.08945473745567098,0.12578626489583697,0.14626687786526837,,,,,,,SRB00040
2021-08-18,3827.25,0.0,20.63,0.040859267356724654,0.07711047736191247,0.06527670098800933,0.16000391175097906,0.06577976791802391,0.03154818509118262,0.08992934311880117,0.12649676498255513,0.14675629490043632,,,,,,,SRB00040
2021-08-19,3792.15,0.01,21.9,0.04139366213678507,0.07807853241588616,0.06589543939304314,0.16399165268880042,0.0674280477483228,0.03230720703060057,0.09040394878193136,0.1272072650692733,0.1472457119356043,,,,,,,SRB00040
2021-08-20,4016.91,0.0,23.79,0.04192805691684547,0.07904658746985985,0.06651417779807695,0.1679793936266218,0.06907632757862169,0.03306622897001851,0.09087855444506156,0.12791776515599143,0.14773512897077223,,,,,,,SRB00040
2021-08-21,4284.48,0.0,25.08,0.042462451696905885,0.08001464252383354,0.06713291620311075,0.17196713456444315,0.07072460740892056,0.03382525090943646,0.09135316010819175,0.1286282652427096,0.1482245460059402,,,,,,,SRB00040
2021-08-22,4264.8,0.0,26.58,0.0429968464769663,0.08098269757780724,0.06775165460814456,0.17595487550226452,0.07237288723921945,0.0345842728488544,0.09182776577132194,0.12933876532942776,0.14871396304110815,,,,,,,SRB00040
2021-08-23,4072.8,0.47,25.75,0.04695692492623456,0.08238260633320793,0.06893523736762067,0.17413592255826205,0.07442195567582152,0.037485482101932255,0.09230237143445215,0.1300492654161459,0.1492033800762761,,,,,,,SRB00040
2021-08-24,3836.07,8.74,21.31,0.05091700337550282,0.08378251508860864,0.07011882012709679,0.17231696961425957,0.0764710241124236,0.0403866913550101,0.09277697709758234,0.13075976550286406,0.14969279711144406,,,,,,,SRB00040
2021-08-25,3688.78,3.38,17.47,0.05487708182477108,0.08518242384400933,0.0713024028865729,0.1704980166702571,0.07852009254902567,0.04328790060808795,0.09325158276071253,0.13147026558958222,0.150182214146612,,,,,,,SRB00040
2021-08-26,3818.44,0.0,19.26,0.05883716027403933,0.08658233259941002,0.07248598564604901,0.16867906372625463,0.08056916098562775,0.0461891098611658,0.09372618842384273,0.13218076567630038,0.15067163118177998,,,,,,,SRB00040
2021-08-27,4148.54,11.94,16.81,0.0627972387233076,0.08798224135481071,0.07366956840552512,0.16686011078225216,0.08261822942222982,0.04909031911424365,0.09420079408697292,0.13289126576301852,0.15116104821694792,,,,,,,SRB00040
2021-08-28,4284.48,6.2,15.0,0.06675731717257585,0.08938215011021142,0.07485315116500124,0.16504115783824969,0.0846672978588319,0.0519915283673215,0.09467539975010311,0.13360176584973668,0.15165046525211587,,,,,,,SRB00040
2021-08-29,4235.43,7.77,15.8,0.07071739562184412,0.09078205886561211,0.07603673392447735,0.1632222048942472,0.08671636629543397,0.05489273762039935,0.09515000541323332,0.13431226593645484,0.15213988228728384,,,,,,,SRB00040
2021-08-30,4148.54,0.39,17.99,0.07467747407111237,0.0921819676210128,0.07722031668395346,0.16140325195024474,0.08876543473203605,0.0577939468734772,0.09562461107636351,0.135022766023173,0.15262929932245178,,,,,,,SRB00040
2021-08-31,4158.11,1.56,19.24,0.07863755252038063,0.0935818763764135,0.07840389944342958,0.15958429900624227,0.09081450316863812,0.06069515612655505,0.0960992167394937,0.13573326610989114,0.15311871635761976,,,,,,,SRB00040
2021-09-01,4225.69,0.05,18.46,0.0825976309696489,0.0949817851318142,0.0795874822029057,0.1577653460622398,0.0928635716052402,0.0635963653796329,0.0965738224026239,0.1364437661966093,0.1536081333927877,,,,,,,SRB00040
2021-09-02,4364.16,0.0,18.72,0.07896131810964023,0.09357780947521062,0.07873258248528946,0.15584727519561273,0.08735950342351853,0.057595110099233175,0.09565808057076916,0.1340587312625745,0.15224292809210563,,,,,,,SRB00040
2021-09-03,4676.35,0.0,19.63,0.07532500524963158,0.09217383381860704,0.07787768276767322,0.15392920432898563,0.08185543524179688,0.051593854818833454,0.09474233873891443,0.1316736963285397,0.15087772279142359,,,,,,,SRB00040
2021-09-04,4942.11,0.0,20.43,0.07168869238962292,0.09076985816200346,0.07702278305005697,0.15201113346235856,0.07635136706007521,0.04559259953843374,0.09382659690705968,0.1292886613945049,0.14951251749074151,,,,,,,SRB00040
2021-09-05,4896.79,0.0,21.65,0.06805237952961427,0.08936588250539988,0.07616788333244073,0.15009306259573146,0.07084729887835356,0.03959134425803402,0.09291085507520494,0.1269036264604701,0.14814731219005947,,,,,,,SRB00040
2021-09-06,4601.57,0.0,20.25,0.0644160666696056,0.0879619068487963,0.0753129836148245,0.1481749917291044,0.0653432306966319,0.0335900889776343,0.0919951132433502,0.1245185915264353,0.1467821068893774,,,,,,,SRB00040
2021-09-07,4264.8,0.0,20.02,0.04090267194776575,0.07543471355717155,0.06692514682221856,0.14323035439368653,0.0592416949591304,0.02805325382751575,0.08940542353794523,0.12218149484628997,0.14392073348187814,,,,,,,SRB00040
2021-09-08,3952.67,0.0,19.29,0.04312221391137111,0.07576377780201743,0.06586674848232432,0.1415803486818537,0.06050870381485768,0.02921714720330964,0.08681573383254024,0.11984439816614466,0.1410593600743789,,,,,,,SRB00040
2021-09-09,3671.82,0.0,18.89,0.04534175587497648,0.07609284204686331,0.06480835014243008,0.1399303429700209,0.06177571267058495,0.030381040579103524,0.08422604412713526,0.11750730148599933,0.1381979866668796,,,,,,,SRB00040
2021-09-10,3418.79,0.0,20.46,0.04756129783858184,0.07642190629170921,0.06374995180253584,0.1382803372581881,0.06304272152631223,0.03154493395489741,0.08163635442173027,0.11517020480585402,0.13533661325938035,,,,,,,SRB00040
2021-09-11,3197.9,0.0,22.48,0.0497808398021872,0.0767509705365551,0.0626915534626416,0.1366303315463553,0.0643097303820395,0.0327088273306913,0.0790466647163253,0.1128331081257087,0.1324752398518811,,,,,,,SRB00040
2021-09-12,3005.08,0.0,22.66,0.04679611029056817,0.07696338418203823,0.06463501040597143,0.1466098979841328,0.06964619811703737,0.036599787918923696,0.07888154897827482,0.11294261879714701,0.13269556214908912,,,,,,,SRB00040
2021-09-13,2836.92,0.0,23.42,0.04381138077894913,0.07717579782752136,0.06657846734930127,0.1565894644219103,0.07498266585203524,0.0404907485071561,0.07871643324022434,0.11305212946858532,0.13291588444629712,,,,,,,SRB00040
2021-09-14,2696.74,0.0,23.68,0.0408266512673301,0.0773882114730045,0.0685219242926311,0.1665690308596878,0.0803191335870331,0.0443817090953885,0.07855131750217388,0.11316164014002364,0.13313620674350515,,,,,,,SRB00040
2021-09-15,2593.18,0.0,24.61,0.04153411990855498,0.07701009991428069,0.06744501398196803,0.16410218505789786,0.08082246193352502,0.04485852071218684,0.0783862017641234,0.11327115081146195,0.13335652904071316,,,,,,,SRB00040
2021-09-16,2516.68,0.26,25.23,0.04224158854977987,0.0766319883555569,0.06636810367130497,0.16163533925610793,0.08132579028001694,0.045335332328985185,0.07822108602607293,0.11338066148290027,0.1335768513379212,8.4,0.12,1.0496631,391.0,1.1,0.0049,SRB00040
2021-09-17,2476.42,3.68,21.64,0.04294905719100475,0.0762538767968331,0.0652911933606419,0.159168493454318,0.08182911862650885,0.04581214394578353,0.07805597028802246,0.11349017215433858,0.13379717363512922,,,,,,,SRB00040
2021-09-18,2448.06,0.25,18.07,0.043656525832229634,0.0758757652381093,0.06421428304997884,0.15670164765252806,0.08233244697300077,0.04628895556258187,0.07789085454997198,0.1135996828257769,0.13401749593233722,,,,,,,SRB00040
2021-09-19,2459.37,0.12,19.04,0.044363994473454516,0.0754976536793855,0.06313737273931577,0.15423480185073812,0.08283577531949268,0.04676576717938021,0.07772573881192152,0.1137091934972152,0.13423781822954525,,,,,,,SRB00040
2021-09-20,2672.01,10.25,13.18,0.0450714631146794,0.0751195421206617,0.0620604624286527,0.1517679560489482,0.0833391036659846,0.04724257879617855,0.07756062307387104,0.11381870416865351,0.13445814052675326,,,,,,,SRB00040
2021-09-21,3146.75,0.0,13.21,0.045778931755904285,0.0747414305619379,0.060983552117989635,0.14930111024715828,0.08384243201247651,0.04771939041297689,0.07739550733582057,0.11392821484009183,0.1346784628239613,,,,,,,SRB00040
2021-09-22,3442.5,1.98,11.52,0.04648640039712917,0.0743633190032141,0.05990664180732657,0.14683426444536835,0.08434576035896843,0.04819620202977523,0.07723039159777009,0.11403772551153014,0.13489878512116932,,,,,,,SRB00040
2021-09-23,3482.37,0.01,12.77,0.04719386903835405,0.0739852074444903,0.058829731496663505,0.1443674186435784,0.08484908870546035,0.048673013646573574,0.07706527585971962,0.11414723618296846,0.13511910741837732,,,,,,,SRB00040
2021-09-24,3450.44,0.0,17.13,0.04790133767957894,0.0736070958857665,0.05775282118600043,0.14190057284178847,0.08535241705195226,0.049149825263371916,0.07690016012166916,0.11425674685440677,0.13533942971558535,,,,,,,SRB00040
2021-09-25,3333.26,0.0,19.58,0.04860880632080382,0.07322898432704271,0.05667591087533737,0.13943372703999854,0.08585574539844418,0.04962663688017026,0.07673504438361868,0.11436625752584509,0.13555975201279336,,,,,,,SRB00040
2021-09-26,3146.75,0.11,21.9,0.0493162749620287,0.0728508727683189,0.0555990005646743,0.1369668812382086,0.0863590737449361,0.0501034484969686,0.0765699286455682,0.1144757681972834,0.1357800743100014,,,,,,,SRB00040
2021-09-27,2950.21,1.7,22.39,0.09461289614634018,0.11382262363877499,0.09669489129923008,0.18144681317314137,0.13398632831254165,0.10174338570867514,0.12088210466518975,0.15923950629986883,0.17903489422071245,,,,,,,SRB00040
2021-09-28,2765.94,0.96,18.83,0.13990951733065166,0.15479437450923106,0.13779078203378586,0.22592674510807412,0.18161358288014717,0.1533833229203817,0.1651942806848113,0.20400324440245426,0.2222897141314235,,,,,,,SRB00040
2021-09-29,2611.16,0.18,18.43,0.18520613851496315,0.19576612537968716,0.17888667276834164,0.27040667704300686,0.2292408374477527,0.20502326013208824,0.20950645670443283,0.2487669825050397,0.2655445340421346,,,,,,,SRB00040
2021-09-30,2522.48,4.27,14.6,0.2305027596992746,0.23673787625014325,0.2199825635028974,0.31488660897793963,0.2768680920153582,0.2566631973437948,0.25381863272405436,0.29353072060762514,0.30879935395284563,,,,,,,SRB00040
2021-10-01,2557.59,0.03,15.68,0.2757993808835861,0.2777096271205993,0.2610784542374532,0.3593665409128724,0.3244953465829638,0.3083031345555013,0.2981308087436759,0.3382944587102106,0.3520541738635567,,,,,,,SRB00040
2021-10-02,2759.58,0.0,14.42,0.26205577291116594,0.26430278727871825,0.24844079834336097,0.3432152871411503,0.30936914635924223,0.2935554557110584,0.28403333814657084,0.32282209255876404,0.3362511098714486,,,,,,,SRB00040
2021-10-03,2963.83,0.0,16.26,0.24831216493874586,0.2508959474368372,0.23580314244926875,0.3270640333694282,0.2942429461355206,0.27880777686661556,0.26993586754946575,0.30734972640731756,0.32044804587934045,,,,,,,SRB00040
2021-10-04,3005.08,0.0,17.72,0.23456855696632573,0.23748910759495612,0.2231654865551765,0.3109127795977061,0.279116745911799,0.2640600980221727,0.25583839695236066,0.291877360255871,0.3046449818872323,,,,,,,SRB00040
2021-10-05,2916.43,0.01,17.99,0.22082494899390562,0.22408226775307505,0.2105278306610843,0.294761525825984,0.26399054568807745,0.24931241917772978,0.24174092635525554,0.27640499410442454,0.28884191789512426,,,,,,,SRB00040
2021-10-06,2772.32,11.95,14.35,0.2070813410214855,0.21067542791119395,0.19789017476699208,0.2786102720542619,0.24886434546435587,0.23456474033328692,0.22764345575815043,0.260932627952978,0.27303885390301613,,,,,,,SRB00040
2021-10-07,2623.22,4.34,13.07,0.1933377330490654,0.19726858806931288,0.18525251887289987,0.2624590182825398,0.23373814524063427,0.21981706148884406,0.21354598516104534,0.2454602618015315,0.257235789910908,,,,,,,SRB00040
2021-10-08,2516.68,1.26,11.95,0.1795941250766453,0.18386174822743181,0.17261486297880765,0.2463077645108177,0.21861194501691267,0.20506938264440117,0.19944851456394025,0.22998789565008498,0.24143272591879988,,,,,,,SRB00040
2021-10-09,2516.68,13.18,8.82,0.16585051710422516,0.17045490838555075,0.1599772070847154,0.2301565107390956,0.2034857447931911,0.1903217037999583,0.18535104396683516,0.21451552949863845,0.22562966192669176,,,,,,,SRB00040
2021-10-10,2653.61,14.31,8.61,0.15210690913180505,0.15704806854366968,0.1473395511906232,0.2140052569673735,0.18835954456946952,0.17557402495551544,0.17125357336973004,0.19904316334719194,0.20982659793458364,,,,,,,SRB00040
2021-10-11,2929.89,14.42,8.5,0.13836330115938494,0.1436412287017886,0.13470189529653098,0.19785400319565138,0.1732333443457479,0.16082634611107255,0.15715610277262496,0.18357079719574543,0.1940235339424755,,,,,,,SRB00040
2021-10-12,3197.9,3.0,10.16,0.12461969318696484,0.13023438885990754,0.12206423940243877,0.1817027494239293,0.1581071441220263,0.14607866726662969,0.14305863217551987,0.16809843104429892,0.17822046995036742,,,,,,,SRB00040
2021-10-13,3205.27,0.87,7.79,0.11087608521454473,0.11682754901802646,0.10942658350834655,0.1655514956522072,0.14298094389830474,0.13133098842218682,0.12896116157841475,0.1526260648928524,0.1624174059582593,9.8,0.071,1.35891868,439.0,1.4,,SRB00040
2021-10-14,3025.91,0.29,5.61,0.0971324772421246,0.10342070917614539,0.09678892761425432,0.1494002418804851,0.12785474367458316,0.11658330957774393,0.11486369098130966,0.1371536987414059,0.14661434196615117,,,,,,,SRB00040
2021-10-15,2810.9,0.55,7.99,0.0833888692697045,0.09001386933426431,0.08415127172016211,0.133248988108763,0.11272854345086156,0.10183563073330107,0.10076622038420456,0.12168133258995938,0.13081127797404307,,,,,,,SRB00040
2021-10-16,2641.41,0.21,10.2,0.06964526129728438,0.07660702949238324,0.07151361582606988,0.1170977343370409,0.09760234322713997,0.08708795188885819,0.08666874978709947,0.10620896643851285,0.11500821398193495,,,,,,,SRB00040
2021-10-17,2575.32,0.0,11.44,0.05590165332486427,0.06320018965050217,0.05887595993197767,0.1009464805653188,0.08247614300341838,0.07234027304441532,0.07257127918999437,0.09073660028706634,0.09920514998982682,,,,,,,SRB00040
2021-10-18,2587.21,0.0,11.16,0.042158045352444155,0.0497933498086211,0.046238304037885446,0.08479522679359669,0.06734994277969679,0.05759259419997244,0.058473808592889275,0.07526423413561983,0.0834020859977187,,,,,,,SRB00040
2021-10-19,2575.32,0.0,10.53,0.028414437380024044,0.036386509966740026,0.033600648143793224,0.0686439730218746,0.0522237425559752,0.04284491535552957,0.04437633799578418,0.05979186798417331,0.06759902200561059,,,,,,,SRB00040
2021-10-20,2499.35,0.0,11.99,0.014670829407603931,0.022979670124858954,0.02096299224970101,0.052492719250152496,0.03709754233225361,0.028097236511086695,0.030278867398679077,0.0443195018327268,0.05179595801350247,,,,,,,SRB00040
2021-10-21,2397.83,0.5,14.86,0.0009272214351838186,0.0095728302829779,0.0083253363556088,0.0363414654784304,0.021971342108532,0.0133495576666438,0.016181396801574,0.0288471356812803,0.0359928940213944,,,,,,,SRB00040
2021-10-22,2295.15,7.44,13.85,0.007778976443960077,0.02043497722917655,0.016793492536927763,0.05370384882077864,0.0332453412752522,0.019329364376406,0.02073588703617602,0.03387503199516988,0.041220081236852675,,,,,,,SRB00040
2021-10-23,2196.86,0.78,10.27,0.014630731452736336,0.031297124175375196,0.025261648718246724,0.07106623216312688,0.044519340441972394,0.0253091710861682,0.025290377270778038,0.03890292830905946,0.04644726845231096,,,,,,,SRB00040
2021-10-24,2107.63,0.0,6.95,0.021482486461512594,0.042159271121573846,0.03372980489956569,0.08842861550547511,0.055793339608692594,0.0312889777959304,0.029844867505380058,0.04393082462294904,0.05167445566776924,,,,,,,SRB00040
2021-10-25,2045.45,0.0,7.56,0.028334241470288853,0.0530214180677725,0.04219796108088465,0.10579099884782335,0.0670673387754128,0.0372687845056926,0.03439935773998208,0.04895872093683862,0.05690164288322752,,,,,,,SRB00040
2021-10-26,2008.09,0.0,7.36,0.028264215665112093,0.05241785044900675,0.04171669301315576,0.10447605165077573,0.06838963594007759,0.03844066433300658,0.038953847974584094,0.053986617250728196,0.0621288300986858,,,,,,,SRB00040
2021-10-27,1989.67,0.0,8.78,0.028194189859935336,0.051814282830241,0.04123542494542687,0.1031611044537281,0.0697119331047424,0.03961254416032057,0.04350833820918612,0.059014513564617774,0.06735601731414408,,,,,,,SRB00040
2021-10-28,1975.97,0.0,7.79,0.028124164054758576,0.051210715211475244,0.040754156877697977,0.10184615725668048,0.0710342302694072,0.04078442398763455,0.04806282844378813,0.06404240987850736,0.07258320452960236,,,,,,,SRB00040
2021-10-29,1948.84,0.0,8.85,0.028054138249581816,0.0506071475927095,0.040272888809969085,0.10053121005963285,0.07235652743407199,0.04195630381494853,0.05261731867839016,0.06907030619239693,0.07781039174506063,,,,,,,SRB00040
2021-10-30,1908.85,0.0,10.13,0.02798411244440506,0.05000357997394375,0.03979162074224019,0.09921626286258522,0.0736788245987368,0.04312818364226252,0.05717180891299217,0.07409820250628651,0.08303757896051892,,,,,,,SRB00040
2021-10-31,1861.09,0.0,9.09,0.0279140866392283,0.049400012355178,0.0393103526745113,0.0979013156655376,0.0750011217634016,0.0443000634695765,0.0617262991475942,0.0791260988201761,0.0882647661759772,,,,,,,SRB00040
2021-11-01,1814.52,0.0,9.37,0.0219492607662883,0.0450130205465714,0.0382024249963027,0.0967577327872063,0.0699718366372332,0.039360745129734,0.08544999015411002,0.10107979276307316,0.10961607727661185,,,,,,,SRB00040
2021-11-02,1769.11,8.01,9.98,0.030699036751477598,0.05442816470910253,0.04808892563586861,0.10574997486043894,0.08239124365402332,0.052106776168125674,0.10917368116062584,0.12303348670597022,0.1309673883772465,,,,,,,SRB00040
2021-11-03,1728.82,3.47,10.59,0.039448812736666894,0.06384330887163366,0.057975426275434526,0.11474221693367159,0.09481065067081346,0.06485280720651734,0.13289737216714165,0.1449871806488673,0.15231869947788115,,,,,,,SRB00040
2021-11-04,1709.02,28.73,15.28,0.0481985887218562,0.07325845303416478,0.06786192691500044,0.12373445900690425,0.10723005768760357,0.07759883824490901,0.15662106317365748,0.16694087459176432,0.17367001057851578,,,,,,,SRB00040
2021-11-05,1748.85,21.93,9.89,0.05694836470704549,0.08267359719669591,0.07774842755456635,0.1327267010801369,0.1196494647043937,0.09034486928330068,0.1803447541801733,0.18889456853466138,0.19502132167915043,,,,,,,SRB00040
2021-11-06,1957.84,3.2,7.51,0.0656981406922348,0.09208874135922704,0.08763492819413227,0.14171894315336953,0.1320688717211838,0.10309090032169237,0.2040684451866891,0.21084826247755845,0.21637263277978508,,,,,,,SRB00040
2021-11-07,2397.83,0.28,7.76,0.07444791667742409,0.10150388552175817,0.09752142883369819,0.15071118522660218,0.14448827873797396,0.11583693136008404,0.22779213619320493,0.2328019564204555,0.23772394388041973,,,,,,,SRB00040
2021-11-08,2746.89,4.84,7.6,0.0831976926626134,0.1109190296842893,0.1074079294732641,0.15970342729983483,0.15690768575476408,0.12858296239847572,0.25151582719972077,0.25475565036335257,0.2590752549810544,,,,,,,SRB00040
2021-11-09,2850.02,3.46,7.17,0.09194746864780269,0.12033417384682042,0.11729443011283,0.16869566937306746,0.1693270927715542,0.1413289934368674,0.27523951820623654,0.2767093443062496,0.28042656608168903,,,,,,,SRB00040
2021-11-10,2823.88,0.04,5.53,0.100697244632992,0.12974931800935155,0.12718093075239592,0.1776879114463001,0.1817464997883443,0.15407502447525906,0.2989632092127524,0.2986630382491467,0.3017778771823237,,,,,,,SRB00040
2021-11-11,2702.96,0.0,5.82,0.09063536778488061,0.11858301317846964,0.11542956408605491,0.16476111203065924,0.16667360500892123,0.1386072569328915,0.27325175046508393,0.2749933550222473,0.27829241499674917,,,,,,,SRB00040
2021-11-12,2539.97,0.03,3.79,0.08057349093676923,0.10741670834758774,0.10367819741971392,0.1518343126150184,0.15160071022949817,0.12313948939052394,0.24754029171741554,0.25132367179534787,0.2548069528111746,,,,,,,SRB00040
2021-11-13,2381.32,0.04,4.68,0.07051161408865785,0.09625040351670583,0.0919268307533729,0.13890751319937752,0.13652781545007509,0.10767172184815636,0.2218288329697471,0.22765398856844848,0.23132149062560006,,,,,,,SRB00040
2021-11-14,2237.72,0.02,6.87,0.060449737240546454,0.08508409868582392,0.08017546408703191,0.12598071378373668,0.12145492067065203,0.0922039543057888,0.19611737422207867,0.2039843053415491,0.20783602844002552,,,,,,,SRB00040
2021-11-15,2107.63,0.0,6.46,0.05038786039243507,0.07391779385494202,0.0684240974206909,0.11305391436809581,0.10638202589122894,0.07673618676342124,0.17040591547441025,0.18031462211464971,0.18435056625445098,,,,,,,SRB00040
2021-11-16,1998.86,0.0,5.86,0.04032598354432368,0.06275148902406011,0.05667273075434989,0.10012711495245495,0.09130913111180587,0.06126841922105367,0.1446944567267418,0.1566449388877503,0.16086510406887644,,,,,,,SRB00040
2021-11-17,1913.26,0.0,6.79,0.0302641066962123,0.0515851841931782,0.0449213640880089,0.0872003155368141,0.0762362363323828,0.0458006516786861,0.11898299797907338,0.1329752556608509,0.1373796418833019,,,,,,,SRB00040
2021-11-18,1852.53,0.02,6.39,0.02265476921466513,0.04399919628967824,0.038651644012860364,0.082372411418907,0.0775892156636511,0.047517352867451,0.09327153923140497,0.1093055724339515,0.11389417969772736,,,,,,,SRB00040
2021-11-19,1802.02,0.0,5.28,0.015045431733117965,0.036413208386178265,0.03238192393771183,0.07754450730099989,0.0789421949949194,0.0492340540562159,0.06756008048373655,0.0856358892070521,0.09040871751215282,,,,,,,SRB00040
2021-11-20,1765.04,0.0,7.59,0.0074360942515708,0.0288272204826783,0.0261122038625633,0.0727166031830928,0.0802951743261877,0.0509507552449808,0.0418486217360681,0.0619662059801527,0.0669232553265783,,,,,,,SRB00040
2021-11-21,1736.8,0.0,7.56,0.00863710931394824,0.030069520822040972,0.02734777683572776,0.0736017520828989,0.08149843365999666,0.05220341627615356,0.042596326091732306,0.062300350570863056,0.06742989063352739,,,,,,,SRB00040
2021-11-22,1712.96,2.05,4.54,0.009838124376325679,0.031311821161403644,0.028583349808892218,0.074486900982705,0.08270169299380561,0.05345607730732632,0.04334403044739652,0.06263449516157342,0.0679365259404765,11.4,0.078,1.60948342,464.0,1.2,,SRB00040
2021-11-23,1689.44,0.85,4.65,0.01103913943870312,0.03255412150076631,0.02981892278205668,0.07537204988251109,0.08390495232761458,0.054708738338499076,0.04409173480306073,0.06296863975228378,0.0684431612474256,,,,,,,SRB00040
2021-11-24,1658.59,0.0,1.17,0.01224015450108056,0.03379642184012898,0.03105449575522114,0.0762571987823172,0.08510821166142354,0.05596139936967184,0.04483943915872494,0.06330278434299413,0.06894979655437469,,,,,,,SRB00040
2021-11-25,1632.05,0.03,4.53,0.013441169563458,0.03503872217949165,0.0322900687283856,0.0771423476821233,0.08631147099523251,0.0572140604008446,0.045587143514389146,0.0636369289337045,0.06945643186132379,,,,,,,SRB00040
2021-11-26,1605.94,5.23,4.92,0.014642184625835442,0.036281022518854324,0.03352564170155006,0.0780274965819294,0.08751473032904146,0.05846672143201736,0.04633484787005336,0.06397107352441486,0.0699630671682729,,,,,,,SRB00040
2021-11-27,1594.88,5.7,5.8,0.01584319968821288,0.037523322858216995,0.03476121467471452,0.07891264548173549,0.08871798966285042,0.05971938246319012,0.04708255222571757,0.06430521811512523,0.070469702475222,,,,,,,SRB00040
2021-11-28,1602.25,12.51,8.4,0.01704421475059032,0.03876562319757966,0.03599678764787898,0.0797977943815416,0.08992124899665939,0.060972043494362874,0.04783025658138178,0.06463936270583559,0.07097633778217109,,,,,,,SRB00040
2021-11-29,1635.82,0.28,2.55,0.01824522981296776,0.04000792353694233,0.03723236062104344,0.0806829432813477,0.09112450833046834,0.062224704525535635,0.04857796093704599,0.06497350729654594,0.0714829730891202,,,,,,,SRB00040
2021-11-30,1681.67,0.03,1.58,0.0194462448753452,0.041250223876305,0.0384679335942079,0.0815680921811538,0.0923277676642773,0.0634773655567084,0.0493256652927102,0.0653076518872563,0.0719896083960693,,,,,,,SRB00040
2021-12-01,1736.8,0.03,5.95,0.019930323880843544,0.041540495546308995,0.03862118270071228,0.08044407351014449,0.09104248989971539,0.06245020509329867,0.04967175547348534,0.06530786952275193,0.07183266884839005,,,,,,,SRB00040
2021-12-02,1797.87,2.43,9.06,0.020414402886341883,0.04183076721631299,0.038774431807216646,0.07932005483913518,0.08975721213515347,0.06142304462988894,0.050017845654260484,0.06530808715824755,0.0716757293007108,,,,,,,SRB00040
2021-12-03,1869.68,2.51,3.35,0.020898481891840227,0.042121038886316985,0.03892768091372102,0.07819603616812587,0.08847193437059156,0.060395884166479216,0.05036393583503562,0.06530830479374318,0.07151878975303155,,,,,,,SRB00040
2021-12-04,1957.84,0.03,-0.37,0.02138256089733857,0.04241131055632098,0.0390809300202254,0.07707201749711655,0.08718665660602964,0.05936872370306949,0.05071002601581076,0.0653085224292388,0.0713618502053523,,,,,,,SRB00040
2021-12-05,2097.94,9.92,3.19,0.02186663990283691,0.042701582226324974,0.03923417912672977,0.07594799882610724,0.08590137884146773,0.05834156323965976,0.0510561161965859,0.06530874006473443,0.07120491065767305,,,,,,,SRB00040
2021-12-06,2300.44,3.03,2.9,0.022350718908335253,0.04299185389632897,0.03938742823323414,0.07482398015509793,0.08461610107690581,0.05731440277625004,0.05140220637736104,0.06530895770023006,0.0710479711099938,,,,,,,SRB00040
2021-12-07,2499.35,1.3,-0.21,0.022834797913833596,0.043282125566332964,0.03954067733973852,0.07369996148408862,0.0833308233123439,0.05628724231284031,0.05174829655813618,0.06530917533572568,0.07089103156231455,,,,,,,SRB00040
2021-12-08,2611.16,0.01,-1.28,0.02331887691933194,0.04357239723633696,0.03969392644624289,0.07257594281307932,0.08204554554778198,0.055260081849430584,0.05209438673891132,0.0653093929712213,0.07073409201463529,,,,,,,SRB00040
2021-12-09,2647.5,7.46,1.16,0.02380295592483028,0.043862668906340954,0.03984717555274726,0.07145192414207001,0.08076026778322007,0.054232921386020864,0.05244047691968646,0.06530961060671693,0.07057715246695605,,,,,,,SRB00040
2021-12-10,2647.5,1.37,-0.37,0.024287034930328622,0.04415294057634495,0.04000042465925164,0.07032790547106069,0.07947499001865815,0.05320576092261114,0.052786567100461604,0.06530982824221256,0.0704202129192768,,,,,,,SRB00040
2021-12-11,2617.18,4.68,1.34,0.024771113935826965,0.044443212246348944,0.040153673765756015,0.06920388680005138,0.07818971225409622,0.05217860045920141,0.05313265728123674,0.06531004587770817,0.07026327337159755,,,,,,,SRB00040
2021-12-12,2522.48,16.33,0.45,0.025255192941325305,0.04473348391635294,0.040306922872260384,0.06807986812904207,0.07690443448953431,0.051151439995791685,0.05347874746201188,0.06531026351320379,0.0701063338239183,,,,,,,SRB00040
2021-12-13,2375.84,1.24,-1.49,0.02573927194682365,0.045023755586356934,0.04046017197876476,0.06695584945803276,0.0756191567249724,0.05012427953238196,0.05382483764278702,0.06531048114869942,0.06994939427623904,,,,,,,SRB00040
2021-12-14,2227.44,0.01,-1.95,0.02622335095232199,0.04531402725636093,0.040613421085269136,0.06583183078702345,0.07433387896041048,0.04909711906897223,0.05417092782356216,0.06531069878419504,0.0697924547285598,,,,,,,SRB00040
2021-12-15,2097.94,0.01,-1.37,0.02670742995782033,0.045604298926364924,0.040766670191773505,0.06470781211601415,0.07304860119584856,0.048069958605562506,0.0545170180043373,0.06531091641969067,0.06963551518088054,,,,,,,SRB00040
2021-12-16,2003.47,0.22,0.15,0.027191508963318674,0.04589457059636892,0.04091991929827788,0.06358379344500484,0.07176332343128665,0.04704279814215278,0.05486310818511244,0.06531113405518629,0.0694785756332013,,,,,,,SRB00040
2021-12-17,1980.53,0.33,1.05,0.027675587968817018,0.046184842266372914,0.041073168404782257,0.06245977477399552,0.07047804566672473,0.04601563767874305,0.05520919836588758,0.06531135169068192,0.06932163608552204,,,,,,,SRB00040
2021-12-18,2093.11,0.02,-0.02,0.028159666974315357,0.04647511393637691,0.041226417511286625,0.06133575610298621,0.06919276790216282,0.044988477215333326,0.05555528854666272,0.06531156932617754,0.0691646965378428,,,,,,,SRB00040
2021-12-19,2295.15,0.01,1.64,0.0286437459798137,0.0467653856063809,0.041379666617791,0.0602117374319769,0.0679074901376009,0.0439613167519236,0.05590137872743786,0.06531178696167317,0.06900775699016354,,,,,,,SRB00040
2021-12-20,2431.2,0.0,1.11,0.0380829500284545,0.0522408954827241,0.051252812576821,0.0741206649425934,0.0862552108251306,0.0674920615678651,0.056247468908213,0.0653120045971688,0.0688508174424843,,,,,,,SRB00040
2021-12-21,2465.04,0.0,-1.01,0.03775110593911427,0.052734090299413096,0.05158387186352572,0.07394119800650786,0.08468586184505411,0.0662229641924939,0.05625402496769059,0.06502783325641319,0.06867479672403282,11.9,0.078,1.90970964,509.0,2.4,,SRB00040
2021-12-22,2420.03,0.0,-1.32,0.037419261849774045,0.0532272851161021,0.05191493115023044,0.07376173107042235,0.08311651286497763,0.06495386681712272,0.05626058102716817,0.06474366191565759,0.06849877600558134,,,,,,,SRB00040
2021-12-23,2327.09,0.01,-1.12,0.03708741776043382,0.053720479932791096,0.05224599043693516,0.07358226413433683,0.08154716388490114,0.06368476944175151,0.056267137086645755,0.06445949057490198,0.06832275528712986,,,,,,,SRB00040
2021-12-24,2217.2,0.05,6.36,0.03675557367109359,0.0542136747494801,0.05257704972363988,0.0734027971982513,0.07997781490482465,0.06241567206638033,0.056273693146123335,0.06417531923414638,0.06814673456867838,,,,,,,SRB00040
2021-12-25,2112.49,6.64,9.93,0.03642372958175336,0.054706869566169096,0.052908109010344595,0.07322333026216576,0.07840846592474818,0.061146574691009134,0.05628024920560092,0.06389114789339077,0.06797071385022689,,,,,,,SRB00040
2021-12-26,2022.02,14.66,1.83,0.036091885492413135,0.0552000643828581,0.05323916829704931,0.07304386332608025,0.07683911694467169,0.059877477315637945,0.0562868052650785,0.06360697655263517,0.06779469313177541,,,,,,,SRB00040
2021-12-27,1935.42,12.42,-2.11,0.03576004140307291,0.055693259199547096,0.05357022758375403,0.07286439638999473,0.07526976796459521,0.058608379940266755,0.05629336132455609,0.06332280521187957,0.06761867241332394,,,,,,,SRB00040
2021-12-28,1873.99,0.51,-1.53,0.03542819731373268,0.0561864540162361,0.05390128687045875,0.0726849294539092,0.07370041898451872,0.05733928256489556,0.05629991738403367,0.06303863387112396,0.06744265169487246,,,,,,,SRB00040
2021-12-29,1895.71,5.58,1.28,0.03509635322439245,0.056679648832925096,0.05423234615716347,0.07250546251782367,0.07213107000444223,0.05607018518952437,0.05630647344351126,0.06275446253036836,0.06726663097642098,,,,,,,SRB00040
2021-12-30,2050.16,0.31,1.43,0.034764509135052225,0.0571728436496141,0.05456340544386819,0.07232599558173815,0.07056172102436575,0.05480108781415318,0.05631302950298884,0.06247029118961275,0.0670906102579695,,,,,,,SRB00040
2021-12-31,2242.88,0.05,5.46,0.034432665045712,0.057666038466303096,0.054894464730572905,0.07214652864565263,0.06899237204428926,0.053531990438781984,0.056319585562466426,0.06218611984885715,0.06691458953951802,,,,,,,SRB00040
2022-01-01,2370.37,0.02,6.86,0.03410082095637177,0.05815923328299209,0.05522552401727763,0.0719670617095671,0.06742302306421277,0.052262893063410795,0.056326141621944006,0.061901948508101545,0.06673856882106655,,,,,,,SRB00040
2022-01-02,2623.22,0.02,6.35,0.03376897686703155,0.058652428099681096,0.055556583303982346,0.07178759477348157,0.0658536740841363,0.050993795688039606,0.056332697681421594,0.06161777716734595,0.06656254810261505,,,,,,,SRB00040
2022-01-03,3227.49,0.01,5.92,0.03343713277769132,0.05914562291637009,0.05588764259068706,0.07160812783739605,0.0642843251040598,0.04972469831266841,0.056339253740899174,0.061333605826590344,0.06638652738416358,,,,,,,SRB00040
2022-01-04,3731.5,0.01,7.37,0.033105288688351095,0.059638817733059096,0.05621870187739178,0.07142866090131053,0.06271497612398332,0.04845560093729722,0.05634580980037676,0.06104943448583474,0.0662105066657121,,,,,,,SRB00040
2022-01-05,3898.42,1.26,9.22,0.03277344459901087,0.06013201254974809,0.0565497611640965,0.071249193965225,0.06114562714390684,0.047186503561926024,0.05635236585985434,0.060765263145079136,0.06603448594726062,,,,,,,SRB00040
2022-01-06,3934.5,1.03,2.86,0.03244160050967064,0.060625207366437096,0.05688082045080122,0.07106972702913947,0.05957627816383035,0.045917406186554835,0.05635892191933193,0.06048109180432353,0.06585846522880914,,,,,,,SRB00040
2022-01-07,3898.42,0.0,-1.77,0.03210975642033041,0.06111840218312609,0.05721187973750594,0.07089026009305395,0.058006929183753865,0.044648308811183646,0.05636547797880951,0.06019692046356793,0.06568244451035767,,,,,,,SRB00040
2022-01-08,3809.66,3.68,-0.85,0.031777912330990185,0.061611596999815096,0.057542939024210656,0.07071079315696843,0.05643758020367738,0.04337921143581245,0.0563720340382871,0.059912749122812324,0.06550642379190619,,,,,,,SRB00040
2022-01-09,3757.37,0.41,-1.71,0.03144606824164996,0.06210479181650409,0.05787399831091537,0.0705313262208829,0.05486823122360089,0.04211011406044126,0.05637859009776468,0.05962857778205672,0.06533040307345471,,,,,,,SRB00040
2022-01-10,3722.92,0.41,-1.48,0.03111422415230973,0.06259798663319309,0.05820505759762009,0.07035185928479737,0.05329888224352441,0.04084101668507007,0.056385146157242265,0.059344406441301116,0.06515438235500322,,,,,,,SRB00040
2022-01-11,3646.54,1.71,-1.15,0.030782380062969503,0.06309118144988209,0.058536116884324814,0.07017239234871185,0.051729533263447924,0.039571919309698875,0.056391702216719845,0.05906023510054551,0.06497836163655174,,,,,,,SRB00040
2022-01-12,3506.52,0.0,-3.88,0.030450535973629275,0.0635843762665711,0.05886717617102953,0.06999292541262633,0.05016018428337144,0.038302821934327685,0.05639825827619743,0.05877606375978991,0.06480234091810026,,,,,,,SRB00040
2022-01-13,3317.94,0.0,-4.05,0.030118691884289048,0.0640775710832601,0.05919823545773425,0.0698134584765408,0.04859083530329495,0.037033724558956496,0.05640481433567501,0.058491892419034304,0.06462632019964878,,,,,,,SRB00040
2022-01-14,3103.56,0.01,-0.32,0.0194304924978665,0.0471212320597461,0.0524341568758498,0.0654783210381038,0.0615356278729014,0.0437921483574989,0.0564113703951526,0.0582077210782787,0.0644502994811973,,,,,,,SRB00040
2022-01-15,2896.34,0.01,0.01,0.01801689980924108,0.046015074565986865,0.05125305695460612,0.06500850943224688,0.06452056122734173,0.0455660142007488,0.055253288073392644,0.05684079085447612,0.0632520575380221,,,,,,,SRB00040
2022-01-16,2709.19,0.0,-0.42,0.016603307120615658,0.04490891707222762,0.05007195703336244,0.06453869782638996,0.06750549458178208,0.0473398800439987,0.05409520575163268,0.05547386063067354,0.062053815594846906,,,,,,,SRB00040
2022-01-17,2528.3,0.18,1.29,0.015189714431990239,0.04380275957846838,0.04889085711211876,0.06406888622053304,0.07049042793622241,0.0491137458872486,0.05293712342987272,0.05410693040687096,0.0608555736516717,12.8,0.155,2.15801704,422.0,2.6,,SRB00040
2022-01-18,2370.37,0.0,-0.35,0.01377612174336482,0.042696602084709136,0.04770975719087508,0.06359907461467612,0.07347536129066276,0.0508876117304985,0.05177904110811276,0.05274000018306838,0.0596573317084965,,,,,,,SRB00040
2022-01-19,2222.31,0.0,-1.11,0.0123625290547394,0.0415904445909499,0.0465286572696314,0.0631292630088192,0.0764602946451031,0.0526614775737484,0.0506209587863528,0.0513730699592658,0.0584590897653213,,,,,,,SRB00040
2022-01-20,2097.94,2.67,0.23,0.0143047339487598,0.04148689369613918,0.04673987348402512,0.06579615944001012,0.07565099117736959,0.0523615797863165,0.050961471765794804,0.05448426789678286,0.06064409402103118,,,,,,,SRB00040
2022-01-21,1989.67,0.17,-0.84,0.0162469388427802,0.04138334280132846,0.04695108969841884,0.06846305587120104,0.07484168770963609,0.0520616819988846,0.051301984745236805,0.05759546583429992,0.06282909827674106,,,,,,,SRB00040
2022-01-22,1922.09,2.57,-2.46,0.018189143736800598,0.04127979190651774,0.04716230591281256,0.07112995230239197,0.0740323842419026,0.0517617842114527,0.0516424977246788,0.06070666377181698,0.06501410253245093,,,,,,,SRB00040
2022-01-23,1886.99,0.0,-3.61,0.020131348630821,0.04117624101170702,0.04737352212720628,0.07379684873358289,0.0732230807741691,0.051461886424020796,0.0519830107041208,0.06381786170933404,0.06719910678816082,,,,,,,SRB00040
2022-01-24,1869.68,0.0,-5.42,0.0220735535248414,0.0410726901168963,0.0475847383416,0.0764637451647738,0.0724137773064356,0.0511619886365889,0.0523235236835628,0.0669290596468511,0.0693841110438707,,,,,,,SRB00040
2022-01-25,1848.27,0.01,-5.52,0.0337616701265186,0.05173403457917936,0.0557259576998218,0.08305682582647181,0.08155858313061046,0.058811014441205456,0.06041508174596388,0.07208063504520627,0.07499420543597286,,,,,,,SRB00040
2022-01-26,1831.31,0.07,-0.83,0.0454497867281958,0.06239537904146242,0.0638671770580436,0.0896499064881698,0.09070338895478532,0.06646004024582201,0.06850663980836497,0.07723221044356146,0.08060429982807502,,,,,,,SRB00040
2022-01-27,1848.27,0.0,0.01,0.057137903329873,0.07305672350374548,0.0720083964162654,0.0962429871498678,0.09984819477896018,0.07410906605043859,0.07659819787076604,0.08238378584191663,0.08621439422017718,,,,,,,SRB00040
2022-01-28,1900.08,0.41,1.88,0.0688260199315502,0.08371806796602854,0.0801496157744872,0.10283606781156579,0.10899300060313503,0.08175809185505514,0.08468975593316712,0.08753536124027181,0.09182448861227935,,,,,,,SRB00040
2022-01-29,1930.97,0.0,0.56,0.0805141365332274,0.0943794124283116,0.088290835132709,0.1094291484732638,0.1181378064273099,0.0894071176596717,0.0927813139955682,0.092686936638627,0.0974345830043815,,,,,,,SRB00040
2022-01-30,1900.08,0.0,3.15,0.07167588388523885,0.08580861047529392,0.08021200265749921,0.10103482859769088,0.11212930260611083,0.08422869325809884,0.0846793417097816,0.08467223625310068,0.08973190674230348,,,,,,,SRB00040
2022-01-31,1835.54,2.19,0.51,0.06283763123725028,0.07723780852227624,0.07213317018228943,0.09264050872211796,0.10612079878491178,0.07905026885652598,0.076577369423995,0.07665753586757436,0.08202923048022547,,,,,,,SRB00040
2022-02-01,1769.11,0.24,0.23,0.05399937858926172,0.06866700656925856,0.06405433770707966,0.08424618884654503,0.10011229496371271,0.07387184445495312,0.0684753971382084,0.06864283548204804,0.07432655421814743,,,,,,,SRB00040
2022-02-02,1724.84,0.47,2.04,0.04516112594127316,0.060096204616240885,0.05597550523186988,0.07585186897097211,0.09410379114251366,0.06869342005338026,0.0603734248524218,0.06062813509652172,0.06662387795606942,,,,,,,SRB00040
2022-02-03,1728.82,0.0,1.87,0.0363228732932846,0.0515254026632232,0.0478966727566601,0.0674575490953992,0.0880952873213146,0.0635149956518074,0.0522714525666352,0.0526134347109954,0.0589212016939914,,,,,,,SRB00040
2022-02-04,1806.17,0.0,3.09,0.03735320683167088,0.0534797317151443,0.04962233801591262,0.06812693808516207,0.08783697176480595,0.06284394449142118,0.05392066815881088,0.05354987301075216,0.0596387998288776,,,,,,,SRB00040
2022-02-05,1985.1,0.09,4.25,0.03838354037005716,0.055434060767065405,0.05134800327516514,0.06879632707492496,0.08757865620829731,0.06217289333103496,0.05556988375098656,0.05448631131050892,0.0603563979637638,,,,,,,SRB00040
2022-02-06,2222.31,0.0,4.64,0.03941387390844344,0.0573883898189865,0.05307366853441766,0.06946571606468784,0.08732034065178867,0.06150184217064874,0.057219099343162244,0.055422749610265686,0.061073996098649996,,,,,,,SRB00040
2022-02-07,2431.2,5.81,5.48,0.04044420744682972,0.0593427188709076,0.05479933379367018,0.07013510505445072,0.08706202509528004,0.06083079101026252,0.05886831493533792,0.056359187910022444,0.061791594233536196,,,,,,,SRB00040
2022-02-08,2539.97,0.01,3.3,0.041474540985216,0.0612970479228287,0.0565249990529227,0.0708044940442136,0.0868037095387714,0.0601597398498763,0.0605175305275136,0.0572956262097792,0.0625091923684224,,,,,,,SRB00040
2022-02-09,2539.97,0.08,6.6,0.0489894430406887,0.06616096543811444,0.06083090361309574,0.07386425288996402,0.08707267329649089,0.0614914667533625,0.06505500759430742,0.06168772267952788,0.06672135849941298,,,,,,,SRB00040
2022-02-10,2516.68,0.0,6.5,0.056504345096161396,0.07102488295340018,0.06513680817326878,0.07692401173571445,0.0873416370542104,0.0628231936568487,0.06959248466110124,0.06607981914927656,0.07093352463040356,12.6,0.072,2.39729508,508.0,2.4,,SRB00040
2022-02-11,2534.13,0.02,5.76,0.0640192471516341,0.07588880046868592,0.06944271273344182,0.07998377058146486,0.0876106008119299,0.0641549205603349,0.07412996172789506,0.07047191561902524,0.07514569076139413,,,,,,,SRB00040
2022-02-12,2611.16,0.0,3.44,0.0715341492071068,0.08075271798397166,0.07374861729361487,0.08304352942721528,0.0878795645696494,0.0654866474638211,0.07866743879468888,0.07486401208877391,0.07935785689238471,,,,,,,SRB00040
2022-02-13,2684.34,0.0,1.93,0.0790490512625795,0.0856166354992574,0.0780545218537879,0.0861032882729657,0.0881485283273689,0.0668183743673073,0.0832049158614827,0.0792561085585226,0.0835700230233753,,,,,,,SRB00040
2022-02-14,2696.74,0.12,4.08,0.07160787168024618,0.08093990213057098,0.07426917297292653,0.08419268867218141,0.08998460501585014,0.0671730169839974,0.07970132725053984,0.07607479558488049,0.08066531683692006,,,,,,,SRB00040
2022-02-15,2678.17,0.43,8.59,0.06416669209791286,0.07626316876188456,0.07048382409206515,0.0822820890713971,0.09182068170433137,0.0675276596006875,0.07619773863959697,0.07289348261123839,0.07776061065046481,,,,,,,SRB00040
2022-02-16,2623.22,0.32,6.26,0.056725512515579536,0.07158643539319814,0.06669847521120376,0.0803714894706128,0.09365675839281262,0.0678823022173776,0.07269415002865412,0.0697121696375963,0.07485590446400958,,,,,,,SRB00040
2022-02-17,2534.13,0.03,6.94,0.04928433293324622,0.06690970202451171,0.06291312633034238,0.07846088986982849,0.09549283508129386,0.0682369448340677,0.06919056141771125,0.0665308566639542,0.07195119827755433,,,,,,,SRB00040
2022-02-18,2420.03,0.01,7.61,0.0418431533509129,0.0622329686558253,0.059127777449481,0.0765502902690442,0.0973289117697751,0.0685915874507578,0.0656869728067684,0.0633495436903121,0.0690464920910991,,,,,,,SRB00040
2022-02-19,2311.07,2.66,7.44,0.10991631636503241,0.1235781740431472,0.11908769706651309,0.13847460741540946,0.12685887686902209,0.10054968234153215,0.12708091123677032,0.12360640354928681,0.12767950402057465,,,,,,,SRB00040
2022-02-20,2258.44,1.63,5.78,0.17798947937915194,0.1849233794304691,0.17904761668354519,0.20039892456177472,0.15638884196826908,0.1325077772323065,0.18847484966677225,0.18386326340826153,0.1863125159500502,,,,,,,SRB00040
2022-02-21,2386.81,7.3,6.04,0.24606264239327144,0.246268584817791,0.23900753630057725,0.26232324170814,0.18591880706751607,0.16446587212308084,0.24986878809677418,0.24412012326723626,0.24494552787952573,,,,,,,SRB00040
2022-02-22,2791.54,0.87,4.95,0.31413580540739094,0.30761379020511287,0.2989674559176093,0.32424755885450524,0.21544877216676306,0.1964239670138552,0.3112627265267761,0.304376983126211,0.3035785398090013,,,,,,,SRB00040
2022-02-23,3132.29,0.09,3.74,0.3822089684215105,0.3689589955924348,0.35892737553464144,0.3861718760008705,0.24497873726601005,0.22838206190462956,0.372656664956778,0.3646338429851857,0.3622115517384768,,,,,,,SRB00040
2022-02-24,3197.9,0.0,3.87,0.45028213143563,0.4303042009797567,0.4188872951516735,0.44809619314723576,0.27450870236525704,0.2603401567954039,0.4340506033867799,0.4248907028441604,0.42084456366795236,,,,,,,SRB00040
2022-02-25,3139.51,0.01,5.69,0.5183552944497495,0.4916494063670786,0.4788472147687056,0.5100205102936011,0.30403866746450403,0.29229825168617823,0.4954445418167819,0.48514756270313514,0.47947757559742793,,,,,,,SRB00040
2022-02-26,3082.19,1.39,3.29,0.5864284574638691,0.5529946117544005,0.5388071343857377,0.5719448274399663,0.333568632563751,0.32425634657695257,0.5568384802467838,0.5454044225621099,0.5381105875269034,,,,,,,SRB00040
2022-02-27,3032.89,1.76,4.35,0.6545016204779885,0.6143398171417224,0.5987670540027697,0.6338691445863316,0.363098597662998,0.35621444146772696,0.6182324186767857,0.6056612824210845,0.596743599456379,,,,,,,SRB00040
2022-02-28,2977.52,1.32,1.62,0.7225747834921081,0.6756850225290443,0.6587269736198018,0.6957934617326967,0.392628562762245,0.3881725363585013,0.6796263571067876,0.6659181422800593,0.6553766113858546,,,,,,,SRB00040
2022-03-01,2883.03,0.05,1.46,0.38068843984276474,0.3696402028242583,0.35986958047363476,0.38758186384758936,0.24183551656250968,0.2251286413471102,0.556765554304308,0.5451775974536055,0.5377686094502071,,,,,,,SRB00040
2022-03-02,2759.58,0.0,1.26,0.03880209619342135,0.06359538311947235,0.06101218732746774,0.07937026596248195,0.09104247036277435,0.0620847463357191,0.43390475150182817,0.42443705262715165,0.42016060751455975,,,,,,,SRB00040
2022-03-03,2629.27,0.0,1.69,0.0437710036169429,0.06423338850319887,0.06059203771598096,0.0774094249627317,0.08736529536554237,0.060281048594634165,0.3110439486993485,0.3036965078006978,0.3025526055789123,,,,,,,SRB00040
2022-03-04,2487.86,0.05,1.93,0.04873991104046445,0.06487139388692538,0.06017188810449418,0.07544858396298144,0.08368812036831039,0.058477350853549236,0.18818314589686874,0.182955962974244,0.18494460364326487,,,,,,,SRB00040
2022-03-05,2343.23,0.0,0.71,0.053708818463986,0.0655093992706519,0.0597517384930074,0.0734877429632312,0.0800109453710784,0.0566736531124643,0.065322343094389,0.0622154181477902,0.0673366017076175,,,,,,,SRB00040
2022-03-06,2201.93,2.22,0.75,0.0523164283810698,0.06505790511134636,0.05972878171392878,0.07554218664173848,0.08363488313983479,0.0592959637857727,0.06589169121625083,0.06353252580862308,0.06865169883059694,,,,,,,SRB00040
2022-03-07,2073.91,0.6,0.68,0.0509240382981536,0.06460641095204082,0.05970582493485016,0.07759663032024576,0.08725882090859116,0.061918274459081095,0.06646103933811265,0.06484963346945596,0.06996679595357638,,,,,,,SRB00040
2022-03-08,1957.84,0.08,0.36,0.0495316482152374,0.06415491679273527,0.059682868155771535,0.07965107399875304,0.09088275867734755,0.0645405851323895,0.06703038745997446,0.06616674113028884,0.07128189307655582,,,,,,,SRB00040
2022-03-09,1861.09,0.16,1.61,0.0481392581323212,0.06370342263342973,0.059659911376692916,0.08170551767726032,0.09450669644610392,0.0671628958056979,0.06759973558183628,0.06748384879112171,0.07259699019953526,,,,,,,SRB00040
2022-03-10,1777.28,0.25,1.94,0.046746868049405,0.0632519284741242,0.0596369545976143,0.0837599613557676,0.0981306342148603,0.0697852064790063,0.0681690837036981,0.0688009564519546,0.0739120873225147,,,,,,,SRB00040
2022-03-11,1709.02,0.0,-1.51,0.05439059207547004,0.06960989669658808,0.06585430341641788,0.09126928992667692,0.10328936583523315,0.07474959267259501,0.07485797041626469,0.0758102094896777,0.0808892014455226,,,,,,,SRB00040
2022-03-12,1650.96,0.0,0.3,0.06203431610153508,0.07596786491905196,0.07207165223522145,0.09877861849758623,0.108448097455606,0.07971397886618371,0.08154685712883127,0.08281946252740081,0.0878663155685305,,,,,,,SRB00040
2022-03-13,1602.25,0.0,1.99,0.06967804012760012,0.08232583314151584,0.07828900105402505,0.10628794706849556,0.11360682907597885,0.08467836505977243,0.08823574384139785,0.08982871556512392,0.09484342969153839,,,,,,,SRB00040
2022-03-14,1558.55,0.0,4.08,0.07732176415366517,0.08868380136397971,0.08450634987282862,0.11379727563940488,0.11876556069635169,0.08964275125336113,0.09492463055396441,0.09683796860284705,0.10182054381454629,,,,,,,SRB00040
2022-03-15,1519.55,0.0,7.45,0.08496548817973021,0.0950417695864436,0.0907236986916322,0.1213066042103142,0.12392429231672454,0.09460713744694985,0.10161351726653099,0.10384722164057016,0.10879765793755419,,,,,,,SRB00040
2022-03-16,1488.36,0.41,8.29,0.09260921220579524,0.10139973780890749,0.09694104751043578,0.12881593278122352,0.1290830239370974,0.09957152364053856,0.10830240397909757,0.11085647467829327,0.1157747720605621,,,,,,,SRB00040
2022-03-17,1461.18,0.08,5.45,0.10025293623186028,0.10775770603137136,0.10315839632923936,0.13632526135213283,0.13424175555747025,0.10453590983412726,0.11499129069166415,0.11786572771601637,0.12275188618357,,,,,,,SRB00040
2022-03-18,1437.8,0.0,4.1,0.10789666025792533,0.11411567425383524,0.10937574514804294,0.14383458992304216,0.1394004871778431,0.10950029602771598,0.12168017740423073,0.12487498075373948,0.12972900030657789,,,,,,,SRB00040
2022-03-19,1427.89,0.0,4.88,0.11554038428399037,0.12047364247629913,0.11559309396684653,0.15134391849395146,0.14455921879821593,0.1144646822213047,0.1283690641167973,0.1318842337914626,0.1367061144295858,,,,,,,SRB00040
2022-03-20,1447.77,0.0,2.44,0.1231841083100554,0.126831610698763,0.1218104427856501,0.1588532470648608,0.1497179504185888,0.1194290684148934,0.1350579508293639,0.1388934868291857,0.1436832285525937,,,,,,,SRB00040
2022-03-21,1547.82,0.0,3.6,0.10641467703556218,0.11322880752775706,0.10881433924239607,0.14448746992472236,0.14008516112094777,0.11004432495088967,0.12327346277386696,0.12625718831278096,0.13138733318572204,,,,,,,SRB00040
2022-03-22,1740.81,0.0,6.7,0.08964524576106894,0.09962600435675112,0.09581823569914205,0.13012169278458394,0.13045237182330674,0.10065958148688596,0.11148897471837002,0.11362088979637622,0.11909143781885041,,,,,,,SRB00040
2022-03-23,1882.65,0.0,9.97,0.07287581448657571,0.08602320118574519,0.08282213215588802,0.11575591564444553,0.12081958252566573,0.09127483802288223,0.09970448666287307,0.10098459127997149,0.10679554245197878,,,,,,,SRB00040
2022-03-24,1904.46,0.0,10.33,0.056106383212082486,0.07242039801473925,0.06982602861263398,0.10139013850430711,0.11118679322802472,0.08189009455887852,0.08791999860737613,0.08834829276356675,0.09449964708510714,,,,,,,SRB00040
2022-03-25,1865.38,0.0,10.1,0.03933695193758925,0.0588175948437333,0.05682992506937995,0.08702436136416869,0.10155400393038369,0.0725053510948748,0.0761355105518792,0.075711994247162,0.0822037517182355,,,,,,,SRB00040
2022-03-26,1806.17,0.0,11.45,0.04036823159645268,0.05926943334534122,0.05691462216860956,0.08827615824967919,0.1007622210828007,0.07165434836438933,0.07607631872447641,0.07651779036204245,0.08308559270164832,,,,,,,SRB00040
2022-03-27,1752.88,0.0,10.13,0.04139951125531612,0.05972127184694914,0.05699931926783918,0.08952795513518969,0.09997043823521769,0.07080334563390386,0.07601712689707364,0.0773235864769229,0.08396743368506114,,,,,,,SRB00040
2022-03-28,1740.81,0.01,10.91,0.042430790914179554,0.06017311034855706,0.05708401636706879,0.0907797520207002,0.09917865538763469,0.06995234290341838,0.07595793506967086,0.07812938259180335,0.08484927466847396,13.7,0.078,1.4898444,461.0,3.6,,SRB00040
2022-03-29,1785.49,0.0,12.47,0.043462070573042993,0.06062494885016498,0.05716871346629841,0.0920315489062107,0.0983868725400517,0.06910134017293292,0.07589874324226809,0.0789351787066838,0.08573111565188678,,,,,,,SRB00040
2022-03-30,1869.68,0.03,11.91,0.044493350231906426,0.061076787351772896,0.057253410565528025,0.09328334579172119,0.0975950896924687,0.06825033744244745,0.0758395514148653,0.07974097482156425,0.08661295663529961,,,,,,,SRB00040
2022-03-31,1953.34,8.37,13.17,0.04552462989076986,0.06152862585338082,0.05733810766475764,0.09453514267723169,0.0968033068448857,0.06739933471196198,0.07578035958746251,0.0805467709364447,0.08749479761871243,,,,,,,SRB00040
2022-04-01,2036.04,2.21,10.91,0.0465559095496333,0.06198046435498874,0.057422804763987256,0.09578693956274219,0.0960115239973027,0.06654833198147651,0.07572116776005974,0.08135256705132515,0.08837663860212525,,,,,,,SRB00040
2022-04-02,2146.83,9.93,3.49,0.04758718920849673,0.06243230285659666,0.05750750186321687,0.0970387364482527,0.0952197411497197,0.06569732925099103,0.07566197593265696,0.0821583631662056,0.08925847958553806,,,,,,,SRB00040
2022-04-03,2311.07,0.64,2.71,0.04861846886736017,0.06288414135820458,0.05759219896244649,0.0982905333337632,0.0944279583021367,0.06484632652050557,0.07560278410525419,0.08296415928108605,0.09014032056895088,,,,,,,SRB00040
2022-04-04,2499.35,0.0,3.73,0.0496497485262236,0.0633359798598125,0.0576768960616761,0.0995423302192737,0.0936361754545537,0.0639953237900201,0.0755435922778514,0.0837699553959665,0.0910221615523637,,,,,,,SRB00040
2022-04-05,2641.41,0.0,9.12,0.04852708816415752,0.06265975810332278,0.05689353151220558,0.10028323368255138,0.0928291193593244,0.06309570561557823,0.09216588656829469,0.10041040247426197,0.10731707786269243,,,,,,,SRB00040
2022-04-06,2721.7,0.02,13.4,0.047404427802091434,0.06198353634683306,0.05611016696273506,0.10102413714582904,0.09202206326409511,0.06219608744113636,0.10878818085873798,0.11705084955255746,0.12361199417302117,,,,,,,SRB00040
2022-04-07,2715.44,1.06,11.8,0.04628176744002535,0.061307314590343345,0.05532680241326455,0.10176504060910672,0.0912150071688658,0.06129646926669449,0.12541047514918127,0.1336912966308529,0.1399069104833499,,,,,,,SRB00040
2022-04-08,2617.18,0.01,13.81,0.045159107077959275,0.06063109283385363,0.05454343786379403,0.1025059440723844,0.0904079510736365,0.060396851092252624,0.14203276943962456,0.1503317437091484,0.15620182679367864,,,,,,,SRB00040
2022-04-09,2522.48,2.6,11.66,0.04403644671589319,0.05995487107736391,0.05376007331432351,0.10324684753566209,0.0896008949784072,0.059497232917810755,0.15865506373006785,0.16697219078744388,0.17249674310400737,,,,,,,SRB00040
2022-04-10,2539.97,3.46,7.08,0.04291378635382711,0.05927864932087419,0.05297670876485299,0.10398775099893975,0.0887938388831779,0.05859761474336889,0.17527735802051114,0.18361263786573934,0.18879165941433612,,,,,,,SRB00040
2022-04-11,2753.23,0.0,7.09,0.041791125991761026,0.05860242756438447,0.05219334421538247,0.10472865446221744,0.0879867827879486,0.05769799656892702,0.19189965231095443,0.20025308494403482,0.20508657572466485,,,,,,,SRB00040
2022-04-12,3132.29,0.0,9.88,0.04066846562969494,0.05792620580789475,0.05140997966591196,0.10546955792549512,0.0871797266927193,0.05679837839448515,0.20852194660139772,0.2168935320223303,0.22138149203499358,,,,,,,SRB00040
2022-04-13,3458.39,0.0,10.31,0.03954580526762886,0.05724998405140504,0.05062661511644144,0.1062104613887728,0.08637267059749,0.05589876022004328,0.225144240891841,0.23353397910062576,0.2376764083453223,,,,,,,SRB00040
2022-04-14,3530.83,0.02,12.46,0.038423144905562784,0.056573762294915314,0.04984325056697092,0.10695136485205047,0.0855656145022607,0.05499914204560141,0.2417665351822843,0.2501744261789212,0.25397132465565103,11.7,0.103,1.40858016,418.0,2.0,0.0183,SRB00040
2022-04-15,3395.25,0.0,14.44,0.0373004845434967,0.0558975405384256,0.0490598860175004,0.10769226831532815,0.0847585584070314,0.05409952387115955,0.25838882947272757,0.2668148732572167,0.2702662409659798,,,,,,,SRB00040
2022-04-16,3242.4,0.59,12.01,0.03617782418143062,0.05522131878193588,0.04827652146802988,0.10843317177860583,0.0839515023118021,0.05319990569671768,0.2750111237631709,0.2834553203355122,0.2865611572763085,,,,,,,SRB00040
2022-04-17,3154.01,0.0,8.07,0.035055163819364535,0.05454509702544616,0.04749315691855936,0.1091740752418835,0.0831444462165728,0.052300287522275814,0.2916334180536142,0.30009576741380767,0.30285607358663724,,,,,,,SRB00040
2022-04-18,3175.87,0.01,6.51,0.03393250345729845,0.053868875268956444,0.04670979236908885,0.10991497870516118,0.0823373901213435,0.051400669347833945,0.30825571234405746,0.31673621449210315,0.319150989896966,,,,,,,SRB00040
2022-04-19,3279.95,1.61,6.76,0.03280984309523237,0.05319265351246673,0.04592642781961833,0.11065588216843886,0.0815303340261142,0.05050105117339208,0.3248780066345007,0.3333766615703986,0.3354459062072947,,,,,,,SRB00040
2022-04-20,3333.26,4.28,7.65,0.031687182733166286,0.052516431755977006,0.04514306327014781,0.11139678563171654,0.08072327793088489,0.04960143299895021,0.34150030092494404,0.35001710864869406,0.35174082251762345,,,,,,,SRB00040
2022-04-21,3234.94,0.02,10.15,0.030564522371100206,0.05184020999948729,0.04435969872067729,0.1121376890949942,0.0799162218356556,0.04870181482450834,0.35812259521538736,0.36665755572698955,0.3680357388279522,,,,,,,SRB00040
2022-04-22,3046.89,6.26,14.97,0.029441862009034127,0.051163988242997574,0.04357633417120677,0.11287859255827189,0.0791091657404263,0.04780219665006647,0.3747448895058306,0.38329800280528503,0.3843306551382809,,,,,,,SRB00040
2022-04-23,2863.18,0.79,13.65,0.028319201646968044,0.05048776648650785,0.04279296962173626,0.11361949602154957,0.078302109645197,0.0469025784756246,0.3913671837962739,0.3999384498835805,0.40062557144860966,,,,,,,SRB00040
2022-04-24,2721.7,0.61,15.7,0.02719654128490196,0.049811544730018135,0.04200960507226574,0.11436039948482725,0.07749505354996769,0.046002960301182734,0.4079894780867172,0.416578896961876,0.4169204877589384,,,,,,,SRB00040
2022-04-25,2623.22,1.69,15.02,0.02607388092283588,0.04913532297352841,0.04122624052279522,0.11510130294810492,0.0766879974547384,0.045103342126740865,0.4246117723771605,0.43321934404017143,0.4332154040692671,,,,,,,SRB00040
2022-04-26,2510.89,0.33,15.44,0.0249512205607698,0.0484591012170387,0.0404428759733247,0.1158422064113826,0.0758809413595091,0.044203723952299,0.4412340666676038,0.4498597911184669,0.4495103203795959,,,,,,,SRB00040
2022-04-27,2408.91,7.86,14.19,0.17919379882447456,0.1886222185452477,0.17959331684942342,0.2519059363947851,0.189838627134179,0.14444929573073848,0.45785636095804705,0.4665002381967624,0.4658052366899246,,,,,,,SRB00040
2022-04-28,2354.05,2.01,12.27,0.33343637708817936,0.3287853358734567,0.3187437577255221,0.3879696663781875,0.3037963129088489,0.24469486750917793,0.47447865524849037,0.4831406852750579,0.48210015300025333,,,,,,,SRB00040
2022-04-29,2397.83,0.02,13.7,0.4876789553518841,0.4689484532016657,0.4578941986016208,0.52403339636159,0.4177539986835188,0.3449404392876174,0.4911009495389337,0.4997811323533533,0.4983950693105821,,,,,,,SRB00040
2022-04-30,2611.16,0.01,14.59,0.44289306716854643,0.4275017594125031,0.41596589472289636,0.49465888682017833,0.3935560023484233,0.32270442398478694,0.4496954846530883,0.46734748583331004,0.4703220280809051,,,,,,,SRB00040
2022-05-01,2916.43,0.03,15.2,0.39810717898520875,0.3860550656233405,0.374037590844172,0.46528437727876665,0.36935800601332786,0.30046840868195646,0.4082900197672429,0.43491383931326677,0.44224898685122815,,,,,,,SRB00040
2022-05-02,3039.89,0.01,15.29,0.353321290801871,0.3446083718341779,0.33210928696544756,0.435909867737355,0.34516000967823235,0.278232393379126,0.3668845548813975,0.40248019279322345,0.41417594562155113,,,,,,,SRB00040
2022-05-03,2943.42,0.04,15.97,0.30853540261853335,0.3031616780450153,0.29018098308672313,0.40653535819594333,0.3209620133431369,0.2559963780762955,0.3254790899955521,0.3700465462731802,0.38610290439187417,,,,,,,SRB00040
2022-05-04,2797.98,0.04,16.83,0.2637495144351957,0.2617149842558527,0.2482526792079987,0.3771608486545317,0.2967640170080414,0.233760362773465,0.2840736251097067,0.3376128997531369,0.3580298631621972,,,,,,,SRB00040
2022-05-05,2690.54,0.01,18.63,0.02721606775609675,0.0557919430116359,0.04189317908762365,0.1420755801191436,0.07446318470454895,0.04125921455887855,0.24334378081305189,0.2970799292266646,0.3175950003306225,,,,,,,SRB00040
2022-05-06,2653.61,0.12,16.84,0.03193493533149774,0.05891655820497727,0.04426016187660991,0.14646397131068056,0.07777670052721766,0.04375229507290459,0.2026139365163971,0.2565469587001923,0.2771601374990477,,,,,,,SRB00040
2022-05-07,2665.86,0.15,16.64,0.03665380290689872,0.06204117339831865,0.04662714466559617,0.15085236250221756,0.08109021634988638,0.04624537558693062,0.16188409221974231,0.21601398817371992,0.23672527466747298,,,,,,,SRB00040
2022-05-08,2734.27,0.02,18.42,0.041372670482299714,0.06516578859166003,0.04899412745458244,0.15524075369375454,0.08440373217255509,0.04873845610095666,0.12115424792308752,0.1754810176472476,0.19629041183589824,,,,,,,SRB00040
2022-05-09,2869.78,0.4,18.7,0.0460915380577007,0.0682904037850014,0.0513611102435687,0.1596291448852915,0.0877172479952238,0.0512315366149827,0.0804244036264327,0.1349480471207753,0.1558555490043235,,,,,,,SRB00040
2022-05-10,3060.96,2.21,18.36,0.03820661981395036,0.061602606002282366,0.04607543978020204,0.15377520263795366,0.07990220982087327,0.04516753416372643,0.1174372674819366,0.16434128323761948,0.1819438731770651,,,,,,,SRB00040
2022-05-11,3325.6,0.0,19.5,0.030321701570200033,0.05491480821956333,0.04078976931683537,0.14792126039061584,0.07208717164652273,0.03910353171247017,0.1544501313374405,0.1937345193544637,0.2080321973498067,,,,,,,SRB00040
2022-05-12,3563.51,0.0,22.48,0.0224367833264497,0.0482270104368443,0.0355040988534687,0.142067318143278,0.0642721334721722,0.0330395292612139,0.1914629951929444,0.2231277554713079,0.2341205215225483,,,,,,,SRB00040
2022-05-13,3613.1,0.02,23.52,0.15202060781345203,0.15522393315909935,0.13975652983237222,0.22922133064227876,0.14330939846806945,0.105813993207245,0.2284758590484483,0.2525209915881521,0.2602088456952899,,,,,,,SRB00040
2022-05-14,3522.71,0.04,21.1,0.2816044323004544,0.2622208558813544,0.2440089608112757,0.3163753431412795,0.2223466634639667,0.1785884571532761,0.2654887229039522,0.2819142277049963,0.2862971698680315,,,,,,,SRB00040
2022-05-15,3426.68,0.0,21.42,0.2315694526287528,0.220632878419732,0.20247942130501725,0.2846560033954543,0.1919698129976882,0.15053991800552183,0.2262055456379829,0.25031655379735424,0.2585225675572781,,,,,,,SRB00040
2022-05-16,3426.68,0.0,23.97,0.18153447295705122,0.17904490095810957,0.1609498817987588,0.2529366636496291,0.1615929625314097,0.12249137885776758,0.18692236837201356,0.21871887988971217,0.23074796524652466,,,,,,,SRB00040
2022-05-17,3538.97,3.25,20.49,0.13149949328534966,0.13745692349648714,0.11942034229250031,0.2212173239038039,0.1312161120651312,0.09444283971001333,0.14763919110604423,0.18712120598207013,0.20297336293577123,,,,,,,SRB00040
2022-05-18,3613.1,0.35,17.16,0.08146451361364807,0.09586894603486473,0.07789080278624186,0.1894979841579787,0.1008392615988527,0.06639430056225906,0.10835601384007493,0.15552353207442807,0.17519876062501782,,,,,,,SRB00040
2022-05-19,3588.22,0.0,17.41,0.0314295339419465,0.0542809685732423,0.0363612632799834,0.1577786444121535,0.0704624111325742,0.0383457614145048,0.0690728365741056,0.123925858166786,0.1474241583142644,,,,,,,SRB00040
2022-05-20,3547.13,0.09,20.87,0.028531917622488426,0.05487216038624905,0.03870919739063752,0.16409459432990292,0.0721846908670308,0.0375890645295612,0.07094556471392098,0.12606447848746993,0.1509152084326871,,,,,,,SRB00040
2022-05-21,3522.71,0.24,23.12,0.02563430130303035,0.0554633521992558,0.041057131501291644,0.17041054424765234,0.0739069706014874,0.0368323676446176,0.07281829285373635,0.12820309880815384,0.1544062585511098,,,,,,,SRB00040
2022-05-22,3482.37,1.06,21.24,0.0300173106161177,0.05733694889425833,0.04196988237053996,0.16828152178129083,0.07768272995915884,0.040708504097703636,0.07469102099355174,0.13034171912883777,0.1578973086695325,,,,,,,SRB00040
2022-05-23,3426.68,0.78,20.77,0.03440031992920505,0.059210545589260866,0.04288263323978828,0.16615249931492931,0.08145848931683027,0.044584640550789666,0.07656374913336711,0.13248033944952167,0.16138835878795518,,,,,,,SRB00040
2022-05-24,3387.44,0.75,23.78,0.0387833292422924,0.0610841422842634,0.0437953841090366,0.1640234768485678,0.0852342486745017,0.0484607770038757,0.0784364772731825,0.1346189597702056,0.1648794089063779,,,,,,,SRB00040
2022-05-25,3317.94,6.81,25.72,0.03846783625851097,0.06064853008305684,0.04306355159126558,0.1625791554206361,0.0838941006055399,0.04742052633160909,0.0771898163039164,0.13327466197816554,0.16335818414893502,,,,,,,SRB00040
2022-05-26,3234.94,1.08,22.05,0.03815234327472954,0.06021291788185028,0.04233171907349456,0.16113483399270445,0.0825539525365781,0.04638027565934248,0.07594315533465032,0.13193036418612547,0.16183695939149215,,,,,,,SRB00040
2022-05-27,3205.27,0.01,24.79,0.03783685029094811,0.05977730568064372,0.04159988655572354,0.15969051256477276,0.08121380446761631,0.04534002498707587,0.07469649436538423,0.13058606639408543,0.16031573463404925,,,,,,,SRB00040
2022-05-28,3317.94,12.32,16.16,0.03752135730716668,0.05934169347943716,0.04086805403795252,0.15824619113684107,0.0798736563986545,0.04429977431480926,0.07344983339611814,0.12924176860204536,0.15879450987660637,,,,,,,SRB00040
2022-05-29,3514.6,1.01,16.5,0.03720586432338525,0.058906081278230604,0.040136221520181495,0.15680186970890939,0.07853350832969269,0.04325952364254265,0.07220317242685205,0.1278974708100053,0.1572732851191635,,,,,,,SRB00040
2022-05-30,3604.79,3.55,16.06,0.03689037133960382,0.058470469077024044,0.03940438900241048,0.15535754828097773,0.0771933602607309,0.04221927297027604,0.07095651145758596,0.12655317301796526,0.15575206036172062,9.1,0.078,0.6884887,328.0,2.0,0.0299,SRB00040
2022-05-31,3563.51,4.28,18.57,0.03657487835582239,0.058034856875817484,0.03867255648463946,0.15391322685304604,0.0758532121917691,0.04117902229800943,0.06970985048831987,0.1252088752259252,0.15423083560427775,,,,,,,SRB00040
2022-06-01,3434.58,0.07,22.93,0.03625938537204096,0.057599244674610924,0.037940723966868435,0.15246890542511435,0.0745130641228073,0.04013877162574282,0.06846318951905378,0.12386457743388513,0.15270961084683485,,,,,,,SRB00040
2022-06-02,3272.41,1.69,24.78,0.035943892388259534,0.05716363247340436,0.03720889144909742,0.1510245839971827,0.07317291605384549,0.03909852095347621,0.0672165285497877,0.12252027964184506,0.15118838608939197,,,,,,,SRB00040
2022-06-03,3132.29,0.04,25.56,0.0356283994044781,0.0567280202721978,0.0364770589313264,0.149580262569251,0.0718327679848837,0.0380582702812096,0.0659698675805216,0.121175981849805,0.1496671613319491,,,,,,,SRB00040
2022-06-04,3018.95,0.15,26.66,0.03611518121178387,0.05783595285897129,0.038357031191736786,0.15019540905172551,0.07152521733284747,0.037808715853511976,0.06685560254018566,0.12106923025980934,0.1495706319956794,,,,,,,SRB00040
2022-06-05,2943.42,0.42,26.32,0.03660196301908964,0.05894388544574478,0.04023700345214717,0.15081055553420003,0.07121766668081124,0.03755916142581435,0.0677413374998497,0.12096247866981366,0.14947410265940972,,,,,,,SRB00040
2022-06-06,2903.02,0.08,24.66,0.03708874482639541,0.06005181803251827,0.042116975712557556,0.15142570201667452,0.07091011602877502,0.03730960699811673,0.06862707245951376,0.120855727079818,0.14937757332314003,,,,,,,SRB00040
2022-06-07,2916.43,0.03,25.3,0.03757552663370118,0.06115975061929176,0.04399694797296794,0.15204084849914903,0.0706025653767388,0.037060052570419104,0.0695128074191778,0.12074897548982232,0.14928104398687034,,,,,,,SRB00040
2022-06-08,3082.19,4.82,22.39,0.038062308441006956,0.06226768320606525,0.045876920233378325,0.15265599498162355,0.07029501472470256,0.03681049814272148,0.07039854237884186,0.12064222389982665,0.14918451465060065,,,,,,,SRB00040
2022-06-09,3588.22,4.15,22.75,0.038549090248312726,0.06337561579283874,0.047756892493788713,0.15327114146409807,0.06998746407266634,0.03656094371502385,0.07128427733850591,0.12053547230983098,0.14908798531433096,,,,,,,SRB00040
2022-06-10,4264.8,12.41,22.9,0.039035872055618495,0.06448354837961223,0.049636864754199095,0.15388628794657258,0.06967991342063012,0.036311389287326225,0.07217001229816995,0.1204287207198353,0.14899145597806127,,,,,,,SRB00040
2022-06-11,4741.42,2.09,22.51,0.039522653862924265,0.06559148096638572,0.05151683701460948,0.15450143442904707,0.0693723627685939,0.036061834859628605,0.07305574725783401,0.12032196912983964,0.14889492664179158,,,,,,,SRB00040
2022-06-12,4976.37,0.22,24.08,0.040009435670230034,0.06669941355315921,0.053396809275019864,0.15511658091152158,0.06906481211655767,0.03581228043193098,0.07394148221749805,0.12021521753984396,0.14879839730552188,,,,,,,SRB00040
2022-06-13,5104.05,0.01,25.0,0.040496217477535804,0.0678073461399327,0.05527678153543025,0.1557317273939961,0.06875726146452145,0.03556272600423335,0.0748272171771621,0.1201084659498483,0.1487018679692522,,,,,,,SRB00040
2022-06-14,5057.25,0.0,21.58,0.08691200197476717,0.11087144601504008,0.09666643401969678,0.19508734388701665,0.11024988003111694,0.07722366120045432,0.11996905921756638,0.16457714023219724,0.19155910946222576,,,,,,,SRB00040
2022-06-15,4774.29,0.0,22.36,0.13332778647199853,0.15393554589014746,0.1380560865039633,0.23444296038003723,0.15174249859771244,0.1188845963966753,0.16511090125797068,0.20904581451454618,0.2344163509551993,,,,,,,SRB00040
2022-06-16,4384.31,0.0,24.76,0.17974357096922988,0.19699964576525486,0.17944573898822985,0.2737985768730578,0.19323511716430794,0.16054553159289628,0.21025274329837496,0.25351448879689514,0.27727359244817285,,,,,,,SRB00040
2022-06-17,4007.67,2.16,23.24,0.22615935546646126,0.24006374564036223,0.22083539147249637,0.31315419336607836,0.23472773573090344,0.20220646678911725,0.25539458533877923,0.29798316307924405,0.3201308339411464,,,,,,,SRB00040
2022-06-18,3680.29,0.0,23.3,0.2725751399636926,0.2831278455154696,0.2622250439567629,0.3525098098590989,0.2762203542974989,0.2438674019853382,0.3005364273791835,0.342451837361593,0.36298807543412,,,,,,,SRB00040
2022-06-19,3418.79,0.0,25.01,0.2179678784535397,0.2378279258442475,0.2175910856747516,0.37331412688291044,0.26419377997722626,0.21726855436182316,0.27942730453674824,0.32345377022811317,0.3448748520412475,,,,,,,SRB00040
2022-06-20,3242.4,0.0,27.23,0.1633606169433868,0.1925280061730254,0.1729571273927403,0.39411844390672196,0.2521672056569536,0.1906697067383081,0.25831818169431303,0.3044557030946333,0.326761628648375,,,,,,,SRB00040
2022-06-21,3139.51,0.13,25.82,0.1087533554332339,0.1472280865018033,0.128323169110729,0.4149227609305335,0.24014063133668095,0.16407085911479305,0.2372090588518778,0.2854576359611535,0.3086484052555025,,,,,,,SRB00040
2022-06-22,3046.89,0.09,24.62,0.054146093923081,0.1019281668305812,0.0836892108287177,0.435727077954345,0.2281140570164083,0.137472011491278,0.21609993600944255,0.26645956882767363,0.29053518186263005,,,,,,,SRB00040
2022-06-23,2936.65,8.83,23.14,0.05403109774826602,0.09747188630195225,0.07922808101437151,0.39292594162339717,0.20597474392838552,0.12344228085849444,0.1949908131670073,0.24746150169419376,0.27242195846975753,,,,,,,SRB00040
2022-06-24,2843.46,0.0,25.97,0.05391610157345103,0.0930156057733233,0.0747669512000253,0.3501248052924494,0.18383543084036272,0.10941255022571089,0.17388169032457207,0.22846343456071389,0.25430873507688506,,,,,,,SRB00040
2022-06-25,2797.98,5.17,26.43,0.05380110539863605,0.08855932524469436,0.0703058213856791,0.30732366896150154,0.16169611775233994,0.09538281959292734,0.15277256748213683,0.20946536742723404,0.23619551168401257,,,,,,,SRB00040
2022-06-26,2765.94,0.05,26.24,0.05368610922382107,0.0841030447160654,0.06584469157133291,0.2645225326305537,0.13955680466431714,0.08135308896014379,0.1316634446397016,0.1904673002937542,0.21808228829114007,,,,,,,SRB00040
2022-06-27,2804.43,0.0,28.82,0.05357111304900608,0.07964676418743645,0.061383561756986706,0.2217213962996059,0.11741749157629436,0.06732335832736025,0.11055432179726635,0.17146923316027435,0.19996906489826757,11.4,0.115,0.74943688,357.0,3.9,0.039,SRB00040
2022-06-28,3183.2,0.0,30.07,0.0534561168741911,0.0751904836588075,0.0569224319426405,0.1789202599686581,0.0952781784882716,0.0532936276945767,0.0894451989548311,0.1524711660267945,0.1818558415053951,,,,,,,SRB00040
2022-06-29,3722.92,0.0,29.84,0.040111852253258,0.0724088507818246,0.0626905386364548,0.20013172813637,0.1023185935670158,0.0591584233708413,0.08624213486208039,0.14828433049865963,0.17803492575011223,,,,,,,SRB00040
2022-06-30,3766.04,0.13,30.5,0.04200334480682573,0.0705637633054442,0.05850361105430177,0.1903885149190449,0.09756153527250494,0.055741869758533194,0.08303907076932966,0.1440974949705248,0.1742140099948294,,,,,,,SRB00040
2022-07-01,3530.83,0.02,32.24,0.04389483736039345,0.0687186758290638,0.05431668347214875,0.1806453017017198,0.0928044769779941,0.0523253161462251,0.07983600667657895,0.13991065944238992,0.17039309423954652,,,,,,,SRB00040
2022-07-02,3371.87,3.46,27.29,0.04578632991396117,0.06687358835268341,0.05012975588999573,0.1709020884843947,0.08804741868348326,0.048908762533917,0.07663294258382822,0.13572382391425508,0.16657217848426367,,,,,,,SRB00040
2022-07-03,3426.68,0.0,29.11,0.0476778224675289,0.065028500876303,0.0459428283078427,0.1611588752670696,0.0832903603889724,0.0454922089216089,0.0734298784910775,0.1315369883861202,0.1627512627289808,,,,,,,SRB00040
2022-07-04,3547.13,0.01,30.43,0.04736809920890963,0.06500014421735867,0.04590522321042896,0.16066513048494344,0.08262358842559347,0.04509152092542404,0.07283316080495679,0.13052529279662964,0.16140748781704675,,,,,,,SRB00040
2022-07-05,3547.13,1.4,28.35,0.04705837595029036,0.06497178755841432,0.04586761811301522,0.16017138570281728,0.08195681646221455,0.04469083292923918,0.07223644311883608,0.12951359720713906,0.1600637129051127,,,,,,,SRB00040
2022-07-06,3506.52,1.51,25.09,0.04674865269167109,0.06494343089946998,0.04583001301560148,0.15967764092069112,0.08129004449883562,0.04429014493305432,0.07163972543271538,0.12850190161764846,0.15871993799317866,,,,,,,SRB00040
2022-07-07,3522.71,0.2,24.25,0.04643892943305182,0.06491507424052564,0.04579240791818774,0.15918389613856496,0.08062327253545669,0.04388945693686946,0.07104300774659467,0.1274902060281579,0.1573761630812446,,,,,,,SRB00040
2022-07-08,3579.96,3.61,20.47,0.04612920617443255,0.0648867175815813,0.045754802820774,0.1586901513564388,0.07995650057207775,0.043488768940684604,0.07044629006047395,0.1264785104386673,0.15603238816931053,,,,,,,SRB00040
2022-07-09,3671.82,0.52,22.8,0.04581948291581328,0.06485836092263696,0.04571719772336026,0.15819640657431264,0.07928972860869882,0.04308808094449974,0.06984957237435324,0.1254668148491767,0.15468861325737648,,,,,,,SRB00040
2022-07-10,3731.5,0.02,22.29,0.04550975965719401,0.06483000426369262,0.04567959262594652,0.15770266179218648,0.07862295664531989,0.04268739294831488,0.06925285468823253,0.12445511925968614,0.15334483834544244,,,,,,,SRB00040
2022-07-11,3697.28,0.0,19.97,0.04520003639857474,0.06480164760474828,0.04564198752853278,0.15720891701006032,0.07795618468194096,0.04228670495213002,0.06865613700211183,0.12344342367019556,0.1520010634335084,,,,,,,SRB00040
2022-07-12,3629.78,0.0,21.61,0.04489031313995547,0.06477329094580393,0.04560438243111904,0.15671517222793416,0.07728941271856203,0.04188601695594516,0.06805941931599112,0.12243172808070499,0.15065728852157434,,,,,,,SRB00040
2022-07-13,3522.71,0.0,23.61,0.0445805898813362,0.0647449342868596,0.0455667773337053,0.156221427445808,0.0766226407551831,0.0414853289597603,0.0674627016298704,0.1214200324912144,0.1493135136096403,,,,,,,SRB00040
2022-07-14,3356.38,0.0,27.06,0.03699748793952265,0.06236891034402055,0.046333487488882205,0.15550451708088145,0.07500890568929645,0.0400436577975009,0.07162783028225155,0.12700303822401493,0.15500665944639677,10.0,0.118,0.8690759,346.0,2.8,0.0223,SRB00040
2022-07-15,3183.2,0.0,27.05,0.0294143859977091,0.0599928864011815,0.0471001976440591,0.1547876067159549,0.0733951706234098,0.0386019866352415,0.07579295893463268,0.13258604395681545,0.16069980528315325,,,,,,,SRB00040
2022-07-16,3012.01,4.99,24.58,0.03852809557839597,0.06604642879399683,0.05135656067014233,0.1650990041972349,0.08114964878628347,0.0455040666899243,0.07995808758701382,0.13816904968961596,0.16639295111990973,,,,,,,SRB00040
2022-07-17,2843.46,0.0,23.77,0.04764180515908283,0.07209997118681218,0.055612923696225565,0.1754104016785149,0.08890412694915713,0.0524061467446071,0.08412321623939496,0.14375205542241648,0.1720860969566662,,,,,,,SRB00040
2022-07-18,2696.74,0.0,24.5,0.0567555147397697,0.0781535135796275,0.0598692867223088,0.1857217991597949,0.0966586051120308,0.0593082267992899,0.0882883448917761,0.149335061155217,0.1777792427934227,,,,,,,SRB00040
2022-07-19,2575.32,0.0,27.62,0.05435679421029218,0.07528108432106065,0.057150797138346816,0.18036610490765406,0.09460504665790366,0.05714356308284814,0.08551541291793742,0.1447458004480445,0.1731337641516616,,,,,,,SRB00040
2022-07-20,2459.37,0.0,29.32,0.05195807368081466,0.07240865506249379,0.054432307554384836,0.17501041065551326,0.09255148820377652,0.05497889936640638,0.08274248094409874,0.140156539740872,0.1684882855099005,,,,,,,SRB00040
2022-07-21,2354.05,0.0,30.21,0.04955935315133714,0.06953622580392692,0.05171381797042286,0.16965471640337243,0.09049792974964938,0.05281423564996462,0.07996954897026007,0.1355672790336995,0.1638428068681394,,,,,,,SRB00040
2022-07-22,2258.44,0.0,31.87,0.04716063262185962,0.06666379654536006,0.04899532838646088,0.16429902215123163,0.08844437129552224,0.05064957193352286,0.07719661699642139,0.130978018326527,0.1591973282263783,,,,,,,SRB00040
2022-07-23,2156.74,0.0,33.25,0.0447619120923821,0.0637913672867932,0.0462768388024989,0.1589433278990908,0.0863908128413951,0.0484849082170811,0.0744236850225827,0.1263887576193545,0.1545518495846172,,,,,,,SRB00040
2022-07-24,2064.38,0.32,28.69,0.043518790399834466,0.063442836432424,0.04696468226630788,0.1588295884106725,0.08604770279012063,0.048348040309324505,0.0747313583341015,0.12655645883344188,0.15479212548441248,,,,,,,SRB00040
2022-07-25,1980.53,0.0,28.61,0.04227566870728683,0.0630943055780548,0.04765252573011685,0.1587158489222542,0.08570459273884615,0.0482111724015679,0.07503903164562029,0.12672416004752923,0.1550324013842078,,,,,,,SRB00040
2022-07-26,1917.67,0.03,29.04,0.04103254701473919,0.0627457747236856,0.04834036919392583,0.1586021094338359,0.08536148268757168,0.0480743044938113,0.07534670495713908,0.1268918612616166,0.15527267728400307,,,,,,,SRB00040
2022-07-27,1878.32,0.79,27.38,0.039789425322191554,0.0623972438693164,0.0490282126577348,0.1584883699454176,0.0850183726362972,0.047937436586054705,0.07565437826865787,0.127059562475704,0.15551295318379837,,,,,,,SRB00040
2022-07-28,1869.68,0.01,28.0,0.03854630362964391,0.0620487130149472,0.04971605612154378,0.1583746304569993,0.08467526258502273,0.0478005686782981,0.07596205158017665,0.12722726368979137,0.15575322908359365,,,,,,,SRB00040
2022-07-29,1878.32,0.03,29.18,0.03730318193709627,0.061700182160578,0.050403899585352754,0.15826089096858098,0.08433215253374826,0.0476637007705415,0.07626972489169544,0.12739496490387872,0.15599350498338893,,,,,,,SRB00040
2022-07-30,1926.53,1.97,26.76,0.036060060244548636,0.0613516513062088,0.051091743049161725,0.1581471514801627,0.08398904248247378,0.0475268328627849,0.07657739820321423,0.1275626661179661,0.15623378088318424,,,,,,,SRB00040
2022-07-31,2073.91,0.08,24.01,0.034816938552001,0.0610031204518396,0.0517795865129707,0.1580334119917444,0.0836459324311993,0.0473899649550283,0.07688507151473302,0.12773036733205348,0.15647405678297951,,,,,,,SRB00040
2022-08-01,2073.91,0.0,25.88,0.04602414295521225,0.0666788854312701,0.0530138579021411,0.15713228500861398,0.0875508882957986,0.0517400705734867,0.07719274482625181,0.12789806854614083,0.15671433268277482,,,,,,,SRB00040
2022-08-02,2295.15,0.01,27.83,0.0572313473584235,0.0723546504107006,0.0542481292913115,0.1562311580254836,0.0914558441603979,0.0560901761919451,0.0775004181377706,0.1280657697602282,0.1569546085825701,,,,,,,SRB00040
2022-08-03,2459.37,0.05,29.1,0.054415296558716804,0.07044204248850484,0.0527451609894515,0.1549867908281732,0.09050532124522584,0.05445581455462046,0.07712020149962456,0.12836207148267315,0.1561088264690682,,,,,,,SRB00040
2022-08-04,2629.27,0.01,29.96,0.0515992457590101,0.06852943456630908,0.051242192687591503,0.15374242363086282,0.08955479833005378,0.05282145291729582,0.07673998486147852,0.12865837320511808,0.15526304435556632,,,,,,,SRB00040
2022-08-05,2843.46,0.0,30.57,0.0487831949593034,0.06661682664411332,0.0497392243857315,0.15249805643355246,0.08860427541488172,0.051187091279971175,0.07635976822333247,0.12895467492756302,0.1544172622420644,,,,,,,SRB00040
2022-08-06,2903.02,0.0,32.02,0.0459671441595967,0.06470421872191756,0.048236256083871505,0.15125368923624208,0.08765375249970966,0.04955272964264654,0.07597955158518643,0.12925097665000795,0.1535714801285625,,,,,,,SRB00040
2022-08-07,2791.54,0.01,29.06,0.04315109335989,0.0627916107997218,0.0467332877820115,0.1500093220389317,0.0867032295845376,0.0479183680053219,0.0755993349470404,0.1295472783724529,0.1527256980150606,,,,,,,SRB00040
2022-08-08,2629.27,3.04,28.39,0.04213875248969054,0.0613525228432969,0.045370163359868064,0.15012809877443112,0.08641865937426123,0.04791093499152394,0.07375710455498158,0.12723580684008595,0.15101202887239568,,,,,,,SRB00040
2022-08-09,2470.72,8.71,22.35,0.04112641161949108,0.059913434886872,0.044007038937724625,0.15024687550993054,0.08613408916398485,0.04790350197772598,0.07191487416292276,0.12492433530771901,0.14929835972973074,,,,,,,SRB00040
2022-08-10,2337.84,0.3,23.77,0.040114070749291623,0.0584743469304471,0.04264391451558118,0.15036565224542994,0.08584951895370846,0.04789606896392802,0.07007264377086393,0.12261286377535208,0.14758469058706578,,,,,,,SRB00040
2022-08-11,2242.88,0.0,24.4,0.03910172987909216,0.0570352589740222,0.04128079009343774,0.15048442898092937,0.08556494874343208,0.04788863595013006,0.06823041337880512,0.12030139224298514,0.14587102144440084,10.2,0.102,0.53950426,355.0,3.3,0.0122,SRB00040
2022-08-12,2227.44,0.37,24.14,0.0380893890088927,0.0555961710175973,0.0399176656712943,0.1506032057164288,0.0852803785331557,0.0478812029363321,0.0663881829867463,0.1179899207106182,0.1441573523017359,,,,,,,SRB00040
2022-08-13,2263.64,3.23,21.05,0.03513685988866552,0.054737858333426925,0.04028871789288173,0.1497243644779217,0.08326739892637315,0.04617383196805675,0.06667531882065755,0.11814659551595126,0.1435127107670845,,,,,,,SRB00040
2022-08-14,2284.6,3.18,22.57,0.03218433076843835,0.05387954564925655,0.040659770114469154,0.14884552323941458,0.0812544193195906,0.044466460999781396,0.06696245465456882,0.11830327032128432,0.14286806923243306,,,,,,,SRB00040
2022-08-15,2248.05,0.01,26.89,0.029231801648211174,0.05302123296508617,0.04103082233605657,0.14796668200090748,0.07924143971280806,0.04275909003150605,0.06724959048848007,0.11845994512661738,0.14222342769778165,,,,,,,SRB00040
2022-08-16,2156.74,1.27,27.51,0.026279272527984,0.0521629202809158,0.041401874557644,0.1470878407624004,0.0772284601060255,0.0410517190632307,0.06753672632239134,0.11861661993195044,0.14157878616313022,,,,,,,SRB00040
2022-08-17,2054.89,0.0,28.33,0.0389087578497888,0.0576792383539032,0.0424833850799726,0.1426698277396804,0.0849596962176747,0.0468925695510336,0.0678238621563026,0.1187732947372835,0.1409341446284788,,,,,,,SRB00040
2022-08-18,1957.84,0.0,30.58,0.03714415299053306,0.057333666891618264,0.041940491607370296,0.14569390923193282,0.08489708220197005,0.04616589708268343,0.06810416631934577,0.11827806212904973,0.1402061450622963,,,,,,,SRB00040
2022-08-19,1878.32,6.36,30.98,0.03537954813127732,0.05698809542933332,0.04139759813476799,0.14871799072418523,0.08483446818626542,0.04543922461433325,0.06838447048238894,0.11778282952081597,0.13947814549611381,,,,,,,SRB00040
2022-08-20,1822.9,6.91,25.02,0.03361494327202159,0.056642523967048386,0.04085470466216568,0.15174207221643762,0.08477185417056077,0.044712552145983075,0.06866477464543211,0.11728759691258218,0.13875014592993135,,,,,,,SRB00040
2022-08-21,1789.61,24.39,20.58,0.03185033841276585,0.05629695250476345,0.04031181118956338,0.15476615370869004,0.08470924015485612,0.0439858796776329,0.06894507880847528,0.11679236430434842,0.13802214636374885,,,,,,,SRB00040
2022-08-22,1789.61,1.52,20.92,0.03008573355351011,0.05595138104247851,0.039768917716961075,0.15779023520094246,0.08464662613915148,0.043259207209282724,0.06922538297151844,0.11629713169611465,0.13729414679756635,,,,,,,SRB00040
2022-08-23,1831.31,1.0,20.76,0.028321128694254374,0.05560580958019357,0.03922602424435877,0.16081431669319485,0.08458401212344684,0.04253253474093255,0.06950568713456161,0.11580189908788088,0.13656614723138386,,,,,,,SRB00040
2022-08-24,1971.42,5.93,21.36,0.026556523834998638,0.05526023811790863,0.03868313077175646,0.16383839818544726,0.0845213981077422,0.04180586227258237,0.06978599129760478,0.11530666647964712,0.13583814766520136,,,,,,,SRB00040
2022-08-25,2629.27,0.01,25.03,0.0247919189757429,0.054914666655623695,0.03814023729915415,0.16686247967769968,0.08445878409203755,0.0410791898042322,0.07006629546064795,0.11481143387141333,0.1351101480990189,,,,,,,SRB00040
2022-08-26,3613.1,0.0,27.54,0.0366091767391729,0.0617720705628037,0.04501602977328133,0.15008284742540834,0.08425410375287412,0.04397556068665365,0.07034659962369112,0.11431620126317957,0.1343821485328364,,,,,,,SRB00040
2022-08-27,3827.25,0.0,28.07,0.0484264345026029,0.0686294744699837,0.0518918222474085,0.133303215173117,0.0840494234137107,0.0468719315690751,0.0706269037867343,0.1138209686549458,0.1336541489666539,,,,,,,SRB00040
2022-08-28,3663.37,0.06,27.47,0.04795329742234368,0.06783344815512037,0.05088755588959584,0.1325766276984896,0.08302804586841542,0.04607245547611613,0.0694876427238919,0.11295682492315527,0.13270186115141008,,,,,,,SRB00040
2022-08-29,3442.5,1.4,24.29,0.04748016034208446,0.06703742184025702,0.04988328953178318,0.1318500402238622,0.08200666832312012,0.04527297938315716,0.06834838166104949,0.11209268119136474,0.1317495733361663,,,,,,,SRB00040
2022-08-30,3205.27,1.74,25.06,0.047007023261825244,0.06624139552539368,0.04887902317397052,0.13112345274923481,0.08098529077782483,0.04447350329019819,0.06720912059820709,0.11122853745957421,0.1307972855209225,,,,,,,SRB00040
2022-08-31,2991.27,4.4,25.34,0.04653388618156602,0.06544536921053035,0.04787475681615786,0.13039686527460742,0.07996391323252953,0.043674027197239215,0.06606985953536469,0.11036439372778369,0.1298449977056787,,,,,,,SRB00040
2022-09-01,2869.78,11.68,18.23,0.0460607491013068,0.064649342895667,0.046870490458345196,0.12967027779998005,0.07894253568723425,0.04287455110428025,0.06493059847252229,0.10950024999599314,0.1288927098904349,,,,,,,SRB00040
2022-09-02,2936.65,6.27,17.18,0.04558761202104758,0.06385331658080366,0.04586622410053254,0.12894369032535266,0.07792115814193896,0.04207507501132128,0.0637913374096799,0.10863610626420261,0.1279404220751911,,,,,,,SRB00040
2022-09-03,3154.01,0.0,19.93,0.04511447494078836,0.06305729026594033,0.04486195774271988,0.12821710285072527,0.07689978059664367,0.041275598918362306,0.0626520763468375,0.10777196253241209,0.12698813425994732,,,,,,,SRB00040
2022-09-04,3212.66,0.02,21.33,0.044641337860529144,0.06226126395107698,0.04385769138490722,0.12749051537609787,0.07587840305134838,0.04047612282540334,0.061512815283995104,0.10690781880062156,0.1260358464447035,,,,,,,SRB00040
2022-09-05,3132.29,0.0,22.36,0.04416820078026992,0.06146523763621364,0.042853425027094556,0.12676392790147048,0.07485702550605308,0.039676646732444365,0.0603735542211527,0.10604367506883103,0.1250835586294597,,,,,,,SRB00040
2022-09-06,3075.1,0.0,23.35,0.0436950637000107,0.0606692113213503,0.0418491586692819,0.1260373404268431,0.0738356479607578,0.0388771706394854,0.0592342931583103,0.1051795313370405,0.1241312708142159,,,,,,,SRB00040
2022-09-07,2977.52,0.02,24.56,0.043149529403291274,0.06045571068412873,0.04187007679328407,0.12579717975964683,0.07339370322167231,0.03858517308408661,0.060143677233622496,0.10537048884527168,0.12425469704924264,7.7,0.103,0.9593695,383.0,1.9,0.0082,SRB00040
2022-09-08,2797.98,0.1,25.8,0.04260399510657185,0.06024221004690716,0.04189099491728625,0.12555701909245057,0.07295175848258684,0.03829317552868783,0.06105306130893469,0.10556144635350288,0.12437812328426938,,,,,,,SRB00040
2022-09-09,2635.33,5.58,23.79,0.04205846080985243,0.06002870940968559,0.04191191304128842,0.12531685842525428,0.07250981374350135,0.038001177973289044,0.061962445384246875,0.10575240386173407,0.12450154951929611,,,,,,,SRB00040
2022-09-10,2534.13,4.98,21.04,0.041512926513133,0.05981520877246402,0.0419328311652906,0.12507669775805802,0.07206786900441588,0.03770918041789026,0.06287182945955908,0.10594336136996527,0.12462497575432284,,,,,,,SRB00040
2022-09-11,2448.06,0.18,19.55,0.04096739221641357,0.059601708135242445,0.04195374928929277,0.12483653709086176,0.07162592426533039,0.037417182862491474,0.06378121353487126,0.10613431887819645,0.12474840198934957,,,,,,,SRB00040
2022-09-12,2364.92,0.04,18.68,0.040421857919694146,0.05938820749802088,0.04197466741329494,0.12459637642366549,0.0711839795262449,0.03712518530709269,0.06469059761018345,0.10632527638642765,0.12487182822437631,,,,,,,SRB00040
2022-09-13,2305.75,0.0,19.0,0.03987632362297472,0.05917470686079931,0.04199558553729712,0.12435621575646923,0.07074203478715943,0.036833187751693905,0.06559998168549565,0.10651623389465883,0.12499525445940304,,,,,,,SRB00040
2022-09-14,2321.74,0.0,22.66,0.03933078932625529,0.058961206223577735,0.04201650366129929,0.12411605508927295,0.07030009004807394,0.03654119019629512,0.06650936576080783,0.10670719140289003,0.12511868069442977,,,,,,,SRB00040
2022-09-15,2459.37,11.96,24.55,0.03878525502953587,0.05874770558635617,0.04203742178530147,0.1238758944220767,0.06985814530898847,0.036249192640896336,0.06741874983612002,0.10689814891112122,0.1252421069294565,,,,,,,SRB00040
2022-09-16,2647.5,10.27,18.41,0.038239720732816444,0.0585342049491346,0.04205833990930364,0.12363573375488042,0.06941620056990298,0.035957195085497544,0.06832813391143222,0.10708910641935242,0.12536553316448323,,,,,,,SRB00040
2022-09-17,2765.94,26.44,13.53,0.03769418643609702,0.058320704311913024,0.04207925803330581,0.12339557308768416,0.0689742558308175,0.03566519753009876,0.0692375179867444,0.1072800639275836,0.12548895939951,,,,,,,SRB00040
2022-09-18,2804.43,0.04,13.94,0.03714865213937759,0.05810720367469146,0.04210017615730799,0.12315541242048789,0.06853231109173202,0.035373199974699975,0.0701469020620566,0.1074710214358148,0.12561238563453672,,,,,,,SRB00040
2022-09-19,2810.9,6.68,11.86,0.03660311784265816,0.057893703037469886,0.04212109428131016,0.12291525175329163,0.06809036635264654,0.03508120241930119,0.0710562861373688,0.10766197894404599,0.12573581186956345,,,,,,,SRB00040
2022-09-20,2896.34,1.15,12.76,0.036057583545938736,0.057680202400248314,0.04214201240531234,0.12267509108609535,0.06764842161356106,0.034789204863902405,0.07196567021268098,0.10785293645227718,0.12585923810459018,,,,,,,SRB00040
2022-09-21,3082.19,1.93,10.88,0.035512049249219316,0.05746670176302674,0.04216293052931451,0.1224349304188991,0.06720647687447558,0.03449720730850362,0.07287505428799318,0.10804389396050837,0.1259826643396169,,,,,,,SRB00040
2022-09-22,3264.88,1.9,11.65,0.03496651495249989,0.057253201125805175,0.04218384865331669,0.12219476975170282,0.0667645321353901,0.034205209753104836,0.07378443836330537,0.10823485146873957,0.12610609057464364,,,,,,,SRB00040
2022-09-23,3442.5,0.1,12.2,0.03442098065578046,0.0570397004885836,0.04220476677731886,0.12195460908450656,0.06632258739630462,0.03391321219770605,0.07469382243861755,0.10842580897697075,0.12622951680967037,,,,,,,SRB00040
2022-09-24,3621.43,0.0,13.64,0.033875446359061034,0.05682619985136203,0.04222568490132103,0.12171444841731029,0.06588064265721913,0.033621214642307266,0.07560320651392975,0.10861676648520195,0.12635294304469713,,,,,,,SRB00040
2022-09-25,3688.78,0.26,16.04,0.03332991206234161,0.056612699214140465,0.04224660302532321,0.12147428775011403,0.06543869791813366,0.03332921708690848,0.07651259058924194,0.10880772399343314,0.12647636927972386,,,,,,,SRB00040
2022-09-26,3604.79,6.76,17.54,0.03278437776562218,0.05639919857691889,0.04226752114932538,0.12123412708291775,0.06499675317904817,0.0330372195315097,0.07742197466455414,0.10899868150166434,0.1265997955147506,,,,,,,SRB00040
2022-09-27,3403.08,3.8,16.32,0.03223884346890276,0.05618569793969732,0.04228843927332756,0.1209939664157215,0.0645548084399627,0.03274522197611091,0.07833135873986632,0.10918963900989552,0.12672322174977732,,,,,,,SRB00040
2022-09-28,3183.2,4.94,15.31,0.03169330917218333,0.055972197302475754,0.04230935739732973,0.12075380574852522,0.06411286370087721,0.03245322442071213,0.07924074281517851,0.10938059651812672,0.12684664798480405,,,,,,,SRB00040
2022-09-29,2998.16,5.83,18.26,0.031147774875463906,0.05575869666525418,0.0423302755213319,0.12051364508132896,0.06367091896179172,0.03216122686531334,0.08015012689049071,0.1095715540263579,0.12697007421983078,,,,,,,SRB00040
2022-09-30,2909.72,5.8,19.2,0.03060224057874448,0.05554519602803261,0.04235119364533408,0.12027348441413269,0.06322897422270625,0.03186922930991456,0.0810595109658029,0.1097625115345891,0.1270935004548575,,,,,,,SRB00040
2022-10-01,2977.52,9.45,18.0,0.030056706282025055,0.055331695390811036,0.04237211176933625,0.12003332374693643,0.06278702948362076,0.031577231754515774,0.08196889504111508,0.10995346904282029,0.12721692668988427,,,,,,,SRB00040
2022-10-02,3154.01,1.6,16.81,0.029511171985305628,0.05511819475358947,0.04239302989333843,0.11979316307974015,0.06234508474453528,0.03128523419911699,0.08287827911642728,0.11014442655105149,0.127340352924911,,,,,,,SRB00040
2022-10-03,3340.95,4.64,14.65,0.0289656376885862,0.0549046941163679,0.0424139480173406,0.1195530024125439,0.0619031400054498,0.0309932366437182,0.08378766319173947,0.11033538405928267,0.12746377915993773,,,,,,,SRB00040
2022-10-04,3498.45,0.13,12.83,0.03492701606580127,0.05984753951959152,0.04665324227200074,0.12081570052027239,0.06399145475422653,0.032779652039588866,0.08469704726705166,0.11052634156751387,0.12758720539496446,,,,,,,SRB00040
2022-10-05,3604.79,0.0,12.69,0.040888394443016354,0.06479038492281515,0.05089253652666088,0.12207839862800089,0.06607976950300326,0.03456606743545953,0.08560643134236386,0.11071729907574505,0.1277106316299912,,,,,,,SRB00040
2022-10-06,3783.43,0.0,14.87,0.04684977282023142,0.06973323032603877,0.055131830781321015,0.12334109673572939,0.06816808425177998,0.03635248283133019,0.08651581541767604,0.11090825658397625,0.12783405786501792,,,,,,,SRB00040
2022-10-07,4334.11,0.01,15.28,0.052811151197446504,0.0746760757292624,0.059371125035981145,0.1246037948434579,0.0702563990005567,0.03813889822720085,0.08742519949298824,0.11109921409220744,0.12795748410004465,,,,,,,SRB00040
2022-10-08,4697.94,0.0,16.02,0.05877252957466157,0.07961892113248602,0.06361041929064129,0.1258664929511864,0.07234471374933343,0.039925313623071515,0.08833458356830043,0.11129017160043864,0.1280809103350714,,,,,,,SRB00040
2022-10-09,4455.56,0.0,15.85,0.06473390795187665,0.08456176653570965,0.06784971354530142,0.1271291910589149,0.07443302849811015,0.04171172901894218,0.08924396764361262,0.11148112910866982,0.12820433657009814,,,,,,,SRB00040
2022-10-10,4026.17,0.0,13.77,0.07069528632909172,0.08950461193893328,0.07208900779996157,0.1283918891666434,0.07652134324688688,0.04349814441481284,0.09015335171892482,0.11167208661690102,0.12832776280512487,,,,,,,SRB00040
2022-10-11,3621.43,0.01,15.29,0.0766566647063068,0.0944474573421569,0.0763283020546217,0.1296545872743719,0.0786096579956636,0.0452845598106835,0.091062735794237,0.1118630441251322,0.1284511890401516,,,,,,,SRB00040
2022-10-12,3295.1,0.13,15.91,0.07066230021360248,0.09036400286648869,0.07310713242877116,0.12471553964102584,0.07708105825374985,0.04400144436117654,0.0872267781700729,0.10728362794504895,0.12296177476365476,,,,,,,SRB00040
2022-10-13,3032.89,0.13,15.09,0.06466793572089816,0.08628054839082046,0.06988596280292061,0.11977649200767979,0.07555245851183609,0.04271832891166958,0.08339082054590881,0.10270421176496568,0.11747236048715792,,,,,,,SRB00040
2022-10-14,2850.02,0.0,13.79,0.05867357122819384,0.08219709391515224,0.06666479317707008,0.11483744437433371,0.07402385876992232,0.04143521346216262,0.0795548629217447,0.09812479558488242,0.11198294621066107,,,,,,,SRB00040
2022-10-15,2721.7,0.0,13.41,0.05267920673548952,0.07811363943948402,0.06344362355121953,0.10989839674098766,0.07249525902800856,0.04015209801265566,0.0757189052975806,0.09354537940479915,0.10649353193416423,,,,,,,SRB00040
2022-10-16,2599.16,0.0,13.94,0.0466848422427852,0.0740301849638158,0.060222453925369,0.1049593491076416,0.0709666592860948,0.0388689825631487,0.0718829476734165,0.0889659632247159,0.1010041176576674,,,,,,,SRB00040
2022-10-17,2487.86,0.0,13.9,0.04622013375529118,0.07328133158857605,0.059562888203214315,0.10413731210605576,0.07099383499026471,0.03901471088771638,0.0715695867389159,0.08839403740021251,0.10026026543007059,,,,,,,SRB00040
2022-10-18,2381.32,0.0,13.01,0.04575542526779717,0.0725324782133363,0.058903322481059624,0.10331527510446992,0.07102101069443463,0.03916043921228407,0.0712562258044153,0.08782211157570913,0.09951641320247379,,,,,,,SRB00040
2022-10-19,2311.07,0.0,13.2,0.04529071678030315,0.07178362483809655,0.05824375675890493,0.10249323810288409,0.07104818639860455,0.039306167536851754,0.07094286486991472,0.08725018575120576,0.09877256097487698,,,,,,,SRB00040
2022-10-20,2316.39,0.0,10.13,0.04482600829280913,0.0710347714628568,0.05758419103675025,0.10167120110129825,0.07107536210277446,0.03945189586141944,0.07062950393541412,0.08667825992670238,0.09802870874728017,,,,,,,SRB00040
2022-10-21,2442.43,0.0,11.43,0.04436129980531512,0.07028591808761706,0.056924625314595564,0.10084916409971241,0.07110253780694437,0.039597624185987126,0.07031614300091352,0.08610633410219899,0.09728485651968335,,,,,,,SRB00040
2022-10-22,2551.7,1.26,17.0,0.0438965913178211,0.0695370647123773,0.05626505959244087,0.10002712709812657,0.07112971351111429,0.03974335251055481,0.07000278206641292,0.08553440827769561,0.09654100429208655,,,,,,,SRB00040
2022-10-23,2510.89,0.22,15.73,0.04343188283032709,0.06878821133713756,0.05560549387028618,0.09920509009654073,0.07115688921528421,0.0398890808351225,0.06968942113191232,0.08496248245319224,0.09579715206448974,,,,,,,SRB00040
2022-10-24,2392.32,0.03,18.68,0.04296717434283307,0.0680393579618978,0.0549459281481315,0.0983830530949549,0.07118406491945412,0.04003480915969018,0.06937606019741173,0.08439055662868886,0.09505329983689294,9.0,0.078,1.22799296,401.0,1.3,,SRB00040
2022-10-25,2289.87,0.37,15.68,0.04250246585533905,0.06729050458665806,0.054286362425976814,0.09756101609336906,0.07121124062362402,0.04018053748425787,0.06906269926291113,0.08381863080418547,0.09430944760929613,,,,,,,SRB00040
2022-10-26,2217.2,0.01,14.91,0.04203775736784504,0.0665416512114183,0.05362679670382212,0.09673897909178322,0.07123841632779394,0.040326265808825555,0.06874933832841053,0.08324670497968209,0.09356559538169933,,,,,,,SRB00040
2022-10-27,2176.71,0.0,15.2,0.04157304888035102,0.06579279783617856,0.05296723098166743,0.09591694209019738,0.07126559203196386,0.04047199413339324,0.06843597739390993,0.08267477915517871,0.09282174315410252,,,,,,,SRB00040
2022-10-28,2191.81,0.02,14.37,0.041108340392857004,0.06504394446093881,0.05230766525951275,0.09509490508861156,0.07129276773613377,0.04061772245796093,0.06812261645940934,0.08210285333067534,0.0920778909265057,,,,,,,SRB00040
2022-10-29,2311.07,0.06,13.67,0.04064363190536299,0.06429509108569904,0.051648099537358064,0.09427286808702572,0.07131994344030368,0.04076345078252861,0.06780925552490874,0.08153092750617195,0.0913340386989089,,,,,,,SRB00040
2022-10-30,2569.4,0.05,13.65,0.040178923417868974,0.0635462377104593,0.05098853381520337,0.09345083108543988,0.0713471191444736,0.0409091791070963,0.06749589459040814,0.08095900168166857,0.09059018647131209,,,,,,,SRB00040
2022-10-31,2778.71,0.05,13.01,0.039714214930374955,0.06279738433521954,0.05032896809304868,0.09262879408385404,0.07137429484864352,0.041054907431663984,0.06718253365590754,0.08038707585716519,0.08984633424371528,,,,,,,SRB00040
2022-11-01,2772.32,0.02,14.81,0.039249506442880944,0.0620485309599798,0.049669402370894,0.0918067570822682,0.07140147055281343,0.04120063575623167,0.06686917272140694,0.07981515003266182,0.08910248201611848,,,,,,,SRB00040
2022-11-02,2635.33,0.11,11.4,0.038784797955386925,0.06129967758474005,0.04900983664873931,0.09098472008068237,0.07142864625698334,0.04134636408079936,0.06655581178690635,0.07924322420815844,0.08835862978852167,,,,,,,SRB00040
2022-11-03,2482.13,0.02,12.67,0.03832008946789291,0.0605508242095003,0.04835027092658462,0.09016268307909653,0.07145582196115326,0.04149209240536704,0.06624245085240575,0.07867129838365505,0.08761477756092487,,,,,,,SRB00040
2022-11-04,2337.84,0.94,13.39,0.037855380980398895,0.05980197083426055,0.04769070520442993,0.08934064607751069,0.07148299766532318,0.04163782072993472,0.06592908991790515,0.07809937255915167,0.08687092533332806,,,,,,,SRB00040
2022-11-05,2212.09,9.95,10.63,0.037390672492904876,0.059053117459020796,0.04703113948227525,0.08851860907592485,0.07151017336949309,0.04178354905450241,0.06561572898340455,0.0775274467346483,0.08612707310573126,,,,,,,SRB00040
2022-11-06,2122.24,1.79,10.69,0.036925964005410865,0.058304264083781046,0.04637157376012056,0.08769657207433901,0.07153734907366299,0.041929277379070096,0.06530236804890395,0.07695552091014492,0.08538322087813444,,,,,,,SRB00040
2022-11-07,2064.38,0.87,10.48,0.036461255517916846,0.057555410708541296,0.04571200803796587,0.08687453507275318,0.07156452477783291,0.042075005703637786,0.06498900711440336,0.07638359508564153,0.08463936865053763,,,,,,,SRB00040
2022-11-08,2054.89,0.04,9.74,0.03599654703042283,0.05680655733330155,0.04505244231581118,0.08605249807116734,0.07159170048200283,0.04222073402820547,0.06467564617990276,0.07581166926113815,0.08389551642294082,,,,,,,SRB00040
2022-11-09,2132.04,0.02,10.42,0.035531838542928816,0.0560577039580618,0.0443928765936565,0.0852304610695815,0.07161887618617274,0.04236646235277315,0.06436228524540216,0.07523974343663477,0.08315166419534402,,,,,,,SRB00040
2022-11-10,2359.48,0.03,10.58,0.0350671300554348,0.05530885058282205,0.04373331087150181,0.08440842406799566,0.07164605189034265,0.04251219067734084,0.06404892431090156,0.0746678176121314,0.08240781196774721,,,,,,,SRB00040
2022-11-11,2605.15,0.04,9.19,0.03460242156794078,0.0545599972075823,0.04307374514934712,0.08358638706640982,0.07167322759451257,0.042657919001908524,0.06373556337640096,0.07409589178762802,0.08166395974015041,,,,,,,SRB00040
2022-11-12,2623.22,0.03,8.86,0.03413771308044677,0.05381114383234255,0.04241417942719243,0.082764350064824,0.07170040329868249,0.042803647326476214,0.06342220244190037,0.07352396596312463,0.0809201075125536,,,,,,,SRB00040
2022-11-13,2493.6,0.0,8.63,0.03367300459295275,0.0530622904571028,0.041754613705037746,0.08194231306323815,0.0717275790028524,0.0429493756510439,0.06310884150739977,0.07295204013862125,0.08017625528495678,,,,,,,SRB00040
2022-11-14,2343.23,0.01,8.97,0.03497661974954948,0.053853967263006466,0.04257710714299218,0.0815986302772739,0.07231890990410275,0.043833942798272796,0.06279548057289917,0.07238011431411788,0.07943240305735998,,,,,,,SRB00040
2022-11-15,2217.2,0.85,9.93,0.03628023490614621,0.054645644068910135,0.04339960058094661,0.08125494749130965,0.0729102408053531,0.044718509945501694,0.06248211963839858,0.0718081884896145,0.07868855082976317,,,,,,,SRB00040
2022-11-16,2122.24,9.03,10.32,0.03758385006274294,0.055437320874813796,0.04422209401890104,0.08091126470534542,0.07350157170660344,0.0456030770927306,0.06216875870389798,0.07123626266511111,0.07794469860216637,,,,,,,SRB00040
2022-11-17,2059.63,2.01,7.94,0.03888746521933967,0.056228997680717464,0.04504458745685547,0.08056758191938117,0.0740929026078538,0.0464876442399595,0.061855397769397386,0.07066433684060773,0.07720084637456956,,,,,,,SRB00040
2022-11-18,2008.09,19.91,8.61,0.0401910803759364,0.05702067448662113,0.0458670808948099,0.08022389913341692,0.07468423350910415,0.0473722113871884,0.061542036834896785,0.07009241101610435,0.07645699414697275,,,,,,,SRB00040
2022-11-19,1971.42,9.92,6.01,0.04149469553253312,0.0578123512925248,0.04668957433276433,0.07988021634745268,0.07527556441035449,0.0482567785344173,0.061228675900396184,0.06952048519160098,0.07571314191937595,,,,,,,SRB00040
2022-11-20,1948.84,4.34,3.77,0.04279831068912985,0.05860402809842847,0.04751206777071875,0.07953653356148843,0.07586689531160484,0.0491413456816462,0.06091531496589559,0.0689485593670976,0.07496928969177914,,,,,,,SRB00040
2022-11-21,1930.97,0.63,2.85,0.04410192584572658,0.05939570490433214,0.04833456120867318,0.07919285077552418,0.0764582262128552,0.0500259128288751,0.06060195403139499,0.06837663354259421,0.07422543746418234,,,,,,,SRB00040
2022-11-22,1939.89,6.08,4.86,0.04540554100232331,0.0601873817102358,0.04915705464662761,0.07884916798955993,0.07704955711410555,0.050910479976104,0.0602885930968944,0.06780470771809083,0.07348158523658552,,,,,,,SRB00040
2022-11-23,2031.36,1.66,5.69,0.04670915615892004,0.06097905851613947,0.04997954808458204,0.07850548520359568,0.0776408880153559,0.051795047123332896,0.059975232162393796,0.06723278189358746,0.07273773300898871,10.3,0.164,1.18961818,442.0,2.2,,SRB00040
2022-11-24,2268.86,0.45,4.94,0.04801277131551677,0.061770735322043135,0.05080204152253647,0.07816180241763145,0.07823221891660624,0.0526796142705618,0.059661871227893196,0.06666085606908408,0.0719938807813919,,,,,,,SRB00040
2022-11-25,2551.7,0.05,4.42,0.0493163864721135,0.0625624121279468,0.0516245349604909,0.0778181196316672,0.0788235498178566,0.0535641814177907,0.0593485102933926,0.0660889302445807,0.0712500285537951,,,,,,,SRB00040
2022-11-26,2684.34,0.09,3.71,0.06150441680626302,0.07372688344056036,0.063676617486131,0.09215102948620918,0.09494550658941411,0.07303239827334664,0.07341321059876807,0.08049211538538595,0.08539959517731381,,,,,,,SRB00040
2022-11-27,2721.7,0.1,5.32,0.07369244714041254,0.0848913547531739,0.0757287000117711,0.10648393934075115,0.11106746336097162,0.09250061512890258,0.08747791090414354,0.09489530052619122,0.09954916180083252,,,,,,,SRB00040
2022-11-28,2734.27,0.01,2.77,0.08588047747456205,0.09605582606578746,0.0877807825374112,0.12081684919529313,0.12718942013252912,0.11196883198445852,0.101542611209519,0.10929848566699647,0.11369872842435123,,,,,,,SRB00040
2022-11-29,2746.89,0.05,2.89,0.09806850780871157,0.107220297378401,0.0998328650630513,0.13514975904983512,0.14331137690408663,0.13143704884001445,0.11560731151489448,0.12370167080780173,0.12784829504786993,,,,,,,SRB00040
2022-11-30,2753.23,0.78,4.05,0.1102565381428611,0.11838476869101455,0.11188494758869139,0.1494826689043771,0.15943333367564416,0.1509052656955704,0.12967201182026994,0.138104855948607,0.14199786167138867,,,,,,,SRB00040
2022-12-01,2715.44,0.17,4.03,0.12244456847701062,0.1295492400036281,0.12393703011433149,0.16381557875891908,0.17555529044720167,0.17037348255112633,0.14373671212564543,0.15250804108941224,0.15614742829490735,,,,,,,SRB00040
2022-12-02,2623.22,0.95,2.34,0.13463259881116013,0.14071371131624166,0.1359891126399716,0.17814848861346105,0.19167724721875917,0.18984169940668227,0.1578014124310209,0.1669112262302175,0.1702969949184261,,,,,,,SRB00040
2022-12-03,2493.6,0.01,3.39,0.14682062914530966,0.15187818262885522,0.14804119516561168,0.19248139846800305,0.2077992039903167,0.20930991626223822,0.17186611273639635,0.18131441137102278,0.18444656154194478,,,,,,,SRB00040
2022-12-04,2354.05,0.72,4.99,0.15900865947945916,0.16304265394146875,0.16009327769125178,0.20681430832254502,0.2239211607618742,0.22877813311779416,0.18593081304177184,0.19571759651182802,0.19859612816546351,,,,,,,SRB00040
2022-12-05,2227.44,0.14,5.32,0.1711966898136087,0.1742071252540823,0.1721453602168919,0.221147218177087,0.2400431175334317,0.2482463499733501,0.1999955133471473,0.2101207816526333,0.2127456947889822,,,,,,,SRB00040
2022-12-06,2127.14,3.18,4.77,0.16483944163804595,0.16820922008649533,0.16577880429893077,0.2115574795766567,0.22884001273065002,0.23509488067853201,0.19180010689472418,0.2007042897819489,0.2034823004774326,,,,,,,SRB00040
2022-12-07,2054.89,2.39,3.38,0.1584821934624832,0.16221131491890833,0.15941224838096968,0.2019677409762264,0.21763690792786836,0.22194341138371393,0.1836047004423011,0.1912877979112645,0.194218906165883,,,,,,,SRB00040
2022-12-08,2003.47,2.12,3.48,0.15212494528692047,0.15621340975132136,0.1530456924630086,0.1923780023757961,0.20643380312508666,0.20879194208889582,0.17540929398987798,0.1818713060405801,0.18495551185433337,,,,,,,SRB00040
2022-12-09,1971.42,2.06,8.73,0.14576769711135773,0.1502155045837344,0.14667913654504747,0.1827882637753658,0.195230698322305,0.19564047279407773,0.16721388753745486,0.17245481416989572,0.17569211754278377,,,,,,,SRB00040
2022-12-10,1953.34,15.12,10.12,0.139410448935795,0.1442175994161474,0.14031258062708635,0.17319852517493553,0.18402759351952333,0.18248900349925964,0.15901848108503178,0.16303832229921134,0.16642872323123417,,,,,,,SRB00040
2022-12-11,1985.1,10.61,1.87,0.13305320076023225,0.13821969424856043,0.13394602470912526,0.16360878657450523,0.17282448871674166,0.16933753420444153,0.15082307463260866,0.15362183042852695,0.15716532891968454,,,,,,,SRB00040
2022-12-12,2088.3,0.72,-1.61,0.1266959525846695,0.13222178908097343,0.12757946879116416,0.15401904797407492,0.16162138391396,0.15618606490962345,0.14262766818018555,0.14420533855784254,0.14790193460813494,,,,,,,SRB00040
2022-12-13,2232.57,0.0,-2.89,0.12033870440910677,0.12622388391338646,0.12121291287320304,0.14442930937364462,0.15041827911117833,0.14303459561480536,0.13443226172776246,0.13478884668715815,0.13863854029658534,,,,,,,SRB00040
2022-12-14,2311.07,0.84,0.05,0.11398145623354404,0.12022597874579947,0.11484635695524194,0.13483957077321435,0.13921517430839664,0.12988312631998727,0.12623685527533934,0.12537235481647377,0.12937514598503574,,,,,,,SRB00040
2022-12-15,2300.44,0.65,2.74,0.1076242080579813,0.11422807357821249,0.10847980103728083,0.12524983217278404,0.12801206950561497,0.11673165702516917,0.11804144882291623,0.11595586294578937,0.12011175167348613,,,,,,,SRB00040
2022-12-16,2222.31,2.73,10.59,0.10126695988241856,0.10823016841062552,0.10211324511931973,0.11566009357235375,0.1168089647028333,0.10358018773035108,0.10984604237049313,0.10653937107510497,0.11084835736193652,,,,,,,SRB00040
2022-12-17,2132.04,12.2,1.29,0.09490971170685582,0.10223226324303854,0.09574668920135862,0.10607035497192346,0.10560585990005164,0.09042871843553299,0.10165063591807003,0.09712287920442059,0.10158496305038692,,,,,,,SRB00040
2022-12-18,2036.04,0.0,-2.34,0.08855246353129308,0.09623435807545155,0.08938013328339751,0.09648061637149316,0.09440275509726996,0.0772772491407149,0.09345522946564691,0.0877063873337362,0.09232156873883732,,,,,,,SRB00040
2022-12-19,1939.89,0.0,-1.7,0.08219521535573034,0.09023645290786458,0.08301357736543641,0.08689087777106287,0.0831996502944883,0.0641257798458968,0.08525982301322381,0.0782898954630518,0.0830581744272877,,,,,,,SRB00040
2022-12-20,1856.8,0.0,-0.98,0.0758379671801676,0.0842385477402776,0.0766470214474753,0.0773011391706326,0.0719965454917066,0.0509743105510787,0.0770644165608007,0.0688734035923674,0.0737947801157381,,,,,,,SRB00040
2022-12-21,1793.73,0.04,1.74,0.06474218449558984,0.07492016369506978,0.06810211421433142,0.07214329261617447,0.0709344854004945,0.04976197874796158,0.06969953755876078,0.06348662462078511,0.06840923329552878,,,,,,,SRB00040
2022-12-22,1748.85,1.44,3.8,0.05364640181101207,0.06560177964986197,0.05955720698118754,0.06698544606171636,0.06987242530928241,0.04854964694484446,0.06233465855672086,0.0580998456492028,0.06302368647531946,,,,,,,SRB00040
2022-12-23,1712.96,0.3,6.63,0.04255061912643432,0.056283395604654146,0.051012299748043666,0.06182759950725824,0.0688103652180703,0.047337315141727336,0.054969779554680936,0.052713066677620504,0.057638139655110145,,,,,,,SRB00040
2022-12-24,1670.09,2.23,8.28,0.03145483644185656,0.046965011559446324,0.04246739251489978,0.05666975295280012,0.0677483051268582,0.04612498333861022,0.04760490055264102,0.0473262877060382,0.05225259283490082,,,,,,,SRB00040
2022-12-25,1624.55,0.02,6.02,0.0203590537572788,0.0376466275142385,0.0339224852817559,0.051511906398342,0.0666862450356461,0.0449126515354931,0.0402400215506011,0.0419395087344559,0.0468670460146915,,,,,,,SRB00040
2022-12-26,1591.21,0.02,10.64,0.021081857659831192,0.03762579334967886,0.03416922647758844,0.05033480739920427,0.06465080522704683,0.04395128817692554,0.04000737298069544,0.04105315363144177,0.04567619836271519,12.3,0.08,1.92776836,489.0,2.5,,SRB00040
2022-12-27,1628.3,3.43,7.89,0.02180466156238358,0.03760495918511922,0.03441596767342098,0.049157708400066544,0.06261536541844756,0.04298992481835798,0.03977472441078978,0.04016679852842764,0.04448535071073888,,,,,,,SRB00040
2022-12-28,2181.73,0.0,2.64,0.02252746546493597,0.03758412502055958,0.03466270886925352,0.04798060940092881,0.06057992560984829,0.04202856145979042,0.03954207584088412,0.03928044342541351,0.04329450305876257,,,,,,,SRB00040
2022-12-29,3279.95,0.1,5.73,0.02325026936748836,0.03756329085599994,0.034909450065086056,0.04680351040179108,0.05854448580124902,0.041067198101222856,0.03930942727097846,0.03839408832239938,0.04210365540678626,,,,,,,SRB00040
2022-12-30,3731.5,0.37,8.09,0.02397307327004075,0.0375424566914403,0.0351561912609186,0.045626411402653354,0.056509045992649755,0.0401058347426553,0.0390767787010728,0.03750773321938525,0.040912807754809946,,,,,,,SRB00040
2022-12-31,3827.25,0.01,8.89,0.024695877172593143,0.03752162252688066,0.03540293245675114,0.04444931240351562,0.054473606184050484,0.03914447138408774,0.03884413013116714,0.036621378116371124,0.03972196010283364,,,,,,,SRB00040
2023-01-01,3722.92,0.0,10.03,0.02541868107514553,0.03750078836232102,0.03564967365258368,0.04327221340437789,0.05243816637545121,0.03818310802552018,0.03861148156126148,0.035735023013356994,0.03853111245085733,,,,,,,SRB00040
2023-01-02,3506.52,0.0,9.63,0.026141484977697922,0.03747995419776138,0.03589641484841622,0.042095114405240164,0.05040272656685194,0.03722174466695262,0.03837883299135582,0.03484866791034286,0.037340264798881015,,,,,,,SRB00040
2023-01-03,3234.94,0.03,7.1,0.02686428888025031,0.03745912003320174,0.03614315604424876,0.04091801540610243,0.04836728675825267,0.036260381308385055,0.03814618442145016,0.03396231280732873,0.03614941714690471,,,,,,,SRB00040
2023-01-04,2991.27,0.06,5.36,0.0275870927828027,0.0374382858686421,0.0363898972400813,0.0397409164069647,0.0463318469496534,0.0352990179498175,0.0379135358515445,0.0330759577043146,0.0349585694949284,,,,,,,SRB00040
2023-01-05,2778.71,0.02,6.19,0.027712646969180636,0.04183275355320647,0.040205140871918864,0.04549189393450027,0.051742414878205405,0.0370831776289036,0.04300191866643439,0.038276094517069884,0.04016502101960085,,,,,,,SRB00040
2023-01-06,2611.16,0.0,7.29,0.027838201155558566,0.04622722123777083,0.044020384503756435,0.05124287146203583,0.0571529828067574,0.0388673373079897,0.048090301481324274,0.04347623132982517,0.0453714725442733,,,,,,,SRB00040
2023-01-07,2493.6,0.03,4.81,0.0279637553419365,0.0506216889223352,0.047835628135594,0.0569938489895714,0.0625635507353094,0.0406514969870758,0.05317868429621416,0.04867636814258045,0.05057792406894576,,,,,,,SRB00040
2023-01-08,2420.03,0.01,7.2,0.03343703772346651,0.05560034789206609,0.052741798130858344,0.062293940886818534,0.0649002160495866,0.04320141862585984,0.05826706711110405,0.05387650495533573,0.055784375593618214,,,,,,,SRB00040
2023-01-09,2381.32,9.43,7.56,0.03891032010499653,0.06057900686179697,0.05764796812612269,0.06759403278406567,0.06723688136386378,0.04575134026464388,0.06335544992599393,0.05907664176809102,0.060990827118290666,,,,,,,SRB00040
2023-01-10,2397.83,4.43,5.37,0.04438360248652654,0.06555766583152786,0.06255413812138703,0.07289412468131282,0.06957354667814097,0.04830126190342792,0.06844383274088382,0.06427677858084631,0.06619727864296313,,,,,,,SRB00040
2023-01-11,2476.42,7.3,4.47,0.04985688486805656,0.07053632480125875,0.06746030811665138,0.07819421657855995,0.07191021199241816,0.05085118354221196,0.0735322155557737,0.06947691539360158,0.07140373016763557,,,,,,,SRB00040
2023-01-12,2569.4,0.11,3.46,0.05533016724958657,0.07551498377098964,0.07236647811191572,0.08349430847580708,0.07424687730669535,0.053401105180996,0.0786205983706636,0.07467705220635687,0.07661018169230803,,,,,,,SRB00040
2023-01-13,2629.27,0.02,3.7,0.060803449631116585,0.08049364274072053,0.07727264810718007,0.08879440037305422,0.07658354262097254,0.055951026819780036,0.08370898118555348,0.07987718901911216,0.08181663321698049,,,,,,,SRB00040
2023-01-14,2629.27,1.24,4.47,0.0662767320126466,0.08547230171045142,0.08217881810244441,0.09409449227030137,0.07892020793524973,0.05850094845856408,0.08879736400044336,0.08507732583186743,0.08702308474165293,,,,,,,SRB00040
2023-01-15,2629.27,0.3,3.81,0.07175001439417661,0.0904509606801823,0.08708498809770876,0.0993945841675485,0.0812568732495269,0.06105087009734812,0.09388574681533325,0.09027746264462272,0.0922295362663254,,,,,,,SRB00040
2023-01-16,2629.27,1.85,5.65,0.07722329677570663,0.09542961964991319,0.09199115809297309,0.10469467606479563,0.0835935385638041,0.06360079173613216,0.09897412963022313,0.095477599457378,0.09743598779099785,,,,,,,SRB00040
2023-01-17,2587.21,5.04,8.65,0.08269657915723665,0.10040827861964408,0.09689732808823744,0.10999476796204277,0.08593020387808128,0.0661507133749162,0.10406251244511303,0.10067773627013328,0.1026424393156703,,,,,,,SRB00040
2023-01-18,2534.13,5.52,10.24,0.08816986153876666,0.10538693758937497,0.10180349808350178,0.11529485985928992,0.08826686919235847,0.06870063501370025,0.1091508952600029,0.10587787308288857,0.10784889084034276,,,,,,,SRB00040
2023-01-19,2569.4,4.51,4.65,0.09364314392029667,0.11036559655910586,0.10670966807876613,0.12059495175653705,0.09060353450663566,0.07125055665248428,0.1142392780748928,0.11107800989564386,0.1130553423650152,,,,,,,SRB00040
2023-01-20,2690.54,8.06,-0.09,0.09911642630182668,0.11534425552883674,0.11161583807403047,0.12589504365378418,0.09294019982091285,0.07380047829126832,0.11932766088978268,0.11627814670839914,0.11826179388968766,,,,,,,SRB00040
2023-01-21,2785.12,4.83,-0.45,0.10458970868335671,0.12032291449856763,0.11652200806929482,0.13119513555103132,0.09527686513519004,0.07635039993005235,0.12441604370467256,0.12147828352115442,0.12346824541436012,,,,,,,SRB00040
2023-01-22,2785.12,2.43,1.7,0.11006299106488672,0.1253015734682985,0.12142817806455916,0.13649522744827847,0.09761353044946723,0.0789003215688364,0.12950442651956245,0.1266784203339097,0.12867469693903258,,,,,,,SRB00040
2023-01-23,2709.19,8.26,3.76,0.11553627344641673,0.13028023243802941,0.12633434805982352,0.14179531934552558,0.09995019576374442,0.08145024320762044,0.13459280933445233,0.131878557146665,0.13388114846370502,,,,,,,SRB00040
2023-01-24,2605.15,1.43,2.15,0.12100955582794674,0.1352588914077603,0.13124051805508785,0.14709541124277273,0.10228686107802161,0.08400016484640448,0.13968119214934221,0.13707869395942027,0.13908759998837747,,,,,,,SRB00040
2023-01-25,2505.11,0.04,0.11,0.12648283820947676,0.1402375503774912,0.13614668805035218,0.15239550314001987,0.1046235263922988,0.08655008648518853,0.14476957496423212,0.14227883077217554,0.14429405151304994,,,,,,,SRB00040
2023-01-26,2397.83,1.46,-0.12,0.13195612059100678,0.14521620934722207,0.14105285804561654,0.15769559503726702,0.10696019170657599,0.08910000812397256,0.149857957779122,0.14747896758493084,0.1495005030377224,11.4,0.176,2.31828818,452.0,4.3,,SRB00040
2023-01-27,2305.75,4.74,-0.44,0.13742940297253678,0.15019486831695295,0.14595902804088087,0.16299568693451416,0.10929685702085318,0.0916499297627566,0.15494634059401188,0.15267910439768612,0.15470695456239483,,,,,,,SRB00040
2023-01-28,2217.2,1.13,-0.28,0.1429026853540668,0.15517352728668385,0.15086519803614523,0.16829577883176128,0.11163352233513037,0.09419985140154064,0.16003472340890176,0.1578792412104414,0.15991340608706728,,,,,,,SRB00040
2023-01-29,2112.49,0.14,-0.82,0.14837596773559683,0.16015218625641472,0.15577136803140956,0.17359587072900842,0.11397018764940756,0.09674977304032469,0.16512310622379164,0.1630793780231967,0.16511985761173975,,,,,,,SRB00040
2023-01-30,2012.72,0.34,-1.22,0.15384925011712683,0.16513084522614563,0.16067753802667392,0.17889596262625557,0.11630685296368475,0.09929969467910872,0.17021148903868155,0.16827951483595197,0.1703263091364122,,,,,,,SRB00040
2023-01-31,1935.42,0.2,1.83,0.15932253249865685,0.1701095041958765,0.16558370802193825,0.18419605452350268,0.11864351827796193,0.10184961631789276,0.17529987185357143,0.17347965164870727,0.17553276066108464,,,,,,,SRB00040
2023-02-01,1869.68,0.16,3.03,0.16479581488018685,0.1750881631656074,0.1704898780172026,0.18949614642074983,0.12098018359223911,0.10439953795667681,0.1803882546684613,0.17867978846146254,0.18073921218575711,,,,,,,SRB00040
2023-02-02,1802.02,0.56,3.32,0.17026909726171688,0.18006682213533828,0.17539604801246694,0.19479623831799697,0.1233168489065163,0.10694945959546084,0.1854766374833512,0.18387992527421781,0.18594566371042956,,,,,,,SRB00040
2023-02-03,1736.8,3.04,2.95,0.1757423796432469,0.1850454811050692,0.1803022180077313,0.2000963302152441,0.1256535142207935,0.1094993812342449,0.1905650202982411,0.1890800620869731,0.191152115235102,,,,,,,SRB00040
2023-02-04,1685.55,1.82,2.53,0.19137716716293407,0.19738639119345977,0.19292484047444633,0.2132936629525945,0.15638750585102454,0.13686038236036707,0.202658531172729,0.2007385930593252,0.20319636428030366,,,,,,,SRB00040
2023-02-05,1689.44,0.02,-1.73,0.20701195468262126,0.20972730128185035,0.20554746294116139,0.22649099568994488,0.18712149748125556,0.16422138348648924,0.2147520420472169,0.2123971240316773,0.21524061332550531,,,,,,,SRB00040
2023-02-06,1985.1,0.51,-2.96,0.22264674220230843,0.22206821137024094,0.2181700854078764,0.2396883284272953,0.2178554891114866,0.1915823846126114,0.22684555292170477,0.2240556550040294,0.227284862370707,,,,,,,SRB00040
2023-02-07,2909.72,0.07,-3.48,0.23828152972199562,0.23440912145863152,0.23079270787459144,0.25288566116464567,0.24858948074171766,0.21894338573873356,0.23893906379619267,0.2357141859763815,0.23932911141590865,,,,,,,SRB00040
2023-02-08,3474.36,0.02,-2.59,0.2539163172416828,0.2467500315470221,0.2434153303413065,0.2660829939019961,0.2793234723719487,0.2463043868648557,0.2510325746706806,0.2473727169487336,0.2513733604611103,,,,,,,SRB00040
2023-02-09,3490.4,0.0,-2.64,0.21386878170473128,0.21156926249331798,0.20765112868621988,0.22675013184100393,0.24000533112383707,0.2083922182291456,0.214327978942328,0.20983102798672873,0.21383863645107515,,,,,,,SRB00040
2023-02-10,3356.38,0.0,-1.96,0.1738212461677798,0.17638849343961388,0.17188692703113329,0.18741726978001177,0.20068718987572542,0.1704800495934355,0.17762338321397542,0.17228933902472385,0.17630391244104002,,,,,,,SRB00040
2023-02-11,3175.87,0.0,-0.9,0.13377371063082832,0.14120772438590976,0.1361227253760467,0.1480844077190196,0.16136904862761378,0.1325678809577254,0.14091878748562287,0.13474765006271897,0.1387691884310049,,,,,,,SRB00040
2023-02-12,2950.21,0.15,2.29,0.09372617509387682,0.10602695533220563,0.10035852372096007,0.10875154565802744,0.12205090737950214,0.0946557123220153,0.10421419175727029,0.09720596110071408,0.10123446442096973,,,,,,,SRB00040
2023-02-13,2702.96,0.01,2.56,0.0536786395569253,0.0708461862785015,0.0645943220658735,0.0694186835970353,0.0827327661313905,0.0567435436863052,0.0675095960289177,0.0596642721387092,0.0636997404109346,,,,,,,SRB00040
2023-02-14,2465.04,0.04,2.78,0.05077998232737392,0.06919184197775903,0.06308886749328482,0.0707971335616122,0.08347088056365015,0.0565506953584054,0.06804300673468745,0.06076224814550601,0.0649447612251485,,,,,,,SRB00040
2023-02-15,2253.24,0.01,2.91,0.04788132509782255,0.06753749767701656,0.06158341292069615,0.07217558352618911,0.0842089949959098,0.0563578470305056,0.0685764174404572,0.06186022415230282,0.06618978203936242,,,,,,,SRB00040
2023-02-16,2078.7,0.0,4.09,0.04498266786827118,0.06588315337627408,0.060077958348107474,0.073554033490766,0.08494710942816944,0.0561649987026058,0.06910982814622696,0.06295820015909963,0.06743480285357634,,,,,,,SRB00040
2023-02-17,1939.89,0.02,5.92,0.042084010638719804,0.0642288090755316,0.0585725037755188,0.0749324834553429,0.0856852238604291,0.055972150374706,0.0696432388519967,0.06405617616589644,0.06867982366779024,,,,,,,SRB00040
2023-02-18,1835.54,0.01,9.21,0.04250703266844438,0.06448759038185688,0.059454090232245085,0.0764721322153368,0.08931480291258405,0.059639252896957866,0.07017664955776645,0.06515415217269326,0.06992484448200414,,,,,,,SRB00040
2023-02-19,1760.98,0.12,9.19,0.04293005469816897,0.06474637168818213,0.060335676688971364,0.0780117809753307,0.09294438196473899,0.06330635541920973,0.0707100602635362,0.06625212817949006,0.07116986529621806,,,,,,,SRB00040
2023-02-20,1701.16,0.1,7.41,0.043353076727893555,0.0650051529945074,0.06121726314569765,0.0795514297353246,0.09657396101689394,0.0669734579414616,0.07124347096930594,0.06735010418628687,0.07241488611043198,,,,,,,SRB00040
2023-02-21,1650.96,0.0,9.71,0.043776098757618134,0.06526393430083267,0.062098849602423935,0.0810910784953185,0.1002035400690489,0.07064056046371348,0.0717768816750757,0.06844808019308368,0.07365990692464588,,,,,,,SRB00040
2023-02-22,1635.82,0.02,8.83,0.04419912078734271,0.06552271560715793,0.06298043605915021,0.0826307272553124,0.10383311912120384,0.07430766298596533,0.07231029238084545,0.06954605619988048,0.07490492773885979,,,,,,,SRB00040
2023-02-23,1844.02,0.05,8.87,0.0446221428170673,0.0657814969134832,0.0638620225158765,0.0841703760153063,0.1074626981733588,0.0779747655082172,0.0728437030866152,0.0706440322066773,0.0761499485530737,,,,,,,SRB00040
2023-02-24,2575.32,1.61,9.75,0.0472634857200817,0.0767948200254768,0.0788393326715684,0.0931715591837981,0.0932560099350122,0.0628331206872911,0.07452539493004821,0.07247091419434201,0.07812254082491384,,,,,,,SRB00040
2023-02-25,3125.08,21.32,7.35,0.047939475356933915,0.07738628140307194,0.08059475002553265,0.0993784968084624,0.10059832850360828,0.06781523798841951,0.07620708677348122,0.07429779618200674,0.08009513309675395,,,,,,,SRB00040
2023-02-26,3227.49,16.36,1.85,0.048615464993786134,0.07797774278066708,0.08235016737949692,0.10558543443312671,0.10794064707220435,0.07279735528954792,0.07788877861691423,0.07612467816967146,0.08206772536859408,,,,,,,SRB00040
2023-02-27,3220.07,3.62,1.55,0.04929145463063835,0.07856920415826221,0.08410558473346119,0.11179237205779101,0.11528296564080044,0.07777947259067634,0.07957047046034725,0.07795156015733617,0.08404031764043421,11.8,0.111,2.32731754,455.0,1.4,,SRB00040
2023-02-28,3205.27,1.8,0.97,0.04996744426749057,0.07916066553585735,0.08586100208742545,0.11799930968245531,0.12262528420939652,0.08276158989180475,0.08125216230378025,0.07977844214500089,0.08601290991227432,,,,,,,SRB00040
2023-03-01,3234.94,0.33,4.77,0.05064343390434279,0.07975212691345249,0.0876164194413897,0.1242062473071196,0.1299676027779926,0.08774370719293316,0.08293385414721327,0.08160532413266562,0.08798550218411445,,,,,,,SRB00040
2023-03-02,3310.31,3.18,4.56,0.05131942354119501,0.08034358829104762,0.08937183679535397,0.13041318493178392,0.13730992134658868,0.09272582449406158,0.08461554599064627,0.08343220612033034,0.08995809445595457,,,,,,,SRB00040
2023-03-03,3272.41,0.12,5.35,0.05199541317804723,0.08093504966864276,0.09112725414931824,0.1366201225564482,0.14465223991518475,0.09770794179518999,0.08629723783407929,0.08525908810799505,0.0919306867277947,,,,,,,SRB00040
2023-03-04,3082.19,0.01,4.9,0.052671402814899446,0.0815265110462379,0.0928826715032825,0.14282706018111252,0.15199455848378085,0.1026900590963184,0.08797892967751231,0.08708597009565978,0.09390327899963483,,,,,,,SRB00040
2023-03-05,2843.46,0.0,3.66,0.05334739245175167,0.08211797242383304,0.09463808885724675,0.1490339978057768,0.15933687705237692,0.1076721763974468,0.08966062152094531,0.0889128520833245,0.09587587127147494,,,,,,,SRB00040
2023-03-06,2605.15,1.09,5.91,0.05402338208860389,0.08270943380142817,0.09639350621121102,0.1552409354304411,0.166679195620973,0.11265429369857521,0.09134231336437833,0.09073973407098922,0.09784846354331507,,,,,,,SRB00040
2023-03-07,2397.83,2.65,7.05,0.05469937172545611,0.08330089517902331,0.0981489235651753,0.1614478730551054,0.1740215141895691,0.11763641099970364,0.09302400520781134,0.09256661605865393,0.09982105581515519,,,,,,,SRB00040
2023-03-08,2217.2,0.17,9.72,0.05537536136230833,0.08389235655661845,0.09990434091913955,0.1676548106797697,0.18136383275816517,0.12261852830083204,0.09470569705124435,0.09439349804631866,0.10179364808699531,,,,,,,SRB00040
2023-03-09,2073.91,1.67,12.39,0.056051350999160546,0.08448381793421358,0.1016597582731038,0.17386174830443402,0.18870615132676125,0.12760064560196047,0.09638738889467736,0.09622038003398338,0.10376624035883544,,,,,,,SRB00040
2023-03-10,1962.36,3.2,10.67,0.056727340636012764,0.08507527931180872,0.10341517562706808,0.1800686859290983,0.19604846989535732,0.13258276290308887,0.09806908073811038,0.0980472620216481,0.10573883263067556,,,,,,,SRB00040
2023-03-11,1869.68,1.99,6.76,0.05740333027286498,0.08566674068940386,0.10517059298103235,0.18627562355376262,0.20339078846395342,0.13756488020421728,0.09975077258154338,0.09987414400931283,0.10771142490251569,,,,,,,SRB00040
2023-03-12,1802.02,0.0,2.93,0.0580793199097172,0.086258202066999,0.1069260103349966,0.1924825611784269,0.2107331070325495,0.1425469975053457,0.1014324644249764,0.10170102599697754,0.10968401717435582,,,,,,,SRB00040
2023-03-13,1756.92,0.0,6.75,0.06043980362090321,0.08779782653391865,0.10526484936158868,0.18512010262671516,0.20201096269275062,0.13814307850168717,0.10311415626840942,0.10352790798464226,0.11165660944619593,,,,,,,SRB00040
2023-03-14,1777.28,0.01,10.88,0.06280028733208923,0.08933745100083831,0.10360368838818078,0.1777576440750034,0.19328881835295175,0.13373915949802864,0.10479584811184242,0.10535478997230698,0.11362920171803606,,,,,,,SRB00040
2023-03-15,1908.85,7.34,6.53,0.06516077104327524,0.09087707546775799,0.10194252741477286,0.17039518552329166,0.18456667401315288,0.12933524049437012,0.10647753995527544,0.1071816719599717,0.11560179398987619,,,,,,,SRB00040
2023-03-16,2136.96,0.07,3.49,0.06752125475446125,0.09241669993467765,0.10028136644136496,0.1630327269715799,0.175844529673354,0.1249313214907116,0.10815923179870844,0.10900855394763642,0.1175743862617163,,,,,,,SRB00040
2023-03-17,2321.74,0.0,3.94,0.06988173846564726,0.0939563244015973,0.09862020546795704,0.15567026841986814,0.1671223853335551,0.12052740248705307,0.10984092364214146,0.11083543593530114,0.11954697853355643,,,,,,,SRB00040
2023-03-18,2431.2,0.0,6.36,0.07224222217683328,0.09549594886851698,0.09695904449454912,0.1483078098681564,0.15840024099375624,0.11612348348339455,0.11152261548557448,0.11266231792296585,0.12151957080539655,,,,,,,SRB00040
2023-03-19,2593.18,0.0,9.2,0.07460270588801929,0.09703557333543664,0.09529788352114121,0.14094535131644464,0.14967809665395737,0.11171956447973602,0.11320430732900748,0.11448919991063058,0.12349216307723668,,,,,,,SRB00040
2023-03-20,2810.9,0.11,10.73,0.0769631895992053,0.0985751978023563,0.0936367225477333,0.1335828927647329,0.1409559523141585,0.1073156454760775,0.1148859991724405,0.1163160818982953,0.1254647553490768,,,,,,,SRB00040
2023-03-21,2876.4,0.09,11.28,0.06982403393574985,0.09387892268918892,0.08783508273629839,0.12497854233369951,0.13110128639581295,0.10015375720341399,0.11432237428138103,0.1160898156839239,0.12533745369216695,,,,,,,SRB00040
2023-03-22,2759.58,0.0,11.56,0.0626848782722944,0.08918264757602154,0.0820334429248635,0.11637419190266612,0.12124662047746737,0.09299186893075047,0.11375874939032157,0.11586354946955252,0.1252101520352571,,,,,,,SRB00040
2023-03-23,2581.26,0.0,12.93,0.05554572260883895,0.08448637246285418,0.0762318031134286,0.10776984147163274,0.11139195455912182,0.08582998065808696,0.11319512449926211,0.11563728325518112,0.12508285037834724,13.8,0.074,1.3995508,437.0,2.6,,SRB00040
2023-03-24,2436.81,0.0,14.62,0.0484065669453835,0.0797900973496868,0.0704301633019937,0.09916549104059935,0.10153728864077625,0.07866809238542345,0.11263149960820265,0.11541101704080974,0.12495554872143738,,,,,,,SRB00040
2023-03-25,2354.05,1.49,12.22,0.04126741128192805,0.07509382223651942,0.0646285234905588,0.09056114060956597,0.09168262272243069,0.07150620411275993,0.11206787471714319,0.11518475082643834,0.12482824706452753,,,,,,,SRB00040
2023-03-26,2316.39,0.22,11.42,0.0341282556184726,0.07039754712335206,0.0588268836791239,0.08195679017853258,0.08182795680408514,0.06434431584009642,0.11150424982608374,0.11495848461206694,0.12470094540761767,,,,,,,SRB00040
2023-03-27,2300.44,6.09,8.34,0.02698909995501715,0.06570127201018468,0.053025243867689004,0.07335243974749919,0.07197329088573957,0.057182427567432914,0.11094062493502428,0.11473221839769555,0.12457364375070781,,,,,,,SRB00040
2023-03-28,2420.03,0.21,3.25,0.0198499442915617,0.0610049968970173,0.0472236040562541,0.0647480893164658,0.062118624967394,0.0500205392947694,0.11037700004396482,0.11450595218332416,0.12444634209379796,,,,,,,SRB00040
2023-03-29,2830.39,0.03,4.38,0.021900816225211145,0.06134855326845826,0.04834797783156382,0.06912565297634285,0.06475256666473174,0.05058950052098818,0.10981337515290536,0.11427968596895276,0.1243190404368881,,,,,,,SRB00040
2023-03-30,3242.4,0.37,10.89,0.02395168815886059,0.06169210963989922,0.049472351606873535,0.07350321663621989,0.06738650836206948,0.05115846174720696,0.1092497502618459,0.11405341975458137,0.12419173877997824,,,,,,,SRB00040
2023-03-31,3371.87,2.21,13.36,0.026002560092510032,0.06203566601134018,0.05059672538218325,0.07788078029609694,0.07002045005940721,0.05172742297342573,0.10868612537078644,0.11382715354020997,0.12406443712306839,,,,,,,SRB00040
2023-04-01,3371.87,15.21,10.65,0.028053432026159477,0.062379222382781145,0.05172109915749297,0.08225834395597398,0.07265439175674496,0.05229638419964451,0.10812250047972698,0.11360088732583859,0.12393713546615853,,,,,,,SRB00040
2023-04-02,3272.41,2.01,10.37,0.030104303959808922,0.06272277875422211,0.05284547293280268,0.08663590761585102,0.0752883334540827,0.05286534542586329,0.10755887558866752,0.11337462111146719,0.12380983380924868,,,,,,,SRB00040
2023-04-03,3139.51,1.14,8.01,0.032155175893458364,0.06306633512566306,0.0539698467081124,0.09101347127572806,0.07792227515142043,0.05343430665208207,0.10699525069760805,0.1131483548970958,0.12368253215233882,,,,,,,SRB00040
2023-04-04,3089.3,5.64,2.25,0.03420604782710781,0.06340989149710402,0.055094220483422114,0.0953910349356051,0.08055621684875817,0.05400326787830084,0.1064316258065486,0.11292208868272441,0.12355523049542896,,,,,,,SRB00040
2023-04-05,3175.87,0.32,3.6,0.036256919760757254,0.06375344786854499,0.05621859425873183,0.09976859859548215,0.0831901585460959,0.05457222910451962,0.10586800091548913,0.11269582246835301,0.12342792883851911,,,,,,,SRB00040
2023-04-06,3317.94,0.12,4.19,0.0383077916944067,0.06409700423998595,0.05734296803404155,0.10414616225535919,0.08582410024343365,0.0551411903307384,0.10530437602442967,0.11246955625398163,0.12330062718160925,,,,,,,SRB00040
2023-04-07,3371.87,1.74,4.41,0.03809215384106217,0.06414448397650371,0.05702895264743215,0.10754370261404592,0.08569722120756192,0.05471322599891731,0.10474075113337022,0.11224329003961023,0.1231733255246994,,,,,,,SRB00040
2023-04-08,3295.1,0.49,5.08,0.037876515987717636,0.0641919637130215,0.05671493726082275,0.11094124297273264,0.08557034217169018,0.054285261667096206,0.10417712624231076,0.11201702382523883,0.12304602386778954,,,,,,,SRB00040
2023-04-09,3139.51,0.24,6.81,0.037660878134373105,0.06423944344953927,0.056400921874213354,0.11433878333141936,0.08544346313581844,0.05385729733527511,0.1036135013512513,0.11179075761086744,0.12291872221087968,,,,,,,SRB00040
2023-04-10,2963.83,0.31,8.91,0.03744524028102857,0.06428692318605704,0.056086906487603956,0.11773632369010609,0.0853165840999467,0.05342933300345401,0.10304987646019184,0.11156449139649605,0.12279142055396983,,,,,,,SRB00040
2023-04-11,2785.12,0.09,11.35,0.03722960242768404,0.06433440292257481,0.05577289110099456,0.12113386404879282,0.08518970506407497,0.053001368671632916,0.10248625156913238,0.11133822518212466,0.12266411889705996,,,,,,,SRB00040
2023-04-12,2629.27,0.0,10.61,0.03701396457433951,0.06438188265909259,0.05545887571438516,0.12453140440747955,0.08506282602820323,0.05257340433981182,0.10192262667807292,0.11111195896775326,0.1225368172401501,,,,,,,SRB00040
2023-04-13,2516.68,0.03,13.0,0.03679832672099498,0.06442936239561037,0.05514486032777576,0.12792894476616626,0.08493594699233149,0.05214544000799072,0.10135900178701346,0.11088569275338186,0.12240951558324024,,,,,,,SRB00040
2023-04-14,2453.71,9.82,10.87,0.036582688867650454,0.06447684213212813,0.054830844941166364,0.131326485124853,0.08480906795645976,0.051717475676169626,0.100795376895954,0.11065942653901048,0.12228221392633039,,,,,,,SRB00040
2023-04-15,2425.61,1.47,10.62,0.03636705101430592,0.0645243218686459,0.054516829554556966,0.13472402548353973,0.08468218892058803,0.05128951134434853,0.10023175200489454,0.11043316032463908,0.12215491226942053,,,,,,,SRB00040
2023-04-16,2505.11,1.56,11.68,0.03615141316096139,0.06457180160516368,0.05420281416794757,0.13812156584222646,0.0845553098847163,0.05086154701252743,0.09966812711383508,0.11020689411026768,0.12202761061251068,,,,,,,SRB00040
2023-04-17,3005.08,7.74,12.75,0.03593577530761686,0.06461928134168146,0.05388879878133817,0.14151910620091318,0.08442843084884455,0.050433582680706336,0.09910450222277561,0.1099806278958963,0.12190030895560082,,,,,,,SRB00040
2023-04-18,4158.11,3.61,11.9,0.03572013745427233,0.06466676107819923,0.05357478339472877,0.1449166465595999,0.08430155181297282,0.05000561834888524,0.09854087733171615,0.1097543616815249,0.12177300729869096,,,,,,,SRB00040
2023-04-19,4976.37,0.41,12.08,0.035504499600927795,0.064714240814717,0.05326076800811937,0.14831418691828663,0.08417467277710108,0.04957765401706414,0.0979772524406567,0.10952809546715352,0.12164570564178111,,,,,,,SRB00040
2023-04-20,5222.96,0.03,12.48,0.035288861747583264,0.06476172055123477,0.052946752621509975,0.15171172727697335,0.08404779374122934,0.049149689685243046,0.09741362754959725,0.10930182925278212,0.12151840398487125,,,,,,,SRB00040
2023-04-21,5163.16,0.0,12.92,0.03507322389423873,0.06480920028775256,0.05263273723490058,0.15510926763566008,0.0839209147053576,0.048721725353421945,0.09685000265853778,0.10907556303841072,0.1213911023279614,,,,,,,SRB00040
2023-04-22,4919.39,0.0,14.72,0.0348575860408942,0.06485668002427032,0.05231872184829117,0.1585068079943468,0.08379403566948587,0.04829376102160085,0.09628637776747832,0.10884929682403933,0.12126380067105154,,,,,,,SRB00040
2023-04-23,4676.35,0.12,15.84,0.03464194818754967,0.06490415976078809,0.052004706461681774,0.16190434835303352,0.08366715663361414,0.047865796689779756,0.09572275287641886,0.10862303060966794,0.12113649901414168,,,,,,,SRB00040
2023-04-24,4455.56,6.48,14.01,0.03442631033420514,0.06495163949730587,0.051690691075072376,0.16530188871172025,0.08354027759774241,0.047437832357958655,0.0951591279853594,0.10839676439529655,0.12100919735723183,,,,,,,SRB00040
2023-04-25,4225.69,6.11,12.57,0.034210672480860606,0.06499911923382365,0.05137667568846298,0.16869942907040697,0.08341339856187066,0.04700986802613756,0.09459550309429994,0.10817049818092515,0.12088189570032197,,,,,,,SRB00040
2023-04-26,3989.25,0.02,9.81,0.033995034627516074,0.06504659897034142,0.05106266030185358,0.1720969694290937,0.08328651952599893,0.04658190369431646,0.09403187820324048,0.10794423196655376,0.12075459404341211,10.0,0.067,1.9977459,406.0,2.4,0.0073,SRB00040
2023-04-27,3853.78,0.0,9.41,0.03377939677417154,0.06509407870685918,0.05074864491524418,0.17549450978778042,0.0831596404901272,0.046153939362495365,0.09346825331218102,0.10771796575218237,0.12062729238650226,,,,,,,SRB00040
2023-04-28,3925.45,0.09,11.24,0.03356375892082701,0.06514155844337696,0.05043462952863478,0.17889205014646714,0.08303276145425545,0.04572597503067427,0.09290462842112156,0.10749169953781097,0.1204999907295924,,,,,,,SRB00040
2023-04-29,4063.43,0.31,14.42,0.03334812106748248,0.06518903817989474,0.050120614142025385,0.18228959050515386,0.08290588241838372,0.04529801069885317,0.0923410035300621,0.10726543332343959,0.12037268907268255,,,,,,,SRB00040
2023-04-30,4035.45,0.36,15.19,0.03313248321413795,0.06523651791641251,0.04980659875541599,0.1856871308638406,0.08277900338251198,0.044870046367032075,0.09177737863900265,0.10703916710906819,0.12024538741577269,,,,,,,SRB00040
2023-05-01,3871.58,0.03,15.25,0.03291684536079342,0.06528399765293028,0.04949258336880659,0.18908467122252734,0.08265212434664025,0.04444208203521098,0.09121375374794319,0.10681290089469679,0.12011808575886283,,,,,,,SRB00040
2023-05-02,3774.72,0.05,16.89,0.03270120750744889,0.06533147738944806,0.04917856798219719,0.19248221158121406,0.08252524531076852,0.04401411770338988,0.09065012885688373,0.1065866346803254,0.11999078410195298,,,,,,,SRB00040
2023-05-03,3800.89,0.11,15.48,0.03248556965410436,0.06537895712596584,0.04886455259558779,0.1958797519399008,0.08239836627489677,0.043586153371568785,0.09008650396582427,0.10636036846595401,0.11986348244504312,,,,,,,SRB00040
2023-05-04,3844.92,1.2,15.49,0.03226993180075983,0.0654264368624836,0.048550537208978395,0.1992772922985875,0.08227148723902504,0.04315818903974769,0.0895228790747648,0.10613410225158261,0.11973618078813326,,,,,,,SRB00040
2023-05-05,3827.25,0.01,17.58,0.0320542939474153,0.06547391659900137,0.048236521822369,0.20267483265727423,0.08214460820315331,0.04273022470792659,0.08895925418370534,0.10590783603721123,0.11960887913122341,,,,,,,SRB00040
2023-05-06,3836.07,0.0,18.16,0.031838656094070765,0.06552139633551915,0.0479225064357596,0.20607237301596096,0.08201772916728156,0.042302260376105495,0.08839562929264588,0.10568156982283983,0.11948157747431355,,,,,,,SRB00040
2023-05-07,3853.78,1.15,18.21,0.03162301824072623,0.06556887607203693,0.0476084910491502,0.20946991337464768,0.08189085013140983,0.041874296044284394,0.08783200440158642,0.10545530360846844,0.1193542758174037,,,,,,,SRB00040
2023-05-08,3783.43,5.31,14.02,0.0314073803873817,0.0656163558085547,0.0472944756625408,0.2128674537333344,0.0817639710955381,0.0414463317124633,0.08726837951052696,0.10522903739409704,0.11922697416049384,,,,,,,SRB00040
2023-05-09,3654.95,0.0,12.37,0.03142469355939205,0.06560984659380373,0.04748037748306881,0.21032962751822928,0.0809869362882996,0.04104026940753595,0.0867047546194675,0.10500277117972565,0.11909967250358398,,,,,,,SRB00040
2023-05-10,3613.1,0.02,14.09,0.0314420067314024,0.06560333737905276,0.04766627930359681,0.20779180130312414,0.08020990148106112,0.04063420710260859,0.08614112972840804,0.10477650496535426,0.11897237084667413,,,,,,,SRB00040
2023-05-11,3697.28,7.33,13.31,0.031459319903412754,0.06559682816430178,0.04785218112412482,0.20525397508801901,0.07943286667382263,0.040228144797681234,0.08557750483734858,0.10455023875098286,0.11884506918976427,,,,,,,SRB00040
2023-05-12,3792.15,2.84,13.43,0.0314766330754231,0.06559031894955081,0.048038082944652824,0.2027161488729139,0.07865583186658413,0.039822082492753874,0.08501387994628913,0.10432397253661148,0.11871776753285442,,,,,,,SRB00040
2023-05-13,4026.17,1.39,14.83,0.03149394624743345,0.06558380973479984,0.04822398476518083,0.20017832265780877,0.07787879705934564,0.03941602018782652,0.08445025505522967,0.10409770632224008,0.11859046587594456,,,,,,,SRB00040
2023-05-14,4763.31,9.48,14.86,0.0315112594194438,0.06557730052004887,0.04840988658570884,0.19764049644270365,0.07710176225210716,0.03900995788289916,0.08388663016417021,0.10387144010786868,0.1184631642190347,,,,,,,SRB00040
2023-05-15,5406.54,10.67,16.2,0.031528572591454154,0.06557079130529789,0.048595788406236844,0.1951026702275985,0.07632472744486866,0.03860389557797181,0.08332300527311075,0.1036451738934973,0.11833586256212485,,,,,,,SRB00040
2023-05-16,5444.03,3.36,16.39,0.0315458857634645,0.06556428209054692,0.04878169022676485,0.19256484401249338,0.07554769263763017,0.03819783327304445,0.08275938038205129,0.1034189076791259,0.11820856090521499,,,,,,,SRB00040
2023-05-17,5332.35,6.52,16.74,0.03156319893547485,0.06555777287579595,0.04896759204729286,0.19002701779738826,0.07477065783039168,0.037791770968117096,0.08219575549099183,0.10319264146475451,0.11808125924830513,,,,,,,SRB00040
2023-05-18,5469.16,13.7,13.22,0.0315805121074852,0.06555126366104498,0.04915349386782086,0.1874891915822831,0.0739936230231532,0.037385708663189736,0.08163213059993236,0.10296637525038312,0.11795395759139528,,,,,,,SRB00040
2023-05-19,5969.35,0.22,16.41,0.03159782527949555,0.06554475444629401,0.04933939568834887,0.184951365367178,0.0732165882159147,0.03697964635826238,0.0810685057088729,0.10274010903601172,0.11782665593448542,,,,,,,SRB00040
2023-05-20,6621.17,0.5,18.98,0.0316151384515059,0.06553824523154303,0.04952529750887688,0.18241353915207287,0.07243955340867621,0.03657358405333502,0.08050488081781344,0.10251384282164033,0.11769935427757557,,,,,,,SRB00040
2023-05-21,6869.68,1.3,19.49,0.03163245162351625,0.06553173601679206,0.04971119932940488,0.17987571293696775,0.07166251860143771,0.03616752174840767,0.07994125592675398,0.10228757660726893,0.11757205262066571,,,,,,,SRB00040
2023-05-22,6605.93,0.66,19.74,0.0316497647955266,0.06552522680204109,0.04989710114993289,0.17733788672186263,0.07088548379419923,0.03576145944348031,0.07937763103569452,0.10206131039289754,0.11744475096375585,,,,,,,SRB00040
2023-05-23,6122.5,0.36,20.87,0.03166707796753695,0.06551871758729012,0.050083002970460894,0.17480006050675748,0.07010844898696074,0.03535539713855296,0.07881400614463507,0.10183504417852615,0.11731744930684598,,,,,,,SRB00040
2023-05-24,5609.48,1.37,20.01,0.0316843911395473,0.06551220837253915,0.0502689047909889,0.17226223429165236,0.06933141417972224,0.0349493348336256,0.07825038125357561,0.10160877796415475,0.11719014764993613,8.5,0.062,1.2189636,351.0,1.8,0.004,SRB00040
2023-05-25,5175.07,0.3,19.89,0.03170170431155765,0.06550569915778817,0.05045480661151691,0.16972440807654723,0.06855437937248376,0.034543272528698245,0.07768675636251615,0.10138251174978337,0.11706284599302627,,,,,,,SRB00040
2023-05-26,4919.39,2.38,20.7,0.031719017483568,0.0654991899430372,0.05064070843204491,0.16718658186144209,0.06777734456524527,0.034137210223770885,0.07712313147145669,0.10115624553541197,0.11693554433611641,,,,,,,SRB00040
2023-05-27,4964.92,12.67,18.9,0.03173633065557835,0.06549268072828623,0.05082661025257292,0.16464875564633696,0.06700030975800678,0.03373114791884353,0.07655950658039723,0.10092997932104057,0.11680824267920656,,,,,,,SRB00040
2023-05-28,5127.61,4.29,18.76,0.0317536438275887,0.06548617151353527,0.051012512073100924,0.16211092943123184,0.06622327495076828,0.03332508561391617,0.07599588168933777,0.10070371310666919,0.1166809410222967,,,,,,,SRB00040
2023-05-29,5022.43,4.16,18.51,0.03177095699959905,0.06547966229878428,0.05119841389362893,0.15957310321612672,0.0654462401435298,0.03291902330898882,0.07543225679827831,0.10047744689229779,0.11655363936538685,,,,,,,SRB00040
2023-05-30,4708.77,2.69,18.48,0.0317882701716094,0.06547315308403331,0.05138431571415694,0.1570352770010216,0.06466920533629131,0.03251296100406146,0.07486863190721885,0.1002511806779264,0.11642633770847699,,,,,,,SRB00040
2023-05-31,4414.7,7.78,18.97,0.03180558334361975,0.06546664386928235,0.051570217534684944,0.15449745078591645,0.06389217052905281,0.03210689869913411,0.07430500701615939,0.100024914463555,0.11629903605156713,,,,,,,SRB00040
2023-06-01,4196.59,5.38,20.48,0.0318228965156301,0.06546013465453138,0.05175611935521295,0.15195962457081133,0.06311513572181432,0.03170083639420675,0.07374138212509992,0.09979864824918361,0.11617173439465728,,,,,,,SRB00040
2023-06-02,4016.91,2.89,20.68,0.031840209687640446,0.06545362543978041,0.05194202117574096,0.1494217983557062,0.06233810091457583,0.031294774089279394,0.07317775723404046,0.09957238203481222,0.11604443273774742,,,,,,,SRB00040
2023-06-03,3836.07,0.05,18.95,0.0318575228596508,0.06544711622502943,0.05212792299626896,0.14688397214060106,0.061561066107337345,0.030888711784352037,0.072614132342981,0.09934611582044083,0.11591713108083757,,,,,,,SRB00040
2023-06-04,3646.54,0.01,19.21,0.03187483603166115,0.06544060701027846,0.05231382481679697,0.14434614592549594,0.06078403130009885,0.03048264947942468,0.07205050745192156,0.09911984960606944,0.11578982942392771,,,,,,,SRB00040
2023-06-05,3506.52,4.58,19.2,0.0318921492036715,0.06543409779552749,0.05249972663732498,0.14180831971039082,0.060006996492860364,0.030076587174497325,0.0714868825608621,0.09889358339169804,0.11566252776701785,,,,,,,SRB00040
2023-06-06,3434.58,8.42,19.48,0.031909462375681846,0.06542758858077652,0.05268562845785298,0.1392704934952857,0.05922996168562187,0.02967052486956997,0.07092325766980263,0.09866731717732664,0.115535226110108,,,,,,,SRB00040
2023-06-07,3466.37,2.0,20.55,0.0319267755476922,0.06542107936602554,0.05287153027838099,0.13673266728018058,0.05845292687838338,0.029264462564642612,0.07035963277874317,0.09844105096295526,0.11540792445319814,,,,,,,SRB00040
2023-06-08,3621.43,2.83,20.63,0.03194408871970255,0.06541457015127457,0.053057432098908994,0.13419484106507543,0.05767589207114489,0.028858400259715256,0.06979600788768371,0.09821478474858386,0.11528062279628828,,,,,,,SRB00040
2023-06-09,3827.25,4.94,20.71,0.0319614018917129,0.0654080609365236,0.053243333919437,0.1316570148499703,0.0568988572639064,0.0284523379547879,0.06923238299662425,0.09798851853421246,0.11515332113937843,,,,,,,SRB00040
2023-06-10,3989.25,3.45,20.9,0.033508375499853374,0.06564734183535745,0.053569381292454324,0.12813868428961722,0.056718914510052974,0.028795066217314175,0.06866875810556479,0.09776225231984108,0.11502601948246857,,,,,,,SRB00040
2023-06-11,4082.19,14.65,19.74,0.03505534910799385,0.0658866227341913,0.05389542866547165,0.12462035372926415,0.056538971756199555,0.02913779447984045,0.06810513321450533,0.09753598610546968,0.11489871782555872,,,,,,,SRB00040
2023-06-12,4158.11,1.35,18.33,0.036602322716134325,0.06612590363302515,0.05422147603848898,0.12110202316891108,0.05635902900234613,0.029480522742366726,0.06754150832344587,0.0973097198910983,0.11477141616864886,,,,,,,SRB00040
2023-06-13,4206.27,0.1,17.5,0.0381492963242748,0.066365184531859,0.0545475234115063,0.117583692608558,0.0561790862484927,0.029823251004893,0.0669778834323864,0.0970834536767269,0.114644114511739,,,,,,,SRB00040
2023-06-14,4215.96,0.03,18.56,0.039814387586212384,0.06679337807033162,0.05439122809374478,0.11988645604741727,0.05752563862316646,0.03067645504129758,0.06712510277362531,0.09872370019115992,0.11718934951448429,,,,,,,SRB00040
2023-06-15,4177.3,3.44,17.62,0.04147947884814996,0.06722157160880424,0.05423493277598326,0.12218921948627652,0.05887219099784022,0.03152965907770216,0.06727232211486421,0.10036394670559294,0.11973458451722956,,,,,,,SRB00040
2023-06-16,4082.19,5.53,18.15,0.04314457011008754,0.06764976514727686,0.05407863745822174,0.12449198292513579,0.06021874337251398,0.032382863114106736,0.0674195414561031,0.10200419322002596,0.12227981951997484,,,,,,,SRB00040
2023-06-17,3907.41,0.29,19.34,0.04480966137202512,0.06807795868574948,0.05392234214046022,0.12679474636399504,0.06156529574718774,0.03323606715051132,0.067566760797342,0.10364443973445898,0.12482505452272011,,,,,,,SRB00040
2023-06-18,3697.28,0.0,21.54,0.0464747526339627,0.0685061522242221,0.0537660468226987,0.1290975098028543,0.0629118481218615,0.0340892711869159,0.0677139801385809,0.105284686248892,0.1273702895254654,,,,,,,SRB00040
2023-06-19,3482.37,0.0,23.84,0.04655117203812012,0.07004947047224445,0.05541119481631638,0.13575762178640577,0.0696402882530686,0.03820859451206052,0.07123262337243338,0.11165178486268058,0.13456640060874628,,,,,,,SRB00040
2023-06-20,3287.52,0.01,26.29,0.046627591442277544,0.07159278872026682,0.05705634280993406,0.14241773376995723,0.0763687283842757,0.04232791783720514,0.07475126660628587,0.11801888347646916,0.14176251169202717,,,,,,,SRB00040
2023-06-21,3117.89,0.02,27.28,0.04670401084643496,0.07313610696828918,0.05870149080355174,0.1490778457535087,0.0830971685154828,0.04644724116234976,0.07826990984013833,0.12438598209025775,0.14895862277530802,,,,,,,SRB00040
2023-06-22,2970.67,0.02,27.97,0.046780430250592385,0.07467942521631155,0.06034663879716942,0.15573795773706015,0.0898256086466899,0.05056656448749438,0.08178855307399081,0.13075308070404631,0.1561547338585889,,,,,,,SRB00040
2023-06-23,2850.02,5.55,28.76,0.0468568496547498,0.0762227434643339,0.0619917867907871,0.1623980697206116,0.096554048777897,0.054685887812639,0.0853071963078433,0.1371201793178349,0.1633508449418698,,,,,,,SRB00040
2023-06-24,2778.71,0.42,22.41,0.04532460855509343,0.07587795097765286,0.06081291411306069,0.18825344939392216,0.10750870560725931,0.058754373162387276,0.08350642544052933,0.13551056465881717,0.1615464944755913,,,,,,,SRB00040
2023-06-25,2753.23,0.13,22.66,0.04379236745543707,0.07553315849097184,0.05963404143533428,0.21410882906723272,0.11846336243662162,0.06282285851213555,0.08170565457321538,0.13390094999979946,0.15974214400931283,,,,,,,SRB00040
2023-06-26,2753.23,0.06,23.88,0.0422601263557807,0.0751883660042908,0.05845516875760787,0.23996420874054328,0.12941801926598392,0.06689134386188383,0.07990488370590142,0.13229133534078172,0.15793779354303433,7.5,0.103,0.6997754,375.0,3.4,0.0113,SRB00040
2023-06-27,2772.32,7.02,21.95,0.040727885256124335,0.07484357351760977,0.05727629607988146,0.26581958841385384,0.14037267609534626,0.07095982921163212,0.07810411283858745,0.13068172068176398,0.15613344307675583,,,,,,,SRB00040
2023-06-28,2810.9,1.36,18.48,0.039195644156467965,0.07449878103092873,0.056097423402155046,0.29167496808716437,0.15132733292470857,0.07502831456138039,0.07630334197127349,0.12907210602274624,0.15432909261047734,,,,,,,SRB00040
2023-06-29,2863.18,0.0,21.45,0.0376634030568116,0.0741539885442477,0.05491855072442864,0.31753034776047495,0.16228198975407088,0.07909679991112867,0.07450257110395954,0.12746249136372853,0.15252474214419887,,,,,,,SRB00040
2023-06-30,2863.18,0.0,23.88,0.03613116195715523,0.07380919605756667,0.053739678046702224,0.3433857274337855,0.17323664658343318,0.08316528526087695,0.07270180023664558,0.1258528767047108,0.15072039167792037,,,,,,,SRB00040
2023-07-01,2804.43,0.48,24.03,0.03459892085749887,0.07346440357088564,0.05256080536897581,0.369241107107096,0.1841913034127955,0.08723377061062523,0.07090102936933161,0.12424326204569307,0.14891604121164187,,,,,,,SRB00040
2023-07-02,2715.44,2.4,23.31,0.0330666797578425,0.0731196110842046,0.0513819326912494,0.3950964867804066,0.1951459602421578,0.0913022559603735,0.06910025850201766,0.12263364738667533,0.1471116907453634,,,,,,,SRB00040
2023-07-03,2653.61,0.07,24.9,0.0447824862040085,0.0660153565319427,0.0469144591338482,0.1465310859589962,0.0752422906255379,0.0401702066192706,0.0672994876347037,0.1210240327276576,0.1453073402790849,,,,,,,SRB00040
2023-07-04,2641.41,1.01,24.11,0.047217382558740764,0.06791262244518306,0.048595599314436945,0.14906637597199116,0.0767257494820236,0.04155132680970924,0.06868669182740272,0.12225183811300383,0.14721169107598667,,,,,,,SRB00040
2023-07-05,2690.54,0.65,25.32,0.04965227891347302,0.06980988835842342,0.05027673949502568,0.15160166598498612,0.0782092083385093,0.04293244700014788,0.07007389602010174,0.12347964349835004,0.14911604187288843,,,,,,,SRB00040
2023-07-06,2823.88,0.29,25.8,0.052087175268205284,0.07170715427166378,0.051957879675614424,0.15413695599798108,0.079692667194995,0.04431356719058652,0.07146110021280076,0.12470744888369627,0.15102039266979017,,,,,,,SRB00040
2023-07-07,2943.42,0.51,23.99,0.05452207162293754,0.07360442018490414,0.05363901985620316,0.15667224601097604,0.08117612605148071,0.04569468738102516,0.07284830440549978,0.12593525426904248,0.15292474346669194,,,,,,,SRB00040
2023-07-08,2950.21,0.0,24.04,0.0569569679776698,0.0755016860981445,0.0553201600367919,0.159207536023971,0.0826595849079664,0.0470758075714638,0.0742355085981988,0.1271630596543887,0.1548290942635937,,,,,,,SRB00040
2023-07-09,2883.03,0.0,26.1,0.04884504241452178,0.0725001001651841,0.05296632442939997,0.17194041297827442,0.08134133184875414,0.0439452293274554,0.07389966351606406,0.1287455852425969,0.1566682494619872,,,,,,,SRB00040
2023-07-10,2810.9,0.0,27.62,0.04073311685137376,0.0694985142322237,0.050612488822008035,0.1846732899325778,0.08002307878954187,0.040814651083447,0.07356381843392933,0.13032811083080514,0.1585074046603807,,,,,,,SRB00040
2023-07-11,2746.89,0.0,28.73,0.03262119128822575,0.06649692829926329,0.0482586532146161,0.19740616688688123,0.07870482573032961,0.0376840728394386,0.07322797335179458,0.13191063641901335,0.1603465598587742,,,,,,,SRB00040
2023-07-12,2659.72,0.01,30.59,0.035523768737220324,0.06497561018580705,0.0478762907700954,0.18015146153325506,0.0859793359131874,0.04441157963914465,0.07289212826965985,0.13349316200722158,0.1621857150571677,,,,,,,SRB00040
2023-07-13,2569.4,5.2,29.75,0.0384263461862149,0.0634542920723508,0.0474939283255747,0.1628967561796289,0.0932538460960452,0.0511390864388507,0.0725562831875251,0.1350756875954298,0.1640248702555612,,,,,,,SRB00040
2023-07-14,2482.13,2.03,25.87,0.03880415848829788,0.06374663215317737,0.04745950883560802,0.16282623950528505,0.08986319331911373,0.0486134963737827,0.0729419872139108,0.13477670986137885,0.16427426804098905,,,,,,,SRB00040
2023-07-15,2425.61,0.0,28.16,0.03918197079038086,0.06403897223400394,0.04742508934564134,0.1627557228309412,0.08647254054218226,0.0460879063087147,0.0733276912402965,0.13447773212732791,0.1645236658264169,,,,,,,SRB00040
2023-07-16,2397.83,0.0,30.73,0.039559783092463836,0.06433131231483051,0.04739066985567465,0.16268520615659732,0.0830818877652508,0.043562316243646704,0.0737133952666822,0.13417875439327698,0.1647730636118447,,,,,,,SRB00040
2023-07-17,2397.83,0.0,31.84,0.03993759539454682,0.06462365239565708,0.04735625036570797,0.16261468948225347,0.07969123498831933,0.0410367261785787,0.0740990992930679,0.13387977665922604,0.16502246139727256,,,,,,,SRB00040
2023-07-18,2448.06,0.0,30.4,0.0403154076966298,0.06491599247648365,0.047321830875741294,0.16254417280790961,0.07630058221138786,0.0385111361135107,0.0744848033194536,0.1335807989251751,0.1652718591827004,,,,,,,SRB00040
2023-07-19,2522.48,2.93,30.05,0.0411315093283982,0.06460622361637482,0.046469960416324556,0.1618292565723628,0.07623385391237207,0.03855996161413922,0.07339107049681588,0.1333706379519013,0.1637824617579522,,,,,,,SRB00040
2023-07-20,2522.48,1.83,27.34,0.0419476109601666,0.06429645475626598,0.04561808995690782,0.16111434033681601,0.07616712561335627,0.03860878711476774,0.07229733767417816,0.13316047697862746,0.162293064333204,,,,,,,SRB00040
2023-07-21,2459.37,13.62,28.33,0.042763712591934996,0.06398668589615716,0.04476621949749108,0.1603994241012692,0.07610039731434048,0.03865761261539626,0.07120360485154044,0.13295031600535365,0.1608036669084558,,,,,,,SRB00040
2023-07-22,2414.46,6.11,25.62,0.0435798142237034,0.06367691703604833,0.04391434903807434,0.1596845078657224,0.07603366901532468,0.03870643811602478,0.07010987202890272,0.1327401550320798,0.1593142694837076,,,,,,,SRB00040
2023-07-23,2442.43,5.14,25.03,0.0443959158554718,0.0633671481759395,0.0430624785786576,0.1589695916301756,0.0759669407163089,0.0387552636166533,0.069016139206265,0.132529994058806,0.1578248720589594,,,,,,,SRB00040
2023-07-24,2528.3,0.0,28.68,0.040789868089354274,0.06170379429413801,0.042943869171504015,0.15814530463061333,0.07397841517478577,0.037260206069347865,0.0673433912491136,0.1297276684673921,0.15560243519791345,,,,,,,SRB00040
2023-07-25,2617.18,1.61,27.84,0.03718382032323675,0.060040440412336527,0.04282525976435042,0.15732101763105102,0.07198988963326265,0.03576514852204243,0.06567064329196219,0.1269253428759782,0.15337999833686752,,,,,,,SRB00040
2023-07-26,2684.34,2.71,20.59,0.033577772557119225,0.058377086530535034,0.04270665035719683,0.15649673063148872,0.07000136409173953,0.03427009097473699,0.0639978953348108,0.12412301728456429,0.15115756147582157,,,,,,,SRB00040
2023-07-27,2753.23,0.01,20.36,0.0299717247910017,0.05671373264873355,0.042588040950043246,0.15567244363192645,0.0680128385502164,0.03277503342743155,0.0623251473776594,0.12132069169315039,0.14893512461477565,,,,,,,SRB00040
2023-07-28,2830.39,0.0,24.58,0.0401341504394277,0.0600996611325,0.0414472015283735,0.1497643440622683,0.0739667173955732,0.0384101933041852,0.060652399420508,0.1185183661017365,0.1467126877537297,,,,,,,SRB00040
2023-07-29,2896.34,0.01,26.99,0.03760952983739195,0.059179852261042734,0.04130393981034938,0.1492276347636064,0.07255110320853096,0.037100958267659453,0.06176481798207801,0.1182919750209401,0.14605222313338478,,,,,,,SRB00040
2023-07-30,3046.89,2.51,25.4,0.035084909235356204,0.058260043389585466,0.041160678092325265,0.1486909254649445,0.07113548902148874,0.0357917232311337,0.06287723654364802,0.11806558394014371,0.1453917585130399,,,,,,,SRB00040
2023-07-31,3234.94,0.01,23.66,0.03256028863332045,0.057340234518128204,0.041017416374301154,0.1481542161662826,0.0697198748344465,0.034482488194607946,0.06398965510521804,0.11783919285934732,0.144731293892695,8.4,0.145,0.88939196,400.0,1.7,0.0171,SRB00040
2023-08-01,3295.1,0.03,25.98,0.0300356680312847,0.056420425646670935,0.040874154656277036,0.1476175068676207,0.06830426064740426,0.0331732531580822,0.06510207366678804,0.11761280177855093,0.1440708292723501,,,,,,,SRB00040
2023-08-02,3227.49,1.18,24.67,0.02751104742924895,0.05550061677521367,0.04073089293825292,0.1470807975689588,0.06688864646036204,0.03186401812155645,0.06621449222835804,0.11738641069775455,0.14341036465200518,,,,,,,SRB00040
2023-08-03,3168.57,0.0,28.98,0.0249864268272132,0.0545808079037564,0.0405876312202288,0.1465440882702969,0.0654730322733198,0.0305547830850307,0.06732691078992806,0.11716001961695816,0.1427499000316603,,,,,,,SRB00040
2023-08-04,3175.87,0.04,30.61,0.03152277210194315,0.05747347564902827,0.04445709458647923,0.1448915606203765,0.06899254030632472,0.03638636794748695,0.06843932935149807,0.11693362853616177,0.1420894354113154,,,,,,,SRB00040
2023-08-05,3175.87,18.19,25.82,0.0380591173766731,0.06036614339430015,0.04832655795272965,0.1432390329704561,0.07251204833932964,0.0422179528099432,0.06955174791306808,0.11670723745536538,0.1414289707909705,,,,,,,SRB00040
2023-08-06,3340.95,2.68,19.79,0.044595462651403045,0.06325881113957203,0.052196021318980074,0.1415865053205357,0.07603155637233458,0.048049537672399445,0.07066416647463808,0.11648084637456899,0.14076850617062558,,,,,,,SRB00040
2023-08-07,3748.73,0.67,19.79,0.051131807926133,0.0661514788848439,0.0560654846852305,0.1399339776706153,0.0795510644053395,0.0538811225348557,0.0717765850362081,0.1162544552937726,0.1401080415502807,,,,,,,SRB00040
2023-08-08,4177.3,0.0,20.15,0.04974643721506107,0.06812627439086712,0.05839642364270293,0.13616451147588998,0.07360909562405411,0.04800863487700794,0.07454602948955821,0.11459136833794796,0.1374159977998546,,,,,,,SRB00040
2023-08-09,4741.42,0.0,20.8,0.04836106650398914,0.07010106989689031,0.060727362600175354,0.1323950452811647,0.06766712684276871,0.042136147219160175,0.07731547394290833,0.11292828138212332,0.1347239540494285,,,,,,,SRB00040
2023-08-10,5532.5,0.36,21.73,0.04697569579291722,0.07207586540291352,0.06305830155764779,0.12862557908643937,0.06172515806148332,0.03626365956131242,0.08008491839625846,0.11126519442629867,0.1320319102990024,,,,,,,SRB00040
2023-08-11,5928.25,0.0,21.2,0.045590325081845295,0.07405066090893672,0.06538924051512021,0.12485611289171407,0.05578318928019793,0.03039117190346466,0.08285436284960858,0.10960210747047404,0.1293398665485763,,,,,,,SRB00040
2023-08-12,5779.96,0.0,23.15,0.04420495437077337,0.07602545641495993,0.06772017947259264,0.12108664669698876,0.049841220498912535,0.0245186842456169,0.0856238073029587,0.1079390205146494,0.1266478227981502,,,,,,,SRB00040
2023-08-13,5494.41,0.0,24.51,0.10450022942162157,0.12813153002633387,0.11701846366612986,0.17985504982013023,0.1114618276048012,0.08530569947340663,0.14044335398891547,0.16609169390130993,0.18521674312404368,,,,,,,SRB00040
2023-08-14,5222.96,0.0,26.31,0.1647955044724698,0.18023760363770783,0.1663167478596671,0.2386234529432717,0.17308243471068988,0.14609271470119636,0.19526290067487223,0.22424436728797045,0.24378566344993713,,,,,,,SRB00040
2023-08-15,4942.11,0.14,24.74,0.225090779523318,0.23234367724908178,0.21561503205320434,0.29739185606641316,0.23470304181657853,0.2068797299289861,0.250082447360829,0.282397040674631,0.30235458377583063,,,,,,,SRB00040
2023-08-16,4590.98,7.51,22.62,0.2853860545741662,0.2844497508604557,0.2649133162467416,0.35616025918955463,0.2963236489224672,0.2676667451567758,0.3049019940467858,0.34054971406129153,0.3609235041017241,,,,,,,SRB00040
2023-08-17,4215.96,0.3,25.21,0.3456813296250144,0.3365558244718297,0.3142116004402788,0.4149286623126961,0.3579442560283559,0.3284537603845656,0.3597215407327426,0.398702387447952,0.4194924244276175,,,,,,,SRB00040
2023-08-18,3889.45,3.56,26.43,0.18816433330648935,0.20318433425215435,0.1819105717708689,0.37208184896410484,0.26009491988163475,0.20399388478969369,0.3011008675644932,0.3395652088033854,0.3600371051360732,,,,,,,SRB00040
2023-08-19,3621.43,5.84,26.65,0.0306473369879643,0.069812844032479,0.049609543101459,0.3292350356155136,0.1622455837349136,0.0795340091948218,0.2424801943962438,0.2804280301588188,0.30058178584452877,,,,,,,SRB00040
2023-08-20,3418.79,0.05,28.45,0.03556278515728899,0.06878670160363551,0.05011840299544092,0.25973204310726417,0.13022323076185996,0.06431846804145595,0.18385952122799443,0.2212908515142522,0.24112646655298442,,,,,,,SRB00040
2023-08-21,3279.95,0.0,29.16,0.04047823332661367,0.067760559174792,0.05062726288942283,0.1902290505990148,0.09820087778880633,0.04910292688809009,0.12523884805974503,0.1621536728696856,0.18167114726144004,,,,,,,SRB00040
2023-08-22,3205.27,0.0,29.51,0.04539368149593835,0.0667344167459485,0.05113612278340475,0.12072605809076539,0.0661785248157527,0.033887385734724246,0.0666181748914956,0.10301649422511899,0.12221582796989569,7.4,0.127,0.7787823,360.0,2.5,0.0064,SRB00040
2023-08-23,3132.29,0.01,30.68,0.04656969490520136,0.06703303490729658,0.05101062828196652,0.122544806966084,0.06755904724500944,0.034928816740739554,0.06673974416801254,0.10363945605520711,0.12358113103086239,,,,,,,SRB00040
2023-08-24,3032.89,0.02,29.19,0.04774570831446437,0.06733165306864466,0.050885133780528294,0.12436355584140259,0.06893956967426618,0.03597024774675487,0.06686131344452947,0.10426241788529524,0.1249464340918291,,,,,,,SRB00040
2023-08-25,2909.72,0.0,29.6,0.048921721723727385,0.06763027122999274,0.05075963927909006,0.12618230471672118,0.07032009210352293,0.03701167875277018,0.06698288272104642,0.10488537971538335,0.12631173715279578,,,,,,,SRB00040
2023-08-26,2772.32,0.0,30.41,0.050097735132990394,0.06792888939134083,0.05063414477765183,0.12800105359203978,0.07170061453277966,0.038053109758785494,0.06710445199756336,0.10550834154547148,0.1276770402137625,,,,,,,SRB00040
2023-08-27,2641.41,0.0,30.82,0.0512737485422534,0.0682275075526889,0.0505086502762136,0.1298198024673584,0.0730811369620364,0.0390945407648008,0.0672260212740803,0.1061313033755596,0.1290423432747292,,,,,,,SRB00040
2023-08-28,2534.13,0.0,31.0,0.0314184432364244,0.0612778792177122,0.0480361069859472,0.14514727856693388,0.07545377616412144,0.0379168925934229,0.0659982052587074,0.10469890946543266,0.12681161486240058,,,,,,,SRB00040
2023-08-29,2448.06,4.97,23.34,0.03329339304452105,0.061290660480953954,0.047381755755647376,0.1391615283550986,0.07303891992500985,0.03685094936443505,0.0647703892433345,0.10326651555530572,0.124580886450072,,,,,,,SRB00040
2023-08-30,2392.32,2.94,21.23,0.035168342852617704,0.061303441744195705,0.04672740452534755,0.13317577814326334,0.07062406368589827,0.0357850061354472,0.0635425732279616,0.10183412164517877,0.12235015803774339,,,,,,,SRB00040
2023-08-31,2397.83,3.85,20.48,0.03704329266071435,0.06131622300743745,0.046073053295047725,0.12719002793142808,0.06820920744678668,0.03471906290645935,0.062314757212588695,0.10040172773505184,0.1201194296254148,,,,,,,SRB00040
2023-09-01,2791.54,0.0,22.15,0.038918242468811,0.0613290042706792,0.0454187020647479,0.1212042777195928,0.0657943512076751,0.0336531196774715,0.0610869411972158,0.0989693338249249,0.1178887012130862,,,,,,,SRB00040
2023-09-02,4354.12,0.0,24.5,0.0398540702780812,0.06508222036800833,0.05316224342943823,0.13484247128065144,0.06702550948721767,0.03328772664185623,0.07172204208729284,0.1058674940487867,0.1250394157292345,,,,,,,SRB00040
2023-09-03,5532.5,2.65,22.66,0.0407898980873514,0.06883543646533746,0.060905784794128566,0.14848066484171007,0.06825666776676023,0.032922333606240965,0.08235714297736987,0.1127656542726485,0.13219013024538276,,,,,,,SRB00040
2023-09-04,5431.5,0.22,21.2,0.0417257258966216,0.0725886525626666,0.0686493261588189,0.1621188584027687,0.0694878260463028,0.0325569405706257,0.09299224386744692,0.1196638144965103,0.13934084476153105,,,,,,,SRB00040
2023-09-05,5045.61,0.09,21.58,0.0562592223894981,0.0854909140266031,0.08299198916822215,0.15600832075748985,0.0639011937400219,0.031438986322526896,0.10362734475752397,0.1265619747203721,0.14649155927767932,,,,,,,SRB00040
2023-09-06,4687.13,0.03,22.89,0.0707927188823746,0.0983931754905396,0.0973346521776254,0.149897783112211,0.058314561433741,0.0303210320744281,0.114262445647601,0.1334601349442339,0.1536422737938276,,,,,,,SRB00040
2023-09-07,4324.14,0.0,23.17,0.0684964830340363,0.09624079849495558,0.09377758423886454,0.14700721031263975,0.0608984689755497,0.03189518701233114,0.1101791459710101,0.12973719923335494,0.1495637870948868,,,,,,,SRB00040
2023-09-08,3980.07,0.0,23.83,0.066200247185698,0.09408842149937156,0.09022051630010368,0.14411663751306847,0.0634823765173584,0.03346934195023418,0.1060958462944192,0.12601426352247597,0.14548530039594598,,,,,,,SRB00040
2023-09-09,3671.82,0.0,24.46,0.06390401133735969,0.09193604450378753,0.08666344836134282,0.14122606471349722,0.0660662840591671,0.03504349688813722,0.1020125466178283,0.12229132781159702,0.14140681369700514,,,,,,,SRB00040
2023-09-10,3410.93,0.0,25.04,0.061607775489021396,0.08978366750820352,0.08310638042258196,0.13833549191392594,0.0686501916009758,0.03661765182604026,0.09792924694123739,0.11856839210071807,0.13732832699806433,,,,,,,SRB00040
2023-09-11,3168.57,0.0,24.76,0.0593115396406831,0.0876312905126195,0.0795493124838211,0.1354449191143547,0.0712340991427845,0.0381918067639433,0.0938459472646465,0.1148454563898391,0.1332498402991235,,,,,,,SRB00040
2023-09-12,2963.83,0.0,25.44,0.049452362342728,0.08105102189012547,0.0731059982505529,0.1326980279350259,0.06753691265651895,0.034710134307044296,0.14169090865189998,0.15907478984406775,0.17697196582361235,,,,,,,SRB00040
2023-09-13,2778.71,0.0,26.21,0.0395931850447729,0.07447075326763145,0.0666626840172847,0.12995113675569708,0.06383972617025341,0.0312284618501453,0.18953587003915348,0.2033041232982964,0.22069409134810122,,,,,,,SRB00040
2023-09-14,2617.18,1.19,23.8,0.13342548822591704,0.1579358849923217,0.14645218129351256,0.1976891239256074,0.130986130470572,0.09766329671969949,0.23738083142640698,0.24753345675252503,0.2644162168725901,,,,,,,SRB00040
2023-09-15,2482.13,0.03,21.71,0.2272577914070612,0.24140101671701192,0.22624167856974042,0.2654271110955177,0.1981325347708906,0.16409813158925368,0.28522579281366045,0.29176279020675366,0.30813834239707893,,,,,,,SRB00040
2023-09-16,2370.37,0.07,22.64,0.3210900945882053,0.3248661484417022,0.3060311758459683,0.333165098265428,0.2652789390712092,0.2305329664588079,0.333070754200914,0.3359921236609823,0.3518604679215678,,,,,,,SRB00040
2023-09-17,2289.87,0.02,23.82,0.24951126623035746,0.2595771012955926,0.242612484789402,0.2796835042385801,0.21455116935656898,0.1805670130237018,0.3837632552428772,0.383838524239671,0.3944515596583993,,,,,,,SRB00040
2023-09-18,2263.64,0.13,24.46,0.17793243787250962,0.194288054149483,0.17919379373283573,0.2262019102117322,0.1638233996419288,0.1306010595885957,0.43445575628484046,0.43168492481835974,0.43704265139523085,,,,,,,SRB00040
2023-09-19,2316.39,0.76,23.09,0.10635360951466177,0.1289990070033734,0.11577510267626945,0.1727203161848843,0.1130956299272886,0.0806351061534896,0.48514825732680367,0.47953132539704846,0.47963374313206236,8.0,0.095,0.9593695,392.0,3.1,0.0082,SRB00040
2023-09-20,2448.06,0.0,22.97,0.0347747811568139,0.0637099598572638,0.0523564116197032,0.1192387221580364,0.0623678602126484,0.0306691527183835,0.5358407583687669,0.5273777259757372,0.5222248348688939,,,,,,,SRB00040
2023-09-21,2522.48,1.88,24.02,0.5760026748393997,0.5440457997456631,0.5238187288804887,0.6026362879244054,0.4328604014463302,0.3627720288523563,0.5865332594107301,0.5752241265544259,0.5648159266057254,,,,,,,SRB00040
2023-09-22,2482.13,0.13,26.1,0.47136735190098333,0.44959809139100537,0.43005037274672775,0.5062235150013281,0.36108443257096795,0.2985929068464976,0.48258396097247236,0.4796428052250418,0.47504299390050864,,,,,,,SRB00040
2023-09-23,2403.36,14.44,23.41,0.36673202896256696,0.3551503830363476,0.33628201661296675,0.4098107420782509,0.2893084636956057,0.23441378484063882,0.3786346625342146,0.38406148389565775,0.3852700611952919,,,,,,,SRB00040
2023-09-24,2364.92,9.29,19.64,0.2620967060241506,0.26070267468168984,0.2425136604792058,0.3133979691551737,0.2175324948202435,0.17023466283478006,0.2746853640959569,0.28848016256627373,0.29549712849007514,,,,,,,SRB00040
2023-09-25,2386.81,11.96,20.18,0.1574613830857342,0.16625496632703207,0.1487453043454448,0.21698519623209644,0.14575652594488125,0.10605554082892132,0.17073606565769917,0.19289884123688966,0.20572419578485834,,,,,,,SRB00040
2023-09-26,2442.43,0.0,21.72,0.0528260601473178,0.0718072579723743,0.0549769482116838,0.1205724233090192,0.073980557069519,0.0418764188230626,0.0667867672194414,0.0973175199075056,0.1159512630796416,,,,,,,SRB00040
2023-09-27,2522.48,0.0,21.16,0.0470023878041987,0.06910282468728714,0.05315016574838633,0.12114864725258613,0.07237956765034252,0.03981676685186614,0.0692512428815889,0.10105321780233968,0.11912530432334492,,,,,,,SRB00040
2023-09-28,2623.22,0.0,20.9,0.0411787154610796,0.06639839140219997,0.05132338328508887,0.12172487119615306,0.07077857823116603,0.037757114880669664,0.0717157185437364,0.10478891569717376,0.12229934556704823,,,,,,,SRB00040
2023-09-29,2740.57,0.0,21.9,0.035355043117960505,0.0636939581171128,0.0494966008217914,0.12230109513972,0.06917758881198954,0.0356974629094732,0.07418019420588391,0.10852461359200784,0.12547338681075154,,,,,,,SRB00040
2023-09-30,2772.32,0.0,21.52,0.04710377208998085,0.07231578557350934,0.0562019066018096,0.1300886418403867,0.07388381647757741,0.0382766784819359,0.07664466986803141,0.11226031148684192,0.12864742805445487,,,,,,,SRB00040
2023-10-01,2696.74,0.02,18.28,0.0588525010620012,0.0809376130299059,0.0629072123818278,0.1378761885410534,0.0785900441431653,0.0408558940543986,0.0791091455301789,0.115996009381676,0.1318214692981582,,,,,,,SRB00040
2023-10-02,2563.48,0.0,17.9,0.0547874331234291,0.07690556742880061,0.059254817277231586,0.13397196493838653,0.07690736482587315,0.04016817902502047,0.07515194573576621,0.11145983064092821,0.1277399939485995,,,,,,,SRB00040
2023-10-03,2414.46,0.0,19.71,0.050722365184856996,0.07287352182769533,0.05560242217263538,0.13006774133571966,0.07522468550858101,0.03948046399564234,0.0711947459413535,0.10692365190018044,0.12365851859904084,,,,,,,SRB00040
2023-10-04,2274.1,0.0,18.86,0.0466572972462849,0.06884147622659002,0.05195002706803917,0.1261635177330528,0.07354200619128888,0.03879274896626421,0.0672375461469408,0.10238747315943265,0.11957704324948215,,,,,,,SRB00040
2023-10-05,2156.74,0.0,17.16,0.0425922293077128,0.06480943062548473,0.04829763196344296,0.12225929413038591,0.07185932687399674,0.03810503393688608,0.0632803463525281,0.09785129441868487,0.11549556789992348,,,,,,,SRB00040
2023-10-06,2059.63,0.0,17.47,0.0385271613691407,0.060777385024379446,0.04464523685884675,0.11835507052771904,0.0701766475567046,0.03741731890750795,0.0593231465581154,0.0933151156779371,0.1114140925503648,,,,,,,SRB00040
2023-10-07,1989.67,0.0,16.87,0.04077914529743736,0.062514902856339,0.04569374331177186,0.11866543731211959,0.07262452629971479,0.03905080948802452,0.060692041426046645,0.09486228435372233,0.11249196513230907,,,,,,,SRB00040
2023-10-08,1935.42,0.0,18.65,0.04303112922573402,0.06425242068829855,0.04674224976469697,0.11897580409652014,0.075072405042725,0.04068430006854109,0.06206093629397788,0.09640945302950758,0.11356983771425332,,,,,,,SRB00040
2023-10-09,1900.08,0.05,15.28,0.04528311315403068,0.0659899385202581,0.04779075621762208,0.1192861708809207,0.0775202837857352,0.04231779064905766,0.06342983116190912,0.09795662170529282,0.11464771029619758,,,,,,,SRB00040
2023-10-10,1861.09,0.12,17.07,0.04753509708232734,0.06772745635221765,0.04883926267054719,0.11959653766532125,0.0799681625287454,0.04395128122957423,0.06479872602984037,0.09950379038107807,0.11572558287814183,,,,,,,SRB00040
2023-10-11,1848.27,0.0,17.51,0.049787081010624,0.0694649741841772,0.0498877691234723,0.1199069044497218,0.0824160412717556,0.0455847718100908,0.0661676208977716,0.1010509590568633,0.1168034554600861,,,,,,,SRB00040
2023-10-12,1831.31,0.0,20.07,0.05631824945196756,0.07393217114452634,0.055224479498359444,0.12788738548047687,0.08912222494179002,0.053070424309399344,0.07140471492291499,0.10611816728716922,0.12169747038420324,,,,,,,SRB00040
2023-10-13,1806.17,0.0,20.42,0.06284941789331112,0.07839936810487548,0.06056118987324658,0.13586786651123195,0.09582840861182444,0.06055607680870788,0.07664180894805836,0.11118537551747515,0.12659148530832037,,,,,,,SRB00040
2023-10-14,1777.28,0.0,20.02,0.06938058633465467,0.08286656506522462,0.06589790024813372,0.14384834754198705,0.10253459228185886,0.06804172930801641,0.08187890297320174,0.11625258374778107,0.13148550023243752,,,,,,,SRB00040
2023-10-15,1756.92,3.27,13.17,0.07591175477599824,0.08733376202557376,0.07123461062302086,0.15182882857274213,0.10924077595189328,0.07552738180732496,0.08711599699834513,0.12131979197808698,0.13637951515655466,,,,,,,SRB00040
2023-10-16,1740.81,0.0,10.13,0.0824429232173418,0.0918009589859229,0.076571320997908,0.1598093096034972,0.1159469596219277,0.0830130343066335,0.0923530910234885,0.1263870002083929,0.1412735300806718,,,,,,,SRB00040
2023-10-17,1720.87,0.0,9.94,0.07260520910089313,0.08437234368760471,0.06957576405268365,0.15068064311306117,0.10782683543014089,0.07487338913741284,0.09198324208308477,0.125368598958438,0.1400840241575126,,,,,,,SRB00040
2023-10-18,1697.24,0.05,11.02,0.06276749498444446,0.07694372838928654,0.0625802071074593,0.14155197662262517,0.09970671123835408,0.0667337439681922,0.09161339314268105,0.12435019770848309,0.13889451823435334,,,,,,,SRB00040
2023-10-19,1681.67,0.66,17.57,0.0529297808679958,0.06951511309096835,0.055584650162234954,0.13242331013218916,0.09158658704656726,0.05859409879897155,0.09124354420227732,0.12333179645852817,0.1377050123111941,,,,,,,SRB00040
2023-10-20,1689.44,0.0,22.05,0.043092066751547135,0.06208649779265017,0.048589093217010604,0.12329464364175313,0.08346646285478043,0.0504544536297509,0.09087369526187358,0.12231339520857326,0.1365155063880349,,,,,,,SRB00040
2023-10-21,1712.96,2.82,21.15,0.03325435263509847,0.05465788249433198,0.041593536271786254,0.11416597715131711,0.07534633866299362,0.04231480846053025,0.09050384632146986,0.12129499395861834,0.13532600046487567,,,,,,,SRB00040
2023-10-22,1765.04,1.18,19.52,0.0234166385186498,0.0472292671960138,0.0345979793265619,0.1050373106608811,0.0672262144712068,0.0341751632913096,0.09013399738106613,0.12027659270866344,0.13413649454171642,,,,,,,SRB00040
2023-10-23,1814.52,0.02,18.38,0.024074325099349547,0.04804006482532361,0.03562450917079852,0.10435533832132954,0.06706851623144718,0.034215702075259154,0.08976414844066241,0.11925819145870852,0.1329469886185572,,,,,,,SRB00040
2023-10-24,1822.9,0.32,18.81,0.024732011680049293,0.04885086245463342,0.03665103901503513,0.10367336598177798,0.06691081799168754,0.03425624085920871,0.08939429950025868,0.1182397902087536,0.13175748269539797,,,,,,,SRB00040
2023-10-25,1814.52,0.92,18.46,0.02538969826074904,0.04966166008394323,0.037677568859271746,0.10299139364222643,0.06675311975192791,0.03429677964315826,0.08902445055985495,0.11722138895879869,0.13056797677223875,,,,,,,SRB00040
2023-10-26,1810.34,0.96,17.28,0.026047384841448785,0.05047245771325304,0.038704098703508355,0.10230942130267488,0.06659542151216827,0.03433731842710782,0.08865460161945123,0.11620298770884377,0.1293784708490795,,,,,,,SRB00040
2023-10-27,1852.53,5.54,17.76,0.02670507142214853,0.05128325534256285,0.03973062854774497,0.10162744896312333,0.06643772327240864,0.03437785721105737,0.08828475267904749,0.11518458645888886,0.12818896492592027,,,,,,,SRB00040
2023-10-28,2008.09,1.72,15.89,0.027362758002848275,0.05209405297187266,0.04075715839198159,0.10094547662357177,0.06628002503264901,0.03441839599500693,0.08791490373864376,0.11416618520893394,0.12699945900276105,,,,,,,SRB00040
2023-10-29,2232.57,0.0,16.43,0.02802044458354802,0.05290485060118247,0.0417836882362182,0.10026350428402021,0.06612232679288937,0.03445893477895648,0.08754505479824004,0.11314778395897902,0.12580995307960183,,,,,,,SRB00040
2023-10-30,2448.06,0.0,17.64,0.028678131164247767,0.05371564823049228,0.042810218080454814,0.09958153194446866,0.06596462855312975,0.03449947356290604,0.08717520585783631,0.11212938270902412,0.12462044715644259,,,,,,,SRB00040
2023-10-31,2684.34,6.74,18.1,0.029335817744947514,0.05452644585980209,0.04383674792469143,0.0988995596049171,0.06580693031337011,0.03454001234685559,0.08680535691743257,0.1111109814590692,0.12343094123328335,9.9,0.05,0.95034014,437.0,2.1,,SRB00040
2023-11-01,2936.65,0.25,12.87,0.02999350432564726,0.0553372434891119,0.04486327776892804,0.09821758726536556,0.06564923207361048,0.03458055113080514,0.08643550797702886,0.11009258020911429,0.12224143531012413,,,,,,,SRB00040
2023-11-02,3161.28,0.01,15.32,0.030651190906347006,0.056148041118421706,0.045889807613164656,0.097535614925814,0.06549153383385085,0.034621089914754696,0.08606565903662512,0.10907417895915937,0.1210519293869649,,,,,,,SRB00040
2023-11-03,3279.95,9.26,14.49,0.03130887748704675,0.05695883874773152,0.04691633745740127,0.09685364258626245,0.06533383559409121,0.03466162869870425,0.08569581009622139,0.10805577770920446,0.11986242346380567,,,,,,,SRB00040
2023-11-04,3287.52,0.4,11.51,0.0319665640677465,0.05776963637704133,0.04794286730163788,0.09617167024671089,0.06517613735433159,0.034702167482653805,0.08532596115581767,0.10703737645924954,0.11867291754064643,,,,,,,SRB00040
2023-11-05,3325.6,7.45,15.03,0.03262425064844624,0.058580434006351136,0.0489693971458745,0.09548969790715933,0.06501843911457195,0.034742706266603356,0.08495611221541394,0.10601897520929462,0.11748341161748721,,,,,,,SRB00040
2023-11-06,3555.31,0.83,13.66,0.03328193722914599,0.05939123163566095,0.04999592699011111,0.09480772556760778,0.06486074087481232,0.03478324505055291,0.08458626327501022,0.10500057395933972,0.11629390569432797,,,,,,,SRB00040
2023-11-07,4044.76,2.21,13.76,0.033939623809845734,0.06020202926497076,0.051022456834347724,0.09412575322805622,0.0647030426350527,0.034823783834502464,0.08421641433460648,0.1039821727093848,0.11510439977116875,,,,,,,SRB00040
2023-11-08,4807.39,0.89,10.41,0.03459731039054548,0.061012826894280565,0.05204898667858434,0.09344378088850468,0.06454534439529305,0.034864322618452015,0.08384656539420275,0.10296377145942989,0.11391489384800951,,,,,,,SRB00040
2023-11-09,5175.07,0.0,8.54,0.03525499697124523,0.06182362452359038,0.05307551652282095,0.09276180854895312,0.06438764615553343,0.03490486140240157,0.08347671645379903,0.10194537020947497,0.11272538792485029,,,,,,,SRB00040
2023-11-10,4999.34,7.85,9.04,0.03591268355194497,0.06263442215290019,0.054102046367057566,0.09207983620940156,0.06422994791577379,0.034945400186351123,0.0831068675133953,0.10092696895952007,0.11153588200169105,,,,,,,SRB00040
2023-11-11,4697.94,4.17,7.96,0.03657037013264472,0.06344521978221,0.055128576211294175,0.09139786386985001,0.06407224967601416,0.03498593897030068,0.08273701857299157,0.09990856770956515,0.11034637607853183,,,,,,,SRB00040
2023-11-12,4394.42,0.0,6.86,0.03722805671334446,0.0642560174115198,0.05615510605553079,0.09071589153029845,0.06391455143625453,0.03502647775425023,0.08236716963258785,0.09889016645961023,0.10915687015537259,,,,,,,SRB00040
2023-11-13,4119.98,0.06,9.1,0.03788574329404421,0.06506681504082962,0.05718163589976741,0.0900339191907469,0.06375685319649489,0.03506701653819979,0.08199732069218411,0.09787176520965532,0.10796736423221337,,,,,,,SRB00040
2023-11-14,3862.67,11.18,13.6,0.038543429874743955,0.06587761267013943,0.05820816574400402,0.08935194685119535,0.06359915495673527,0.03510755532214934,0.08162747175178038,0.0968533639597004,0.10677785830905413,,,,,,,SRB00040
2023-11-15,3629.78,7.11,12.59,0.039201116455443705,0.06668841029944923,0.059234695588240634,0.0886699745116438,0.06344145671697562,0.0351480941060989,0.08125762281137666,0.0958349627097455,0.10558835238589491,,,,,,,SRB00040
2023-11-16,3442.5,0.13,9.38,0.03985880303614345,0.06749920792875905,0.06026122543247725,0.08798800217209224,0.063283758477216,0.03518863289004845,0.08088777387097293,0.09481656145979057,0.10439884646273567,,,,,,,SRB00040
2023-11-17,3340.95,11.85,8.32,0.04032888576347824,0.06847072056361037,0.06228246833786438,0.0878389199698715,0.06261739309918726,0.03525627826475457,0.0805179249305692,0.09379816020983567,0.10320934053957645,,,,,,,SRB00040
2023-11-18,3371.87,0.17,4.85,0.040798968490813034,0.0694422331984617,0.06430371124325152,0.08768983776765077,0.061951027721158514,0.03532392363946069,0.08014807599016548,0.09277975895988075,0.10201983461641721,,,,,,,SRB00040
2023-11-19,3596.49,0.0,3.58,0.04126905121814783,0.07041374583331302,0.06632495414863865,0.08754075556543003,0.06128466234312977,0.03539156901416681,0.07977822704976174,0.09176135770992583,0.10083032869325798,,,,,,,SRB00040
2023-11-20,3970.92,0.08,8.97,0.04173913394548262,0.07138525846816433,0.0683461970540258,0.0873916733632093,0.06061829696510103,0.03545921438887294,0.07940837810935802,0.09074295645997092,0.09964082277009875,,,,,,,SRB00040
2023-11-21,4414.7,9.29,7.68,0.042209216672817414,0.07235677110301565,0.07036743995941293,0.08724259116098856,0.05995193158707229,0.035526859763579055,0.07903852916895429,0.089724555210016,0.09845131684693952,,,,,,,SRB00040
2023-11-22,4730.51,4.52,5.93,0.04267929940015221,0.07332828373786698,0.07238868286480006,0.08709350895876783,0.059285566209043544,0.03559450513828518,0.07866868022855056,0.0887061539600611,0.09726181092378029,,,,,,,SRB00040
2023-11-23,4942.11,0.0,1.35,0.043149382127487,0.0742997963727183,0.0744099257701872,0.0869444267565471,0.0586192008310148,0.0356621505129913,0.07829883128814684,0.08768775271010618,0.09607230500062106,,,,,,,SRB00040
2023-11-24,4964.92,1.96,4.46,0.0442376108719784,0.07358984785958145,0.07366404597337811,0.08701642977449335,0.06143416501047486,0.03925080175514607,0.0779289823477431,0.08666935146015126,0.09488279907746183,,,,,,,SRB00040
2023-11-25,4818.48,1.17,3.07,0.0453258396164698,0.07287989934644458,0.07291816617656904,0.0870884327924396,0.06424912918993492,0.04283945299730085,0.07755913340733937,0.08565095021019635,0.0936932931543026,,,,,,,SRB00040
2023-11-26,4612.18,0.08,0.25,0.0464140683609612,0.07216995083330772,0.07217228637975998,0.08716043581038585,0.06706409336939498,0.04642810423945563,0.07718928446693565,0.08463254896024143,0.09250378723114337,,,,,,,SRB00040
2023-11-27,4424.88,0.07,2.3,0.0475022971054526,0.07146000232017087,0.0714264065829509,0.08723243882833209,0.06987905754885504,0.0500167554816104,0.07681943552653192,0.08361414771028652,0.09131428130798414,,,,,,,SRB00040
2023-11-28,4264.8,10.02,5.06,0.048590525849944,0.070750053807034,0.07068052678614181,0.08730444184627835,0.07269402172831509,0.053605406723765174,0.07644958658612819,0.0825957464603316,0.09012477538482491,,,,,,,SRB00040
2023-11-29,4196.59,0.56,1.46,0.0496787545944354,0.07004010529389715,0.06993464698933274,0.08737644486422459,0.07550898590777515,0.05719405796591995,0.07607973764572447,0.0815773452103767,0.08893526946166568,,,,,,,SRB00040
2023-11-30,4235.43,1.57,3.96,0.0507669833389268,0.0693301567807603,0.06918876719252368,0.08744844788217085,0.07832395008723521,0.06078270920807473,0.07570988870532074,0.08055894396042178,0.08774576353850645,11.0,0.178,1.7494385,397.0,1.6,,SRB00040
2023-12-01,4186.94,0.3,13.23,0.0518552120834182,0.06862020826762343,0.0684428873957146,0.0875204509001171,0.08113891426669527,0.06437136045022951,0.07534003976491702,0.07954054271046686,0.08655625761534722,,,,,,,SRB00040
2023-12-02,4016.91,4.6,11.85,0.052943440827909596,0.06791025975448657,0.06769700759890551,0.08759245391806335,0.08395387844615533,0.06796001169238428,0.07497019082451328,0.07852214146051195,0.08536675169218799,,,,,,,SRB00040
2023-12-03,3827.25,0.06,-0.31,0.054031669572401,0.06720031124134972,0.06695112780209644,0.0876644569360096,0.08676884262561538,0.07154866293453906,0.07460034188410955,0.07750374021055703,0.08417724576902876,,,,,,,SRB00040
2023-12-04,3663.37,0.0,-1.53,0.0551198983168924,0.06649036272821285,0.06620524800528738,0.08773645995395585,0.08958380680507544,0.07513731417669382,0.07423049294370583,0.07648533896060213,0.08298773984586953,,,,,,,SRB00040
2023-12-05,3538.97,0.01,1.98,0.0562081270613838,0.065780414215076,0.0654593682084783,0.0878084629719021,0.0923987709845355,0.0787259654188486,0.0738606440033021,0.0754669377106472,0.0817982339227103,,,,,,,SRB00040
2023-12-06,3442.5,6.35,1.16,0.055221412179013045,0.06630337580059013,0.06623696304622309,0.08509085424805332,0.08812113589236026,0.0745441127550397,0.10413058780074981,0.10381149137975976,0.10909338105991663,,,,,,,SRB00040
2023-12-07,3371.87,1.25,0.69,0.05423469729664229,0.06682633738610427,0.0670145578839679,0.08237324552420455,0.083843500800185,0.07036226009123077,0.13440053159819754,0.1321560450488723,0.13638852819712297,,,,,,,SRB00040
2023-12-08,3310.31,0.02,-0.51,0.05324798241427154,0.06734929897161843,0.0677921527217127,0.07965563680035577,0.07956586570800976,0.06618040742742186,0.16467047539564525,0.16050059871798486,0.1636836753343293,,,,,,,SRB00040
2023-12-09,3212.66,0.02,-0.53,0.05226126753190078,0.06787226055713257,0.0685697475594575,0.07693802807650699,0.07528823061583452,0.06199855476361294,0.19494041919309296,0.18884515238709743,0.19097882247153564,,,,,,,SRB00040
2023-12-10,3032.89,7.74,-0.2,0.05127455264953003,0.0683952221426467,0.0693473423972023,0.07422041935265822,0.07101059552365926,0.057816702099804024,0.22521036299054067,0.21718970605620996,0.21827396960874196,,,,,,,SRB00040
2023-12-11,2836.92,4.11,3.35,0.050287837767159276,0.06891818372816085,0.0701249372349471,0.07150281062880944,0.06673296043148402,0.05363484943599511,0.2554803067879884,0.2455342597253225,0.24556911674594828,,,,,,,SRB00040
2023-12-12,2665.86,1.65,6.71,0.04930112288478852,0.069441145313675,0.0709025320726919,0.06878520190496067,0.06245532533930878,0.049452996772186196,0.2857502505854361,0.2738788133944351,0.2728642638831546,,,,,,,SRB00040
2023-12-13,2539.97,9.86,9.14,0.04831440800241777,0.06996410689918914,0.0716801269104367,0.06606759318111188,0.05817769024713353,0.04527114410837728,0.3160201943828838,0.30222336706354763,0.3001594110203609,,,,,,,SRB00040
2023-12-14,2459.37,5.3,5.84,0.04732769312004702,0.07048706848470328,0.0724577217481815,0.0633499844572631,0.053900055154958285,0.04108929144456836,0.34629013818033155,0.33056792073266017,0.3274545581575673,,,,,,,SRB00040
2023-12-15,2528.3,0.04,3.12,0.04634097823767626,0.07101003007021742,0.0732353165859263,0.06063237573341433,0.04962242006278304,0.036907438780759444,0.37656008197777924,0.3589124744017727,0.3547497052947736,,,,,,,SRB00040
2023-12-16,3046.89,0.0,0.21,0.045354263355305506,0.07153299165573157,0.0740129114236711,0.05791476700956555,0.045344784970607795,0.032725586116950534,0.406830025775227,0.38725702807088525,0.38204485243197994,,,,,,,SRB00040
2023-12-17,4215.96,0.01,1.06,0.044367548472934754,0.07205595324124571,0.07479050626141591,0.05519715828571677,0.041067149878432546,0.028543733453141616,0.4370999695726747,0.41560158173999784,0.40933999956918626,,,,,,,SRB00040
2023-12-18,4953.5,0.0,2.93,0.043380833590564,0.07257891482675985,0.0755681010991607,0.052479549561868,0.036789514786257305,0.0243618807893327,0.4673699133701224,0.4439461354091104,0.4366351467063926,,,,,,,SRB00040
2023-12-19,5210.95,0.0,3.89,0.2882910926686292,0.29432682694247236,0.2916827299488095,0.2786387349153739,0.23758135078507786,0.21265570247141902,0.49763985716757014,0.4722906890782229,0.46393029384359896,,,,,,,SRB00040
2023-12-20,5469.16,0.0,2.11,0.5332013517466944,0.5160747390581849,0.5077973587984583,0.5047979202688798,0.4383731867838984,0.4009495241535054,0.5279098009650178,0.5006352427473355,0.4912254409808053,,,,,,,SRB00040
2023-12-21,5648.37,0.51,4.59,0.4335735119985079,0.42448786300698915,0.41796453329086153,0.4121547864285157,0.35832554030490826,0.3261730560545052,0.4339982497324958,0.408506939123308,0.401643632643899,,,,,,,SRB00040
2023-12-22,5507.08,2.87,6.21,0.33394567225032146,0.33290098695579345,0.3281317077832647,0.3195116525881516,0.27827789382591805,0.25139658795550507,0.3400866984999738,0.31637863549928047,0.3120618243069928,,,,,,,SRB00040
2023-12-23,5151.29,1.82,4.74,0.23431783250213495,0.24131411090459773,0.23829888227566792,0.22686851874778757,0.1982302473469279,0.17662011985650491,0.2461751472674518,0.22425033187525295,0.22248001597008654,,,,,,,SRB00040
2023-12-24,4763.31,0.01,6.11,0.1346899927539485,0.149727234853402,0.14846605676807112,0.13422538490742347,0.11818260086793775,0.10184365175750476,0.15226359603492978,0.13212202825122543,0.13289820763318028,,,,,,,SRB00040
2023-12-25,4496.8,0.0,9.91,0.03506215300576205,0.0581403588022063,0.0586332312604743,0.041582251067059345,0.038134954388947595,0.027067183658504648,0.0583520448024078,0.0399937246271979,0.043316399296274,11.8,0.096,2.2686267,424.0,3.0,,SRB00040
2023-12-26,4719.63,0.0,8.11,0.04390296108628594,0.06781998011912879,0.06874969720405905,0.04946236943768938,0.0423866557272933,0.0299438555414338,0.06909928873998618,0.049460238950182256,0.052259123348388135,,,,,,,SRB00040
2023-12-27,5766.66,0.01,6.54,0.052743769166809826,0.0774996014360513,0.07886616314764378,0.05734248780831941,0.046638357065639,0.03282052742436295,0.07984653267756456,0.05892675327316662,0.061201847400502274,,,,,,,SRB00040
2023-12-28,6485.34,0.01,5.6,0.06158457724733371,0.0871792227529738,0.08898262909122852,0.06522260617894944,0.050890058403984695,0.0356971993072921,0.09059377661514294,0.06839326759615098,0.07014457145261642,,,,,,,SRB00040
2023-12-29,6485.34,0.0,7.21,0.07042538532785761,0.0968588440698963,0.09909909503481326,0.07310272454957947,0.0551417597423304,0.03857387119022125,0.10134102055272132,0.07785978191913534,0.07908729550473056,,,,,,,SRB00040
2023-12-30,6396.35,0.02,8.32,0.0792661934083815,0.1065384653868188,0.109215560978398,0.0809828429202095,0.0593934610806761,0.0414505430731504,0.1120882644902997,0.0873262962421197,0.0880300195568447,,,,,,,SRB00040
2023-12-31,6337.7,0.0,6.86,0.0792661934083815,0.1065384653868188,0.109215560978398,0.0809828429202095,0.0593934610806761,0.0414505430731504,0.1120882644902997,0.0873262962421197,0.0880300195568447,,,,,,,SRB00040
