date,streamflow,precipitation,water_temp_c,Blue,Green,Red,NIR,SWIR1,SWIR2,RedEdge1,RedEdge2,RedEdge3,dissolved_oxygen,total_phosphorus,nitrate_n,electrical_conductance,oxygen_demand,chlorophyll_a,station_id
2012-12-01,3680.29,0.0,-1.42,0.0301904489874931,0.0621058999259855,0.0463647244551289,0.1979586892309919,0.0868362336272119,0.0448853024839942,0.08382571131299715,0.16045005128197787,0.1941725025337612,,,,,,,SRB00001
2012-12-02,3680.29,0.0,-1.42,0.0301904489874931,0.0621058999259855,0.0463647244551289,0.1979586892309919,0.0868362336272119,0.0448853024839942,0.08382571131299715,0.16045005128197787,0.1941725025337612,,,,,,,SRB00001
2012-12-03,3680.29,0.0,-1.42,0.0301904489874931,0.0621058999259855,0.0463647244551289,0.1979586892309919,0.0868362336272119,0.0448853024839942,0.08382571131299715,0.16045005128197787,0.1941725025337612,,,,,,,SRB00001
2012-12-04,3680.29,0.0,-1.42,0.0301904489874931,0.0621058999259855,0.0463647244551289,0.1979586892309919,0.0868362336272119,0.0448853024839942,0.08382571131299715,0.16045005128197787,0.1941725025337612,,,,,,,SRB00001
2012-12-05,3680.29,0.0,-1.42,0.0301904489874931,0.0621058999259855,0.0463647244551289,0.1979586892309919,0.0868362336272119,0.0448853024839942,0.08382571131299715,0.16045005128197787,0.1941725025337612,,,,,,,SRB00001
2012-12-06,3680.29,0.0,-1.42,0.0301904489874931,0.0621058999259855,0.0463647244551289,0.1979586892309919,0.0868362336272119,0.0448853024839942,0.08382571131299715,0.16045005128197787,0.1941725025337612,,,,,,,SRB00001
2012-12-07,3680.29,0.0,-1.42,0.0301904489874931,0.0621058999259855,0.0463647244551289,0.1979586892309919,0.0868362336272119,0.0448853024839942,0.08382571131299715,0.16045005128197787,0.1941725025337612,,,,,,,SRB00001
2012-12-08,3680.29,0.0,-1.42,0.0301904489874931,0.0621058999259855,0.0463647244551289,0.1979586892309919,0.0868362336272119,0.0448853024839942,0.08382571131299715,0.16045005128197787,0.1941725025337612,,,,,,,SRB00001
2012-12-09,3680.29,0.0,-1.42,0.0301904489874931,0.0621058999259855,0.0463647244551289,0.1979586892309919,0.0868362336272119,0.0448853024839942,0.08382571131299715,0.16045005128197787,0.1941725025337612,,,,,,,SRB00001
2012-12-10,3680.29,0.0,-1.42,0.0301904489874931,0.0621058999259855,0.0463647244551289,0.1979586892309919,0.0868362336272119,0.0448853024839942,0.08382571131299715,0.16045005128197787,0.1941725025337612,,,,,,,SRB00001
2012-12-11,3680.29,0.0,-1.42,0.0301904489874931,0.0621058999259855,0.0463647244551289,0.1979586892309919,0.0868362336272119,0.0448853024839942,0.08382571131299715,0.16045005128197787,0.1941725025337612,,,,,,,SRB00001
2012-12-12,3680.29,0.0,-1.42,0.0301904489874931,0.0621058999259855,0.0463647244551289,0.1979586892309919,0.0868362336272119,0.0448853024839942,0.08382571131299715,0.16045005128197787,0.1941725025337612,,,,,,,SRB00001
2012-12-13,3680.29,0.0,-1.42,0.0301904489874931,0.0621058999259855,0.0463647244551289,0.1979586892309919,0.0868362336272119,0.0448853024839942,0.08382571131299715,0.16045005128197787,0.1941725025337612,,,,,,,SRB00001
2012-12-14,3680.29,0.0,-1.42,0.0301904489874931,0.0621058999259855,0.0463647244551289,0.1979586892309919,0.0868362336272119,0.0448853024839942,0.08382571131299715,0.16045005128197787,0.1941725025337612,,,,,,,SRB00001
2012-12-15,3680.29,0.0,-1.42,0.0301904489874931,0.0621058999259855,0.0463647244551289,0.1979586892309919,0.0868362336272119,0.0448853024839942,0.08382571131299715,0.16045005128197787,0.1941725025337612,,,,,,,SRB00001
2012-12-16,3680.29,0.0,-1.42,0.0301904489874931,0.0621058999259855,0.0463647244551289,0.1979586892309919,0.0868362336272119,0.0448853024839942,0.08382571131299715,0.16045005128197787,0.1941725025337612,,,,,,,SRB00001
2012-12-17,3680.29,0.0,-1.42,0.0301904489874931,0.0621058999259855,0.0463647244551289,0.1979586892309919,0.0868362336272119,0.0448853024839942,0.08382571131299715,0.16045005128197787,0.1941725025337612,,,,,,,SRB00001
2012-12-18,3680.29,0.0,-1.42,0.0301904489874931,0.0621058999259855,0.0463647244551289,0.1979586892309919,0.0868362336272119,0.0448853024839942,0.08382571131299715,0.16045005128197787,0.1941725025337612,,,,,,,SRB00001
2012-12-19,3680.29,0.0,-1.42,0.0301904489874931,0.0621058999259855,0.0463647244551289,0.1979586892309919,0.0868362336272119,0.0448853024839942,0.08382571131299715,0.16045005128197787,0.1941725025337612,,,,,,,SRB00001
2012-12-20,3680.29,0.0,-1.42,0.0301904489874931,0.0621058999259855,0.0463647244551289,0.1979586892309919,0.0868362336272119,0.0448853024839942,0.08382571131299715,0.16045005128197787,0.1941725025337612,,,,,,,SRB00001
2012-12-21,3680.29,0.0,-1.42,0.0301904489874931,0.0621058999259855,0.0463647244551289,0.1979586892309919,0.0868362336272119,0.0448853024839942,0.08382571131299715,0.16045005128197787,0.1941725025337612,,,,,,,SRB00001
2012-12-22,3680.29,0.0,-1.42,0.0301904489874931,0.0621058999259855,0.0463647244551289,0.1979586892309919,0.0868362336272119,0.0448853024839942,0.08382571131299715,0.16045005128197787,0.1941725025337612,,,,,,,SRB00001
2012-12-23,3680.29,0.0,-1.42,0.0301904489874931,0.0621058999259855,0.0463647244551289,0.1979586892309919,0.0868362336272119,0.0448853024839942,0.08382571131299715,0.16045005128197787,0.1941725025337612,,,,,,,SRB00001
2012-12-24,3680.29,0.0,-1.42,0.0301904489874931,0.0621058999259855,0.0463647244551289,0.1979586892309919,0.0868362336272119,0.0448853024839942,0.08382571131299715,0.16045005128197787,0.1941725025337612,,,,,,,SRB00001
2012-12-25,3680.29,0.0,-1.42,0.0301904489874931,0.0621058999259855,0.0463647244551289,0.1979586892309919,0.0868362336272119,0.0448853024839942,0.08382571131299715,0.16045005128197787,0.1941725025337612,,,,,,,SRB00001
2012-12-26,3680.29,0.0,-1.42,0.0301904489874931,0.0621058999259855,0.0463647244551289,0.1979586892309919,0.0868362336272119,0.0448853024839942,0.08382571131299715,0.16045005128197787,0.1941725025337612,,,,,,,SRB00001
2012-12-27,3680.29,0.0,-1.42,0.0301904489874931,0.0621058999259855,0.0463647244551289,0.1979586892309919,0.0868362336272119,0.0448853024839942,0.08382571131299715,0.16045005128197787,0.1941725025337612,,,,,,,SRB00001
2012-12-28,3680.29,0.0,-1.42,0.0301904489874931,0.0621058999259855,0.0463647244551289,0.1979586892309919,0.0868362336272119,0.0448853024839942,0.08382571131299715,0.16045005128197787,0.1941725025337612,,,,,,,SRB00001
2012-12-29,3680.29,0.0,-1.42,0.0301904489874931,0.0621058999259855,0.0463647244551289,0.1979586892309919,0.0868362336272119,0.0448853024839942,0.08382571131299715,0.16045005128197787,0.1941725025337612,,,,,,,SRB00001
2012-12-30,3680.29,0.0,-1.42,0.0301904489874931,0.0621058999259855,0.0463647244551289,0.1979586892309919,0.0868362336272119,0.0448853024839942,0.08382571131299715,0.16045005128197787,0.1941725025337612,,,,,,,SRB00001
2012-12-31,3680.29,0.0,-1.42,0.0301904489874931,0.0621058999259855,0.0463647244551289,0.1979586892309919,0.0868362336272119,0.0448853024839942,0.08382571131299715,0.16045005128197787,0.1941725025337612,,,,,,,SRB00001
2013-01-01,3680.29,0.02,-1.42,0.0301904489874931,0.0621058999259855,0.0463647244551289,0.1979586892309919,0.0868362336272119,0.0448853024839942,0.08382571131299715,0.16045005128197787,0.1941725025337612,,,,,,,SRB00001
2013-01-02,3646.54,0.06,-0.53,0.0301904489874931,0.0621058999259855,0.0463647244551289,0.1979586892309919,0.0868362336272119,0.0448853024839942,0.08382571131299715,0.16045005128197787,0.1941725025337612,,,,,,,SRB00001
2013-01-03,3490.4,0.02,1.34,0.0301904489874931,0.0621058999259855,0.0463647244551289,0.1979586892309919,0.0868362336272119,0.0448853024839942,0.08382571131299715,0.16045005128197787,0.1941725025337612,,,,,,,SRB00001
2013-01-04,3272.41,1.04,4.08,0.0301904489874931,0.0621058999259855,0.0463647244551289,0.1979586892309919,0.0868362336272119,0.0448853024839942,0.08382571131299715,0.16045005128197787,0.1941725025337612,,,,,,,SRB00001
2013-01-05,3060.96,1.96,5.65,0.0301904489874931,0.0621058999259855,0.0463647244551289,0.1979586892309919,0.0868362336272119,0.0448853024839942,0.08382571131299715,0.16045005128197787,0.1941725025337612,,,,,,,SRB00001
2013-01-06,2869.78,4.22,0.88,0.0301904489874931,0.0621058999259855,0.0463647244551289,0.1979586892309919,0.0868362336272119,0.0448853024839942,0.08382571131299715,0.16045005128197787,0.1941725025337612,,,,,,,SRB00001
2013-01-07,2797.98,0.84,-0.79,0.0301904489874931,0.0621058999259855,0.0463647244551289,0.1979586892309919,0.0868362336272119,0.0448853024839942,0.08382571131299715,0.16045005128197787,0.1941725025337612,,,,,,,SRB00001
2013-01-08,3514.6,0.43,-2.58,0.0301904489874931,0.0621058999259855,0.0463647244551289,0.1979586892309919,0.0868362336272119,0.0448853024839942,0.08382571131299715,0.16045005128197787,0.1941725025337612,,,,,,,SRB00001
2013-01-09,5092.31,0.83,-0.83,0.0301904489874931,0.0621058999259855,0.0463647244551289,0.1979586892309919,0.0868362336272119,0.0448853024839942,0.08382571131299715,0.16045005128197787,0.1941725025337612,11.9,0.096,2.63883046,433.0,1.8,,SRB00001
2013-01-10,5570.86,0.74,0.16,0.0301904489874931,0.0621058999259855,0.0463647244551289,0.1979586892309919,0.0868362336272119,0.0448853024839942,0.08382571131299715,0.16045005128197787,0.1941725025337612,,,,,,,SRB00001
2013-01-11,5344.64,4.38,-0.37,0.0301904489874931,0.0621058999259855,0.0463647244551289,0.1979586892309919,0.0868362336272119,0.0448853024839942,0.08382571131299715,0.16045005128197787,0.1941725025337612,,,,,,,SRB00001
2013-01-12,4976.37,0.02,-2.12,0.0301904489874931,0.0621058999259855,0.0463647244551289,0.1979586892309919,0.0868362336272119,0.0448853024839942,0.08382571131299715,0.16045005128197787,0.1941725025337612,,,,,,,SRB00001
2013-01-13,4601.57,1.79,-1.71,0.0301904489874931,0.0621058999259855,0.0463647244551289,0.1979586892309919,0.0868362336272119,0.0448853024839942,0.08382571131299715,0.16045005128197787,0.1941725025337612,,,,,,,SRB00001
2013-01-14,4225.69,5.31,1.16,0.0301904489874931,0.0621058999259855,0.0463647244551289,0.1979586892309919,0.0868362336272119,0.0448853024839942,0.08382571131299715,0.16045005128197787,0.1941725025337612,,,,,,,SRB00001
2013-01-15,3853.78,6.14,1.3,0.0301904489874931,0.0621058999259855,0.0463647244551289,0.1979586892309919,0.0868362336272119,0.0448853024839942,0.08382571131299715,0.16045005128197787,0.1941725025337612,,,,,,,SRB00001
2013-01-16,3506.52,6.71,1.1,0.0301904489874931,0.0621058999259855,0.0463647244551289,0.1979586892309919,0.0868362336272119,0.0448853024839942,0.08382571131299715,0.16045005128197787,0.1941725025337612,,,,,,,SRB00001
2013-01-17,3183.2,3.65,0.94,0.0301904489874931,0.0621058999259855,0.0463647244551289,0.1979586892309919,0.0868362336272119,0.0448853024839942,0.08382571131299715,0.16045005128197787,0.1941725025337612,,,,,,,SRB00001
2013-01-18,2909.72,8.37,-2.03,0.0301904489874931,0.0621058999259855,0.0463647244551289,0.1979586892309919,0.0868362336272119,0.0448853024839942,0.08382571131299715,0.16045005128197787,0.1941725025337612,,,,,,,SRB00001
2013-01-19,2678.17,0.13,-4.24,0.0301904489874931,0.0621058999259855,0.0463647244551289,0.1979586892309919,0.0868362336272119,0.0448853024839942,0.08382571131299715,0.16045005128197787,0.1941725025337612,,,,,,,SRB00001
2013-01-20,2482.13,3.04,2.37,0.0301904489874931,0.0621058999259855,0.0463647244551289,0.1979586892309919,0.0868362336272119,0.0448853024839942,0.08382571131299715,0.16045005128197787,0.1941725025337612,,,,,,,SRB00001
2013-01-21,2321.74,0.85,5.5,0.0301904489874931,0.0621058999259855,0.0463647244551289,0.1979586892309919,0.0868362336272119,0.0448853024839942,0.08382571131299715,0.16045005128197787,0.1941725025337612,,,,,,,SRB00001
2013-01-22,2191.81,1.77,0.08,0.0301904489874931,0.0621058999259855,0.0463647244551289,0.1979586892309919,0.0868362336272119,0.0448853024839942,0.08382571131299715,0.16045005128197787,0.1941725025337612,,,,,,,SRB00001
2013-01-23,2122.24,0.08,-0.2,0.0301904489874931,0.0621058999259855,0.0463647244551289,0.1979586892309919,0.0868362336272119,0.0448853024839942,0.08382571131299715,0.16045005128197787,0.1941725025337612,,,,,,,SRB00001
2013-01-24,2097.94,5.07,0.55,0.0301904489874931,0.0621058999259855,0.0463647244551289,0.1979586892309919,0.0868362336272119,0.0448853024839942,0.08382571131299715,0.16045005128197787,0.1941725025337612,,,,,,,SRB00001
2013-01-25,2064.38,0.52,-2.2,0.0301904489874931,0.0621058999259855,0.0463647244551289,0.1979586892309919,0.0868362336272119,0.0448853024839942,0.08382571131299715,0.16045005128197787,0.1941725025337612,,,,,,,SRB00001
2013-01-26,2003.47,0.07,-2.82,0.0301904489874931,0.0621058999259855,0.0463647244551289,0.1979586892309919,0.0868362336272119,0.0448853024839942,0.08382571131299715,0.16045005128197787,0.1941725025337612,,,,,,,SRB00001
2013-01-27,1926.53,0.14,-3.19,0.0301904489874931,0.0621058999259855,0.0463647244551289,0.1979586892309919,0.0868362336272119,0.0448853024839942,0.08382571131299715,0.16045005128197787,0.1941725025337612,,,,,,,SRB00001
2013-01-28,1848.27,0.41,-0.89,0.0301904489874931,0.0621058999259855,0.0463647244551289,0.1979586892309919,0.0868362336272119,0.0448853024839942,0.08382571131299715,0.16045005128197787,0.1941725025337612,,,,,,,SRB00001
2013-01-29,1765.04,0.12,-0.28,0.0301904489874931,0.0621058999259855,0.0463647244551289,0.1979586892309919,0.0868362336272119,0.0448853024839942,0.08382571131299715,0.16045005128197787,0.1941725025337612,,,,,,,SRB00001
2013-01-30,1689.44,0.3,2.54,0.0301904489874931,0.0621058999259855,0.0463647244551289,0.1979586892309919,0.0868362336272119,0.0448853024839942,0.08382571131299715,0.16045005128197787,0.1941725025337612,,,,,,,SRB00001
2013-01-31,1624.55,1.07,4.3,0.0301904489874931,0.0621058999259855,0.0463647244551289,0.1979586892309919,0.0868362336272119,0.0448853024839942,0.08382571131299715,0.16045005128197787,0.1941725025337612,,,,,,,SRB00001
2013-02-01,1609.65,0.27,4.46,0.0301904489874931,0.0621058999259855,0.0463647244551289,0.1979586892309919,0.0868362336272119,0.0448853024839942,0.08382571131299715,0.16045005128197787,0.1941725025337612,,,,,,,SRB00001
2013-02-02,1944.36,8.41,7.88,0.0301904489874931,0.0621058999259855,0.0463647244551289,0.1979586892309919,0.0868362336272119,0.0448853024839942,0.08382571131299715,0.16045005128197787,0.1941725025337612,,,,,,,SRB00001
2013-02-03,3257.37,9.94,0.3,0.0301904489874931,0.0621058999259855,0.0463647244551289,0.1979586892309919,0.0868362336272119,0.0448853024839942,0.08382571131299715,0.16045005128197787,0.1941725025337612,,,,,,,SRB00001
2013-02-04,4354.12,0.01,-0.76,0.0301904489874931,0.0621058999259855,0.0463647244551289,0.1979586892309919,0.0868362336272119,0.0448853024839942,0.08382571131299715,0.16045005128197787,0.1941725025337612,,,,,,,SRB00001
2013-02-05,4919.39,0.02,1.73,0.0301904489874931,0.0621058999259855,0.0463647244551289,0.1979586892309919,0.0868362336272119,0.0448853024839942,0.08382571131299715,0.16045005128197787,0.1941725025337612,,,,,,,SRB00001
2013-02-06,5259.17,5.9,3.01,0.0301904489874931,0.0621058999259855,0.0463647244551289,0.1979586892309919,0.0868362336272119,0.0448853024839942,0.08382571131299715,0.16045005128197787,0.1941725025337612,12.4,0.108,2.6185144,447.0,1.5,,SRB00001
2013-02-07,5283.45,0.27,-0.21,0.0301904489874931,0.0621058999259855,0.0463647244551289,0.1979586892309919,0.0868362336272119,0.0448853024839942,0.08382571131299715,0.16045005128197787,0.1941725025337612,,,,,,,SRB00001
2013-02-08,5175.07,0.0,-1.65,0.0301904489874931,0.0621058999259855,0.0463647244551289,0.1979586892309919,0.0868362336272119,0.0448853024839942,0.08382571131299715,0.16045005128197787,0.1941725025337612,,,,,,,SRB00001
2013-02-09,5010.87,0.44,-2.1,0.0301904489874931,0.0621058999259855,0.0463647244551289,0.1979586892309919,0.0868362336272119,0.0448853024839942,0.08382571131299715,0.16045005128197787,0.1941725025337612,,,,,,,SRB00001
2013-02-10,4741.42,3.05,-2.35,0.0301904489874931,0.0621058999259855,0.0463647244551289,0.1979586892309919,0.0868362336272119,0.0448853024839942,0.08382571131299715,0.16045005128197787,0.1941725025337612,,,,,,,SRB00001
2013-02-11,4364.16,0.16,-2.09,0.0301904489874931,0.0621058999259855,0.0463647244551289,0.1979586892309919,0.0868362336272119,0.0448853024839942,0.08382571131299715,0.16045005128197787,0.1941725025337612,,,,,,,SRB00001
2013-02-12,3989.25,1.6,0.96,0.0301904489874931,0.0621058999259855,0.0463647244551289,0.1979586892309919,0.0868362336272119,0.0448853024839942,0.08382571131299715,0.16045005128197787,0.1941725025337612,,,,,,,SRB00001
2013-02-13,3629.78,5.89,2.03,0.0301904489874931,0.0621058999259855,0.0463647244551289,0.1979586892309919,0.0868362336272119,0.0448853024839942,0.08382571131299715,0.16045005128197787,0.1941725025337612,,,,,,,SRB00001
2013-02-14,3325.6,4.25,1.43,0.0301904489874931,0.0621058999259855,0.0463647244551289,0.1979586892309919,0.0868362336272119,0.0448853024839942,0.08382571131299715,0.16045005128197787,0.1941725025337612,,,,,,,SRB00001
2013-02-15,3075.1,0.56,2.5,0.0301904489874931,0.0621058999259855,0.0463647244551289,0.1979586892309919,0.0868362336272119,0.0448853024839942,0.08382571131299715,0.16045005128197787,0.1941725025337612,,,,,,,SRB00001
2013-02-16,2863.18,1.8,1.31,0.0301904489874931,0.0621058999259855,0.0463647244551289,0.1979586892309919,0.0868362336272119,0.0448853024839942,0.08382571131299715,0.16045005128197787,0.1941725025337612,,,,,,,SRB00001
2013-02-17,2672.01,0.0,0.77,0.0301904489874931,0.0621058999259855,0.0463647244551289,0.1979586892309919,0.0868362336272119,0.0448853024839942,0.08382571131299715,0.16045005128197787,0.1941725025337612,,,,,,,SRB00001
2013-02-18,2499.35,0.01,-0.14,0.0301904489874931,0.0621058999259855,0.0463647244551289,0.1979586892309919,0.0868362336272119,0.0448853024839942,0.08382571131299715,0.16045005128197787,0.1941725025337612,,,,,,,SRB00001
2013-02-19,2348.63,0.1,0.66,0.0301904489874931,0.0621058999259855,0.0463647244551289,0.1979586892309919,0.0868362336272119,0.0448853024839942,0.08382571131299715,0.16045005128197787,0.1941725025337612,,,,,,,SRB00001
2013-02-20,2222.31,0.68,0.85,0.0301904489874931,0.0621058999259855,0.0463647244551289,0.1979586892309919,0.0868362336272119,0.0448853024839942,0.08382571131299715,0.16045005128197787,0.1941725025337612,,,,,,,SRB00001
2013-02-21,2136.96,1.45,-0.74,0.0301904489874931,0.0621058999259855,0.0463647244551289,0.1979586892309919,0.0868362336272119,0.0448853024839942,0.08382571131299715,0.16045005128197787,0.1941725025337612,,,,,,,SRB00001
2013-02-22,2073.91,2.5,0.43,0.0301904489874931,0.0621058999259855,0.0463647244551289,0.1979586892309919,0.0868362336272119,0.0448853024839942,0.08382571131299715,0.16045005128197787,0.1941725025337612,,,,,,,SRB00001
2013-02-23,2012.72,5.66,3.2,0.0301904489874931,0.0621058999259855,0.0463647244551289,0.1979586892309919,0.0868362336272119,0.0448853024839942,0.08382571131299715,0.16045005128197787,0.1941725025337612,,,,,,,SRB00001
2013-02-24,1962.36,8.7,5.99,0.0301904489874931,0.0621058999259855,0.0463647244551289,0.1979586892309919,0.0868362336272119,0.0448853024839942,0.08382571131299715,0.16045005128197787,0.1941725025337612,,,,,,,SRB00001
2013-02-25,1935.42,9.09,6.18,0.0301904489874931,0.0621058999259855,0.0463647244551289,0.1979586892309919,0.0868362336272119,0.0448853024839942,0.08382571131299715,0.16045005128197787,0.1941725025337612,,,,,,,SRB00001
2013-02-26,1953.34,9.19,5.92,0.0301904489874931,0.0621058999259855,0.0463647244551289,0.1979586892309919,0.0868362336272119,0.0448853024839942,0.08382571131299715,0.16045005128197787,0.1941725025337612,,,,,,,SRB00001
2013-02-27,2012.72,4.73,4.69,0.0301904489874931,0.0621058999259855,0.0463647244551289,0.1979586892309919,0.0868362336272119,0.0448853024839942,0.08382571131299715,0.16045005128197787,0.1941725025337612,,,,,,,SRB00001
2013-02-28,2117.36,0.62,5.21,0.0301904489874931,0.0621058999259855,0.0463647244551289,0.1979586892309919,0.0868362336272119,0.0448853024839942,0.08382571131299715,0.16045005128197787,0.1941725025337612,,,,,,,SRB00001
2013-03-01,2268.86,0.03,2.07,0.0301904489874931,0.0621058999259855,0.0463647244551289,0.1979586892309919,0.0868362336272119,0.0448853024839942,0.08382571131299715,0.16045005128197787,0.1941725025337612,,,,,,,SRB00001
2013-03-02,2397.83,0.01,1.98,0.0301904489874931,0.0621058999259855,0.0463647244551289,0.1979586892309919,0.0868362336272119,0.0448853024839942,0.08382571131299715,0.16045005128197787,0.1941725025337612,,,,,,,SRB00001
2013-03-03,2493.6,0.0,2.08,0.0301904489874931,0.0621058999259855,0.0463647244551289,0.1979586892309919,0.0868362336272119,0.0448853024839942,0.08382571131299715,0.16045005128197787,0.1941725025337612,,,,,,,SRB00001
2013-03-04,2557.59,0.0,2.21,0.0301904489874931,0.0621058999259855,0.0463647244551289,0.1979586892309919,0.0868362336272119,0.0448853024839942,0.08382571131299715,0.16045005128197787,0.1941725025337612,,,,,,,SRB00001
2013-03-05,2587.21,0.0,3.28,0.0301904489874931,0.0621058999259855,0.0463647244551289,0.1979586892309919,0.0868362336272119,0.0448853024839942,0.08382571131299715,0.16045005128197787,0.1941725025337612,,,,,,,SRB00001
2013-03-06,2551.7,0.03,7.4,0.0301904489874931,0.0621058999259855,0.0463647244551289,0.1979586892309919,0.0868362336272119,0.0448853024839942,0.08382571131299715,0.16045005128197787,0.1941725025337612,12.5,0.128,3.02709294,496.0,1.0,,SRB00001
2013-03-07,2453.71,0.39,8.69,0.0301904489874931,0.0621058999259855,0.0463647244551289,0.1979586892309919,0.0868362336272119,0.0448853024839942,0.08382571131299715,0.16045005128197787,0.1941725025337612,,,,,,,SRB00001
2013-03-08,2321.74,0.43,10.41,0.0301904489874931,0.0621058999259855,0.0463647244551289,0.1979586892309919,0.0868362336272119,0.0448853024839942,0.08382571131299715,0.16045005128197787,0.1941725025337612,,,,,,,SRB00001
2013-03-09,2212.09,3.73,10.65,0.0301904489874931,0.0621058999259855,0.0463647244551289,0.1979586892309919,0.0868362336272119,0.0448853024839942,0.08382571131299715,0.16045005128197787,0.1941725025337612,,,,,,,SRB00001
2013-03-10,2253.24,2.55,9.75,0.0301904489874931,0.0621058999259855,0.0463647244551289,0.1979586892309919,0.0868362336272119,0.0448853024839942,0.08382571131299715,0.16045005128197787,0.1941725025337612,,,,,,,SRB00001
2013-03-11,2647.5,0.43,7.68,0.0301904489874931,0.0621058999259855,0.0463647244551289,0.1979586892309919,0.0868362336272119,0.0448853024839942,0.08382571131299715,0.16045005128197787,0.1941725025337612,,,,,,,SRB00001
2013-03-12,3257.37,3.28,7.54,0.0301904489874931,0.0621058999259855,0.0463647244551289,0.1979586892309919,0.0868362336272119,0.0448853024839942,0.08382571131299715,0.16045005128197787,0.1941725025337612,,,,,,,SRB00001
2013-03-13,3638.15,4.36,7.73,0.0301904489874931,0.0621058999259855,0.0463647244551289,0.1979586892309919,0.0868362336272119,0.0448853024839942,0.08382571131299715,0.16045005128197787,0.1941725025337612,,,,,,,SRB00001
2013-03-14,3783.43,15.33,2.93,0.0301904489874931,0.0621058999259855,0.0463647244551289,0.1979586892309919,0.0868362336272119,0.0448853024839942,0.08382571131299715,0.16045005128197787,0.1941725025337612,,,,,,,SRB00001
2013-03-15,3818.44,2.2,-1.98,0.0301904489874931,0.0621058999259855,0.0463647244551289,0.1979586892309919,0.0868362336272119,0.0448853024839942,0.08382571131299715,0.16045005128197787,0.1941725025337612,,,,,,,SRB00001
2013-03-16,3774.72,0.03,-2.25,0.0301904489874931,0.0621058999259855,0.0463647244551289,0.1979586892309919,0.0868362336272119,0.0448853024839942,0.08382571131299715,0.16045005128197787,0.1941725025337612,,,,,,,SRB00001
2013-03-17,3654.95,0.0,-1.57,0.0301904489874931,0.0621058999259855,0.0463647244551289,0.1979586892309919,0.0868362336272119,0.0448853024839942,0.08382571131299715,0.16045005128197787,0.1941725025337612,,,,,,,SRB00001
2013-03-18,3466.37,5.96,2.5,0.0301904489874931,0.0621058999259855,0.0463647244551289,0.1979586892309919,0.0868362336272119,0.0448853024839942,0.08382571131299715,0.16045005128197787,0.1941725025337612,,,,,,,SRB00001
2013-03-19,3249.87,3.23,7.86,0.0301904489874931,0.0621058999259855,0.0463647244551289,0.1979586892309919,0.0868362336272119,0.0448853024839942,0.08382571131299715,0.16045005128197787,0.1941725025337612,,,,,,,SRB00001
2013-03-20,3068.02,0.47,7.18,0.0301904489874931,0.0621058999259855,0.0463647244551289,0.1979586892309919,0.0868362336272119,0.0448853024839942,0.08382571131299715,0.16045005128197787,0.1941725025337612,,,,,,,SRB00001
2013-03-21,2963.83,12.75,4.58,0.0301904489874931,0.0621058999259855,0.0463647244551289,0.1979586892309919,0.0868362336272119,0.0448853024839942,0.08382571131299715,0.16045005128197787,0.1941725025337612,,,,,,,SRB00001
2013-03-22,2916.43,0.02,1.52,0.0301904489874931,0.0621058999259855,0.0463647244551289,0.1979586892309919,0.0868362336272119,0.0448853024839942,0.08382571131299715,0.16045005128197787,0.1941725025337612,,,,,,,SRB00001
2013-03-23,2943.42,0.1,0.58,0.0301904489874931,0.0621058999259855,0.0463647244551289,0.1979586892309919,0.0868362336272119,0.0448853024839942,0.08382571131299715,0.16045005128197787,0.1941725025337612,,,,,,,SRB00001
2013-03-24,3025.91,1.4,-1.95,0.0301904489874931,0.0621058999259855,0.0463647244551289,0.1979586892309919,0.0868362336272119,0.0448853024839942,0.08382571131299715,0.16045005128197787,0.1941725025337612,,,,,,,SRB00001
2013-03-25,3032.89,12.07,-0.95,0.0301904489874931,0.0621058999259855,0.0463647244551289,0.1979586892309919,0.0868362336272119,0.0448853024839942,0.08382571131299715,0.16045005128197787,0.1941725025337612,,,,,,,SRB00001
2013-03-26,2923.15,6.39,-0.97,0.0301904489874931,0.0621058999259855,0.0463647244551289,0.1979586892309919,0.0868362336272119,0.0448853024839942,0.08382571131299715,0.16045005128197787,0.1941725025337612,,,,,,,SRB00001
2013-03-27,2746.89,0.58,-1.52,0.0301904489874931,0.0621058999259855,0.0463647244551289,0.1979586892309919,0.0868362336272119,0.0448853024839942,0.08382571131299715,0.16045005128197787,0.1941725025337612,,,,,,,SRB00001
2013-03-28,2563.48,0.02,1.18,0.0301904489874931,0.0621058999259855,0.0463647244551289,0.1979586892309919,0.0868362336272119,0.0448853024839942,0.08382571131299715,0.16045005128197787,0.1941725025337612,,,,,,,SRB00001
2013-03-29,2403.36,9.53,4.81,0.0301904489874931,0.0621058999259855,0.0463647244551289,0.1979586892309919,0.0868362336272119,0.0448853024839942,0.08382571131299715,0.16045005128197787,0.1941725025337612,,,,,,,SRB00001
2013-03-30,2300.44,17.23,6.74,0.0301904489874931,0.0621058999259855,0.0463647244551289,0.1979586892309919,0.0868362336272119,0.0448853024839942,0.08382571131299715,0.16045005128197787,0.1941725025337612,,,,,,,SRB00001
2013-03-31,2284.6,4.43,7.44,0.0301904489874931,0.0621058999259855,0.0463647244551289,0.1979586892309919,0.0868362336272119,0.0448853024839942,0.08382571131299715,0.16045005128197787,0.1941725025337612,,,,,,,SRB00001
2013-04-01,2392.32,1.18,3.2,0.0301904489874931,0.0621058999259855,0.0463647244551289,0.1979586892309919,0.0868362336272119,0.0448853024839942,0.08382571131299715,0.16045005128197787,0.1941725025337612,,,,,,,SRB00001
2013-04-02,2617.18,22.01,4.55,0.0301904489874931,0.0621058999259855,0.0463647244551289,0.1979586892309919,0.0868362336272119,0.0448853024839942,0.08382571131299715,0.16045005128197787,0.1941725025337612,,,,,,,SRB00001
2013-04-03,2863.18,0.81,3.41,0.0301904489874931,0.0621058999259855,0.0463647244551289,0.1979586892309919,0.0868362336272119,0.0448853024839942,0.08382571131299715,0.16045005128197787,0.1941725025337612,12.5,0.139,2.57788228,524.0,3.4,,SRB00001
2013-04-04,3139.51,0.03,3.73,0.0301904489874931,0.0621058999259855,0.0463647244551289,0.1979586892309919,0.0868362336272119,0.0448853024839942,0.08382571131299715,0.16045005128197787,0.1941725025337612,,,,,,,SRB00001
2013-04-05,3356.38,7.64,5.2,0.0301904489874931,0.0621058999259855,0.0463647244551289,0.1979586892309919,0.0868362336272119,0.0448853024839942,0.08382571131299715,0.16045005128197787,0.1941725025337612,,,,,,,SRB00001
2013-04-06,3348.66,0.83,6.52,0.0301904489874931,0.0621058999259855,0.0463647244551289,0.1979586892309919,0.0868362336272119,0.0448853024839942,0.08382571131299715,0.16045005128197787,0.1941725025337612,,,,,,,SRB00001
2013-04-07,3175.87,0.07,4.39,0.0301904489874931,0.0621058999259855,0.0463647244551289,0.1979586892309919,0.0868362336272119,0.0448853024839942,0.08382571131299715,0.16045005128197787,0.1941725025337612,,,,,,,SRB00001
2013-04-08,2963.83,0.09,5.41,0.0301904489874931,0.0621058999259855,0.0463647244551289,0.1979586892309919,0.0868362336272119,0.0448853024839942,0.08382571131299715,0.16045005128197787,0.1941725025337612,,,,,,,SRB00001
2013-04-09,2778.71,1.21,7.28,0.0301904489874931,0.0621058999259855,0.0463647244551289,0.1979586892309919,0.0868362336272119,0.0448853024839942,0.08382571131299715,0.16045005128197787,0.1941725025337612,,,,,,,SRB00001
2013-04-10,2641.41,2.5,10.23,0.0301904489874931,0.0621058999259855,0.0463647244551289,0.1979586892309919,0.0868362336272119,0.0448853024839942,0.08382571131299715,0.16045005128197787,0.1941725025337612,,,,,,,SRB00001
2013-04-11,2557.59,0.48,11.66,0.0301904489874931,0.0621058999259855,0.0463647244551289,0.1979586892309919,0.0868362336272119,0.0448853024839942,0.08382571131299715,0.16045005128197787,0.1941725025337612,,,,,,,SRB00001
2013-04-12,2493.6,2.76,13.22,0.0301904489874931,0.0621058999259855,0.0463647244551289,0.1979586892309919,0.0868362336272119,0.0448853024839942,0.08382571131299715,0.16045005128197787,0.1941725025337612,,,,,,,SRB00001
2013-04-13,2448.06,1.45,12.18,0.0301904489874931,0.0621058999259855,0.0463647244551289,0.1979586892309919,0.0868362336272119,0.0448853024839942,0.08382571131299715,0.16045005128197787,0.1941725025337612,,,,,,,SRB00001
2013-04-14,2476.42,0.0,11.27,0.0301904489874931,0.0621058999259855,0.0463647244551289,0.1979586892309919,0.0868362336272119,0.0448853024839942,0.08382571131299715,0.16045005128197787,0.1941725025337612,,,,,,,SRB00001
2013-04-15,2702.96,0.0,10.54,0.0301904489874931,0.0621058999259855,0.0463647244551289,0.1979586892309919,0.0868362336272119,0.0448853024839942,0.08382571131299715,0.16045005128197787,0.1941725025337612,,,,,,,SRB00001
2013-04-16,3146.75,0.0,12.9,0.0301904489874931,0.0621058999259855,0.0463647244551289,0.1979586892309919,0.0868362336272119,0.0448853024839942,0.08382571131299715,0.16045005128197787,0.1941725025337612,,,,,,,SRB00001
2013-04-17,3547.13,0.0,14.99,0.0301904489874931,0.0621058999259855,0.0463647244551289,0.1979586892309919,0.0868362336272119,0.0448853024839942,0.08382571131299715,0.16045005128197787,0.1941725025337612,,,,,,,SRB00001
2013-04-18,3766.04,0.0,16.17,0.0301904489874931,0.0621058999259855,0.0463647244551289,0.1979586892309919,0.0868362336272119,0.0448853024839942,0.08382571131299715,0.16045005128197787,0.1941725025337612,,,,,,,SRB00001
2013-04-19,3952.67,0.0,15.33,0.0301904489874931,0.0621058999259855,0.0463647244551289,0.1979586892309919,0.0868362336272119,0.0448853024839942,0.08382571131299715,0.16045005128197787,0.1941725025337612,,,,,,,SRB00001
2013-04-20,4225.69,0.0,15.69,0.0301904489874931,0.0621058999259855,0.0463647244551289,0.1979586892309919,0.0868362336272119,0.0448853024839942,0.08382571131299715,0.16045005128197787,0.1941725025337612,,,,,,,SRB00001
2013-04-21,4559.37,0.03,14.96,0.0301904489874931,0.0621058999259855,0.0463647244551289,0.1979586892309919,0.0868362336272119,0.0448853024839942,0.08382571131299715,0.16045005128197787,0.1941725025337612,,,,,,,SRB00001
2013-04-22,4930.74,1.04,15.13,0.0301904489874931,0.0621058999259855,0.0463647244551289,0.1979586892309919,0.0868362336272119,0.0448853024839942,0.08382571131299715,0.16045005128197787,0.1941725025337612,,,,,,,SRB00001
2013-04-23,5247.07,0.23,14.8,0.0301904489874931,0.0621058999259855,0.0463647244551289,0.1979586892309919,0.0868362336272119,0.0448853024839942,0.08382571131299715,0.16045005128197787,0.1941725025337612,,,,,,,SRB00001
2013-04-24,5344.64,0.0,16.16,0.0301904489874931,0.0621058999259855,0.0463647244551289,0.1979586892309919,0.0868362336272119,0.0448853024839942,0.08382571131299715,0.16045005128197787,0.1941725025337612,,,,,,,SRB00001
2013-04-25,5295.63,0.0,17.54,0.0301904489874931,0.0621058999259855,0.0463647244551289,0.1979586892309919,0.0868362336272119,0.0448853024839942,0.08382571131299715,0.16045005128197787,0.1941725025337612,,,,,,,SRB00001
2013-04-26,5175.07,0.0,19.14,0.0301904489874931,0.0621058999259855,0.0463647244551289,0.1979586892309919,0.0868362336272119,0.0448853024839942,0.08382571131299715,0.16045005128197787,0.1941725025337612,,,,,,,SRB00001
2013-04-27,5010.87,0.04,18.18,0.0301904489874931,0.0621058999259855,0.0463647244551289,0.1979586892309919,0.0868362336272119,0.0448853024839942,0.08382571131299715,0.16045005128197787,0.1941725025337612,,,,,,,SRB00001
2013-04-28,4863.07,0.15,18.33,0.0301904489874931,0.0621058999259855,0.0463647244551289,0.1979586892309919,0.0868362336272119,0.0448853024839942,0.08382571131299715,0.16045005128197787,0.1941725025337612,,,,,,,SRB00001
2013-04-29,4796.33,0.0,19.62,0.0301904489874931,0.0621058999259855,0.0463647244551289,0.1979586892309919,0.0868362336272119,0.0448853024839942,0.08382571131299715,0.16045005128197787,0.1941725025337612,,,,,,,SRB00001
2013-04-30,4774.29,0.0,21.34,0.0301904489874931,0.0621058999259855,0.0463647244551289,0.1979586892309919,0.0868362336272119,0.0448853024839942,0.08382571131299715,0.16045005128197787,0.1941725025337612,,,,,,,SRB00001
2013-05-01,4730.51,0.0,22.15,0.0301904489874931,0.0621058999259855,0.0463647244551289,0.1979586892309919,0.0868362336272119,0.0448853024839942,0.08382571131299715,0.16045005128197787,0.1941725025337612,,,,,,,SRB00001
2013-05-02,4622.81,1.98,20.79,0.0301904489874931,0.0621058999259855,0.0463647244551289,0.1979586892309919,0.0868362336272119,0.0448853024839942,0.08382571131299715,0.16045005128197787,0.1941725025337612,,,,,,,SRB00001
2013-05-03,4496.8,1.56,19.3,0.0301904489874931,0.0621058999259855,0.0463647244551289,0.1979586892309919,0.0868362336272119,0.0448853024839942,0.08382571131299715,0.16045005128197787,0.1941725025337612,,,,,,,SRB00001
2013-05-04,4455.56,0.25,17.29,0.03101220898973638,0.06326965013553307,0.04777657814712026,0.19976020591427068,0.08815473180086067,0.04601155942100469,0.08382571131299715,0.16045005128197787,0.1941725025337612,,,,,,,SRB00001
2013-05-05,4633.47,2.65,17.51,0.03183396899197966,0.06443340034508063,0.04918843183911162,0.20156172259754945,0.08947322997450945,0.04713781635801518,0.08382571131299715,0.16045005128197787,0.1941725025337612,,,,,,,SRB00001
2013-05-06,5068.91,11.44,18.05,0.03265572899422294,0.06559715055462821,0.05060028553110297,0.20336323928082822,0.09079172814815821,0.04826407329502566,0.08382571131299715,0.16045005128197787,0.1941725025337612,,,,,,,SRB00001
2013-05-07,5381.7,8.27,17.59,0.03347748899646622,0.06676090076417578,0.05201213922309433,0.205164755964107,0.09211022632180699,0.04939033023203615,0.08382571131299715,0.16045005128197787,0.1941725025337612,,,,,,,SRB00001
2013-05-08,5431.5,1.32,18.08,0.03429924899870951,0.06792465097372334,0.053423992915085684,0.2069662726473858,0.09342872449545575,0.05051658716904664,0.08382571131299715,0.16045005128197787,0.1941725025337612,9.4,0.122,1.60948342,369.0,1.4,,SRB00001
2013-05-09,5307.84,0.03,17.22,0.03512100900095279,0.06908840118327092,0.054835846607077035,0.20876778933066456,0.09474722266910451,0.05164284410605713,0.08382571131299715,0.16045005128197787,0.1941725025337612,,,,,,,SRB00001
2013-05-10,5104.05,0.79,18.85,0.03594276900319607,0.07025215139281848,0.05624770029906839,0.21056930601394333,0.09606572084275329,0.05276910104306762,0.08382571131299715,0.16045005128197787,0.1941725025337612,,,,,,,SRB00001
2013-05-11,4942.11,6.52,17.13,0.03676452900543935,0.07141590160236605,0.05765955399105975,0.2123708226972221,0.09738421901640205,0.05389535798007811,0.08382571131299715,0.16045005128197787,0.1941725025337612,,,,,,,SRB00001
2013-05-12,4829.59,5.27,13.4,0.03758628900768263,0.07257965181191361,0.05907140768305111,0.21417233938050087,0.09870271719005082,0.05502161491708859,0.08382571131299715,0.16045005128197787,0.1941725025337612,,,,,,,SRB00001
2013-05-13,4851.89,0.03,12.1,0.038408049009925914,0.07374340202146118,0.060483261375042466,0.21597385606377964,0.1000212153636996,0.05614787185409908,0.08382571131299715,0.16045005128197787,0.1941725025337612,,,,,,,SRB00001
2013-05-14,5104.05,0.01,13.33,0.039229809012169194,0.07490715223100876,0.06189511506703382,0.2177753727470584,0.10133971353734836,0.05727412879110957,0.08382571131299715,0.16045005128197787,0.1941725025337612,,,,,,,SRB00001
2013-05-15,5332.35,0.0,15.85,0.04005156901441247,0.07607090244055632,0.06330696875902517,0.2195768894303372,0.10265821171099712,0.058400385728120056,0.08382571131299715,0.16045005128197787,0.1941725025337612,,,,,,,SRB00001
2013-05-16,5283.45,0.46,17.02,0.04087332901665575,0.07723465265010389,0.06471882245101652,0.22137840611361598,0.1039767098846459,0.059526642665130546,0.08382571131299715,0.16045005128197787,0.1941725025337612,,,,,,,SRB00001
2013-05-17,5045.61,8.1,16.9,0.04169508901889904,0.07839840285965147,0.06613067614300788,0.22317992279689475,0.10529520805829466,0.06065289960214103,0.08382571131299715,0.16045005128197787,0.1941725025337612,,,,,,,SRB00001
2013-05-18,4763.31,0.01,17.27,0.04251684902114232,0.07956215306919903,0.06754252983499924,0.22498143948017352,0.10661370623194344,0.06177915653915152,0.08382571131299715,0.16045005128197787,0.1941725025337612,,,,,,,SRB00001
2013-05-19,4496.8,1.16,19.75,0.0433386090233856,0.0807259032787466,0.0689543835269906,0.2267829561634523,0.1079322044055922,0.062905413476162,0.08382571131299715,0.16045005128197787,0.1941725025337612,,,,,,,SRB00001
2013-05-20,4294.36,0.18,16.89,0.04327693220170644,0.08057649382357575,0.06888179724193755,0.22477254147086329,0.10656552408658149,0.061854651158140615,0.08382571131299715,0.16045005128197787,0.1941725025337612,,,,,,,SRB00001
2013-05-21,4148.54,3.59,15.65,0.04321525538002729,0.0804270843684049,0.06880921095688448,0.2227621267782743,0.10519884376757076,0.06080388884011923,0.08382571131299715,0.16045005128197787,0.1941725025337612,,,,,,,SRB00001
2013-05-22,4063.43,5.14,14.93,0.04315357855834813,0.08027767491323404,0.06873662467183143,0.2207517120856853,0.10383216344856004,0.05975312652209784,0.08382571131299715,0.16045005128197787,0.1941725025337612,,,,,,,SRB00001
2013-05-23,3989.25,6.7,12.02,0.04309190173666898,0.08012826545806319,0.06866403838677837,0.21874129739309633,0.10246548312954933,0.05870236420407646,0.08382571131299715,0.16045005128197787,0.1941725025337612,,,,,,,SRB00001
2013-05-24,3925.45,1.71,13.13,0.04303022491498982,0.07997885600289234,0.06859145210172532,0.21673088270050733,0.1010988028105386,0.057651601886055066,0.08382571131299715,0.16045005128197787,0.1941725025337612,,,,,,,SRB00001
2013-05-25,3871.58,4.82,12.41,0.04296854809331066,0.07982944654772149,0.06851886581667226,0.21472046800791833,0.09973212249152788,0.056600839568033676,0.08382571131299715,0.16045005128197787,0.1941725025337612,,,,,,,SRB00001
2013-05-26,3871.58,17.42,9.73,0.04290687127163151,0.07968003709255063,0.0684462795316192,0.21271005331532936,0.09836544217251716,0.05555007725001229,0.08382571131299715,0.16045005128197787,0.1941725025337612,,,,,,,SRB00001
2013-05-27,3916.42,5.87,11.21,0.04284519444995235,0.07953062763737978,0.06837369324656614,0.21069963862274035,0.09699876185350645,0.0544993149319909,0.08382571131299715,0.16045005128197787,0.1941725025337612,,,,,,,SRB00001
2013-05-28,3934.5,0.21,14.49,0.0427835176282732,0.07938121818220893,0.06830110696151309,0.20868922393015138,0.09563208153449572,0.05344855261396951,0.08382571131299715,0.16045005128197787,0.1941725025337612,,,,,,,SRB00001
2013-05-29,3952.67,1.07,18.31,0.04272184080659404,0.07923180872703808,0.06822852067646004,0.20667880923756238,0.094265401215485,0.05239779029594813,0.08382571131299715,0.16045005128197787,0.1941725025337612,,,,,,,SRB00001
2013-05-30,4026.17,11.76,14.44,0.04266016398491488,0.07908239927186722,0.06815593439140698,0.20466839454497338,0.09289872089647429,0.051347027977926736,0.08382571131299715,0.16045005128197787,0.1941725025337612,,,,,,,SRB00001
2013-05-31,4158.11,2.66,12.91,0.04259848716323573,0.07893298981669637,0.06808334810635393,0.2026579798523844,0.09153204057746356,0.050296265659905345,0.08382571131299715,0.16045005128197787,0.1941725025337612,,,,,,,SRB00001
2013-06-01,4304.27,2.57,12.49,0.04253681034155657,0.07878358036152552,0.06801076182130086,0.2006475651597954,0.09016536025845284,0.04924550334188396,0.08382571131299715,0.16045005128197787,0.1941725025337612,,,,,,,SRB00001
2013-06-02,4697.94,0.97,13.78,0.04247513351987742,0.07863417090635468,0.06793817553624781,0.19863715046720642,0.08879867993944213,0.04819474102386257,0.08382571131299715,0.16045005128197787,0.1941725025337612,,,,,,,SRB00001
2013-06-03,6236.35,0.36,13.32,0.04241345669819826,0.07848476145118381,0.06786558925119475,0.19662673577461742,0.0874319996204314,0.04714397870584119,0.08382571131299715,0.16045005128197787,0.1941725025337612,,,,,,,SRB00001
2013-06-04,8628.79,3.06,12.35,0.0423517798765191,0.07833535199601296,0.0677930029661417,0.19461632108202842,0.08606531930142068,0.046093216387819796,0.08382571131299715,0.16045005128197787,0.1941725025337612,,,,,,,SRB00001
2013-06-05,9461.37,1.71,15.24,0.04229010305483995,0.07818594254084212,0.06772041668108865,0.19260590638943945,0.08469863898240997,0.045042454069798406,0.08382571131299715,0.16045005128197787,0.1941725025337612,9.7,0.113,1.94808442,370.0,2.1,,SRB00001
2013-06-06,9353.06,2.43,15.58,0.04222842623316079,0.07803653308567127,0.06764783039603559,0.19059549169685044,0.08333195866339924,0.04399169175177702,0.08382571131299715,0.16045005128197787,0.1941725025337612,,,,,,,SRB00001
2013-06-07,10184.91,4.61,17.66,0.04216674941148164,0.0778871236305004,0.06757524411098254,0.18858507700426147,0.08196527834438852,0.04294092943375563,0.08382571131299715,0.16045005128197787,0.1941725025337612,,,,,,,SRB00001
2013-06-08,10689.54,3.05,19.72,0.04210507258980248,0.07773771417532956,0.06750265782592947,0.18657466231167247,0.0805985980253778,0.04189016711573425,0.08382571131299715,0.16045005128197787,0.1941725025337612,,,,,,,SRB00001
2013-06-09,9839.11,0.21,20.91,0.04204339576812332,0.07758830472015871,0.06743007154087642,0.1845642476190835,0.07923191770636707,0.04083940479771286,0.08382571131299715,0.16045005128197787,0.1941725025337612,,,,,,,SRB00001
2013-06-10,8728.71,4.31,20.01,0.04198171894644417,0.07743889526498786,0.06735748525582336,0.1825538329264945,0.07786523738735636,0.039788642479691466,0.08382571131299715,0.16045005128197787,0.1941725025337612,,,,,,,SRB00001
2013-06-11,7779.37,0.64,17.13,0.04192004212476501,0.077289485809817,0.06728489897077031,0.1805434182339055,0.07649855706834564,0.03873788016167008,0.08382571131299715,0.16045005128197787,0.1941725025337612,,,,,,,SRB00001
2013-06-12,7094.78,0.31,17.3,0.04185836530308586,0.07714007635464615,0.06721231268571724,0.17853300354131652,0.07513187674933491,0.03768711784364869,0.08382571131299715,0.16045005128197787,0.1941725025337612,,,,,,,SRB00001
2013-06-13,6713.29,0.03,19.53,0.0417966884814067,0.0769906668994753,0.0671397264006642,0.1765225888487275,0.0737651964303242,0.0366363555256273,0.08382571131299715,0.16045005128197787,0.1941725025337612,,,,,,,SRB00001
2013-06-14,6560.45,0.0,20.99,0.04063037731261807,0.07517986193802192,0.06518515617701953,0.17534894579764998,0.07378739603146518,0.03662249043438902,0.08382571131299715,0.16045005128197787,0.1941725025337612,,,,,,,SRB00001
2013-06-15,6381.64,0.0,22.25,0.03946406614382944,0.07336905697656856,0.06323058595337488,0.17417530274657245,0.07380959563260617,0.03660862534315073,0.08382571131299715,0.16045005128197787,0.1941725025337612,,,,,,,SRB00001
2013-06-16,6108.42,0.0,24.86,0.038297754975040815,0.07155825201511519,0.061276015729730224,0.1730016596954949,0.07383179523374715,0.036594760251912446,0.08382571131299715,0.16045005128197787,0.1941725025337612,,,,,,,SRB00001
2013-06-17,5860.38,0.0,25.85,0.03713144380625218,0.06974744705366182,0.05932144550608557,0.1718280166444174,0.07385399483488815,0.03658089516067416,0.08382571131299715,0.16045005128197787,0.1941725025337612,,,,,,,SRB00001
2013-06-18,5726.96,0.0,26.73,0.03596513263746356,0.06793664209220844,0.05736687528244091,0.17065437359333988,0.07387619443602914,0.036567030069435874,0.08382571131299715,0.16045005128197787,0.1941725025337612,,,,,,,SRB00001
2013-06-19,5635.38,0.0,27.78,0.034798821468674926,0.06612583713075508,0.055412305058796255,0.16948073054226234,0.07389839403717012,0.036553164978197585,0.08382571131299715,0.16045005128197787,0.1941725025337612,,,,,,,SRB00001
2013-06-20,5481.77,0.0,28.37,0.0336325102998863,0.0643150321693017,0.0534577348351516,0.1683070874911848,0.0739205936383111,0.0365392998869593,0.08382571131299715,0.16045005128197787,0.1941725025337612,,,,,,,SRB00001
2013-06-21,5259.17,0.0,27.91,0.03431765631535056,0.0645539068371091,0.05347089511000066,0.18525802799485278,0.08069045623220822,0.03998146920348726,0.08382571131299715,0.16045005128197787,0.1941725025337612,,,,,,,SRB00001
2013-06-22,5022.43,1.21,26.8,0.035002802330814826,0.06479278150491648,0.05348405538484971,0.2022089684985207,0.08746031882610533,0.04342363852001521,0.08382571131299715,0.16045005128197787,0.1941725025337612,,,,,,,SRB00001
2013-06-23,4829.59,1.58,23.88,0.035687948346279086,0.06503165617272387,0.05349721565969877,0.21915990900218868,0.09423018142000245,0.04686580783654317,0.08382571131299715,0.16045005128197787,0.1941725025337612,,,,,,,SRB00001
2013-06-24,4719.63,12.42,19.84,0.03637309436174335,0.06527053084053125,0.05351037593454783,0.23611084950585665,0.10100004401389956,0.05030797715307113,0.08382571131299715,0.16045005128197787,0.1941725025337612,,,,,,,SRB00001
2013-06-25,4741.42,1.4,15.49,0.03705824037720761,0.06550940550833864,0.05352353620939688,0.2530617900095246,0.10776990660779666,0.05375014646959908,0.08382571131299715,0.16045005128197787,0.1941725025337612,,,,,,,SRB00001
2013-06-26,4987.84,0.01,15.74,0.03774338639267188,0.06574828017614603,0.05353669648424594,0.2700127305131926,0.11453976920169377,0.05719231578612704,0.08382571131299715,0.16045005128197787,0.1941725025337612,,,,,,,SRB00001
2013-06-27,5570.86,0.01,15.79,0.03842853240813614,0.06598715484395341,0.053549856759094995,0.28696367101686054,0.12130963179559089,0.060634485102655,0.08382571131299715,0.16045005128197787,0.1941725025337612,,,,,,,SRB00001
2013-06-28,6179.16,0.1,16.72,0.039113678423600404,0.0662260295117608,0.053563017033944046,0.30391461152052845,0.128079494389488,0.06407665441918295,0.08382571131299715,0.16045005128197787,0.1941725025337612,,,,,,,SRB00001
2013-06-29,6455.54,0.14,17.68,0.03979882443906466,0.0664649041795682,0.053576177308793105,0.3208655520241964,0.1348493569833851,0.06751882373571091,0.08382571131299715,0.16045005128197787,0.1941725025337612,,,,,,,SRB00001
2013-06-30,6308.57,0.22,18.11,0.04048397045452892,0.06670377884737558,0.05358933758364216,0.3378164925278644,0.1416192195772822,0.07096099305223887,0.08382571131299715,0.16045005128197787,0.1941725025337612,,,,,,,SRB00001
2013-07-01,5941.92,0.0,18.07,0.04116911646999319,0.06694265351518297,0.05360249785849122,0.35476743303153235,0.14838908217117933,0.07440316236876682,0.08382571131299715,0.16045005128197787,0.1941725025337612,,,,,,,SRB00001
2013-07-02,5519.78,0.0,21.04,0.04185426248545745,0.06718152818299036,0.05361565813334027,0.3717183735352003,0.15515894476507644,0.07784533168529478,0.08382571131299715,0.16045005128197787,0.1941725025337612,,,,,,,SRB00001
2013-07-03,5175.07,0.0,22.44,0.042539408500921715,0.06742040285079774,0.05362881840818933,0.3886693140388683,0.16192880735897355,0.08128750100182273,0.08382571131299715,0.16045005128197787,0.1941725025337612,8.7,0.209,1.53950588,363.0,2.9,,SRB00001
2013-07-04,4919.39,0.0,24.0,0.043224554516385974,0.06765927751860513,0.05364197868303839,0.40562025454253625,0.16869866995287067,0.08472967031835069,0.08382571131299715,0.16045005128197787,0.1941725025337612,,,,,,,SRB00001
2013-07-05,4665.59,0.5,24.26,0.04390970053185024,0.06789815218641251,0.05365513895788744,0.4225711950462042,0.17546853254676778,0.08817183963487865,0.08382571131299715,0.16045005128197787,0.1941725025337612,,,,,,,SRB00001
2013-07-06,4455.56,8.59,23.87,0.0445948465473145,0.0681370268542199,0.0536682992327365,0.4395221355498722,0.1822383951406649,0.0916140089514066,0.08382571131299715,0.16045005128197787,0.1941725025337612,,,,,,,SRB00001
2013-07-07,4414.7,4.33,23.63,0.04373160129979964,0.06761272271278916,0.053374460471039116,0.4237264338295832,0.17655553452485673,0.0890529494239056,0.08382571131299715,0.16045005128197787,0.1941725025337612,,,,,,,SRB00001
2013-07-08,4445.31,0.81,23.63,0.04286835605228478,0.06708841857135842,0.05308062170934174,0.4079307321092942,0.17087267390904856,0.0864918898964046,0.08382571131299715,0.16045005128197787,0.1941725025337612,,,,,,,SRB00001
2013-07-09,4435.09,1.58,23.31,0.042005110804769916,0.06656411442992767,0.052786782947644356,0.39213503038900516,0.1651898132932404,0.0839308303689036,0.08382571131299715,0.16045005128197787,0.1941725025337612,,,,,,,SRB00001
2013-07-10,4354.12,2.06,24.42,0.04114186555725505,0.06603981028849693,0.05249294418594697,0.37633932866871617,0.15950695267743223,0.08136977084140261,0.08382571131299715,0.16045005128197787,0.1941725025337612,,,,,,,SRB00001
2013-07-11,4186.94,1.53,22.8,0.040278620309740186,0.06551550614706618,0.052199105424249596,0.3605436269484272,0.15382409206162406,0.0788087113139016,0.08382571131299715,0.16045005128197787,0.1941725025337612,,,,,,,SRB00001
2013-07-12,3980.07,0.0,20.46,0.039415375062225325,0.06499120200563545,0.05190526666255221,0.34474792522813813,0.1481412314458159,0.0762476517864006,0.08382571131299715,0.16045005128197787,0.1941725025337612,,,,,,,SRB00001
2013-07-13,3792.15,0.0,20.77,0.03855212981471046,0.0644668978642047,0.05161142790085483,0.32895222350784914,0.14245837083000773,0.0736865922588996,0.08382571131299715,0.16045005128197787,0.1941725025337612,,,,,,,SRB00001
2013-07-14,3646.54,0.0,21.62,0.0376888845671956,0.06394259372277396,0.051317589139157446,0.31315652178756015,0.13677551021419954,0.0711255327313986,0.08382571131299715,0.16045005128197787,0.1941725025337612,,,,,,,SRB00001
2013-07-15,3530.83,3.08,21.25,0.03682563931968074,0.06341828958134321,0.05102375037746007,0.29736082006727116,0.13109264959839137,0.06856447320389761,0.08382571131299715,0.16045005128197787,0.1941725025337612,,,,,,,SRB00001
2013-07-16,3434.58,0.07,20.62,0.03596239407216587,0.06289398543991247,0.050729911615762686,0.28156511834698217,0.1254097889825832,0.0660034136763966,0.08382571131299715,0.16045005128197787,0.1941725025337612,,,,,,,SRB00001
2013-07-17,3302.7,0.0,23.08,0.03509914882465101,0.06236968129848172,0.0504360728540653,0.2657694166266931,0.11972692836677505,0.0634423541488956,0.08382571131299715,0.16045005128197787,0.1941725025337612,,,,,,,SRB00001
2013-07-18,3146.75,0.0,25.4,0.03423590357713615,0.061845377157050976,0.05014223409236793,0.24997371490640413,0.11404406775096687,0.060881294621394605,0.08382571131299715,0.16045005128197787,0.1941725025337612,,,,,,,SRB00001
2013-07-19,2991.27,0.64,25.96,0.03337265832962129,0.06132107301562023,0.04984839533067054,0.23417801318611514,0.1083612071351587,0.058320235093893606,0.08382571131299715,0.16045005128197787,0.1941725025337612,,,,,,,SRB00001
2013-07-20,2856.59,0.39,25.62,0.03250941308210643,0.06079676887418949,0.04955455656897316,0.21838231146582612,0.10267834651935054,0.0557591755663926,0.08382571131299715,0.16045005128197787,0.1941725025337612,,,,,,,SRB00001
2013-07-21,2740.57,0.0,23.19,0.031646167834591565,0.06027246473275875,0.04926071780727578,0.2025866097455371,0.09699548590354237,0.0531981160388916,0.08382571131299715,0.16045005128197787,0.1941725025337612,,,,,,,SRB00001
2013-07-22,2647.5,0.0,23.64,0.0307829225870767,0.059748160591328,0.0489668790455784,0.1867909080252481,0.0913126252877342,0.0506370565113906,0.08382571131299715,0.16045005128197787,0.1941725025337612,,,,,,,SRB00001
2013-07-23,2569.4,0.0,25.06,0.030800762701044145,0.05950542156682717,0.04853913555167426,0.1876437444278074,0.09240599630820917,0.05117460395854891,0.08382571131299715,0.16045005128197787,0.1941725025337612,,,,,,,SRB00001
2013-07-24,2505.11,0.0,26.47,0.03081860281501159,0.059262682542326334,0.04811139205777011,0.1884965808303667,0.09349936732868414,0.05171215140570722,0.08382571131299715,0.16045005128197787,0.1941725025337612,,,,,,,SRB00001
2013-07-25,2448.06,0.12,25.8,0.030836442928979035,0.0590199435178255,0.04768364856386597,0.189349417232926,0.0945927383491591,0.05224969885286553,0.08382571131299715,0.16045005128197787,0.1941725025337612,,,,,,,SRB00001
2013-07-26,2392.32,0.0,27.2,0.03085428304294648,0.058777204493324665,0.04725590506996182,0.1902022536354853,0.09568610936963406,0.05278724630002384,0.08382571131299715,0.16045005128197787,0.1941725025337612,,,,,,,SRB00001
2013-07-27,2332.46,0.0,28.7,0.03087212315691392,0.058534465468823835,0.04682816157605768,0.1910550900380446,0.09677948039010904,0.05332479374718216,0.08382571131299715,0.16045005128197787,0.1941725025337612,,,,,,,SRB00001
2013-07-28,2284.6,0.0,29.54,0.030889963270881365,0.058291726444323,0.04640041808215353,0.1919079264406039,0.09787285141058401,0.05386234119434047,0.08382571131299715,0.16045005128197787,0.1941725025337612,,,,,,,SRB00001
2013-07-29,2248.05,0.24,30.97,0.03090780338484881,0.058048987419822166,0.04597267458824939,0.1927607628431632,0.09896622243105897,0.05439988864149878,0.08382571131299715,0.16045005128197787,0.1941725025337612,,,,,,,SRB00001
2013-07-30,2222.31,3.78,24.28,0.030925643498816255,0.05780624839532133,0.045544931094345244,0.1936135992457225,0.10005959345153394,0.05493743608865709,0.08382571131299715,0.16045005128197787,0.1941725025337612,,,,,,,SRB00001
2013-07-31,2196.86,0.0,24.73,0.0309434836127837,0.0575635093708205,0.0451171876004411,0.1944664356482818,0.1011529644720089,0.0554749835358154,0.08382571131299715,0.16045005128197787,0.1941725025337612,,,,,,,SRB00001
2013-08-01,2171.7,0.0,26.27,0.030511464934369487,0.05723478971711608,0.04524157445290926,0.1926829677510918,0.10114919885432759,0.055713424355010054,0.08382571131299715,0.16045005128197787,0.1941725025337612,,,,,,,SRB00001
2013-08-02,2181.73,0.0,27.51,0.03007944625595527,0.05690607006341167,0.045365961305377414,0.19089949985390184,0.10114543323664628,0.05595186517420471,0.08382571131299715,0.16045005128197787,0.1941725025337612,,,,,,,SRB00001
2013-08-03,2300.44,0.0,29.6,0.029647427577541057,0.05657735040970725,0.04549034815784557,0.18911603195671184,0.10114166761896497,0.056190305993399366,0.08382571131299715,0.16045005128197787,0.1941725025337612,,,,,,,SRB00001
2013-08-04,2448.06,0.0,30.07,0.029215408899126844,0.056248630756002845,0.04561473501031373,0.18733256405952187,0.10113790200128364,0.05642874681259403,0.08382571131299715,0.16045005128197787,0.1941725025337612,,,,,,,SRB00001
2013-08-05,2459.37,0.0,28.71,0.02878339022071263,0.05591991110229843,0.04573912186278189,0.18554909616233187,0.10113413638360233,0.056667187631788685,0.08382571131299715,0.16045005128197787,0.1941725025337612,,,,,,,SRB00001
2013-08-06,2364.92,0.0,30.6,0.028351371542298415,0.055591191448594014,0.045863508715250044,0.1837656282651419,0.10113037076592102,0.05690562845098334,0.08382571131299715,0.16045005128197787,0.1941725025337612,,,,,,,SRB00001
2013-08-07,2242.88,0.0,29.63,0.0279193528638842,0.0552624717948896,0.0459878955677182,0.1819821603679519,0.1011266051482397,0.057144069270178,0.08382571131299715,0.16045005128197787,0.1941725025337612,10.8,0.089,0.65011392,365.0,3.0,,SRB00001
2013-08-08,2151.78,0.0,30.75,0.0287816070028465,0.05614218754112523,0.046761211225534144,0.18466379240116798,0.10243617543527841,0.057924531146019954,0.08382571131299715,0.16045005128197787,0.1941725025337612,,,,,,,SRB00001
2013-08-09,2088.3,0.0,30.57,0.0296438611418088,0.05702190328736086,0.04753452688335009,0.18734542443438407,0.10374574572231712,0.058704993021861905,0.08382571131299715,0.16045005128197787,0.1941725025337612,,,,,,,SRB00001
2013-08-10,2054.89,0.78,24.19,0.0305061152807711,0.057901619033596495,0.04830784254116603,0.19002705646760015,0.10505531600935583,0.05948545489770386,0.08382571131299715,0.16045005128197787,0.1941725025337612,,,,,,,SRB00001
2013-08-11,2045.45,0.07,23.24,0.0313683694197334,0.05878133477983213,0.049081158198981976,0.19270868850081624,0.10636488629639454,0.06026591677354582,0.08382571131299715,0.16045005128197787,0.1941725025337612,,,,,,,SRB00001
2013-08-12,2073.91,0.0,25.31,0.0322306235586957,0.059661050526067766,0.04985447385679792,0.19539032053403235,0.10767445658343326,0.06104637864938777,0.08382571131299715,0.16045005128197787,0.1941725025337612,,,,,,,SRB00001
2013-08-13,2227.44,0.16,26.86,0.033092877697658,0.0605407662723034,0.050627789514613865,0.19807195256724844,0.10898402687047197,0.06182684052522973,0.08382571131299715,0.16045005128197787,0.1941725025337612,,,,,,,SRB00001
2013-08-14,2575.32,0.13,23.04,0.0339551318366203,0.06142048201853903,0.05140110517242981,0.20075358460046452,0.11029359715751068,0.06260730240107168,0.08382571131299715,0.16045005128197787,0.1941725025337612,,,,,,,SRB00001
2013-08-15,2823.88,0.01,22.24,0.0348173859755826,0.06230019776477466,0.05217442083024575,0.2034352166336806,0.11160316744454939,0.06338776427691364,0.08382571131299715,0.16045005128197787,0.1941725025337612,,,,,,,SRB00001
2013-08-16,2785.12,0.0,22.6,0.0356796401145449,0.0631799135110103,0.0529477364880617,0.2061168486668967,0.1129127377315881,0.0641682261527556,0.08382571131299715,0.16045005128197787,0.1941725025337612,,,,,,,SRB00001
2013-08-17,2641.41,0.0,23.94,0.035722011093805656,0.06321713929854222,0.05271626132677398,0.20467057266950156,0.11162005235837057,0.06328103478764505,0.08382571131299715,0.16045005128197787,0.1941725025337612,,,,,,,SRB00001
2013-08-18,2505.11,0.0,26.09,0.03576438207306641,0.06325436508607415,0.05248478616548627,0.20322429667210645,0.11032736698515304,0.06239384342253451,0.08382571131299715,0.16045005128197787,0.1941725025337612,,,,,,,SRB00001
2013-08-19,2381.32,0.0,27.92,0.03580675305232717,0.06329159087360609,0.05225331100419856,0.20177802067471132,0.1090346816119355,0.06150665205742396,0.08382571131299715,0.16045005128197787,0.1941725025337612,,,,,,,SRB00001
2013-08-20,2253.24,0.13,24.05,0.03584912403158792,0.06332881666113802,0.05202183584291085,0.20033174467731618,0.10774199623871797,0.06061946069231342,0.08382571131299715,0.16045005128197787,0.1941725025337612,,,,,,,SRB00001
2013-08-21,2132.04,2.08,21.6,0.03589149501084868,0.06336604244866995,0.051790360681623133,0.19888546867992107,0.10644931086550044,0.05973226932720288,0.08382571131299715,0.16045005128197787,0.1941725025337612,,,,,,,SRB00001
2013-08-22,2036.04,0.02,22.61,0.035933865990109434,0.06340326823620188,0.051558885520335426,0.19743919268252594,0.10515662549228291,0.05884507796209233,0.08382571131299715,0.16045005128197787,0.1941725025337612,,,,,,,SRB00001
2013-08-23,2017.37,0.03,23.92,0.03597623696937019,0.0634404940237338,0.05132741035904771,0.19599291668513083,0.10386394011906538,0.05795788659698179,0.08382571131299715,0.16045005128197787,0.1941725025337612,,,,,,,SRB00001
2013-08-24,2146.83,3.71,19.92,0.036018607948630946,0.06347771981126574,0.05109593519776,0.1945466406877357,0.10257125474584786,0.05707069523187125,0.08382571131299715,0.16045005128197787,0.1941725025337612,,,,,,,SRB00001
2013-08-25,2305.75,3.81,20.36,0.03606097892789171,0.06351494559879768,0.050864460036472284,0.19310036469034056,0.10127856937263031,0.05618350386676071,0.08382571131299715,0.16045005128197787,0.1941725025337612,,,,,,,SRB00001
2013-08-26,2337.84,4.45,19.34,0.036103349907152464,0.06355217138632961,0.05063298487518457,0.19165408869294545,0.09998588399941279,0.055296312501650166,0.08382571131299715,0.16045005128197787,0.1941725025337612,,,,,,,SRB00001
2013-08-27,2316.39,0.27,21.03,0.03614572088641322,0.06358939717386154,0.05040150971389686,0.19020781269555032,0.09869319862619526,0.05440912113653962,0.08382571131299715,0.16045005128197787,0.1941725025337612,,,,,,,SRB00001
2013-08-28,2327.09,6.43,20.85,0.036188091865673976,0.06362662296139347,0.05017003455260915,0.1887615366981552,0.09740051325297773,0.053521929771429076,0.08382571131299715,0.16045005128197787,0.1941725025337612,,,,,,,SRB00001
2013-08-29,2476.42,10.22,19.71,0.03623046284493473,0.0636638487489254,0.049938559391321434,0.18731526070076007,0.0961078278797602,0.052634738406318535,0.08382571131299715,0.16045005128197787,0.1941725025337612,,,,,,,SRB00001
2013-08-30,2823.88,0.12,19.44,0.03627283382419549,0.06370107453645733,0.04970708423003373,0.18586898470336494,0.09481514250654266,0.051747547041207986,0.08382571131299715,0.16045005128197787,0.1941725025337612,,,,,,,SRB00001
2013-08-31,3117.89,0.0,20.27,0.03631520480345624,0.06373830032398926,0.04947560906874601,0.18442270870596983,0.09352245713332513,0.050860355676097445,0.08382571131299715,0.16045005128197787,0.1941725025337612,,,,,,,SRB00001
2013-09-01,3333.26,0.06,19.76,0.036357575782717,0.0637755261115212,0.0492441339074583,0.1829764327085747,0.0922297717601076,0.0499731643109869,0.08382571131299715,0.16045005128197787,0.1941725025337612,,,,,,,SRB00001
2013-09-02,3426.68,0.0,17.19,0.03558266827672157,0.0629596035287904,0.04856104381449776,0.18091102073633758,0.09141782143911067,0.04978825554900185,0.08382571131299715,0.16045005128197787,0.1941725025337612,,,,,,,SRB00001
2013-09-03,3287.52,0.01,19.36,0.03480776077072614,0.062143680946059626,0.04787795372153721,0.17884560876410047,0.09060587111811375,0.049603346787016785,0.08382571131299715,0.16045005128197787,0.1941725025337612,,,,,,,SRB00001
2013-09-04,3046.89,0.0,19.08,0.03403285326473071,0.06132775836332884,0.04719486362857667,0.17678019679186335,0.08979392079711682,0.04941843802503173,0.08382571131299715,0.16045005128197787,0.1941725025337612,8.2,0.11,1.45824164,385.0,1.5,,SRB00001
2013-09-05,2836.92,0.0,20.48,0.03325794575873529,0.06051183578059805,0.04651177353561613,0.17471478481962624,0.08898197047611989,0.04923352926304667,0.08382571131299715,0.16045005128197787,0.1941725025337612,,,,,,,SRB00001
2013-09-06,2709.19,0.0,19.31,0.032483038252739856,0.05969591319786727,0.04582868344265559,0.17264937284738913,0.08817002015512296,0.04904862050106162,0.08382571131299715,0.16045005128197787,0.1941725025337612,,,,,,,SRB00001
2013-09-07,2605.15,0.0,19.18,0.03170813074674443,0.058879990615136484,0.04514559334969504,0.170583960875152,0.08735806983412603,0.048863711739076554,0.08382571131299715,0.16045005128197787,0.1941725025337612,,,,,,,SRB00001
2013-09-08,2459.37,0.0,20.44,0.030933223240749,0.0580640680324057,0.0444625032567345,0.1685185489029149,0.0865461195131291,0.0486788029770915,0.08382571131299715,0.16045005128197787,0.1941725025337612,,,,,,,SRB00001
2013-09-09,2305.75,4.28,17.05,0.031596243095657,0.058893972546890896,0.045591254534733276,0.16870588513440865,0.08597037971402251,0.04810337602333912,0.08382571131299715,0.16045005128197787,0.1941725025337612,,,,,,,SRB00001
2013-09-10,2171.7,2.56,18.93,0.032259262950565,0.059723877061376086,0.04672000581273205,0.16889322136590243,0.08539463991491593,0.04752794906958674,0.08382571131299715,0.16045005128197787,0.1941725025337612,,,,,,,SRB00001
2013-09-11,2073.91,1.83,17.24,0.032922282805473,0.060553781575861276,0.047848757090730824,0.16908055759739618,0.08481890011580934,0.04695252211583435,0.08382571131299715,0.16045005128197787,0.1941725025337612,,,,,,,SRB00001
2013-09-12,2031.36,1.49,16.11,0.033585302660381,0.06138368609034647,0.0489775083687296,0.16926789382888996,0.08424316031670274,0.04637709516208197,0.08382571131299715,0.16045005128197787,0.1941725025337612,,,,,,,SRB00001
2013-09-13,2069.14,3.35,14.6,0.034248322515289,0.06221359060483167,0.05010625964672837,0.1694552300603837,0.08366742051759617,0.04580166820832959,0.08382571131299715,0.16045005128197787,0.1941725025337612,,,,,,,SRB00001
2013-09-14,2237.72,0.77,15.39,0.034911342370196996,0.06304349511931687,0.051235010924727147,0.1696425662918775,0.08309168071848957,0.04522624125457721,0.08382571131299715,0.16045005128197787,0.1941725025337612,,,,,,,SRB00001
2013-09-15,2499.35,0.01,17.57,0.035574362225104995,0.06387339963380205,0.05236376220272592,0.16982990252337124,0.08251594091938298,0.04465081430082483,0.08382571131299715,0.16045005128197787,0.1941725025337612,,,,,,,SRB00001
2013-09-16,2721.7,0.04,20.55,0.036237382080012995,0.06470330414828725,0.0534925134807247,0.17001723875486502,0.08194020112027639,0.04407538734707245,0.08382571131299715,0.16045005128197787,0.1941725025337612,,,,,,,SRB00001
2013-09-17,2909.72,5.68,12.87,0.036900401934921,0.06553320866277244,0.054621264758723476,0.17020457498635877,0.08136446132116981,0.04349996039332007,0.08382571131299715,0.16045005128197787,0.1941725025337612,,,,,,,SRB00001
2013-09-18,3096.42,0.0,13.36,0.037563421789829,0.06636311317725763,0.05575001603672225,0.17039191121785252,0.08078872152206322,0.04292453343956769,0.08382571131299715,0.16045005128197787,0.1941725025337612,,,,,,,SRB00001
2013-09-19,3279.95,2.7,14.43,0.038226441644737,0.06719301769174282,0.056878767314721024,0.1705792474493463,0.08021298172295663,0.0423491064858153,0.08382571131299715,0.16045005128197787,0.1941725025337612,,,,,,,SRB00001
2013-09-20,3638.15,0.0,14.81,0.038889461499645,0.06802292220622802,0.0580075185927198,0.17076658368084005,0.07963724192385005,0.04177367953206292,0.08382571131299715,0.16045005128197787,0.1941725025337612,,,,,,,SRB00001
2013-09-21,4254.98,0.26,15.37,0.039552481354553,0.06885282672071322,0.05913626987071857,0.17095391991233383,0.07906150212474346,0.04119825257831054,0.08382571131299715,0.16045005128197787,0.1941725025337612,,,,,,,SRB00001
2013-09-22,4840.72,0.01,14.26,0.040215501209461,0.06968273123519841,0.060265021148717346,0.17114125614382758,0.07848576232563687,0.040622825624558156,0.08382571131299715,0.16045005128197787,0.1941725025337612,,,,,,,SRB00001
2013-09-23,4896.79,0.0,15.55,0.040878521064369,0.0705126357496836,0.06139377242671612,0.17132859237532136,0.07791002252653029,0.04004739867080578,0.08382571131299715,0.16045005128197787,0.1941725025337612,,,,,,,SRB00001
2013-09-24,4569.88,0.0,16.72,0.041541540919277,0.0713425402641688,0.0625225237047149,0.1715159286068151,0.0773342827274237,0.0394719717170534,0.08382571131299715,0.16045005128197787,0.1941725025337612,,,,,,,SRB00001
2013-09-25,4177.3,0.0,17.74,0.041352474527348214,0.07112066622931243,0.062119207517449496,0.17067853263217325,0.0778356033788764,0.04000946188387498,0.08382571131299715,0.16045005128197787,0.1941725025337612,,,,,,,SRB00001
2013-09-26,3827.25,1.51,19.18,0.04116340813541943,0.07089879219445608,0.0617158913301841,0.16984113665753142,0.07833692403032912,0.040546952050696576,0.08382571131299715,0.16045005128197787,0.1941725025337612,,,,,,,SRB00001
2013-09-27,3514.6,1.06,12.84,0.04097434174349065,0.07067691815959971,0.06131257514291869,0.16900374068288956,0.07883824468178181,0.04108444221751816,0.08382571131299715,0.16045005128197787,0.1941725025337612,,,,,,,SRB00001
2013-09-28,3227.49,1.03,14.22,0.04078527535156186,0.07045504412474335,0.06090925895565329,0.16816634470824773,0.07933956533323452,0.04162193238433975,0.08382571131299715,0.16045005128197787,0.1941725025337612,,,,,,,SRB00001
2013-09-29,3005.08,16.0,11.41,0.040596208959633076,0.070233170089887,0.060505942768387895,0.16732894873360588,0.07984088598468723,0.04215942255116134,0.08382571131299715,0.16045005128197787,0.1941725025337612,,,,,,,SRB00001
2013-09-30,2903.02,20.78,10.63,0.04040714256770429,0.07001129605503063,0.0601026265811225,0.16649155275896405,0.08034220663613995,0.04269691271798293,0.08382571131299715,0.16045005128197787,0.1941725025337612,,,,,,,SRB00001
2013-10-01,2963.83,1.6,10.92,0.04021807617577551,0.06978942202017428,0.0596993103938571,0.1656541567843222,0.08084352728759266,0.04323440288480451,0.08382571131299715,0.16045005128197787,0.1941725025337612,,,,,,,SRB00001
2013-10-02,3060.96,0.08,9.49,0.04002900978384673,0.06956754798531792,0.05929599420659169,0.16481676080968036,0.08134484793904535,0.0437718930516261,0.08382571131299715,0.16045005128197787,0.1941725025337612,9.6,0.93,1.5688513,404.0,1.4,,SRB00001
2013-10-03,3025.91,0.0,6.03,0.039839943391917945,0.06934567395046155,0.058892678019326294,0.1639793648350385,0.08184616859049806,0.04430938321844769,0.08382571131299715,0.16045005128197787,0.1941725025337612,,,,,,,SRB00001
2013-10-04,2889.68,0.0,5.57,0.039650876999989156,0.0691237999156052,0.058489361832060896,0.16314196886039667,0.08234748924195077,0.04484687338526928,0.08382571131299715,0.16045005128197787,0.1941725025337612,,,,,,,SRB00001
2013-10-05,2765.94,0.0,7.38,0.03946181060806037,0.06890192588074884,0.0580860456447955,0.1623045728857548,0.08284880989340349,0.04538436355209086,0.08382571131299715,0.16045005128197787,0.1941725025337612,,,,,,,SRB00001
2013-10-06,2659.72,0.0,9.86,0.03927274421613159,0.06868005184589247,0.0576827294575301,0.16146717691111298,0.0833501305448562,0.045921853718912456,0.08382571131299715,0.16045005128197787,0.1941725025337612,,,,,,,SRB00001
2013-10-07,2539.97,0.0,12.3,0.03908367782420281,0.06845817781103612,0.057279413270264694,0.16062978093647112,0.0838514511963089,0.04645934388573404,0.08382571131299715,0.16045005128197787,0.1941725025337612,,,,,,,SRB00001
2013-10-08,2408.91,0.23,13.88,0.038894611432274025,0.06823630377617976,0.056876097082999295,0.1597923849618293,0.0843527718477616,0.04699683405255563,0.08382571131299715,0.16045005128197787,0.1941725025337612,,,,,,,SRB00001
2013-10-09,2289.87,2.98,13.26,0.03870554504034524,0.06801442974132339,0.0564727808957339,0.15895498898718743,0.08485409249921431,0.04753432421937722,0.08382571131299715,0.16045005128197787,0.1941725025337612,,,,,,,SRB00001
2013-10-10,2207.01,3.9,14.04,0.03851647864841645,0.06779255570646704,0.0560694647084685,0.1581175930125456,0.08535541315066703,0.048071814386198806,0.08382571131299715,0.16045005128197787,0.1941725025337612,,,,,,,SRB00001
2013-10-11,2166.7,1.04,16.36,0.03832741225648767,0.06757068167161068,0.0556661485212031,0.15728019703790375,0.08585673380211974,0.04860930455302039,0.08382571131299715,0.16045005128197787,0.1941725025337612,,,,,,,SRB00001
2013-10-12,2141.89,0.81,16.73,0.03813834586455889,0.06734880763675431,0.055262832333937695,0.15644280106326192,0.08635805445357243,0.049146794719841985,0.08382571131299715,0.16045005128197787,0.1941725025337612,,,,,,,SRB00001
2013-10-13,2141.89,0.39,15.97,0.037949279472630104,0.06712693360189796,0.054859516146672296,0.15560540508862006,0.08685937510502514,0.04968428488666357,0.08382571131299715,0.16045005128197787,0.1941725025337612,,,,,,,SRB00001
2013-10-14,2263.64,0.33,15.84,0.03776021308070132,0.0669050595670416,0.0544561999594069,0.15476800911397823,0.08736069575647785,0.05022177505348516,0.08382571131299715,0.16045005128197787,0.1941725025337612,,,,,,,SRB00001
2013-10-15,2623.22,0.76,15.74,0.03757114668877254,0.06668318553218525,0.0540528837721415,0.15393061313933637,0.08786201640793057,0.05075926522030675,0.08382571131299715,0.16045005128197787,0.1941725025337612,,,,,,,SRB00001
2013-10-16,2963.83,8.23,11.62,0.03738208029684375,0.06646131149732888,0.0536495675848761,0.15309321716469454,0.08836333705938328,0.051296755387128336,0.08382571131299715,0.16045005128197787,0.1941725025337612,,,,,,,SRB00001
2013-10-17,3025.91,3.12,12.09,0.037193013904914966,0.06623943746247252,0.053246251397610696,0.15225582119005268,0.08886465771083597,0.05183424555394992,0.08382571131299715,0.16045005128197787,0.1941725025337612,,,,,,,SRB00001
2013-10-18,2936.65,0.01,11.33,0.037003947512986184,0.06601756342761617,0.0528429352103453,0.15141842521541085,0.08936597836228868,0.052371735720771515,0.08382571131299715,0.16045005128197787,0.1941725025337612,,,,,,,SRB00001
2013-10-19,2876.4,0.0,10.75,0.0368148811210574,0.0657956893927598,0.0524396190230799,0.150581029240769,0.0898672990137414,0.0529092258875931,0.08382571131299715,0.16045005128197787,0.1941725025337612,,,,,,,SRB00001
2013-10-20,2950.21,0.0,14.77,0.03657124142926425,0.06549120023205168,0.052380603516941245,0.1485657081038964,0.08997931397244811,0.05281391536112307,0.08382571131299715,0.16045005128197787,0.1941725025337612,,,,,,,SRB00001
2013-10-21,3096.42,0.09,16.11,0.036327601737471085,0.06518671107134358,0.05232158801080258,0.14655038696702385,0.09009132893115482,0.05271860483465304,0.08382571131299715,0.16045005128197787,0.1941725025337612,,,,,,,SRB00001
2013-10-22,3103.56,0.03,16.53,0.03608396204567793,0.06488222191063546,0.05226257250466393,0.14453506583015127,0.09020334388986154,0.052623294308183015,0.08382571131299715,0.16045005128197787,0.1941725025337612,,,,,,,SRB00001
2013-10-23,2970.67,0.0,18.31,0.03584032235388477,0.06457773274992734,0.05220355699852527,0.14251974469327872,0.09031535884856826,0.052527983781712986,0.08382571131299715,0.16045005128197787,0.1941725025337612,,,,,,,SRB00001
2013-10-24,2791.54,0.0,18.74,0.035596682662091615,0.06427324358921922,0.05214454149238661,0.14050442355640613,0.09042737380727497,0.05243267325524296,0.08382571131299715,0.16045005128197787,0.1941725025337612,,,,,,,SRB00001
2013-10-25,2617.18,0.0,17.99,0.035353042970298454,0.06396875442851112,0.05208552598624795,0.13848910241953358,0.09053938876598168,0.05233736272877293,0.08382571131299715,0.16045005128197787,0.1941725025337612,,,,,,,SRB00001
2013-10-26,2476.42,0.0,16.89,0.0351094032785053,0.063664265267803,0.0520265104801093,0.136473781282661,0.0906514037246884,0.0522420522023029,0.08382571131299715,0.16045005128197787,0.1941725025337612,,,,,,,SRB00001
2013-10-27,2381.32,0.01,16.33,0.03509422258978877,0.0635743557975593,0.05199614638879569,0.13579654074417669,0.09053026839298386,0.05227248128713069,0.08382571131299715,0.16045005128197787,0.1941725025337612,,,,,,,SRB00001
2013-10-28,2348.63,0.01,17.16,0.03507904190107224,0.06348444632731559,0.051965782297482076,0.1351193002056924,0.09040913306127935,0.05230291037195848,0.08382571131299715,0.16045005128197787,0.1941725025337612,,,,,,,SRB00001
2013-10-29,2370.37,0.0,16.92,0.03506386121235571,0.06339453685707189,0.05193541820616847,0.1344420596672081,0.09028799772957481,0.05233333945678626,0.08382571131299715,0.16045005128197787,0.1941725025337612,,,,,,,SRB00001
2013-10-30,2381.32,0.0,12.97,0.035048680523639186,0.06330462738682818,0.051905054114854854,0.1337648191287238,0.09016686239787029,0.05236376854161405,0.08382571131299715,0.16045005128197787,0.1941725025337612,,,,,,,SRB00001
2013-10-31,2327.09,0.0,10.9,0.035033499834922655,0.06321471791658448,0.051874690023541246,0.1330875785902395,0.09004572706616576,0.05239419762644184,0.08382571131299715,0.16045005128197787,0.1941725025337612,,,,,,,SRB00001
2013-11-01,2248.05,0.03,11.55,0.03501831914620612,0.06312480844634077,0.05184432593222764,0.1324103380517552,0.08992459173446124,0.05242462671126963,0.08382571131299715,0.16045005128197787,0.1941725025337612,,,,,,,SRB00001
2013-11-02,2217.2,0.9,13.21,0.0350031384574896,0.06303489897609707,0.051813961840914025,0.1317330975132709,0.0898034564027567,0.05245505579609741,0.08382571131299715,0.16045005128197787,0.1941725025337612,,,,,,,SRB00001
2013-11-03,2295.15,7.25,15.44,0.034987957768773066,0.06294498950585337,0.05178359774960042,0.13105585697478658,0.08968232107105219,0.0524854848809252,0.08382571131299715,0.16045005128197787,0.1941725025337612,,,,,,,SRB00001
2013-11-04,2453.71,0.95,12.02,0.034972777080056534,0.06285508003560966,0.0517532336582868,0.1303786164363023,0.08956118573934765,0.05251591396575299,0.08382571131299715,0.16045005128197787,0.1941725025337612,,,,,,,SRB00001
2013-11-05,2534.13,10.05,12.22,0.03495759639134001,0.06276517056536596,0.051722869566973195,0.129701375897818,0.08944005040764313,0.05254634305058078,0.08382571131299715,0.16045005128197787,0.1941725025337612,,,,,,,SRB00001
2013-11-06,2516.68,0.5,8.11,0.03494241570262348,0.06267526109512225,0.05169250547565958,0.12902413535933369,0.0893189150759386,0.05257677213540856,0.08382571131299715,0.16045005128197787,0.1941725025337612,10.0,0.109,1.6591449,447.0,1.2,,SRB00001
2013-11-07,2534.13,0.03,10.18,0.034927235013906946,0.06258535162487855,0.05166214138434597,0.1283468948208494,0.08919777974423407,0.05260720122023635,0.08382571131299715,0.16045005128197787,0.1941725025337612,,,,,,,SRB00001
2013-11-08,2635.33,0.03,12.17,0.03491205432519042,0.062495442154634845,0.051631777293032366,0.1276696542823651,0.08907664441252955,0.05263763030506414,0.08382571131299715,0.16045005128197787,0.1941725025337612,,,,,,,SRB00001
2013-11-09,2791.54,1.34,13.32,0.03489687363647389,0.06240553268439114,0.05160141320171875,0.1269924137438808,0.08895550908082502,0.05266805938989193,0.08382571131299715,0.16045005128197787,0.1941725025337612,,,,,,,SRB00001
2013-11-10,2998.16,2.05,10.66,0.034881692947757365,0.062315623214147436,0.051571049110405144,0.1263151732053965,0.0888343737491205,0.05269848847471972,0.08382571131299715,0.16045005128197787,0.1941725025337612,,,,,,,SRB00001
2013-11-11,3227.49,7.3,9.57,0.03486651225904083,0.06222571374390373,0.05154068501909153,0.1256379326669122,0.08871323841741596,0.0527289175595475,0.08382571131299715,0.16045005128197787,0.1941725025337612,,,,,,,SRB00001
2013-11-12,3348.66,0.24,8.55,0.0348513315703243,0.06213580427366003,0.05151032092777792,0.12496069212842789,0.08859210308571144,0.05275934664437529,0.08382571131299715,0.16045005128197787,0.1941725025337612,,,,,,,SRB00001
2013-11-13,3387.44,0.39,9.08,0.034836150881607776,0.062045894803416324,0.051479956836464315,0.1242834515899436,0.08847096775400691,0.05278977572920308,0.08382571131299715,0.16045005128197787,0.1941725025337612,,,,,,,SRB00001
2013-11-14,3418.79,0.39,6.79,0.034820970192891244,0.06195598533317262,0.0514495927451507,0.12360621105145929,0.08834983242230239,0.052820204814030866,0.08382571131299715,0.16045005128197787,0.1941725025337612,,,,,,,SRB00001
2013-11-15,3466.37,0.01,7.27,0.03480578950417472,0.061866075862928915,0.05141922865383709,0.122928970512975,0.08822869709059786,0.05285063389885865,0.08382571131299715,0.16045005128197787,0.1941725025337612,,,,,,,SRB00001
2013-11-16,3426.68,0.0,6.34,0.03479060881545819,0.06177616639268521,0.05138886456252348,0.1222517299744907,0.08810756175889334,0.05288106298368644,0.08382571131299715,0.16045005128197787,0.1941725025337612,,,,,,,SRB00001
2013-11-17,3279.95,0.0,6.06,0.034775428126741656,0.06168625692244151,0.05135850047120987,0.12157448943600639,0.0879864264271888,0.052911492068514226,0.08382571131299715,0.16045005128197787,0.1941725025337612,,,,,,,SRB00001
2013-11-18,3089.3,0.02,4.69,0.03476024743802513,0.0615963474521978,0.05132813637989626,0.1208972488975221,0.08786529109548429,0.052941921153342016,0.08382571131299715,0.16045005128197787,0.1941725025337612,,,,,,,SRB00001
2013-11-19,2909.72,1.15,6.85,0.0347450667493086,0.0615064379819541,0.05129777228858265,0.12022000835903779,0.08774415576377975,0.052972350238169805,0.08382571131299715,0.16045005128197787,0.1941725025337612,,,,,,,SRB00001
2013-11-20,2746.89,0.55,9.78,0.03472988606059207,0.061416528511710394,0.05126740819726904,0.1195427678205535,0.08762302043207522,0.05300277932299759,0.08382571131299715,0.16045005128197787,0.1941725025337612,,,,,,,SRB00001
2013-11-21,2599.16,1.3,6.59,0.03471470537187554,0.06132661904146669,0.05123704410595543,0.1188655272820692,0.0875018851003707,0.053033208407825376,0.08382571131299715,0.16045005128197787,0.1941725025337612,,,,,,,SRB00001
2013-11-22,2482.13,0.29,6.77,0.03469952468315901,0.061236709571222986,0.05120668001464182,0.11818828674358489,0.08738074976866617,0.053063637492653165,0.08382571131299715,0.16045005128197787,0.1941725025337612,,,,,,,SRB00001
2013-11-23,2403.36,5.96,8.77,0.03468434399444248,0.06114680010097928,0.051176315923328206,0.1175110462051006,0.08725961443696165,0.053094066577480954,0.08382571131299715,0.16045005128197787,0.1941725025337612,,,,,,,SRB00001
2013-11-24,2364.92,1.36,8.04,0.034669163305725954,0.06105689063073558,0.0511459518320146,0.11683380566661629,0.08713847910525711,0.053124495662308736,0.08382571131299715,0.16045005128197787,0.1941725025337612,,,,,,,SRB00001
2013-11-25,2420.03,3.26,2.13,0.03465398261700942,0.06096698116049187,0.05111558774070099,0.116156565128132,0.0870173437735526,0.053154924747136525,0.08382571131299715,0.16045005128197787,0.1941725025337612,,,,,,,SRB00001
2013-11-26,2563.48,1.09,1.1,0.0346388019282929,0.06087707169024817,0.051085223649387376,0.1154793245896477,0.08689620844184806,0.053185353831964315,0.08382571131299715,0.16045005128197787,0.1941725025337612,,,,,,,SRB00001
2013-11-27,2709.19,1.02,0.28,0.034623621239576366,0.060787162220004465,0.05105485955807377,0.11480208405116339,0.08677507311014354,0.053215782916792104,0.08382571131299715,0.16045005128197787,0.1941725025337612,,,,,,,SRB00001
2013-11-28,2936.65,0.02,-1.4,0.034608440550859834,0.06069725274976076,0.051024495466760154,0.1141248435126791,0.08665393777843901,0.053246212001619886,0.08382571131299715,0.16045005128197787,0.1941725025337612,,,,,,,SRB00001
2013-11-29,3154.01,0.01,0.46,0.03459325986214331,0.060607343279517056,0.05099413137544655,0.11344760297419479,0.08653280244673449,0.053276641086447675,0.08382571131299715,0.16045005128197787,0.1941725025337612,,,,,,,SRB00001
2013-11-30,3146.75,0.0,1.19,0.03457807917342678,0.06051743380927335,0.05096376728413293,0.1127703624357105,0.08641166711502996,0.053307070171275464,0.08382571131299715,0.16045005128197787,0.1941725025337612,,,,,,,SRB00001
2013-12-01,2977.52,0.01,0.62,0.03456289848471025,0.06042752433902965,0.050933403192819325,0.1120931218972262,0.08629053178332542,0.05333749925610325,0.08382571131299715,0.16045005128197787,0.1941725025337612,,,,,,,SRB00001
2013-12-02,2759.58,0.0,0.82,0.03454771779599372,0.060337614868785944,0.05090303910150572,0.11141588135874189,0.0861693964516209,0.05336792834093104,0.08382571131299715,0.16045005128197787,0.1941725025337612,,,,,,,SRB00001
2013-12-03,2545.83,0.0,-1.48,0.03453253710727719,0.06024770539854224,0.0508726750101921,0.1107386408202576,0.08604826111991637,0.053398357425758824,0.08382571131299715,0.16045005128197787,0.1941725025337612,,,,,,,SRB00001
2013-12-04,2375.84,0.0,-2.68,0.034517356418560664,0.060157795928298535,0.050842310918878496,0.11006140028177329,0.08592712578821185,0.053428786510586614,0.08382571131299715,0.16045005128197787,0.1941725025337612,12.0,0.106,2.13770098,452.0,1.0,,SRB00001
2013-12-05,2248.05,0.0,0.03,0.03450217572984413,0.06006788645805483,0.05081194682756488,0.109384159743289,0.08580599045650732,0.0534592155954144,0.08382571131299715,0.16045005128197787,0.1941725025337612,,,,,,,SRB00001
2013-12-06,2151.78,0.31,0.86,0.0344869950411276,0.05997797698781113,0.050781582736251274,0.1087069192048047,0.0856848551248028,0.05348964468024219,0.08382571131299715,0.16045005128197787,0.1941725025337612,,,,,,,SRB00001
2013-12-07,2059.63,0.0,1.0,0.034471814352411076,0.05988806751756742,0.050751218644937666,0.10802967866632039,0.08556371979309826,0.053520073765069974,0.08382571131299715,0.16045005128197787,0.1941725025337612,,,,,,,SRB00001
2013-12-08,1971.42,0.04,1.14,0.034456633663694544,0.05979815804732372,0.05072085455362405,0.1073524381278361,0.08544258446139374,0.05355050284989776,0.08382571131299715,0.16045005128197787,0.1941725025337612,,,,,,,SRB00001
2013-12-09,1900.08,0.27,3.69,0.03444145297497801,0.059708248577080014,0.050690490462310445,0.10667519758935179,0.08532144912968921,0.05358093193472555,0.08382571131299715,0.16045005128197787,0.1941725025337612,,,,,,,SRB00001
2013-12-10,1848.27,0.01,1.47,0.03442627228626149,0.05961833910683631,0.05066012637099683,0.1059979570508675,0.08520031379798469,0.05361136101955334,0.08382571131299715,0.16045005128197787,0.1941725025337612,,,,,,,SRB00001
2013-12-11,1831.31,0.0,-1.78,0.034411091597544956,0.059528429636592606,0.05062976227968322,0.1053207165123832,0.08507917846628016,0.053641790104381123,0.08382571131299715,0.16045005128197787,0.1941725025337612,,,,,,,SRB00001
2013-12-12,1861.09,0.01,-0.35,0.03439591090882843,0.0594385201663489,0.05059939818836961,0.10464347597389889,0.08495804313457564,0.05367221918920891,0.08382571131299715,0.16045005128197787,0.1941725025337612,,,,,,,SRB00001
2013-12-13,1917.67,0.06,0.0,0.0343807302201119,0.0593486106961052,0.050569034097056,0.1039662354354146,0.0848369078028711,0.0537026482740367,0.08382571131299715,0.16045005128197787,0.1941725025337612,,,,,,,SRB00001
2013-12-14,1994.26,0.04,-1.95,0.03447302398079114,0.05941056167061337,0.0506879035394216,0.10387061725479163,0.0851881868060897,0.054093327479809175,0.08382571131299715,0.16045005128197787,0.1941725025337612,,,,,,,SRB00001
2013-12-15,2050.16,0.13,-0.91,0.03456531774147038,0.059472512645121545,0.05080677298178719,0.10377499907416865,0.08553946580930827,0.05448400668558165,0.08382571131299715,0.16045005128197787,0.1941725025337612,,,,,,,SRB00001
2013-12-16,2045.45,0.05,-1.13,0.03465761150214963,0.059534463619629725,0.05092564242415279,0.10367938089354568,0.08589074481252684,0.054874685891354115,0.08382571131299715,0.16045005128197787,0.1941725025337612,,,,,,,SRB00001
2013-12-17,1975.97,0.12,-0.8,0.034749905262828874,0.0595964145941379,0.051044511866518386,0.10358376271292272,0.08624202381574543,0.05526536509712659,0.08382571131299715,0.16045005128197787,0.1941725025337612,,,,,,,SRB00001
2013-12-18,1895.71,0.13,-1.72,0.034842199023508116,0.05965836556864607,0.05116338130888398,0.10348814453229974,0.08659330281896402,0.05565604430289906,0.08382571131299715,0.16045005128197787,0.1941725025337612,,,,,,,SRB00001
2013-12-19,1818.7,0.04,-2.46,0.034934492784187365,0.059720316543154246,0.051282250751249585,0.10339252635167677,0.08694458182218259,0.05604672350867153,0.08382571131299715,0.16045005128197787,0.1941725025337612,,,,,,,SRB00001
2013-12-20,1748.85,0.06,-0.12,0.03502678654486661,0.05978226751766243,0.05140112019361518,0.10329690817105379,0.08729586082540117,0.056437402714444,0.08382571131299715,0.16045005128197787,0.1941725025337612,,,,,,,SRB00001
2013-12-21,1689.44,0.04,0.75,0.03511908030554585,0.0598442184921706,0.05151998963598078,0.10320128999043082,0.08764713982861976,0.056828081920216475,0.08382571131299715,0.16045005128197787,0.1941725025337612,,,,,,,SRB00001
2013-12-22,1635.82,0.04,1.28,0.03521137406622509,0.059906169466678774,0.05163885907834637,0.10310567180980786,0.08799841883183834,0.05721876112598895,0.08382571131299715,0.16045005128197787,0.1941725025337612,,,,,,,SRB00001
2013-12-23,1591.21,0.13,1.3,0.035303667826904334,0.05996812044118695,0.05175772852071197,0.10301005362918488,0.08834969783505692,0.05760944033176142,0.08382571131299715,0.16045005128197787,0.1941725025337612,,,,,,,SRB00001
2013-12-24,1558.55,0.05,1.89,0.03539596158758358,0.06003007141569512,0.051876597963077566,0.10291443544856191,0.08870097683827549,0.05800011953753389,0.08382571131299715,0.16045005128197787,0.1941725025337612,,,,,,,SRB00001
2013-12-25,1533.62,0.01,4.38,0.035488255348262825,0.0600920223902033,0.05199546740544316,0.10281881726793893,0.08905225584149408,0.05839079874330636,0.08382571131299715,0.16045005128197787,0.1941725025337612,,,,,,,SRB00001
2013-12-26,1512.56,0.37,6.55,0.03558054910894207,0.060153973364711476,0.05211433684780876,0.10272319908731596,0.08940353484471267,0.058781477949078835,0.08382571131299715,0.16045005128197787,0.1941725025337612,,,,,,,SRB00001
2013-12-27,1498.69,0.41,6.49,0.035672842869621316,0.06021592433921965,0.052233206290174354,0.102627580906693,0.08975481384793124,0.0591721571548513,0.08382571131299715,0.16045005128197787,0.1941725025337612,,,,,,,SRB00001
2013-12-28,1498.69,0.04,4.17,0.03576513663030056,0.06027787531372782,0.05235207573253995,0.10253196272607001,0.09010609285114982,0.059562836360623775,0.08382571131299715,0.16045005128197787,0.1941725025337612,,,,,,,SRB00001
2013-12-29,1537.15,0.07,4.21,0.0358574303909798,0.060339826288236004,0.05247094517490555,0.10243634454544705,0.0904573718543684,0.05995351556639625,0.08382571131299715,0.16045005128197787,0.1941725025337612,,,,,,,SRB00001
2013-12-30,1662.41,0.04,3.89,0.03594972415165904,0.06040177726274418,0.05258981461727115,0.10234072636482408,0.09080865085758699,0.06034419477216872,0.08382571131299715,0.16045005128197787,0.1941725025337612,,,,,,,SRB00001
2013-12-31,1861.09,0.06,2.28,0.036042017912338284,0.06046372823725235,0.052708684059636746,0.1022451081842011,0.09115992986080557,0.060734873977941195,0.08382571131299715,0.16045005128197787,0.1941725025337612,,,,,,,SRB00001
2014-01-01,2064.38,0.05,1.64,0.03613431167301753,0.060525679211760525,0.05282755350200234,0.10214949000357813,0.09151120886402414,0.06112555318371366,0.08382571131299715,0.16045005128197787,0.1941725025337612,,,,,,,SRB00001
2014-01-02,2166.7,0.03,2.97,0.036226605433696775,0.0605876301862687,0.05294642294436794,0.10205387182295517,0.09186248786724273,0.061516232389486135,0.08382571131299715,0.16045005128197787,0.1941725025337612,,,,,,,SRB00001
2014-01-03,2151.78,0.32,5.87,0.03631889919437602,0.06064958116077688,0.053065292386733534,0.10195825364233219,0.09221376687046132,0.06190691159525861,0.08382571131299715,0.16045005128197787,0.1941725025337612,,,,,,,SRB00001
2014-01-04,2078.7,0.27,7.46,0.036411192955055266,0.06071153213528505,0.05318416182909913,0.10186263546170922,0.09256504587367989,0.062297590801031075,0.08382571131299715,0.16045005128197787,0.1941725025337612,,,,,,,SRB00001
2014-01-05,1994.26,1.17,8.98,0.03650348671573451,0.060773483109793226,0.053303031271464726,0.10176701728108624,0.09291632487689847,0.06268827000680355,0.08382571131299715,0.16045005128197787,0.1941725025337612,,,,,,,SRB00001
2014-01-06,1904.46,0.05,6.47,0.03659578047641375,0.0608354340843014,0.05342190071383032,0.10167139910046327,0.09326760388011705,0.06307894921257602,0.08382571131299715,0.16045005128197787,0.1941725025337612,,,,,,,SRB00001
2014-01-07,1839.77,0.08,5.66,0.03668807423709299,0.060897385058809574,0.05354077015619592,0.1015757809198403,0.09361888288333564,0.0634696284183485,0.08382571131299715,0.16045005128197787,0.1941725025337612,,,,,,,SRB00001
2014-01-08,1810.34,0.23,4.72,0.036780367997772234,0.060959336033317754,0.053659639598561515,0.10148016273921732,0.09397016188655422,0.06386030762412097,0.08382571131299715,0.16045005128197787,0.1941725025337612,,,,,,,SRB00001
2014-01-09,1806.17,0.21,3.97,0.03687266175845148,0.06102128700782593,0.05377850904092712,0.10138454455859436,0.09432144088977279,0.06425098682989344,0.08382571131299715,0.16045005128197787,0.1941725025337612,,,,,,,SRB00001
2014-01-10,1806.17,0.3,5.79,0.036964955519130725,0.0610832379823341,0.053897378483292714,0.10128892637797138,0.09467271989299138,0.0646416660356659,0.08382571131299715,0.16045005128197787,0.1941725025337612,,,,,,,SRB00001
2014-01-11,1827.1,0.04,5.57,0.03705724927980997,0.061145188956842275,0.05401624792565831,0.10119330819734841,0.09502399889620997,0.06503234524143837,0.08382571131299715,0.16045005128197787,0.1941725025337612,,,,,,,SRB00001
2014-01-12,1839.77,0.02,5.69,0.037149543040489216,0.061207139931350456,0.054135117368023906,0.10109769001672544,0.09537527789942854,0.06542302444721085,0.08382571131299715,0.16045005128197787,0.1941725025337612,,,,,,,SRB00001
2014-01-13,1818.7,0.02,2.61,0.03724183680116846,0.06126909090585863,0.0542539868103895,0.10100207183610246,0.09572655690264711,0.06581370365298332,0.08382571131299715,0.16045005128197787,0.1941725025337612,,,,,,,SRB00001
2014-01-14,1781.38,1.21,4.98,0.0373341305618477,0.0613310418803668,0.0543728562527551,0.1009064536554795,0.0960778359058657,0.0662043828587558,0.08382571131299715,0.16045005128197787,0.1941725025337612,,,,,,,SRB00001
2014-01-15,1748.85,2.59,4.36,0.03704508320080109,0.060942114178920447,0.054074725604039725,0.1006456287205597,0.09594717698492801,0.06608369596380234,0.08382571131299715,0.16045005128197787,0.1941725025337612,,,,,,,SRB00001
2014-01-16,1748.85,0.01,2.97,0.036756035839754474,0.06055318647747408,0.05377659495532435,0.10038480378563988,0.09581651806399033,0.0659630090688489,0.08382571131299715,0.16045005128197787,0.1941725025337612,,,,,,,SRB00001
2014-01-17,1765.04,0.08,6.82,0.036466988478707864,0.060164258776027726,0.05347846430660897,0.10012397885072008,0.09568585914305264,0.06584232217389545,0.08382571131299715,0.16045005128197787,0.1941725025337612,,,,,,,SRB00001
2014-01-18,1781.38,0.9,9.42,0.03617794111766125,0.05977533107458136,0.0531803336578936,0.09986315391580028,0.09555520022211494,0.06572163527894201,0.08382571131299715,0.16045005128197787,0.1941725025337612,,,,,,,SRB00001
2014-01-19,1789.61,2.11,10.09,0.03588889375661464,0.059386403373135006,0.05288220300917822,0.09960232898088046,0.09542454130117727,0.06560094838398856,0.08382571131299715,0.16045005128197787,0.1941725025337612,,,,,,,SRB00001
2014-01-20,1802.02,0.22,9.66,0.03559984639556803,0.05899747567168865,0.05258407236046285,0.09934150404596066,0.09529388238023957,0.06548026148903512,0.08382571131299715,0.16045005128197787,0.1941725025337612,,,,,,,SRB00001
2014-01-21,1827.1,1.39,6.47,0.03531079903452141,0.058608547970242286,0.052285941711747476,0.09908067911104085,0.0951632234593019,0.06535957459408166,0.08382571131299715,0.16045005128197787,0.1941725025337612,,,,,,,SRB00001
2014-01-22,1852.53,0.02,2.35,0.0350217516734748,0.05821962026879593,0.0519878110630321,0.09881985417612105,0.0950325645383642,0.06523888769912822,0.08382571131299715,0.16045005128197787,0.1941725025337612,,,,,,,SRB00001
2014-01-23,1878.32,0.53,0.84,0.03473270431242819,0.057830692567349566,0.05168968041431672,0.09855902924120125,0.09490190561742651,0.06511820080417477,0.08382571131299715,0.16045005128197787,0.1941725025337612,,,,,,,SRB00001
2014-01-24,1900.08,9.32,-0.47,0.034443656951381574,0.05744176486590321,0.05139154976560135,0.09829820430628143,0.09477124669648883,0.06499751390922133,0.08382571131299715,0.16045005128197787,0.1941725025337612,,,,,,,SRB00001
2014-01-25,1939.89,3.62,-3.35,0.034154609590334964,0.05705283716445685,0.051093419116885974,0.09803737937136163,0.09464058777555114,0.06487682701426788,0.08382571131299715,0.16045005128197787,0.1941725025337612,,,,,,,SRB00001
2014-01-26,1998.86,0.05,-8.01,0.033865562229288354,0.05666390946301049,0.0507952884681706,0.09777655443644181,0.09450992885461346,0.06475614011931444,0.08382571131299715,0.16045005128197787,0.1941725025337612,,,,,,,SRB00001
2014-01-27,2036.04,0.04,-6.45,0.03357651486824174,0.05627498176156413,0.05049715781945523,0.09751572950152201,0.09437926993367576,0.06463545322436098,0.08382571131299715,0.16045005128197787,0.1941725025337612,,,,,,,SRB00001
2014-01-28,2012.72,0.38,-4.11,0.03328746750719513,0.05588605406011777,0.050199027170739846,0.09725490456660221,0.09424861101273807,0.06451476632940754,0.08382571131299715,0.16045005128197787,0.1941725025337612,12.7,0.1,2.55756622,500.0,1.5,0.0035,SRB00001
2014-01-29,1948.84,2.38,-4.28,0.03299842014614851,0.05549712635867141,0.04990089652202447,0.0969940796316824,0.09411795209180039,0.06439407943445409,0.08382571131299715,0.16045005128197787,0.1941725025337612,,,,,,,SRB00001
2014-01-30,1886.99,4.04,-4.28,0.0327093727851019,0.05510819865722505,0.0496027658733091,0.0967332546967626,0.0939872931708627,0.06427339253950065,0.08382571131299715,0.16045005128197787,0.1941725025337612,,,,,,,SRB00001
2014-01-31,1831.31,4.07,-6.23,0.03242032542405529,0.05471927095577869,0.049304635224593725,0.0964724297618428,0.093856634249925,0.0641527056445472,0.08382571131299715,0.16045005128197787,0.1941725025337612,,,,,,,SRB00001
2014-02-01,1777.28,2.19,-5.04,0.032131278063008674,0.054330343254332336,0.04900650457587835,0.09621160482692298,0.09372597532898733,0.06403201874959376,0.08382571131299715,0.16045005128197787,0.1941725025337612,,,,,,,SRB00001
2014-02-02,1732.8,4.36,-1.71,0.031842230701962064,0.05394141555288597,0.04870837392716297,0.09595077989200318,0.09359531640804963,0.0639113318546403,0.08382571131299715,0.16045005128197787,0.1941725025337612,,,,,,,SRB00001
2014-02-03,1697.24,1.54,-3.65,0.03155318334091545,0.053552487851439616,0.0484102432784476,0.09568995495708338,0.09346465748711194,0.06379064495968687,0.08382571131299715,0.16045005128197787,0.1941725025337612,,,,,,,SRB00001
2014-02-04,1689.44,2.58,-7.25,0.03126413597986884,0.05316356014999325,0.04811211262973222,0.09542913002216356,0.09333399856617426,0.06366995806473341,0.08382571131299715,0.16045005128197787,0.1941725025337612,,,,,,,SRB00001
2014-02-05,1712.96,2.44,-4.36,0.030975088618822227,0.052774632448546896,0.04781398198101685,0.09516830508724376,0.09320333964523657,0.06354927116977997,0.08382571131299715,0.16045005128197787,0.1941725025337612,13.4,0.09,2.22799458,516.0,1.8,0.0059,SRB00001
2014-02-06,1756.92,1.69,-0.39,0.030686041257775614,0.05238570474710054,0.047515851332301476,0.09490748015232395,0.09307268072429889,0.06342858427482652,0.08382571131299715,0.16045005128197787,0.1941725025337612,,,,,,,SRB00001
2014-02-07,1802.02,0.99,1.77,0.030396993896729,0.051996777045654176,0.047217720683586095,0.09464665521740415,0.0929420218033612,0.06330789737987308,0.08382571131299715,0.16045005128197787,0.1941725025337612,,,,,,,SRB00001
2014-02-08,1827.1,2.98,3.94,0.030107946535682387,0.05160784934420782,0.04691959003487072,0.09438583028248435,0.0928113628824235,0.06318721048491963,0.08382571131299715,0.16045005128197787,0.1941725025337612,,,,,,,SRB00001
2014-02-09,1869.68,4.25,4.4,0.029818899174635774,0.051218921642761456,0.04662145938615535,0.09412500534756453,0.09268070396148582,0.06306652358996619,0.08382571131299715,0.16045005128197787,0.1941725025337612,,,,,,,SRB00001
2014-02-10,1962.36,0.68,3.79,0.029529851813589164,0.0508299939413151,0.046323328737439974,0.09386418041264473,0.09255004504054813,0.06294583669501273,0.08382571131299715,0.16045005128197787,0.1941725025337612,,,,,,,SRB00001
2014-02-11,2064.38,0.74,8.09,0.02924080445254255,0.05044106623986874,0.0460251980887246,0.09360335547772491,0.09241938611961045,0.0628251498000593,0.08382571131299715,0.16045005128197787,0.1941725025337612,,,,,,,SRB00001
2014-02-12,2146.83,1.16,6.15,0.028951757091495937,0.05005213853842238,0.04572706744000923,0.09334253054280511,0.09228872719867276,0.06270446290510584,0.08382571131299715,0.16045005128197787,0.1941725025337612,,,,,,,SRB00001
2014-02-13,2253.24,0.06,4.0,0.028662709730449328,0.04966321083697602,0.045428936791293846,0.09308170560788531,0.09215806827773507,0.0625837760101524,0.08382571131299715,0.16045005128197787,0.1941725025337612,,,,,,,SRB00001
2014-02-14,2392.32,6.01,3.63,0.028373662369402714,0.04927428313552966,0.04513080614257847,0.0928208806729655,0.09202740935679739,0.06246308911519895,0.08382571131299715,0.16045005128197787,0.1941725025337612,,,,,,,SRB00001
2014-02-15,2510.89,0.0,3.85,0.0280846150083561,0.0488853554340833,0.0448326754938631,0.0925600557380457,0.0918967504358597,0.0623424022202455,0.08382571131299715,0.16045005128197787,0.1941725025337612,,,,,,,SRB00001
2014-02-16,2551.7,0.32,9.24,0.028499702225801,0.04934745921306637,0.04524099685392811,0.09343820731863883,0.09246487450636162,0.06270464858114469,0.08382571131299715,0.16045005128197787,0.1941725025337612,,,,,,,SRB00001
2014-02-17,2534.13,5.98,5.12,0.0289147894432459,0.04980956299204944,0.045649318213993116,0.09431635889923196,0.09303299857686353,0.06306689494204387,0.08382571131299715,0.16045005128197787,0.1941725025337612,,,,,,,SRB00001
2014-02-18,2487.86,0.46,5.06,0.029329876660690802,0.05027166677103251,0.046057639574058125,0.09519451047982509,0.09360112264736546,0.06342914130294307,0.08382571131299715,0.16045005128197787,0.1941725025337612,,,,,,,SRB00001
2014-02-19,2453.71,0.17,8.26,0.029744963878135702,0.05073377055001557,0.046465960934123134,0.09607266206041823,0.09416924671786737,0.06379138766384225,0.08382571131299715,0.16045005128197787,0.1941725025337612,,,,,,,SRB00001
2014-02-20,2425.61,2.02,6.19,0.0301600510955806,0.05119587432899864,0.04687428229418814,0.09695081364101135,0.0947373707883693,0.06415363402474145,0.08382571131299715,0.16045005128197787,0.1941725025337612,,,,,,,SRB00001
2014-02-21,2392.32,1.83,7.25,0.0305751383130255,0.05165797810798171,0.04728260365425315,0.09782896522160449,0.09530549485887121,0.06451588038564063,0.08382571131299715,0.16045005128197787,0.1941725025337612,,,,,,,SRB00001
2014-02-22,2381.32,6.01,7.45,0.0309902255304704,0.05212008188696478,0.04769092501431815,0.09870711680219763,0.09587361892937314,0.06487812674653981,0.08382571131299715,0.16045005128197787,0.1941725025337612,,,,,,,SRB00001
2014-02-23,2381.32,5.54,5.51,0.031405312747915304,0.05258218566594784,0.04809924637438316,0.09958526838279075,0.09644174299987505,0.065240373107439,0.08382571131299715,0.16045005128197787,0.1941725025337612,,,,,,,SRB00001
2014-02-24,2381.32,0.15,5.63,0.0318203999653602,0.05304428944493091,0.04850756773444817,0.10046341996338388,0.09700986707037698,0.06560261946833819,0.08382571131299715,0.16045005128197787,0.1941725025337612,,,,,,,SRB00001
2014-02-25,2386.81,0.0,4.91,0.0322354871828051,0.053506393223913984,0.04891588909451318,0.10134157154397702,0.0975779911408789,0.06596486582923738,0.08382571131299715,0.16045005128197787,0.1941725025337612,,,,,,,SRB00001
2014-02-26,2364.92,0.0,4.91,0.03265057440025,0.05396849700289705,0.04932421045457819,0.10221972312457014,0.09814611521138082,0.06632711219013657,0.08382571131299715,0.16045005128197787,0.1941725025337612,,,,,,,SRB00001
2014-02-27,2311.07,0.09,6.08,0.0330656616176949,0.05443060078188012,0.0497325318146432,0.10309787470516328,0.09871423928188273,0.06668935855103576,0.08382571131299715,0.16045005128197787,0.1941725025337612,,,,,,,SRB00001
2014-02-28,2232.57,1.34,5.81,0.0334807488351398,0.05489270456086318,0.050140853174708205,0.10397602628575642,0.09928236335238466,0.06705160491193494,0.08382571131299715,0.16045005128197787,0.1941725025337612,,,,,,,SRB00001
2014-03-01,2146.83,0.03,6.72,0.0338958360525847,0.055354808339846254,0.050549174534773214,0.10485417786634955,0.09985048742288657,0.06741385127283413,0.08382571131299715,0.16045005128197787,0.1941725025337612,,,,,,,SRB00001
2014-03-02,2059.63,1.11,6.18,0.0343109232700296,0.05581691211882932,0.05095749589483822,0.10573232944694268,0.1004186114933885,0.06777609763373332,0.08382571131299715,0.16045005128197787,0.1941725025337612,,,,,,,SRB00001
2014-03-03,1971.42,0.82,4.79,0.0347260104874745,0.05627901589781239,0.05136581725490323,0.10661048102753581,0.10098673556389041,0.0681383439946325,0.08382571131299715,0.16045005128197787,0.1941725025337612,,,,,,,SRB00001
2014-03-04,1895.71,0.07,5.78,0.0351410977049194,0.05674111967679546,0.05177413861496824,0.10748863260812895,0.10155485963439234,0.0685005903555317,0.08382571131299715,0.16045005128197787,0.1941725025337612,,,,,,,SRB00001
2014-03-05,1839.77,2.49,7.4,0.0355561849223643,0.057203223455778524,0.05218245997503325,0.10836678418872207,0.10212298370489425,0.06886283671643088,0.08382571131299715,0.16045005128197787,0.1941725025337612,12.8,0.111,2.39729508,527.0,2.7,0.0498,SRB00001
2014-03-06,1810.34,1.89,8.18,0.0359712721398092,0.057665327234761594,0.05259078133509826,0.10924493576931521,0.10269110777539618,0.06922508307733008,0.08382571131299715,0.16045005128197787,0.1941725025337612,,,,,,,SRB00001
2014-03-07,1802.02,0.94,5.95,0.0363863593572541,0.05812743101374466,0.05299910269516326,0.11012308734990835,0.1032592318458981,0.06958732943822926,0.08382571131299715,0.16045005128197787,0.1941725025337612,,,,,,,SRB00001
2014-03-08,1797.87,1.1,7.26,0.036801446574699,0.05858953479272773,0.05340742405522827,0.11100123893050147,0.10382735591640002,0.06994957579912844,0.08382571131299715,0.16045005128197787,0.1941725025337612,,,,,,,SRB00001
2014-03-09,1793.73,0.01,6.56,0.0372165337921439,0.05905163857171079,0.05381574541529328,0.1118793905110946,0.10439547998690195,0.07031182216002764,0.08382571131299715,0.16045005128197787,0.1941725025337612,,,,,,,SRB00001
2014-03-10,1802.02,0.0,5.72,0.0376316210095888,0.059513742350693864,0.054224066775358286,0.11275754209168774,0.10496360405740386,0.07067406852092682,0.08382571131299715,0.16045005128197787,0.1941725025337612,,,,,,,SRB00001
2014-03-11,1831.31,0.0,6.42,0.038046708227033696,0.059975846129676935,0.054632388135423295,0.11363569367228087,0.10553172812790579,0.07103631488182602,0.08382571131299715,0.16045005128197787,0.1941725025337612,,,,,,,SRB00001
2014-03-12,1852.53,0.0,7.41,0.0384617954444786,0.06043794990866,0.0550407094954883,0.114513845252874,0.1060998521984077,0.0713985612427252,0.08382571131299715,0.16045005128197787,0.1941725025337612,,,,,,,SRB00001
2014-03-13,1831.31,0.0,7.82,0.038494839434800296,0.06108599202477839,0.05554091726309318,0.11771126798788004,0.10674549934551286,0.07163474316020126,0.08382571131299715,0.16045005128197787,0.1941725025337612,,,,,,,SRB00001
2014-03-14,1785.49,0.0,9.7,0.03852788342512199,0.06173403414089678,0.05604112503069806,0.12090869072288608,0.10739114649261802,0.07187092507767733,0.08382571131299715,0.16045005128197787,0.1941725025337612,,,,,,,SRB00001
2014-03-15,1728.82,0.51,9.83,0.03856092741544369,0.062382076257015175,0.05654133279830294,0.12410611345789212,0.10803679363972318,0.07210710699515338,0.08382571131299715,0.16045005128197787,0.1941725025337612,,,,,,,SRB00001
2014-03-16,1685.55,0.52,10.38,0.038593971405765384,0.06303011837313356,0.057041540565907815,0.12730353619289816,0.10868244078682834,0.07234328891262945,0.08382571131299715,0.16045005128197787,0.1941725025337612,,,,,,,SRB00001
2014-03-17,1654.77,0.0,13.13,0.03862701539608708,0.06367816048925196,0.05754174833351269,0.1305009589279042,0.1093280879339335,0.0725794708301055,0.08382571131299715,0.16045005128197787,0.1941725025337612,,,,,,,SRB00001
2014-03-18,1650.96,0.0,12.65,0.03866005938640877,0.06432620260537035,0.05804195610111757,0.13369838166291023,0.10997373508103866,0.07281565274758156,0.08382571131299715,0.16045005128197787,0.1941725025337612,,,,,,,SRB00001
2014-03-19,1689.44,1.25,10.92,0.038693103376730466,0.06497424472148873,0.05854216386872245,0.1368958043979163,0.11061938222814383,0.07305183466505763,0.08382571131299715,0.16045005128197787,0.1941725025337612,,,,,,,SRB00001
2014-03-20,1806.17,0.0,10.66,0.03872614736705216,0.06562228683760712,0.05904237163632733,0.14009322713292233,0.11126502937524899,0.07328801658253369,0.08382571131299715,0.16045005128197787,0.1941725025337612,,,,,,,SRB00001
2014-03-21,2036.04,0.0,12.21,0.03875919135737386,0.06627032895372552,0.059542579403932205,0.14329064986792836,0.11191067652235415,0.07352419850000975,0.08382571131299715,0.16045005128197787,0.1941725025337612,,,,,,,SRB00001
2014-03-22,2248.05,0.02,13.12,0.038792235347695554,0.06691837106984391,0.06004278717153708,0.1464880726029344,0.11255632366945931,0.07376038041748581,0.08382571131299715,0.16045005128197787,0.1941725025337612,,,,,,,SRB00001
2014-03-23,2343.23,0.2,12.68,0.03882527933801725,0.0675664131859623,0.06054299493914196,0.14968549533794043,0.11320197081656447,0.07399656233496187,0.08382571131299715,0.16045005128197787,0.1941725025337612,,,,,,,SRB00001
2014-03-24,2370.37,4.0,8.33,0.038858323328338946,0.06821445530208069,0.06104320270674684,0.1528829180729465,0.11384761796366963,0.07423274425243793,0.08382571131299715,0.16045005128197787,0.1941725025337612,,,,,,,SRB00001
2014-03-25,2386.81,0.14,6.58,0.03889136731866064,0.06886249741819908,0.06154341047435172,0.15608034080795252,0.11449326511077479,0.07446892616991399,0.08382571131299715,0.16045005128197787,0.1941725025337612,,,,,,,SRB00001
2014-03-26,2470.72,0.0,7.67,0.03892441130898234,0.06951053953431748,0.062043618241956595,0.15927776354295856,0.11513891225787995,0.07470510808739005,0.08382571131299715,0.16045005128197787,0.1941725025337612,,,,,,,SRB00001
2014-03-27,2721.7,0.19,9.84,0.038957455299304035,0.07015858165043587,0.06254382600956147,0.1624751862779646,0.11578455940498511,0.07494129000486612,0.08382571131299715,0.16045005128197787,0.1941725025337612,,,,,,,SRB00001
2014-03-28,3046.89,2.18,11.55,0.03899049928962573,0.07080662376655425,0.06304403377716636,0.16567260901297065,0.11643020655209027,0.07517747192234217,0.08382571131299715,0.16045005128197787,0.1941725025337612,,,,,,,SRB00001
2014-03-29,3132.29,0.0,12.5,0.03902354327994743,0.07145466588267264,0.06354424154477123,0.16887003174797668,0.11707585369919543,0.07541365383981824,0.08382571131299715,0.16045005128197787,0.1941725025337612,,,,,,,SRB00001
2014-03-30,2977.52,0.0,13.48,0.039056587270269116,0.07210270799879104,0.0640444493123761,0.17206745448298272,0.11772150084630059,0.0756498357572943,0.08382571131299715,0.16045005128197787,0.1941725025337612,,,,,,,SRB00001
2014-03-31,2778.71,0.0,13.38,0.03908963126059081,0.07275075011490943,0.06454465707998099,0.17526487721798875,0.11836714799340575,0.07588601767477035,0.08382571131299715,0.16045005128197787,0.1941725025337612,,,,,,,SRB00001
2014-04-01,2605.15,0.0,12.64,0.03912267525091251,0.07339879223102783,0.06504486484758587,0.17846229995299479,0.11901279514051091,0.07612219959224642,0.08382571131299715,0.16045005128197787,0.1941725025337612,,,,,,,SRB00001
2014-04-02,2476.42,0.24,11.8,0.039155719241234205,0.0740468343471462,0.06554507261519074,0.18165972268800085,0.11965844228761607,0.07635838150972248,0.08382571131299715,0.16045005128197787,0.1941725025337612,13.4,0.096,1.62979948,439.0,4.7,0.0628,SRB00001
2014-04-03,2375.84,0.02,13.83,0.0391887632315559,0.0746948764632646,0.06604528038279561,0.18485714542300688,0.12030408943472123,0.07659456342719854,0.08382571131299715,0.16045005128197787,0.1941725025337612,,,,,,,SRB00001
2014-04-04,2305.75,0.01,15.8,0.0392218072218776,0.075342918579383,0.0665454881504005,0.1880545681580129,0.1209497365818264,0.0768307453446746,0.08382571131299715,0.16045005128197787,0.1941725025337612,,,,,,,SRB00001
2014-04-05,2268.86,1.01,13.63,0.03857432992099247,0.07503234310443108,0.06514931425530551,0.20204846250996203,0.12496995481700995,0.07819230350908747,0.08382571131299715,0.16045005128197787,0.1941725025337612,,,,,,,SRB00001
2014-04-06,2253.24,0.1,13.05,0.03792685262010733,0.07472176762947916,0.06375314036021051,0.21604235686191114,0.1289901730521935,0.07955386167350033,0.08382571131299715,0.16045005128197787,0.1941725025337612,,,,,,,SRB00001
2014-04-07,2268.86,0.02,14.48,0.0372793753192222,0.07441119215452723,0.06235696646511553,0.23003625121386026,0.13301039128737707,0.0809154198379132,0.08382571131299715,0.16045005128197787,0.1941725025337612,,,,,,,SRB00001
2014-04-08,2300.44,0.11,15.94,0.036631898018337064,0.0741006166795753,0.060960792570020544,0.24403014556580938,0.13703060952256063,0.08227697800232607,0.08382571131299715,0.16045005128197787,0.1941725025337612,,,,,,,SRB00001
2014-04-09,2337.84,2.19,11.42,0.035984420717451934,0.07379004120462339,0.05956461867492555,0.25802403991775846,0.14105082775774416,0.08363853616673893,0.08382571131299715,0.16045005128197787,0.1941725025337612,,,,,,,SRB00001
2014-04-10,2386.81,0.94,8.35,0.0353369434165668,0.07347946572967147,0.05816844477983057,0.2720179342697076,0.14507104599292772,0.0850000943311518,0.08382571131299715,0.16045005128197787,0.1941725025337612,,,,,,,SRB00001
2014-04-11,2482.13,0.46,9.32,0.03468946611568167,0.07316889025471954,0.056772270884735576,0.2860118286216567,0.14909126422811128,0.08636165249556467,0.08382571131299715,0.16045005128197787,0.1941725025337612,,,,,,,SRB00001
2014-04-12,2641.41,0.01,10.23,0.03404198881479653,0.07285831477976762,0.05537609698964059,0.30000572297360584,0.15311148246329484,0.08772321065997753,0.08382571131299715,0.16045005128197787,0.1941725025337612,,,,,,,SRB00001
2014-04-13,2830.39,0.01,11.6,0.0333945115139114,0.0725477393048157,0.0539799230945456,0.3139996173255549,0.1571317006984784,0.0890847688243904,0.08382571131299715,0.16045005128197787,0.1941725025337612,,,,,,,SRB00001
2014-04-14,2943.42,9.76,12.52,0.033463090397470086,0.07207380993765833,0.053668236589872985,0.30912006575831324,0.1541962929840521,0.08738966065393498,0.08382571131299715,0.16045005128197787,0.1941725025337612,,,,,,,SRB00001
2014-04-15,2943.42,0.34,8.17,0.03353166928102878,0.07159988057050096,0.05335655008520038,0.30424051419107156,0.1512608852696258,0.08569455248347957,0.08382571131299715,0.16045005128197787,0.1941725025337612,,,,,,,SRB00001
2014-04-16,2856.59,1.76,8.38,0.03360024816458746,0.07112595120334358,0.05304486358052776,0.2993609626238299,0.1483254775551995,0.08399944431302414,0.08382571131299715,0.16045005128197787,0.1941725025337612,,,,,,,SRB00001
2014-04-17,2740.57,7.3,7.91,0.03366882704814615,0.0706520218361862,0.05273317707585515,0.2944814110565882,0.1453900698407732,0.08230433614256873,0.08382571131299715,0.16045005128197787,0.1941725025337612,,,,,,,SRB00001
2014-04-18,2665.86,0.16,12.69,0.033737405931704836,0.07017809246902883,0.05242149057118253,0.2896018594893465,0.1424546621263469,0.08060922797211331,0.08382571131299715,0.16045005128197787,0.1941725025337612,,,,,,,SRB00001
2014-04-19,2653.61,2.79,12.51,0.03380598481526352,0.06970416310187146,0.052109804066509925,0.2847223079221049,0.1395192544119206,0.0789141198016579,0.08382571131299715,0.16045005128197787,0.1941725025337612,,,,,,,SRB00001
2014-04-20,2653.61,3.26,11.7,0.03387456369882221,0.06923023373471408,0.05179811756183731,0.2798427563548632,0.1365838466974943,0.07721901163120247,0.08382571131299715,0.16045005128197787,0.1941725025337612,,,,,,,SRB00001
2014-04-21,2605.15,0.94,14.73,0.033943142582380896,0.06875630436755671,0.051486431057164696,0.27496320478762154,0.133648438983068,0.07552390346074705,0.08382571131299715,0.16045005128197787,0.1941725025337612,,,,,,,SRB00001
2014-04-22,2545.83,4.11,15.86,0.03401172146593959,0.06828237500039934,0.05117474455249208,0.27008365322037986,0.1307130312686417,0.07382879529029164,0.08382571131299715,0.16045005128197787,0.1941725025337612,,,,,,,SRB00001
2014-04-23,2539.97,3.05,16.11,0.03408030034949827,0.06780844563324195,0.05086305804781947,0.2652041016531382,0.1277776235542154,0.07213368711983623,0.08382571131299715,0.16045005128197787,0.1941725025337612,,,,,,,SRB00001
2014-04-24,2587.21,3.98,15.72,0.034148879233056956,0.06733451626608458,0.05055137154314686,0.2603245500858965,0.1248422158397891,0.07043857894938081,0.08382571131299715,0.16045005128197787,0.1941725025337612,,,,,,,SRB00001
2014-04-25,2641.41,2.04,16.1,0.03421745811661565,0.06686058689892721,0.050239685038474244,0.2554449985186548,0.1219068081253628,0.06874347077892538,0.08382571131299715,0.16045005128197787,0.1941725025337612,,,,,,,SRB00001
2014-04-26,2659.72,0.04,15.71,0.03428603700017433,0.06638665753176984,0.04992799853380163,0.25056544695141314,0.1189714004109365,0.06704836260846997,0.08382571131299715,0.16045005128197787,0.1941725025337612,,,,,,,SRB00001
2014-04-27,2684.34,0.13,15.21,0.034354615883733015,0.06591272816461247,0.04961631202912902,0.2456858953841715,0.1160359926965102,0.06535325443801455,0.08382571131299715,0.16045005128197787,0.1941725025337612,,,,,,,SRB00001
2014-04-28,2727.98,1.28,15.57,0.03442319476729171,0.0654387987974551,0.04930462552445641,0.2408063438169298,0.1131005849820839,0.06365814626755914,0.08382571131299715,0.16045005128197787,0.1941725025337612,,,,,,,SRB00001
2014-04-29,2791.54,10.18,15.48,0.03449177365085039,0.06496486943029772,0.04899293901978379,0.23592679224968813,0.1101651772676576,0.06196303809710372,0.08382571131299715,0.16045005128197787,0.1941725025337612,,,,,,,SRB00001
2014-04-30,2856.59,5.08,15.84,0.03456035253440908,0.06449094006314034,0.04868125251511118,0.23104724068244645,0.1072297695532313,0.060267929926648305,0.08382571131299715,0.16045005128197787,0.1941725025337612,,,,,,,SRB00001
2014-05-01,2923.15,3.2,15.89,0.034628931417967766,0.06401701069598296,0.04836956601043857,0.22616768911520477,0.104294361838805,0.05857282175619288,0.08382571131299715,0.16045005128197787,0.1941725025337612,,,,,,,SRB00001
2014-05-02,2984.38,2.34,15.94,0.03469751030152645,0.06354308132882559,0.048057879505765955,0.22128813754796312,0.1013589541243787,0.05687771358573747,0.08382571131299715,0.16045005128197787,0.1941725025337612,,,,,,,SRB00001
2014-05-03,3053.92,16.27,14.61,0.03476608918508514,0.06306915196166822,0.04774619300109334,0.21640858598072144,0.0984235464099524,0.05518260541528205,0.08382571131299715,0.16045005128197787,0.1941725025337612,,,,,,,SRB00001
2014-05-04,3132.29,21.35,9.83,0.034834668068643826,0.06259522259451085,0.047434506496420725,0.21152903441347976,0.0954881386955261,0.05348749724482663,0.08382571131299715,0.16045005128197787,0.1941725025337612,,,,,,,SRB00001
2014-05-05,3175.87,0.0,11.07,0.03490324695220252,0.06212129322735347,0.04712281999174812,0.20664948284623808,0.0925527309810998,0.05179238907437121,0.08382571131299715,0.16045005128197787,0.1941725025337612,,,,,,,SRB00001
2014-05-06,3205.27,0.0,12.74,0.0349718258357612,0.0616473638601961,0.0468111334870755,0.2017699312789964,0.0896173232666735,0.0500972809039158,0.08382571131299715,0.16045005128197787,0.1941725025337612,,,,,,,SRB00001
2014-05-07,3295.1,0.44,16.04,0.03585846102654158,0.06345050057594351,0.04919013870761084,0.2029575863502514,0.0905248178956371,0.05089025587598343,0.08382571131299715,0.16045005128197787,0.1941725025337612,11.0,0.109,1.11964064,382.0,2.5,0.0426,SRB00001
2014-05-08,3340.95,1.48,14.53,0.036745096217321964,0.06525363729169092,0.051569143928146176,0.2041452414215064,0.09143231252460068,0.05168323084805106,0.08382571131299715,0.16045005128197787,0.1941725025337612,,,,,,,SRB00001
2014-05-09,3234.94,0.0,17.07,0.037631731408102345,0.06705677400743834,0.05394814914868151,0.2053328964927614,0.09233980715356428,0.05247620582011869,0.08382571131299715,0.16045005128197787,0.1941725025337612,,,,,,,SRB00001
2014-05-10,3068.02,0.04,17.55,0.038518366598882726,0.06885991072318574,0.05632715436921685,0.20652055156401639,0.09324730178252788,0.05326918079218632,0.08382571131299715,0.16045005128197787,0.1941725025337612,,,,,,,SRB00001
2014-05-11,2977.52,5.38,18.05,0.03940500178966311,0.07066304743893316,0.058706159589752185,0.2077082066352714,0.09415479641149146,0.05406215576425395,0.08382571131299715,0.16045005128197787,0.1941725025337612,,,,,,,SRB00001
2014-05-12,3018.95,2.23,13.22,0.04029163698044349,0.07246618415468058,0.06108516481028752,0.2088958617065264,0.09506229104045506,0.05485513073632159,0.08382571131299715,0.16045005128197787,0.1941725025337612,,,,,,,SRB00001
2014-05-13,3139.51,3.51,12.95,0.04117827217122387,0.074269320870428,0.06346417003082286,0.2100835167777814,0.09596978566941866,0.05564810570838922,0.08382571131299715,0.16045005128197787,0.1941725025337612,,,,,,,SRB00001
2014-05-14,3317.94,15.93,11.05,0.04206490736200425,0.0760724575861754,0.0658431752513582,0.2112711718490364,0.09687728029838225,0.05644108068045685,0.08382571131299715,0.16045005128197787,0.1941725025337612,,,,,,,SRB00001
2014-05-15,3604.79,27.4,10.43,0.04295154255278463,0.07787559430192281,0.06822218047189353,0.21245882692029142,0.09778477492734584,0.05723405565252448,0.08382571131299715,0.16045005128197787,0.1941725025337612,,,,,,,SRB00001
2014-05-16,3889.45,13.29,12.27,0.043838177743565014,0.07967873101767023,0.07060118569242887,0.2136464819915464,0.09869226955630944,0.05802703062459211,0.08382571131299715,0.16045005128197787,0.1941725025337612,,,,,,,SRB00001
2014-05-17,4063.43,4.08,11.98,0.044724812934345395,0.08148186773341763,0.0729801909129642,0.2148341370628014,0.09959976418527304,0.058820005596659744,0.08382571131299715,0.16045005128197787,0.1941725025337612,,,,,,,SRB00001
2014-05-18,4334.11,0.41,13.4,0.04561144812512578,0.08328500444916505,0.07535919613349955,0.21602179213405642,0.10050725881423662,0.059612980568727374,0.08382571131299715,0.16045005128197787,0.1941725025337612,,,,,,,SRB00001
2014-05-19,4999.34,0.01,16.41,0.04649808331590616,0.08508814116491246,0.07773820135403488,0.2172094472053114,0.10141475344320022,0.060405955540795,0.08382571131299715,0.16045005128197787,0.1941725025337612,,,,,,,SRB00001
2014-05-20,5661.39,0.03,18.85,0.04738471850668654,0.08689127788065988,0.08011720657457022,0.21839710227656642,0.10232224807216382,0.06119893051286264,0.08382571131299715,0.16045005128197787,0.1941725025337612,,,,,,,SRB00001
2014-05-21,5806.64,0.0,20.44,0.04827135369746692,0.08869441459640728,0.08249621179510555,0.2195847573478214,0.1032297427011274,0.06199190548493027,0.08382571131299715,0.16045005128197787,0.1941725025337612,,,,,,,SRB00001
2014-05-22,5635.38,0.0,20.67,0.0491579888882473,0.0904975513121547,0.0848752170156409,0.2207724124190764,0.104137237330091,0.0627848804569979,0.08382571131299715,0.16045005128197787,0.1941725025337612,,,,,,,SRB00001
2014-05-23,5320.08,0.05,21.42,0.04847780055402219,0.0890201721033043,0.08317014365346347,0.2192047304363512,0.10337671269327132,0.06186938328603765,0.08382571131299715,0.16045005128197787,0.1941725025337612,,,,,,,SRB00001
2014-05-24,4908.08,1.42,21.04,0.04779761221979708,0.08754279289445391,0.08146507029128605,0.21763704845362594,0.10261618805645165,0.0609538861150774,0.08382571131299715,0.16045005128197787,0.1941725025337612,,,,,,,SRB00001
2014-05-25,4496.8,3.83,21.24,0.04711742388557196,0.0860654136856035,0.07975999692910862,0.21606936647090072,0.10185566341963195,0.06003838894411715,0.08382571131299715,0.16045005128197787,0.1941725025337612,,,,,,,SRB00001
2014-05-26,4158.11,1.8,20.87,0.04643723555134685,0.0845880344767531,0.0780549235669312,0.21450168448817547,0.10109513878281227,0.059122891773156896,0.08382571131299715,0.16045005128197787,0.1941725025337612,,,,,,,SRB00001
2014-05-27,3916.42,1.28,19.76,0.04575704721712174,0.0831106552679027,0.07634985020475377,0.21293400250545025,0.1003346141459926,0.05820739460219665,0.08382571131299715,0.16045005128197787,0.1941725025337612,,,,,,,SRB00001
2014-05-28,3740.11,0.66,16.9,0.04507685888289663,0.0816332760590523,0.07464477684257635,0.21136632052272503,0.09957408950917292,0.0572918974312364,0.08382571131299715,0.16045005128197787,0.1941725025337612,,,,,,,SRB00001
2014-05-29,3629.78,0.02,16.54,0.04439667054867152,0.0801558968502019,0.07293970348039892,0.20979863853999978,0.09881356487235324,0.05637640026027615,0.08382571131299715,0.16045005128197787,0.1941725025337612,,,,,,,SRB00001
2014-05-30,3697.28,0.16,13.85,0.043716482214446406,0.0786785176413515,0.0712346301182215,0.20823095655727455,0.09805304023553355,0.0554609030893159,0.08382571131299715,0.16045005128197787,0.1941725025337612,,,,,,,SRB00001
2014-05-31,4245.2,0.44,13.93,0.04303629388022129,0.0772011384325011,0.06952955675604408,0.20666327457454933,0.09729251559871387,0.054545405918355654,0.08382571131299715,0.16045005128197787,0.1941725025337612,,,,,,,SRB00001
2014-06-01,5104.05,2.92,15.12,0.04235610554599618,0.07572375922365071,0.06782448339386665,0.20509559259182408,0.09653199096189419,0.0536299087473954,0.08382571131299715,0.16045005128197787,0.1941725025337612,,,,,,,SRB00001
2014-06-02,5394.11,1.22,15.68,0.041675917211771066,0.0742463800148003,0.06611941003168922,0.20352791060909886,0.09577146632507451,0.05271441157643515,0.08382571131299715,0.16045005128197787,0.1941725025337612,,,,,,,SRB00001
2014-06-03,5175.07,0.2,17.45,0.040995728877545955,0.0727690008059499,0.0644143366695118,0.20196022862637364,0.09501094168825483,0.051798914405474905,0.08382571131299715,0.16045005128197787,0.1941725025337612,,,,,,,SRB00001
2014-06-04,4840.72,0.39,18.29,0.040315540543320844,0.07129162159709951,0.06270926330733438,0.2003925466436484,0.09425041705143515,0.05088341723451465,0.08382571131299715,0.16045005128197787,0.1941725025337612,9.3,0.113,1.31828656,313.0,1.3,0.0024,SRB00001
2014-06-05,4517.56,0.02,20.13,0.039635352209095726,0.0698142423882491,0.06100418994515695,0.19882486466092317,0.09348989241461546,0.049967920063554404,0.08382571131299715,0.16045005128197787,0.1941725025337612,,,,,,,SRB00001
2014-06-06,4196.59,0.0,20.9,0.038955163874870614,0.0683368631793987,0.059299116582979525,0.19725718267819792,0.09272936777779578,0.04905242289259415,0.08382571131299715,0.16045005128197787,0.1941725025337612,,,,,,,SRB00001
2014-06-07,3898.42,0.0,22.47,0.0382749755406455,0.0668594839705483,0.0575940432208021,0.1956895006954727,0.0919688431409761,0.0481369257216339,0.08382571131299715,0.16045005128197787,0.1941725025337612,,,,,,,SRB00001
2014-06-08,3638.15,0.0,24.27,0.038282805631041604,0.06775555757001538,0.05796149052787678,0.20544712976762586,0.09752659595169993,0.05207479526042343,0.08382571131299715,0.16045005128197787,0.1941725025337612,,,,,,,SRB00001
2014-06-09,3434.58,0.0,26.14,0.038290635721437705,0.06865163116948246,0.05832893783495145,0.21520475883977902,0.10308434876242377,0.05601266479921296,0.08382571131299715,0.16045005128197787,0.1941725025337612,,,,,,,SRB00001
2014-06-10,3264.88,0.0,27.6,0.038298465811833805,0.06954770476894953,0.05869638514202613,0.22496238791193215,0.10864210157314762,0.059950534338002494,0.08382571131299715,0.16045005128197787,0.1941725025337612,,,,,,,SRB00001
2014-06-11,3125.08,0.09,27.39,0.038306295902229906,0.0704437783684166,0.0590638324491008,0.23472001698408532,0.11419985438387145,0.06388840387679202,0.08382571131299715,0.16045005128197787,0.1941725025337612,,,,,,,SRB00001
2014-06-12,3012.01,0.01,26.33,0.038314125992626,0.07133985196788369,0.05943127975617548,0.24447764605623848,0.11975760719459529,0.06782627341558156,0.08382571131299715,0.16045005128197787,0.1941725025337612,,,,,,,SRB00001
2014-06-13,2957.01,1.3,24.01,0.0383219560830221,0.07223592556735076,0.05979872706325015,0.2542352751283916,0.12531536000531912,0.07176414295437109,0.08382571131299715,0.16045005128197787,0.1941725025337612,,,,,,,SRB00001
2014-06-14,2963.83,0.71,19.92,0.0383297861734182,0.07313199916681783,0.06016617437032483,0.2639929042005448,0.13087311281604297,0.07570201249316062,0.08382571131299715,0.16045005128197787,0.1941725025337612,,,,,,,SRB00001
2014-06-15,2991.27,0.02,19.7,0.0383376162638143,0.0740280727662849,0.06053362167739951,0.27375053327269794,0.1364308656267668,0.07963988203195016,0.08382571131299715,0.16045005128197787,0.1941725025337612,,,,,,,SRB00001
2014-06-16,2998.16,4.06,18.59,0.0383454463542104,0.07492414636575198,0.06090106898447418,0.2835081623448511,0.14198861843749064,0.08357775157073968,0.08382571131299715,0.16045005128197787,0.1941725025337612,,,,,,,SRB00001
2014-06-17,2970.67,2.84,17.49,0.0383532764446065,0.07582021996521905,0.06126851629154886,0.29326579141700426,0.14754637124821446,0.08751562110952922,0.08382571131299715,0.16045005128197787,0.1941725025337612,,,,,,,SRB00001
2014-06-18,2916.43,0.02,20.21,0.038361106535002604,0.07671629356468612,0.06163596359862353,0.3030234204891574,0.1531041240589383,0.09145349064831874,0.08382571131299715,0.16045005128197787,0.1941725025337612,,,,,,,SRB00001
2014-06-19,2823.88,0.01,21.36,0.0383689366253987,0.0776123671641532,0.062003410905698206,0.3127810495613106,0.15866187686966216,0.09539136018710828,0.08382571131299715,0.16045005128197787,0.1941725025337612,,,,,,,SRB00001
2014-06-20,2709.19,1.18,19.53,0.0383767667157948,0.07850844076362028,0.06237085821277288,0.3225386786334637,0.16421962968038598,0.0993292297258978,0.08382571131299715,0.16045005128197787,0.1941725025337612,,,,,,,SRB00001
2014-06-21,2587.21,0.01,18.22,0.0383845968061909,0.07940451436308735,0.06273830551984755,0.33229630770561686,0.16977738249110982,0.10326709926468734,0.08382571131299715,0.16045005128197787,0.1941725025337612,,,,,,,SRB00001
2014-06-22,2482.13,0.0,21.53,0.038392426896587,0.08030058796255443,0.06310575282692223,0.34205393677777,0.17533513530183364,0.10720496880347687,0.08382571131299715,0.16045005128197787,0.1941725025337612,,,,,,,SRB00001
2014-06-23,2408.91,1.34,22.89,0.0384002569869831,0.0811966615620215,0.0634732001339969,0.3518115658499232,0.1808928881125575,0.1111428383422664,0.08382571131299715,0.16045005128197787,0.1941725025337612,,,,,,,SRB00001
2014-06-24,2381.32,5.74,21.31,0.038712849511838475,0.07987120544586913,0.06208179732609376,0.3366903627441619,0.17294495142919458,0.10541275911520945,0.08382571131299715,0.16045005128197787,0.1941725025337612,,,,,,,SRB00001
2014-06-25,2442.43,30.83,18.11,0.03902544203669386,0.07854574932971677,0.06069039451819062,0.3215691596384006,0.1649970147458317,0.09968267988815249,0.08382571131299715,0.16045005128197787,0.1941725025337612,,,,,,,SRB00001
2014-06-26,2587.21,0.01,17.87,0.03933803456154923,0.0772202932135644,0.05929899171028747,0.30644795653263934,0.1570490780624688,0.09395260066109554,0.08382571131299715,0.16045005128197787,0.1941725025337612,,,,,,,SRB00001
2014-06-27,2734.27,0.0,19.25,0.03965062708640461,0.07589483709741203,0.05790758890238432,0.291326753426878,0.1491011413791059,0.08822252143403858,0.08382571131299715,0.16045005128197787,0.1941725025337612,,,,,,,SRB00001
2014-06-28,2804.43,0.0,21.64,0.03996321961125999,0.07456938098125968,0.05651618609448118,0.27620555032111677,0.141153204695743,0.08249244220698163,0.08382571131299715,0.16045005128197787,0.1941725025337612,,,,,,,SRB00001
2014-06-29,2830.39,0.07,24.81,0.04027581213611537,0.07324392486510731,0.055124783286578036,0.26108434721535545,0.13320526801238008,0.07676236297992467,0.08382571131299715,0.16045005128197787,0.1941725025337612,,,,,,,SRB00001
2014-06-30,2836.92,6.58,19.24,0.040588404660970745,0.07191846874895494,0.05373338047867489,0.2459631441095942,0.1252573313290172,0.07103228375286771,0.08382571131299715,0.16045005128197787,0.1941725025337612,,,,,,,SRB00001
2014-07-01,2830.39,0.0,20.09,0.04090099718582613,0.07059301263280257,0.05234197767077175,0.2308419410038329,0.11730939464565429,0.06530220452581076,0.08382571131299715,0.16045005128197787,0.1941725025337612,,,,,,,SRB00001
2014-07-02,2889.68,0.06,22.0,0.0412135897106815,0.0692675565166502,0.0509505748628686,0.2157207378980716,0.1093614579622914,0.0595721252987538,0.08382571131299715,0.16045005128197787,0.1941725025337612,8.4,0.098,1.09932458,337.0,1.0,0.0047,SRB00001
2014-07-03,3139.51,3.42,20.5,0.040142667147144276,0.06838429852734267,0.050414093545082715,0.21264203844696994,0.10687790946528544,0.05797280924647193,0.08382571131299715,0.16045005128197787,0.1941725025337612,,,,,,,SRB00001
2014-07-04,3629.78,0.0,21.57,0.03907174458360704,0.06750104053803511,0.04987761222729683,0.20956333899586826,0.10439436096827948,0.05637349319419006,0.08382571131299715,0.16045005128197787,0.1941725025337612,,,,,,,SRB00001
2014-07-05,3916.42,0.0,24.21,0.03800082202006982,0.06661778254872758,0.04934113090951094,0.2064846395447666,0.10191081247127352,0.05477417714190819,0.08382571131299715,0.16045005128197787,0.1941725025337612,,,,,,,SRB00001
2014-07-06,3916.42,0.01,26.48,0.036929899456532585,0.06573452455942003,0.048804649591725056,0.20340594009366492,0.09942726397426757,0.05317486108962632,0.08382571131299715,0.16045005128197787,0.1941725025337612,,,,,,,SRB00001
2014-07-07,3836.07,0.03,28.03,0.03585897689299536,0.06485126657011249,0.04826816827393917,0.20032724064256324,0.09694371547726162,0.05157554503734445,0.08382571131299715,0.16045005128197787,0.1941725025337612,,,,,,,SRB00001
2014-07-08,3705.81,6.52,24.86,0.034788054329458126,0.06396800858080494,0.047731686956153284,0.19724854119146157,0.09446016698025565,0.04997622898506257,0.08382571131299715,0.16045005128197787,0.1941725025337612,,,,,,,SRB00001
2014-07-09,3555.31,9.72,20.8,0.0337171317659209,0.0630847505914974,0.0471952056383674,0.1941698417403599,0.0919766184832497,0.0483769129327807,0.08382571131299715,0.16045005128197787,0.1941725025337612,,,,,,,SRB00001
2014-07-10,3458.39,16.35,18.81,0.033317425426684324,0.06234791780668681,0.0466617770246147,0.18993078540350627,0.08993821200083385,0.04754464218531577,0.08382571131299715,0.16045005128197787,0.1941725025337612,,,,,,,SRB00001
2014-07-11,3450.44,11.07,17.08,0.03291771908744775,0.06161108502187621,0.046128348410862,0.18569172906665266,0.08789980551841799,0.04671237143785084,0.08382571131299715,0.16045005128197787,0.1941725025337612,,,,,,,SRB00001
2014-07-12,3596.49,0.07,20.6,0.03251801274821117,0.06087425223706562,0.0455949197971093,0.18145267272979906,0.08586139903600214,0.04588010069038591,0.08382571131299715,0.16045005128197787,0.1941725025337612,,,,,,,SRB00001
2014-07-13,3818.44,6.51,21.75,0.0321183064089746,0.06013741945225502,0.045061491183356596,0.17721361639294544,0.08382299255358627,0.045047829942920975,0.08382571131299715,0.16045005128197787,0.1941725025337612,,,,,,,SRB00001
2014-07-14,3871.58,0.85,22.68,0.03171860006973803,0.05940058666744443,0.0445280625696039,0.17297456005609183,0.08178458607117042,0.04421555919545604,0.08382571131299715,0.16045005128197787,0.1941725025337612,,,,,,,SRB00001
2014-07-15,3774.72,6.57,23.34,0.03131889373050145,0.05866375388263384,0.043994633955851195,0.16873550371923823,0.07974617958875456,0.04338328844799111,0.08382571131299715,0.16045005128197787,0.1941725025337612,,,,,,,SRB00001
2014-07-16,3680.29,0.21,24.81,0.030919187391264875,0.05792692109782324,0.0434612053420985,0.16449644738238461,0.07770777310633871,0.04255101770052618,0.08382571131299715,0.16045005128197787,0.1941725025337612,,,,,,,SRB00001
2014-07-17,3613.1,1.63,24.36,0.0305194810520283,0.05719008831301265,0.0429277767283458,0.160257391045531,0.07566936662392285,0.04171874695306125,0.08382571131299715,0.16045005128197787,0.1941725025337612,,,,,,,SRB00001
2014-07-18,3547.13,0.32,23.4,0.030119774712791723,0.05645325552820206,0.0423943481145931,0.15601833470867738,0.073630960141507,0.040886476205596316,0.08382571131299715,0.16045005128197787,0.1941725025337612,,,,,,,SRB00001
2014-07-19,3458.39,0.0,26.08,0.029720068373555147,0.05571642274339146,0.0418609195008404,0.15177927837182376,0.07159255365909113,0.04005420545813139,0.08382571131299715,0.16045005128197787,0.1941725025337612,,,,,,,SRB00001
2014-07-20,3340.95,0.0,26.91,0.029320362034318575,0.05497958995858087,0.041327490887087696,0.14754022203497016,0.06955414717667528,0.039221934710666456,0.08382571131299715,0.16045005128197787,0.1941725025337612,,,,,,,SRB00001
2014-07-21,3205.27,2.03,25.21,0.028920655695082,0.05424275717377028,0.040794062273335,0.14330116569811654,0.06751574069425942,0.03838966396320152,0.08382571131299715,0.16045005128197787,0.1941725025337612,,,,,,,SRB00001
2014-07-22,3053.92,2.18,22.79,0.028520949355845423,0.05350592438895968,0.040260633659582296,0.13906210936126293,0.06547733421184357,0.03755739321573659,0.08382571131299715,0.16045005128197787,0.1941725025337612,,,,,,,SRB00001
2014-07-23,2923.15,6.79,21.05,0.02812124301660885,0.05276909160414909,0.0397272050458296,0.13482305302440933,0.0634389277294277,0.036725122468271656,0.08382571131299715,0.16045005128197787,0.1941725025337612,,,,,,,SRB00001
2014-07-24,2950.21,0.02,23.06,0.027721536677372274,0.05203225881933849,0.039193776432076895,0.13058399668755571,0.061400521247011855,0.03589285172080673,0.08382571131299715,0.16045005128197787,0.1941725025337612,,,,,,,SRB00001
2014-07-25,3498.45,0.0,24.48,0.0273218303381357,0.0512954260345279,0.0386603478183242,0.1263449403507021,0.059362114764596,0.0350605809733418,0.08382571131299715,0.16045005128197787,0.1941725025337612,,,,,,,SRB00001
2014-07-26,4304.27,0.03,25.83,0.027929118404748918,0.05229947587652107,0.03985678895775301,0.12842841644947697,0.060392689844755314,0.03552960472147832,0.08382571131299715,0.16045005128197787,0.1941725025337612,,,,,,,SRB00001
2014-07-27,4517.56,6.66,22.16,0.028536406471362137,0.053303525718514246,0.04105323009718182,0.13051189254825185,0.06142326492491463,0.035998628469614845,0.08382571131299715,0.16045005128197787,0.1941725025337612,,,,,,,SRB00001
2014-07-28,4374.22,6.16,21.4,0.029143694537975356,0.054307575560507415,0.042249671236610636,0.13259536864702673,0.062453840005073945,0.03646765221775137,0.08382571131299715,0.16045005128197787,0.1941725025337612,,,,,,,SRB00001
2014-07-29,4158.11,0.6,23.58,0.02975098260458858,0.05531162540250059,0.043446112376039445,0.1346788447458016,0.06348441508523327,0.03693667596588789,0.08382571131299715,0.16045005128197787,0.1941725025337612,,,,,,,SRB00001
2014-07-30,4016.91,3.5,25.71,0.0303582706712018,0.05631567524449376,0.04464255351546826,0.13676232084457648,0.06451499016539258,0.03740569971402442,0.08382571131299715,0.16045005128197787,0.1941725025337612,,,,,,,SRB00001
2014-07-31,4016.91,3.28,21.85,0.030965558737815018,0.05731972508648693,0.04583899465489707,0.13884579694335136,0.0655455652455519,0.03787472346216094,0.08382571131299715,0.16045005128197787,0.1941725025337612,,,,,,,SRB00001
2014-08-01,4186.94,1.59,23.87,0.03157284680442824,0.05832377492848011,0.04703543579432588,0.1409292730421262,0.06657614032571121,0.038343747210297464,0.08382571131299715,0.16045005128197787,0.1941725025337612,,,,,,,SRB00001
2014-08-02,4486.45,0.93,24.85,0.03218013487104146,0.05932782477047328,0.04823187693375469,0.1430127491409011,0.06760671540587053,0.03881277095843399,0.08382571131299715,0.16045005128197787,0.1941725025337612,,,,,,,SRB00001
2014-08-03,5068.91,1.76,25.26,0.03278742293765468,0.060331874612466446,0.04942831807318351,0.14509622523967597,0.06863729048602984,0.03928179470657051,0.08382571131299715,0.16045005128197787,0.1941725025337612,,,,,,,SRB00001
2014-08-04,5469.16,3.52,23.97,0.0333947110042679,0.06133592445445962,0.05062475921261232,0.14717970133845085,0.06966786556618916,0.039750818454707036,0.08382571131299715,0.16045005128197787,0.1941725025337612,,,,,,,SRB00001
2014-08-05,5320.08,6.07,23.21,0.03400199907088112,0.06233997429645279,0.05182120035204113,0.14926317743722572,0.07069844064634848,0.04021984220284356,0.08382571131299715,0.16045005128197787,0.1941725025337612,,,,,,,SRB00001
2014-08-06,5080.6,19.27,19.96,0.03460928713749434,0.06334402413844596,0.053017641491469945,0.1513466535360006,0.07172901572650779,0.040688865950980084,0.08382571131299715,0.16045005128197787,0.1941725025337612,7.9,0.212,1.22799296,325.0,2.3,0.0024,SRB00001
2014-08-07,5022.43,3.16,21.38,0.03521657520410756,0.06434807398043914,0.054214082630898754,0.15343012963477548,0.07275959080666711,0.041157889699116615,0.08382571131299715,0.16045005128197787,0.1941725025337612,,,,,,,SRB00001
2014-08-08,5068.91,0.29,23.16,0.03582386327072078,0.06535212382243231,0.05541052377032757,0.15551360573355036,0.07379016588682642,0.04162691344725314,0.08382571131299715,0.16045005128197787,0.1941725025337612,,,,,,,SRB00001
2014-08-09,5034.0,0.01,24.67,0.036431151337333996,0.06635617366442548,0.05660696490975638,0.15759708183232524,0.07482074096698574,0.04209593719538966,0.08382571131299715,0.16045005128197787,0.1941725025337612,,,,,,,SRB00001
2014-08-10,4818.48,0.88,25.79,0.037038439403947215,0.06736022350641865,0.05780340604918519,0.15968055793110011,0.07585131604714505,0.04256496094352619,0.08382571131299715,0.16045005128197787,0.1941725025337612,,,,,,,SRB00001
2014-08-11,4455.56,0.01,26.52,0.037645727470560435,0.06836427334841183,0.05899984718861401,0.161764034029875,0.07688189112730437,0.04303398469166271,0.08382571131299715,0.16045005128197787,0.1941725025337612,,,,,,,SRB00001
2014-08-12,4091.61,0.0,24.31,0.038253015537173654,0.06936832319040499,0.060196288328042816,0.16384751012864987,0.07791246620746368,0.043503008439799234,0.08382571131299715,0.16045005128197787,0.1941725025337612,,,,,,,SRB00001
2014-08-13,3836.07,0.0,26.21,0.038860303603786873,0.07037237303239817,0.06139272946747163,0.16593098622742475,0.078943041287623,0.04397203218793576,0.08382571131299715,0.16045005128197787,0.1941725025337612,,,,,,,SRB00001
2014-08-14,3722.92,8.64,21.36,0.0394675916704001,0.07137642287439135,0.06258917060690045,0.1680144623261996,0.07997361636778232,0.04444105593607228,0.08382571131299715,0.16045005128197787,0.1941725025337612,,,,,,,SRB00001
2014-08-15,3871.58,0.68,20.27,0.04007487973701332,0.07238047271638451,0.06378561174632925,0.17009793842497448,0.08100419144794163,0.044910079684208806,0.08382571131299715,0.16045005128197787,0.1941725025337612,,,,,,,SRB00001
2014-08-16,4580.42,0.19,19.34,0.04068216780362654,0.07338452255837769,0.06498205288575806,0.17218141452374935,0.08203476652810095,0.04537910343234533,0.08382571131299715,0.16045005128197787,0.1941725025337612,,,,,,,SRB00001
2014-08-17,5356.97,0.01,19.09,0.04128945587023976,0.07438857240037086,0.06617849402518687,0.17426489062252423,0.08306534160826026,0.045848127180481854,0.08382571131299715,0.16045005128197787,0.1941725025337612,,,,,,,SRB00001
2014-08-18,5381.7,0.0,20.09,0.04189674393685298,0.07539262224236404,0.06737493516461569,0.1763483667212991,0.08409591668841958,0.04631715092861838,0.08382571131299715,0.16045005128197787,0.1941725025337612,,,,,,,SRB00001
2014-08-19,5068.91,0.01,22.06,0.0425040320034662,0.0763966720843572,0.0685713763040445,0.178431842820074,0.0851264917685789,0.0467861746767549,0.08382571131299715,0.16045005128197787,0.1941725025337612,,,,,,,SRB00001
2014-08-20,4752.35,0.28,23.23,0.04226924654964598,0.07594974203061515,0.06812314897085062,0.17757786679571058,0.08504350852504264,0.046659251938973995,0.08382571131299715,0.16045005128197787,0.1941725025337612,,,,,,,SRB00001
2014-08-21,4455.56,6.26,18.67,0.04203446109582576,0.0755028119768731,0.06767492163765673,0.17672389077134718,0.08496052528150638,0.046532329201193094,0.08382571131299715,0.16045005128197787,0.1941725025337612,,,,,,,SRB00001
2014-08-22,4196.59,0.0,20.4,0.04179967564200554,0.07505588192313103,0.06722669430446283,0.17586991474698377,0.08487754203797013,0.04640540646341219,0.08382571131299715,0.16045005128197787,0.1941725025337612,,,,,,,SRB00001
2014-08-23,4016.91,3.35,20.55,0.04156489018818533,0.07460895186938898,0.06677846697126895,0.17501593872262033,0.08479455879443387,0.04627848372563128,0.08382571131299715,0.16045005128197787,0.1941725025337612,,,,,,,SRB00001
2014-08-24,3961.78,1.37,18.96,0.04133010473436511,0.07416202181564693,0.06633023963807506,0.17416196269825693,0.08471157555089762,0.04615156098785038,0.08382571131299715,0.16045005128197787,0.1941725025337612,,,,,,,SRB00001
2014-08-25,3980.07,0.04,17.55,0.04109531928054489,0.07371509176190488,0.06588201230488118,0.17330798667389352,0.08462859230736136,0.04602463825006947,0.08382571131299715,0.16045005128197787,0.1941725025337612,,,,,,,SRB00001
2014-08-26,3980.07,0.02,19.49,0.04086053382672467,0.07326816170816282,0.0654337849716873,0.17245401064953012,0.0845456090638251,0.045897715512288564,0.08382571131299715,0.16045005128197787,0.1941725025337612,,,,,,,SRB00001
2014-08-27,3952.67,13.65,19.06,0.040625748372904454,0.07282123165442077,0.06498555763849341,0.1716000346251667,0.08446262582028885,0.04577079277450766,0.08382571131299715,0.16045005128197787,0.1941725025337612,,,,,,,SRB00001
2014-08-28,3916.42,0.0,17.61,0.040390962919084235,0.07237430160067872,0.06453733030529951,0.1707460586008033,0.0843796425767526,0.04564387003672676,0.08382571131299715,0.16045005128197787,0.1941725025337612,,,,,,,SRB00001
2014-08-29,3818.44,0.0,19.45,0.040156177465264016,0.07192737154693667,0.06408910297210563,0.1698920825764399,0.08429665933321633,0.04551694729894585,0.08382571131299715,0.16045005128197787,0.1941725025337612,,,,,,,SRB00001
2014-08-30,3731.5,0.0,20.57,0.0399213920114438,0.0714804414931946,0.06364087563891174,0.1690381065520765,0.08421367608968007,0.04539002456116494,0.08382571131299715,0.16045005128197787,0.1941725025337612,,,,,,,SRB00001
2014-08-31,3705.81,0.1,22.02,0.039686606557623585,0.07103351143945255,0.06319264830571786,0.16818413052771305,0.08413069284614381,0.04526310182338404,0.08382571131299715,0.16045005128197787,0.1941725025337612,,,,,,,SRB00001
2014-09-01,3688.78,15.12,19.08,0.03945182110380337,0.0705865813857105,0.06274442097252397,0.16733015450334965,0.08404770960260756,0.045136179085603134,0.08382571131299715,0.16045005128197787,0.1941725025337612,,,,,,,SRB00001
2014-09-02,3722.92,4.3,17.75,0.03921703564998315,0.07013965133196845,0.06229619363933008,0.16647617847898624,0.0839647263590713,0.04500925634782223,0.08382571131299715,0.16045005128197787,0.1941725025337612,,,,,,,SRB00001
2014-09-03,4101.04,14.74,19.67,0.03898225019616293,0.0696927212782264,0.0618479663061362,0.16562220245462284,0.08388174311553505,0.044882333610041326,0.08382571131299715,0.16045005128197787,0.1941725025337612,,,,,,,SRB00001
2014-09-04,5115.82,5.91,19.08,0.03874746474234271,0.06924579122448433,0.061399738972942305,0.16476822643025943,0.08379875987199879,0.04475541087226042,0.08382571131299715,0.16045005128197787,0.1941725025337612,,,,,,,SRB00001
2014-09-05,6024.6,1.64,19.44,0.03851267928852249,0.06879886117074228,0.06095151163974842,0.16391425040589602,0.08371577662846254,0.04462848813447951,0.08382571131299715,0.16045005128197787,0.1941725025337612,,,,,,,SRB00001
2014-09-06,6236.35,4.62,18.94,0.03827789383470227,0.06835193111700023,0.060503284306554536,0.16306027438153262,0.08363279338492628,0.04450156539669861,0.08382571131299715,0.16045005128197787,0.1941725025337612,,,,,,,SRB00001
2014-09-07,6038.48,0.27,19.15,0.038043108380882054,0.06790500106325818,0.060055056973360645,0.1622062983571692,0.08354981014139003,0.044374642658917704,0.08382571131299715,0.16045005128197787,0.1941725025337612,,,,,,,SRB00001
2014-09-08,5661.39,0.76,19.39,0.03780832292706184,0.06745807100951612,0.05960682964016676,0.16135232233280578,0.08346682689785377,0.0442477199211368,0.08382571131299715,0.16045005128197787,0.1941725025337612,,,,,,,SRB00001
2014-09-09,5210.95,0.01,21.18,0.037573537473241624,0.06701114095577407,0.05915860230697287,0.16049834630844237,0.08338384365431752,0.04412079718335589,0.08382571131299715,0.16045005128197787,0.1941725025337612,,,,,,,SRB00001
2014-09-10,4796.33,15.64,18.74,0.037338752019421405,0.06656421090203202,0.058710374973778984,0.15964437028407896,0.08330086041078126,0.04399387444557499,0.08382571131299715,0.16045005128197787,0.1941725025337612,8.8,0.171,1.06997916,332.0,2.3,0.0012,SRB00001
2014-09-11,4476.13,17.29,18.58,0.037103966565601186,0.06611728084828997,0.0582621476405851,0.15879039425971556,0.083217877167245,0.04386695170779408,0.08382571131299715,0.16045005128197787,0.1941725025337612,,,,,,,SRB00001
2014-09-12,4324.14,16.21,17.5,0.03686918111178097,0.0656703507945479,0.05781392030739121,0.15793641823535215,0.08313489392370875,0.043740028970013174,0.08382571131299715,0.16045005128197787,0.1941725025337612,,,,,,,SRB00001
2014-09-13,4334.11,4.88,19.0,0.03663439565796075,0.06522342074080585,0.05736569297419732,0.15708244221098874,0.0830519106801725,0.043613106232232274,0.08382571131299715,0.16045005128197787,0.1941725025337612,,,,,,,SRB00001
2014-09-14,4538.42,5.52,16.88,0.03639961020414053,0.0647764906870638,0.05691746564100344,0.15622846618662534,0.08296892743663624,0.043486183494451366,0.08382571131299715,0.16045005128197787,0.1941725025337612,,,,,,,SRB00001
2014-09-15,4964.92,11.43,16.15,0.03616482475032031,0.06432956063332175,0.05646923830780955,0.15537449016226193,0.08288594419309998,0.04335926075667046,0.08382571131299715,0.16045005128197787,0.1941725025337612,,,,,,,SRB00001
2014-09-16,5713.79,0.8,16.77,0.0359300392965001,0.0638826305795797,0.05602101097461566,0.1545205141378985,0.08280296094956373,0.04323233801888956,0.08382571131299715,0.16045005128197787,0.1941725025337612,,,,,,,SRB00001
2014-09-17,6530.31,0.02,16.31,0.03569525384267988,0.06343570052583763,0.05557278364142178,0.1536665381135351,0.08271997770602746,0.04310541528110865,0.08382571131299715,0.16045005128197787,0.1941725025337612,,,,,,,SRB00001
2014-09-18,6759.83,0.0,16.02,0.03546046838885966,0.06298877047209558,0.055124556308227886,0.15281256208917168,0.0826369944624912,0.042978492543327744,0.08382571131299715,0.16045005128197787,0.1941725025337612,,,,,,,SRB00001
2014-09-19,6500.3,0.05,18.11,0.03522568293503944,0.06254184041835353,0.054676328975034,0.15195858606480828,0.08255401121895495,0.042851569805546844,0.08382571131299715,0.16045005128197787,0.1941725025337612,,,,,,,SRB00001
2014-09-20,6038.48,1.55,19.42,0.034990897481219224,0.062094910364611476,0.05422810164184011,0.15110461004044487,0.08247102797541869,0.042724647067765936,0.08382571131299715,0.16045005128197787,0.1941725025337612,,,,,,,SRB00001
2014-09-21,5532.5,2.99,19.28,0.034756112027399005,0.061647980310869425,0.053779874308646225,0.15025063401608146,0.08238804473188244,0.04259772432998503,0.08382571131299715,0.16045005128197787,0.1941725025337612,,,,,,,SRB00001
2014-09-22,5045.61,8.6,14.99,0.03452132657357879,0.06120105025712737,0.05333164697545234,0.14939665799171806,0.08230506148834618,0.04247080159220412,0.08382571131299715,0.16045005128197787,0.1941725025337612,,,,,,,SRB00001
2014-09-23,4654.86,0.05,11.84,0.034286541119758575,0.06075412020338532,0.05288341964225845,0.14854268196735462,0.08222207824480993,0.04234387885442322,0.08382571131299715,0.16045005128197787,0.1941725025337612,,,,,,,SRB00001
2014-09-24,4394.42,0.0,11.05,0.034051755665938356,0.06030719014964326,0.052435192309064564,0.14768870594299122,0.08213909500127367,0.042216956116642314,0.08382571131299715,0.16045005128197787,0.1941725025337612,,,,,,,SRB00001
2014-09-25,4344.1,0.3,12.63,0.03381697021211814,0.05986026009590121,0.05198696497587068,0.1468347299186278,0.08205611175773742,0.042090033378861406,0.08382571131299715,0.16045005128197787,0.1941725025337612,,,,,,,SRB00001
2014-09-26,4507.17,0.24,13.02,0.03358218475829792,0.05941333004215915,0.05153873764267679,0.1459807538942644,0.08197312851420116,0.041963110641080506,0.08382571131299715,0.16045005128197787,0.1941725025337612,,,,,,,SRB00001
2014-09-27,4601.57,0.04,13.98,0.0333473993044777,0.0589663999884171,0.0510905103094829,0.145126777869901,0.0818901452706649,0.0418361879032996,0.08382571131299715,0.16045005128197787,0.1941725025337612,,,,,,,SRB00001
2014-09-28,4496.8,0.02,15.51,0.033567179812392836,0.059354443553468576,0.051483874234940774,0.14523998307596636,0.08289336940447313,0.042523294645191265,0.08382571131299715,0.16045005128197787,0.1941725025337612,,,,,,,SRB00001
2014-09-29,4344.1,0.0,14.71,0.03378696032030797,0.05974248711852005,0.05187723816039864,0.14535318828203173,0.08389659353828137,0.04321040138708294,0.08382571131299715,0.16045005128197787,0.1941725025337612,,,,,,,SRB00001
2014-09-30,4215.96,0.0,15.82,0.034006740828223116,0.06013053068357153,0.05227060208585651,0.14546639348809712,0.0848998176720896,0.043897508128974604,0.08382571131299715,0.16045005128197787,0.1941725025337612,,,,,,,SRB00001
2014-10-01,4054.09,0.04,16.22,0.03422652133613825,0.060518574248623,0.05266396601131438,0.14557959869416248,0.08590304180589783,0.044584614870866277,0.08382571131299715,0.16045005128197787,0.1941725025337612,9.1,0.119,1.3995508,403.0,1.7,0.0012,SRB00001
2014-10-02,3827.25,1.35,15.6,0.03444630184405339,0.06090661781367447,0.05305732993677224,0.14569280390022785,0.08690626593970606,0.04527172161275794,0.08382571131299715,0.16045005128197787,0.1941725025337612,,,,,,,SRB00001
2014-10-03,3579.96,0.55,14.97,0.034666082351968525,0.06129466137872595,0.053450693862230114,0.1458060091062932,0.08790949007351428,0.045958828354649615,0.08382571131299715,0.16045005128197787,0.1941725025337612,,,,,,,SRB00001
2014-10-04,3379.65,0.55,13.75,0.03488586285988366,0.06168270494377742,0.053844057787687985,0.14591921431235857,0.08891271420732252,0.04664593509654128,0.08382571131299715,0.16045005128197787,0.1941725025337612,,,,,,,SRB00001
2014-10-05,3333.26,0.41,12.57,0.0351056433677988,0.0620707485088289,0.054237421713145856,0.14603241951842394,0.08991593834113075,0.047333041838432954,0.08382571131299715,0.16045005128197787,0.1941725025337612,,,,,,,SRB00001
2014-10-06,3410.93,0.0,13.17,0.03532542387571394,0.06245879207388037,0.05463078563860372,0.14614562472448933,0.09091916247493897,0.04802014858032462,0.08382571131299715,0.16045005128197787,0.1941725025337612,,,,,,,SRB00001
2014-10-07,3410.93,0.01,14.38,0.03554520438362908,0.06284683563893184,0.05502414956406159,0.1462588299305547,0.09192238660874721,0.048707255322216286,0.08382571131299715,0.16045005128197787,0.1941725025337612,,,,,,,SRB00001
2014-10-08,3257.37,0.03,15.33,0.03576498489154421,0.06323487920398332,0.05541751348951946,0.14637203513662006,0.09292561074255544,0.04939436206410796,0.08382571131299715,0.16045005128197787,0.1941725025337612,,,,,,,SRB00001
2014-10-09,3060.96,0.02,16.73,0.03598476539945935,0.06362292276903479,0.055810877414977325,0.14648524034268542,0.09392883487636366,0.050081468805999625,0.08382571131299715,0.16045005128197787,0.1941725025337612,,,,,,,SRB00001
2014-10-10,2883.03,0.0,18.12,0.036204545907374486,0.06401096633408628,0.056204241340435196,0.1465984455487508,0.0949320590101719,0.0507685755478913,0.08382571131299715,0.16045005128197787,0.1941725025337612,,,,,,,SRB00001
2014-10-11,2727.98,0.01,17.75,0.03642432641528963,0.06439900989913774,0.05659760526589307,0.14671165075481618,0.09593528314398013,0.051455682289782964,0.08382571131299715,0.16045005128197787,0.1941725025337612,,,,,,,SRB00001
2014-10-12,2587.21,0.0,18.52,0.036644106923204765,0.06478705346418923,0.05699096919135093,0.14682485596088155,0.09693850727778837,0.05214278903167464,0.08382571131299715,0.16045005128197787,0.1941725025337612,,,,,,,SRB00001
2014-10-13,2465.04,0.0,18.74,0.0368638874311199,0.0651750970292407,0.0573843331168088,0.1469380611669469,0.0979417314115966,0.0528298957735663,0.08382571131299715,0.16045005128197787,0.1941725025337612,,,,,,,SRB00001
2014-10-14,2359.48,2.66,19.32,0.036822995886885035,0.06502337985811425,0.05718098736677402,0.146199924822897,0.09784908851779493,0.052919115317876596,0.08382571131299715,0.16045005128197787,0.1941725025337612,,,,,,,SRB00001
2014-10-15,2284.6,10.06,17.59,0.03678210434265017,0.0648716626869878,0.05697764161673924,0.1454617884788471,0.09775644562399327,0.053008334862186895,0.08382571131299715,0.16045005128197787,0.1941725025337612,,,,,,,SRB00001
2014-10-16,2242.88,14.45,17.26,0.036741212798415294,0.06471994551586135,0.05677429586670446,0.1447236521347972,0.09766380273019161,0.05309755440649719,0.08382571131299715,0.16045005128197787,0.1941725025337612,,,,,,,SRB00001
2014-10-17,2248.05,6.22,16.01,0.03670032125418043,0.0645682283447349,0.05657095011666968,0.1439855157907473,0.09757115983638995,0.05318677395080748,0.08382571131299715,0.16045005128197787,0.1941725025337612,,,,,,,SRB00001
2014-10-18,2274.1,0.03,14.04,0.03665942970994556,0.06441651117360846,0.0563676043666349,0.1432473794466974,0.09747851694258827,0.05327599349511778,0.08382571131299715,0.16045005128197787,0.1941725025337612,,,,,,,SRB00001
2014-10-19,2311.07,0.0,12.96,0.036618538165710694,0.064264794002482,0.05616425861660012,0.1425092431026475,0.09738587404878661,0.053365213039428074,0.08382571131299715,0.16045005128197787,0.1941725025337612,,,,,,,SRB00001
2014-10-20,2359.48,0.0,15.0,0.03657764662147582,0.06411307683135556,0.055960912866565335,0.1417711067585976,0.09729323115498495,0.053454432583738366,0.08382571131299715,0.16045005128197787,0.1941725025337612,,,,,,,SRB00001
2014-10-21,2436.81,0.23,15.29,0.036536755077240954,0.0639613596602291,0.05575756711653056,0.1410329704145477,0.09720058826118329,0.053543652128048666,0.08382571131299715,0.16045005128197787,0.1941725025337612,,,,,,,SRB00001
2014-10-22,2557.59,26.6,9.29,0.03649586353300609,0.06380964248910266,0.05555422136649578,0.1402948340704978,0.09710794536738163,0.05363287167235896,0.08382571131299715,0.16045005128197787,0.1941725025337612,,,,,,,SRB00001
2014-10-23,2715.44,20.67,7.7,0.03645497198877122,0.0636579253179762,0.055350875616460994,0.1395566977264479,0.09701530247357996,0.05372209121666925,0.08382571131299715,0.16045005128197787,0.1941725025337612,,,,,,,SRB00001
2014-10-24,3025.91,18.56,7.31,0.036414080444536354,0.06350620814684976,0.055147529866426216,0.138818561382398,0.0969226595797783,0.053811310760979544,0.08382571131299715,0.16045005128197787,0.1941725025337612,,,,,,,SRB00001
2014-10-25,3907.41,0.02,7.04,0.03637318890030148,0.06335449097572331,0.05494418411639144,0.1380804250383481,0.09683001668597664,0.053900530305289844,0.08382571131299715,0.16045005128197787,0.1941725025337612,,,,,,,SRB00001
2014-10-26,5914.62,0.07,7.04,0.03633229735606661,0.06320277380459687,0.05474083836635665,0.1373422886942982,0.09673737379217497,0.05398974984960014,0.08382571131299715,0.16045005128197787,0.1941725025337612,,,,,,,SRB00001
2014-10-27,6917.31,0.0,5.98,0.036291405811831746,0.06305105663347041,0.054537492616321875,0.1366041523502483,0.0966447308983733,0.05407896939391043,0.08382571131299715,0.16045005128197787,0.1941725025337612,,,,,,,SRB00001
2014-10-28,6470.43,0.0,4.6,0.03625051426759688,0.06289933946234397,0.05433414686628709,0.1358660160061984,0.09655208800457164,0.05416818893822073,0.08382571131299715,0.16045005128197787,0.1941725025337612,,,,,,,SRB00001
2014-10-29,5779.96,0.0,4.99,0.036209622723362006,0.06274762229121751,0.05413080111625231,0.1351278796621485,0.09645944511076998,0.05425740848253102,0.08382571131299715,0.16045005128197787,0.1941725025337612,,,,,,,SRB00001
2014-10-30,5187.0,0.0,6.36,0.03616873117912714,0.06259590512009107,0.053927455366217535,0.1343897433180986,0.09636680221696832,0.054346628026841315,0.08382571131299715,0.16045005128197787,0.1941725025337612,,,,,,,SRB00001
2014-10-31,4633.47,0.0,5.76,0.03612783963489227,0.06244418794896462,0.05372410961618275,0.1336516069740487,0.09627415932316666,0.054435847571151615,0.08382571131299715,0.16045005128197787,0.1941725025337612,,,,,,,SRB00001
2014-11-01,4119.98,0.02,5.96,0.036086948090657406,0.06229247077783817,0.05352076386614797,0.1329134706299988,0.096181516429365,0.05452506711546191,0.08382571131299715,0.16045005128197787,0.1941725025337612,,,,,,,SRB00001
2014-11-02,3680.29,0.01,6.0,0.03604605654642254,0.06214075360671172,0.053317418116113194,0.1321753342859489,0.09608887353556333,0.0546142866597722,0.08382571131299715,0.16045005128197787,0.1941725025337612,,,,,,,SRB00001
2014-11-03,3325.6,0.11,5.95,0.036005165002187665,0.061989036435585274,0.05311407236607841,0.131437197941899,0.09599623064176166,0.0547035062040825,0.08382571131299715,0.16045005128197787,0.1941725025337612,,,,,,,SRB00001
2014-11-04,3053.92,0.97,9.67,0.0359642734579528,0.061837319264458825,0.05291072661604363,0.1306990615978491,0.09590358774796,0.05479272574839279,0.08382571131299715,0.16045005128197787,0.1941725025337612,,,,,,,SRB00001
2014-11-05,2850.02,0.0,12.14,0.03592338191371793,0.061685602093332376,0.05270738086600885,0.1299609252537992,0.09581094485415834,0.054881945292703085,0.08382571131299715,0.16045005128197787,0.1941725025337612,10.6,0.123,1.78781328,422.0,1.6,0.0012,SRB00001
2014-11-06,2696.74,0.08,13.34,0.035882490369483065,0.06153388492220593,0.05250403511597407,0.1292227889097493,0.09571830196035667,0.054971164837013385,0.08382571131299715,0.16045005128197787,0.1941725025337612,,,,,,,SRB00001
2014-11-07,2575.32,0.7,15.39,0.0358415988252482,0.06138216775107948,0.05230068936593929,0.1284846525656994,0.09562565906655501,0.05506038438132368,0.08382571131299715,0.16045005128197787,0.1941725025337612,,,,,,,SRB00001
2014-11-08,2505.11,0.17,13.42,0.035800707281013325,0.06123045057995303,0.052097343615904505,0.1277465162216495,0.09553301617275335,0.05514960392563397,0.08382571131299715,0.16045005128197787,0.1941725025337612,,,,,,,SRB00001
2014-11-09,2647.5,0.02,11.22,0.03575981573677846,0.06107873340882658,0.05189399786586973,0.1270083798775996,0.09544037327895169,0.05523882346994427,0.08382571131299715,0.16045005128197787,0.1941725025337612,,,,,,,SRB00001
2014-11-10,3082.19,0.05,10.83,0.03571892419254359,0.06092701623770013,0.05169065211583495,0.1262702435335497,0.09534773038515003,0.05532804301425456,0.08382571131299715,0.16045005128197787,0.1941725025337612,,,,,,,SRB00001
2014-11-11,3482.37,0.01,11.52,0.035678032648308725,0.06077529906657368,0.051487306365800165,0.1255321071894998,0.09525508749134835,0.055417262558564856,0.08382571131299715,0.16045005128197787,0.1941725025337612,,,,,,,SRB00001
2014-11-12,3638.15,0.16,10.14,0.03563714110407385,0.06062358189544723,0.05128396061576539,0.1247939708454499,0.09516244459754669,0.05550648210287515,0.08382571131299715,0.16045005128197787,0.1941725025337612,,,,,,,SRB00001
2014-11-13,3596.49,0.39,10.27,0.035596249559838984,0.060471864724320784,0.05108061486573061,0.1240558345014,0.09506980170374503,0.05559570164718545,0.08382571131299715,0.16045005128197787,0.1941725025337612,,,,,,,SRB00001
2014-11-14,3450.44,0.06,10.64,0.03555535801560412,0.06032014755319434,0.050877269115695824,0.1233176981573501,0.09497715880994337,0.05568492119149574,0.08382571131299715,0.16045005128197787,0.1941725025337612,,,,,,,SRB00001
2014-11-15,3295.1,0.03,8.63,0.03551446647136925,0.06016843038206789,0.050673923365661046,0.1225795618133002,0.0948845159161417,0.055774140735806034,0.08382571131299715,0.16045005128197787,0.1941725025337612,,,,,,,SRB00001
2014-11-16,3146.75,3.23,7.5,0.035473574927134384,0.060016713210941444,0.05047057761562627,0.1218414254692503,0.09479187302234005,0.055863360280116334,0.08382571131299715,0.16045005128197787,0.1941725025337612,,,,,,,SRB00001
2014-11-17,3012.01,1.43,8.49,0.03543268338289951,0.059864996039814995,0.05026723186559148,0.1211032891252004,0.09469923012853838,0.055952579824426626,0.08382571131299715,0.16045005128197787,0.1941725025337612,,,,,,,SRB00001
2014-11-18,2896.34,6.79,9.56,0.035391791838664644,0.059713278868688546,0.050063886115556705,0.1203651527811505,0.09460658723473672,0.05604179936873692,0.08382571131299715,0.16045005128197787,0.1941725025337612,,,,,,,SRB00001
2014-11-19,2830.39,1.73,7.08,0.03535090029442978,0.0595615616975621,0.04986054036552192,0.1196270164371006,0.09451394434093505,0.05613101891304722,0.08382571131299715,0.16045005128197787,0.1941725025337612,,,,,,,SRB00001
2014-11-20,2823.88,0.05,5.59,0.03531000875019491,0.05940984452643565,0.04965719461548714,0.1188888800930507,0.09442130144713339,0.05622023845735751,0.08382571131299715,0.16045005128197787,0.1941725025337612,,,,,,,SRB00001
2014-11-21,2863.18,0.03,4.49,0.035269117205960036,0.0592581273553092,0.049453848865452364,0.1181507437490008,0.09432865855333172,0.056309458001667805,0.08382571131299715,0.16045005128197787,0.1941725025337612,,,,,,,SRB00001
2014-11-22,2957.01,0.01,4.41,0.03522822566172517,0.05910641018418275,0.04925050311541758,0.1174126074049509,0.09423601565953006,0.056398677545978104,0.08382571131299715,0.16045005128197787,0.1941725025337612,,,,,,,SRB00001
2014-11-23,3146.75,0.0,2.74,0.0351873341174903,0.0589546930130563,0.0490471573653828,0.116674471060901,0.0941433727657284,0.0564878970902884,0.08382571131299715,0.16045005128197787,0.1941725025337612,,,,,,,SRB00001
2014-11-24,3302.7,0.02,2.35,0.03506256716590206,0.05876202031473163,0.04905756846333959,0.11791779162670617,0.09517455317409106,0.057433532467675213,0.08382571131299715,0.16045005128197787,0.1941725025337612,,,,,,,SRB00001
2014-11-25,3272.41,0.18,1.57,0.03493780021431382,0.05856934761640696,0.049067979561296375,0.11916111219251133,0.09620573358245371,0.05837916784506203,0.08382571131299715,0.16045005128197787,0.1941725025337612,,,,,,,SRB00001
2014-11-26,3117.89,0.01,0.32,0.03481303326272558,0.05837667491808229,0.049078390659253165,0.1204044327583165,0.09723691399081637,0.059324803222448846,0.08382571131299715,0.16045005128197787,0.1941725025337612,,,,,,,SRB00001
2014-11-27,2936.65,0.17,-0.16,0.03468826631113734,0.05818400221975761,0.04908880175720995,0.12164775332412167,0.09826809439917902,0.06027043859983566,0.08382571131299715,0.16045005128197787,0.1941725025337612,,,,,,,SRB00001
2014-11-28,2772.32,0.53,1.99,0.034563499359549096,0.05799132952143294,0.04909921285516674,0.12289107388992684,0.09929927480754168,0.06121607397722247,0.08382571131299715,0.16045005128197787,0.1941725025337612,,,,,,,SRB00001
2014-11-29,2623.22,0.47,3.18,0.03443873240796086,0.057798656823108266,0.04910962395312353,0.124134394455732,0.10033045521590434,0.06216170935460929,0.08382571131299715,0.16045005128197787,0.1941725025337612,,,,,,,SRB00001
2014-11-30,2499.35,8.12,3.31,0.034313965456372615,0.0576059841247836,0.04912003505108031,0.1253777150215372,0.10136163562426699,0.06310734473199611,0.08382571131299715,0.16045005128197787,0.1941725025337612,,,,,,,SRB00001
2014-12-01,2392.32,8.67,1.65,0.03418919850478438,0.057413311426458925,0.0491304461490371,0.12662103558734233,0.10239281603262965,0.06405298010938293,0.08382571131299715,0.16045005128197787,0.1941725025337612,,,,,,,SRB00001
2014-12-02,2316.39,2.22,1.76,0.034064431553196134,0.05722063872813425,0.04914085724699389,0.1278643561531475,0.10342399644099232,0.06499861548676973,0.08382571131299715,0.16045005128197787,0.1941725025337612,,,,,,,SRB00001
2014-12-03,2295.15,0.29,4.04,0.0339396646016079,0.057027966029809585,0.04915126834495068,0.12910767671895268,0.10445517684935497,0.06594425086415655,0.08382571131299715,0.16045005128197787,0.1941725025337612,11.5,0.114,1.95937112,468.0,1.8,0.0036,SRB00001
2014-12-04,2316.39,0.03,3.86,0.03381489765001965,0.05683529333148491,0.04916167944290747,0.13035099728475785,0.10548635725771763,0.06688988624154336,0.08382571131299715,0.16045005128197787,0.1941725025337612,,,,,,,SRB00001
2014-12-05,2348.63,0.61,3.41,0.033690130698431416,0.05664262063316024,0.04917209054086425,0.13159431785056303,0.10651753766608028,0.06783552161893018,0.08382571131299715,0.16045005128197787,0.1941725025337612,,,,,,,SRB00001
2014-12-06,2375.84,10.62,4.02,0.03356536374684317,0.05644994793483556,0.04918250163882104,0.1328376384163682,0.10754871807444294,0.068781156996317,0.08382571131299715,0.16045005128197787,0.1941725025337612,,,,,,,SRB00001
2014-12-07,2397.83,5.08,4.03,0.033440596795254934,0.05625727523651089,0.049192912736777825,0.13408095898217337,0.1085798984828056,0.06972679237370381,0.08382571131299715,0.16045005128197787,0.1941725025337612,,,,,,,SRB00001
2014-12-08,2425.61,1.15,3.1,0.03331582984366669,0.05606460253818622,0.049203323834734615,0.13532427954797852,0.10961107889116825,0.07067242775109063,0.08382571131299715,0.16045005128197787,0.1941725025337612,,,,,,,SRB00001
2014-12-09,2482.13,2.12,2.92,0.03319106289207845,0.05587192983986155,0.049213734932691405,0.1365676001137837,0.1106422592995309,0.07161806312847745,0.08382571131299715,0.16045005128197787,0.1941725025337612,,,,,,,SRB00001
2014-12-10,2539.97,0.97,1.09,0.03306629594049021,0.055679257141536875,0.04922414603064819,0.13781092067958886,0.11167343970789356,0.07256369850586426,0.08382571131299715,0.16045005128197787,0.1941725025337612,,,,,,,SRB00001
2014-12-11,2575.32,0.0,0.05,0.03294152898890197,0.05548658444321221,0.04923455712860498,0.13905424124539403,0.11270462011625622,0.07350933388325108,0.08382571131299715,0.16045005128197787,0.1941725025337612,,,,,,,SRB00001
2014-12-12,2593.18,0.02,0.42,0.03281676203731373,0.055293911744887535,0.04924496822656176,0.1402975618111992,0.11373580052461887,0.0744549692606379,0.08382571131299715,0.16045005128197787,0.1941725025337612,,,,,,,SRB00001
2014-12-13,2575.32,0.01,3.68,0.03269199508572549,0.05510123904656286,0.04925537932451855,0.14154088237700438,0.11476698093298153,0.07540060463802471,0.08382571131299715,0.16045005128197787,0.1941725025337612,,,,,,,SRB00001
2014-12-14,2505.11,0.0,5.82,0.03256722813413725,0.05490856634823819,0.049265790422475336,0.14278420294280955,0.11579816134134419,0.07634624001541153,0.08382571131299715,0.16045005128197787,0.1941725025337612,,,,,,,SRB00001
2014-12-15,2397.83,0.0,4.51,0.03244246118254901,0.05471589364991351,0.04927620152043213,0.1440275235086147,0.11682934174970684,0.07729187539279835,0.08382571131299715,0.16045005128197787,0.1941725025337612,,,,,,,SRB00001
2014-12-16,2289.87,7.18,6.43,0.032317694230960765,0.05452322095158885,0.04928661261838892,0.14527084407441987,0.1178605221580695,0.07823751077018516,0.08382571131299715,0.16045005128197787,0.1941725025337612,,,,,,,SRB00001
2014-12-17,2196.86,3.07,5.36,0.03219292727937253,0.05433054825326417,0.0492970237163457,0.14651416464022504,0.11889170256643217,0.07918314614757196,0.08382571131299715,0.16045005128197787,0.1941725025337612,,,,,,,SRB00001
2014-12-18,2127.14,0.03,3.69,0.032068160327784284,0.0541378755549395,0.04930743481430249,0.14775748520603021,0.11992288297479482,0.08012878152495878,0.08382571131299715,0.16045005128197787,0.1941725025337612,,,,,,,SRB00001
2014-12-19,2083.49,0.02,5.97,0.03194339337619605,0.05394520285661483,0.049317845912259274,0.1490008057718354,0.12095406338315748,0.0810744169023456,0.08382571131299715,0.16045005128197787,0.1941725025337612,,,,,,,SRB00001
2014-12-20,2054.89,1.63,6.62,0.0318186264246078,0.05375253015829016,0.049328257010216064,0.15024412633764056,0.12198524379152013,0.08202005227973241,0.08382571131299715,0.16045005128197787,0.1941725025337612,,,,,,,SRB00001
2014-12-21,2054.89,2.33,4.09,0.031693859473019566,0.053559857459965485,0.049338668108172855,0.15148744690344573,0.12301642419988279,0.08296568765711923,0.08382571131299715,0.16045005128197787,0.1941725025337612,,,,,,,SRB00001
2014-12-22,2107.63,0.0,3.98,0.03156909252143132,0.05336718476164081,0.04934907920612964,0.15273076746925088,0.12404760460824545,0.08391132303450605,0.08382571131299715,0.16045005128197787,0.1941725025337612,,,,,,,SRB00001
2014-12-23,2237.72,0.0,5.71,0.031444325569843085,0.05317451206331614,0.04935949030408643,0.15397408803505605,0.1250787850166081,0.08485695841189286,0.08382571131299715,0.16045005128197787,0.1941725025337612,,,,,,,SRB00001
2014-12-24,2453.71,0.01,4.95,0.03131955861825484,0.05298183936499147,0.04936990140204321,0.15521740860086122,0.12610996542497074,0.08580259378927968,0.08382571131299715,0.16045005128197787,0.1941725025337612,,,,,,,SRB00001
2014-12-25,2653.61,0.9,4.98,0.0311947916666666,0.0527891666666668,0.0493803125,0.1564607291666664,0.1271411458333334,0.0867482291666665,0.08382571131299715,0.16045005128197787,0.1941725025337612,,,,,,,SRB00001
2014-12-26,2734.27,0.81,1.64,0.031265228173156225,0.05281877341928188,0.04940607771868914,0.155339783356806,0.12652883683908445,0.08632239956020746,0.08382571131299715,0.16045005128197787,0.1941725025337612,,,,,,,SRB00001
2014-12-27,2690.54,0.14,-2.18,0.03133566467964585,0.05284838017189696,0.04943184293737829,0.1542188375469456,0.12591652784483548,0.08589656995374842,0.08382571131299715,0.16045005128197787,0.1941725025337612,,,,,,,SRB00001
2014-12-28,2587.21,7.09,-1.87,0.031406101186135474,0.052877986924512045,0.04945760815606743,0.1530978917370852,0.1253042188505865,0.08547074034728938,0.08382571131299715,0.16045005128197787,0.1941725025337612,,,,,,,SRB00001
2014-12-29,2470.72,0.24,-3.97,0.0314765376926251,0.05290759367712712,0.04948337337475658,0.1519769459272248,0.12469190985633755,0.08504491074083034,0.08382571131299715,0.16045005128197787,0.1941725025337612,,,,,,,SRB00001
2014-12-30,2359.48,0.18,-6.77,0.03154697419911473,0.052937200429742204,0.04950913859344572,0.1508560001173644,0.12407960086208858,0.08461908113437129,0.08382571131299715,0.16045005128197787,0.1941725025337612,,,,,,,SRB00001
2014-12-31,2268.86,0.0,-9.65,0.03161741070560435,0.05296680718235729,0.049534903812134864,0.14973505430750403,0.12346729186783961,0.08419325152791225,0.08382571131299715,0.16045005128197787,0.1941725025337612,,,,,,,SRB00001
2015-01-01,2176.71,0.03,-6.75,0.03168784721209398,0.05299641393497237,0.049560669030824005,0.14861410849764362,0.12285498287359065,0.08376742192145321,0.08382571131299715,0.16045005128197787,0.1941725025337612,,,,,,,SRB00001
2015-01-02,2088.3,1.11,-2.71,0.0317582837185836,0.05302602068758745,0.04958643424951315,0.14749316268778323,0.12224267387934169,0.08334159231499418,0.08382571131299715,0.16045005128197787,0.1941725025337612,,,,,,,SRB00001
2015-01-03,2008.09,0.14,0.14,0.03182872022507323,0.053055627440202535,0.04961219946820229,0.14637221687792282,0.12163036488509273,0.08291576270853514,0.08382571131299715,0.16045005128197787,0.1941725025337612,,,,,,,SRB00001
2015-01-04,1939.89,0.69,1.14,0.03189915673156286,0.05308523419281762,0.04963796468689144,0.14525127106806243,0.12101805589084376,0.0824899331020761,0.08382571131299715,0.16045005128197787,0.1941725025337612,,,,,,,SRB00001
2015-01-05,1895.71,1.1,0.06,0.03196959323805248,0.053114840945432694,0.04966372990558058,0.14413032525820205,0.12040574689659479,0.08206410349561706,0.08382571131299715,0.16045005128197787,0.1941725025337612,,,,,,,SRB00001
2015-01-06,1891.34,0.0,-2.35,0.032040029744542106,0.05314444769804778,0.04968949512426973,0.14300937944834163,0.11979343790234583,0.08163827388915802,0.08382571131299715,0.16045005128197787,0.1941725025337612,,,,,,,SRB00001
2015-01-07,1975.97,0.0,-7.79,0.03211046625103173,0.05317405445066286,0.04971526034295887,0.14188843363848125,0.11918112890809686,0.08121244428269898,0.08382571131299715,0.16045005128197787,0.1941725025337612,,,,,,,SRB00001
2015-01-08,2258.44,0.0,-4.49,0.032180902757521355,0.05320366120327794,0.049741025561648014,0.14076748782862084,0.11856881991384789,0.08078661467623993,0.08382571131299715,0.16045005128197787,0.1941725025337612,,,,,,,SRB00001
2015-01-09,2534.13,0.14,0.92,0.032251339264010984,0.053233267955893025,0.049766790780337154,0.13964654201876045,0.11795651091959893,0.0803607850697809,0.08382571131299715,0.16045005128197787,0.1941725025337612,,,,,,,SRB00001
2015-01-10,2563.48,2.15,5.38,0.032321775770500605,0.05326287470850811,0.0497925559990263,0.13852559620890006,0.11734420192534996,0.07993495546332186,0.08382571131299715,0.16045005128197787,0.1941725025337612,,,,,,,SRB00001
2015-01-11,2470.72,7.02,2.37,0.03239221227699023,0.05329248146112319,0.04981832121771544,0.13740465039903965,0.11673189293110099,0.07950912585686282,0.08382571131299715,0.16045005128197787,0.1941725025337612,,,,,,,SRB00001
2015-01-12,2487.86,0.09,0.7,0.032462648783479854,0.05332208821373827,0.04984408643640459,0.13628370458917927,0.11611958393685202,0.07908329625040378,0.08382571131299715,0.16045005128197787,0.1941725025337612,,,,,,,SRB00001
2015-01-13,3364.12,0.0,1.88,0.03253308528996948,0.05335169496635335,0.04986985165509373,0.13516275877931885,0.11550727494260306,0.07865746664394474,0.08382571131299715,0.16045005128197787,0.1941725025337612,,,,,,,SRB00001
2015-01-14,4863.07,0.07,2.76,0.03260352179645911,0.05338130171896843,0.049895616873782876,0.13404181296945847,0.11489496594835409,0.0782316370374857,0.08382571131299715,0.16045005128197787,0.1941725025337612,12.2,0.173,2.54853686,464.0,1.4,0.0051,SRB00001
2015-01-15,5307.84,0.2,2.08,0.03267395830294873,0.053410908471583515,0.049921382092472016,0.13292086715959808,0.11428265695410512,0.07780580743102666,0.08382571131299715,0.16045005128197787,0.1941725025337612,,,,,,,SRB00001
2015-01-16,5307.84,0.0,4.34,0.03274439480943836,0.0534405152241986,0.049947147311161164,0.13179992134973767,0.11367034795985617,0.07737997782456763,0.08382571131299715,0.16045005128197787,0.1941725025337612,,,,,,,SRB00001
2015-01-17,5259.17,0.11,5.19,0.03281483131592799,0.05347012197681368,0.049972912529850304,0.13067897553987728,0.1130580389656072,0.07695414821810857,0.08382571131299715,0.16045005128197787,0.1941725025337612,,,,,,,SRB00001
2015-01-18,4964.92,9.75,4.64,0.03288526782241761,0.053499728729428764,0.04999867774853945,0.12955802973001687,0.11244572997135824,0.07652831861164953,0.08382571131299715,0.16045005128197787,0.1941725025337612,,,,,,,SRB00001
2015-01-19,4527.97,5.67,2.76,0.03295570432890724,0.05352933548204384,0.05002444296722859,0.1284370839201565,0.11183342097710927,0.0761024890051905,0.08382571131299715,0.16045005128197787,0.1941725025337612,,,,,,,SRB00001
2015-01-20,4101.04,1.36,3.54,0.03302614083539686,0.05355894223465892,0.05005020818591774,0.1273161381102961,0.1112211119828603,0.07567665939873146,0.08382571131299715,0.16045005128197787,0.1941725025337612,,,,,,,SRB00001
2015-01-21,3792.15,3.08,4.61,0.033096577341886486,0.053588548987274005,0.05007597340460688,0.1261951923004357,0.11060880298861134,0.07525082979227242,0.08382571131299715,0.16045005128197787,0.1941725025337612,,,,,,,SRB00001
2015-01-22,3588.22,2.41,4.18,0.033167013848376115,0.05361815573988909,0.050101738623296026,0.1250742464905753,0.10999649399436237,0.07482500018581338,0.08382571131299715,0.16045005128197787,0.1941725025337612,,,,,,,SRB00001
2015-01-23,3403.08,13.38,4.28,0.033237450354865736,0.05364776249250417,0.050127503841985166,0.1239533006807149,0.1093841850001134,0.07439917057935434,0.08382571131299715,0.16045005128197787,0.1941725025337612,,,,,,,SRB00001
2015-01-24,3205.27,10.53,1.73,0.033307886861355364,0.053677369245119254,0.05015326906067431,0.1228323548708545,0.10877187600586444,0.0739733409728953,0.08382571131299715,0.16045005128197787,0.1941725025337612,,,,,,,SRB00001
2015-01-25,3046.89,1.96,0.28,0.033378323367844985,0.05370697599773433,0.05017903427936345,0.1217114090609941,0.10815956701161547,0.07354751136643627,0.08382571131299715,0.16045005128197787,0.1941725025337612,,,,,,,SRB00001
2015-01-26,2943.42,0.53,-0.33,0.03344875987433461,0.05373658275034941,0.0502047994980526,0.1205904632511337,0.1075472580173665,0.07312168175997721,0.08382571131299715,0.16045005128197787,0.1941725025337612,,,,,,,SRB00001
2015-01-27,2836.92,0.44,-0.83,0.03351919638082424,0.053766189502964495,0.05023056471674174,0.11946951744127332,0.10693494902311754,0.07269585215351818,0.08382571131299715,0.16045005128197787,0.1941725025337612,,,,,,,SRB00001
2015-01-28,2684.34,0.12,-0.68,0.03358963288731386,0.05379579625557958,0.05025632993543089,0.11834857163141292,0.10632264002886857,0.07227002254705914,0.08382571131299715,0.16045005128197787,0.1941725025337612,,,,,,,SRB00001
2015-01-29,2516.68,0.24,-1.02,0.03366006939380349,0.05382540300819466,0.05028209515412003,0.11722762582155252,0.1057103310346196,0.0718441929406001,0.08382571131299715,0.16045005128197787,0.1941725025337612,,,,,,,SRB00001
2015-01-30,2364.92,9.91,2.12,0.03373050590029311,0.053855009760809744,0.050307860372809175,0.11610668001169212,0.10509802204037065,0.07141836333414106,0.08382571131299715,0.16045005128197787,0.1941725025337612,,,,,,,SRB00001
2015-01-31,2248.05,3.88,-0.27,0.03380094240678274,0.05388461651342483,0.050333625591498315,0.11498573420183174,0.10448571304612168,0.07099253372768202,0.08382571131299715,0.16045005128197787,0.1941725025337612,,,,,,,SRB00001
2015-02-01,2201.93,2.83,-1.58,0.03387137891327237,0.0539142232660399,0.05035939081018746,0.11386478839197134,0.10387340405187272,0.07056670412122298,0.08382571131299715,0.16045005128197787,0.1941725025337612,,,,,,,SRB00001
2015-02-02,2196.86,1.2,-0.95,0.03394181541976199,0.053943830018654985,0.0503851560288766,0.11274384258211094,0.10326109505762375,0.07014087451476395,0.08382571131299715,0.16045005128197787,0.1941725025337612,,,,,,,SRB00001
2015-02-03,2166.7,0.05,-0.49,0.03401225192625162,0.05397343677127007,0.05041092124756575,0.11162289677225054,0.10264878606337478,0.06971504490830491,0.08382571131299715,0.16045005128197787,0.1941725025337612,,,,,,,SRB00001
2015-02-04,2097.94,2.41,0.91,0.03408268843274124,0.05400304352388515,0.05043668646625489,0.11050195096239014,0.10203647706912582,0.06928921530184587,0.08382571131299715,0.16045005128197787,0.1941725025337612,12.1,0.103,2.6975213,555.0,2.0,0.0024,SRB00001
2015-02-05,2026.68,0.97,0.25,0.03415312493923087,0.054032650276500234,0.05046245168494404,0.10938100515252976,0.10142416807487685,0.06886338569538682,0.08382571131299715,0.16045005128197787,0.1941725025337612,,,,,,,SRB00001
2015-02-06,1966.89,13.26,0.0,0.034223561445720495,0.05406225702911532,0.05048821690363318,0.10826005934266936,0.10081185908062788,0.06843755608892778,0.08382571131299715,0.16045005128197787,0.1941725025337612,,,,,,,SRB00001
2015-02-07,1904.46,1.17,-2.96,0.034293997952210116,0.0540918637817304,0.050513982122322325,0.10713911353280896,0.10019955008637892,0.06801172648246874,0.08382571131299715,0.16045005128197787,0.1941725025337612,,,,,,,SRB00001
2015-02-08,1839.77,0.43,-3.32,0.034364434458699744,0.054121470534345476,0.050539747341011465,0.10601816772294856,0.09958724109212995,0.0675858968760097,0.08382571131299715,0.16045005128197787,0.1941725025337612,,,,,,,SRB00001
2015-02-09,1777.28,1.68,-2.58,0.03443487096518937,0.05415107728696056,0.05056551255970061,0.10489722191308816,0.09897493209788098,0.06716006726955066,0.08382571131299715,0.16045005128197787,0.1941725025337612,,,,,,,SRB00001
2015-02-10,1724.84,0.74,0.93,0.03450530747167899,0.05418068403957564,0.05059127777838975,0.10377627610322777,0.09836262310363202,0.06673423766309163,0.08382571131299715,0.16045005128197787,0.1941725025337612,,,,,,,SRB00001
2015-02-11,1689.44,0.03,0.82,0.03457574397816862,0.054210290792190724,0.0506170429970789,0.10265533029336738,0.09775031410938305,0.06630840805663259,0.08382571131299715,0.16045005128197787,0.1941725025337612,,,,,,,SRB00001
2015-02-12,1681.67,0.02,0.25,0.03464618048465824,0.05423989754480581,0.05064280821576804,0.10153438448350698,0.09713800511513408,0.06588257845017355,0.08382571131299715,0.16045005128197787,0.1941725025337612,,,,,,,SRB00001
2015-02-13,1705.08,0.0,-0.28,0.03471661699114787,0.05426950429742089,0.05066857343445719,0.10041343867364658,0.09652569612088513,0.06545674884371451,0.08382571131299715,0.16045005128197787,0.1941725025337612,,,,,,,SRB00001
2015-02-14,1744.82,0.0,1.06,0.0347870534976375,0.05429911105003597,0.05069433865314633,0.09929249286378618,0.09591338712663616,0.06503091923725546,0.08382571131299715,0.16045005128197787,0.1941725025337612,,,,,,,SRB00001
2015-02-15,1789.61,0.0,1.35,0.03485749000412712,0.05432871780265105,0.050720103871835474,0.09817154705392579,0.0953010781323872,0.06460508963079642,0.08382571131299715,0.16045005128197787,0.1941725025337612,,,,,,,SRB00001
2015-02-16,1839.77,0.0,1.54,0.03492792651061675,0.05435832455526613,0.050745869090524615,0.0970506012440654,0.09468876913813823,0.06417926002433738,0.08382571131299715,0.16045005128197787,0.1941725025337612,,,,,,,SRB00001
2015-02-17,1878.32,0.0,-0.74,0.03499836301710637,0.054387931307881214,0.050771634309213755,0.095929655434205,0.09407646014388926,0.06375343041787834,0.08382571131299715,0.16045005128197787,0.1941725025337612,,,,,,,SRB00001
2015-02-18,1895.71,0.0,-0.92,0.035068799523596,0.0544175380604963,0.0507973995279029,0.0948087096243446,0.0934641511496403,0.0633276008114193,0.08382571131299715,0.16045005128197787,0.1941725025337612,,,,,,,SRB00001
2015-02-19,1886.99,0.0,0.29,0.03558960316373427,0.054982556837582686,0.05135837659750886,0.09519091903836673,0.09416416455977664,0.06383513255805454,0.08382571131299715,0.16045005128197787,0.1941725025337612,,,,,,,SRB00001
2015-02-20,1861.09,0.0,0.91,0.036110406803872536,0.055547575614669074,0.051919353667114816,0.09557312845238884,0.09486417796991298,0.06434266430468977,0.08382571131299715,0.16045005128197787,0.1941725025337612,,,,,,,SRB00001
2015-02-21,1844.02,0.0,3.8,0.036631210444010805,0.056112594391755456,0.05248033073672077,0.09595533786641097,0.0955641913800493,0.064850196051325,0.08382571131299715,0.16045005128197787,0.1941725025337612,,,,,,,SRB00001
2015-02-22,1827.1,7.86,4.9,0.037152014084149074,0.056677613168841845,0.053041307806326723,0.09633754728043309,0.09626420479018565,0.06535772779796023,0.08382571131299715,0.16045005128197787,0.1941725025337612,,,,,,,SRB00001
2015-02-23,1814.52,0.59,6.49,0.03767281772428734,0.057242631945928234,0.05360228487593268,0.09671975669445522,0.09696421820032199,0.06586525954459546,0.08382571131299715,0.16045005128197787,0.1941725025337612,,,,,,,SRB00001
2015-02-24,1802.02,0.49,5.57,0.03819362136442561,0.05780765072301462,0.05416326194553864,0.09710196610847735,0.09766423161045831,0.06637279129123069,0.08382571131299715,0.16045005128197787,0.1941725025337612,,,,,,,SRB00001
2015-02-25,1814.52,8.89,6.26,0.03871442500456388,0.05837266950010101,0.054724239015144595,0.09748417552249947,0.09836424502059465,0.06688032303786592,0.08382571131299715,0.16045005128197787,0.1941725025337612,,,,,,,SRB00001
2015-02-26,1873.99,2.1,4.9,0.03923522864470215,0.0589376882771874,0.05528521608475055,0.0978663849365216,0.099064258430731,0.06738785478450116,0.08382571131299715,0.16045005128197787,0.1941725025337612,,,,,,,SRB00001
2015-02-27,2012.72,2.76,4.7,0.03975603228484042,0.05950270705427378,0.05584619315435651,0.09824859435054373,0.09976427184086734,0.06789538653113639,0.08382571131299715,0.16045005128197787,0.1941725025337612,,,,,,,SRB00001
2015-02-28,2237.72,3.58,5.1,0.04027683592497869,0.06006772583136017,0.056407170223962466,0.09863080376456584,0.10046428525100368,0.06840291827777162,0.08382571131299715,0.16045005128197787,0.1941725025337612,,,,,,,SRB00001
2015-03-01,2459.37,0.09,5.54,0.04079763956511696,0.06063274460844656,0.05696814729356842,0.09901301317858797,0.10116429866114,0.06891045002440685,0.08382571131299715,0.16045005128197787,0.1941725025337612,,,,,,,SRB00001
2015-03-02,2563.48,14.39,7.07,0.041318443205255226,0.06119776338553295,0.05752912436317438,0.0993952225926101,0.10186431207127634,0.06941798177104208,0.08382571131299715,0.16045005128197787,0.1941725025337612,,,,,,,SRB00001
2015-03-03,2539.97,0.01,4.79,0.041839246845393495,0.06176278216261934,0.05809010143278033,0.09977743200663222,0.10256432548141269,0.06992551351767731,0.08382571131299715,0.16045005128197787,0.1941725025337612,,,,,,,SRB00001
2015-03-04,2476.42,0.15,3.66,0.042360050485531764,0.06232780093970572,0.05865107850238629,0.10015964142065435,0.10326433889154901,0.07043304526431254,0.08382571131299715,0.16045005128197787,0.1941725025337612,12.0,0.097,2.59819834,523.0,1.3,0.0142,SRB00001
2015-03-05,2408.91,0.21,3.01,0.04288085412567003,0.06289281971679211,0.059212055571992245,0.10054185083467647,0.10396435230168535,0.07094057701094778,0.08382571131299715,0.16045005128197787,0.1941725025337612,,,,,,,SRB00001
2015-03-06,2408.91,0.01,2.63,0.0434016577658083,0.0634578384938785,0.0597730326415982,0.1009240602486986,0.1046643657118217,0.071448108757583,0.08382571131299715,0.16045005128197787,0.1941725025337612,,,,,,,SRB00001
2015-03-07,2581.26,0.0,1.62,0.042849573862261174,0.06346307383128293,0.05986897691820641,0.10307692251177601,0.10582271136979171,0.07211341791100363,0.08382571131299715,0.16045005128197787,0.1941725025337612,,,,,,,SRB00001
2015-03-08,2765.94,0.0,2.52,0.04229748995871405,0.06346830916868736,0.05996492119481461,0.10522978477485341,0.10698105702776171,0.07277872706442425,0.08382571131299715,0.16045005128197787,0.1941725025337612,,,,,,,SRB00001
2015-03-09,2778.71,0.0,4.15,0.041745406055166925,0.06347354450609179,0.06006086547142282,0.10738264703793082,0.10813940268573173,0.07344403621784487,0.08382571131299715,0.16045005128197787,0.1941725025337612,,,,,,,SRB00001
2015-03-10,2684.34,0.0,5.93,0.041193322151619804,0.06347877984349622,0.060156809748031025,0.10953550930100822,0.10929774834370175,0.0741093453712655,0.08382571131299715,0.16045005128197787,0.1941725025337612,,,,,,,SRB00001
2015-03-11,2575.32,0.16,5.84,0.04064123824807268,0.06348401518090065,0.060252754024639234,0.11168837156408563,0.11045609400167175,0.07477465452468611,0.08382571131299715,0.16045005128197787,0.1941725025337612,,,,,,,SRB00001
2015-03-12,2465.04,4.77,3.34,0.04008915434452555,0.06348925051830509,0.06034869830124744,0.11384123382716303,0.11161443965964177,0.07543996367810674,0.08382571131299715,0.16045005128197787,0.1941725025337612,,,,,,,SRB00001
2015-03-13,2354.05,2.2,4.06,0.03953707044097843,0.06349448585570952,0.060444642577855645,0.11599409609024044,0.11277278531761178,0.07610527283152736,0.08382571131299715,0.16045005128197787,0.1941725025337612,,,,,,,SRB00001
2015-03-14,2274.1,0.52,5.24,0.0389849865374313,0.06349972119311395,0.060540586854463854,0.11814695835331784,0.1139311309755818,0.07677058198494797,0.08382571131299715,0.16045005128197787,0.1941725025337612,,,,,,,SRB00001
2015-03-15,2242.88,0.05,5.89,0.03843290263388418,0.06350495653051838,0.060636531131072056,0.12029982061639526,0.1150894766335518,0.0774358911383686,0.08382571131299715,0.16045005128197787,0.1941725025337612,,,,,,,SRB00001
2015-03-16,2274.1,0.01,7.5,0.03788081873033705,0.06351019186792281,0.060732475407680266,0.12245268287947267,0.11624782229152182,0.07810120029178923,0.08382571131299715,0.16045005128197787,0.1941725025337612,,,,,,,SRB00001
2015-03-17,2300.44,0.0,7.2,0.037328734826789924,0.06351542720532724,0.060828419684288475,0.12460554514255007,0.11740616794949184,0.07876650944520984,0.08382571131299715,0.16045005128197787,0.1941725025337612,,,,,,,SRB00001
2015-03-18,2268.86,0.0,6.19,0.0367766509232428,0.06352066254273167,0.06092436396089668,0.12675840740562747,0.11856451360746184,0.07943181859863047,0.08382571131299715,0.16045005128197787,0.1941725025337612,,,,,,,SRB00001
2015-03-19,2201.93,0.0,4.31,0.036224567019695675,0.0635258978801361,0.061020308237504886,0.1289112696687049,0.11972285926543186,0.08009712775205109,0.08382571131299715,0.16045005128197787,0.1941725025337612,,,,,,,SRB00001
2015-03-20,2136.96,0.0,4.28,0.035672483116148554,0.06353113321754053,0.06111625251411309,0.1310641319317823,0.12088120492340187,0.0807624369054717,0.08382571131299715,0.16045005128197787,0.1941725025337612,,,,,,,SRB00001
2015-03-21,2112.49,0.0,6.04,0.035120399212601426,0.06353636855494496,0.0612121967907213,0.1332169941948597,0.12203955058137188,0.08142774605889233,0.08382571131299715,0.16045005128197787,0.1941725025337612,,,,,,,SRB00001
2015-03-22,2146.83,0.0,7.76,0.0345683153090543,0.06354160389234939,0.0613081410673295,0.1353698564579371,0.1231978962393419,0.08209305521231294,0.08382571131299715,0.16045005128197787,0.1941725025337612,,,,,,,SRB00001
2015-03-23,2217.2,0.0,5.68,0.03401623140550718,0.06354683922975383,0.06140408534393771,0.13752271872101451,0.12435624189731191,0.08275836436573357,0.08382571131299715,0.16045005128197787,0.1941725025337612,,,,,,,SRB00001
2015-03-24,2274.1,0.01,8.35,0.03346414750196005,0.06355207456715826,0.06150002962054592,0.1396755809840919,0.12551458755528191,0.0834236735191542,0.08382571131299715,0.16045005128197787,0.1941725025337612,,,,,,,SRB00001
2015-03-25,2295.15,0.38,9.03,0.03291206359841293,0.0635573099045627,0.06159597389715412,0.1418284432471693,0.12667293321325193,0.08408898267257481,0.08382571131299715,0.16045005128197787,0.1941725025337612,,,,,,,SRB00001
2015-03-26,2289.87,0.45,12.47,0.0323599796948658,0.06356254524196712,0.06169191817376233,0.14398130551024674,0.12783127887122195,0.08475429182599543,0.08382571131299715,0.16045005128197787,0.1941725025337612,,,,,,,SRB00001
2015-03-27,2295.15,0.61,10.11,0.03180789579131868,0.06356778057937156,0.06178786245037053,0.14613416777332414,0.12898962452919197,0.08541960097941606,0.08382571131299715,0.16045005128197787,0.1941725025337612,,,,,,,SRB00001
2015-03-28,2295.15,3.03,7.99,0.03125581188777155,0.06357301591677599,0.06188380672697874,0.14828703003640153,0.13014797018716198,0.08608491013283667,0.08382571131299715,0.16045005128197787,0.1941725025337612,,,,,,,SRB00001
2015-03-29,2316.39,0.0,7.28,0.030703727984224428,0.06357825125418042,0.06197975100358695,0.15043989229947893,0.13130631584513197,0.0867502192862573,0.08382571131299715,0.16045005128197787,0.1941725025337612,,,,,,,SRB00001
2015-03-30,2431.2,6.12,8.77,0.030151644080677303,0.06358348659158485,0.06207569528019515,0.15259275456255636,0.132464661503102,0.08741552843967793,0.08382571131299715,0.16045005128197787,0.1941725025337612,,,,,,,SRB00001
2015-03-31,2635.33,7.0,9.74,0.029599560177130176,0.06358872192898928,0.06217163955680336,0.15474561682563376,0.133623007161072,0.08808083759309854,0.08382571131299715,0.16045005128197787,0.1941725025337612,,,,,,,SRB00001
2015-04-01,2791.54,0.21,7.21,0.02904747627358305,0.0635939572663937,0.06226758383341156,0.15689847908871116,0.13478135281904202,0.08874614674651916,0.08382571131299715,0.16045005128197787,0.1941725025337612,12.0,0.079,2.0880395,514.0,2.7,0.0395,SRB00001
2015-04-02,2916.43,1.12,6.37,0.028495392370035927,0.06359919260379815,0.06236352811001977,0.15905134135178858,0.13593969847701204,0.08941145589993979,0.08382571131299715,0.16045005128197787,0.1941725025337612,,,,,,,SRB00001
2015-04-03,3295.1,0.36,4.18,0.027943308466488802,0.06360442794120258,0.06245947238662798,0.16120420361486598,0.13709804413498206,0.0900767650533604,0.08382571131299715,0.16045005128197787,0.1941725025337612,,,,,,,SRB00001
2015-04-04,3853.78,0.05,5.53,0.027391224562941678,0.06360966327860701,0.06255541666323619,0.16335706587794338,0.13825638979295204,0.09074207420678103,0.08382571131299715,0.16045005128197787,0.1941725025337612,,,,,,,SRB00001
2015-04-05,4129.47,0.03,5.2,0.02683914065939455,0.06361489861601144,0.06265136093984439,0.16550992814102078,0.13941473545092206,0.09140738336020165,0.08382571131299715,0.16045005128197787,0.1941725025337612,,,,,,,SRB00001
2015-04-06,4119.98,0.02,4.1,0.026287056755847426,0.06362013395341587,0.0627473052164526,0.1676627904040982,0.14057308110889208,0.09207269251362227,0.08382571131299715,0.16045005128197787,0.1941725025337612,,,,,,,SRB00001
2015-04-07,3961.78,0.73,5.5,0.0257349728523003,0.0636253692908203,0.0628432494930608,0.1698156526671756,0.1417314267668621,0.0927380016670429,0.08382571131299715,0.16045005128197787,0.1941725025337612,,,,,,,SRB00001
2015-04-08,3766.04,0.58,5.69,0.02668229833660098,0.06321815772981898,0.061243234243953615,0.16873592473483764,0.13727674420549252,0.08910550712222609,0.08382571131299715,0.16045005128197787,0.1941725025337612,,,,,,,SRB00001
2015-04-09,3571.73,0.0,8.98,0.027629623820901658,0.06281094616881766,0.059643218994846425,0.16765619680249966,0.1328220616441229,0.0854730125774093,0.08382571131299715,0.16045005128197787,0.1941725025337612,,,,,,,SRB00001
2015-04-10,3387.44,0.0,10.37,0.028576949305202336,0.062403734607816334,0.058043203745739236,0.1665764688701617,0.12836737908275334,0.0818405180325925,0.08382571131299715,0.16045005128197787,0.1941725025337612,,,,,,,SRB00001
2015-04-11,3205.27,0.0,13.11,0.029524274789503015,0.06199652304681501,0.056443188496632046,0.16549674093782374,0.12391269652138374,0.0782080234877757,0.08382571131299715,0.16045005128197787,0.1941725025337612,,,,,,,SRB00001
2015-04-12,3060.96,0.04,14.03,0.03047160027380369,0.06158931148581369,0.05484317324752486,0.16441701300548575,0.11945801396001415,0.0745755289429589,0.08382571131299715,0.16045005128197787,0.1941725025337612,,,,,,,SRB00001
2015-04-13,3025.91,0.32,14.42,0.03141892575810437,0.06118209992481236,0.05324315799841767,0.1633372850731478,0.11500333139864458,0.0709430343981421,0.08382571131299715,0.16045005128197787,0.1941725025337612,,,,,,,SRB00001
2015-04-14,3117.89,0.12,10.62,0.032366251242405046,0.06077488836381104,0.05164314274931048,0.16225755714080983,0.11054864883727498,0.0673105398533253,0.08382571131299715,0.16045005128197787,0.1941725025337612,,,,,,,SRB00001
2015-04-15,3279.95,0.0,13.7,0.03331357672670572,0.06036767680280972,0.05004312750020329,0.16117782920847185,0.1060939662759054,0.0636780453085085,0.08382571131299715,0.16045005128197787,0.1941725025337612,,,,,,,SRB00001
2015-04-16,3403.08,0.0,15.92,0.0342609022110064,0.0599604652418084,0.0484431122510961,0.1600981012761339,0.1016392837145358,0.0600455507636917,0.08382571131299715,0.16045005128197787,0.1941725025337612,,,,,,,SRB00001
2015-04-17,3490.4,1.2,14.15,0.0338668042085795,0.0598247425631723,0.04819591684243503,0.1618291040708132,0.10060041020074975,0.05926136222358603,0.08382571131299715,0.16045005128197787,0.1941725025337612,,,,,,,SRB00001
2015-04-18,3571.73,4.66,8.91,0.0334727062061526,0.0596890198845362,0.047948721433773954,0.16356010686549252,0.09956153668696369,0.05847717368348036,0.08382571131299715,0.16045005128197787,0.1941725025337612,,,,,,,SRB00001
2015-04-19,3697.28,0.0,6.84,0.0330786082037257,0.0595532972059001,0.047701526025112885,0.16529110966017183,0.09852266317317764,0.05769298514337469,0.08382571131299715,0.16045005128197787,0.1941725025337612,,,,,,,SRB00001
2015-04-20,4044.76,0.0,9.56,0.032684510201298804,0.059417574527264,0.047454330616451816,0.16702211245485116,0.09748378965939157,0.056908796603269016,0.08382571131299715,0.16045005128197787,0.1941725025337612,,,,,,,SRB00001
2015-04-21,4445.31,0.0,9.98,0.0322904121988719,0.0592818518486279,0.04720713520779075,0.16875311524953046,0.09644491614560552,0.05612460806316334,0.08382571131299715,0.16045005128197787,0.1941725025337612,,,,,,,SRB00001
2015-04-22,4404.55,0.0,12.44,0.031896314196445,0.0591461291699918,0.04695993979912967,0.1704841180442098,0.09540604263181945,0.055340419523057675,0.08382571131299715,0.16045005128197787,0.1941725025337612,,,,,,,SRB00001
2015-04-23,4063.43,0.01,13.17,0.0315022161940181,0.0590104064913557,0.0467127443904686,0.1722151208388891,0.0943671691180334,0.054556230982952,0.08382571131299715,0.16045005128197787,0.1941725025337612,,,,,,,SRB00001
2015-04-24,3697.28,0.9,14.58,0.031465551883851015,0.0589838782057143,0.046589318047338305,0.17435135089609125,0.09407252376801843,0.054146285853067466,0.08382571131299715,0.16045005128197787,0.1941725025337612,,,,,,,SRB00001
2015-04-25,3410.93,0.0,14.43,0.03142888757368392,0.0589573499200729,0.046465891704208,0.1764875809532934,0.09377787841800345,0.053736340723182924,0.08382571131299715,0.16045005128197787,0.1941725025337612,,,,,,,SRB00001
2015-04-26,3257.37,0.08,15.99,0.03139222326351684,0.0589308216344315,0.0463424653610777,0.17862381101049554,0.09348323306798847,0.05332639559329839,0.08382571131299715,0.16045005128197787,0.1941725025337612,,,,,,,SRB00001
2015-04-27,3227.49,0.03,16.84,0.03135555895334975,0.058904293348790104,0.046219039017947404,0.1807600410676977,0.0931885877179735,0.05291645046341385,0.08382571131299715,0.16045005128197787,0.1941725025337612,,,,,,,SRB00001
2015-04-28,3227.49,3.05,15.15,0.03131889464318266,0.0588777650631487,0.0460956126748171,0.18289627112489984,0.09289394236795853,0.05250650533352931,0.08382571131299715,0.16045005128197787,0.1941725025337612,,,,,,,SRB00001
2015-04-29,3168.57,0.04,10.72,0.031282230333015575,0.0588512367775073,0.0459721863316868,0.185032501182102,0.09259929701794356,0.052096560203644775,0.08382571131299715,0.16045005128197787,0.1941725025337612,,,,,,,SRB00001
2015-04-30,3139.51,0.01,12.15,0.03124556602284849,0.0588247084918659,0.0458487599885565,0.18716873123930414,0.09230465166792858,0.05168661507376024,0.08382571131299715,0.16045005128197787,0.1941725025337612,,,,,,,SRB00001
2015-05-01,3212.66,1.49,13.7,0.0312089017126814,0.0587981802062245,0.045725333645426205,0.1893049612965063,0.0920100063179136,0.0512766699438757,0.08382571131299715,0.16045005128197787,0.1941725025337612,,,,,,,SRB00001
2015-05-02,3340.95,8.54,14.06,0.031172237402514312,0.058771651920583104,0.0456019073022959,0.19144119135370846,0.09171536096789863,0.05086672481399116,0.08382571131299715,0.16045005128197787,0.1941725025337612,,,,,,,SRB00001
2015-05-03,3434.58,0.19,15.2,0.031135573092347227,0.0587451236349417,0.0454784809591656,0.1935774214109106,0.09142071561788365,0.050456779684106626,0.08382571131299715,0.16045005128197787,0.1941725025337612,,,,,,,SRB00001
2015-05-04,3426.68,0.01,18.64,0.031098908782180138,0.0587185953493003,0.045355054616035305,0.19571365146811276,0.09112607026786868,0.05004683455422209,0.08382571131299715,0.16045005128197787,0.1941725025337612,,,,,,,SRB00001
2015-05-05,3450.44,0.0,21.18,0.03106224447201305,0.0586920670636589,0.045231628272905,0.1978498815253149,0.0908314249178537,0.04963688942433755,0.08382571131299715,0.16045005128197787,0.1941725025337612,,,,,,,SRB00001
2015-05-06,3646.54,1.53,21.65,0.031025580161845964,0.0586655387780175,0.0451082019297747,0.19998611158251706,0.09053677956783873,0.04922694429445301,0.08382571131299715,0.16045005128197787,0.1941725025337612,11.3,0.072,1.36794804,416.0,2.9,0.0355,SRB00001
2015-05-07,3961.78,0.11,17.32,0.030988915851678876,0.058639010492376104,0.044984775586644404,0.2021223416397192,0.09024213421782376,0.04881699916456848,0.08382571131299715,0.16045005128197787,0.1941725025337612,,,,,,,SRB00001
2015-05-08,4254.98,0.0,16.91,0.03095225154151179,0.0586124822067347,0.0448613492435141,0.20425857169692135,0.08994748886780878,0.048407054034683934,0.08382571131299715,0.16045005128197787,0.1941725025337612,,,,,,,SRB00001
2015-05-09,4486.45,0.1,17.68,0.0309155872313447,0.0585859539210933,0.0447379229003838,0.2063948017541235,0.0896528435177938,0.0479971089047994,0.08382571131299715,0.16045005128197787,0.1941725025337612,,,,,,,SRB00001
2015-05-10,4580.42,0.03,17.17,0.031228381395864858,0.05876084130412905,0.04480598417242629,0.20724957400765393,0.09011449985698254,0.04810338135742217,0.08382571131299715,0.16045005128197787,0.1941725025337612,,,,,,,SRB00001
2015-05-11,4496.8,0.5,14.83,0.031541175560385014,0.05893572868716479,0.044874045444468776,0.20810434626118432,0.09057615619617126,0.04820965381004493,0.08382571131299715,0.16045005128197787,0.1941725025337612,,,,,,,SRB00001
2015-05-12,4334.11,0.0,16.21,0.031853969724905166,0.05911061607020054,0.04494210671651127,0.20895911851471474,0.09103781253536,0.0483159262626677,0.08382571131299715,0.16045005128197787,0.1941725025337612,,,,,,,SRB00001
2015-05-13,4215.96,0.84,17.95,0.032166763889425326,0.05928550345323628,0.045010167988553756,0.20981389076824514,0.09149946887454874,0.048422198715290465,0.08382571131299715,0.16045005128197787,0.1941725025337612,,,,,,,SRB00001
2015-05-14,4101.04,9.81,18.73,0.03247955805394548,0.059460390836272026,0.04507822926059624,0.21066866302177556,0.09196112521373746,0.048528471167913236,0.08382571131299715,0.16045005128197787,0.1941725025337612,,,,,,,SRB00001
2015-05-15,3980.07,4.2,14.49,0.03279235221846564,0.059635278219307766,0.04514629053263873,0.21152343527530595,0.0924227815529262,0.048634743620536,0.08382571131299715,0.16045005128197787,0.1941725025337612,,,,,,,SRB00001
2015-05-16,3907.41,0.8,15.22,0.03310514638298579,0.059810165602343514,0.045214351804681224,0.21237820752883638,0.09288443789211494,0.04874101607315877,0.08382571131299715,0.16045005128197787,0.1941725025337612,,,,,,,SRB00001
2015-05-17,3952.67,0.0,17.35,0.03341794054750595,0.059985052985379254,0.04528241307672371,0.21323297978236677,0.09334609423130366,0.04884728852578153,0.08382571131299715,0.16045005128197787,0.1941725025337612,,,,,,,SRB00001
2015-05-18,4072.8,0.0,18.03,0.0337307347120261,0.060159940368415,0.0453504743487662,0.2140877520358972,0.0938077505704924,0.0489535609784043,0.08382571131299715,0.16045005128197787,0.1941725025337612,,,,,,,SRB00001
2015-05-19,4129.47,0.15,21.87,0.0335285916745057,0.06023128857680675,0.04544779474308803,0.21341796331568424,0.09361036756872526,0.04872977122552879,0.08382571131299715,0.16045005128197787,0.1941725025337612,,,,,,,SRB00001
2015-05-20,4026.17,0.84,22.86,0.03332644863698529,0.0603026367851985,0.04554511513740986,0.21274817459547127,0.09341298456695811,0.048505981472653274,0.08382571131299715,0.16045005128197787,0.1941725025337612,,,,,,,SRB00001
2015-05-21,3871.58,10.68,15.0,0.03312430559946489,0.06037398499359025,0.045642435531731695,0.21207838587525832,0.09321560156519097,0.04828219171977777,0.08382571131299715,0.16045005128197787,0.1941725025337612,,,,,,,SRB00001
2015-05-22,3853.78,10.91,16.18,0.032922162561944475,0.060445333201982004,0.045739755926053526,0.21140859715504534,0.09301821856342382,0.04805840196690225,0.08382571131299715,0.16045005128197787,0.1941725025337612,,,,,,,SRB00001
2015-05-23,4284.48,17.61,17.21,0.03272001952442407,0.06051668141037375,0.045837076320375356,0.2107388084348324,0.09282083556165668,0.04783461221402674,0.08382571131299715,0.16045005128197787,0.1941725025337612,,,,,,,SRB00001
2015-05-24,5115.82,2.88,16.38,0.032517876486903664,0.0605880296187655,0.045934396714697186,0.21006901971461941,0.09262345255988953,0.047610822461151225,0.08382571131299715,0.16045005128197787,0.1941725025337612,,,,,,,SRB00001
2015-05-25,5700.64,32.57,14.36,0.03231573344938326,0.06065937782715725,0.046031717109019016,0.20939923099440647,0.0924260695581224,0.04738703270827571,0.08382571131299715,0.16045005128197787,0.1941725025337612,,,,,,,SRB00001
2015-05-26,6122.5,14.01,15.58,0.032113590411862854,0.060730726035549,0.04612903750334085,0.2087294422741935,0.09222868655635524,0.0471632429554002,0.08382571131299715,0.16045005128197787,0.1941725025337612,,,,,,,SRB00001
2015-05-27,6323.12,3.38,13.25,0.03191144737434245,0.06080207424394075,0.04622635789766268,0.20805965355398054,0.0920313035545881,0.04693945320252469,0.08382571131299715,0.16045005128197787,0.1941725025337612,,,,,,,SRB00001
2015-05-28,6164.95,0.06,12.05,0.031709304336822036,0.0608734224523325,0.04632367829198451,0.2073898648337676,0.09183392055282097,0.04671566344964918,0.08382571131299715,0.16045005128197787,0.1941725025337612,,,,,,,SRB00001
2015-05-29,5955.62,0.0,14.48,0.03150716129930163,0.06094477066072425,0.04642099868630634,0.2067200761135546,0.09163653755105382,0.04649187369677366,0.08382571131299715,0.16045005128197787,0.1941725025337612,,,,,,,SRB00001
2015-05-30,5806.64,0.0,18.22,0.031305018261781226,0.061016118869115996,0.04651831908062817,0.20605028739334166,0.09143915454928668,0.04626808394389815,0.08382571131299715,0.16045005128197787,0.1941725025337612,,,,,,,SRB00001
2015-05-31,5558.04,0.69,18.25,0.03110287522426082,0.06108746707750775,0.04661563947495,0.2053804986731287,0.09124177154751953,0.046044294191022635,0.08382571131299715,0.16045005128197787,0.1941725025337612,,,,,,,SRB00001
2015-06-01,5151.29,0.01,21.16,0.030900732186740415,0.0611588152858995,0.04671295986927184,0.20471070995291574,0.09104438854575239,0.04582050443814713,0.08382571131299715,0.16045005128197787,0.1941725025337612,,,,,,,SRB00001
2015-06-02,4763.31,0.01,22.88,0.030698589149220006,0.06123016349429125,0.04681028026359367,0.20404092123270276,0.09084700554398524,0.045596714685271614,0.08382571131299715,0.16045005128197787,0.1941725025337612,,,,,,,SRB00001
2015-06-03,4486.45,0.0,23.66,0.0304964461116996,0.061301511702683,0.0469076006579155,0.2033711325124898,0.0906496225422181,0.0453729249323961,0.08382571131299715,0.16045005128197787,0.1941725025337612,9.5,0.137,1.81941604,390.0,1.6,0.0059,SRB00001
2015-06-04,4284.48,0.86,24.08,0.03158465220795969,0.062033426998247695,0.047753607104940185,0.20316295845152343,0.09148528410134191,0.046218489243687814,0.08382571131299715,0.16045005128197787,0.1941725025337612,,,,,,,SRB00001
2015-06-05,4101.04,0.0,21.18,0.03267285830421977,0.06276534229381239,0.04859961355196487,0.20295478439055706,0.0923209456604657,0.04706405355497953,0.08382571131299715,0.16045005128197787,0.1941725025337612,,,,,,,SRB00001
2015-06-06,3970.92,0.0,22.7,0.03376106440047986,0.06349725758937709,0.049445619998989554,0.20274661032959068,0.0931566072195895,0.047909617866271244,0.08382571131299715,0.16045005128197787,0.1941725025337612,,,,,,,SRB00001
2015-06-07,3916.42,0.0,22.97,0.03484927049673994,0.0642291728849418,0.050291626446014245,0.20253843626862433,0.0939922687787133,0.04875518217756296,0.08382571131299715,0.16045005128197787,0.1941725025337612,,,,,,,SRB00001
2015-06-08,3916.42,0.01,23.36,0.035937476593000034,0.0649610881805065,0.05113763289303893,0.20233026220765796,0.09482793033783711,0.04960074648885467,0.08382571131299715,0.16045005128197787,0.1941725025337612,,,,,,,SRB00001
2015-06-09,3880.5,8.3,21.6,0.03702568268926012,0.0656930034760712,0.051983639340063614,0.20212208814669158,0.0956635918969609,0.05044631080014639,0.08382571131299715,0.16045005128197787,0.1941725025337612,,,,,,,SRB00001
2015-06-10,3827.25,0.42,22.13,0.0381138887855202,0.0664249187716359,0.0528296457870883,0.2019139140857252,0.0964992534560847,0.0512918751114381,0.08382571131299715,0.16045005128197787,0.1941725025337612,,,,,,,SRB00001
2015-06-11,3844.92,0.11,23.83,0.038119194065933525,0.06639611405322124,0.0528013070882146,0.20206488331032632,0.09682788154184344,0.05147881295221332,0.08382571131299715,0.16045005128197787,0.1941725025337612,,,,,,,SRB00001
2015-06-12,3943.57,0.0,25.71,0.03812449934634685,0.06636730933480657,0.052772968389340896,0.20221585253492746,0.09715650962760217,0.05166575079298853,0.08382571131299715,0.16045005128197787,0.1941725025337612,,,,,,,SRB00001
2015-06-13,4007.67,0.0,25.28,0.038129804626760175,0.06633850461639192,0.0527446296904672,0.20236682175952858,0.0974851377133609,0.05185268863376375,0.08382571131299715,0.16045005128197787,0.1941725025337612,,,,,,,SRB00001
2015-06-14,3980.07,1.15,25.16,0.038135109907173496,0.06630969989797726,0.0527162909915935,0.2025177909841297,0.09781376579911963,0.05203962647453897,0.08382571131299715,0.16045005128197787,0.1941725025337612,,,,,,,SRB00001
2015-06-15,3898.42,1.87,23.08,0.038140415187586825,0.0662808951795626,0.052687952292719796,0.2026687602087308,0.09814239388487836,0.05222656431531418,0.08382571131299715,0.16045005128197787,0.1941725025337612,,,,,,,SRB00001
2015-06-16,3818.44,0.32,21.1,0.03814572046800015,0.06625209046114794,0.0526596135938461,0.20281972943333196,0.09847102197063709,0.0524135021560894,0.08382571131299715,0.16045005128197787,0.1941725025337612,,,,,,,SRB00001
2015-06-17,3766.04,0.5,17.7,0.03815102574841347,0.06622328574273327,0.0526312748949724,0.20297069865793307,0.09879965005639584,0.05260043999686461,0.08382571131299715,0.16045005128197787,0.1941725025337612,,,,,,,SRB00001
2015-06-18,3827.25,0.03,18.58,0.0381563310288268,0.06619448102431862,0.052602936196098696,0.2031216678825342,0.09912827814215457,0.05278737783763983,0.08382571131299715,0.16045005128197787,0.1941725025337612,,,,,,,SRB00001
2015-06-19,4101.04,3.01,17.52,0.03816163630924012,0.06616567630590396,0.052574597497225,0.20327263710713533,0.0994569062279133,0.05297431567841505,0.08382571131299715,0.16045005128197787,0.1941725025337612,,,,,,,SRB00001
2015-06-20,4314.19,0.27,16.92,0.03816694158965344,0.0661368715874893,0.0525462587983513,0.20342360633173645,0.09978553431367203,0.05316125351919026,0.08382571131299715,0.16045005128197787,0.1941725025337612,,,,,,,SRB00001
2015-06-21,4274.63,0.09,16.26,0.03817224687006677,0.06610806686907464,0.052517920099477595,0.20357457555633757,0.10011416239943076,0.05334819135996548,0.08382571131299715,0.16045005128197787,0.1941725025337612,,,,,,,SRB00001
2015-06-22,4139.0,0.0,18.89,0.03817755215048009,0.06607926215065998,0.0524895814006039,0.20372554478093868,0.10044279048518949,0.053535129200740696,0.08382571131299715,0.16045005128197787,0.1941725025337612,,,,,,,SRB00001
2015-06-23,4101.04,2.21,18.13,0.03818285743089341,0.06605045743224532,0.0524612427017302,0.20387651400553983,0.10077141857094822,0.05372206704151591,0.08382571131299715,0.16045005128197787,0.1941725025337612,,,,,,,SRB00001
2015-06-24,4167.69,6.93,14.8,0.03818816271130673,0.06602165271383066,0.0524329040028565,0.20402748323014094,0.10110004665670695,0.053909004882291126,0.08382571131299715,0.16045005128197787,0.1941725025337612,,,,,,,SRB00001
2015-06-25,4235.43,0.32,17.27,0.03819346799172006,0.065992847995416,0.0524045653039828,0.20417845245474206,0.10142867474246568,0.054095942723066344,0.08382571131299715,0.16045005128197787,0.1941725025337612,,,,,,,SRB00001
2015-06-26,4235.43,0.01,18.41,0.038198773272133384,0.06596404327700134,0.0523762266051091,0.20432942167934318,0.10175730282822441,0.054282880563841555,0.08382571131299715,0.16045005128197787,0.1941725025337612,,,,,,,SRB00001
2015-06-27,4196.59,0.22,20.57,0.038204078552546705,0.06593523855858668,0.0523478879062354,0.20448039090394432,0.10208593091398314,0.054469818404616774,0.08382571131299715,0.16045005128197787,0.1941725025337612,,,,,,,SRB00001
2015-06-28,4110.5,2.42,20.1,0.038209383832960034,0.06590643384017203,0.0523195492073617,0.20463136012854544,0.10241455899974188,0.05465675624539199,0.08382571131299715,0.16045005128197787,0.1941725025337612,,,,,,,SRB00001
2015-06-29,3943.57,0.6,20.32,0.038214689113373355,0.06587762912175736,0.052291210508488,0.20478232935314655,0.1027431870855006,0.054843694086167204,0.08382571131299715,0.16045005128197787,0.1941725025337612,,,,,,,SRB00001
2015-06-30,3774.72,0.0,21.37,0.03821999439378668,0.0658488244033427,0.0522628718096143,0.2049332985777477,0.10307181517125935,0.05503063192694242,0.08382571131299715,0.16045005128197787,0.1941725025337612,,,,,,,SRB00001
2015-07-01,3697.28,0.0,23.87,0.038225299674200006,0.06582001968492804,0.0522345331107406,0.2050842678023488,0.10340044325701808,0.055217569767717634,0.08382571131299715,0.16045005128197787,0.1941725025337612,,,,,,,SRB00001
2015-07-02,3680.29,0.0,25.6,0.03823060495461333,0.06579121496651338,0.0522061944118669,0.20523523702694993,0.10372907134277681,0.05540450760849285,0.08382571131299715,0.16045005128197787,0.1941725025337612,,,,,,,SRB00001
2015-07-03,3629.78,0.0,24.81,0.03823591023502665,0.06576241024809873,0.0521778557129932,0.20538620625155105,0.10405769942853554,0.05559144544926807,0.08382571131299715,0.16045005128197787,0.1941725025337612,,,,,,,SRB00001
2015-07-04,3522.71,0.0,25.74,0.03824121551543998,0.06573360552968406,0.0521495170141195,0.2055371754761522,0.10438632751429427,0.05577838329004328,0.08382571131299715,0.16045005128197787,0.1941725025337612,,,,,,,SRB00001
2015-07-05,3387.44,0.0,26.86,0.0382465207958533,0.0657048008112694,0.0521211783152458,0.2056881447007533,0.104714955600053,0.0559653211308185,0.08382571131299715,0.16045005128197787,0.1941725025337612,,,,,,,SRB00001
2015-07-06,3242.4,0.0,28.32,0.03782281427227721,0.06508297358798795,0.05188963032920967,0.2034962881048556,0.10338269203469044,0.0553932474427545,0.08382571131299715,0.16045005128197787,0.1941725025337612,,,,,,,SRB00001
2015-07-07,3110.72,0.0,30.0,0.03739910774870113,0.06446114636470648,0.05165808234317354,0.2013044315089579,0.1020504284693279,0.0548211737546905,0.08382571131299715,0.16045005128197787,0.1941725025337612,,,,,,,SRB00001
2015-07-08,2998.16,9.62,28.89,0.03697540122512504,0.06383931914142503,0.05142653435713741,0.1991125749130602,0.10071816490396533,0.0542491000666265,0.08382571131299715,0.16045005128197787,0.1941725025337612,9.9,0.103,1.10835394,386.0,2.3,0.0166,SRB00001
2015-07-09,2929.89,1.17,20.89,0.03655169470154896,0.06321749191814358,0.051194986371101286,0.1969207183171625,0.09938590133860277,0.053677026378562503,0.08382571131299715,0.16045005128197787,0.1941725025337612,,,,,,,SRB00001
2015-07-10,2903.02,0.0,20.4,0.03612798817797287,0.06259566469486212,0.05096343838506516,0.1947288617212648,0.09805363777324021,0.0531049526904985,0.08382571131299715,0.16045005128197787,0.1941725025337612,,,,,,,SRB00001
2015-07-11,2923.15,0.0,23.16,0.03570428165439679,0.06197383747158066,0.05073189039902903,0.19253700512536712,0.09672137420787766,0.0525328790024345,0.08382571131299715,0.16045005128197787,0.1941725025337612,,,,,,,SRB00001
2015-07-12,2970.67,0.0,26.07,0.0352805751308207,0.0613520102482992,0.0505003424129929,0.1903451485294694,0.0953891106425151,0.0519608053143705,0.08382571131299715,0.16045005128197787,0.1941725025337612,,,,,,,SRB00001
2015-07-13,3039.89,2.02,22.01,0.035171430250651836,0.060760645590590356,0.04977958210807048,0.19109470434774634,0.09655717593756641,0.052528124175970047,0.08382571131299715,0.16045005128197787,0.1941725025337612,,,,,,,SRB00001
2015-07-14,3046.89,0.02,23.64,0.03506228537048297,0.060169280932881514,0.04905882180314806,0.19184426016602324,0.09772524123261772,0.05309544303756959,0.08382571131299715,0.16045005128197787,0.1941725025337612,,,,,,,SRB00001
2015-07-15,2943.42,0.05,26.03,0.0349531404903141,0.059577916275172664,0.048338061498225636,0.19259381598430017,0.09889330652766903,0.05366276189916913,0.08382571131299715,0.16045005128197787,0.1941725025337612,,,,,,,SRB00001
2015-07-16,2797.98,0.0,28.2,0.034843995610145236,0.05898655161746382,0.047617301193303214,0.1933433718025771,0.10006137182272035,0.05423008076076868,0.08382571131299715,0.16045005128197787,0.1941725025337612,,,,,,,SRB00001
2015-07-17,2659.72,0.46,29.87,0.03473485072997637,0.05839518695975498,0.046896540888380786,0.194092927620854,0.10122943711777165,0.05479739962236822,0.08382571131299715,0.16045005128197787,0.1941725025337612,,,,,,,SRB00001
2015-07-18,2563.48,2.23,30.04,0.0346257058498075,0.057803822302046136,0.046175780583458365,0.19484248343913094,0.10239750241282296,0.05536471848396777,0.08382571131299715,0.16045005128197787,0.1941725025337612,,,,,,,SRB00001
2015-07-19,2493.6,0.41,30.51,0.034516560969638635,0.057212457644337286,0.04545502027853594,0.19559203925740787,0.10356556770787427,0.05593203734556731,0.08382571131299715,0.16045005128197787,0.1941725025337612,,,,,,,SRB00001
2015-07-20,2431.2,0.0,29.08,0.03440741608946977,0.056621092986628443,0.04473425997361352,0.19634159507568477,0.10473363300292558,0.056499356207166854,0.08382571131299715,0.16045005128197787,0.1941725025337612,,,,,,,SRB00001
2015-07-21,2364.92,0.0,29.67,0.0342982712093009,0.0560297283289196,0.0440134996686911,0.1970911508939617,0.1059016982979769,0.0570666750687664,0.08382571131299715,0.16045005128197787,0.1941725025337612,,,,,,,SRB00001
2015-07-22,2284.6,0.0,31.31,0.03790205559032994,0.0588858225575937,0.046220477969565216,0.19593757953592045,0.11040245912373248,0.06111096856735255,0.08382571131299715,0.16045005128197787,0.1941725025337612,,,,,,,SRB00001
2015-07-23,2222.31,3.28,31.61,0.041505839971358975,0.0617419167862678,0.048427456270439324,0.19478400817787922,0.11490321994948807,0.0651552620659387,0.08382571131299715,0.16045005128197787,0.1941725025337612,,,,,,,SRB00001
2015-07-24,2181.73,0.31,29.63,0.04510962435238801,0.0645980110149419,0.05063443457131343,0.19363043681983796,0.11940398077524367,0.06919955556452485,0.08382571131299715,0.16045005128197787,0.1941725025337612,,,,,,,SRB00001
2015-07-25,2161.72,0.56,29.72,0.04871340873341705,0.067454105243616,0.05284141287218755,0.1924768654617967,0.12390474160099925,0.073243849063111,0.08382571131299715,0.16045005128197787,0.1941725025337612,,,,,,,SRB00001
2015-07-26,2156.74,2.42,21.75,0.04772479495801254,0.06682605859432814,0.052206065136286485,0.19261332326156066,0.12226258137555296,0.07181319339707834,0.08302339240559807,0.15897560892045898,0.1924140914238027,,,,,,,SRB00001
2015-07-27,2176.71,5.1,21.63,0.04673618118260803,0.06619801194504027,0.05157071740038542,0.19274978106132465,0.12062042115010665,0.07038253773104569,0.08222107349819897,0.15750116655894011,0.1906556803138442,,,,,,,SRB00001
2015-07-28,2242.88,0.01,22.95,0.04574756740720351,0.0655699652957524,0.050935369664484365,0.1928862388610886,0.11897826092466036,0.06895188206501303,0.08141875459079989,0.15602672419742122,0.1888972692038857,,,,,,,SRB00001
2015-07-29,2343.23,0.03,24.79,0.044758953631799,0.06494191864646454,0.0503000219285833,0.19302269666085256,0.11733610069921406,0.06752122639898037,0.0806164356834008,0.15455228183590233,0.1871388580939272,,,,,,,SRB00001
2015-07-30,2465.04,0.74,20.83,0.04377033985639449,0.06431387199717667,0.04966467419268224,0.19315915446061654,0.11569394047376777,0.0660905707329477,0.07981411677600171,0.15307783947438347,0.1853804469839687,,,,,,,SRB00001
2015-07-31,2569.4,2.81,19.15,0.04278172608098997,0.0636858253478888,0.04902932645678117,0.1932956122603805,0.11405178024832147,0.06465991506691506,0.07901179786860262,0.15160339711286458,0.1836220358740102,,,,,,,SRB00001
2015-08-01,2659.72,0.0,22.99,0.04179311230558546,0.06305777869860094,0.04839397872088011,0.19343207006014446,0.11240962002287518,0.06322925940088239,0.07820947896120353,0.1501289547513457,0.1818636247640517,,,,,,,SRB00001
2015-08-02,2778.71,3.85,25.03,0.04080449853018095,0.06242973204931307,0.047758630984979046,0.19356852785990844,0.11076745979742889,0.06179860373484974,0.07740716005380444,0.1486545123898268,0.1801052136540932,,,,,,,SRB00001
2015-08-03,2916.43,2.12,25.98,0.03981588475477644,0.0618016854000252,0.04712328324907799,0.1937049856596724,0.10912529957198258,0.060367948068817075,0.07660484114640535,0.14718007002830794,0.1783468025441347,,,,,,,SRB00001
2015-08-04,2950.21,0.69,27.21,0.03882727097937193,0.061173638750737336,0.046487935513176926,0.19384144345943635,0.10748313934653629,0.05893729240278442,0.07580252223900626,0.14570562766678904,0.1765883914341762,,,,,,,SRB00001
2015-08-05,2876.4,0.77,28.08,0.03783865720396741,0.06054559210144947,0.04585258777727586,0.19397790125920034,0.10584097912108999,0.057506636736751764,0.07500020333160717,0.14423118530527015,0.1748299803242177,10.2,0.102,0.91873738,376.0,1.0,0.0343,SRB00001
2015-08-06,2797.98,0.11,28.82,0.0368500434285629,0.0599175454521616,0.0452172400413748,0.1941143590589643,0.1041988188956437,0.0560759810707191,0.07419788442420808,0.1427567429437513,0.1730715692142592,,,,,,,SRB00001
2015-08-07,2759.58,0.0,29.69,0.0461957637513306,0.0636135402275534,0.0476099620414801,0.1693446270944578,0.1045673449946784,0.0615829439679458,0.073395565516809,0.1412823005822324,0.1713131581043007,,,,,,,SRB00001
2015-08-08,2702.96,0.0,29.93,0.04429356817480255,0.06315765783474055,0.047676279924855736,0.173052318807517,0.10415525188006805,0.06061785360945142,0.07503097938883733,0.14367231575436748,0.1738343072486693,,,,,,,SRB00001
2015-08-09,2581.26,0.0,28.65,0.0423913725982745,0.0627017754419277,0.04774259780823137,0.17676001052057624,0.1037431587654577,0.05965276325095704,0.07666639326086566,0.1460623309265026,0.17635545639303793,,,,,,,SRB00001
2015-08-10,2436.81,0.0,28.86,0.04048917702174645,0.062245893049114855,0.047808915691607,0.18046770223363545,0.10333106565084735,0.05868767289246265,0.078301807132894,0.14845234609863767,0.17887660553740653,,,,,,,SRB00001
2015-08-11,2305.75,0.0,29.27,0.0385869814452184,0.061790010656302,0.047875233574982634,0.18417539394669466,0.102918972536237,0.05772258253396827,0.07993722100492234,0.15084236127077277,0.18139775468177516,,,,,,,SRB00001
2015-08-12,2201.93,0.0,29.94,0.03668478586869035,0.06133412826348915,0.04794155145835827,0.1878830856597539,0.10250687942162665,0.056757492175473885,0.08157263487695068,0.15323237644290785,0.18391890382614376,,,,,,,SRB00001
2015-08-13,2122.24,0.32,30.27,0.0347825902921623,0.0608782458706763,0.0480078693417339,0.1915907773728131,0.1020947863070163,0.0557924018169795,0.08320804874897901,0.15562239161504296,0.1864400529705124,,,,,,,SRB00001
2015-08-14,2059.63,0.0,30.33,0.05461943992023115,0.0712570571977714,0.0561833694037732,0.18554188909704833,0.1220972895329129,0.07129302419061109,0.08484346262100735,0.15801240678717804,0.188961202114881,,,,,,,SRB00001
2015-08-15,2012.72,0.01,30.61,0.05419549755862163,0.07091285891623678,0.05544031423079764,0.18401373635700136,0.11986680924690521,0.06968830026419374,0.0836801863285843,0.15661188892862055,0.18725127358076338,,,,,,,SRB00001
2015-08-16,1966.89,14.57,26.43,0.05377155519701211,0.07056866063470214,0.05469725905782209,0.18248558361695436,0.11763632896089753,0.0680835763377764,0.08251691003616127,0.15521137107006305,0.18554134504664577,,,,,,,SRB00001
2015-08-17,1939.89,10.99,21.88,0.05334761283540259,0.07022446235316752,0.053954203884846536,0.18095743087690738,0.11540584867488983,0.06647885241135905,0.08135363374373822,0.15381085321150556,0.18383141651252816,,,,,,,SRB00001
2015-08-18,1953.34,2.1,21.17,0.05292367047379307,0.0698802640716329,0.053211148711870986,0.17942927813686038,0.11317536838888213,0.06487412848494171,0.08019035745131518,0.1524103353529481,0.18212148797841057,,,,,,,SRB00001
2015-08-19,2040.74,6.57,20.09,0.05249972811218355,0.06953606579009827,0.05246809353889543,0.1779011253968134,0.11094488810287445,0.06326940455852437,0.07902708115889213,0.1510098174943906,0.18041155944429296,,,,,,,SRB00001
2015-08-20,2237.72,12.46,19.17,0.05207578575057403,0.06919186750856365,0.05172503836591988,0.1763729726567664,0.10871440781686675,0.06166468063210702,0.0778638048664691,0.1496092996358331,0.17870163091017535,,,,,,,SRB00001
2015-08-21,2611.16,0.89,19.18,0.051651843388964516,0.06884766922702903,0.05098198319294432,0.17484481991671944,0.10648392753085906,0.06005995670568967,0.07670052857404605,0.14820878177727562,0.17699170237605774,,,,,,,SRB00001
2015-08-22,3082.19,3.67,18.55,0.051227901027355,0.06850347094549442,0.05023892801996877,0.17331666717667243,0.10425344724485136,0.05845523277927232,0.07553725228162302,0.14680826391871812,0.17528177384194013,,,,,,,SRB00001
2015-08-23,3317.94,0.03,19.63,0.050803958665745476,0.06815927266395978,0.049495872846993215,0.17178851443662546,0.10202296695884368,0.05685050885285498,0.07437397598919997,0.14540774606016063,0.17357184530782252,,,,,,,SRB00001
2015-08-24,3295.1,0.0,22.8,0.05038001630413596,0.06781507438242516,0.048752817674017665,0.17026036169657846,0.09979248667283598,0.055245784926437634,0.07321069969677693,0.14400722820160317,0.17186191677370494,,,,,,,SRB00001
2015-08-25,3146.75,1.35,22.06,0.04995607394252644,0.06747087610089054,0.04800976250104211,0.1687322089565315,0.09756200638682828,0.053641061000020286,0.07204742340435388,0.14260671034304567,0.17015198823958733,,,,,,,SRB00001
2015-08-26,2950.21,4.93,20.63,0.04953213158091692,0.06712667781935591,0.04726670732806656,0.1672040562164845,0.0953315261008206,0.052036337073602945,0.07088414711193085,0.14120619248448818,0.16844205970546972,,,,,,,SRB00001
2015-08-27,2740.57,0.0,24.94,0.0491081892193074,0.0667824795378213,0.046523652155091,0.1656759034764375,0.0931010458148129,0.0504316131471856,0.0697208708195078,0.1398056746259307,0.1667321311713521,,,,,,,SRB00001
2015-08-28,2539.97,0.0,26.55,0.04008635138721925,0.060329674955630894,0.0430745966743128,0.16863826584280195,0.09059761682694226,0.04779778423501035,0.06945965919520196,0.13983873845295045,0.1667805793847878,,,,,,,SRB00001
2015-08-29,2386.81,0.0,27.51,0.0310645135551311,0.0538768703734405,0.0396255411935346,0.1716006282091664,0.0880941878390716,0.0451639553228351,0.06919844757089613,0.13987180227997018,0.1668290275982235,,,,,,,SRB00001
2015-08-30,2279.34,0.0,28.27,0.03119420368818679,0.05403983807542139,0.03958090523609403,0.17260337276044116,0.08850360956683709,0.04553686605378782,0.06893723594659029,0.13990486610698993,0.16687747581165915,,,,,,,SRB00001
2015-08-31,2207.01,0.0,27.79,0.031323893821242475,0.05420280577740228,0.03953626927865347,0.1736061173117159,0.08891303129460257,0.04590977678474054,0.06867602432228445,0.1399379299340097,0.16692592402509485,,,,,,,SRB00001
2015-09-01,2132.04,0.0,27.46,0.03145358395429817,0.054365773479383164,0.0394916333212129,0.17460886186299063,0.08932245302236806,0.04628268751569326,0.06841481269797862,0.13997099376102942,0.16697437223853054,,,,,,,SRB00001
2015-09-02,2045.45,0.01,25.3,0.031583274087353855,0.054528741181364054,0.039446997363772336,0.17561160641426538,0.08973187475013356,0.04665559824664599,0.06815360107367278,0.14000405758804918,0.16702282045196623,9.1,0.094,0.95034014,413.0,3.2,0.0107,SRB00001
2015-09-03,1957.84,0.18,24.85,0.03171296422040954,0.054691708883344944,0.039402361406331764,0.17661435096554012,0.09014129647789904,0.04702850897759871,0.06789238944936694,0.14003712141506894,0.16707126866540192,,,,,,,SRB00001
2015-09-04,1886.99,1.06,23.71,0.031842654353465234,0.054854676585325834,0.0393577254488912,0.17761709551681487,0.09055071820566453,0.04740141970855143,0.06763117782506112,0.14007018524208867,0.16711971687883762,,,,,,,SRB00001
2015-09-05,1844.02,13.66,19.76,0.03197234448652092,0.05501764428730672,0.03931308949145063,0.1786198400680896,0.09096013993343002,0.04777433043950415,0.06736996620075528,0.14010324906910843,0.16716816509227328,,,,,,,SRB00001
2015-09-06,1856.8,1.57,16.51,0.032102034619576614,0.05518061198928761,0.03926845353401007,0.17962258461936434,0.0913695616611955,0.04814724117045688,0.06710875457644945,0.14013631289612816,0.16721661330570897,,,,,,,SRB00001
2015-09-07,1989.67,0.01,15.24,0.0322317247526323,0.0553435796912685,0.0392238175765695,0.1806253291706391,0.091778983388961,0.0485201519014096,0.06684754295214361,0.14016937672314791,0.16726506151914466,,,,,,,SRB00001
2015-09-08,2295.15,0.0,15.02,0.03396094247582193,0.05648882767213595,0.03959559117365147,0.1794057738903663,0.09276627105900827,0.04810496892195083,0.06658633132783777,0.14020244055016767,0.16731350973258036,,,,,,,SRB00001
2015-09-09,2593.18,0.0,15.38,0.03569016019901157,0.0576340756530034,0.039967364770733434,0.17818621861009348,0.09375355872905553,0.04768978594249206,0.06632511970353194,0.1402355043771874,0.16736195794601605,,,,,,,SRB00001
2015-09-10,2727.98,3.96,14.18,0.0374193779222012,0.05877932363387085,0.0403391383678154,0.1769666633298207,0.0947408463991028,0.0472746029630333,0.0660639080792261,0.14026856820420716,0.16741040615945174,,,,,,,SRB00001
2015-09-11,2727.98,1.47,15.73,0.03914859564539083,0.0599245716147383,0.040710911964897366,0.1757471080495479,0.09572813406915007,0.046859419983574534,0.06580269645492026,0.14030163203122692,0.1674588543728874,,,,,,,SRB00001
2015-09-12,2641.41,0.01,17.0,0.04087781336858047,0.06106981959560575,0.04108268556197933,0.1745275527692751,0.09671542173919732,0.04644423700411576,0.06554148483061444,0.14033469585824665,0.1675073025863231,,,,,,,SRB00001
2015-09-13,2528.3,0.0,18.68,0.0426070310917701,0.0622150675764732,0.0414544591590613,0.1733079974890023,0.0977027094092446,0.046029054024657,0.0652802732063086,0.1403677596852664,0.1675557507997588,,,,,,,SRB00001
2015-09-14,2397.83,0.03,22.53,0.0329021384722409,0.057772229071423,0.0424495697362148,0.1740660820665267,0.0909506510339467,0.047126901533538,0.0652556476814675,0.13952134501962318,0.166444938346395,,,,,,,SRB00001
2015-09-15,2274.1,0.05,25.44,0.03244406898776542,0.05722105141642493,0.04202603165181982,0.17362568173866036,0.09095714763323305,0.04718113262142257,0.06523102215662638,0.13867493035397999,0.1653341258930312,,,,,,,SRB00001
2015-09-16,2161.72,0.0,25.25,0.03198599950328994,0.05666987376142687,0.04160249356742484,0.173185281410794,0.09096364423251942,0.04723536370930713,0.06520639663178528,0.13782851568833676,0.16422331343966742,,,,,,,SRB00001
2015-09-17,2064.38,0.0,27.63,0.031527930018814466,0.0561186961064288,0.04117895548302986,0.17274488108292768,0.09097014083180577,0.0472895947971917,0.06518177110694418,0.13698210102269354,0.16311250098630362,,,,,,,SRB00001
2015-09-18,1994.26,0.0,26.44,0.031069860534338987,0.055567518451430736,0.040755417398634884,0.17230448075506133,0.09097663743109212,0.04734382588507627,0.06515714558210306,0.13613568635705034,0.16200168853293984,,,,,,,SRB00001
2015-09-19,1948.84,0.14,22.38,0.03061179104986351,0.05501634079643267,0.04033187931423991,0.17186408042719498,0.09098313403037848,0.04739805697296083,0.06513252005726196,0.13528927169140711,0.16089087607957603,,,,,,,SRB00001
2015-09-20,1935.42,8.86,17.6,0.030153721565388033,0.054465163141434604,0.039908341229844935,0.17142368009932862,0.09098963062966484,0.0474522880608454,0.06510789453242084,0.1344428570257639,0.15978006362621225,,,,,,,SRB00001
2015-09-21,1948.84,0.0,15.65,0.029695652080912554,0.053913985486436534,0.039484803145449957,0.1709832797714623,0.09099612722895119,0.04750651914872997,0.06508326900757974,0.1335964423601207,0.15866925117284844,,,,,,,SRB00001
2015-09-22,1985.1,0.0,16.65,0.02923758259643708,0.05336280783143847,0.03906126506105498,0.17054287944359595,0.09100262382823755,0.04756075023661453,0.06505864348273864,0.13275002769447747,0.15755843871948466,,,,,,,SRB00001
2015-09-23,2022.02,0.0,19.22,0.0287795131119616,0.0528116301764404,0.03863772697666,0.1701024791157296,0.0910091204275239,0.0476149813244991,0.06503401795789752,0.13190361302883424,0.15644762626612085,,,,,,,SRB00001
2015-09-24,2064.38,1.06,19.12,0.028999291514518563,0.053198900578584084,0.03912458132729878,0.16941651209924008,0.09114803286920876,0.04792259205253857,0.06500939243305642,0.13105719836319102,0.15533681381275707,,,,,,,SRB00001
2015-09-25,2112.49,10.17,15.67,0.029219069917075523,0.053586170980727765,0.039611435677937554,0.16873054508275057,0.09128694531089361,0.04823020278057804,0.06498476690821532,0.13021078369754782,0.1542260013593933,,,,,,,SRB00001
2015-09-26,2186.76,4.75,14.81,0.029438848319632487,0.05397344138287145,0.040098290028576324,0.16804457806626105,0.09142585775257847,0.04853781350861751,0.0649601413833742,0.1293643690319046,0.1531151889060295,,,,,,,SRB00001
2015-09-27,2343.23,1.49,14.91,0.029658626722189448,0.05436071178501513,0.0405851443792151,0.16735861104977154,0.09156477019426333,0.04884542423665698,0.0649355158585331,0.12851795436626137,0.1520043764526657,,,,,,,SRB00001
2015-09-28,2563.48,2.05,12.71,0.02987840512474641,0.05474798218715881,0.04107199872985388,0.16667264403328202,0.09170368263594818,0.049153034964696446,0.06491089033369199,0.12767153970061818,0.1508935639993019,,,,,,,SRB00001
2015-09-29,2727.98,1.63,12.77,0.030098183527303375,0.05513525258930249,0.04155885308049265,0.1659866770167925,0.09184259507763304,0.049460645692735915,0.06488626480885089,0.12682512503497495,0.14978275154593812,,,,,,,SRB00001
2015-09-30,2709.19,0.07,12.41,0.030317961929860335,0.05552252299144617,0.042045707431131424,0.165300710000303,0.0919815075193179,0.049768256420775384,0.06486163928400979,0.12597871036933173,0.1486719390925743,,,,,,,SRB00001
2015-10-01,2581.26,0.0,11.84,0.0305377403324173,0.055909793393589854,0.0425325617817702,0.16461474298381346,0.09212041996100276,0.05007586714881485,0.06483701375916867,0.12513229570368853,0.14756112663921053,,,,,,,SRB00001
2015-10-02,2420.03,0.0,13.69,0.030757518734974263,0.05629706379573353,0.04301941613240898,0.16392877596732394,0.0922593324026876,0.05038347787685432,0.06481238823432757,0.1242858810380453,0.14645031418584673,,,,,,,SRB00001
2015-10-03,2268.86,0.0,14.84,0.030977297137531223,0.05668433419787721,0.043506270483047754,0.16324280895083443,0.09239824484437247,0.05069108860489379,0.06478776270948647,0.12343946637240209,0.14533950173248295,,,,,,,SRB00001
2015-10-04,2122.24,0.01,17.72,0.031197075540088187,0.05707160460002089,0.043993124833686524,0.16255684193434491,0.09253715728605733,0.05099869933293326,0.06476313718464535,0.12259305170675887,0.14422868927911914,,,,,,,SRB00001
2015-10-05,2003.47,2.7,16.11,0.03141685394264515,0.057458875002164574,0.0444799791843253,0.1618708749178554,0.09267606972774217,0.05130631006097273,0.06473851165980425,0.12174663704111566,0.14311787682575536,,,,,,,SRB00001
2015-10-06,1904.46,0.02,15.42,0.031636632345202115,0.057846145404308255,0.04496683353496408,0.1611849079013659,0.09281498216942703,0.051613920789012196,0.06471388613496315,0.12090022237547245,0.14200706437239158,,,,,,,SRB00001
2015-10-07,1827.1,0.52,15.94,0.03185641074775907,0.05823341580645194,0.04545368788560285,0.16049894088487637,0.09295389461111189,0.051921531517051665,0.06468926061012203,0.12005380770982922,0.14089625191902777,9.6,0.07,1.09029522,448.0,1.1,0.0071,SRB00001
2015-10-08,1789.61,4.88,11.97,0.032076189150316035,0.05862068620859562,0.045940542236241624,0.15981297386838686,0.09309280705279674,0.052229142245091134,0.06466463508528093,0.11920739304418601,0.139785439465664,,,,,,,SRB00001
2015-10-09,1793.73,0.09,12.32,0.032295967552873,0.0590079566107393,0.0464273965868804,0.15912700685189735,0.0932317194944816,0.052536752973130596,0.06464000956043982,0.11836097837854279,0.13867462701230018,,,,,,,SRB00001
2015-10-10,1878.32,10.69,11.79,0.03251574595542996,0.05939522701288298,0.04691425093751918,0.15844103983540783,0.09337063193616646,0.052844363701170065,0.06461538403559872,0.11751456371289958,0.1375638145589364,,,,,,,SRB00001
2015-10-11,2253.24,34.47,10.77,0.03273552435798693,0.05978249741502666,0.047401105288157955,0.15775507281891832,0.0935095443778513,0.053151974429209534,0.06459075851075761,0.11666814904725636,0.1364530021055726,,,,,,,SRB00001
2015-10-12,2977.52,0.98,6.62,0.032955302760543884,0.060169767817170344,0.047887959638796725,0.1570691058024288,0.09364845681953617,0.053459585157249,0.0645661329859165,0.11582173438161314,0.13534218965220882,,,,,,,SRB00001
2015-10-13,3257.37,1.64,9.11,0.03317508116310085,0.060557038219314026,0.0483748139894355,0.1563831387859393,0.09378736926122103,0.05376719588528847,0.0645415074610754,0.11497531971596993,0.134231377198845,,,,,,,SRB00001
2015-10-14,3139.51,11.71,10.54,0.03339485956565781,0.06094430862145771,0.04886166834007428,0.15569717176944978,0.09392628170290587,0.05407480661332794,0.0645168819362343,0.11412890505032672,0.13312056474548123,,,,,,,SRB00001
2015-10-15,2991.27,15.7,13.25,0.033614637968214775,0.06133157902360139,0.04934852269071305,0.15501120475296026,0.09406519414459073,0.05438241734136741,0.06449225641139318,0.11328249038468349,0.13200975229211742,,,,,,,SRB00001
2015-10-16,2950.21,11.77,12.72,0.03383441637077174,0.06171884942574507,0.049835377041351825,0.15432523773647075,0.0942041065862756,0.05469002806940688,0.06446763088655208,0.11243607571904028,0.13089893983875364,,,,,,,SRB00001
2015-10-17,2998.16,1.19,11.83,0.0340541947733287,0.062106119827888745,0.0503222313919906,0.15363927071998124,0.09434301902796044,0.05499763879744635,0.06444300536171098,0.11158966105339707,0.12978812738538986,,,,,,,SRB00001
2015-10-18,3068.02,0.13,11.65,0.03427397317588566,0.062493390230032426,0.05080908574262938,0.1529533037034917,0.0944819314696453,0.055305249525485815,0.06441837983686986,0.11074324638775385,0.12867731493202605,,,,,,,SRB00001
2015-10-19,3205.27,7.46,10.97,0.03449375157844262,0.06288066063217611,0.051295940093268155,0.15226733668700218,0.09462084391133016,0.055612860253525284,0.06439375431202876,0.10989683172211064,0.12756650247866227,,,,,,,SRB00001
2015-10-20,3371.87,1.38,8.46,0.03471352998099959,0.0632679310343198,0.051782794443906925,0.15158136967051267,0.09475975635301502,0.05592047098156475,0.06436912878718765,0.10905041705646741,0.12645569002529847,,,,,,,SRB00001
2015-10-21,3474.36,0.02,7.66,0.03493330838355655,0.06365520143646347,0.0522696487945457,0.15089540265402315,0.09489866879469987,0.05622808170960422,0.06434450326234654,0.1082040023908242,0.1253448775719347,,,,,,,SRB00001
2015-10-22,3466.37,0.02,7.62,0.035153086786113515,0.06404247183860716,0.05275650314518448,0.15020943563753364,0.09503758123638473,0.05653569243764369,0.06431987773750544,0.10735758772518099,0.1242340651185709,,,,,,,SRB00001
2015-10-23,3371.87,0.02,8.14,0.03537286518867047,0.06442974224075083,0.05324335749582325,0.14952346862104413,0.09517649367806959,0.05684330316568316,0.06429525221266433,0.10651117305953776,0.1231232526652071,,,,,,,SRB00001
2015-10-24,3279.95,0.01,7.45,0.035592643591227435,0.06481701264289452,0.053730211846462025,0.1488375016045546,0.09531540611975443,0.05715091389372263,0.06427062668782323,0.10566475839389455,0.1220124402118433,,,,,,,SRB00001
2015-10-25,3197.9,0.0,8.72,0.0358124219937844,0.0652042830450382,0.0542170661971008,0.1481515345880651,0.0954543185614393,0.0574585246217621,0.06424600116298212,0.10481834372825134,0.12090162775847951,,,,,,,SRB00001
2015-10-26,3060.96,0.0,9.03,0.0353685728735468,0.06359030693851202,0.05265720940249436,0.14449792075163329,0.0945229621979036,0.05680906047185548,0.06422137563814101,0.10397192906260812,0.11979081530511572,,,,,,,SRB00001
2015-10-27,2863.18,0.01,9.04,0.0349247237533092,0.061976330831985824,0.05109735260788791,0.14084430691520147,0.09359160583436789,0.05615959632194887,0.06419675011329991,0.1031255143969649,0.11868000285175193,,,,,,,SRB00001
2015-10-28,2659.72,0.04,8.84,0.0344808746330716,0.06036235472545964,0.04953749581328147,0.13719069307876966,0.09266024947083219,0.05551013217204225,0.06417212458845879,0.10227909973132168,0.11756919039838813,,,,,,,SRB00001
2015-10-29,2482.13,0.02,8.54,0.034037025512834,0.05874837861893346,0.04797763901867503,0.13353707924233785,0.0917288931072965,0.05486066802213564,0.06414749906361769,0.10143268506567847,0.11645837794502434,,,,,,,SRB00001
2015-10-30,2332.46,0.0,7.88,0.0335931763925964,0.05713440251240727,0.04641778222406859,0.12988346540590603,0.0907975367437608,0.054211203872229025,0.06412287353877659,0.10058627040003526,0.11534756549166054,,,,,,,SRB00001
2015-10-31,2212.09,0.0,7.15,0.0331493272723588,0.05552042640588108,0.04485792542946214,0.12622985156947422,0.08986618038022509,0.053561739722322414,0.06409824801393547,0.09973985573439204,0.11423675303829675,,,,,,,SRB00001
2015-11-01,2117.36,0.0,4.23,0.0327054781521212,0.0539064502993549,0.0432980686348557,0.1225762377330424,0.0889348240166894,0.0529122755724158,0.06407362248909437,0.09889344106874882,0.11312594058493297,,,,,,,SRB00001
2015-11-02,2031.36,0.0,4.14,0.032342734990705134,0.053375042712947754,0.04319082814409122,0.12123856439802987,0.09065101822195472,0.054311469146758246,0.06404899696425327,0.09804702640310561,0.11201512813156918,,,,,,,SRB00001
2015-11-03,1957.84,0.0,4.26,0.031979991829289074,0.052843635126540604,0.043083587653326746,0.11990089106301734,0.09236721242722004,0.055710662721100694,0.06402437143941216,0.09720061173746239,0.11090431567820538,,,,,,,SRB00001
2015-11-04,1895.71,0.0,5.94,0.03161724866787301,0.05231222754013346,0.04297634716256227,0.11856321772800481,0.09408340663248536,0.05710985629544315,0.06399974591457105,0.09635419707181918,0.10979350322484159,,,,,,,SRB00001
2015-11-05,1839.77,0.01,5.15,0.03125450550645695,0.05178081995372632,0.04286910667179779,0.11722554439299228,0.09579960083775069,0.0585090498697856,0.06397512038972995,0.09550778240617597,0.1086826907714778,,,,,,,SRB00001
2015-11-06,1793.73,0.04,5.64,0.030891762345040884,0.05124941236731917,0.04276186618103331,0.11588787105797975,0.09751579504301601,0.05990824344412805,0.06395049486488884,0.09466136774053274,0.107571878318114,,,,,,,SRB00001
2015-11-07,1748.85,0.01,7.12,0.030529019183624818,0.05071800478091203,0.04265462569026884,0.1145501977229672,0.09923198924828135,0.061307437018470495,0.06392586934004774,0.09381495307488953,0.10646106586475021,,,,,,,SRB00001
2015-11-08,1705.08,0.0,10.81,0.030166276022208754,0.05018659719450488,0.04254738519950436,0.11321252438795468,0.10094818345354667,0.06270663059281295,0.06390124381520662,0.0929685384092463,0.10535025341138642,,,,,,,SRB00001
2015-11-09,1666.25,0.02,11.37,0.02980353286079269,0.049655189608097734,0.04244014470873988,0.11187485105294215,0.10266437765881199,0.06410582416715539,0.06387661829036552,0.0921221237436031,0.10423944095802262,,,,,,,SRB00001
2015-11-10,1628.3,0.01,13.5,0.029440789699376628,0.04912378202169059,0.0423329042179754,0.11053717771792962,0.10438057186407732,0.06550501774149785,0.06385199276552442,0.09127570907795989,0.10312862850465883,,,,,,,SRB00001
2015-11-11,1598.56,0.05,13.69,0.029078046537960565,0.04859237443528344,0.04222566372721093,0.10919950438291709,0.10609676606934264,0.06690421131584029,0.0638273672406833,0.09042929441231666,0.10201781605129505,,,,,,,SRB00001
2015-11-12,1572.98,0.0,11.89,0.0287153033765445,0.0480609668488763,0.04211842323644645,0.10786183104790456,0.10781296027460796,0.06830340489018275,0.0638027417158422,0.08958287974667345,0.10090700359793126,11.1,0.097,1.6478582,496.0,1.7,0.0012,SRB00001
2015-11-13,1558.55,0.0,9.6,0.02886562731950958,0.048240176622755974,0.042308320227287664,0.10757271514376059,0.10753361899144713,0.06820592339792413,0.06392023661148491,0.08985149236774204,0.10125903460573578,,,,,,,SRB00001
2015-11-14,1544.25,0.01,8.88,0.029015951262474658,0.04841938639663565,0.04249821721812888,0.10728359923961663,0.10725427770828629,0.06810844190566552,0.0640377315071276,0.09012010498881062,0.1016110656135403,,,,,,,SRB00001
2015-11-15,1537.15,0.01,9.05,0.029166275205439737,0.04859859617051533,0.042688114208970104,0.10699448333547265,0.10697493642512546,0.0680109604134069,0.06415522640277031,0.09038871760987922,0.10196309662134483,,,,,,,SRB00001
2015-11-16,1526.57,0.04,12.91,0.029316599148404815,0.04877780594439501,0.04287801119981132,0.10670536743132869,0.10669559514196461,0.0679134789211483,0.06427272129841302,0.09065733023094781,0.10231512762914935,,,,,,,SRB00001
2015-11-17,1519.55,0.0,10.0,0.029466923091369893,0.04895701571827468,0.04306790819065254,0.10641625152718472,0.10641625385880378,0.06781599742888968,0.06439021619405572,0.0909259428520164,0.10266715863695387,,,,,,,SRB00001
2015-11-18,1516.05,0.0,10.15,0.02961724703433497,0.04913622549215436,0.043257805181493754,0.10612713562304076,0.10613691257564294,0.06771851593663106,0.06450771108969842,0.09119455547308498,0.1030191896447584,,,,,,,SRB00001
2015-11-19,1523.05,0.01,8.49,0.02976757097730005,0.04931543526603404,0.04344770217233498,0.10583801971889678,0.1058575712924821,0.06762103444437245,0.06462520598534113,0.09146316809415359,0.10337122065256292,,,,,,,SRB00001
2015-11-20,1547.82,0.01,10.41,0.02991789492026513,0.049494645039913715,0.043637599163176194,0.10554890381475282,0.10557823000932126,0.06752355295211383,0.06474270088098383,0.09173178071522217,0.10372325166036744,,,,,,,SRB00001
2015-11-21,1598.56,19.8,6.27,0.030068218863230207,0.04967385481379339,0.04382749615401741,0.10525978791060885,0.10529888872616043,0.06742607145985523,0.06486019577662654,0.09200039333629076,0.10407528266817197,,,,,,,SRB00001
2015-11-22,1654.77,8.25,1.89,0.030218542806195285,0.049853064587673065,0.04401739314485863,0.10497067200646489,0.10501954744299959,0.06732858996759661,0.06497769067226924,0.09226900595735935,0.10442731367597649,,,,,,,SRB00001
2015-11-23,1709.02,0.0,1.75,0.03036886674916036,0.05003227436155275,0.04420729013569985,0.10468155610232091,0.10474020615983876,0.06723110847533799,0.06509518556791194,0.09253761857842793,0.10477934468378101,,,,,,,SRB00001
2015-11-24,1848.27,0.44,0.73,0.03051919069212544,0.05021148413543242,0.04439718712654107,0.10439244019817695,0.10446086487667791,0.06713362698307938,0.06521268046355465,0.09280623119949653,0.10513137569158554,,,,,,,SRB00001
2015-11-25,2232.57,0.27,0.23,0.030669514635090517,0.0503906939093121,0.044587084117382283,0.10410332429403298,0.10418152359351708,0.06703614549082076,0.06533017535919736,0.09307484382056512,0.10548340669939006,,,,,,,SRB00001
2015-11-26,2623.22,1.52,-0.06,0.030819838578055595,0.05056990368319177,0.0447769811082235,0.10381420838988902,0.10390218231035624,0.06693866399856216,0.06544767025484007,0.09334345644163371,0.10583543770719459,,,,,,,SRB00001
2015-11-27,2690.54,0.58,0.31,0.030970162521020674,0.05074911345707145,0.04496687809906472,0.10352509248574504,0.1036228410271954,0.06684118250630354,0.06556516515048276,0.0936120690627023,0.10618746871499911,,,,,,,SRB00001
2015-11-28,2599.16,6.0,0.25,0.031120486463985752,0.05092832323095113,0.04515677508990594,0.10323597658160108,0.10334349974403456,0.06674370101404492,0.06568266004612547,0.09388068168377088,0.10653949972280363,,,,,,,SRB00001
2015-11-29,2459.37,0.06,2.61,0.03127081040695083,0.051107533004830806,0.04534667208074716,0.1029468606774571,0.10306415846087373,0.06664621952178632,0.06580015494176818,0.09414929430483948,0.10689153073060816,,,,,,,SRB00001
2015-11-30,2295.15,0.1,5.19,0.03142113434991591,0.05128674277871048,0.04553656907158837,0.10265774477331314,0.10278481717771289,0.0665487380295277,0.06591764983741087,0.09441790692590807,0.10724356173841268,,,,,,,SRB00001
2015-12-01,2127.14,0.33,8.03,0.03157145829288099,0.051465952552590156,0.04572646606242959,0.10236862886916917,0.10250547589455206,0.06645125653726909,0.06603514473305358,0.09468651954697666,0.1075955927462172,,,,,,,SRB00001
2015-12-02,1980.53,0.03,5.98,0.03172178223584607,0.05164516232646984,0.04591636305327081,0.10207951296502521,0.10222613461139121,0.06635377504501047,0.06615263962869629,0.09495513216804524,0.10794762375402173,11.4,0.073,1.94808442,504.0,1.0,,SRB00001
2015-12-03,1873.99,0.02,5.57,0.031872106178811144,0.051824372100349514,0.04610626004411203,0.10179039706088124,0.10194679332823038,0.06625629355275185,0.06627013452433898,0.09522374478911384,0.10829965476182625,,,,,,,SRB00001
2015-12-04,1869.68,0.12,3.6,0.03202243012177622,0.05200358187422919,0.046296157034953246,0.10150128115673727,0.10166745204506955,0.06615881206049325,0.06638762941998169,0.09549235741018243,0.10865168576963077,,,,,,,SRB00001
2015-12-05,2112.49,0.07,3.56,0.0321727540647413,0.052182791648108864,0.04648605402579446,0.1012121652525933,0.1013881107619087,0.06606133056823463,0.0665051243156244,0.09576097003125102,0.1090037167774353,,,,,,,SRB00001
2015-12-06,2569.4,0.14,3.75,0.032323078007706375,0.05236200142198855,0.046675951016635686,0.10092304934844934,0.10110876947874788,0.06596384907597602,0.0666226192112671,0.0960295826523196,0.10935574778523982,,,,,,,SRB00001
2015-12-07,2753.23,0.2,2.19,0.03247340195067146,0.05254121119586822,0.0468658480074769,0.10063393344430537,0.10082942819558703,0.0658663675837174,0.0667401141069098,0.09629819527338819,0.10970777879304434,,,,,,,SRB00001
2015-12-08,2665.86,0.27,2.96,0.03262372589363653,0.0527204209697479,0.04705574499831812,0.1003448175401614,0.1005500869124262,0.06576888609145878,0.06685760900255251,0.09656680789445679,0.11005980980084887,,,,,,,SRB00001
2015-12-09,2534.13,0.53,3.17,0.032774049836601614,0.05289963074362757,0.047245641989159336,0.10005570163601743,0.10027074562926536,0.06567140459920018,0.0669751038981952,0.09683542051552538,0.11041184080865339,,,,,,,SRB00001
2015-12-10,2392.32,0.63,3.22,0.03292437377956669,0.05307884051750725,0.04743553898000055,0.09976658573187347,0.09999140434610453,0.06557392310694156,0.06709259879383792,0.09710403313659396,0.11076387181645792,,,,,,,SRB00001
2015-12-11,2242.88,0.07,1.36,0.03307469772253177,0.05325805029138693,0.047625435970841776,0.0994774698277295,0.09971206306294368,0.06547644161468295,0.06721009368948062,0.09737264575766255,0.11111590282426244,,,,,,,SRB00001
2015-12-12,2088.3,0.01,-0.28,0.033225021665496846,0.053437260065266605,0.04781533296168299,0.09918835392358553,0.09943272177978285,0.06537896012242433,0.06732758858512332,0.09764125837873114,0.11146793383206696,,,,,,,SRB00001
2015-12-13,1957.84,0.06,0.44,0.03337534560846193,0.05361646983914628,0.04800522995252421,0.09889923801944156,0.099153380496622,0.06528147863016572,0.06744508348076603,0.09790987099979974,0.11181996483987149,,,,,,,SRB00001
2015-12-14,1861.09,0.05,1.33,0.033525669551427,0.053795679613025955,0.048195126943365425,0.0986101221152976,0.09887403921346118,0.06518399713790711,0.06756257837640874,0.09817848362086833,0.11217199584767601,,,,,,,SRB00001
2015-12-15,1793.73,0.08,-0.12,0.033675993494392084,0.05397488938690564,0.04838502393420665,0.09832100621115362,0.09859469793030033,0.06508651564564849,0.06768007327205143,0.09844709624193691,0.11252402685548053,,,,,,,SRB00001
2015-12-16,1744.82,0.07,1.19,0.03382631743735716,0.05415409916078531,0.048574920925047865,0.09803189030700966,0.0983153566471395,0.06498903415338989,0.06779756816769414,0.0987157088630055,0.11287605786328506,,,,,,,SRB00001
2015-12-17,1693.34,0.07,-0.48,0.03397664138032224,0.05433330893466499,0.04876481791588908,0.09774277440286569,0.09803601536397866,0.06489155266113127,0.06791506306333685,0.0989843214840741,0.11322808887108958,,,,,,,SRB00001
2015-12-18,1643.37,0.03,-0.11,0.034126965323287316,0.05451251870854466,0.0489547149067303,0.09745365849872173,0.09775667408081783,0.06479407116887265,0.06803255795897954,0.09925293410514269,0.1135801198788941,,,,,,,SRB00001
2015-12-19,1598.56,0.37,1.25,0.0342772892662524,0.054691728482424345,0.04914461189757152,0.09716454259457775,0.09747733279765698,0.06469658967661404,0.06815005285462225,0.09952154672621127,0.11393215088669863,,,,,,,SRB00001
2015-12-20,1562.15,0.12,3.11,0.03442761320921747,0.05487093825630402,0.04933450888841274,0.0968754266904338,0.09719799151449615,0.06459910818435542,0.06826754775026496,0.09979015934727986,0.11428418189450315,,,,,,,SRB00001
2015-12-21,1530.09,0.1,3.69,0.034577937152182554,0.055050148030183696,0.049524405879253955,0.09658631078628982,0.09691865023133531,0.06450162669209682,0.06838504264590765,0.10005877196834845,0.11463621290230767,,,,,,,SRB00001
2015-12-22,1516.05,0.11,4.8,0.03472826109514763,0.05522935780406337,0.04971430287009517,0.09629719488214586,0.09663930894817448,0.0644041451998382,0.06850253754155036,0.10032738458941705,0.1149882439101122,,,,,,,SRB00001
2015-12-23,1533.62,0.05,4.99,0.03487858503811271,0.055408567577943046,0.04990419986093639,0.09600807897800188,0.09635996766501363,0.06430666370757958,0.06862003243719307,0.10059599721048564,0.11534027491791672,,,,,,,SRB00001
2015-12-24,1569.36,0.05,4.11,0.035028908981077786,0.05558777735182273,0.05009409685177761,0.09571896307385792,0.0960806263818528,0.06420918221532097,0.06873752733283578,0.10086460983155422,0.11569230592572124,,,,,,,SRB00001
2015-12-25,1591.21,0.06,3.63,0.03517923292404286,0.055766987125702404,0.05028399384261883,0.09542984716971395,0.09580128509869197,0.06411170072306235,0.06885502222847847,0.10113322245262281,0.11604433693352575,,,,,,,SRB00001
2015-12-26,1580.25,0.1,2.89,0.03532955686700794,0.05594619689958208,0.050473890833460044,0.09514073126556999,0.09552194381553113,0.06401421923080375,0.06897251712412118,0.1014018350736914,0.11639636794133028,,,,,,,SRB00001
2015-12-27,1554.97,0.14,1.81,0.03547988080997302,0.056125406673461754,0.05066378782430126,0.09485161536142601,0.0952426025323703,0.06391673773854513,0.06909001201976389,0.10167044769476,0.1167483989491348,,,,,,,SRB00001
2015-12-28,1523.05,0.04,1.24,0.0356302047529381,0.056304616447341437,0.050853684815142484,0.09456249945728205,0.09496326124920945,0.06381925624628651,0.06920750691540659,0.10193906031582858,0.11710042995693933,,,,,,,SRB00001
2015-12-29,1491.79,0.06,1.03,0.035780528695903174,0.05648382622122111,0.0510435818059837,0.09427338355313808,0.09468391996604862,0.0637217747540279,0.0693250018110493,0.10220767293689717,0.11745246096474385,,,,,,,SRB00001
2015-12-30,1467.93,0.0,-2.4,0.035930852638868256,0.05666303599510079,0.05123347879682492,0.09398426764899412,0.09440457868288778,0.06362429326176929,0.069442496706692,0.10247628555796576,0.11780449197254837,,,,,,,SRB00001
2015-12-31,1444.44,0.0,-3.79,0.03608117658183333,0.05684224576898046,0.051423375787666134,0.09369515174485014,0.09412523739972695,0.06352681176951068,0.0695599916023347,0.10274489817903436,0.1181565229803529,,,,,,,SRB00001
2016-01-01,1424.61,0.2,-4.45,0.03623150052479841,0.057021455542860144,0.05161327277850736,0.09340603584070618,0.0938458961165661,0.06342933027725206,0.0696774864979774,0.10301351080010294,0.11850855398815742,,,,,,,SRB00001
2016-01-02,1405.05,0.57,-3.18,0.03638182446776349,0.05720066531673982,0.051803169769348574,0.09311691993656221,0.09356655483340527,0.06333184878499344,0.06979498139362011,0.10328212342117153,0.11886058499596194,,,,,,,SRB00001
2016-01-03,1388.95,1.34,-5.86,0.03653214841072857,0.057379875090619495,0.05199306676018979,0.09282780403241825,0.09328721355024443,0.06323436729273484,0.06991247628926281,0.10355073604224012,0.11921261600376647,,,,,,,SRB00001
2016-01-04,1373.04,2.31,-8.1,0.036682472353693645,0.05755908486449917,0.05218296375103101,0.09253868812827427,0.0930078722670836,0.06313688580047622,0.07002997118490552,0.1038193486633087,0.11956464701157099,,,,,,,SRB00001
2016-01-05,1360.44,2.03,-3.75,0.036832796296658726,0.057738294638378845,0.052372860741872224,0.09224957222413031,0.09272853098392275,0.06303940430821761,0.07014746608054823,0.1040879612843773,0.11991667801937551,,,,,,,SRB00001
2016-01-06,1351.07,9.93,-0.99,0.0369831202396238,0.05791750441225853,0.05256275773271345,0.09196045631998634,0.09244918970076192,0.06294192281595899,0.07026496097619092,0.10435657390544589,0.12026870902718004,,,,,,,SRB00001
2016-01-07,1344.86,8.64,-1.85,0.03713344418258888,0.0580967141861382,0.052752654723554664,0.09167134041584238,0.09216984841760108,0.06284444132370037,0.07038245587183363,0.10462518652651448,0.12062074003498456,,,,,,,SRB00001
2016-01-08,1344.86,0.25,-2.3,0.03728376812555396,0.05827592396001788,0.05294255171439588,0.0913822245116984,0.09189050713444025,0.06274695983144177,0.07049995076747634,0.10489379914758307,0.12097277104278908,,,,,,,SRB00001
2016-01-09,1351.07,4.6,1.24,0.03743409206851904,0.05845513373389755,0.0531324487052371,0.09109310860755444,0.0916111658512794,0.06264947833918315,0.07061744566311903,0.10516241176865165,0.12132480205059361,,,,,,,SRB00001
2016-01-10,1382.57,3.5,2.5,0.037584416011484115,0.058634343507777235,0.05332234569607832,0.09080399270341047,0.09133182456811857,0.06255199684692454,0.07073494055876174,0.10543102438972025,0.12167683305839813,,,,,,,SRB00001
2016-01-11,1441.12,6.31,6.27,0.0377347399544492,0.05881355328165691,0.05351224268691954,0.09051487679926651,0.09105248328495773,0.062454515354665924,0.07085243545440445,0.10569963701078884,0.12202886406620266,,,,,,,SRB00001
2016-01-12,1551.39,4.09,5.27,0.03788506389741427,0.058992763055536586,0.05370213967776075,0.09022576089512253,0.0907731420017969,0.06235703386240731,0.07096993035004714,0.10596824963185743,0.12238089507400718,,,,,,,SRB00001
2016-01-13,1712.96,1.02,1.43,0.03803538784037935,0.05917197282941626,0.05389203666860197,0.08993664499097857,0.09049380071863605,0.06225955237014869,0.07108742524568985,0.10623686225292601,0.1227329260818117,12.5,0.146,2.47855932,537.0,3.0,0.0012,SRB00001
2016-01-14,1891.34,0.02,1.78,0.03818571178334443,0.05935118260329594,0.05408193365944319,0.0896475290868346,0.09021445943547522,0.06216207087789008,0.07120492014133256,0.10650547487399462,0.12308495708961623,,,,,,,SRB00001
2016-01-15,2040.74,8.09,1.02,0.0383360357263095,0.05953039237717562,0.05427183065028441,0.08935841318269064,0.08993511815231439,0.06206458938563147,0.07132241503697526,0.1067740874950632,0.12343698809742075,,,,,,,SRB00001
2016-01-16,2171.7,0.01,-0.49,0.038486359669274585,0.059709602151055294,0.054461727641125626,0.08906929727854666,0.08965577686915355,0.061967107893372855,0.07143990993261796,0.10704270011613179,0.12378901910522527,,,,,,,SRB00001
2016-01-17,2284.6,0.01,-2.2,0.03863668361223966,0.05988881192493497,0.05465162463196684,0.08878018137440269,0.08937643558599272,0.06186962640111424,0.07155740482826067,0.10731131273720038,0.1241410501130298,,,,,,,SRB00001
2016-01-18,2327.09,0.03,-2.99,0.03878700755520474,0.060068021698814644,0.05484152162280806,0.08849106547025873,0.08909709430283187,0.061772144908855624,0.07167489972390337,0.10757992535826896,0.12449308112083432,,,,,,,SRB00001
2016-01-19,2274.1,0.0,-4.97,0.03893733149816982,0.060247231472694326,0.05503141861364928,0.08820194956611475,0.08881775301967104,0.06167466341659701,0.07179239461954608,0.10784853797933756,0.12484511212863884,,,,,,,SRB00001
2016-01-20,2166.7,0.0,-3.94,0.0390876554411349,0.060426441246574,0.0552213156044905,0.0879128336619708,0.0885384117365102,0.0615771819243384,0.07190988951518879,0.10811715060040615,0.12519714313644337,,,,,,,SRB00001
2016-01-21,2045.45,0.02,-2.65,0.03922598761736228,0.06057178220848169,0.05583218939973944,0.08822900651547654,0.08857777386059788,0.0614190881336206,0.0720273844108315,0.10838576322147474,0.1255491741442479,,,,,,,SRB00001
2016-01-22,1926.53,0.0,-4.95,0.039364319793589675,0.06071712317038937,0.05644306319498839,0.08854517936898228,0.08861713598468557,0.06126099434290279,0.07214487930647419,0.10865437584254332,0.12590120515205241,,,,,,,SRB00001
2016-01-23,1818.7,0.23,-4.4,0.03950265196981706,0.06086246413229705,0.05705393699023733,0.08886135222248803,0.08865649810877325,0.06110290055218499,0.0722623742021169,0.10892298846361191,0.12625323615985695,,,,,,,SRB00001
2016-01-24,1716.91,0.94,-0.86,0.03964098414604445,0.06100780509420474,0.05766481078548628,0.08917752507599377,0.08869586023286095,0.060944806761467185,0.0723798690977596,0.10919160108468051,0.12660526716766146,,,,,,,SRB00001
2016-01-25,1632.05,1.33,0.34,0.039779316322271836,0.06115314605611242,0.05827568458073522,0.08949369792949952,0.08873522235694864,0.060786712970749376,0.0724973639934023,0.1094602137057491,0.126957298175466,,,,,,,SRB00001
2016-01-26,1562.15,0.2,3.0,0.03991764849849923,0.061298487018020105,0.05888655837598416,0.08980987078300526,0.08877458448103633,0.060628619180031575,0.07261485888904501,0.10972882632681769,0.1273093291832705,,,,,,,SRB00001
2016-01-27,1509.08,0.05,2.15,0.04005598067472661,0.061443827979927784,0.05949743217123311,0.090126043636511,0.08881394660512401,0.06047052538931377,0.07273235378468772,0.10999743894788627,0.12766136019107505,,,,,,,SRB00001
2016-01-28,1481.52,0.05,4.59,0.040194312850954005,0.06158916894183547,0.06010830596648205,0.09044221649001676,0.0888533087292117,0.060312431598595964,0.07284984868033041,0.11026605156895487,0.12801339119887956,,,,,,,SRB00001
2016-01-29,1509.08,0.11,3.04,0.04033264502718139,0.06173450990374316,0.060719179761730996,0.0907583893435225,0.08889267085329938,0.06015433780787816,0.07296734357597312,0.11053466419002346,0.1283654222066841,,,,,,,SRB00001
2016-01-30,1654.77,0.06,3.21,0.04047097720340878,0.061879850865650836,0.06133005355697994,0.09107456219702824,0.08893203297738708,0.05999624401716036,0.07308483847161583,0.11080327681109205,0.1287174532144886,,,,,,,SRB00001
2016-01-31,1913.26,7.69,5.48,0.040609309379636166,0.06202519182755852,0.06194092735222888,0.09139073505053398,0.08897139510147477,0.05983815022644255,0.07320233336725852,0.11107188943216063,0.12906948422229314,,,,,,,SRB00001
2016-02-01,2112.49,1.98,6.64,0.04074764155586356,0.06217053278946621,0.06255180114747783,0.09170690790403972,0.08901075722556245,0.05968005643572475,0.07331982826290123,0.11134050205322922,0.12942151523009765,,,,,,,SRB00001
2016-02-02,2207.01,0.04,7.31,0.04088597373209094,0.06231587375137389,0.06316267494272677,0.09202308075754548,0.08905011934965014,0.05952196264500695,0.07343732315854394,0.11160911467429782,0.1297735462379022,,,,,,,SRB00001
2016-02-03,2274.1,8.79,8.33,0.041024305908318334,0.062461214713281574,0.06377354873797571,0.09233925361105122,0.08908948147373782,0.05936386885428915,0.07355481805418664,0.11187772729536641,0.1301255772457067,13.1,0.091,2.85779244,520.0,2.6,0.0047,SRB00001
2016-02-04,2516.68,3.67,2.72,0.04116263808454572,0.06260655567518926,0.06438442253322466,0.09265542646455696,0.08912884359782551,0.05920577506357134,0.07367231294982934,0.112146339916435,0.13047760825351123,,,,,,,SRB00001
2016-02-05,3132.29,0.16,0.98,0.04130097026077311,0.06275189663709695,0.0649952963284736,0.0929715993180627,0.08916820572191321,0.059047681272853536,0.07378980784547205,0.11241495253750358,0.13082963926131574,,,,,,,SRB00001
2016-02-06,3579.96,0.0,2.24,0.041439302437000496,0.06289723759900462,0.06560617012372254,0.09328777217156844,0.0892075678460009,0.058889587482135734,0.07390730274111475,0.11268356515857217,0.13118167026912025,,,,,,,SRB00001
2016-02-07,3604.79,0.0,3.65,0.04157763461322789,0.0630425785609123,0.06621704391897149,0.0936039450250742,0.08924692997008858,0.058731493691417926,0.07402479763675746,0.11295217777964077,0.1315337012769248,,,,,,,SRB00001
2016-02-08,3498.45,0.05,7.21,0.04171596678945527,0.06318791952281999,0.06682791771422043,0.09392011787857994,0.08928629209417627,0.058573399900700124,0.07414229253240016,0.11322079040070936,0.1318857322847293,,,,,,,SRB00001
2016-02-09,3356.38,0.0,9.5,0.041854298965682664,0.06333326048472768,0.06743879150946938,0.09423629073208568,0.08932565421826395,0.05841530610998232,0.07425978742804286,0.11348940302177794,0.13223776329253384,,,,,,,SRB00001
2016-02-10,3175.87,6.31,6.6,0.04199263114191005,0.06347860144663536,0.06804966530471832,0.09455246358559143,0.08936501634235164,0.05825721231926451,0.07437728232368557,0.11375801564284653,0.13258979430033835,,,,,,,SRB00001
2016-02-11,2984.38,0.09,4.48,0.04213096331813744,0.06362394240854305,0.06866053909996726,0.09486863643909717,0.08940437846643934,0.05809911852854671,0.07449477721932828,0.11402662826391513,0.13294182530814289,,,,,,,SRB00001
2016-02-12,2850.02,0.48,3.74,0.042269295494364825,0.06376928337045072,0.06927141289521621,0.09518480929260292,0.08944374059052702,0.05794102473782891,0.07461227211497097,0.11429524088498372,0.1332938563159474,,,,,,,SRB00001
2016-02-13,2823.88,6.56,3.61,0.04240762767059222,0.06391462433235841,0.06988228669046515,0.09550098214610866,0.08948310271461471,0.0577829309471111,0.07472976701061368,0.1145638535060523,0.13364588732375193,,,,,,,SRB00001
2016-02-14,2916.43,1.88,8.56,0.0425459598468196,0.0640599652942661,0.0704931604857141,0.0958171549996144,0.0895224648387024,0.0576248371563933,0.07484726190625639,0.11483246612712089,0.13399791833155644,,,,,,,SRB00001
2016-02-15,3025.91,13.59,7.76,0.0425111881206586,0.06407973107219667,0.07008259340189035,0.09638016324882763,0.089882996844299,0.05788263383328508,0.07496475680189908,0.11510107874818948,0.13434994933936098,,,,,,,SRB00001
2016-02-16,3046.89,5.2,5.3,0.042476416394497604,0.06409949685012724,0.0696720263180666,0.09694317149804087,0.0902435288498956,0.058140430510176866,0.07508225169754179,0.11536969136925808,0.1347019803471655,,,,,,,SRB00001
2016-02-17,3025.91,0.05,6.82,0.0424416446683366,0.0641192626280578,0.06926145923424286,0.09750617974725409,0.0906040608554922,0.05839822718706865,0.0751997465931845,0.11563830399032667,0.13505401135497003,,,,,,,SRB00001
2016-02-18,2991.27,3.68,6.9,0.0424068729421756,0.06413902840598837,0.0688508921504191,0.09806918799646731,0.09096459286108881,0.05865602386396043,0.07531724148882721,0.11590691661139525,0.13540604236277454,,,,,,,SRB00001
2016-02-19,2950.21,4.22,4.4,0.042372101216014604,0.06415879418391894,0.06844032506659536,0.09863219624568055,0.09132512486668541,0.05891382054085222,0.0754347363844699,0.11617552923246384,0.13575807337057907,,,,,,,SRB00001
2016-02-20,2929.89,0.08,3.84,0.0423373294898536,0.06417855996184951,0.06802975798277161,0.09919520449489377,0.09168565687228201,0.059171617217744006,0.07555223128011261,0.11644414185353243,0.13611010437838358,,,,,,,SRB00001
2016-02-21,2936.65,0.34,6.08,0.0423025577636926,0.06419832573978007,0.06761919089894787,0.099758212744107,0.09204618887787862,0.05942941389463579,0.07566972617575532,0.11671275447460103,0.13646213538618812,,,,,,,SRB00001
2016-02-22,2936.65,0.02,8.98,0.042267786037531604,0.06421809151771064,0.06720862381512412,0.10032122099332023,0.09240672088347522,0.05968721057152757,0.07578722107139801,0.11698136709566961,0.13681416639399263,,,,,,,SRB00001
2016-02-23,2963.83,4.49,9.43,0.0422330143113706,0.06423785729564122,0.06679805673130038,0.10088422924253346,0.09276725288907182,0.059945007248419356,0.07590471596704072,0.1172499797167382,0.13716619740179717,,,,,,,SRB00001
2016-02-24,3068.02,1.87,4.91,0.0421982425852096,0.06425762307357179,0.06638748964747662,0.10144723749174668,0.09312778489466843,0.06020280392531114,0.07602221086268343,0.11751859233780679,0.13751822840960168,,,,,,,SRB00001
2016-02-25,3364.12,6.09,2.86,0.0421634708590486,0.06427738885150236,0.06597692256365288,0.10201024574095992,0.09348831690026503,0.06046060060220292,0.07613970575832613,0.11778720495887539,0.13787025941740622,,,,,,,SRB00001
2016-02-26,3714.35,2.46,1.96,0.0421286991328876,0.06429715462943292,0.06556635547982913,0.10257325399017314,0.09384884890586163,0.06071839727909471,0.07625720065396883,0.11805581757994398,0.13822229042521073,,,,,,,SRB00001
2016-02-27,3871.58,0.0,2.04,0.0420939274067266,0.06431692040736349,0.06515578839600539,0.10313626223938636,0.09420938091145824,0.060976193955986496,0.07637469554961154,0.11832443020101256,0.13857432143301526,,,,,,,SRB00001
2016-02-28,3844.92,0.3,6.79,0.0420591556805656,0.06433668618529406,0.06474522131218163,0.1036992704885996,0.09456991291705484,0.06123399063287828,0.07649219044525424,0.11859304282208115,0.13892635244081977,,,,,,,SRB00001
2016-02-29,3705.81,7.63,8.45,0.0420243839544046,0.06435645196322463,0.0643346542283579,0.10426227873781282,0.09493044492265144,0.06149178730977006,0.07660968534089695,0.11886165544314974,0.1392783834486243,,,,,,,SRB00001
2016-03-01,3506.52,2.61,4.56,0.0419896122282436,0.0643762177411552,0.06392408714453415,0.10482528698702606,0.09529097692824805,0.061749583986661846,0.07672718023653965,0.11913026806421834,0.13963041445642882,,,,,,,SRB00001
2016-03-02,3302.7,0.0,3.71,0.0419548405020826,0.06439598351908576,0.0635135200607104,0.10538829523623928,0.09565150893384465,0.06200738066355363,0.07684467513218235,0.11939888068528692,0.13998244546423336,11.6,0.106,2.56885292,447.0,1.9,0.0047,SRB00001
2016-03-03,3190.54,4.4,5.58,0.0419200687759216,0.06441574929701634,0.06310295297688666,0.10595130348545251,0.09601204093944125,0.06226517734044541,0.07696217002782506,0.11966749330635551,0.14033447647203787,,,,,,,SRB00001
2016-03-04,3190.54,12.15,4.82,0.0418852970497606,0.06443551507494691,0.0626923858930629,0.10651431173466575,0.09637257294503786,0.0625229740173372,0.07707966492346777,0.1199361059274241,0.1406865074798424,,,,,,,SRB00001
2016-03-05,3257.37,0.01,5.82,0.0418505253235996,0.06445528085287748,0.06228181880923916,0.10707731998387897,0.09673310495063446,0.06278077069422898,0.07719715981911046,0.12020471854849268,0.14103853848764691,,,,,,,SRB00001
2016-03-06,3340.95,1.94,7.81,0.0418157535974386,0.06447504663080804,0.06187125172541541,0.10764032823309219,0.09709363695623106,0.06303856737112076,0.07731465471475317,0.12047333116956128,0.14139056949545145,,,,,,,SRB00001
2016-03-07,3356.38,1.63,6.18,0.0417809818712776,0.06449481240873861,0.06146068464159166,0.10820333648230543,0.09745416896182767,0.06329636404801255,0.07743214961039588,0.12074194379062987,0.14174260050325596,,,,,,,SRB00001
2016-03-08,3295.1,0.33,6.31,0.0417462101451166,0.06451457818666918,0.061050117557767916,0.10876634473151865,0.09781470096742427,0.06355416072490433,0.07754964450603857,0.12101055641169846,0.1420946315110605,,,,,,,SRB00001
2016-03-09,3197.9,0.07,5.92,0.041711438418955596,0.06453434396459976,0.060639550473944176,0.10932935298073188,0.09817523297302087,0.06381195740179613,0.07766713940168128,0.12127916903276705,0.142446662518865,,,,,,,SRB00001
2016-03-10,3132.29,4.03,7.85,0.0416766666927946,0.06455410974253033,0.06022898339012043,0.10989236122994511,0.09853576497861748,0.06406975407868791,0.07778463429732399,0.12154778165383565,0.14279869352666955,,,,,,,SRB00001
2016-03-11,3082.19,3.08,9.24,0.0416418949666336,0.06457387552046089,0.05981841630629668,0.11045536947915834,0.09889629698421408,0.0643275507555797,0.07790212919296668,0.12181639427490423,0.14315072453447406,,,,,,,SRB00001
2016-03-12,2998.16,1.38,7.6,0.041607123240472596,0.06459364129839146,0.059407849222472935,0.11101837772837156,0.09925682898981068,0.06458534743247148,0.0780196240886094,0.12208500689597282,0.1435027555422786,,,,,,,SRB00001
2016-03-13,2876.4,0.58,7.94,0.0415723515143116,0.06461340707632203,0.05899728213864919,0.1115813859775848,0.09961736099540729,0.06484314410936326,0.0781371189842521,0.1223536195170414,0.1438547865500831,,,,,,,SRB00001
2016-03-14,2740.57,0.02,5.06,0.0415375797881506,0.0646331728542526,0.05858671505482544,0.11214439422679802,0.09997789300100389,0.06510094078625504,0.0782546138798948,0.12262223213811,0.14420681755788764,,,,,,,SRB00001
2016-03-15,2611.16,2.26,1.36,0.041502808061989596,0.06465293863218316,0.05817614797100169,0.11270740247601124,0.10033842500660049,0.06535873746314683,0.0783721087755375,0.1228908447591786,0.14455884856569215,,,,,,,SRB00001
2016-03-16,2499.35,0.09,4.81,0.0414680363358286,0.06467270441011373,0.057765580887177946,0.11327041072522448,0.1006989570121971,0.06561653414003861,0.07848960367118021,0.12315945738024718,0.1449108795734967,,,,,,,SRB00001
2016-03-17,2414.46,0.0,5.91,0.0414332646096676,0.0646924701880443,0.0573550138033542,0.1138334189744377,0.1010594890177937,0.0658743308169304,0.07860709856682292,0.12342807000131577,0.1452629105813012,,,,,,,SRB00001
2016-03-18,2354.05,0.0,6.35,0.04571386966542937,0.07023497444689512,0.06480215468858931,0.12600757340666088,0.11439456201525174,0.07620192641451176,0.07872459346246562,0.12369668262238435,0.14561494158910573,,,,,,,SRB00001
2016-03-19,2295.15,0.02,6.71,0.049994474721191146,0.07577747870574593,0.07224929557382442,0.13818172783888408,0.12772963501270979,0.08652952201209313,0.07884208835810833,0.12396529524345296,0.14596697259691024,,,,,,,SRB00001
2016-03-20,2232.57,0.01,8.08,0.054275079776952916,0.08131998296459675,0.07969643645905954,0.15035588227110724,0.14106470801016782,0.09685711760967451,0.07895958325375103,0.12423390786452154,0.14631900360471478,,,,,,,SRB00001
2016-03-21,2166.7,0.1,7.37,0.058555684832714686,0.08686248722344755,0.08714357734429465,0.16253003670333044,0.15439978100762586,0.10718471320725588,0.07907707814939373,0.12450252048559013,0.1466710346125193,,,,,,,SRB00001
2016-03-22,2102.78,1.8,6.91,0.06283628988847646,0.09240499148229837,0.09459071822952977,0.17470419113555363,0.1677348540050839,0.11751230880483725,0.07919457304503644,0.12477113310665872,0.14702306562032383,,,,,,,SRB00001
2016-03-23,2045.45,7.9,3.9,0.06711689494423823,0.09794749574114918,0.10203785911476489,0.1868783455677768,0.18106992700254196,0.12783990440241863,0.07931206794067915,0.1250397457277273,0.14737509662812834,,,,,,,SRB00001
2016-03-24,1994.26,0.09,5.04,0.0713975,0.10349,0.109485,0.1990525,0.194405,0.1381675,0.07942956283632184,0.1253083583487959,0.14772712763593288,,,,,,,SRB00001
2016-03-25,1957.84,0.0,4.51,0.07078817679719997,0.10286374707795191,0.10856312129203499,0.1993788387597093,0.19293770851677375,0.13691896141450913,0.07954705773196455,0.12557697096986448,0.14807915864373739,,,,,,,SRB00001
2016-03-26,1939.89,0.73,6.01,0.07017885359439992,0.10223749415590384,0.10764124258406998,0.19970517751941863,0.1914704170335475,0.13567042282901828,0.07966455262760726,0.1258455835909331,0.14843118965154192,,,,,,,SRB00001
2016-03-27,1922.09,0.16,7.32,0.06956953039159988,0.10161124123385576,0.10671936387610498,0.20003151627912794,0.19000312555032123,0.1344218842435274,0.07978204752324995,0.12611419621200168,0.14878322065934643,,,,,,,SRB00001
2016-03-28,1904.46,0.25,7.99,0.06896020718879983,0.10098498831180767,0.10579748516813996,0.20035785503883724,0.18853583406709498,0.13317334565803657,0.07989954241889266,0.12638280883307026,0.14913525166715097,,,,,,,SRB00001
2016-03-29,1895.71,0.41,12.19,0.0683508839859998,0.1003587353897596,0.10487560646017495,0.20068419379854655,0.18706854258386874,0.1319248070725457,0.08001703731453537,0.12665142145413885,0.14948728267495548,,,,,,,SRB00001
2016-03-30,1917.67,0.2,12.37,0.06774156078319975,0.09973248246771152,0.10395372775220994,0.20101053255825588,0.1856012511006425,0.13067626848705485,0.08013453221017806,0.12692003407520744,0.14983931368276002,,,,,,,SRB00001
2016-03-31,1985.1,0.0,14.27,0.06713223758039971,0.09910622954566344,0.10303184904424494,0.20133687131796518,0.18413395961741624,0.12942772990156398,0.08025202710582077,0.12718864669627603,0.15019134469056453,,,,,,,SRB00001
2016-04-01,2059.63,0.0,14.12,0.06652291437759966,0.09847997662361536,0.10210997033627993,0.2016632100776745,0.18266666813418997,0.12817919131607314,0.08036952200146348,0.1274572593173446,0.15054337569836906,,,,,,,SRB00001
2016-04-02,2107.63,0.0,9.38,0.06591359117479963,0.09785372370156728,0.10118809162831492,0.20198954883738382,0.18119937665096372,0.12693065273058227,0.08048701689710618,0.1277258719384132,0.15089540670617357,,,,,,,SRB00001
2016-04-03,2171.7,0.0,12.32,0.06530426797199958,0.0972274707795192,0.1002662129203499,0.20231588759709312,0.17973208516773748,0.1256821141450914,0.08060451179274888,0.12799448455948179,0.1512474377139781,,,,,,,SRB00001
2016-04-04,2311.07,0.0,15.44,0.06469494476919954,0.09660121785747112,0.0993443342123849,0.20264222635680243,0.17826479368451123,0.12443357555960055,0.08072200668839159,0.12826309718055037,0.15159946872178262,,,,,,,SRB00001
2016-04-05,2575.32,0.0,16.67,0.06408562156639949,0.09597496493542304,0.09842245550441989,0.20296856511651173,0.17679750220128498,0.12318503697410968,0.08083950158403429,0.128531709801619,0.15195149972958716,,,,,,,SRB00001
2016-04-06,2883.03,0.0,15.71,0.06347629836359946,0.09534871201337496,0.09750057679645488,0.20329490387622107,0.17533021071805874,0.12193649838861882,0.080956996479677,0.12880032242268757,0.15230353073739167,12.9,0.088,2.0880395,504.0,2.8,0.0486,SRB00001
2016-04-07,3132.29,0.05,16.32,0.06286697516079941,0.09472245909132689,0.09657869808848987,0.20362124263593037,0.17386291923483246,0.12068795980312796,0.0810744913753197,0.12906893504375616,0.1526555617451962,,,,,,,SRB00001
2016-04-08,3310.31,1.86,14.85,0.06225765195799937,0.0940962061692788,0.09565681938052487,0.20394758139563968,0.17239562775160622,0.1194394212176371,0.0811919862709624,0.12933754766482475,0.15300759275300072,,,,,,,SRB00001
2016-04-09,3442.5,2.07,11.25,0.06164832875519933,0.09346995324723073,0.09473494067255984,0.204273920155349,0.17092833626837997,0.11819088263214625,0.08130948116660511,0.12960616028589333,0.15335962376080525,,,,,,,SRB00001
2016-04-10,3571.73,0.45,9.06,0.061039005552399286,0.09284370032518265,0.09381306196459484,0.20460025891505831,0.16946104478515372,0.11694234404665539,0.08142697606224782,0.12987477290696192,0.15371165476860976,,,,,,,SRB00001
2016-04-11,3757.37,0.0,10.69,0.060429682349599244,0.09221744740313456,0.09289118325662983,0.20492659767476762,0.16799375330192748,0.11569380546116453,0.08154447095789051,0.1301433855280305,0.1540636857764143,,,,,,,SRB00001
2016-04-12,3925.45,0.0,14.29,0.0598203591467992,0.09159119448108649,0.09196930454866482,0.20525293643447692,0.1665264618187012,0.11444526687567368,0.08166196585353322,0.1304119981490991,0.1544157167842188,,,,,,,SRB00001
2016-04-13,3934.5,0.0,16.2,0.05921103594399916,0.0909649415590384,0.09104742584069982,0.20557927519418626,0.16505917033547496,0.11319672829018282,0.08177946074917593,0.13068061077016768,0.15476774779202335,,,,,,,SRB00001
2016-04-14,3792.15,1.53,13.26,0.058601712741199116,0.09033868863699032,0.09012554713273481,0.20590561395389556,0.1635918788522487,0.11194818970469195,0.08189695564481864,0.1309492233912363,0.15511977879982786,,,,,,,SRB00001
2016-04-15,3604.79,0.0,12.68,0.057992389538399074,0.08971243571494225,0.08920366842476979,0.20623195271360487,0.16212458736902247,0.11069965111920109,0.08201445054046133,0.13121783601230488,0.1554718098076324,,,,,,,SRB00001
2016-04-16,3474.36,0.0,15.43,0.05738306633559903,0.08908618279289417,0.08828178971680478,0.20655829147331417,0.16065729588579622,0.10945111253371023,0.08213194543610404,0.13148644863337347,0.1558238408154369,,,,,,,SRB00001
2016-04-17,3474.36,0.0,16.41,0.05677374313279899,0.08845992987084608,0.08735991100883977,0.2068846302330235,0.15919000440256997,0.10820257394821937,0.08224944033174675,0.13175506125444206,0.15617587182324144,,,,,,,SRB00001
2016-04-18,3555.31,1.24,14.97,0.056164419929998946,0.08783367694879801,0.08643803230087477,0.2072109689927328,0.1577227129193437,0.10695403536272852,0.08236693522738944,0.13202367387551064,0.15652790283104595,,,,,,,SRB00001
2016-04-19,3547.13,3.44,12.22,0.055555096727198904,0.08720742402674993,0.08551615359290976,0.2075373077524421,0.15625542143611745,0.10570549677723766,0.08248443012303215,0.13229228649657923,0.1568799338388505,,,,,,,SRB00001
2016-04-20,3522.71,1.08,9.93,0.05494577352439886,0.08658117110470184,0.08459427488494475,0.20786364651215145,0.1547881299528912,0.1044569581917468,0.08260192501867486,0.13256089911764782,0.157231964846655,,,,,,,SRB00001
2016-04-21,3722.92,0.0,10.81,0.05433645032159882,0.08595491818265377,0.08367239617697973,0.20818998527186075,0.15332083846966496,0.10320841960625593,0.08271941991431755,0.1328295117387164,0.15758399585445954,,,,,,,SRB00001
2016-04-22,4035.45,0.0,12.7,0.053727127118798776,0.08532866526060569,0.08275051746901473,0.20851632403157006,0.15185354698643871,0.10195988102076507,0.08283691480996026,0.133098124359785,0.15793602686226405,,,,,,,SRB00001
2016-04-23,4072.8,0.71,14.19,0.05311780391599873,0.0847024123385576,0.08182863876104972,0.20884266279127936,0.15038625550321244,0.10071134243527421,0.08295440970560297,0.1333667369808536,0.15828805787006858,,,,,,,SRB00001
2016-04-24,3862.67,4.98,9.24,0.05250848071319869,0.08407615941650953,0.08090676005308471,0.2091690015509887,0.1489189640199862,0.09946280384978336,0.08307190460124567,0.1336353496019222,0.1586400888778731,,,,,,,SRB00001
2016-04-25,3613.1,3.82,5.09,0.051899157510398655,0.08344990649446145,0.0799848813451197,0.209495340310698,0.14745167253675995,0.0982142652642925,0.08318939949688837,0.13390396222299078,0.15899211988567763,,,,,,,SRB00001
2016-04-26,3434.58,0.0,7.44,0.05128983430759861,0.08282365357241336,0.0790630026371547,0.2098216790704073,0.1459843810535337,0.09696572667880164,0.08330689439253108,0.13417257484405937,0.15934415089348214,,,,,,,SRB00001
2016-04-27,3356.38,2.89,9.94,0.05068051110479857,0.0821974006503653,0.07814112392918968,0.21014801783011663,0.14451708957030746,0.09571718809331078,0.08342438928817378,0.13444118746512795,0.15969618190128668,,,,,,,SRB00001
2016-04-28,3340.95,1.12,8.49,0.05007118790199853,0.08157114772831721,0.07721924522122467,0.21047435658982594,0.14304979808708118,0.09446864950781993,0.08354188418381649,0.13470980008619654,0.1600482129090912,,,,,,,SRB00001
2016-04-29,3295.1,4.35,10.27,0.049461864699198485,0.08094489480626912,0.07629736651325966,0.21080069534953524,0.14158250660385494,0.09322011092232907,0.0836593790794592,0.13497841270726513,0.16040024391689572,,,,,,,SRB00001
2016-04-30,3220.07,0.0,11.64,0.04885254149639844,0.08031864188422105,0.07537548780529466,0.21112703410924455,0.1401152151206287,0.0919715723368382,0.08377687397510189,0.13524702532833371,0.16075227492470023,,,,,,,SRB00001
2016-05-01,3154.01,8.89,12.18,0.0482432182935984,0.07969238896217297,0.07445360909732965,0.21145337286895388,0.13864792363740244,0.09072303375134734,0.0838943688707446,0.1355156379494023,0.16110430593250474,,,,,,,SRB00001
2016-05-02,3089.3,5.97,12.69,0.04763389509079836,0.07906613604012488,0.07353173038936464,0.2117797116286632,0.1371806321541762,0.08947449516585648,0.0840118637663873,0.1357842505704709,0.16145633694030928,,,,,,,SRB00001
2016-05-03,3018.95,4.77,13.73,0.047024571887998315,0.07843988311807681,0.07260985168139962,0.2121060503883725,0.13571334067094992,0.08822595658036562,0.08412935866203,0.1360528631915395,0.1618083679481138,,,,,,,SRB00001
2016-05-04,3005.08,2.31,13.22,0.04641524868519827,0.07781363019602873,0.07168797297343461,0.21243238914808182,0.13424604918772368,0.08697741799487477,0.08424685355767271,0.1363214758126081,0.16216039895591833,10.7,0.087,1.90970964,435.0,2.1,0.0142,SRB00001
2016-05-05,3060.96,1.09,14.71,0.04580592548239823,0.07718737727398065,0.0707660942654696,0.21275872790779113,0.13277875770449743,0.08572887940938391,0.08436434845331542,0.13659008843367668,0.16251242996372284,,,,,,,SRB00001
2016-05-06,3205.27,0.36,15.22,0.04519660227959819,0.07656112435193257,0.0698442155575046,0.21308506666750043,0.13131146622127118,0.08448034082389305,0.08448184334895811,0.13685870105474526,0.16286446097152737,,,,,,,SRB00001
2016-05-07,3434.58,0.44,15.21,0.044587279076798145,0.07593487142988449,0.06892233684953959,0.21341140542720974,0.12984417473804494,0.08323180223840218,0.08459933824460082,0.13712731367581385,0.16321649197933188,,,,,,,SRB00001
2016-05-08,3629.78,1.26,14.31,0.0439779558739981,0.0753086185078364,0.06800045814157459,0.21373774418691907,0.1283768832548187,0.08198326365291132,0.08471683314024353,0.13739592629688244,0.16356852298713642,,,,,,,SRB00001
2016-05-09,3646.54,0.05,16.07,0.04336863267119806,0.07468236558578834,0.06707857943360956,0.21406408294662838,0.12690959177159242,0.08073472506742047,0.08483432803588623,0.13766453891795102,0.16392055399494093,,,,,,,SRB00001
2016-05-10,3498.45,6.79,14.56,0.04275930946839802,0.07405611266374025,0.06615670072564456,0.21439042170633768,0.12544230028836617,0.07948618648192961,0.08495182293152893,0.1379331515390196,0.16427258500274547,,,,,,,SRB00001
2016-05-11,3310.31,3.28,16.69,0.042149986265597975,0.07342985974169217,0.06523482201767955,0.21471676046604699,0.12397500880513992,0.07823764789643875,0.08506931782717164,0.1382017641600882,0.16462461601054998,,,,,,,SRB00001
2016-05-12,3146.75,15.06,15.86,0.04154066306279793,0.0728036068196441,0.06431294330971454,0.21504309922575632,0.12250771732191368,0.07698910931094789,0.08518681272281435,0.1384703767811568,0.16497664701835452,,,,,,,SRB00001
2016-05-13,3025.91,0.95,14.97,0.04093133985999789,0.07217735389759601,0.06339106460174954,0.21536943798546562,0.12104042583868742,0.07574057072545703,0.08530430761845705,0.1387389894022254,0.16532867802615903,,,,,,,SRB00001
2016-05-14,2970.67,5.13,13.94,0.04032201665719785,0.07155110097554794,0.06246918589378452,0.21569577674517493,0.11957313435546117,0.07449203213996618,0.08542180251409975,0.13900760202329399,0.16568070903396356,,,,,,,SRB00001
2016-05-15,3125.08,3.73,10.03,0.039712693454397804,0.07092484805349986,0.061547307185819515,0.21602211550488426,0.11810584287223491,0.07324349355447532,0.08553929740974246,0.13927621464436257,0.16603274004176807,,,,,,,SRB00001
2016-05-16,4215.96,0.0,9.92,0.03910337025159776,0.07029859513145177,0.06062542847785451,0.21634845426459356,0.11663855138900867,0.07199495496898445,0.08565679230538516,0.13954482726543116,0.1663847710495726,,,,,,,SRB00001
2016-05-17,5726.96,0.21,11.23,0.038494047048797726,0.0696723422094037,0.059703549769889494,0.21667479302430287,0.11517125990578242,0.07074641638349359,0.08577428720102787,0.13981343988649975,0.16673680205737712,,,,,,,SRB00001
2016-05-18,5955.62,0.1,13.19,0.037884723845997684,0.06904608928735562,0.05878167106192449,0.21700113178401217,0.11370396842255616,0.06949787779800273,0.08589178209667057,0.14008205250756833,0.16708883306518166,,,,,,,SRB00001
2016-05-19,5635.38,0.12,15.49,0.03727540064319764,0.06841983636530753,0.05785979235395948,0.2173274705437215,0.11223667693932991,0.06824933921251188,0.08600927699231327,0.14035066512863692,0.16744086407298617,,,,,,,SRB00001
2016-05-20,5222.96,0.02,16.48,0.0366660774403976,0.06779358344325946,0.056937913645994466,0.2176538093034308,0.11076938545610367,0.06700080062702102,0.08612677188795598,0.1406192777497055,0.1677928950807907,,,,,,,SRB00001
2016-05-21,4774.29,0.0,17.67,0.036056754237597556,0.06716733052121138,0.05601603493802946,0.21798014806314012,0.1093020939728774,0.06575226204153016,0.08624426678359869,0.14088789037077412,0.16814492608859521,,,,,,,SRB00001
2016-05-22,4364.16,0.0,19.17,0.035447431034797514,0.06654107759916329,0.05509415623006445,0.21830648682284945,0.10783480248965116,0.0645037234560393,0.08636176167924138,0.1411565029918427,0.16849695709639975,,,,,,,SRB00001
2016-05-23,4101.04,0.24,20.6,0.03483810783199747,0.06591482467711522,0.05417227752209944,0.21863282558255875,0.10636751100642491,0.06325518487054843,0.08647925657488409,0.1414251156129113,0.16884898810420426,,,,,,,SRB00001
2016-05-24,3943.57,4.59,16.13,0.03422878462919743,0.06528857175506714,0.05325039881413443,0.21895916434226806,0.10490021952319865,0.06200664628505758,0.0865967514705268,0.14169372823397988,0.1692010191120088,,,,,,,SRB00001
2016-05-25,3774.72,0.43,17.93,0.033619461426397386,0.06466231883301905,0.052328520106169424,0.21928550310197736,0.10343292803997241,0.060758107699566716,0.08671424636616949,0.14196234085504847,0.1695530501198133,,,,,,,SRB00001
2016-05-26,3714.35,0.36,18.8,0.03301013822359734,0.06403606591097098,0.05140664139820441,0.2196118418616867,0.10196563655674615,0.05950956911407586,0.0868317412618122,0.14223095347611706,0.16990508112761785,,,,,,,SRB00001
2016-05-27,3961.78,0.0,21.47,0.0324008150207973,0.0634098129889229,0.0504847626902394,0.219938180621396,0.1004983450735199,0.058261030528585,0.08694923615745491,0.14249956609718564,0.17025711213542236,,,,,,,SRB00001
2016-05-28,4354.12,0.0,23.25,0.02774911022523379,0.05784960619268751,0.04509244551497328,0.21086565499982884,0.09368118691945325,0.05363346780799384,0.0870667310530976,0.14276817871825423,0.1706091431432269,,,,,,,SRB00001
2016-05-29,4354.12,0.08,24.02,0.02309740542967028,0.05228939939645212,0.03970012833970716,0.20179312937826172,0.0868640287653866,0.04900590508740269,0.08718422594874031,0.14303679133932282,0.1709611741510314,,,,,,,SRB00001
2016-05-30,4110.5,1.39,21.9,0.018445700634106766,0.04672919260021673,0.03430781116444104,0.19272060375669456,0.08004687061131993,0.044378342366811534,0.08730172084438302,0.1433054039603914,0.17131320515883594,,,,,,,SRB00001
2016-05-31,3943.57,0.02,20.4,0.013793995838543256,0.041168985803981345,0.028915493989174913,0.18364807813512743,0.07322971245725328,0.03975077964622038,0.08741921574002572,0.14357401658146002,0.17166523616664045,,,,,,,SRB00001
2016-06-01,3934.5,4.13,19.55,0.009142291042979745,0.03560877900774595,0.02352317681390879,0.17457555251356027,0.06641255430318663,0.035123216925629225,0.08753671063566842,0.1438426292025286,0.172017267174445,8.7,0.1,1.4785577,404.0,1.8,0.0107,SRB00001
2016-06-02,4063.43,3.85,18.95,0.004490586247416233,0.03004857221151056,0.018130859638642666,0.16550302689199314,0.05959539614911997,0.030495654205038067,0.08765420553131113,0.1441112418235972,0.1723692981822495,,,,,,,SRB00001
2016-06-03,4294.36,1.18,19.82,-0.00016111854814727846,0.024488365415275173,0.012738542463376544,0.156430501270426,0.05277823799505331,0.025868091484446912,0.08777170042695383,0.14437985444466578,0.17272132919005403,,,,,,,SRB00001
2016-06-04,4612.18,3.27,19.74,-0.00481282334371079,0.018928158619039785,0.007346225288110422,0.14735797564885883,0.04596107984098666,0.021240528763855758,0.08788919532259654,0.14464846706573437,0.17307336019785854,,,,,,,SRB00001
2016-06-05,4851.89,6.94,20.44,-0.0094645281392743,0.0133679518228044,0.0019539081128443,0.1382854500272917,0.03914392168692,0.0166129660432646,0.08800669021823924,0.14491707968680295,0.17342539120566308,,,,,,,SRB00001
2016-06-06,4908.08,2.38,20.5,-0.007599576575659153,0.015443833397069678,0.004069290494916179,0.1403512719439793,0.04103652792356424,0.0177287050040575,0.08812418511388194,0.14518569230787154,0.1737774222134676,,,,,,,SRB00001
2016-06-07,4908.08,0.0,18.94,-0.0057346250120440066,0.017519714971334956,0.006184672876988057,0.14241709386066692,0.042929134160208486,0.018844443964850407,0.08824168000952465,0.14545430492894013,0.17412945322127213,,,,,,,SRB00001
2016-06-08,4964.92,0.0,19.56,-0.0038696734484288597,0.019595596545600235,0.008300055259059936,0.14448291577735453,0.04482174039685273,0.01996018292564331,0.08835917490516736,0.1457229175500087,0.17448148422907664,,,,,,,SRB00001
2016-06-09,5022.43,0.04,21.38,-0.002004721884813713,0.021671478119865514,0.010415437641131814,0.1465487376940421,0.046714346633496974,0.021075921886436214,0.08847666980081006,0.14599153017107733,0.17483351523688118,,,,,,,SRB00001
2016-06-10,4987.84,0.19,19.68,-0.000139770321198566,0.02374735969413079,0.012530820023203692,0.14861455961072972,0.04860695287014122,0.022191660847229115,0.08859416469645276,0.14626014279214591,0.17518554624468569,,,,,,,SRB00001
2016-06-11,4896.79,4.53,20.8,0.0017251812424165808,0.02582324126839607,0.01464620240527557,0.15068038152741733,0.05049955910678546,0.02330739980802202,0.08871165959209547,0.1465287554132145,0.17553757725249022,,,,,,,SRB00001
2016-06-12,4976.37,7.4,19.1,0.0035901328060317277,0.027899122842661345,0.016761584787347447,0.15274620344410494,0.052392165343429706,0.024423138768814922,0.08882915448773818,0.1467973680342831,0.17588960826029473,,,,,,,SRB00001
2016-06-13,5175.07,10.98,17.95,0.0054550843696468745,0.029975004416926625,0.018876967169419327,0.15481202536079255,0.05428477158007395,0.025538877729607827,0.08894664938338087,0.14706598065535167,0.17624163926809927,,,,,,,SRB00001
2016-06-14,5235.01,0.25,19.73,0.007320035933262021,0.0320508859911919,0.020992349551491204,0.15687784727748016,0.056177377816718194,0.02665461669040073,0.08906414427902358,0.14733459327642026,0.17659367027590378,,,,,,,SRB00001
2016-06-15,5175.07,4.51,19.74,0.009184987496877168,0.03412676756545718,0.023107731933563084,0.15894366919416775,0.05806998405336244,0.02777035565119363,0.08918163917466629,0.14760320589748885,0.17694570128370832,,,,,,,SRB00001
2016-06-16,5127.61,0.0,23.75,0.011049939060492314,0.03620264913972246,0.02522311431563496,0.16100949111085536,0.05996259029000668,0.028886094611986535,0.08929913407030898,0.14787181851855744,0.17729773229151283,,,,,,,SRB00001
2016-06-17,5175.07,0.1,24.66,0.012914890624107462,0.038278530713987735,0.02733849669770684,0.16307531302754297,0.061855196526650925,0.030001833572779437,0.08941662896595169,0.14814043113962602,0.17764976329931736,,,,,,,SRB00001
2016-06-18,5320.08,0.02,22.49,0.01477984218772261,0.04035441228825302,0.029453879079778717,0.16514113494423058,0.06374780276329517,0.031117572533572342,0.0895341238615944,0.14840904376069464,0.17800179430712187,,,,,,,SRB00001
2016-06-19,5507.08,13.03,19.59,0.016644793751337754,0.042430293862518294,0.031569261461850594,0.1672069568609182,0.0656404089999394,0.032233311494365244,0.0896516187572371,0.14867765638176322,0.1783538253149264,,,,,,,SRB00001
2016-06-20,5661.39,2.85,21.5,0.0185097453149529,0.04450617543678357,0.033684643843922474,0.1692727787776058,0.06753301523658366,0.033349050455158145,0.0897691136528798,0.1489462690028318,0.17870585632273092,,,,,,,SRB00001
2016-06-21,5740.17,0.16,23.23,0.02037469687856805,0.04658205701104885,0.035800026225994354,0.1713386006942934,0.0694256214732279,0.03446478941595105,0.08988660854852251,0.1492148816239004,0.17905788733053546,,,,,,,SRB00001
2016-06-22,5901.01,0.03,25.55,0.022239648442183197,0.04865793858531413,0.037915408608066234,0.173404422610981,0.07131822770987215,0.035580528376743956,0.0900041034441652,0.14948349424496898,0.17940991833833997,,,,,,,SRB00001
2016-06-23,6150.77,0.01,27.57,0.024104600005798345,0.050733820159579404,0.04003079099013811,0.1754702445276686,0.07321083394651638,0.03669626733753686,0.09012159833980792,0.14975210686603757,0.1797619493461445,,,,,,,SRB00001
2016-06-24,6193.41,0.23,27.64,0.02596955156941349,0.05280970173384468,0.04214617337220999,0.1775360664443562,0.07510344018316063,0.03781200629832976,0.09023909323545062,0.15002071948710616,0.18011398035394902,,,,,,,SRB00001
2016-06-25,5983.12,0.54,27.15,0.027834503133028637,0.05488558330810996,0.04426155575428187,0.17960188836104382,0.07699604641980487,0.03892774525912266,0.09035658813109332,0.15028933210817474,0.18046601136175355,,,,,,,SRB00001
2016-06-26,5674.45,3.91,25.11,0.029699454696643784,0.05696146488237524,0.04637693813635375,0.18166771027773143,0.07888865265644912,0.04004348421991557,0.09047408302673603,0.15055794472924333,0.18081804236955806,,,,,,,SRB00001
2016-06-27,5381.7,11.25,22.3,0.03156440626025893,0.059037346456640515,0.04849232051842562,0.18373353219441904,0.08078125889309336,0.04115922318070847,0.09059157792237874,0.15082655735031192,0.1811700733773626,,,,,,,SRB00001
2016-06-28,5381.7,1.3,21.1,0.03342935782387408,0.0611132280309058,0.0506077029004975,0.18579935411110662,0.08267386512973761,0.04227496214150137,0.09070907281802143,0.15109516997138053,0.1815221043851671,,,,,,,SRB00001
2016-06-29,5766.66,0.0,23.73,0.035294309387489224,0.06318910960517107,0.05272308528256938,0.18786517602779423,0.08456647136638185,0.043390701102294274,0.09082656771366414,0.15136378259244912,0.18187413539297165,,,,,,,SRB00001
2016-06-30,6080.35,0.0,25.01,0.03715926095110437,0.06526499117943635,0.05483846766464126,0.18993099794448184,0.0864590776030261,0.044506440063087176,0.09094406260930685,0.1516323952135177,0.18222616640077616,,,,,,,SRB00001
2016-07-01,6052.41,0.04,26.09,0.03902421251471952,0.06734087275370162,0.056953850046713134,0.19199681986116945,0.08835168383967033,0.045622179023880084,0.09106155750494954,0.1519010078345863,0.1825781974085807,,,,,,,SRB00001
2016-07-02,5753.4,0.05,27.24,0.040889164078334664,0.0694167543279669,0.059069232428785014,0.19406264177785706,0.09024429007631458,0.046737917984672986,0.09117905240059225,0.15216962045565488,0.1829302284163852,,,,,,,SRB00001
2016-07-03,5344.64,0.31,23.04,0.04275411564194981,0.07149263590223219,0.061184614810856894,0.19612846369454467,0.09213689631295882,0.04785365694546589,0.09129654729623496,0.15243823307672347,0.18328225942418974,,,,,,,SRB00001
2016-07-04,5022.43,0.0,22.32,0.04461906720556496,0.07356851747649747,0.06329999719292877,0.19819428561123226,0.09402950254960307,0.04896939590625879,0.09141404219187765,0.15270684569779205,0.18363429043199425,,,,,,,SRB00001
2016-07-05,4964.92,0.0,24.14,0.046484018769180104,0.07564439905076274,0.06541537957500065,0.20026010752791987,0.09592210878624731,0.0500851348670517,0.09153153708752036,0.15297545831886064,0.1839863214397988,,,,,,,SRB00001
2016-07-06,5127.61,0.9,22.22,0.048348970332795255,0.07772028062502802,0.06753076195707253,0.20232592944460748,0.09781471502289156,0.0512008738278446,0.09164903198316307,0.15324407093992923,0.1843383524476033,7.7,0.131,1.31828656,351.0,1.0,0.0039,SRB00001
2016-07-07,5080.6,0.03,21.83,0.0502139218964104,0.0797961621992933,0.0696461443391444,0.2043917513612951,0.0997073212595358,0.0523166127886375,0.09176652687880578,0.15351268356099784,0.18469038345540784,,,,,,,SRB00001
2016-07-08,4829.59,0.0,23.67,0.05214929421427581,0.08103692140337698,0.07022171703607746,0.2007473853522728,0.1012645464696732,0.05462742436583065,0.09188402177444847,0.15378129618206643,0.18504241446321235,,,,,,,SRB00001
2016-07-09,4538.42,0.01,24.44,0.05408466653214122,0.08227768060746067,0.07079728973301054,0.1971030193432505,0.1028217716798106,0.0569382359430238,0.09200151667009118,0.15404990880313502,0.18539444547101688,,,,,,,SRB00001
2016-07-10,4254.98,0.0,26.21,0.05602003885000663,0.08351843981154437,0.0713728624299436,0.19345865333422818,0.10437899688994799,0.05924904752021695,0.09211901156573389,0.1543185214242036,0.1857464764788214,,,,,,,SRB00001
2016-07-11,3980.07,0.0,26.94,0.05795541116787204,0.08475919901562806,0.07194843512687668,0.1898142873252059,0.1059362221000854,0.0615598590974101,0.09223650646137659,0.1545871340452722,0.18609850748662593,,,,,,,SRB00001
2016-07-12,3731.5,0.0,28.97,0.05989078348573745,0.08599995821971175,0.07252400782380974,0.1861699213161836,0.1074934473102228,0.06387067067460325,0.0923540013570193,0.15485574666634078,0.18645053849443044,,,,,,,SRB00001
2016-07-13,3522.71,0.62,28.89,0.05841233925834316,0.0852923887539297,0.07215003284232925,0.18851127633385487,0.10675679475972269,0.0626258125457055,0.09204686128968557,0.15468114335052743,0.18623460198006278,,,,,,,SRB00001
2016-07-14,3403.08,18.6,21.46,0.05693389503094886,0.08458481928814765,0.07177605786084876,0.1908526313515261,0.10602014220922258,0.06138095441680775,0.09173972122235187,0.15450654003471406,0.1860186654656951,,,,,,,SRB00001
2016-07-15,3629.78,24.48,17.86,0.055455450803554567,0.0838772498223656,0.07140208287936826,0.19319398636919738,0.10528348965872247,0.06013609628791,0.09143258115501815,0.15433193671890072,0.18580272895132743,,,,,,,SRB00001
2016-07-16,4527.97,36.54,16.19,0.053977006576160266,0.08316968035658355,0.07102810789788777,0.19553534138686865,0.10454683710822237,0.05889123815901225,0.09112544108768443,0.15415733340308738,0.18558679243695975,,,,,,,SRB00001
2016-07-17,5753.4,3.45,17.04,0.05249856234876597,0.0824621108908015,0.07065413291640728,0.19787669640453992,0.10381018455772226,0.057646380030114505,0.09081830102035071,0.15398273008727403,0.1853708559225921,,,,,,,SRB00001
2016-07-18,6279.58,0.05,21.21,0.05102011812137168,0.08175454142501945,0.07028015793492677,0.20021805142221116,0.10307353200722214,0.05640152190121675,0.090511160953017,0.15380812677146066,0.1851549194082244,,,,,,,SRB00001
2016-07-19,6207.69,0.03,21.6,0.04954167389397738,0.0810469719592374,0.06990618295344628,0.20255940643988243,0.10233687945672203,0.055156663772319,0.09020402088568329,0.15363352345564732,0.18493898289385674,,,,,,,SRB00001
2016-07-20,5873.89,0.07,22.7,0.048063229666583086,0.08033940249345535,0.06953220797196578,0.2049007614575537,0.10160022690622192,0.053911805643421254,0.08989688081834957,0.15345892013983398,0.18472304637948905,,,,,,,SRB00001
2016-07-21,5481.77,0.0,24.05,0.04658478543918879,0.0796318330276733,0.06915823299048529,0.20724211647522497,0.10086357435572181,0.0526669475145235,0.08958974075101585,0.1532843168240206,0.1845071098651214,,,,,,,SRB00001
2016-07-22,5080.6,0.03,25.82,0.04510634121179449,0.07892426356189125,0.0687842580090048,0.20958347149289622,0.1001269218052217,0.05142208938562575,0.08928260068368214,0.15310971350820726,0.1842911733507537,,,,,,,SRB00001
2016-07-23,4665.59,0.34,27.49,0.0436278969844002,0.0782166940961092,0.0684102830275243,0.2119248265105675,0.0993902692547216,0.050177231256728,0.08897546061634842,0.15293511019239392,0.18407523683638605,,,,,,,SRB00001
2016-07-24,4294.36,3.65,27.4,0.042337593744060445,0.07606716338824208,0.06590527867664091,0.20778267927930308,0.0970169090659058,0.048735269368579845,0.0886683205490147,0.15276050687658055,0.18385930032201836,,,,,,,SRB00001
2016-07-25,3989.25,2.74,25.28,0.04104729050372068,0.07391763268037496,0.0634002743257575,0.2036405320480387,0.09464354887708999,0.04729330748043169,0.08836118048168098,0.1525859035607672,0.1836433638076507,,,,,,,SRB00001
2016-07-26,3827.25,4.84,23.62,0.03975698726338093,0.07176810197250785,0.0608952699748741,0.1994983848167743,0.09227018868827419,0.04585134559228353,0.08805404041434728,0.15241130024495386,0.183427427293283,,,,,,,SRB00001
2016-07-27,3836.07,0.31,25.2,0.038466684023041174,0.06961857126464074,0.0583902656239907,0.1953562375855099,0.0898968284994584,0.04440938370413537,0.08774690034701356,0.15223669692914052,0.18321149077891535,,,,,,,SRB00001
2016-07-28,3907.41,11.55,23.47,0.03717638078270142,0.06746904055677364,0.0558852612731073,0.1912140903542455,0.0875234683106426,0.042967421815987214,0.08743976027967984,0.15206209361332715,0.18299555426454767,,,,,,,SRB00001
2016-07-29,3943.57,0.44,24.11,0.03588607754236166,0.06531950984890651,0.0533802569222239,0.18707194312298112,0.0851501081218268,0.041525459927839056,0.08713262021234612,0.1518874902975138,0.18277961775018,,,,,,,SRB00001
2016-07-30,3989.25,0.02,25.99,0.0345957743020219,0.0631699791410394,0.0508752525713405,0.1829297958917167,0.082776747933011,0.0400834980396909,0.08682548014501242,0.15171288698170046,0.18256368123581232,,,,,,,SRB00001
2016-07-31,4063.43,0.04,27.13,0.03490654168610743,0.0634244349202419,0.05085997177247703,0.18457556959424862,0.08364439099889696,0.040579960087438485,0.0865183400776787,0.1515382836658871,0.18234774472144466,,,,,,,SRB00001
2016-08-01,4091.61,8.43,21.45,0.035217309070192944,0.06367889069944438,0.05084469097361356,0.18622134329678053,0.08451203406478293,0.04107642213518608,0.08621120001034498,0.15136368035007375,0.18213180820707697,,,,,,,SRB00001
2016-08-02,4016.91,0.9,21.86,0.03552807645427847,0.06393334647864687,0.0508294101747501,0.18786711699931244,0.0853796771306689,0.041572884182933666,0.08590405994301126,0.1511890770342604,0.1819158716927093,,,,,,,SRB00001
2016-08-03,3943.57,0.01,22.7,0.03583884383836399,0.06418780225784936,0.050814129375886634,0.18951289070184435,0.08624732019655486,0.04206934623068125,0.08559691987567755,0.15101447371844703,0.18169993517834163,7.5,0.136,1.3092572,368.0,1.1,0.0012,SRB00001
2016-08-04,3980.07,0.0,24.95,0.03614961122244951,0.06444225803705185,0.050798848577023166,0.19115866440437626,0.08711496326244084,0.042565808278428846,0.08528977980834383,0.1508398704026337,0.18148399866397397,,,,,,,SRB00001
2016-08-05,4044.76,0.0,26.8,0.03646037860653503,0.06469671381625433,0.0507835677781597,0.19280443810690817,0.0879826063283268,0.04306227032617643,0.08498263974101011,0.15066526708682035,0.18126806214960628,,,,,,,SRB00001
2016-08-06,3980.07,8.52,21.25,0.036771145990620556,0.06495116959545683,0.05076828697929624,0.19445021180944008,0.08885024939421277,0.04355873237392402,0.0846754996736764,0.150490663771007,0.18105212563523862,,,,,,,SRB00001
2016-08-07,3827.25,0.87,22.18,0.03708191337470607,0.0652056253746593,0.05075300618043277,0.196095985511972,0.08971789246009873,0.04405519442167161,0.08436835960634269,0.15031606045519363,0.18083618912087093,,,,,,,SRB00001
2016-08-08,3925.45,0.78,21.85,0.0373926807587916,0.0654600811538618,0.0507377253815693,0.1977417592145039,0.0905855355259847,0.0445516564694192,0.08406121953900897,0.1501414571393803,0.18062025260650327,,,,,,,SRB00001
2016-08-09,4633.47,0.0,23.39,0.03858902089434455,0.0674125520580518,0.053842885812394305,0.1968963149397538,0.08962711121778573,0.0440259410781532,0.08375407947167525,0.14996685382356695,0.18040431609213559,,,,,,,SRB00001
2016-08-10,4976.37,3.41,20.76,0.03978536102989751,0.0693650229622418,0.0569480462432193,0.19605087066500368,0.08866868690958675,0.0435002256868872,0.08344693940434153,0.14979225050775358,0.18018837957776793,,,,,,,SRB00001
2016-08-11,4708.77,3.13,15.97,0.04098170116545047,0.0713174938664318,0.060053206674044304,0.19520542639025357,0.08771026260138778,0.0429745102956212,0.08313979933700782,0.14961764719194023,0.17997244306340024,,,,,,,SRB00001
2016-08-12,4763.31,0.0,16.82,0.04217804130100343,0.07326996477062181,0.0631583671048693,0.19435998211550343,0.0867518382931888,0.0424487949043552,0.0828326592696741,0.1494430438761269,0.17975650654903258,,,,,,,SRB00001
2016-08-13,5481.77,0.0,19.08,0.043374381436556385,0.07522243567481181,0.0662635275356943,0.19351453784075331,0.08579341398498984,0.0419230795130892,0.08252551920234039,0.14926844056031352,0.1795405700346649,,,,,,,SRB00001
2016-08-14,5740.17,0.0,21.49,0.04457072157210935,0.0771749065790018,0.06936868796651931,0.1926690935660032,0.08483498967679086,0.0413973641218232,0.08221837913500667,0.14909383724450018,0.17932463352029723,,,,,,,SRB00001
2016-08-15,5369.32,0.42,23.36,0.0457670617076623,0.0791273774831918,0.0724738483973443,0.1918236492912531,0.0838765653685919,0.0408716487305572,0.08191123906767296,0.14891923392868683,0.17910869700592955,,,,,,,SRB00001
2016-08-16,4885.52,0.31,23.2,0.04500470728559578,0.07791703944484882,0.07047073524483258,0.1912485534986137,0.08404799377571759,0.04091341142610538,0.08160409900033924,0.1487446306128735,0.1788927604915619,,,,,,,SRB00001
2016-08-17,4486.45,11.43,19.98,0.044242352863529254,0.07670670140650583,0.06846762209232087,0.19067345770597433,0.0842194221828433,0.04095517412165356,0.08129695893300552,0.14857002729706012,0.1786768239771942,,,,,,,SRB00001
2016-08-18,4158.11,0.07,21.34,0.04347999844146273,0.07549636336816283,0.06646450893980914,0.19009836191333493,0.084390850589969,0.040996936817201735,0.0809898188656718,0.14839542398124678,0.17846088746282654,,,,,,,SRB00001
2016-08-19,3871.58,1.3,22.18,0.04271764401939621,0.07428602532981984,0.06446139578729741,0.18952326612069553,0.08456227899709469,0.04103869951274991,0.0806826787983381,0.14822082066543343,0.17824495094845885,,,,,,,SRB00001
2016-08-20,3654.95,0.02,23.15,0.041955289597329685,0.07307568729147686,0.06245828263478569,0.18894817032805616,0.0847337074042204,0.04108046220829809,0.08037553873100438,0.14804621734962006,0.1780290144340912,,,,,,,SRB00001
2016-08-21,3474.36,0.13,23.94,0.041192935175263165,0.07186534925313387,0.06045516948227397,0.18837307453541677,0.0849051358113461,0.04112222490384627,0.08006839866367066,0.14787161403380672,0.1778130779197235,,,,,,,SRB00001
2016-08-22,3356.38,19.88,16.33,0.040430580753196645,0.07065501121479087,0.05845205632976225,0.18779797874277737,0.08507656421847179,0.04116398759939444,0.07976125859633694,0.14769701071799338,0.17759714140535585,,,,,,,SRB00001
2016-08-23,3348.66,0.87,19.84,0.03966822633113012,0.06944467317644788,0.05644894317725052,0.187222882950138,0.0852479926255975,0.041205750294942625,0.07945411852900323,0.14752240740218,0.17738120489098816,,,,,,,SRB00001
2016-08-24,3530.83,0.0,21.45,0.0389058719090636,0.0682343351381049,0.0544458300247388,0.1866477871574986,0.0854194210327232,0.0412475129904908,0.07914697846166951,0.14734780408636666,0.1771652683766205,,,,,,,SRB00001
2016-08-25,3970.92,0.01,21.69,0.04223850611193165,0.0701779823084675,0.05490870258136305,0.18490094051120837,0.0887606014413713,0.043957970113565725,0.0788398383943358,0.14717320077055332,0.1769493318622528,,,,,,,SRB00001
2016-08-26,4225.69,0.0,23.05,0.045571140314799696,0.07212162947883012,0.0553715751379873,0.1831540938649181,0.0921017818500194,0.04666842723664065,0.07853269832700208,0.14699859745473998,0.17673339534788515,,,,,,,SRB00001
2016-08-27,4035.45,0.0,24.14,0.048903774517667746,0.07406527664919274,0.05583444769461155,0.18140724721862783,0.0954429622586675,0.049378884359715575,0.07822555825966837,0.1468239941389266,0.17651745883351747,,,,,,,SRB00001
2016-08-28,3697.28,0.0,24.08,0.052236408720535796,0.07600892381955535,0.0562973202512358,0.1796604005723376,0.0987841426673156,0.0520893414827905,0.07791841819233465,0.14664939082311326,0.1763015223191498,,,,,,,SRB00001
2016-08-29,3387.44,0.0,24.65,0.046971057062314865,0.07235109029284634,0.05508466012188674,0.17742118507034674,0.094049952186035,0.049127952181193736,0.07754182128276953,0.1457188899031955,0.175040363653497,,,,,,,SRB00001
2016-08-30,3125.08,0.08,23.3,0.04170570540409393,0.06869325676613731,0.05387199999253767,0.17518196956835586,0.0893157617047544,0.046166562879596966,0.0771652243732044,0.14478838898327775,0.17377920498784424,,,,,,,SRB00001
2016-08-31,2923.15,0.0,21.58,0.036440353745873,0.0650354232394283,0.0526593398631886,0.172942754066365,0.0845815712234738,0.0432051735780002,0.07678862746363926,0.14385788806336003,0.17251804632219145,,,,,,,SRB00001
2016-09-01,2765.94,0.0,21.75,0.03640624296949884,0.06513373712495198,0.052392640294967804,0.17382994352713324,0.08533606144785334,0.04346443532878672,0.07641203055407414,0.14292738714344227,0.17125688765653865,,,,,,,SRB00001
2016-09-02,2647.5,0.0,22.32,0.036372132193124684,0.06523205101047566,0.052125940726747005,0.17471713298790148,0.0860905516722329,0.04372369707957325,0.07603543364450902,0.14199688622352452,0.16999572899088589,,,,,,,SRB00001
2016-09-03,2575.32,0.0,23.3,0.03633802141675053,0.06533036489599933,0.0518592411585262,0.17560432244866975,0.08684504189661243,0.04398295883035977,0.07565883673494389,0.14106638530360677,0.1687345703252331,,,,,,,SRB00001
2016-09-04,2528.3,0.0,23.71,0.03630391064037637,0.06542867878152302,0.0515925415903054,0.176491511909438,0.08759953212099197,0.04424222058114629,0.07528223982537877,0.140135884383689,0.16747341165958032,,,,,,,SRB00001
2016-09-05,2493.6,16.27,17.78,0.03626979986400222,0.06552699266704669,0.0513258420220846,0.17737870137020623,0.08835402234537153,0.044501482331932816,0.07490564291581363,0.13920538346377126,0.16621225299392753,,,,,,,SRB00001
2016-09-06,2470.72,0.19,18.59,0.036235689087628066,0.06562530655257037,0.0510591424538638,0.17826589083097447,0.08910851256975107,0.044760744082719336,0.0745290460062485,0.13827488254385353,0.16495109432827473,,,,,,,SRB00001
2016-09-07,2470.72,0.12,21.9,0.03620157831125391,0.06572362043809404,0.050792442885643,0.17915308029174273,0.0898630027941306,0.045020005833505856,0.07415244909668338,0.13734438162393578,0.16368993566262197,8.0,0.137,1.18961818,410.0,2.2,0.0024,SRB00001
2016-09-08,2505.11,0.01,23.2,0.03616746753487975,0.06582193432361773,0.0505257433174222,0.18004026975251097,0.09061749301851016,0.04527926758429238,0.07377585218711825,0.13641388070401803,0.16242877699696917,,,,,,,SRB00001
2016-09-09,2684.34,0.0,24.12,0.0361333567585056,0.0659202482091414,0.0502590437492014,0.1809274592132792,0.0913719832428897,0.0455385293350789,0.07339925527755312,0.13548337978410027,0.16116761833131638,,,,,,,SRB00001
2016-09-10,3060.96,0.06,23.87,0.03609545230152547,0.06560241689933122,0.04996905239385027,0.17829737931059955,0.09082549305993567,0.045265502551216176,0.07302265836798799,0.13455287886418252,0.1599064596656636,,,,,,,SRB00001
2016-09-11,3272.41,0.66,25.45,0.03605754784454534,0.06528458558952102,0.04967906103849914,0.1756672994079199,0.09027900287698164,0.04499247576735344,0.07264606145842287,0.1336223779442648,0.1586453010000108,,,,,,,SRB00001
2016-09-12,3168.57,0.63,24.19,0.03601964338756521,0.06496675427971084,0.04938906968314801,0.17303721950524023,0.08973251269402761,0.044719448983490714,0.07226946454885774,0.13269187702434704,0.15738414233435805,,,,,,,SRB00001
2016-09-13,2950.21,4.62,24.07,0.03598173893058509,0.06464892296990066,0.049099078327796884,0.17040713960256057,0.08918602251107359,0.04444642219962799,0.07189286763929262,0.13176137610442928,0.15612298366870525,,,,,,,SRB00001
2016-09-14,2740.57,1.59,22.04,0.03594383447360496,0.06433109166009048,0.04880908697244576,0.1677770596998809,0.08863953232811957,0.04417339541576526,0.07151627072972748,0.13083087518451153,0.15486182500305246,,,,,,,SRB00001
2016-09-15,2557.59,0.0,22.53,0.03590593001662483,0.06401326035028028,0.048519095617094624,0.16514697979720125,0.08809304214516553,0.043900368631902525,0.07113967382016236,0.12990037426459378,0.1536006663373997,,,,,,,SRB00001
2016-09-16,2403.36,0.0,23.45,0.0358680255596447,0.0636954290404701,0.0482291042617435,0.1625168998945216,0.0875465519622115,0.0436273418480398,0.07076307691059723,0.12896987334467602,0.1523395076717469,,,,,,,SRB00001
2016-09-17,2284.6,0.85,22.51,0.03618422097501192,0.06355357049534048,0.0481156552817615,0.16098515286947804,0.08769683685582486,0.04398862110154279,0.0703864800010321,0.1280393724247583,0.1510783490060941,,,,,,,SRB00001
2016-09-18,2191.81,4.0,19.82,0.03650041639037914,0.06341171195021086,0.04800220630177951,0.1594534058444345,0.0878471217494382,0.04434990035504577,0.07000988309146698,0.12710887150484054,0.14981719034044133,,,,,,,SRB00001
2016-09-19,2141.89,21.0,16.83,0.03681661180574636,0.06326985340508125,0.047888757321797516,0.15792165881939094,0.08799740664305157,0.04471117960854876,0.06963328618190184,0.1261783705849228,0.14855603167478854,,,,,,,SRB00001
2016-09-20,2242.88,0.64,15.97,0.037132807221113576,0.06312799485995163,0.04777530834181553,0.15638991179434739,0.08814769153666492,0.045072458862051745,0.06925668927233672,0.12524786966500503,0.14729487300913574,,,,,,,SRB00001
2016-09-21,2984.38,0.0,12.97,0.037449002636480794,0.06298613631482201,0.047661859361833536,0.15485816476930384,0.08829797643027827,0.04543373811555473,0.0688800923627716,0.1243173687450873,0.14603371434348297,,,,,,,SRB00001
2016-09-22,3907.41,0.35,13.68,0.03776519805184801,0.0628442777696924,0.04754841038185154,0.15332641774426028,0.08844826132389162,0.045795017369057715,0.06850349545320647,0.12338686782516954,0.14477255567783018,,,,,,,SRB00001
2016-09-23,4119.98,0.0,14.72,0.03808139346721523,0.06270241922456277,0.04743496140186955,0.15179467071921673,0.08859854621750499,0.0461562966225607,0.06812689854364135,0.1224563669052518,0.1435113970121774,,,,,,,SRB00001
2016-09-24,4026.17,0.0,16.28,0.03839758888258245,0.06256056067943315,0.047321512421887556,0.15026292369417316,0.08874883111111834,0.046517575876063685,0.06775030163407621,0.12152586598533405,0.14225023834652462,,,,,,,SRB00001
2016-09-25,3792.15,0.0,15.67,0.038713784297949666,0.06241870213430354,0.04720806344190556,0.1487311766691296,0.08889911600473169,0.046878855129566674,0.06737370472451108,0.1205953650654163,0.14098907968087182,,,,,,,SRB00001
2016-09-26,3490.4,0.0,15.08,0.039029979713316884,0.06227684358917392,0.04709461446192357,0.14719942964408606,0.08904940089834504,0.047240134383069655,0.06699710781494596,0.11966486414549855,0.13972792101521905,,,,,,,SRB00001
2016-09-27,3175.87,0.0,15.21,0.0393461751286841,0.0621349850440443,0.04698116548194158,0.1456676826190425,0.08919968579195839,0.047601413636572644,0.06662051090538083,0.1187343632255808,0.13846676234956626,,,,,,,SRB00001
2016-09-28,2896.34,0.0,15.93,0.03966237054405132,0.06199312649891468,0.04686771650195959,0.14413593559399895,0.08934997068557175,0.04796269289007563,0.0662439139958157,0.11780386230566305,0.13720560368391346,,,,,,,SRB00001
2016-09-29,2653.61,0.0,17.02,0.03997856595941854,0.061851267953785066,0.046754267521977595,0.1426041885689554,0.0895002555791851,0.048323972143578614,0.06586731708625057,0.1168733613857453,0.1359444450182607,,,,,,,SRB00001
2016-09-30,2459.37,0.0,17.29,0.040294761374785756,0.06170940940865545,0.0466408185419956,0.14107244154391185,0.08965054047279845,0.0486852513970816,0.06549072017668545,0.11594286046582755,0.1346832863526079,,,,,,,SRB00001
2016-10-01,2300.44,0.0,18.31,0.03941448302830619,0.0612123576388493,0.046421152700254334,0.14140603070261232,0.09100193879235517,0.049978253001524,0.06557634968821055,0.11588809426397118,0.13458026483057345,,,,,,,SRB00001
2016-10-02,2181.73,6.59,17.16,0.038534204681826625,0.06071530586904316,0.04620148685851307,0.1417396198613128,0.09235333711191189,0.0512712546059664,0.06566197919973564,0.11583332806211481,0.134477243308539,,,,,,,SRB00001
2016-10-03,2088.3,5.13,15.13,0.03765392633534705,0.06021825409923701,0.045981821016771805,0.14207320902001327,0.09370473543146861,0.0525642562104088,0.06574760871126074,0.11577856186025844,0.13437422178650454,,,,,,,SRB00001
2016-10-04,2022.02,3.46,12.1,0.03677364798886749,0.05972120232943087,0.045762155175030544,0.14240679817871374,0.09505613375102531,0.05385725781485119,0.06583323822278583,0.11572379565840206,0.1342712002644701,,,,,,,SRB00001
2016-10-05,1989.67,0.22,8.14,0.03589336964238792,0.059224150559624725,0.04554248933328928,0.1427403873374142,0.09640753207058203,0.05515025941929359,0.06591886773431094,0.1156690294565457,0.13416817874243564,9.1,0.116,1.68849032,438.0,2.8,0.0012,SRB00001
2016-10-06,2008.09,1.72,7.8,0.035013091295908357,0.05872709878981858,0.045322823491548016,0.1430739764961147,0.09775893039013875,0.056443261023735994,0.06600449724583603,0.11561426325468932,0.1340651572204012,,,,,,,SRB00001
2016-10-07,2146.83,0.19,8.33,0.034132812949428784,0.058230047020012436,0.04510315764980675,0.14340756565481516,0.09911032870969547,0.05773626262817839,0.06609012675736113,0.11555949705283294,0.13396213569836674,,,,,,,SRB00001
2016-10-08,2516.68,0.0,7.91,0.03325253460294922,0.05773299525020629,0.04488349180806549,0.14374115481351563,0.10046172702925218,0.05902926423262079,0.06617575626888622,0.11550473085097658,0.13385911417633228,,,,,,,SRB00001
2016-10-09,2950.21,0.0,9.36,0.03237225625646965,0.05723594348040015,0.04466382596632422,0.1440747439722161,0.1018131253488089,0.06032226583706319,0.06626138578041132,0.1154499646491202,0.13375609265429783,,,,,,,SRB00001
2016-10-10,3125.08,6.62,9.36,0.03149197790999009,0.056738891710594,0.04444416012458296,0.14440833313091658,0.10316452366836561,0.06161526744150558,0.06634701529193641,0.11539519844726384,0.13365307113226338,,,,,,,SRB00001
2016-10-11,3089.3,2.98,8.11,0.03061169956351052,0.05624183994078785,0.04422449428284169,0.14474192228961705,0.10451592198792233,0.06290826904594798,0.06643264480346152,0.11534043224540746,0.13355004961022893,,,,,,,SRB00001
2016-10-12,2984.38,12.27,7.24,0.029731421217030953,0.05574478817098171,0.04400482844110043,0.1450755114483175,0.10586732030747904,0.06420127065039039,0.06651827431498661,0.11528566604355109,0.13344702808819447,,,,,,,SRB00001
2016-10-13,2856.59,0.01,8.11,0.028851142870551384,0.055247736401175564,0.04378516259935916,0.145409100607018,0.10721871862703576,0.06549427225483279,0.06660390382651171,0.11523089984169473,0.13334400656616002,,,,,,,SRB00001
2016-10-14,2727.98,0.0,10.53,0.02797086452407182,0.05475068463136942,0.0435654967576179,0.14574268976571847,0.10857011694659248,0.06678727385927517,0.0666895333380368,0.11517613363983835,0.13324098504412557,,,,,,,SRB00001
2016-10-15,2599.16,2.27,12.45,0.02709058617759225,0.054253632861563275,0.04334583091587663,0.14607627892441893,0.1099215152661492,0.06808027546371757,0.0667751628495619,0.11512136743798197,0.13313796352209112,,,,,,,SRB00001
2016-10-16,2516.68,1.17,13.51,0.026210307831112684,0.05375658109175713,0.04312616507413537,0.1464098680831194,0.1112729135857059,0.06937327706815997,0.066860792361087,0.11506660123612561,0.13303494200005667,,,,,,,SRB00001
2016-10-17,2453.71,0.03,11.9,0.02533002948463312,0.05325952932195099,0.042906499232394105,0.1467434572418199,0.11262431190526262,0.07066627867260238,0.0669464218726121,0.11501183503426923,0.13293192047802221,,,,,,,SRB00001
2016-10-18,2375.84,1.29,9.17,0.02444975113815355,0.05276247755214484,0.042686833390652844,0.14707704640052036,0.11397571022481934,0.07195928027704478,0.06703205138413719,0.11495706883241286,0.13282889895598776,,,,,,,SRB00001
2016-10-19,2274.1,0.45,8.85,0.023569472791673984,0.0522654257823387,0.042467167548911576,0.14741063555922082,0.11532710854437606,0.07325228188148716,0.0671176808956623,0.1149023026305565,0.1327258774339533,,,,,,,SRB00001
2016-10-20,2212.09,3.7,10.37,0.022689194445194415,0.05176837401253255,0.042247501707170315,0.14774422471792129,0.11667850686393277,0.07454528348592956,0.0672033104071874,0.11484753642870012,0.13262285591191886,,,,,,,SRB00001
2016-10-21,2201.93,7.81,9.65,0.02180891609871485,0.05127132224272641,0.04202783586542905,0.14807781387662178,0.11802990518348949,0.07583828509037197,0.06728893991871249,0.11479277022684374,0.1325198343898844,,,,,,,SRB00001
2016-10-22,2242.88,0.57,8.7,0.02092863775223528,0.05077427047292026,0.041808170023687787,0.14841140303532224,0.11938130350304621,0.07713128669481437,0.06737456943023759,0.11473800402498738,0.13241681286784995,,,,,,,SRB00001
2016-10-23,2414.46,0.05,7.28,0.020048359405755715,0.050277218703114114,0.04158850418194652,0.1487449921940227,0.12073270182260291,0.07842428829925677,0.06746019894176268,0.114683237823131,0.1323137913458155,,,,,,,SRB00001
2016-10-24,2678.17,0.03,12.4,0.01916808105927615,0.04978016693330797,0.04136883834020526,0.1490785813527232,0.12208410014215963,0.07971728990369917,0.06754582845328778,0.11462847162127464,0.13221076982378105,,,,,,,SRB00001
2016-10-25,2856.59,3.23,15.72,0.01828780271279658,0.049283115163501826,0.04114917249846399,0.14941217051142366,0.12343549846171635,0.08101029150814155,0.06763145796481287,0.11457370541941826,0.1321077483017466,,,,,,,SRB00001
2016-10-26,2863.18,10.6,13.33,0.017407524366317016,0.048786063393695685,0.04092950665672273,0.14974575967012413,0.12478689678127307,0.08230329311258396,0.06771708747633798,0.11451893921756189,0.13200472677971214,,,,,,,SRB00001
2016-10-27,2778.71,0.0,7.58,0.016527246019837447,0.04828901162388954,0.04070984081498146,0.1500793488288246,0.12613829510082977,0.08359629471702636,0.06780271698786307,0.11446417301570552,0.1319017052576777,,,,,,,SRB00001
2016-10-28,2678.17,0.0,6.33,0.01564696767335788,0.04779195985408339,0.0404901749732402,0.15041293798752509,0.1274896934203865,0.08488929632146876,0.06788834649938817,0.11440940681384915,0.13179868373564324,,,,,,,SRB00001
2016-10-29,2599.16,0.1,8.78,0.014766689326878314,0.04729490808427725,0.04027050913149893,0.15074652714622555,0.1288410917399432,0.08618229792591116,0.06797397601091326,0.11435464061199277,0.1316956622136088,,,,,,,SRB00001
2016-10-30,2569.4,0.0,7.47,0.013886410980398747,0.0467978563144711,0.04005084328975767,0.15108011630492602,0.13019249005949993,0.08747529953035355,0.06805960552243837,0.1142998744101364,0.13159264069157434,,,,,,,SRB00001
2016-10-31,2587.21,0.0,5.32,0.01300613263391918,0.04630080454466496,0.039831177448016404,0.15141370546362648,0.13154388837905664,0.08876830113479595,0.06814523503396346,0.11424510820828003,0.1314896191695399,,,,,,,SRB00001
2016-11-01,2551.7,0.0,6.8,0.012125854287439612,0.04580375277485881,0.03961151160627514,0.15174729462232697,0.13289528669861336,0.09006130273923835,0.06823086454548856,0.11419034200642365,0.13138659764750546,,,,,,,SRB00001
2016-11-02,2465.04,5.54,9.87,0.011245575940960045,0.045306701005052664,0.039391845764533875,0.15208088378102744,0.13424668501817008,0.09135430434368075,0.06831649405701365,0.11413557580456729,0.131283576125471,10.7,0.072,1.77878392,463.0,2.5,0.0036,SRB00001
2016-11-03,2348.63,1.15,6.16,0.010365297594480478,0.044809649235246524,0.039172179922792615,0.1524144729397279,0.1355980833377268,0.09264730594812315,0.06840212356853875,0.11408080960271091,0.13118055460343656,,,,,,,SRB00001
2016-11-04,2237.72,0.0,4.14,0.00948501924800091,0.044312597465440376,0.03895251408105135,0.1527480620984284,0.13694948165728352,0.09394030755256554,0.06848775308006384,0.11402604340085454,0.1310775330814021,,,,,,,SRB00001
2016-11-05,2127.14,1.32,8.42,0.008604740901521343,0.043815545695634235,0.038732848239310086,0.15308165125712886,0.13830087997684024,0.09523330915700794,0.06857338259158895,0.11397127719899817,0.13097451155936765,,,,,,,SRB00001
2016-11-06,2031.36,2.11,15.27,0.007724462555041777,0.04331849392582809,0.03851318239756882,0.15341524041582932,0.13965227829639695,0.09652631076145034,0.06865901210311405,0.1139165109971418,0.1308714900373332,,,,,,,SRB00001
2016-11-07,1985.1,10.31,7.61,0.006844184208562211,0.04282144215602194,0.03829351655582756,0.1537488295745298,0.14100367661595367,0.09781931236589274,0.06874464161463914,0.11386174479528544,0.13076846851529875,,,,,,,SRB00001
2016-11-08,2050.16,3.99,5.19,0.005963905862082643,0.0423243903862158,0.03807385071408629,0.15408241873323028,0.14235507493551036,0.09911231397033514,0.06883027112616424,0.11380697859342906,0.1306654469932643,,,,,,,SRB00001
2016-11-09,2201.93,2.53,3.08,0.005083627515603076,0.04182733861640965,0.03785418487234503,0.15441600789193075,0.14370647325506708,0.10040531557477753,0.06891590063768933,0.11375221239157268,0.13056242547122984,,,,,,,SRB00001
2016-11-10,2343.23,0.04,2.67,0.004203349169123509,0.04133028684660351,0.03763451903060376,0.1547495970506312,0.1450578715746238,0.10169831717921993,0.06900153014921444,0.11369744618971632,0.1304594039491954,,,,,,,SRB00001
2016-11-11,2499.35,2.22,5.46,0.003323070822643942,0.04083323507679736,0.0374148531888625,0.15508318620933167,0.14640926989418052,0.10299131878366233,0.06908715966073953,0.11364267998785994,0.13035638242716094,,,,,,,SRB00001
2016-11-12,2635.33,15.78,4.35,0.0024427924761643753,0.040336183306991215,0.03719518734712123,0.15541677536803217,0.14776066821373723,0.10428432038810473,0.06917278917226463,0.11358791378600357,0.1302533609051265,,,,,,,SRB00001
2016-11-13,2647.5,0.41,0.2,0.0015625141296848081,0.039839131537185074,0.03697552150537997,0.15575036452673263,0.14911206653329395,0.10557732199254713,0.06925841868378972,0.1135331475841472,0.13015033938309203,,,,,,,SRB00001
2016-11-14,2599.16,0.0,-0.07,0.0006822357832052411,0.039342079767378926,0.036755855663638703,0.1560839536854331,0.15046346485285067,0.10687032359698953,0.06934404819531483,0.11347838138229083,0.13004731786105758,,,,,,,SRB00001
2016-11-15,2551.7,0.0,-0.11,-0.0001980425632743259,0.038845027997572786,0.03653618982189744,0.15641754284413356,0.1518148631724074,0.10816332520143192,0.06942967770683992,0.11342361518043445,0.12994429633902313,,,,,,,SRB00001
2016-11-16,2516.68,0.25,-0.37,-0.001078320909753893,0.03834797622776664,0.036316523980156175,0.15675113200283405,0.1531662614919641,0.10945632680587432,0.06951530721836502,0.11336884897857809,0.12984127481698868,,,,,,,SRB00001
2016-11-17,2476.42,0.04,4.33,-0.00195859925623346,0.0378509244579605,0.036096858138414914,0.15708472116153452,0.15451765981152082,0.11074932841031672,0.06960093672989011,0.11331408277672171,0.12973825329495423,,,,,,,SRB00001
2016-11-18,2403.36,0.01,7.81,-0.002838877602713027,0.03735387268815435,0.035877192296673646,0.15741831032023498,0.15586905813107754,0.11204233001475912,0.06968656624141521,0.11325931657486533,0.12963523177291977,,,,,,,SRB00001
2016-11-19,2321.74,0.04,9.9,-0.003719155949192594,0.0368568209183482,0.035657526454932385,0.15775189947893548,0.15722045645063426,0.11333533161920152,0.0697721957529403,0.11320455037300897,0.12953221025088532,,,,,,,SRB00001
2016-11-20,2316.39,0.29,9.28,-0.004599434295672161,0.03635976914854206,0.03543786061319112,0.15808548863763594,0.15857185477019098,0.11462833322364391,0.0698578252644654,0.1131497841711526,0.12942918872885087,,,,,,,SRB00001
2016-11-21,2505.11,0.01,7.96,-0.005479712642151728,0.03586271737873591,0.03521819477144986,0.1584190777963364,0.15992325308974767,0.11592133482808631,0.0699434547759905,0.11309501796929622,0.12932616720681642,,,,,,,SRB00001
2016-11-22,2778.71,0.01,6.57,-0.006359990988631295,0.03536566560892977,0.03499852892970859,0.15875266695503687,0.1612746514093044,0.11721433643252871,0.0700290842875156,0.11304025176743986,0.12922314568478196,,,,,,,SRB00001
2016-11-23,2963.83,0.02,4.62,-0.0072402693351108615,0.034868613839123624,0.03477886308796733,0.15908625611373736,0.1626260497288611,0.11850733803697111,0.07011471379904069,0.11298548556558348,0.1291201241627475,,,,,,,SRB00001
2016-11-24,3053.92,0.02,5.36,-0.008120547681590429,0.03437156206931748,0.03455919724622606,0.15941984527243783,0.16397744804841782,0.11980033964141351,0.0702003433105658,0.11293071936372712,0.12901710264071306,,,,,,,SRB00001
2016-11-25,3039.89,0.02,6.2,-0.009000826028069996,0.033874510299511336,0.0343395314044848,0.1597534344311383,0.16532884636797454,0.12109334124585591,0.0702859728220909,0.11287595316187074,0.1289140811186786,,,,,,,SRB00001
2016-11-26,2929.89,0.34,6.01,-0.009881104374549563,0.03337745852970519,0.03411986556274353,0.16008702358983876,0.16668024468753126,0.1223863428502983,0.07037160233361599,0.11282118696001436,0.12881105959664416,,,,,,,SRB00001
2016-11-27,2804.43,3.04,5.62,-0.01076138272102913,0.03288040675989905,0.03390019972100227,0.16042061274853925,0.16803164300708798,0.1236793444547407,0.07045723184514109,0.112766420758158,0.1287080380746097,,,,,,,SRB00001
2016-11-28,2684.34,0.04,0.71,-0.0116416610675087,0.0323833549900929,0.033680533879261,0.1607542019072397,0.1693830413266447,0.1249723460591831,0.07054286135666618,0.11271165455630162,0.12860501655257525,,,,,,,SRB00001
2016-11-29,2569.4,0.0,-1.89,-0.006368613797546042,0.035210152002996715,0.03618010351802673,0.15475036558087774,0.15756874113478336,0.1154842255078415,0.07062849086819128,0.11265688835444525,0.1285019950305408,,,,,,,SRB00001
2016-11-30,2453.71,0.0,-1.32,-0.0010955665275833842,0.038036949015900524,0.03867967315679246,0.14874652925451573,0.14575444094292203,0.1059961049564999,0.07071412037971637,0.11260212215258888,0.12839897350850635,,,,,,,SRB00001
2016-12-01,2343.23,0.05,1.92,0.004177480742379273,0.04086374602880434,0.04117924279555819,0.14274269292815375,0.1339401407510607,0.0965079844051583,0.07079974989124148,0.11254735595073251,0.1282959519864719,,,,,,,SRB00001
2016-12-02,2248.05,0.12,3.12,0.009450528012341931,0.043690543041708156,0.043678812434323915,0.13673885660179178,0.12212584055919938,0.0870198638538167,0.07088537940276657,0.11249258974887613,0.12819293046443744,,,,,,,SRB00001
2016-12-03,2166.7,0.0,-0.73,0.014723575282304589,0.046517340054611965,0.04617838207308964,0.13073502027542977,0.11031154036733805,0.0775317433024751,0.07097100891429167,0.11243782354701977,0.128089908942403,,,,,,,SRB00001
2016-12-04,2093.11,0.0,-1.35,0.019996622552267244,0.04934413706751578,0.04867795171185537,0.12473118394906779,0.09849724017547673,0.0680436227511335,0.07105663842581676,0.11238305734516339,0.12798688742036854,,,,,,,SRB00001
2016-12-05,2022.02,0.0,-1.07,0.0252696698222299,0.0521709340804196,0.0511775213506211,0.1187273476227058,0.0866829399836154,0.0585555021997919,0.07114226793734187,0.11232829114330702,0.1278838658983341,,,,,,,SRB00001
2016-12-06,1957.84,0.0,-1.22,0.025609330024718904,0.0521548691399524,0.050963974852098345,0.11766464316473399,0.08704531804910305,0.05876501929000705,0.07122789744886696,0.11227352494145065,0.12778084437629963,,,,,,,SRB00001
2016-12-07,1908.85,0.0,-1.59,0.025948990227207907,0.0521388041994852,0.05075042835357559,0.11660193870676219,0.0874076961145907,0.05897453638022219,0.07131352696039206,0.11221875873959428,0.12767782285426518,13.1,0.1,2.21896522,476.0,2.2,0.001,SRB00001
2016-12-08,1869.68,0.04,-2.81,0.026288650429696914,0.05212273925901801,0.05053688185505284,0.11553923424879038,0.08777007418007836,0.059184053470437335,0.07139915647191715,0.11216399253773791,0.12757480133223073,,,,,,,SRB00001
2016-12-09,1822.9,0.01,-0.77,0.026628310632185917,0.052106674318550816,0.05032333535653009,0.11447652979081858,0.08813245224556601,0.059393570560652476,0.07148478598344225,0.11210922633588154,0.12747177981019628,,,,,,,SRB00001
2016-12-10,1777.28,0.01,1.78,0.02696797083467492,0.052090609378083616,0.05010978885800734,0.11341382533284677,0.08849483031105365,0.05960308765086762,0.07157041549496734,0.11205446013402516,0.12736875828816183,,,,,,,SRB00001
2016-12-11,1732.8,0.0,1.83,0.027307631037163924,0.05207454443761642,0.04989624235948459,0.11235112087487498,0.0888572083765413,0.05981260474108276,0.07165604500649245,0.1119996939321688,0.12726573676612737,,,,,,,SRB00001
2016-12-12,1693.34,0.13,2.81,0.027647291239652927,0.05205847949714922,0.049682695860961835,0.11128841641690317,0.08921958644202896,0.06002212183129791,0.07174167451801754,0.11194492773031242,0.12716271524409292,,,,,,,SRB00001
2016-12-13,1662.41,0.0,-3.01,0.027986951442141934,0.05204241455668203,0.04946914936243908,0.11022571195893137,0.08958196450751661,0.06023163892151305,0.07182730402954264,0.11189016152845604,0.12705969372205847,,,,,,,SRB00001
2016-12-14,1635.82,0.12,-1.61,0.028326611644630937,0.052026349616214836,0.04925560286391633,0.10916300750095956,0.08994434257300427,0.0604411560117282,0.07191293354106774,0.11183539532659968,0.12695667220002402,,,,,,,SRB00001
2016-12-15,1624.55,0.05,-0.51,0.02866627184711994,0.052010284675747635,0.04904205636539358,0.10810030304298776,0.09030672063849192,0.06065067310194334,0.07199856305259283,0.1117806291247433,0.12685365067798957,,,,,,,SRB00001
2016-12-16,1635.82,0.01,-1.58,0.029005932049608944,0.05199421973528044,0.048828509866870824,0.10703759858501595,0.09066909870397957,0.060860190192158485,0.07208419256411794,0.11172586292288693,0.1267506291559551,,,,,,,SRB00001
2016-12-17,1685.55,0.01,-4.2,0.029345592252097947,0.05197815479481325,0.04861496336834807,0.10597489412704415,0.09103147676946723,0.061069707282373625,0.07216982207564303,0.11167109672103057,0.12664760763392066,,,,,,,SRB00001
2016-12-18,1740.81,0.09,-3.6,0.029685252454586954,0.05196208985434605,0.048401416869825326,0.10491218966907234,0.09139385483495487,0.06127922437258877,0.07225545158716813,0.11161633051917419,0.1265445861118862,,,,,,,SRB00001
2016-12-19,1752.88,0.03,-4.34,0.030024912657075957,0.051946024913878855,0.04818787037130257,0.10384948521110055,0.09175623290044252,0.06148874146280391,0.07234108109869322,0.11156156431731781,0.12644156458985176,,,,,,,SRB00001
2016-12-20,1720.87,0.14,-4.05,0.03036457285956496,0.05192995997341166,0.04797432387277982,0.10278678075312873,0.09211861096593017,0.06169825855301906,0.07242671061021833,0.11150679811546145,0.1263385430678173,,,,,,,SRB00001
2016-12-21,1666.25,0.13,-3.17,0.030704233062053964,0.05191389503294446,0.04776077737425707,0.10172407629515694,0.09248098903141783,0.0619077756432342,0.07251234012174342,0.11145203191360507,0.12623552154578285,,,,,,,SRB00001
2016-12-22,1617.08,0.11,-3.41,0.031043893264542967,0.05189783009247727,0.047547230875734314,0.10066137183718513,0.09284336709690548,0.06211729273344935,0.07259796963326852,0.11139726571174871,0.1261325000237484,,,,,,,SRB00001
2016-12-23,1576.61,0.1,-3.39,0.03138355346703197,0.051881765152010074,0.04733368437721156,0.09959866737921333,0.09320574516239313,0.06232680982366449,0.07268359914479361,0.11134249950989233,0.12602947850171395,,,,,,,SRB00001
2016-12-24,1544.25,0.1,-2.16,0.031723213669520973,0.051865700211542874,0.04712013787868881,0.09853596292124152,0.09356812322788079,0.06253632691387963,0.07276922865631871,0.11128773330803596,0.1259264569796795,,,,,,,SRB00001
2016-12-25,1519.55,1.27,-0.2,0.032062873872009984,0.05184963527107568,0.046906591380166056,0.09747325846326972,0.09393050129336844,0.06274584400409478,0.0728548581678438,0.1112329671061796,0.12582343545764504,,,,,,,SRB00001
2016-12-26,1495.24,0.08,2.49,0.03240253407449899,0.05183357033060848,0.04669304488164331,0.09641055400529791,0.09429287935885608,0.06295536109430992,0.0729404876793689,0.11117820090432322,0.1257204139356106,,,,,,,SRB00001
2016-12-27,1478.11,0.39,2.9,0.03274219427698799,0.05181750539014129,0.04647949838312056,0.09534784954732611,0.09465525742434373,0.06316487818452507,0.073026117190894,0.11112343470246684,0.12561739241357614,,,,,,,SRB00001
2016-12-28,1464.55,0.08,0.67,0.033081854479476994,0.051801440449674094,0.046265951884597804,0.0942851450893543,0.09501763548983139,0.0633743952747402,0.0731117467024191,0.11106866850061048,0.1255143708915417,,,,,,,SRB00001
2016-12-29,1471.31,0.01,-1.1,0.033421514681966,0.051785375509206893,0.04605240538607505,0.0932224406313825,0.09538001355531904,0.06358391236495535,0.07319737621394419,0.1110139022987541,0.12541134936950724,,,,,,,SRB00001
2016-12-30,1533.62,0.0,-2.54,0.033761174884455,0.0517693105687397,0.0458388588875523,0.0921597361734107,0.0957423916208067,0.0637934294551705,0.0732830057254693,0.11095913609689773,0.1253083278474728,,,,,,,SRB00001
2016-12-31,1677.8,0.01,-3.81,0.0613932078731909,0.08012550648636481,0.07589397709736564,0.12239530939658769,0.09119614210179898,0.06326325757938056,0.0733686352369944,0.11090436989504136,0.12520530632543836,,,,,,,SRB00001
2017-01-01,1852.53,0.0,-3.9,0.0890252408619268,0.10848170240398992,0.10594909530717898,0.15263088261976468,0.08664989258279127,0.06273308570359061,0.07345426474851949,0.11084960369318499,0.1251022848034039,,,,,,,SRB00001
2017-01-02,1953.34,0.28,-1.76,0.1166572738506627,0.13683789832161503,0.13600421351699232,0.18286645584294167,0.08210364306378355,0.06220291382780067,0.07353989426004459,0.11079483749132861,0.12499926328136944,,,,,,,SRB00001
2017-01-03,1939.89,0.43,-0.85,0.1442893068393986,0.16519409423924014,0.16605933172680568,0.21310202906611864,0.07755739354477584,0.06167274195201073,0.07362552377156968,0.11074007128947225,0.12489624175933499,,,,,,,SRB00001
2017-01-04,1861.09,1.84,-1.79,0.1719213398281345,0.19355029015686526,0.196114449936619,0.24333760228929563,0.07301114402576812,0.06114257007622079,0.07371115328309479,0.11068530508761587,0.12479322023730054,,,,,,,SRB00001
2017-01-05,1765.04,0.37,-1.08,0.1995533728168704,0.22190648607449037,0.22616956814643235,0.2735731755124726,0.06846489450676041,0.06061239820043084,0.07379678279461988,0.1106305388857595,0.12469019871526608,,,,,,,SRB00001
2017-01-06,1670.09,0.0,-7.67,0.2271854058056063,0.2502626819921155,0.2562246863562457,0.3038087487356496,0.0639186449877527,0.0600822263246409,0.07388241230614498,0.11057577268390313,0.12458717719323163,,,,,,,SRB00001
2017-01-07,1591.21,0.0,-11.82,0.2167652381058867,0.23936206692707768,0.24389032899985147,0.2912232741344605,0.06102868675430673,0.05719538293387696,0.07396804181767007,0.11052100648204675,0.12448415567119718,,,,,,,SRB00001
2017-01-08,1530.09,0.01,-12.77,0.20634507040616704,0.22846145186203987,0.23155597164345726,0.2786377995332714,0.058138728520860765,0.05430853954311301,0.07405367132919517,0.11046624028019039,0.12438113414916273,,,,,,,SRB00001
2017-01-09,1491.79,0.4,-10.93,0.1959249027064474,0.21756083679700206,0.21922161428706305,0.26605232493208225,0.055248770287414796,0.05142169615234907,0.07413930084072026,0.11041147407833402,0.12427811262712828,,,,,,,SRB00001
2017-01-10,1467.93,0.85,-10.74,0.18550473500672776,0.20666022173196424,0.20688725693066884,0.2534668503308931,0.052358812053968834,0.048534852761585125,0.07422493035224537,0.11035670787647764,0.12417509110509382,,,,,,,SRB00001
2017-01-11,1447.77,0.36,-9.5,0.17508456730700814,0.19575960666692643,0.19455289957427463,0.240881375729704,0.049468853820522865,0.045648009370821176,0.07431055986377046,0.11030194167462128,0.12407206958305937,13.7,0.091,2.20767852,516.0,1.9,0.001,SRB00001
2017-01-12,1427.89,0.09,-3.15,0.1646643996072885,0.18485899160188862,0.18221854221788042,0.22829590112851486,0.0465788955870769,0.042761165980057234,0.07439618937529556,0.1102471754727649,0.12396904806102492,,,,,,,SRB00001
2017-01-13,1411.54,13.98,1.06,0.15424423190756886,0.1739583765368508,0.1698841848614862,0.21571042652732575,0.043688937353630934,0.03987432258929329,0.07448181888682065,0.11019240927090852,0.12386602653899047,,,,,,,SRB00001
2017-01-14,1408.29,2.69,-0.08,0.1438240642078492,0.163057761471813,0.157549827505092,0.2031249519261366,0.04079897912018497,0.03698747919852935,0.07456744839834575,0.11013764306905216,0.12376300501695603,,,,,,,SRB00001
2017-01-15,1418.06,0.0,-1.48,0.1334038965081296,0.1521571464067752,0.1452154701486978,0.1905394773249475,0.037909020886739,0.0341006358077654,0.07465307790987084,0.11008287686719578,0.12365998349492158,,,,,,,SRB00001
2017-01-16,1441.12,0.97,-4.14,0.13786742111507042,0.1572812953282486,0.14820073006010956,0.19360722248890078,0.03764305267017264,0.03438720700646014,0.07473870742139595,0.11002811066533941,0.12355696197288712,,,,,,,SRB00001
2017-01-17,1467.93,2.12,-3.34,0.14233094572201122,0.16240544424972203,0.1511859899715213,0.19667496765285403,0.03737708445360629,0.03467377820515489,0.07482433693292104,0.10997334446348304,0.12345394045085267,,,,,,,SRB00001
2017-01-18,1502.14,0.25,-5.06,0.14679447032895204,0.16752959317119545,0.15417124988293307,0.1997427128168073,0.03711111623703993,0.03496034940384963,0.07490996644444614,0.10991857826162667,0.12335091892881822,,,,,,,SRB00001
2017-01-19,1537.15,0.0,-7.25,0.15125799493589284,0.17265374209266884,0.1571565097943448,0.20281045798076058,0.036845148020473575,0.03524692060254437,0.07499559595597124,0.10986381205977029,0.12324789740678377,,,,,,,SRB00001
2017-01-20,1547.82,0.0,-6.35,0.15572151954283367,0.17777789101414226,0.16014176970575658,0.20587820314471386,0.036579179803907215,0.03553349180123911,0.07508122546749633,0.10980904585791393,0.12314487588474932,,,,,,,SRB00001
2017-01-21,1526.57,0.0,-6.22,0.16018504414977447,0.18290203993561568,0.16312702961716832,0.2089459483086671,0.03631321158734086,0.03582006299993386,0.07516685497902144,0.10975427965605755,0.12304185436271486,,,,,,,SRB00001
2017-01-22,1491.79,0.01,-7.04,0.1646485687567153,0.1880261888570891,0.1661122895285801,0.2120136934726204,0.0360472433707745,0.0361066341986286,0.07525248449054653,0.10969951345420119,0.12293883284068041,,,,,,,SRB00001
2017-01-23,1451.11,0.08,-5.97,0.16172858903895104,0.18503389517888688,0.16366114385739844,0.20929093047051134,0.03785735172396248,0.03702155534262732,0.07533811400207163,0.10964474725234481,0.12283581131864596,,,,,,,SRB00001
2017-01-24,1414.79,0.11,-5.48,0.15880860932118682,0.18204160150068469,0.16120999818621679,0.2065681674684023,0.039667460077150454,0.03793647648662605,0.07542374351359672,0.10958998105048844,0.12273278979661151,,,,,,,SRB00001
2017-01-25,1385.76,0.07,-5.76,0.15588862960342256,0.17904930782248246,0.1587588525150351,0.20384540446629323,0.04147756843033843,0.03885139763062477,0.07550937302512183,0.10953521484863207,0.12262976827457706,,,,,,,SRB00001
2017-01-26,1363.58,0.01,-4.66,0.1529686498856583,0.17605701414428027,0.15630770684385345,0.20112264146418418,0.0432876767835264,0.03976631877462349,0.07559500253664692,0.1094804486467757,0.1225267467525426,,,,,,,SRB00001
2017-01-27,1347.96,0.02,-7.14,0.15004867016789405,0.17306472046607804,0.1538565611726718,0.19839987846207516,0.04509778513671438,0.04068123991862222,0.07568063204817202,0.10942568244491932,0.12242372523050815,,,,,,,SRB00001
2017-01-28,1332.52,0.08,-7.51,0.14712869045012983,0.17007242678787582,0.15140541550149011,0.1956771154599661,0.046907893489902354,0.04159616106262094,0.07576626155969711,0.10937091624306296,0.1223207037084737,,,,,,,SRB00001
2017-01-29,1323.34,0.07,-7.14,0.14420871073236557,0.16708013310967362,0.14895426983030846,0.19295435245785705,0.04871800184309033,0.04251108220661967,0.07585189107122221,0.10931615004120658,0.12221768218643925,,,,,,,SRB00001
2017-01-30,1314.22,0.15,-5.89,0.14128873101460132,0.1640878394314714,0.1465031241591268,0.190231589455748,0.05052811019627831,0.04342600335061839,0.0759375205827473,0.1092613838393502,0.1221146606644048,,,,,,,SRB00001
2017-01-31,1305.17,1.15,-2.96,0.13836875129683707,0.1610955457532692,0.14405197848794515,0.18750882645363895,0.052338218549466284,0.044340924494617115,0.07602315009427241,0.10920661763749384,0.12201163914237034,,,,,,,SRB00001
2017-02-01,1305.17,13.16,1.58,0.13544877157907284,0.15810325207506698,0.1416008328167635,0.1847860634515299,0.054148326902654254,0.045255845638615844,0.0761087796057975,0.10915185143563746,0.12190861762033589,13.9,0.073,2.63883046,558.0,,0.0095,SRB00001
2017-02-02,1317.26,1.59,3.55,0.1325287918613086,0.15511095839686476,0.13914968714558182,0.18206330044942085,0.05595843525584223,0.046170766782614565,0.0761944091173226,0.10909708523378109,0.12180559609830144,,,,,,,SRB00001
2017-02-03,1341.77,0.39,6.04,0.12960881214354433,0.15211866471866256,0.13669854147440016,0.17934053744731182,0.05776854360903021,0.04708568792661329,0.07628003862884769,0.10904231903192473,0.12170257457626699,,,,,,,SRB00001
2017-02-04,1373.04,1.84,6.88,0.12668883242578008,0.14912637104046034,0.1342473958032185,0.17661777444520277,0.05957865196221818,0.048000609070612016,0.0763656681403728,0.10898755283006835,0.12159955305423253,,,,,,,SRB00001
2017-02-05,1441.12,4.52,6.03,0.12376885270801584,0.14613407736225814,0.13179625013203683,0.17389501144309372,0.06138876031540616,0.04891553021461074,0.0764512976518979,0.10893278662821199,0.12149653153219808,,,,,,,SRB00001
2017-02-06,1635.82,6.86,4.27,0.1208488729902516,0.14314178368405592,0.12934510446085518,0.17117224844098466,0.06319886866859413,0.04983045135860946,0.07653692716342299,0.10887802042635561,0.12139351001016363,,,,,,,SRB00001
2017-02-07,1957.84,8.67,0.82,0.11792889327248735,0.1401494900058537,0.12689395878967352,0.1684494854388756,0.06500897702178211,0.05074537250260819,0.07662255667494809,0.10882325422449923,0.12129048848812918,,,,,,,SRB00001
2017-02-08,2289.87,0.18,-0.32,0.1150089135547231,0.1371571963276515,0.12444281311849187,0.16572672243676656,0.06681908537497008,0.05166029364660691,0.07670818618647318,0.10876848802264287,0.12118746696609473,,,,,,,SRB00001
2017-02-09,2551.7,0.06,-0.75,0.11208893383695887,0.13416490264944927,0.1219916674473102,0.1630039594346575,0.06862919372815807,0.05257521479060563,0.07679381569799829,0.1087137218207865,0.12108444544406027,,,,,,,SRB00001
2017-02-10,2653.61,0.0,-1.48,0.10916895411919461,0.13117260897124708,0.11954052177612853,0.16028119643254846,0.07043930208134604,0.05349013593460436,0.07687944520952338,0.10865895561893012,0.12098142392202582,,,,,,,SRB00001
2017-02-11,2581.26,0.0,-0.99,0.10624897440143037,0.12818031529304486,0.11708937610494688,0.1575584334304394,0.072249410434534,0.05440505707860308,0.07696507472104848,0.10860418941707375,0.12087840239999137,,,,,,,SRB00001
2017-02-12,2408.91,0.0,-1.59,0.10332899468366612,0.12518802161484266,0.11463823043376523,0.15483567042833038,0.07405951878772199,0.05531997822260181,0.07705070423257357,0.10854942321521738,0.12077538087795692,,,,,,,SRB00001
2017-02-13,2217.2,0.0,-2.29,0.10040901496590188,0.12219572793664044,0.11218708476258356,0.15211290742622133,0.07586962714090996,0.05623489936660053,0.07713633374409867,0.108494657013361,0.12067235935592248,,,,,,,SRB00001
2017-02-14,2036.04,0.01,-2.53,0.09748903524813762,0.11920343425843823,0.10973593909140189,0.14939014442411228,0.07767973549409794,0.057149820510599254,0.07722196325562376,0.10843989081150464,0.12056933783388803,,,,,,,SRB00001
2017-02-15,1882.65,0.0,-0.3,0.09456905553037338,0.11621114058023602,0.10728479342022024,0.14666738142200322,0.07948984384728591,0.05806474165459798,0.07730759276714887,0.10838512460964826,0.12046631631185357,,,,,,,SRB00001
2017-02-16,1752.88,0.02,-0.42,0.09164907581260913,0.11321884690203379,0.10483364774903858,0.14394461841989417,0.0812999522004739,0.058979662798596705,0.07739322227867396,0.10833035840779189,0.12036329478981912,,,,,,,SRB00001
2017-02-17,1654.77,0.94,0.31,0.08872909609484489,0.11022655322383158,0.10238250207785692,0.14122185541778512,0.08311006055366187,0.05989458394259543,0.07747885179019906,0.10827559220593552,0.12026027326778467,,,,,,,SRB00001
2017-02-18,1576.61,0.98,1.34,0.08580911637708064,0.10723425954562937,0.09993135640667525,0.13849909241567607,0.08492016890684984,0.060809505086594155,0.07756448130172415,0.10822082600407915,0.12015725174575022,,,,,,,SRB00001
2017-02-19,1523.05,0.11,0.85,0.0828891366593164,0.10424196586742716,0.0974802107354936,0.13577632941356704,0.08673027726003782,0.06172442623059288,0.07765011081324925,0.10816605980222277,0.12005423022371577,,,,,,,SRB00001
2017-02-20,1495.24,0.04,0.58,0.07996915694155214,0.10124967218922495,0.09502906506431194,0.133053566411458,0.08854038561322579,0.0626393473745916,0.07773574032477434,0.1081112936003664,0.11995120870168131,,,,,,,SRB00001
2017-02-21,1498.69,0.36,4.02,0.0770491772237879,0.09825737851102273,0.09257791939313027,0.13033080340934894,0.09035049396641377,0.06355426851859032,0.07782136983629945,0.10805652739851003,0.11984818717964686,,,,,,,SRB00001
2017-02-22,1533.62,0.09,6.01,0.07412919750602365,0.09526508483282052,0.0901267737219486,0.1276080404072399,0.09216060231960174,0.06446918966258905,0.07790699934782454,0.10800176119665367,0.11974516565761241,,,,,,,SRB00001
2017-02-23,1609.65,0.0,8.3,0.07120921778825941,0.09227279115461831,0.08767562805076695,0.12488527740513083,0.09397071067278973,0.06538411080658778,0.07799262885934964,0.10794699499479729,0.11964214413557796,,,,,,,SRB00001
2017-02-24,1728.82,7.82,7.47,0.06828923807049517,0.0892804974764161,0.0852244823795853,0.12216251440302178,0.0957808190259777,0.06629903195058649,0.07807825837087475,0.10789222879294091,0.1195391226135435,,,,,,,SRB00001
2017-02-25,2017.37,0.38,3.64,0.06536925835273091,0.08628820379821389,0.08277333670840363,0.11943975140091273,0.09759092737916567,0.06721395309458522,0.07816388788239984,0.10783746259108455,0.11943610109150905,,,,,,,SRB00001
2017-02-26,2690.54,0.0,3.94,0.062449278634966666,0.08329591012001167,0.08032219103722196,0.11671698839880369,0.09940103573235365,0.06812887423858395,0.07824951739392494,0.10778269638922817,0.1193330795694746,,,,,,,SRB00001
2017-02-27,3257.37,0.0,7.22,0.05952929891720242,0.08030361644180946,0.07787104536604031,0.11399422539669464,0.10121114408554162,0.06904379538258267,0.07833514690545003,0.1077279301873718,0.11923005804744015,,,,,,,SRB00001
2017-02-28,3426.68,0.01,9.98,0.05660931919943817,0.07731132276360725,0.07541989969485866,0.11127146239458559,0.1030212524387296,0.0699587165265814,0.07842077641697513,0.10767316398551544,0.1191270365254057,,,,,,,SRB00001
2017-03-01,3395.25,9.82,6.19,0.053689339481673926,0.07431902908540504,0.07296875402367699,0.10854869939247655,0.10483136079191757,0.07087363767058012,0.07850640592850022,0.10761839778365906,0.11902401500337124,11.9,0.118,2.56885292,472.0,2.2,0.0083,SRB00001
2017-03-02,3264.88,0.76,5.25,0.05076935976390968,0.07132673540720283,0.07051760835249532,0.1058259363903675,0.10664146914510554,0.07178855881457885,0.07859203544002533,0.10756363158180268,0.11892099348133679,,,,,,,SRB00001
2017-03-03,3096.42,0.03,7.3,0.04784938004614543,0.0683344417290006,0.06806646268131367,0.10310317338825845,0.10845157749829352,0.07270347995857757,0.07867766495155042,0.10750886537994632,0.11881797195930234,,,,,,,SRB00001
2017-03-04,2957.01,0.01,9.58,0.0449294003283812,0.0653421480507984,0.065615317010132,0.1003804103861494,0.1102616858514815,0.0736184011025763,0.07876329446307552,0.10745409917808994,0.11871495043726789,,,,,,,SRB00001
2017-03-05,2876.4,7.47,10.07,0.04361421314074977,0.06397070038507943,0.06394272997746979,0.09960877083446905,0.10836927209106367,0.07228138474676757,0.07884892397460061,0.10739933297623357,0.11861192891523344,,,,,,,SRB00001
2017-03-06,2817.38,1.42,6.45,0.04229902595311835,0.06259925271936045,0.06227014294480757,0.0988371312827887,0.10647685833064585,0.07094436839095884,0.07893455348612571,0.1073445667743772,0.11850890739319898,,,,,,,SRB00001
2017-03-07,2772.32,11.9,6.18,0.040983838765486925,0.06122780505364149,0.060597555912145364,0.09806549173110836,0.10458444457022804,0.06960735203515012,0.0790201829976508,0.10728980057252083,0.11840588587116453,,,,,,,SRB00001
2017-03-08,2740.57,1.98,7.06,0.0396686515778555,0.05985635738792252,0.05892496887948315,0.09729385217942801,0.10269203080981022,0.06827033567934139,0.07910581250917591,0.10723503437066446,0.11830286434913008,,,,,,,SRB00001
2017-03-09,2721.7,0.07,8.04,0.03835346439022407,0.058484909722203555,0.05725238184682094,0.09652221262774768,0.1007996170493924,0.06693331932353266,0.079191442020701,0.10718026816880809,0.11819984282709563,,,,,,,SRB00001
2017-03-10,2696.74,4.67,6.22,0.037038277202592645,0.057113462056484585,0.05557979481415872,0.09575057307606734,0.0989072032889746,0.06559630296772395,0.0792770715322261,0.10712550196695171,0.11809682130506118,,,,,,,SRB00001
2017-03-11,2647.5,0.0,5.1,0.035723090014961226,0.055742014390765614,0.05390720778149651,0.094978933524387,0.09701478952855677,0.06425928661191523,0.07936270104375119,0.10707073576509535,0.11799379978302672,,,,,,,SRB00001
2017-03-12,2665.86,0.48,4.24,0.0344079028273298,0.05437056672504664,0.052234620748834296,0.09420729397270665,0.09512237576813895,0.0629222702561065,0.0794483305552763,0.10701596956323897,0.11789077826099227,,,,,,,SRB00001
2017-03-13,3005.08,0.01,5.35,0.03309271563969837,0.05299911905932768,0.050562033716172086,0.0934356544210263,0.09322996200772113,0.06158525390029777,0.07953396006680138,0.1069612033613826,0.11778775673895782,,,,,,,SRB00001
2017-03-14,3490.4,0.0,5.01,0.03177752845206695,0.05162767139360871,0.04888944668350988,0.09266401486934596,0.09133754824730331,0.06024823754448905,0.07961958957832649,0.10690643715952623,0.11768473521692337,,,,,,,SRB00001
2017-03-15,3538.97,0.02,5.84,0.030462341264435526,0.05025622372788974,0.04721685965084766,0.09189237531766561,0.0894451344868855,0.05891122118868032,0.07970521908985159,0.10685167095766986,0.11758171369488893,,,,,,,SRB00001
2017-03-16,3302.7,0.0,7.34,0.0291471540768041,0.04888477606217077,0.04554427261818545,0.09112073576598528,0.08755272072646768,0.057574204832871595,0.07979084860137668,0.10679690475581348,0.11747869217285448,,,,,,,SRB00001
2017-03-17,3039.89,0.01,7.59,0.027831966889172673,0.0475133283964518,0.043871685585523235,0.09034909621430494,0.08566030696604986,0.05623718847706287,0.07987647811290179,0.10674213855395712,0.11737567065082002,,,,,,,SRB00001
2017-03-18,2804.43,1.58,9.69,0.02651677970154125,0.04614188073073283,0.042199098552861025,0.0895774566626246,0.08376789320563205,0.05490017212125415,0.07996210762442688,0.10668737235210074,0.11727264912878557,,,,,,,SRB00001
2017-03-19,2599.16,1.81,9.75,0.025201592513909826,0.04477043306501387,0.04052651152019881,0.08880581711094425,0.08187547944521423,0.053563155765445424,0.08004773713595198,0.10663260615024436,0.11716962760675112,,,,,,,SRB00001
2017-03-20,2448.06,0.01,12.12,0.0238864053262784,0.0433989853992949,0.0388539244875366,0.0880341775592639,0.0799830656847964,0.0522261394096367,0.08013336664747707,0.106577839948388,0.11706660608471667,,,,,,,SRB00001
2017-03-21,2465.04,0.0,14.04,0.02560567212447837,0.04627797423932243,0.0418149833823794,0.09260135160547618,0.08207230642693059,0.05321658344201145,0.08021899615900217,0.10652307374653162,0.11696358456268222,,,,,,,SRB00001
2017-03-22,3018.95,0.05,15.37,0.027324938922678343,0.049156963079349955,0.0447760422772222,0.09716852565168844,0.08416154716906478,0.054207027474386216,0.08030462567052726,0.10646830754467525,0.11686056304064776,,,,,,,SRB00001
2017-03-23,3871.58,0.15,15.07,0.029044205720878315,0.05203595191937749,0.047737101172065,0.10173569969790072,0.08625078791119896,0.05519747150676097,0.08039025518205237,0.10641354134281888,0.11675754151861331,,,,,,,SRB00001
2017-03-24,4091.61,0.0,13.7,0.030763472519078287,0.05491494075940501,0.0506981600669078,0.10630287374411299,0.08834002865333315,0.05618791553913573,0.08047588469357746,0.10635877514096251,0.11665451999657886,,,,,,,SRB00001
2017-03-25,3980.07,0.0,9.54,0.032482739317278256,0.057793929599432546,0.0536592189617506,0.11087004779032526,0.09042926939546733,0.05717835957151048,0.08056151420510256,0.10630400893910615,0.11655149847454441,,,,,,,SRB00001
2017-03-26,3889.45,0.05,6.35,0.03420200611547823,0.06067291843946007,0.0566202778565934,0.11543722183653753,0.09251851013760153,0.058168803603885245,0.08064714371662765,0.10624924273724977,0.11644847695250996,,,,,,,SRB00001
2017-03-27,3836.07,0.0,6.33,0.0359212729136782,0.0635519072794876,0.0595813367514362,0.1200043958827498,0.0946077508797357,0.05915924763626,0.08073277322815275,0.10619447653539339,0.1163454554304755,,,,,,,SRB00001
2017-03-28,3705.81,0.01,9.64,0.038772936063192945,0.06552965719744444,0.0590004031010827,0.12244855395668203,0.09694646923660202,0.060864163456395774,0.08081840273967784,0.10613971033353703,0.11624243390844105,,,,,,,SRB00001
2017-03-29,3506.52,0.0,12.58,0.0416245992127077,0.06750740711540129,0.0584194694507292,0.12489271203061425,0.09928518759346835,0.06256907927653155,0.08090403225120295,0.10608494413168065,0.1161394123864066,,,,,,,SRB00001
2017-03-30,3279.95,0.0,13.21,0.04312772438855867,0.06793926698170935,0.05746080458805507,0.12931625777401404,0.09987524576481523,0.06267959756832833,0.08097923842670615,0.10954107830557683,0.12052840285989729,,,,,,,SRB00001
2017-03-31,3039.89,0.0,12.62,0.04463084956440964,0.0683711268480174,0.056502139725380936,0.13373980351741382,0.1004653039361621,0.0627901158601251,0.08105444460220934,0.11299721247947299,0.12491739333338797,,,,,,,SRB00001
2017-04-01,2830.39,0.0,13.61,0.04613397474026061,0.06880298671432546,0.05554347486270681,0.13816334926081358,0.10105536210750896,0.06290063415192189,0.08112965077771254,0.11645334665336916,0.12930638380687867,,,,,,,SRB00001
2017-04-02,2665.86,0.0,14.85,0.04763709991611158,0.0692348465806335,0.05458481000003268,0.14258689500421337,0.10164542027885583,0.06301115244371866,0.08120485695321573,0.11990948082726532,0.13369537428036934,,,,,,,SRB00001
2017-04-03,2569.4,0.01,14.3,0.04914022509196255,0.06966670644694156,0.05362614513735855,0.14701044074761316,0.1022354784502027,0.06312167073551544,0.08128006312871894,0.1233656150011615,0.13808436475386004,,,,,,,SRB00001
2017-04-04,2516.68,2.74,14.17,0.04755478825455953,0.06940552661260532,0.05389375801958623,0.15126471015554868,0.10312103053274395,0.06383786302588823,0.08194667527848959,0.12645087464861945,0.14180566142510578,,,,,,,SRB00001
2017-04-05,2487.86,1.7,11.72,0.045969351417156495,0.06914434677826908,0.054161370901813916,0.1555189795634842,0.10400658261528518,0.06455405531626102,0.08261328742826024,0.1295361342960774,0.14552695809635155,11.0,0.131,1.85779082,432.0,2.7,0.0355,SRB00001
2017-04-06,2465.04,1.58,10.03,0.04438391457975347,0.06888316694393284,0.054428983784041596,0.15977324897141973,0.10489213469782643,0.0652702476066338,0.08327989957803088,0.13262139394353537,0.1492482547675973,,,,,,,SRB00001
2017-04-07,2476.42,1.16,7.6,0.04279847774235044,0.0686219871095966,0.05469659666626928,0.16402751837935525,0.10577768678036768,0.06598643989700659,0.08394651172780153,0.13570665359099332,0.15296955143884305,,,,,,,SRB00001
2017-04-08,2557.59,0.08,10.78,0.041213040904947415,0.06836080727526035,0.05496420954849696,0.1682817877872908,0.10666323886290892,0.06670263218737936,0.08461312387757218,0.13879191323845128,0.1566908481100888,,,,,,,SRB00001
2017-04-09,2659.72,0.0,11.91,0.039627604067544384,0.06809962744092411,0.05523182243072465,0.17253605719522633,0.10754879094545017,0.06741882447775215,0.08527973602734283,0.14187717288590923,0.16041214478133456,,,,,,,SRB00001
2017-04-10,2696.74,0.0,13.31,0.03804216723014136,0.06783844760658787,0.05549943531295233,0.17679032660316185,0.10843434302799142,0.06813501676812493,0.08594634817711348,0.14496243253336716,0.1641334414525803,,,,,,,SRB00001
2017-04-11,2684.34,0.2,11.76,0.036456730392738335,0.06757726777225163,0.05576704819518002,0.18104459601109738,0.10931989511053265,0.06885120905849772,0.08661296032688413,0.1480476921808251,0.16785473812382606,,,,,,,SRB00001
2017-04-12,2641.41,0.0,9.93,0.0348712935553353,0.0673160879379154,0.0560346610774077,0.1852988654190329,0.1102054471930739,0.0695674013488705,0.08727957247665477,0.15113295182828307,0.1715760347950718,,,,,,,SRB00001
2017-04-13,2557.59,0.08,12.87,0.03480272269570051,0.06833826282192805,0.05595692530026362,0.2031689500651744,0.11561640281779535,0.07220476590024238,0.08794618462642542,0.15421821147574102,0.17529733146631757,,,,,,,SRB00001
2017-04-14,2459.37,0.02,12.64,0.03473415183606572,0.0693604377059407,0.05587918952311954,0.2210390347113159,0.12102735844251679,0.07484213045161425,0.08861279677619607,0.15730347112319898,0.1790186281375633,,,,,,,SRB00001
2017-04-15,2375.84,1.72,11.81,0.03466558097643094,0.07038261258995336,0.05580145374597546,0.2389091193574574,0.12643831406723824,0.07747949500298613,0.08927940892596672,0.16038873077065693,0.18273992480880907,,,,,,,SRB00001
2017-04-16,2316.39,0.76,11.33,0.03459701011679615,0.07140478747396602,0.05572371796883139,0.2567792040035989,0.13184926969195968,0.08011685955435802,0.08994602107573738,0.1634739904181149,0.1864612214800548,,,,,,,SRB00001
2017-04-17,2274.1,0.0,9.08,0.034528439257161356,0.07242696235797867,0.05564598219168731,0.2746492886497404,0.13726022531668114,0.08275422410572988,0.09061263322550803,0.16655925006557284,0.19018251815130058,,,,,,,SRB00001
2017-04-18,2232.57,7.14,6.02,0.034459868397526565,0.07344913724199133,0.055568246414543235,0.2925193732958819,0.14267118094140258,0.08539158865710177,0.09127924537527866,0.1696445097130308,0.19390381482254632,,,,,,,SRB00001
2017-04-19,2207.01,17.67,2.05,0.03439129753789178,0.07447131212600398,0.055490510637399154,0.3103894579420234,0.148082136566124,0.08802895320847365,0.09194585752504932,0.17272976936048876,0.19762511149379208,,,,,,,SRB00001
2017-04-20,2242.88,8.91,2.88,0.03432272667825699,0.07549348701001664,0.05541277486025508,0.3282595425881649,0.15349309219084548,0.09066631775984552,0.09261246967481997,0.1758150290079467,0.20134640816503782,,,,,,,SRB00001
2017-04-21,2414.46,0.05,4.94,0.0342541558186222,0.0765156618940293,0.055335039083111,0.3461296272343064,0.1589040478155669,0.0933036823112174,0.09327908182459062,0.17890028865540467,0.2050677048362836,,,,,,,SRB00001
2017-04-22,2678.17,0.3,9.11,0.036365719060544935,0.07713492797114249,0.05571087531301562,0.342387541586631,0.15673222875752102,0.09184616313940201,0.09394569397436127,0.18198554830286262,0.20878900150752933,,,,,,,SRB00001
2017-04-23,2817.38,1.54,7.22,0.038477282302467664,0.07775419404825569,0.05608671154292024,0.33864545593895556,0.15456040969947513,0.09038864396758663,0.09461230612413192,0.18507080795032055,0.2125102981787751,,,,,,,SRB00001
2017-04-24,2734.27,0.0,9.09,0.04058884554439039,0.07837346012536889,0.05646254777282486,0.33490337029128014,0.1523885906414292,0.08893112479577123,0.09527891827390256,0.1881560675977785,0.21623159485002083,,,,,,,SRB00001
2017-04-25,2563.48,0.04,13.99,0.04270040878631313,0.07899272620248209,0.05683838400272948,0.3311612846436047,0.1502167715833833,0.08747360562395584,0.09594553042367321,0.19124132724523646,0.2199528915212666,,,,,,,SRB00001
2017-04-26,2448.06,0.0,15.42,0.044811972028235864,0.07961199227959528,0.0572142202326341,0.3274191989959293,0.14804495252533742,0.08601608645214046,0.09661214257344386,0.19432658689269441,0.22367418819251234,,,,,,,SRB00001
2017-04-27,2414.46,1.49,15.54,0.04692353527015859,0.08023125835670848,0.05759005646253872,0.3236771133482539,0.14587313346729153,0.08455856728032507,0.09727875472321451,0.19741184654015237,0.2273954848637581,,,,,,,SRB00001
2017-04-28,2431.2,4.58,15.36,0.04903509851208132,0.08085052443382168,0.057965892692443344,0.31993502770057847,0.14370131440924563,0.08310104810850968,0.09794536687298516,0.20049710618761032,0.23111678153500384,,,,,,,SRB00001
2017-04-29,2493.6,0.63,8.14,0.05114666175400406,0.08146979051093486,0.058341728922347964,0.31619294205290305,0.14152949535119974,0.0816435289366943,0.09861197902275581,0.20358236583506828,0.2348380782062496,,,,,,,SRB00001
2017-04-30,2889.68,0.02,10.19,0.05325822499592679,0.08208905658804806,0.058717565152252585,0.31245085640522763,0.13935767629315382,0.0801860097648789,0.09927859117252645,0.20666762548252623,0.23855937487749534,,,,,,,SRB00001
2017-05-01,3783.43,0.04,13.95,0.05536978823784952,0.08270832266516126,0.059093401382157205,0.3087087707575522,0.13718585723510793,0.07872849059306351,0.0999452033222971,0.2097528851299842,0.2422806715487411,,,,,,,SRB00001
2017-05-02,4324.14,0.07,16.32,0.05748135147977225,0.08332758874227446,0.059469237612061826,0.3049666851098768,0.13501403817706203,0.07727097142124813,0.10061181547206775,0.21283814477744215,0.24600196821998685,,,,,,,SRB00001
2017-05-03,4225.69,3.3,15.73,0.059592914721694985,0.08394685481938766,0.05984507384196645,0.30122459946220137,0.13284221911901614,0.07581345224943274,0.1012784276218384,0.2159234044249001,0.24972326489123262,10.9,0.109,1.4785577,395.0,3.2,0.0079,SRB00001
2017-05-04,3980.07,0.94,16.17,0.06170447796361772,0.08456612089650085,0.06022091007187107,0.29748251381452595,0.13067040006097025,0.07435593307761736,0.10194503977160906,0.21900866407235806,0.25344456156247835,,,,,,,SRB00001
2017-05-05,3844.92,18.77,14.61,0.06381604120554045,0.08518538697361405,0.06059674630177569,0.29374042816685053,0.12849858100292436,0.07289841390580197,0.10261165192137969,0.222093923719816,0.2571658582337241,,,,,,,SRB00001
2017-05-06,3844.92,0.39,15.74,0.06592760444746318,0.08580465305072725,0.06097258253168031,0.2899983425191751,0.12632676194487844,0.07144089473398657,0.10327826407115034,0.22517918336727394,0.26088715490496983,,,,,,,SRB00001
2017-05-07,3827.25,10.42,14.31,0.06803916768938592,0.08642391912784045,0.06134841876158493,0.2862562568714997,0.12415494288683254,0.06998337556217119,0.103944876220921,0.2282644430147319,0.2646084515762156,,,,,,,SRB00001
2017-05-08,3774.72,0.02,14.58,0.07015073093130865,0.08704318520495365,0.06172425499148955,0.2825141712238243,0.12198312382878665,0.0685258563903558,0.10461148837069165,0.23134970266218985,0.26832974824746136,,,,,,,SRB00001
2017-05-09,3714.35,1.12,11.25,0.06347648134905606,0.08231318669086554,0.05888978795837701,0.26803531572047595,0.11525531507227005,0.06380637639253303,0.1032971749296558,0.22598514933932667,0.2622778969391688,,,,,,,SRB00001
2017-05-10,3663.37,0.02,9.63,0.05680223176680347,0.07758318817677742,0.05605532092526447,0.2535564602171277,0.10852750631575343,0.059086896394710264,0.10198286148861996,0.22062059601646353,0.25622604563087625,,,,,,,SRB00001
2017-05-11,3748.73,0.0,15.73,0.050127982184550876,0.07285318966268932,0.05322085389215192,0.23907760471377937,0.10179969755923682,0.0543674163968875,0.10066854804758411,0.21525604269360035,0.25017419432258364,,,,,,,SRB00001
2017-05-12,4110.5,0.43,18.91,0.04345373260229829,0.06812319114860121,0.05038638685903938,0.22459874921043108,0.09507188880272022,0.04964793639906473,0.09935423460654827,0.2098914893707372,0.2441223430142911,,,,,,,SRB00001
2017-05-13,4334.11,3.75,17.55,0.036779483020045696,0.06339319263451311,0.04755191982592684,0.21011989370708278,0.08834408004620362,0.04492845640124197,0.09803992116551243,0.20452693604787403,0.23807049170599853,,,,,,,SRB00001
2017-05-14,4148.54,0.86,18.56,0.0301052334377931,0.058663194120425,0.0447174527928143,0.1956410382037345,0.081616271289687,0.0402089764034192,0.09672560772447658,0.19916238272501086,0.23201864039770598,,,,,,,SRB00001
2017-05-15,3836.07,7.89,16.82,0.03316763142048373,0.06216409515050932,0.04816982472578184,0.20010938171503775,0.08835757781806194,0.046836293736554666,0.09541129428344074,0.1937978294021477,0.2259667890894134,,,,,,,SRB00001
2017-05-16,3604.79,0.91,18.41,0.03623002940317435,0.06566499618059365,0.05162219665874937,0.20457772522634105,0.09509888434643687,0.05346361106969012,0.09409698084240489,0.18843327607928453,0.21991493778112084,,,,,,,SRB00001
2017-05-17,3522.71,0.02,18.64,0.03929242738586498,0.06916589721067798,0.05507456859171691,0.2090460687376443,0.1018401908748118,0.06009092840282559,0.09278266740136905,0.1830687227564214,0.21386308647282826,,,,,,,SRB00001
2017-05-18,3547.13,0.0,18.7,0.0423548253685556,0.0726667982407623,0.05852694052468445,0.21351441224894757,0.10858149740318675,0.06671824573596105,0.0914683539603332,0.1777041694335582,0.2078112351645357,,,,,,,SRB00001
2017-05-19,3563.51,0.0,19.74,0.040902439968830175,0.07093966453965839,0.05630944530999107,0.2129078386454158,0.10738565494286584,0.06539585361776346,0.09017402107865101,0.17657504970998814,0.20697182159560795,,,,,,,SRB00001
2017-05-20,3498.45,1.65,18.53,0.03945005456910475,0.06921253083855448,0.054091950095297686,0.21230126504188399,0.10618981248254492,0.06407346149956585,0.08887968819696883,0.17544592998641806,0.2061324080266802,,,,,,,SRB00001
2017-05-21,3387.44,1.47,18.37,0.03799766916937933,0.06748539713745057,0.05187445488060431,0.2116946914383522,0.104993970022224,0.06275106938136825,0.08758535531528663,0.174316810262848,0.20529299445775243,,,,,,,SRB00001
2017-05-22,3295.1,0.17,20.19,0.0365452837696539,0.06575826343634666,0.04965695966591093,0.2110881178348204,0.10379812756190308,0.06142867726317065,0.08629102243360444,0.17318769053927793,0.20445358088882468,,,,,,,SRB00001
2017-05-23,3264.88,3.16,20.31,0.035092898369928474,0.06403112973524275,0.04743946445121755,0.21048154423128862,0.10260228510158217,0.06010628514497305,0.08499668955192224,0.17205857081570786,0.20361416731989693,,,,,,,SRB00001
2017-05-24,3227.49,2.09,17.63,0.033640512970203054,0.06230399603413884,0.04522196923652417,0.20987497062775684,0.10140644264126127,0.05878389302677545,0.08370235667024006,0.17092945109213778,0.20277475375096918,,,,,,,SRB00001
2017-05-25,3146.75,0.16,15.55,0.03218812757047763,0.06057686233303493,0.04300447402183079,0.20926839702422503,0.10021060018094034,0.05746150090857785,0.08240802378855787,0.1698003313685677,0.20193534018204143,,,,,,,SRB00001
2017-05-26,3060.96,0.0,17.54,0.0307357421707522,0.05884972863193102,0.040786978807137414,0.20866182342069325,0.09901475772061943,0.05613910879038025,0.08111369090687567,0.16867121164499765,0.20109592661311365,,,,,,,SRB00001
2017-05-27,3046.89,0.01,18.58,0.029283356771026774,0.05712259493082711,0.03856948359244403,0.20805524981716145,0.09781891526029851,0.05481671667218265,0.0798193580251935,0.16754209192142758,0.2002565130441859,,,,,,,SRB00001
2017-05-28,3117.89,0.0,19.48,0.02783097137130135,0.0553954612297232,0.03635198837775065,0.20744867621362967,0.0966230727999776,0.05349432455398505,0.0785250251435113,0.1664129721978575,0.19941709947525815,,,,,,,SRB00001
2017-05-29,3183.2,0.0,20.74,0.027550988635880576,0.0570874083583924,0.041225081488862676,0.20769092740580242,0.09716865180266296,0.05506128189778757,0.078951349578666,0.16683587557743815,0.20027070553926285,,,,,,,SRB00001
2017-05-30,3132.29,0.0,22.09,0.0272710059004598,0.0587793554870616,0.0460981745999747,0.2079331785979752,0.0977142308053483,0.0566282392415901,0.07937767401382069,0.16725877895701882,0.20112431160326752,,,,,,,SRB00001
2017-05-31,3032.89,0.09,24.01,0.02773170926748797,0.058454400023572356,0.044457207094412,0.20782802542203824,0.10020969843345984,0.05727204908470738,0.07980399844897539,0.16768168233659947,0.20197791766727222,,,,,,,SRB00001
2017-06-01,3012.01,6.05,22.05,0.02819241263451614,0.05812944456008312,0.0428162395888493,0.20772287224610128,0.10270516606157136,0.05791585892782466,0.08023032288413007,0.16810458571618014,0.20283152373127689,,,,,,,SRB00001
2017-06-02,3068.02,0.36,22.63,0.02865311600154431,0.05780448909659388,0.0411752720832866,0.20761771907016435,0.1052006336896829,0.058559668770941944,0.08065664731928476,0.1685274890957608,0.20368512979528158,,,,,,,SRB00001
2017-06-03,3146.75,0.08,24.02,0.02911381936857248,0.057479533633104644,0.0395343045777239,0.2075125658942274,0.10769610131779442,0.059203478614059224,0.08108297175443946,0.16895039247534147,0.20453873585928625,,,,,,,SRB00001
2017-06-04,3220.07,0.01,25.03,0.02957452273560065,0.0571545781696154,0.0378933370721612,0.20740741271829044,0.11019156894590595,0.059847288457176503,0.08150929618959415,0.1693732958549221,0.20539234192329095,,,,,,,SRB00001
2017-06-05,3272.41,0.07,23.19,0.028316483642806187,0.05614293580689103,0.037795473043197025,0.20756251808004786,0.10657341563279443,0.05743517582874445,0.08473430120371903,0.17187586222843515,0.20776937547291927,,,,,,,SRB00001
2017-06-06,3287.52,1.8,24.13,0.027058444550011725,0.05513129344416665,0.03769760901423285,0.20771762344180528,0.10295526231968292,0.0550230632003124,0.08795930621784391,0.17437842860194816,0.21014640902254755,,,,,,,SRB00001
2017-06-07,3272.41,3.33,18.29,0.025800405457217263,0.054119651081442274,0.03759974498526868,0.2078727288035627,0.09933710900657142,0.05261095057188035,0.09118431123196878,0.1768809949754612,0.21252344257217587,,,,,,,SRB00001
2017-06-08,3264.88,0.09,18.8,0.0245423663644228,0.0531080087187179,0.0375018809563045,0.2080278341653201,0.0957189556934599,0.0501988379434483,0.09440931624609367,0.17938356134897424,0.21490047612180416,,,,,,,SRB00001
2017-06-09,3279.95,0.0,21.01,0.024683295459465158,0.053173225308036046,0.038013239666734644,0.20676625333873738,0.0957615129069972,0.05040674845195096,0.09763432126021854,0.18188612772248725,0.21727750967143247,,,,,,,SRB00001
2017-06-10,3333.26,0.06,21.58,0.024824224554507515,0.05323844189735419,0.038524598377164786,0.20550467251215462,0.09580407012053453,0.05061465896045362,0.10085932627434342,0.18438869409600028,0.2196545432210608,,,,,,,SRB00001
2017-06-11,3356.38,0.01,21.5,0.024965153649549873,0.05330365848667233,0.03903595708759493,0.2042430916855719,0.09584662733407184,0.050822569468956275,0.1040843312884683,0.18689126046951332,0.22203157677068908,,,,,,,SRB00001
2017-06-12,3272.41,0.01,23.96,0.025106082744592226,0.053368875075990474,0.039547315798025076,0.20298151085898913,0.09588918454760915,0.05103047997745893,0.10730933630259318,0.18939382684302636,0.2244086103203174,,,,,,,SRB00001
2017-06-13,3132.29,0.02,24.77,0.025247011839634584,0.05343409166530862,0.04005867450845522,0.2017199300324064,0.09593174176114647,0.051238390485961585,0.11053434131671805,0.19189639321653937,0.22678564386994568,,,,,,,SRB00001
2017-06-14,3018.95,0.5,22.26,0.02538794093467694,0.05349930825462676,0.04057003321888536,0.20045834920582364,0.09597429897468379,0.05144630099446425,0.11375934633084293,0.1943989595900524,0.229162677419574,12.2,0.105,0.6094818,325.0,2.3,0.1132,SRB00001
2017-06-15,2943.42,0.0,22.31,0.0255288700297193,0.0535645248439449,0.0410813919293155,0.1991967683792409,0.0960168561882211,0.0516542115029669,0.1169843513449678,0.19690152596356544,0.2315397109692023,,,,,,,SRB00001
2017-06-16,2909.72,1.55,21.26,0.04752081703687072,0.07547453088869904,0.06234929171623975,0.22125266741322386,0.1175521133350915,0.07132727127945303,0.12020935635909269,0.19940409233707845,0.2339167445188306,,,,,,,SRB00001
2017-06-17,2883.03,0.26,19.08,0.06951276404402215,0.0973845369334532,0.083617191503164,0.24330856644720683,0.1390873704819619,0.09100033105593916,0.12343436137321756,0.2019066587105915,0.23629377806845892,,,,,,,SRB00001
2017-06-18,2836.92,0.29,19.55,0.06448486629857605,0.09185937743464732,0.07774400074727217,0.23780483042038283,0.13619233231090494,0.0875752824440985,0.1171877639328332,0.1961790489902831,0.23097046609132052,,,,,,,SRB00001
2017-06-19,2772.32,0.01,23.81,0.05945696855312996,0.08633421793584145,0.07187080999138035,0.23230109439355884,0.13329729413984795,0.08415023383225784,0.11094116649244884,0.19045143926997468,0.2256471541141821,,,,,,,SRB00001
2017-06-20,2734.27,0.0,25.61,0.05442907080768386,0.08080905843703558,0.06599761923548852,0.22679735836673484,0.130402255968791,0.08072518522041718,0.10469456905206448,0.1847238295496663,0.2203238421370437,,,,,,,SRB00001
2017-06-21,2727.98,1.76,26.73,0.04940117306223776,0.0752838989382297,0.06012442847959669,0.22129362233991084,0.12750721779773402,0.07730013660857651,0.09844797161168012,0.1789962198293579,0.2150005301599053,,,,,,,SRB00001
2017-06-22,2696.74,0.26,28.34,0.04437327531679166,0.06975873943942382,0.05425123772370486,0.21578988631308685,0.12461217962667705,0.07387508799673585,0.09220137417129577,0.1732686101090495,0.2096772181827669,,,,,,,SRB00001
2017-06-23,2617.18,2.98,27.63,0.03934537757134556,0.06423357994061794,0.04837804696781303,0.21028615028626285,0.12171714145562008,0.07045003938489519,0.08595477673091141,0.1675410003887411,0.2043539062056285,,,,,,,SRB00001
2017-06-24,2534.13,0.04,27.6,0.034317479825899465,0.05870842044181207,0.0425048562119212,0.20478241425943886,0.11882210328456311,0.06702499077305453,0.07970817929052705,0.1618133906684327,0.1990305942284901,,,,,,,SRB00001
2017-06-25,2453.71,3.88,26.08,0.03439465557323689,0.0585837226138072,0.0422149274508246,0.20419370620806648,0.11859911389363713,0.06697626315241727,0.07902782121024352,0.16151997708553403,0.1985108936219197,,,,,,,SRB00001
2017-06-26,2408.91,15.54,23.91,0.034471831320574325,0.058459024785802324,0.041924998689727995,0.20360499815669408,0.11837612450271115,0.06692753553178002,0.07834746312996,0.16122656350263537,0.1979911930153493,,,,,,,SRB00001
2017-06-27,2459.37,0.31,26.11,0.03454900706791175,0.05833432695779746,0.04163506992863139,0.2030162901053217,0.11815313511178518,0.06687880791114276,0.07766710504967646,0.16093314991973673,0.19747149240877887,,,,,,,SRB00001
2017-06-28,2510.89,1.23,27.67,0.03462618281524918,0.058209629129792585,0.04134514116753479,0.20242758205394934,0.1179301457208592,0.0668300802905055,0.07698674696939294,0.16063973633683806,0.19695179180220848,,,,,,,SRB00001
2017-06-29,2487.86,3.78,25.9,0.03470335856258661,0.05808493130178771,0.041055212406438175,0.20183887400257694,0.11770715632993323,0.06678135266986823,0.0763063888891094,0.1603463227539394,0.1964320911956381,,,,,,,SRB00001
2017-06-30,2453.71,1.11,24.98,0.03478053430992404,0.05796023347378284,0.04076528364534157,0.20125016595120457,0.11748416693900725,0.06673262504923098,0.07562603080882586,0.16005290917104073,0.19591239058906768,,,,,,,SRB00001
2017-07-01,2448.06,7.8,22.3,0.034857710057261466,0.057835535645777966,0.04047535488424497,0.2006614578998322,0.11726117754808127,0.06668389742859372,0.07494567272854234,0.15975949558814206,0.19539268998249726,,,,,,,SRB00001
2017-07-02,2465.04,0.08,22.74,0.03493488580459889,0.0577108378177731,0.04018542612314836,0.20007274984845982,0.1170381881571553,0.06663516980795646,0.0742653146482588,0.15946608200524343,0.19487298937592687,,,,,,,SRB00001
2017-07-03,2510.89,0.3,21.73,0.03501206155193633,0.05758613998976823,0.03989549736205176,0.19948404179708742,0.11681519876622933,0.06658644218731921,0.07358495656797528,0.15917266842234476,0.19435328876935648,,,,,,,SRB00001
2017-07-04,2641.41,0.0,22.58,0.035089237299273754,0.057461442161763354,0.039605568600955154,0.19889533374571505,0.11659220937530335,0.06653771456668195,0.07290459848769175,0.1588792548394461,0.19383358816278606,,,,,,,SRB00001
2017-07-05,2772.32,0.02,25.32,0.04020153702567667,0.0627057080684131,0.04568028243340095,0.19655302534481167,0.11764395904395074,0.06898923010022902,0.07840320965014523,0.1599368230481864,0.19398510979222294,9.8,0.115,0.46049736,332.0,2.4,0.0712,SRB00001
2017-07-06,2797.98,0.01,26.71,0.04531383675207958,0.06794997397506282,0.05175499626584675,0.1942107169439083,0.11869570871259812,0.07144074563377607,0.08390182081259873,0.1609943912569267,0.19413663142165982,,,,,,,SRB00001
2017-07-07,2765.94,0.48,27.42,0.0504261364784825,0.07319423988171256,0.05782971009829255,0.1918684085430049,0.11974745838124551,0.07389226116732314,0.08940043197505221,0.162051959465667,0.1942881530510967,,,,,,,SRB00001
2017-07-08,2702.96,0.08,27.45,0.044097168581887364,0.06869817587073114,0.0545002276239103,0.19879292962020545,0.11809052065402897,0.06975121662731533,0.08724669581483223,0.16070207442830517,0.19327057542034629,,,,,,,SRB00001
2017-07-09,2599.16,0.05,28.38,0.037768200685292234,0.06420211185974972,0.05117074514952805,0.20571745069740596,0.11643358292681244,0.06561017208730752,0.08509295965461225,0.1593521893909433,0.1922529977895959,,,,,,,SRB00001
2017-07-10,2482.13,0.21,30.38,0.0314392327886971,0.0597060478487683,0.0478412626751458,0.2126419717746065,0.1147766451995959,0.0614691275472997,0.08293922349439227,0.15800230435358148,0.19123542015884548,,,,,,,SRB00001
2017-07-11,2381.32,5.58,29.5,0.030731098261836634,0.05725364068959971,0.045059184881639375,0.20878229027024062,0.11589357530480808,0.06342987961026827,0.08078548733417228,0.15665241931621962,0.1902178425280951,,,,,,,SRB00001
2017-07-12,2327.09,1.63,26.68,0.030022963734976173,0.05480123353043112,0.042277107088132954,0.20492260876587476,0.11701050541002025,0.06539063167323685,0.0786317511739523,0.1553025342788578,0.18920026489734468,,,,,,,SRB00001
2017-07-13,2332.46,5.26,22.67,0.029314829208115713,0.052348826371262536,0.039495029294626526,0.20106292726150887,0.11812743551523243,0.06735138373620543,0.07647801501373232,0.15395264924149593,0.1881826872665943,,,,,,,SRB00001
2017-07-14,2397.83,0.06,20.48,0.02860669468125525,0.04989641921209395,0.0367129515011201,0.197203245757143,0.1192443656204446,0.069312135799174,0.07432427885351234,0.1526027642041341,0.18716510963584387,,,,,,,SRB00001
2017-07-15,2522.48,0.18,20.04,0.029273107025655467,0.05059177716186379,0.03771196430102716,0.19100855034603115,0.11348121108834108,0.0657835765092242,0.07281196197110718,0.14748312027989913,0.18059057045239946,,,,,,,SRB00001
2017-07-16,2690.54,0.01,20.09,0.029939519370055682,0.051287135111633624,0.038710977100934234,0.18481385493491934,0.10771805655623756,0.0622550172192744,0.07129964508870201,0.14236347635566418,0.17401603126895507,,,,,,,SRB00001
2017-07-17,2778.71,0.03,22.8,0.0306059317144559,0.05198249306140346,0.0397099899008413,0.1786191595238075,0.10195490202413404,0.0587264579293246,0.06978732820629685,0.1372438324314292,0.16744149208551065,,,,,,,SRB00001
2017-07-18,2791.54,0.08,25.18,0.03727958531443418,0.057513614600522234,0.044041637406278124,0.18453486429649957,0.11126484975142682,0.0659850170401862,0.07608944606950392,0.14424736050192122,0.17764067601080263,,,,,,,SRB00001
2017-07-19,2791.54,0.1,26.94,0.043953238914412454,0.063044736139641,0.04837328491171495,0.1904505690691916,0.1205747974787196,0.0732435761510478,0.08239156393271099,0.1512508885724132,0.18783985993609464,,,,,,,SRB00001
2017-07-20,2759.58,0.0,28.61,0.04362531760770932,0.06285496923620877,0.048157403350901525,0.18957110559336152,0.11969744071169282,0.07258334752580682,0.08189179754104518,0.15073360544824363,0.1872085631733099,,,,,,,SRB00001
2017-07-21,2659.72,0.01,28.05,0.04329739630100618,0.06266520233277656,0.0479415217900881,0.18869164211753142,0.11882008394466602,0.07192311890056584,0.08139203114937937,0.15021632232407406,0.1865772664105251,,,,,,,SRB00001
2017-07-22,2510.89,0.43,27.35,0.04296947499430305,0.06247543542934434,0.047725640229274675,0.18781217864170133,0.11794272717763923,0.07126289027532487,0.08089226475771356,0.1496990391999045,0.18594596964774035,,,,,,,SRB00001
2017-07-23,2375.84,0.33,28.88,0.04264155368759991,0.06228566852591212,0.04750975866846125,0.18693271516587123,0.11706537041061243,0.07060266165008389,0.08039249836604775,0.14918175607573492,0.1853146728849556,,,,,,,SRB00001
2017-07-24,2300.44,5.35,27.12,0.042313632380896776,0.062095901622479896,0.047293877107647826,0.18605325169004117,0.11618801364358565,0.0699424330248429,0.07989273197438194,0.14866447295156535,0.1846833761221708,,,,,,,SRB00001
2017-07-25,2321.74,22.18,20.69,0.04198571107419364,0.06190613471904768,0.0470779955468344,0.18517378821421107,0.11531065687655886,0.06928220439960192,0.07939296558271614,0.14814718982739578,0.18405207935938606,,,,,,,SRB00001
2017-07-26,2442.43,5.42,21.13,0.0416577897674905,0.06171636781561546,0.04686211398602098,0.18429432473838098,0.11443330010953207,0.06862197577436094,0.07889319919105033,0.1476299067032262,0.1834207825966013,,,,,,,SRB00001
2017-07-27,2611.16,3.99,18.98,0.04132986846078737,0.06152660091218324,0.04664623242520755,0.18341486126255088,0.11355594334250528,0.06796174714911997,0.07839343279938452,0.14711262357905663,0.18278948583381655,,,,,,,SRB00001
2017-07-28,2957.01,0.0,23.12,0.041001947154084235,0.06133683400875102,0.04643035086439413,0.1825353977867208,0.11267858657547848,0.06730151852387899,0.0778936664077187,0.14659534045488706,0.18215818907103176,,,,,,,SRB00001
2017-07-29,3638.15,0.0,24.79,0.0406740258473811,0.0611470671053188,0.0462144693035807,0.1816559343108907,0.1118012298084517,0.066641289898638,0.0773939000160529,0.1460780573307175,0.181526892308247,,,,,,,SRB00001
2017-07-30,4344.1,0.92,27.28,0.046294667175326217,0.06667149166490961,0.0519841146096313,0.17870714307629607,0.10790184613171076,0.06359203162046163,0.08078958112956373,0.14469424917322457,0.17947868875787398,,,,,,,SRB00001
2017-07-31,4404.55,0.3,28.35,0.05191530850327133,0.07219591622450043,0.0577537599156819,0.1757583518417014,0.10400246245496984,0.060542773342285264,0.08418526224307456,0.14331044101573162,0.17743048520750096,,,,,,,SRB00001
2017-08-01,4054.09,0.0,29.65,0.057535949831216446,0.07772034078409125,0.0635234052217325,0.17280956060710678,0.10010307877822891,0.057493515064108894,0.0875809433565854,0.1419266328582387,0.17538228165712794,,,,,,,SRB00001
2017-08-02,3654.95,0.0,29.83,0.0533771386130855,0.07653625016424725,0.06065059527171445,0.17562107401808802,0.10568799159430989,0.05962532313694785,0.08656443132698657,0.1444239040651947,0.17752359706981632,8.2,0.147,1.07900852,344.0,1.3,0.0209,SRB00001
2017-08-03,3325.6,0.0,31.11,0.04921832739495455,0.07535215954440325,0.057777785321696404,0.17843258742906926,0.11127290441039085,0.061757131209786806,0.08554791929738775,0.1469211752721507,0.1796649124825047,,,,,,,SRB00001
2017-08-04,3060.96,0.0,32.44,0.04917423830601285,0.0752435475918626,0.05716835538564235,0.1787997300660989,0.1102977906902347,0.06163661135018472,0.08630755029618416,0.14867531631977499,0.18057564462314848,,,,,,,SRB00001
2017-08-05,2843.46,0.0,31.01,0.04913014921707115,0.07513493563932196,0.0565589254495883,0.17916687270312856,0.10932267697007855,0.06151609149058264,0.08706718129498055,0.15042945736739927,0.18148637676379228,,,,,,,SRB00001
2017-08-06,2659.72,0.78,29.64,0.04908606012812945,0.0750263236867813,0.055949495513534245,0.1795340153401582,0.1083475632499224,0.061395571630980555,0.08782681229377695,0.15218359841502355,0.18239710890443606,,,,,,,SRB00001
2017-08-07,2545.83,12.27,21.44,0.049248212074730714,0.07550987300483049,0.057817042657927795,0.18381737244592714,0.1097284873530514,0.0626589813326509,0.08984273743785136,0.15349731344058987,0.1846697213513082,,,,,,,SRB00001
2017-08-08,2575.32,0.0,23.8,0.04941036402133197,0.07599342232287967,0.05968458980232135,0.18810072955169607,0.11110941145618039,0.06392239103432124,0.09185866258192577,0.15481102846615616,0.18694233379818034,,,,,,,SRB00001
2017-08-09,2850.02,0.0,29.49,0.04957251596793323,0.07647697164092884,0.0615521369467149,0.19238408665746504,0.1124903355593094,0.06518580073599156,0.09387458772600019,0.15612474349172248,0.1892149462450525,,,,,,,SRB00001
2017-08-10,3279.95,0.0,31.6,0.049734667914534486,0.07696052095897803,0.06341968409110846,0.19666744376323397,0.1138712596624384,0.0664492104376619,0.09589051287007459,0.15743845851728877,0.19148755869192463,,,,,,,SRB00001
2017-08-11,3450.44,0.13,30.42,0.04989681986113575,0.07744407027702721,0.06528723123550201,0.2009508008690029,0.1152521837655674,0.06771262013933224,0.097906438014149,0.1587521735428551,0.1937601711387968,,,,,,,SRB00001
2017-08-12,3295.1,8.85,22.11,0.050305599077876365,0.07859794679208225,0.06649584154793403,0.1961001888879523,0.11072563116347202,0.06418486231877862,0.09667140198405769,0.1557118137536808,0.18939372555807724,,,,,,,SRB00001
2017-08-13,3110.72,0.08,19.95,0.05071437829461699,0.07975182330713729,0.06770445186036607,0.1912495769069017,0.10619907856137664,0.060657104498225006,0.09543636595396637,0.1526714539645065,0.18502727997735768,,,,,,,SRB00001
2017-08-14,3132.29,0.0,22.55,0.051123157511357604,0.08090569982219233,0.06891306217279809,0.18639896492585106,0.10167252595928125,0.05712934667767139,0.09420132992387507,0.1496310941753322,0.1806608343966381,,,,,,,SRB00001
2017-08-15,3395.25,0.0,24.22,0.05153193672809823,0.08205957633724736,0.07012167248523013,0.18154835294480046,0.09714597335718587,0.05360158885711777,0.09296629389378376,0.1465907343861579,0.17629438881591855,,,,,,,SRB00001
2017-08-16,3530.83,0.0,25.35,0.051940715944838844,0.0832134528523024,0.07133028279766215,0.17669774096374985,0.0926194207550905,0.050073831036564154,0.09173125786369245,0.1435503745969836,0.171927943235199,,,,,,,SRB00001
2017-08-17,3403.08,0.0,26.25,0.04959083390266442,0.08153641028750924,0.07251270582570887,0.1830049680984009,0.09243925875332884,0.04888130955917308,0.09398086920479329,0.14659344755983977,0.17518199211916824,,,,,,,SRB00001
2017-08-18,3183.2,0.0,27.59,0.04724095186049,0.0798593677227161,0.0736951288537556,0.1893121952330519,0.0922590967515672,0.047688788081782,0.09623048054589411,0.14963652052269594,0.17843604100313748,,,,,,,SRB00001
2017-08-19,2963.83,0.0,27.73,0.051958295473523965,0.08370234312816924,0.07540493416817047,0.1912045893170351,0.09592491358858973,0.05058678346433888,0.09848009188699496,0.1526795934855521,0.18169008988710672,,,,,,,SRB00001
2017-08-20,2778.71,14.56,19.07,0.05667563908655793,0.08754531853362238,0.07711473948258533,0.1930969834010183,0.09959073042561228,0.05348477884689576,0.1007297032280958,0.15572266644840826,0.18494413877107593,,,,,,,SRB00001
2017-08-21,2659.72,0.01,19.01,0.06139298269959188,0.09138829393907552,0.07882454479700021,0.1949893774850015,0.10325654726263482,0.05638277422945264,0.10297931456919664,0.15876573941126443,0.18819818765504517,,,,,,,SRB00001
2017-08-22,2665.86,0.0,19.05,0.06611032631262584,0.09523126934452866,0.08053435011141508,0.1968817715689847,0.10692236409965737,0.05928076961200952,0.10522892591029746,0.1618088123741206,0.19145223653901441,,,,,,,SRB00001
2017-08-23,2909.72,0.0,19.48,0.07082766992565981,0.0990742447499818,0.08224415542582994,0.1987741656529679,0.11058818093667991,0.0621787649945664,0.1074785372513983,0.16485188533697676,0.19470628542298365,,,,,,,SRB00001
2017-08-24,3272.41,0.0,22.47,0.06818811005937307,0.09595918601318941,0.07983716958399219,0.19263282655251185,0.10635250519108883,0.0595497573289083,0.10373397203583565,0.16024710728806418,0.18906479734624962,,,,,,,SRB00001
2017-08-25,3348.66,0.0,26.66,0.06554855019308634,0.092844127276397,0.07743018374215445,0.1864914874520558,0.10211682944549774,0.0569207496632502,0.099989406820273,0.1556423292391516,0.18342330926951556,,,,,,,SRB00001
2017-08-26,3168.57,0.0,28.41,0.0629089903267996,0.0897290685396046,0.0750231979003167,0.18035014835159974,0.09788115369990666,0.0542917419975921,0.09624484160471035,0.15103755119023904,0.17778182119278152,,,,,,,SRB00001
2017-08-27,2923.15,0.25,28.67,0.0463481660289938,0.0787093122586447,0.0667622323745666,0.1951912082704217,0.1013063614748573,0.0531128539085561,0.09315179892213266,0.14710043102117884,0.17442927462225527,,,,,,,SRB00001
2017-08-28,2702.96,0.86,23.97,0.047647260181114356,0.0775472107481882,0.06447296257924984,0.1879079769025993,0.10085810939993795,0.05424427343703377,0.09005875623955496,0.14316331085211864,0.171076728051729,,,,,,,SRB00001
2017-08-29,2522.48,0.01,21.43,0.04894635433323492,0.07638510923773167,0.06218369278393308,0.1806247455347769,0.1004098573250186,0.05537569296551145,0.08696571355697728,0.13922619068305844,0.16772418148120274,,,,,,,SRB00001
2017-08-30,2386.81,0.0,22.11,0.05024544848535549,0.07522300772727517,0.059894422988616317,0.17334151416695448,0.09996160525009926,0.056507112493989126,0.08387267087439959,0.13528907051399824,0.16437163491067647,,,,,,,SRB00001
2017-08-31,2295.15,0.05,24.93,0.05154454263747605,0.07406090621681866,0.05760515319329955,0.1660582827991321,0.0995133531751799,0.0576385320224668,0.0807796281918219,0.13135195034493805,0.16101908834015022,,,,,,,SRB00001
2017-09-01,2263.64,0.78,23.83,0.04444614372666708,0.07178865276927271,0.05691566647308377,0.16928414446749063,0.10420831410417167,0.05927659058038602,0.08204795689401564,0.13706868099410247,0.16645405278067482,,,,,,,SRB00001
2017-09-02,2289.87,19.01,18.98,0.037347744815858105,0.06951639932172675,0.056226179752868,0.17251000613584916,0.10890327503316344,0.06091464913830525,0.0833162855962094,0.14278541164326686,0.17188901722119942,,,,,,,SRB00001
2017-09-03,2337.84,8.23,15.75,0.046894972250947416,0.07716984352850734,0.06371139790171555,0.17210704969155116,0.1139503258165031,0.06763686649295601,0.08962890215149842,0.14387585979391992,0.1699267651326233,,,,,,,SRB00001
2017-09-04,2459.37,0.03,16.65,0.056442199686036726,0.08482328773528791,0.0711966160505631,0.17170409324725316,0.11899737659984279,0.07435908384760678,0.09594151870678744,0.144966307944573,0.16796451304404716,,,,,,,SRB00001
2017-09-05,3012.01,0.13,17.4,0.06598942712112604,0.0924767319420685,0.07868183419941066,0.17130113680295517,0.12404442738318246,0.08108130120225754,0.10225413526207645,0.14605675609522606,0.16600226095547105,,,,,,,SRB00001
2017-09-06,3989.25,0.01,19.8,0.06489062545811823,0.09161384336291982,0.07788146600938445,0.17114552014160533,0.12251982870817912,0.07962723467399935,0.10176591314470143,0.14572141720584358,0.16566771016054116,8.9,0.149,0.6094818,363.0,2.0,0.0093,SRB00001
2017-09-07,4304.27,2.22,16.93,0.06379182379511043,0.09075095478377115,0.07708109781935824,0.17098990348025547,0.12099523003317579,0.07817316814574114,0.10127769102732641,0.1453860783164611,0.16533315936561127,,,,,,,SRB00001
2017-09-08,4063.43,0.08,17.05,0.06269302213210262,0.08988806620462247,0.07628072962933202,0.17083428681890564,0.11947063135817246,0.07671910161748295,0.10078946890995139,0.14505073942707863,0.1649986085706814,,,,,,,SRB00001
2017-09-09,3722.92,0.02,18.91,0.06159422046909482,0.08902517762547381,0.07548036143930581,0.17067867015755578,0.11794603268316912,0.07526503508922475,0.10030124679257636,0.1447154005376962,0.16466405777575152,,,,,,,SRB00001
2017-09-10,3434.58,0.0,22.58,0.06049541880608701,0.08816228904632513,0.07467999324927961,0.17052305349620595,0.11642143400816579,0.07381096856096656,0.09981302467520134,0.1443800616483137,0.16432950698082163,,,,,,,SRB00001
2017-09-11,3205.27,5.73,23.81,0.05939661714307921,0.08729940046717645,0.0738796250592534,0.17036743683485608,0.11489683533316246,0.07235690203270835,0.09932480255782632,0.14404472275893124,0.16399495618589174,,,,,,,SRB00001
2017-09-12,3012.01,3.1,18.06,0.058297815480071395,0.08643651188802778,0.07307925686922719,0.17021182017350625,0.11337223665815913,0.07090283550445016,0.09883658044045128,0.14370938386954876,0.16366040539096188,,,,,,,SRB00001
2017-09-13,2903.02,0.31,17.97,0.05719901381706359,0.0855736233088791,0.07227888867920097,0.1700562035121564,0.11184763798315579,0.06944876897619195,0.09834835832307626,0.1433740449801663,0.163325854596032,,,,,,,SRB00001
2017-09-14,3018.95,0.12,21.1,0.056100212154055785,0.08471073472973044,0.07147852048917476,0.16990058685080656,0.11032303930815246,0.06799470244793376,0.09786013620570123,0.1430387060907838,0.1629913038011021,,,,,,,SRB00001
2017-09-15,3333.26,0.24,16.63,0.05500141049104798,0.08384784615058176,0.07067815229914855,0.1697449701894567,0.10879844063314913,0.06654063591967556,0.09737191408832621,0.14270336720140134,0.16265675300617222,,,,,,,SRB00001
2017-09-16,3579.96,1.16,20.9,0.053902608828040176,0.08298495757143308,0.06987778410912233,0.16958935352810686,0.1072738419581458,0.06508656939141737,0.09688369197095119,0.1423680283120189,0.16232220221124233,,,,,,,SRB00001
2017-09-17,3621.43,15.82,17.98,0.052803807165032364,0.08212206899228441,0.06907741591909612,0.169433736866757,0.10574924328314246,0.06363250286315918,0.09639546985357617,0.14203268942263642,0.16198765141631247,,,,,,,SRB00001
2017-09-18,3629.78,0.02,16.06,0.05170500550202456,0.08125918041313573,0.06827704772906991,0.16927812020540717,0.10422464460813913,0.06217843633490097,0.09590724773620114,0.14169735053325394,0.16165310062138258,,,,,,,SRB00001
2017-09-19,3697.28,6.07,16.16,0.050606203839016754,0.08039629183398705,0.06747667953904371,0.1691225035440573,0.1027000459331358,0.060724369806642774,0.09541902561882612,0.14136201164387147,0.1613185498264527,,,,,,,SRB00001
2017-09-20,3844.92,6.26,13.25,0.04950740217600895,0.07953340325483839,0.0666763113490175,0.16896688688270747,0.10117544725813246,0.059270303278384576,0.0949308035014511,0.141026672754489,0.1609839990315228,,,,,,,SRB00001
2017-09-21,4082.19,7.51,12.67,0.04840860051300114,0.07867051467568971,0.06587594315899128,0.1688112702213576,0.09965084858312913,0.057816236750126385,0.09444258138407607,0.14069133386510652,0.16064944823659294,,,,,,,SRB00001
2017-09-22,4294.36,0.21,14.24,0.04730979884999333,0.07780762609654104,0.06507557496896507,0.16865565356000778,0.0981262499081258,0.05636217022186819,0.09395435926670105,0.14035599497572407,0.16031489744166305,,,,,,,SRB00001
2017-09-23,4507.17,0.05,14.31,0.04621099718698553,0.07694473751739236,0.06427520677893886,0.16850003689865792,0.09660165123312246,0.05490810369360999,0.09346613714932603,0.1400206560863416,0.15998034664673316,,,,,,,SRB00001
2017-09-24,4654.86,0.34,14.3,0.04511219552397772,0.07608184893824368,0.06347483858891265,0.16834442023730808,0.09507705255811913,0.05345403716535179,0.092977915031951,0.13968531719695912,0.15964579585180327,,,,,,,SRB00001
2017-09-25,4612.18,0.25,14.56,0.04401339386096992,0.07521896035909502,0.06267447039888643,0.16818880357595822,0.0935524538831158,0.05199997063709359,0.09248969291457598,0.13934997830757664,0.15931124505687339,,,,,,,SRB00001
2017-09-26,4394.42,0.35,17.69,0.042914592197962106,0.07435607177994634,0.06187410220886023,0.1680331869146084,0.09202785520811246,0.050545904108835395,0.09200147079720095,0.13901463941819417,0.15897669426194352,,,,,,,SRB00001
2017-09-27,4101.04,0.05,16.18,0.0418157905349543,0.07349318320079767,0.061073734018834015,0.16787757025325853,0.09050325653310913,0.0490918375805772,0.09151324867982592,0.1386793005288117,0.15864214346701364,,,,,,,SRB00001
2017-09-28,3809.66,0.0,14.62,0.0407169888719465,0.072630294621649,0.0602733658288078,0.1677219535919087,0.0889786578581058,0.047637771052319,0.0910250265624509,0.13834396163942922,0.15830759267208375,,,,,,,SRB00001
2017-09-29,3555.31,0.0,13.49,0.04583894608411365,0.07526143842770779,0.061907218447317065,0.1673988606396464,0.0912631535331702,0.050008189329260364,0.09053680444507588,0.13800862275004677,0.15797304187715386,,,,,,,SRB00001
2017-09-30,3333.26,0.0,11.92,0.0509609032962808,0.07789258223376658,0.06354107106582632,0.16707576768738408,0.0935476492082346,0.05237860760620172,0.09004858232770085,0.1376732838606643,0.157638491082224,,,,,,,SRB00001
2017-10-01,3132.29,0.0,11.34,0.05608286050844795,0.08052372603982536,0.06517492368433558,0.1667526747351218,0.095832144883299,0.054749025883143086,0.08956036021032583,0.13733794497128182,0.1573039402872941,,,,,,,SRB00001
2017-10-02,2957.01,0.0,12.63,0.061204817720615104,0.08315486984588415,0.06680877630284485,0.1664295817828595,0.0981166405583634,0.05711944416008445,0.08907213809295081,0.13700260608189935,0.15696938949236422,,,,,,,SRB00001
2017-10-03,2791.54,6.52,14.82,0.059218075482090474,0.08141665828717123,0.06500218890932973,0.16297195880963095,0.09817994299229349,0.057119109960347594,0.08722722111506541,0.13416663657900862,0.15382651239071032,,,,,,,SRB00001
2017-10-04,2653.61,0.0,14.22,0.05723133324356584,0.07967844672845834,0.0631956015158146,0.1595143358364024,0.09824324542622359,0.05711877576061073,0.08538230413718,0.1313306670761179,0.1506836352890564,9.7,0.08,1.23927966,374.0,1.1,0.0054,SRB00001
2017-10-05,2563.48,0.01,16.99,0.05524459100504121,0.07794023516974542,0.06138901412229949,0.15605671286317385,0.09830654786015369,0.05711844156087387,0.0835373871592946,0.12849469757322718,0.1475407581874025,,,,,,,SRB00001
2017-10-06,2557.59,3.64,12.5,0.05325784876651658,0.07620202361103251,0.05958242672878437,0.1525990898899453,0.09836985029408378,0.05711810736113701,0.08169247018140918,0.12565872807033646,0.14439788108574858,,,,,,,SRB00001
2017-10-07,2653.61,0.01,10.79,0.05127110652799195,0.0744638120523196,0.05777583933526925,0.14914146691671676,0.09843315272801387,0.057117773161400154,0.07984755320352378,0.12282275856744575,0.14125500398409468,,,,,,,SRB00001
2017-10-08,2830.39,0.03,10.06,0.04928436428946732,0.0727256004936067,0.05596925194175413,0.1456838439434882,0.09849645516194397,0.05711743896166329,0.07800263622563838,0.11998678906455502,0.1381121268824408,,,,,,,SRB00001
2017-10-09,2970.67,0.05,11.7,0.04729762205094269,0.07098738893489379,0.05416266454823901,0.14222622097025966,0.09855975759587407,0.05711710476192643,0.07615771924775297,0.1171508195616643,0.13496924978078687,,,,,,,SRB00001
2017-10-10,3046.89,1.45,11.7,0.04531087981241806,0.06924917737618087,0.05235607715472389,0.13876859799703112,0.09862306002980416,0.05711677056218957,0.07431280226986757,0.11431485005877359,0.13182637267913297,,,,,,,SRB00001
2017-10-11,3089.3,0.0,13.15,0.04332413757389343,0.06751096581746797,0.05054948976120877,0.13531097502380257,0.09868636246373425,0.05711643636245271,0.07246788529198216,0.11147888055588287,0.12868349557747905,,,,,,,SRB00001
2017-10-12,3125.08,0.0,14.69,0.0413373953353688,0.06577275425875506,0.04874290236769365,0.13185335205057402,0.09874966489766435,0.05711610216271585,0.07062296831409676,0.10864291105299215,0.12554061847582515,,,,,,,SRB00001
2017-10-13,3161.28,0.0,15.98,0.046234525001074216,0.06915313605979423,0.051498266145501514,0.13051078369099556,0.09744898621130886,0.0566326010004277,0.0724292468024532,0.10810445868649542,0.12385958529724846,,,,,,,SRB00001
2017-10-14,3146.75,0.0,13.88,0.05113165466677964,0.07253351786083338,0.054253629923309385,0.12916821533141712,0.09614830752495339,0.05614909983813955,0.07423552529080965,0.10756600631999867,0.12217855211867175,,,,,,,SRB00001
2017-10-15,3039.89,0.0,15.6,0.05602878433248505,0.07591389966187255,0.05700899370111725,0.12782564697183865,0.0948476288385979,0.0556655986758514,0.0760418037791661,0.10702755395350194,0.12049751894009506,,,,,,,SRB00001
2017-10-16,2869.78,0.0,17.54,0.05430743455907135,0.07426062266676281,0.05664895070707465,0.12752737997081912,0.09599474934112184,0.05687723157458801,0.07555633640796704,0.10614386735638379,0.11975625446748661,,,,,,,SRB00001
2017-10-17,2690.54,0.0,18.05,0.052586084785657655,0.07260734567165307,0.05628890771303205,0.12722911296979958,0.09714186984364578,0.05808886447332462,0.07507086903676798,0.10526018075926565,0.11901498999487817,,,,,,,SRB00001
2017-10-18,2522.48,0.0,17.63,0.05086473501224395,0.07095406867654333,0.05592886471898945,0.12693084596878002,0.09828899034616972,0.05930049737206123,0.07458540166556893,0.10437649416214749,0.11827372552226974,,,,,,,SRB00001
2017-10-19,2370.37,0.0,14.71,0.04914338523883025,0.06930079168143359,0.05556882172494685,0.12663257896776048,0.09943611084869367,0.06051213027079784,0.07409993429436987,0.10349280756502935,0.1175324610496613,,,,,,,SRB00001
2017-10-20,2242.88,0.0,15.15,0.047422035465416554,0.06764751468632385,0.055208778730904254,0.12633431196674094,0.1005832313512176,0.06172376316953445,0.07361446692317081,0.1026091209679112,0.11679119657705285,,,,,,,SRB00001
2017-10-21,2132.04,0.02,13.43,0.0444523239173003,0.0784323130485467,0.0758821990865506,0.2696412515681218,0.1989220490325932,0.1268840222534034,0.07289188824961164,0.10285255923473073,0.11652038539662006,,,,,,,SRB00001
2017-10-22,2045.45,18.25,13.8,0.0463027267544155,0.07559169697454905,0.06958931708125492,0.23346126476140897,0.1740179138106936,0.1108463667683096,0.07216930957605248,0.10309599750155027,0.11624957421618727,,,,,,,SRB00001
2017-10-23,1998.86,19.86,9.02,0.0481531295915307,0.07275108090055141,0.06329643507595925,0.19728127795469613,0.149113778588794,0.0948087112832158,0.07144673090249332,0.10333943576836982,0.11597876303575448,,,,,,,SRB00001
2017-10-24,2017.37,1.72,10.84,0.0500035324286459,0.06991046482655375,0.05700355307066357,0.16110129114798333,0.1242096433668944,0.07877105579812199,0.07072415222893416,0.10358287403518936,0.11570795185532169,,,,,,,SRB00001
2017-10-25,2083.49,0.0,9.06,0.0518539352657611,0.0670698487525561,0.0507106710653679,0.1249213043412705,0.0993055081449948,0.0627334003130282,0.070001573555375,0.1038263123020089,0.1154371406748889,,,,,,,SRB00001
2017-10-26,2156.74,0.0,11.42,0.04957239821260888,0.07319062900204486,0.059256286852294296,0.13072204347301639,0.11112865651599582,0.07605197025042254,0.07024660353713504,0.10346265022917517,0.11518406785030773,,,,,,,SRB00001
2017-10-27,2227.44,2.84,10.7,0.04729086115945666,0.07931140925153363,0.0678019026392207,0.1365227826047623,0.12295180488699683,0.08937054018781687,0.07049163351889506,0.10309898815634144,0.11493099502572655,,,,,,,SRB00001
2017-10-28,2364.92,0.09,9.61,0.04500932410630444,0.08543218950102238,0.0763475184261471,0.1423235217365082,0.13477495325799785,0.10268911012521122,0.0707366635006551,0.10273532608350772,0.11467792220114538,,,,,,,SRB00001
2017-10-29,2505.11,4.04,9.91,0.04272778705315222,0.09155296975051114,0.08489313421307351,0.14812426086825412,0.1465981016289989,0.11600768006260556,0.07098169348241513,0.10237166401067398,0.11442484937656422,,,,,,,SRB00001
2017-10-30,2528.3,0.01,6.91,0.04044625,0.0976737499999999,0.0934387499999999,0.153925,0.1584212499999999,0.1293262499999999,0.07122672346417518,0.10200800193784025,0.11417177655198305,,,,,,,SRB00001
2017-10-31,2563.48,0.0,5.12,0.03904880918727125,0.07951054322843251,0.07260159487055842,0.13819245570419209,0.13031640658826757,0.09649155543234367,0.0714717534459352,0.10164433986500652,0.11391870372740187,,,,,,,SRB00001
2017-11-01,2785.12,0.0,6.38,0.0376513683745425,0.061347336456865104,0.051764439741116955,0.12245991140838415,0.10221156317653525,0.06365686086468744,0.07171678342769525,0.1012806777921728,0.1136656309028207,,,,,,,SRB00001
2017-11-02,3125.08,0.0,9.16,0.041259353661541466,0.06303468192936969,0.05211983037872207,0.11958547095536896,0.09778279643552647,0.060414209316898976,0.07117900789002707,0.09832999340423357,0.10997126320274349,,,,,,,SRB00001
2017-11-03,3287.52,0.85,9.94,0.04486733894854043,0.06472202740187426,0.052475221016327185,0.11671103050235379,0.09335402969451767,0.057171557769110516,0.07064123235235888,0.09537930901629434,0.10627689550266627,,,,,,,SRB00001
2017-11-04,3161.28,0.0,7.2,0.0484753242355394,0.06640937287437884,0.0528306116539323,0.1138365900493386,0.08892526295350889,0.05392890622132205,0.0701034568146907,0.0924286246283551,0.10258252780258906,,,,,,,SRB00001
2017-11-05,2929.89,0.01,7.98,0.044472895164103354,0.06925249130743222,0.06187904838176185,0.14946117450230426,0.11741394194713664,0.07347518393324518,0.08371084456650761,0.10447177097568748,0.11382480897533448,,,,,,,SRB00001
2017-11-06,2715.44,0.13,8.19,0.0404704660926673,0.0720956097404856,0.0709274851095914,0.1850857589552699,0.1459026209407644,0.0930214616451683,0.09731823231832452,0.11651491732301986,0.1250670901480799,,,,,,,SRB00001
2017-11-07,2563.48,0.13,9.42,0.06127390984492833,0.0882755601037039,0.08622309106123478,0.1852702184195892,0.15307621761467702,0.10383621815107341,0.11092562007014144,0.12855806367035225,0.13630937132082532,,,,,,,SRB00001
2017-11-08,2476.42,0.42,8.54,0.08207735359718936,0.1044555104669222,0.10151869701287816,0.18545467788390851,0.16024981428858964,0.11465097465697853,0.12453300782195836,0.1406012100176846,0.14755165249357075,10.8,0.097,1.34988932,397.0,1.1,0.0024,SRB00001
2017-11-09,2505.11,0.04,8.85,0.10288079734945038,0.12063546083014051,0.11681430296452155,0.18563913734822785,0.1674234109625023,0.12546573116288365,0.13814039557377528,0.152644356365017,0.15879393366631617,,,,,,,SRB00001
2017-11-10,2715.44,0.11,7.7,0.12368424110171142,0.13681541119335883,0.13210990891616492,0.18582359681254715,0.17459700763641492,0.13628048766878875,0.1517477833255922,0.16468750271234936,0.1700362148390616,,,,,,,SRB00001
2017-11-11,2929.89,0.02,7.71,0.14448768485397245,0.15299536155657711,0.1474055148678083,0.18600805627686645,0.18177060431032754,0.14709524417469388,0.1653551710774091,0.17673064905968175,0.181278496011807,,,,,,,SRB00001
2017-11-12,2936.65,0.05,10.46,0.13819129189100382,0.1472872577650429,0.14185451986590103,0.18113088314922618,0.1765306379960757,0.14214527327877016,0.15962399485712972,0.17136608831461042,0.17610693052182652,,,,,,,SRB00001
2017-11-13,2791.54,7.92,5.91,0.1318948989280352,0.14157915397350868,0.13630352486399372,0.17625371002158594,0.17129067168182388,0.13719530238284644,0.15389281863685034,0.16600152756953906,0.17093536503184603,,,,,,,SRB00001
2017-11-14,2659.72,5.75,4.7,0.12559850596506655,0.13587105018197446,0.13075252986208644,0.17137653689394566,0.16605070536757208,0.13224533148692272,0.14816164241657095,0.16063696682446774,0.16576379954186557,,,,,,,SRB00001
2017-11-15,2684.34,0.28,3.3,0.1193021130020979,0.13016294639044024,0.12520153486017913,0.16649936376630542,0.16081073905332025,0.127295360590999,0.14243046619629157,0.1552724060793964,0.16059223405188508,,,,,,,SRB00001
2017-11-16,3025.91,1.11,4.94,0.11300572003912926,0.124454842598906,0.11965053985827184,0.16162219063866515,0.1555707727390684,0.12234538969507526,0.1366992899760122,0.14990784533432505,0.1554206685619046,,,,,,,SRB00001
2017-11-17,3410.93,0.62,5.86,0.10670932707616063,0.11874673880737178,0.11409954485636455,0.1567450175110249,0.15033080642481658,0.11739541879915154,0.1309681137557328,0.14454328458925372,0.15024910307192413,,,,,,,SRB00001
2017-11-18,3434.58,0.58,3.52,0.10041293411319199,0.11303863501583757,0.10854854985445725,0.15186784438338463,0.14509084011056478,0.11244544790322782,0.12523693753545342,0.1391787238441824,0.14507753758194364,,,,,,,SRB00001
2017-11-19,3234.94,0.2,2.32,0.09411654115022336,0.10733053122430333,0.10299755485254997,0.1469906712557444,0.13985087379631295,0.1074954770073041,0.11950576131517404,0.13381416309911104,0.13990597209196315,,,,,,,SRB00001
2017-11-20,3018.95,0.09,2.74,0.08782014818725471,0.10162242743276911,0.09744655985064267,0.14211349812810412,0.13461090748206112,0.10254550611138037,0.11377458509489466,0.1284496023540397,0.13473440660198266,,,,,,,SRB00001
2017-11-21,2836.92,0.08,4.29,0.08152375522428608,0.0959143236412349,0.09189556484873537,0.13723632500046387,0.12937094116780928,0.09759553521545665,0.10804340887461528,0.12308504160896838,0.12956284111200217,,,,,,,SRB00001
2017-11-22,2678.17,0.01,8.14,0.07522736226131745,0.09020621984970068,0.08634456984682808,0.1323591518728236,0.12413097485355747,0.09264556431953293,0.1023122326543359,0.11772048086389704,0.12439127562202171,,,,,,,SRB00001
2017-11-23,2557.59,0.01,8.42,0.0689309692983488,0.08449811605816646,0.08079357484492078,0.12748197874518336,0.11889100853930563,0.08769559342360919,0.09658105643405651,0.1123559201188257,0.11921971013204122,,,,,,,SRB00001
2017-11-24,2505.11,0.02,6.32,0.06263457633538017,0.07879001226663224,0.07524257984301348,0.12260480561754308,0.11365104222505382,0.08274562252768547,0.09084988021377713,0.10699135937375437,0.11404814464206073,,,,,,,SRB00001
2017-11-25,2534.13,1.42,7.81,0.056338183372411525,0.073081908475098,0.0696915848411062,0.11772763248990283,0.10841107591080199,0.07779565163176175,0.08511870399349775,0.10162679862868303,0.10887657915208025,,,,,,,SRB00001
2017-11-26,2605.15,12.03,5.3,0.05004179040944289,0.06737380468356378,0.0641405898391989,0.11285045936226257,0.10317110959655017,0.07284568073583803,0.07938752777321836,0.0962622378836117,0.10370501366209978,,,,,,,SRB00001
2017-11-27,2635.33,0.06,1.97,0.04374539744647425,0.061665700892029565,0.058589594837291606,0.10797328623462231,0.09793114328229834,0.0678957098399143,0.07365635155293898,0.09089767713854036,0.09853344817211929,,,,,,,SRB00001
2017-11-28,2611.16,0.0,0.16,0.03744900448350561,0.055957597100495346,0.05303859983538431,0.10309611310698205,0.0926911769680465,0.06294573894399058,0.0679251753326596,0.08553311639346901,0.0933618826821388,,,,,,,SRB00001
2017-11-29,2575.32,2.96,2.65,0.03115261152053698,0.05024949330896112,0.04748760483347702,0.0982189399793418,0.08745121065379469,0.05799576804806686,0.062193999112380216,0.08016855564839769,0.08819031719215832,,,,,,,SRB00001
2017-11-30,2534.13,6.4,3.05,0.024856218557568338,0.0445413895174269,0.04193660983156972,0.09334176685170154,0.08221124433954285,0.05304579715214313,0.056462822892100833,0.07480399490332634,0.08301875170217785,,,,,,,SRB00001
2017-12-01,2505.11,0.16,1.0,0.0185598255945997,0.03883328572589267,0.03638561482966243,0.08846459372406128,0.07697127802529104,0.04809582625621941,0.05073164667182145,0.069439434158255,0.07784718621219736,,,,,,,SRB00001
2017-12-02,2487.86,0.23,-0.41,0.020453639520899517,0.04038077965475493,0.037509098168633216,0.08854359682428284,0.07750665832223948,0.04846176302059871,0.05213099288996039,0.07039312426760737,0.07868095439826092,,,,,,,SRB00001
2017-12-03,2465.04,2.06,-0.73,0.02234745344719933,0.04192827358361719,0.03863258150760399,0.0886225999245044,0.07804203861918792,0.04882769978497801,0.05353033910809933,0.07134681437695974,0.07951472258432447,,,,,,,SRB00001
2017-12-04,2425.61,0.67,-1.01,0.024241267373499145,0.04347576751247945,0.039756064846574776,0.08870160302472596,0.07857741891613636,0.04919363654935731,0.054929685326238264,0.0723005044863121,0.08034849077038804,,,,,,,SRB00001
2017-12-05,2348.63,1.18,1.16,0.026135081299798957,0.045023261441341715,0.04087954818554556,0.08878060612494752,0.07911279921308478,0.0495595733137366,0.056329031544377205,0.07325419459566447,0.08118225895645159,,,,,,,SRB00001
2017-12-06,2242.88,0.0,2.28,0.028028895226098773,0.04657075537020398,0.04200303152451634,0.08885960922516908,0.07964817951003322,0.0499255100781159,0.057728377762516145,0.07420788470501684,0.08201602714251516,,,,,,,SRB00001
2017-12-07,2141.89,0.02,1.21,0.029922709152398586,0.04811824929906624,0.04312651486348712,0.08893861232539065,0.08018355980698166,0.0502914468424952,0.059127723980655085,0.0751615748143692,0.08284979532857872,,,,,,,SRB00001
2017-12-08,2059.63,5.9,6.13,0.0318165230786984,0.0496657432279285,0.0442499982024579,0.0890176154256122,0.0807189401039301,0.0506573836068745,0.06052707019879402,0.07611526492372157,0.08368356351464228,,,,,,,SRB00001
2017-12-09,2022.02,9.21,1.87,0.03403217257645692,0.05154150365597682,0.046229978785013004,0.0902958655921745,0.08101229080464933,0.05104759944467832,0.06192641641693296,0.07706895503307394,0.08451733170070584,,,,,,,SRB00001
2017-12-10,2040.74,0.13,-1.11,0.036247822074215445,0.05341726408402513,0.048209959367568105,0.09157411575873681,0.08130564150536856,0.05143781528248214,0.0633257626350719,0.07802264514242631,0.0853510998867694,,,,,,,SRB00001
2017-12-11,2083.49,0.02,5.91,0.03846347157197397,0.055293024512073456,0.0501899399501232,0.09285236592529911,0.0815989922060878,0.05182803112028595,0.06472510885321084,0.07897633525177866,0.08618486807283296,,,,,,,SRB00001
2017-12-12,2088.3,2.61,9.83,0.04067912106973249,0.05716878494012177,0.0521699205326783,0.09413061609186141,0.08189234290680703,0.05221824695808977,0.06612445507134977,0.07993002536113103,0.08701863625889653,,,,,,,SRB00001
2017-12-13,2040.74,5.18,2.21,0.04289477056749101,0.05904454536817009,0.0541499011152334,0.09540886625842371,0.08218569360752626,0.05260846279589359,0.06752380128948872,0.0808837154704834,0.08785240444496008,12.1,0.089,2.0993262,471.0,1.0,0.0012,SRB00001
2017-12-14,2017.37,3.3,3.54,0.04511042006524953,0.060920305796218405,0.0561298816977885,0.09668711642498601,0.0824790443082455,0.05299867863369741,0.06892314750762765,0.08183740557983576,0.08868617263102364,,,,,,,SRB00001
2017-12-15,2097.94,21.55,7.31,0.047326069563008055,0.06279606622426673,0.0581098622803436,0.09796536659154831,0.08277239500896473,0.053388894471501226,0.07032249372576659,0.08279109568918813,0.08951994081708721,,,,,,,SRB00001
2017-12-16,2305.75,6.94,1.89,0.049541719060766584,0.06467182665231504,0.0600898428628987,0.09924361675811061,0.08306574570968396,0.053779110309305045,0.07172183994390553,0.0837447857985405,0.09035370900315076,,,,,,,SRB00001
2017-12-17,2581.26,0.02,0.27,0.051757368558525106,0.06654758708036336,0.062069823445453795,0.10052186692467291,0.08335909641040319,0.05416932614710886,0.07312118616204447,0.08469847590789287,0.09118747718921433,,,,,,,SRB00001
2017-12-18,2721.7,0.03,-1.09,0.05397301805628363,0.06842334750841167,0.0640498040280089,0.10180011709123521,0.08365244711112242,0.054559541984912675,0.07452053238018341,0.08565216601724523,0.09202124537527788,,,,,,,SRB00001
2017-12-19,2678.17,0.0,-2.23,0.05618866755404215,0.07029910793645999,0.066029784610564,0.10307836725779751,0.08394579781184165,0.054949757822716494,0.07591987859832235,0.0866058561265976,0.09285501356134145,,,,,,,SRB00001
2017-12-20,2551.7,0.0,-2.63,0.04968955082746708,0.06518475616918089,0.06054766521082025,0.09863673356647701,0.08415112712844017,0.05532680396381554,0.07079756464073421,0.08241845029256734,0.08881108917146828,,,,,,,SRB00001
2017-12-21,2420.03,0.33,-0.73,0.04319043410089201,0.060070404401901784,0.055065545811076505,0.09419509987515651,0.08435645644503868,0.05570385010491459,0.06567525068314607,0.07823104445853707,0.08476716478159511,,,,,,,SRB00001
2017-12-22,2295.15,0.35,0.46,0.03669131737431694,0.05495605263462267,0.04958342641133276,0.089753466183836,0.08456178576163721,0.05608089624601363,0.06055293672555793,0.07404363862450679,0.08072324039172193,,,,,,,SRB00001
2017-12-23,2166.7,0.07,1.49,0.03019220064774187,0.04984170086734357,0.044101307011589014,0.0853118324925155,0.08476711507823573,0.05645794238711268,0.055430622767969784,0.06985623279047652,0.07667931600184877,,,,,,,SRB00001
2017-12-24,2054.89,0.06,3.74,0.0236930839211668,0.04472734910006446,0.03861918761184527,0.080870198801195,0.08497244439483424,0.05683498852821173,0.05030830881038165,0.06566882695644626,0.0726353916119756,,,,,,,SRB00001
2017-12-25,1975.97,0.03,1.99,0.023516275139909778,0.04396406332216404,0.038168322792158614,0.08038008197974443,0.08363024648034748,0.05571528887496346,0.04991846581336932,0.06496064660633334,0.07194533542344574,,,,,,,SRB00001
2017-12-26,2003.47,0.02,4.76,0.02333946635865276,0.04320077754426363,0.03771745797247197,0.07988996515829386,0.08228804856586071,0.054595589221715195,0.04952862281635699,0.06425246625622043,0.07125527923491587,,,,,,,SRB00001
2017-12-27,2181.73,0.0,6.44,0.02316265757739574,0.04243749176636322,0.03726659315278531,0.0793998483368433,0.08094585065137394,0.053475889568466925,0.049138779819344655,0.06354428590610753,0.07056522304638599,,,,,,,SRB00001
2017-12-28,2386.81,1.84,7.09,0.02298584879613872,0.0416742059884628,0.036815728333098666,0.07890973151539273,0.07960365273688717,0.052356189915218655,0.04874893682233233,0.06283610555599461,0.06987516685785612,,,,,,,SRB00001
2017-12-29,2453.71,0.19,0.66,0.0228090400148817,0.040910920210562376,0.03636486351341201,0.07841961469394215,0.0782614548224004,0.05123649026197039,0.04835909382532,0.0621279252058817,0.06918511066932626,,,,,,,SRB00001
2017-12-30,2431.2,0.0,-0.44,0.022632231233624678,0.04014763443266196,0.03591399869372536,0.07792949787249158,0.07691925690791362,0.05011679060872212,0.04796925082830767,0.06141974485576879,0.06849505448079639,,,,,,,SRB00001
2017-12-31,2414.46,0.48,3.02,0.02245542245236766,0.03938434865476155,0.03546313387403871,0.077439381051041,0.07557705899342686,0.04899709095547385,0.04757940783129534,0.06071156450565588,0.06780499829226652,,,,,,,SRB00001
2018-01-01,2414.46,0.66,4.73,0.02227861367111064,0.03862106287686113,0.035012269054352056,0.07694926422959045,0.07423486107894009,0.04787739130222558,0.04718956483428301,0.06000338415554297,0.06711494210373664,,,,,,,SRB00001
2018-01-02,2403.36,6.24,3.93,0.02210180488985362,0.03785777709896071,0.03456140423466541,0.07645914740813987,0.07289266316445332,0.04675769164897732,0.04679972183727068,0.05929520380543006,0.06642488591520677,,,,,,,SRB00001
2018-01-03,2403.36,1.32,2.69,0.0219249961085966,0.0370944913210603,0.034110539414978755,0.0759690305866893,0.07155046524996655,0.04563799199572905,0.04640987884025835,0.05858702345531715,0.06573482972667691,,,,,,,SRB00001
2018-01-04,2482.13,0.32,3.35,0.022915482597654333,0.03865494016705115,0.03603719334366474,0.07662008143904653,0.07202187972120266,0.046144038063191145,0.048212359026861246,0.05956362131112822,0.06665895237513822,,,,,,,SRB00001
2018-01-05,2659.72,1.05,7.39,0.023905969086712067,0.040215389013042,0.03796384727235073,0.07727113229140375,0.07249329419243876,0.04665008413065325,0.05001483921346415,0.060540219166939295,0.06758307502359953,,,,,,,SRB00001
2018-01-06,2817.38,0.0,8.68,0.024896455575769798,0.04177583785903285,0.03989050120103671,0.077922183143761,0.07296470866367487,0.04715613019811534,0.05181731940006704,0.061516817022750366,0.06850719767206084,,,,,,,SRB00001
2018-01-07,3005.08,0.0,9.26,0.025886942064827532,0.0433362867050237,0.04181715512972269,0.07857323399611822,0.07343612313491098,0.047662176265577436,0.05361979958666994,0.06249341487856144,0.06943132032052214,,,,,,,SRB00001
2018-01-08,3450.44,0.0,8.29,0.026877428553885266,0.044896735551014554,0.04374380905840868,0.07922428484847545,0.07390753760614709,0.04816822233303954,0.05542227977327283,0.06347001273437251,0.07035544296898345,,,,,,,SRB00001
2018-01-09,3925.45,0.02,6.05,0.027867915042943,0.046457184397005406,0.045670462987094665,0.07987533570083268,0.07437895207738318,0.04867426840050163,0.057224759959875734,0.06444661059018358,0.07127956561744477,,,,,,,SRB00001
2018-01-10,4044.76,2.33,5.04,0.028858401532000734,0.04801763324299626,0.04759711691578065,0.0805263865531899,0.07485036654861929,0.049180314467963726,0.05902724014647863,0.06542320844599465,0.07220368826590608,12.2,0.152,2.47855932,438.0,1.0,0.0043,SRB00001
2018-01-11,4026.17,1.32,4.97,0.029848888021058465,0.049578082088987105,0.04952377084446664,0.08117743740554714,0.0753217810198554,0.04968636053542583,0.060829720333081524,0.06639980630180574,0.07312781091436739,,,,,,,SRB00001
2018-01-12,4044.76,0.47,3.74,0.0308393745101162,0.05113853093497796,0.05145042477315262,0.08182848825790437,0.07579319549109151,0.05019240660288792,0.06263220051968442,0.06737640415761681,0.0740519335628287,,,,,,,SRB00001
2018-01-13,4054.09,0.6,2.2,0.03182986099917393,0.05269897978096881,0.0533770787018386,0.0824795391102616,0.0762646099623276,0.05069845267035002,0.06443468070628731,0.06835300201342788,0.07497605621129001,,,,,,,SRB00001
2018-01-14,3970.92,0.07,-1.59,0.03282034748823166,0.05425942862695966,0.05530373263052459,0.08313058996261882,0.07673602443356371,0.05120449873781212,0.06623716089289022,0.06932959986923895,0.07590017885975132,,,,,,,SRB00001
2018-01-15,3783.43,1.03,-2.89,0.0338108339772894,0.055819877472950516,0.057230386559210575,0.08378164081497605,0.07720743890479982,0.05171054480527421,0.06803964107949312,0.07030619772505002,0.07682430150821262,,,,,,,SRB00001
2018-01-16,3530.83,1.21,0.47,0.03480132046634713,0.05738032631894137,0.05915704048789656,0.08443269166733329,0.07767885337603593,0.05221659087273631,0.06984212126609601,0.0712827955808611,0.07774842415667393,,,,,,,SRB00001
2018-01-17,3264.88,19.88,1.19,0.03579180695540487,0.058940775164932215,0.06108369441658255,0.08508374251969052,0.07815026784727203,0.05272263694019841,0.07164460145269891,0.07225939343667218,0.07867254680513525,,,,,,,SRB00001
2018-01-18,3018.95,0.0,0.92,0.0367822934444626,0.06050122401092307,0.06301034834526853,0.08573479337204774,0.07862168231850813,0.0532286830076605,0.0734470816393018,0.07323599129248325,0.07959666945359656,,,,,,,SRB00001
2018-01-19,2804.43,6.07,3.16,0.034301686393515746,0.05542323962338441,0.06016091915162719,0.08809951606480425,0.08258452223015966,0.055318663522038555,0.0714929641426524,0.07380875755780028,0.08060511599927721,,,,,,,SRB00001
2018-01-20,2665.86,0.1,0.77,0.0318210793425689,0.05034525523584575,0.05731148995798585,0.09046423875756075,0.08654736214181119,0.0574086440364166,0.06953884664600299,0.0743815238231173,0.08161356254495786,,,,,,,SRB00001
2018-01-21,2653.61,4.6,-0.04,0.07615333660390661,0.0875498037647281,0.09263734370508628,0.12650341960897918,0.1290503904796199,0.10360918458363277,0.10458690568131823,0.10956613573601767,0.1151861400756802,,,,,,,SRB00001
2018-01-22,2778.71,0.01,-1.1,0.12048559386524432,0.12475435229361043,0.1279631974521867,0.1625426004603976,0.17155341881742858,0.14980972513084895,0.1396349647166335,0.14475074764891804,0.14875871760640255,,,,,,,SRB00001
2018-01-23,2970.67,0.04,-0.36,0.164817851126582,0.16195890082249276,0.1632890511992871,0.198581781311816,0.21405644715523725,0.1960102656780651,0.17468302375194875,0.1799353595618184,0.1823312951371249,,,,,,,SRB00001
2018-01-24,3089.3,0.02,0.51,0.09649163642026144,0.11103405039940471,0.1169117408997205,0.17381614717520885,0.18060742246570416,0.1476893378059883,0.13764887542007637,0.15556754710539714,0.16397466723079762,,,,,,,SRB00001
2018-01-25,3082.19,0.0,-0.25,0.028165421713940864,0.06010919997631667,0.0705344306001539,0.1490505130386017,0.14715839777617107,0.0993684099339115,0.100614727088204,0.13119973464897589,0.14561803932447032,,,,,,,SRB00001
2018-01-26,3053.92,0.01,1.95,0.04054442791001373,0.07083431869939924,0.0802788787979582,0.15078739184136566,0.1364586228055036,0.09230959647178637,0.10873090799475946,0.13523301999023526,0.14841144834309655,,,,,,,SRB00001
2018-01-27,3125.08,0.03,1.6,0.0529234341060866,0.08155943742248183,0.09002332699576249,0.15252427064412966,0.12575884783483615,0.08525078300966124,0.11684708890131491,0.13926630533149464,0.1512048573617228,,,,,,,SRB00001
2018-01-28,3183.2,0.03,1.69,0.06530244030215947,0.0922845561455644,0.09976777519356678,0.15426114944689362,0.1150590728641687,0.0781919695475361,0.12496326980787037,0.143299590672754,0.15399826638034902,,,,,,,SRB00001
2018-01-29,3139.51,0.02,4.12,0.07768144649823233,0.10300967486864698,0.10951222339137108,0.1559980282496576,0.10435929789350123,0.07113315608541097,0.1330794507144258,0.14733287601401338,0.15679167539897526,,,,,,,SRB00001
2018-01-30,3068.02,0.02,5.09,0.09006045269430521,0.11373479359172955,0.11925667158917538,0.15773490705242157,0.09365952292283379,0.06407434262328585,0.14119563162098128,0.15136616135527275,0.1595850844176015,,,,,,,SRB00001
2018-01-31,3039.89,0.0,4.53,0.10243945889037807,0.12445991231481213,0.12900111978697967,0.15947178585518554,0.08295974795216633,0.05701552916116072,0.14931181252753672,0.15539944669653213,0.16237849343622776,,,,,,,SRB00001
2018-02-01,3053.92,0.25,6.85,0.11481846508645094,0.1351850310378947,0.13874556798478396,0.16120866465794953,0.07225997298149887,0.049956715699035585,0.1574279934340922,0.1594327320377915,0.165171902454854,,,,,,,SRB00001
2018-02-02,3075.1,4.44,7.58,0.12719747128252382,0.14591014976097727,0.14849001618258828,0.1629455434607135,0.061560198010831416,0.04289790223691046,0.16554417434064764,0.16346601737905087,0.16796531147348023,,,,,,,SRB00001
2018-02-03,3089.3,18.57,0.78,0.13957647747859667,0.15663526848405987,0.15823446438039257,0.16468242226347748,0.05086042304016396,0.03583908877478533,0.17366035524720308,0.16749930272031024,0.17075872049210647,,,,,,,SRB00001
2018-02-04,3082.19,0.01,-0.05,0.15195548367466954,0.16736038720714244,0.16797891257819686,0.16641930106624145,0.0401606480694965,0.028780275312660197,0.18177653615375855,0.17153258806156962,0.1735521295107327,,,,,,,SRB00001
2018-02-05,3053.92,0.0,-0.93,0.18143688189062385,0.19294635309312622,0.1923648075489277,0.1951709544290208,0.09767154166622813,0.09023251006529326,0.20945183944902765,0.2012265237501769,0.20269990430090143,,,,,,,SRB00001
2018-02-06,2998.16,0.27,-0.9,0.21091828010657815,0.21853231897910996,0.21675070251965856,0.22392260779180012,0.15518243526295977,0.15168474481792632,0.23712714274429672,0.2309204594387842,0.23184767909107018,,,,,,,SRB00001
2018-02-07,2876.4,4.73,3.43,0.24039967832253245,0.24411828486509374,0.2411365974903894,0.25267426115457947,0.2126933288596914,0.21313697957055938,0.2648024460395658,0.2606143951273915,0.2609954538812389,12.0,0.072,2.51919144,450.0,2.3,0.0059,SRB00001
2018-02-08,2721.7,3.93,1.83,0.1478883096264696,0.1572001154073292,0.15554060175464898,0.18247182641966886,0.1553969327145176,0.13840612418020928,0.17470126537951888,0.17778737562177005,0.18154477904564953,,,,,,,SRB00001
2018-02-09,2593.18,0.05,-0.02,0.05537694093040675,0.07028194594956466,0.06994460601890855,0.11226939168475825,0.0981005365693438,0.0636752687898592,0.08460008471947195,0.0949603561161486,0.10209410421006015,,,,,,,SRB00001
2018-02-10,2487.86,0.04,0.02,0.1004659932281839,0.10888276624493654,0.1063396612445785,0.15059915009626393,0.13995310576364553,0.1017532913555208,0.1213152499960215,0.13209837285686293,0.13896022414782452,,,,,,,SRB00001
2018-02-11,2370.37,0.0,0.43,0.14555504552596105,0.1474835865403084,0.14273471647024844,0.1889289085077696,0.18180567495794725,0.13983131392118242,0.15803041527257106,0.16923638959757725,0.1758263440855889,,,,,,,SRB00001
2018-02-12,2237.72,0.55,0.63,0.1906440978237382,0.1860844068356803,0.1791297716959184,0.2272586669192753,0.223658244152249,0.177909336486844,0.1947455805491206,0.2063744063382916,0.2126924640233533,,,,,,,SRB00001
2018-02-13,2102.78,5.52,0.1,0.17006747025869118,0.16773852649693383,0.16095778944095948,0.207044815246632,0.20182059211907868,0.15780611898523522,0.17653881111564118,0.1875680290094634,0.19387694768620342,,,,,,,SRB00001
2018-02-14,1985.1,1.62,-0.17,0.14949084269364418,0.14939264615818737,0.14278580718600056,0.18683096357398873,0.17998294008590837,0.1377029014836264,0.15833204168216172,0.16876165168063523,0.17506143134905355,,,,,,,SRB00001
2018-02-15,1895.71,0.06,-0.06,0.1289142151285972,0.13104676581944089,0.12461382493104164,0.16661711190134545,0.15814528805273803,0.1175996839820176,0.1401252722486823,0.14995527435180703,0.15624591501190369,,,,,,,SRB00001
2018-02-16,1839.77,0.8,0.76,0.10833758756355016,0.11270088548069442,0.10644184267608273,0.14640326022870218,0.13630763601956772,0.0974964664804088,0.12191850281520285,0.13114889702297883,0.13743039867475382,,,,,,,SRB00001
2018-02-17,1797.87,1.88,1.52,0.08776095999850315,0.09435500514194795,0.08826986042112381,0.1261894085560589,0.1144699839863974,0.0773932489788,0.1037117333817234,0.11234251969415066,0.11861488233760395,,,,,,,SRB00001
2018-02-18,1760.98,2.15,1.03,0.061462062393789645,0.07476661332550019,0.06901024576437892,0.11007727873128345,0.1051716373987382,0.07091911995791551,0.08612978954691165,0.09823484492603082,0.10543650114652157,,,,,,,SRB00001
2018-02-19,1720.87,3.02,0.21,0.035163164789076135,0.05517822150905243,0.04975063110763403,0.09396514890650799,0.09587329081107897,0.06444499093703103,0.0685478457120999,0.08412717015791099,0.0922581199554392,,,,,,,SRB00001
2018-02-20,1697.24,17.04,0.08,0.04756249251339715,0.06749668840653417,0.06216723458933817,0.10236575781882706,0.09291220161385376,0.06271054841725653,0.08110208414343877,0.09488414561500438,0.10200304518425865,,,,,,,SRB00001
2018-02-21,1720.87,9.97,0.27,0.059961820237718164,0.0798151553040159,0.07458383807104231,0.11076636673114615,0.08995111241662856,0.060976105897482015,0.09365632257477761,0.10564112107209776,0.11174797041307809,,,,,,,SRB00001
2018-02-22,1797.87,6.3,-0.52,0.07236114796203919,0.09213362220149764,0.08700044155274644,0.11916697564346522,0.08699002321940336,0.059241663377707504,0.10621056100611648,0.11639809652919116,0.12149289564189754,,,,,,,SRB00001
2018-02-23,1869.68,0.66,-0.1,0.08476047568636019,0.10445208909897936,0.09941704503445059,0.1275675845557843,0.08402893402217815,0.05750722085793299,0.11876479943745533,0.12715507198628453,0.13123782087071698,,,,,,,SRB00001
2018-02-24,1869.68,0.24,-3.2,0.0971598034106812,0.11677055599646109,0.11183364851615472,0.13596819346810338,0.08106784482495294,0.05577277833815849,0.1313190378687942,0.13791204744337793,0.14098274609953643,,,,,,,SRB00001
2018-02-25,1814.52,0.01,-6.43,0.10955913113500222,0.12908902289394283,0.12425025199785886,0.14436880238042243,0.07810675562772774,0.05403833581838398,0.14387327630013305,0.14866902290047132,0.15072767132835588,,,,,,,SRB00001
2018-02-26,1736.8,2.95,-6.34,0.12195845885932324,0.14140748979142456,0.136666855479563,0.15276941129274152,0.07514566643050254,0.05230389329860947,0.1564275147314719,0.1594259983575647,0.16047259655717533,,,,,,,SRB00001
2018-02-27,1662.41,4.08,-6.19,0.13435778658364425,0.1537259566889063,0.14908345896126712,0.1611700202050606,0.07218457723327733,0.050569450778834964,0.16898175316281078,0.17018297381465808,0.17021752178599475,,,,,,,SRB00001
2018-02-28,1598.56,0.89,-8.28,0.14675711430796526,0.16604442358638802,0.16150006244297127,0.16957062911737966,0.06922348803605213,0.04883500825906045,0.18153599159414963,0.18093994927175147,0.1799624470148142,,,,,,,SRB00001
2018-03-01,1547.82,2.93,-8.9,0.1591564420322863,0.17836289048386977,0.17391666592467542,0.17797123802969875,0.06626239883882692,0.04710056573928594,0.19409023002548847,0.19169692472884486,0.18970737224363365,,,,,,,SRB00001
2018-03-02,1505.61,8.77,-4.35,0.1715557697566073,0.1906813573813515,0.18633326940637956,0.1863718469420178,0.06330130964160172,0.04536612321951144,0.20664446845682732,0.20245390018593826,0.1994522974724531,,,,,,,SRB00001
2018-03-03,1474.71,1.27,-3.42,0.1839550974809283,0.20299982427883323,0.19874987288808368,0.1947724558543369,0.060340220444376515,0.04363168069973693,0.2191987068881662,0.21321087564303165,0.20919722270127256,,,,,,,SRB00001
2018-03-04,1447.77,0.95,-4.84,0.19635442520524932,0.21531829117631496,0.21116647636978783,0.20317306476665598,0.057379131247151306,0.041897238179962416,0.23175294531950505,0.22396785110012504,0.218942147930092,,,,,,,SRB00001
2018-03-05,1424.61,0.56,-3.07,0.20875375292957032,0.22763675807379669,0.22358307985149198,0.21157367367897503,0.054418042049926105,0.04016279566018791,0.2443071837508439,0.2347248265572184,0.22868707315891143,,,,,,,SRB00001
2018-03-06,1408.29,8.41,0.95,0.22115308065389136,0.23995522497127844,0.2359996833331961,0.2199742825912941,0.051456952852700896,0.0384283531404134,0.2568614221821828,0.2454818020143118,0.23843199838773088,,,,,,,SRB00001
2018-03-07,1408.29,3.51,2.91,0.18353744133925926,0.20289091505318746,0.19905627254693348,0.19430402338244662,0.06457062322157121,0.04724915347333395,0.2199422164399572,0.21328347373176842,0.2092311362438896,13.0,0.088,2.53725016,600.0,1.4,0.001,SRB00001
2018-03-08,1437.8,8.76,1.22,0.14592180202462718,0.1658266051350965,0.16211286176067088,0.16863376417359918,0.07768429359044154,0.0560699538062545,0.18302301069773164,0.18108514544922505,0.18003027410004827,,,,,,,SRB00001
2018-03-09,1530.09,0.0,4.53,0.10830616270999507,0.12876229521700552,0.1251694509744083,0.14296350496475171,0.09079796395931186,0.06489075413917504,0.1461038049555061,0.14888681716668165,0.15082941195620697,,,,,,,SRB00001
2018-03-10,1732.8,0.02,8.22,0.07069052339536297,0.09169798529891454,0.08822604018814567,0.11729324575590426,0.10391163432818218,0.0737115544720956,0.10918459921328053,0.11668848888413827,0.12162854981236566,,,,,,,SRB00001
2018-03-11,2078.7,0.01,11.65,0.03307488408073085,0.054633675380823546,0.05128262940188305,0.0916229865470568,0.1170253046970525,0.08253235480501614,0.07226539347105496,0.0844901606015949,0.09242768766852436,,,,,,,SRB00001
2018-03-12,2465.04,1.86,12.26,0.03327079710704282,0.05474387250426365,0.05132336179679972,0.09265233570681923,0.11616956070835885,0.0815912105948338,0.07347576360787794,0.08646938117809452,0.09471197203056193,,,,,,,SRB00001
2018-03-13,2709.19,0.61,8.78,0.03346671013335478,0.05485406962770375,0.05136409419171639,0.09368168486658167,0.11531381671966519,0.08065006638465147,0.07468613374470093,0.08844860175459415,0.09699625639259953,,,,,,,SRB00001
2018-03-14,2817.38,2.23,7.72,0.03366262315966675,0.05496426675114385,0.05140482658663306,0.0947110340263441,0.11445807273097154,0.07970892217446914,0.07589650388152391,0.09042782233109378,0.0992805407546371,,,,,,,SRB00001
2018-03-15,2916.43,0.75,8.05,0.03385853618597871,0.05507446387458396,0.05144555898154973,0.09574038318610653,0.11360232874227788,0.0787677779642868,0.0771068740183469,0.09240704290759343,0.10156482511667468,,,,,,,SRB00001
2018-03-16,3117.89,8.06,8.55,0.03405444921229068,0.05518466099802406,0.0514862913764664,0.09676973234586896,0.11274658475358423,0.07782663375410447,0.07831724415516989,0.09438626348409306,0.10384910947871226,,,,,,,SRB00001
2018-03-17,3379.65,22.09,5.45,0.034250362238602644,0.05529485812146416,0.051527023771383074,0.0977990815056314,0.11189084076489057,0.07688548954392213,0.07952761429199287,0.09636548406059268,0.10613339384074985,,,,,,,SRB00001
2018-03-18,3571.73,0.95,-0.48,0.03444627526491461,0.055405055244904265,0.051567756166299744,0.09882843066539382,0.11103509677619693,0.0759443453337398,0.08073798442881586,0.09834470463709231,0.10841767820278743,,,,,,,SRB00001
2018-03-19,3731.5,5.27,-1.78,0.034642188291226575,0.05551525236834437,0.051608488561216415,0.09985777982515626,0.11017935278750328,0.07500320112355746,0.08194835456563884,0.10032392521359194,0.11070196256482501,,,,,,,SRB00001
2018-03-20,3809.66,0.2,-2.21,0.03483810131753854,0.055625449491784475,0.051649220956133085,0.10088712898491868,0.10932360879880962,0.07406205691337513,0.08315872470246183,0.10230314579009157,0.1129862469268626,,,,,,,SRB00001
2018-03-21,3714.35,1.06,-1.32,0.03503401434385051,0.05573564661522457,0.05168995335104976,0.10191647814468112,0.10846786481011597,0.0731209127031928,0.08436909483928481,0.10428236636659122,0.11527053128890018,,,,,,,SRB00001
2018-03-22,3506.52,0.91,-1.3,0.03522992737016248,0.05584584373866468,0.05173068574596643,0.10294582730444354,0.10761212082142231,0.07217976849301047,0.0855794649761078,0.10626158694309085,0.11755481565093776,,,,,,,SRB00001
2018-03-23,3257.37,1.17,0.12,0.035425840396474444,0.05595604086210478,0.0517714181408831,0.10397517646420598,0.10675637683272866,0.07123862428282814,0.08678983511293079,0.10824080751959048,0.11983910001297533,,,,,,,SRB00001
2018-03-24,3005.08,0.02,0.76,0.03562175342278641,0.05606623798554489,0.051812150535799774,0.1050045256239684,0.10590063284403502,0.0702974800726458,0.08800020524975377,0.1102200280960901,0.12212338437501292,,,,,,,SRB00001
2018-03-25,2778.71,0.01,2.08,0.035817666449098375,0.056176435108984984,0.051852882930716444,0.10603387478373084,0.10504488885534136,0.06935633586246347,0.08921057538657676,0.11219924867258974,0.1244076687370505,,,,,,,SRB00001
2018-03-26,2587.21,0.48,3.14,0.03601357947541034,0.05628663223242509,0.051893615325633115,0.10706322394349327,0.10418914486664771,0.06841519165228113,0.09042094552339974,0.11417846924908936,0.1266919530990881,,,,,,,SRB00001
2018-03-27,2420.03,0.19,4.43,0.036209492501722305,0.056396829355865194,0.051934347720549785,0.1080925731032557,0.10333340087795405,0.0674740474420988,0.09163131566022273,0.116157689825589,0.12897623746112566,,,,,,,SRB00001
2018-03-28,2284.6,0.02,6.33,0.03640540552803427,0.0565070264793053,0.051975080115466456,0.10912192226301813,0.1024776568892604,0.06653290323191646,0.09284168579704571,0.11813691040208864,0.13126052182316325,,,,,,,SRB00001
2018-03-29,2181.73,2.94,8.54,0.036601318554346236,0.056617223602745397,0.052015812510383126,0.11015127142278056,0.10162191290056674,0.06559175902173413,0.0940520559338687,0.12011613097858827,0.13354480618520084,,,,,,,SRB00001
2018-03-30,2107.63,0.63,12.72,0.0367972315806582,0.0567274207261855,0.0520565449052998,0.111180620582543,0.1007661689118731,0.0646506148115518,0.09526242607069169,0.1220953515550879,0.1358290905472384,,,,,,,SRB00001
2018-03-31,2083.49,11.43,13.26,0.03957726888488143,0.05999291274506873,0.05501441395370983,0.11820784004413903,0.10629926663063442,0.06909054135441675,0.09647279620751467,0.12407457213158753,0.138113374909276,,,,,,,SRB00001
2018-04-01,2156.74,8.24,9.27,0.04235730618910467,0.06325840476395196,0.057972283002119866,0.12523505950573507,0.11183236434939577,0.0735304678972817,0.09768316634433766,0.12605379270808717,0.14039765927131356,,,,,,,SRB00001
2018-04-02,2354.05,0.01,9.0,0.0451373434933279,0.0665238967828352,0.060930152050529894,0.13226227896733111,0.1173654620681571,0.07797039444014664,0.09889353648116064,0.1280330132845868,0.14268194363335115,,,,,,,SRB00001
2018-04-03,2647.5,0.0,11.43,0.04791738079755113,0.06978938880171844,0.06388802109893993,0.13928949842892713,0.12289855978691842,0.0824103209830116,0.10010390661798363,0.13001223386108643,0.14496622799538875,,,,,,,SRB00001
2018-04-04,2950.21,0.0,12.77,0.05069741810177436,0.07305488082060166,0.06684589014734997,0.14631671789052317,0.12843165750567975,0.08685024752587656,0.10131427675480661,0.13199145443758606,0.1472505123574263,12.6,0.111,2.20767852,509.0,3.7,0.042,SRB00001
2018-04-05,3190.54,2.73,12.47,0.0534774554059976,0.0763203728394849,0.06980375919576,0.1533439373521192,0.1339647552244411,0.0912901740687415,0.1025246468916296,0.1339706750140857,0.1495347967194639,,,,,,,SRB00001
2018-04-06,3257.37,0.27,11.23,0.04778265824590201,0.0707299632033104,0.06355706174685381,0.1447337112979536,0.12411084199183595,0.08361492288572925,0.09466001459164813,0.12560598605928902,0.13995054577898708,,,,,,,SRB00001
2018-04-07,3242.4,2.14,9.4,0.04208786108580642,0.06513955356713591,0.05731036429794762,0.136123485243788,0.11425692875923078,0.07593967170271698,0.08679538229166667,0.11724129710449234,0.13036629483851028,,,,,,,SRB00001
2018-04-08,3310.31,0.02,13.65,0.03639306392571084,0.059549143930961425,0.051063666849041435,0.1275132591896224,0.10440301552662563,0.06826442051970473,0.0789307499916852,0.10887660814969566,0.12078204389803346,,,,,,,SRB00001
2018-04-09,3418.79,1.91,15.61,0.0362031084556934,0.06015771320787028,0.051208955771115214,0.13327785560061842,0.1052408025511498,0.06832682710230921,0.08003092221569692,0.11395666879943543,0.12690072701065125,,,,,,,SRB00001
2018-04-10,3442.5,0.21,14.38,0.03601315298567596,0.06076628248477914,0.051354244693188986,0.13904245201161447,0.10607858957567397,0.06838923368491369,0.08113109443970865,0.1190367294491752,0.13301941012326904,,,,,,,SRB00001
2018-04-11,3418.79,0.0,15.48,0.035823197515658524,0.061374851761688,0.051499533615262764,0.1448070484226105,0.10691637660019813,0.06845164026751818,0.08223126666372038,0.12411679009891498,0.13913809323588683,,,,,,,SRB00001
2018-04-12,3482.37,0.04,16.93,0.035633242045641084,0.06198342103859685,0.05164482253733654,0.15057164483360652,0.1077541636247223,0.06851404685012266,0.0833314388877321,0.12919685074865475,0.14525677634850462,,,,,,,SRB00001
2018-04-13,3613.1,1.4,16.11,0.03544328657562364,0.0625919903155057,0.051790111459410315,0.15633624124460258,0.10859195064924647,0.06857645343272714,0.08443161111174383,0.13427691139839454,0.1513754594611224,,,,,,,SRB00001
2018-04-14,3714.35,0.0,15.83,0.0352533311056062,0.06320055959241457,0.051935400381484094,0.1621008376555986,0.10942973767377064,0.06863886001533162,0.08553178333575555,0.1393569720481343,0.1574941425737402,,,,,,,SRB00001
2018-04-15,3809.66,0.02,17.01,0.03506337563558876,0.06380912886932343,0.05208068930355787,0.16786543406659463,0.1102675246982948,0.0687012665979361,0.08663195555976727,0.14443703269787406,0.163612825686358,,,,,,,SRB00001
2018-04-16,3907.41,0.11,15.54,0.03487342016557133,0.06441769814623227,0.05222597822563165,0.17363003047759068,0.11110531172281897,0.0687636731805406,0.08773212778377901,0.14951709334761384,0.16973150879897578,,,,,,,SRB00001
2018-04-17,3952.67,1.32,14.6,0.03468346469555389,0.06502626742314113,0.05237126714770542,0.1793946268885867,0.11194309874734314,0.06882607976314507,0.08883230000779073,0.15459715399735363,0.17585019191159357,,,,,,,SRB00001
2018-04-18,4007.67,0.27,15.87,0.03449350922553645,0.06563483670004999,0.0525165560697792,0.18515922329958273,0.1127808857718673,0.06888848634574955,0.08993247223180245,0.1596772146470934,0.18196887502421136,,,,,,,SRB00001
2018-04-19,4129.47,0.0,16.23,0.03422259607034192,0.0633797731117701,0.04826715236800215,0.18566394967975217,0.11028376931205403,0.06671043241485647,0.08585200555724046,0.1583367980878394,0.18021435363757518,,,,,,,SRB00001
2018-04-20,4274.63,0.0,15.71,0.0339516829151474,0.0611247095234902,0.0440177486662251,0.1861686760599216,0.10778665285224076,0.0645323784839634,0.08177153888267845,0.15699638152858544,0.178459832250939,,,,,,,SRB00001
2018-04-21,4334.11,0.0,16.2,0.0842339863830715,0.10414098228259648,0.0869937063889768,0.2349020121262376,0.15137439657679702,0.10716161505858446,0.12503134000917118,0.20080425555897083,0.22201028476460058,,,,,,,SRB00001
2018-04-22,4334.11,0.0,17.45,0.1345162898509956,0.14715725504170277,0.1299696641117285,0.2836353481925536,0.19496214030135328,0.1497908516332055,0.1682911411356639,0.24461212958935624,0.2655607372782621,,,,,,,SRB00001
2018-04-23,4384.31,0.02,18.95,0.1847985933189197,0.19017352780080904,0.1729456218344802,0.33236868425886956,0.23854988402590954,0.19242008820782655,0.21155094226215665,0.2884200036197416,0.3091111897919237,,,,,,,SRB00001
2018-04-24,4455.56,0.31,17.82,0.11177503229508658,0.12618755231271356,0.10977145236902916,0.2615001778229184,0.17255817216247582,0.12809400294541293,0.14671391411196108,0.22338154836740812,0.2486975636250612,,,,,,,SRB00001
2018-04-25,4496.8,0.01,19.16,0.038751471271253446,0.06220157682461805,0.046597282903578105,0.19063167138696724,0.1065664602990421,0.0637679176829993,0.0818768859617655,0.1583430931150746,0.1882839374581987,,,,,,,SRB00001
2018-04-26,4507.17,0.4,16.67,0.03993362533345573,0.0626043608392295,0.04594569667519732,0.1895665160412718,0.10495396079637487,0.06234570138415788,0.08077894591443166,0.1563859959487946,0.1863929544989181,,,,,,,SRB00001
2018-04-27,4476.13,0.22,14.56,0.04111577939565802,0.06300714485384094,0.045294110446816534,0.18850136069557635,0.10334146129370764,0.06092348508531647,0.07968100586709784,0.1544288987825146,0.18450197153963746,,,,,,,SRB00001
2018-04-28,4404.55,0.12,18.56,0.0422979334578603,0.0634099288684524,0.04464252421843575,0.18743620534988092,0.1017289617910404,0.05950126878647505,0.078583065819764,0.15247180161623458,0.18261098858035685,,,,,,,SRB00001
2018-04-29,4314.19,0.58,21.06,0.037283070397269774,0.06373498151273797,0.04739936700757845,0.1937269002364054,0.1063132568280441,0.0611148792736795,0.081950989746207,0.15964751484314899,0.1900917726688638,,,,,,,SRB00001
2018-04-30,4215.96,1.0,20.51,0.03226820733667925,0.06406003415702355,0.05015620979672115,0.20001759512292988,0.1108975518650478,0.06272848976088395,0.08531891367265,0.1668232280700634,0.19757255675737073,,,,,,,SRB00001
2018-05-01,4072.8,0.03,19.15,0.0294400702749364,0.0602514590411093,0.0475848871226052,0.2077168428078995,0.1002361974274499,0.0542229680094136,0.0874388723875222,0.16828477093441116,0.19885696171764267,,,,,,,SRB00001
2018-05-02,3916.42,0.43,20.43,0.03552476683346567,0.06569487709567899,0.05288488596928713,0.2066229171945137,0.10717539295470392,0.06222816585564238,0.0895588311023944,0.16974631379875893,0.2001413666779146,,,,,,,SRB00001
2018-05-03,3792.15,1.07,19.8,0.04160946339199495,0.07113829515024869,0.05818488481596905,0.20552899158112792,0.11411458848195795,0.07023336370187115,0.0916787898172666,0.1712078566631067,0.20142577163818653,,,,,,,SRB00001
2018-05-04,3697.28,0.95,19.65,0.04847340213914707,0.07642961588314902,0.06319155761471822,0.21473497039841202,0.12265944481752197,0.07730242700575755,0.09775056354484146,0.17850318983460658,0.2101193354642827,,,,,,,SRB00001
2018-05-05,3604.79,2.14,19.86,0.05533734088629919,0.08172093661604934,0.06819823041346738,0.22394094921569613,0.131204301153086,0.08437149030964396,0.10382233727241634,0.18579852300610647,0.2188128992903789,,,,,,,SRB00001
2018-05-06,3547.13,0.79,18.59,0.06220127963345131,0.08701225734894966,0.07320490321221657,0.23314692803298026,0.13974915748865005,0.09144055361353035,0.1098941109999912,0.19309385617760638,0.22750646311647504,,,,,,,SRB00001
2018-05-07,3571.73,0.15,17.13,0.06906521838060344,0.09230357808184998,0.07821157601096573,0.24235290685026437,0.14829401382421406,0.09850961691741675,0.11596588472756608,0.20038918934910627,0.23620002694257122,,,,,,,SRB00001
2018-05-08,3680.29,0.19,16.33,0.07592915712775555,0.09759489881475031,0.0832182488097149,0.25155888566754847,0.1568388701597781,0.10557868022130315,0.12203765845514095,0.20768452252060615,0.2448935907686674,,,,,,,SRB00001
2018-05-09,3766.04,0.14,18.48,0.18133122314542974,0.18928226569161963,0.17756251225793257,0.3025630447148178,0.22639840861672786,0.189765049129398,0.21819701924267804,0.28002778643574655,0.30550863274569295,16.2,0.088,0.79909836,350.0,2.0,0.1005,SRB00001
2018-05-10,3740.11,6.34,19.04,0.2867332891631039,0.28096963256848895,0.27190677570615024,0.35356720376208717,0.2959579470736776,0.2739514180374929,0.31435638003021515,0.352371050350887,0.3661236747227185,,,,,,,SRB00001
2018-05-11,3621.43,0.18,19.57,0.22378607330123632,0.221703616581639,0.20889407863479847,0.30806702441746636,0.23455689846076402,0.20531137704954677,0.24646902844757418,0.2962657432603489,0.3146064015515384,,,,,,,SRB00001
2018-05-12,3474.36,0.2,20.7,0.1608388574393687,0.16243760059478907,0.14588138156344674,0.2625668450728455,0.17315584984785043,0.13667133606160062,0.17858167686493323,0.2401604361698108,0.26308912838035836,,,,,,,SRB00001
2018-05-13,3348.66,0.94,20.54,0.0978916415775011,0.10317158460793915,0.082868684492095,0.2170666657282247,0.11175480123493685,0.06803129507365449,0.11069432528229226,0.18405512907927268,0.21157185520917826,,,,,,,SRB00001
2018-05-14,3264.88,4.52,17.53,0.0813622929385074,0.09395954893439794,0.07516881373643625,0.25077618195839735,0.12238190679280656,0.07272268637859403,0.11566878013936167,0.19107145509249798,0.2203856767652437,,,,,,,SRB00001
2018-05-15,3257.37,6.6,17.27,0.0648329442995137,0.08474751326085672,0.0674689429807775,0.28448569818856995,0.13300901235067628,0.07741407768353355,0.12064323499643109,0.19808778110572328,0.22919949832130915,,,,,,,SRB00001
2018-05-16,3356.38,1.88,15.18,0.048303595660520005,0.07553547758731552,0.05976907222511875,0.31819521441874254,0.14363611790854597,0.08210546898847307,0.1256176898535005,0.2051041071189486,0.23801331987737462,,,,,,,SRB00001
2018-05-17,3506.52,0.29,15.95,0.0317742470215263,0.0663234419137743,0.05206920146946,0.3519047306489152,0.1542632234664157,0.0867968602934126,0.13059214471056993,0.2121204331321739,0.24682714143344006,,,,,,,SRB00001
2018-05-18,3697.28,0.63,16.73,0.10160045704622955,0.11453841663764736,0.09806690312487465,0.2554480407677285,0.15266620100079265,0.1151048806794743,0.13556659956763933,0.2191367591453992,0.2556409629895055,,,,,,,SRB00001
2018-05-19,4016.91,0.63,16.95,0.10461747617945918,0.11845950535862428,0.10162652366186783,0.25394037490110904,0.15425571972914953,0.11422853182819333,0.13825133609572324,0.2197538999957524,0.2548744023767679,,,,,,,SRB00001
2018-05-20,4344.1,0.09,17.85,0.10763449531268883,0.1223805940796012,0.105186144198861,0.2524327090344896,0.15584523845750642,0.11335218297691237,0.14093607262380714,0.22037104084610556,0.2541078417640303,,,,,,,SRB00001
2018-05-21,4445.31,0.11,18.67,0.11065151444591846,0.1263016828005781,0.10874576473585419,0.2509250431678701,0.15743475718586328,0.11247583412563139,0.14362080915189104,0.22098818169645876,0.2533412811512926,,,,,,,SRB00001
2018-05-22,4384.31,1.0,19.88,0.1136685335791481,0.13022277152155504,0.11230538527284736,0.2494173773012507,0.15902427591422016,0.11159948527435043,0.14630554567997495,0.22160532254681192,0.252574720538555,,,,,,,SRB00001
2018-05-23,4245.2,5.56,20.33,0.11668555271237774,0.13414386024253194,0.11586500580984055,0.24790971143463125,0.16061379464257705,0.11072313642306945,0.14899028220805885,0.22222246339716512,0.2518081599258174,,,,,,,SRB00001
2018-05-24,4101.04,9.87,21.11,0.09494509098478413,0.1123829439006411,0.09557363385254256,0.22588143466816596,0.14777874638727584,0.09968007640506171,0.12740268245859393,0.19821711140396728,0.23066691087920543,,,,,,,SRB00001
2018-05-25,3980.07,8.38,19.65,0.0732046292571905,0.09062202755875025,0.07528226189524456,0.20385315790170067,0.13494369813197465,0.08863701638705396,0.105815082709129,0.17421175941076944,0.20952566183259347,,,,,,,SRB00001
2018-05-26,3880.5,0.69,20.7,0.0377886111133372,0.0663652539518048,0.0493597068945052,0.2194696678422395,0.1096412805748116,0.0598709507509946,0.10515943074781342,0.17409760511193464,0.20912524235122243,,,,,,,SRB00001
2018-05-27,3800.89,0.14,22.85,0.03928457363400114,0.06758084000868181,0.05114834653581396,0.21726366153056378,0.11168195472719471,0.062271635257771296,0.10450377878649784,0.17398345081309985,0.20872482286985142,,,,,,,SRB00001
2018-05-28,3792.15,0.13,23.0,0.040780536154665085,0.06879642606555882,0.05293698617712272,0.2150576552188881,0.11372262887957782,0.064672319764548,0.10384812682518227,0.17386929651426505,0.2083244033884804,,,,,,,SRB00001
2018-05-29,3880.5,0.13,22.37,0.042276498675329025,0.07001201212243582,0.054725625818431475,0.21285164890721237,0.11576330303196093,0.06707300427132469,0.1031924748638667,0.17375514221543026,0.20792398390710937,,,,,,,SRB00001
2018-05-30,3961.78,0.0,22.16,0.04377246119599297,0.07122759817931285,0.056514265459740226,0.21064564259553667,0.11780397718434403,0.0694736887781014,0.10253682290255113,0.17364098791659546,0.20752356442573833,,,,,,,SRB00001
2018-05-31,3989.25,0.0,23.75,0.04526842371665691,0.07244318423618985,0.058302905101048984,0.20843963628386095,0.11984465133672714,0.0718743732848781,0.10188117094123555,0.17352683361776067,0.20712314494436732,,,,,,,SRB00001
2018-06-01,3961.78,0.18,25.12,0.046764386237320855,0.07365877029306686,0.06009154474235774,0.20623362997218525,0.12188532548911025,0.07427505779165479,0.10122551897991998,0.17341267931892587,0.2067227254629963,,,,,,,SRB00001
2018-06-02,3889.45,2.61,22.83,0.048260348757984795,0.07487435634994387,0.0618801843836665,0.20402762366050953,0.12392599964149337,0.07667574229843149,0.1005698670186044,0.17329852502009108,0.20632230598162526,,,,,,,SRB00001
2018-06-03,3844.92,1.24,21.88,0.04739958976246748,0.07370921763265495,0.06086188772502493,0.20160944961032692,0.12474576046871388,0.07766930024986422,0.09851625580463697,0.17019801734463752,0.2043669958839755,,,,,,,SRB00001
2018-06-04,3836.07,0.08,22.92,0.04653883076695016,0.07254407891536602,0.05984359106638336,0.19919127556014432,0.1255655212959344,0.07866285820129695,0.09646264459066953,0.16709750966918396,0.20241168578632576,,,,,,,SRB00001
2018-06-05,3836.07,1.21,24.09,0.045678071771432835,0.0713789401980771,0.05882529440774179,0.19677310150996175,0.12638528212315492,0.07965641615272968,0.09440903337670208,0.1639970019937304,0.200456375688676,,,,,,,SRB00001
2018-06-06,3836.07,0.87,23.79,0.04481731277591552,0.07021380148078817,0.05780699774910022,0.19435492745977914,0.12720504295037544,0.08064997410416241,0.09235542216273464,0.16089649431827685,0.19850106559102626,11.5,0.064,0.86004654,355.0,3.8,0.0844,SRB00001
2018-06-07,3827.25,2.88,22.43,0.0439565537803982,0.06904866276349925,0.05678870109045865,0.19193675340959654,0.12802480377759595,0.08164353205559514,0.0903018109487672,0.1577959866428233,0.1965457554933765,,,,,,,SRB00001
2018-06-08,3818.44,6.03,25.32,0.042858546412369275,0.06862494876126224,0.05565855519843836,0.1958158587920218,0.12360191895612505,0.07648245738787218,0.09127514539187094,0.16020233349882848,0.19793119802441927,,,,,,,SRB00001
2018-06-09,3800.89,38.07,21.46,0.04176053904434035,0.06820123475902523,0.05452840930641807,0.19969496417444707,0.11917903413465412,0.07132138272014922,0.09224847983497468,0.16260868035483367,0.19931664055546205,,,,,,,SRB00001
2018-06-10,3783.43,2.81,22.04,0.040662531676311425,0.06777752075678821,0.05339826341439779,0.20357406955687235,0.1147561493131832,0.06616030805242626,0.09322181427807842,0.16501502721083883,0.20070208308650483,,,,,,,SRB00001
2018-06-11,3774.72,0.1,24.89,0.0395645243082825,0.0673538067545512,0.0522681175223775,0.2074531749392976,0.1103332644917123,0.0609992333847033,0.09419514872118216,0.16742137406684401,0.20208752561754761,,,,,,,SRB00001
2018-06-12,3792.15,0.41,25.25,0.0470628389239265,0.0764892131446623,0.0643089858627051,0.20258279655721945,0.1283453613858227,0.0809628567143238,0.0951684831642859,0.1698277209228492,0.2034729681485904,,,,,,,SRB00001
2018-06-13,3844.92,19.62,20.45,0.04838007620234536,0.07725889176557801,0.06495568109718997,0.19906134884177554,0.12582105410881114,0.07942910790586369,0.09481104409060559,0.16674739748668665,0.20075681679887333,,,,,,,SRB00001
2018-06-14,3943.57,2.81,18.81,0.04969731348076422,0.07802857038649375,0.06560237633167484,0.19553990112633163,0.12329674683179956,0.0778953590974036,0.09445360501692526,0.1636670740505241,0.1980406654491563,,,,,,,SRB00001
2018-06-15,4129.47,0.83,19.37,0.051014550759183076,0.07879824900740946,0.06624907156615971,0.19201845341088772,0.120772439554788,0.07636161028894349,0.09409616594324495,0.16058675061436156,0.19532451409943924,,,,,,,SRB00001
2018-06-16,4796.33,7.22,19.97,0.05233178803760194,0.0795679276283252,0.06689576680064459,0.1884970056954438,0.11824813227777643,0.0748278614804834,0.09373872686956462,0.15750642717819902,0.1926083627497222,,,,,,,SRB00001
2018-06-17,5596.57,8.22,21.61,0.053649025316020796,0.08033760624924091,0.06754246203512945,0.1849755579799999,0.11572382500076486,0.07329411267202329,0.09338128779588431,0.15442610374203647,0.18989221140000515,,,,,,,SRB00001
2018-06-18,5507.08,0.35,21.73,0.0437844578886662,0.0719185446771643,0.0601308383526394,0.1934515140544757,0.100312488948846,0.0550009228602881,0.09401094735397807,0.1588782895722344,0.1957208581424944,,,,,,,SRB00001
2018-06-19,5022.43,0.89,22.26,0.04771037678942604,0.0748874365417857,0.061321440884034975,0.20026055284620795,0.10481319766523586,0.058227386591765184,0.09464060691207182,0.1633304754024323,0.2015495048849837,,,,,,,SRB00001
2018-06-20,4559.37,0.47,25.43,0.051636295690185866,0.07785632840640709,0.06251204341543055,0.20706959163794017,0.10931390638162575,0.061453850323242264,0.09527026647016558,0.16778266123263025,0.20737815162747295,,,,,,,SRB00001
2018-06-21,4177.3,0.07,25.37,0.055562214590945694,0.0808252202710285,0.06370264594682613,0.21387863042967242,0.11381461509801563,0.06468031405471936,0.09589992602825932,0.17223484706282816,0.2132067983699622,,,,,,,SRB00001
2018-06-22,3871.58,3.27,16.67,0.05948813349170553,0.0837941121356499,0.0648932484782217,0.22068766922140468,0.1183153238144055,0.06790677778619643,0.09652958558635308,0.1766870328930261,0.21903544511245146,,,,,,,SRB00001
2018-06-23,3663.37,0.02,15.33,0.06341405239246536,0.08676300400027129,0.06608385100961728,0.2274967080131369,0.12281603253079537,0.07113324151767351,0.09715924514444683,0.181139218723224,0.22486409185494075,,,,,,,SRB00001
2018-06-24,3530.83,0.08,16.4,0.06733997129322519,0.08973189586489269,0.06727445354101286,0.23430574680486915,0.12731674124718526,0.0743597052491506,0.09778890470254059,0.18559140455342193,0.23069273859743,,,,,,,SRB00001
2018-06-25,3450.44,0.6,17.62,0.07026332932579815,0.09295035098347158,0.07052089973186591,0.2419300672585365,0.13074343424082097,0.07645381558697896,0.10163923195625199,0.1926799714594507,0.23761689709338457,,,,,,,SRB00001
2018-06-26,3403.08,0.17,19.08,0.07318668735837111,0.09616880610205047,0.07376734592271897,0.24955438771220384,0.13417012723445668,0.07854792592480733,0.10548955920996338,0.19976853836547948,0.24454105558933914,,,,,,,SRB00001
2018-06-27,3364.12,5.76,17.01,0.07611004539094407,0.09938726122062935,0.07701379211357202,0.2571787081658712,0.1375968202280924,0.08064203626263569,0.10933988646367476,0.20685710527150827,0.2514652140852937,,,,,,,SRB00001
2018-06-28,3310.31,2.82,19.84,0.07903340342351703,0.10260571633920824,0.08026023830442508,0.2648030286195385,0.14102351322172807,0.08273614660046405,0.11319021371738616,0.21394567217753704,0.2583893725812483,,,,,,,SRB00001
2018-06-29,3302.7,16.1,20.72,0.08195676145608997,0.10582417145778714,0.08350668449527814,0.27242734907320587,0.14445020621536378,0.08483025693829241,0.11704054097109756,0.22103423908356581,0.2653135310772028,,,,,,,SRB00001
2018-06-30,3403.08,3.24,20.68,0.08488011948866293,0.10904262657636601,0.08675313068613119,0.2800516695268732,0.1478768992089995,0.08692436727612077,0.12089086822480895,0.2281228059895946,0.27223768957315736,,,,,,,SRB00001
2018-07-01,3809.66,0.0,16.86,0.08780347752123589,0.1122610816949449,0.08999957687698425,0.28767598998054056,0.1513035922026352,0.08901847761394914,0.12474119547852033,0.23521137289562338,0.27916184806911193,,,,,,,SRB00001
2018-07-02,4507.17,0.78,19.2,0.09072683555380885,0.1154795368135238,0.0932460230678373,0.2953003104342079,0.1547302851962709,0.0911125879517775,0.12859152273223173,0.24229993980165215,0.2860860065650665,,,,,,,SRB00001
2018-07-03,4719.63,0.19,22.28,0.08594450372696989,0.11087852797400861,0.08887221806459024,0.2841286372513655,0.1491302397806319,0.08775743979830757,0.12346382883000961,0.23347571279826035,0.2759761791484022,,,,,,,SRB00001
2018-07-04,4445.31,0.77,21.56,0.08116217190013092,0.10627751913449345,0.08449841306134316,0.2729569640685231,0.14353019436499284,0.08440229164483765,0.11833613492778748,0.22465148579486857,0.26586635173173795,8.3,0.086,1.16027276,353.0,1.0,0.0127,SRB00001
2018-07-05,4082.19,0.0,24.0,0.07637984007329196,0.10167651029497826,0.0801246080580961,0.26178529088568075,0.13793014894935382,0.08104714349136771,0.11320844102556536,0.21582725879147677,0.2557565243150737,,,,,,,SRB00001
2018-07-06,3766.04,1.6,22.89,0.07159750824645299,0.09707550145546308,0.07575080305484902,0.25061361770283835,0.1323301035337148,0.07769199533789778,0.10808074712334324,0.20700303178808496,0.24564669689840937,,,,,,,SRB00001
2018-07-07,3506.52,4.33,20.79,0.06681517641961403,0.09247449261594791,0.07137699805160196,0.23944194451999595,0.12673005811807575,0.07433684718442785,0.10295305322112111,0.19817880478469319,0.2355368694817451,,,,,,,SRB00001
2018-07-08,3325.6,0.68,21.82,0.06203284459277506,0.08787348377643273,0.06700319304835488,0.22827027133715355,0.12113001270243673,0.07098169903095791,0.09782535931889899,0.18935457778130138,0.22542704206508082,,,,,,,SRB00001
2018-07-09,3257.37,5.07,20.12,0.057250512765936096,0.08327247493691754,0.06262938804510781,0.21709859815431118,0.1155299672867977,0.06762655087748799,0.09269766541667687,0.18053035077790958,0.21531721464841655,,,,,,,SRB00001
2018-07-10,3442.5,1.78,22.17,0.05246818093909713,0.07867146609740236,0.058255583041860744,0.20592692497146878,0.10992992187115866,0.06427140272401806,0.08756997151445475,0.17170612377451777,0.20520738723175225,,,,,,,SRB00001
2018-07-11,3680.29,0.89,23.16,0.047685849112258163,0.07407045725788719,0.05388177803861367,0.19475525178862638,0.10432987645551964,0.060916254570548126,0.08244227761223262,0.162881896771126,0.19509755981508797,,,,,,,SRB00001
2018-07-12,3646.54,3.15,20.77,0.0429035172854192,0.069469448418372,0.0495079730353666,0.183583578605784,0.0987298310398806,0.0575611064170782,0.0773145837100105,0.1540576697677342,0.1849877323984237,,,,,,,SRB00001
2018-07-13,3490.4,0.05,23.1,0.0347943429385815,0.060429225259985,0.0445144627945983,0.1993651450802095,0.0993042384261627,0.0516902004243386,0.08744347165104384,0.16154913229690643,0.19212951758880586,,,,,,,SRB00001
2018-07-14,3340.95,0.0,23.97,0.034130919266179505,0.0594490426098507,0.044231951636098284,0.19730432114775942,0.09912600144672015,0.05198387658079472,0.09757235959207719,0.1690405948260787,0.199271302779188,,,,,,,SRB00001
2018-07-15,3257.37,0.09,23.15,0.0334674955937775,0.0584688599597164,0.04394944047759827,0.19524349721530931,0.09894776446727759,0.052277552737250856,0.10770124753311053,0.17653205735525093,0.20641308796957017,,,,,,,SRB00001
2018-07-16,3197.9,0.0,24.14,0.0328040719213755,0.0574886773095821,0.043666929319098255,0.19318267328285924,0.09876952748783503,0.05257122889370698,0.11783013547414387,0.18402351988442317,0.21355487315995234,,,,,,,SRB00001
2018-07-17,3096.42,3.12,23.9,0.0321406482489735,0.0565084946594478,0.043384418160598244,0.19112184935040916,0.09859129050839248,0.052864905050163113,0.1279590234151772,0.19151498241359544,0.22069665835033447,,,,,,,SRB00001
2018-07-18,2950.21,0.22,23.4,0.031477224576571504,0.0555283120093135,0.043101907002098226,0.18906102541795908,0.09841305352894993,0.05315858120661924,0.13808791135621054,0.19900644494276767,0.22783844354071664,,,,,,,SRB00001
2018-07-19,2817.38,0.4,22.81,0.030813800904169502,0.0545481293591792,0.042819395843598215,0.18700020148550897,0.09823481654950736,0.05345225736307537,0.14821679929724388,0.2064979074719399,0.2349802287310988,,,,,,,SRB00001
2018-07-20,2715.44,0.07,24.47,0.0301503772317675,0.0535679467090449,0.0425368846850982,0.1849393775530589,0.0980565795700648,0.0537459335195315,0.15834568723827724,0.21398937000111218,0.24212201392148094,,,,,,,SRB00001
2018-07-21,2684.34,0.82,26.31,0.06829080030473421,0.0861632939990056,0.07390801581326323,0.2072585891239298,0.1286637860056676,0.0858232790039399,0.16847457517931058,0.22148083253028442,0.2492637991118631,,,,,,,SRB00001
2018-07-22,2734.27,8.35,22.69,0.10643122337770092,0.11875864128896631,0.10527914694142827,0.22957780069480072,0.1592709924412704,0.1179006244883483,0.17860346312034392,0.22897229505945665,0.25640558430224525,,,,,,,SRB00001
2018-07-23,2804.43,15.87,20.68,0.1445716464506676,0.151353988578927,0.13665027806959332,0.2518970122656716,0.1898781988768732,0.1499779699727567,0.18873235106137726,0.23646375758862892,0.2635473694926274,,,,,,,SRB00001
2018-07-24,2830.39,0.39,23.15,0.18271206952363434,0.1839493358688877,0.16802140919775835,0.27421622383654254,0.220485405312476,0.1820553154571651,0.1988612390024106,0.24395522011780116,0.2706891546830096,,,,,,,SRB00001
2018-07-25,2896.34,0.02,25.31,0.15280500326077037,0.1591944023106225,0.142970890136642,0.25833296556902424,0.1978087842428105,0.15744300986439966,0.1751905035000702,0.22766208628284668,0.2558184121881012,,,,,,,SRB00001
2018-07-26,3125.08,0.18,25.41,0.12289793699790638,0.1344394687523573,0.11792037107552564,0.24244970730150597,0.175132163173145,0.1328307042716342,0.15151976799772982,0.21136895244789217,0.24094766969319287,,,,,,,SRB00001
2018-07-27,3379.65,14.51,24.01,0.09299087073504242,0.1096845351940921,0.09286985201440928,0.22656644903398768,0.1524555421034795,0.10821839867886876,0.12784903249538943,0.19507581861293768,0.22607692719828448,,,,,,,SRB00001
2018-07-28,3410.93,2.74,24.17,0.06308380447217844,0.08492960163582691,0.06781933295329293,0.2106831907664694,0.129778921033814,0.08360609308610331,0.10417829699304904,0.1787826847779832,0.21120618470337613,,,,,,,SRB00001
2018-07-29,3272.41,1.18,26.63,0.033176738209314466,0.06017466807756173,0.04276881389217657,0.1947999324989511,0.10710229996414851,0.05899378749333786,0.08050756149070865,0.1624895509430287,0.19633544220846777,,,,,,,SRB00001
2018-07-30,3082.19,0.11,27.25,0.05365788118030994,0.07852190381521222,0.05950438377567897,0.20800197469283313,0.11843637589618948,0.06873314448893801,0.0948671402830501,0.17757703620851184,0.21129472438609725,,,,,,,SRB00001
2018-07-31,2903.02,0.5,27.34,0.07413902415130541,0.09686913955286272,0.07623995365918138,0.22120401688671518,0.12977045182823044,0.07847250148453815,0.10922671907539154,0.19266452147399496,0.22625400656372677,,,,,,,SRB00001
2018-08-01,2740.57,8.99,26.04,0.0946201671223009,0.1152163752905132,0.09297552354268379,0.2344060590805972,0.1411045277602714,0.0882118584801383,0.123586297867733,0.2077520067394781,0.24121328874135625,10.3,0.056,0.51015884,364.0,3.0,0.0249,SRB00001
2018-08-02,2611.16,3.75,23.77,0.06682937654271914,0.08845935616807818,0.06863695216963807,0.21264888782711375,0.12688419577815452,0.07547780619781952,0.09931249246170729,0.18312935550330767,0.2201291571054701,,,,,,,SRB00001
2018-08-03,2505.11,9.64,25.71,0.039038585963137404,0.06170233704564315,0.044298380796592346,0.1908917165736303,0.1126638637960376,0.06274375391550074,0.07503868705568159,0.1585067042671372,0.19904502546958394,,,,,,,SRB00001
2018-08-04,2436.81,1.56,26.35,0.032972946386823104,0.057337929041171326,0.040859036343567176,0.19470079142545366,0.10414726093310656,0.05536072471401987,0.07479011077338887,0.15742768101214835,0.19627582965153195,,,,,,,SRB00001
2018-08-05,2386.81,0.02,27.73,0.0269073068105088,0.0529735210366995,0.037419691890542,0.198509866277277,0.0956306580701755,0.047977695512539,0.07454153449109616,0.1563486577571595,0.19350663383348,,,,,,,SRB00001
2018-08-06,2321.74,0.0,26.87,0.02950935483771825,0.055149237642820585,0.0399630027365519,0.19398673913707007,0.10133394045930691,0.0530109310053681,0.07429295820880344,0.15526963450217068,0.190737438015428,,,,,,,SRB00001
2018-08-07,2268.86,0.0,27.63,0.032111402864927696,0.05732495424894166,0.0425063135825618,0.18946361199686312,0.10703722284843833,0.05804416649819719,0.07404438192651072,0.15419061124718184,0.18796824219737604,,,,,,,SRB00001
2018-08-08,2248.05,0.0,27.86,0.03471345089213715,0.05950067085506275,0.0450496244285717,0.1849404848566562,0.11274050523756975,0.0630774019910263,0.073795805644218,0.153111587992193,0.18519904637932405,,,,,,,SRB00001
2018-08-09,2232.57,0.0,28.37,0.03643842865738835,0.060288825333252374,0.04598387150682401,0.18558292391107076,0.11340672765471156,0.06413507918343789,0.07471384932141215,0.15326101274948445,0.1861586959179106,,,,,,,SRB00001
2018-08-10,2196.86,0.16,27.6,0.03816340642263955,0.06107697981144201,0.04691811858507632,0.1862253629654853,0.11407295007185338,0.06519275637584948,0.07563189299860629,0.15341043750677594,0.18711834545649714,,,,,,,SRB00001
2018-08-11,2146.83,1.05,24.8,0.03988838418789075,0.06186513428963163,0.04785236566332863,0.18686780201989986,0.11473917248899518,0.06625043356826107,0.07654993667580043,0.1535598622640674,0.1880779949950837,,,,,,,SRB00001
2018-08-12,2107.63,0.0,26.02,0.041613361953141956,0.06265328876782127,0.04878661274158094,0.1875102410743144,0.115405394906137,0.06730811076067267,0.07746798035299457,0.1537092870213589,0.18903764453367025,,,,,,,SRB00001
2018-08-13,2097.94,0.0,26.99,0.043338339718393154,0.06344144324601089,0.04972085981983325,0.18815268012872896,0.11607161732327881,0.06836578795308426,0.07838602403018871,0.15385871177865035,0.1899972940722568,,,,,,,SRB00001
2018-08-14,2112.49,3.85,25.36,0.0292331586480482,0.052659944550151,0.0404041902431304,0.1894094180789704,0.103205986661735,0.0541860199742167,0.0808837572658782,0.15684269219468994,0.19192854094768313,,,,,,,SRB00001
2018-08-15,2151.78,1.35,21.64,0.03361344892842685,0.05727960790784282,0.044717487470724133,0.19107347136695435,0.10867972636294682,0.058548406419188626,0.08338149050156768,0.15982667261072955,0.19385978782310948,,,,,,,SRB00001
2018-08-16,2232.57,0.05,24.34,0.0379937392088055,0.06189927126553463,0.04903078469831787,0.19273752465493826,0.11415346606415862,0.06291079286416056,0.08587922373725718,0.16281065302676914,0.19579103469853582,,,,,,,SRB00001
2018-08-17,2279.34,0.08,26.11,0.04237402948918415,0.06651893462322644,0.05334408192591161,0.1944015779429222,0.11962720576537042,0.06727317930913247,0.08837695697294666,0.16579463344280876,0.19772228157396216,,,,,,,SRB00001
2018-08-18,2263.64,2.3,26.57,0.046754319769562805,0.07113859798091826,0.05765737915350535,0.19606563123090615,0.12510094546658224,0.0716355657541044,0.09087469020863614,0.16877861385884835,0.1996535284493885,,,,,,,SRB00001
2018-08-19,2242.88,0.38,26.8,0.04286609073221799,0.06665463436670602,0.05348330383255112,0.18728290831685399,0.11831465618698177,0.06765426912636123,0.0846253876729763,0.1583647334149688,0.18758883996208597,,,,,,,SRB00001
2018-08-20,2227.44,0.0,27.02,0.03897786169487318,0.06217067075249377,0.0493092285115969,0.1785001854028018,0.1115283669073813,0.06367297249861804,0.07837608513731645,0.14795085297108926,0.17552415147478348,,,,,,,SRB00001
2018-08-21,2181.73,0.0,28.29,0.03508963265752837,0.05768670713828153,0.04513515319064267,0.16971746248874964,0.10474207762778083,0.05969167587087487,0.0721267826016566,0.1375369725272097,0.16345946298748096,,,,,,,SRB00001
2018-08-22,2088.3,0.01,28.14,0.04171864899996973,0.062491591414450716,0.05042789944179028,0.17404633339277176,0.1135611193663,0.06676908212246706,0.07801066841797658,0.14293154697207602,0.17265577341722438,,,,,,,SRB00001
2018-08-23,1985.1,0.17,27.64,0.0483476653424111,0.0672964756906199,0.0557206456929379,0.17837520429679385,0.1223801611048192,0.07384648837405924,0.08389455423429655,0.14832612141694235,0.1818520838469678,,,,,,,SRB00001
2018-08-24,1895.71,0.15,26.28,0.04461378449986902,0.06500938850849342,0.0536909515094826,0.17742504411223628,0.11995341834113268,0.07198973223209795,0.08225081371607636,0.1466741959306608,0.17882968840373958,,,,,,,SRB00001
2018-08-25,1831.31,0.33,24.71,0.04087990365732694,0.06272230132636694,0.051661257326027304,0.1764748839276787,0.11752667557744617,0.07013297609013666,0.08060707319785616,0.14502227044437926,0.1758072929605114,,,,,,,SRB00001
2018-08-26,1797.87,22.97,17.41,0.03714602281478486,0.06043521414424046,0.049631563142572,0.17552472374312117,0.11509993281375967,0.06827621994817538,0.07896333267963598,0.14337034495809775,0.17278489751728318,,,,,,,SRB00001
2018-08-27,1835.54,1.58,18.65,0.03341214197224278,0.05814812696211398,0.0476018689591167,0.1745745635585636,0.11267319005007316,0.0664194638062141,0.07731959216141579,0.1417184194718162,0.169762502074055,,,,,,,SRB00001
2018-08-28,1989.67,0.06,20.95,0.0296782611297007,0.0558610397799875,0.0455721747756614,0.17362440337400603,0.11024644728638665,0.0645627076642528,0.0756758516431956,0.14006649398553467,0.16674010663082678,,,,,,,SRB00001
2018-08-29,2332.46,0.0,22.45,0.03181465877603055,0.058372805465173955,0.04661826473201565,0.1777227504648512,0.10618842122284308,0.06044934137664975,0.07757174817992789,0.14100840440746834,0.16666096268750816,,,,,,,SRB00001
2018-08-30,2863.18,0.0,23.22,0.0339510564223604,0.0608845711503604,0.0476643546883699,0.1818210975556964,0.1021303951592995,0.0563359750890467,0.07946764471666017,0.14195031482940199,0.16658181874418956,,,,,,,SRB00001
2018-08-31,3089.3,0.08,23.98,0.04895038197124445,0.0705618741239851,0.053142512964552996,0.16733195369805265,0.1032019334989693,0.0597695088913945,0.08136354125339246,0.14289222525133566,0.16650267480087094,,,,,,,SRB00001
2018-09-01,2984.38,2.35,23.98,0.05491223239345325,0.07476940129111098,0.056506846040897576,0.1752973668004258,0.10879508769350965,0.06289677406922164,0.0844386451256971,0.14755433675830837,0.17609303817036842,,,,,,,SRB00001
2018-09-02,2817.38,3.9,24.36,0.06087408281566205,0.07897692845823685,0.05987117911724215,0.18326277990279896,0.11438824188805,0.0660240392470488,0.08751374899800174,0.15221644826528105,0.1856834015398659,,,,,,,SRB00001
2018-09-03,2778.71,15.54,22.72,0.0615245193971402,0.07889941282321068,0.05981153673452425,0.17594853188603032,0.10721990690078771,0.060933909083186334,0.08600488535777434,0.14719343572749344,0.17831540078236865,,,,,,,SRB00001
2018-09-04,3018.95,8.24,19.27,0.06217495597861835,0.07882189718818453,0.05975189435180635,0.1686342838692617,0.10005157191352544,0.05584377891932387,0.08449602171754694,0.14217042318970582,0.17094740002487144,,,,,,,SRB00001
2018-09-05,3498.45,0.61,20.55,0.0628253925600965,0.07874438155315835,0.05969225196908845,0.16132003585249305,0.09288323692626316,0.0507536487554614,0.08298715807731954,0.1371474106519182,0.1635793992673742,,,,,,,SRB00001
2018-09-06,3898.42,0.02,20.9,0.0338504850813172,0.0592030179480458,0.0471152459489123,0.1597990142635763,0.0848292711559603,0.0445557783300714,0.08450660777256874,0.14240153767823066,0.16822163667997422,,,,,,,SRB00001
2018-09-07,4026.17,0.18,20.9,0.04443487120902945,0.0739150418746803,0.05986493442472505,0.17255946042405096,0.1083018228903162,0.0618390003793058,0.08602605746781794,0.1476556647045431,0.17286387409257425,,,,,,,SRB00001
2018-09-08,3980.07,0.35,21.33,0.045117948443464714,0.0720941195222918,0.0565161855519776,0.1670486404283952,0.10165427553049887,0.057613615910447065,0.08058466409488325,0.14088993550396797,0.16473348880752386,,,,,,,SRB00001
2018-09-09,3800.89,0.0,20.55,0.04580102567789998,0.07027319716990331,0.05316743667923015,0.16153782043273943,0.09500672817068154,0.05338823144158834,0.07514327072194858,0.13412420630339283,0.15660310352247347,,,,,,,SRB00001
2018-09-10,3538.97,0.0,20.14,0.04648410291233525,0.06845227481751481,0.0498186878064827,0.15602700043708367,0.0883591808108642,0.0491628469727296,0.0697018773490139,0.1273584771028177,0.14847271823742308,,,,,,,SRB00001
2018-09-11,3257.37,0.0,21.94,0.044610916285486725,0.06842560278445475,0.05203045043879745,0.16240469878639316,0.09701217877046922,0.05593257178731545,0.07315872917701623,0.13225262915464467,0.1571842491426837,,,,,,,SRB00001
2018-09-12,3025.91,0.0,23.68,0.0427377296586382,0.0683989307513947,0.0542422130711122,0.16878239713570264,0.10566517673007425,0.0627022966019013,0.07661558100501856,0.13714678120647164,0.1658957800479443,7.9,0.102,1.00000162,381.0,2.6,0.001,SRB00001
2018-09-13,2830.39,0.0,24.16,0.041543954923603514,0.06609634824987559,0.05119749205666154,0.1639833344181926,0.10247364655832704,0.05971478113225116,0.07294858458389561,0.131515134777697,0.15903543965592118,,,,,,,SRB00001
2018-09-14,2653.61,0.03,24.5,0.04035018018856882,0.06379376574835648,0.048152771042210885,0.15918427170068258,0.09928211638657984,0.056727265662601035,0.06928158816277265,0.12588348834892238,0.15217509926389802,,,,,,,SRB00001
2018-09-15,2487.86,0.15,21.35,0.03915640545353413,0.06149118324683737,0.04510805002776023,0.15438520898317254,0.09609058621483263,0.0537397501929509,0.0656145917416497,0.12025184192014775,0.1453147588718749,,,,,,,SRB00001
2018-09-16,2348.63,0.0,20.68,0.042762598133670955,0.0645124180145843,0.04739181615385217,0.15450679790869185,0.09678206393340602,0.05464409638211679,0.06763895378909988,0.12180135022372801,0.14558838951786449,,,,,,,SRB00001
2018-09-17,2248.05,0.04,20.77,0.04636879081380778,0.06753365278233123,0.04967558227994412,0.15462838683421115,0.0974735416519794,0.055548442571282684,0.06966331583655008,0.12335085852730829,0.14586202016385405,,,,,,,SRB00001
2018-09-18,2212.09,0.0,21.23,0.04997498349394461,0.07055488755007815,0.05195934840603606,0.15474997575973048,0.09816501937055279,0.05645278876044857,0.07168767788400027,0.12490036683088855,0.14613565080984364,,,,,,,SRB00001
2018-09-19,2258.44,0.0,22.46,0.05358117617408143,0.07357612231782507,0.054243114532128,0.1548715646852498,0.09885649708912617,0.05735713494961446,0.07371203993145047,0.12644987513446881,0.1464092814558332,,,,,,,SRB00001
2018-09-20,2316.39,0.0,22.77,0.057187368854218254,0.076597357085572,0.05652688065821995,0.1549931536107691,0.09954797480769956,0.05826148113878035,0.07573640197890065,0.1279993834380491,0.1466829121018228,,,,,,,SRB00001
2018-09-21,2300.44,0.0,22.48,0.0628947576732906,0.08143383661922052,0.06220603306003232,0.16819692519757545,0.11110996549897689,0.06777965582928056,0.08277913095980424,0.1376891504341196,0.15752718818520475,,,,,,,SRB00001
2018-09-22,2217.2,0.06,17.0,0.06860214649236294,0.08627031615286904,0.06788518546184469,0.1814006967843818,0.12267195619025423,0.07729783051978077,0.08982185994070783,0.1473789174301901,0.1683714642685867,,,,,,,SRB00001
2018-09-23,2127.14,0.05,17.71,0.0743095353114353,0.09110679568651756,0.07356433786365707,0.19460446837118814,0.13423394688153156,0.08681600521028097,0.09686458892161141,0.15706868442626062,0.17921574035196863,,,,,,,SRB00001
2018-09-24,2059.63,9.63,14.09,0.08001692413050765,0.09594327522016607,0.07924349026546944,0.2078082399579945,0.1457959375728089,0.09633417990078119,0.103907317902515,0.16675845142233114,0.1900600164353506,,,,,,,SRB00001
2018-09-25,2026.68,0.0,10.43,0.08572431294958,0.1007797547538146,0.0849226426672818,0.22101201154480085,0.15735792826408623,0.1058523545912814,0.1109500468834186,0.17644821841840164,0.20090429251873254,,,,,,,SRB00001
2018-09-26,2031.36,0.0,10.7,0.07792957968475223,0.09362470079903461,0.07700108890565939,0.20680993510282433,0.1444014158213021,0.0954252381690424,0.10154963304672282,0.16454822909132347,0.18774965660266968,,,,,,,SRB00001
2018-09-27,2102.78,0.0,12.66,0.07013484641992446,0.08646964684425462,0.06907953514403699,0.1926078586608478,0.13144490337851797,0.08499812174680339,0.09214921921002704,0.15264823976424532,0.1745950206866068,,,,,,,SRB00001
2018-09-28,2284.6,0.0,15.31,0.06234011315509669,0.07931459288947462,0.06115798138241457,0.17840578221887127,0.11848839093573382,0.0745710053245644,0.08274880537333126,0.14074825043716716,0.16144038477054393,,,,,,,SRB00001
2018-09-29,2476.42,0.0,13.4,0.05454537989026892,0.07215953893469464,0.053236427620792164,0.16420370577689475,0.10553187849294969,0.06414388890232539,0.07334839153663548,0.128848261110089,0.14828574885448104,,,,,,,SRB00001
2018-09-30,2493.6,0.0,11.64,0.04675064662544115,0.06500448497991465,0.045314873859169755,0.15000162933491823,0.09257536605016556,0.0537167724800864,0.0639479776999397,0.11694827178301084,0.13513111293841817,,,,,,,SRB00001
2018-10-01,2370.37,0.0,12.73,0.0369645737049902,0.0640536024196603,0.0509813794226025,0.1627702896751233,0.0954668265692385,0.0530023523651312,0.06540732569454495,0.11705106885310289,0.13538235162803056,,,,,,,SRB00001
2018-10-02,2222.31,0.4,11.22,0.03973550759185144,0.06440090719844994,0.050600419781484815,0.1588764143534523,0.09631010305396052,0.05450097825514351,0.0668666736891502,0.11715386592319493,0.13563359031764294,,,,,,,SRB00001
2018-10-03,2088.3,0.0,12.28,0.04250644147871267,0.0647482119772396,0.05021946014036713,0.15498253903178127,0.09715337953868255,0.055999604145155826,0.06832602168375546,0.11725666299328696,0.1358848290072553,9.1,0.093,1.3092572,426.0,1.0,0.001,SRB00001
2018-10-04,1985.1,0.0,13.17,0.04527737536557391,0.06509551675602925,0.049838500499249434,0.15108866371011026,0.09799665602340457,0.05749823003516814,0.0697853696783607,0.11735946006337901,0.13613606769686767,,,,,,,SRB00001
2018-10-05,1926.53,0.0,13.26,0.048048309252435153,0.0654428215348189,0.04945754085813175,0.14719478838843925,0.0988399325081266,0.05899685592518045,0.07124471767296595,0.11746225713347105,0.13638730638648006,,,,,,,SRB00001
2018-10-06,1930.97,0.04,16.6,0.0458435347251012,0.06549530445945209,0.04945655799439237,0.14640582042724104,0.10222921130319634,0.060122089023771794,0.07301723027257258,0.1207482062120043,0.13922272831200377,,,,,,,SRB00001
2018-10-07,2017.37,0.25,18.33,0.043638760197767246,0.0655477873840853,0.049455575130653004,0.14561685246604283,0.1056184900982661,0.06124732212236315,0.07478974287217921,0.12403415529053755,0.1420581502375275,,,,,,,SRB00001
2018-10-08,2083.49,0.41,17.97,0.04748310089274038,0.06801381218603458,0.05174604773495262,0.1446350611146737,0.10425781651517643,0.06083114794596893,0.0750926618321359,0.1221622410823117,0.13893304939842765,,,,,,,SRB00001
2018-10-09,2069.14,0.01,17.23,0.05132744158771352,0.07047983698798387,0.054036520339252235,0.14365326976330453,0.10289714293208677,0.06041497376957472,0.0753955807920926,0.12029032687408585,0.1358079485593278,,,,,,,SRB00001
2018-10-10,2012.72,0.0,17.19,0.055171782282686654,0.07294586178993315,0.056326992943551854,0.1426714784119354,0.1015364693489971,0.0599987995931805,0.0756984997520493,0.11841841266586,0.13268284772022795,,,,,,,SRB00001
2018-10-11,1962.36,0.0,16.1,0.055728388115220656,0.071985820808966,0.057695235963111324,0.14449522086214633,0.1083166992421688,0.06645503236548557,0.07892438385733097,0.12049068883451085,0.13741981695828231,,,,,,,SRB00001
2018-10-12,1948.84,0.0,15.32,0.05628499394775465,0.07102577982799885,0.0590634789826708,0.14631896331235728,0.1150969291353405,0.07291126513779064,0.08215026796261266,0.12256296500316169,0.14215678619633665,,,,,,,SRB00001
2018-10-13,1948.84,0.0,15.5,0.05341667756233203,0.07104607843019303,0.059438183621757255,0.1469996135043321,0.11913123755528336,0.07608689633716631,0.08249018020027715,0.1222975249601229,0.14123455787040476,,,,,,,SRB00001
2018-10-14,1913.26,0.0,14.43,0.05054836117690942,0.07106637703238722,0.0598128882608437,0.14768026369630696,0.12316554597522623,0.07926252753654198,0.08283009243794165,0.12203208491708413,0.1403123295444729,,,,,,,SRB00001
2018-10-15,1839.77,0.0,14.53,0.0476800447914868,0.0710866756345814,0.060187592899930156,0.1483609138882818,0.1271998543951691,0.08243815873591764,0.08317000467560615,0.12176664487404534,0.139390101218541,,,,,,,SRB00001
2018-10-16,1756.92,0.0,14.12,0.094120885772511,0.1121954905691207,0.0982183140557237,0.19315602924154135,0.1445396317290304,0.09866885078287008,0.12546009272195816,0.1663713709453422,0.1826764116469881,,,,,,,SRB00001
2018-10-17,1685.55,0.0,15.0,0.1405617267535352,0.15330430550366,0.13624903521151727,0.23795114459480093,0.16187940906289167,0.11489954282982251,0.16775018076831016,0.21097609701663905,0.22596272207543525,,,,,,,SRB00001
2018-10-18,1624.55,0.34,15.01,0.12877221579192838,0.14239562709908832,0.12421724210001707,0.21987129963689322,0.15640114227077617,0.11129587140021933,0.15376339926175386,0.19601354710005825,0.21035954031725643,,,,,,,SRB00001
2018-10-19,1583.89,1.41,15.21,0.11698270483032154,0.13148694869451663,0.11218544898851686,0.20179145467898552,0.15092287547866068,0.10769219997061617,0.13977661775519756,0.18105099718347745,0.19475635855907758,,,,,,,SRB00001
2018-10-20,1551.39,0.51,13.67,0.1051931938687147,0.12057827028994494,0.10015365587701666,0.1837116097210778,0.14544460868654518,0.104088528541013,0.12578983624864126,0.16608844726689664,0.17915317680089876,,,,,,,SRB00001
2018-10-21,1526.57,0.1,11.26,0.09821473581655248,0.11471415324074673,0.09536978117254052,0.1777691767562506,0.14126274660273247,0.10006848736077519,0.12024246873090809,0.1594954570154684,0.17243594091662903,,,,,,,SRB00001
2018-10-22,1509.08,0.05,11.06,0.09123627776439025,0.10885003619154851,0.09058590646806439,0.17182674379142335,0.13708088451891978,0.09604844618053737,0.11469510121317492,0.15290246676404018,0.1657187050323593,,,,,,,SRB00001
2018-10-23,1488.36,0.01,11.22,0.08425781971222802,0.10298591914235028,0.08580203176358825,0.1658843108265961,0.13289902243510707,0.09202840500029955,0.10914773369544173,0.14630947651261192,0.15900146914808957,,,,,,,SRB00001
2018-10-24,1471.31,1.43,11.05,0.0772793616600658,0.09712180209315206,0.08101815705911211,0.1599418778617689,0.12871716035129438,0.08800836382006173,0.10360036617770856,0.1397164862611837,0.15228423326381985,,,,,,,SRB00001
2018-10-25,1461.18,0.07,8.89,0.07030090360790357,0.09125768504395385,0.07623428235463599,0.15399944489694167,0.12453529826748166,0.08398832263982392,0.09805299865997538,0.13312349600975545,0.14556699737955012,,,,,,,SRB00001
2018-10-26,1454.46,0.0,13.35,0.06332244555574135,0.08539356799475563,0.07145040765015985,0.14805701193211443,0.12035343618366896,0.07996828145958611,0.09250563114224221,0.1265305057583272,0.13884976149528042,,,,,,,SRB00001
2018-10-27,1464.55,0.01,18.3,0.05634398750357912,0.07952945094555741,0.06666653294568371,0.1421145789672872,0.11617157409985626,0.0759482402793483,0.08695826362450904,0.11993751550689896,0.1321325256110107,,,,,,,SRB00001
2018-10-28,1551.39,5.05,18.28,0.049365529451416895,0.07366533389635918,0.061882658241207575,0.13617214600245997,0.11198971201604355,0.07192819909911047,0.08141089610677585,0.11334452525547073,0.12541528972674096,,,,,,,SRB00001
2018-10-29,1900.08,0.17,19.25,0.04238707139925467,0.06780121684716096,0.05709878353673144,0.13022971303763275,0.10780784993223085,0.06790815791887266,0.07586352858904268,0.1067515350040425,0.11869805384247123,,,,,,,SRB00001
2018-10-30,2311.07,2.28,17.17,0.03540861334709245,0.06193709979796275,0.0523149088322553,0.12428728007280551,0.10362598784841814,0.06388811673863484,0.0703161610713095,0.10015854475261425,0.1119808179582015,,,,,,,SRB00001
2018-10-31,2493.6,0.0,13.69,0.0555753228107503,0.08108877954256677,0.07546755575191572,0.15752612105534833,0.14867224794591222,0.1096713208817356,0.099250086179007,0.13216702304980507,0.14724277027149313,,,,,,,SRB00001
2018-11-01,2734.27,0.18,15.51,0.07574203227440815,0.1002404592871708,0.09862020267157615,0.19076496203789114,0.1937185080434063,0.15545452502483637,0.1281840112867045,0.16417550134699588,0.18250472258478476,,,,,,,SRB00001
2018-11-02,3018.95,0.16,16.78,0.0706546313491468,0.09362986085473787,0.09058627705342165,0.1758609894514399,0.17748989207965504,0.1389747855419893,0.11764431761311331,0.15138806445175373,0.16827416789388477,,,,,,,SRB00001
2018-11-03,3125.08,0.01,16.33,0.06556723042388547,0.08701926242230494,0.08255235143526715,0.16095701686498867,0.16126127611590382,0.12249504605914224,0.10710462393952212,0.13860062755651156,0.15404361320298482,,,,,,,SRB00001
2018-11-04,3018.95,0.0,13.49,0.06047982949862413,0.08040866398987201,0.07451842581711264,0.14605304427853746,0.14503266015215258,0.10601530657629517,0.09656493026593092,0.12581319066126942,0.13981305851208484,,,,,,,SRB00001
2018-11-05,2836.92,0.0,11.38,0.05539242857336279,0.07379806555743908,0.06648450019895814,0.13114907169208623,0.12880404418840136,0.0895355670934481,0.08602523659233974,0.11302575376602726,0.12558250382118485,,,,,,,SRB00001
2018-11-06,2653.61,0.0,10.99,0.05030502764810145,0.06718746712500615,0.058450574580803646,0.11624509910563499,0.11257542822465011,0.07305582761060105,0.07548554291874854,0.1002383168707851,0.1113519491302849,,,,,,,SRB00001
2018-11-07,2487.86,0.01,11.37,0.04600306346385001,0.06414355161965551,0.05558247286276316,0.11541545288906851,0.10969073532169406,0.07074765726322674,0.0721126983950213,0.09732096161738392,0.10813829281650889,9.8,0.073,1.41986686,448.0,1.7,0.001,SRB00001
2018-11-08,2354.05,0.0,10.58,0.04170109927959857,0.0610996361143049,0.05271437114472268,0.11458580667250202,0.10680604241873802,0.06843948691585244,0.06873985387129404,0.09440360636398273,0.10492463650273287,,,,,,,SRB00001
2018-11-09,2242.88,0.0,8.92,0.03739913509534713,0.058055720608954274,0.049846269426682195,0.11375616045593555,0.10392134951578197,0.06613131656847814,0.0653670093475668,0.09148625111058155,0.10171098018895686,,,,,,,SRB00001
2018-11-10,2136.96,0.0,8.58,0.04184034107845819,0.05811087028258691,0.05027644907290828,0.11376474630385539,0.10726803169445623,0.07050040745214992,0.06638317981514064,0.09190182519814158,0.1035861836452286,,,,,,,SRB00001
2018-11-11,2040.74,0.0,11.41,0.04628154706156925,0.05816601995621955,0.05070662871913435,0.11377333215177521,0.1106147138731305,0.0748694983358217,0.06739935028271446,0.0923173992857016,0.10546138710150035,,,,,,,SRB00001
2018-11-12,1957.84,0.01,12.26,0.04242813574313453,0.05546811770056133,0.048285126592902086,0.11154869705082486,0.11040506283885132,0.07443920641562549,0.06479782180573512,0.08939471066937409,0.10189138003706556,,,,,,,SRB00001
2018-11-13,1886.99,0.0,12.61,0.038574724424699815,0.05277021544490312,0.04586362446666982,0.1093240619498745,0.11019541180457214,0.07400891449542926,0.062196293328755786,0.08647202205304656,0.09832137297263079,,,,,,,SRB00001
2018-11-14,1827.1,0.0,9.92,0.0347213131062651,0.0500723131892449,0.04344212234043755,0.10709942684892415,0.10998576077029296,0.07357862257523305,0.05959476485177645,0.08354933343671905,0.094751365908196,,,,,,,SRB00001
2018-11-15,1773.19,0.0,6.91,0.0346234913439038,0.0516484244490656,0.04611586210942705,0.11008036736563637,0.11169344566749588,0.07452935505240177,0.06341111613855398,0.08785007537120695,0.09870694893754339,,,,,,,SRB00001
2018-11-16,1728.82,0.0,5.94,0.034525669581542504,0.0532245357088863,0.04878960187841655,0.1130613078823486,0.1134011305646988,0.0754800875295705,0.0672274674253315,0.09215081730569485,0.10266253196689079,,,,,,,SRB00001
2018-11-17,1685.55,0.01,3.17,0.034956702380074436,0.05368626663616192,0.049336540559735895,0.11301053814406405,0.11301816328059076,0.07542307213272402,0.0675917624723618,0.09199526461740615,0.1024088255802721,,,,,,,SRB00001
2018-11-18,1647.16,1.23,1.87,0.03538773517860636,0.05414799756343753,0.04988347924105523,0.1129597684057795,0.11263519599648271,0.07536605673587754,0.0679560575193921,0.09183971192911744,0.10215511919365342,,,,,,,SRB00001
2018-11-19,1613.36,1.41,1.94,0.035818767977138295,0.05460972849071315,0.05043041792237458,0.11290899866749494,0.11225222871237467,0.07530904133903106,0.06832035256642241,0.09168415924082873,0.10190141280703473,,,,,,,SRB00001
2018-11-20,1587.55,10.34,2.88,0.03624980077567022,0.05507145941798876,0.05097735660369392,0.1128582289292104,0.11186926142826663,0.07525202594218458,0.0686846476134527,0.09152860655254003,0.10164770642041604,,,,,,,SRB00001
2018-11-21,1565.75,1.53,3.54,0.036680833574202154,0.055533190345264376,0.05152429528501326,0.11280745919092584,0.11148629414415857,0.0751950105453381,0.069048942660483,0.09137305386425132,0.10139400003379734,,,,,,,SRB00001
2018-11-22,1562.15,0.15,4.04,0.03711186637273408,0.055994921272539994,0.052071233966332606,0.11275668945264129,0.11110332686005053,0.07513799514849162,0.0694132377075133,0.09121750117596261,0.10114029364717865,,,,,,,SRB00001
2018-11-23,1558.55,0.0,2.9,0.03754289917126601,0.056456652199815605,0.05261817264765195,0.11270591971435674,0.11072035957594249,0.07508097975164514,0.0697775327545436,0.0910619484876739,0.10088658726055996,,,,,,,SRB00001
2018-11-24,1551.39,0.67,3.88,0.03797393196979794,0.05691838312709122,0.05316511132897129,0.11265514997607219,0.11033739229183444,0.07502396435479866,0.07014182780157391,0.0909063957993852,0.10063288087394127,,,,,,,SRB00001
2018-11-25,1544.25,7.4,6.24,0.03840496476832987,0.05738011405436683,0.053712050010290634,0.11260438023778764,0.1099544250077264,0.07496694895795218,0.0705061228486042,0.09075084311109649,0.10037917448732259,,,,,,,SRB00001
2018-11-26,1544.25,6.92,7.39,0.0388359975668618,0.05784184498164245,0.05425898869160998,0.11255361049950309,0.10957145772361834,0.0749099335611057,0.0708704178956345,0.09059529042280777,0.1001254681007039,,,,,,,SRB00001
2018-11-27,1558.55,1.13,3.38,0.03926703036539373,0.05830357590891807,0.05480592737292932,0.11250284076121855,0.1091884904395103,0.07485291816425922,0.0712347129426648,0.09043973773451906,0.09987176171408521,,,,,,,SRB00001
2018-11-28,1617.08,0.91,0.19,0.03969806316392566,0.05876530683619368,0.05535286605424866,0.112452071022934,0.10880552315540226,0.07479590276741274,0.0715990079896951,0.09028418504623036,0.09961805532746652,,,,,,,SRB00001
2018-11-29,1712.96,0.01,-2.97,0.04012909596245759,0.0592270377634693,0.05589980473556801,0.11240130128464945,0.10842255587129421,0.07473888737056626,0.0719633030367254,0.09012863235794165,0.09936434894084784,,,,,,,SRB00001
2018-11-30,1781.38,0.0,-3.78,0.04056012876098952,0.05968876869074491,0.056446743416887345,0.1123505315463649,0.10803958858718617,0.07468187197371978,0.0723275980837557,0.08997307966965294,0.09911064255422915,,,,,,,SRB00001
2018-12-01,1852.53,0.0,-2.67,0.04099116155952145,0.06015049961802053,0.05699368209820669,0.11229976180808035,0.10765662130307813,0.0746248565768733,0.072691893130786,0.08981752698136423,0.09885693616761045,,,,,,,SRB00001
2018-12-02,1939.89,0.1,-0.15,0.04142219435805338,0.060612230545296145,0.05754062077952603,0.1122489920697958,0.10727365401897007,0.07456784118002682,0.0730561881778163,0.08966197429307553,0.09860322978099176,,,,,,,SRB00001
2018-12-03,1953.34,1.74,3.81,0.04185322715658531,0.061073961472571756,0.05808755946084537,0.11219822233151125,0.10689068673486203,0.07451082578318034,0.0734204832248466,0.08950642160478682,0.09834952339437307,,,,,,,SRB00001
2018-12-04,1878.32,1.49,4.79,0.04228425995511724,0.06153569239984737,0.05863449814216472,0.1121474525932267,0.10650771945075399,0.07445381038633386,0.0737847782718769,0.08935086891649811,0.09809581700775438,,,,,,,SRB00001
2018-12-05,1769.11,0.0,1.36,0.042715292753649166,0.061997423327122984,0.059181436823484056,0.11209668285494215,0.10612475216664594,0.07439679498948738,0.0741490733189072,0.0891953162282094,0.0978421106211357,12.3,0.085,1.76975456,513.0,1.0,0.001,SRB00001
2018-12-06,1697.24,0.0,-0.73,0.0431463255521811,0.0624591542543986,0.0597283755048034,0.1120459131166576,0.1057417848825379,0.0743397795926409,0.0745133683659375,0.0890397635399207,0.097588404234517,,,,,,,SRB00001
2018-12-07,1752.88,0.0,1.18,0.041163074196970184,0.057778057410476036,0.05485286893884567,0.0971494846109513,0.0901276184684576,0.06540984645813232,0.06723622710397147,0.07877438218454728,0.0854224856201942,,,,,,,SRB00001
2018-12-08,2069.14,3.78,4.08,0.03917982284175927,0.05309696056655347,0.04997736237288793,0.082253056105245,0.0745134520543773,0.05647991332362373,0.05995908584200543,0.06850900082917387,0.07325656700587137,,,,,,,SRB00001
2018-12-09,2453.71,0.21,3.68,0.037196571486548355,0.0484158637226309,0.0451018558069302,0.0673566275995387,0.058899285640297006,0.047549980189115146,0.0526819445800394,0.058243619473800454,0.061090648391548555,,,,,,,SRB00001
2018-12-10,2593.18,0.72,4.41,0.10592359020897858,0.10566163400812062,0.10262542016174389,0.13062281335640083,0.1231287612670926,0.10710134453148518,0.11325400265959662,0.11723611562127806,0.1198477315996124,,,,,,,SRB00001
2018-12-11,2575.32,0.36,1.9,0.17465060893140882,0.16290740429361034,0.1601489845165576,0.19388899911326296,0.1873582368938882,0.1666527088738552,0.17382606073915385,0.17622861176875565,0.17860481480767626,,,,,,,SRB00001
2018-12-12,2569.4,0.13,1.48,0.1670285151663559,0.15607908481446137,0.1536130315614567,0.18612686681395252,0.17981918253803814,0.15981660185172988,0.16689284900117132,0.16906290411535535,0.17143727071687456,,,,,,,SRB00001
2018-12-13,2617.18,0.02,-0.35,0.15940642140130298,0.14925076533531242,0.1470770786063558,0.17836473451464208,0.17228012818218807,0.15298049482960457,0.1599596372631888,0.16189719646195505,0.16426972662607284,,,,,,,SRB00001
2018-12-14,2715.44,6.38,-1.35,0.15178432763625005,0.14242244585616345,0.14054112565125487,0.17060260221533163,0.16474107382633804,0.14614438780747926,0.15302642552520626,0.15473148880855475,0.15710218253527114,,,,,,,SRB00001
2018-12-15,2740.57,5.2,-1.82,0.14416223387119712,0.13559412637701448,0.13400517269615397,0.1628404699160212,0.15720201947048798,0.13930828078535396,0.14609321378722373,0.14756578115515445,0.14993463844446941,,,,,,,SRB00001
2018-12-16,2617.18,0.05,-4.08,0.1365401401061442,0.12876580689786554,0.12746921974105307,0.15507833761671075,0.14966296511463792,0.13247217376322865,0.1391600020492412,0.14040007350175415,0.14276709435366772,,,,,,,SRB00001
2018-12-17,2431.2,0.01,-4.3,0.12891804634109127,0.12193748741871657,0.12093326678595218,0.1473162053174003,0.14212391075878786,0.12563606674110334,0.13222679031125867,0.13323436584835388,0.13559955026286602,,,,,,,SRB00001
2018-12-18,2232.57,0.0,-3.21,0.12129595257603834,0.1151091679395676,0.11439731383085126,0.13955407301808986,0.1345848564029378,0.11879995971897803,0.12529357857327614,0.12606865819495358,0.1284320061720643,,,,,,,SRB00001
2018-12-19,2059.63,0.03,-3.63,0.11367385881098542,0.10828084846041865,0.10786136087575036,0.13179194071877942,0.12704580204708776,0.11196385269685272,0.11836036683529359,0.11890295054155328,0.1212644620812626,,,,,,,SRB00001
2018-12-20,1917.67,0.67,-3.76,0.1060517650459325,0.10145252898126969,0.10132540792064947,0.12402980841946898,0.11950674769123769,0.10512774567472741,0.11142715509731106,0.11173724288815298,0.11409691799046089,,,,,,,SRB00001
2018-12-21,1797.87,0.28,0.22,0.09842967128087957,0.09462420950212072,0.09478945496554855,0.11626767612015854,0.11196769333538764,0.0982916386526021,0.10449394335932853,0.10457153523475268,0.10692937389965917,,,,,,,SRB00001
2018-12-22,1709.02,0.17,3.88,0.09080757751582665,0.08779589002297176,0.08825350201044765,0.1085055438208481,0.10442863897953758,0.09145553163047679,0.097560731621346,0.09740582758135238,0.09976182980885746,,,,,,,SRB00001
2018-12-23,1650.96,0.16,4.4,0.08318548375077373,0.08096757054382281,0.08171754905534676,0.10074341152153765,0.09688958462368752,0.08461942460835148,0.09062751988336346,0.09024011992795208,0.09259428571805575,,,,,,,SRB00001
2018-12-24,1617.08,1.22,4.91,0.07556338998572079,0.07413925106467384,0.07518159610024584,0.09298127922222721,0.08935053026783747,0.07778331758622617,0.08369430814538092,0.08307441227455178,0.08542674162725404,,,,,,,SRB00001
2018-12-25,1632.05,1.55,-0.28,0.06794129622066787,0.06731093158552488,0.06864564314514494,0.08521914692291677,0.08181147591198741,0.07094721056410086,0.0767610964073984,0.0759087046211515,0.07825919753645234,,,,,,,SRB00001
2018-12-26,1900.08,0.05,0.45,0.060319202455614944,0.06048261210637592,0.06210969019004404,0.07745701462360632,0.07427242155613736,0.06411110354197555,0.06982788466941586,0.0687429969677512,0.07109165344565063,,,,,,,SRB00001
2018-12-27,2916.43,0.01,1.99,0.05269710869056202,0.05365429262722696,0.05557373723494313,0.06969488232429588,0.0667333672002873,0.05727499651985024,0.06289467293143333,0.0615772893143509,0.06392410935484892,,,,,,,SRB00001
2018-12-28,3783.43,0.11,2.34,0.04507501492550909,0.046825973148077994,0.04903778427984223,0.06193275002498544,0.05919431284443725,0.05043888949772493,0.0559614611934508,0.0544115816609506,0.05675656526404721,,,,,,,SRB00001
2018-12-29,3853.78,0.01,2.14,0.03745292116045616,0.03999765366892903,0.04250183132474132,0.054170617725675,0.051655258488587194,0.04360278247559962,0.04902824945546827,0.04724587400755031,0.049589021173245505,,,,,,,SRB00001
2018-12-30,3613.1,1.33,2.22,0.029830827395403242,0.033169334189780075,0.03596587836964042,0.046408485426364554,0.04411620413273713,0.03676667545347431,0.04209503771748573,0.04008016635415001,0.042421477082443794,,,,,,,SRB00001
2018-12-31,3340.95,0.77,3.2,0.0222087336303503,0.0263410147106311,0.0294299254145395,0.0386463531270541,0.0365771497768871,0.029930568431349,0.0351618259795032,0.0329144587007497,0.0352539329916421,,,,,,,SRB00001
2019-01-01,3060.96,0.48,0.04,0.022545400391499,0.02705434391491446,0.029982956150105187,0.03992177890267614,0.038194262386944115,0.030928348713537307,0.03568386276360257,0.0337062943089044,0.03615427741564451,,,,,,,SRB00001
2019-01-02,2804.43,0.35,1.7,0.022882067152647702,0.02776767311919782,0.03053598688567087,0.04119720467829818,0.039811374997001124,0.03192612899572562,0.03620589954770193,0.03449812991705909,0.03705462183964693,,,,,,,SRB00001
2019-01-03,2617.18,0.03,-1.64,0.0232187339137964,0.028481002323481185,0.03108901762123656,0.042472630453920225,0.04142848760705814,0.03292390927791392,0.0367279363318013,0.03528996552521379,0.037954966263649345,,,,,,,SRB00001
2019-01-04,2557.59,0.02,-2.96,0.0235554006749451,0.029194331527764548,0.031642048356802246,0.04374805622954227,0.043045600217115156,0.03392168956010223,0.037249973115900656,0.03608180113336848,0.03885531068765176,,,,,,,SRB00001
2019-01-05,2605.15,4.66,-0.95,0.0238920674360938,0.029907660732047908,0.032195079092367934,0.04502348200516432,0.044662712827172164,0.03491946984229054,0.03777200990000002,0.03687363674152318,0.03975565511165417,,,,,,,SRB00001
2019-01-06,2617.18,0.25,-0.62,0.024228734197242502,0.03062098993633127,0.032748109827933615,0.04629890778078636,0.04627982543722918,0.03591725012447885,0.038294046684099387,0.03766547234967787,0.040655999535656594,,,,,,,SRB00001
2019-01-07,2528.3,0.02,-3.63,0.0245654009583912,0.03133431914061463,0.0333011405634993,0.0475743335564084,0.047896938047286196,0.03691503040666715,0.03881608346819875,0.038457307957832566,0.04155634395965901,,,,,,,SRB00001
2019-01-08,2408.91,2.14,-3.31,0.0249020677195399,0.032047648344898,0.03385417129906499,0.048849759332030444,0.04951405065734321,0.037912810688855464,0.03933812025229812,0.03924914356598726,0.04245668838366142,,,,,,,SRB00001
2019-01-09,2381.32,0.44,-0.78,0.0252387344806886,0.03276097754918136,0.03440720203463068,0.05012518510765249,0.05113116326740022,0.03891059097104377,0.03986015703639748,0.040040979174141955,0.04335703280766384,12.4,0.138,1.89842294,450.0,1.0,0.001,SRB00001
2019-01-10,2551.7,0.09,-2.17,0.0255754012418373,0.033474306753464717,0.034960232770196366,0.05140061088327453,0.052748275877457236,0.03990837125323208,0.04038219382049685,0.040832814782296646,0.044257377231666256,,,,,,,SRB00001
2019-01-11,2830.39,0.0,-3.31,0.025912068002986,0.03418763595774808,0.035513263505762054,0.05267603665889657,0.05436538848751425,0.04090615153542038,0.04090423060459621,0.041624650390451344,0.04515772165566867,,,,,,,SRB00001
2019-01-12,3032.89,0.11,-1.42,0.0262487347641347,0.03490096516203144,0.036066294241327734,0.05395146243451862,0.05598250109757126,0.041903931817608694,0.04142626738869558,0.042416485998606035,0.04605806607967109,,,,,,,SRB00001
2019-01-13,3068.02,0.2,0.6,0.026585401525283398,0.0356142943663148,0.03661932497689342,0.055226888210140664,0.057599613707628276,0.042901712099797,0.04194830417279494,0.04320832160676073,0.046958410503673505,,,,,,,SRB00001
2019-01-14,2943.42,1.27,2.72,0.0269220682864321,0.03632762357059817,0.03717235571245911,0.056502313985762706,0.05921672631768529,0.04389949238198531,0.0424703409568943,0.044000157214915424,0.04785875492767592,,,,,,,SRB00001
2019-01-15,2778.71,0.0,0.33,0.0272587350475808,0.03704095277488153,0.0377253864480248,0.05777773976138475,0.0608338389277423,0.044897272664173614,0.04299237774099367,0.04479199282307012,0.04875909935167833,,,,,,,SRB00001
2019-01-16,2772.32,0.0,2.19,0.0275954018087295,0.03775428197916489,0.038278417183590485,0.05905316553700679,0.06245095153779932,0.045895052946361925,0.04351441452509303,0.04558382843122481,0.04965944377568075,,,,,,,SRB00001
2019-01-17,3242.4,0.0,4.55,0.0279320685698782,0.038467611183448255,0.03883144791915617,0.06032859131262883,0.06406806414785633,0.046892833228550236,0.0440364513091924,0.04637566403937951,0.05055978819968317,,,,,,,SRB00001
2019-01-18,3844.92,4.13,2.4,0.0282687353310269,0.039180940387731615,0.039384478654721854,0.061604017088250876,0.06568517675791334,0.04789061351073854,0.04455848809329176,0.04716749964753421,0.05146013262368558,,,,,,,SRB00001
2019-01-19,3898.42,0.67,-0.44,0.0286054020921756,0.03989426959201498,0.03993750939028754,0.06287944286387293,0.06730228936797036,0.04888839379292685,0.04508052487739113,0.0479593352556889,0.052360477047688,,,,,,,SRB00001
2019-01-20,3663.37,1.92,-0.53,0.028942068853324298,0.04060759879629834,0.04049054012585323,0.06415486863949496,0.06891940197802737,0.049886174075115156,0.04560256166149049,0.0487511708638436,0.053260821471690416,,,,,,,SRB00001
2019-01-21,3426.68,0.76,-1.34,0.029278735614473,0.0413209280005817,0.04104357086141892,0.06543029441511701,0.07053651458808438,0.05088395435730347,0.04612459844558985,0.04954300647199829,0.05416116589569283,,,,,,,SRB00001
2019-01-22,3234.94,4.45,-1.65,0.0296154023756217,0.04203425720486507,0.041596601596984605,0.06670572019073905,0.0721536271981414,0.05188173463949177,0.04664663522968922,0.050334842080152986,0.05506151031969525,,,,,,,SRB00001
2019-01-23,3039.89,2.92,-1.49,0.0299520691367704,0.04274758640914843,0.04214963233255029,0.0679811459663611,0.07377073980819841,0.05287951492168008,0.04716867201378858,0.05112667768830768,0.055961854743697664,,,,,,,SRB00001
2019-01-24,2830.39,4.46,-1.51,0.030288735897919097,0.04346091561343179,0.04270266306811597,0.06925657174198313,0.07538785241825542,0.053877295203868386,0.04769070879788795,0.051918513296462375,0.05686219916770008,,,,,,,SRB00001
2019-01-25,2629.27,0.78,-2.67,0.0306254026590678,0.044174244817715154,0.04325569380368166,0.07053199751760518,0.07700496502831244,0.0548750754860567,0.048212745581987314,0.052710348904617066,0.05776254359170249,,,,,,,SRB00001
2019-01-26,2448.06,0.09,-2.77,0.0309620694202165,0.044887574021998514,0.04380872453924735,0.07180742329322723,0.07862207763836945,0.055872855768245,0.04873478236608668,0.053502184512771764,0.05866288801570491,,,,,,,SRB00001
2019-01-27,2289.87,0.04,-1.37,0.0312987361813652,0.04560090322628187,0.044361755274813036,0.07308284906884926,0.08023919024842646,0.05687063605043331,0.049256819150186044,0.054294020120926455,0.05956323243970733,,,,,,,SRB00001
2019-01-28,2156.74,6.51,-0.39,0.0316354029425139,0.04631423243056524,0.044914786010378724,0.07435827484447131,0.08185630285848348,0.05786841633262162,0.04977885593428541,0.05508585572908115,0.06046357686370974,,,,,,,SRB00001
2019-01-29,2050.16,1.06,-0.24,0.0319720697036626,0.0470275616348486,0.04546781674594441,0.07563370062009335,0.0834734154685405,0.05886619661480993,0.05030089271838477,0.055877691337235844,0.06136392128771216,,,,,,,SRB00001
2019-01-30,1962.36,0.2,-0.7,0.0323087364648113,0.04774089083913196,0.04602084748151009,0.0769091263957154,0.0850905280785975,0.05986397689699823,0.050822929502484133,0.05666952694539054,0.062264265711714575,,,,,,,SRB00001
2019-01-31,1908.85,0.14,-0.27,0.03264540322596,0.048454220043415326,0.04657387821707578,0.07818455217133743,0.08670764068865452,0.06086175717918654,0.0513449662865835,0.05746136255354523,0.06316461013571699,,,,,,,SRB00001
2019-02-01,1895.71,0.32,3.0,0.032982069987108696,0.049167549247698686,0.04712690895264147,0.07945997794695948,0.08832475329871153,0.06185953746137485,0.051867003070682864,0.05825319816169993,0.0640649545597194,,,,,,,SRB00001
2019-02-02,1913.26,0.56,8.1,0.033318736748257395,0.049880878451982046,0.047679939688207156,0.08073540372258153,0.08994186590876854,0.06285731774356317,0.05238903985478223,0.05904503376985463,0.06496529898372182,,,,,,,SRB00001
2019-02-03,1935.42,6.13,7.58,0.0336554035094061,0.05059420765626541,0.04823297042377284,0.08201082949820357,0.09155897851882557,0.06385509802575147,0.052911076638881595,0.05983686937800932,0.06586564340772424,,,,,,,SRB00001
2019-02-04,1930.97,0.01,2.18,0.0339920702705548,0.05130753686054877,0.048786001159338524,0.08328625527382562,0.09317609112888257,0.06485287830793977,0.05343311342298096,0.06062870498616402,0.06676598783172666,,,,,,,SRB00001
2019-02-05,1939.89,1.95,0.96,0.0343287370317035,0.05202086606483213,0.04933903189490421,0.08456168104944765,0.09479320373893958,0.06585065859012808,0.05395515020708032,0.06142054059431871,0.06766633225572907,,,,,,,SRB00001
2019-02-06,2054.89,0.0,0.32,0.0346654037928522,0.0527341952691155,0.0498920626304699,0.0858371068250697,0.0964103163489966,0.0668484388723164,0.054477186991179684,0.062212376202473406,0.06856667667973149,13.0,0.104,2.7878149,532.0,2.1,0.001,SRB00001
2019-02-07,2311.07,0.0,-0.56,0.02621447360324555,0.04853268451307205,0.04678007054541525,0.08233711156367121,0.09377093829391195,0.0662363893175916,0.05499922377527905,0.0630042118106281,0.0694670211037339,,,,,,,SRB00001
2019-02-08,2557.59,0.03,1.2,0.03651094303472064,0.05637188288376158,0.054869961790584426,0.09161787360482478,0.10581322853339847,0.0781336414346202,0.0638899742253895,0.07159153463283521,0.07816848793821587,,,,,,,SRB00001
2019-02-09,2569.4,0.01,0.25,0.04680741246619573,0.06421108125445112,0.0629598530357536,0.10089863564597834,0.11785551877288498,0.0900308935516488,0.07278072467549995,0.08017885745504232,0.08686995477269784,,,,,,,SRB00001
2019-02-10,2420.03,0.0,3.78,0.057103881897670815,0.07205027962514064,0.07104974428092278,0.11017939768713192,0.1298978090123715,0.1019281456686774,0.0816714751256104,0.08876618027724943,0.09557142160717981,,,,,,,SRB00001
2019-02-11,2253.24,11.02,5.16,0.0674003513291459,0.07988947799583018,0.07913963552609196,0.11946015972828548,0.14194009925185802,0.113825397785706,0.09056222557572086,0.09735350309945653,0.10427288844166177,,,,,,,SRB00001
2019-02-12,2107.63,0.02,2.81,0.077696820760621,0.08772867636651971,0.08722952677126114,0.12874092176943905,0.15398238949134455,0.1257226499027346,0.09945297602583131,0.10594082592166365,0.11297435527614375,,,,,,,SRB00001
2019-02-13,2017.37,0.0,1.19,0.034773042810013,0.0564209064713738,0.0549557773584307,0.0842893321702046,0.0959914889871608,0.0681063615846047,0.1043153365698555,0.10779058950875638,0.11254896422794242,,,,,,,SRB00001
2019-02-14,2012.72,0.0,4.23,0.103488619645652,0.1051445585752629,0.1007946504939944,0.1209442511803708,0.1386115224441246,0.1216202057972822,0.1091776971138797,0.1096403530958491,0.1121235731797411,,,,,,,SRB00001
2019-02-15,2151.78,0.0,4.6,0.08149844462890206,0.08968064308097144,0.08597055999524952,0.10992012047023392,0.12799313390431316,0.10682477542351103,0.0945371129782448,0.09667903037883356,0.10033364171768379,,,,,,,SRB00001
2019-02-16,2375.84,0.0,3.6,0.05950826961215213,0.07421672758667996,0.07114646949650463,0.09889598976009703,0.11737474536450171,0.09202934504973986,0.0798965288426099,0.08371770766181803,0.08854371025562646,,,,,,,SRB00001
2019-02-17,2470.72,0.0,5.03,0.0375180945954022,0.0587528120923885,0.056322378997759756,0.08787185904996014,0.10675635682469026,0.0772339146759687,0.065255944706975,0.07075638494480249,0.07675377879356915,,,,,,,SRB00001
2019-02-18,2431.2,0.0,6.19,0.0415991923223383,0.06078710973306393,0.05718843061460833,0.091588729606306,0.11244164079470607,0.08270208392938233,0.06681637894257852,0.07359586784520555,0.08081358378415215,,,,,,,SRB00001
2019-02-19,2348.63,0.0,5.44,0.0456802900492744,0.06282140737373935,0.0580544822314569,0.09530560016265185,0.11812692476472189,0.08817025318279595,0.06837681317818206,0.0764353507456086,0.08487338877473516,,,,,,,SRB00001
2019-02-20,2289.87,0.0,5.94,0.05832098655168927,0.07375098486239061,0.06996379710377487,0.1085901240170457,0.12732967953092272,0.09819743777353729,0.08103971153468795,0.08917479695737428,0.09718053549562224,,,,,,,SRB00001
2019-02-21,2248.05,0.18,5.98,0.07096168305410414,0.08468056235104188,0.08187311197609284,0.12187464787143953,0.13653243429712356,0.10822462236427863,0.09370260989119383,0.10191424316913997,0.10948768221650931,,,,,,,SRB00001
2019-02-22,2227.44,2.68,5.15,0.08360237955651902,0.09561013983969313,0.09378242684841082,0.13515917172583336,0.1457351890633244,0.11825180695501997,0.10636550824769972,0.11465368938090564,0.12179482893739638,,,,,,,SRB00001
2019-02-23,2207.01,0.0,-2.43,0.09624307605893388,0.10653971732834439,0.10569174172072879,0.1484436955802272,0.15493794382952522,0.1282789915457613,0.1190284066042056,0.12739313559267132,0.13410197565828347,,,,,,,SRB00001
2019-02-24,2196.86,0.0,-1.46,0.10888377256134875,0.11746929481699564,0.11760105659304676,0.16172821943462104,0.16414069859572605,0.13830617613650265,0.1316913049607115,0.140132581804437,0.14640912237917053,,,,,,,SRB00001
2019-02-25,2274.1,0.0,1.47,0.10794173018660827,0.11762467350932118,0.11668128072359522,0.15870885512414873,0.1577051319198874,0.1309880946411842,0.13918231126713562,0.1466714536561586,0.15257989495085394,,,,,,,SRB00001
2019-02-26,2563.48,0.57,5.31,0.10699968781186779,0.11778005220164672,0.1157615048541437,0.15568949081367642,0.15126956524404872,0.1236700131458657,0.14667331757355978,0.1532103255078802,0.15875066752253736,,,,,,,SRB00001
2019-02-27,2876.4,0.0,5.41,0.10605764543712731,0.11793543089397227,0.11484172898469217,0.15267012650320413,0.14483399856821003,0.11635193165054725,0.1541643238799839,0.1597491973596018,0.16492144009422077,,,,,,,SRB00001
2019-02-28,2883.03,0.0,8.97,0.10511560306238683,0.1180908095862978,0.11392195311524064,0.14965076219273182,0.13839843189237136,0.10903385015522878,0.16165533018640807,0.16628806921132339,0.1710922126659042,,,,,,,SRB00001
2019-03-01,2715.44,0.05,10.64,0.10417356068764635,0.11824618827862335,0.1130021772457891,0.1466313978822595,0.1319628652165327,0.1017157686599103,0.1691463364928322,0.172826941063045,0.1772629852375876,,,,,,,SRB00001
2019-03-02,2593.18,0.03,6.66,0.08794972844850031,0.10463498113178694,0.10076287612515822,0.1366021963383838,0.12987138078152374,0.09895958397442607,0.14896899453531978,0.154774638861554,0.16033044312848285,,,,,,,SRB00001
2019-03-03,2581.26,0.05,7.11,0.07172589620935427,0.09102377398495055,0.08852357500452732,0.1265729947945081,0.1277798963465148,0.09620339928894184,0.12879165257780736,0.13672233666006298,0.14339790101937808,,,,,,,SRB00001
2019-03-04,2740.57,0.5,11.08,0.05550206397020824,0.07741256683811415,0.07628427388389643,0.1165437932506324,0.12568841191150584,0.09344721460345762,0.10861431062029495,0.11867003445857197,0.12646535891027333,,,,,,,SRB00001
2019-03-05,3082.19,2.06,9.55,0.039278231731062194,0.06380135969127776,0.06404497276326554,0.1065145917067567,0.12359692747649689,0.09069102991797338,0.08843696866278253,0.10061773225708096,0.10953281680116857,,,,,,,SRB00001
2019-03-06,3379.65,0.01,8.67,0.02305439949191615,0.050190152544441355,0.05180567164263465,0.09648539016288099,0.12150544304148794,0.08793484523248915,0.06825962670527011,0.08256543005558994,0.0926002746920638,11.8,0.076,2.29797212,439.0,1.7,0.0151,SRB00001
2019-03-07,3458.39,0.0,11.38,0.0704074699123127,0.08807506261659168,0.08956199953922894,0.12773689887428705,0.15097141295996466,0.12665663841043803,0.10578813569098897,0.11665779659972497,0.12459772720033896,,,,,,,SRB00001
2019-03-08,3466.37,1.19,12.64,0.11776054033270923,0.12595997268874198,0.12731832743582322,0.1589884075856931,0.1804373828784414,0.16537843158838691,0.1433166446767078,0.15075016314386,0.15659517970861414,,,,,,,SRB00001
2019-03-09,3450.44,0.06,10.16,0.16511361075310577,0.16384488276089232,0.1650746553324175,0.19023991629709913,0.20990335279691813,0.2041002247663358,0.18084515366242665,0.18484252968799503,0.1885926322168893,,,,,,,SRB00001
2019-03-10,3410.93,0.11,11.8,0.14080239498476382,0.14316205272192917,0.1436393076927782,0.1727590814771584,0.19082752128439032,0.17977134564437364,0.15916471946169033,0.16476184918986428,0.1695216398286173,,,,,,,SRB00001
2019-03-11,3395.25,1.14,7.24,0.11649117921642188,0.12247922268296603,0.12220396005313885,0.1552782466572177,0.1717516897718625,0.1554424665224115,0.13748428526095402,0.14468116869173353,0.1504506474403453,,,,,,,SRB00001
2019-03-12,3434.58,0.02,4.55,0.09217996344807994,0.10179639264400289,0.10076861241349955,0.13779741183727698,0.15267585825933472,0.13111358740044934,0.11580385106021768,0.12460048819360275,0.1313796550520733,,,,,,,SRB00001
2019-03-13,3466.37,0.0,5.9,0.067868747679738,0.08111356260503974,0.07933326477386023,0.12031657701733627,0.1336000267468069,0.1067847082784872,0.09412341685948136,0.104519807695472,0.1123086626638013,,,,,,,SRB00001
2019-03-14,3547.13,0.02,6.77,0.04355753191139605,0.0604307325660766,0.0578979171342209,0.10283574219739555,0.11452419523427909,0.08245582915652505,0.07244298265874505,0.08443912719734126,0.0932376702755293,,,,,,,SRB00001
2019-03-15,3613.1,0.11,9.09,0.04253328572937644,0.0613202879072849,0.0588415516076245,0.103902175714502,0.111656593076714,0.07859271417927294,0.07535889354684841,0.08669533639364375,0.09565310921405085,,,,,,,SRB00001
2019-03-16,3547.13,0.13,11.36,0.04150903954735682,0.0622098432484932,0.0597851860810281,0.10496860923160846,0.1087889909191489,0.07472959920202081,0.07827480443495176,0.08895154558994624,0.0980685481525724,,,,,,,SRB00001
2019-03-17,3418.79,0.0,13.51,0.0404847933653372,0.0630993985897015,0.0607288205544317,0.1060350427487149,0.1059213887615838,0.0708664842247687,0.08119071532305512,0.09120775478624873,0.10048398709109395,,,,,,,SRB00001
2019-03-18,3490.4,0.34,9.05,0.042711421329055414,0.06567685556749417,0.06459138036194764,0.10918615303126804,0.10734545633219922,0.07313508861443194,0.08410662621115848,0.09346396398255122,0.1028994260296155,,,,,,,SRB00001
2019-03-19,3952.67,0.2,6.78,0.044938049292773626,0.06825431254528685,0.0684539401694636,0.11233726331382118,0.10876952390281462,0.07540369300409518,0.08702253709926185,0.09572017317885372,0.10531486496813705,,,,,,,SRB00001
2019-03-20,4476.13,0.04,6.87,0.04716467725649184,0.07083176952307953,0.07231649997697956,0.11548837359637432,0.11019359147343002,0.07767229739375842,0.0899384479873652,0.0979763823751562,0.10773030390665861,,,,,,,SRB00001
2019-03-21,4665.59,0.0,7.39,0.04939130522021005,0.0734092265008722,0.0761790597844955,0.11863948387892745,0.11161765904404544,0.07994090178342166,0.09285435887546856,0.1002325915714587,0.11014574284518015,,,,,,,SRB00001
2019-03-22,4569.88,0.0,10.24,0.05368306257806005,0.0758991935968069,0.07668832317433678,0.11874967697055368,0.11070181635262698,0.07861490966916075,0.0931292856445984,0.101505805832602,0.11117313423826797,,,,,,,SRB00001
2019-03-23,4334.11,0.0,11.77,0.05797481993591005,0.0783891606927416,0.07719758656417808,0.11885987006217992,0.10978597366120853,0.07728891755489986,0.09340421241372822,0.10277902009374533,0.11220052563135578,,,,,,,SRB00001
2019-03-24,4044.76,0.0,13.15,0.06226657729376005,0.0808791277886763,0.07770684995401936,0.11897006315380615,0.10887013096979006,0.07596292544063896,0.09367913918285806,0.10405223435488864,0.1132279170244436,,,,,,,SRB00001
2019-03-25,3714.35,3.24,10.11,0.06226674257180319,0.08118427568082133,0.07736065933220945,0.12407358106075472,0.11254989321662039,0.07835771968131869,0.09422309383628177,0.10724195863844345,0.1164281581678151,,,,,,,SRB00001
2019-03-26,3418.79,0.0,7.61,0.06226690784984633,0.08148942357296636,0.07701446871039953,0.1291770989677033,0.11622965546345071,0.08075251392199843,0.09476704848970549,0.11043168292199826,0.1196283993111866,,,,,,,SRB00001
2019-03-27,3212.66,0.0,6.51,0.06226707312788947,0.08179457146511139,0.07666827808858963,0.13428061687465184,0.11990941771028105,0.08314730816267817,0.09531100314312921,0.11362140720555308,0.1228286404545581,,,,,,,SRB00001
2019-03-28,3110.72,0.0,7.07,0.06226723840593261,0.08209971935725642,0.07632208746677971,0.13938413478160042,0.12358917995711137,0.08554210240335791,0.09585495779655293,0.11681113148910789,0.1260288815979296,,,,,,,SRB00001
2019-03-29,3082.19,0.0,8.75,0.06226740368397575,0.08240486724940145,0.0759758968449698,0.144487652688549,0.1272689422039417,0.08793689664403764,0.09639891244997664,0.1200008557726627,0.1292291227413011,,,,,,,SRB00001
2019-03-30,3025.91,0.0,12.01,0.058156039932844024,0.07789527351993228,0.0706848746821699,0.13780075496947986,0.12195608597952179,0.08486422582474218,0.09123203458711376,0.1151934155047243,0.1258546069076202,,,,,,,SRB00001
2019-03-31,2903.02,0.0,13.79,0.0540446761817123,0.0733856797904631,0.06539385251937,0.1311138572504107,0.1166432297551019,0.0817915550054467,0.0860651567242509,0.1103859752367859,0.12248009107393931,,,,,,,SRB00001
2019-04-01,2740.57,0.0,13.65,0.0471367825249239,0.0704156469584094,0.06342744507140084,0.1304594614476483,0.10997700706585059,0.0743125379613791,0.08597038489635155,0.11193145926030897,0.12407367552424023,,,,,,,SRB00001
2019-04-02,2587.21,0.0,13.07,0.0402288888681355,0.0674456141263557,0.0614610376234317,0.1298050656448859,0.1033107843765993,0.0668335209173115,0.0858756130684522,0.11347694328383202,0.12566725997454115,,,,,,,SRB00001
2019-04-03,2459.37,0.19,13.35,0.04117817105295348,0.0677239948442704,0.06088992835070207,0.1316512799154155,0.10312915929418037,0.06644972166654649,0.08578084124055285,0.1150224273073551,0.12726084442484206,11.3,0.069,1.54853524,418.0,3.1,0.0293,SRB00001
2019-04-04,2381.32,0.0,13.93,0.04212745323777146,0.0680023755621851,0.06031881907797244,0.1334974941859451,0.10294753421176145,0.06606592241578146,0.0856860694126535,0.11656791133087815,0.12885442887514298,,,,,,,SRB00001
2019-04-05,2348.63,8.83,11.84,0.04307673542258944,0.06828075628009979,0.059747709805242806,0.1353437084564747,0.10276590912934251,0.06568212316501645,0.08559129758475414,0.11811339535440123,0.1304480133254439,,,,,,,SRB00001
2019-04-06,2359.48,0.13,11.5,0.044026017607407424,0.06855913699801448,0.059176600532513175,0.13718992272700428,0.10258428404692359,0.06529832391425143,0.0854965257568548,0.11965887937792428,0.1320415977757448,,,,,,,SRB00001
2019-04-07,2414.46,0.13,14.34,0.0449752997922254,0.06883751771592918,0.058605491259783545,0.1390361369975339,0.10240265896450466,0.06491452466348642,0.08540175392895545,0.12120436340144736,0.13363518222604573,,,,,,,SRB00001
2019-04-08,2528.3,0.75,14.04,0.04592458197704338,0.06911589843384387,0.058034381987053914,0.1408823512680635,0.10222103388208574,0.06453072541272141,0.0853069821010561,0.12274984742497042,0.13522876667634667,,,,,,,SRB00001
2019-04-09,2629.27,1.13,15.3,0.046873864161861366,0.06939427915175858,0.05746327271432428,0.1427285655385931,0.1020394087996668,0.06414692616195639,0.08521221027315674,0.12429533144849349,0.1368223511266476,,,,,,,SRB00001
2019-04-10,2665.86,4.24,14.53,0.04782314634667935,0.06967265986967328,0.05689216344159465,0.1445747798091227,0.10185778371724788,0.06376312691119138,0.0851174384452574,0.12584081547201656,0.1384159355769485,,,,,,,SRB00001
2019-04-11,2659.72,8.95,12.46,0.048772428531497325,0.06995104058758797,0.05632105416886502,0.1464209940796523,0.10167615863482896,0.06337932766042637,0.08502266661735805,0.12738629949553962,0.14000952002724942,,,,,,,SRB00001
2019-04-12,2672.01,9.91,8.52,0.04972171071631531,0.07022942130550267,0.05574994489613539,0.1482672083501819,0.10149453355241003,0.06299552840966134,0.0849278947894587,0.12893178351906268,0.14160310447755034,,,,,,,SRB00001
2019-04-13,2740.57,1.64,8.93,0.05067099290113329,0.07050780202341736,0.05517883562340576,0.1501134226207115,0.1013129084699911,0.06261172915889633,0.08483312296155934,0.13047726754258573,0.14319668892785126,,,,,,,SRB00001
2019-04-14,2843.46,1.85,10.02,0.05162027508595127,0.07078618274133205,0.05460772635067613,0.1519596368912411,0.10113128338757217,0.062227929908131314,0.08473835113366,0.13202275156610882,0.14479027337815217,,,,,,,SRB00001
2019-04-15,2923.15,0.02,10.6,0.05256955727076925,0.07106456345924675,0.0540366170779465,0.1538058511617707,0.10094965830515325,0.0618441306573663,0.08464357930576065,0.13356823558963188,0.1463838578284531,,,,,,,SRB00001
2019-04-16,2923.15,0.0,10.61,0.057878601489906714,0.07550976503510365,0.05591681422863258,0.15654173075237743,0.09851470000677219,0.0601697274931502,0.08661548237541383,0.1364195286157666,0.14946388827698862,,,,,,,SRB00001
2019-04-17,2823.88,0.11,11.31,0.06318764570904417,0.07995496661096055,0.05779701137931867,0.15927761034298413,0.09607974170839115,0.0584953243289341,0.08858738544506702,0.13927082164190127,0.1525439187255241,,,,,,,SRB00001
2019-04-18,2672.01,0.02,13.1,0.06849668992818164,0.08440016818681745,0.05967720853000475,0.16201348993359085,0.09364478341001009,0.056820921164718,0.0905592885147202,0.14212211466803598,0.15562394917405964,,,,,,,SRB00001
2019-04-19,2522.48,0.0,14.4,0.05688384123104145,0.07511913492220973,0.05376640142680322,0.163468666186373,0.09746632016818794,0.060575535352498475,0.08522520401126223,0.13922689303612779,0.15481379379943075,,,,,,,SRB00001
2019-04-20,2397.83,0.0,13.96,0.04527099253390125,0.06583810165760201,0.0478555943236017,0.16492384243915514,0.1012878569263658,0.06433014954027895,0.07989111950780425,0.1363316714042196,0.15400363842480186,,,,,,,SRB00001
2019-04-21,2289.87,0.0,15.23,0.05076234863831402,0.07220152336905812,0.05345413191660011,0.18435541897712682,0.11019478009636066,0.06961518871125616,0.08869079724369196,0.1543356483892561,0.1748430829624702,,,,,,,SRB00001
2019-04-22,2207.01,0.0,15.98,0.056253704742726784,0.07856494508051423,0.05905266950959852,0.2037869955150985,0.11910170326635554,0.07490022788223337,0.09749047497957966,0.1723396253742926,0.19568252750013854,,,,,,,SRB00001
2019-04-23,2166.7,1.78,13.37,0.06174506084713956,0.08492836679197033,0.06465120710259693,0.22321857205307016,0.12800862643635041,0.08018526705321058,0.10629015271546735,0.1903436023593291,0.21652197203780688,,,,,,,SRB00001
2019-04-24,2186.76,0.57,18.14,0.06723641695155233,0.09129178850342644,0.07024974469559533,0.24265014859104184,0.13691554960634528,0.08547030622418779,0.11508983045135505,0.2083475793443656,0.23736141657547521,,,,,,,SRB00001
2019-04-25,2274.1,0.05,19.39,0.07272777305596509,0.09765521021488255,0.07584828228859375,0.2620817251290135,0.14582247277634014,0.090755345395165,0.12388950818724276,0.2263515563294021,0.25820086111314355,,,,,,,SRB00001
2019-04-26,2408.91,1.34,21.87,0.1084589264601312,0.12943595360302892,0.10946512938395303,0.28845707029404866,0.17970341854388444,0.12279922804173396,0.15543041975018515,0.2523605634155274,0.28078286702527144,,,,,,,SRB00001
2019-04-27,2551.7,9.94,15.16,0.14419007986429727,0.1612166969911753,0.1430819764793123,0.3148324154590838,0.21358436431142874,0.15484311068830292,0.18697133131312754,0.2783695705016526,0.30336487293739933,,,,,,,SRB00001
2019-04-28,2678.17,0.16,13.92,0.17992123326846338,0.1929974403793217,0.1766988235746716,0.34120776062411895,0.24746531007897304,0.1868869933348719,0.2185122428760699,0.30437857758777787,0.3259468788495272,,,,,,,SRB00001
2019-04-29,2836.92,3.08,12.53,0.16859160845266155,0.18288007117402666,0.16632427103493833,0.32793018745513924,0.2343241539495127,0.17570752888477587,0.20696715026977047,0.2918486683669224,0.31348261167323443,,,,,,,SRB00001
2019-04-30,2984.38,5.91,11.51,0.1572619836368597,0.1727627019687316,0.15594971849520506,0.3146526142861596,0.22118299782005238,0.16452806443467982,0.19542205766347104,0.279318759146067,0.30101834449694165,,,,,,,SRB00001
2019-05-01,3018.95,0.32,14.73,0.14593235882105787,0.16264533276343657,0.14557516595547176,0.3013750411171799,0.20804184169059203,0.15334859998458375,0.1838769650571716,0.26678884992521157,0.28855407732064886,,,,,,,SRB00001
2019-05-02,2998.16,0.02,16.74,0.13460273400525605,0.15252796355814152,0.1352006134157385,0.28809746794820024,0.19490068556113171,0.1421691355344877,0.17233187245087217,0.2542589407043562,0.2760898101443561,,,,,,,SRB00001
2019-05-03,3046.89,0.94,15.4,0.12327310918945421,0.14241059435284645,0.12482606087600523,0.27481989477922053,0.18175952943167137,0.13098967108439166,0.16078677984457274,0.24172903148350072,0.2636255429680633,,,,,,,SRB00001
2019-05-04,3242.4,5.7,14.45,0.11194348437365237,0.1322932251475514,0.11445150833627195,0.2615423216102408,0.16861837330221102,0.1198102066342956,0.1492416872382733,0.2291991222626453,0.25116127579177044,,,,,,,SRB00001
2019-05-05,3379.65,8.69,11.69,0.10061385955785054,0.12217585594225636,0.10407695579653867,0.24826474844126117,0.1554772171727507,0.10863074218419955,0.13769659463197387,0.21666921304178988,0.23869700861547768,,,,,,,SRB00001
2019-05-06,3426.68,9.82,6.74,0.0892842347420487,0.11205848673696131,0.0937024032568054,0.23498717527228147,0.14233606104329036,0.0974512777341035,0.12615150202567443,0.20413930382093443,0.22623274143918487,,,,,,,SRB00001
2019-05-07,3555.31,0.35,9.81,0.07795460992624687,0.10194111753166626,0.08332785071707213,0.2217096021033018,0.12919490491383,0.08627181328400746,0.11460640941937499,0.191609394600079,0.21376847426289208,,,,,,,SRB00001
2019-05-08,3740.11,0.0,12.09,0.06662498511044504,0.0918237483263712,0.07295329817733885,0.2084320289343221,0.11605374878436969,0.0750923488339114,0.10306131681307555,0.17907948537922358,0.2013042070865993,10.2,0.058,1.09029522,359.0,1.3,0.02,SRB00001
2019-05-09,3800.89,9.75,11.15,0.06726738648780771,0.09356276378754781,0.07458140588859327,0.2156630594274713,0.1207875167889031,0.07877074125246464,0.10533306729007653,0.18366349670505927,0.20725685559002602,,,,,,,SRB00001
2019-05-10,3663.37,0.52,14.0,0.06790978786517038,0.0953017792487244,0.07620951359984769,0.2228940899206205,0.1255212847934365,0.08244913367101789,0.1076048177670775,0.188247508030895,0.2132095040934527,,,,,,,SRB00001
2019-05-11,3442.5,0.11,17.13,0.06855218924253305,0.09704079470990101,0.07783762131110213,0.23012512041376967,0.1302550527979699,0.08612752608957112,0.10987656824407849,0.19283151935673068,0.21916215259687943,,,,,,,SRB00001
2019-05-12,3264.88,6.63,17.52,0.06919459061989572,0.09877981017107762,0.07946572902235655,0.23735615090691886,0.1349888208025033,0.08980591850812437,0.11214831872107947,0.1974155306825664,0.22511480110030616,,,,,,,SRB00001
2019-05-13,3212.66,19.53,14.99,0.06983699199725839,0.10051882563225421,0.08109383673361097,0.24458718140006805,0.1397225888070367,0.09348431092667761,0.11442006919808045,0.2019995420084021,0.23106744960373285,,,,,,,SRB00001
2019-05-14,3317.94,7.52,7.71,0.07047939337462104,0.10225784109343082,0.08272194444486539,0.25181821189321724,0.1444563568115701,0.09716270334523085,0.11669181967508144,0.20658355333423778,0.23702009810715957,,,,,,,SRB00001
2019-05-15,3654.95,19.72,8.68,0.07112179475198371,0.10399685655460743,0.0843500521561198,0.2590492423863664,0.1491901248161035,0.1008410957637841,0.1189635701520824,0.2111675646600735,0.2429727466105863,,,,,,,SRB00001
2019-05-16,4119.98,0.11,11.12,0.07176419612934638,0.10573587201578402,0.08597815986737423,0.2662802728795156,0.1539238928206369,0.10451948818233733,0.12123532062908339,0.2157515759859092,0.248925395114013,,,,,,,SRB00001
2019-05-17,4294.36,0.0,13.16,0.07240659750670905,0.10747488747696063,0.08760626757862866,0.2735113033726648,0.1586576608251703,0.10819788060089058,0.12350707110608437,0.2203355873117449,0.2548780436174397,,,,,,,SRB00001
2019-05-18,4158.11,0.16,16.44,0.07304899888407172,0.10921390293813724,0.08923437528988308,0.280742333865814,0.1633914288297037,0.11187627301944382,0.12577882158308534,0.2249195986375806,0.2608306921208664,,,,,,,SRB00001
2019-05-19,3925.45,10.85,16.78,0.07369140026143439,0.11095291839931383,0.0908624830011375,0.28797336435896315,0.1681251968342371,0.11555466543799706,0.12805057206008633,0.2295036099634163,0.26678334062429315,,,,,,,SRB00001
2019-05-20,3688.78,1.21,15.74,0.07433380163879706,0.11269193386049044,0.09249059071239192,0.29520439485211236,0.1728589648387705,0.1192330578565503,0.1303223225370873,0.234087621289252,0.27273598912771985,,,,,,,SRB00001
2019-05-21,3474.36,0.93,15.34,0.07164324118876828,0.10721064150399143,0.0873291255225472,0.27935431744222466,0.16142265384844454,0.10885825924605834,0.12551095446251112,0.22473022711124563,0.2615907887053122,,,,,,,SRB00001
2019-05-22,3348.66,2.95,16.62,0.06895268073873947,0.10172934914749242,0.08216766033270247,0.26350424003233697,0.14998634285811857,0.09848346063556637,0.12069958638793493,0.21537283293323928,0.2504455882829046,,,,,,,SRB00001
2019-05-23,3604.79,0.92,15.06,0.06626212028871069,0.09624805679099341,0.07700619514285775,0.2476541626224493,0.13855003186779258,0.08810866202507439,0.11588821831335873,0.2060154387552329,0.23930038786049698,,,,,,,SRB00001
2019-05-24,5068.91,0.38,15.52,0.06357155983868189,0.0907667644344944,0.07184472995301303,0.23180408521256163,0.1271137208774666,0.07773386341458242,0.11107685023878254,0.19665804457722652,0.22815518743808938,,,,,,,SRB00001
2019-05-25,6265.14,0.02,18.56,0.0608809993886531,0.08528547207799539,0.0666832647631683,0.21595400780267393,0.11567740988714065,0.06735906480409046,0.10626548216420635,0.18730065039922017,0.21700998701568175,,,,,,,SRB00001
2019-05-26,6164.95,0.28,20.18,0.06555006088441791,0.08930631902367613,0.07141017851018387,0.20967598956421302,0.11254399792459623,0.06669209563448514,0.10863903195649466,0.18317857560351225,0.2112933752517194,,,,,,,SRB00001
2019-05-27,5700.64,2.4,17.96,0.07021912238018271,0.09332716596935688,0.07613709225719945,0.2033979713257521,0.1094105859620518,0.0660251264648798,0.11101258174878298,0.17905650080780436,0.20557676348775708,,,,,,,SRB00001
2019-05-28,5369.32,6.7,18.56,0.07488818387594752,0.09734801291503761,0.080864006004215,0.19711995308729122,0.1062771739995074,0.06535815729527447,0.1133861315410713,0.17493442601209644,0.19986015172379473,,,,,,,SRB00001
2019-05-29,5235.01,12.65,17.16,0.07955724537171233,0.10136885986071836,0.08559091975123058,0.1908419348488303,0.10314376203696297,0.06469118812566915,0.11575968133335961,0.17081235121638855,0.19414353995983238,,,,,,,SRB00001
2019-05-30,5307.84,1.95,14.68,0.08422630686747712,0.1053897068063991,0.09031783349824615,0.1845639166103694,0.10001035007441855,0.06402421895606383,0.11813323112564791,0.16669027642068063,0.18842692819587006,,,,,,,SRB00001
2019-05-31,5860.38,5.52,15.2,0.08889536836324193,0.10941055375207984,0.09504474724526173,0.17828589837190847,0.09687693811187413,0.0633572497864585,0.12050678091793623,0.1625682016249727,0.18271031643190772,,,,,,,SRB00001
2019-06-01,6651.73,10.34,18.07,0.09356442985900673,0.11343140069776059,0.0997716609922773,0.17200788013344756,0.09374352614932971,0.06269028061685317,0.12288033071022456,0.15844612682926482,0.17699370466794537,,,,,,,SRB00001
2019-06-02,6713.29,3.05,19.58,0.09823349135477154,0.11745224764344132,0.10449857473929286,0.16572986189498667,0.0906101141867853,0.06202331144724785,0.12525388050251285,0.1543240520335569,0.17127709290398302,,,,,,,SRB00001
2019-06-03,6193.41,1.75,20.63,0.10290255285053634,0.12147309458912206,0.10922548848630843,0.15945184365652576,0.08747670222424088,0.06135634227764252,0.12762743029480117,0.150201977237849,0.1655604811400207,,,,,,,SRB00001
2019-06-04,5661.39,1.67,20.88,0.10757161434630115,0.1254939415348028,0.11395240223332401,0.15317382541806485,0.08434329026169646,0.060689373108037195,0.1300009800870895,0.14607990244214109,0.15984386937605835,,,,,,,SRB00001
2019-06-05,5295.63,4.52,20.68,0.08895445386511737,0.1096398027329326,0.09714763821692078,0.15867990386917072,0.084118717342892,0.05575084416533168,0.1150254581382958,0.14563037072173238,0.1630728612997155,9.7,0.117,1.32957326,326.0,2.0,0.0181,SRB00001
2019-06-06,5010.87,1.88,20.04,0.07033729338393357,0.09378566393106239,0.08034287420051756,0.16418598232027662,0.08389414442408755,0.050812315222626164,0.10004993618950213,0.14518083900132364,0.16630185322337265,,,,,,,SRB00001
2019-06-07,4763.31,0.0,22.18,0.0517201329027498,0.07793152512919216,0.06353811018411434,0.1696920607713825,0.08366957150528309,0.04587378627992065,0.08507441424070844,0.14473130728091493,0.1695308451470298,,,,,,,SRB00001
2019-06-08,4548.88,0.0,22.36,0.05277320564791127,0.07880867035174023,0.06353255305515675,0.17288118263757327,0.08876026411914027,0.049575388241728975,0.08591807456041022,0.14565544069655023,0.17329641025263004,,,,,,,SRB00001
2019-06-09,4414.7,0.0,23.44,0.053826278393072746,0.0796858155742883,0.06352699592619915,0.17607030450376404,0.09385095673299745,0.0532769902035373,0.08676173488011199,0.14657957411218553,0.1770619753582303,,,,,,,SRB00001
2019-06-10,4324.14,0.01,25.39,0.06116723675411948,0.08796007729010555,0.07238658705956251,0.1815925134239105,0.10245178971345989,0.062102346257908635,0.09604673436376486,0.15408372947283572,0.18470671874746122,,,,,,,SRB00001
2019-06-11,4225.69,0.03,25.11,0.06850819511516622,0.0962343390059228,0.08124617819292589,0.187114722344057,0.11105262269392231,0.07092770231227997,0.10533173384741773,0.1615878848334859,0.1923514621366922,,,,,,,SRB00001
2019-06-12,4091.61,0.01,24.64,0.07584915347621295,0.10450860072174005,0.09010576932628925,0.19263693126420345,0.11965345567438475,0.07975305836665131,0.1146167333310706,0.1690920401941361,0.19999620552592312,,,,,,,SRB00001
2019-06-13,3989.25,0.0,26.67,0.06194052988102242,0.09158683760737914,0.07808625876391065,0.18725567982443814,0.10813080970256453,0.06691669182030063,0.10173815484154258,0.15765224333458377,0.18743649902956025,,,,,,,SRB00001
2019-06-14,3952.67,0.0,26.29,0.0480319062858319,0.07866507449301822,0.06606674820153206,0.18187442838467285,0.09660816373074431,0.054080325273949965,0.08885957635201455,0.14621244647503145,0.17487679253319738,,,,,,,SRB00001
2019-06-15,3961.78,0.0,27.78,0.0903146734347301,0.11232381359860355,0.0973715290636557,0.2124476931043653,0.12861480740920342,0.09068203145564652,0.12237631379517361,0.17769449383850472,0.20650502850814795,,,,,,,SRB00001
2019-06-16,3961.78,3.73,25.94,0.1325974405836283,0.14598255270418886,0.12867630992577933,0.24302095782405772,0.16062145108766251,0.12728373763734305,0.15589305123833266,0.20917654120197796,0.2381332644830985,,,,,,,SRB00001
2019-06-17,3952.67,10.6,21.73,0.1748802077325265,0.1796412918097742,0.15998109078790299,0.27359422254375015,0.19262809476612164,0.1638854438190396,0.18940978868149172,0.2406585885654512,0.26976150045804903,,,,,,,SRB00001
2019-06-18,3970.92,1.61,22.16,0.2171629748814247,0.21330003091535954,0.19128587165002664,0.30416748726344256,0.22463473844458076,0.20048715000073614,0.22292652612465078,0.27214063592892446,0.3013897364329996,,,,,,,SRB00001
2019-06-19,4044.76,1.5,23.1,0.2594457420303229,0.24695877002094485,0.22259065251215024,0.334740751983135,0.2566413821230399,0.2370888561824327,0.25644326356780983,0.3036226832923977,0.33301797240795017,,,,,,,SRB00001
2019-06-20,4091.61,9.88,24.15,0.1569268911461426,0.16713682744204672,0.15143730339223102,0.2600738996319726,0.17197003266013888,0.14168195715715476,0.23752347865707818,0.28465564096623713,0.3137408540960063,,,,,,,SRB00001
2019-06-21,4186.94,1.78,24.9,0.0544080402619623,0.0873148848631486,0.0802839542723118,0.1854070472808102,0.0872986831972379,0.0462750581318768,0.21860369374634653,0.26568859864007655,0.29446373578406243,,,,,,,SRB00001
2019-06-22,4304.27,3.25,25.46,0.05718550242473598,0.08951200417706617,0.08112353571846703,0.183646328505721,0.08935908181664275,0.048459449390266925,0.19968390883561488,0.24672155631391596,0.2751866174721186,,,,,,,SRB00001
2019-06-23,4364.16,28.93,21.14,0.059962964587509666,0.09170912349098374,0.08196311716462225,0.18188560973063175,0.0914194804360476,0.050643840648657054,0.18076412392488322,0.22775451398775537,0.2559094991601747,,,,,,,SRB00001
2019-06-24,4445.31,4.39,23.1,0.06274042675028335,0.09390624280490131,0.08280269861077748,0.18012489095554254,0.09347987905545245,0.05282823190704718,0.16184433901415157,0.20878747166159478,0.23663238084823085,,,,,,,SRB00001
2019-06-25,4633.47,0.24,25.37,0.06551788891305703,0.09610336211881887,0.08364228005693271,0.17836417218045333,0.09554027767485729,0.0550126231654373,0.14292455410341992,0.1898204293354342,0.217355262536287,,,,,,,SRB00001
2019-06-26,4829.59,0.0,27.6,0.06829535107583072,0.09830048143273644,0.08448186150308792,0.1766034534053641,0.09760067629426214,0.05719701442382743,0.12400476919268827,0.1708533870092736,0.19807814422434314,,,,,,,SRB00001
2019-06-27,4919.39,0.4,27.8,0.0710728132386044,0.10049760074665401,0.08532144294924315,0.1748427346302749,0.09966107491366699,0.05938140568221755,0.1050849842819566,0.15188634468311302,0.17880102591239927,,,,,,,SRB00001
2019-06-28,4829.59,0.0,23.06,0.07072220615663595,0.0981478689097098,0.0825723251565575,0.18069594430457794,0.10329327505820105,0.0622288428840629,0.10366924042111941,0.1529428856207986,0.1823955113157092,,,,,,,SRB00001
2019-06-29,4580.42,0.0,22.95,0.0703715990746675,0.0957981370727656,0.07982320736387186,0.186549153978881,0.1069254752027351,0.06507628008590825,0.10225349656028221,0.1539994265584842,0.18598999671901914,,,,,,,SRB00001
2019-06-30,4274.63,0.0,24.46,0.0533653764116329,0.088398170722179,0.0776568935513143,0.2000811345563817,0.1052669100103475,0.0591876739148179,0.10171787046324636,0.15285574982786398,0.18504388905919528,,,,,,,SRB00001
2019-07-01,4044.76,0.0,27.43,0.06127050705543523,0.09150794635545897,0.07847583715743768,0.19108183999149944,0.1055025706815505,0.0614278366820689,0.1011822443662105,0.15171207309724377,0.1840977813993714,,,,,,,SRB00001
2019-07-02,3916.42,0.0,27.88,0.06917563769923755,0.09461772198873894,0.07929478076356106,0.18208254542661717,0.10573823135275351,0.0636679994493199,0.10064661826917465,0.15056839636662356,0.18315167373954755,,,,,,,SRB00001
2019-07-03,3800.89,1.66,25.46,0.06675109842057401,0.09268143921192733,0.07721845552489529,0.18104961085783805,0.10407400077065707,0.06210577896598393,0.09874679846836819,0.15003458502770495,0.18166590345273856,8.4,0.123,1.00903098,312.0,1.0,0.0137,SRB00001
2019-07-04,3629.78,6.53,22.89,0.06432655914191046,0.09074515643511571,0.07514213028622951,0.18001667628905896,0.10240977018856062,0.06054355848264796,0.09684697866756173,0.14950077368878636,0.18018013316592957,,,,,,,SRB00001
2019-07-05,3434.58,0.01,24.5,0.06190201986324692,0.08880887365830412,0.07306580504756376,0.17898374172027984,0.1007455396064642,0.05898133799931198,0.09494715886675527,0.14896696234986775,0.1786943628791206,,,,,,,SRB00001
2019-07-06,3279.95,0.16,27.04,0.05947748058458338,0.0868725908814925,0.07098947980889798,0.17795080715150075,0.09908130902436775,0.05741911751597601,0.09304733906594881,0.14843315101094917,0.17720859259231161,,,,,,,SRB00001
2019-07-07,3154.01,10.09,24.42,0.057052941305919834,0.08493630810468089,0.06891315457023221,0.17691787258272162,0.09741707844227131,0.05585689703264004,0.09114751926514235,0.14789933967203056,0.17572282230550262,,,,,,,SRB00001
2019-07-08,3032.89,3.84,21.82,0.08604923874159028,0.10978511758878201,0.09419507069801092,0.20656919487876296,0.1280107866480091,0.08995167557403025,0.11939936042334084,0.1780550118636261,0.20608543920646188,,,,,,,SRB00001
2019-07-09,2916.43,4.78,20.6,0.11504553617726071,0.13463392707288313,0.11947698682578961,0.2362205171748043,0.1586044948537469,0.12404645411542045,0.14765120158153935,0.20821068405522164,0.23644805610742115,,,,,,,SRB00001
2019-07-10,2804.43,0.35,19.26,0.14404183361293116,0.15948273655698422,0.1447589029535683,0.26587183947084564,0.1891982030594847,0.15814123265681068,0.17590304273973786,0.23836635624681715,0.2668106730083804,,,,,,,SRB00001
2019-07-11,2734.27,0.0,20.07,0.17303813104860158,0.18433154604108534,0.170040819081347,0.295523161766887,0.2197919112652225,0.19223601119820088,0.20415488389793635,0.26852202843841266,0.29717328990933967,,,,,,,SRB00001
2019-07-12,2709.19,0.15,20.02,0.20203442848427203,0.20918035552518646,0.19532273520912571,0.3251744840629283,0.2503856194709603,0.2263307897395911,0.23240672505613486,0.2986777006300082,0.327535906810299,,,,,,,SRB00001
2019-07-13,2702.96,3.98,18.23,0.23103072591994245,0.23402916500928755,0.2206046513369044,0.35482580635896965,0.2809793276766981,0.2604255682809813,0.26065856621433336,0.32883337282160374,0.35789852371125824,,,,,,,SRB00001
2019-07-14,2678.17,1.54,19.77,0.2600270233556129,0.2588779744933887,0.2458865674646831,0.384477128655011,0.3115730358824359,0.2945203468223715,0.2889104073725319,0.3589890450131993,0.3882611406122175,,,,,,,SRB00001
2019-07-15,2653.61,0.98,20.8,0.15313726244109926,0.1675642750295083,0.1531515163849223,0.29031697199468576,0.2071525150003719,0.1761421716230072,0.22200981010224521,0.290806437296508,0.3199703076542578,,,,,,,SRB00001
2019-07-16,2678.17,0.0,22.07,0.0462475015265856,0.0762505755656279,0.0604164653051615,0.1961568153343605,0.1027319941183079,0.0577639964236429,0.15510921283195855,0.22262382957981677,0.25167947469629814,,,,,,,SRB00001
2019-07-17,2843.46,0.0,22.86,0.061411173050365406,0.08609165992073844,0.0656945579991898,0.186132239623475,0.10616993985549386,0.0631903842405251,0.0882086155616719,0.15444122186312553,0.18338864173833852,,,,,,,SRB00001
2019-07-18,3046.89,0.4,22.73,0.06482544325666767,0.08696622945141622,0.0662334601440801,0.1908541988892081,0.11056501091504281,0.06611785153941094,0.09021289449004695,0.1578261646981169,0.19048501472710097,,,,,,,SRB00001
2019-07-19,3075.1,0.2,24.94,0.06823971346296995,0.087840798982094,0.0667723622889704,0.1955761581549412,0.11496008197459175,0.06904531883829676,0.092217173418422,0.16121110753310824,0.19758138771586342,,,,,,,SRB00001
2019-07-20,2957.01,0.0,26.02,0.06517860370343745,0.08531142655503494,0.06471873275453982,0.1917949275942493,0.11340368410751253,0.06842608863173504,0.09086829319058239,0.15758970378475948,0.19352157726006475,,,,,,,SRB00001
2019-07-21,2778.71,0.02,26.45,0.06211749394390495,0.0827820541279759,0.06266510322010924,0.18801369703355736,0.11184728624043332,0.06780685842517332,0.08951941296274277,0.1539683000364107,0.18946176680426607,,,,,,,SRB00001
2019-07-22,2617.18,0.0,26.11,0.05905638418437245,0.08025268170091684,0.06061147368567865,0.18423246647286545,0.1102908883733541,0.0671876282186116,0.08817053273490315,0.15034689628806194,0.1854019563484674,,,,,,,SRB00001
2019-07-23,2476.42,0.0,26.89,0.056437194887263925,0.07951194583629057,0.06027193051041828,0.18567580801444367,0.11433993292082228,0.06837761068969163,0.08871785913853968,0.15409020700092974,0.1875588337116288,,,,,,,SRB00001
2019-07-24,2370.37,0.0,25.71,0.0538180055901554,0.0787712099716643,0.059932387335157905,0.18711914955602188,0.11838897746829045,0.06956759316077166,0.0892651855421762,0.15783351771379756,0.18971571107479018,,,,,,,SRB00001
2019-07-25,2284.6,0.0,27.28,0.0719990251407727,0.0928143786114565,0.07186275306702346,0.19980011885354815,0.12711185771187086,0.07666233423286686,0.10158132388644986,0.17000048961401854,0.20362530428930836,,,,,,,SRB00001
2019-07-26,2222.31,2.31,23.95,0.09018004469138997,0.1068575472512487,0.08379311879888901,0.21248108815107444,0.13583473795545126,0.08375707530496207,0.1138974622307235,0.18216746151423954,0.21753489750382654,,,,,,,SRB00001
2019-07-27,2166.7,0.93,28.33,0.10836106424200725,0.1209007158910409,0.09572348453075455,0.2251620574486007,0.14455761819903168,0.09085181637705729,0.12621360057499714,0.19433443341446052,0.23144449071834472,,,,,,,SRB00001
2019-07-28,2112.49,13.43,24.6,0.12654208379262455,0.1349438845308331,0.1076538502626201,0.237843026746127,0.1532804984426121,0.0979465574491525,0.1385297389192708,0.20650140531468153,0.2453540839328629,,,,,,,SRB00001
2019-07-29,2069.14,5.01,23.59,0.14472310334324184,0.1489870531706253,0.11958421599448565,0.2505239960436533,0.1620033786861925,0.1050412985212477,0.15084587726354445,0.2186683772149025,0.2592636771473811,,,,,,,SRB00001
2019-07-30,2069.14,1.61,26.01,0.1145760554600717,0.12467263083751325,0.0991038405147812,0.23159826401415737,0.14628711860189608,0.09266339487257355,0.13044762534822568,0.1963978537234183,0.2351849114602522,,,,,,,SRB00001
2019-07-31,2132.04,0.32,27.36,0.08442900757690155,0.10035820850440119,0.07862346503507675,0.21267253198466143,0.13057085851759967,0.08028549122389941,0.11004937343290691,0.1741273302319341,0.21110614577312334,,,,,,,SRB00001
2019-08-01,2305.75,7.33,25.27,0.0542819596937314,0.07604378617128914,0.058143089555372306,0.19374679995516553,0.11485459843330326,0.06790758757522526,0.08965112151758815,0.1518568067404499,0.18702738008599445,,,,,,,SRB00001
2019-08-02,2734.27,10.48,25.3,0.07422130819727743,0.09409128173949477,0.07547939834468058,0.20656274491924698,0.12262161418003667,0.07229242101004076,0.10536463130360382,0.17119818360297784,0.20550684398393576,,,,,,,SRB00001
2019-08-03,3096.42,13.09,21.78,0.09416065670082345,0.1121387773077004,0.09281570713398885,0.2193786898833284,0.13038862992677008,0.07667725444485625,0.1210781410896195,0.1905395604655058,0.2239863078818771,,,,,,,SRB00001
2019-08-04,3125.08,0.52,21.31,0.08487334501189843,0.10411697395017117,0.08509955612339833,0.21329092152214096,0.12594536381910953,0.07376661187461138,0.11364760487219633,0.1832058540054996,0.21746576648580215,,,,,,,SRB00001
2019-08-05,2998.16,0.0,23.02,0.0755860333229734,0.09609517059264194,0.07738340511280781,0.20720315316095353,0.12150209771144901,0.07085596930436651,0.10621706865477316,0.17587214754549338,0.2109452250897272,,,,,,,SRB00001
2019-08-06,2850.02,0.03,26.01,0.06629872163404837,0.0880733672351127,0.06966725410221727,0.20111538479976612,0.11705883160378847,0.06794532673412164,0.09878653243734999,0.16853844108548718,0.2044246836936523,,,,,,,SRB00001
2019-08-07,2753.23,0.0,27.71,0.057011409945123354,0.08005156387758347,0.061951103091626755,0.1950276164385787,0.11261556549612793,0.06503468416387677,0.09135599621992682,0.16120473462548096,0.19790414229757736,10.7,0.056,0.81941442,339.0,3.0,0.0459,SRB00001
2019-08-08,2696.74,4.07,25.36,0.04772409825619833,0.07202976052005423,0.054234952081036236,0.18893984807739125,0.1081722993884674,0.062124041593631905,0.08392546000250364,0.15387102816547477,0.19138360090150242,,,,,,,SRB00001
2019-08-09,2623.22,1.73,26.54,0.05249441423273509,0.07613538964199697,0.05663015672338567,0.1837292537433974,0.10580150450709024,0.060707064362733903,0.08404432130933391,0.15057894913098757,0.18688631971863834,,,,,,,SRB00001
2019-08-10,2516.68,0.0,28.21,0.05726473020927184,0.08024101876393971,0.059025361365735114,0.17851865940940354,0.10343070962571306,0.0592900871318359,0.08416318261616419,0.14728687009650035,0.18238903853577423,,,,,,,SRB00001
2019-08-11,2453.71,0.0,28.31,0.0620350461858086,0.08434664788588245,0.06142056600808455,0.1733080650754097,0.1010599147443359,0.0578731099009379,0.08428204392299446,0.14399479106201316,0.17789175735291016,,,,,,,SRB00001
2019-08-12,2499.35,0.0,30.36,0.0589205762830754,0.08359422576800105,0.061999133619783695,0.1820146020858474,0.11015350102540487,0.0631565951409657,0.08746427840024776,0.15342796359373878,0.18672521452778162,,,,,,,SRB00001
2019-08-13,2551.7,0.28,26.31,0.055806106380342196,0.08284180365011964,0.06257770123148285,0.1907211390962851,0.11924708730647385,0.0684400803809935,0.09064651287750106,0.16286113612546438,0.1955586717026531,,,,,,,SRB00001
2019-08-14,2534.13,14.96,18.29,0.06276199559066427,0.086565266227482,0.0674518815784477,0.19493656518981944,0.12213398108450875,0.07484903723636917,0.09407664981202542,0.1657847692445916,0.19650054282519147,,,,,,,SRB00001
2019-08-15,2534.13,0.34,20.36,0.06971788480098633,0.09028872880484436,0.07232606192541255,0.1991519912833538,0.12502087486254365,0.08125799409174483,0.09750678674654979,0.16870840236371884,0.19744241394772985,,,,,,,SRB00001
2019-08-16,2647.5,1.68,19.86,0.0766737740113084,0.0940121913822067,0.0772002422723774,0.20336741737688815,0.12790776864057857,0.0876669509471205,0.10093692368107415,0.17163203548284606,0.19838428507026823,,,,,,,SRB00001
2019-08-17,2869.78,0.0,21.94,0.0383470530066759,0.0684309692355059,0.05132835748749,0.1979988192625369,0.0990464996464694,0.0518964536534205,0.08846573381603662,0.15705708956051861,0.18759294317952202,,,,,,,SRB00001
2019-08-18,2977.52,0.0,24.02,0.05071918839465655,0.07427517744416726,0.05278293149897895,0.17628057627467025,0.10462278408092915,0.0602298550967396,0.0759945439509991,0.1424821436381912,0.17680160128877584,,,,,,,SRB00001
2019-08-19,2896.34,0.0,27.26,0.052557894216208684,0.07563340526652405,0.05405782216467693,0.17466114765260135,0.10457771919746198,0.06078855721573508,0.0775262980395167,0.14191648987384237,0.1754103477917867,,,,,,,SRB00001
2019-08-20,2765.94,0.0,28.67,0.05439660003776082,0.07699163308888085,0.055332712830374914,0.17304171903053248,0.10453265431399482,0.06134725933473057,0.0790580521280343,0.14135083610949353,0.17401909429479762,,,,,,,SRB00001
2019-08-21,2641.41,0.0,25.93,0.05623530585931295,0.07834986091123765,0.0566076034960729,0.17142229040846357,0.10448758943052765,0.06190596145372605,0.0805898062165519,0.1407851823451447,0.1726278407978085,,,,,,,SRB00001
2019-08-22,2522.48,0.01,25.09,0.06021945608391016,0.0821228838420812,0.05941147534014605,0.17622039958286545,0.10442322491644185,0.06068845063041616,0.08333047720912587,0.14610685813458793,0.17727190726338599,,,,,,,SRB00001
2019-08-23,2414.46,0.21,26.11,0.06420360630850737,0.08589590677292475,0.0622153471842192,0.1810185087572673,0.10435886040235605,0.05947093980710627,0.08607114820169984,0.15142853392403116,0.18191597372896345,,,,,,,SRB00001
2019-08-24,2408.91,1.12,27.24,0.06818775653310458,0.0896689297037683,0.06501921902829234,0.18581661793166918,0.10429449588827025,0.05825342898379638,0.0888118191942738,0.15675020971347442,0.18656004019454095,,,,,,,SRB00001
2019-08-25,2575.32,3.98,26.13,0.07217190675770178,0.09344195263461184,0.0678230908723655,0.19061472710607102,0.10423013137418445,0.05703591816048649,0.09155249018684777,0.16207188550291765,0.19120410666011842,,,,,,,SRB00001
2019-08-26,2765.94,4.88,25.6,0.07615605698229899,0.0972149755654554,0.07062696271643865,0.1954128362804729,0.10416576686009865,0.0558184073371766,0.09429316117942174,0.16739356129236088,0.1958481731256959,,,,,,,SRB00001
2019-08-27,2817.38,0.15,26.45,0.06718833753076955,0.08785783310795534,0.06356475808692319,0.18714985077233304,0.10478250834022287,0.0577573351586541,0.08658989955552372,0.15661477746293623,0.18770747619563405,,,,,,,SRB00001
2019-08-28,2759.58,0.0,27.12,0.0582206180792401,0.07850069065045526,0.05650255345740775,0.1788868652641932,0.1053992498203471,0.0596962629801316,0.0788866379316257,0.14583599363351157,0.17956677926557216,,,,,,,SRB00001
2019-08-29,2678.17,0.0,25.79,0.056029191213687816,0.07642247749190322,0.05429140275490215,0.1736517840250861,0.10303688803531272,0.058160878230283465,0.07648831548849531,0.14117305136326244,0.17392123156325373,,,,,,,SRB00001
2019-08-30,2623.22,0.63,27.21,0.05383776434813554,0.07434426433335119,0.052080252052396546,0.16841670278597903,0.10067452625027833,0.056625493480435336,0.07408999304536494,0.13651010909301328,0.16827568386093528,,,,,,,SRB00001
2019-08-31,2575.32,0.0,27.54,0.05164633748258325,0.07226605117479915,0.04986910134989095,0.16318162154687194,0.09831216446524395,0.0550901087305872,0.07169167060223455,0.13184716682276415,0.16263013615861685,,,,,,,SRB00001
2019-09-01,2510.89,0.06,26.68,0.046884900925693924,0.07018899080703891,0.04980462373211693,0.17037056404611284,0.10124784351163654,0.05652214148096822,0.0731480134220206,0.13651858360965577,0.1661545485142671,,,,,,,SRB00001
2019-09-02,2436.81,0.02,25.35,0.0421234643688046,0.0681119304392787,0.0497401461143429,0.17755950654535377,0.10418352255802914,0.057954174231349236,0.07460435624180665,0.1411900003965474,0.1696789608699173,,,,,,,SRB00001
2019-09-03,2375.84,1.67,18.04,0.04189893094702485,0.06739513696818251,0.04895182271198295,0.17230266891248325,0.10108767454621699,0.05667240160718647,0.07205893735400482,0.13653470320694636,0.16371735357592632,,,,,,,SRB00001
2019-09-04,2364.92,0.03,19.79,0.0416743975252451,0.06667834349708633,0.048163499309623,0.16704583127961273,0.09799182653440484,0.055390628983023715,0.06951351846620299,0.1318794060173453,0.15775574628193534,,,,,,,SRB00001
2019-09-05,2448.06,0.0,20.29,0.04144986410346535,0.06596155002599015,0.04737517590726305,0.1617889936467422,0.0948959785225927,0.05410885635886095,0.06696809957840115,0.12722410882774426,0.15179413898794436,,,,,,,SRB00001
2019-09-06,2740.57,0.12,21.71,0.04205710856870738,0.06585478980403865,0.04698053593355655,0.1601415841466459,0.09351407064124245,0.0528445689537933,0.06635817380042995,0.12590169183092148,0.15068239468606726,,,,,,,SRB00001
2019-09-07,3110.72,10.85,21.03,0.04266435303394941,0.06574802958208716,0.04658589595985005,0.1584941746465496,0.0921321627598922,0.051580281548725654,0.06574824802245875,0.1245792748340987,0.14957065038419015,,,,,,,SRB00001
2019-09-08,3125.08,2.96,21.51,0.04327159749919144,0.06564126936013565,0.04619125598614355,0.1568467651464533,0.09075025487854195,0.050315994143658,0.06513832224448754,0.12325685783727591,0.14845890608231302,,,,,,,SRB00001
2019-09-09,2984.38,9.39,19.87,0.043878841964433465,0.06553450913818415,0.04579661601243705,0.155199355646357,0.08936834699719169,0.04905170673859035,0.06452839646651634,0.12193444084045313,0.14734716178043591,,,,,,,SRB00001
2019-09-10,2943.42,0.04,17.67,0.0444860864296755,0.06542774891623265,0.04540197603873055,0.1535519461462607,0.08798643911584145,0.0477874193335227,0.06391847068854514,0.12061202384363034,0.1462354174785588,,,,,,,SRB00001
2019-09-11,3018.95,0.11,20.16,0.05431696856236275,0.07633666315382517,0.05533791255193225,0.1736726568355716,0.10407332895897176,0.056543281773023854,0.07815439803213538,0.14269698503686928,0.16998666784751326,8.5,0.089,1.16930212,362.0,1.2,0.0093,SRB00001
2019-09-12,3161.28,0.29,21.46,0.06414785069505,0.0872455773914177,0.06527384906513395,0.19379336752488246,0.12016021880210205,0.065299144212525,0.09239032537572561,0.16478194623010822,0.19373791821646774,,,,,,,SRB00001
2019-09-13,3325.6,0.0,20.62,0.05926610334732328,0.08296457216895528,0.06257491714818193,0.18212640290992302,0.11003239258494653,0.05982907958200658,0.08682239104682112,0.15302048550945266,0.17978274479133943,,,,,,,SRB00001
2019-09-14,3364.12,0.0,21.42,0.05438435599959657,0.07868356694649287,0.05987598523122992,0.1704594382949636,0.09990456636779102,0.05435901495148817,0.0812544567179166,0.14125902478879707,0.16582757136621115,,,,,,,SRB00001
2019-09-15,3234.94,0.0,20.17,0.04950260865186985,0.07440256172403045,0.0571770533142779,0.15879247368000415,0.0897767401506355,0.04888895032096975,0.0756865223890121,0.1294975640681415,0.15187239794108284,,,,,,,SRB00001
2019-09-16,3032.89,0.17,22.2,0.05149148992310866,0.07588357055262596,0.05836169328067557,0.14636317468128288,0.08539570633911762,0.048202017095447504,0.07436811086686743,0.12020173256619235,0.1401103031305867,,,,,,,SRB00001
2019-09-17,2836.92,1.64,22.07,0.05348037119434747,0.07736457938122147,0.059546333247073244,0.13393387568256163,0.08101467252759975,0.04751508386992525,0.07304969934472273,0.1109059010642432,0.12834820832009058,,,,,,,SRB00001
2019-09-18,2659.72,2.75,16.08,0.055469252465586275,0.07884558820981698,0.060730973213470915,0.12150457668384036,0.07663363871608188,0.046828150644403,0.07173128782257805,0.10161006956229403,0.11658611350959444,,,,,,,SRB00001
2019-09-19,2516.68,0.0,13.9,0.05745813373682508,0.08032659703841248,0.06191561317986859,0.1090752776851191,0.072252604904564,0.04614121741888075,0.07041287630043336,0.09231423806034487,0.1048240186990983,,,,,,,SRB00001
2019-09-20,2397.83,0.0,12.82,0.05944701500806389,0.08180760586700798,0.06310025314626626,0.09664597868639782,0.06787157109304615,0.0454542841933585,0.06909446477828868,0.08301840655839572,0.09306192388860217,,,,,,,SRB00001
2019-09-21,2284.6,0.0,13.78,0.061435896279302696,0.0832886146956035,0.06428489311266393,0.08421667968767656,0.06349053728152827,0.044767350967836246,0.06777605325614398,0.07372257505644655,0.08129982907810604,,,,,,,SRB00001
2019-09-22,2181.73,0.26,16.56,0.0634247775505415,0.084769623524199,0.0654695330790616,0.0717873806889553,0.0591095034700104,0.044080417742314,0.0664576417339993,0.0644267435544974,0.0695377342676099,,,,,,,SRB00001
2019-09-23,2097.94,4.17,18.46,0.06628981122516352,0.0873734437327007,0.06706469795428845,0.10314509134061864,0.07440276875047987,0.0493825099320414,0.07447516835070513,0.09047836219536017,0.1003369333297938,,,,,,,SRB00001
2019-09-24,2031.36,5.27,16.14,0.06915484489978554,0.08997726394120241,0.0686598628295153,0.13450280199228198,0.08969603403094932,0.054684602121768795,0.08249269496741093,0.11652998083622293,0.13113613239197772,,,,,,,SRB00001
2019-09-25,1975.97,4.49,17.75,0.07201987857440756,0.0925810841497041,0.07025502770474215,0.1658605126439453,0.10498929931141879,0.0599866943114962,0.09051022158411676,0.1425815994770857,0.1619353314541616,,,,,,,SRB00001
2019-09-26,1935.42,9.65,16.33,0.058571675150860134,0.07953447466402899,0.0594074197723547,0.15476540230912625,0.10371452365017907,0.060165257451956694,0.0794071308962595,0.1300936266661455,0.1516008096158685,,,,,,,SRB00001
2019-09-27,1926.53,0.0,17.86,0.0451234717273127,0.0664878651783539,0.04855981183996725,0.1436702919743072,0.10243974798893934,0.0603438205924172,0.06830404020840225,0.1176056538552053,0.14126628777757538,,,,,,,SRB00001
2019-09-28,1962.36,0.43,18.42,0.050309266185253436,0.07125515724518434,0.0526036752374312,0.14693326932635564,0.10723282416793106,0.06360216906029378,0.07287887480687359,0.12105412224712296,0.14424967784476228,,,,,,,SRB00001
2019-09-29,2031.36,0.61,18.45,0.05549506064319416,0.07602244931201481,0.05664753863489515,0.1501962466784041,0.11202590034692278,0.06686051752817038,0.07745370940534495,0.12450259063904061,0.14723306791194918,,,,,,,SRB00001
2019-09-30,2078.7,0.16,20.47,0.0606808551011349,0.08078974137884526,0.0606914020323591,0.15345922403045253,0.1168189765259145,0.07011886599604696,0.08202854400381629,0.12795105903095827,0.15021645797913608,,,,,,,SRB00001
2019-10-01,2102.78,0.0,19.46,0.05551399515213822,0.07616474588022831,0.05689400910557853,0.14924028157181218,0.11301186958461325,0.06679607163961733,0.07852480973529692,0.12549209514212437,0.14613555973529427,,,,,,,SRB00001
2019-10-02,2107.63,6.23,20.13,0.050347135203141546,0.07153975038161135,0.05309661617879795,0.14502133911317183,0.109204762643312,0.0634732772831877,0.07502107546677755,0.12303313125329045,0.14205466149145246,9.3,0.075,1.00000162,402.0,2.4,0.001,SRB00001
2019-10-03,2112.49,7.86,12.5,0.04810286931292973,0.07030815958727192,0.05248441505662501,0.14359794058120293,0.10628786727085185,0.06271972770300713,0.07444987136414044,0.1219516026740336,0.14070372056076502,,,,,,,SRB00001
2019-10-04,2122.24,0.0,12.12,0.045858603422717914,0.0690765687929325,0.05187221393445207,0.142174542049234,0.10337097189839171,0.06196617812282655,0.07387866726150333,0.12087007409477675,0.13935277963007758,,,,,,,SRB00001
2019-10-05,2136.96,2.52,12.24,0.0436143375325061,0.06784497799859307,0.051260012812279133,0.1407511435172651,0.10045407652593157,0.06121262854264597,0.07330746315886623,0.1197885455155199,0.13800183869939014,,,,,,,SRB00001
2019-10-06,2217.2,0.19,11.4,0.04137007164229428,0.06661338720425364,0.050647811690106195,0.13932774498529618,0.09753718115347142,0.06045907896246539,0.07273625905622912,0.11870701693626305,0.1366508977687027,,,,,,,SRB00001
2019-10-07,2470.72,0.0,9.04,0.039125805752082465,0.0653817964099142,0.05003561056793325,0.13790434645332725,0.09462028578101128,0.059705529382284815,0.072165054953592,0.1176254883570062,0.1352999568380153,,,,,,,SRB00001
2019-10-08,2696.74,0.0,9.19,0.03688153986187065,0.06415020561557479,0.04942340944576031,0.13648094792135834,0.09170339040855113,0.05895197980210424,0.07159385085095489,0.11654395977774934,0.13394901590732786,,,,,,,SRB00001
2019-10-09,2772.32,0.06,14.02,0.03463727397165883,0.06291861482123536,0.048811208323587374,0.13505754938938944,0.08878649503609098,0.058198430221923655,0.07102264674831778,0.11546243119849249,0.13259807497664042,,,,,,,SRB00001
2019-10-10,2830.39,10.86,12.37,0.03239300808144702,0.06168702402689592,0.048199007201414436,0.1336341508574205,0.08586959966363085,0.05744488064174308,0.07045144264568068,0.11438090261923564,0.13124713404595298,,,,,,,SRB00001
2019-10-11,2869.78,0.02,12.34,0.0301487421912352,0.0604554332325565,0.0475868060792415,0.1322107523254516,0.0829527042911707,0.0566913310615625,0.06988023854304357,0.11329937403997879,0.12989619311526554,,,,,,,SRB00001
2019-10-12,2889.68,0.0,14.24,0.04372622867647445,0.066144682311452,0.048366708873107095,0.1369393185386212,0.09653198214317465,0.054174897962512444,0.06930903444040645,0.11221784546072194,0.1285452521845781,,,,,,,SRB00001
2019-10-13,2936.65,0.0,16.79,0.04374253609902222,0.06683825608840756,0.04871464957599033,0.13388290264130986,0.09526507978306127,0.05373875481295214,0.0685019447502531,0.10953977907246619,0.12491942598115643,,,,,,,SRB00001
2019-10-14,3005.08,0.0,18.44,0.04375884352156999,0.06753182986536313,0.049062590278873566,0.13082648674399852,0.09399817742294789,0.05330261166339185,0.06769485506009974,0.10686171268421045,0.12129359977773477,,,,,,,SRB00001
2019-10-15,2984.38,0.0,17.6,0.043775150944117755,0.06822540364231869,0.0494105309817568,0.12777007084668718,0.0927312750628345,0.05286646851383155,0.0668877653699464,0.1041836462959547,0.1176677735743131,,,,,,,SRB00001
2019-10-16,2843.46,0.07,17.32,0.0462151130723923,0.06876480449831929,0.050424114450827326,0.13036092504768773,0.09929546569466272,0.058146668814796874,0.06951048136555142,0.10731614629271097,0.12300438711405577,,,,,,,SRB00001
2019-10-17,2672.01,0.01,16.71,0.04865507520066685,0.0693042053543199,0.05143769791989785,0.13295177924868828,0.10585965632649094,0.0634268691157622,0.07213319736115645,0.11044864628946725,0.12834100065379844,,,,,,,SRB00001
2019-10-18,2505.11,0.0,16.41,0.04633382547810595,0.06727884584091506,0.05013397937254786,0.13179947507927187,0.10444468310601812,0.06232803930269451,0.07052080340395621,0.10825345333334827,0.12526979771754934,,,,,,,SRB00001
2019-10-19,2364.92,0.0,16.65,0.04401257575554506,0.06525348632751024,0.04883026082519788,0.13064717090985548,0.10302970988554531,0.061229209489626825,0.06890840944675598,0.10605826037722929,0.12219859478130023,,,,,,,SRB00001
2019-10-20,2263.64,0.0,17.07,0.041691326032984165,0.0632281268141054,0.047526542277847895,0.12949486674043906,0.1016147366650725,0.06013037967655913,0.06729601548955574,0.1038630674211103,0.11912739184505111,,,,,,,SRB00001
2019-10-21,2212.09,0.0,18.27,0.042932481985828386,0.06539510336607587,0.0506310728419474,0.13127020332267358,0.10716997107848378,0.06409232793801274,0.07111244000250877,0.1087457658320376,0.12370858622298642,,,,,,,SRB00001
2019-10-22,2191.81,0.0,18.67,0.0441736379386726,0.06756207991804636,0.0537356034060469,0.13304553990490808,0.11272520549189505,0.06805427619946636,0.0749288645154618,0.11362846424296491,0.12828978060092172,,,,,,,SRB00001
2019-10-23,2146.83,0.0,17.23,0.04922650626013783,0.07058153640216147,0.0558462796610782,0.13345299691073315,0.10872809901160725,0.06534292906755804,0.0753561893793714,0.11283194773504263,0.12645128352267854,,,,,,,SRB00001
2019-10-24,2073.91,0.0,15.76,0.05427937458160307,0.07360099288627658,0.05795695591610949,0.13386045391655818,0.10473099253131944,0.06263158193564972,0.07578351424328099,0.11203543122712034,0.12461278644443537,,,,,,,SRB00001
2019-10-25,1994.26,0.0,15.01,0.0593322429030683,0.0766204493703917,0.06006763217114079,0.13426791092238324,0.10073388605103165,0.059920234803741396,0.07621083910719059,0.11123891471919806,0.1227742893661922,,,,,,,SRB00001
2019-10-26,1930.97,0.01,14.66,0.059004427548224665,0.0762214347814046,0.060631300056960075,0.13642066627718868,0.10210131725093718,0.061122586833436535,0.07891886633094372,0.1134786424225969,0.12677258967533683,,,,,,,SRB00001
2019-10-27,1882.65,0.0,14.29,0.05867661219338103,0.0758224201924175,0.061194967942779364,0.13857342163199415,0.10346874845084274,0.062324938863131674,0.08162689355469685,0.11571837012599576,0.1307708899844815,,,,,,,SRB00001
2019-10-28,1835.54,0.24,12.5,0.06722613053206244,0.08352848423500149,0.06872887870956076,0.14374552227762338,0.10995342510514453,0.0694868413936299,0.08892910535187162,0.12163294440457934,0.13625713342573967,,,,,,,SRB00001
2019-10-29,1789.61,9.4,8.57,0.07577564887074387,0.09123454827758548,0.07626278947634216,0.1489176229232526,0.11643810175944631,0.07664874392412813,0.0962313171490464,0.1275475186831629,0.14174337686699784,,,,,,,SRB00001
2019-10-30,1752.88,1.45,7.16,0.08432516720942528,0.09894061232016946,0.08379670024312355,0.15408972356888187,0.1229227784137481,0.08381064645462634,0.10353352894622116,0.1334620929617465,0.147229620308256,,,,,,,SRB00001
2019-10-31,1724.84,0.0,4.99,0.0928746855481067,0.10664667636275345,0.09133061100990494,0.1592618242145111,0.12940745506804988,0.09097254898512457,0.11083574074339593,0.13937666724033007,0.15271586374951418,,,,,,,SRB00001
2019-11-01,1720.87,0.0,5.27,0.10142420388678812,0.11435274040533744,0.09886452177668634,0.16443392486014033,0.13589213172235168,0.09813445151562279,0.1181379525405707,0.14529124151891365,0.15820210719077235,,,,,,,SRB00001
2019-11-02,1744.82,3.83,9.19,0.10997372222546953,0.12205880444792143,0.10639843254346773,0.16960602550576956,0.14237680837665345,0.10529635404612102,0.12544016433774546,0.15120581579749723,0.16368835063203052,,,,,,,SRB00001
2019-11-03,1818.7,1.36,15.48,0.11852324056415095,0.12976486849050542,0.11393234331024912,0.1747781261513988,0.14886148503095525,0.11245825657661924,0.13274237613492024,0.1571203900760808,0.1691745940732887,,,,,,,SRB00001
2019-11-04,1917.67,7.55,13.65,0.12707275890283237,0.1374709325330894,0.12146625407703052,0.17995022679702805,0.15534616168525703,0.11962015910711746,0.140044587932095,0.16303496435466436,0.17466083751454686,,,,,,,SRB00001
2019-11-05,1985.1,6.48,15.68,0.1356222772415138,0.1451769965756734,0.1290001648438119,0.18512232744265728,0.16183083833955883,0.12678206163761568,0.14734679972926978,0.16894953863324794,0.18014708095580503,,,,,,,SRB00001
2019-11-06,2012.72,10.6,12.66,0.1441717955801952,0.15288306061825738,0.1365340756105933,0.1902944280882865,0.1683155149938606,0.1339439641681139,0.15464901152644456,0.17486411291183152,0.1856333243970632,10.0,0.106,1.10835394,437.0,1.8,0.0037,SRB00001
2019-11-07,2073.91,1.47,11.26,0.1527213139188766,0.16058912466084135,0.1440679863773747,0.19546652873391573,0.1748001916481624,0.14110586669861214,0.16195122332361933,0.1807786871904151,0.19111956783832137,,,,,,,SRB00001
2019-11-08,2207.01,0.81,10.59,0.16127083225755803,0.16829518870342536,0.1516018971441561,0.20063862937954496,0.18128486830246418,0.14826776922911036,0.1692534351207941,0.18669326146899867,0.19660581127957955,,,,,,,SRB00001
2019-11-09,2386.81,6.14,11.57,0.16982035059623946,0.17600125274600933,0.15913580791093748,0.2058107300251742,0.18776954495676598,0.1554296717596086,0.17655564691796888,0.19260783574758225,0.20209205472083772,,,,,,,SRB00001
2019-11-10,2599.16,11.13,6.89,0.17836986893492088,0.18370731678859334,0.16666971867771888,0.21098283067080345,0.19425422161106776,0.16259157429010682,0.18385785871514365,0.19852241002616583,0.2075782981620959,,,,,,,SRB00001
2019-11-11,2759.58,0.01,6.47,0.18691938727360227,0.19141338083117732,0.17420362944450027,0.21615493131643268,0.20073889826536956,0.16975347682060504,0.19116007051231843,0.2044369843047494,0.21306454160335406,,,,,,,SRB00001
2019-11-12,2772.32,3.5,9.78,0.1954689056122837,0.19911944487376132,0.18173754021128166,0.2213270319620619,0.20722357491967133,0.17691537935110324,0.1984622823094932,0.210351558583333,0.21855078504461223,,,,,,,SRB00001
2019-11-13,2696.74,0.92,13.93,0.20401842395096512,0.2068255089163453,0.18927145097806305,0.22649913260769114,0.2137082515739731,0.18407728188160147,0.20576449410666794,0.21626613286191657,0.22403702848587043,,,,,,,SRB00001
2019-11-14,2641.41,0.03,7.64,0.21256794228964654,0.21453157295892927,0.19680536174484445,0.23167123325332037,0.2201929282282749,0.1912391844120997,0.21306670590384272,0.22218070714050014,0.2295232719271286,,,,,,,SRB00001
2019-11-15,2647.5,0.08,10.16,0.22111746062832796,0.22223763700151328,0.20433927251162584,0.23684333389894963,0.22667760488257668,0.19840108694259792,0.2203689177010175,0.22809528141908372,0.23500951536838677,,,,,,,SRB00001
2019-11-16,2690.54,0.36,12.53,0.22966697896700938,0.22994370104409725,0.21187318327840723,0.24201543454457886,0.23316228153687849,0.20556298947309615,0.22767112949819227,0.2340098556976673,0.24049575880964494,,,,,,,SRB00001
2019-11-17,2765.94,0.03,11.71,0.23821649730569078,0.23764976508668126,0.21940709404518863,0.24718753519020809,0.23964695819118026,0.21272489200359437,0.23497334129536704,0.23992442997625088,0.2459820022509031,,,,,,,SRB00001
2019-11-18,2889.68,1.4,11.3,0.2467660156443722,0.24535582912926523,0.22694100481197002,0.2523596358358373,0.24613163484548206,0.2198867945340926,0.2422755530925418,0.24583900425483446,0.25146824569216125,,,,,,,SRB00001
2019-11-19,3032.89,0.06,8.89,0.2553155339830536,0.25306189317184924,0.23447491557875141,0.25753173648146654,0.25261631149978386,0.22704869706459083,0.24957776488971659,0.251753578533418,0.25695448913341945,,,,,,,SRB00001
2019-11-20,3234.94,6.06,9.91,0.263865052321735,0.2607679572144332,0.24200882634553283,0.2627038371270958,0.2591009881540856,0.23421059959508905,0.25687997668689133,0.2576681528120016,0.2624407325746776,,,,,,,SRB00001
2019-11-21,3474.36,0.49,10.69,0.27241457066041647,0.2684740212570172,0.24954273711231423,0.267875937772725,0.2655856648083874,0.24137250212558728,0.2641821884840661,0.26358272709058517,0.2679269760159358,,,,,,,SRB00001
2019-11-22,3604.79,0.06,8.62,0.28096408899909786,0.2761800852996012,0.2570766478790956,0.27304803841835423,0.2720703414626892,0.2485344046560855,0.2714844002812409,0.2694973013691688,0.27341321945719393,,,,,,,SRB00001
2019-11-23,3506.52,0.0,4.83,0.2895136073377793,0.28388614934218515,0.264610558645877,0.2782201390639835,0.278555018116991,0.2556963071865837,0.27878661207841565,0.2754118756477523,0.27889946289845213,,,,,,,SRB00001
2019-11-24,3279.95,0.0,5.68,0.2980631256764607,0.29159221338476915,0.2721444694126584,0.28339223970961275,0.28503969477129276,0.26285820971708196,0.2860888238755904,0.28132644992633593,0.2843857063397103,,,,,,,SRB00001
2019-11-25,3046.89,0.07,6.48,0.3066126440151421,0.29929827742735315,0.2796783801794398,0.288564340355242,0.29152437142559456,0.27002011224758016,0.2933910356727652,0.2872410242049195,0.2898719497809685,,,,,,,SRB00001
2019-11-26,2850.02,0.02,8.26,0.31516216235382355,0.30700434146993716,0.2872122909462212,0.2937364410008712,0.29800904807989637,0.2771820147780784,0.30069324746994,0.2931555984835031,0.2953581932222266,,,,,,,SRB00001
2019-11-27,2690.54,3.04,6.49,0.32371168069250494,0.3147104055125211,0.2947462017130026,0.29890854164650044,0.30449372473419817,0.2843439173085766,0.30799545926711475,0.29907017276208664,0.3008444366634848,,,,,,,SRB00001
2019-11-28,2551.7,5.36,9.83,0.3322611990311864,0.3224164695551051,0.302280112479784,0.30408064229212967,0.3109784013884999,0.29150581983907486,0.3152976710642895,0.30498474704067025,0.30633068010474296,,,,,,,SRB00001
2019-11-29,2436.81,2.48,9.21,0.3408107173698678,0.33012253359768906,0.3098140232465654,0.3092527429377589,0.3174630780428017,0.29866772236957306,0.3225998828614643,0.3108993213192538,0.31181692354600116,,,,,,,SRB00001
2019-11-30,2354.05,1.25,3.74,0.3230716942451454,0.31381050974718583,0.29431759644251815,0.29669868957672635,0.30459465217175913,0.28513256777537643,0.3072088682354669,0.2972831586545605,0.29873490069580627,,,,,,,SRB00001
2019-12-01,2295.15,0.2,0.34,0.3053326711204231,0.29749848589668254,0.278821169638471,0.28414463621569386,0.2917262263007165,0.2715974131811798,0.2918178536094695,0.2836669959898672,0.28565287784561144,,,,,,,SRB00001
2019-12-02,2248.05,10.35,1.62,0.28759364799570075,0.2811864620461793,0.26332474283442375,0.2715905828546613,0.2788578004296739,0.2580622585869831,0.2764268389834721,0.2700508333251739,0.27257085499541656,,,,,,,SRB00001
2019-12-03,2212.09,0.03,0.02,0.2698546248709784,0.264874438195676,0.24782831603037656,0.25903652949362876,0.26598937455863125,0.2445271039927865,0.2610358243574747,0.2564346706604806,0.2594888321452217,,,,,,,SRB00001
2019-12-04,2232.57,0.05,-1.69,0.2521156017462561,0.2485624143451728,0.23233188922632936,0.24648247613259625,0.25312094868758866,0.23099194939858986,0.24564480973147726,0.2428185079957873,0.24640680929502684,11.5,0.105,1.51918982,402.0,1.0,0.0046,SRB00001
2019-12-05,2274.1,0.03,-1.78,0.23437657862153372,0.23225039049466956,0.21683546242228216,0.23392842277156373,0.24025252281654605,0.2174567948043932,0.23025379510547986,0.22920234533109402,0.23332478644483198,,,,,,,SRB00001
2019-12-06,2274.1,0.03,-0.37,0.21663755549681135,0.2159383666441663,0.20133903561823496,0.2213743694105312,0.22738409694550343,0.20392164021019654,0.21486278047948246,0.2155861826664007,0.22024276359463713,,,,,,,SRB00001
2019-12-07,2217.2,0.12,2.37,0.19889853237208902,0.19962634279366304,0.18584260881418774,0.2088203160494987,0.21451567107446085,0.1903864856159999,0.19947176585348506,0.2019700200017074,0.20716074074444224,,,,,,,SRB00001
2019-12-08,2136.96,0.05,4.21,0.18115950924736668,0.18331431894315978,0.17034618201014054,0.19626626268846614,0.20164724520341823,0.17685133102180328,0.18408075122748765,0.18835385733701412,0.19407871789424738,,,,,,,SRB00001
2019-12-09,2045.45,1.44,7.36,0.16342048612264432,0.16700229509265652,0.15484975520609334,0.18371220932743362,0.1887788193323756,0.16331617642760662,0.16868973660149025,0.1747376946723208,0.18099669504405252,,,,,,,SRB00001
2019-12-10,1966.89,4.58,4.33,0.14568146299792198,0.15069027124215328,0.13935332840204614,0.1711581559664011,0.175910393461333,0.14978102183340997,0.15329872197549285,0.16112153200762752,0.16791467219385767,,,,,,,SRB00001
2019-12-11,1913.26,0.07,1.16,0.12794243987319964,0.13437824739165002,0.12385690159799895,0.15860410260536856,0.16304196759029038,0.13624586723921334,0.13790770734949542,0.14750536934293423,0.1548326493436628,,,,,,,SRB00001
2019-12-12,1891.34,2.55,2.79,0.11020341674847728,0.11806622354114676,0.10836047479395174,0.14605004924433604,0.15017354171924777,0.12271071264501669,0.12251669272349804,0.13388920667824092,0.14175062649346795,,,,,,,SRB00001
2019-12-13,1878.32,1.24,2.26,0.09246439362375494,0.10175419969064352,0.09286404798990454,0.13349599588330352,0.13730511584820518,0.10917555805082005,0.10712567809750062,0.12027304401354763,0.12866860364327307,,,,,,,SRB00001
2019-12-14,1861.09,7.03,3.71,0.07472537049903259,0.08544217584014027,0.07736762118585733,0.12094194252227099,0.12443668997716256,0.0956404034566234,0.09173466347150322,0.10665688134885433,0.11558658079307821,,,,,,,SRB00001
2019-12-15,1861.09,0.0,3.43,0.05698634737431024,0.06913015198963701,0.06187119438181013,0.10838788916123845,0.11156826410611995,0.08210524886242676,0.07634364884550582,0.09304071868416103,0.10250455794288335,,,,,,,SRB00001
2019-12-16,1878.32,0.0,6.89,0.0392473242495879,0.0528181281391338,0.046374767577762904,0.09583383580020595,0.09869983823507734,0.0685700942682301,0.0609526342195084,0.07942455601946775,0.0894225350926885,,,,,,,SRB00001
2019-12-17,1878.32,0.0,9.33,0.04346698523011776,0.054662823729928735,0.04808744520793861,0.09375403950651881,0.0961480937458126,0.06825983528980738,0.06167708895820879,0.07854706073870464,0.08777712162263265,,,,,,,SRB00001
2019-12-18,1861.09,0.0,8.52,0.04768664621064761,0.05650751932072367,0.049800122838114316,0.09167424321283166,0.09359634925654786,0.06794957631138467,0.06240154369690917,0.07766956545794153,0.0861317081525768,,,,,,,SRB00001
2019-12-19,1848.27,0.0,8.61,0.05190630719117746,0.0583522149115186,0.051512800468290015,0.0895944469191445,0.09104460476728311,0.06763931733296194,0.06312599843560956,0.07679207017717841,0.08448629468252096,,,,,,,SRB00001
2019-12-20,1856.8,0.03,8.44,0.05612596817170732,0.06019691050231354,0.05322547809846572,0.08751465062545737,0.08849286027801836,0.06732905835453923,0.06385045317430994,0.0759145748964153,0.0828408812124651,,,,,,,SRB00001
2019-12-21,1886.99,5.2,11.65,0.06034562915223718,0.06204160609310847,0.05493815572864143,0.08543485433177023,0.08594111578875363,0.0670187993761165,0.06457490791301032,0.07503707961565217,0.08119546774240927,,,,,,,SRB00001
2019-12-22,1935.42,8.84,8.88,0.06456529013276703,0.06388630168390341,0.05665083335881713,0.08335505803808307,0.08338937129948888,0.06670854039769378,0.06529936265171071,0.07415958433488906,0.07955005427235343,,,,,,,SRB00001
2019-12-23,2036.04,10.42,6.04,0.06878495111329688,0.06573099727469835,0.05836351098899284,0.08127526174439592,0.08083762681022413,0.06639828141927107,0.0660238173904111,0.07328208905412595,0.07790464080229757,,,,,,,SRB00001
2019-12-24,2258.44,0.5,5.86,0.07300461209382675,0.06757569286549328,0.06007618861916854,0.07919546545070878,0.0782858823209594,0.06608802244084834,0.06674827212911148,0.07240459377336284,0.07625922733224173,,,,,,,SRB00001
2019-12-25,2545.83,1.09,4.71,0.0772242730743566,0.06942038845628822,0.061788866249344244,0.07711566915702164,0.07573413783169465,0.06577776346242563,0.06747272686781186,0.07152709849259972,0.07461381386218588,,,,,,,SRB00001
2019-12-26,2836.92,0.27,3.4,0.08144393405488645,0.07126508404708315,0.06350154387951995,0.07503587286333449,0.0731823933424299,0.0654675044840029,0.06819718160651225,0.07064960321183661,0.07296840039213004,,,,,,,SRB00001
2019-12-27,3132.29,0.0,1.94,0.07147812627947078,0.06953029092869141,0.06334416893928949,0.07995491353733314,0.07539368184883782,0.062455369952153054,0.0687877018108504,0.07237337592366265,0.07538132211818796,,,,,,,SRB00001
2019-12-28,3403.08,0.02,0.4,0.06151231850405513,0.06779549781029967,0.06318679399905902,0.08487395421133179,0.07760497035524574,0.059443235420303206,0.06937822201518852,0.07409714863548869,0.07779424384424588,,,,,,,SRB00001
2019-12-29,3680.29,0.02,-1.61,0.051546510728639465,0.06606070469190795,0.06302941905882857,0.08979299488533045,0.07981625886165368,0.05643110088845335,0.06996874221952666,0.07582092134731472,0.0802071655703038,,,,,,,SRB00001
2019-12-30,3800.89,0.0,-2.4,0.0415807029532238,0.0643259115735162,0.0628720441185981,0.0947120355593291,0.0820275473680616,0.0534189663566035,0.07055926242386479,0.07754469405914076,0.08262008729636172,,,,,,,SRB00001
2019-12-31,3646.54,0.0,-1.33,0.0425230495099871,0.06369140651125496,0.06241754939791225,0.09717242396631563,0.08638139867990102,0.05750660140336321,0.07114978262820293,0.0792684667709668,0.08503300902241964,,,,,,,SRB00001
2020-01-01,3379.65,0.02,-0.1,0.0434653960667504,0.0630569014489937,0.06196305467722639,0.09963281237330217,0.09073524999174043,0.06159423645012292,0.07174030283254107,0.08099223948279284,0.08744593074847756,,,,,,,SRB00001
2020-01-02,3096.42,0.02,-0.58,0.0444077426235137,0.06242239638673246,0.06150855995654053,0.1020932007802887,0.09508910130357985,0.06568187149688264,0.0723308230368792,0.08271601219461888,0.08985885247453548,,,,,,,SRB00001
2020-01-03,2843.46,0.05,-1.68,0.045350089180277,0.061787891324471204,0.06105406523585467,0.10455358918727523,0.09944295261541927,0.06976950654364233,0.07292134324121734,0.08443978490644491,0.0922717742005934,,,,,,,SRB00001
2020-01-04,2617.18,0.58,0.1,0.0462924357370403,0.06115338626220995,0.06059957051516881,0.10701397759426176,0.10379680392725868,0.07385714159040205,0.07351186344555546,0.08616355761827095,0.09468469592665132,,,,,,,SRB00001
2020-01-05,2420.03,0.1,0.71,0.047234782293803595,0.0605188811999487,0.06014507579448295,0.1094743660012483,0.1081506552390981,0.07794477663716176,0.0741023836498936,0.08788733033009699,0.09709761765270924,,,,,,,SRB00001
2020-01-06,2253.24,0.0,-0.99,0.0447643474867893,0.05904587933460165,0.05797237465131924,0.10740485604479284,0.10630371500753891,0.07558889118571382,0.07167248509913368,0.08636026020584597,0.09566710665532907,,,,,,,SRB00001
2020-01-07,2117.36,0.0,-1.93,0.042293912679774996,0.0575728774692546,0.05579967350815553,0.10533534608833738,0.1044567747759797,0.07323300573426587,0.06924258654837376,0.08483319008159496,0.09423659565794891,,,,,,,SRB00001
2020-01-08,2022.02,0.01,-1.87,0.0398234778727607,0.05609987560390755,0.053626972364991816,0.10326583613188192,0.1026098345444205,0.07087712028281794,0.06681268799761385,0.08330611995734394,0.09280608466056874,13.1,0.084,1.93905506,453.0,1.2,0.00427,SRB00001
2020-01-09,1975.97,0.01,-1.62,0.0373530430657464,0.054626873738560504,0.05145427122182811,0.10119632617542645,0.1007628943128613,0.06852123483136999,0.06438278944685392,0.08177904983309292,0.09137557366318858,,,,,,,SRB00001
2020-01-10,1975.97,0.0,0.13,0.0348826082587321,0.05315387187321345,0.0492815700786644,0.099126816218971,0.0989159540813021,0.06616534937992205,0.061952890896094,0.0802519797088419,0.0899450626658084,,,,,,,SRB00001
2020-01-11,1957.84,0.03,1.14,0.03539052079841255,0.05337071651668723,0.04937857101787416,0.09899244049765646,0.09813401945716502,0.0655659923513968,0.06200775724644381,0.08012748553736382,0.0895420636801561,,,,,,,SRB00001
2020-01-12,1904.46,0.05,-0.05,0.035898433338093,0.053587561160161015,0.04947557195708392,0.09885806477634193,0.09735208483302794,0.06496663532287156,0.062062623596793626,0.08000299136588573,0.0891390646945038,,,,,,,SRB00001
2020-01-13,1835.54,0.14,-1.28,0.03640634587777345,0.0538044058036348,0.04957257289629368,0.09872368905502739,0.09657015020889086,0.06436727829434631,0.06211748994714344,0.07987849719440766,0.08873606570885151,,,,,,,SRB00001
2020-01-14,1777.28,0.09,-0.55,0.0369142584174539,0.05402125044710857,0.049669573835503446,0.09858931333371286,0.09578821558475378,0.06376792126582106,0.06217235629749325,0.07975400302292958,0.0883330667231992,,,,,,,SRB00001
2020-01-15,1736.8,0.07,-0.57,0.03742217095713435,0.054238095090582354,0.049766574774713204,0.09845493761239832,0.0950062809606167,0.06316856423729582,0.06222722264784306,0.0796295088514515,0.0879300677375469,,,,,,,SRB00001
2020-01-16,1709.02,0.09,-0.56,0.0379300834968148,0.054454939734056136,0.04986357571392297,0.09832056189108379,0.09422434633647962,0.06256920720877057,0.062282088998192875,0.07950501467997341,0.0875270687518946,,,,,,,SRB00001
2020-01-17,1677.8,0.08,-1.18,0.03843799603649525,0.05467178437752992,0.04996057665313273,0.09818618616976925,0.09344241171234254,0.061969850180245326,0.06233695534854268,0.07938052050849534,0.0871240697662423,,,,,,,SRB00001
2020-01-18,1647.16,0.23,-1.65,0.038945908576175706,0.0548886290210037,0.05005757759234249,0.09805181044845472,0.09266047708820546,0.06137049315172008,0.06239182169889249,0.07925602633701725,0.08672107078059,,,,,,,SRB00001
2020-01-19,1605.94,0.45,-0.59,0.03945382111585615,0.05510547366447748,0.05015457853155225,0.09791743472714018,0.09187854246406837,0.06077113612319483,0.062446688049242305,0.07913153216553917,0.08631807179493771,,,,,,,SRB00001
2020-01-20,1565.75,0.01,-0.68,0.0399617336555366,0.05532231830795126,0.05025157947076202,0.09778305900582565,0.0910966078399313,0.060171779094669586,0.06250155439959212,0.07900703799406109,0.0859150728092854,,,,,,,SRB00001
2020-01-21,1530.09,0.03,-1.44,0.040469646195217056,0.05553916295142504,0.050348580409971776,0.09764868328451111,0.09031467321579421,0.05957242206614434,0.06255642074994193,0.07888254382258302,0.0855120738236331,,,,,,,SRB00001
2020-01-22,1505.61,0.0,-2.41,0.0409775587348975,0.05575600759489882,0.05044558134918154,0.09751430756319658,0.08953273859165714,0.05897306503761909,0.06261128710029175,0.07875804965110493,0.0851090748379808,,,,,,,SRB00001
2020-01-23,1502.14,0.02,-2.04,0.041485471274577954,0.0559728522383726,0.0505425822883913,0.09737993184188204,0.08875080396752005,0.05837370800909385,0.06266615345064155,0.07863355547962685,0.0847060758523285,,,,,,,SRB00001
2020-01-24,1526.57,0.0,-2.68,0.0288417240572933,0.0507331931858841,0.0434191310193927,0.097109795430085,0.0799345329563065,0.0534073286457758,0.06121361716063119,0.07829172885093567,0.08461555173605104,,,,,,,SRB00001
2020-01-25,1558.55,0.12,-0.13,0.02724631704731499,0.048694898017601226,0.042236552376362035,0.09579068288009342,0.08149713439287053,0.05430783222139039,0.05976108087062083,0.0779499022222445,0.08452502761977358,,,,,,,SRB00001
2020-01-26,1569.36,0.12,0.8,0.025650910037336685,0.04665660284931835,0.04105397373333137,0.09447157033010185,0.08305973582943456,0.05520833579700498,0.05830854458061046,0.07760807559355333,0.08443450350349611,,,,,,,SRB00001
2020-01-27,1551.39,1.22,0.52,0.024055503027358375,0.04461830768103548,0.0398713950903007,0.09315245778011028,0.0846223372659986,0.056108839372619575,0.05685600829060009,0.07726624896486217,0.08434397938721865,,,,,,,SRB00001
2020-01-28,1516.05,10.17,3.15,0.022460096017380065,0.042580012512752605,0.038688816447270034,0.0918333452301187,0.08618493870256264,0.05700934294823417,0.055403472000589725,0.076924422336171,0.08425345527094118,,,,,,,SRB00001
2020-01-29,1484.94,2.97,1.25,0.02086468900740176,0.04054171734446973,0.03750623780423937,0.09051423268012714,0.08774754013912667,0.05790984652384876,0.053950935710579365,0.07658259570747983,0.08416293115466372,,,,,,,SRB00001
2020-01-30,1474.71,0.73,2.52,0.01926928199742345,0.03850342217618685,0.0363236591612087,0.08919512013013556,0.0893101415756907,0.05881035009946335,0.052498399420569,0.07624076907878866,0.08407240703838625,,,,,,,SRB00001
2020-01-31,1481.52,0.01,7.51,0.021387564431571682,0.040355803803939716,0.037451580834219185,0.08822401694436302,0.09334312258625975,0.06258915975411863,0.05324729354260232,0.07457197494369534,0.0820247403147641,,,,,,,SRB00001
2020-02-01,1491.79,0.0,9.51,0.023505846865719916,0.04220818543169259,0.03857950250722966,0.08725291375859048,0.0973761035968288,0.06636796940877392,0.05399618766463563,0.07290318080860202,0.07997707359114195,,,,,,,SRB00001
2020-02-02,1495.24,0.08,10.65,0.02562412929986815,0.04406056705944545,0.03970742418024015,0.08628181057281795,0.10140908460739785,0.0701467790634292,0.05474508178666895,0.0712343866735087,0.0779294068675198,,,,,,,SRB00001
2020-02-03,1523.05,0.76,9.67,0.035929890921854626,0.05278265658301125,0.04979492905572683,0.09236683845927972,0.10631036799550722,0.07596101520719774,0.06461392212438916,0.07818446292632952,0.08452830578852444,,,,,,,SRB00001
2020-02-04,1609.65,9.9,7.05,0.046235652543841106,0.06150474610657705,0.05988243393121351,0.09845186634574149,0.1112116513836166,0.08177525135096628,0.07448276246210934,0.08513453917915034,0.09112720470952908,,,,,,,SRB00001
2020-02-05,1810.34,0.17,3.72,0.056541414165827586,0.07022683563014286,0.06996993880670019,0.10453689423220325,0.11611293477172598,0.08758948749473482,0.08435160279982955,0.09208461543197116,0.09772610363053372,12.4,0.072,2.05869408,510.0,1.3,0.007,SRB00001
2020-02-06,2605.15,0.0,0.4,0.06684717578781406,0.07894892515370866,0.08005744368218687,0.11062192211866502,0.12101421815983535,0.09340372363850336,0.09422044313754974,0.09903469168479198,0.10432500255153836,,,,,,,SRB00001
2020-02-07,4394.42,0.02,3.14,0.07715293740980055,0.08767101467727445,0.09014494855767355,0.11670695000512679,0.12591550154794473,0.0992179597822719,0.10408928347526994,0.1059847679376128,0.110923901472543,,,,,,,SRB00001
2020-02-08,5092.31,0.0,-0.16,0.06589316424799863,0.08708517790122208,0.09294566006649997,0.1172168548382079,0.11361289266853536,0.08438576841146458,0.10865982922471946,0.10643707307363053,0.11211746207578582,,,,,,,SRB00001
2020-02-09,4840.72,0.0,2.67,0.0546333910861967,0.08649934112516973,0.0957463715753264,0.117726759671289,0.10131028378912597,0.06955357704065727,0.11323037497416899,0.10688937820964825,0.11331102267902865,,,,,,,SRB00001
2020-02-10,4445.31,6.03,8.42,0.05365309193391157,0.08495198388250684,0.09340509348505491,0.11545969990718644,0.09975175533391378,0.06801441667369267,0.1141736878753053,0.10952484799726514,0.11631181937162556,,,,,,,SRB00001
2020-02-11,4101.04,5.34,7.3,0.05267279278162644,0.08340462663984395,0.09106381539478342,0.11319264014308389,0.09819322687870158,0.06647525630672806,0.11511700077644159,0.11216031778488203,0.11931261606422247,,,,,,,SRB00001
2020-02-12,3774.72,0.28,4.14,0.051692493629341314,0.08185726939718106,0.08872253730451193,0.11092558037898133,0.09663469842348939,0.06493609593976345,0.1160603136775779,0.11479578757249893,0.12231341275681938,,,,,,,SRB00001
2020-02-13,3482.37,0.82,4.94,0.05071219447705618,0.08030991215451817,0.08638125921424046,0.10865852061487877,0.09507616996827718,0.06339693557279884,0.11700362657871419,0.11743125736011582,0.1253142094494163,,,,,,,SRB00001
2020-02-14,3325.6,7.48,6.42,0.049731895324771055,0.07876255491185528,0.08403998112396897,0.1063914608507762,0.09351764151306499,0.06185777520583422,0.1179469394798505,0.12006672714773271,0.1283150061420132,,,,,,,SRB00001
2020-02-15,3356.38,0.0,5.1,0.04875159617248592,0.0772151976691924,0.08169870303369749,0.10412440108667366,0.09195911305785279,0.06031861483886961,0.1188902523809868,0.1227021969353496,0.1313158028346101,,,,,,,SRB00001
2020-02-16,3403.08,0.0,4.76,0.0477712970202008,0.0756678404265295,0.079357424943426,0.1018573413225711,0.0904005846026406,0.058779454471905,0.11983356528212309,0.1253376667229665,0.13431659952720704,,,,,,,SRB00001
2020-02-17,3333.26,0.0,8.07,0.057290879360770396,0.08328347048669345,0.08759825806018834,0.11934966215876773,0.12057497828993148,0.08969152430076413,0.1207768781832594,0.1279731365105834,0.13731739621980393,,,,,,,SRB00001
2020-02-18,3234.94,0.01,7.35,0.06681046170134,0.0908991005468574,0.09583909117695066,0.13684198299496436,0.15074937197722235,0.12060359412962325,0.12172019108439569,0.13060860629820029,0.14031819291240083,,,,,,,SRB00001
2020-02-19,3161.28,0.27,5.77,0.0763300440419096,0.09851473060702134,0.104079924293713,0.15433430383116098,0.18092376566451324,0.15151566395848237,0.122663503985532,0.13324407608581718,0.14331898960499775,,,,,,,SRB00001
2020-02-20,3075.1,0.12,4.71,0.06486591539472436,0.08778233591469502,0.09093575527595031,0.1365697086222964,0.15470549671866082,0.12465167662193367,0.10774803721907251,0.11683249757874968,0.12581054933760796,,,,,,,SRB00001
2020-02-21,2963.83,0.03,3.17,0.053401786747539134,0.07704994122236868,0.07779158625818763,0.11880511341343178,0.1284872277728084,0.09778768928538498,0.09283257045261303,0.10042091907168219,0.10830210907021814,,,,,,,SRB00001
2020-02-22,2883.03,0.0,3.58,0.0419376581003539,0.06631754653004235,0.06464741724042494,0.10104051820456719,0.102268958826956,0.07092370194883629,0.07791710368615355,0.0840093405646147,0.09079366880282835,,,,,,,SRB00001
2020-02-23,2830.39,0.0,6.93,0.040930674902693934,0.0663563351399119,0.06431679318164127,0.1025033671974389,0.10314424899367497,0.07045814064933192,0.0793420283220802,0.08607994981470751,0.09327859574443319,,,,,,,SRB00001
2020-02-24,2759.58,0.0,8.02,0.039923691705033966,0.06639512374978145,0.06398616912285758,0.1039662161903106,0.10401953916039393,0.06999257934982757,0.08076695295800684,0.08815055906480032,0.09576352268603804,,,,,,,SRB00001
2020-02-25,2653.61,0.02,8.36,0.038916708507374,0.066433912359651,0.0636555450640739,0.1054290651831823,0.1048948293271129,0.0695270180503232,0.0821918775939335,0.09022116831489313,0.09824844962764287,,,,,,,SRB00001
2020-02-26,2557.59,12.17,7.28,0.04525919668457552,0.06857581184261774,0.0659685971805846,0.11008888041594114,0.10771274752454763,0.07338856864612082,0.08361680222986013,0.09229177756498594,0.10073337656924772,,,,,,,SRB00001
2020-02-27,2545.83,0.12,4.09,0.05160168486177705,0.07071771132558449,0.0682816492970953,0.1147486956487,0.11053066572198235,0.07725011924191845,0.08504172686578679,0.09436238681507875,0.10321830351085255,,,,,,,SRB00001
2020-02-28,2702.96,1.2,4.06,0.04796735435465953,0.072232791260138,0.07010866617152615,0.11804146911462979,0.11841064374118507,0.08359658506952267,0.08789593710788154,0.09820189464139847,0.10742031442249858,,,,,,,SRB00001
2020-02-29,2950.21,0.0,3.93,0.044333023847542,0.0737478711946915,0.071935683045957,0.1213342425805596,0.1262906217603878,0.0899430508971269,0.0907501473499763,0.1020414024677182,0.1116223253341446,,,,,,,SRB00001
2020-03-01,3096.42,5.25,8.44,0.04473289872598044,0.07185384599015611,0.06953398985417306,0.11957866740402935,0.12263361176667961,0.08704322579033816,0.08784402571743813,0.10010010524220028,0.1097735408560321,,,,,,,SRB00001
2020-03-02,3096.42,3.51,11.35,0.045132773604418884,0.06995982078562071,0.0671322966623891,0.11782309222749911,0.11897660177297142,0.08414340068354942,0.08493790408489996,0.09815880801668236,0.1079247563779196,,,,,,,SRB00001
2020-03-03,3025.91,3.04,11.59,0.04553264848285732,0.06806579558108533,0.06473060347060515,0.11606751705096885,0.11531959177926324,0.08124357557676068,0.0820317824523618,0.09621751079116445,0.10607597189980711,,,,,,,SRB00001
2020-03-04,2957.01,3.25,5.36,0.04593252336129576,0.06617177037654993,0.062328910278821203,0.1143119418744386,0.11166258178555505,0.07834375046997194,0.07912566081982363,0.09427621356564653,0.10422718742169461,11.6,0.058,2.06772344,445.0,1.3,0.0181,SRB00001
2020-03-05,2929.89,0.0,4.53,0.0463323982397342,0.06427774517201454,0.05992721708703725,0.11255636669790836,0.10800557179184686,0.0754439253631832,0.07621953918728545,0.09233491634012861,0.10237840294358211,,,,,,,SRB00001
2020-03-06,2991.27,9.69,6.69,0.04453753927918364,0.06380434307958442,0.059412954408714816,0.11248719658675296,0.10743572455618423,0.0743698536866491,0.07608148702202322,0.09299943481999472,0.10317767342900629,,,,,,,SRB00001
2020-03-07,3110.72,1.58,7.16,0.04274268031863309,0.0633309409871543,0.05889869173039238,0.11241802647559758,0.10686587732052162,0.073295782010115,0.075943434856761,0.09366395329986082,0.10397694391443045,,,,,,,SRB00001
2020-03-08,3175.87,0.12,5.05,0.04094782135808253,0.06285753889472417,0.05838442905206995,0.11234885636444218,0.106296030084859,0.0722217103335809,0.07580538269149877,0.09432847177972693,0.10477621439985463,,,,,,,SRB00001
2020-03-09,3161.28,0.0,5.66,0.03915296239753197,0.06238413680229406,0.057870166373747506,0.11227968625328678,0.10572618284919637,0.0711476386570468,0.07566733052623653,0.09499299025959304,0.1055754848852788,,,,,,,SRB00001
2020-03-10,3110.72,0.02,6.21,0.03735810343698141,0.06191073470986394,0.05735590369542507,0.11221051614213139,0.10515633561353374,0.0700735669805127,0.07552927836097431,0.09565750873945916,0.10637475537070298,,,,,,,SRB00001
2020-03-11,3075.1,0.14,10.63,0.03556324447643086,0.06143733261743382,0.05684164101710264,0.112141346030976,0.10458648837787113,0.0689994953039786,0.07539122619571208,0.09632202721932527,0.10717402585612715,,,,,,,SRB00001
2020-03-12,3025.91,0.0,12.18,0.0337683855158803,0.0609639305250037,0.0563273783387802,0.1120721759198206,0.1040166411422085,0.0679254236274445,0.07525317403044984,0.09698654569919138,0.10797329634155133,,,,,,,SRB00001
2020-03-13,2916.43,0.18,8.28,0.03761711566231348,0.061764265168900816,0.05656597011981224,0.11611487316717989,0.10590803398333716,0.07081956961741978,0.07511512186518761,0.09765106417905749,0.1087725668269755,,,,,,,SRB00001
2020-03-14,2836.92,0.0,7.21,0.04146584580874667,0.06256459981279794,0.05680456190084427,0.12015757041453917,0.10779942682446583,0.07371371560739506,0.07497706969992539,0.0983155826589236,0.10957183731239967,,,,,,,SRB00001
2020-03-15,2863.18,0.0,3.78,0.04531457595517985,0.06336493445669505,0.057043153681876305,0.12420026766189846,0.10969081966559449,0.07660786159737035,0.07483901753466315,0.0989801011387897,0.11037110779782384,,,,,,,SRB00001
2020-03-16,2991.27,0.0,4.47,0.04929789043517476,0.06661914257566406,0.058794722648182404,0.12235020963898315,0.10863915235861316,0.0750116584156827,0.07737343102862619,0.1002940593722169,0.11127948924800646,,,,,,,SRB00001
2020-03-17,3096.42,0.0,7.39,0.05328120491516968,0.06987335069463309,0.060546291614488504,0.12050015161606782,0.10758748505163183,0.07341545523399505,0.07990784452258921,0.10160801760564411,0.11218787069818908,,,,,,,SRB00001
2020-03-18,3075.1,0.0,10.86,0.057264519395164595,0.0731275588136021,0.0622978605807946,0.11865009359315251,0.1065358177446505,0.07181925205230741,0.08244225801655225,0.10292197583907131,0.1130962521483717,,,,,,,SRB00001
2020-03-19,2957.01,0.0,12.13,0.0396102340707382,0.0643537879557153,0.0577044117884089,0.1215789989208406,0.1005832394728361,0.0645255745967944,0.08272683829022501,0.10709885731716555,0.1177809955727526,,,,,,,SRB00001
2020-03-20,2804.43,0.0,12.86,0.0502407821321144,0.06985321137164155,0.0598586633793046,0.130803470749635,0.1150496209036174,0.07685728927222801,0.08301141856389775,0.11127573879525979,0.1224657389971335,,,,,,,SRB00001
2020-03-21,2647.5,0.24,10.58,0.072582208837037,0.08831947313224733,0.0773553901504823,0.16137803311779242,0.13355087112516045,0.09012169371061048,0.10252268208296833,0.13651945569192958,0.1484299078794493,,,,,,,SRB00001
2020-03-22,2528.3,0.09,4.02,0.0949236355419596,0.10678573489285312,0.09485211692166,0.19195259548594987,0.15205212134670354,0.10338609814899294,0.12203394560203891,0.1617631725885994,0.1743940767617651,,,,,,,SRB00001
2020-03-23,2465.04,3.24,-0.09,0.1172650622468822,0.1252519966534589,0.1123488436928377,0.2225271578541073,0.1705533715682466,0.1166505025873754,0.1415452091211095,0.1870068894852692,0.2003582456440809,,,,,,,SRB00001
2020-03-24,2453.71,7.16,0.7,0.10357371161197249,0.114582361340415,0.10268657456516035,0.20714455331541254,0.16093668810655903,0.10956937320957348,0.1309985702133792,0.17311685765633913,0.18617903656308832,,,,,,,SRB00001
2020-03-25,2522.48,3.12,0.58,0.08988236097706277,0.10391272602737109,0.093024305437483,0.1917619487767178,0.1513200046448715,0.10248824383177157,0.12045193130564893,0.15922682582740905,0.17199982748209577,,,,,,,SRB00001
2020-03-26,2611.16,0.01,4.92,0.07619101034215306,0.09324309071432718,0.08336203630980565,0.176379344238023,0.14170332118318393,0.09540711445396965,0.10990529239791866,0.14533679399847899,0.1578206184011032,,,,,,,SRB00001
2020-03-27,2611.16,0.0,8.06,0.062499659707243346,0.08257345540128327,0.07369976718212831,0.16099673969932826,0.13208663772149637,0.08832598507616773,0.09935865349018838,0.13144676216954893,0.14364140932011066,,,,,,,SRB00001
2020-03-28,2505.11,0.0,11.0,0.04880830907233363,0.07190382008823937,0.06403749805445097,0.1456141351606335,0.12246995425980883,0.08124485569836583,0.0888120145824581,0.11755673034061885,0.12946220023911809,,,,,,,SRB00001
2020-03-29,2354.05,0.0,10.02,0.0541899020651984,0.07662722107350352,0.06849827223896417,0.1493225770746534,0.12490853792252112,0.08436388999693768,0.09401033378210719,0.12275093890731263,0.13421804939807427,,,,,,,SRB00001
2020-03-30,2217.2,0.02,4.93,0.05957149505806316,0.08135062205876768,0.07295904642347736,0.1530310189886733,0.1273471215852334,0.08748292429550954,0.09920865298175627,0.12794514747400643,0.13897389855703046,,,,,,,SRB00001
2020-03-31,2097.94,0.04,3.19,0.06495308805092792,0.08607402304403183,0.07741982060799055,0.15673946090269317,0.12978570524794567,0.09060195859408139,0.10440697218140534,0.1331393560407002,0.14372974771598662,,,,,,,SRB00001
2020-04-01,1998.86,0.0,2.56,0.07033468104379269,0.090797424029296,0.08188059479250374,0.16044790281671306,0.13222428891065796,0.09372099289265325,0.10960529138105442,0.138333564607394,0.1484855968749428,,,,,,,SRB00001
2020-04-02,1926.53,0.0,4.19,0.07571627403665745,0.09552082501456015,0.08634136897701694,0.16415634473073296,0.13466287257337023,0.0968400271912251,0.1148036105807035,0.14352777317408777,0.153241446033899,,,,,,,SRB00001
2020-04-03,1878.32,0.0,7.6,0.0607013068177584,0.07952618437147158,0.07029424921790979,0.15428290916165988,0.12305454994176115,0.08574064453604803,0.100991644178349,0.13364075074315745,0.1452509966347512,,,,,,,SRB00001
2020-04-04,1844.02,0.0,8.75,0.04568633959885934,0.063531543728383,0.05424712945880263,0.1444094735925868,0.11144622731015208,0.07464126188087096,0.0871796777759945,0.12375372831222714,0.13726054723560338,,,,,,,SRB00001
2020-04-05,1806.17,0.0,9.61,0.04477205676977749,0.06443956978528545,0.05361730740857234,0.14613676744891513,0.11102743731402828,0.07428272150984365,0.0864960645505858,0.12272298229621131,0.13622455331741903,,,,,,,SRB00001
2020-04-06,1752.88,0.0,9.54,0.04385777394069565,0.0653475958421879,0.052987485358342044,0.14786406130524346,0.11060864731790448,0.07392418113881635,0.0858124513251771,0.12169223628019547,0.13518855939923466,,,,,,,SRB00001
2020-04-07,1701.16,0.0,9.44,0.0429434911116138,0.06625562189909034,0.05235766330811175,0.1495913551615718,0.11018985732178069,0.07356564076778904,0.0851288380997684,0.12066149026417965,0.1341525654810503,,,,,,,SRB00001
2020-04-08,1658.59,0.0,12.61,0.04458178858062305,0.06884160117623517,0.05419448558962825,0.15438544691821401,0.11296145639376493,0.074117324461713,0.08830058329593475,0.12682393943715037,0.1406984509673615,,,,,,,SRB00001
2020-04-09,1632.05,0.0,13.72,0.0462200860496323,0.07142758045337999,0.05603130787114475,0.15917953867485624,0.11573305546574915,0.07466900815563696,0.0914723284921011,0.1329863886101211,0.1472443364536727,,,,,,,SRB00001
2020-04-10,1609.65,0.0,13.46,0.04659100401167456,0.07198504135087916,0.055602193576741434,0.15917607774518655,0.11238437318063825,0.07197102207069533,0.09049868516470189,0.13430653597233846,0.14849980689922007,,,,,,,SRB00001
2020-04-11,1602.25,0.0,13.16,0.04696192197371683,0.07254250224837833,0.05517307928233811,0.15917261681551687,0.10903569089552734,0.06927303598575371,0.08952504183730267,0.13562668333455585,0.14975527734476748,,,,,,,SRB00001
2020-04-12,1613.36,0.0,14.42,0.0473328399357591,0.0730999631458775,0.054743964987934796,0.15916915588584718,0.10568700861041644,0.06657504990081209,0.08855139850990346,0.13694683069677321,0.15101074779031487,,,,,,,SRB00001
2020-04-13,1647.16,0.01,15.49,0.04655889276026596,0.07154451180705014,0.05327655545333953,0.1601782198574844,0.10551731148548157,0.06639466247102443,0.0871015673414782,0.13686024202197405,0.15182373022585308,,,,,,,SRB00001
2020-04-14,1697.24,2.86,7.18,0.04578494558477282,0.0699890604682228,0.05180914591874426,0.16118728382912162,0.10534761436054671,0.06621427504123677,0.08565173617305294,0.1367736533471749,0.15263671266139128,,,,,,,SRB00001
2020-04-15,1756.92,0.0,7.11,0.045010998409279676,0.06843360912939545,0.05034173638414899,0.1621963478007588,0.10517791723561183,0.06603388761144911,0.08420190500462767,0.13668706467237576,0.15344969509692952,,,,,,,SRB00001
2020-04-16,1827.1,0.07,11.59,0.04423705123378654,0.0668781577905681,0.04887432684955372,0.16320541177239603,0.10500822011067697,0.06585350018166145,0.08275207383620241,0.1366004759975766,0.15426267753246772,,,,,,,SRB00001
2020-04-17,1922.09,0.0,15.54,0.0434631040582934,0.06532270645174075,0.047406917314958455,0.16421447574403325,0.1048385229857421,0.06567311275187379,0.08130224266777715,0.13651388732277744,0.15507565996800593,,,,,,,SRB00001
2020-04-18,2031.36,0.0,17.39,0.048368450827549224,0.07110166425094688,0.0525795197428434,0.173947578306218,0.11116176946031153,0.06895330577575531,0.08798916444942685,0.14833095440755822,0.16799352211637106,,,,,,,SRB00001
2020-04-19,2083.49,0.39,16.81,0.05327379759680505,0.076880622050153,0.05775212217072835,0.18368068086840272,0.11748501593488095,0.07223349879963685,0.09467608623107655,0.16014802149233898,0.18091138426473619,,,,,,,SRB00001
2020-04-20,2050.16,0.28,11.81,0.0293563175277369,0.0591441112898576,0.0466214388362553,0.1764148053364087,0.0983194821671479,0.0587533575149849,0.0910330367964136,0.1574820040937706,0.1777973029768658,,,,,,,SRB00001
2020-04-21,2008.09,0.0,11.34,0.039244607241976176,0.06485136064459178,0.04914508999605568,0.17998500395747202,0.09919069027496913,0.05962304478546998,0.08738998736175066,0.15481598669520225,0.17468322168899544,,,,,,,SRB00001
2020-04-22,2036.04,0.0,12.25,0.04913289695621545,0.07055860999932595,0.051668741155856054,0.18355520257853536,0.10006189838279035,0.060492732055955054,0.0837469379270877,0.15214996929663388,0.17156914040112506,,,,,,,SRB00001
2020-04-23,2141.89,0.0,13.19,0.05039015547671565,0.07098092073090577,0.05229711067710535,0.1879862833912619,0.10419943687485636,0.0639827688460533,0.08482974224662157,0.15437860379464455,0.17647982684790764,,,,,,,SRB00001
2020-04-24,2242.88,0.0,15.5,0.051647413997215855,0.07140323146248559,0.05292548019835465,0.19241736420398842,0.10833697536692236,0.06747280563615154,0.08591254656615545,0.15660723829265522,0.18139051329469025,,,,,,,SRB00001
2020-04-25,2253.24,0.14,15.85,0.05986769770268515,0.07685496802378405,0.05811401861330776,0.19649849153309207,0.11052652040054166,0.07020199722823266,0.09074272011145501,0.16214637602214596,0.18703834592465154,,,,,,,SRB00001
2020-04-26,2186.76,0.19,12.5,0.06808798140815445,0.08230670458508253,0.06330255702826088,0.2005796188621957,0.11271606543416095,0.07293118882031378,0.09557289365675459,0.1676855137516367,0.1926861785546128,,,,,,,SRB00001
2020-04-27,2093.11,0.02,15.02,0.07630826511362375,0.087758441146381,0.068491095443214,0.20466074619129934,0.11490561046778025,0.0756603804123949,0.10040306720205415,0.17322465148112745,0.1983340111845741,,,,,,,SRB00001
2020-04-28,2012.72,0.98,18.28,0.07252001168023814,0.0851977639634613,0.06575102126901601,0.20513742744219537,0.11396073591220833,0.07414895373729292,0.0978410115787853,0.17213180274964057,0.1981970845582468,,,,,,,SRB00001
2020-04-29,1957.84,3.64,15.84,0.06873175824685251,0.08263708678054162,0.06301094709481804,0.2056141086930914,0.11301586135663642,0.07263752706219097,0.09527895595551644,0.17103895401815367,0.19806015793191953,,,,,,,SRB00001
2020-04-30,1930.97,0.25,16.4,0.0649435048134669,0.08007640959762193,0.06027087292062006,0.20609078994398744,0.1120709868010645,0.071126100387089,0.0927169003322476,0.1699461052866668,0.19792323130559222,,,,,,,SRB00001
2020-05-01,1935.42,3.41,14.0,0.061155251380081294,0.07751573241470222,0.057530798746422085,0.2065674711948835,0.1111261122454926,0.06961467371198704,0.09015484470897875,0.1688532565551799,0.19778630467926492,,,,,,,SRB00001
2020-05-02,1975.97,6.81,14.13,0.057366997946695676,0.07495505523178253,0.0547907245722241,0.20704415244577953,0.11018123768992068,0.06810324703688507,0.0875927890857099,0.16776040782369303,0.1976493780529376,,,,,,,SRB00001
2020-05-03,2069.14,0.64,12.62,0.053578744513310066,0.07239437804886284,0.05205065039802612,0.20752083369667557,0.10923636313434877,0.06659182036178311,0.08503073346244104,0.16666755909220612,0.19751245142661034,,,,,,,SRB00001
2020-05-04,2248.05,0.0,13.3,0.04979049107992445,0.06983370086594315,0.049310576223828145,0.2079975149475716,0.10829148857877685,0.06508039368668114,0.0824686778391722,0.16557471036071925,0.19737552480028303,,,,,,,SRB00001
2020-05-05,2470.72,3.3,12.59,0.049088443683794114,0.06947909975221568,0.05030496564070018,0.20131929632527387,0.10710251948371498,0.06577845359087399,0.08267510874434725,0.16164216575873558,0.19197205008149487,,,,,,,SRB00001
2020-05-06,2629.27,0.18,10.96,0.04838639628766378,0.06912449863848823,0.051299355057572216,0.19464107770297617,0.10591355038865312,0.06647651349506685,0.0828815396495223,0.1577096211567519,0.1865685753627067,11.2,0.071,0.2708808,384.0,2.5,0.0259,SRB00001
2020-05-07,2672.01,0.0,13.58,0.047684348891533446,0.06876989752476076,0.05229374447444425,0.18796285908067845,0.10472458129359125,0.0671745733992597,0.08308797055469735,0.15377707655476824,0.18116510064391855,,,,,,,SRB00001
2020-05-08,2629.27,0.0,15.93,0.04451644523536445,0.067727284303885,0.050145914537329875,0.19837869991110227,0.10749989862280752,0.06522834249574692,0.0835201049742713,0.16263758293515987,0.19215775037411673,,,,,,,SRB00001
2020-05-09,2539.97,0.0,18.24,0.04134854157919545,0.06668467108300925,0.0479980846002155,0.2087945407415261,0.1102752159520238,0.06328211159223415,0.08395223939384525,0.1714980893155515,0.2031504001043149,,,,,,,SRB00001
2020-05-10,2459.37,0.0,18.17,0.04063071866192549,0.06585256272759006,0.04746269333843481,0.20755771835959205,0.10916595325355238,0.06275805241444342,0.08306412994213296,0.17005324761710067,0.20148232046525433,,,,,,,SRB00001
2020-05-11,2364.92,0.5,18.25,0.03991289574465553,0.06502045437217087,0.04692730207665412,0.206320895977658,0.10805669055508095,0.062233993236652685,0.08217602049042066,0.16860840591864984,0.19981424082619373,,,,,,,SRB00001
2020-05-12,2274.1,1.45,11.92,0.03919507282738557,0.06418834601675168,0.04639191081487343,0.20508407359572395,0.10694742785660953,0.06170993405886195,0.08128791103870837,0.167163564220199,0.19814616118713316,,,,,,,SRB00001
2020-05-13,2212.09,0.02,17.06,0.03847724991011561,0.06335623766133248,0.04585651955309274,0.20384725121378988,0.10583816515813811,0.06118587488107121,0.08039980158699608,0.16571872252174816,0.1964780815480726,,,,,,,SRB00001
2020-05-14,2227.44,0.85,19.76,0.03775942699284565,0.06252412930591328,0.045321128291312046,0.20261042883185584,0.10472890245966668,0.060661815703280476,0.07951169213528379,0.16427388082329733,0.194810001909012,,,,,,,SRB00001
2020-05-15,2321.74,0.03,16.54,0.03704160407557569,0.06169202095049409,0.044785737029531356,0.20137360644992178,0.10361963976119526,0.06013775652548974,0.0786235826835715,0.1628290391248465,0.19314192226995142,,,,,,,SRB00001
2020-05-16,2442.43,0.08,15.38,0.03632378115830573,0.060859912595074894,0.04425034576775067,0.20013678406798774,0.10251037706272384,0.05961369734769901,0.0777354732318592,0.16138419742639568,0.19147384263089084,,,,,,,SRB00001
2020-05-17,2539.97,1.19,17.01,0.03560595824103577,0.0600278042396557,0.04371495450596998,0.19889996168605367,0.10140111436425242,0.059089638169908275,0.07684736378014691,0.15993935572794485,0.18980576299183027,,,,,,,SRB00001
2020-05-18,2623.22,0.0,19.16,0.034888135323765807,0.05919569588423651,0.04317956324418929,0.19766313930411963,0.10029185166578099,0.05856557899211754,0.07595925432843462,0.15849451402949402,0.18813768335276967,,,,,,,SRB00001
2020-05-19,2753.23,2.26,18.54,0.03417031240649585,0.05836358752881732,0.0426441719824086,0.19642631692218557,0.09918258896730957,0.0580415198143268,0.07507114487672233,0.15704967233104317,0.1864696037137091,,,,,,,SRB00001
2020-05-20,2869.78,9.31,14.97,0.03345248948922589,0.05753147917339812,0.04210878072062791,0.19518949454025153,0.09807332626883815,0.057517460636536066,0.07418303542501004,0.15560483063259234,0.18480152407464853,,,,,,,SRB00001
2020-05-21,2869.78,0.0,15.45,0.03273466657195593,0.05669937081797893,0.04157338945884722,0.19395267215831746,0.09696406357036672,0.05699340145874533,0.07329492597329774,0.1541599889341415,0.18313344443558793,,,,,,,SRB00001
2020-05-22,2785.12,0.01,15.42,0.03201684365468597,0.055867262462559734,0.04103799819706653,0.19271584977638342,0.0958548008718953,0.0564693422809546,0.07240681652158545,0.15271514723569068,0.18146536479652736,,,,,,,SRB00001
2020-05-23,2684.34,0.15,18.97,0.03999128461854761,0.062104066816054425,0.04694579171048286,0.196824282718301,0.10032286798792692,0.06132831322943018,0.07793239904776493,0.1573103982512077,0.18658682122886475,,,,,,,SRB00001
2020-05-24,2599.16,4.37,15.9,0.04796572558240925,0.06834087116954911,0.0528535852238992,0.20093271566021856,0.10479093510395852,0.06618728417790576,0.0834579815739444,0.16190564926672477,0.19170827766120216,,,,,,,SRB00001
2020-05-25,2539.97,1.33,14.31,0.05594016654627089,0.0745776755230438,0.05876137873731553,0.20504114860213613,0.10925900221999015,0.07104625512638135,0.0889835641001239,0.1665009002822418,0.19682973409353954,,,,,,,SRB00001
2020-05-26,2557.59,2.06,13.76,0.06391460751013253,0.08081447987653849,0.06466917225073186,0.2091495815440537,0.11372706933602177,0.07590522607485693,0.09450914662630337,0.17109615129775885,0.20195119052587693,,,,,,,SRB00001
2020-05-27,2772.32,1.43,14.88,0.07188904847399417,0.08705128423003318,0.0705769657641482,0.21325801448597126,0.11819513645205337,0.08076419702333251,0.10003472915248285,0.17569140231327587,0.20707264695821434,,,,,,,SRB00001
2020-05-28,3146.75,0.48,16.07,0.07986348943785582,0.09328808858352786,0.07648475927756454,0.21736644742788885,0.122663203568085,0.0856231679718081,0.10556031167866232,0.1802866533287929,0.21219410339055172,,,,,,,SRB00001
2020-05-29,3426.68,1.9,15.29,0.08783793040171746,0.09952489293702255,0.08239255279098087,0.22147488036980642,0.12713127068411662,0.09048213892028369,0.1110858942048418,0.18488190434430996,0.2173155598228891,,,,,,,SRB00001
2020-05-30,3514.6,1.64,14.48,0.0958123713655791,0.10576169729051724,0.0883003463043972,0.225583313311724,0.13159933780014824,0.09534110986875927,0.11661147673102129,0.18947715535982698,0.22243701625522652,,,,,,,SRB00001
2020-05-31,3426.68,0.44,13.0,0.10378681232944073,0.11199850164401193,0.09420813981781354,0.22969174625364155,0.13606740491617986,0.10020008081723485,0.12213705925720077,0.19407240637534404,0.2275584726875639,,,,,,,SRB00001
2020-06-01,3242.4,0.36,17.14,0.11176125329330237,0.11823530599750662,0.10011593333122987,0.23380017919555912,0.14053547203221145,0.10505905176571043,0.12766264178338024,0.19866765739086106,0.2326799291199013,,,,,,,SRB00001
2020-06-02,3082.19,0.43,16.83,0.11973569425716402,0.1244721103510013,0.10602372684464621,0.2379086121374767,0.14500353914824307,0.10991802271418602,0.13318822430955973,0.2032629084063781,0.2378013855522387,,,,,,,SRB00001
2020-06-03,2957.01,8.24,16.09,0.12771013522102564,0.130708914704496,0.11193152035806254,0.24201704507939426,0.1494716062642747,0.1147769936626616,0.1387138068357392,0.20785815942189514,0.2429228419845761,10.7,0.07,0.79909836,348.0,1.5,0.036,SRB00001
2020-06-04,2836.92,1.51,19.79,0.1108674448417719,0.11777636011052842,0.09893517349280043,0.23491628129160022,0.1433393172754388,0.10462114508029795,0.1274442497182099,0.19992175739184254,0.2360801381472151,,,,,,,SRB00001
2020-06-05,2727.98,3.7,20.21,0.09402475446251815,0.10484380551656083,0.08593882662753831,0.22781551750380621,0.13720702828660294,0.09446529649793431,0.1161746926006806,0.19198535536178993,0.22923743430985408,,,,,,,SRB00001
2020-06-06,2629.27,0.81,21.57,0.07718206408326439,0.09191125092259325,0.07294247976227619,0.22071475371601218,0.13107473929776706,0.08430944791557066,0.10490513548315131,0.18404895333173732,0.22239473047249309,,,,,,,SRB00001
2020-06-07,2557.59,2.08,23.19,0.0312347334538304,0.0607164183858604,0.0474404011944952,0.1137496990215576,0.066611200807378,0.0410057079130733,0.11054531976681406,0.19543267862663344,0.23729584451589966,,,,,,,SRB00001
2020-06-08,2557.59,8.45,20.15,0.0747468955168189,0.09745390983026365,0.0803507426974812,0.2337964455028717,0.1568108782830301,0.09929368296000105,0.1161855040504768,0.20681640392152956,0.25219695855930624,,,,,,,SRB00001
2020-06-09,2659.72,9.87,19.99,0.07076586882678543,0.09318709403089563,0.07583375634267493,0.22925588285823026,0.1446910133862097,0.09156910858439783,0.10937236107022837,0.19777709539504607,0.23844357455243986,,,,,,,SRB00001
2020-06-10,2889.68,4.38,20.13,0.06678484213675197,0.08892027823152762,0.07131676998786866,0.22471532021358884,0.13257114848938936,0.08384453420879462,0.10255921808997993,0.1887377868685626,0.2246901905455735,,,,,,,SRB00001
2020-06-11,3212.66,2.03,19.46,0.0628038154467185,0.0846534624321596,0.0667997836330624,0.2201747575689474,0.120451283592569,0.0761199598331914,0.0957460751097315,0.1796984783420791,0.2109368065387071,,,,,,,SRB00001
2020-06-12,3522.71,0.01,22.01,0.05518280004522602,0.07836133372122236,0.06181359318790582,0.20497724180361387,0.12478522947587573,0.07981952211234156,0.09205716193127172,0.16843018015755712,0.19981749449149075,,,,,,,SRB00001
2020-06-13,3809.66,0.33,23.89,0.04756178464373355,0.07206920501028515,0.05682740274274925,0.18977972603828036,0.12911917535918244,0.0835190843914917,0.08836824875281196,0.1571618819730351,0.1886981824442744,,,,,,,SRB00001
2020-06-14,4044.76,1.26,23.98,0.04983015002129995,0.07426881291095816,0.059006829762810804,0.19179089585904854,0.12908501902269584,0.08319865862062052,0.08973985647675602,0.15884738029945308,0.19132686030777357,,,,,,,SRB00001
2020-06-15,4063.43,3.59,20.71,0.052098515398866355,0.07646842081163119,0.06118625678287236,0.19380206567981673,0.12905086268620924,0.08287823284974935,0.09111146420070008,0.16053287862587107,0.19395553817127273,,,,,,,SRB00001
2020-06-16,3952.67,9.47,18.65,0.054366880776432765,0.07866802871230422,0.06336568380293392,0.19581323550058488,0.12901670634972265,0.08255780707887819,0.09248307192464414,0.16221837695228902,0.1965842160347719,,,,,,,SRB00001
2020-06-17,4007.67,12.22,19.16,0.05663524615399917,0.08086763661297723,0.06554511082299547,0.19782440532135306,0.12898255001323605,0.08223738130800702,0.0938546796485882,0.163903875278707,0.19921289389827107,,,,,,,SRB00001
2020-06-18,4496.8,5.82,19.62,0.05890361153156557,0.08306724451365025,0.06772453784305703,0.19983557514212125,0.12894839367674943,0.08191695553713585,0.09522628737253225,0.165589373605125,0.20184157176177026,,,,,,,SRB00001
2020-06-19,5104.05,2.0,20.45,0.061171976909131974,0.08526685241432327,0.06990396486311859,0.20184674496288943,0.12891423734026283,0.08159652976626468,0.09659789509647632,0.16727487193154297,0.20447024962526944,,,,,,,SRB00001
2020-06-20,5127.61,2.01,18.19,0.06344034228669838,0.0874664603149963,0.07208339188318014,0.2038579147836576,0.12888008100377624,0.0812761039953935,0.09796950282042037,0.16896037025796096,0.2070989274887686,,,,,,,SRB00001
2020-06-21,4919.39,3.42,18.4,0.06570870766426479,0.08966606821566932,0.0742628189032417,0.20586908460442577,0.12884592466728964,0.08095567822452235,0.09934111054436442,0.1706458685843789,0.20972760535226778,,,,,,,SRB00001
2020-06-22,4807.39,4.04,20.63,0.06797707304183119,0.09186567611634233,0.07644224592330325,0.20788025442519395,0.12881176833080304,0.08063525245365118,0.1007127182683085,0.1723313669107969,0.21235628321576694,,,,,,,SRB00001
2020-06-23,4851.89,0.14,22.0,0.0702454384193976,0.09406528401701536,0.0786216729433648,0.20989142424596213,0.12877761199431645,0.08031482668278,0.10208432599225255,0.17401686523721488,0.21498496107926612,,,,,,,SRB00001
2020-06-24,4964.92,0.01,21.04,0.08740372943934475,0.10736700801965914,0.09175372300275544,0.22584972190220434,0.1438276099910693,0.0948151575889522,0.11747217796542617,0.1909588644164328,0.23139625067803882,,,,,,,SRB00001
2020-06-25,4976.37,0.0,22.93,0.10456202045929192,0.12066873202230292,0.10488577306214607,0.24180801955844658,0.15887760798782216,0.1093154884951244,0.1328600299385998,0.20790086359565071,0.2478075402768115,,,,,,,SRB00001
2020-06-26,4840.72,0.6,25.45,0.12172031147923909,0.1339704560249467,0.1180178231215367,0.2577663172146888,0.17392760598457502,0.1238158194012966,0.1482478819117734,0.22484286277486865,0.2642188298755842,,,,,,,SRB00001
2020-06-27,4654.86,0.06,27.84,0.10730375462953029,0.12153565410209498,0.10769613086879776,0.24889172077970512,0.16463635328157555,0.11443700666848843,0.1376043973778422,0.2160480673516762,0.2550167688630661,,,,,,,SRB00001
2020-06-28,4476.13,0.05,28.99,0.09288719777982149,0.10910085217924326,0.0973744386160588,0.24001712434472144,0.1553451005785761,0.10505819393568025,0.126960912843911,0.20725327192848375,0.2458147078505481,,,,,,,SRB00001
2020-06-29,4304.27,1.64,26.97,0.0814063260305958,0.10062685835948616,0.08967660199952358,0.22141349702516055,0.14443876586534682,0.09685971357134818,0.11636570984775423,0.19076206011134658,0.22619346955972025,,,,,,,SRB00001
2020-06-30,4177.3,0.33,23.72,0.06992545428137013,0.09215286453972905,0.08197876538298836,0.20280986970559964,0.13353243115211752,0.08866123320701612,0.10577050685159743,0.17427084829420944,0.2065722312688924,,,,,,,SRB00001
2020-07-01,4091.61,0.01,27.01,0.05844458253214445,0.08367887071997196,0.07428092876645315,0.18420624238603875,0.12262609643888825,0.08046275284268405,0.09517530385544065,0.15777963647707227,0.18695099297806456,,,,,,,SRB00001
2020-07-02,4148.54,2.37,27.4,0.0407797721432188,0.0716487754048586,0.059957767067308,0.2111068298481758,0.1139650970622478,0.0616509714600199,0.09185923854398319,0.15448699544920308,0.18496659712683486,,,,,,,SRB00001
2020-07-03,4455.56,3.02,24.49,0.04437183816632483,0.07249234138867819,0.059723042569463286,0.20292756785084873,0.11257572145844671,0.06237559743923865,0.08854317323252572,0.1511943544213339,0.18298220127560516,,,,,,,SRB00001
2020-07-04,4665.59,0.47,22.68,0.047963904189430875,0.07333590737249777,0.05948831807161858,0.19474830585352165,0.11118634585464562,0.0631002234184574,0.08522710792106827,0.14790171339346472,0.1809978054243755,,,,,,,SRB00001
2020-07-05,4622.81,0.0,25.15,0.05155597021253691,0.07417947335631736,0.05925359357377387,0.18656904385619458,0.10979697025084453,0.06382484939767614,0.08191104260961081,0.14460907236559553,0.1790134095731458,,,,,,,SRB00001
2020-07-06,4527.97,0.92,26.56,0.05514803623564295,0.07502303934013695,0.05901886907592915,0.1783897818588675,0.10840759464704344,0.0645494753768949,0.07859497729815335,0.14131643133772634,0.1770290137219161,,,,,,,SRB00001
2020-07-07,4404.55,2.32,19.75,0.050772333437585096,0.07352118459297702,0.0603564073037,0.18126298590308948,0.11108148131717822,0.06656974953086688,0.08078237319061685,0.144586243096398,0.177901469059718,,,,,,,SRB00001
2020-07-08,4235.43,0.0,20.89,0.04639663063952725,0.0720193298458171,0.061693945531470853,0.18413618994731146,0.113755367987313,0.06859002368483885,0.08296976908308035,0.1478560548550697,0.17877392439751988,7.9,0.134,0.98871492,329.0,1.0,0.0079,SRB00001
2020-07-09,4035.45,0.0,24.78,0.0368017404190772,0.0648097545970098,0.0580311439960652,0.1757189474670738,0.0987958679651259,0.0569409265703005,0.08470537926347672,0.1472831378262111,0.17717735119276873,,,,,,,SRB00001
2020-07-10,3853.78,0.0,26.34,0.04579450970236488,0.07228419591231867,0.06348579151791565,0.17531622834088267,0.10609600282904195,0.0647767278359084,0.08644098944387311,0.14671022079735252,0.17558077798801755,,,,,,,SRB00001
2020-07-11,3671.82,0.44,26.4,0.054787278985652554,0.07975863722762755,0.0689404390397661,0.1749135092146915,0.113396137692958,0.0726125291015163,0.08817659962426949,0.14613730376849393,0.1739842047832664,,,,,,,SRB00001
2020-07-12,3482.37,4.23,19.23,0.06298510499058138,0.08279006457413607,0.06772622530153745,0.17686439894460754,0.10548411587306455,0.06606634152295465,0.08619457888240625,0.14412386543933853,0.1747914758846706,,,,,,,SRB00001
2020-07-13,3348.66,0.0,20.49,0.07118293099551021,0.0858214919206446,0.0665120115633088,0.17881528867452356,0.0975720940531711,0.059520153944393,0.084212558140543,0.14211042711018315,0.1755987469860748,,,,,,,SRB00001
2020-07-14,3418.79,0.0,19.85,0.07411994971021872,0.09052655017824805,0.07140907341339114,0.18914546240562605,0.10573118436901549,0.06558320415611409,0.09340347938859513,0.15071734822341057,0.18267322635042,,,,,,,SRB00001
2020-07-15,3889.45,0.0,21.35,0.07705696842492724,0.09523160843585149,0.07630613526347349,0.19947563613672856,0.11389027468485988,0.07164625436783516,0.10259440063664726,0.15932426933663799,0.18974770571476515,,,,,,,SRB00001
2020-07-16,4206.27,0.02,21.7,0.07999398713963575,0.09993666669345494,0.08120319711355585,0.20980580986783104,0.12204936500070426,0.07770930457955624,0.11178532188469939,0.16793119044986543,0.19682218507911034,,,,,,,SRB00001
2020-07-17,4044.76,11.36,16.64,0.08293100585434426,0.10464172495105839,0.0861002589636382,0.22013598359893355,0.13020845531654865,0.08377235479127731,0.12097624313275152,0.17653811156309285,0.2038966644434555,,,,,,,SRB00001
2020-07-18,3774.72,3.24,18.93,0.08586802456905278,0.10934678320866183,0.09099732081372054,0.23046615733003603,0.13836754563239304,0.0898354050029984,0.13016716438080364,0.18514503267632026,0.2109711438078007,,,,,,,SRB00001
2020-07-19,3654.95,12.66,18.17,0.07551350251667566,0.09885835896572577,0.08022596586627863,0.2123462516182985,0.12666732849386422,0.08052060571052538,0.11289873462832585,0.17196179538115705,0.19881257023074664,,,,,,,SRB00001
2020-07-20,3862.67,0.0,22.93,0.06515898046429852,0.0883699347227897,0.06945461091883672,0.19422634590656096,0.11496711135533541,0.07120580641805237,0.09563030487584806,0.15877855808599387,0.18665399665369256,,,,,,,SRB00001
2020-07-21,4324.14,0.0,26.14,0.0548044584119214,0.07788151047985364,0.0586832559713948,0.17610644019482344,0.1032668942168066,0.06189100712557935,0.07836187512337026,0.14559532079083065,0.1744954230766385,,,,,,,SRB00001
2020-07-22,4538.42,0.3,25.85,0.05982528711276123,0.0827162294778773,0.06438336949803977,0.1843498221857775,0.10839274965717247,0.0662012311651055,0.08532956722210563,0.15215362793070736,0.185812262949017,,,,,,,SRB00001
2020-07-23,4424.88,3.6,25.36,0.06484611581360106,0.08755094847590095,0.07008348302468476,0.19259320417673154,0.11351860509753835,0.07051145520463165,0.092297259320841,0.15871193507058406,0.1971291028213955,,,,,,,SRB00001
2020-07-24,4177.3,2.39,25.29,0.07277223088103947,0.09171625332353821,0.07236073934837729,0.19649767769996876,0.11618394190565981,0.07264393203204947,0.09442406122858045,0.16223731913042702,0.20041704254744094,,,,,,,SRB00001
2020-07-25,3952.67,10.46,21.6,0.08069834594847788,0.09588155817117548,0.07463799567206982,0.200402151223206,0.11884927871378129,0.07477640885946728,0.0965508631363199,0.16576270319026995,0.20370498227348635,,,,,,,SRB00001
2020-07-26,3836.07,1.21,22.48,0.0886244610159163,0.10004686301881274,0.07691525199576235,0.20430662474644323,0.12151461552190275,0.0769088856868851,0.09867766504405935,0.1692880872501129,0.2069929219995318,,,,,,,SRB00001
2020-07-27,3800.89,0.22,24.45,0.06683549361682632,0.08440341880116678,0.06475977038432171,0.18936575143213574,0.11645163250308055,0.07214057630609444,0.08664493359176215,0.15666532286281254,0.1905858513709529,,,,,,,SRB00001
2020-07-28,3740.11,0.0,27.06,0.045046526217736346,0.0687599745835208,0.05260428877288105,0.17442487811782825,0.11138864948425836,0.06737226692530379,0.07461220213946496,0.14404255847551214,0.17417878074237403,,,,,,,SRB00001
2020-07-29,3638.15,0.0,28.38,0.04709588524765138,0.06996536922309443,0.05370173263253275,0.1718585843662206,0.10833604764039029,0.06549975496905905,0.07485690402732639,0.14292664859087767,0.17231856418111055,,,,,,,SRB00001
2020-07-30,3498.45,0.0,29.03,0.04914524427756641,0.07117076386266807,0.05479917649218445,0.16929229061461296,0.10528344579652223,0.06362724301281429,0.07510160591518782,0.14181073870624317,0.17045834761984707,,,,,,,SRB00001
2020-07-31,3340.95,0.11,28.94,0.05119460330748145,0.0723761585022417,0.05589662035183615,0.1667259968630053,0.10223084395265415,0.06175473105656955,0.07534630780304925,0.1406948288216087,0.1685981310585836,,,,,,,SRB00001
2020-08-01,3212.66,0.0,26.01,0.04854143786314785,0.06943643960064053,0.053631994334823505,0.17143593372045735,0.10654406697949165,0.06548400142981062,0.07380464812415313,0.13961138397514852,0.17028089606623587,,,,,,,SRB00001
2020-08-02,3110.72,0.0,24.49,0.045888272418814255,0.06649672069903935,0.05136736831781085,0.1761458705779094,0.11085729000632916,0.0692132718030517,0.072262988445257,0.13852793912868835,0.17196366107388816,,,,,,,SRB00001
2020-08-03,3005.08,0.14,26.79,0.0400665166713605,0.0702751795550548,0.0553825565474515,0.2090544403829921,0.1134058351591092,0.0637300086454517,0.07358368601959624,0.1398464454234746,0.17257777765502702,,,,,,,SRB00001
2020-08-04,2903.02,15.13,25.16,0.04206434904172357,0.07061841643570085,0.055659306610572334,0.20033065769785452,0.11138972655145625,0.06260904640152708,0.07490438359393548,0.14116495171826085,0.1731918942361659,,,,,,,SRB00001
2020-08-05,2936.65,27.82,21.82,0.04406218141208665,0.07096165331634692,0.055936056673693176,0.19160687501271695,0.10937361794380329,0.06148808415760245,0.07622508116827473,0.14248345801304707,0.17380601081730476,8.2,0.075,1.02934704,361.0,1.1,0.001,SRB00001
2020-08-06,4225.69,2.97,23.33,0.04606001378244973,0.07130489019699299,0.05621280673681402,0.18288309232757938,0.10735750933615035,0.060367121913677824,0.07754577874261397,0.14380196430783332,0.17442012739844365,,,,,,,SRB00001
2020-08-07,6744.28,0.69,25.95,0.0480578461528128,0.07164812707763904,0.05648955679993485,0.1741593096424418,0.1053414007284974,0.059246159669753204,0.0788664763169532,0.14512047060261957,0.1750342439795825,,,,,,,SRB00001
2020-08-08,6853.88,0.42,25.45,0.04947148753516239,0.07448346766615502,0.06112112337596697,0.17300769605668864,0.0997458413774891,0.05581424614966577,0.0826876643254848,0.144421938964886,0.173372558921516,,,,,,,SRB00001
2020-08-09,6108.42,0.03,27.33,0.05088512891751198,0.07731880825467098,0.0657526899519991,0.17185608247093545,0.09415028202648078,0.05238233262957834,0.08650885233401641,0.1437234073271524,0.1717108738634495,,,,,,,SRB00001
2020-08-10,5481.77,0.01,27.31,0.05229877029986157,0.08015414884318696,0.07038425652803121,0.1707044688851823,0.08855472267547247,0.048950419109490904,0.090330040342548,0.14302487568941885,0.170049188805383,,,,,,,SRB00001
2020-08-11,4964.92,0.31,26.31,0.059698314311829107,0.08604820569720492,0.07590665871613858,0.1802258848657886,0.09606434819513551,0.054277230003495755,0.09764829878321488,0.15246946801968936,0.18400222123474544,,,,,,,SRB00001
2020-08-12,4465.84,0.24,26.26,0.06709785832379665,0.0919422625512229,0.08142906090424595,0.1897473008463949,0.10357397371479854,0.0596040408975006,0.10496655722388175,0.16191406034995987,0.19795525366410788,,,,,,,SRB00001
2020-08-13,4016.91,0.0,26.58,0.0632599757587486,0.08828089661339873,0.07767886459318667,0.183361676065711,0.1013661399621907,0.058311639651633766,0.1002582305592373,0.1554256770982862,0.1902552158774077,,,,,,,SRB00001
2020-08-14,3654.95,3.92,24.4,0.05942209319370055,0.08461953067557457,0.0739286682821274,0.1769760512850271,0.09915830620958284,0.057019238405766934,0.09554990389459285,0.14893729384661253,0.18255517809070756,,,,,,,SRB00001
2020-08-15,3387.44,1.81,24.01,0.0555842106286525,0.0809581647377504,0.07017847197106811,0.1705904265043432,0.096950472456975,0.0557268371599001,0.0908415772299484,0.14244891059493886,0.1748551403040074,,,,,,,SRB00001
2020-08-16,3234.94,0.4,24.02,0.0542365564662958,0.0800429196782795,0.06808456053720367,0.17455894850031978,0.1014874477587648,0.0579419564830171,0.08983295781873835,0.14734434178036365,0.17840963249171518,,,,,,,SRB00001
2020-08-17,3190.54,0.32,25.12,0.0528889023039391,0.0791276746188086,0.06599064910333924,0.17852747049629636,0.1060244230605546,0.060157075806134094,0.08882433840752829,0.15223977296578844,0.18196412467942297,,,,,,,SRB00001
2020-08-18,3257.37,13.56,22.72,0.04511218159157665,0.0733987468992917,0.060894737450017014,0.18220428654311013,0.09952061710576345,0.05435008041432644,0.08335930061437889,0.14686159234429835,0.1755195334070331,,,,,,,SRB00001
2020-08-19,3395.25,0.51,22.01,0.0373354608792142,0.0676698191797748,0.0557988257966948,0.1858811025899239,0.0930168111509723,0.0485430850225188,0.0778942628212295,0.14148341172280823,0.16907494213464327,,,,,,,SRB00001
2020-08-20,3490.4,0.0,23.28,0.04472975120548295,0.06969033927713131,0.05420987056509735,0.16525446880557193,0.09128725032073745,0.0515606438041122,0.07242922502808011,0.13610523110131814,0.16263035086225341,,,,,,,SRB00001
2020-08-21,3522.71,0.0,24.96,0.04827160551918017,0.07237362405872046,0.05618886682938645,0.16968687596291598,0.09621816075112745,0.054975432984692846,0.07542571944463371,0.13859175003822144,0.16876283072921638,,,,,,,SRB00001
2020-08-22,3579.96,0.0,26.44,0.0518134598328774,0.0750569088403096,0.058167863093675554,0.17411928312026,0.10114907118151745,0.058390222165273495,0.0784222138611873,0.14107826897512477,0.17489531059617935,,,,,,,SRB00001
2020-08-23,3621.43,0.26,25.15,0.04947465696685046,0.07287325796911226,0.0559316808112811,0.17014914910668255,0.09681367830162076,0.055007112536629425,0.07578633724985007,0.1370201406894248,0.1696032063249138,,,,,,,SRB00001
2020-08-24,3547.13,0.03,23.75,0.047135854100823514,0.07068960709791491,0.05369549852888665,0.16617901509310506,0.09247828542172407,0.05162400290798535,0.07315046063851284,0.13296201240372485,0.16431110205364827,,,,,,,SRB00001
2020-08-25,3434.58,2.83,22.24,0.044797051234796575,0.06850595622671757,0.0514593162464922,0.1622088810795276,0.08814289254182738,0.04824089327934128,0.0705145840271756,0.1289038841180249,0.1590189977823827,,,,,,,SRB00001
2020-08-26,3482.37,0.0,23.21,0.0411980325501947,0.0726010197550973,0.0606501649546934,0.1869136016583471,0.0946614696232244,0.052465909879627,0.07349926878307435,0.13645767454999555,0.16618806760974078,,,,,,,SRB00001
2020-08-27,3621.43,0.0,23.56,0.04421225031388335,0.07129254096587015,0.054721999041007,0.17876310481113866,0.1023309361443949,0.057816000212625604,0.0764839535389731,0.1440114649819662,0.17335713743709885,,,,,,,SRB00001
2020-08-28,3571.73,0.0,24.14,0.058221756986074305,0.08247019981823069,0.06291694625739473,0.19596616663113706,0.1079411332521814,0.06089634080622179,0.0857320458731574,0.15735955045413938,0.18994404271207563,,,,,,,SRB00001
2020-08-29,3364.12,0.0,27.53,0.07223126365826525,0.09364785867059122,0.07111189347378248,0.21316922845113545,0.1135513303599679,0.06397668139981798,0.09498013820734169,0.17070763592631255,0.2065309479870524,,,,,,,SRB00001
2020-08-30,3125.08,0.0,28.95,0.08624077033045621,0.10482551752295174,0.07930684069017022,0.23037229027113387,0.11916152746775441,0.06705702199341418,0.104228230541526,0.1840557213984857,0.2231178532620292,,,,,,,SRB00001
2020-08-31,2909.72,5.69,21.7,0.10025027700264716,0.11600317637531228,0.08750178790655797,0.24757535209113227,0.12477172457554091,0.07013736258701037,0.1134763228757103,0.19740380687065887,0.23970475853700599,,,,,,,SRB00001
2020-09-01,2810.9,4.09,18.04,0.1142597836748381,0.12718083522767282,0.0956967351229457,0.26477841391113066,0.1303819216833274,0.07321770318060655,0.1227244152098946,0.21075189234283204,0.25629166381198276,,,,,,,SRB00001
2020-09-02,3032.89,0.0,17.58,0.09178210240299198,0.10890867987122649,0.08319101776781497,0.23278862043065623,0.11673939240255225,0.06522382040748506,0.10724466440953645,0.18358821057895372,0.22338985959843605,,,,,,,SRB00001
2020-09-03,3629.78,0.0,19.08,0.06930442113114585,0.09063652451478016,0.07068530041268423,0.2007988269501818,0.10309686312177709,0.05722993763436357,0.0917649136091783,0.15642452881507543,0.19048805538488933,,,,,,,SRB00001
2020-09-04,4129.47,0.0,19.96,0.04682673985929973,0.07236436915833383,0.0581795830575535,0.16880903346970735,0.08945433384100193,0.04923605486124207,0.07628516280882014,0.12926084705119711,0.15758625117134265,,,,,,,SRB00001
2020-09-05,4394.42,0.0,22.23,0.05015022211838621,0.07675403507214647,0.06306079315340123,0.17158583426123708,0.09390587064176012,0.051764265508742885,0.08285462281082272,0.1376864556378866,0.16564151872549088,,,,,,,SRB00001
2020-09-06,4476.13,0.0,23.78,0.0534737043774727,0.0811437009859591,0.06794200324924896,0.17436263505276678,0.09835740744251831,0.0542924761562437,0.0894240828128253,0.14611206422457607,0.17369678627963914,,,,,,,SRB00001
2020-09-07,4324.14,0.0,22.37,0.052123147699441104,0.07944984518672749,0.06534411531991495,0.17117746354502344,0.09552765389648514,0.053088602171292396,0.08536076468788759,0.14175798902160988,0.1683431317758209,,,,,,,SRB00001
2020-09-08,4110.5,0.0,20.49,0.0507725910214095,0.07775598938749587,0.06274622739058096,0.16799229203728014,0.09269790035045196,0.0518847281863411,0.08129744656294986,0.13740391381864367,0.16298947727200264,,,,,,,SRB00001
2020-09-09,3980.07,0.0,21.87,0.0494220343433779,0.07606213358826425,0.06014833946124695,0.1648071205295368,0.08986814680441879,0.0506808542013898,0.07723412843801215,0.13304983861567748,0.15763582276818439,8.5,0.136,0.89842132,353.0,1.1,0.00396,SRB00001
2020-09-10,4091.61,0.0,22.57,0.055227146746018294,0.08239768647968529,0.06865464744226014,0.17248322302060487,0.09400137586187421,0.053168440314796166,0.088357439356195,0.14160452378146915,0.16931769589411647,,,,,,,SRB00001
2020-09-11,4186.94,0.0,22.68,0.061032259148658695,0.08873323937110633,0.07716095542327334,0.1801593255116729,0.09813460491932963,0.05565602642820253,0.09948075027437785,0.1501592089472608,0.18099956902004855,,,,,,,SRB00001
2020-09-12,4026.17,0.0,24.32,0.06124533735493586,0.087948445335805,0.07487086297389126,0.17467150873930157,0.09747734883470384,0.0555347843315837,0.09545228368071816,0.1444837346749182,0.17426589853680152,,,,,,,SRB00001
2020-09-13,3740.11,0.0,25.1,0.06145841556121303,0.08716365130050364,0.07258077052450917,0.16918369196693026,0.09682009275007804,0.05541354223496488,0.09142381708705849,0.1388082604025756,0.16753222805355453,,,,,,,SRB00001
2020-09-14,3450.44,0.0,23.62,0.0616714937674902,0.08637885726520231,0.0702906780751271,0.16369587519455892,0.09616283666545225,0.055292300138346046,0.0873953504933988,0.133132786130233,0.1607985575703075,,,,,,,SRB00001
2020-09-15,3183.2,0.0,24.29,0.05855871775622678,0.08436197715088983,0.0689004356404024,0.16798771318192462,0.09802561271411148,0.056194130165962954,0.08683935497147446,0.13365322495139154,0.16141908839583194,,,,,,,SRB00001
2020-09-16,2957.01,0.0,23.69,0.05544594174496337,0.08234509703657737,0.0675101932056777,0.1722795511692903,0.0998883887627707,0.05709596019357986,0.08628335944955014,0.13417366377255008,0.16203961922135637,,,,,,,SRB00001
2020-09-17,2772.32,0.13,23.94,0.05233316573369995,0.08032821692226491,0.06611995077095299,0.176571389156656,0.10175116481142993,0.05799779022119678,0.0857273639276258,0.13469410259370862,0.1626601500468808,,,,,,,SRB00001
2020-09-18,2617.18,0.02,18.34,0.04922038972243653,0.07831133680795244,0.06472970833622829,0.1808632271440217,0.10361394086008915,0.058899620248813685,0.08517136840570146,0.13521454141486716,0.16328068087240527,,,,,,,SRB00001
2020-09-19,2487.86,0.0,17.09,0.04610761371117312,0.07629445669363996,0.06333946590150359,0.1851550651313874,0.10547671690874838,0.05980145027643059,0.08461537288377712,0.1357349802360257,0.1639012116979297,,,,,,,SRB00001
2020-09-20,2392.32,0.0,19.43,0.0429948376999097,0.0742775765793275,0.0619492234667789,0.1894469031187531,0.1073394929574076,0.0607032803040475,0.08405937736185279,0.13625541905718425,0.16452174252345414,,,,,,,SRB00001
2020-09-21,2337.84,0.0,19.92,0.0576417173750435,0.079681791137653,0.06425853404029769,0.17074695645590882,0.1104284565681275,0.06773158818620631,0.08350338183992845,0.1367758578783428,0.16514227334897857,,,,,,,SRB00001
2020-09-22,2343.23,0.32,21.39,0.06795164258323023,0.0855538099320743,0.07133964168906794,0.15487351448379055,0.11007064483517816,0.074394110838366,0.0883610422579804,0.12920801802864867,0.15187178444333155,,,,,,,SRB00001
2020-09-23,2348.63,0.16,21.29,0.07826156779141696,0.0914258287264956,0.0784207493378382,0.13900007251167232,0.10971283310222883,0.0810566334905257,0.09321870267603234,0.12164017817895456,0.13860129553768452,,,,,,,SRB00001
2020-09-24,2289.87,0.23,21.12,0.08857149299960371,0.0972978475209169,0.08550185698660845,0.12312663053955406,0.10935502136927949,0.0877191561426854,0.0980763630940843,0.11407233832926045,0.1253308066320375,,,,,,,SRB00001
2020-09-25,2196.86,9.94,19.03,0.08163021487012176,0.09317192673522867,0.07975400903995003,0.12922795217719424,0.10651799041836295,0.08147205605800274,0.0931898942335263,0.11628542158597582,0.12936079010849244,,,,,,,SRB00001
2020-09-26,2132.04,6.92,14.3,0.07468893674063981,0.08904600594954044,0.07400616109329161,0.13532927381483442,0.1036809594674464,0.0752249559733201,0.08830342537296831,0.11849850484269119,0.1333907735849474,,,,,,,SRB00001
2020-09-27,2207.01,0.1,13.95,0.06774765861115785,0.08492008516385222,0.06825831314663319,0.14143059545247458,0.10084392851652985,0.06897785588863745,0.08341695651241032,0.12071158809940656,0.1374207570614023,,,,,,,SRB00001
2020-09-28,2587.21,4.34,16.73,0.0608063804816759,0.08079416437816399,0.06251046519997477,0.14753191709011476,0.0980068975656133,0.06273075580395479,0.07853048765185233,0.12292467135612192,0.14145074053785725,,,,,,,SRB00001
2020-09-29,3563.51,0.28,13.9,0.05386510235219395,0.07666824359247576,0.05676261725331635,0.15363323872775494,0.09516986661469676,0.05648365571927215,0.07364401879129434,0.1251377546128373,0.1454807240143122,,,,,,,SRB00001
2020-09-30,4476.13,0.26,14.69,0.051546709338037254,0.07464034501983796,0.055753220089768546,0.15081987885628634,0.09347715897393359,0.055182674787372016,0.0724006121570433,0.12198524080547955,0.1425476620499866,,,,,,,SRB00001
2020-10-01,4633.47,1.01,14.7,0.049228316323880555,0.07261244644720016,0.05474382292622075,0.14800651898481773,0.09178445133317041,0.05388169385547189,0.07115720552279227,0.11883272699812181,0.13961460008566098,,,,,,,SRB00001
2020-10-02,4580.42,0.01,18.85,0.04690992330972385,0.07058454787456235,0.05373442576267295,0.14519315911334912,0.09009174369240724,0.052580712923571755,0.06991379888854123,0.11568021319076405,0.13668153812133538,,,,,,,SRB00001
2020-10-03,4465.84,0.0,22.75,0.04459153029556715,0.06855664930192455,0.05272502859912515,0.14237979924188052,0.08839903605164406,0.05127973199167163,0.0686703922542902,0.1125276993834063,0.13374847615700977,,,,,,,SRB00001
2020-10-04,4274.63,6.32,19.59,0.04227313728141045,0.06652875072928675,0.05171563143557735,0.1395664393704119,0.0867063284108809,0.049978751059771495,0.06742698562003915,0.10937518557604856,0.13081541419268417,,,,,,,SRB00001
2020-10-05,4044.76,0.1,18.08,0.04267665001838775,0.06794463669614126,0.053562947623967024,0.14295957808061965,0.08893037546023588,0.050203978506746294,0.07152183989416325,0.11607544460028983,0.13679670523573007,,,,,,,SRB00001
2020-10-06,3827.25,1.38,17.1,0.04308016275536505,0.06936052266299575,0.0554102638123567,0.1463527167908274,0.09115442250959085,0.0504292059537211,0.07561669416828734,0.12277570362453111,0.14277799627877596,,,,,,,SRB00001
2020-10-07,3654.95,11.82,13.85,0.05561260750987396,0.08075117959710798,0.06715314543520276,0.16384115203218969,0.11291378945572163,0.07144815884112252,0.08930060241190144,0.13805506683709756,0.1581311390547861,9.2,0.101,0.61851116,375.0,1.0,0.0024,SRB00001
2020-10-08,3538.97,0.05,13.71,0.06814505226438286,0.0921418365312202,0.07889602705804884,0.181329587273552,0.1346731564018524,0.09246711172852393,0.10298451065551553,0.15333443004966402,0.1734842818307962,,,,,,,SRB00001
2020-10-09,3458.39,0.0,14.92,0.08067749701889178,0.10353249346533241,0.09063890868089491,0.19881802251491432,0.15643252334798316,0.11348606461592534,0.11666841889912963,0.16861379326223047,0.1888374246068063,,,,,,,SRB00001
2020-10-10,3387.44,0.0,16.32,0.09320994177340068,0.11492315039944465,0.10238179030374098,0.2163064577562766,0.17819189029411392,0.13450501750332675,0.13035232714274372,0.18389315647479693,0.20419056738281643,,,,,,,SRB00001
2020-10-11,3348.66,1.34,13.91,0.10574238652790958,0.12631380733355688,0.11412467192658704,0.2337948929976389,0.1999512572402447,0.15552397039072816,0.14403623538635782,0.19917251968736338,0.21954371015882657,,,,,,,SRB00001
2020-10-12,3371.87,28.86,9.19,0.1182748312824185,0.13770446426766908,0.12586755354943313,0.25128332823900124,0.22171062418637547,0.1765429232781296,0.15772014362997192,0.21445188289992984,0.23489685293483667,,,,,,,SRB00001
2020-10-13,3426.68,17.31,5.95,0.1308072760369274,0.1490951212017813,0.1376104351722792,0.2687717634803635,0.24346999113250625,0.197561876165531,0.171404051873586,0.2297312461124963,0.2502499957108468,,,,,,,SRB00001
2020-10-14,3538.97,0.29,10.36,0.1433397207914363,0.16048577813589354,0.14935331679512526,0.2862601987217258,0.265229358078637,0.2185808290529324,0.1850879601172001,0.24501060932506274,0.2656031384868569,,,,,,,SRB00001
2020-10-15,3818.44,5.49,11.21,0.12419463041877521,0.14347448438457822,0.13383089131403908,0.25821091975354754,0.22792791314336758,0.18374783073886808,0.16665999866602854,0.2206833656160405,0.2397574446305967,,,,,,,SRB00001
2020-10-16,4374.22,0.74,9.34,0.10504954004611412,0.1264631906332629,0.11830846583295287,0.23016164078536921,0.19062646820809814,0.14891483242480377,0.14823203721485698,0.1963561219070182,0.2139117507743365,,,,,,,SRB00001
2020-10-17,4896.79,0.14,8.0,0.08590444967345304,0.10945189688194755,0.10278604035186668,0.20211236181719094,0.1533250232728287,0.11408183411073945,0.1298040757636854,0.17202887819799595,0.18806605691807632,,,,,,,SRB00001
2020-10-18,5092.31,0.01,8.23,0.06675935930079194,0.09244060313063222,0.08726361487078049,0.17406308284901265,0.11602357833755927,0.07924883579667513,0.11137611431251386,0.14770163448897367,0.16222036306181611,,,,,,,SRB00001
2020-10-19,5139.44,0.0,8.99,0.04761426892813085,0.0754293093793169,0.0717411893896943,0.14601380388083435,0.07872213340228985,0.0444158374826108,0.0929481528613423,0.12337439077995141,0.1363746692055559,,,,,,,SRB00001
2020-10-20,5163.16,0.0,8.41,0.05404398372235178,0.08173108724908898,0.07679653148600815,0.1524079132091006,0.08685930416079225,0.05114767195070305,0.0983352232495554,0.1289628565763175,0.1441365885058308,,,,,,,SRB00001
2020-10-21,5127.61,0.0,11.12,0.0604736985165727,0.08803286511886105,0.08185187358232199,0.15880202253736686,0.09499647491929465,0.0578795064187953,0.1037222936377685,0.1345513223726836,0.1518985078061057,,,,,,,SRB00001
2020-10-22,4908.08,0.0,12.99,0.0405111534339425,0.071478028682405,0.0678247137225028,0.1425154142490557,0.0807940951325769,0.0439543543374283,0.11541024654670842,0.1441122702119022,0.1602615067025644,,,,,,,SRB00001
2020-10-23,4580.42,0.01,14.24,0.0599886478576839,0.08700232472009527,0.08148527020082376,0.15451826163666635,0.09420940868071812,0.05757208300305564,0.12709819945564835,0.15367321805112083,0.1686245055990231,,,,,,,SRB00001
2020-10-24,4225.69,5.13,14.05,0.0794661422814253,0.10252662075778553,0.0951458266791447,0.16652110902427697,0.10762472222885934,0.07118981166868299,0.13878615236458827,0.16323416589033943,0.17698750449548178,,,,,,,SRB00001
2020-10-25,3907.41,2.19,12.75,0.0989436367051667,0.11805091679547579,0.10880638315746566,0.17852395641188762,0.12104003577700055,0.08480754033431032,0.1504741052735282,0.17279511372955803,0.18535050339194048,,,,,,,SRB00001
2020-10-26,3654.95,0.03,13.52,0.1184211311289081,0.13357521283316603,0.12246693963578661,0.19052680379949827,0.13445534932514178,0.09842526899993767,0.16216205818246812,0.18235606156877665,0.1937135022883992,,,,,,,SRB00001
2020-10-27,3482.37,0.03,13.87,0.1378986255526495,0.14909950887085632,0.13612749611410757,0.20252965118710892,0.147870662873283,0.112042997665565,0.17385001109140805,0.19191700940799525,0.2020765011848579,,,,,,,SRB00001
2020-10-28,3442.5,0.04,12.76,0.1573761199763909,0.16462380490854656,0.1497880525924285,0.21453249857471957,0.1612859764214242,0.12566072633119235,0.18553796400034797,0.20147795724721385,0.2104395000813166,,,,,,,SRB00001
2020-10-29,3522.71,2.72,11.06,0.1768536144001323,0.18014810094623684,0.16344860907074946,0.2265353459623302,0.1747012899695654,0.13927845499681968,0.19722591690928787,0.21103890508643247,0.2188024989777753,,,,,,,SRB00001
2020-10-30,3621.43,0.91,9.85,0.19633110882387372,0.19567239698392708,0.1771091655490704,0.23853819334994084,0.18811660351770665,0.15289618366244703,0.2089138698182278,0.22059985292565107,0.22716549787423398,,,,,,,SRB00001
2020-10-31,3757.37,0.4,12.26,0.2158086032476151,0.21119669302161737,0.19076972202739137,0.25054104073755146,0.20153191706584786,0.16651391232807436,0.22060182272716772,0.23016080076486967,0.23552849677069268,,,,,,,SRB00001
2020-11-01,3907.41,0.05,9.42,0.2352860976713565,0.2267209890593076,0.20443027850571233,0.2625438881251621,0.21494723061398907,0.1801316409937017,0.23228977563610764,0.23972174860408826,0.24389149566715138,,,,,,,SRB00001
2020-11-02,4119.98,0.25,11.85,0.2547635920950979,0.2422452850969979,0.21809083498403325,0.27454673551277275,0.22836254416213028,0.19374936965932904,0.24397772854504757,0.2492826964433069,0.2522544945636101,,,,,,,SRB00001
2020-11-03,4314.19,0.03,14.02,0.2742410865188393,0.2577695811346881,0.2317513914623542,0.2865495829003834,0.2417778577102715,0.2073670983249564,0.2556656814539875,0.2588436442825255,0.2606174934600688,,,,,,,SRB00001
2020-11-04,4264.8,4.33,12.3,0.2620458722329678,0.24715884047918307,0.2220354848198561,0.27628054901178306,0.23320316631166838,0.19931832199617772,0.24536356474488552,0.2492201833365078,0.2512632402629805,10.3,0.152,1.32957326,418.0,1.0,0.0012,SRB00001
2020-11-05,4082.19,3.79,10.54,0.24985065794709632,0.23654809982367803,0.212319578177358,0.2660115151231827,0.22462847491306523,0.191269545667399,0.23506144803578355,0.23959672239049015,0.24190898706589226,,,,,,,SRB00001
2020-11-06,3907.41,0.0,7.82,0.23765544366122482,0.22593735916817298,0.2026036715348599,0.2557424812345824,0.2160537835144621,0.1832207693386203,0.22475933132668158,0.22997326144447247,0.232554733868804,,,,,,,SRB00001
2020-11-07,3836.07,0.0,7.34,0.22546022937535332,0.21532661851266793,0.19288776489236178,0.24547344734598203,0.207479092115859,0.17517199300984163,0.2144572146175796,0.22034980049845482,0.22320048067171572,,,,,,,SRB00001
2020-11-08,3862.67,0.0,7.24,0.2132650150894818,0.20471587785716286,0.18317185824986368,0.23520441345738172,0.19890440071725585,0.16712321668106295,0.20415509790847766,0.21072633955243714,0.21384622747462748,,,,,,,SRB00001
2020-11-09,3827.25,0.12,5.64,0.2010698008036103,0.1941051372016578,0.17345595160736557,0.22493537956878137,0.19032970931865273,0.15907444035228424,0.1938529811993757,0.20110287860641946,0.2044919742775392,,,,,,,SRB00001
2020-11-10,3671.82,0.24,5.95,0.1888745865177388,0.18349439654615277,0.16374004496486746,0.21466634568018103,0.1817550179200496,0.15102566402350553,0.18355086449027372,0.1914794176604018,0.19513772108045094,,,,,,,SRB00001
2020-11-11,3450.44,0.42,6.63,0.1766793722318673,0.17288365589064772,0.15402413832236939,0.2043973117915807,0.1731803265214465,0.14297688769472686,0.17324874778117175,0.18185595671438412,0.18578346788336267,,,,,,,SRB00001
2020-11-12,3220.07,0.18,7.34,0.16448415794599577,0.16227291523514267,0.14430823167987128,0.19412827790298035,0.16460563512284335,0.13492811136594818,0.16294663107206978,0.17223249576836644,0.1764292146862744,,,,,,,SRB00001
2020-11-13,3012.01,0.05,8.36,0.15228894366012427,0.15166217457963763,0.13459232503737317,0.18385924401438,0.15603094372424023,0.12687933503716947,0.1526445143629678,0.16260903482234879,0.16707496148918613,,,,,,,SRB00001
2020-11-14,2817.38,0.15,7.97,0.14009372937425277,0.14105143392413258,0.12487641839487505,0.17359021012577966,0.1474562523256371,0.11883055870839078,0.14234239765386583,0.1529855738763311,0.15772070829209786,,,,,,,SRB00001
2020-11-15,2647.5,0.04,7.69,0.12789851508838126,0.1304406932686275,0.11516051175237696,0.16332117623717934,0.13888156092703396,0.11078178237961209,0.1320402809447639,0.14336211293031342,0.14836645509500962,,,,,,,SRB00001
2020-11-16,2505.11,0.95,7.13,0.11570330080250976,0.11982995261312247,0.10544460510987885,0.153052142348579,0.13030686952843085,0.1027330060508334,0.1217381642356619,0.13373865198429577,0.13901220189792135,,,,,,,SRB00001
2020-11-17,2386.81,3.36,7.12,0.10350808651663826,0.10921921195761741,0.09572869846738075,0.14278310845997866,0.12173217812982771,0.0946842297220547,0.11143604752655994,0.12411519103827809,0.12965794870083308,,,,,,,SRB00001
2020-11-18,2295.15,0.03,6.37,0.09131287223076676,0.09860847130211237,0.08601279182488264,0.13251407457137832,0.1131574867312246,0.08663545339327601,0.10113393081745797,0.11449173009226042,0.12030369550374481,,,,,,,SRB00001
2020-11-19,2232.57,0.07,5.95,0.07911765794489525,0.08799773064660732,0.07629688518238453,0.12224504068277797,0.10458279533262146,0.07858667706449732,0.090831814108356,0.10486826914624275,0.11094944230665654,,,,,,,SRB00001
2020-11-20,2186.76,3.67,5.13,0.06692244365902375,0.07738698999110227,0.06658097853988643,0.11197600679417763,0.09600810393401833,0.07053790073571863,0.08052969739925403,0.09524480820022509,0.10159518910956827,,,,,,,SRB00001
2020-11-21,2141.89,0.01,1.41,0.05472722937315225,0.06677624933559723,0.05686507189738832,0.10170697290557729,0.08743341253541521,0.06248912440693993,0.07022758069015206,0.08562134725420742,0.09224093591248,,,,,,,SRB00001
2020-11-22,2112.49,0.0,0.61,0.04253201508728074,0.056165508680092166,0.04714916525489022,0.09143793901697696,0.07885872113681208,0.05444034807816124,0.0599254639810501,0.07599788630818974,0.08288668271539175,,,,,,,SRB00001
2020-11-23,2093.11,0.0,2.05,0.03033680080140925,0.04555476802458715,0.0374332586123921,0.0811689051283766,0.07028402973820895,0.04639157174938255,0.0496233472719481,0.06637442536217206,0.0735324295183035,,,,,,,SRB00001
2020-11-24,2088.3,0.02,0.72,0.03204920738769607,0.04749631796793359,0.038835998183502696,0.08479632608104898,0.07367665723368998,0.048608772847475744,0.05163500400077179,0.06941361947470924,0.0769114700520772,,,,,,,SRB00001
2020-11-25,2102.78,0.07,1.09,0.03376161397398289,0.04943786791128003,0.04023873775461329,0.08842374703372136,0.077069284729171,0.050825973945568946,0.05364666072959549,0.07245281358724641,0.08029051058585089,,,,,,,SRB00001
2020-11-26,2107.63,0.12,1.11,0.035474020560269715,0.05137941785462647,0.04164147732572389,0.09205116798639373,0.08046191222465203,0.05304317504366214,0.055658317458419176,0.07549200769978359,0.0836695511196246,,,,,,,SRB00001
2020-11-27,2069.14,0.18,0.49,0.03718642714655654,0.053320967797972914,0.04304421689683448,0.09567858893906613,0.08385453972013306,0.055260376141755344,0.05766997418724287,0.07853120181232076,0.0870485916533983,,,,,,,SRB00001
2020-11-28,2003.47,0.21,0.0,0.03889883373284336,0.05526251774131936,0.044446956467945074,0.0993060098917385,0.08724716721561408,0.05747757723984854,0.05968163091606656,0.08157039592485794,0.09042763218717201,,,,,,,SRB00001
2020-11-29,1939.89,0.03,0.14,0.04061124031913018,0.057204067684665794,0.04584969603905567,0.10293343084441088,0.09063979471109511,0.05969477833794174,0.06169328764489026,0.08460959003739511,0.0938066727209457,,,,,,,SRB00001
2020-11-30,1882.65,0.12,0.34,0.042323646905417005,0.05914561762801224,0.04725243561016627,0.10656085179708326,0.09403242220657614,0.061911979436034936,0.06370494437371395,0.0876487841499323,0.0971857132547194,,,,,,,SRB00001
2020-12-01,1827.1,0.08,-1.38,0.04141324512394253,0.05888247805683444,0.046898788326090964,0.10503791946760449,0.09321990527563752,0.06132048169081059,0.0630132259925506,0.08634688581691233,0.09553592087053339,,,,,,,SRB00001
2020-12-02,1777.28,0.35,-1.08,0.04050284334246805,0.05861933848565664,0.04654514104201566,0.10351498713812574,0.09240738834469889,0.06072898394558625,0.06232150761138726,0.08504498748389236,0.09388612848634738,12.0,0.089,1.45824164,467.0,1.4,0.001,SRB00001
2020-12-03,1732.8,2.02,1.35,0.03959244156099358,0.05835619891447884,0.046191493757940356,0.10199205480864697,0.09159487141376027,0.06013748620036191,0.06162978923022392,0.08374308915087239,0.09223633610216136,,,,,,,SRB00001
2020-12-04,1701.16,0.17,3.87,0.0386820397795191,0.05809305934330104,0.04583784647386506,0.1004691224791682,0.09078235448282165,0.05954598845513757,0.060938070849060576,0.08244119081785242,0.09058654371797535,,,,,,,SRB00001
2020-12-05,1673.94,0.02,6.87,0.03777163799804463,0.05782991977212325,0.045484199189789756,0.09894619014968944,0.08996983755188302,0.058954490709913224,0.06024635246789723,0.08113929248483245,0.08893675133378934,,,,,,,SRB00001
2020-12-06,1654.77,0.01,7.57,0.036861236216570156,0.057566780200945446,0.04513055190571445,0.09742325782021068,0.0891573206209444,0.05836299296468889,0.05955463408673389,0.07983739415181249,0.08728695894960332,,,,,,,SRB00001
2020-12-07,1647.16,1.79,5.12,0.035950834435095676,0.057303640629767644,0.04477690462163915,0.09590032549073192,0.08834480369000577,0.05777149521946454,0.05886291570557055,0.07853549581879252,0.08563716656541731,,,,,,,SRB00001
2020-12-08,1666.25,0.04,3.15,0.0350404326536212,0.05704050105858985,0.044423257337563846,0.09437739316125315,0.08753228675906716,0.0571799974742402,0.0581711973244072,0.07723359748577255,0.0839873741812313,,,,,,,SRB00001
2020-12-09,1797.87,8.97,2.06,0.03521172316964856,0.05733099764443251,0.045206427478582605,0.09452855424112411,0.08759783737400419,0.05727216246433236,0.05894906722023351,0.07750061164732373,0.08425003274150408,,,,,,,SRB00001
2020-12-10,2083.49,0.94,1.42,0.03538301368567592,0.057621494230275176,0.04598959761960136,0.09467971532099506,0.0876633879889412,0.05736432745442452,0.05972693711605982,0.07776762580887492,0.08451269130177688,,,,,,,SRB00001
2020-12-11,2510.89,0.16,1.92,0.035554304201703274,0.057911990816117837,0.04677276776062012,0.09483087640086602,0.08772893860387823,0.057456492444516685,0.06050480701188613,0.0780346399704261,0.08477534986204967,,,,,,,SRB00001
2020-12-12,2740.57,0.2,2.64,0.03572559471773063,0.0582024874019605,0.04755593790163888,0.09498203748073697,0.08779448921881525,0.057548657434608845,0.06128267690771244,0.0783016541319773,0.08503800842232245,,,,,,,SRB00001
2020-12-13,2696.74,0.12,2.0,0.03589688523375799,0.058492983987803164,0.04833910804265765,0.09513319856060792,0.08786003983375228,0.057640822424701005,0.06206054680353875,0.07856866829352849,0.08530066698259525,,,,,,,SRB00001
2020-12-14,2581.26,0.03,1.42,0.036068175749785346,0.058783480573645824,0.049122278183676406,0.09528435964047888,0.0879255904486893,0.057732987414793165,0.06283841669936506,0.07883568245507967,0.08556332554286804,,,,,,,SRB00001
2020-12-15,2465.04,0.1,1.13,0.0362394662658127,0.059073977159488485,0.049905448324695165,0.09543552072034983,0.08799114106362632,0.057825152404885324,0.06361628659519136,0.07910269661663086,0.08582598410314084,,,,,,,SRB00001
2020-12-16,2348.63,0.03,0.72,0.03641075678184006,0.05936447374533115,0.050688618465713924,0.09558668180022079,0.08805669167856335,0.057917317394977484,0.06439415649101768,0.07936971077818204,0.08608864266341362,,,,,,,SRB00001
2020-12-17,2237.72,0.13,1.82,0.03658204729786742,0.05965497033117381,0.05147178860673268,0.09573784288009174,0.08812224229350037,0.05800948238506965,0.06517202638684398,0.07963672493973323,0.08635130122368641,,,,,,,SRB00001
2020-12-18,2156.74,0.14,2.18,0.036753337813894775,0.05994546691701647,0.05225495874775144,0.0958890039599627,0.0881877929084374,0.05810164737516181,0.0659498962826703,0.07990373910128441,0.08661395978395921,,,,,,,SRB00001
2020-12-19,2132.04,0.13,1.57,0.03692462832992213,0.06023596350285914,0.0530381288887702,0.09604016503983365,0.08825334352337443,0.05819381236525397,0.0667277661784966,0.08017075326283561,0.08687661834423199,,,,,,,SRB00001
2020-12-20,2132.04,0.32,2.16,0.03709591884594949,0.0605264600887018,0.05382129902978896,0.0961913261197046,0.08831889413831144,0.05828597735534613,0.06750563607432292,0.0804377674243868,0.08713927690450478,,,,,,,SRB00001
2020-12-21,2112.49,0.62,2.72,0.03726720936197685,0.06081695667454446,0.05460446917080772,0.09634248719957555,0.08838444475324847,0.05837814234543829,0.06828350597014922,0.08070478158593798,0.08740193546477758,,,,,,,SRB00001
2020-12-22,2069.14,0.35,3.62,0.037438499878004204,0.06110745326038713,0.055387639311826484,0.0964936482794465,0.08844999536818549,0.05847030733553046,0.06906137586597554,0.08097179574748917,0.08766459402505036,,,,,,,SRB00001
2020-12-23,2022.02,0.16,8.47,0.03760979039403156,0.06139794984622979,0.05617080945284524,0.09664480935931745,0.08851554598312251,0.058562472325622617,0.06983924576180184,0.08123880990904035,0.08792725258532316,,,,,,,SRB00001
2020-12-24,1975.97,10.18,9.84,0.03778108091005892,0.06168844643207245,0.056953979593864,0.0967959704391884,0.08858109659805953,0.058654637315714776,0.07061711565762815,0.08150582407059154,0.08818991114559595,,,,,,,SRB00001
2020-12-25,1939.89,8.8,4.63,0.037952371426086276,0.061978943017915115,0.05773714973488276,0.09694713151905936,0.08864664721299656,0.058746802305806936,0.07139498555345446,0.08177283823214274,0.08845256970586873,,,,,,,SRB00001
2020-12-26,1962.36,0.71,1.54,0.03812366194211363,0.062269439603757776,0.05852031987590152,0.09709829259893031,0.08871219782793359,0.058838967295899096,0.07217285544928077,0.08203985239369392,0.08871522826614153,,,,,,,SRB00001
2020-12-27,2112.49,0.56,-0.92,0.03829495245814099,0.06255993618960044,0.05930349001692028,0.09724945367880126,0.0887777484428706,0.05893113228599126,0.07295072534510708,0.0823068665552451,0.08897788682641432,,,,,,,SRB00001
2020-12-28,2403.36,2.31,2.88,0.03846624297416835,0.0628504327754431,0.06008666015793904,0.09740061475867222,0.08884329905780763,0.05902329727608342,0.07372859524093339,0.08257388071679629,0.0892405453866871,,,,,,,SRB00001
2020-12-29,2684.34,0.03,6.56,0.038637533490195705,0.06314092936128576,0.060869830298957796,0.09755177583854317,0.08890884967274465,0.05911546226617558,0.0745064651367597,0.08284089487834748,0.0895032039469599,,,,,,,SRB00001
2020-12-30,2830.39,9.23,5.99,0.03880882400622306,0.06343142594712843,0.061653000439976555,0.09770293691841413,0.08897440028768168,0.05920762725626774,0.07528433503258601,0.08310790903989866,0.08976586250723269,,,,,,,SRB00001
2020-12-31,2850.02,23.64,2.2,0.03898011452225042,0.06372192253297108,0.06243617058099532,0.09785409799828508,0.08903995090261871,0.0592997922463599,0.07606220492841231,0.08337492320144985,0.09002852106750549,,,,,,,SRB00001
2021-01-01,2804.43,0.06,1.88,0.03915140503827778,0.06401241911881375,0.06321934072201407,0.09800525907815603,0.08910550151755572,0.05939195723645206,0.07684007482423863,0.08364193736300105,0.09029117962777827,,,,,,,SRB00001
2021-01-02,2753.23,0.24,3.62,0.039322695554305134,0.06430291570465642,0.06400251086303284,0.09815642015802699,0.08917105213249275,0.05948412222654423,0.07761794472006493,0.08390895152455223,0.09055383818805106,,,,,,,SRB00001
2021-01-03,2684.34,1.7,4.97,0.03949398607033249,0.06459341229049907,0.06478568100405159,0.09830758123789794,0.08923660274742977,0.05957628721663639,0.07839581461589125,0.08417596568610342,0.09081649674832386,,,,,,,SRB00001
2021-01-04,2593.18,2.26,4.22,0.03966527658635985,0.06488390887634174,0.06556885114507036,0.0984587423177689,0.0893021533623668,0.05966845220672855,0.07917368451171755,0.0844429798476546,0.09107915530859664,,,,,,,SRB00001
2021-01-05,2476.42,0.3,3.2,0.04254444300570977,0.06532576954043694,0.06379052759687968,0.09531647768671646,0.08547155502031206,0.057345632384428864,0.07599335800905382,0.08149665705993898,0.08737871516175141,,,,,,,SRB00001
2021-01-06,2359.48,1.9,4.06,0.045423609425059686,0.06576763020453215,0.06201220404868902,0.09217421305566403,0.08164095667825733,0.05502281256212919,0.07281303150639008,0.07855033427222337,0.08367827501490618,,,,,,,SRB00001
2021-01-07,2253.24,0.12,2.46,0.048302775844409604,0.06620949086862735,0.060233880500498355,0.0890319484246116,0.07781035833620259,0.052699992739829504,0.06963270500372636,0.07560401148450775,0.07997783486806095,,,,,,,SRB00001
2021-01-08,2156.74,2.53,0.42,0.04272308405333708,0.05987251487590635,0.05436170213165618,0.0896714689169642,0.07899523965845204,0.053033170151433204,0.06467090799699424,0.073547322848629,0.0799176750461248,,,,,,,SRB00001
2021-01-09,2083.49,0.03,-0.4,0.037143392262264555,0.05353553888318535,0.048489523762814,0.0903109894093168,0.0801801209807015,0.0533663475630369,0.059709110990262104,0.07149063421275026,0.07985751522418866,,,,,,,SRB00001
2021-01-10,2026.68,2.5,-1.06,0.05546195563164143,0.07045492045024988,0.06636531218455421,0.11085715349378657,0.08266077919356844,0.0569603496993352,0.07907767304057127,0.09140202219259386,0.0996798858317896,,,,,,,SRB00001
2021-01-11,1985.1,1.79,-1.27,0.0737805190010183,0.08737430201731441,0.08424110060629442,0.13140331757825635,0.08514143740643539,0.0605543518356335,0.09844623509088044,0.11131341017243747,0.11950225643939054,,,,,,,SRB00001
2021-01-12,1939.89,0.07,-1.74,0.09209908237039517,0.10429368358437896,0.10211688902803462,0.1519494816627261,0.08762209561930231,0.0641483539719318,0.11781479714118961,0.13122479815228108,0.13932462704699147,,,,,,,SRB00001
2021-01-13,1878.32,0.04,-0.68,0.11041764573977204,0.12121306515144349,0.11999267744977483,0.1724956457471959,0.09010275383216926,0.0677423561082301,0.13718335919149877,0.15113618613212468,0.15914699765459242,11.9,0.11,2.39729508,488.0,1.0,0.00183,SRB00001
2021-01-14,1814.52,0.4,-0.97,0.1287362091091489,0.13813244671850802,0.13786846587151505,0.19304180983166563,0.0925834120450362,0.0713363582445284,0.15655192124180795,0.17104757411196828,0.17896936826219337,,,,,,,SRB00001
2021-01-15,1748.85,0.01,-2.11,0.14705477247852577,0.15505182828557257,0.15574425429325525,0.21358797391613543,0.09506407025790314,0.0749303603808267,0.17592048329211712,0.1909589620918119,0.1987917388697943,,,,,,,SRB00001
2021-01-16,1693.34,0.19,-3.11,0.16537333584790265,0.17197120985263709,0.17362004271499545,0.23413413800060517,0.09754472847077009,0.078524362517125,0.19528904534242628,0.2108703500716555,0.21861410947739524,,,,,,,SRB00001
2021-01-17,1650.96,0.73,-3.97,0.18369189921727952,0.18889059141970163,0.19149583113673568,0.25468030208507497,0.10002538668363703,0.0821183646534233,0.21465760739273546,0.2307817380514991,0.23843648008499618,,,,,,,SRB00001
2021-01-18,1620.81,0.07,-4.91,0.2020104625866564,0.20580997298676618,0.20937161955847589,0.2752264661695447,0.10250604489650396,0.08571236678972159,0.23402616944304463,0.2506931260313427,0.25825885069259713,,,,,,,SRB00001
2021-01-19,1598.56,0.04,-0.37,0.2203290259560333,0.2227293545538307,0.2272474079802161,0.2957726302540145,0.1049867031093709,0.0893063689260199,0.2533947314933538,0.2706045140111863,0.2780812213001981,,,,,,,SRB00001
2021-01-20,1580.25,0.28,3.39,0.22148380784474286,0.22140937529736068,0.22396680481211634,0.2869107594710243,0.11383624048597292,0.09668543843500793,0.24841643125851245,0.26390293162894396,0.2703028133022487,,,,,,,SRB00001
2021-01-21,1558.55,0.0,4.33,0.2226385897334524,0.22008939604089067,0.22068620164401662,0.2780488886880341,0.12268577786257494,0.10406450794399595,0.24343813102367112,0.2572013492467017,0.2625244053042994,,,,,,,SRB00001
2021-01-22,1540.7,0.01,7.31,0.22379337162216198,0.21876941678442063,0.2174055984759169,0.2691870179050439,0.13153531523917697,0.11144357745298397,0.2384598307888298,0.25049976686445935,0.25474599730635,,,,,,,SRB00001
2021-01-23,1540.7,0.91,8.48,0.22494815351087155,0.21744943752795062,0.21412499530781715,0.2603251471220537,0.140384852615779,0.118822646961972,0.23348153055398846,0.24379818448221702,0.24696758930840063,,,,,,,SRB00001
2021-01-24,1572.98,14.42,5.27,0.2261029353995811,0.2161294582714806,0.2108443921397174,0.25146327633906346,0.149234389992381,0.12620171647096004,0.2285032303191471,0.23709660209997468,0.23918918131045128,,,,,,,SRB00001
2021-01-25,1654.77,2.68,1.21,0.22725771728829067,0.21480947901501057,0.20756378897161767,0.24260140555607326,0.15808392736898302,0.13358078597994805,0.22352493008430577,0.23039501971773238,0.23141077331250193,,,,,,,SRB00001
2021-01-26,1844.02,0.07,-0.53,0.2284124991770002,0.21348949975854056,0.20428318580351795,0.23373953477308307,0.16693346474558504,0.14095985548893608,0.21854662984946444,0.22369343733549008,0.22363236531455255,,,,,,,SRB00001
2021-01-27,2274.1,0.09,-1.25,0.22956728106570978,0.21216952050207055,0.2010025826354182,0.22487766399009285,0.17578300212218706,0.14833892499792412,0.2135683296146231,0.21699185495324774,0.2158539573166032,,,,,,,SRB00001
2021-01-28,2759.58,2.65,-0.33,0.21224588605376069,0.19534660330640188,0.1840700410851085,0.2027741720491682,0.14531768018685964,0.12349936145408705,0.19527051269167847,0.1970646414290293,0.19609137122711215,,,,,,,SRB00001
2021-01-29,2883.03,1.83,4.75,0.1949244910418116,0.17852368611073322,0.1671374995347988,0.18067068010824355,0.11485235825153221,0.09865979791024997,0.1769726957687338,0.17713742790481085,0.1763287851376211,,,,,,,SRB00001
2021-01-30,2765.94,0.14,5.55,0.17760309602986246,0.16170076891506457,0.1502049579844891,0.1585671881673189,0.08438703631620478,0.07382023436641288,0.15867487884578918,0.15721021438059243,0.15656619904813004,,,,,,,SRB00001
2021-01-31,2709.19,12.77,0.35,0.16028170101791336,0.1448778517193959,0.13327241643417942,0.13646369622639426,0.05392171438087737,0.04898067082257582,0.14037706192284455,0.137283000856374,0.136803612958639,,,,,,,SRB00001
2021-02-01,3082.19,2.41,-1.38,0.14296030600596427,0.12805493452372724,0.11633987488386971,0.1143602042854696,0.02345639244554995,0.02414110727873875,0.1220792449998999,0.11735578733215554,0.11704102686914794,,,,,,,SRB00001
2021-02-02,3916.42,0.06,0.24,0.14700743378930914,0.14970412960897966,0.1445326462589406,0.14470309057119066,0.033801157144330025,0.027728012726579175,0.1561519290672821,0.1466087959637059,0.14662474983349738,,,,,,,SRB00001
2021-02-03,4284.48,0.02,5.4,0.151054561572654,0.1713533246942321,0.1727254176340115,0.1750459768569117,0.0441459218431101,0.0313149181744196,0.1902246131346643,0.1758618045952563,0.1762084727978468,12.2,0.129,2.29797212,505.0,2.1,0.0061,SRB00001
2021-02-04,4196.59,1.09,9.23,0.1389591590339588,0.1597119242093962,0.16202322703246463,0.16769702763496422,0.0497844808822864,0.03533699923670013,0.17905744911403082,0.16642616650002884,0.16755332847702162,,,,,,,SRB00001
2021-02-05,4119.98,0.11,9.08,0.12686375649526357,0.1480705237245603,0.1513210364309178,0.16034807841301674,0.0554230399214627,0.03935908029898066,0.16789028509339735,0.15699052840480135,0.15889818415619644,,,,,,,SRB00001
2021-02-06,4177.3,0.05,10.06,0.11476835395656837,0.13642912323972442,0.14061884582937093,0.15299912919106926,0.061061598960639,0.04338116136126119,0.1567231210727639,0.14755489030957386,0.1502430398353713,,,,,,,SRB00001
2021-02-07,4304.27,0.64,8.92,0.10267295141787315,0.12478772275488853,0.12991665522782408,0.14565017996912177,0.0667001579998153,0.047403242423541714,0.14555595705213042,0.1381192522143464,0.14158789551454612,,,,,,,SRB00001
2021-02-08,4435.09,8.33,8.17,0.09057754887917793,0.11314632227005265,0.11921446462627722,0.1383012307471743,0.0723387170389916,0.051425323485822245,0.13438879303149695,0.12868361411911894,0.13293275119372094,,,,,,,SRB00001
2021-02-09,4538.42,5.22,4.8,0.07848214634048273,0.10150492178521676,0.10851227402473036,0.13095228152522678,0.0779772760781679,0.05544740454810278,0.12322162901086348,0.11924797602389145,0.12427760687289577,,,,,,,SRB00001
2021-02-10,4633.47,6.88,5.47,0.06638674380178751,0.08986352130038087,0.09781008342318351,0.12360333230327931,0.0836158351173442,0.0594694856103833,0.11205446499023002,0.10981233792866398,0.1156224625520706,,,,,,,SRB00001
2021-02-11,4719.63,3.04,-2.79,0.05429134126309229,0.07822212081554498,0.08710789282163665,0.11625438308133182,0.0892543941565205,0.06349156667266384,0.10088730096959654,0.1003766998334365,0.10696731823124543,,,,,,,SRB00001
2021-02-12,4741.42,0.0,-5.72,0.04219593872439707,0.0665807203307091,0.0764057022200898,0.10890543385938434,0.0948929531956968,0.06751364773494437,0.08972013694896307,0.09094106173820903,0.09831217391042026,,,,,,,SRB00001
2021-02-13,4569.88,0.0,-6.27,0.03010053618570185,0.054939319845873205,0.06570351161854295,0.10155648463743686,0.1005315122348731,0.07153572879722489,0.0785529729283296,0.08150542364298155,0.0896570295895951,,,,,,,SRB00001
2021-02-14,4245.2,0.0,-4.26,0.03155726789960941,0.05559105292971645,0.06451583239935896,0.09972312399707432,0.0994150178942135,0.07017609529130438,0.0770342111599031,0.08039362735090963,0.08862803772423285,,,,,,,SRB00001
2021-02-15,3889.45,0.0,-3.53,0.03301399961351696,0.0562427860135597,0.06332815318017497,0.09788976335671179,0.09829852355355392,0.06881646178538385,0.07551544939147659,0.07928183105883771,0.0875990458588706,,,,,,,SRB00001
2021-02-16,3571.73,0.0,-1.08,0.03447073132742452,0.05689451909740294,0.062140473960990976,0.09605640271634927,0.09718202921289433,0.06745682827946334,0.07399668762305006,0.07817003476676579,0.08657005399350834,,,,,,,SRB00001
2021-02-17,3279.95,1.01,1.37,0.03592746304133208,0.057546252181246184,0.06095279474180699,0.09422304207598674,0.09606553487223475,0.06609719477354281,0.07247792585462355,0.07705823847469387,0.08554106212814609,,,,,,,SRB00001
2021-02-18,3018.95,0.02,4.18,0.03738419475523964,0.05819798526508943,0.059765115522623,0.0923896814356242,0.09494904053157516,0.0647375612676223,0.07095916408619704,0.07594644218262195,0.08451207026278384,,,,,,,SRB00001
2021-02-19,2791.54,0.03,4.95,0.03753636080111397,0.05842129152907905,0.05910396342118317,0.09405320227191069,0.09863285671924665,0.0675418222033191,0.07074339187733977,0.0772350157566773,0.08583505515865579,,,,,,,SRB00001
2021-02-20,2653.61,0.3,3.54,0.037688526846988306,0.05864459779306867,0.05844281131974334,0.09571672310819718,0.10231667290691814,0.0703460831390159,0.0705276196684825,0.07852358933073265,0.08715804005452774,,,,,,,SRB00001
2021-02-21,2665.86,0.02,4.48,0.03784069289286263,0.0588679040570583,0.057781659218303506,0.09738024394448368,0.10600048909458963,0.07315034407471269,0.07031184745962524,0.079812162904788,0.08848102495039967,,,,,,,SRB00001
2021-02-22,2804.43,0.0,7.09,0.03799285893873697,0.05909121032104792,0.05712050711686368,0.09904376478077016,0.10968430528226111,0.07595460501040949,0.07009607525076797,0.08110073647884336,0.08980400984627161,,,,,,,SRB00001
2021-02-23,2896.34,0.04,6.1,0.0381450249846113,0.059314516585037544,0.056459355015423845,0.10070728561705665,0.11336812146993261,0.07875886594610629,0.0698803030419107,0.0823893100528987,0.09112699474214356,,,,,,,SRB00001
2021-02-24,2876.4,0.03,6.98,0.03858053762537832,0.0619182849700465,0.05867477862856078,0.10359357337493207,0.11416990762495635,0.07907145922012254,0.07193866946298721,0.08490822857995342,0.09331565653977031,,,,,,,SRB00001
2021-02-25,2797.98,0.0,9.2,0.03901605026614533,0.06452205335505545,0.060890202241697715,0.10647986113280748,0.11497169377998011,0.0793840524941388,0.07399703588406373,0.08742714710700814,0.09550431833739705,,,,,,,SRB00001
2021-02-26,2709.19,0.0,11.14,0.039451562906912346,0.0671258217400644,0.06310562585483465,0.1093661488906829,0.11577347993500385,0.07969664576815505,0.07605540230514024,0.08994606563406285,0.0976929801350238,,,,,,,SRB00001
2021-02-27,2659.72,0.0,7.0,0.040816316981537745,0.06265368456151857,0.058615840458328676,0.10794735774327174,0.11759747280839633,0.0836546123877011,0.07242222399691475,0.08783530143829654,0.09669419953630709,,,,,,,SRB00001
2021-02-28,2672.01,0.0,4.69,0.04218107105616315,0.05818154738297275,0.054126055061822706,0.1065285665958606,0.1194214656817888,0.08761257900724714,0.06878904568868925,0.08572453724253025,0.0956954189375904,,,,,,,SRB00001
2021-03-01,2740.57,0.0,4.01,0.04187995472906533,0.05857767780644712,0.05319982748637803,0.10418900590997913,0.11520617961396944,0.08357309371654978,0.06734509856949364,0.08354191273974824,0.09298111761303857,,,,,,,SRB00001
2021-03-02,2785.12,0.0,5.01,0.041578838401967515,0.05897380822992148,0.05227359991093337,0.10184944522409765,0.11099089354615006,0.07953360842585241,0.06590115145029801,0.08135928823696625,0.09026681628848673,,,,,,,SRB00001
2021-03-03,2772.32,0.05,6.37,0.0412777220748697,0.05936993865339585,0.051347372335488695,0.09950988453821619,0.1067756074783307,0.07549412313515505,0.0644572043311024,0.07917666373418425,0.0875525149639349,12.8,0.073,2.48758868,493.0,2.2,0.0064,SRB00001
2021-03-04,2709.19,0.0,6.8,0.04272487706755912,0.06055563304552023,0.05273821615769571,0.10152491204801779,0.10797609482413634,0.07619993167268152,0.06640051212616425,0.08163351331411772,0.08976599570741538,,,,,,,SRB00001
2021-03-05,2611.16,0.72,6.13,0.044172032060248535,0.061741327437644614,0.054129059979902715,0.10353993955781941,0.10917658216994196,0.07690574021020799,0.0683438199212261,0.08409036289405121,0.09197947645089585,,,,,,,SRB00001
2021-03-06,2487.86,0.04,2.33,0.04561918705293796,0.06292702182976899,0.05551990380210973,0.10555496706762102,0.11037706951574759,0.07761154874773446,0.07028712771628795,0.08654721247398468,0.09419295719437634,,,,,,,SRB00001
2021-03-07,2364.92,0.0,2.07,0.047066342045627374,0.06411271622189338,0.056910747624316735,0.10756999457742264,0.11157755686155321,0.07831735728526093,0.07223043551134979,0.08900406205391817,0.09640643793785682,,,,,,,SRB00001
2021-03-08,2253.24,0.0,2.44,0.0485134970383168,0.06529841061401775,0.05830159144652375,0.10958502208722425,0.11277804420735885,0.0790231658227874,0.07417374330641165,0.09146091163385164,0.09861991868133729,,,,,,,SRB00001
2021-03-09,2181.73,0.0,1.25,0.07205519423577145,0.08432457299795698,0.07984931310206911,0.13467470542036153,0.13809850165083642,0.09974610907961062,0.0970981476883952,0.11548555385873942,0.1240566460398707,,,,,,,SRB00001
2021-03-10,2151.78,0.0,1.33,0.09559689143322611,0.10335073538189621,0.10139703475761445,0.1597643887534988,0.16341895909431398,0.12046905233643385,0.12002255207037875,0.1395101960836272,0.1494933733984041,,,,,,,SRB00001
2021-03-11,2136.96,0.02,2.94,0.07501080962777518,0.0850029293198417,0.08193481093001768,0.13984349512425368,0.1418364167924278,0.10249416037703443,0.10076923769341817,0.11985944617313296,0.12946637898155794,,,,,,,SRB00001
2021-03-12,2093.11,12.81,8.08,0.054424727822324236,0.06665512325778719,0.062472587102420915,0.11992260149500852,0.12025387449054167,0.08451926841763502,0.08151592331645757,0.10020869626263873,0.10943938456471178,,,,,,,SRB00001
2021-03-13,2031.36,1.95,7.77,0.0338386460168733,0.048307317195732696,0.043010363274824145,0.1000017078657634,0.09867133218865551,0.0665443764582356,0.062262608939497,0.0805579463521445,0.0894123901478656,,,,,,,SRB00001
2021-03-14,1975.97,7.12,7.58,0.0379132674637804,0.052057881314368684,0.04695814092717661,0.10310741450811357,0.10400338092058878,0.07326921577654313,0.06601015349044034,0.08353773866915867,0.09221073651346283,,,,,,,SRB00001
2021-03-15,1953.34,5.04,4.91,0.0419878889106875,0.05580844543300468,0.05090591857952907,0.10621312115046375,0.10933542965252203,0.07999405509485068,0.06975769804138368,0.08651753098617283,0.09500908287906006,,,,,,,SRB00001
2021-03-16,2008.09,0.03,4.6,0.046062510357594594,0.05955900955164067,0.05485369623188154,0.10931882779281393,0.1146674783844553,0.0867188944131582,0.07350524259232702,0.089497323303187,0.09780742924465728,,,,,,,SRB00001
2021-03-17,2136.96,0.29,4.23,0.050137131804501696,0.06330957367027666,0.058801473884234005,0.1124245344351641,0.11999952711638856,0.09344373373146575,0.07725278714327036,0.09247711562020118,0.10060577561025451,,,,,,,SRB00001
2021-03-18,2279.34,1.41,3.03,0.0542117532514088,0.06706013778891265,0.06274925153658648,0.11553024107751428,0.12533157584832183,0.10016857304977328,0.0810003316942137,0.09545690793721534,0.10340412197585173,,,,,,,SRB00001
2021-03-19,2386.81,0.68,2.39,0.05828637469831589,0.07081070190754864,0.06669702918893894,0.11863594771986445,0.1306636245802551,0.10689341236808081,0.08474787624515703,0.09843670025422951,0.10620246834144895,,,,,,,SRB00001
2021-03-20,2470.72,0.25,2.02,0.06236099614522299,0.07456126602618462,0.0706448068412914,0.12174165436221462,0.13599567331218837,0.11361825168638835,0.08849542079610039,0.10141649257124369,0.10900081470704617,,,,,,,SRB00001
2021-03-21,2522.48,0.01,0.83,0.0664356175921301,0.07831183014482063,0.07459258449364387,0.12484736100456481,0.14132772204412164,0.12034309100469588,0.09224296534704372,0.10439628488825786,0.1117991610726434,,,,,,,SRB00001
2021-03-22,2516.68,0.41,1.94,0.07051023903903719,0.08206239426345661,0.07854036214599633,0.12795306764691497,0.14665977077605488,0.12706793032300343,0.09599050989798706,0.10737607720527202,0.11459750743824063,,,,,,,SRB00001
2021-03-23,2448.06,0.0,3.64,0.07458486048594429,0.0858129583820926,0.08248813979834879,0.13105877428926516,0.15199181950798815,0.13379276964131095,0.0997380544489304,0.1103558695222862,0.11739585380383785,,,,,,,SRB00001
2021-03-24,2332.46,0.33,4.67,0.19865963730973918,0.19930754315551974,0.19887282051820826,0.2554038254202418,0.2674387765949877,0.2483909161492283,0.22008706001135042,0.2303630172312225,0.2366443037499527,,,,,,,SRB00001
2021-03-25,2207.01,0.01,5.74,0.3227344141335341,0.31280212792894685,0.3152575012380677,0.3797488765512185,0.3828857336819873,0.36298906265714564,0.3404360655737705,0.3503701649401588,0.3558927536960676,,,,,,,SRB00001
2021-03-26,2097.94,0.0,7.98,0.2748745484866993,0.27037968927970324,0.2713654314933551,0.3386961494999145,0.3388051625220809,0.3151624989668311,0.3251531940768621,0.3373897591932285,0.3433599903373879,,,,,,,SRB00001
2021-03-27,2036.04,0.14,10.1,0.22701468283986448,0.22795725063045968,0.22747336174864252,0.29764342244861053,0.2947245913621746,0.26733593527651645,0.3098703225799537,0.3244093534462982,0.33082722697870826,,,,,,,SRB00001
2021-03-28,2026.68,0.05,9.91,0.17915481719302964,0.18553481198121607,0.18358129200392992,0.25659069539730656,0.2506440202022683,0.21950937158620187,0.29458745108304535,0.31142894769936785,0.31829446362002856,,,,,,,SRB00001
2021-03-29,2040.74,0.0,10.78,0.13129495154619483,0.1431123733319725,0.13968922225921732,0.2155379683460026,0.2065634490423619,0.17168280789588727,0.27930457958613697,0.29844854195243753,0.3057617002613489,,,,,,,SRB00001
2021-03-30,2078.7,0.12,11.68,0.08343508589936002,0.10068993468272891,0.09579715251450471,0.17448524129469864,0.16248287788245555,0.12385624420557267,0.2640217080892286,0.28546813620550726,0.2932289369026692,,,,,,,SRB00001
2021-03-31,2146.83,0.0,13.38,0.0355752202525252,0.0582674960334853,0.0519050827697921,0.1334325142433947,0.1184023067225492,0.0760296805152581,0.24873883659232018,0.27248773045857694,0.28069617354398957,,,,,,,SRB00001
2021-04-01,2227.44,0.01,14.87,0.04656634384668591,0.0666496605636286,0.06070923289781734,0.14279131345925072,0.12497991195640658,0.08610663757374307,0.2334559650954118,0.2595073247116466,0.26816341018530987,,,,,,,SRB00001
2021-04-02,2284.6,1.87,13.21,0.05755746744084662,0.07503182509377192,0.06951338302584259,0.15215011267510675,0.13155751719026396,0.09618359463222803,0.21817309359850343,0.2465269189647163,0.2556306468266302,,,,,,,SRB00001
2021-04-03,2311.07,3.51,8.13,0.06854859103500732,0.08341398962391522,0.07831753315386783,0.16150891189096278,0.13813512242412135,0.106260551690713,0.20289022210159505,0.23354651321778597,0.24309788346795053,,,,,,,SRB00001
2021-04-04,2359.48,0.25,5.1,0.07953971462916803,0.09179615415405853,0.08712168328189307,0.1708677111068188,0.1447127276579787,0.11633750874919796,0.18760735060468667,0.22056610747085564,0.23056512010927085,,,,,,,SRB00001
2021-04-05,2459.37,0.0,6.32,0.09053083822332875,0.10017831868420184,0.09592583340991831,0.18022651032267484,0.1512903328918361,0.12641446580768292,0.1723244791077783,0.20758570172392535,0.21803235675059118,,,,,,,SRB00001
2021-04-06,2575.32,0.38,3.58,0.10152196181748946,0.10856048321434514,0.10472998353794355,0.18958530953853087,0.15786793812569347,0.1364914228661679,0.15704160761086988,0.19460529597699502,0.2054995933919115,,,,,,,SRB00001
2021-04-07,2635.33,0.04,2.24,0.11251308541165016,0.11694264774448845,0.11353413366596879,0.1989441087543869,0.16444554335955086,0.14656837992465285,0.1417587361139615,0.1816248902300647,0.19296683003323184,12.4,0.062,1.79909998,476.0,3.0,0.0433,SRB00001
2021-04-08,2611.16,0.09,2.9,0.07865325346610025,0.08959705454185905,0.08310687355724039,0.17035553635175066,0.14089681802989434,0.11376011274459588,0.11156808841072557,0.1494321919129341,0.16178213698148938,,,,,,,SRB00001
2021-04-09,2528.3,0.0,6.73,0.04479342152055035,0.06225146133922965,0.052679613448512,0.1417669639491144,0.1173480927002378,0.0809518455645389,0.08137744070748965,0.11723949359580355,0.13059744392974693,,,,,,,SRB00001
2021-04-10,2436.81,0.0,9.84,0.04518379505512685,0.06258379926383804,0.05254584591404767,0.14263488149608494,0.11672903690705824,0.08022336615153422,0.08167139051202094,0.11835015371810852,0.1317632679055599,,,,,,,SRB00001
2021-04-11,2348.63,0.06,10.0,0.04557416858970336,0.06291613718844644,0.052412078379583345,0.14350279904305546,0.1161099811138787,0.07949488673852954,0.08196534031655223,0.11946081384041349,0.13292909188137286,,,,,,,SRB00001
2021-04-12,2258.44,2.0,12.26,0.04596454212427986,0.06324847511305481,0.05227831084511902,0.144370716590026,0.11549092532069914,0.07876640732552488,0.08225929012108352,0.12057147396271846,0.13409491585718583,,,,,,,SRB00001
2021-04-13,2181.73,7.47,3.97,0.04635491565885637,0.0635808130376632,0.05214454331065469,0.14523863413699653,0.1148718695275196,0.0780379279125202,0.0825532399256148,0.12168213408502343,0.1352607398329988,,,,,,,SRB00001
2021-04-14,2161.72,2.95,4.68,0.04674528919343287,0.0639131509622716,0.052010775776190364,0.14610655168396708,0.11425281373434004,0.07730944849951553,0.08284718973014608,0.1227927942073284,0.13642656380881177,,,,,,,SRB00001
2021-04-15,2237.72,0.44,4.37,0.04713566272800938,0.06424548888687999,0.05187700824172604,0.1469744692309376,0.1136337579411605,0.07658096908651085,0.08314113953467737,0.12390345432963337,0.13759238778462474,,,,,,,SRB00001
2021-04-16,2420.03,0.01,5.17,0.04752603626258588,0.06457782681148837,0.05174324070726171,0.14784238677790815,0.11301470214798094,0.07585248967350619,0.08343508933920867,0.12501411445193836,0.13875821176043773,,,,,,,SRB00001
2021-04-17,2623.22,0.26,6.88,0.047916409797162385,0.06491016473609676,0.051609473172797384,0.14871030432487867,0.1123956463548014,0.07512401026050151,0.08372903914373996,0.12612477457424331,0.1399240357362507,,,,,,,SRB00001
2021-04-18,2715.44,9.56,6.63,0.048306783331738885,0.06524250266070515,0.05147570563833306,0.14957822187184922,0.11177659056162184,0.07439553084749684,0.08402298894827125,0.1272354346965483,0.14108985971206367,,,,,,,SRB00001
2021-04-19,2665.86,2.22,8.29,0.04869715686631539,0.06557484058531354,0.05134193810386873,0.15044613941881974,0.1111575347684423,0.07366705143449216,0.08431693875280252,0.12834609481885326,0.14225568368787664,,,,,,,SRB00001
2021-04-20,2551.7,1.07,8.55,0.04908753040089189,0.06590717850992192,0.0512081705694044,0.15131405696579028,0.11053847897526274,0.0729385720214875,0.08461088855733381,0.12945675494115824,0.1434215076636896,,,,,,,SRB00001
2021-04-21,2425.61,0.47,10.73,0.0494779039354684,0.06623951643453031,0.051074403034940076,0.1521819745127608,0.1099194231820832,0.07221009260848282,0.0849048383618651,0.1305674150634632,0.14458733163950258,,,,,,,SRB00001
2021-04-22,2332.46,0.85,12.39,0.0498682774700449,0.0665718543591387,0.05094063550047575,0.15304989205973135,0.10930036738890364,0.07148161319547815,0.0851987881663964,0.13167807518576818,0.14575315561531554,,,,,,,SRB00001
2021-04-23,2300.44,0.26,10.31,0.0289862252244286,0.0553083330925099,0.0450022367719212,0.1492043050556822,0.1001108330299053,0.0627457171029698,0.08432078290762113,0.13353359741242285,0.14791807826970213,,,,,,,SRB00001
2021-04-24,2337.84,0.0,10.42,0.03733945411123215,0.060485394968997755,0.045585620369334154,0.1605392314273297,0.11140627420068705,0.0706136550844661,0.08344277764884585,0.13538911963907752,0.15008300092408872,,,,,,,SRB00001
2021-04-25,2403.36,0.1,12.01,0.03781166539502216,0.06023101418708382,0.04486096572325674,0.15973450599900857,0.10956195242627863,0.06911835165325513,0.08270195545025957,0.13553668450847065,0.15095259384221016,,,,,,,SRB00001
2021-04-26,2431.2,1.3,8.08,0.03828387667881217,0.05997663340516989,0.04413631107717933,0.15892978057068743,0.1077176306518702,0.06762304822204415,0.08196113325167331,0.13568424937786377,0.15182218676033163,,,,,,,SRB00001
2021-04-27,2425.61,1.72,8.61,0.03875608796260218,0.05972225262325596,0.043411656431101925,0.1581250551423663,0.1058733088774618,0.06612774479083319,0.08122031105308704,0.13583181424725688,0.15269177967845307,,,,,,,SRB00001
2021-04-28,2381.32,1.68,11.13,0.039228299246392186,0.05946787184134203,0.04268700178502451,0.15732032971404517,0.10402898710305337,0.06463244135962222,0.08047948885450078,0.13597937911665,0.15356137259657454,,,,,,,SRB00001
2021-04-29,2316.39,0.73,14.78,0.0397005105301822,0.059213491059428094,0.0419623471389471,0.15651560428572403,0.10218466532864495,0.06313713792841125,0.0797386666559145,0.13612694398604314,0.15443096551469598,,,,,,,SRB00001
2021-04-30,2253.24,0.31,17.2,0.041255240839969495,0.06192638851187837,0.0449896115743835,0.16358224569065305,0.10468388089089509,0.0649282761422381,0.08285538322658173,0.141274879729772,0.160667393400102,,,,,,,SRB00001
2021-05-01,2186.76,0.76,18.74,0.0428099711497568,0.06463928596432865,0.0480168760098199,0.1706488870955821,0.10718309645314522,0.06671941435606495,0.08597209979724897,0.14642281547350086,0.16690382128550804,,,,,,,SRB00001
2021-05-02,2127.14,0.38,16.9,0.0443647014595441,0.06735218341677893,0.0510441404452563,0.17771552850051112,0.10968231201539536,0.0685105525698918,0.0890888163679162,0.15157075121722974,0.17314024917091406,,,,,,,SRB00001
2021-05-03,2117.36,0.07,11.57,0.04318453442763702,0.06620718665524641,0.04912169902703663,0.17963569541188557,0.10880523015279905,0.06734213879950032,0.0865419631096247,0.1522277279647683,0.17320559029453553,,,,,,,SRB00001
2021-05-04,2253.24,0.0,13.16,0.04200436739572995,0.0650621898937139,0.04719925760881695,0.18155586232326,0.10792814829020275,0.06617372502910884,0.0839951098513332,0.15288470471230686,0.173270931418157,,,,,,,SRB00001
2021-05-05,2581.26,0.63,15.18,0.04122683298865974,0.06425324378197819,0.04652888708800447,0.18211691999214702,0.106370812134282,0.06516100431839057,0.0827897130712293,0.15277616789483395,0.17405788441626674,12.1,0.064,0.67042998,442.0,3.4,0.0323,SRB00001
2021-05-06,2977.52,0.05,12.46,0.04044929858158953,0.06344429767024248,0.045858516567192,0.18267797766103408,0.10481347597836126,0.06414828360767229,0.0815843162911254,0.15266763107736103,0.1748448374143765,,,,,,,SRB00001
2021-05-07,3175.87,14.55,12.56,0.03967176417451932,0.06263535155850677,0.04518814604637952,0.1832390353299211,0.1032561398224405,0.06313556289695402,0.0803789195110215,0.15255909425988812,0.17563179041248625,,,,,,,SRB00001
2021-05-08,3168.57,0.0,11.3,0.03889422976744911,0.06182640544677107,0.044517775525567044,0.18380009299880817,0.10169880366651976,0.06212284218623575,0.0791735227309176,0.1524505574424152,0.17641874341059602,,,,,,,SRB00001
2021-05-09,3110.72,0.0,13.75,0.0381166953603789,0.061017459335035364,0.043847405004754564,0.1843611506676952,0.100141467510599,0.06111012147551747,0.0779681259508137,0.1523420206249423,0.17720569640870576,,,,,,,SRB00001
2021-05-10,3096.42,0.0,17.75,0.0375804023156662,0.061958495685106085,0.04502303950894697,0.18476185821917954,0.1000147101065692,0.06081399197455035,0.0857037101647612,0.16050884908220694,0.1859132587403396,,,,,,,SRB00001
2021-05-11,3117.89,0.03,20.13,0.0370441092709535,0.0628995320351768,0.04619867401313938,0.18516256577066387,0.09988795270253939,0.06051786247358322,0.09343929437870867,0.1686756775394716,0.19462082107197343,,,,,,,SRB00001
2021-05-12,3117.89,1.55,17.24,0.0365078162262408,0.06384056838524753,0.04737430851733179,0.1855632733221482,0.09976119529850959,0.0602217329726161,0.10117487859265616,0.17684250599673626,0.20332838340360723,,,,,,,SRB00001
2021-05-13,3139.51,4.07,14.26,0.0359715231815281,0.06478160473531824,0.0485499430215242,0.18596398087363253,0.09963443789447977,0.05992560347164898,0.10891046280660364,0.18500933445400092,0.21203594573524107,,,,,,,SRB00001
2021-05-14,3295.1,1.12,15.04,0.0354352301368154,0.06572264108538897,0.0497255775257166,0.18636468842511686,0.09950768049044997,0.05962947397068185,0.11664604702055112,0.1931761629112656,0.2207435080668749,,,,,,,SRB00001
2021-05-15,3722.92,1.45,15.21,0.0348989370921027,0.06666367743545969,0.050901212029909014,0.1867653959766012,0.09938092308642016,0.05933334446971473,0.12438163123449861,0.20134299136853026,0.22945107039850873,,,,,,,SRB00001
2021-05-16,4435.09,1.64,15.6,0.03436264404739,0.06760471378553042,0.052076846534101426,0.18716610352808552,0.09925416568239036,0.05903721496874761,0.1321172154484461,0.20950981982579492,0.23815863273014257,,,,,,,SRB00001
2021-05-17,4863.07,11.19,14.12,0.0338263510026773,0.06854575013560113,0.05325248103829383,0.18756681107956985,0.09912740827836056,0.05874108546778048,0.13985279966239358,0.21767664828305958,0.24686619506177637,,,,,,,SRB00001
2021-05-18,4874.28,0.13,14.62,0.0332900579579646,0.06948678648567186,0.054428115542486236,0.18796751863105418,0.09900065087433074,0.05844495596681336,0.14758838387634107,0.22584347674032423,0.2555737573934102,,,,,,,SRB00001
2021-05-19,4863.07,8.88,12.76,0.0327537649132519,0.07042782283574257,0.05560375004667865,0.1883682261825385,0.09887389347030094,0.05814882646584624,0.15532396809028853,0.2340103051975889,0.26428131972504404,,,,,,,SRB00001
2021-05-20,5034.0,16.67,11.67,0.0322174718685392,0.0713688591858133,0.05677938455087106,0.18876893373402284,0.09874713606627113,0.057852696964879116,0.16305955230423602,0.24217713365485355,0.2729888820566779,,,,,,,SRB00001
2021-05-21,5271.3,0.03,14.81,0.0316811788238265,0.07230989553588402,0.057955019055063464,0.18916964128550717,0.09862037866224133,0.05755656746391199,0.1707951365181835,0.25034396211211823,0.2816964443883117,,,,,,,SRB00001
2021-05-22,5344.64,0.54,16.63,0.031144885779113802,0.07325093188595475,0.05913065355925587,0.1895703488369915,0.09849362125821151,0.05726043796294487,0.178530720732131,0.25851079056938286,0.29040400671994554,,,,,,,SRB00001
2021-05-23,5222.96,1.66,16.78,0.0306085927344011,0.07419196823602546,0.06030628806344828,0.18997105638847583,0.09836686385418171,0.056964308461977746,0.1862663049460785,0.26667761902664755,0.2991115690515794,,,,,,,SRB00001
2021-05-24,5022.43,0.38,14.76,0.0300722996896884,0.07513300458609619,0.06148192256764069,0.19037176393996016,0.0982401064501519,0.05666817896101062,0.19400188916002598,0.2748444474839122,0.3078191313832132,,,,,,,SRB00001
2021-05-25,4851.89,0.08,16.17,0.0295360066449757,0.0760740409361669,0.0626575570718331,0.1907724714914445,0.0981133490461221,0.0563720494600435,0.20173747337397346,0.28301127594117687,0.316526693714847,,,,,,,SRB00001
2021-05-26,4785.3,0.0,15.27,0.07783417959088132,0.111661415854338,0.09621848552242446,0.2327422184328408,0.13982802483160864,0.09631819929374315,0.20947305758792092,0.29117810439844155,0.3252342560464808,,,,,,,SRB00001
2021-05-27,4818.48,0.14,17.91,0.12613235253678695,0.1472487907725091,0.1297794139730158,0.2747119653742371,0.1815427006170952,0.13626434912744279,0.2172086418018684,0.2993449328557062,0.33394181837811465,,,,,,,SRB00001
2021-05-28,4829.59,2.72,15.8,0.17443052548269256,0.1828361656906802,0.16334034242360715,0.31668171231563336,0.22325737640258175,0.17621049896114244,0.2249442260158159,0.30751176131297087,0.3426493807097485,,,,,,,SRB00001
2021-05-29,4730.51,0.01,15.44,0.2227286984285982,0.2184235406088513,0.1969012708741985,0.3586514592570297,0.2649720521880683,0.2161566487948421,0.2326798102297634,0.3156785897702355,0.3513569430413823,,,,,,,SRB00001
2021-05-30,4538.42,0.64,13.48,0.1635863771752493,0.16767139365554343,0.1475576987086886,0.3023508214688099,0.20799639927258984,0.16266625594264947,0.18192939318961365,0.2615816850441785,0.2951882453726186,,,,,,,SRB00001
2021-05-31,4324.14,5.65,13.56,0.1044440559219004,0.11691924670223554,0.09821412654317867,0.24605018368059017,0.15102074635711138,0.10917586309045683,0.1311789761494639,0.2074847803181215,0.23901954770385492,,,,,,,SRB00001
2021-06-01,4139.0,0.33,15.5,0.0453017346685515,0.06616709974892765,0.048870554377668754,0.18974954589237042,0.0940450934416329,0.0556854702382642,0.08042855910931415,0.15338787559206454,0.1828508500350912,,,,,,,SRB00001
2021-06-02,3970.92,0.0,17.1,0.039641560800599454,0.06311808965581947,0.04591433837786939,0.19547759467283893,0.09661275250198723,0.05514665194741973,0.08031694345845493,0.15888268518900056,0.18850153386702284,,,,,,,SRB00001
2021-06-03,3818.44,0.0,18.62,0.0339813869326474,0.0600690795627113,0.04295812237807003,0.2012056434533074,0.09918041156234157,0.05460783365657527,0.0802053278075957,0.16437749478593655,0.19415221769895452,,,,,,,SRB00001
2021-06-04,3663.37,0.0,20.84,0.045473698941188856,0.07112059592626802,0.0602387583875592,0.22056404311034908,0.1389597809515696,0.09271103449167438,0.09879743881707838,0.18269299832528185,0.21322232373774036,,,,,,,SRB00001
2021-06-05,3482.37,0.02,21.84,0.05696601094973032,0.08217211228982474,0.07751939439704839,0.23992244276739072,0.17873915034079763,0.1308142353267735,0.11738954982656105,0.20100850186462713,0.23229242977652623,,,,,,,SRB00001
2021-06-06,3333.26,3.5,21.92,0.06845832295827178,0.09322362865338146,0.09480003040653756,0.2592808424244324,0.21851851973002567,0.1689174361618726,0.1359816608360437,0.21932400540397243,0.2513625358153121,,,,,,,SRB00001
2021-06-07,3295.1,0.05,22.13,0.07995063496681323,0.10427514501693819,0.11208066641602674,0.27863924208147406,0.2582978891192537,0.2070206369969717,0.1545737718455264,0.2376395089433177,0.27043264185409793,,,,,,,SRB00001
2021-06-08,3547.13,0.78,22.68,0.0914429469753547,0.11532666138049491,0.1293613024255159,0.29799764173851573,0.29807725850848177,0.2451238378320708,0.17316588285500906,0.255955012482663,0.28950274789288377,,,,,,,SRB00001
2021-06-09,4186.94,0.03,23.83,0.07120507905846711,0.09223097178832769,0.09675501296936595,0.2470871049179849,0.2221001641444914,0.17638112395609856,0.135495001392298,0.21028613751286787,0.241800363893978,,,,,,,SRB00001
2021-06-10,4708.77,3.12,20.48,0.05096721114157953,0.06913528219616047,0.064148723513216,0.1961765680974541,0.14612306978050107,0.10763841008012634,0.09782411992958695,0.16461726254307274,0.19409797989507221,,,,,,,SRB00001
2021-06-11,4840.72,0.59,21.24,0.030729343224691952,0.04603959260399325,0.03154243405706605,0.14526603127692325,0.07014597541651074,0.038895696204154104,0.0601532384668759,0.11894838757327765,0.14639559589616646,,,,,,,SRB00001
2021-06-12,4818.48,1.37,22.14,0.03524581140789525,0.05570470824456055,0.04035653288281385,0.17438138664655384,0.09167398179435632,0.05266445021679588,0.07314586867764075,0.1417617261070476,0.17106614037486967,,,,,,,SRB00001
2021-06-13,4796.33,1.52,19.84,0.03976227959109855,0.06536982388512785,0.049170631708561646,0.20349674201618445,0.1132019881722019,0.06643320422943766,0.0861384988884056,0.16457506464081756,0.1957366848535729,,,,,,,SRB00001
2021-06-14,4774.29,0.05,17.73,0.03813577655839278,0.06404838015004741,0.04804343847905206,0.1939169380994212,0.10884499932526281,0.06351299030897896,0.08206765136174528,0.15691289681984416,0.1871343267792246,,,,,,,SRB00001
2021-06-15,4730.51,0.0,20.75,0.03650927352568702,0.06272693641496695,0.046916245249542486,0.18433713418265799,0.10448801047832373,0.06059277638852025,0.07799680383508494,0.14925072899887076,0.17853196870487625,,,,,,,SRB00001
2021-06-16,4654.86,0.0,23.16,0.03488277049298125,0.0614054926798865,0.0457890520200329,0.17475733026589474,0.10013102163138465,0.05767256246806155,0.0739259563084246,0.14158856117789737,0.16992961063052794,9.3,0.098,1.00000162,341.0,1.0,0.0156,SRB00001
2021-06-17,4548.88,0.01,25.02,0.048693293002666074,0.07518710097185777,0.06545463969894436,0.16385050385314845,0.13206732277120936,0.08623109887737802,0.09144123763694513,0.13491987423713542,0.15942026814320842,,,,,,,SRB00001
2021-06-18,4404.55,0.0,26.39,0.0625038155123509,0.08896870926382905,0.0851202273778558,0.15294367744040216,0.16400362391103407,0.1147896352866945,0.10895651896546565,0.12825118729637344,0.14891092565588887,,,,,,,SRB00001
2021-06-19,4225.69,0.0,27.45,0.038179873515229,0.0663585367524243,0.0537129797335547,0.2003292181024632,0.1087289061269173,0.0590193900786776,0.10367518642163039,0.13325949921233335,0.15660031959829815,,,,,,,SRB00001
2021-06-20,4063.43,0.0,27.3,0.03590773281577698,0.06506576162357974,0.053158820393884774,0.19785205456485744,0.11362087489825051,0.06319151344025921,0.09839385387779512,0.13826781112829326,0.1642897135407074,,,,,,,SRB00001
2021-06-21,3925.45,0.0,29.08,0.03363559211632495,0.0637729864947352,0.05260466105421485,0.1953748910272517,0.11851284366958374,0.06736363680184082,0.09311252133395984,0.14327612304425313,0.17197910748311668,,,,,,,SRB00001
2021-06-22,3818.44,0.0,29.03,0.031363451416872926,0.06248021136589065,0.05205050171454492,0.19289772748964593,0.12340481244091697,0.07153576016342243,0.08783118879012457,0.14828443496021304,0.17966850142552593,,,,,,,SRB00001
2021-06-23,3740.11,0.0,29.59,0.0290913107174209,0.0611874362370461,0.051496342374875,0.19042056395204016,0.1282967812122502,0.07570788352500404,0.0825498562462893,0.15329274687617295,0.1873578953679352,,,,,,,SRB00001
2021-06-24,3748.73,0.0,31.52,0.03410052862159122,0.06425562035128168,0.05389401539016179,0.1883190014972882,0.1224907799828317,0.07278626163436447,0.0849763869635078,0.15381862188663067,0.18621266943609519,,,,,,,SRB00001
2021-06-25,3844.92,7.53,28.93,0.039109746525761546,0.06732380446551725,0.05629168840544858,0.18621743904253626,0.1166847787534132,0.06986463974372488,0.08740291768072629,0.15434449689708837,0.18506744350425516,,,,,,,SRB00001
2021-06-26,3998.45,2.25,25.15,0.04411896442993187,0.07039198857975283,0.058689361420735366,0.1841158765877843,0.1108787775239947,0.0669430178530853,0.0898294483979448,0.1548703719075461,0.18392221757241514,,,,,,,SRB00001
2021-06-27,4254.98,0.01,25.97,0.04325812629568351,0.06822658981059726,0.05423627608651066,0.1832790996296971,0.11284423494958085,0.06853385567235479,0.0839043619128891,0.1497127806070744,0.1821878913029255,,,,,,,SRB00001
2021-06-28,4527.97,0.0,28.41,0.04239728816143515,0.0660611910414417,0.04978319075228595,0.1824423226716099,0.114809692375167,0.07012469349162426,0.0779792754278334,0.14455518930660272,0.1804535650334359,,,,,,,SRB00001
2021-06-29,4633.47,0.09,29.78,0.043562908669463586,0.06714491179384587,0.05077780142504917,0.17894371330423617,0.11178321760631475,0.06824197220895699,0.07786135073905688,0.14197111264511084,0.17709411897935406,,,,,,,SRB00001
2021-06-30,4538.42,1.15,29.1,0.04472852917749202,0.06822863254625004,0.05177241209781238,0.1754451039368624,0.10875674283746249,0.06635925092628972,0.07774342605028037,0.13938703598361898,0.17373467292527223,,,,,,,SRB00001
2021-07-01,4344.1,0.94,23.37,0.045894149685520455,0.0693123532986542,0.0527670227705756,0.17194649456948868,0.10573026806861024,0.06447652964362245,0.07762550136150385,0.1368029593221271,0.1703752268711904,,,,,,,SRB00001
2021-07-02,4206.27,0.66,21.16,0.05237621172053058,0.0751846278343713,0.057598066079622104,0.18634639433502606,0.11392131183638818,0.0682168453817728,0.08558467584707125,0.15186320085480315,0.1856355156417872,,,,,,,SRB00001
2021-07-03,4167.69,0.08,22.17,0.0588582737555407,0.0810569023700884,0.0624291093886686,0.20074629410056344,0.1221123556041661,0.07195716111992315,0.09354385033263865,0.1669234423874792,0.20089580441238403,,,,,,,SRB00001
2021-07-04,4158.11,0.03,24.01,0.05624502651951983,0.07883305106981825,0.06043813118815868,0.19433084824318836,0.11627647792407267,0.0681879324222749,0.08953023159398639,0.16162218331426842,0.19465081547756993,,,,,,,SRB00001
2021-07-05,4054.09,0.58,24.35,0.053631779283498965,0.07660919976954811,0.05844715298764877,0.18791540238581328,0.11044060024397924,0.06441870372462664,0.08551661285533411,0.15632092424105762,0.18840582654275584,,,,,,,SRB00001
2021-07-06,3916.42,0.0,27.26,0.051018532047478096,0.07438534846927795,0.05645617478713885,0.1814999565284382,0.10460472256388581,0.0606494750269784,0.08150299411668185,0.15101966516784684,0.18216083760794174,,,,,,,SRB00001
2021-07-07,3809.66,0.0,29.81,0.050998226073975195,0.07306950156383438,0.05648534839485982,0.18999512003233854,0.11381800760647828,0.06747612077902462,0.08369305456394557,0.1547138693994094,0.19050508786044362,8.9,0.106,1.19864754,343.0,1.9,0.0131,SRB00001
2021-07-08,3792.15,0.0,31.28,0.0509779201004723,0.0717536546583908,0.056514522002580794,0.1984902835362389,0.12303129264907076,0.07430276653107085,0.0858831150112093,0.15840807363097198,0.1988493381129455,,,,,,,SRB00001
2021-07-09,3827.25,1.37,29.86,0.05054536781317948,0.07212287735814064,0.05726050942720465,0.22839544577672802,0.1387971165568243,0.08369366778907344,0.09139551557584227,0.18086397073222257,0.22840242450515322,,,,,,,SRB00001
2021-07-10,3800.89,1.85,25.72,0.050112815525886666,0.0724921000578905,0.0580064968518285,0.2583006080172171,0.15456294046457786,0.09308456904707604,0.09690791614047527,0.2033198678334732,0.25795551089736096,,,,,,,SRB00001
2021-07-11,3792.15,0.02,28.62,0.04968026323859385,0.07286132275764035,0.058752484276452355,0.2882057702577062,0.1703287643723314,0.10247547030507864,0.10242031670510825,0.2257757649347238,0.2875085972895687,,,,,,,SRB00001
2021-07-12,3998.45,0.13,27.46,0.0319040872663847,0.0571166238096697,0.046316708127528,0.1956609538586795,0.0988430692073148,0.0532605189981207,0.10829051795074654,0.2135469983334724,0.2658285461988621,,,,,,,SRB00001
2021-07-13,4294.36,0.02,30.24,0.059198630395845095,0.0902925913434462,0.0786951627397395,0.24225843432363944,0.1489159739676795,0.08660240033911076,0.11416071919638485,0.20131823173222102,0.24414849510815545,,,,,,,SRB00001
2021-07-14,4334.11,0.99,30.62,0.06526819398446082,0.09486438541273276,0.08320963267890541,0.24136968256066474,0.15001847890927206,0.08981651770071153,0.12094171081640227,0.20442296080080755,0.24574264318522154,,,,,,,SRB00001
2021-07-15,4206.27,1.3,27.13,0.07133775757307653,0.09943617948201933,0.0877241026180713,0.24048093079769,0.15112098385086462,0.0930306350623123,0.1277227024364197,0.20752768986939407,0.24733679126228764,,,,,,,SRB00001
2021-07-16,4091.61,17.93,25.17,0.07740732116169226,0.10400797355130591,0.0922385725572372,0.2395921790347153,0.15222348879245717,0.09624475242391306,0.13450369405643714,0.2106324189379806,0.24893093933935373,,,,,,,SRB00001
2021-07-17,4101.04,8.83,25.18,0.08347688475030798,0.10857976762059247,0.0967530424964031,0.2387034272717406,0.15332599373404973,0.09945886978551383,0.14128468567645458,0.21373714800656712,0.2505250874164198,,,,,,,SRB00001
2021-07-18,4264.8,14.42,25.56,0.0895464483389237,0.11315156168987904,0.101267512435569,0.23781467550876587,0.1544284986756423,0.1026729871471146,0.148065677296472,0.21684187707515362,0.2521192354934859,,,,,,,SRB00001
2021-07-19,4644.15,22.56,22.02,0.09561601192753942,0.11772335575916562,0.1057819823747349,0.23692592374579116,0.15553100361723485,0.10588710450871537,0.15484666891648943,0.21994660614374015,0.253713383570552,,,,,,,SRB00001
2021-07-20,5583.7,0.49,23.46,0.10168557551615513,0.12229514982845219,0.1102964523139008,0.23603717198281643,0.1566335085588274,0.10910122187031614,0.16162766053650685,0.22305133521232667,0.2553075316476181,,,,,,,SRB00001
2021-07-21,6713.29,0.11,22.1,0.10775513910477086,0.12686694389773875,0.1148109222530667,0.23514842021984173,0.15773601350041996,0.1123153392319169,0.16840865215652429,0.2261560642809132,0.2569016797246842,,,,,,,SRB00001
2021-07-22,6759.83,0.0,23.37,0.08874444545742025,0.11216342868001915,0.10304591663999893,0.22595292235378087,0.13005994567604645,0.08401555147022043,0.14404142791514862,0.20542030435487707,0.23783739783804608,,,,,,,SRB00001
2021-07-23,6150.77,0.01,24.44,0.06973375181006965,0.09745991346229954,0.09128091102693114,0.21675742448772,0.10238387785167291,0.05571576370852395,0.11967420367377295,0.18468454442884097,0.21877311595140794,,,,,,,SRB00001
2021-07-24,5532.5,0.0,25.09,0.0950958303653335,0.12250310827059804,0.1140097780005543,0.2526205640088542,0.13061672560558032,0.07772200745170055,0.14423473072969237,0.21746128540191031,0.253967458040439,,,,,,,SRB00001
2021-07-25,4987.84,0.23,27.81,0.12045790892059736,0.14754630307889655,0.13673864497417745,0.28848370352998837,0.15884957335948777,0.09972825119487715,0.16879525778561177,0.25023802637497966,0.2891618001294701,,,,,,,SRB00001
2021-07-26,4507.17,0.36,28.9,0.14581998747586122,0.17258949788719505,0.1594675119478006,0.32434684305112255,0.18708242111339518,0.12173449493805374,0.1933557848415312,0.283014767348049,0.3243561422185012,,,,,,,SRB00001
2021-07-27,4148.54,0.0,29.72,0.10386773174814705,0.13299212433635924,0.12382050069765678,0.2680409356964464,0.14640820290712753,0.0903830787921614,0.15458031083040594,0.22999182538692395,0.2711101389628173,,,,,,,SRB00001
2021-07-28,3961.78,0.0,31.15,0.06191547602043287,0.09339475078552344,0.08817348944751296,0.2117350283417702,0.10573398470085989,0.05903166264626906,0.11580483681928065,0.17696888342579892,0.21786413570713348,,,,,,,SRB00001
2021-07-29,3925.45,0.0,27.21,0.06183263333522256,0.09121134589401543,0.08312841526849651,0.20194742153853532,0.10237400752067376,0.057372454230979086,0.10904002735741625,0.16854674584684207,0.20793616273234022,,,,,,,SRB00001
2021-07-30,3934.5,0.0,28.56,0.06174979065001225,0.08902794100250741,0.07808334108948005,0.19215981473530042,0.09901403034048763,0.05571324581568912,0.10227521789555186,0.1601246082678852,0.19800818975754697,,,,,,,SRB00001
2021-07-31,3907.41,0.56,27.41,0.061666947964801946,0.0868445361109994,0.0730382669104636,0.18237220793206554,0.0956540531603015,0.05405403740039915,0.09551040843368745,0.15170247068892834,0.18808021678275372,,,,,,,SRB00001
2021-08-01,3898.42,2.16,29.39,0.10641439620457654,0.12458905694019398,0.1116098437395798,0.23616834890634514,0.15565323769684108,0.11300917138574124,0.13850541536607883,0.20222259170823234,0.2360850126341056,,,,,,,SRB00001
2021-08-02,4016.91,0.43,22.78,0.15116184444435116,0.16233357776938856,0.150181420568696,0.28996448988062473,0.21565242223338066,0.17196430537108334,0.1815004222984702,0.25274271272753634,0.2840898084854575,,,,,,,SRB00001
2021-08-03,4445.31,0.34,24.31,0.12337083083701529,0.14012793393399814,0.12821142952337036,0.2685685420411452,0.1852396980940641,0.14084396072396582,0.16264401269988515,0.23250099726827286,0.26477400476950375,,,,,,,SRB00001
2021-08-04,5022.43,2.79,25.4,0.09557981722967943,0.11792229009860773,0.10624143847804474,0.24717259420166576,0.15482697395474754,0.10972361607684827,0.14378760310130012,0.21225928180900938,0.24545820105355004,,,,,,,SRB00001
2021-08-05,5369.32,8.63,22.42,0.06778880362234356,0.09571664626321733,0.08427144743271912,0.22577664636218628,0.12441424981543096,0.07860327142973074,0.12493119350271512,0.19201756634974593,0.2261423973375963,,,,,,,SRB00001
2021-08-06,5469.16,0.03,22.69,0.0399977900150077,0.0735110024278269,0.0623014563873935,0.2043806985227068,0.0940015256761144,0.0474829267826132,0.10607478390413008,0.17177585089048245,0.20682659362164257,,,,,,,SRB00001
2021-08-07,5713.79,0.0,25.43,0.0529198895102647,0.07854789262833159,0.06429546666919464,0.18790868676446953,0.0986999676242653,0.055471304900625545,0.08721837430554505,0.15153413543121896,0.18751078990568884,,,,,,,SRB00001
2021-08-08,6164.95,0.89,29.06,0.05431959735405335,0.07944120964677338,0.06633402585474509,0.18543786029821488,0.09596501631876755,0.05352250250503001,0.08897169747695143,0.15028619423247497,0.18569095255357035,,,,,,,SRB00001
2021-08-09,6265.14,0.47,26.45,0.055719305197842,0.08033452666521516,0.06837258504029554,0.18296703383196025,0.0932300650132698,0.05157370010943448,0.09072502064835782,0.14903825303373094,0.18387111520145183,,,,,,,SRB00001
2021-08-10,5955.62,0.0,27.38,0.057119013041630654,0.08122784368365696,0.07041114422584599,0.1804962073657056,0.09049511370777205,0.04962489771383895,0.09247834381976419,0.14779031183498695,0.18205127784933334,,,,,,,SRB00001
2021-08-11,5648.37,0.07,27.99,0.07002811665597924,0.09533764798034973,0.08273345941076807,0.21490145634555863,0.11777415518086677,0.06590970627987874,0.10866445686122572,0.17882946812985995,0.216494786457562,7.9,0.132,1.20993424,367.0,1.7,0.0042,SRB00001
2021-08-12,5456.58,0.0,26.76,0.08293722027032785,0.1094474522770425,0.09505577459569015,0.24930670532541166,0.1450531966539615,0.08219451484591855,0.12485056990268725,0.20986862442473297,0.2509382950657907,,,,,,,SRB00001
2021-08-13,5222.96,0.0,27.66,0.0412075868448543,0.0724256656114157,0.0653180327687585,0.1880495616679262,0.0872374177047238,0.0444955317672243,0.11398563969447387,0.19007833365210194,0.22742271299987332,,,,,,,SRB00001
2021-08-14,4930.74,0.0,29.54,0.0500099727337616,0.07943129547407905,0.069295786663708,0.182940418270344,0.09162751456493401,0.04887040529012325,0.10312070948626048,0.17028804287947089,0.20390713093395596,,,,,,,SRB00001
2021-08-15,4590.98,0.0,30.52,0.0588123586226689,0.08643692533674241,0.07327354055865751,0.1778312748727618,0.0960176114251442,0.0532452788130222,0.0922557792780471,0.15049775210683985,0.1803915488680386,,,,,,,SRB00001
2021-08-16,4264.8,0.12,29.79,0.05934094468206515,0.08641206859198988,0.07302991138807456,0.17830119146563866,0.09630492850719186,0.053617704749835876,0.09220260238940352,0.14919690863119978,0.17974504940936964,,,,,,,SRB00001
2021-08-17,3980.07,1.32,21.38,0.059869530741461396,0.08638721184723737,0.07278628221749162,0.17877110805851557,0.0965922455892395,0.05399013068664956,0.09214942550075994,0.14789606515555967,0.17909854995070068,,,,,,,SRB00001
2021-08-18,3792.15,0.02,20.24,0.060398116800857646,0.08636235510248484,0.07254265304690868,0.17924102465139244,0.09687956267128715,0.05436255662346324,0.09209624861211635,0.1465952216799196,0.17845205049203172,,,,,,,SRB00001
2021-08-19,3827.25,0.07,21.89,0.060926702860253895,0.08633749835773233,0.07229902387632574,0.17971094124426934,0.0971668797533348,0.054734982560276924,0.09204307172347277,0.14529437820427948,0.17780555103336276,,,,,,,SRB00001
2021-08-20,4119.98,0.0,23.59,0.061455288919650145,0.0863126416129798,0.07205539470574279,0.1801808578371462,0.09745419683538245,0.0551074084970906,0.0919898948348292,0.1439935347286394,0.1771590515746938,,,,,,,SRB00001
2021-08-21,4324.14,0.0,25.02,0.061431422705271306,0.08884768044940825,0.07556740949974275,0.19332013790060731,0.10080207516238243,0.0554077764829221,0.10215699811510649,0.15954313341889054,0.1930686848563793,,,,,,,SRB00001
2021-08-22,4225.69,0.0,26.32,0.06140755649089247,0.09138271928583667,0.07907942429374269,0.20645941796406841,0.1041499534893824,0.0557081444687536,0.11232410139538379,0.1750927321091417,0.20897831813806475,,,,,,,SRB00001
2021-08-23,3998.45,1.15,23.8,0.0610825463617833,0.09047049805885514,0.07856866428783689,0.2017900453644726,0.10178683939677664,0.054724091318254266,0.11020668982015662,0.17076872776306617,0.20378470016889005,,,,,,,SRB00001
2021-08-24,3774.72,5.91,21.4,0.060757536232674124,0.08955827683187359,0.0780579042819311,0.1971206727648768,0.0994237253041709,0.05374003816775494,0.10808927824492945,0.16644472341699068,0.19859108219971536,,,,,,,SRB00001
2021-08-25,3680.29,0.93,17.59,0.060432526103564956,0.08864605560489205,0.0775471442760253,0.192451300165281,0.09706061121156515,0.052755985017255605,0.10597186666970226,0.16212071907091516,0.19339746423054066,,,,,,,SRB00001
2021-08-26,3916.42,0.07,19.09,0.06010751597445578,0.08773383437791052,0.0770363842701195,0.18778192756568518,0.09469749711895939,0.05177193186675627,0.10385445509447509,0.15779671472483964,0.188203846261366,,,,,,,SRB00001
2021-08-27,4225.69,11.62,17.25,0.05978250584534661,0.08682161315092897,0.0765256242642137,0.18311255496608936,0.09233438302635365,0.050787878716256944,0.10173704351924792,0.15347271037876414,0.1830102282921913,,,,,,,SRB00001
2021-08-28,4294.36,7.13,15.64,0.05945749571623744,0.08590939192394743,0.0760148642583079,0.17844318236649356,0.08997126893374789,0.04980382556575761,0.09961963194402074,0.14914870603268862,0.1778166103230166,,,,,,,SRB00001
2021-08-29,4206.27,2.94,16.24,0.05913248558712827,0.08499717069696588,0.07550410425240212,0.17377380976689777,0.08760815484114215,0.048819772415258283,0.09750222036879357,0.14482470168661313,0.1726229923538419,,,,,,,SRB00001
2021-08-30,4139.0,1.34,17.83,0.0588074754580191,0.08408494946998435,0.07499334424649631,0.16910443716730195,0.0852450407485364,0.04783571926475895,0.0953848087935664,0.1405006973405376,0.1674293743846672,,,,,,,SRB00001
2021-08-31,4177.3,1.85,18.99,0.06404245027311817,0.08966889261500735,0.07646677127577865,0.18197273821721688,0.09644409938243277,0.05424085197849845,0.09824031792862052,0.15224616692119258,0.18082380644528118,,,,,,,SRB00001
2021-09-01,4254.98,0.08,18.3,0.06927742508821724,0.09525283576003035,0.07794019830506099,0.1948410392671318,0.10764315801632915,0.06064598469223795,0.10109582706367465,0.16399163650184756,0.19421823850589515,,,,,,,SRB00001
2021-09-02,4424.88,0.0,18.37,0.06527720012198823,0.09126765603757868,0.07646188046339268,0.18807732309804556,0.09987807544605248,0.05582944801535073,0.09868937635973708,0.15804045975776912,0.18621968514327683,,,,,,,SRB00001
2021-09-03,4774.29,0.0,19.65,0.061276975155759215,0.08728247631512702,0.07498356262172436,0.18131360692895934,0.09211299287577582,0.051012911338463515,0.09628292565579952,0.1520892830136907,0.17822113178065854,,,,,,,SRB00001
2021-09-04,4976.37,0.0,20.95,0.0572767501895302,0.08329729659267535,0.07350524478005604,0.1745498907598731,0.08434791030549915,0.0461963746615763,0.09387647495186195,0.14613810626961227,0.17022257841804023,,,,,,,SRB00001
2021-09-05,4829.59,0.0,21.13,0.05909355083008585,0.08316512049117783,0.0729004192299831,0.17926264305873446,0.08889989122836968,0.049254176622593196,0.094183021779666,0.14836298048070853,0.175703639677736,,,,,,,SRB00001
2021-09-06,4507.17,0.0,19.27,0.0609103514706415,0.0830329443896803,0.07229559367991015,0.18397539535759583,0.0934518721512402,0.0523119785836101,0.09448956860747004,0.1505878546918048,0.18118470093743175,,,,,,,SRB00001
2021-09-07,4177.3,0.0,19.83,0.0446256594411,0.0738401381555264,0.0662354059407653,0.1820419151111862,0.085387519499928,0.0440090473454017,0.09236041016827216,0.1704344953959324,0.20738388954333045,,,,,,,SRB00001
2021-09-08,3871.58,0.0,19.64,0.04358021699984385,0.06800791965145735,0.05722408125727475,0.22983303692168383,0.11073302803074603,0.05814045648409713,0.09023125172907427,0.19028113610006,0.23358307814922913,9.2,0.107,1.11964064,373.0,3.4,0.0022,SRB00001
2021-09-09,3596.49,0.0,18.82,0.0425347745585877,0.062175701147388296,0.0482127565737842,0.27762415873218144,0.13607853656156405,0.07227186562279256,0.0881020932898764,0.2101277768041876,0.25978226675512783,,,,,,,SRB00001
2021-09-10,3356.38,0.0,20.08,0.0467718457820224,0.0691858418479009,0.05659996638491793,0.2265746239495662,0.11613930845024055,0.06260286733121376,0.08769003269345672,0.17735325687527476,0.21544934983456343,,,,,,,SRB00001
2021-09-11,3139.51,0.0,22.32,0.0510089170054571,0.0761959825484135,0.06498717619605165,0.17552508916695098,0.09620008033891705,0.05293386903963495,0.08727797209703705,0.14457873694636192,0.171116432913999,,,,,,,SRB00001
2021-09-12,2957.01,0.0,22.94,0.05034513034290949,0.07730053388893489,0.06647844365002853,0.1768206588583141,0.09900604229298285,0.05587557549893286,0.08680545075927491,0.14357393355095036,0.1696128484885068,,,,,,,SRB00001
2021-09-13,2791.54,0.0,23.44,0.04968134368036188,0.07840508522945629,0.06796971110400539,0.17811622854967724,0.10181200424704863,0.05881728195823076,0.08633292942151279,0.14256913015553882,0.16810926406301463,,,,,,,SRB00001
2021-09-14,2659.72,0.0,23.18,0.04901755701781427,0.07950963656997767,0.06946097855798226,0.17941179824104037,0.10461796620111442,0.061758988417528665,0.08586040808375064,0.14156432676012726,0.16660567963752243,,,,,,,SRB00001
2021-09-15,2563.48,0.0,24.13,0.048137529950581855,0.07696335036286764,0.06581765446485222,0.17415895315077423,0.10098524865542033,0.05907149442129033,0.08285792794630607,0.13779907278943482,0.1629825500980758,,,,,,,SRB00001
2021-09-16,2505.11,0.04,25.22,0.04725750288334944,0.0744170641557576,0.06217433037172218,0.16890610806050807,0.09735253110972623,0.056384000425052,0.0798554478088615,0.1340338188187424,0.1593594205586292,,,,,,,SRB00001
2021-09-17,2470.72,4.04,20.15,0.04637747581611702,0.07187077794864757,0.05853100627859213,0.16365326297024194,0.09371981356403214,0.05369650642881367,0.07685296767141694,0.13026856484804997,0.15573629101918257,,,,,,,SRB00001
2021-09-18,2442.43,0.08,17.7,0.04549744874888461,0.06932449174153754,0.05488768218546209,0.15840041787997577,0.09008709601833804,0.051009012432575336,0.07385048753397237,0.12650331087735753,0.15211316147973597,,,,,,,SRB00001
2021-09-19,2487.86,0.08,18.38,0.0446174216816522,0.06677820553442751,0.05124435809233205,0.15314757278970964,0.08645437847264395,0.048321518436337,0.0708480073965278,0.1227380569066651,0.14849003194028934,,,,,,,SRB00001
2021-09-20,2810.9,16.19,12.65,0.1564022259035842,0.16551984526917857,0.15331795960675565,0.24102276434722428,0.17725142019772344,0.14608588986452495,0.17682267439080618,0.21603935322977408,0.23293327202352365,,,,,,,SRB00001
2021-09-21,3279.95,0.0,12.64,0.26818703012551626,0.26426148500392965,0.2553915611211792,0.3288979559047389,0.26804846192280296,0.2438502612927129,0.28279734138508456,0.3093406495528831,0.317376512106758,,,,,,,SRB00001
2021-09-22,3458.39,2.06,11.74,0.2244429364039479,0.2257561619292081,0.21562241110958286,0.2959979829517688,0.23581353464902283,0.20788660541357148,0.2427938815600136,0.27468929227010874,0.28666559903464156,,,,,,,SRB00001
2021-09-23,3474.36,0.01,12.84,0.1806988426823796,0.18725083885448654,0.1758532610979865,0.2630980099987987,0.2035786073752427,0.17192294953443008,0.20279042173494266,0.2400379349873344,0.25595468596252513,,,,,,,SRB00001
2021-09-24,3426.68,0.0,17.22,0.13695474896081128,0.14874551577976497,0.13608411108639012,0.23019803704582859,0.17134368010146253,0.13595929365528867,0.16278696190987174,0.20538657770456,0.2252437728904087,,,,,,,SRB00001
2021-09-25,3287.52,0.0,19.38,0.09321065523924293,0.11024019270504343,0.09631496107479376,0.19729806409285847,0.1391087528276824,0.09999563777614726,0.1227835020848008,0.17073522042178566,0.19453285981829227,,,,,,,SRB00001
2021-09-26,3089.3,0.1,21.2,0.049466561517674604,0.0717348696303219,0.0565458110631974,0.16439809113988835,0.10687382555390226,0.06403198189700585,0.08278004225972985,0.1360838631390113,0.16382194674617584,,,,,,,SRB00001
2021-09-27,2889.68,1.85,21.62,0.11074459576288787,0.12646710840389527,0.11199569213081953,0.21467718032591956,0.163078781256158,0.1257325373343955,0.14107671551973672,0.189329043767635,0.2131862287669036,,,,,,,SRB00001
2021-09-28,2709.19,1.1,19.2,0.17202263000810114,0.18119934717746866,0.16744557319844164,0.2649562695119508,0.21928373695841374,0.18743309277178516,0.1993733887797436,0.24257422439625873,0.26255051078763136,,,,,,,SRB00001
2021-09-29,2569.4,0.43,18.51,0.2333006642533144,0.23593158595104205,0.22289545426606377,0.31523535869798197,0.2754886926606695,0.24913364820917483,0.25767006203975046,0.29581940502488246,0.31191479280835915,,,,,,,SRB00001
2021-09-30,2505.11,4.22,14.09,0.29457869849852764,0.29066382472461544,0.2783453353336859,0.3655144478840132,0.33169364836292525,0.31083420364656444,0.31596673529975733,0.3490645856535062,0.36127907482908694,,,,,,,SRB00001
2021-10-01,2599.16,0.0,15.08,0.3558567327437409,0.3453960634981888,0.333795216401308,0.4157935370700444,0.387898604065181,0.3725347590839541,0.3742634085597642,0.4023097662821299,0.4106433568498147,,,,,,,SRB00001
2021-10-02,2843.46,0.0,14.21,0.2508056117744292,0.25134566994855156,0.23777526606312427,0.3242783716940774,0.28707252198681,0.26443991414280377,0.2709949664427821,0.30641860510349767,0.318151929667745,,,,,,,SRB00001
2021-10-03,3005.08,0.0,15.87,0.14575449080511754,0.15729527639891433,0.14175531572494057,0.23276320631811045,0.186246439908439,0.15634506920165342,0.16772652432579996,0.21052744392486547,0.22566050248567535,,,,,,,SRB00001
2021-10-04,2991.27,0.0,17.72,0.04070336983580585,0.0632448828492771,0.04573536538675685,0.1412480409421435,0.085420357830068,0.04825022426050305,0.0644580822088178,0.11463628274623325,0.13316907530360567,,,,,,,SRB00001
2021-10-05,2876.4,0.22,17.8,0.03859193281359181,0.05972532186786906,0.04314358761509575,0.13372618624993546,0.08099747501037148,0.04602644595799618,0.060999677353376504,0.10850620707740527,0.1261878632663054,,,,,,,SRB00001
2021-10-06,2715.44,12.03,13.84,0.03648049579137777,0.05620576088646102,0.04055180984343465,0.12620433155772742,0.07657459219067494,0.04380266765548931,0.057541272497935204,0.10237613140857728,0.11920665122900514,9.2,0.094,1.45824164,442.0,1.2,0.0021,SRB00001
2021-10-07,2575.32,9.53,12.65,0.03436905876916373,0.05268619990505298,0.03796003207177355,0.11868247686551937,0.07215170937097842,0.041578889352982436,0.05408286764249391,0.0962460557397493,0.11222543919170488,,,,,,,SRB00001
2021-10-08,2493.6,1.46,10.68,0.03225762174694968,0.049166638923644944,0.03536825430011245,0.11116062217331132,0.0677288265512819,0.039355111050475566,0.05062446278705261,0.09011598007092131,0.10524422715440462,,,,,,,SRB00001
2021-10-09,2534.13,4.44,9.41,0.030146184724735643,0.04564707794223691,0.03277647652845135,0.10363876748110329,0.06330594373158538,0.0371313327479687,0.04716605793161132,0.08398590440209333,0.09826301511710436,,,,,,,SRB00001
2021-10-10,2709.19,16.63,8.08,0.028034747702521602,0.04212751696082887,0.030184698756790248,0.09611691278889524,0.05888306091188885,0.03490755444546183,0.04370765307617002,0.07785582873326534,0.0912818030798041,,,,,,,SRB00001
2021-10-11,3018.95,8.19,9.06,0.02592331068030756,0.038607955979420835,0.02759292098512915,0.0885950580966872,0.05446017809219232,0.03268377614295496,0.04024924822072873,0.07172575306443736,0.08430059104250384,,,,,,,SRB00001
2021-10-12,3227.49,0.26,9.97,0.023811873658093518,0.03508839499801279,0.02500114321346805,0.08107320340447915,0.0500372952724958,0.030459997840448085,0.03679084336528743,0.06559567739560937,0.07731937900520358,,,,,,,SRB00001
2021-10-13,3154.01,0.51,7.55,0.021700436635879478,0.031568834016604756,0.02240936544180695,0.07355134871227112,0.04561441245279928,0.028236219537941216,0.033332438509846136,0.05946560172678139,0.07033816696790333,,,,,,,SRB00001
2021-10-14,2950.21,0.31,6.56,0.019588999613665434,0.02804927303519672,0.01981758767014585,0.06602949402006308,0.04119152963310275,0.026012441235434343,0.02987403365440484,0.05333552605795341,0.06335695493060307,,,,,,,SRB00001
2021-10-15,2740.57,0.15,7.65,0.017477562591451393,0.024529712053788684,0.01722580989848475,0.058507639327855035,0.03676864681340622,0.023788662932927473,0.026415628798963545,0.04720545038912542,0.056375742893302806,,,,,,,SRB00001
2021-10-16,2599.16,0.09,9.61,0.01536612556923735,0.02101015107238065,0.014634032126823649,0.050985784635647,0.0323457639937097,0.0215648846304206,0.022957223943522252,0.041075374720297445,0.04939453085600255,,,,,,,SRB00001
2021-10-17,2575.32,0.0,11.04,0.02457482625689905,0.0344870079360993,0.024460824251237915,0.07741986244909298,0.05079860737105338,0.031742828340059266,0.037215833572535134,0.06241572010927311,0.07317785823982652,,,,,,,SRB00001
2021-10-18,2593.18,0.0,10.31,0.03378352694456075,0.04796386479981796,0.03428761637565218,0.10385394026253897,0.06925145074839706,0.041920772049697935,0.051474443201548016,0.0837560654982488,0.09696118562365048,,,,,,,SRB00001
2021-10-19,2557.59,0.0,9.86,0.04299222763222245,0.061440721663536604,0.04411440850006645,0.13028801807598495,0.08770429412574075,0.0520987157593366,0.0657330528305609,0.10509641088722446,0.12074451300747445,,,,,,,SRB00001
2021-10-20,2465.04,0.0,12.1,0.03966572253080773,0.05929432488036547,0.04255331451635587,0.12867498552848897,0.08648351854780835,0.051138381387581436,0.06443474351089723,0.10329315914933947,0.11818087414133148,,,,,,,SRB00001
2021-10-21,2359.48,0.49,14.68,0.03633921742939301,0.05714792809719434,0.04099222053264529,0.12706195298099301,0.08526274296987595,0.05017804701582628,0.06313643419123356,0.10148990741145447,0.11561723527518851,,,,,,,SRB00001
2021-10-22,2258.44,7.68,12.3,0.03301271232797829,0.05500153131402321,0.03943112654893471,0.12544892043349704,0.08404196739194356,0.04921771264407112,0.06183812487156989,0.09968665567356949,0.11305359640904554,,,,,,,SRB00001
2021-10-23,2161.72,0.41,9.45,0.02968620722656357,0.05285513453085208,0.03787003256522413,0.12383588788600107,0.08282119181401115,0.048257378272315965,0.06053981555190621,0.0978834039356845,0.11048995754290257,,,,,,,SRB00001
2021-10-24,2078.7,0.0,6.53,0.02635970212514885,0.05070873774768095,0.03630893858151355,0.1222228553385051,0.08160041623607875,0.0472970439005608,0.059241506232242544,0.0960801521977995,0.1079263186767596,,,,,,,SRB00001
2021-10-25,2022.02,0.0,6.83,0.0300481723674561,0.0545230061381109,0.0432843408924261,0.129468100514921,0.0847488141833405,0.0480493607835026,0.06069177677779383,0.09568745215987934,0.10758223877710976,,,,,,,SRB00001
2021-10-26,1998.86,0.0,6.26,0.03183020060931414,0.054809873102584755,0.0431837841924479,0.12612015935840887,0.08693730901602804,0.05039500149244566,0.06214204732334513,0.09529475212195918,0.10723815887745992,,,,,,,SRB00001
2021-10-27,1985.1,0.0,7.99,0.033612228851172175,0.05509674006705862,0.043083227492469706,0.12277221820189675,0.0891258038487156,0.05274064220138873,0.06359231786889642,0.09490205208403903,0.10689407897781007,,,,,,,SRB00001
2021-10-28,1966.89,0.0,7.75,0.03539425709303021,0.055383607031532486,0.042982670792491504,0.11942427704538464,0.09131429868140314,0.05508628291033179,0.06504258841444771,0.09450935204611886,0.10654999907816023,,,,,,,SRB00001
2021-10-29,1935.42,0.0,8.04,0.037176285334888245,0.055670473996006345,0.0428821140925133,0.1160763358888725,0.09350279351409069,0.05743192361927485,0.066492858959999,0.0941166520081987,0.1062059191785104,,,,,,,SRB00001
2021-10-30,1891.34,0.0,8.93,0.03344083179597987,0.05367053777050997,0.0426123884884643,0.11862907713402471,0.09597607152372155,0.058443975467930676,0.06845097867906294,0.09641555410595815,0.10833836330385388,,,,,,,SRB00001
2021-10-31,1844.02,0.01,8.32,0.0297053782570715,0.0516706015450136,0.0423426628844153,0.12118181837917691,0.09844934953335241,0.0594560273165865,0.0704090983981269,0.0987144562037176,0.11047080742919735,,,,,,,SRB00001
2021-11-01,1793.73,0.0,9.11,0.0277200863144485,0.0499512603587356,0.043568468810352,0.1211391820555605,0.0891085804976292,0.0513082527168355,0.07799825061303158,0.10619476831105018,0.11786147893474669,,,,,,,SRB00001
2021-11-02,1752.88,8.52,9.19,0.0292902708974443,0.053193363349055126,0.04694963165305712,0.12573189786029917,0.09624007309694003,0.05842361682451837,0.08558740282793625,0.11367508041838274,0.12525215044029603,,,,,,,SRB00001
2021-11-03,1712.96,2.36,9.9,0.0308604554804401,0.05643546633937464,0.05033079449576224,0.13032461366503786,0.10337156569625087,0.06553898093220123,0.09317655504284093,0.12115539252571532,0.13264282194584534,12.7,0.078,1.27991178,477.0,2.9,0.0601,SRB00001
2021-11-04,1705.08,14.49,14.52,0.0324306400634359,0.05967756932969417,0.05371195733846736,0.13491732946977655,0.11050305829556172,0.07265434503988409,0.10076570725774561,0.12863570463304788,0.14003349345139468,,,,,,,SRB00001
2021-11-05,1785.49,6.79,8.96,0.0340008246464317,0.06291967232001369,0.05709312018117249,0.13951004527451524,0.11763455089487254,0.07976970914756697,0.10835485947265029,0.13611601674038046,0.14742416495694402,,,,,,,SRB00001
2021-11-06,2088.3,0.37,7.85,0.0355710092294275,0.06616177531033321,0.06047428302387761,0.14410276107925393,0.12476604349418338,0.08688507325524983,0.11594401168755497,0.14359632884771303,0.15481483646249336,,,,,,,SRB00001
2021-11-07,2539.97,0.55,7.53,0.0371411938124233,0.06940387830065274,0.06385544586658273,0.14869547688399262,0.13189753609349422,0.09400043736293269,0.12353316390245965,0.1510766409550456,0.1622055079680427,,,,,,,SRB00001
2021-11-08,2791.54,3.39,7.77,0.0387113783954191,0.07264598129097226,0.06723660870928785,0.15328819268873128,0.13902902869280506,0.10111580147061557,0.13112231611736433,0.15855695306237816,0.169596179473592,,,,,,,SRB00001
2021-11-09,2843.46,0.34,6.41,0.0402815629784149,0.07588808428129179,0.07061777155199297,0.15788090849346997,0.1461605212921159,0.10823116557829843,0.138711468332269,0.16603726516971073,0.17698685097914135,,,,,,,SRB00001
2021-11-10,2785.12,0.0,5.1,0.0418517475614107,0.07913018727161131,0.0739989343946981,0.16247362429820866,0.15329201389142674,0.1153465296859813,0.1463006205471737,0.1735175772770433,0.1843775224846907,,,,,,,SRB00001
2021-11-11,2641.41,0.0,5.18,0.04075288466025821,0.07609585096578463,0.0707219998193578,0.15575426752677965,0.14553019224441824,0.10759023894290407,0.13706488884584495,0.16486003417602546,0.17577421219850917,,,,,,,SRB00001
2021-11-12,2476.42,0.02,4.46,0.03965402175910573,0.07306151465995793,0.0674450652440175,0.1490349107553506,0.13776837059740976,0.09983394819982681,0.1278291571445162,0.1562024910750076,0.16717090191232764,,,,,,,SRB00001
2021-11-13,2321.74,0.12,3.99,0.03855515885795324,0.07002717835413125,0.0641681306686772,0.1423155539839216,0.13000654895040126,0.09207765745674958,0.11859342544318743,0.14754494797398976,0.15856759162614611,,,,,,,SRB00001
2021-11-14,2186.76,0.23,6.82,0.03745629595680076,0.06699284204830457,0.0608911960933369,0.13559619721249258,0.12224472730339278,0.08432136671367232,0.10935769374185869,0.1388874048729719,0.1499642813399646,,,,,,,SRB00001
2021-11-15,2069.14,0.02,5.64,0.03635743305564827,0.06395850574247787,0.0576142615179966,0.12887684044106354,0.11448290565638428,0.07656507597059509,0.10012196204052995,0.13022986177195406,0.14136097105378304,,,,,,,SRB00001
2021-11-16,1966.89,0.0,5.44,0.03525857015449579,0.06092416943665119,0.0543373269426563,0.12215748366963453,0.10672108400937579,0.06880878522751784,0.0908862303392012,0.12157231867093621,0.1327576607676015,,,,,,,SRB00001
2021-11-17,1891.34,0.09,6.57,0.0341597072533433,0.0578898331308245,0.051060392367316,0.1154381268982055,0.0989592623623673,0.0610524944844406,0.08165049863787244,0.11291477556991836,0.12415435048141998,,,,,,,SRB00001
2021-11-18,1831.31,0.03,5.98,0.027556183071013103,0.05114165032187345,0.0449841152646975,0.1104748472112139,0.10049056632709462,0.06325705239224179,0.0724147669365437,0.10425723246890051,0.11555104019523846,,,,,,,SRB00001
2021-11-19,1789.61,0.0,5.54,0.020952658888682904,0.044393467512922405,0.038907838162079,0.10551156752422229,0.10202187029182193,0.06546161030004297,0.06317903523521495,0.09559968936788266,0.10694772990905693,,,,,,,SRB00001
2021-11-20,1752.88,0.0,7.28,0.014349134706352702,0.037645284703971355,0.0328315610594605,0.10054828783723069,0.10355317425654925,0.06766616820784416,0.0539433035338862,0.0869421462668648,0.0983444196228754,,,,,,,SRB00001
2021-11-21,1728.82,0.02,6.53,0.062335704929759525,0.0774299032050646,0.07208403708419109,0.13003097622877452,0.1338394846136131,0.10810923516700638,0.09199119811960849,0.11622292299591473,0.12382146760308871,,,,,,,SRB00001
2021-11-22,1705.08,2.16,4.14,0.11032227515316635,0.11721452170615784,0.11133651310892169,0.15951366462031838,0.16412579497067695,0.1485523021261686,0.1300390927053308,0.14550369972496466,0.149298515583302,,,,,,,SRB00001
2021-11-23,1677.8,0.35,4.26,0.1583088453765732,0.1569991402072511,0.1505889891336523,0.1889963530118622,0.1944121053277408,0.1889953690853308,0.1680869872910531,0.1747844764540146,0.1747755635635153,,,,,,,SRB00001
2021-11-24,1647.16,0.0,0.34,0.13726808911906632,0.1391758208235384,0.13337082145212809,0.17531411252049695,0.17977938229693263,0.17071938431099196,0.15079634666322028,0.16073880647404412,0.16224212013326186,,,,,,,SRB00001
2021-11-25,1620.81,0.07,2.54,0.11622733286155947,0.12135250143982576,0.11615265377060388,0.1616318720291317,0.16514665926612443,0.15244339953665312,0.13350570603538747,0.14669313649407364,0.1497086767030084,,,,,,,SRB00001
2021-11-26,1598.56,7.53,4.3,0.09518657660405261,0.1035291820561131,0.09893448608907968,0.14794963153776644,0.15051393623531625,0.13416741476231428,0.11621506540755465,0.1326474665141032,0.13717523327275494,,,,,,,SRB00001
2021-11-27,1587.55,4.86,4.24,0.07414582034654574,0.08570586267240043,0.08171631840755547,0.13426739104640117,0.13588121320450805,0.11589142998797543,0.09892442477972184,0.11860179653413272,0.12464178984250149,,,,,,,SRB00001
2021-11-28,1602.25,18.64,6.61,0.053105064089038874,0.06788254328868777,0.06449815072603127,0.12058515055503592,0.12124849017369987,0.09761544521363659,0.08163378415188903,0.10455612655416224,0.11210834641224802,,,,,,,SRB00001
2021-11-29,1639.59,0.09,1.54,0.03206430783153201,0.05005922390497511,0.04727998304450706,0.10690291006367067,0.10661576714289168,0.07933946043929774,0.0643431435240562,0.09051045657419177,0.09957490298199456,,,,,,,SRB00001
2021-11-30,1689.44,0.1,1.57,0.01102355157402515,0.032235904521262446,0.03006181536298285,0.0932206695723054,0.0919830441120835,0.0610634756649589,0.0470525028962234,0.0764647865942213,0.08704145955174111,,,,,,,SRB00001
2021-12-01,1748.85,0.05,6.13,0.013478446740926069,0.03376978205525662,0.030935583671437488,0.0924076549756714,0.090920142572297,0.060378655502809644,0.04730540132069348,0.07519017573699226,0.08548602615885313,12.5,0.073,0.13995508,486.0,1.9,0.0015,SRB00001
2021-12-02,1814.52,11.81,7.32,0.015933341907826987,0.03530365958925079,0.031809351979892125,0.09159464037903739,0.0898572410325105,0.05969383534066039,0.04755829974516356,0.07391556487976322,0.08393059276596515,,,,,,,SRB00001
2021-12-03,1882.65,2.56,1.9,0.018388237074727906,0.03683753712324495,0.03268312028834676,0.09078162578240338,0.088794339492724,0.05900901517851113,0.04781119816963364,0.07264095402253418,0.08237515937307718,,,,,,,SRB00001
2021-12-04,1985.1,0.16,-1.12,0.02084313224162882,0.038371414657239124,0.0335568885968014,0.08996861118576938,0.0877314379529375,0.05832419501636187,0.048064096594103725,0.07136634316530513,0.0808197259801892,,,,,,,SRB00001
2021-12-05,2151.78,10.53,2.13,0.02329802740852974,0.039905292191233295,0.03443065690525604,0.08915559658913537,0.086668536413151,0.05763937485421262,0.04831699501857381,0.07009173230807608,0.07926429258730122,,,,,,,SRB00001
2021-12-06,2364.92,1.88,1.85,0.02575292257543066,0.04143916972522746,0.035304425213710675,0.08834258199250136,0.0856056348733645,0.056954554692063356,0.04856989344304389,0.06881712145084704,0.07770885919441325,,,,,,,SRB00001
2021-12-07,2539.97,0.05,-1.06,0.028207817742331578,0.04297304725922163,0.03617819352216531,0.08752956739586736,0.08454273333357801,0.0562697345299141,0.04882279186751397,0.067542510593618,0.07615342580152527,,,,,,,SRB00001
2021-12-08,2617.18,0.01,-1.34,0.030662712909232497,0.0445069247932158,0.03705196183061995,0.08671655279923335,0.08347983179379151,0.055584914367764846,0.04907569029198405,0.06626789973638895,0.07459799240863729,,,,,,,SRB00001
2021-12-09,2635.33,10.95,0.32,0.1609364411436654,0.16424324377471483,0.1641878065016972,0.21440151496820653,0.21692486644505196,0.18048272687455158,0.18379651365963812,0.19574425636093723,0.20128934828956865,,,,,,,SRB00001
2021-12-10,2629.27,0.39,-1.53,0.2912101693780983,0.2839795627562139,0.2913236511727744,0.3420864771371797,0.3503699010963124,0.3053805393813383,0.3185173370272922,0.3252206129854855,0.3279807041705,,,,,,,SRB00001
2021-12-11,2575.32,1.07,0.56,0.1942432610704422,0.18952929414311115,0.19453416791219807,0.23602492966202404,0.24015875390215574,0.20768688312988032,0.21416977357298722,0.2221048076888021,0.22493032022172116,,,,,,,SRB00001
2021-12-12,2459.37,3.42,0.12,0.09727635276278612,0.09507902553000841,0.09774468465162175,0.1299633821868684,0.12994760670799912,0.1099932268784223,0.10982221011868229,0.11898900239211865,0.1218799362729423,,,,,,,SRB00001
2021-12-13,2311.07,0.53,-1.36,0.0003094444551300249,0.0006287569169056771,0.0009552013910454391,0.02390183471171275,0.0197364595138425,0.0122995706269643,0.00547464666437735,0.0158731970954352,0.018829552324163452,,,,,,,SRB00001
2021-12-14,2166.7,0.01,-0.29,0.00261645858347321,0.0065080635875383215,0.006002021178912111,0.03495816898486694,0.03367841672673216,0.02218195907818342,0.01221633476503636,0.02472329630323892,0.02866944996484405,,,,,,,SRB00001
2021-12-15,2050.16,0.07,-0.14,0.004923472711816396,0.012387370258170967,0.011048840966778783,0.04601450325802113,0.04762037393962183,0.03206434752940254,0.018958022865695368,0.033573395511042645,0.03850934760552465,,,,,,,SRB00001
2021-12-16,1975.97,0.08,1.18,0.007230486840159581,0.018266676928803613,0.016095660754645455,0.05707083753117532,0.0615623311525115,0.04194673598062166,0.025699710966354376,0.042423494718846363,0.04834924524620525,,,,,,,SRB00001
2021-12-17,1998.86,0.03,1.98,0.009537500968502767,0.024145983599436257,0.021142480542512127,0.0681271718043295,0.07550428836540116,0.051829124431840776,0.032441399067013384,0.05127359392665008,0.05818914288688585,,,,,,,SRB00001
2021-12-18,2156.74,0.0,0.56,0.011844515096845951,0.0300252902700689,0.0261893003303788,0.0791835060774837,0.08944624557829084,0.0617115128830599,0.039183087167672395,0.0601236931344538,0.06802904052756645,,,,,,,SRB00001
2021-12-19,2348.63,0.0,2.38,0.0304876611456783,0.049041340217687,0.0433329846981118,0.0864610264316971,0.0881256687863426,0.0575290241304216,0.042921132791168,0.06702984547206511,0.07591823709017052,,,,,,,SRB00001
2021-12-20,2442.43,0.0,1.23,0.0106711762275309,0.033552201447412805,0.033537703514666006,0.0916558582203743,0.10477008544153299,0.07027335386846074,0.046659178414663605,0.07393599780967644,0.0838074336527746,,,,,,,SRB00001
2021-12-21,2448.06,0.0,-0.92,0.010955435629150658,0.03405607457033855,0.033758687750140126,0.09040387652171301,0.10327191055961749,0.06933209595726404,0.04667618090165865,0.07284386083627581,0.08250084652173541,,,,,,,SRB00001
2021-12-22,2386.81,0.0,-1.34,0.011239695030770415,0.0345599476932643,0.033979671985614246,0.08915189482305173,0.10177373567770198,0.06839083804606734,0.0466931833886537,0.07175172386287518,0.08119425939069622,,,,,,,SRB00001
2021-12-23,2284.6,0.02,-1.31,0.011523954432390173,0.035063820816190056,0.034200656221088366,0.08789991312439045,0.10027556079578646,0.06744958013487065,0.04671018587564874,0.07065958688947455,0.07988767225965702,,,,,,,SRB00001
2021-12-24,2171.7,0.03,5.65,0.01180821383400993,0.0355676939391158,0.03442164045656248,0.08664793142572917,0.09877738591387096,0.06650832222367395,0.046727188362643786,0.0695674499160739,0.07858108512861783,,,,,,,SRB00001
2021-12-25,2069.14,3.8,8.58,0.012092473235629689,0.03607156706204155,0.0346426246920366,0.08539594972706789,0.09727921103195546,0.06556706431247725,0.046744190849638836,0.06847531294267327,0.07727449799757864,,,,,,,SRB00001
2021-12-26,1975.97,12.97,-0.45,0.012376732637249446,0.0365754401849673,0.03486360892751072,0.08414396802840661,0.09578103615003995,0.06462580640128054,0.04676119333663388,0.06738317596927264,0.07596791086653945,,,,,,,SRB00001
2021-12-27,1895.71,9.55,-3.15,0.012660992038869204,0.037079313307893054,0.03508459316298484,0.08289198632974534,0.09428286126812443,0.06368454849008384,0.046778195823628924,0.066291038995872,0.07466132373550025,,,,,,,SRB00001
2021-12-28,1852.53,1.53,-2.95,0.012945251440488961,0.0375831864308188,0.03530557739845896,0.08164000463108406,0.09278468638620893,0.06274329057888715,0.04679519831062397,0.06519890202247138,0.07335473660446105,,,,,,,SRB00001
2021-12-29,1922.09,4.17,0.98,0.01322951084210872,0.03808705955374455,0.03552656163393308,0.08038802293242278,0.09128651150429343,0.06180203266769045,0.04681220079761902,0.06410676504907074,0.07204814947342186,,,,,,,SRB00001
2021-12-30,2112.49,0.28,0.54,0.013513770243728476,0.0385909326766703,0.03574754586940719,0.0791360412337615,0.08978833662237792,0.06086077475649375,0.04682920328461406,0.0630146280756701,0.07074156234238267,,,,,,,SRB00001
2021-12-31,2279.34,0.06,4.27,0.013798029645348235,0.03909480579959605,0.03596853010488131,0.07788405953510022,0.0882901617404624,0.05991951684529705,0.046846205771609105,0.061922491102269474,0.06943497521134348,,,,,,,SRB00001
2022-01-01,2397.83,0.0,6.72,0.014082289046967992,0.0395986789225218,0.03618951434035543,0.07663207783643894,0.0867919868585469,0.05897825893410035,0.046863208258604155,0.060830354128868835,0.06812838808030429,,,,,,,SRB00001
2022-01-02,2772.32,0.01,5.96,0.01436654844858775,0.04010255204544755,0.03641049857582955,0.07538009613777766,0.0852938119766314,0.05803700102290365,0.0468802107455992,0.059738217155468204,0.0668218009492651,,,,,,,SRB00001
2022-01-03,3426.68,0.13,5.8,0.01684846947446625,0.04169820327979907,0.0396824348936832,0.07641986590829458,0.08378396639755306,0.057082013889855246,0.0497485988975453,0.060182564719673426,0.067197728986754,,,,,,,SRB00001
2022-01-04,3800.89,0.02,7.46,0.01933039050034475,0.04329385451415059,0.04295437121153685,0.07745963567881149,0.08227412081847474,0.05612702675680685,0.0526169870494914,0.06062691228387864,0.0675736570242429,,,,,,,SRB00001
2022-01-05,3889.45,3.1,8.48,0.02181231152622325,0.044889505748502104,0.0462263075293905,0.07849940544932842,0.0807642752393964,0.05517203962375845,0.055485375201437495,0.06107125984808386,0.0679495850617318,12.0,0.236,2.20767852,475.0,0.6,0.0024,SRB00001
2022-01-06,3898.42,0.71,2.4,0.024294232552101752,0.046485156982853625,0.04949824384724415,0.07953917521984533,0.07925442966031808,0.05421705249071005,0.058353763353383596,0.06151560741228908,0.06832551309922069,,,,,,,SRB00001
2022-01-07,3853.78,0.0,-2.57,0.02677615357798025,0.048080808217205145,0.052770180165097796,0.08057894499036225,0.07774458408123974,0.05326206535766165,0.0612221515053297,0.0619599549764943,0.06870144113670959,,,,,,,SRB00001
2022-01-08,3783.43,1.46,-1.62,0.03203950077998569,0.0526663850041552,0.05664192682808298,0.0837931262956661,0.08011755053281684,0.05493015634679662,0.06485507206065558,0.06552232659046411,0.07174009728628368,,,,,,,SRB00001
2022-01-09,3748.73,0.22,-1.69,0.03730284798199113,0.05725196179110525,0.06051367349106816,0.08700730760096995,0.08249051698439394,0.05659824733593159,0.06848799261598146,0.06908469820443394,0.07477875343585777,,,,,,,SRB00001
2022-01-10,3705.81,0.02,-0.75,0.04256619518399657,0.0618375385780553,0.06438542015405334,0.0902214889062738,0.08486348343597105,0.05826633832506656,0.07212091317130734,0.07264706981840376,0.07781740958543187,,,,,,,SRB00001
2022-01-11,3596.49,0.23,-0.61,0.04782954238600201,0.06642311536500535,0.06825716681703853,0.09343567021157764,0.08723644988754815,0.05993442931420153,0.07575383372663322,0.07620944143237358,0.08085606573500596,,,,,,,SRB00001
2022-01-12,3442.5,0.0,-3.56,0.05309288958800745,0.0710086921519554,0.0721289134800237,0.09664985151688149,0.08960941633912525,0.0616025203033365,0.0793867542819591,0.0797718130463434,0.08389472188458005,,,,,,,SRB00001
2022-01-13,3249.87,0.01,-3.84,0.0383266347678707,0.068101347344658,0.0653678196778255,0.102026054849167,0.0957477433337029,0.0708411571009627,0.07045188697894295,0.0766255667242596,0.0831026523911142,,,,,,,SRB00001
2022-01-14,3039.89,0.01,0.1,0.02283531576364395,0.0451073818226793,0.0497055423339778,0.0864324369255559,0.09939115301779815,0.07173429817929135,0.0615170196759268,0.07347932040217581,0.08231058289764835,,,,,,,SRB00001
2022-01-15,2843.46,0.01,0.37,0.022778851017506,0.04548787383567617,0.04982208812283552,0.08734373230184565,0.09989769385732733,0.07142146278850921,0.06162414980013011,0.07344202546191438,0.0821497844721511,,,,,,,SRB00001
2022-01-16,2659.72,0.0,-0.49,0.02272238627136805,0.04586836584867304,0.049938633911693245,0.08825502767813542,0.10040423469685651,0.07110862739772707,0.06173127992433342,0.07340473052165294,0.08198898604665385,,,,,,,SRB00001
2022-01-17,2482.13,0.19,1.66,0.0226659215252301,0.046248857861669906,0.05005517970055096,0.08916632305442518,0.1009107755363857,0.07079579200694494,0.06183841004853673,0.07336743558139151,0.08182818762115661,,,,,,,SRB00001
2022-01-18,2321.74,0.0,-0.15,0.022609456779092152,0.04662934987466678,0.05017172548940869,0.09007761843071495,0.10141731637591488,0.0704829566161628,0.06194554017274004,0.07333014064113008,0.08166738919565936,,,,,,,SRB00001
2022-01-19,2181.73,0.0,-1.11,0.022552992032954203,0.04700984188766365,0.050288271278266405,0.0909889138070047,0.10192385721544406,0.07017012122538066,0.06205267029694335,0.07329284570086865,0.0815065907701621,,,,,,,SRB00001
2022-01-20,2059.63,0.99,0.05,0.021646808640790563,0.04489637196547002,0.048606355500531606,0.09186170818398748,0.10185312920322741,0.07067665734972944,0.06041442860328031,0.07413084537206278,0.08315155163172958,,,,,,,SRB00001
2022-01-21,1966.89,0.05,-0.95,0.020740625248626923,0.04278290204327639,0.0469244397227968,0.09273450256097024,0.10178240119101076,0.07118319347407824,0.05877618690961727,0.07496884504325693,0.08479651249329705,,,,,,,SRB00001
2022-01-22,1908.85,1.61,-1.83,0.01983444185646328,0.04066943212108276,0.045242523945062,0.09360729693795301,0.1017116731787941,0.07168972959842702,0.05713794521595423,0.07580684471445107,0.08644147335486452,,,,,,,SRB00001
2022-01-23,1886.99,0.05,-3.4,0.01892825846429964,0.03855596219888913,0.043560608167327194,0.09448009131493577,0.10164094516657744,0.07219626572277582,0.055499703522291194,0.07664484438564521,0.08808643421643199,,,,,,,SRB00001
2022-01-24,1865.38,0.08,-5.36,0.018022075072136,0.0364424922766955,0.041878692389592395,0.09535288569191855,0.10157021715436079,0.0727028018471246,0.05386146182862815,0.07748284405683935,0.08973139507799946,,,,,,,SRB00001
2022-01-25,1835.54,0.01,-4.75,0.03755481803134368,0.053011996385805296,0.053595173470191264,0.10172875624714933,0.11106860560376015,0.08082496998821728,0.06488535941711036,0.08376905692649146,0.09429446822132326,,,,,,,SRB00001
2022-01-26,1831.31,0.05,-0.59,0.05708756099055136,0.0695815004949151,0.06531165455079013,0.10810462680238012,0.12056699405315953,0.08894713812930997,0.07590925700559259,0.09005526979614359,0.09885754136464706,,,,,,,SRB00001
2022-01-27,1865.38,0.0,0.02,0.07662030394975905,0.0861510046040249,0.077028135631389,0.1144804973576109,0.1300653825025589,0.09706930627040265,0.0869331545940748,0.0963414826657957,0.10342061450797085,,,,,,,SRB00001
2022-01-28,1922.09,0.18,2.48,0.06438006868800951,0.07634687425535767,0.07009792956137392,0.10901167121187996,0.12153766642767128,0.08950401716599846,0.08176518298842438,0.09170488691489427,0.09854496494981868,,,,,,,SRB00001
2022-01-29,1926.53,0.01,0.75,0.05213983342625997,0.06654274390669045,0.06316772349135887,0.10354284506614901,0.11300995035278368,0.08193872806159426,0.07659721138277395,0.08706829116399284,0.09366931539166651,,,,,,,SRB00001
2022-01-30,1878.32,0.01,3.28,0.05054936832468177,0.065306106295639,0.06186528824325032,0.10307364217729517,0.11477422889319017,0.08345880628836763,0.07502574091733853,0.08577532264343803,0.09294521551428522,,,,,,,SRB00001
2022-01-31,1802.02,2.66,0.38,0.04895890322310358,0.06406946868458754,0.060562852995141775,0.10260443928844133,0.11653850743359666,0.08497888451514102,0.07345427045190311,0.08448235412288323,0.09222111563690392,,,,,,,SRB00001
2022-02-01,1744.82,0.05,-0.01,0.047368438121525386,0.0628328310735361,0.05926041774703324,0.10213523639958748,0.11830278597400316,0.08649896274191439,0.07188279998646768,0.08318938560232841,0.09149701575952264,,,,,,,SRB00001
2022-02-02,1716.91,0.41,2.9,0.045777973019947196,0.06159619346248465,0.05795798249892469,0.10166603351073364,0.12006706451440965,0.08801904096868778,0.07031132952103226,0.08189641708177361,0.09077291588214134,12.7,0.068,2.32731754,506.0,2.4,0.0012,SRB00001
2022-02-03,1748.85,0.0,2.16,0.044187507918369,0.0603595558514332,0.056655547250816146,0.1011968306218798,0.12183134305481615,0.08953911919546115,0.06873985905559685,0.0806034485612188,0.09004881600476006,,,,,,,SRB00001
2022-02-04,1861.09,0.0,3.65,0.0444122961539271,0.06084064078249498,0.056136001232120716,0.09737826359630579,0.11772313571162593,0.08606735983553605,0.06735019281625282,0.07777252168228502,0.08646068690305744,,,,,,,SRB00001
2022-02-05,2073.91,0.02,4.01,0.0446370843894852,0.06132172571355677,0.05561645521342528,0.09355969657073177,0.11361492836843572,0.08259560047561094,0.06596052657690878,0.07494159480335123,0.08287255780135482,,,,,,,SRB00001
2022-02-06,2305.75,0.0,4.46,0.0448618726250433,0.06180281064461855,0.05509690919472985,0.08974112954515776,0.1095067210252455,0.07912384111568585,0.06457086033756475,0.07211066792441745,0.0792844286996522,,,,,,,SRB00001
2022-02-07,2482.13,4.13,5.59,0.18542940936316454,0.18501393485344947,0.179309901704117,0.21075508010842797,0.21477739227413034,0.18768594935550265,0.19159901784604688,0.1939310309391334,0.196830095764652,,,,,,,SRB00001
2022-02-08,2539.97,0.01,3.84,0.3259969461012858,0.30822505906228037,0.30352289421350415,0.33176903067169816,0.3200480635230152,0.29624805759531947,0.318627175354529,0.3157513939538493,0.31437576282965174,,,,,,,SRB00001
2022-02-09,2522.48,0.02,6.79,0.2337403303329041,0.22764442468217894,0.22220132835514272,0.2529367745461725,0.24924860057428339,0.22229731589891055,0.23610628392521282,0.23721555022723123,0.23844804260368485,,,,,,,SRB00001
2022-02-10,2505.11,0.0,5.38,0.14148371456452236,0.14706379030207747,0.14087976249678133,0.17410451842064692,0.17844913762555156,0.1483465742025016,0.15358539249589667,0.15867970650061317,0.162520322377718,,,,,,,SRB00001
2022-02-11,2551.7,0.05,5.33,0.04922709879614065,0.06648315592197601,0.05955819663841995,0.0952722622951213,0.10764967467681974,0.07439583250609265,0.0710645010665805,0.0801438627739951,0.0865926021517511,,,,,,,SRB00001
2022-02-12,2641.41,0.0,2.97,0.05215751287922382,0.0678451406492904,0.06226561622107047,0.09886722141804274,0.11138816624123665,0.07860252445898355,0.07372457433108737,0.0825175365908587,0.08991893292127277,,,,,,,SRB00001
2022-02-13,2690.54,0.0,1.09,0.055087926962307,0.0692071253766048,0.06497303580372099,0.1024621805409642,0.11512665780565355,0.08280921641187444,0.07638464759559424,0.0848912104077223,0.09324526369079444,,,,,,,SRB00001
2022-02-14,2684.34,0.26,3.46,0.050549506736147984,0.06494816007372943,0.060571147599933525,0.09819669417165205,0.11046471385664988,0.07837669126084972,0.07219265365084711,0.08082010805031327,0.08908409000901091,,,,,,,SRB00001
2022-02-15,2653.61,1.12,8.15,0.04601108650998897,0.06068919477085406,0.056169259396146066,0.0939312078023399,0.10580276990764621,0.07394416610982497,0.06800065970609999,0.07674900569290423,0.08492291632722739,,,,,,,SRB00001
2022-02-16,2593.18,0.11,5.5,0.04147266628382995,0.056430229467978696,0.0517673711923586,0.08966572143302776,0.10114082595864254,0.06951164095880025,0.06380866576135286,0.0726779033354952,0.08076174264544385,,,,,,,SRB00001
2022-02-17,2499.35,0.11,6.98,0.04418734974901908,0.06134695431822045,0.0576451779672217,0.09758983712828292,0.11317876578254678,0.0785997420811593,0.07027294309472455,0.08014517747840966,0.08836784158899957,,,,,,,SRB00001
2022-02-18,2381.32,0.03,8.08,0.0469020332142082,0.06626367916846221,0.0635229847420848,0.10551395282353809,0.125216705606451,0.08768784320351836,0.07673722042809625,0.0876124516213241,0.0959739405325553,,,,,,,SRB00001
2022-02-19,2284.6,3.37,6.91,0.10016634527118592,0.10863884931877883,0.10248988542653106,0.13725630205497708,0.14330435170749492,0.10500663255549454,0.11485208268340238,0.12234194859890664,0.12903552614138894,,,,,,,SRB00001
2022-02-20,2274.1,0.59,5.55,0.15343065732816363,0.15101401946909546,0.14145678611097734,0.16899865128641606,0.16139199780853886,0.12232542190747073,0.1529669449387085,0.15707144557648917,0.16209711175022257,,,,,,,SRB00001
2022-02-21,2505.11,4.87,5.28,0.20669496938514134,0.1933891896194121,0.1804236867954236,0.20074100051785504,0.17947964390958276,0.13964421125944693,0.19108180719401463,0.1918009425540717,0.1951586973590562,,,,,,,SRB00001
2022-02-22,2943.42,0.28,4.88,0.25995928144211905,0.2357643597697287,0.21939058747986984,0.23248334974929402,0.19756729001062667,0.1569630006114231,0.22919666944932077,0.22653043953165425,0.22822028296788982,,,,,,,SRB00001
2022-02-23,3175.87,0.31,4.03,0.3132235934990968,0.2781395299200453,0.2583574881643161,0.264225698980733,0.2156549361116706,0.1742817899633993,0.2673115317046269,0.2612599365092368,0.2612818685767235,,,,,,,SRB00001
2022-02-24,3168.57,0.0,4.16,0.28573565422455754,0.25606452199201063,0.2383089753559056,0.2484580135202119,0.19445581104672718,0.1578685163956866,0.2475738645122645,0.24327674498025634,0.24370000639959938,,,,,,,SRB00001
2022-02-25,3103.56,0.03,5.36,0.25824771495001836,0.23398951406397595,0.2182604625474951,0.2326903280596908,0.17325668598178376,0.1414552428279739,0.22783619731990215,0.22529355345127589,0.22611814422247528,,,,,,,SRB00001
2022-02-26,3053.92,0.35,3.17,0.23075977567547912,0.21191450613594126,0.1982119497390846,0.21692264259916968,0.15205756091684033,0.1250419692602612,0.20809853012753976,0.2073103619222954,0.20853628204535118,,,,,,,SRB00001
2022-02-27,3012.01,1.45,3.4,0.2032718364009399,0.18983949820790658,0.1781634369306741,0.2011549571386486,0.13085843585189694,0.1086286956925485,0.1883608629351774,0.18932717039331495,0.1909544198682271,,,,,,,SRB00001
2022-02-28,2950.21,1.4,1.33,0.1757838971264007,0.1677644902798719,0.1581149241222636,0.1853872716781275,0.1096593107869535,0.0922154221248358,0.168623195742815,0.1713439788643345,0.173372557691103,,,,,,,SRB00001
2022-03-01,2843.46,0.01,1.26,0.10780038175154735,0.11481479642400344,0.10870505020491825,0.1447945154782697,0.1084768017371293,0.08236710881019116,0.13589555460942904,0.14158032511346968,0.14516700919091913,,,,,,,SRB00001
2022-03-02,2715.44,0.0,1.07,0.039816866376694,0.061865102568135,0.0592951762875729,0.1042017592784119,0.1072942926873051,0.0725187954955465,0.10316791347604307,0.11181667136260487,0.11696146069073526,12.3,0.111,1.93905506,442.0,2.2,0.0043,SRB00001
2022-03-03,2581.26,0.04,1.44,0.0460344259677282,0.06472858585143035,0.059186857497170356,0.10071689914807636,0.10466915256207746,0.072294420188492,0.0704402723426571,0.08205301761174005,0.0887559121905514,,,,,,,SRB00001
2022-03-04,2442.43,0.05,1.23,0.440797507470109,0.41974229642052063,0.40301268487329645,0.43879175206228027,0.36073000981135417,0.3050370518483666,0.4167920808118238,0.41439640785816384,0.4127443260846579,,,,,,,SRB00001
2022-03-05,2295.15,0.0,0.64,0.8355605889724897,0.7747560069896109,0.7468385122494225,0.7768666049764842,0.6167908670606308,0.5377796835082411,0.7631438892809905,0.7467397981045877,0.7367327399787644,,,,,,,SRB00001
2022-03-06,2156.74,0.87,0.52,0.5853321280308073,0.5483412736110861,0.5273244300423613,0.566488513351137,0.46723422435680506,0.40284071530250154,0.5438430154689602,0.5384460900181305,0.5350246680507933,,,,,,,SRB00001
2022-03-07,2031.36,0.13,0.28,0.33510366708912465,0.3219265402325613,0.30781034783530004,0.3561104217257898,0.31767758165297927,0.267901747096762,0.32454214165692985,0.33015238193167334,0.3333165961228222,,,,,,,SRB00001
2022-03-08,1926.53,0.05,0.98,0.084875206147442,0.0955118068540365,0.0882962656282388,0.1457323301004426,0.1681209389491535,0.1329627788910225,0.1052412678448995,0.1218586738452162,0.1316085241948511,,,,,,,SRB00001
2022-03-09,1831.31,0.01,2.37,0.06784957780608195,0.0812465159060172,0.0754087326875388,0.13208097699394625,0.148965348908622,0.1127668739756563,0.09209455694254605,0.10914650619575644,0.11858463369950412,,,,,,,SRB00001
2022-03-10,1752.88,0.08,1.55,0.0508239494647219,0.0669812249579979,0.0625211997468388,0.1184296238874499,0.1298097588680905,0.0925709690602901,0.0789478460401926,0.0964343385462967,0.1055607432041571,,,,,,,SRB00001
2022-03-11,1689.44,0.0,-1.55,0.04771399108081967,0.0637293892966362,0.05926861959756445,0.1133101316046273,0.12326325967682006,0.08749944971011145,0.07596534415812418,0.092376456639535,0.10072825293207287,,,,,,,SRB00001
2022-03-12,1632.05,0.0,-0.01,0.044604032696917435,0.060477553635274496,0.056016039448290096,0.1081906393218047,0.1167167604855496,0.0824279303599328,0.07298284227605577,0.0883185747327733,0.09589576265998864,,,,,,,SRB00001
2022-03-13,1587.55,0.0,1.8,0.0414940743130152,0.0572257179739128,0.05276345929901575,0.1030711470389821,0.11017026129427915,0.07735641100975416,0.07000034039398735,0.0842606928260116,0.0910632723879044,,,,,,,SRB00001
2022-03-14,1544.25,0.0,3.87,0.043597502425452864,0.05921433476991258,0.05506763734378108,0.10663019768045794,0.11300091817716017,0.07954602390588533,0.07277300814513164,0.0873449458234515,0.09444122480180007,,,,,,,SRB00001
2022-03-15,1509.08,0.0,7.17,0.04570093053789053,0.06120295156591236,0.05737181538854642,0.11018924832193379,0.11583157506004119,0.0817356368020165,0.07554567589627592,0.09042919882089138,0.09781917721569576,,,,,,,SRB00001
2022-03-16,1478.11,0.38,8.08,0.04780435865032819,0.06319156836191214,0.05967599343331175,0.11374829896340963,0.1186622319429222,0.08392524969814767,0.07831834364742021,0.09351345181833128,0.10119712962959143,,,,,,,SRB00001
2022-03-17,1451.11,0.01,5.66,0.04990778676276586,0.06518018515791192,0.06198017147807709,0.11730734960488548,0.12149288882580321,0.08611486259427883,0.08109101139856449,0.09659770481577118,0.10457508204348712,,,,,,,SRB00001
2022-03-18,1434.49,0.0,4.28,0.05201121487520352,0.0671688019539117,0.06428434952284243,0.12086640024636132,0.12432354570868423,0.08830447549041001,0.08386367914970878,0.09968195781321107,0.10795303445738279,,,,,,,SRB00001
2022-03-19,1431.19,0.0,4.6,0.05411464298764119,0.06915741874991148,0.06658852756760776,0.12442545088783717,0.12715420259156526,0.09049408838654117,0.08663634690085306,0.10276621081065096,0.11133098687127847,,,,,,,SRB00001
2022-03-20,1474.71,0.0,2.39,0.05621807110007885,0.07114603554591126,0.0688927056123731,0.127984501529313,0.12998485947444627,0.09268370128267235,0.08940901465199735,0.10585046380809085,0.11470893928517414,,,,,,,SRB00001
2022-03-21,1624.55,0.0,3.71,0.050197079374963635,0.06623354425339777,0.06337875892613615,0.12186057254359602,0.12467764121827697,0.08822173983286717,0.08392677249658512,0.10024253789083788,0.10871686307356743,,,,,,,SRB00001
2022-03-22,1818.7,0.0,6.76,0.044176087649848414,0.06132105296088428,0.0578648122398992,0.11573664355787903,0.11937042296210769,0.08375977838306198,0.07844453034117288,0.09463461197358491,0.10272478686196072,,,,,,,SRB00001
2022-03-23,1908.85,0.0,9.72,0.0381550959247332,0.0564085616683708,0.05235086555366225,0.10961271457216204,0.11406320470593839,0.0792978169332568,0.07296228818576064,0.08902668605633195,0.096732710650354,,,,,,,SRB00001
2022-03-24,1895.71,0.0,10.59,0.040464948687906455,0.05851517865799506,0.05487883739043836,0.11406893712169477,0.11803425207888368,0.08288417916796878,0.0776661203908122,0.09433077145396712,0.10349447224838934,,,,,,,SRB00001
2022-03-25,1839.77,0.0,10.6,0.0427748014510797,0.06062179564761933,0.057406809227214466,0.1185251596712275,0.12200529945182896,0.08647054140268078,0.08236995259586374,0.09963485685160231,0.11025623384642466,,,,,,,SRB00001
2022-03-26,1781.38,0.0,11.46,0.043212521030376434,0.06130654363800456,0.056678889383853376,0.11735369998490533,0.12073019254021967,0.08518899041400171,0.08142361553525147,0.09854394413635814,0.1089701626930455,,,,,,,SRB00001
2022-03-27,1740.81,0.0,10.5,0.043650240609673166,0.06199129162838978,0.055950969540492286,0.11618224029858316,0.11945508562861039,0.08390743942532265,0.08047727847463922,0.09745303142111397,0.10768409153966636,,,,,,,SRB00001
2022-03-28,1752.88,0.05,11.1,0.0440879601889699,0.062676039618775,0.055223049697131196,0.115010780612261,0.1181799787170011,0.08262588843664359,0.07953094141402695,0.0963621187058698,0.1063980203862872,,,,,,,SRB00001
2022-03-29,1822.9,0.0,12.77,0.044162360591500575,0.06225844359424657,0.054728299303225265,0.11665027719851771,0.11673691659513939,0.08127262941097622,0.07928577290434118,0.09757154599310493,0.10783854938616828,,,,,,,SRB00001
2022-03-30,1904.46,0.1,11.75,0.04423676099403125,0.06184084756971813,0.05423354890931934,0.11828977378477444,0.11529385447327767,0.07991937038530884,0.07904060439465542,0.09878097328034005,0.10927907838604935,,,,,,,SRB00001
2022-03-31,1985.1,11.85,12.74,0.04431116139656193,0.0614232515451897,0.05373879851541341,0.11992927037103115,0.11385079235141596,0.07856611135964148,0.07879543588496965,0.09999040056757517,0.11071960738593042,,,,,,,SRB00001
2022-04-01,2064.38,4.67,9.77,0.044385561799092615,0.06100565552066126,0.05324404812150749,0.12156876695728788,0.11240773022955425,0.07721285233397411,0.0785502673752839,0.10119982785481028,0.11216013638581149,,,,,,,SRB00001
2022-04-02,2191.81,7.83,2.75,0.04445996220162329,0.06058805949613283,0.052749297727601556,0.1232082635435446,0.11096466810769254,0.07585959330830674,0.07830509886559812,0.10240925514204541,0.11360066538569256,,,,,,,SRB00001
2022-04-03,2364.92,0.85,2.7,0.04453436260415397,0.06017046347160439,0.05225454733369563,0.12484776012980132,0.10952160598583081,0.07450633428263936,0.07805993035591237,0.10361868242928053,0.11504119438557363,,,,,,,SRB00001
2022-04-04,2539.97,0.02,3.68,0.04460876300668465,0.059752867447075954,0.0517597969397897,0.12648725671605804,0.1080785438639691,0.073153075256972,0.0778147618462266,0.10482810971651566,0.1164817233854547,,,,,,,SRB00001
2022-04-05,2665.86,0.0,8.73,0.04345244176308826,0.059551955071427624,0.051026980648808846,0.1269331907085664,0.10714367081389709,0.07206487272304175,0.07745874864994101,0.10543167092481295,0.11696133509149613,,,,,,,SRB00001
2022-04-06,2721.7,0.0,12.87,0.04229612051949187,0.05935104269577929,0.05029416435782799,0.1273791247010748,0.10620879776382508,0.07097667018911152,0.07710273545365544,0.10603523213311027,0.11744094679753755,12.6,0.081,1.44921228,438.0,4.2,0.0287,SRB00001
2022-04-07,2678.17,0.44,12.63,0.041139799275895485,0.05915013032013096,0.04956134806684713,0.12782505869358318,0.10527392471375306,0.06988846765518128,0.07674672225736986,0.10663879334140758,0.11792055850357898,,,,,,,SRB00001
2022-04-08,2569.4,0.02,13.58,0.0399834780322991,0.05894921794448263,0.048828531775866275,0.12827099268609155,0.10433905166368104,0.06880026512125104,0.07639070906108428,0.10724235454970488,0.1184001702096204,,,,,,,SRB00001
2022-04-09,2499.35,3.78,10.56,0.03882715678870271,0.05874830556883429,0.04809571548488542,0.1287169266785999,0.10340417861360904,0.0677120625873208,0.07603469586479869,0.10784591575800218,0.11887978191566183,,,,,,,SRB00001
2022-04-10,2581.26,0.36,6.97,0.03767083554510632,0.05854739319318596,0.04736289919390456,0.1291628606711083,0.10246930556353702,0.06662386005339056,0.07567868266851312,0.10844947696629949,0.11935939362170325,,,,,,,SRB00001
2022-04-11,2856.59,0.0,7.07,0.03651451430150993,0.05834648081753763,0.046630082902923704,0.1296087946636167,0.10153443251346501,0.06553565751946033,0.07532266947222754,0.1090530381745968,0.11983900532774468,,,,,,,SRB00001
2022-04-12,3249.87,0.0,9.87,0.035358193057913545,0.0581455684418893,0.04589726661194285,0.13005472865612505,0.100599559463393,0.06444745498553009,0.07496665627594196,0.1096565993828941,0.1203186170337861,,,,,,,SRB00001
2022-04-13,3514.6,0.0,10.36,0.12940029962288127,0.13947176984965137,0.12783163066461853,0.21195349372507857,0.1479906643866454,0.11897260652776144,0.15411024782585753,0.18715044899575284,0.19793188559370795,,,,,,,SRB00001
2022-04-14,3498.45,0.24,12.42,0.223442406187849,0.2207979712574134,0.2097659947172942,0.2938522587940321,0.1953817693098978,0.1734977580699928,0.2332538393757731,0.2646442986086116,0.2755451541536298,,,,,,,SRB00001
2022-04-15,3333.26,0.05,14.01,0.16468505346408224,0.17005262631425674,0.15810931924198787,0.24929720573039435,0.1674740545176302,0.14051074191223983,0.1846915676273242,0.22049369260900462,0.23255344599980002,,,,,,,SRB00001
2022-04-16,3183.2,0.91,11.63,0.10592770074031548,0.1193072813711001,0.10645264376668154,0.2047421526667566,0.13956633972536261,0.10752372575448689,0.1361292958788753,0.17634308660939763,0.18956173784597025,,,,,,,SRB00001
2022-04-17,3139.51,0.0,7.85,0.0471703480165487,0.06856193642794345,0.0547959682913752,0.1601870996031189,0.111658624933095,0.07453670959673395,0.0875670241304264,0.13219248060979066,0.1465700296921405,,,,,,,SRB00001
2022-04-18,3205.27,0.01,6.55,0.04385484325212603,0.06600763561184461,0.05236496513842904,0.1563200205581922,0.10704204546317866,0.07069009562290116,0.08631318638814359,0.13170893161247677,0.146161325071726,,,,,,,SRB00001
2022-04-19,3317.94,2.42,5.87,0.040539338487703365,0.06345333479574577,0.04993396198548287,0.15245294151326547,0.10242546599326234,0.06684348164906836,0.08505934864586076,0.13122538261516284,0.1457526204513115,,,,,,,SRB00001
2022-04-20,3325.6,1.11,8.09,0.037223833723280704,0.06089903397964693,0.047502958832536704,0.14858586246833877,0.097808886523346,0.06299686767523556,0.08380551090357795,0.1307418336178489,0.145343915830897,,,,,,,SRB00001
2022-04-21,3183.2,0.02,10.1,0.033908328958858036,0.058344733163548095,0.045071955679590534,0.14471878342341205,0.09319230705342967,0.05915025370140277,0.08255167316129514,0.13025828462053501,0.1449352112104825,,,,,,,SRB00001
2022-04-22,2984.38,9.9,14.18,0.030592824194435368,0.05579043234744925,0.04264095252664437,0.14085170437848535,0.08857572758351334,0.05530363972756998,0.08129783541901232,0.12977473562322112,0.144526506590068,,,,,,,SRB00001
2022-04-23,2810.9,0.5,13.19,0.0272773194300127,0.053236131531350414,0.0402099493736982,0.13698462533355862,0.083959148113597,0.05145702575373718,0.08004399767672951,0.1292911866259072,0.14411780196965351,,,,,,,SRB00001
2022-04-24,2684.34,1.16,14.34,0.023961814665590036,0.05068183071525158,0.037778946220752035,0.13311754628863193,0.07934256864368067,0.04761041177990439,0.07879015993444669,0.12880763762859326,0.143709097349239,,,,,,,SRB00001
2022-04-25,2581.26,1.19,14.61,0.020646309901167368,0.04812752989915274,0.035347943067805865,0.1292504672437052,0.07472598917376433,0.04376379780607159,0.07753632219216387,0.12832408863127936,0.1433003927288245,,,,,,,SRB00001
2022-04-26,2470.72,0.51,14.99,0.0173308051367447,0.0455732290830539,0.0329169399148597,0.1253833881987785,0.070109409703848,0.0399171838322388,0.07628248444988106,0.12784053963396547,0.14289168810841,,,,,,,SRB00001
2022-04-27,2381.32,4.3,12.82,0.026114530444550164,0.049980182993246816,0.03581409527456582,0.131988474742546,0.07396685213079549,0.0425889587557366,0.07502864670759823,0.12735699063665154,0.14248298348799548,,,,,,,SRB00001
2022-04-28,2348.63,1.89,13.43,0.03489825575235563,0.05438713690343973,0.038711250634271936,0.13859356128631348,0.07782429455774297,0.045260733679234395,0.07377480896531542,0.12687344163933761,0.142074278867581,,,,,,,SRB00001
2022-04-29,2448.06,0.02,13.95,0.0436819810601611,0.05879409081363265,0.041608405993978054,0.14519864783008096,0.08168173698469045,0.047932508602732196,0.07252097122303261,0.12638989264202372,0.1416655742471665,,,,,,,SRB00001
2022-04-30,2715.44,0.01,14.71,0.04731047391933752,0.06296318823932066,0.04510400828187492,0.15606026602712872,0.08885187722743668,0.05317585464412176,0.07722754641210308,0.13473329118011476,0.1523126163218967,,,,,,,SRB00001
2022-05-01,2998.16,0.01,15.64,0.05093896677851394,0.06713228566500867,0.04859961056977179,0.1669218842241765,0.09602201747018291,0.05841920068551132,0.08193412160117354,0.1430766897182058,0.16295965839662688,,,,,,,SRB00001
2022-05-02,3025.91,0.09,15.72,0.05456745963769036,0.07130138309069668,0.05209521285766866,0.17778350242122426,0.10319215771292914,0.06366254672690087,0.08664069679024401,0.15142008825629683,0.17360670047135707,,,,,,,SRB00001
2022-05-03,2889.68,0.21,16.46,0.05819595249686678,0.07547048051638469,0.05559081514556553,0.18864512061827204,0.11036229795567537,0.06890589276829043,0.09134727197931447,0.15976348679438787,0.18425374254608726,,,,,,,SRB00001
2022-05-04,2740.57,0.24,17.24,0.0618244453560432,0.0796395779420727,0.05908641743346239,0.1995067388153198,0.1175324381984216,0.07414923880968,0.09605384716838494,0.16810688533247892,0.19490078462081745,13.6,0.086,1.0496631,397.0,3.7,0.0381,SRB00001
2022-05-05,2665.86,0.11,18.6,0.032099127836538,0.05977385745263,0.0440458484584476,0.1884049761522462,0.0973232201593792,0.0541988800570366,0.09434048800497659,0.1680822606426709,0.19525142378538385,,,,,,,SRB00001
2022-05-06,2653.61,0.07,18.04,0.03437097557844396,0.061553045159905125,0.04522319391109375,0.1914750733932959,0.10119155055174672,0.056953434084917265,0.09262712884156825,0.16805763595286285,0.19560206294995028,,,,,,,SRB00001
2022-05-07,2684.34,0.18,17.69,0.036642823320349925,0.06333223286718025,0.0464005393637399,0.19454517063434557,0.10505988094411425,0.05970798811279793,0.0909137696781599,0.16803301126305484,0.19595270211451668,,,,,,,SRB00001
2022-05-08,2778.71,0.0,18.45,0.03891467106225589,0.06511142057445538,0.04757788481638604,0.19761526787539527,0.10892821133648177,0.06246254214067859,0.08920041051475155,0.1680083865732468,0.1963033412790831,,,,,,,SRB00001
2022-05-09,2929.89,2.69,17.77,0.041186518804161854,0.06689060828173049,0.048755230269032196,0.20068536511644497,0.11279654172884929,0.06521709616855925,0.0874870513513432,0.16798376188343878,0.1966539804436495,,,,,,,SRB00001
2022-05-10,3146.75,1.62,18.3,0.03863609834246825,0.06367835922380524,0.04619545945138551,0.1939223940315814,0.10622569450004095,0.060823293326204134,0.08364521504931181,0.16141375291089843,0.18950220100605572,,,,,,,SRB00001
2022-05-11,3418.79,0.0,19.88,0.03608567788077464,0.06046611016588001,0.043635688633738824,0.18715942294671786,0.09965484727123261,0.05642949048384902,0.07980337874728044,0.1548437439383581,0.1823504215684619,,,,,,,SRB00001
2022-05-12,3604.79,0.0,22.79,0.03353525741908103,0.057253861107954766,0.041075917816092135,0.1803964518618543,0.09308400004242427,0.052035687641493904,0.07596154244524905,0.14827373496581775,0.1751986421308681,,,,,,,SRB00001
2022-05-13,3596.49,0.08,22.81,0.03800585841587054,0.060939201724984265,0.04363619091421907,0.1921236087197586,0.10099241817806973,0.058319999586432886,0.08003873744155625,0.15513752740469466,0.18590579720780942,,,,,,,SRB00001
2022-05-14,3490.4,0.02,20.63,0.04247645941266005,0.06462454234201376,0.046196464012346,0.2038507655776629,0.1089008363137152,0.06460431153137186,0.08411593243786344,0.16200131984357155,0.19661295228475073,,,,,,,SRB00001
2022-05-15,3410.93,0.0,21.31,0.040694587585779554,0.06337206700495487,0.04532700997384675,0.20312968383897465,0.10845539311878677,0.0639638597363266,0.08364674056767976,0.16119560807174535,0.19501163743244132,,,,,,,SRB00001
2022-05-16,3458.39,0.0,23.7,0.038912715758899055,0.062119591667896,0.0444575559353475,0.20240860210028636,0.10800994992385833,0.06332340794128132,0.08317754869749606,0.16038989629991915,0.19341032258013194,,,,,,,SRB00001
2022-05-17,3579.96,3.96,20.19,0.03713084393201855,0.060867116330837114,0.04358810189684825,0.2016875203615981,0.1075645067289299,0.06268295614623605,0.08270835682731238,0.15958418452809295,0.19180900772782253,,,,,,,SRB00001
2022-05-18,3621.43,0.3,17.31,0.03534897210513805,0.05961464099377824,0.042718647858349,0.2009664386229098,0.10711906353400147,0.062042504351190776,0.08223916495712869,0.15877847275626675,0.19020769287551315,,,,,,,SRB00001
2022-05-19,3571.73,0.0,17.63,0.03356710027825755,0.05836216565671935,0.04184919381984975,0.20024535688422154,0.10667362033907304,0.0614020525561455,0.081769973086945,0.15797276098444055,0.18860637802320374,,,,,,,SRB00001
2022-05-20,3538.97,0.0,21.12,0.032404345660093176,0.05988458477088888,0.04453820681344188,0.20970802206652261,0.10697512169689458,0.0587888092882939,0.11469599005385572,0.18715496309804977,0.2156825739748206,,,,,,,SRB00001
2022-05-21,3514.6,0.86,22.58,0.0312415910419288,0.0614070038850584,0.047227219807034,0.2191706872488237,0.1072766230547161,0.0561755660204423,0.14762200702076644,0.21633716521165897,0.24275876992643747,,,,,,,SRB00001
2022-05-22,3458.39,0.19,20.42,0.1592152029041326,0.16409844329329396,0.1431618594616662,0.27328056694462177,0.15056373743298324,0.11748581027814385,0.1805480239876772,0.2455193673252682,0.26983496587805433,,,,,,,SRB00001
2022-05-23,3410.93,0.73,20.35,0.10068993148863226,0.11462322082187233,0.09619329145057245,0.23793772386265905,0.13358177325885368,0.0935677561625998,0.13579264147925107,0.20611296694588468,0.23705634625943392,,,,,,,SRB00001
2022-05-24,3371.87,1.85,23.02,0.042164660073131896,0.06514799835045071,0.0492247234394787,0.20259488078069635,0.11659980908472409,0.06964970204705576,0.09103725897082496,0.16670656656650118,0.2042777266408135,,,,,,,SRB00001
2022-05-25,3295.1,6.92,23.81,0.04297671691428338,0.06611672910220202,0.050062685094455786,0.19931371109607332,0.1155402544014601,0.06990726216760461,0.09156963268165681,0.16490677675182458,0.2016339927276307,,,,,,,SRB00001
2022-05-26,3212.66,0.52,21.51,0.043788773755434864,0.06708545985395334,0.05090064674943287,0.1960325414114503,0.11448069971819609,0.07016482228815345,0.09210200639248865,0.16310698693714795,0.19899025881444785,,,,,,,SRB00001
2022-05-27,3220.07,0.02,23.85,0.04460083059658635,0.06805419060570465,0.051738608404409955,0.19275137172682727,0.1134211450349321,0.0704223824087023,0.09263438010332051,0.16130719712247135,0.19634652490126503,,,,,,,SRB00001
2022-05-28,3379.65,14.82,15.68,0.08396623557568438,0.10025067118192015,0.08328149360139725,0.20359646426259517,0.1283817007050356,0.08887305619635721,0.12034703177974762,0.1792219143597293,0.2089974336252533,,,,,,,SRB00001
2022-05-29,3563.51,3.71,13.58,0.1233316405547824,0.13244715175813565,0.11482437879838454,0.21444155679836308,0.1433422563751391,0.10732372998401214,0.1480596834561747,0.1971366315969873,0.2216483423492416,,,,,,,SRB00001
2022-05-30,3613.1,3.06,14.2,0.16269704553388042,0.16464363233435114,0.14636726399537184,0.225286649334131,0.15830281204524257,0.12577440377166707,0.17577233513260182,0.21505134883424526,0.23429925107322988,,,,,,,SRB00001
2022-05-31,3530.83,2.72,17.76,0.20206245051297844,0.19684011291056663,0.17791014919235915,0.2361317418698989,0.1732633677153461,0.14422507755932198,0.20348498680902893,0.23296606607150322,0.24695015979721818,,,,,,,SRB00001
2022-06-01,3387.44,0.09,22.0,0.24142785549207646,0.22903659348678213,0.20945303438934643,0.2469768344056668,0.18822392338544958,0.1626757513469769,0.23119763848545605,0.2508807833087612,0.25960106852120646,11.0,0.115,0.56884968,327.0,3.3,0.0412,SRB00001
2022-06-02,3227.49,4.66,23.44,0.13715444222049933,0.14210660557834848,0.12355989039888132,0.21749827234724495,0.1484833146165545,0.11371015968452665,0.153056617160706,0.20060475165846553,0.22292241095888585,,,,,,,SRB00001
2022-06-03,3096.42,0.38,24.72,0.0328810289489222,0.05517661766991485,0.037666746408416205,0.18801971028882308,0.10874270584765941,0.0647445680220764,0.07491559583595594,0.15032872000816985,0.18624375339656524,,,,,,,SRB00001
2022-06-04,2998.16,0.5,26.02,0.051186252621449976,0.07640682480310462,0.05902224179482088,0.23777819251044155,0.1420516903114629,0.09107009809093074,0.10069924689185263,0.18259536498649442,0.22167157940301555,,,,,,,SRB00001
2022-06-05,2929.89,1.31,25.25,0.06949147629397776,0.0976370319362944,0.08037773718122555,0.28753667473206,0.17536067477526637,0.11739562815978508,0.1264828979477493,0.21486200996481902,0.25709940540946585,,,,,,,SRB00001
2022-06-06,2903.02,0.17,23.61,0.08779669996650553,0.11886723906948417,0.10173323256763023,0.33729515695367845,0.20866965923906985,0.14372115822863943,0.152266549003646,0.2471286549431436,0.2925272314159162,,,,,,,SRB00001
2022-06-07,2943.42,0.09,25.09,0.08865121542242056,0.1162270508481953,0.10014948040873083,0.3099995708251588,0.19376387309302412,0.1344168912488565,0.1453450672635428,0.2336858305044941,0.2745096216969409,,,,,,,SRB00001
2022-06-08,3190.54,4.12,21.77,0.08950573087833558,0.11358686262690644,0.09856572824983142,0.28270398469663915,0.1788580869469784,0.12511262426907355,0.13842358552343956,0.2202430060658446,0.25649201197796556,,,,,,,SRB00001
2022-06-09,3792.15,11.08,21.2,0.0903602463342506,0.11094667440561758,0.09698197609093201,0.2554083985681195,0.16395230080093268,0.11580835728929062,0.13150210378333635,0.2068001816271951,0.23847440225899028,,,,,,,SRB00001
2022-06-10,4424.88,9.52,22.3,0.09121476179016562,0.10830648618432871,0.09539822393203261,0.2281128124395998,0.14904651465488694,0.10650409030950769,0.12458062204323313,0.1933573571885456,0.220456792540015,,,,,,,SRB00001
2022-06-11,4807.39,0.95,22.76,0.09206927724608065,0.10566629796303985,0.0938144717731332,0.20081722631108015,0.13414072850884123,0.09719982332972475,0.1176591403031299,0.1799145327498961,0.20243918282103968,,,,,,,SRB00001
2022-06-12,5010.87,0.0,23.32,0.06740800262500882,0.08759192678351777,0.0746086451545017,0.19451591312791905,0.11929538555768734,0.07904140811424581,0.09950898431965052,0.164205869163366,0.19447719839367283,,,,,,,SRB00001
2022-06-13,5104.05,0.62,23.98,0.042746728003937,0.06951755560399567,0.0554028185358702,0.18821459994475795,0.10445004260653346,0.06088299289876686,0.08135882833617115,0.14849720557683588,0.186515213966306,,,,,,,SRB00001
2022-06-14,4987.84,0.09,20.61,0.04829244681521398,0.0754022804433242,0.0625510942094085,0.18922385772533742,0.10981189077380865,0.0671501148737071,0.08801802640790302,0.15148254763158622,0.18794226016705814,,,,,,,SRB00001
2022-06-15,4665.59,0.0,21.73,0.05383816562649097,0.08128700528265272,0.0696993698829468,0.19023311550591687,0.11517373894108385,0.07341723684864736,0.09467722447963489,0.1544678896863366,0.18936930636781027,,,,,,,SRB00001
2022-06-16,4284.48,0.02,24.61,0.05938388443776795,0.08717173012198125,0.0768476455564851,0.19124237328649635,0.12053558710835904,0.0796843588235876,0.10133642255136675,0.15745323174108694,0.19079635256856242,,,,,,,SRB00001
2022-06-17,3916.42,1.93,22.84,0.05211467998370263,0.08035444510591327,0.06782038521573493,0.19171292682910124,0.11837889799687304,0.0741442745025612,0.09377165965020884,0.15656671243384412,0.18956681703481332,,,,,,,SRB00001
2022-06-18,3613.1,0.0,22.96,0.0448454755296373,0.0735371600898453,0.058793124874984753,0.19218348037170616,0.11622220888538705,0.0686041901815348,0.08620689674905091,0.1556801931266013,0.1883372815010642,,,,,,,SRB00001
2022-06-19,3371.87,0.0,24.97,0.18982505167542765,0.20025867699074779,0.18011775954814563,0.3079017261513026,0.21195097221638207,0.1659196805778952,0.21863686413815844,0.2788294820907739,0.3027833090503293,,,,,,,SRB00001
2022-06-20,3212.66,0.0,27.07,0.334804627821218,0.32698019389165023,0.3014423942213065,0.42361997193089906,0.3076797355473771,0.2632351709742556,0.351066831527266,0.4019787710549465,0.4172293365995944,,,,,,,SRB00001
2022-06-21,3125.08,0.12,24.01,0.4797842039670084,0.4537017107925527,0.4227670288944674,0.5393382177104955,0.4034084988783721,0.360550661370616,0.4834967989163735,0.5251280600191192,0.5316753641488595,,,,,,,SRB00001
2022-06-22,3025.91,0.85,23.81,0.04365340701782,0.0772199808817668,0.0662317298648436,0.2455125490275913,0.1350763910395987,0.0765354439137741,0.4027578607993655,0.44798524020738406,0.4600209897841322,,,,,,,SRB00001
2022-06-23,2903.02,10.91,23.2,0.04377724267846787,0.07387608290362954,0.062106376679385414,0.22717757528376933,0.12934718424910768,0.07503481901457386,0.32201892268235754,0.37084242039564896,0.3883666154194049,,,,,,,SRB00001
2022-06-24,2823.88,0.0,25.9,0.043901078339115746,0.07053218492549228,0.057981023493927225,0.20884260153994738,0.12361797745861668,0.0735341941153736,0.24127998456534955,0.29369960058391387,0.31671224105467766,,,,,,,SRB00001
2022-06-25,2791.54,2.64,25.51,0.044024913999763625,0.06718828694735501,0.053855670308469036,0.19050762779612546,0.11788877066812567,0.07203356921617335,0.16054104644834155,0.21655678077217877,0.24505786668995033,,,,,,,SRB00001
2022-06-26,2765.94,0.03,25.67,0.0441487496604115,0.06384438896921775,0.04973031712301085,0.1721726540523035,0.11215956387763465,0.0705329443169731,0.07980210833133355,0.13941396096044367,0.17340349232522306,,,,,,,SRB00001
2022-06-27,2869.78,0.0,28.48,0.05502439955218119,0.07435620154418132,0.06107846320893785,0.19160669053372487,0.12421212780247626,0.07806175709229347,0.09304696918966128,0.15956134119639595,0.19408380771403022,,,,,,,SRB00001
2022-06-28,3379.65,0.0,29.35,0.06590004944395089,0.08486801411914491,0.07242660929486486,0.21104072701514626,0.13626469172731787,0.08559056986761385,0.106291830047989,0.17970872143234823,0.21476412310283735,,,,,,,SRB00001
2022-06-29,3809.66,0.0,30.0,0.043855514384531,0.0724264041815086,0.0657229376600198,0.2132667407258451,0.1263158030630697,0.0763091709618336,0.09862018745555777,0.16912825747176288,0.20222003283245987,,,,,,,SRB00001
2022-06-30,3705.81,0.47,29.46,0.04592906638816133,0.06975260172944503,0.059575971986129725,0.1944362098574673,0.12169592239606222,0.07397016409779007,0.09094854486312653,0.1585477935111775,0.1896759425620824,,,,,,,SRB00001
2022-07-01,3458.39,0.0,31.77,0.04800261839179165,0.06707879927738145,0.05342900631223965,0.17560567898908946,0.11707604172905475,0.07163115723374655,0.0832769022706953,0.14796732955059216,0.17713185229170492,,,,,,,SRB00001
2022-07-02,3356.38,0.58,25.9,0.053673669897176375,0.0714247600482187,0.058941952190602075,0.1900973223603419,0.12978396123535282,0.08195387818053175,0.08999314684200466,0.15772354370088748,0.19191103622519182,,,,,,,SRB00001
2022-07-03,3474.36,0.0,27.98,0.0593447214025611,0.07577072081905595,0.0644548980689645,0.20458896573159435,0.1424918807416509,0.09227659912731695,0.096709391413314,0.1674797578511828,0.20669022015867872,,,,,,,SRB00001
2022-07-04,3571.73,0.08,29.64,0.06683909683699288,0.08379412756141291,0.0721722284123367,0.21237767534060856,0.1471804371547806,0.09641009504691858,0.10379780267915174,0.1739681966243988,0.21280049641538326,,,,,,,SRB00001
2022-07-05,3530.83,2.54,26.84,0.07433347227142467,0.09181753430376989,0.0798895587557089,0.22016638494962273,0.15186899356791034,0.10054359096652021,0.1108862139449895,0.18045663539761483,0.2189107726720878,,,,,,,SRB00001
2022-07-06,3506.52,0.01,24.6,0.08182784770585645,0.09984094104612685,0.0876068890990811,0.22795509455863694,0.15655754998104005,0.10467708688612185,0.11797462521082724,0.18694507417083084,0.22502104892879235,10.9,0.081,0.70880476,336.0,3.3,0.0372,SRB00001
2022-07-07,3538.97,1.08,23.0,0.24678547526804212,0.2518494721977044,0.2378733782802703,0.3658754171603386,0.2539947911056482,0.19337847594675622,0.27420570861423055,0.3276486369264483,0.3555033258088063,,,,,,,SRB00001
2022-07-08,3604.79,4.41,20.26,0.41174310283022775,0.40385800334928196,0.3881398674614595,0.5037957397620403,0.3514320322302563,0.2820798650073906,0.4304367920176339,0.4683521996820657,0.4859856026888203,,,,,,,SRB00001
2022-07-09,3697.28,0.2,22.25,0.5767007303924134,0.5558665345008595,0.5384063566426487,0.6417160623637419,0.4488692733548645,0.3707812540680249,0.5866678754210373,0.6090557624376831,0.6164678795688342,,,,,,,SRB00001
2022-07-10,3731.5,0.05,21.51,0.7416583579545991,0.7078750656524371,0.6886728458238379,0.7796363849654436,0.5463065144794726,0.4594826431286593,0.7428989588244406,0.7497593251933006,0.7469501564488482,,,,,,,SRB00001
2022-07-11,3680.29,0.0,19.63,0.9066159855167848,0.8598835968040146,0.8389393350050272,0.9175567075671454,0.6437437556040808,0.5481840321892937,0.8991300422278439,0.890462887948918,0.8774324333288621,,,,,,,SRB00001
2022-07-12,3604.79,0.0,21.11,0.47894453636952067,0.466270019796338,0.4496036205322848,0.5532707681067826,0.3834507579198263,0.3129477405882495,0.49115435756317205,0.5184249986947316,0.5287281605388232,,,,,,,SRB00001
2022-07-13,3482.37,0.0,23.48,0.051273087222256555,0.07265644278866135,0.06026790605954245,0.18898482864641986,0.12315776023557179,0.07771144898720535,0.0831786728985002,0.14638710944054506,0.18002388774878442,,,,,,,SRB00001
2022-07-14,3310.31,0.0,26.72,0.04913677787495893,0.07442215477553032,0.06429518731626607,0.1910457114214008,0.12122012092747039,0.07469443761651423,0.08302139718297405,0.14521005547619412,0.17843448430394612,,,,,,,SRB00001
2022-07-15,3132.29,0.12,25.26,0.0470004685276613,0.0761878667623993,0.0683224685729897,0.1931065941963818,0.119282481619369,0.0716774262458231,0.0828641214674479,0.1440330015118432,0.17684508085910786,,,,,,,SRB00001
2022-07-16,2957.01,7.13,23.98,0.053424496038216904,0.0726464511148246,0.0578064074278782,0.1761498332321278,0.1123486300877014,0.0688296977339577,0.08270684575192175,0.14285594754749226,0.17525567741426956,,,,,,,SRB00001
2022-07-17,2797.98,0.0,23.17,0.0792049539603841,0.0960145237330357,0.08147422606877275,0.21354890762751835,0.1296933351402639,0.08554793787968745,0.10840155524934032,0.17514694010442902,0.20756422047637008,,,,,,,SRB00001
2022-07-18,2659.72,0.0,23.76,0.1049854118825513,0.1193825963512468,0.1051420447096673,0.2509479820229089,0.1470380401928264,0.1022661780254172,0.1340962647467589,0.2074379326613658,0.2398727635384706,,,,,,,SRB00001
2022-07-19,2539.97,0.0,26.89,0.08638021690282993,0.10347667865799395,0.08949320696574507,0.22717642702938964,0.13742525623823001,0.09272000130475545,0.11670612482529581,0.1870245956167523,0.21824442636464983,,,,,,,SRB00001
2022-07-20,2425.61,0.0,28.77,0.06777502192310857,0.0875707609647411,0.07384436922182283,0.20340487203587035,0.12781247228363363,0.0831738245840937,0.09931598490383273,0.16661125857213885,0.19661608919082904,,,,,,,SRB00001
2022-07-21,2321.74,0.0,30.01,0.0491698269433872,0.07166484327148825,0.0581955314779006,0.17963331704235108,0.11819968832903724,0.07362764786343196,0.08192584498236966,0.14619792152752537,0.17498775201700828,,,,,,,SRB00001
2022-07-22,2222.31,0.0,31.25,0.05005284137767463,0.0712932613721371,0.058453825478466476,0.1832408708754602,0.12315752225233466,0.07760766029752522,0.08345513320775788,0.14726534554434448,0.17882047138043788,,,,,,,SRB00001
2022-07-23,2122.24,0.0,32.79,0.050935855811962055,0.07092167947278595,0.05871211947903235,0.1868484247085693,0.12811535617563208,0.0815876727316185,0.0849844214331461,0.1483327695611636,0.18265319074386746,,,,,,,SRB00001
2022-07-24,2031.36,0.48,27.59,0.05190771190269222,0.07134827423185265,0.05922949822848588,0.18445154853767362,0.12730973404594467,0.0815899270823189,0.08632362862636038,0.14821540998967597,0.18210596231767456,,,,,,,SRB00001
2022-07-25,1953.34,0.0,27.76,0.05287956799342238,0.07177486899091935,0.05974687697793942,0.18205467236677797,0.1265041119162573,0.0815921814330193,0.08766283581957467,0.14809805041818835,0.1815587338914817,,,,,,,SRB00001
2022-07-26,1900.08,0.23,26.97,0.05385142408415255,0.07220146374998605,0.060264255727392954,0.1796577961958823,0.1256984897865699,0.0815944357837197,0.08900204301278894,0.14798069084670074,0.1810115054652888,,,,,,,SRB00001
2022-07-27,1873.99,0.01,26.83,0.06746850725434812,0.08559174557020108,0.07301043315119617,0.20162945965953516,0.14017525492362348,0.09361811177884506,0.10250108477882924,0.16737199377132847,0.2015777755466063,,,,,,,SRB00001
2022-07-28,1873.99,0.07,28.09,0.08108559042454369,0.09898202739041609,0.08575661057499936,0.223601123123188,0.15465202006067705,0.10564178777397043,0.11600012654486955,0.1867632966959562,0.22214404562792384,,,,,,,SRB00001
2022-07-29,1891.34,0.08,29.46,0.09470267359473926,0.11237230921063111,0.09850278799880258,0.24557278658684087,0.16912878519773064,0.11766546376909581,0.12949916831090985,0.2061545996205839,0.24271031570924134,,,,,,,SRB00001
2022-07-30,1966.89,3.98,24.23,0.10831975676493483,0.12576259103084614,0.11124896542260579,0.2675444500504937,0.1836055503347842,0.1296891397642212,0.14299821007695016,0.22554590254521165,0.26327658579055885,,,,,,,SRB00001
2022-07-31,2156.74,0.0,23.08,0.12193683993513041,0.13915287285106115,0.123995142846409,0.2895161135141466,0.1980823154718378,0.14171281575934655,0.15649725184299046,0.24493720546983938,0.28384285587187635,,,,,,,SRB00001
2022-08-01,2156.74,0.0,25.39,0.08581607023737488,0.10375811688300629,0.09013438597084643,0.2351191382773894,0.16228702587252727,0.1105672913154427,0.12010514847491333,0.1953995707233301,0.23224306452174776,,,,,,,SRB00001
2022-08-02,2364.92,0.35,26.7,0.04969530053961935,0.06836336091495145,0.05627362909528385,0.1807221630406322,0.12649173627321675,0.07942176687153885,0.08371304510683619,0.14586193597682084,0.18064327317161916,,,,,,,SRB00001
2022-08-03,2505.11,0.0,27.8,0.04884228199328595,0.06726251779374649,0.05542006064200256,0.1755034742769003,0.12294640163880796,0.07720106068221608,0.08167606250442007,0.1409685749981603,0.17425630644541598,10.5,0.094,0.6094818,372.0,2.1,0.0229,SRB00001
2022-08-04,2702.96,0.08,29.46,0.04798926344695255,0.06616167467254155,0.05456649218872128,0.17028478551316842,0.11940106700439919,0.07498035449289331,0.07963907990200393,0.1360752140194997,0.16786933971921278,,,,,,,SRB00001
2022-08-05,2889.68,0.02,30.44,0.04713624490061915,0.0650608315513366,0.053712923735439996,0.1650660967494365,0.1158557323699904,0.07275964830357054,0.07760209729958781,0.13118185304083915,0.1614823729930096,,,,,,,SRB00001
2022-08-06,2883.03,0.0,31.08,0.04901114380489008,0.06836894380982785,0.056968213825228695,0.17408733574902158,0.1235939832663065,0.07626740768833262,0.08444124888038877,0.144463453917675,0.1743008844248585,,,,,,,SRB00001
2022-08-07,2740.57,0.03,27.95,0.050886042709161,0.07167705606831909,0.0602235039150174,0.18310857474860665,0.13133223416262257,0.0797751670730947,0.09128040046118974,0.1577450547945109,0.1871193958567074,,,,,,,SRB00001
2022-08-08,2575.32,0.21,26.92,0.05824738225310736,0.07496462199409006,0.06420889263560753,0.17589911545395231,0.12503353803699135,0.08282158209835935,0.09129494486444985,0.1505182269787359,0.17547960669042995,,,,,,,SRB00001
2022-08-09,2420.03,3.93,24.96,0.06560872179705372,0.07825218791986104,0.06819428135619766,0.16868965615929798,0.11873484191136012,0.085867997123624,0.09130948926770995,0.1432913991629609,0.1638398175241525,,,,,,,SRB00001
2022-08-10,2295.15,0.25,24.51,0.07297006134100009,0.081539753845632,0.0721796700767878,0.16148019686464365,0.1124361457857289,0.08891441214888865,0.09132403367097006,0.13606457134718591,0.15220002835787505,,,,,,,SRB00001
2022-08-11,2227.44,0.0,24.59,0.09916741931489227,0.10783539148616687,0.09483207791407611,0.21722799110230068,0.13921160488958262,0.10335762927839814,0.12151831186914124,0.18107269036669618,0.20711236084547435,,,,,,,SRB00001
2022-08-12,2237.72,0.27,24.64,0.12536477728878445,0.13413102912670175,0.1174844857513644,0.2729757853399577,0.16598706399343632,0.11780084640790764,0.15171259006731241,0.22608080938620645,0.26202469333307365,,,,,,,SRB00001
2022-08-13,2279.34,2.72,21.28,0.10069524081678363,0.11228264344203896,0.09674527677345067,0.2352870469363708,0.14962124984468597,0.10445672977626351,0.12697771451611634,0.19457228695508358,0.22794430394295326,,,,,,,SRB00001
2022-08-14,2284.6,0.35,24.37,0.07602570434478281,0.09043425775737618,0.07600606779553692,0.19759830853278387,0.1332554356959356,0.09111261314461937,0.10224283896492023,0.1630637645239607,0.19386391455283286,,,,,,,SRB00001
2022-08-15,2222.31,0.0,27.22,0.051356167872782,0.06858587207271341,0.0552668588176232,0.159909570129197,0.11688962154718524,0.07776849651297524,0.07750796341372415,0.1315552420928378,0.15978352516271244,,,,,,,SRB00001
2022-08-16,2122.24,0.27,27.63,0.0334835675808262,0.0567983481529314,0.0483449967056892,0.1673413329274815,0.1048325364102103,0.0621223144305087,0.07763179079614572,0.1349147955567967,0.16240590401707078,,,,,,,SRB00001
2022-08-17,2017.37,0.0,28.74,0.04533011067913075,0.06464603082378415,0.052997986267378006,0.1658734185155314,0.12349597438078255,0.07783387938601916,0.0777556181785673,0.13827434902075555,0.1650282828714291,,,,,,,SRB00001
2022-08-18,1926.53,0.0,30.92,0.045563358824143044,0.06477593298852505,0.052638703755498215,0.16445767559143085,0.12107219606049631,0.07610391626120021,0.07679048256624958,0.13627143205782308,0.16299024093468487,,,,,,,SRB00001
2022-08-19,1856.8,7.35,30.31,0.04579660696915534,0.06490583515326595,0.05227942124361843,0.1630419326673303,0.11864841774021005,0.07437395313638125,0.07582534695393187,0.1342685150948906,0.16095219899794064,,,,,,,SRB00001
2022-08-20,1806.17,1.7,23.96,0.046029855114167635,0.06503573731800687,0.05192013873173864,0.16162618974322976,0.11622463941992381,0.0726439900115623,0.07486021134161416,0.13226559813195812,0.1589141570611964,,,,,,,SRB00001
2022-08-21,1777.28,8.63,20.81,0.04626310325917993,0.06516563948274777,0.051560856219858855,0.16021044681912922,0.11380086109963755,0.07091402688674334,0.07389507572929645,0.13026268116902562,0.1568761151244522,,,,,,,SRB00001
2022-08-22,1785.49,3.39,20.2,0.04649635140419222,0.06529554164748867,0.051201573707979064,0.15879470389502864,0.11137708277935131,0.06918406376192439,0.07292994011697873,0.12825976420609314,0.15483807318770798,,,,,,,SRB00001
2022-08-23,1844.02,0.42,21.85,0.04672959954920451,0.06542544381222959,0.050842291196099273,0.1573789609709281,0.10895330445906506,0.06745410063710544,0.07196480450466103,0.12625684724316066,0.15280003125096375,,,,,,,SRB00001
2022-08-24,2083.49,4.04,22.47,0.04696284769421681,0.06555534597697049,0.05048300868421949,0.15596321804682756,0.10652952613877881,0.06572413751228648,0.07099966889234331,0.12425393028022819,0.15076198931421952,,,,,,,SRB00001
2022-08-25,2977.52,0.02,26.19,0.0471960958392291,0.0656852481417114,0.0501237261723397,0.154547475122727,0.10410574781849256,0.06399417438746753,0.0700345332800256,0.12225101331729571,0.1487239473774753,,,,,,,SRB00001
2022-08-26,3766.04,0.0,28.21,0.04993008140016558,0.0690020742914168,0.05431276108754447,0.15680753470816428,0.11042104795921348,0.06866339386294792,0.07503019982648425,0.12881611582294092,0.15442545638564723,,,,,,,SRB00001
2022-08-27,3792.15,0.0,29.23,0.052664066961102055,0.0723189004411222,0.05850179600274925,0.15906759429360157,0.1167363480999344,0.0733326133384283,0.0800258663729429,0.13538121832858613,0.16012696539381915,,,,,,,SRB00001
2022-08-28,3579.96,0.27,27.28,0.06196296296364662,0.07952001390647871,0.06387210837018348,0.1591941660921096,0.11621876710820668,0.07532981816107569,0.08461297168310325,0.13814636797082755,0.16139894093965224,,,,,,,SRB00001
2022-08-29,3356.38,1.17,23.78,0.07126185896619118,0.08672112737183524,0.06924242073761772,0.15932073789061765,0.11570118611647898,0.07732702298372307,0.0892000769932636,0.140911517613069,0.16267091648548532,,,,,,,SRB00001
2022-08-30,3125.08,1.0,24.38,0.08056075496873574,0.09392224083719175,0.07461273310505195,0.15944730968912568,0.11518360512475126,0.07932422780637045,0.09378718230342395,0.14367666725531042,0.1639428920313184,,,,,,,SRB00001
2022-08-31,2943.42,1.49,25.04,0.07585952399031622,0.08985033467246177,0.07080459597611186,0.15849609205874637,0.11419198933790865,0.07740149603814372,0.09024670631167847,0.14146325520105593,0.16220527499414814,,,,,,,SRB00001
2022-09-01,2869.78,8.73,17.75,0.07115829301189669,0.08577842850773179,0.06699645884717177,0.15754487442836704,0.11320037355106606,0.075478764269917,0.08670623031993299,0.13924984314680142,0.16046765795697787,,,,,,,SRB00001
2022-09-02,3012.01,1.22,18.1,0.06645706203347716,0.08170652234300181,0.06318832171823167,0.15659365679798773,0.11220875776422345,0.07355603250169027,0.08316575432818751,0.13703643109254693,0.1587300409198076,,,,,,,SRB00001
2022-09-03,3212.66,0.02,20.22,0.061755831055057636,0.07763461617827183,0.059380184589291576,0.15564243916760842,0.11121714197738086,0.07163330073346354,0.07962527833644203,0.13482301903829244,0.15699242388263737,,,,,,,SRB00001
2022-09-04,3190.54,0.06,21.54,0.0570546000766381,0.07356271001354187,0.055572047460351486,0.1546912215372291,0.11022552619053826,0.06971056896523681,0.07608480234469656,0.13260960698403795,0.1552548068454671,,,,,,,SRB00001
2022-09-05,3103.56,0.0,22.57,0.052353369098218576,0.06949080384881189,0.05176391033141139,0.15374000390684978,0.10923391040369566,0.06778783719701008,0.07254432635295108,0.13039619492978344,0.15351718980829684,,,,,,,SRB00001
2022-09-06,3060.96,0.08,23.86,0.04765213811979905,0.0654188976840819,0.0479557732024713,0.15278878627647047,0.10824229461685306,0.06586510542878335,0.0690038503612056,0.12818278287552895,0.15177957277112658,,,,,,,SRB00001
2022-09-07,2929.89,0.06,25.15,0.042533734249140864,0.05969252257650692,0.044875979737499065,0.1444805776563102,0.10304817942827042,0.06607252721996082,0.06488996180798234,0.12088972709351888,0.1425974091559145,,,,,,,SRB00001
2022-09-08,2740.57,0.4,26.16,0.037415330378482686,0.053966147468931934,0.041796186272526833,0.1361723690361499,0.09785406423968779,0.06627994901113829,0.060776073254759096,0.11359667131150882,0.13341524554070242,,,,,,,SRB00001
2022-09-09,2599.16,6.59,22.12,0.0322969265078245,0.04823977236135695,0.0387163928075546,0.12786416041598964,0.09265994905110515,0.06648737080231576,0.05666218470153585,0.10630361552949874,0.12423308192549035,,,,,,,SRB00001
2022-09-10,2505.11,1.28,20.72,0.12313579925736476,0.12664828470933007,0.11515989326292406,0.1963750828734346,0.12255412936979862,0.10584743638694998,0.1384702837437089,0.17757093718218547,0.19314743384908895,,,,,,,SRB00001
2022-09-11,2414.46,0.65,19.25,0.213974672006905,0.2050567970573032,0.1916033937182935,0.2648860053308796,0.1524483096884921,0.1452075019715842,0.2202783827858819,0.2488382588348722,0.2620617857726875,,,,,,,SRB00001
2022-09-12,2332.46,0.08,18.45,0.1802713157939978,0.1765266626409667,0.1621587439397632,0.24435461261062918,0.1520593001128689,0.1346168675052532,0.18878680682981275,0.22362285249564587,0.24022424839195894,,,,,,,SRB00001
2022-09-13,2295.15,0.0,19.35,0.1465679595810906,0.1479965282246302,0.1327140941612329,0.2238232198903788,0.1516702905372457,0.1240262330389222,0.15729523087374359,0.19840744615641953,0.2183867110112304,,,,,,,SRB00001
2022-09-14,2354.05,0.0,22.83,0.1128646033681834,0.1194663938082937,0.1032694443827026,0.2032918271701284,0.1512812809616225,0.1134355985725912,0.1258036549176744,0.1731920398171932,0.1965491736305018,8.2,0.059,1.23927966,386.0,2.5,0.001,SRB00001
2022-09-15,2528.3,7.43,23.5,0.11724334486230771,0.12288850946663284,0.10687016784990185,0.203603822541673,0.15073918200663547,0.11380513364612431,0.12903595720746022,0.17545216914247896,0.197901737519285,,,,,,,SRB00001
2022-09-16,2696.74,22.32,17.41,0.12162208635643203,0.126310625124972,0.11047089131710111,0.2039158179132176,0.15019708305164847,0.11417466871965742,0.13226825949724602,0.1777122984677647,0.19925430140806819,,,,,,,SRB00001
2022-09-17,2778.71,18.07,13.47,0.12600082785055633,0.12973274078331112,0.11407161478430036,0.20422781328476222,0.14965498409666145,0.11454420379319054,0.13550056178703185,0.17997242779305048,0.20060686529685137,,,,,,,SRB00001
2022-09-18,2785.12,0.17,13.99,0.13037956934468065,0.13315485644165026,0.11767233825149963,0.20453980865630686,0.14911288514167445,0.11491373886672365,0.13873286407681765,0.18223255711833622,0.20195942918563453,,,,,,,SRB00001
2022-09-19,2810.9,9.52,12.25,0.13475831083880496,0.13657697209998942,0.12127306171869888,0.20485180402785147,0.14857078618668743,0.11528327394025677,0.14196516636660347,0.184492686443622,0.20331199307441772,,,,,,,SRB00001
2022-09-20,2936.65,0.68,12.48,0.13913705233292928,0.13999908775832856,0.12487378518589815,0.20516379939939608,0.14802868723170043,0.11565280901378988,0.14519746865638927,0.18675281576890773,0.2046645569632009,,,,,,,SRB00001
2022-09-21,3139.51,0.63,11.68,0.1435157938270536,0.1434212034166677,0.1284745086530974,0.2054757947709407,0.1474865882767134,0.116022344087323,0.1484297709461751,0.1890129450941935,0.2060171208519841,,,,,,,SRB00001
2022-09-22,3310.31,0.41,11.57,0.1318456156294739,0.13484441010344547,0.11905033501577181,0.20080512677383544,0.1414317747652882,0.10845777070327806,0.1394447327995898,0.18326676435803285,0.2007432667781664,,,,,,,SRB00001
2022-09-23,3490.4,0.0,12.13,0.12017543743189417,0.12626761679022325,0.10962616137844622,0.1961344587767302,0.13537696125386303,0.10089319731923312,0.13045969465300453,0.17752058362187223,0.1954694127043487,,,,,,,SRB00001
2022-09-24,3654.95,0.0,13.77,0.10850525923431445,0.11769082347700102,0.10020198774112063,0.19146379077962494,0.12932214774243783,0.09332862393518819,0.12147465650641924,0.17177440288571158,0.190195558630531,,,,,,,SRB00001
2022-09-25,3680.29,0.46,16.04,0.09683508103673474,0.1091140301637788,0.09077781410379504,0.1867931227825197,0.12326733423101266,0.08576405055114325,0.11248961835983395,0.16602822214955093,0.1849217045567133,,,,,,,SRB00001
2022-09-26,3547.13,5.93,16.31,0.08516490283915504,0.10053723685055657,0.08135364046646947,0.18212245478541444,0.11721252071958746,0.07819947716709831,0.10350458021324865,0.1602820414133903,0.17964785048289558,,,,,,,SRB00001
2022-09-27,3333.26,6.02,15.01,0.07349472464157532,0.09196044353733435,0.07192946682914388,0.1774517867883092,0.11115770720816227,0.07063490378305337,0.09451954206666337,0.15453586067722966,0.17437399640907789,,,,,,,SRB00001
2022-09-28,3110.72,3.8,14.46,0.061824546443995605,0.08338365022411212,0.06250529319181829,0.17278111879120395,0.10510289369673709,0.06307033039900843,0.08553450392007808,0.14878967994106904,0.1691001423352602,,,,,,,SRB00001
2022-09-29,2950.21,5.53,17.12,0.0501543682464159,0.0748068569108899,0.0530811195544927,0.1681104507940987,0.0990480801853119,0.0555057570149635,0.0765494657734928,0.1430434992049084,0.1638262882614425,,,,,,,SRB00001
2022-09-30,2909.72,6.1,17.32,0.21612516023379427,0.22364314122288542,0.20085052624123234,0.29887050656656405,0.1747753592625358,0.1141104384311616,0.23028872716328935,0.2768950268609969,0.2895833325936058,,,,,,,SRB00001
2022-10-01,3039.89,6.78,17.63,0.38209595222117265,0.37247942553488095,0.348619932927972,0.4296305623390294,0.25050263833975966,0.1727151198473597,0.38402798855308595,0.4107465545170853,0.4153403769257692,,,,,,,SRB00001
2022-10-02,3220.07,2.25,16.59,0.5480667442085511,0.5213157098468765,0.49638933961471166,0.5603906181114948,0.32622991741698354,0.2313198012635578,0.5377672499428825,0.5445980821731737,0.5410974212579325,,,,,,,SRB00001
2022-10-03,3387.44,2.53,14.47,0.7140375361959295,0.670151994158872,0.6441587463014513,0.6911506738839601,0.4019571964942074,0.2899244826797559,0.691506511332679,0.6784496098292623,0.6668544655900959,,,,,,,SRB00001
2022-10-04,3538.97,0.1,12.84,0.8800083281833079,0.8189882784708675,0.791928152988191,0.8219107296564254,0.4776844755714313,0.348529164095954,0.8452457727224756,0.8123011374853506,0.7926115099222593,,,,,,,SRB00001
2022-10-05,3621.43,0.0,13.13,0.7191123495650469,0.6755012505170153,0.6507183222072499,0.6940832635972067,0.40294402014520125,0.2915472937415095,0.6984658475978751,0.6821997487712719,0.6700022142070899,9.8,0.061,1.27991178,393.0,2.3,0.0012,SRB00001
2022-10-06,3889.45,0.0,14.64,0.5582163709467858,0.532014222563163,0.5095084914263089,0.566255797537988,0.3282035647189713,0.23456542338706504,0.5516859224732745,0.5520983600571931,0.5473929184919206,,,,,,,SRB00001
2022-10-07,4517.56,0.08,15.37,0.39732039232852473,0.38852719460931073,0.3682986606453679,0.43842833147876936,0.2534631092927413,0.17758355303262052,0.404905997348674,0.4219969713431144,0.4247836227767512,,,,,,,SRB00001
2022-10-08,4697.94,0.02,15.63,0.23642441371026368,0.24504016665545847,0.2270888298644269,0.3106008654195507,0.17872265386651126,0.12060168267817603,0.25812607222407347,0.2918955826290357,0.30217432706158187,,,,,,,SRB00001
2022-10-09,4344.1,0.01,15.71,0.07552843509200265,0.10155313870160615,0.08587899908348584,0.182773399360332,0.10398219844028125,0.06361981232373155,0.11134614709947295,0.16179419391495695,0.17956503134641255,,,,,,,SRB00001
2022-10-10,3898.42,0.01,13.45,0.06811517428549928,0.09094953869833383,0.07493542790616402,0.17179214578785404,0.09768182116341934,0.056934662863800126,0.09983274241594803,0.1494508392976776,0.17017242296676344,,,,,,,SRB00001
2022-10-11,3514.6,0.02,15.04,0.0607019134789959,0.0803459386950615,0.0639918567288422,0.1608108922153761,0.0913814438865574,0.0502495134038687,0.0883193377324231,0.1371074846803983,0.1607798145871143,,,,,,,SRB00001
2022-10-12,3205.27,0.12,15.72,0.062253244664445415,0.08355433264223083,0.06695385735261233,0.16220192674716494,0.09236616355592313,0.05080273738167198,0.09101681645621934,0.1385354785463301,0.16157055513270605,,,,,,,SRB00001
2022-10-13,2970.67,0.06,15.06,0.06380457584989493,0.08676272658940017,0.06991585797638246,0.1635929612789538,0.09335088322528887,0.05135596135947527,0.09371429518001556,0.13996347241226195,0.16236129567829777,,,,,,,SRB00001
2022-10-14,2810.9,0.0,14.73,0.06535590703534444,0.0899711205365695,0.0728778586001526,0.16498399581074266,0.09433560289465459,0.05190918533727855,0.0964117739038118,0.14139146627819377,0.16315203622388952,,,,,,,SRB00001
2022-10-15,2684.34,0.0,13.53,0.05637131198936552,0.08171134426041354,0.06528172207574658,0.1574810231969801,0.09328855717838129,0.05137062236494897,0.08866613604846765,0.13603651013570187,0.15609918908242,,,,,,,SRB00001
2022-10-16,2563.48,0.0,14.09,0.0473867169433866,0.0734515679842576,0.057685585551340554,0.14997805058321756,0.09224151146210799,0.050832059392619394,0.0809204981931235,0.13068155399320996,0.14904634194095046,,,,,,,SRB00001
2022-10-17,2453.71,0.0,14.19,0.0443366728916055,0.07106778400705414,0.0559236303361278,0.14861216988192072,0.08968288724803718,0.04930750253830026,0.07823825234696138,0.12786098735633317,0.14557091652493914,,,,,,,SRB00001
2022-10-18,2354.05,0.0,13.94,0.041286628839824396,0.06868400002985069,0.054161675120915055,0.1472462891806239,0.08712426303396635,0.04778294568398113,0.07555600650079926,0.1250404207194564,0.14209549110892786,,,,,,,SRB00001
2022-10-19,2300.44,0.0,13.66,0.038236584788043294,0.06630021605264723,0.0523997199057023,0.14588040847932707,0.08456563881989554,0.046258388829661996,0.07287376065463715,0.1222198540825796,0.13862006569291654,,,,,,,SRB00001
2022-10-20,2348.63,0.0,10.17,0.042489258911032605,0.06979580219878477,0.05555808494680804,0.1500667378927054,0.08869761954146842,0.05075433890994981,0.07742900153193662,0.12663660508368668,0.14281119695512498,,,,,,,SRB00001
2022-10-21,2499.35,0.0,10.91,0.046741933034021924,0.07329138834492231,0.05871644998791379,0.1542530673060837,0.0928296002630413,0.05525028899023763,0.08198424240923607,0.13105335608479374,0.14700232821733342,,,,,,,SRB00001
2022-10-22,2557.59,3.51,16.09,0.050994607157011235,0.07678697449105985,0.06187481502901953,0.15843939671946203,0.09696158098461417,0.059746239070525446,0.08653948328653555,0.13547010708590082,0.15119345947954185,,,,,,,SRB00001
2022-10-23,2470.72,0.25,15.3,0.055247281280000546,0.08028256063719738,0.06503318007012528,0.16262572613284035,0.10109356170618705,0.06424218915081326,0.091094724163835,0.13988685808700788,0.1553845907417503,,,,,,,SRB00001
2022-10-24,2348.63,0.02,17.91,0.059499955402989864,0.08377814678333492,0.06819154511123102,0.16681205554621867,0.10522554242775994,0.06873813923110107,0.09564996504113447,0.14430360908811496,0.15957572200395873,,,,,,,SRB00001
2022-10-25,2253.24,0.95,15.31,0.06375262952597918,0.08727373292947246,0.07134991015233676,0.170998384959597,0.10935752314933282,0.07323408931138889,0.10020520591843393,0.14872036008922201,0.16376685326616716,,,,,,,SRB00001
2022-10-26,2191.81,0.02,14.95,0.0680053036489685,0.09076931907561,0.0745082751934425,0.1751847143729753,0.1134895038709057,0.0777300393916767,0.1047604467957334,0.1531371110903291,0.1679579845283756,,,,,,,SRB00001
2022-10-27,2171.7,0.01,14.73,0.21599271336491582,0.22309131719370837,0.20462897566653918,0.27897419899385517,0.2070105201231599,0.1613539802296483,0.23332779651151103,0.26480023198932134,0.27748471694952026,,,,,,,SRB00001
2022-10-28,2217.2,0.04,13.69,0.36398012308086314,0.35541331531180675,0.33474967613963585,0.382763683614735,0.30053153637541413,0.24497792106761995,0.3618951462272887,0.37646335288831356,0.3870114493706649,,,,,,,SRB00001
2022-10-29,2386.81,0.14,12.81,0.5119675327968104,0.48773531342990506,0.46487037661273256,0.4865531682356149,0.39405255262766836,0.32860186190559154,0.4904624959430663,0.48812647378730584,0.49653818179180953,,,,,,,SRB00001
2022-10-30,2665.86,0.12,13.1,0.6599549425127578,0.6200573115480035,0.5949910770858292,0.5903426528564948,0.48757356887992254,0.4122258027435632,0.6190298456588439,0.5997895946862981,0.6060649142129542,,,,,,,SRB00001
2022-10-31,2804.43,0.13,12.43,0.8079423522287051,0.7523793096661018,0.7251117775589259,0.6941321374773747,0.5810945851321768,0.4958497435815348,0.7475971953746215,0.7114527155852903,0.7155916466340988,,,,,,,SRB00001
2022-11-01,2734.27,0.06,13.47,0.5543842782497415,0.5233536204955564,0.49975379728723046,0.5057194425630676,0.41889371074316295,0.3501297649623717,0.5215296027033278,0.5104423027867252,0.5179758847067568,,,,,,,SRB00001
2022-11-02,2581.26,0.1,12.03,0.3008262042707779,0.2943279313250111,0.27439581701553506,0.3173067476487604,0.25669283635414913,0.2044097863432086,0.29546201003203415,0.30943188998816007,0.32036012277941484,10.0,0.123,1.41986686,433.0,2.9,,SRB00001
2022-11-03,2425.61,0.02,12.18,0.0472681302918143,0.06530224215446576,0.0490378367438397,0.12889405273445326,0.09449196196513535,0.05868980772404555,0.06939441736074045,0.10842147718959494,0.12274436085207291,,,,,,,SRB00001
2022-11-04,2289.87,1.01,12.23,0.07399895339286369,0.08789322850390993,0.07120430915431913,0.14054996056702887,0.1092944100585119,0.07673437365213356,0.08983135928326585,0.12320100925259202,0.13511276083946153,,,,,,,SRB00001
2022-11-05,2171.7,14.85,9.77,0.1007297764939131,0.11048421485335409,0.09337078156479857,0.15220586839960448,0.12409685815188846,0.09477893958022157,0.11026830120579126,0.1379805413155891,0.14748116082685014,,,,,,,SRB00001
2022-11-06,2088.3,1.11,10.93,0.12746059959496248,0.13307520120279825,0.115537253975278,0.16386177623218007,0.13889930624526503,0.11282350550830958,0.13070524312831666,0.1527600733785862,0.15984956081423873,,,,,,,SRB00001
2022-11-07,2045.45,0.4,10.52,0.15419142269601188,0.15566618755224243,0.13770372638575745,0.17551768406475568,0.15370175433864158,0.1308680714363976,0.15114218505084207,0.16753960544158325,0.17221796080162735,,,,,,,SRB00001
2022-11-08,2054.89,0.11,9.26,0.1809222457970613,0.1782571739016866,0.15987019879623687,0.1871735918973313,0.16850420243201814,0.1489126373644856,0.17157912697336747,0.18231913750458034,0.18458636078901597,,,,,,,SRB00001
2022-11-09,2186.76,0.06,10.75,0.15325601958986115,0.15432131270436691,0.13648303479706841,0.1728962990256208,0.15216574210477019,0.12968685122042337,0.14965165099722816,0.1652211972418814,0.16948975849829084,,,,,,,SRB00001
2022-11-10,2465.04,0.05,10.72,0.12558979338266102,0.13038545150704725,0.11309587079789994,0.15861900615391025,0.13582728177752224,0.11046106507636114,0.12772417502108885,0.14812325697918247,0.1543931562075657,,,,,,,SRB00001
2022-11-11,2647.5,0.01,9.46,0.09792356717546091,0.10644959030972756,0.08970870679873147,0.14434171328219975,0.11948882145027426,0.09123527893229891,0.10579669904494951,0.13102531671648354,0.13929655391684057,,,,,,,SRB00001
2022-11-12,2587.21,0.23,8.68,0.07025734096826078,0.08251372911240788,0.06632154279956301,0.1300644204104892,0.10315036112302631,0.07200949278823668,0.0838692230688102,0.11392737645378459,0.12419995162611544,,,,,,,SRB00001
2022-11-13,2442.43,0.0,7.92,0.04259111476106065,0.0585778679150882,0.04293437880039455,0.1157871275387787,0.08681190079577836,0.05278370664417445,0.0619417470926709,0.09682943619108565,0.1091033493353903,,,,,,,SRB00001
2022-11-14,2295.15,0.05,8.2,0.05462154621964684,0.06958779695566532,0.05481985457452539,0.12568272157804497,0.09989969406035192,0.06771573895567085,0.07387276391234027,0.10708466463233743,0.11868023658641307,,,,,,,SRB00001
2022-11-15,2171.7,1.24,8.76,0.06665197767823303,0.08059772599624243,0.06670533034865622,0.1355783156173112,0.11298748732492547,0.08264777126716726,0.08580378073200964,0.1173398930735892,0.12825712383743584,,,,,,,SRB00001
2022-11-16,2093.11,9.5,9.45,0.07868240913681923,0.09160765503681954,0.07859080612278706,0.14547390965657747,0.12607528058949902,0.09757980357866365,0.09773479755167902,0.12759512151484098,0.1378340110884586,,,,,,,SRB00001
2022-11-17,2036.04,0.36,7.18,0.09071284059540541,0.10261758407739666,0.09047628189691789,0.1553695036958437,0.1391630738540726,0.11251183589016006,0.1096658143713484,0.13785034995609274,0.14741089833948137,,,,,,,SRB00001
2022-11-18,1989.67,15.88,7.64,0.10274327205399161,0.11362751311797377,0.10236175767104871,0.16526509773510997,0.15225086711864616,0.12744386820165646,0.12159683119101777,0.14810557839734453,0.15698778559050414,,,,,,,SRB00001
2022-11-19,1948.84,6.83,3.99,0.11477370351257779,0.12463744215855088,0.11424723344517955,0.1751606917743762,0.1653386603832197,0.14237590051315285,0.13352784801068715,0.1583608068385963,0.1665646728415269,,,,,,,SRB00001
2022-11-20,1917.67,4.71,2.47,0.126804134971164,0.135647371199128,0.12613270921931038,0.18505628581364247,0.17842645364779325,0.15730793282464925,0.14545886483035653,0.1686160352798481,0.17614156009254966,,,,,,,SRB00001
2022-11-21,1908.85,0.03,2.83,0.13883456642975017,0.1466573002397051,0.1380181849934412,0.19495187985290874,0.19151424691236682,0.17223996513614565,0.1573898816500259,0.17887126372109985,0.18571844734357246,,,,,,,SRB00001
2022-11-22,1939.89,11.86,4.51,0.15086499788833638,0.15766722928028223,0.14990366076757206,0.20484747389217497,0.2046020401769404,0.18717199744764207,0.16932089846969528,0.1891264921623516,0.19529533459459522,,,,,,,SRB00001
2022-11-23,2083.49,7.1,5.55,0.16289542934692255,0.16867715832085933,0.16178913654170288,0.21474306793144124,0.21768983344151394,0.20210402975913846,0.18125191528936466,0.1993817206036034,0.20487222184561799,,,,,,,SRB00001
2022-11-24,2370.37,0.17,4.5,0.17492586080550876,0.17968708736143646,0.17367461231583373,0.22463866197070748,0.23077762670608748,0.21703606207063486,0.19318293210903403,0.20963694904485516,0.21444910909664075,,,,,,,SRB00001
2022-11-25,2599.16,0.03,4.7,0.18695629226409494,0.19069701640201359,0.18556008808996455,0.23453425600997374,0.24386541997066105,0.23196809438213126,0.20511394892870338,0.21989217748610695,0.22402599634766351,,,,,,,SRB00001
2022-11-26,2684.34,0.07,3.58,0.19845889944445086,0.20014659217532402,0.19468677540911622,0.2422791094125626,0.24841309430256836,0.23609651868782539,0.21560758054595744,0.22864800189628642,0.23186737861866666,,,,,,,SRB00001
2022-11-27,2702.96,0.09,3.84,0.20996150662480678,0.20959616794863448,0.2038134627282679,0.25002396281515143,0.2529607686344757,0.2402249429935195,0.2261012121632115,0.23740382630646592,0.2397087608896698,,,,,,,SRB00001
2022-11-28,2715.44,0.01,3.28,0.22146411380516268,0.2190457437219449,0.21294015004741954,0.2577688162177403,0.257508442966383,0.24435336729921364,0.23659484378046555,0.2461596507166454,0.24755014316067298,,,,,,,SRB00001
2022-11-29,2740.57,0.07,2.32,0.2329667209855186,0.22849531949525537,0.2220668373665712,0.26551366962032913,0.2620561172982903,0.24848179160490777,0.2470884753977196,0.2549154751268249,0.2553915254316761,,,,,,,SRB00001
2022-11-30,2740.57,1.2,3.14,0.24446932816587452,0.2379448952685658,0.23119352468572288,0.273258523022918,0.2666037916301976,0.2526102159106019,0.25758210701497364,0.26367129953700436,0.26323290770267926,,,,,,,SRB00001
2022-12-01,2690.54,0.22,3.67,0.2559719353462304,0.24739447104187623,0.24032021200487455,0.2810033764255069,0.27115146596210493,0.256738640216296,0.2680757386322277,0.2724271239471838,0.27107428997368244,,,,,,,SRB00001
2022-12-02,2581.26,2.06,2.15,0.26747454252658637,0.2568440468151867,0.24944689932402622,0.2887482298280957,0.2756991402940122,0.26086706452199016,0.2785693702494818,0.2811829483573633,0.27891567224468555,,,,,,,SRB00001
2022-12-03,2448.06,0.03,3.1,0.27897714970694226,0.2662936225884971,0.25857358664317787,0.2964930832306846,0.28024681462591955,0.26499548882768426,0.28906300186673584,0.28993877276754276,0.2867570545156887,,,,,,,SRB00001
2022-12-04,2305.75,1.18,4.28,0.2904797568872982,0.27574319836180755,0.26770027396232954,0.3042379366332734,0.28479448895782683,0.2691239131333784,0.29955663348398986,0.2986945971777223,0.29459843678669184,,,,,,,SRB00001
2022-12-05,2186.76,0.21,4.47,0.3019823640676541,0.285192774135118,0.2768269612814812,0.31198279003586227,0.28934216328973417,0.2732523374390725,0.31005026510124395,0.30745042158790176,0.302439819057695,,,,,,,SRB00001
2022-12-06,2102.78,4.27,4.5,0.26860252103450355,0.2556063914430639,0.24709883882012829,0.2856616268577053,0.2627203303717208,0.24539056286963423,0.27792436290396616,0.2789248650095123,0.2756538569072725,,,,,,,SRB00001
2022-12-07,2036.04,0.41,2.88,0.23522267800135296,0.22602000875100978,0.21737071635877536,0.2593404636795483,0.23609849745370748,0.21752878830019595,0.24579846070668832,0.2503993084311229,0.24886789475684995,,,,,,,SRB00001
2022-12-08,1989.67,1.26,2.11,0.20184283496820238,0.19643362605895565,0.18764259389742244,0.23301930050139139,0.20947666453569413,0.18966701373075767,0.21367255850941053,0.22187375185273345,0.22208193260642742,,,,,,,SRB00001
2022-12-09,1962.36,3.45,7.36,0.16846299193505182,0.16684724336690154,0.15791447143606951,0.20669813732323444,0.1828548316176808,0.1618052391613194,0.1815466563121327,0.19334819527434402,0.19529597045600489,,,,,,,SRB00001
2022-12-10,1953.34,28.99,5.91,0.13508314890190126,0.1372608606748474,0.12818634897471662,0.18037697414507747,0.15623299869966745,0.13394346459188114,0.1494207541148549,0.1648226386959546,0.16851000830558235,,,,,,,SRB00001
2022-12-11,1998.86,8.19,0.83,0.10170330586875068,0.10767447798279328,0.0984582265133637,0.1540558109669205,0.1296111657816541,0.10608169002244286,0.11729485191757709,0.13629708211756514,0.14172404615515982,,,,,,,SRB00001
2022-12-12,2112.49,0.12,-2.35,0.0683234628356001,0.07808809529073917,0.06873010405201077,0.12773464778876356,0.10298933286364076,0.07821991545300458,0.08516894972029929,0.10777152553917571,0.11493808400473729,,,,,,,SRB00001
2022-12-13,2237.72,0.0,-3.45,0.034943619802449546,0.04850171259868505,0.03900198159065785,0.10141348461060659,0.0763674999456274,0.0503581408835663,0.05304304752302145,0.0792459689607863,0.08815212185431476,,,,,,,SRB00001
2022-12-14,2295.15,0.04,-0.76,0.14584836791082878,0.14855704883115647,0.1376736603944543,0.1906789340730285,0.15869195886507576,0.13053049533383754,0.15028839499313648,0.16819922584061126,0.17356683347088606,,,,,,,SRB00001
2022-12-15,2263.64,1.15,1.88,0.25675311601920797,0.2486123850636279,0.23634533919825076,0.27994438353545037,0.24101641778452415,0.21070284978410875,0.24753374246325152,0.25715248272043617,0.25898154508745735,,,,,,,SRB00001
2022-12-16,2176.71,3.75,6.68,0.3676578641275872,0.34866772129609935,0.3350170180020472,0.3692098329978723,0.3233408767039725,0.29087520423437996,0.3447790899333666,0.34610573960026114,0.3443962567040286,,,,,,,SRB00001
2022-12-17,2078.7,8.86,-0.05,0.4785626122359664,0.4487230575285708,0.43368869680584365,0.45847528246029423,0.4056653356234209,0.3710475586846512,0.44202443740348163,0.43505899648008606,0.42981096832059995,,,,,,,SRB00001
2022-12-18,1980.53,0.0,-3.09,0.5894673603443457,0.5487783937610422,0.5323603756096401,0.5477407319227161,0.4879897945428693,0.4512199131349224,0.5392697848735967,0.524012253359911,0.5152256799371713,,,,,,,SRB00001
2022-12-19,1891.34,0.0,-2.26,0.3981274177543429,0.3769574239543929,0.3621855160405151,0.3959156038170158,0.3551080837986996,0.31615126477506145,0.3735130338253916,0.3735512587903907,0.3739749102872479,,,,,,,SRB00001
2022-12-20,1818.7,0.01,-1.38,0.2067874751643401,0.2051364541477436,0.19201065647139,0.2440904757113155,0.22222637305453,0.1810826164152005,0.2077562827771865,0.2230902642208704,0.2327241406373245,12.3,0.116,1.70880638,488.0,0.6,,SRB00001
2022-12-21,1765.04,0.17,1.08,0.15245890687013916,0.15528994136417718,0.1425312148035296,0.19383566653265408,0.17339537720953987,0.13597815967667612,0.1581594044245536,0.17563003792967577,0.18511185564974536,,,,,,,SRB00001
2022-12-22,1728.82,1.96,2.08,0.09813033857593821,0.10544342858061075,0.09305177313566919,0.14358085735399265,0.12456438136454974,0.09087370293815175,0.10856252607192067,0.12816981163848112,0.13749957066216623,,,,,,,SRB00001
2022-12-23,1689.44,0.54,5.08,0.04380177028173725,0.0555969157970443,0.0435723314678088,0.0933260481753312,0.0757333855195596,0.0457692461996274,0.05896564771928775,0.0807095853472865,0.08988728567458709,,,,,,,SRB00001
2022-12-24,1643.37,1.3,7.39,0.051694229101952226,0.06472057873816112,0.05629076909992122,0.11027946231870181,0.10219582210459507,0.07324273133291595,0.0750732406899909,0.09722741910979055,0.10592157837324737,,,,,,,SRB00001
2022-12-25,1598.56,0.01,6.0,0.0595866879221672,0.07384424167927794,0.06900920673203365,0.12723287646207243,0.12865825868963054,0.1007162164662045,0.09118083366069404,0.1137452528722946,0.12195587107190764,,,,,,,SRB00001
2022-12-26,1576.61,0.02,10.0,0.0517313999403382,0.06920118813978401,0.0649250455439855,0.11810216947564389,0.11448993109028181,0.0863061186115897,0.08398307892694326,0.10328877345558203,0.11103373495276289,,,,,,,SRB00001
2022-12-27,1712.96,1.97,7.15,0.0438761119585092,0.06455813460029008,0.06084088435593735,0.10897146248921534,0.10032160349093308,0.0718960207569749,0.07678532419319248,0.09283229403886947,0.10011159883361814,,,,,,,SRB00001
2022-12-28,2569.4,0.0,2.54,0.0360208239766802,0.05991508106079615,0.0567567231678892,0.0998407555027868,0.08615327589158435,0.0574859229023601,0.0695875694594417,0.0823758146221569,0.0891894627144734,,,,,,,SRB00001
2022-12-29,3506.52,0.06,5.03,0.040967481375763004,0.06654717291020207,0.06361590604593717,0.11320285369075224,0.09822960240892367,0.06475960752628217,0.07042864703115419,0.08311731731541645,0.09010721532388688,,,,,,,SRB00001
2022-12-30,3740.11,0.48,7.6,0.0459141387748458,0.07317926475960798,0.07047508892398513,0.12656495187871766,0.11030592892626298,0.07203329215020424,0.07126972460286668,0.08385882000867602,0.09102496793330037,,,,,,,SRB00001
2022-12-31,3783.43,0.0,8.68,0.0508607961739286,0.0798113566090139,0.0773342718020331,0.1399270500666831,0.1223822554436023,0.0793069767741263,0.07211080217457917,0.08460032270193557,0.09194272054271385,,,,,,,SRB00001
2023-01-01,3654.95,0.01,9.61,0.04892697902216628,0.07601201496523899,0.0735012745609435,0.13051110327068233,0.1148360561243752,0.07436601356601726,0.07295187974629168,0.08534182539519514,0.09286047315212734,,,,,,,SRB00001
2023-01-02,3418.79,0.0,9.36,0.04699316187040395,0.07221267332146407,0.0696682773198539,0.12109515647468153,0.1072898568051481,0.0694250503579082,0.07379295731800417,0.08608332808845469,0.09377822576154082,,,,,,,SRB00001
2023-01-03,3154.01,0.09,7.21,0.04505934471864163,0.06841333167768915,0.0658352800787643,0.11167920967868074,0.09974365748592101,0.06448408714979915,0.07463403488971666,0.08682483078171425,0.09469597837095431,,,,,,,SRB00001
2023-01-04,2916.43,0.06,5.9,0.043125527566879304,0.06461399003391424,0.0620022828376747,0.10226326288267995,0.0921974581666939,0.0595431239416901,0.07547511246142916,0.0875663334749738,0.0956137309803678,,,,,,,SRB00001
2023-01-05,2721.7,0.18,6.44,0.0406805815486339,0.06258014930060583,0.0605490550970001,0.12067235583009016,0.108890807289446,0.07239208074689746,0.08584371748199357,0.09735574933281671,0.10467841914971583,,,,,,,SRB00001
2023-01-06,2575.32,0.03,6.99,0.0382356355303885,0.06054630856729742,0.0590958273563255,0.13908144877750037,0.1255841564121981,0.08524103755210483,0.09621232250255798,0.1071451651906596,0.11374310731906385,,,,,,,SRB00001
2023-01-07,2470.72,0.03,4.27,0.0357906895121431,0.058512467833989,0.0576425996156509,0.1574905417249106,0.1422775055349502,0.0980899943573122,0.1065809275231224,0.1169345810485025,0.12280779548841189,,,,,,,SRB00001
2023-01-08,2403.36,0.02,7.37,0.052597792117424685,0.07312192994206317,0.07176900302951097,0.16407097816724286,0.14269631614509692,0.101147936406594,0.11694953254368681,0.1267239969063454,0.13187248365775991,,,,,,,SRB00001
2023-01-09,2381.32,14.88,7.66,0.06940489472270628,0.08773139205013732,0.08589540644337104,0.17065141460957514,0.14311512675524368,0.10420587845587582,0.12731813756425123,0.1365134127641883,0.14093717182710797,,,,,,,SRB00001
2023-01-10,2408.91,8.26,4.82,0.08621199732798786,0.10234085415821148,0.10002180985723111,0.17723185105190742,0.1435339373653904,0.10726382050515763,0.13768674258481564,0.1463028286220312,0.150001859996456,,,,,,,SRB00001
2023-01-11,2487.86,0.46,3.48,0.10301909993326944,0.11695031626628563,0.11414821327109118,0.18381228749423967,0.14395274797553717,0.11032176255443946,0.14805534760538006,0.1560922444798741,0.159066548165804,11.3,0.11,2.11738492,469.0,2.0,0.0031,SRB00001
2023-01-12,2569.4,0.57,2.25,0.11982620253855103,0.1315597783743598,0.12827461668495124,0.19039272393657194,0.1443715585856839,0.11337970460372127,0.15842395262594447,0.165881660337717,0.16813123633515203,,,,,,,SRB00001
2023-01-13,2611.16,0.17,2.87,0.13663330514383262,0.14616924048243396,0.14240102009881134,0.19697316037890422,0.14479036919583066,0.11643764665300309,0.16879255764650888,0.17567107619555988,0.17719592450450009,,,,,,,SRB00001
2023-01-14,2617.18,1.37,4.89,0.1534404077491142,0.1607787025905081,0.1565274235126714,0.2035535968212365,0.1452091798059774,0.1194955887022849,0.1791611626670733,0.1854604920534028,0.1862606126738481,,,,,,,SRB00001
2023-01-15,2629.27,1.09,3.51,0.13674020000792098,0.1465983543812364,0.1422894316248845,0.19566294821484134,0.1549099816776719,0.13163206109458678,0.1641492011040706,0.17549776627533709,0.17827287278139659,,,,,,,SRB00001
2023-01-16,2611.16,2.11,5.78,0.12003999226672776,0.13241800617196467,0.1280514397370976,0.18777229960844616,0.1646107835493664,0.14376853348688867,0.1491372395410679,0.16553504049727139,0.17028513288894503,,,,,,,SRB00001
2023-01-17,2551.7,8.63,7.32,0.10333978452553455,0.11823765796269295,0.1138134478493107,0.179881651002051,0.1743115854210609,0.15590500587919054,0.1341252779780652,0.15557231471920568,0.1622973929964935,,,,,,,SRB00001
2023-01-18,2505.11,7.99,8.22,0.12102821959186873,0.13391865375498055,0.12894298956273578,0.1926885588536427,0.17380788323129737,0.1562018401266464,0.14920232934207583,0.169205113473476,0.17524116299078502,,,,,,,SRB00001
2023-01-19,2569.4,6.15,3.03,0.1387166546582029,0.14959964954726812,0.14407253127616088,0.20549546670523441,0.17330418104153383,0.15649867437410228,0.1642793807060865,0.1828379122277463,0.18818493298507652,,,,,,,SRB00001
2023-01-20,2690.54,4.04,-0.56,0.1564050897245371,0.16528064533955572,0.15920207298958597,0.2183023745568261,0.1728004788517703,0.15679550862155814,0.17935643207009713,0.1964707109820166,0.20112870297936802,,,,,,,SRB00001
2023-01-21,2759.58,3.75,-0.69,0.17409352479087126,0.18096164113184332,0.17433161470301106,0.23110928240841783,0.17229677666200677,0.157092342869014,0.1944334834341078,0.21010350973628691,0.2140724729736595,,,,,,,SRB00001
2023-01-22,2727.98,3.4,1.36,0.19178195985720545,0.1966426369241309,0.18946115641643616,0.24391619026000952,0.17179307447224323,0.15738917711646985,0.20951053479811843,0.22373630849055723,0.227016242967951,,,,,,,SRB00001
2023-01-23,2641.41,9.22,3.57,0.20947039492353964,0.2123236327164185,0.20459069812986125,0.2567230981116012,0.1712893722824797,0.15768601136392574,0.2245875861621291,0.23736910724482752,0.2399600129622425,,,,,,,SRB00001
2023-01-24,2534.13,0.93,3.1,0.2271588299898738,0.22800462850870606,0.21972023984328634,0.26953000596319293,0.17078567009271617,0.1579828456113816,0.23966463752613973,0.25100190599909783,0.25290378295653404,,,,,,,SRB00001
2023-01-25,2431.2,0.08,1.53,0.244847265056208,0.24368562430099366,0.23484978155671143,0.28233691381478465,0.17028196790295264,0.15827967985883745,0.25474168889015036,0.26463470475336814,0.2658475529508255,,,,,,,SRB00001
2023-01-26,2332.46,0.49,-0.05,0.2625357001225422,0.25936662009328126,0.24997932327013653,0.2951438216663763,0.16977826571318907,0.15857651410629334,0.269818740254161,0.27826750350763846,0.278791322945117,,,,,,,SRB00001
2023-01-27,2253.24,1.87,-0.77,0.28022413518887634,0.27504761588556886,0.2651088649835616,0.30795072951796804,0.16927456352342554,0.1588733483537492,0.2848957916181717,0.2919003022619088,0.2917350929394085,,,,,,,SRB00001
2023-01-28,2156.74,0.46,-0.18,0.2979125702552105,0.2907286116778564,0.2802384066969867,0.32075763736955976,0.168770861333662,0.15917018260120505,0.2999728429821823,0.3055331010161791,0.3046788629337,,,,,,,SRB00001
2023-01-29,2054.89,0.04,-1.2,0.3156010053215447,0.306409607470144,0.2953679484104118,0.3335645452211515,0.16826715914389848,0.15946701684866094,0.31504989434619296,0.3191658997704494,0.31762263292799153,,,,,,,SRB00001
2023-01-30,1966.89,0.36,-0.8,0.3332894403878789,0.3220906032624316,0.3104974901238369,0.34637145307274314,0.16776345695413494,0.1597638510961168,0.3301269457102036,0.33279869852471966,0.330566402922283,,,,,,,SRB00001
2023-01-31,1895.71,0.18,2.08,0.35097787545421305,0.3377715990547192,0.325627031837262,0.35917836092433486,0.1672597547643714,0.16006068534357265,0.3452039970742143,0.34643149727899,0.34351017291657454,,,,,,,SRB00001
2023-02-01,1827.1,0.26,2.94,0.36866631052054727,0.3534525948470068,0.34075657355068706,0.3719852687759266,0.16675605257460788,0.1603575195910285,0.3602810484382249,0.3600642960332603,0.356453942910866,12.2,0.098,2.37923636,493.0,1.7,0.0024,SRB00001
2023-02-02,1756.92,0.69,3.27,0.38635474558688143,0.3691335906392944,0.3558861152641122,0.3847921766275183,0.16625235038484434,0.1606543538384844,0.37535809980223556,0.3736970947875306,0.36939771290515755,,,,,,,SRB00001
2023-02-03,1693.34,3.0,2.78,0.4040431806532156,0.384814586431582,0.37101565697753724,0.39759908447910997,0.1657486481950808,0.16095118808594025,0.39043515116624616,0.3873298935418009,0.382341482899449,,,,,,,SRB00001
2023-02-04,1654.77,0.4,2.1,0.3026406783072646,0.2938907587773601,0.2811589348169639,0.3185838127633234,0.1573312982638033,0.14200699280677176,0.2989691395905621,0.3037389191908661,0.30265619296408375,,,,,,,SRB00001
2023-02-05,1709.02,0.19,-1.67,0.2012381759613136,0.20296693112313818,0.1913022126563906,0.23956854104753686,0.1489139483325258,0.12306279752760324,0.20750312801487802,0.22014794483993125,0.2229709030287185,,,,,,,SRB00001
2023-02-06,2242.88,1.82,-3.38,0.09983567361536261,0.1120431034689163,0.1014454904958173,0.1605532693317503,0.14049659840124828,0.10411860224843475,0.11603711643919395,0.1365569704889964,0.14328561309335325,,,,,,,SRB00001
2023-02-07,3190.54,19.27,-6.98,0.0800057783181283,0.09878392416309723,0.0915405245004351,0.14695985908762452,0.13210733222112844,0.0953314876018961,0.11318310872357248,0.13231957240407943,0.14015734538095886,,,,,,,SRB00001
2023-02-08,3490.4,0.02,-5.53,0.060175883020894,0.08552474485727815,0.0816355585050529,0.13336644884349874,0.1237180660410086,0.08654437295535744,0.110329101007951,0.1280821743191625,0.1370290776685645,,,,,,,SRB00001
2023-02-09,3426.68,0.0,-5.44,0.06615693267270849,0.08781820446083419,0.08118382390698152,0.12991818673853175,0.12185555213713979,0.08564904421905922,0.10420349704466826,0.12006920964331863,0.12905606151488536,,,,,,,SRB00001
2023-02-10,3272.41,0.0,-3.97,0.07213798232452297,0.09011166406439022,0.08073208930891013,0.12646992463356474,0.11999303823327097,0.084753715482761,0.09807789308138554,0.11205624496747477,0.1210830453612062,,,,,,,SRB00001
2023-02-11,3082.19,0.0,-2.61,0.07811903197633745,0.09240512366794626,0.08028035471083875,0.12302166252859775,0.11813052432940216,0.08385838674646279,0.0919522891181028,0.1040432802916309,0.11311002920752705,,,,,,,SRB00001
2023-02-12,2856.59,0.03,1.37,0.06061483152389122,0.0782928589385381,0.06905393158601157,0.11544777470561708,0.11225808022175443,0.07782881832108164,0.08273961605405288,0.09667183616466143,0.10587512044097015,,,,,,,SRB00001
2023-02-13,2617.18,0.02,1.53,0.043110631071445,0.06418059420912994,0.057827508461184396,0.10787388688263641,0.1063856361141067,0.0717992498957005,0.07352694299000295,0.08930039203769195,0.09864021167441325,,,,,,,SRB00001
2023-02-14,2392.32,0.01,2.39,0.043559038140416034,0.06455360554710446,0.05734648019977575,0.10705632511757278,0.10379314581210237,0.0696938469249219,0.07220646010366369,0.0882768452228275,0.09702603117442465,,,,,,,SRB00001
2023-02-15,2191.81,0.04,2.39,0.04400744520938707,0.06492661688507897,0.0568654519383671,0.10623876335250913,0.10120065551009803,0.06758844395414333,0.07088597721732441,0.08725329840796305,0.09541185067443606,,,,,,,SRB00001
2023-02-16,2026.68,0.0,3.09,0.044455852278358104,0.06529962822305349,0.05638442367695845,0.1054212015874455,0.0986081652080937,0.06548304098336474,0.06956549433098515,0.08622975159309859,0.09379767017444746,,,,,,,SRB00001
2023-02-17,1900.08,0.03,6.25,0.0424962718137907,0.0659578693260779,0.0604729389671208,0.1129979474669796,0.1051131698717769,0.0675121309000822,0.06839597858664759,0.08560425613084015,0.09361263133836667,,,,,,,SRB00001
2023-02-18,1810.34,0.01,8.81,0.041202413954668775,0.06346294943707358,0.05739961644575076,0.1102056857264346,0.10499881321643638,0.06851495739276771,0.06722646284231003,0.08497876066858172,0.0934275925022859,,,,,,,SRB00001
2023-02-19,1740.81,0.42,8.55,0.039908556095546846,0.06096802954806925,0.05432629392438072,0.10741342398588963,0.10488445656109588,0.06951778388545321,0.06605694709797247,0.08435326520632327,0.09324255366620511,,,,,,,SRB00001
2023-02-20,1681.67,0.0,7.36,0.038614698236424924,0.05847310965906492,0.05125297140301069,0.10462116224534464,0.10477009990575537,0.0705206103781387,0.06488743135363491,0.08372776974406484,0.09305751483012434,,,,,,,SRB00001
2023-02-21,1639.59,0.0,9.49,0.037320840377303,0.055978189770060596,0.048179648881640655,0.10182890050479965,0.10465574325041485,0.0715234368708242,0.06371791560929735,0.0831022742818064,0.09287247599404355,,,,,,,SRB00001
2023-02-22,1658.59,0.01,8.75,0.30163161592732085,0.29184032994456965,0.2784941396823153,0.31977657556572325,0.30210887145041454,0.27156194964476627,0.30363280018019223,0.30641001026186526,0.3069756768701477,,,,,,,SRB00001
2023-02-23,2054.89,0.01,8.45,0.5659423914773387,0.5277024701190787,0.50880863048299,0.5377242506266469,0.4995619996504143,0.4716004624187083,0.5435476847510872,0.5297177462419241,0.521078877746252,,,,,,,SRB00001
2023-02-24,2836.92,0.26,9.75,0.0495860797223224,0.0834535632862986,0.0831222484283442,0.1416929756761446,0.1224375853687066,0.0816286199903908,0.5168168162417858,0.5049993157025037,0.49731634338608416,,,,,,,SRB00001
2023-02-25,3168.57,14.84,7.1,0.04872448515310113,0.08206631720887698,0.08147853400097459,0.14129956829357743,0.12163082353239467,0.08123789002194917,0.49008594773248426,0.48028088516308326,0.4735538090259164,,,,,,,SRB00001
2023-02-26,3190.54,9.8,2.22,0.04786289058387985,0.08067907113145537,0.07983481957360497,0.14090616091101027,0.12082406169608274,0.08084716005350756,0.46335507922318286,0.45556245462366285,0.4497912746657486,,,,,,,SRB00001
2023-02-27,3175.87,1.87,1.72,0.04700129601465858,0.07929182505403375,0.07819110514623534,0.14051275352844309,0.12001729985977082,0.08045643008506594,0.4366242107138814,0.4308440240842424,0.4260287403055808,,,,,,,SRB00001
2023-02-28,3175.87,1.86,1.06,0.0461397014454373,0.07790457897661213,0.07654739071886572,0.1401193461458759,0.11921053802345889,0.08006570011662432,0.40989334220457996,0.4061255935448219,0.40226620594541296,,,,,,,SRB00001
2023-03-01,3242.4,0.21,4.67,0.04527810687621603,0.07651733289919051,0.07490367629149611,0.13972593876330874,0.11840377618714697,0.0796749701481827,0.38316247369527856,0.3814071630054015,0.37850367158524517,11.6,0.096,1.96840048,414.0,1.2,0.0061,SRB00001
2023-03-02,3310.31,3.37,3.8,0.044416512306994754,0.07513008682176889,0.07325996186412649,0.13933253138074156,0.11759701435083504,0.07928424017974109,0.3564316051859771,0.3566887324659811,0.3547411372250774,,,,,,,SRB00001
2023-03-03,3212.66,0.2,5.21,0.04355491773777348,0.07374284074434727,0.07161624743675687,0.13893912399817437,0.11679025251452312,0.07889351021129946,0.32970073667667565,0.33197030192656063,0.3309786028649096,,,,,,,SRB00001
2023-03-04,2991.27,0.0,4.57,0.042693323168552205,0.07235559466692565,0.06997253300938724,0.13854571661560722,0.1159834906782112,0.07850278024285784,0.3029698681673742,0.30725187138714016,0.3072160685047418,,,,,,,SRB00001
2023-03-05,2740.57,0.0,3.39,0.041831728599330924,0.07096834858950403,0.06832881858201763,0.13815230923304003,0.11517672884189928,0.07811205027441623,0.27623899965807275,0.28253344084771975,0.283453534144574,,,,,,,SRB00001
2023-03-06,2510.89,2.77,4.93,0.04097013403010965,0.06958110251208241,0.06668510415464801,0.13775890185047285,0.11436996700558735,0.0777213203059746,0.24950813114877135,0.25781501030829934,0.25969099978440624,,,,,,,SRB00001
2023-03-07,2316.39,2.79,5.98,0.040108539460888375,0.06819385643466079,0.0650413897272784,0.13736549446790566,0.11356320516927543,0.07733059033753299,0.2227772626394699,0.23309657976887888,0.23592846542423843,,,,,,,SRB00001
2023-03-08,2146.83,0.36,9.2,0.0392469448916671,0.06680661035723917,0.06339767529990878,0.1369720870853385,0.1127564433329635,0.07693986036909137,0.19604639413016844,0.20837814922945844,0.21216593106407064,,,,,,,SRB00001
2023-03-09,2017.37,0.78,11.48,0.038385350322445826,0.06541936427981755,0.061753960872539156,0.13657867970277132,0.11194968149665158,0.07654913040064976,0.16931552562086702,0.183659718690038,0.18840339670390283,,,,,,,SRB00001
2023-03-10,1913.26,2.27,9.84,0.03752375575322455,0.06403211820239593,0.06011024644516954,0.13618527232020414,0.11114291966033965,0.07615840043220813,0.1425846571115656,0.15894128815061756,0.16464086234373504,,,,,,,SRB00001
2023-03-11,1827.1,2.95,6.16,0.03666216118400328,0.06264487212497431,0.058466532017799916,0.13579186493763698,0.11033615782402773,0.07576767046376652,0.11585378860226414,0.13422285761119712,0.14087832798356725,,,,,,,SRB00001
2023-03-12,1760.98,0.0,2.92,0.035800566614782,0.0612576260475527,0.0568228175904303,0.1353984575550698,0.1095293959877158,0.0753769404953249,0.0891229200929627,0.10950442707177668,0.11711579362339947,,,,,,,SRB00001
2023-03-13,1736.8,0.0,7.11,0.042913639335233594,0.0545446288628026,0.045769908605988396,0.10430617610327736,0.0915770033748906,0.0637135844642768,0.062392051583661304,0.08478599653235624,0.09335325926323165,,,,,,,SRB00001
2023-03-14,1793.73,0.42,11.99,0.041557925027869216,0.05517783055037144,0.04600310845985798,0.10736665575914597,0.09352852890926137,0.06449113976092868,0.0638277683056367,0.08777180697197914,0.09659195703693252,,,,,,,SRB00001
2023-03-15,1971.42,2.48,6.4,0.04020221072050484,0.05581103223794028,0.04623630831372756,0.1104271354150146,0.09548005444363215,0.06526869505758058,0.0652634850276121,0.09075761741160204,0.09983065481063337,,,,,,,SRB00001
2023-03-16,2196.86,0.01,3.55,0.03884649641314046,0.05644423392550912,0.04646950816759714,0.11348761507088322,0.09743157997800295,0.06604625035423246,0.0666992017495875,0.09374342785122494,0.10306935258433424,,,,,,,SRB00001
2023-03-17,2337.84,0.0,3.59,0.03749078210577608,0.05707743561307796,0.04670270802146672,0.11654809472675184,0.09938310551237373,0.06682380565088436,0.0681349184715629,0.09672923829084784,0.10630805035803509,,,,,,,SRB00001
2023-03-18,2442.43,0.0,5.94,0.036135067798411705,0.0577106373006468,0.0469359078753363,0.11960857438262046,0.1013346310467445,0.06760136094753624,0.0695706351935383,0.09971504873047074,0.10954674813173595,,,,,,,SRB00001
2023-03-19,2653.61,0.0,8.72,0.15352249679909902,0.15426646774576905,0.13790159855424888,0.19657684165567757,0.1202139121551883,0.09291613239889202,0.1591245658532029,0.17959398421623407,0.1875227867748146,,,,,,,SRB00001
2023-03-20,2856.59,0.32,9.59,0.2709099257997863,0.2508222981908913,0.2288672892331615,0.2735451089287347,0.1390931932636321,0.1182309038502478,0.2486784965128675,0.2594729197019974,0.2654988254178932,,,,,,,SRB00001
2023-03-21,2850.02,0.04,10.84,0.0409389599835408,0.0642882403216404,0.058141516476357,0.1928636355141789,0.1786120460000686,0.1152345151390459,0.18947591332198457,0.20827934879420412,0.21703651380546576,,,,,,,SRB00001
2023-03-22,2690.54,0.0,11.16,0.03847111024786385,0.05936398136125058,0.0508046295636114,0.16043069604569996,0.14228429478784327,0.09284159214090457,0.13027333013110165,0.15708577788641087,0.16857420219303831,,,,,,,SRB00001
2023-03-23,2516.68,0.0,12.42,0.0360032605121869,0.05443972240086075,0.043467742650865795,0.127997756577221,0.10595654357561796,0.07044866914276324,0.0710707469402187,0.10589220697861759,0.12011189058061089,,,,,,,SRB00001
2023-03-24,2397.83,0.0,13.77,0.06604277226019115,0.08248420925884244,0.07037515414398743,0.15502284023862256,0.12159996480040085,0.08773334443386699,0.09816409186592592,0.13256014053134424,0.14595011214959627,,,,,,,SRB00001
2023-03-25,2337.84,2.64,11.85,0.0960822840081954,0.11052869611682412,0.09728256563710905,0.1820479239000241,0.13724338602518374,0.10501801972497074,0.12525743679163315,0.15922807408407086,0.17178833371858163,,,,,,,SRB00001
2023-03-26,2311.07,2.24,10.88,0.12612179575619967,0.1385731829748058,0.12418997713023067,0.20907300756142566,0.15288680724996664,0.12230269501607449,0.1523507817173404,0.1858960076367975,0.197626555287567,,,,,,,SRB00001
2023-03-27,2316.39,10.26,7.42,0.15616130750420393,0.1666176698327875,0.1510973886233523,0.2360980912228272,0.16853022847474952,0.13958737030717824,0.17944412664304762,0.21256394118952415,0.22346477685655236,,,,,,,SRB00001
2023-03-28,2516.68,0.12,3.07,0.18620081925220816,0.1946621566907692,0.1780048001164739,0.26312317488422876,0.18417364969953243,0.156872045598282,0.20653747156875485,0.2392318747422508,0.24930299842553774,,,,,,,SRB00001
2023-03-29,2991.27,0.11,4.05,0.25141708560060977,0.25166605132262687,0.23399386205741596,0.3122308794402785,0.22447653335309353,0.1930975259020759,0.2633491472333724,0.29065240551872384,0.29899391124212593,,,,,,,SRB00001
2023-03-30,3302.7,0.55,10.64,0.31663335194901143,0.30866994595448455,0.289982923998358,0.3613385839963283,0.26477941700665464,0.2293230062058698,0.32016082289798997,0.34207293629519686,0.3486848240587141,,,,,,,SRB00001
2023-03-31,3379.65,1.47,12.87,0.38184961829741304,0.3656738405863422,0.3459719859393,0.410446288552378,0.3050823006602157,0.2655484865096637,0.3769724985626075,0.3934934670716699,0.39837573687530226,,,,,,,SRB00001
2023-04-01,3340.95,8.68,10.57,0.44706588464581465,0.4226777352181999,0.40196104788024206,0.4595539931084278,0.3453851843137768,0.3017739668134576,0.43378417422722504,0.4449139978481429,0.4480666496918904,,,,,,,SRB00001
2023-04-02,3220.07,1.26,10.67,0.5122821509942163,0.4796816298500576,0.4579501098211841,0.5086616976644776,0.3856880679673379,0.3379994471172515,0.4905958498918426,0.4963345286246159,0.4977575625084786,,,,,,,SRB00001
2023-04-03,3089.3,0.52,7.37,0.4648731812251309,0.4378286482815661,0.4165323054045283,0.47302676177182384,0.3568173559028351,0.3103488521789072,0.448947132778974,0.45921064610245366,0.4621359949702976,,,,,,,SRB00001
2023-04-04,3082.19,0.28,3.28,0.4174642114560455,0.39597566671307466,0.37511450098787247,0.43739182587917014,0.3279466438383323,0.2826982572405628,0.4072984156661055,0.42208676358029146,0.42651442743211665,,,,,,,SRB00001
2023-04-05,3205.27,0.01,3.63,0.37005524168696013,0.35412268514458317,0.3336966965712167,0.4017568899865164,0.2990759317738295,0.2550476623022185,0.36564969855323687,0.3849628810581292,0.39089285989393563,11.9,0.115,1.7494385,433.0,3.4,0.025,SRB00001
2023-04-06,3333.26,0.16,3.92,0.32264627191787476,0.31226970357609174,0.2922788921545609,0.36612195409386267,0.2702052197093267,0.22739706736387413,0.3240009814403683,0.347838998535967,0.35527129235575466,,,,,,,SRB00001
2023-04-07,3348.66,0.96,4.54,0.27523730214878933,0.27041672200760025,0.25086108773790505,0.33048701820120896,0.2413345076448239,0.1997464724255298,0.28235226432749977,0.31071511601380475,0.3196497248175737,,,,,,,SRB00001
2023-04-08,3234.94,1.58,4.72,0.22782833237970396,0.22856374043910876,0.20944328332124926,0.2948520823085552,0.21246379558032108,0.17209587748718547,0.2407035472146312,0.2735912334916425,0.2840281572793927,,,,,,,SRB00001
2023-04-09,3060.96,0.34,6.33,0.18041936261061858,0.1867107588706173,0.16802547890459346,0.2592171464159015,0.1835930835158183,0.14444528254884112,0.19905483010176261,0.23646735096948027,0.24840658974121171,,,,,,,SRB00001
2023-04-10,2883.03,0.12,8.62,0.1330103928415332,0.14485777730212585,0.12660767448793764,0.22358221052324778,0.15472237145131548,0.11679468761049677,0.15740611298889406,0.19934346844731804,0.21278502220303075,,,,,,,SRB00001
2023-04-11,2715.44,0.18,10.87,0.08560142307244784,0.10300479573363439,0.08518987007128183,0.18794727463059407,0.12585165938681267,0.08914409267215243,0.1157573958760255,0.1622195859251558,0.17716345466484978,,,,,,,SRB00001
2023-04-12,2581.26,0.0,10.28,0.03819245330336245,0.061151814165142954,0.04377206565462605,0.15231233873794034,0.0969809473223099,0.0614934977338081,0.074108678763157,0.12509570340299359,0.14154188712666885,,,,,,,SRB00001
2023-04-13,2487.86,0.34,12.07,0.045520000202525564,0.0667476534105201,0.04945604148661264,0.15434111873296028,0.09713452117089104,0.06257351563366736,0.0787444414649467,0.12760711251264722,0.14351325086238892,,,,,,,SRB00001
2023-04-14,2436.81,8.9,9.55,0.05284754710168868,0.07234349265589723,0.05514001731859923,0.1563698987279802,0.09728809501947219,0.06365353353352662,0.0833802041667364,0.13011852162230084,0.145484614598109,,,,,,,SRB00001
2023-04-15,2425.61,2.6,9.55,0.060175094000851796,0.07793933190127438,0.060823993150585814,0.15839867872300012,0.09744166886805333,0.06473355143338588,0.08801596686852611,0.13262993073195448,0.14745597833382906,,,,,,,SRB00001
2023-04-16,2581.26,2.99,11.14,0.06750264090001491,0.08353517114665152,0.06650796898257241,0.16042745871802006,0.09759524271663447,0.06581356933324514,0.09265172957031581,0.13514133984160812,0.14942734206954914,,,,,,,SRB00001
2023-04-17,3287.52,4.0,12.24,0.07483018779917802,0.08913101039202866,0.072191944814559,0.16245623871304,0.09774881656521563,0.0668935872331044,0.09728749227210552,0.13765274895126176,0.1513987058052692,,,,,,,SRB00001
2023-04-18,4455.56,5.57,11.97,0.08215773469834114,0.0947268496374058,0.07787592064654558,0.16448501870805993,0.09790239041379677,0.06797360513296366,0.10192325497389523,0.14016415806091537,0.15337006954098925,,,,,,,SRB00001
2023-04-19,5022.43,0.2,11.61,0.08948528159750427,0.10032268888278294,0.08355989647853218,0.16651379870307986,0.0980559642623779,0.06905362303282292,0.10655901767568493,0.142675567170569,0.15534143327670932,,,,,,,SRB00001
2023-04-20,5175.07,0.05,12.21,0.09681282849666738,0.10591852812816008,0.08924387231051877,0.16854257869809977,0.09820953811095905,0.07013364093268218,0.11119478037747464,0.14518697628022265,0.1573127970124294,,,,,,,SRB00001
2023-04-21,5080.6,0.0,12.87,0.10414037539583049,0.11151436737353722,0.09492784814250535,0.1705713586931197,0.0983631119595402,0.07121365883254144,0.11583054307926435,0.14769838538987626,0.15928416074814947,,,,,,,SRB00001
2023-04-22,4851.89,0.0,14.2,0.11146792229499361,0.11711020661891436,0.10061182397449195,0.17260013868813964,0.09851668580812134,0.0722936767324007,0.12046630578105405,0.1502097944995299,0.16125552448386954,,,,,,,SRB00001
2023-04-23,4622.81,0.16,15.19,0.09864896976292117,0.108182126071114,0.09172949701311318,0.17320954925476245,0.09688574159386867,0.06885738593554659,0.11333140511880115,0.14957252282320177,0.16204558232205588,,,,,,,SRB00001
2023-04-24,4394.42,9.66,13.67,0.08583001723084875,0.09925404552331364,0.08284717005173442,0.17381895982138523,0.09525479737961601,0.0654210951386925,0.10619650445654823,0.14893525114687367,0.1628356401602422,,,,,,,SRB00001
2023-04-25,4148.54,4.92,12.22,0.07301106469877632,0.09032596497551328,0.07396484309035567,0.17442837038800804,0.09362385316536334,0.061984804341838395,0.09906160379429532,0.14829797947054554,0.16362569799842852,,,,,,,SRB00001
2023-04-26,3925.45,0.0,9.49,0.060192112166703886,0.08139788442771292,0.0650825161289769,0.17503778095463082,0.09199290895111067,0.0585485135449843,0.0919267031320424,0.14766070779421744,0.16441575583661486,,,,,,,SRB00001
2023-04-27,3844.92,0.0,9.68,0.04737315963463145,0.07246980387991256,0.05620018916759815,0.17564719152125363,0.09036196473685801,0.0551122227481302,0.0847918024697895,0.14702343611788932,0.1652058136748012,,,,,,,SRB00001
2023-04-28,3970.92,0.27,10.98,0.08781414259930648,0.1085218790768205,0.09116819461645993,0.21325056666754535,0.12373003810568592,0.08865341677753333,0.12205630073806464,0.18527445987513763,0.20359478667401618,,,,,,,SRB00001
2023-04-29,4091.61,0.19,14.54,0.12825512556398153,0.14457395427372843,0.12613620006532172,0.2508539418138371,0.15709811147451383,0.12219461080693646,0.15932079900633977,0.22352548363238595,0.24198375967323116,,,,,,,SRB00001
2023-04-30,3998.45,0.05,14.71,0.16869610852865655,0.18062602947063638,0.1611042055141835,0.28845731696012883,0.19046618484334174,0.1557358048363396,0.19658529727461493,0.26177650738963426,0.2803727326724461,,,,,,,SRB00001
2023-05-01,3827.25,0.03,14.78,0.2091370914933316,0.2166781046675443,0.19607221096304528,0.3260606921064205,0.22383425821216965,0.18927699886574273,0.2338497955428901,0.3000275311468825,0.3187617056716611,,,,,,,SRB00001
2023-05-02,3766.04,0.97,16.36,0.24957807445800662,0.25273017986445223,0.23104021641190708,0.3636640672527123,0.2572023315809976,0.22281819289514584,0.27111429381116525,0.33827855490413083,0.35715067867087613,,,,,,,SRB00001
2023-05-03,3818.44,1.5,16.06,0.29001905742268164,0.2887822550613602,0.26600822186076883,0.401267442399004,0.29057040494982544,0.25635938692454896,0.30837879207944036,0.37652957866137915,0.3955396516700911,10.4,0.129,1.53950588,417.0,3.8,0.0162,SRB00001
2023-05-04,3836.07,2.75,15.0,0.3304600403873567,0.32483433025826813,0.30097622730963064,0.4388708175452957,0.3239384783186534,0.2899005809539521,0.3456432903477155,0.41478060241862746,0.43392862466930604,,,,,,,SRB00001
2023-05-05,3818.44,0.01,17.78,0.37090102335203173,0.36088640545517603,0.33594423275849244,0.4764741926915875,0.35730655168748127,0.32344177498335525,0.3829077886159907,0.4530316261758758,0.47231759766852105,,,,,,,SRB00001
2023-05-06,3844.92,0.01,18.1,0.41134200631670675,0.396938480652084,0.3709122382073542,0.5140775678378792,0.39067462505630923,0.3569829690127584,0.4201722868842658,0.4912826499331241,0.5107065706677361,,,,,,,SRB00001
2023-05-07,3844.92,1.66,17.63,0.45178298928138183,0.43299055584899193,0.405880243656216,0.5516809429841709,0.4240426984251371,0.39052416304216153,0.457436785152541,0.5295336736903724,0.549095543666951,,,,,,,SRB00001
2023-05-08,3740.11,3.98,13.26,0.0232366991004142,0.0594977492323402,0.0426400464622192,0.2889124378343173,0.1173133857873341,0.0600424706194307,0.4333319612748943,0.5044751428455405,0.5245944885142074,,,,,,,SRB00001
2023-05-09,3629.78,0.0,11.81,0.02562313069781935,0.06104454222735547,0.044584419597685984,0.2812337852622255,0.11499920698701178,0.05916565754115857,0.40922713739724764,0.47941661200070856,0.5000934333614637,,,,,,,SRB00001
2023-05-10,3629.78,0.03,13.77,0.028009562295224492,0.06259133522237074,0.046528792733152774,0.27355513269013365,0.11268502818668948,0.05828884446288644,0.38512231351960097,0.4543580811558766,0.4755923782087201,,,,,,,SRB00001
2023-05-11,3731.5,11.06,13.26,0.03039599389262964,0.06413812821738601,0.04847316586861956,0.2658764801180418,0.11037084938636715,0.0574120313846143,0.3610174896419543,0.42929955031104466,0.45109132305597643,,,,,,,SRB00001
2023-05-12,3827.25,4.79,13.14,0.03278242549003479,0.06568492121240128,0.05041753900408634,0.25819782754595005,0.10805667058604483,0.05653521830634217,0.3369126657643076,0.40424101946621277,0.42659026790323284,,,,,,,SRB00001
2023-05-13,4167.69,1.47,14.02,0.035168857087439935,0.06723171420741655,0.05236191213955313,0.2505191749738582,0.10574249178572251,0.05565840522807004,0.31280784188666094,0.3791824886213808,0.4020892127504892,,,,,,,SRB00001
2023-05-14,4987.84,14.41,14.19,0.03755528868484508,0.06877850720243182,0.05430628527501991,0.2428405224017664,0.1034283129854002,0.05478159214979791,0.28870301800901427,0.35412395777654887,0.37758815759774556,,,,,,,SRB00001
2023-05-15,5456.58,13.18,15.64,0.03994172028225023,0.0703253001974471,0.056250658410486695,0.23516186982967457,0.10111413418507788,0.05390477907152577,0.26459819413136754,0.3290654269317169,0.3530871024450019,,,,,,,SRB00001
2023-05-16,5381.7,5.73,15.97,0.04232815187965537,0.07187209319246236,0.058195031545953485,0.22748321725758275,0.09879995538475556,0.05302796599325364,0.2404933702537209,0.304006896086885,0.32858604729225827,,,,,,,SRB00001
2023-05-17,5283.45,3.9,14.7,0.04471458347706052,0.07341888618747763,0.06013940468142027,0.21980456468549095,0.09648577658443325,0.05215115291498151,0.21638854637607421,0.2789483652420531,0.3040849921395146,,,,,,,SRB00001
2023-05-18,5507.08,6.96,12.44,0.047101015074465666,0.07496567918249292,0.06208377781688705,0.21212591211339912,0.09417159778411092,0.05127433983670938,0.19228372249842754,0.2538898343972211,0.279583936986771,,,,,,,SRB00001
2023-05-19,6108.42,0.17,15.9,0.04948744667187081,0.07651247217750819,0.06402815095235384,0.2044472595413073,0.0918574189837886,0.05039752675843724,0.16817889862078084,0.22883130355238923,0.2550828818340274,,,,,,,SRB00001
2023-05-20,6728.77,0.1,18.48,0.05187387826927596,0.07805926517252346,0.06597252408782063,0.19676860696921547,0.08954324018346628,0.04952071368016511,0.14407407474313416,0.20377277270755728,0.2305818266812837,,,,,,,SRB00001
2023-05-21,6822.39,0.93,19.19,0.05426030986668111,0.07960605816753873,0.0679168972232874,0.18908995439712367,0.08722906138314397,0.048643900601892984,0.11996925086548749,0.17871424186272536,0.2060807715285401,,,,,,,SRB00001
2023-05-22,6485.34,0.33,19.93,0.05664674146408625,0.081152851162554,0.0698612703587542,0.18141130182503185,0.08491488258282165,0.04776708752362085,0.09586442698784081,0.1536557110178934,0.18157971637579645,,,,,,,SRB00001
2023-05-23,5983.12,0.3,20.98,0.05598178718996212,0.08063770430761566,0.06853908140811552,0.18176362446059954,0.08521240145907906,0.047597843342723094,0.09463266415132436,0.15362554682526328,0.18215529544002615,,,,,,,SRB00001
2023-05-24,5494.41,0.38,19.66,0.055316832915838,0.08012255745267732,0.06721689245747683,0.1821159470961672,0.08550992033533648,0.04742859916182534,0.09340090131480791,0.15359538263263312,0.18273087450425585,,,,,,,SRB00001
2023-05-25,5080.6,0.14,19.48,0.05465187864171388,0.07960741059773897,0.06589470350683815,0.1824682697317349,0.0858074392115939,0.047259354980927586,0.09216913847829146,0.15356521844000298,0.18330645356848554,,,,,,,SRB00001
2023-05-26,4908.08,0.37,20.32,0.05398692436758975,0.07909226374280064,0.06457251455619947,0.18282059236730258,0.0861049580878513,0.04709011080002983,0.09093737564177501,0.15353505424737285,0.18388203263271524,,,,,,,SRB00001
2023-05-27,5034.0,3.13,18.62,0.05332197009346562,0.0785771168878623,0.06325032560556079,0.18317291500287028,0.08640247696410873,0.04692086661913207,0.08970561280525856,0.1535048900547427,0.1844576116969449,,,,,,,SRB00001
2023-05-28,5139.44,0.87,18.23,0.0526570158193415,0.07806197003292396,0.06192813665492212,0.18352523763843798,0.08669999584036614,0.046751622438234317,0.08847384996874211,0.15347472586211255,0.1850331907611746,,,,,,,SRB00001
2023-05-29,4953.5,1.28,18.59,0.05199206154521738,0.07754682317798563,0.06060594770428344,0.18387756027400565,0.08699751471662355,0.04658237825733656,0.08724208713222566,0.15344456166948242,0.1856087698254043,,,,,,,SRB00001
2023-05-30,4612.18,2.93,18.49,0.05132710727109325,0.07703167632304728,0.059283758753644764,0.18422988290957334,0.08729503359288096,0.04641313407643881,0.0860103242957092,0.1534143974768523,0.186184348889634,,,,,,,SRB00001
2023-05-31,4344.1,5.92,18.78,0.05066215299696912,0.07651652946810894,0.05796156980300608,0.18458220554514101,0.08759255246913838,0.046243889895541054,0.08477856145919276,0.15338423328422213,0.1867599279538637,,,,,,,SRB00001
2023-06-01,4139.0,2.94,20.56,0.049997198722845,0.0760013826131706,0.0566393808523674,0.1849345281807087,0.0878900713453958,0.0460746457146433,0.0835467986226763,0.153354069091592,0.1873355070180934,,,,,,,SRB00001
2023-06-02,3961.78,1.98,21.18,0.04922041570167461,0.07557192328514005,0.05667751666634184,0.18541882137821655,0.08936756902593697,0.04715676178048829,0.08355893508329819,0.15348358051389593,0.18709622130274448,,,,,,,SRB00001
2023-06-03,3766.04,0.0,18.28,0.04844363268050422,0.07514246395710948,0.056715652480316285,0.18590311457572442,0.09084506670647816,0.048238877846333274,0.08357107154392007,0.15361309193619985,0.18685693558739558,,,,,,,SRB00001
2023-06-04,3596.49,0.05,19.13,0.047666849659333835,0.07471300462907893,0.05675378829429073,0.18638740777323226,0.09232256438701933,0.049320993912178264,0.08358320800454196,0.1537426033585038,0.18661764987204665,,,,,,,SRB00001
2023-06-05,3466.37,10.36,18.7,0.04689006663816345,0.07428354530104837,0.05679192410826517,0.1868717009707401,0.09380006206756052,0.050403109978023254,0.08359534446516384,0.1538721147808077,0.18637836415669773,,,,,,,SRB00001
2023-06-06,3418.79,16.26,19.05,0.04611328361699306,0.0738540859730178,0.056830059922239606,0.18735599416824797,0.09527755974810169,0.05148522604386824,0.08360748092578572,0.15400162620311164,0.1861390784413488,,,,,,,SRB00001
2023-06-07,3490.4,5.18,19.81,0.04533650059582267,0.07342462664498725,0.05686819573621405,0.1878402873657558,0.09675505742864288,0.05256734210971323,0.0836196173864076,0.15413113762541555,0.18589979272599988,8.2,0.099,1.09932458,367.0,1.2,0.0038,SRB00001
2023-06-08,3663.37,1.59,20.24,0.04455971757465229,0.0729951673169567,0.056906331550188496,0.18832458056326365,0.09823255510918405,0.05364945817555822,0.08363175384702948,0.1542606490477195,0.18566050701065098,,,,,,,SRB00001
2023-06-09,3871.58,5.75,19.87,0.0437829345534819,0.07256570798892613,0.056944467364162935,0.18880887376077152,0.09971005278972522,0.0547315742414032,0.08364389030765136,0.15439016047002344,0.18542122129530206,,,,,,,SRB00001
2023-06-10,4007.67,2.12,20.02,0.043006151532311514,0.07213624866089557,0.05698260317813737,0.18929316695827936,0.10118755047026641,0.05581369030724819,0.08365602676827325,0.15451967189232735,0.18518193557995313,,,,,,,SRB00001
2023-06-11,4072.8,18.46,19.04,0.042229368511141126,0.07170678933286502,0.05702073899211182,0.1897774601557872,0.10266504815080758,0.05689580637309318,0.08366816322889513,0.1546491833146313,0.18494264986460424,,,,,,,SRB00001
2023-06-12,4139.0,0.8,18.06,0.04145258548997074,0.07127733000483445,0.05705887480608626,0.19026175335329507,0.10414254583134877,0.057977922438938165,0.08368029968951701,0.1547786947369352,0.1847033641492553,,,,,,,SRB00001
2023-06-13,4186.94,0.02,16.95,0.04067580246880035,0.0708478706768039,0.0570970106200607,0.1907460465508029,0.10562004351188994,0.059060038504783155,0.0836924361501389,0.15490820615923914,0.1844640784339064,,,,,,,SRB00001
2023-06-14,4186.94,0.0,18.72,0.10121793245307194,0.1197045101375944,0.10364409412456183,0.22168569513530215,0.12757454169449417,0.08979700764496625,0.13000452972259532,0.19394685123681418,0.21991089912914433,,,,,,,SRB00001
2023-06-15,4139.0,0.55,18.66,0.16176006243734353,0.1685611495983849,0.15019117762906298,0.2526253437198014,0.14952903987709837,0.12053397678514932,0.17631662329505177,0.23298549631438925,0.25535771982438227,,,,,,,SRB00001
2023-06-16,4026.17,1.53,18.98,0.2223021924216151,0.2174177890591754,0.1967382611335641,0.2835649923043006,0.1714835380597026,0.1512709459253324,0.2226287168675082,0.2720241413919643,0.2908045405196202,,,,,,,SRB00001
2023-06-17,3836.07,0.08,19.01,0.13743188650443558,0.14705410711496844,0.12922193762395684,0.23966937806766675,0.14055946346907205,0.10741008632929273,0.15472904225996703,0.21519189260688537,0.24193138044629942,,,,,,,SRB00001
2023-06-18,3621.43,0.0,21.41,0.052561580587256046,0.0766904251707615,0.06170561411434955,0.1957737638310329,0.1096353888784415,0.06354922673325306,0.08682936765242585,0.15835964382180645,0.19305822037297865,,,,,,,SRB00001
2023-06-19,3418.79,0.0,23.54,0.051789808353036246,0.07679362275194572,0.06304371228633832,0.19087248898048317,0.10966200680655835,0.06404979646535182,0.08788688726523372,0.15632700334656346,0.18973290416749802,,,,,,,SRB00001
2023-06-20,3227.49,0.0,26.22,0.051018036118816446,0.07689682033312994,0.06438181045832708,0.18597121412993345,0.1096886247346752,0.06455036619745058,0.08894440687804159,0.15429436287132048,0.1864075879620174,,,,,,,SRB00001
2023-06-21,3068.02,0.01,27.46,0.050246263884596645,0.07700001791431416,0.06571990863031586,0.18106993927938375,0.10971524266279205,0.06505093592954933,0.09000192649084947,0.15226172239607752,0.1830822717565368,,,,,,,SRB00001
2023-06-22,2923.15,0.68,28.03,0.049474491650376845,0.07710321549549838,0.06705800680230463,0.17616866442883403,0.10974186059090889,0.0655515056616481,0.09105944610365733,0.15022908192083453,0.17975695555105617,,,,,,,SRB00001
2023-06-23,2817.38,5.47,27.44,0.048702719416157045,0.0772064130766826,0.0683961049742934,0.1712673895782843,0.10976847851902574,0.06605207539374686,0.0921169657164652,0.14819644144559155,0.17643163934557554,,,,,,,SRB00001
2023-06-24,2753.23,0.61,21.85,0.05225041170303025,0.0794181195168312,0.06844386126796595,0.17799583189989257,0.11001400063751277,0.06646665847113255,0.0917624271935066,0.15237848501733534,0.18107001662448996,,,,,,,SRB00001
2023-06-25,2740.57,0.27,22.0,0.055798103989903446,0.0816298259569798,0.0684916175616385,0.18472427422150087,0.11025952275599978,0.06688124154851825,0.091407888670548,0.1565605285890791,0.18570839390340438,,,,,,,SRB00001
2023-06-26,2746.89,0.0,23.62,0.05934579627677665,0.0838415323971284,0.06853937385531106,0.19145271654310914,0.1105050448744868,0.06729582462590394,0.09105335014758939,0.16074257216082288,0.1903467711823188,,,,,,,SRB00001
2023-06-27,2772.32,5.61,20.85,0.06738638096721422,0.09037598924944885,0.07530886331099398,0.20428764473709252,0.12245428883246023,0.07952777816968627,0.0994797396088705,0.1722710846411487,0.2028373587398777,,,,,,,SRB00001
2023-06-28,2817.38,0.77,18.7,0.07542696565765179,0.09691044610176933,0.0820783527666769,0.2171225729310759,0.13440353279043366,0.0917597317134686,0.1079061290701516,0.18379959712147456,0.21532794629743662,,,,,,,SRB00001
2023-06-29,2863.18,0.07,21.06,0.08346755034808936,0.10344490295408978,0.08884784222235982,0.22995750112505928,0.1463527767484071,0.10399168525725093,0.11633251853143271,0.1953281096018004,0.22781853385499554,,,,,,,SRB00001
2023-06-30,2843.46,0.0,23.75,0.09150813503852694,0.10997935980641026,0.09561733167804275,0.24279242931904266,0.15830202070638053,0.11622363880103326,0.12475890799271382,0.2068566220821262,0.24030912141255445,,,,,,,SRB00001
2023-07-01,2765.94,2.15,21.64,0.09954871972896451,0.11651381665873072,0.10238682113372566,0.25562735751302607,0.17025126466435395,0.1284555923448156,0.13318529745399493,0.21838513456245207,0.2527997089701134,,,,,,,SRB00001
2023-07-02,2684.34,4.85,23.08,0.10758930441940208,0.12304827351105119,0.10915631058940858,0.2684622857070094,0.1822005086223274,0.14068754588859791,0.14161168691527604,0.2299136470427779,0.2652902965276723,,,,,,,SRB00001
2023-07-03,2641.41,0.82,24.07,0.11562988910983965,0.12958273036337165,0.11592580004509151,0.2812972139009928,0.19414975258030082,0.15291949943238026,0.15003807637655714,0.24144215952310372,0.2777808840852312,,,,,,,SRB00001
2023-07-04,2647.5,1.34,22.89,0.09757242875623456,0.11544728192436034,0.10052926482718558,0.2527243567646424,0.1706489526331833,0.12813140742450144,0.13129315329675176,0.21728132741384087,0.25162203728007504,,,,,,,SRB00001
2023-07-05,2721.7,0.23,24.73,0.07951496840262948,0.10131183348534901,0.08513272960927963,0.22415149962829198,0.14714815268606582,0.10334331541662262,0.11254823021694638,0.19312049530457803,0.2254631904749189,8.2,0.082,0.93002408,371.0,2.2,0.0064,SRB00001
2023-07-06,2876.4,0.59,24.14,0.061457508049024404,0.0871763850463377,0.0697361943913737,0.19557864249194157,0.12364735273894831,0.0785552234087438,0.093803307137141,0.1689596631953152,0.19930434366976274,,,,,,,SRB00001
2023-07-07,2963.83,0.05,23.38,0.05765324210033895,0.07976985637341158,0.06121068734405308,0.19802716982391164,0.11958753574017675,0.0733974570551763,0.0856598668921672,0.16318174221585832,0.1971484512383832,,,,,,,SRB00001
2023-07-08,2929.89,0.0,24.0,0.0538489761516535,0.07236332770048545,0.05268518029673245,0.2004756971558817,0.11552771874140519,0.06823969070160879,0.07751642664719341,0.15740382123640145,0.1949925588070037,,,,,,,SRB00001
2023-07-09,2856.59,0.0,25.98,0.051136307108937754,0.07143155905505646,0.05217361253400559,0.20011291833303302,0.11347115496197219,0.06576032904304209,0.0779678035212145,0.15591459026490098,0.1938505658236194,,,,,,,SRB00001
2023-07-10,2791.54,0.04,27.26,0.04842363806622201,0.07049979040962749,0.05166204477127873,0.19975013951018433,0.1114145911825392,0.0632809673844754,0.07841918039523561,0.15442535929340048,0.1927085728402351,,,,,,,SRB00001
2023-07-11,2721.7,0.02,28.31,0.045710969023506264,0.0695680217641985,0.051150477008551874,0.19938736068733565,0.1093580274031062,0.0608016057259087,0.07887055726925671,0.1529361283219,0.1915665798568508,,,,,,,SRB00001
2023-07-12,2629.27,0.27,29.51,0.04564827599848506,0.07059478251099877,0.053893936293034767,0.2004520519411199,0.11903914847350155,0.0672477487708486,0.08198390433507202,0.1601558543490973,0.19773558151457488,,,,,,,SRB00001
2023-07-13,2534.13,6.66,27.62,0.04558558297346385,0.07162154325779904,0.05663739557751765,0.20151674319490415,0.1287202695438969,0.0736938918157885,0.08509725140088735,0.1673755803762946,0.20390458317229895,,,,,,,SRB00001
2023-07-14,2453.71,2.61,25.55,0.052050525011858285,0.07518914952511598,0.05878472825083633,0.19715198551196098,0.12428918286328391,0.07218942281447592,0.08525791888491613,0.16533621707714863,0.20003694486794393,,,,,,,SRB00001
2023-07-15,2408.91,0.0,27.85,0.05851546705025271,0.07875675579243292,0.06093206092415501,0.19278722782901778,0.11985809618267093,0.07068495381316332,0.08541858636894492,0.16329685377800263,0.1961693065635889,,,,,,,SRB00001
2023-07-16,2386.81,0.0,29.74,0.06498040908864715,0.08232436205974986,0.06307939359747369,0.1884224701460746,0.11542700950205795,0.06918048481185074,0.0855792538529737,0.16125749047885665,0.1923016682592339,,,,,,,SRB00001
2023-07-17,2403.36,0.0,30.87,0.05954255667086622,0.07707831365361778,0.05934642974118372,0.2129488197135161,0.12222805918717387,0.07168519814978405,0.09046388351531096,0.1804410098677211,0.2216011452054803,,,,,,,SRB00001
2023-07-18,2476.42,0.01,29.89,0.0541047042530853,0.0718322652474857,0.05561346588489374,0.23747516928095758,0.1290291088722898,0.07418991148771736,0.0953485131776482,0.19962452925658558,0.2509006221517267,,,,,,,SRB00001
2023-07-19,2534.13,2.25,28.93,0.10142036791549343,0.11271423907426456,0.09403199557945938,0.2668629700159235,0.14636891604504362,0.09600524428754333,0.13336618522028745,0.22844554584024254,0.27569939762122825,,,,,,,SRB00001
2023-07-20,2505.11,1.53,26.57,0.14873603157790155,0.15359621290104342,0.132450525274025,0.29625077075088946,0.16370872321779747,0.11782057708736929,0.1713838572629267,0.2572665624238995,0.30049817309072985,,,,,,,SRB00001
2023-07-21,2436.81,12.72,27.04,0.1960516952403097,0.19447818672782224,0.17086905496859064,0.3256385714858554,0.1810485303905513,0.13963590988719526,0.20940152930556594,0.28608757900755644,0.3252969485602314,,,,,,,SRB00001
2023-07-22,2408.91,4.38,24.69,0.11815085392894184,0.1286990895245749,0.10780719922056074,0.252023587713816,0.14636094473313693,0.10200211276024301,0.14043506212506462,0.21630046856836438,0.2508076424467453,,,,,,,SRB00001
2023-07-23,2465.04,0.45,24.78,0.040250012617573994,0.06291999232132756,0.04474534347253085,0.1784086039417766,0.1116733590757226,0.06436831563329075,0.0714685949445633,0.1465133581291723,0.1763183363332592,,,,,,,SRB00001
2023-07-24,2563.48,0.07,28.14,0.0395441369056158,0.06231056541419856,0.04478606677621781,0.18035581126785,0.10947779476645562,0.06261631649399334,0.08229413804145119,0.1580432861824915,0.18925771784033216,,,,,,,SRB00001
2023-07-25,2641.41,4.71,25.61,0.038838261193657596,0.061701138507069576,0.044826790079904776,0.1823030185939234,0.10728223045718865,0.060864317354695927,0.0931196811383391,0.1695732142358107,0.20219709934740512,,,,,,,SRB00001
2023-07-26,2696.74,7.95,19.26,0.03813238548169939,0.06109171159994059,0.04486751338359174,0.1842502259199968,0.10508666614792167,0.05911231821539851,0.103945224235227,0.18110314228912988,0.21513648085447812,,,,,,,SRB00001
2023-07-27,2778.71,0.01,19.52,0.0374265097697412,0.0604822846928116,0.0449082366872787,0.1861974332460702,0.1028911018386547,0.0573603190761011,0.11477076733211489,0.1926330703424491,0.22807586236155108,,,,,,,SRB00001
2023-07-28,2843.46,0.0,23.59,0.1016620793815465,0.11444278124819746,0.0952168916703873,0.2460129025245703,0.1601590903160851,0.11059074297572845,0.1255963104290028,0.2041629983957683,0.24101524386862405,,,,,,,SRB00001
2023-07-29,2923.15,0.02,25.75,0.08568919842428835,0.10076632736608963,0.08236057113614746,0.22111556576842614,0.144168370332275,0.09735787411018806,0.10996799059455045,0.1829035283096331,0.21752709209401913,,,,,,,SRB00001
2023-07-30,3103.56,3.09,23.68,0.06971631746703019,0.08708987348398183,0.06950425060190764,0.196218229012282,0.1281776503484649,0.08412500524464768,0.09433967076009811,0.1616440582234979,0.19403894031941418,,,,,,,SRB00001
2023-07-31,3272.41,0.0,22.95,0.05374343650977205,0.073413419601874,0.0566479300676678,0.17132089225613784,0.1121869303646548,0.0708921363791073,0.07871135092564575,0.1403845881373627,0.17055078854480926,,,,,,,SRB00001
2023-08-01,3279.95,1.24,25.18,0.04826522078656647,0.06968068903072477,0.053781972748224764,0.17281778951328886,0.10760601304874266,0.06487854856482674,0.08825369101440843,0.14846640667831038,0.17828826821473218,,,,,,,SRB00001
2023-08-02,3197.9,2.77,23.7,0.04278700506336088,0.06594795845957553,0.050916015428781734,0.17431468677043988,0.10302509573283053,0.05886496075054617,0.0977960311031711,0.15654822521925804,0.1860257478846551,8.1,0.075,1.00903098,371.0,1.9,0.0076,SRB00001
2023-08-03,3154.01,0.03,27.65,0.0373087893401553,0.0622152278884263,0.0480500581093387,0.1758115840275909,0.0984441784169184,0.0528513729362656,0.10733837119193378,0.1646300437602057,0.193763227554578,,,,,,,SRB00001
2023-08-04,3197.9,0.76,28.36,0.06579923994852088,0.0830233430188784,0.06758521943634373,0.18895384059792,0.10004139944844904,0.05892232841252275,0.11688071128069646,0.17271186230115337,0.20150070722450095,,,,,,,SRB00001
2023-08-05,3197.9,16.05,24.13,0.09428969055688645,0.10383145814933051,0.08712038076334874,0.2020960971682491,0.10163862047997971,0.0649932838887799,0.12642305136945914,0.18079368084210107,0.20923818689442386,,,,,,,SRB00001
2023-08-06,3434.58,3.96,18.74,0.12278014116525202,0.1246395732797826,0.10665554209035377,0.2152383537385782,0.10323584151151036,0.07106423936503706,0.1359653914582218,0.18887549938304873,0.21697566656434678,,,,,,,SRB00001
2023-08-07,3871.58,1.1,19.07,0.1512705917736176,0.1454476884102347,0.1261907034173588,0.2283806103089073,0.104833062543041,0.0771351948412942,0.1455077315469845,0.1969573179239964,0.2247131462342697,,,,,,,SRB00001
2023-08-08,4284.48,0.0,19.48,0.23568901276163737,0.22670535698778344,0.2064373583259388,0.32563680209898616,0.20189316538418553,0.17714998847876268,0.2371475729533853,0.2913583220453061,0.3190398956392062,,,,,,,SRB00001
2023-08-09,4919.39,0.02,20.41,0.3201074337496571,0.30796302556533217,0.2866840132345188,0.42289299388906504,0.2989532682253301,0.27716478211623113,0.3287874143597861,0.3857593261666158,0.4133666450441427,,,,,,,SRB00001
2023-08-10,5713.79,0.36,20.75,0.4045258547376769,0.38922069414288085,0.3669306681430988,0.5201491856791439,0.3960133710664746,0.37717957575369965,0.4204272557661869,0.4801603302879255,0.5076933944490792,,,,,,,SRB00001
2023-08-11,5928.25,0.0,20.62,0.22791968667998314,0.23311003073107148,0.21605729983903266,0.34883226029595976,0.24853345627797593,0.21638534722685,0.25447416224066816,0.31343622911189956,0.3413557658139897,,,,,,,SRB00001
2023-08-12,5713.79,0.0,22.92,0.05131351862228937,0.0769993673192621,0.0651839315349665,0.1775153349127756,0.10105354148947726,0.05559111870000033,0.08852106871514945,0.14671212793587365,0.17501813717890016,,,,,,,SRB00001
2023-08-13,5419.01,0.0,24.51,0.22736896776934012,0.2330604368565775,0.21515400133248508,0.3320106163033333,0.2368744671172345,0.1982547889051525,0.254071803919648,0.30148749999554764,0.3202931990898891,,,,,,,SRB00001
2023-08-14,5151.29,0.0,26.15,0.4034244169163909,0.3891215063938929,0.36512407113000367,0.486505897693891,0.37269539274499175,0.34091845911030466,0.4196225391241466,0.45626287205522165,0.4655682610008781,,,,,,,SRB00001
2023-08-15,4851.89,0.04,25.52,0.5794798660634417,0.5451825759312083,0.5150941409275223,0.6410011790844488,0.508516318372749,0.48358212931545685,0.5851732743286452,0.6110382441148956,0.610843322911867,,,,,,,SRB00001
2023-08-16,4486.45,2.23,23.09,0.3202820846081086,0.3136136092212585,0.2926791998488337,0.40655574143497586,0.3077983421192678,0.27300738006128794,0.33860579454010487,0.3777802302575324,0.3938319131297111,,,,,,,SRB00001
2023-08-17,4119.98,0.87,24.89,0.06108430315277545,0.08204464251130875,0.07026425877014515,0.17211030378550302,0.10708036586578665,0.06243263080711905,0.09203831475156454,0.1445222164001692,0.17682050334755522,,,,,,,SRB00001
2023-08-18,3800.89,5.25,24.42,0.049019858765921326,0.07721831199533882,0.06539119133846613,0.198687025899443,0.11363261646617517,0.06243685118909523,0.08968147828417006,0.14182959790112673,0.17330813383415758,,,,,,,SRB00001
2023-08-19,3555.31,10.11,25.59,0.0369554143790672,0.0723919814793689,0.0605181239067871,0.225263748013383,0.1201848670665637,0.0624410715710714,0.08732464181677557,0.13913697940208428,0.16979576432075993,,,,,,,SRB00001
2023-08-20,3364.12,0.05,27.78,0.05723444735162205,0.07717068594402884,0.06304481097997375,0.1610048265151394,0.10186229986849085,0.05830300210557455,0.08496780534938109,0.1364443609030418,0.1662833948073623,,,,,,,SRB00001
2023-08-21,3249.87,0.0,28.65,0.05431510168172325,0.07528804691853352,0.060974499239661126,0.1611634206553239,0.10563441892727223,0.060372476050218726,0.08247193553762269,0.13686846033992484,0.16535024380171404,,,,,,,SRB00001
2023-08-22,3190.54,0.0,29.67,0.05139575601182445,0.0734054078930382,0.058904187499348504,0.1613220147955084,0.1094065379860536,0.0624419499948629,0.0799760657258643,0.13729255977680788,0.16441709279606576,,,,,,,SRB00001
2023-08-23,3110.72,0.0,30.11,0.16351830813934032,0.17042909271700152,0.1485733887669477,0.2526366191825059,0.15424163501612456,0.11710440293559482,0.17996602242720688,0.23056366161012742,0.2509344608079263,,,,,,,SRB00001
2023-08-24,2998.16,0.01,28.69,0.2756408602668562,0.26745277754096486,0.2382425900345469,0.3439512235695035,0.19907673204619553,0.17176685587632676,0.2799559791285494,0.32383476344344697,0.33745182881978686,,,,,,,SRB00001
2023-08-25,2863.18,0.07,29.41,0.38776341239437206,0.3644764623649282,0.3279117913021461,0.435265827956501,0.24391182907626646,0.2264293088170587,0.379945935829892,0.4171058652767665,0.42396919683164735,,,,,,,SRB00001
2023-08-26,2727.98,0.0,30.29,0.22236617706538214,0.21966884507937473,0.1935728616197908,0.2993774946631634,0.17741902456213438,0.14678640974200174,0.22954107441976834,0.27484001795756197,0.29323201115643294,,,,,,,SRB00001
2023-08-27,2605.15,0.0,30.47,0.05696894173639225,0.07486122779382126,0.059233931937435494,0.16348916136982575,0.11092622004800226,0.0671435106669448,0.0791362130096447,0.1325741706383574,0.16249482548121846,,,,,,,SRB00001
2023-08-28,2505.11,0.12,29.93,0.05477224709815305,0.07376745186097164,0.058670704815254035,0.16254469884559902,0.10941742726420217,0.06555794999534939,0.07871693269338571,0.1322494607859157,0.1612549284578506,,,,,,,SRB00001
2023-08-29,2431.2,7.92,23.09,0.05257555245991385,0.07267367592812202,0.058107477693072576,0.16160023632137227,0.10790863448040208,0.06397238932375397,0.07829765237712674,0.131924750933474,0.16001503143448279,,,,,,,SRB00001
2023-08-30,2381.32,4.04,20.4,0.05037885782167465,0.0715798999952724,0.05754425057089112,0.16065577379714555,0.10639984169660198,0.06238682865215857,0.07787837206086776,0.1316000410810323,0.15877513441111493,,,,,,,SRB00001
2023-08-31,2442.43,3.19,20.26,0.04818216318343545,0.07048612406242277,0.05698102344870966,0.1597113112729188,0.10489104891280189,0.06080126798056316,0.07745909174460879,0.13127533122859059,0.1575352373877471,,,,,,,SRB00001
2023-09-01,3103.56,0.0,21.89,0.04598546854519625,0.06939234812957315,0.0564177963265282,0.15876684874869207,0.1033822561290018,0.05921570730896775,0.0770398114283498,0.13095062137614888,0.15629534036437925,,,,,,,SRB00001
2023-09-02,4863.07,0.0,24.56,0.06547903319646625,0.08879643036688219,0.0783582051560682,0.18327222385499842,0.11834423390528882,0.0729864545199947,0.10857126743456863,0.16398401075761793,0.18890668384550868,,,,,,,SRB00001
2023-09-03,5609.48,0.52,22.43,0.08497259784773625,0.10820051260419122,0.1002986139856082,0.20777759896130477,0.13330621168157586,0.08675720173102168,0.14010272344078747,0.19701740013908697,0.2215180273266381,,,,,,,SRB00001
2023-09-04,5320.08,0.02,20.99,0.10446616249900624,0.12760459484150025,0.1222390228151482,0.23228297406761111,0.14826818945786288,0.10052794894204864,0.17163417944700632,0.230050789520556,0.25412937080776754,,,,,,,SRB00001
2023-09-05,4930.74,0.29,21.05,0.08783080147987016,0.1129294713471804,0.10989277265484518,0.21195077919862912,0.12447046782422512,0.07974531444109068,0.14651211348690618,0.19712600845415135,0.22319153539293635,,,,,,,SRB00001
2023-09-06,4580.42,0.25,21.95,0.07119544046073409,0.09825434785286055,0.09754652249454215,0.19161858432964712,0.10067274619058736,0.0589626799401327,0.12139004752680604,0.1642012273877467,0.19225369997810515,,,,,,,SRB00001
2023-09-07,4225.69,0.0,22.23,0.07017548749483767,0.09633039314360363,0.0944903821231368,0.18161444654781503,0.09950116857321523,0.0587206542005645,0.11663311369326247,0.15500821897078568,0.18167940821950496,,,,,,,SRB00001
2023-09-08,3898.42,0.0,23.07,0.06915553452894123,0.09440643843434672,0.09143424175173145,0.1716103087659829,0.09832959095584308,0.058478628460996294,0.11187617985971891,0.14581521055382463,0.17110511646090476,,,,,,,SRB00001
2023-09-09,3596.49,0.0,24.27,0.0681355815630448,0.0924824837250898,0.0883781013803261,0.1616061709841508,0.09715801333847095,0.058236602721428096,0.10711924602617534,0.1366222021368636,0.16053082470230456,,,,,,,SRB00001
2023-09-10,3340.95,0.0,24.81,0.06446976019627453,0.09009080753541468,0.08514782132791783,0.16601796235432065,0.10371365863694965,0.061280671972760596,0.1048098386953114,0.13998834150253495,0.1642375176417397,,,,,,,SRB00001
2023-09-11,3110.72,0.0,24.98,0.06080393882950425,0.08769913134573956,0.08191754127550956,0.17042975372449048,0.11026930393542836,0.0643247412240931,0.10250043136444745,0.1433544808682063,0.1679442105811748,,,,,,,SRB00001
2023-09-12,2903.02,0.0,25.52,0.05333196805286168,0.08264285130298063,0.07714321499341353,0.170135737625627,0.10453367933476337,0.0587865236343313,0.1662289693574951,0.19770986819797828,0.21607243745858404,,,,,,,SRB00001
2023-09-13,2727.98,0.01,25.25,0.0458599972762191,0.0775865712602217,0.0723688887113175,0.1698417215267635,0.0987980547340984,0.0532483060445695,0.2299575073505427,0.2520652555277503,0.26420066433599326,8.1,0.057,1.16930212,377.0,1.5,0.0027,SRB00001
2023-09-14,2575.32,0.81,22.92,0.28055134468996046,0.2770093614100181,0.26622269535314785,0.30691233014624275,0.2673230817637224,0.2311242293775164,0.29368604534359033,0.30642064285752224,0.31232889121340246,,,,,,,SRB00001
2023-09-15,2448.06,0.02,21.35,0.1939696727647704,0.20064474245294178,0.1874104123135616,0.26348142406619396,0.21444417180597042,0.17119287305770015,0.21361473408207715,0.24599869625343748,0.26580458003324847,,,,,,,SRB00001
2023-09-16,2343.23,0.18,21.88,0.10738800083958035,0.12428012349586551,0.10859812927397536,0.2200505179861452,0.16156526184821846,0.1112615167378839,0.13354342282056395,0.18557674964935272,0.21928026885309448,,,,,,,SRB00001
2023-09-17,2274.1,0.0,23.32,0.12054637129366709,0.1322485397428778,0.11689352054201754,0.21578552548373875,0.15670191031956407,0.11336997119531776,0.1414167340016643,0.18368222554515365,0.21024342948686275,,,,,,,SRB00001
2023-09-18,2268.86,0.11,24.27,0.13370474174775385,0.1402169559898901,0.12518891181005973,0.21152053298133233,0.15183855879090968,0.11547842565275164,0.14929004518276465,0.18178770144095457,0.20120659012063102,,,,,,,SRB00001
2023-09-19,2359.48,0.51,22.79,0.1468631122018406,0.1481853722369024,0.1334843030781019,0.2072555404789259,0.1469752072622553,0.1175868801101855,0.157163356363865,0.1798931773367555,0.1921697507543993,,,,,,,SRB00001
2023-09-20,2493.6,0.0,22.69,0.0384748912029114,0.0672591037527471,0.0583909307183015,0.1509584987630731,0.0931124220570522,0.0510840874628644,0.17260252439742657,0.1990318493064251,0.2125734169075116,,,,,,,SRB00001
2023-09-21,2528.3,1.11,23.17,0.1466373942763003,0.1568071268216171,0.15710369427294613,0.22796158508897113,0.2162650538577433,0.18764343747784484,0.18804169243098814,0.21817052127609465,0.23297708306062392,,,,,,,SRB00001
2023-09-22,2459.37,0.05,24.93,0.1347469929422216,0.14599434371732026,0.14382618532190977,0.2179763150093711,0.2020773766706711,0.17132027753213333,0.17262504483331575,0.2049780167127579,0.22114518843200023,,,,,,,SRB00001
2023-09-23,2386.81,18.38,20.97,0.1228565916081429,0.1351815606130234,0.13054867637087342,0.20799104492977105,0.1878896994835989,0.15499711758642182,0.15720839723564334,0.19178551214942116,0.20931329380337654,,,,,,,SRB00001
2023-09-24,2359.48,4.54,18.17,0.1109661902740642,0.12436877750872655,0.11727116741983706,0.19800577485017098,0.1737020222965267,0.13867395764071033,0.14179174963797095,0.1785930075860844,0.19748139917475283,,,,,,,SRB00001
2023-09-25,2397.83,3.84,20.27,0.0990757889399855,0.1135559944044297,0.10399365846880071,0.18802050477057095,0.1595143451094545,0.12235079769499882,0.12637510204029856,0.16540050302274767,0.18564950454612913,,,,,,,SRB00001
2023-09-26,2453.71,0.01,21.49,0.0871853876059068,0.10274321130013285,0.09071614951776436,0.1780352346909709,0.1453266679223823,0.1060276377492873,0.11095845444262614,0.1522079984594109,0.17381760991750544,,,,,,,SRB00001
2023-09-27,2539.97,0.0,21.58,0.07483441539046792,0.09208001071312019,0.07884245565469143,0.16476602263430593,0.12907711567665367,0.0899689673377533,0.09780258074622394,0.13767157788389311,0.15872301482407047,,,,,,,SRB00001
2023-09-28,2659.72,0.0,21.42,0.062483443175029046,0.08141681012610755,0.06696876179161852,0.15149681057764094,0.11282756343092507,0.07391029692621928,0.08464670704982175,0.12313515730837533,0.1436284197306355,,,,,,,SRB00001
2023-09-29,2772.32,0.0,21.81,0.05013247095959017,0.07075360953909489,0.0550950679285456,0.13822759852097596,0.09657801118519643,0.05785162651468526,0.07149083335341955,0.10859873673285755,0.12853382463720053,,,,,,,SRB00001
2023-09-30,2759.58,0.0,20.91,0.05720781191083566,0.07722661996783578,0.06131214235352955,0.1495647643642583,0.10329580612142258,0.0615377780050166,0.07952982527765427,0.12237805126216793,0.14147424436221348,,,,,,,SRB00001
2023-10-01,2653.61,0.01,17.09,0.06428315286208115,0.08369963039657666,0.0675292167785135,0.16090193020754065,0.11001360105764875,0.06522392949534794,0.087568817201889,0.1361573657914783,0.15441466408722643,,,,,,,SRB00001
2023-10-02,2510.89,0.0,18.24,0.2569334249939834,0.2556738817035339,0.23573190922196346,0.30809347065287085,0.22260127555105164,0.18651420630083337,0.2657687090877746,0.2924395548665336,0.2997828403925539,,,,,,,SRB00001
2023-10-03,2364.92,0.0,19.9,0.44958369712588564,0.4276481330104911,0.4039346016654134,0.4552850110982011,0.33518895004445454,0.3078044831063188,0.4439686009736602,0.448721743941589,0.44515101669788126,,,,,,,SRB00001
2023-10-04,2232.57,0.0,17.62,0.642233969257788,0.5996223843174484,0.5721372941088634,0.6024765515435313,0.4477766245378574,0.4290947599118042,0.6221684928595459,0.6050039330166443,0.5905191930032087,8.6,0.133,1.2189636,428.0,1.5,0.0044,SRB00001
2023-10-05,2122.24,0.0,16.74,0.3448076261588177,0.333860538605105,0.3126549449928665,0.37427762860962455,0.27307862261615223,0.24399339972628795,0.34717098110648736,0.36131449967571605,0.365202746589836,,,,,,,SRB00001
2023-10-06,2031.36,0.0,17.14,0.047381283059847464,0.0680986928927616,0.05317259587686967,0.14607870567571776,0.09838062069444714,0.05889203954077169,0.07217346935342886,0.11762506633478781,0.13988630017646336,,,,,,,SRB00001
2023-10-07,1966.89,0.0,16.91,0.04880185025499846,0.06933409073219857,0.05378700943407409,0.1457975596284782,0.10062973147949479,0.06014897024556769,0.07312754859365678,0.11897840737458393,0.1405221274144833,,,,,,,SRB00001
2023-10-08,1922.09,0.0,18.15,0.05022241745014946,0.07056948857163552,0.05440142299127852,0.14551641358123865,0.10287884226454244,0.061405900950363676,0.0740816278338847,0.12033174841438005,0.14115795465250325,,,,,,,SRB00001
2023-10-09,1891.34,0.15,14.75,0.051642984645300455,0.07180488641107248,0.055015836548482945,0.14523526753399912,0.1051279530495901,0.06266283165515966,0.07503570707411261,0.12168508945417617,0.14179378189052316,,,,,,,SRB00001
2023-10-10,1856.8,0.07,16.63,0.05306355184045145,0.07304028425050943,0.055630250105687375,0.14495412148675957,0.10737706383463776,0.06391976235995567,0.07598978631434053,0.12303843049397228,0.1424296091285431,,,,,,,SRB00001
2023-10-11,1844.02,0.0,17.45,0.05448411903560245,0.0742756820899464,0.0562446636628918,0.14467297543952,0.10962617461968541,0.06517669306475166,0.07694386555456845,0.1243917715337684,0.14306543636656305,,,,,,,SRB00001
2023-10-12,1822.9,0.0,18.97,0.05433389434377738,0.07351025837350576,0.055734472630324945,0.14343032495444213,0.10668952677314698,0.06359454691358206,0.07585531798131849,0.12240110203316797,0.1401948347528821,,,,,,,SRB00001
2023-10-13,1793.73,0.0,19.96,0.054183669651952315,0.07274483465706512,0.0552242815977581,0.14218767446936428,0.10375287892660857,0.062012400762412455,0.07476677040806855,0.12041043253256754,0.1373242331392012,,,,,,,SRB00001
2023-10-14,1769.11,0.0,19.9,0.05403344496012725,0.07197941094062449,0.05471409056519125,0.1409450239842864,0.10081623108007015,0.06043025461124285,0.07367822283481859,0.1184197630319671,0.13445363152552026,,,,,,,SRB00001
2023-10-15,1748.85,3.51,12.77,0.05192158415321978,0.06932120718278072,0.05260476837047042,0.14580726103767808,0.10165231582077283,0.06257398055943283,0.07159644945731328,0.11771160005092175,0.13559874186159418,,,,,,,SRB00001
2023-10-16,1732.8,0.0,9.71,0.0498097233463123,0.06666300342493695,0.050495446175749595,0.15066949809106975,0.1024884005614755,0.0647177065076228,0.06951467607980795,0.1170034370698764,0.1367438521976681,,,,,,,SRB00001
2023-10-17,1712.96,0.0,9.24,0.1902184206800715,0.18776911595219303,0.16483343449125698,0.2535869301636687,0.19397729504829442,0.15160691088114975,0.19001581380050753,0.21991507627486773,0.23056169149495176,,,,,,,SRB00001
2023-10-18,1689.44,0.12,10.03,0.33062711801383066,0.3088752284794491,0.2791714228067644,0.3565043622362676,0.2854661895351133,0.23849611525467668,0.3105169515212071,0.322826715479859,0.32437953079223547,,,,,,,SRB00001
2023-10-19,1681.67,0.59,16.18,0.47103581534758987,0.4299813410067052,0.3935094111222718,0.4594217943088665,0.37695508402193223,0.3253853196282036,0.43101808924190665,0.42573835468485033,0.4181973700895191,,,,,,,SRB00001
2023-10-20,1693.34,0.0,21.45,0.3233744090683628,0.30356613223159745,0.27509131672599846,0.34877771644832994,0.2785407306788711,0.23132747126727993,0.5174165983212264,0.5023329839554068,0.4900281991957256,,,,,,,SRB00001
2023-10-21,1732.8,6.54,20.77,0.17571300278913576,0.17715092345648975,0.15667322232972516,0.2381336385877934,0.18012637733580994,0.13726962290635628,0.6038151074005462,0.5789276132259633,0.561859028301932,,,,,,,SRB00001
2023-10-22,1785.49,1.5,18.01,0.0280515965099087,0.050735714681382,0.0382551279334519,0.1274895607272569,0.0817120239927488,0.0432117745454326,0.6902136164798661,0.6555222424965199,0.6336898574081384,,,,,,,SRB00001
2023-10-23,1818.7,0.01,17.0,0.2998393615950157,0.2919211847922486,0.2684405555346897,0.33073710601899026,0.14796359144476068,0.11751512105025405,0.7766121255591859,0.7321168717670764,0.7055206865143449,,,,,,,SRB00001
2023-10-24,1818.7,0.11,18.17,0.5716271266801227,0.5331066549031153,0.49862598313592743,0.5339846513107236,0.2142151588967726,0.19181846755507548,0.8630106346385057,0.8087115010376329,0.7773515156205514,,,,,,,SRB00001
2023-10-25,1810.34,0.94,17.58,0.8434148917652297,0.7742921250139818,0.7288114107371653,0.737232196602457,0.2804667263487845,0.26612181405989693,0.9494091437178256,0.8853061303081895,0.8491823447267578,,,,,,,SRB00001
2023-10-26,1814.52,0.76,16.57,1.1152026568503366,1.0154775951248485,0.958996838338403,0.9404797418941904,0.3467182938007964,0.3404251605647184,1.0358076527971454,0.961900759578746,0.9210131738329642,,,,,,,SRB00001
2023-10-27,1891.34,7.95,16.87,0.7677712555419547,0.7060546331008108,0.6609928978723587,0.6792962510636569,0.2704388072210389,0.2525259057715124,0.7192513663586984,0.6843444195511517,0.6630074889495623,,,,,,,SRB00001
2023-10-28,2088.3,3.84,14.64,0.4203398542335728,0.39663167107677333,0.3629889574063143,0.4181127602331234,0.19415932064128147,0.16462665097830642,0.4026950799202512,0.40678807952355744,0.4050018040661604,,,,,,,SRB00001
2023-10-29,2305.75,0.0,15.65,0.0729084529251908,0.0872087090527358,0.06498501694026995,0.15692926940258983,0.117879834061524,0.07672739618510045,0.0861387934818041,0.12923173949596312,0.14699611918275846,,,,,,,SRB00001
2023-10-30,2516.68,0.0,17.15,0.06928344683287532,0.0838745467420732,0.0630253925459171,0.15150066271158305,0.11301929537039129,0.0734652456347599,0.08336956369938031,0.12443054505580615,0.14134125959121413,,,,,,,SRB00001
2023-10-31,2759.58,5.74,17.21,0.06565844074055986,0.08054038443141062,0.06106576815156426,0.14607205602057624,0.10815875667925859,0.07020309508441935,0.08060033391695652,0.11962935061564921,0.13568639999966983,,,,,,,SRB00001
2023-11-01,3012.01,0.04,12.26,0.06203343464824439,0.07720622212074803,0.05910614375721142,0.14064344932956946,0.10329821798812588,0.0669409445340788,0.07783110413453273,0.11482815617549225,0.1300315404081255,,,,,,,SRB00001
2023-11-02,3212.66,0.05,14.75,0.05840842855592892,0.07387205981008543,0.05714651936285857,0.13521484263856265,0.09843767929699318,0.06367879398373825,0.07506187435210894,0.11002696173533529,0.1243766808165812,,,,,,,SRB00001
2023-11-03,3295.1,9.7,14.14,0.054783422463613445,0.07053789749942285,0.05518689496850573,0.12978623594755587,0.09357714060586048,0.0604166434333977,0.07229264456968515,0.10522576729517834,0.11872182122503688,,,,,,,SRB00001
2023-11-04,3279.95,1.32,10.67,0.05115841637129798,0.06720373518876026,0.053227270574152885,0.12435762925654907,0.08871660191472777,0.05715449288305715,0.06952341478726136,0.10042457285502138,0.11306696163349257,,,,,,,SRB00001
2023-11-05,3371.87,9.21,14.16,0.04753341027898251,0.06386957287809766,0.051267646179800036,0.11892902256554228,0.08385606322359507,0.0538923423327166,0.06675418500483757,0.09562337841486442,0.10741210204194826,,,,,,,SRB00001
2023-11-06,3671.82,0.97,12.38,0.04390840418666704,0.06053541056743508,0.049308021785447194,0.11350041587453549,0.07899552453246236,0.05063019178237605,0.06398495522241378,0.09082218397470745,0.10175724245040393,,,,,,,SRB00001
2023-11-07,4235.43,3.91,13.7,0.040283398094351566,0.05720124825677249,0.04734839739109435,0.1080718091835287,0.07413498584132966,0.0473680412320355,0.06121572543998999,0.08602098953455051,0.09610238285885962,,,,,,,SRB00001
2023-11-08,4987.84,0.17,9.96,0.0366583920020361,0.0538670859461099,0.0453887729967415,0.1026432024925219,0.06927444715019695,0.04410589068169495,0.0584464956575662,0.08121979509439355,0.09044752326731531,9.6,0.109,1.26862508,449.0,2.5,0.0022,SRB00001
2023-11-09,5163.16,0.0,8.25,0.0351748712325601,0.05350490645118079,0.04509039954855805,0.10440808973087227,0.07087449736844571,0.044445491018379024,0.06744290648680859,0.09077889765370467,0.10018282974966584,,,,,,,SRB00001
2023-11-10,4908.08,7.31,8.79,0.0336913504630841,0.053142726956251676,0.0447920261003746,0.10617297696922265,0.07247454758669447,0.04478509135506309,0.07643931731605098,0.10033800021301578,0.10991813623201639,,,,,,,SRB00001
2023-11-11,4601.57,6.27,7.52,0.0322078296936081,0.05278054746132256,0.04449365265219115,0.10793786420757302,0.07407459780494323,0.045124691691747154,0.08543572814529338,0.10989710277232691,0.11965344271436693,,,,,,,SRB00001
2023-11-12,4314.19,0.0,6.39,0.0307243089241321,0.05241836796639345,0.044195279204007704,0.1097027514459234,0.07567464802319199,0.045464292028431226,0.09443213897453576,0.11945620533163803,0.12938874919671747,,,,,,,SRB00001
2023-11-13,4035.45,0.13,7.84,0.0292407881546561,0.05205618847146434,0.04389690575582425,0.11146763868427378,0.07727469824144073,0.0458038923651153,0.10342854980377815,0.12901530789094914,0.139124055679068,,,,,,,SRB00001
2023-11-14,3792.15,18.31,12.99,0.0277572673851801,0.05169400897653523,0.0435985323076408,0.11323252592262416,0.07887474845968949,0.04614349270179936,0.11242496063302054,0.13857441045026028,0.14885936216141854,,,,,,,SRB00001
2023-11-15,3563.51,4.32,11.97,0.0262737466157041,0.05133182948160611,0.04330015885945735,0.11499741316097453,0.08047479867793825,0.04648309303848343,0.12142137146226294,0.1481335130095714,0.1585946686437691,,,,,,,SRB00001
2023-11-16,3395.25,0.11,9.0,0.0247902258462281,0.050969649986677,0.0430017854112739,0.1167623003993249,0.082074848896187,0.0468226933751675,0.13041778229150533,0.15769261556888253,0.16832997512611964,,,,,,,SRB00001
2023-11-17,3325.6,7.61,8.05,0.07196950452608236,0.09139817550173729,0.08367491554372553,0.16016127804149563,0.12284497401348468,0.08414297622272796,0.1394141931207477,0.16725171812819364,0.17806528160847016,,,,,,,SRB00001
2023-11-18,3410.93,0.01,4.5,0.11914878320593661,0.13182670101679755,0.12434804567617716,0.20356025568366634,0.16361509913078234,0.1214632590702884,0.14841060394999012,0.17681082068750475,0.1878005880908207,,,,,,,SRB00001
2023-11-19,3705.81,0.01,3.38,0.10786598849005048,0.1228228536274752,0.11595519984599488,0.19676724187886183,0.15726066814632886,0.11531192075909236,0.14136799287104881,0.16799633340723713,0.1783326793292405,,,,,,,SRB00001
2023-11-20,4063.43,0.15,8.09,0.09658319377416436,0.11381900623815286,0.1075623540158126,0.1899742280740573,0.15090623716187537,0.10916058244789631,0.13432538179210748,0.15918184612696948,0.1688647705676603,,,,,,,SRB00001
2023-11-21,4507.17,14.08,7.54,0.08530039905827823,0.1048151588488305,0.09916950818563033,0.18318121426925282,0.14455180617742186,0.10300924413670026,0.12728277071316618,0.15036735884670185,0.1593968618060801,,,,,,,SRB00001
2023-11-22,4796.33,1.42,5.68,0.0740176043423921,0.09581131145950815,0.09077666235544805,0.1763882004644483,0.13819737519296837,0.09685790582550421,0.12024015963422487,0.1415528715664342,0.14992895304449988,,,,,,,SRB00001
2023-11-23,4953.5,0.0,1.47,0.06273480962650597,0.0868074640701858,0.08238381652526577,0.1695951866596438,0.1318429442085149,0.09070656751430817,0.11319754855528355,0.13273838428616658,0.1404610442829197,,,,,,,SRB00001
2023-11-24,4930.74,1.41,3.65,0.060965027582552136,0.08501428175463163,0.08062153694111493,0.16402904972111237,0.12698886516482027,0.08691605053764263,0.10979087755396089,0.1289069541180592,0.1366141867447898,,,,,,,SRB00001
2023-11-25,4763.31,0.55,2.51,0.0591952455385983,0.08322109943907745,0.0788592573569641,0.15846291278258093,0.12213478612112569,0.0831255335609771,0.10638420655263821,0.1250755239499518,0.13276732920665996,,,,,,,SRB00001
2023-11-26,4559.37,0.08,0.02,0.05742546349464446,0.08142791712352328,0.07709697777281327,0.1528967758440495,0.11728070707743107,0.07933501658431157,0.10297753555131554,0.12124409378184443,0.1289204716685301,,,,,,,SRB00001
2023-11-27,4374.22,0.15,1.48,0.05565568145069062,0.0796347348079691,0.07533469818866242,0.14733063890551806,0.11242662803373647,0.07554449960764605,0.09957086454999287,0.11741266361373705,0.12507361413040022,,,,,,,SRB00001
2023-11-28,4225.69,12.89,3.91,0.053885899406736784,0.07784155249241492,0.07357241860451158,0.14176450196698664,0.10757254899004187,0.07175398263098051,0.0961641935486702,0.11358123344562966,0.12122675659227035,,,,,,,SRB00001
2023-11-29,4196.59,0.44,0.61,0.05211611736278295,0.07604837017686075,0.07181013902036075,0.13619836502845523,0.10271846994634727,0.06796346565431498,0.09275752254734754,0.10974980327752228,0.11737989905414048,,,,,,,SRB00001
2023-11-30,4245.2,4.51,3.19,0.050346335318829115,0.07425518786130657,0.07004785943620992,0.13063222808992378,0.09786439090265267,0.06417294867764944,0.08935085154602486,0.10591837310941489,0.11353304151601061,,,,,,,SRB00001
2023-12-01,4158.11,2.19,10.26,0.04857655327487528,0.0724620055457524,0.06828557985205908,0.12506609115139236,0.09301031185895806,0.06038243170098391,0.0859441805447022,0.10208694294130752,0.10968618397788074,,,,,,,SRB00001
2023-12-02,3961.78,6.51,8.49,0.04680677123092144,0.07066882323019821,0.06652330026790823,0.11949995421286093,0.08815623281526346,0.05659191472431838,0.08253750954337952,0.09825551277320013,0.10583932643975087,,,,,,,SRB00001
2023-12-03,3774.72,0.05,-1.11,0.0450369891869676,0.06887564091464404,0.0647610206837574,0.1139338172743295,0.08330215377156885,0.05280139774765285,0.07913083854205685,0.09442408260509275,0.101992468901621,,,,,,,SRB00001
2023-12-04,3621.43,0.0,-1.68,0.2597880875816522,0.2545239783671114,0.24475094817096266,0.2886763075476883,0.23406053409482552,0.19269711036822382,0.267349343543239,0.27350353008987527,0.27670709277423133,,,,,,,SRB00001
2023-12-05,3498.45,0.6,0.93,0.4745391859763369,0.4401723158195787,0.4247408756581679,0.4634187978210471,0.3848189144180822,0.3325928229887948,0.4555678485444211,0.4525829775746579,0.4514217166468416,,,,,,,SRB00001
2023-12-06,3410.93,8.79,0.29,0.4817829293900302,0.4395610873447724,0.41757654800792127,0.4394592207976613,0.3681055783526607,0.3238549755220975,0.439740783222747,0.4309121469188778,0.42739846579849444,12.1,0.089,1.51918982,428.0,3.6,0.0022,SRB00001
2023-12-07,3348.66,3.09,-0.03,0.4890266728037235,0.43894985886996607,0.41041222035767455,0.4154996437742755,0.3513922422872393,0.31511712805540026,0.42391371790107285,0.4092413162630977,0.4033752149501472,,,,,,,SRB00001
2023-12-08,3287.52,0.02,-1.61,0.4962704162174168,0.43833863039515975,0.4032478927074279,0.3915400667508897,0.33467890622181784,0.306379280588703,0.40808665257939875,0.3875704856073176,0.37935196410180005,,,,,,,SRB00001
2023-12-09,3168.57,0.04,-1.68,0.45152064081911575,0.4017105459143386,0.3704080920306163,0.3627129876408998,0.30847523408593674,0.28043420091279103,0.37638672461079686,0.358049712383198,0.3513311697996152,,,,,,,SRB00001
2023-12-10,2970.67,9.0,-0.69,0.4067708654208147,0.3650824614335174,0.33756829135380473,0.33388590853090994,0.28227156195005565,0.254489121236879,0.344686796642195,0.3285289391590784,0.32331037549743036,,,,,,,SRB00001
2023-12-11,2772.32,3.72,1.96,0.36202109002251365,0.3284543769526963,0.3047284906769932,0.30505882942092,0.25606788981417455,0.22854404156096703,0.3129868686735931,0.2990081659349587,0.2952895811952455,,,,,,,SRB00001
2023-12-12,2617.18,1.42,5.0,0.3172713146242126,0.29182629247187514,0.2718886900001816,0.2762317503109301,0.2298642176782935,0.20259896188505505,0.2812869407049912,0.2694873927108391,0.26726878689306066,,,,,,,SRB00001
2023-12-13,2505.11,19.32,6.93,0.27252153922591155,0.25519820799105397,0.23904888932337004,0.24740467120094023,0.2036605455424124,0.17665388220914305,0.24958701273638934,0.2399666194867195,0.2392479925908758,,,,,,,SRB00001
2023-12-14,2448.06,1.91,5.11,0.2277717638276105,0.21857012351023283,0.20620908864655849,0.21857759209095035,0.17745687340653132,0.15070880253323105,0.21788708476778745,0.21044584626259988,0.21122719828869096,,,,,,,SRB00001
2023-12-15,2575.32,0.07,2.61,0.18302198842930945,0.1819420390294117,0.17336928796974693,0.18975051298096043,0.15125320127065023,0.12476372285731906,0.18618715679918557,0.18092507303848024,0.18320640398650612,,,,,,,SRB00001
2023-12-16,3325.6,0.02,-0.13,0.1382722130310084,0.14531395454859053,0.14052948729293535,0.16092343387097055,0.12504952913476913,0.09881864318140707,0.1544872288305837,0.15140429981436063,0.15518560968432127,,,,,,,SRB00001
2023-12-17,4507.17,0.03,1.44,0.09352243763270734,0.10868587006776938,0.10768968661612378,0.13209635476098067,0.09884585699888804,0.07287356350549508,0.12278730086198181,0.121883526590241,0.12716481538213642,,,,,,,SRB00001
2023-12-18,5034.0,0.0,2.21,0.04877266223440627,0.07205778558694824,0.07484988593931226,0.10326927565099077,0.07264218486300693,0.0469284838295831,0.0910873728933799,0.09236275336612135,0.0991440210799516,,,,,,,SRB00001
2023-12-19,5235.01,0.0,1.92,0.2066474418765917,0.21535120200442937,0.21570812059080702,0.23599720067662777,0.2114707037704287,0.18265308608196015,0.23099740568625035,0.22558271928718213,0.22835555109638586,,,,,,,SRB00001
2023-12-20,5469.16,0.03,2.16,0.3645222215187771,0.35864461842191053,0.3565663552423018,0.3687251257022648,0.3502992226778505,0.3183776883343372,0.3709074384791208,0.3588026852082429,0.35756708111282015,,,,,,,SRB00001
2023-12-21,5596.57,0.75,4.45,0.3000525854847886,0.2996076206349805,0.298467146837559,0.3149058621088598,0.2985873549432432,0.2670336556865556,0.3130583525136648,0.30407203879173383,0.3047939367709341,,,,,,,SRB00001
2023-12-22,5419.01,4.13,5.94,0.23558294945080002,0.24057062284805042,0.2403679384328162,0.26108659851545485,0.2468754872086358,0.21568962303877398,0.25520926654820886,0.24934139237522474,0.25202079242904807,,,,,,,SRB00001
2023-12-23,5057.25,3.0,4.29,0.17111331341681146,0.18153362506112036,0.18226873002807342,0.20726733492204985,0.19516361947402844,0.1643455903909924,0.19736018058275284,0.1946107459587157,0.199247648087162,,,,,,,SRB00001
2023-12-24,4687.13,0.11,5.84,0.10664367738282293,0.1224966272741903,0.12416952162333061,0.15344807132864488,0.1434517517394211,0.11300155774321077,0.13951109461729688,0.13988009954220662,0.14647450374527596,,,,,,,SRB00001
2023-12-25,4496.8,0.0,9.67,0.0421740413488344,0.06345962948726024,0.0660703132185878,0.0996288077352399,0.09173988400481377,0.061657525095429135,0.08166200865184095,0.08514945312569755,0.09370135940338989,,,,,,,SRB00001
2023-12-26,4953.5,0.0,8.01,0.047176181888530386,0.06836175964952866,0.07197781944684277,0.10008915094241065,0.08442121788169488,0.056984017189239004,0.08701364798578864,0.08764296840979813,0.09517789201283136,,,,,,,SRB00001
2023-12-27,6066.36,0.01,6.56,0.05217832242822637,0.07326388981179707,0.07788532567509775,0.10054949414958139,0.07710255175857599,0.05231050928304888,0.09236528731973635,0.09013648369389872,0.09665442462227283,,,,,,,SRB00001
2023-12-28,6530.31,0.01,5.71,0.057180462967922355,0.0781660199740655,0.08379283190335271,0.10100983735675215,0.0697838856354571,0.04763700137685875,0.09771692665368405,0.0926299989779993,0.0981309572317143,,,,,,,SRB00001
2023-12-29,6425.88,0.01,6.87,0.07163274302218173,0.09592816628066869,0.10047986484922845,0.11541631960658973,0.08625241293605365,0.06145417806900873,0.11476179106740442,0.10718925557113855,0.1124688157222241,,,,,,,SRB00001
2023-12-30,6352.31,0.01,6.44,0.0860850230764411,0.1136903125872719,0.1171668977951042,0.1298228018564273,0.1027209402366502,0.0752713547611587,0.1318066554811248,0.1217485121642778,0.1268066742127339,,,,,,,SRB00001
2023-12-31,6279.58,0.03,7.3,0.0860850230764411,0.1136903125872719,0.1171668977951042,0.1298228018564273,0.1027209402366502,0.0752713547611587,0.1318066554811248,0.1217485121642778,0.1268066742127339,,,,,,,SRB00001
